<?xml version="1.0" encoding="UTF-8"?>
    <!-- <?xml-stylesheet type="text/xsl" target="../resources/MJT/myletter.xsl"?> -->
    <?xml-stylesheet type="css" target="graves.css"?>
    <?xml-model target="http://www.tei-c.org/release/xml/tei/custom/schema/relaxng/tei_all.rng" type="application/xml" schematypens="http://relaxng.org/ns/structure/1.0"?>
    <?xml-model target="http://www.tei-c.org/release/xml/tei/custom/schema/relaxng/tei_all.rng" type="application/xml"
            schematypens="http://purl.oclc.org/dsdl/schematron"?>
    <TEI xmlns="http://www.tei-c.org/ns/1.0">
       <teiHeader>
          <fileDesc>
             <titleStmt>
                <title>Письмо №* 108. А. А. Толстой.</title>
             </titleStmt>
             <publicationStmt>
                <publisher>TolstoyLab</publisher>
                <date when="2015-09-14">14 September 2015</date>
             </publicationStmt>
             <sourceDesc>
                <biblStruct>
                   <analytic>
                      <author>Толстой Л.Н.</author>
                   </analytic>
                   <monogr>
                      <title level="m">Полное собрание сочинений. Том 61</title>
                      <imprint>
                         <pubPlace>Москва</pubPlace>
                         <publisher>Государственное издательство "Художественная литература"</publisher>
                         <date when="1953"/>
                      </imprint>
                   </monogr>
                   <series>
                      <title level="s">Л.Н. Толстой. Полное собрание сочинений</title>
                      <biblScope unit="vol">61</biblScope>
                   </series>
                </biblStruct>
				<bibl>Печатается по копии. Местонахождение подлинника неизвестно. Датируется содержанием: наследник Николай Александрович, старший сын Александра II, о смерти которого пишет Толстой, умер 12 апреля 1865 г.</bibl>
             </sourceDesc>
          </fileDesc>
          <encodingDesc>
             <tagsDecl> </tagsDecl>
          </encodingDesc>
          <profileDesc>
             <correspDesc>
                <correspAction type="sending">
                   <persName ref="PersonList.xml#L_N_Tolstoy">Л. Н. Толстой</persName>
                   <placeName ref="PlacesListxml#PLACE">Я. П.</placeName>
                   <date when="1865-04-12">1865 г. Апреля 12.</date>            </correspAction>
                <correspAction type="receiving">
                   <persName ref="PersonList.xml#RECEIVER">А. А. Толстой</persName>
                </correspAction>
                <correspContext>
                   <ref type="prev"></ref>
                </correspContext>
             </correspDesc>
          </profileDesc>
       </teiHeader>
       <xenoData><number type="in a volume">108</number></xenoData>

              <text xml:id="A__A__Tolstoj_108">
	<body><div>
		<opener index="false">
* 108. А. А. Толстой. Неотправленное.
1865 г. Апреля 12. Я. П.</opener>
<p rend="left">Как ни долго оставил я ваше славное, сильно обрадовавшее меня письмо<note xml:id="note1" resp="volume_editor" index="false"> Письмо А. А. Толстой от 29 января 1865 г. (ПТ, № 55).</note> без ответа, я все-таки отвечаю. И знаете ли, почему я так долго не писал вам? Из ложного стыда. Мне очень интересно было знать ваше мнение о начале моего романа,<note xml:id="note2" resp="volume_editor" index="false"> «1805 год».</note> и мне казалось, что ежели вы молчите, то, значит, вам не понравилось; а ежели я напишу вам, — то как будто на[вя]зываюсь на из милости сказанное одобрение. И полагал, что (как кто-то сказал), что напечатанное сочинение есть письмо ко всем друзьям, и потому письмо за вами. Но это всё вздор, а жалко то, что я опять два месяца ничего о вас не знаю. — Когда вы писали ваше приглашение мне приехать, вы в душе знали, что это невозможно. Оно так и вышло, но все-таки я был рад: кроме того, что я был очень занят, что дети малы, и всякий переезд страшен, мы перед весной все переболели, начиная с меня и кончая грудной Таней. Теперь мы не только ожили, но задумали большую поездку заграницу в конце мая.<note xml:id="note3" resp="volume_editor" index="false"> Поездка эта не состоялась.</note> — Увидимся ли мы с вами? будете ли вы в Петербурге или на даче около этого времени? — Как бы было досадно, ежели бы как-нибудь разъехались. Где будет Прасковья Васильевна и ваши сестры и <hi style="opdelimiter">брат?<note xml:id="note4" resp="volume_editor" index="false"> П. В. Толстая — мать А. А. Толстой, сестры — Елизавета, Софья, брат — Илья.</note></hi><hi style="opnumber">79</hi></p>
<p rend="left"><hi style="npnumber">80</hi><hi style="npdelimiter">Хотя</hi> я не читал еще сам в газетах, но все говорят, что наследник умер. Ежели это правда, то я воображаю, как это несчастье больно отразилось на вас, тогда как на меня, столь далекого от придворного политического мира, это известие очень тяжело подействовало. —</p>
<comments><p rend="Textpetit_otstup left">Печатается по копии. Местонахождение подлинника неизвестно. Датируется содержанием: наследник Николай Александрович, старший сын Александра II, о смерти которого пишет Толстой, умер 12 апреля 1865 г.</p>
<p rend="Textpetit_otstup left"><hi>1</hi> Письмо А. А. Толстой от 29 января 1865 г. (ПТ, № 55).</p>
<p rend="petit left"><hi>2</hi> «1805 год».</p>
<p rend="petit left"><hi>3</hi> Поездка эта не состоялась.</p>
<p rend="petit left"><hi>4</hi> П. В. Толстая — мать А. А. Толстой, сестры — Елизавета, Софья, брат — Илья.</p>
</comments></div></body>
        </text>
        </TEI>