<?xml version="1.0" encoding="UTF-8"?>
    <!-- <?xml-stylesheet type="text/xsl" target="../resources/MJT/myletter.xsl"?> -->
    <?xml-stylesheet type="css" target="graves.css"?>
    <?xml-model target="http://www.tei-c.org/release/xml/tei/custom/schema/relaxng/tei_all.rng" type="application/xml" schematypens="http://relaxng.org/ns/structure/1.0"?>
    <?xml-model target="http://www.tei-c.org/release/xml/tei/custom/schema/relaxng/tei_all.rng" type="application/xml"
            schematypens="http://purl.oclc.org/dsdl/schematron"?>
    <TEI xmlns="http://www.tei-c.org/ns/1.0">
       <teiHeader>
          <fileDesc>
             <titleStmt>
                <title>Письмо №245. Гр. А. А. Толстой.</title>
             </titleStmt>
             <publicationStmt>
                <publisher>TolstoyLab</publisher>
                <date when="2015-09-14">14 September 2015</date>
             </publicationStmt>
             <sourceDesc>
                <biblStruct>
                   <analytic>
                      <author>Толстой Л.Н.</author>
                   </analytic>
                   <monogr>
                      <title level="m">Полное собрание сочинений. Том 60</title>
                      <imprint>
                         <pubPlace>Москва</pubPlace>
                         <publisher>Государственное издательство "Художественная литература"</publisher>
                         <date when="1949"/>
                      </imprint>
                   </monogr>
                   <series>
                      <title level="s">Л.Н. Толстой. Полное собрание сочинений</title>
                      <biblScope unit="vol">60</biblScope>
                   </series>
                </biblStruct>
				<bibl>Впервые опубликовано в ПТ, № 41. Дата определяется содержанием: Толстой вернулся в Москву из Самарской губернии 21 июля и пробыл в Москве три дня.</bibl>
             </sourceDesc>
          </fileDesc>
          <encodingDesc>
             <tagsDecl> </tagsDecl>
          </encodingDesc>
          <profileDesc>
             <correspDesc>
                <correspAction type="sending">
                   <persName ref="PersonList.xml#L_N_Tolstoy">Л. Н. Толстой</persName>
                   <placeName ref="PlacesListxml#PLACE">Москва.</placeName>
                   <date from="1862-07-22" to="1862-07-23">1862 г. Июля 22 — 23?</date>            </correspAction>
                <correspAction type="receiving">
                   <persName ref="PersonList.xml#RECEIVER">Гр. А. А. Толстой</persName>
                </correspAction>
                <correspContext>
                   <ref type="prev"></ref>
                </correspContext>
             </correspDesc>
          </profileDesc>
       </teiHeader>
       <xenoData><number type="in a volume">245</number></xenoData>

              <text xml:id="gr.A.A.Tolstoj_245">
	<body><div>
		<opener index="false">
245. Гр. А. А. Толстой.
1862 г. Июля 22—23? Москва.
</opener><p rend="left">Я получил ваше письмо,<note xml:id="note1" resp="volume_editor" index="false"> Письмо А. А. Толстой от 14 июня 1862 г. (см. ПТ, стр. 159—160).</note> дорогой друг, перед отъездом из Самары, и решил отвечать из Москвы. Благодарствуйте за вашу любовь; я совсем не так болен, даже совсем не болен. А бедный Кутлер!<note xml:id="note2" resp="volume_editor" index="false"> Федор Федорович Кутлер.</note> Я видел его, и мне кажется, что он уж мертвый. Говорят, однако, что ему лучше. Какие это опасения вы имели на мой счет? Это меня интриговало всё время и только теперь, получив известия из Ясной Поляны, я всё понял. Хороши ваши друзья! Ведь все Потаповы,<note xml:id="note3" resp="volume_editor" index="false"> Толстой имеет в виду Александра Львовича Потапова (1818—1886), бывшего в 1860—1861 гг. московским обер-полицмейстером, в 1861— 1864 гг. управляющим III отделением. В 1874—1876 гг. Потапов был начальником III отделения и шефом <hi style="opdelimiter">жандармов.</hi><hi style="opnumber">429</hi></note> Долгорукие<note xml:id="note4" resp="volume_editor" index="false"> Кн. Василий Андреевич Долгоруков (1804—1868). 14 декабря 1825 г., будучи корнетом л.-гв. конного полка, находился в Зимнем дворце с внутренним караулом и с тех пор пользовался благоволением Николая I; в 1841—1856 гг. военный министр, в 1856—1866 гг. начальник III отделения и шеф жандармов.</note> и Аракчеевы<note xml:id="note5" resp="volume_editor" index="false"> Гp. Алексей Андреевич Аракчеев (1769—1834) — временщик при Александре I.</note> и равелины<note xml:id="note6" resp="volume_editor" index="false"> Равелины Петропавловской крепости в Петербурге служили местом заключения наиболее важных «политических преступников».</note> — это всё ваши друзья. Мне пишут из Ясной: 1-го Июля приехали 3 тройки с жандармами, не велели никому выходить; должно быть и тетиньке, и стали обыскивать.<note xml:id="note7" resp="volume_editor" index="false"> Обыск в Ясной Поляне был сделан по распоряжению шефа жандармов кн. Долгорукова 6 июля 1862 г. по доносу на Толстого и на учителей его школ — «студентов», как их называли, агента III отделения Зимина (он же Шипов). Агент доносил, «что при графе находится более 200 студентов разных университетов и без всяких видов, большая часть из сих студентов проживают в волостных правлениях участка графа Толстого и занимают должности учителей крестьянских мальчиков, а также писарей в волостных правлениях, по воскресным же дням все они собираются к графу... На четвертой неделе минувшего великого поста к графу Толстому привезены были из Москвы литографические камни со шрифтом и какие-то краски; на этих камнях... предположено было печатать какие-то запрещенные сочинения, но это предположение не состоялось потому, что Ясные Поляны, где предполагалось прежде печатать, близки к городу; все эти камни и инструменты для печатания перевезены потом в другое имение графа в Курскую губернию и что печатание на привезенных к графу литографских камнях начнется с августа».</note> — Что они искали — до сих пор неизвестно. Какой-то из ваших друзей, грязный полковник, перечитал все мои письма и дневники, которые я только перед смертью думал поручить тому другу, кот[орый] будет мне тогда ближе всех; перечитал две переписки, за тайну кот[орых] я бы отдал всё на свете, — и уехал, объявив, что он <hi>подозрительного </hi>ничего не нашел. Счастье мое и этого вашего друга, что <hi style="opdelimiter">меня</hi><hi style="opnumber">428</hi> <hi style="npnumber">429</hi><hi style="npdelimiter">тут</hi> не было, — я бы его убил! Мило! славно! Вот как делает себе друзей правительство. Ежели вы меня помните с моей политической стороны, то вы знаете, что всегда и особенно со времени моей любви к школе, я был совершенно равнодушен к правительству и еще более равнодушен к теперешним либералам, кот[орых] я презираю от души. Теперь я не могу сказать этого, я имею злобу и отвращение, почти ненависть к тому милому правительству, кот[орое] обыскивает у меня литографские и типографские станки для перепечатывания прокламаций Герцена, кот[орые] я презираю, кот[орые] я не имею терпения дочесть от скуки. Это факт — у меня раз лежали неделю все эти прелести прокламации и Колокол, и я так и отдал, не прочтя. Мне это скучно, я всё это знаю и презираю не для фразы, а от всей души.</p>
<p rend="left">И вдруг меня обыскивают с студентами, всё равно, ежели бы вас стали обыскивать в убитом ребенке. Право, это не так еще оскорбительно. Ежели они знают и заботятся о моем существовании, то им бы можно узнать лучше. Милые ваши друзья! Я еще не видал тетиньки, но воображаю её. — Как то я писал вам о том, что нельзя искать тихого убежища в жизни, а надо трудиться, работать, страдать. Это всё можно, но ежели бы можно было уйти куда-нибудь от этих разбойников с вымытыми душистым мылом щеками и руками, кот[орые] приветливо улыбаются. Я, право, уйду, коли еще поживу долго, в монастырь, не Богу молиться — это не нужно по моему, а не видать всю мерзость житейского разврата — напыщенного, самодовольного и в эполетах и кринолинах. — Тьфу! — Как вы, отличный человек, живете в Петербурге? Этого я никогда не пойму, или у вас уж катаракты на глазах, что вы не видите ничего.</p>
<p rend="right">Л. Толстой.</p>
<comments><p rend="Textpetit_otstup left">Впервые опубликовано в ПТ, № 41. Дата определяется содержанием: Толстой вернулся в Москву из Самарской губернии 21 июля и пробыл в Москве три дня.</p>
<p rend="Textpetit_otstup left"><hi>1</hi> Письмо А. А. Толстой от 14 июня 1862 г. (см. ПТ, стр. 159—160).</p>
<p rend="petit left"><hi>2</hi> Федор Федорович Кутлер.</p>
<p rend="petit left"><hi>3</hi> Толстой имеет в виду Александра Львовича Потапова (1818—1886), бывшего в 1860—1861 гг. московским обер-полицмейстером, в 1861— 1864 гг. управляющим III отделением. В 1874—1876 гг. Потапов был начальником III отделения и шефом <hi style="opdelimiter">жандармов.</hi><hi style="opnumber">429</hi></p>
<p rend="petit left"><hi>4</hi> Кн. Василий Андреевич Долгоруков (1804—1868). 14 декабря 1825 г., будучи корнетом л.-гв. конного полка, находился в Зимнем дворце с внутренним караулом и с тех пор пользовался благоволением Николая I; в 1841—1856 гг. военный министр, в 1856—1866 гг. начальник III отделения и шеф жандармов.</p>
<p rend="petit left"><hi>5</hi> Гp. Алексей Андреевич Аракчеев (1769—1834) — временщик при Александре I.</p>
<p rend="petit left"><hi>6</hi> Равелины Петропавловской крепости в Петербурге служили местом заключения наиболее важных «политических преступников».</p>
<p rend="petit left"><hi>7</hi> Обыск в Ясной Поляне был сделан по распоряжению шефа жандармов кн. Долгорукова 6 июля 1862 г. по доносу на Толстого и на учителей его школ — «студентов», как их называли, агента III отделения Зимина (он же Шипов). Агент доносил, «что при графе находится более 200 студентов разных университетов и без всяких видов, большая часть из сих студентов проживают в волостных правлениях участка графа Толстого и занимают должности учителей крестьянских мальчиков, а также писарей в волостных правлениях, по воскресным же дням все они собираются к графу... На четвертой неделе минувшего великого поста к графу Толстому привезены были из Москвы литографические камни со шрифтом и какие-то краски; на этих камнях... предположено было печатать какие-то запрещенные сочинения, но это предположение не состоялось потому, что Ясные Поляны, где предполагалось прежде печатать, близки к городу; все эти камни и инструменты для печатания перевезены потом в другое имение графа в Курскую губернию и что печатание на привезенных к графу литографских камнях начнется с августа».</p>
<p rend="petit left">Далее агент Зимин-Шипов доносил: «В имении его сиятельства графа Льва Толстого в числе показанных мною учителей находится еще один курьер, должность его состоит в частых поездках по трактам к Харькову и в Москву, также у его сиятельства часто бывают продавцы разного товара из Стародубенных слобод, которые у него иногда ночуют и живут по 1 и по 2 дня. Также мне известно, что в августе месяце настоящего года предполагается у его сиятельства печатание какого-то манифеста по случаю тысячелетия России и оный манифест был у них на просмотрении и отправлен для чего-то за границу, но куда, мне неизвестно. — К тому же в доме его сиятельства из кабинета и канцелярии устроены потайные двери и лестницы и вообще дом в ночное время всегда оберегается большим караулом». (Дело III отделения собственной его величества канцелярии «О графе Льве Толстом», Спб. 1906, стр. 40, 42.)</p>
<p rend="petit left">Обыск в Ясной Поляне был произведен в составе жандарма Дурново, штаб-ротмистра Кабеляцкого, прибывшего из Крапивны исправника и станового. Обыск продолжался два дня и не ограничился одной Ясной Поляной, но был произведен и в некоторых школах (Кривцово, Колина) и имении покойного брата Толстого Николая Николаевича — Никольское-Вяземское, Чернского уезда. Осмотру дома и кабинета в рапорте Дурново посвящены следующие строки: «По осмотру кабинета и дома гр. Толстого никаких предосудительных бумаг не оказалось, и только по некоторым частным письмам, писанным в 1858 г. к нему Тургеневым, можно было судить, что он находится в коротких сношениях с Герценом и что <hi style="opdelimiter">переписка</hi><hi style="opnumber">430</hi> <hi style="npnumber">431</hi><hi style="npdelimiter">прошлых</hi> годов чрезвычайно большая, но писем нынешнего года найдено очень мало». У студентов были отобраны для проверки виды на жительство. Очевидец этого обыска тульский педагог E. Л. Марков в своей статье «Живая душа в школе» («Вестник Европы», 1900, 2, стр. 584) передает следующие подробности: «Как мировой посредник первого призыва, горячо сочувствовавший делу освобождения крестьян, гр. Л. Толстой действовал, разумеется, в таком духе, который страшно ожесточил против него огромное большинство помещиков. Он получил множество писем с угрозами всякого рода: его собирались и побить и застрелить на дуэли; на него писались доносы...</p>
<p rend="petit left">В отсутствие Льва Николаевича в доме его проживала хозяйкой старушка-тетка, да гостила с детьми родная сестра графа, Мария Николаевна, по мужу тоже графиня Толстая. Я и наш общий приятель Г. А. Ауэрбах проводили это лето с своими семьями верстах в пяти от Ясной Поляны, сняв внаймы дом одного помещика в той же Малиновой Засеке, среди которой была и Ясная Поляна. Вдруг рано утром к нам верховой из Ясной Поляны. Нас просят поскорее приехать по важному делу. Мы с Ауэрбахом садимся в шарабан и катим что есть духу. Въезжаем на двор, смотрим — там целое нашествие! Почтовые тройки с колокольчиками, обывательские подводы, исправник, становые, сотские, понятые и в довершение всего — жандармы. Жандармский полковник во главе этой грозной экспедиции, со звоном, шумом и треском подкатившей вдруг к мирному дому Льва Николаевича, к бесконечному изумлению деревенского люда. Нас едва пропустили в дом. Бедные дамы лежат чуть не в обмороке. Везде кругом стража, всё разрыто, раскрыто, перевернуто, ящики столов, шкапы, комоды, сундуки, шкатулки. В конюшне поднимают ломом полы; в прудках парка стараются выловить сетью преступный типографский станок, вместо которого попадаются только одни невинные караси да раки. Понятно, что злополучную школу и подавно вывернули вверх дном, но, не найдя ничего, отправились таким же людным и шумным свадебным поездом, гремя колоколами и гремушками, по всем, кажется, 17-ти школам мирового участка, перевертывая столы и шкапы, забирая тетради и книги, арестовывая учителей и поселяя, конечно, в темной мужицкой толпе, без того не особенно дружелюбной к школе и учению, — самые нелепые предположения...»</p>
<p rend="petit left">Об обыске в Ясной Поляне см. также: воспоминания Д. Д. Оболенского «Наброски и воспоминания» — «Русский архив», 1894, 10; Т. А. Кузминская, «Моя жизнь в доме и в Ясной Поляне. 1846—1862», М. 1925, стр. 123; «Жандармский обыск в Ясной Поляне в 1862 г.» — «Звенья», 1932, кн. 1, стр. 374—412.</p>
</comments></div></body>
        </text>
        </TEI>