<?xml version="1.0" encoding="UTF-8"?>
    <!-- <?xml-stylesheet type="text/xsl" target="../resources/MJT/myletter.xsl"?> -->
    <?xml-stylesheet type="css" target="graves.css"?>
    <?xml-model target="http://www.tei-c.org/release/xml/tei/custom/schema/relaxng/tei_all.rng" type="application/xml" schematypens="http://relaxng.org/ns/structure/1.0"?>
    <?xml-model target="http://www.tei-c.org/release/xml/tei/custom/schema/relaxng/tei_all.rng" type="application/xml"
            schematypens="http://purl.oclc.org/dsdl/schematron"?>
    <TEI xmlns="http://www.tei-c.org/ns/1.0">
       <teiHeader>
          <fileDesc>
             <titleStmt>
                <title>Письмо №18. H. A. Некрасову.</title>
             </titleStmt>
             <publicationStmt>
                <publisher>TolstoyLab</publisher>
                <date when="2015-09-14">14 September 2015</date>
             </publicationStmt>
             <sourceDesc>
                <biblStruct>
                   <analytic>
                      <author>Толстой Л.Н.</author>
                   </analytic>
                   <monogr>
                      <title level="m">Полное собрание сочинений. Том 60</title>
                      <imprint>
                         <pubPlace>Москва</pubPlace>
                         <publisher>Государственное издательство "Художественная литература"</publisher>
                         <date when="1949"/>
                      </imprint>
                   </monogr>
                   <series>
                      <title level="s">Л.Н. Толстой. Полное собрание сочинений</title>
                      <biblScope unit="vol">60</biblScope>
                   </series>
                </biblStruct>
             </sourceDesc>
          </fileDesc>
          <encodingDesc>
             <tagsDecl> </tagsDecl>
          </encodingDesc>
          <profileDesc>
             <correspDesc>
                <correspAction type="sending">
                   <persName ref="PersonList.xml#L_N_Tolstoy">Л. Н. Толстой</persName>
                   <placeName ref="PlacesListxml#PLACE">Я. П.</placeName>
                   <date when="1856-07-02">1856 г. Июля 2.</date>            </correspAction>
                <correspAction type="receiving">
                   <persName ref="PersonList.xml#RECEIVER">H. A. Некрасову</persName>
                </correspAction>
                <correspContext>
                   <ref type="prev"></ref>
                </correspContext>
             </correspDesc>
          </profileDesc>
       </teiHeader>
       <xenoData><number type="in a volume">18</number></xenoData>

              <text xml:id="N.A.Nekrasovu_18">
	<body><div>
		<opener index="false">
18. H. A. Некрасову.
1856 г. Июля 2. Я. П.</opener>
<p rend="right">2 Июля.</p>
<p rend="left">Держу слово и пишу еще, тем более, что мне хочется сообщить вам мои впечатления по случаю 6 книжки «Современника». Ну, уж повесть моего казанского товарища<note xml:id="note1" resp="volume_editor" index="false"> В «Современнике», 1856, 6 (стр. 164―228, отд. I), напечатана повесть «В глуши», подписанная «В. Б-ви» (в оглавлении: «В. В. Б-и»), принадлежащая перу Василия Васильевича Берви (1829―1918), более известному под псевдонимом Н. Флеровский. Он учился в Казанском университете в одно время с Толстым, почему последний и называет его своим казанским товарищем. Берви был популярен в революционных кружках 1860―1870 гг. как автор запрещенных книг: «Азбука социальных наук» (1871), «Положение рабочего класса в России» (1872), «Исследования по текущим вопросам» (1872). Ему принадлежит крайне резкий разбор «Войны и мира», напечатанный под псевдонимом С. Навалихин в журнале «Дело», 1868, № 6, под заглавием: «Изящный романист и его изящные критики».</note> осрамилась, да и «Совр[еменник]» осрамился; я воображаю, как «Пет[ербургские] Вед[омости]» нападут на несчастного Б[ерви], да и есть на что. Не даром вы всё скрывали это произведение и улыбались своей кошачьей улыбкой, когда об нем была речь. Мне кажется, никогда не было в «Совр[еменнике]» напечатано такой дряни, да что в «Совр[еменнике]» ― ни на русском, ни на каком другом языке, вот как мне кажется. Может, и преувеличиваю, но такое было мое впечатление. В роде жезла правоты, только язык хуже. Мне хотелось смеяться, но больно, как над близким родственником. Вы прочтите, я уверен, что вы не читали. Однократный и многократный вид в одном предложении сплошь да рядом и производит такое неприятное, немецкое впечатление. Ну, да содержание и всё, чорт знает что такое. Только одно я узнал из всего, что наш любезный товарищ жил в Мордовской деревни, и у него [[2]] на белесую мордовку, которая не [[1]] ему, и на горничную. Это единственное чувство, к[оторым] проникнуто всё сочинение. Вы прочтите, имея это в виду, и вам всё будет понятно. Зачем! Непонятно.</p>
<p rend="left">Тоже статья о Русской Беседе,<note xml:id="note2" resp="volume_editor" index="false"> Речь идет о статье Н. Г. Чернышевского (не подписанной) в № 6 «Современника» 1856 г. (стр. 244―256) «Заметки о журналах. Май 1856. «Русская беседа» и ее направление» (перепечатана в Полном собрании сочинений Чернышевского, 1906, т. II, стр. 421―431). Статья написана по поводу 1 книги «Русской беседы». Чернышевский отрицательно отнесся к статье Т. И. Филиппова «Не так живи, как хочется».</note> к[оторую] писали вы, ужасно мне не понравилась. Хотя совершенно согласен с мыслью статьи, выраженной однако неясно и неловко, за что скверно-матерно обругали Филиппова<note xml:id="note3" resp="volume_editor" index="false"> Тертий Иванович Филиппов (1825―1899) ― реакционный журналист, крупный чиновник, с 1889 г. ― государственный контролер.</note> да и всех, да еще говорят: мы хотим, чтобы спор был благородный. Это похоже на то, что: «честью тебя прошу [[3]]». И потом я совершенно <hi>игнорирую</hi> и желаю <hi>игнорировать</hi> вечно, что такое постуляты и категорические <hi>императивы.</hi> Нет, вы сделали великую ошибку, что упустили Дружин[ина]<note xml:id="note4" resp="volume_editor" index="false"> Александр Васильевич Дружинин.</note> из вашего союза.<note xml:id="note5" resp="volume_editor" index="false"> В 1856 г. Дружинин, стоя на позициях так называемого «чистого искусства» и враждебно относясь к революционно-демократическому направлению Чернышевского и Некрасова, оставил «Современник» <hi style="opdelimiter">и</hi><hi style="opnumber">76</hi> <hi style="npnumber">77</hi><hi style="npdelimiter">с</hi> сентября начал свою деятельность в новой роли, взяв на себя отдел критики журнала «Библиотека для чтения». Некрасов, желая удержать в «Современнике» лучших сотрудников, предоставил им право участвовать в доходах журнала. В 1856 г. группа писателей ― Тургенев, Толстой, Григорович и Островский ― соединилась как бы в союз и решила печататься только в «Современнике». Помимо уведомлений об этом на обложках журнала «Современник» за 1856―1857 гг., в ноябрьской и декабрьской книжках 1856 г. за подписями Панаева и Некрасова, и в «Московских ведомостях» 1856 г., октября 22, № 114, об этом «обязательном» соглашении было сказано: «Все новые беллетристические произведения названных писателей (романы, повести, комедии и т. п.), начиная с 1857 г., будут появляться исключительно в «Современнике» ― кроме тех статей, которые обещаны этими писателями (в др. журналы) до заключения этого условия. Впрочем, обещание каждого не превышает одной статьи». Но идея этого соглашения оказалась нежизненной, и в начале 1858 г. союз распался (см. пп. №№ 104 и 105).</note> Тогда бы можно было надеяться на критику в «Совр[еменнике]», а теперь срам с этим клоповоняющим господином. Его так и слышишь тоненький, неприятный голосок, говорящий тупые неприятности и разгорающийся еще более от того, что говорить он не умеет и <hi style="opdelimiter">голос</hi><hi style="opnumber">74</hi> <hi style="npnumber">75</hi><hi style="npdelimiter">скверный.</hi> — Всё это Белинский.<note xml:id="note6" resp="volume_editor" index="false"> В Дневнике под 2, 3 и 4 января Толстой отмечает чтение статей Белинского о Пушкине.</note> Он то говорил во всеуслышание, и говорил возмущенным тоном, потому что бывал возмущен, а этот думает, что для того, чтобы говорить хорошо, надо говорить дерзко, а для этого надо возмутиться. И возмущается в своем уголке, покуда никто не сказал цыц и не посмотрел в глаза. Не думайте, что я говорю о Б[елинском], чтобы спорить. Я убежден, хладнокровно рассуждая, что он был, как человек, прелестный и, как писатель, замечательно полезный; но именно от того, что он выступал из ряду обыкновенных людей, он породил подражателей, которые отвратительны. У нас не только в критике, но в литературе, даже просто в обществе, утвердилось мнение, что быть <hi>возмущенным,</hi> <hi>желчным,</hi> злым очень мило. А я нахожу, что очень скверно. Гоголя любят больше Пушкина. Критика Белинского верх совершенства, ваши стихи любимы из всех теперешних поэтов. А я нахожу, что скверно, потому что человек желчный, злой, не в нормальном положении. Человек любящий ― напротив, и только в нормальном положении можно сделать добро и ясно видеть вещи. ― Поэтому ваши последние стихи<note xml:id="note7" resp="volume_editor" index="false"> Какие стихи ― не установлено.</note> мне нравятся, в них грусть и любовь, а не злоба, т. е. ненависть. А злобы в путном человеке никогда нет и в вас меньше, чем в ком-нибудь другом. Напустить на себя можно, можно притвориться картавым, и взять даже эту привычку. Когда это нравится так. А злоба ужасно у нас нравится. Вас хвалят, говоря: он озлобленный человек, вам даже льстят вашей злобой, и вы поддаетесь на эту штуку. ― Хотя это не может быть, чтобы я не узнал автора статьи о Р[усской] Б[еседе], но мне приходит в мысль, что ежели вы ее (не писали наверно), но пополняли и были очень довольны. Так сердитесь на меня, если не согласны со мной, сколько хотите, но я убежден в том, что написал, это не словесный спор, и еще о многом по этому случаю хотел бы с вами потолковать, да некогда.</p>
<p rend="left">Я пишу «Юность»,<note xml:id="note8" resp="volume_editor" index="false"> «Юность» была окончена 24 сентября и напечатана в № 1 «Современника» за 1857 г.</note> но плохо, лениво. Зато мне так хорошо, что век бы не выехал. О бумаге, что я просил вас, теперь не нужно, я получил деньги. То есть нужно, но деньги могу прислать сейчас же. Прощайте, отвечайте пожалуйста.</p>
<p rend="left">Можете себе представить, что только теперь, в деревне, вспомнил историю с Лонгиновым<note xml:id="note9" resp="volume_editor" index="false"> Михаил Николаевич Лонгинов (1823―1875) ― библиограф. Лонгинов был дружен с кружком Некрасова, Панаева и Дружинина. С 1867 г. был орловским губернатором; в 1871 г. назначен начальником Главного управления по делам печати. О вызове на дуэль Толстым Лонгинова см. т. 47, стр. 68 и 308.</note> и убедился, до какой степени я глупо и нехорошо поступил во всем этом деле. И теперь от души прошу у вас извинения и то же сделаю с <hi style="opdelimiter">Лонгиновым,</hi><hi style="opnumber">75</hi> <hi style="npnumber">76</hi><hi style="npdelimiter">как</hi> только его увижу. И хотел бы ему рассказать всю историю. Согласны ли вы, чтобы я сказал ему про письмо? Теперь этого я прошу вовсе без кровожадных замыслов.</p>
<p rend="left">Еще проездом в Москве, я проходил мимо него, величественно глядя ему в глаза. Странная вещь, как мог я в два месяца не понять всей глупости, коли не гораздо хуже, этой штуки, так я теперь это делаю. Ньюкомов<note xml:id="note10" resp="volume_editor" index="false"> Ньюкомы («Newcomes») ― роман Теккерея. См. т. 47, стр. 346.</note> по англ. 4 и дальнейшие части, ежели есть, у меня 3 части, и Крошку Доррит.<note xml:id="note11" resp="volume_editor" index="false"> «Крошка Доррит» («Little Dorrit») ― роман Диккенса, печатался с декабря 1855 г. по апрель 1857 г. в журнале, основанном Диккенсом в 1850 г., «Household words». В этом издании и читал ее Толстой. О чтении этого романа Толстой отметил в Дневнике под 25 августа 1856 г. См. т. 47, стр. 90.</note> Пожалуйста отвечайте. Дружинина от меня расцелуйте и скажите, что я собираюсь всё ему написать, а может он напишет, да не можете ли вы мне сказать, что делается с Островским и как ему писать?</p>
<p rend="left">Ежели вы будете видеться с Лонгиновым, то вы меня одолжите, объяснив ему дело и показав ему хоть то, что я вам пишу.</p>
<comments><p rend="Textpetit_otstup left">Впервые напечатано в «Современнике», 1913, 1, стр. 239―241. Год определяется содержанием и записью в Дневнике под 2 июля.</p>
<p rend="Textpetit_otstup left"><hi>1</hi> В «Современнике», 1856, 6 (стр. 164―228, отд. I), напечатана повесть «В глуши», подписанная «В. Б-ви» (в оглавлении: «В. В. Б-и»), принадлежащая перу Василия Васильевича Берви (1829―1918), более известному под псевдонимом Н. Флеровский. Он учился в Казанском университете в одно время с Толстым, почему последний и называет его своим казанским товарищем. Берви был популярен в революционных кружках 1860―1870 гг. как автор запрещенных книг: «Азбука социальных наук» (1871), «Положение рабочего класса в России» (1872), «Исследования по текущим вопросам» (1872). Ему принадлежит крайне резкий разбор «Войны и мира», напечатанный под псевдонимом С. Навалихин в журнале «Дело», 1868, № 6, под заглавием: «Изящный романист и его изящные критики».</p>
<p rend="petit left">О повести из мордовской жизни Берви, так зло осмеянной Толстым, весьма низкого мнения был и Панаев («Красная нива», 1928, 9, стр. 226).</p>
<p rend="petit left"><hi>2</hi> Речь идет о статье Н. Г. Чернышевского (не подписанной) в № 6 «Современника» 1856 г. (стр. 244―256) «Заметки о журналах. Май 1856. «Русская беседа» и ее направление» (перепечатана в Полном собрании сочинений Чернышевского, 1906, т. II, стр. 421―431). Статья написана по поводу 1 книги «Русской беседы». Чернышевский отрицательно отнесся к статье Т. И. Филиппова «Не так живи, как хочется».</p>
<p rend="petit left"><hi>3</hi> Тертий Иванович Филиппов (1825―1899) ― реакционный журналист, крупный чиновник, с 1889 г. ― государственный контролер.</p>
<p rend="petit left"><hi>4</hi> Александр Васильевич Дружинин.</p>
<p rend="petit left"><hi>5</hi> В 1856 г. Дружинин, стоя на позициях так называемого «чистого искусства» и враждебно относясь к революционно-демократическому направлению Чернышевского и Некрасова, оставил «Современник» <hi style="opdelimiter">и</hi><hi style="opnumber">76</hi> <hi style="npnumber">77</hi><hi style="npdelimiter">с</hi> сентября начал свою деятельность в новой роли, взяв на себя отдел критики журнала «Библиотека для чтения». Некрасов, желая удержать в «Современнике» лучших сотрудников, предоставил им право участвовать в доходах журнала. В 1856 г. группа писателей ― Тургенев, Толстой, Григорович и Островский ― соединилась как бы в союз и решила печататься только в «Современнике». Помимо уведомлений об этом на обложках журнала «Современник» за 1856―1857 гг., в ноябрьской и декабрьской книжках 1856 г. за подписями Панаева и Некрасова, и в «Московских ведомостях» 1856 г., октября 22, № 114, об этом «обязательном» соглашении было сказано: «Все новые беллетристические произведения названных писателей (романы, повести, комедии и т. п.), начиная с 1857 г., будут появляться исключительно в «Современнике» ― кроме тех статей, которые обещаны этими писателями (в др. журналы) до заключения этого условия. Впрочем, обещание каждого не превышает одной статьи». Но идея этого соглашения оказалась нежизненной, и в начале 1858 г. союз распался (см. пп. №№ 104 и 105).</p>
<p rend="petit left"><hi>6</hi> В Дневнике под 2, 3 и 4 января Толстой отмечает чтение статей Белинского о Пушкине.</p>
<p rend="petit left"><hi>7</hi> Какие стихи ― не установлено.</p>
<p rend="petit left"><hi>8</hi> «Юность» была окончена 24 сентября и напечатана в № 1 «Современника» за 1857 г.</p>
<p rend="petit left"><hi>9</hi> Михаил Николаевич Лонгинов (1823―1875) ― библиограф. Лонгинов был дружен с кружком Некрасова, Панаева и Дружинина. С 1867 г. был орловским губернатором; в 1871 г. назначен начальником Главного управления по делам печати. О вызове на дуэль Толстым Лонгинова см. т. 47, стр. 68 и 308.</p>
<p rend="petit left"><hi>10</hi> Ньюкомы («Newcomes») ― роман Теккерея. См. т. 47, стр. 346.</p>
<p rend="petit left"><hi>11</hi> «Крошка Доррит» («Little Dorrit») ― роман Диккенса, печатался с декабря 1855 г. по апрель 1857 г. в журнале, основанном Диккенсом в 1850 г., «Household words». В этом издании и читал ее Толстой. О чтении этого романа Толстой отметил в Дневнике под 25 августа 1856 г. См. т. 47, стр. 90.</p>
<p rend="petit left">На это письмо (а также и на письмо от 29 июня) Толстого Некрасов отвечал письмом от 22 июля. Приводим отрывок: «О том, что в ваших письмах, хотел бы поговорить на досуге. Но ни с чем я не согласен. Особенно мне досадно, что вы так браните Чернышевского. Нельзя, чтоб все люди были созданы на вашу колодку. И коли в человеке есть что хорошее, то во имя этого хорошего не надо спешить произносить ему приговор за то, что в нем дурно или кажется дурным. Не надо также забывать, что он очень молод, моложе всех нас, кроме вас разве. Вам теперь хорошо в деревне, а вы не понимаете, зачем злиться, вы говорите, что отношения к действительности должны быть здоровыми, но забываете, что здоровые отношения могут быть только к здоровой действительности. Гнусно притворяться злым, но я стал бы на колени перед человеком, который лопнул бы от искренней злости ― у нас ли мало к ней поводов? И когда мы начнем больше злиться, тогда будем лучше, т. е. больше будем любить ― любить не себя, а свою родину. ― Напишу вам еще на-днях» (опубликовано в альманахе «Круг», книга шестая, М. 1927, стр. 199―200).</p>
<p rend="emptyline left"><hi style="opnumber">77</hi> <hi style="npnumber">78</hi></p>
</comments></div></body>
        </text>
        </TEI>