<?xml version="1.0" encoding="UTF-8"?>
    <!-- <?xml-stylesheet type="text/xsl" target="../resources/MJT/myletter.xsl"?> -->
    <?xml-stylesheet type="css" target="graves.css"?>
    <?xml-model target="http://www.tei-c.org/release/xml/tei/custom/schema/relaxng/tei_all.rng" type="application/xml" schematypens="http://relaxng.org/ns/structure/1.0"?>
    <?xml-model target="http://www.tei-c.org/release/xml/tei/custom/schema/relaxng/tei_all.rng" type="application/xml"
            schematypens="http://purl.oclc.org/dsdl/schematron"?>
    <TEI xmlns="http://www.tei-c.org/ns/1.0">
       <teiHeader>
          <fileDesc>
             <titleStmt>
                <title>Письмо №64. В. П. Боткину.</title>
             </titleStmt>
             <publicationStmt>
                <publisher>TolstoyLab</publisher>
                <date when="2015-09-14">14 September 2015</date>
             </publicationStmt>
             <sourceDesc>
                <biblStruct>
                   <analytic>
                      <author>Толстой Л.Н.</author>
                   </analytic>
                   <monogr>
                      <title level="m">Полное собрание сочинений. Том 60</title>
                      <imprint>
                         <pubPlace>Москва</pubPlace>
                         <publisher>Государственное издательство "Художественная литература"</publisher>
                         <date when="1949"/>
                      </imprint>
                   </monogr>
                   <series>
                      <title level="s">Л.Н. Толстой. Полное собрание сочинений</title>
                      <biblScope unit="vol">60</biblScope>
                   </series>
                </biblStruct>
				<bibl>Впервые опубликовано в ТПТ, 4, стр. 20—23. Дата определяется записью в Дневнике Толстого под 24 марта/5 апреля и под 25 марта/6 апреля (см. т. 47, стр. 121 и 122).</bibl>
             </sourceDesc>
          </fileDesc>
          <encodingDesc>
             <tagsDecl> </tagsDecl>
          </encodingDesc>
          <profileDesc>
             <correspDesc>
                <correspAction type="sending">
                   <persName ref="PersonList.xml#L_N_Tolstoy">Л. Н. Толстой</persName>
                   <placeName ref="PlacesListxml#PLACE">Париж.</placeName>
                   <date from="1857-03-24" to="1857-03-25">1857 г. Марта 24 — 25</date>            </correspAction>
                <correspAction type="receiving">
                   <persName ref="PersonList.xml#RECEIVER">В. П. Боткину</persName>
                </correspAction>
                <correspContext>
                   <ref type="prev"></ref>
                </correspContext>
             </correspDesc>
          </profileDesc>
       </teiHeader>
       <xenoData><number type="in a volume">64</number></xenoData>

              <text xml:id="V.P.Botkinu_64">
	<body><div>
		<opener index="false">
64. В. П. Боткину.
1857 г. Марта 24—25/апреля 5—6. Париж.
</opener><p rend="right">5 Апреля. Париж.</p>
<p rend="left">Это очень нехорошо, что вы больны, дорогой Василий Петрович: я боюсь, как бы это не расстроило ваш план поездки за границу. Мне и в Петербурге казалось и по письму вашему кажется, что вам не хочется ехать. Приезжайте, милейший и мудрейший друг, разумеется мы бы съехались с вами; а я алкаю вас видеть и беседовать с вами. — Я живу всё в Париже, вот скоро 2 месяца и не предвижу того времени, когда этот город потеряет для меня интерес и эта жизнь свою прелесть. Я круглая невежда; нигде я не почувствовал этого так сильно, как здесь. Стало быть, уж за одно это я могу быть доволен и счастлив моей жизнью тут; тем более, что здесь тоже я чувствую, что это невежество не безнадежно. Потом наслаждения искусствами, Лувр,<note xml:id="note1" resp="volume_editor" index="false"> Лувр — музей в Париже с богатейшим собранием произведений искусства всех времен и народов. См. т. 47, стр. 426. Судя по записи в Дневнике, Толстой был в Лувре 3/15 марта (т. 47, стр. 117).</note> Versailles,<note xml:id="note2" resp="volume_editor" index="false"> Версаль — город в 19 километрах от Парижа. См. т. 47, стр. 432—433.</note> консерватория, квартеты, театры, лекции в Collège de Fr[ance]<note xml:id="note3" resp="volume_editor" index="false"> Collège de France — ученое и учебное учреждение. См. т. 47, стр. 422.</note> и Сорбон,<note xml:id="note4" resp="volume_editor" index="false"> Сорбонна — парижский университет. См. т. 47, стр. 418.</note> а главное социальной свободой, о которой я в России не имел даже понятия, всё это делает то, что я не раньше 2-х месяцев, времени, когда начнется курс на водах, уеду из Парижа или из деревни около Парижа, где я нa-днях хочу поселиться.<note xml:id="note5" resp="volume_editor" index="false"> Намерение поселиться в деревне около Парижа Толстым осуществлено не было.</note> У Тургенева кажется действительно сперматорея, он едет на воды, когда и куда, еще не решено. Он жалок ужасно. Страдает морально так, как может только страдать человек с его воображением. Только очень недавно я успел устроиться так, что несколько часов в день работаю. Ужасно грязна сфера Кизиветтера, и это немножко охлаждает меня, но все-таки работаю с удовольствием.</p>
<p rend="left">Это я написал вчера, меня оторвали и нынче пишу совсем в другом настроении. Я имел глупость и жестокость ездить нынче утром смотреть на казнь. Кроме того, что погода стоит здесь две недели отвратительная и мне очень нездоровится, я был в гадком нервическом расположении, и это зрелище мне сделало такое впечатление, от которого я долго не опомнюсь. Я видел много ужасов на войне и на Кавказе, но ежели бы при мне изорвали в куски человека, это не было бы так отвратительно, как эта искусная и элегантная машина, посредством которой в одно мгновение убили сильного, свежего, здорового человека. Там есть не разумная [воля], но человеческое <hi style="opdelimiter">чувство</hi><hi style="opnumber">167</hi> <hi style="npnumber">168</hi><hi style="npdelimiter">страсти,</hi> а здесь до тонкости доведенное спокойствие и удобство в убийстве и ничего величественного. Наглое, дерзкое желание исполнять справедливость, закон Бога. Справедливость, которая решается адвокатами, которые каждый, основываясь на чести, религии и правде, говорят противуположное.<note xml:id="note6" resp="volume_editor" index="false"> 25 марта/6 апреля Толстой присутствовал на публичной смертной казни посредством гильотинирования. Зрелище смертной казни оставило глубокое впечатление на всю жизнь Толстого. Он не раз вспоминал об этом в дальнейших своих писаниях. См. запись в Дневнике, т. 47, стр. 121—122.</note> С теми же формальностями убили короля,<note xml:id="note7" resp="volume_editor" index="false"> Людовик XVI (1754—1793) — французский король, всенародно казненный в Париже в дни французской революции.</note> и Шенье,<note xml:id="note8" resp="volume_editor" index="false"> Андре-Мари Шенье (1762—1794) — французский поэт, сначала приветствовавший революцию, но затем выступивший с рядом статей против якобинцев. Арестованный по подозрению в сношениях с роялистами, он был гильотинирован 26 июля 1794 г.</note> и республиканцов, и аристократов, и (забыл, как его зовут) господина, кот[орого] года 2 тому назад признали невинным в убийстве, за которое его убили. А толпа отвратительная, отец, который толкует дочери, каким искусным удобным механизмом это делается, и т. п. Закон человеческой — вздор! Правда, что государство есть заговор не только для эксплуатаций, но главное для развращения граждан. А все-таки государства существуют и еще в таком несовершенном виде. — И из этого порядка в социализм перейти они не могут. Так что же делать? тем, которым это кажется таким, как мне? Есть другие люди, Наполеон III,<note xml:id="note9" resp="volume_editor" index="false"> Наполеон III (1808—1873) — французский император, племянник Наполеона I.</note> например, которым, потому что они умнее или глупее меня, в этой путанице всё кажется ясным, они верят, что в этой лжи может быть более или менее зла, и действуют сообразно с этим. И прекрасно, верно нужно такие люди. Я же во всей этой отвратительной лжи вижу одну мерзость, зло и не хочу и не могу разбирать, где ее больше, где меньше. Я понимаю законы нравственные, законы морали и религии, необязательные ни для кого, ведущие вперед и обещающие гармоническую будущность, я чувствую законы искусства, дающие счастие всегда; но политические законы для меня такая ужасная ложь, что я не вижу в них ни лучшего, ни худшего. Это я почувствовал, понял и сознал нынче. И это сознание хоть немного выкупает для меня тяжесть впечатления. Здесь на-днях сделано пропасть арестаций, открыт заговор, хотели убить Нап[олеона] в театре; тоже будут убивать на-днях, но уже верно с нынешнего дня я не только никогда не пойду смотреть этого, никогда не буду служить нигде <hi>никакому</hi> правительству. Много бы еще хотелось вам рассказать про то, что я здесь вижу, как н[а]п[ример] за заставой клуб народных стихотворцев,<note xml:id="note10" resp="volume_editor" index="false"> Под клубом народных стихотворцев Толстой подразумевал одну из гогет. О гогетах см. т. 47, стр. 434—435, прим. 1610.</note> в кот[ором] я бываю по воскресеньям. — Правду писал Тур[генев], что поэзии в этом народе <hi>il n’y a pas</hi>.<note xml:id="note11" resp="volume_editor" index="false"> [нет.]</note> Есть одна поэзия — политическая, а она и всегда была мне противна, а теперь особенно. Вообще жизнь французская и народ мне нравятся, но человека ни из общества, ни из <hi style="opdelimiter">народа,</hi><hi style="opnumber">168</hi> <hi style="npnumber">169</hi><hi style="npdelimiter">ни</hi> одного не встретил путного. Прощайте, дорогой Василий Петрович, извините за нелепость письма, я нынче совсем больнёшенек.</p>
<p rend="right">Ваш гр. Л. Толстой.</p>
<p rend="left">Адрес мой всё Rue de Rivoli<note xml:id="note12" resp="volume_editor" index="false"> [улица Риволи,]</note>, 206.</p>
<comments><p rend="Textpetit_otstup left">Впервые опубликовано в ТПТ, 4, стр. 20—23. Дата определяется записью в Дневнике Толстого под 24 марта/5 апреля и под 25 марта/6 апреля (см. т. 47, стр. 121 и 122).</p>
<p rend="Textpetit_otstup left"><hi>1</hi> Лувр — музей в Париже с богатейшим собранием произведений искусства всех времен и народов. См. т. 47, стр. 426. Судя по записи в Дневнике, Толстой был в Лувре 3/15 марта (т. 47, стр. 117).</p>
<p rend="petit left"><hi>2</hi> Версаль — город в 19 километрах от Парижа. См. т. 47, стр. 432—433.</p>
<p rend="petit left"><hi>3</hi> Collège de France — ученое и учебное учреждение. См. т. 47, стр. 422.</p>
<p rend="petit left"><hi>4</hi> Сорбонна — парижский университет. См. т. 47, стр. 418.</p>
<p rend="petit left"><hi>5</hi> Намерение поселиться в деревне около Парижа Толстым осуществлено не было.</p>
<p rend="petit left"><hi>6</hi> 25 марта/6 апреля Толстой присутствовал на публичной смертной казни посредством гильотинирования. Зрелище смертной казни оставило глубокое впечатление на всю жизнь Толстого. Он не раз вспоминал об этом в дальнейших своих писаниях. См. запись в Дневнике, т. 47, стр. 121—122.</p>
<p rend="petit left"><hi>7</hi> Людовик XVI (1754—1793) — французский король, всенародно казненный в Париже в дни французской революции.</p>
<p rend="petit left"><hi>8</hi> Андре-Мари Шенье (1762—1794) — французский поэт, сначала приветствовавший революцию, но затем выступивший с рядом статей против якобинцев. Арестованный по подозрению в сношениях с роялистами, он был гильотинирован 26 июля 1794 г.</p>
<p rend="petit left"><hi>9</hi> Наполеон III (1808—1873) — французский император, племянник Наполеона I.</p>
<p rend="petit left"><hi>10</hi> Под клубом народных стихотворцев Толстой подразумевал одну из гогет. О гогетах см. т. 47, стр. 434—435, прим. 1610.</p>
<p rend="petit left"><hi>11</hi> [нет.]</p>
<p rend="petit left"><hi>12</hi> [улица Риволи,]</p>
</comments></div></body>
        </text>
        </TEI>