<?xml version="1.0" encoding="UTF-8"?>
    <!-- <?xml-stylesheet type="text/xsl" target="../resources/MJT/myletter.xsl"?> -->
    <?xml-stylesheet type="css" target="graves.css"?>
    <?xml-model target="http://www.tei-c.org/release/xml/tei/custom/schema/relaxng/tei_all.rng" type="application/xml" schematypens="http://relaxng.org/ns/structure/1.0"?>
    <?xml-model target="http://www.tei-c.org/release/xml/tei/custom/schema/relaxng/tei_all.rng" type="application/xml"
            schematypens="http://purl.oclc.org/dsdl/schematron"?>
    <TEI xmlns="http://www.tei-c.org/ns/1.0">
       <teiHeader>
          <fileDesc>
             <titleStmt>
                <title>Письмо №127. А. Е. Берсу.</title>
             </titleStmt>
             <publicationStmt>
                <publisher>TolstoyLab</publisher>
                <date when="2015-09-14">14 September 2015</date>
             </publicationStmt>
             <sourceDesc>
                <biblStruct>
                   <analytic>
                      <author>Толстой Л.Н.</author>
                   </analytic>
                   <monogr>
                      <title level="m">Полное собрание сочинений. Том 61</title>
                      <imprint>
                         <pubPlace>Москва</pubPlace>
                         <publisher>Государственное издательство "Художественная литература"</publisher>
                         <date when="1953"/>
                      </imprint>
                   </monogr>
                   <series>
                      <title level="s">Л.Н. Толстой. Полное собрание сочинений</title>
                      <biblScope unit="vol">61</biblScope>
                   </series>
                </biblStruct>
				<bibl>Печатается по тексту, опубликованному, с неверной датой: «1862 г.», в «Новом времени», иллюстрированное приложение, 1908, № 11659 от 27 августа, стр. 8 (356). Датируется на основании слов письма: «Я на днях видел у Шатилова» (ср. письмо № 125).</bibl>
             </sourceDesc>
          </fileDesc>
          <encodingDesc>
             <tagsDecl> </tagsDecl>
          </encodingDesc>
          <profileDesc>
             <correspDesc>
                <correspAction type="sending">
                   <persName ref="PersonList.xml#L_N_Tolstoy">Л. Н. Толстой</persName>
                   <placeName ref="PlacesListxml#PLACE">Покровское?</placeName>
                   <date when="1865-07-25">1865 г. Июля 25.</date>            </correspAction>
                <correspAction type="receiving">
                   <persName ref="PersonList.xml#RECEIVER">А. Е. Берсу</persName>
                </correspAction>
                <correspContext>
                   <ref type="prev"></ref>
                </correspContext>
             </correspDesc>
          </profileDesc>
       </teiHeader>
       <xenoData><number type="in a volume">127</number></xenoData>

              <text xml:id="A__E__Bersu_127">
	<body><div>
		<opener index="false">
127. А. Е. Берсу.
1865 г. Июля 25...26. Покровское?</opener>
<p rend="left">Великая к тебе просьба, Андрей Евстафьевич. Есть в Москве некто барон Шепинг.<note xml:id="note1" resp="volume_editor" index="false"> Дмитрий Оттович Шеппинг (1822—1895) — помещик Воронежской губ. Острогожского уезда, служил в Главном архиве Министерства иностранных дел.</note> У этого барона есть удивительные японские свиньи, поросят от которых он продает по пятнадцати рублей. Я на днях видел у Шатилова пару таких свиней и чувствую, что для меня не может быть счастья в жизни, пока не буду иметь таких же.</p>
<comments><p rend="Textpetit_otstup left">Печатается по тексту, опубликованному, с неверной датой: «1862 г.», в «Новом времени», иллюстрированное приложение, 1908, № 11659 от 27 августа, стр. 8 (356). Датируется на основании слов письма: «Я на днях видел у Шатилова» (ср. письмо № 125).</p>
<p rend="Textpetit_otstup left"><hi>1</hi> Дмитрий Оттович Шеппинг (1822—1895) — помещик Воронежской губ. Острогожского уезда, служил в Главном архиве Министерства иностранных дел.</p>
</comments></div></body>
        </text>
        </TEI>