<?xml version="1.0" encoding="UTF-8"?>
    <!-- <?xml-stylesheet type="text/xsl" target="../resources/MJT/myletter.xsl"?> -->
    <?xml-stylesheet type="css" target="graves.css"?>
    <?xml-model target="http://www.tei-c.org/release/xml/tei/custom/schema/relaxng/tei_all.rng" type="application/xml" schematypens="http://relaxng.org/ns/structure/1.0"?>
    <?xml-model target="http://www.tei-c.org/release/xml/tei/custom/schema/relaxng/tei_all.rng" type="application/xml"
            schematypens="http://purl.oclc.org/dsdl/schematron"?>
    <TEI xmlns="http://www.tei-c.org/ns/1.0">
       <teiHeader>
          <fileDesc>
             <titleStmt>
                <title>Письмо №* 241. М. А. Маркович.</title>
             </titleStmt>
             <publicationStmt>
                <publisher>TolstoyLab</publisher>
                <date when="2015-09-14">14 September 2015</date>
             </publicationStmt>
             <sourceDesc>
                <biblStruct>
                   <analytic>
                      <author>Толстой Л.Н.</author>
                   </analytic>
                   <monogr>
                      <title level="m">Полное собрание сочинений. Том 60</title>
                      <imprint>
                         <pubPlace>Москва</pubPlace>
                         <publisher>Государственное издательство "Художественная литература"</publisher>
                         <date when="1949"/>
                      </imprint>
                   </monogr>
                   <series>
                      <title level="s">Л.Н. Толстой. Полное собрание сочинений</title>
                      <biblScope unit="vol">60</biblScope>
                   </series>
                </biblStruct>
             </sourceDesc>
          </fileDesc>
          <encodingDesc>
             <tagsDecl> </tagsDecl>
          </encodingDesc>
          <profileDesc>
             <correspDesc>
                <correspAction type="sending">
                   <persName ref="PersonList.xml#L_N_Tolstoy">Л. Н. Толстой</persName>
                   <placeName ref="PlacesListxml#PLACE">Москва.</placeName>
                   <date when="1862-05-19">1862 г. Мая 19.</date>            </correspAction>
                <correspAction type="receiving">
                   <persName ref="PersonList.xml#RECEIVER">М. А. Маркович</persName>
                </correspAction>
                <correspContext>
                   <ref type="prev"></ref>
                </correspContext>
             </correspDesc>
          </profileDesc>
       </teiHeader>
       <xenoData><number type="in a volume">241</number></xenoData>

              <text xml:id="M.A.Markovich_241">
	<body><div>
		<opener index="false">
* 241. М. А. Маркович.
1862 г. Мая 19. Москва.</opener>
<p rend="left">Ваш искренний сочувственный голос очень был мне приятен, от души благодарю вас за то, что вы написали мне. Я еще виноват перед вами. Я всю весну и лето (прошлое) кашлял и думал, что я вот, вот умру. И в это время я получил <hi style="opdelimiter">ваше</hi><hi style="opnumber">425</hi> <hi style="npnumber">426</hi><hi style="npdelimiter">письмо,</hi> на которое не ответил.<note xml:id="note1" resp="volume_editor" index="false"> Письмо М. А. Маркович к Толстому от 1861 г. неизвестно.</note> Зимой я поправился, но теперь опять кашляю и нынче уезжаю на кумыс. В издании вследствие этого выйдет маленькая неакуратность, которая наверстается, ежели здоровье поправится.</p>
<p rend="left">Как ни плохи первые три книжки Я[сной] П[оляны], вы видите из них, что мы хотим, а вы <hi>можете</hi>.</p>
<p rend="left">Присылайте мне пожалуйста и позволяйте быть откровенным.</p>
<p rend="right">Л. Толстой.</p>
<comments><p rend="Textpetit_otstup left">Письмо написано из Москвы, как и предыдущее письмо Ергольской, в день отъезда на кумыс в Самарскую губернию. См. прим. 3 к п. № 240.</p>
<p rend="petit left">Мария Александровна Маркович, рожд. Велинская (1829—1907) — писательница, известная под псевдонимом Марко Вовчок, писала преимущественно романы и рассказы из крестьянского быта.</p>
<p rend="Textpetit_otstup left"><hi>1</hi> Письмо М. А. Маркович к Толстому от 1861 г. неизвестно.</p>
</comments></div></body>
        </text>
        </TEI>
