<?xml version="1.0" encoding="UTF-8"?>
    <!-- <?xml-stylesheet type="text/xsl" target="../resources/MJT/myletter.xsl"?> -->
    <?xml-stylesheet type="css" target="graves.css"?>
    <?xml-model target="http://www.tei-c.org/release/xml/tei/custom/schema/relaxng/tei_all.rng" type="application/xml" schematypens="http://relaxng.org/ns/structure/1.0"?>
    <?xml-model target="http://www.tei-c.org/release/xml/tei/custom/schema/relaxng/tei_all.rng" type="application/xml"
            schematypens="http://purl.oclc.org/dsdl/schematron"?>
    <TEI xmlns="http://www.tei-c.org/ns/1.0">
       <teiHeader>
          <fileDesc>
             <titleStmt>
                <title>Письмо №159. А. А. Толстой.</title>
             </titleStmt>
             <publicationStmt>
                <publisher>TolstoyLab</publisher>
                <date when="2015-09-14">14 September 2015</date>
             </publicationStmt>
             <sourceDesc>
                <biblStruct>
                   <analytic>
                      <author>Толстой Л.Н.</author>
                   </analytic>
                   <monogr>
                      <title level="m">Полное собрание сочинений. Том 61</title>
                      <imprint>
                         <pubPlace>Москва</pubPlace>
                         <publisher>Государственное издательство "Художественная литература"</publisher>
                         <date when="1953"/>
                      </imprint>
                   </monogr>
                   <series>
                      <title level="s">Л.Н. Толстой. Полное собрание сочинений</title>
                      <biblScope unit="vol">61</biblScope>
                   </series>
                </biblStruct>
				<bibl>Впервые опубликовано, с датой: «Январь 1866 г.», в ПТ, № 64. Дата определяется содержанием (см. прим. 1).</bibl>
             </sourceDesc>
          </fileDesc>
          <encodingDesc>
             <tagsDecl> </tagsDecl>
          </encodingDesc>
          <profileDesc>
             <correspDesc>
                <correspAction type="sending">
                   <persName ref="PersonList.xml#L_N_Tolstoy">Л. Н. Толстой</persName>
                   <placeName ref="PlacesListxml#PLACE">Москва.</placeName>
                   <date when="1866-02-04">1866 г. Февраля 4.</date>            </correspAction>
                <correspAction type="receiving">
                   <persName ref="PersonList.xml#RECEIVER">А. А. Толстой</persName>
                </correspAction>
                <correspContext>
                   <ref type="prev"></ref>
                </correspContext>
             </correspDesc>
          </profileDesc>
       </teiHeader>
       <xenoData><number type="in a volume">159</number></xenoData>

              <text xml:id="A__A__Tolstoj_159">
	<body><div>
		<opener index="false">
159. А. А. Толстой.
1866 г. Февраля 4. Москва.</opener>
<p rend="left">Я уже две недели в Москве, в 20 часах от вас, любезный друг Alexandrine, и пробуду еще две недели<note xml:id="note1" resp="volume_editor" index="false"> В Москву Толстой со всей семьей приехал 21 января 1866 г. Первое время они жили у Берсов, а 3 февраля поселились в отдельной квартире на Б. Дмитровке в доме Хлудова (ныне Пушкинская ул., д. №7), где прожили до 6 марта. В Москве Толстой читал своим друзьям продолжение романа «1805 год» и вел переговоры с М. С. Башиловым об иллюстрировании романа. 27 февраля С. А. Толстая писала Т. А. Ергольской: «Сегодня утром идем в концерт. Вечером Léon предполагает собрать нескольких друзей, чтобы читать продолжение своего романа». Об этом чтении см. Д. Д. Оболенский, «Отрывки (Из личных впечатлений)» — «О Толстом. Международный Толстовский альманах», М. 1909, стр. 239—249, и Т. А. Кузминская, «Моя жизнь дома и в Ясной Поляне», III, стр. 97—102.</note> и не буду вас видеть. Нечего говорить, как это мне грустно. Возможность есть; но столько маленьких причин, по которым бы было неблагоразумно ехать. —</p>
<p rend="left">Деньги, время, которое всё занято,<note xml:id="note2" resp="volume_editor" index="false"> В этот свой приезд Толстой много занимался в библиотеках и посещал Училище живописи, ваяния и зодчества, где брал уроки скульптуры у скульптора Николая Александровича Рамазанова (1815—1867).</note> нежеланье оставить, хотя и на несколько дней, беременную жену с детьми одну, и всё вместе делает то, что не должно и потому нельзя. Может быть, и к лучшему. Я боюсь, что вы теперь слишком заняты новым для вас делом, чтобы не избегать всяких посторонних интересов. — Не пишите мне много, а скажите, хорошо ли вам, спокойны ли вы душою?</p>
<p rend="left">Я приехал в Москву со всем семейством, главное для того, чтобы жена могла показать своих детей своим родным, главное своей матери. Это главная цель. А я воспользовался этим случаем, чтобы оживить в себе воспоминания о свете и о людях, к[отор]ое становилось во мне слишком отвлеченным. Вы, я думаю, не понимаете этого чувства и испытывали обратное чувство, т. е. уезжали от света для того, чтобы оживить в себе воспоминания о себе. Для душевного спокойствия нужно и то и другое. В уединении делаешься слишком строг, в свете слишком tolerant.<note xml:id="note3" resp="volume_editor" index="false"> [терпимым.]</note></p>
<p rend="left">А мне нужно уметь более или менее верно судить людей, потому что я их стараюсь описывать. —</p>
<p rend="left">Вообще, ежели бы не упрек и досада, что, уехав из <hi style="opdelimiter">деревни,</hi><hi style="opnumber">128</hi> <hi style="npnumber">129</hi><hi style="npdelimiter">я</hi> все-таки не вижу вас, я бы был очень доволен своей поездкой; и затем главное и пишу вам, чтоб сказать: ах, как прискорбно и досадно. — Tout vient à point à celui qui sait attendre.<note xml:id="note4" resp="volume_editor" index="false"> [Дождется тот, кто умеет ждать.]</note> Эта пословица с годами сделалась у меня максимой, и я уверен и жду, что свиданье с вами, которое для меня будет серьезная радость, придет à point<note xml:id="note5" resp="volume_editor" index="false"> [во-время,]</note>, т. е. тогда, как, может быть, нам обоим будет это нужно. — Покамест прощайте, дай бог вам успеха и спокойствия в вашем деле.</p>
<p rend="left">Настасья Сергеевна Перфильева<note xml:id="note6" resp="volume_editor" index="false"> Анастасия Сергеевна Перфильева, рожд. Ланская (ум. в 1891 г.) — вторая жена Степана Васильевича Перфильева.</note> просила меня написать вам, что есть г-н Бестужев,<note xml:id="note7" resp="volume_editor" index="false"> Константин Николаевич Бестужев-Рюмин (1829—1897) — историк, с 1890 г. член Академии наук. Толстой впоследствии познакомился с ним, и К. Н. Бестужев-Рюмин бывал в Ясной Поляне.</note> родственник их родственника Ешевского,<note xml:id="note8" resp="volume_editor" index="false"> Степан Васильевич Ешевский (1829—1865) — профессор истории с 1855 г. в Казанском и с 1858 г. в Московском университетах. Толстой ошибся: Ешевский был не родственником, а товарищем К. Н. Бестужева-Рюмина по гимназии в Нижнем-Новгороде.</note> который давал уроки у детей в. княгини и которого Лизавета Андревна<note xml:id="note9" resp="volume_editor" index="false"> Е. А. Толстая, сестра А. А. Толстой.</note> знает и любит, и что хорошо бы было, ежели бы он мог получить уроки у вас.</p>
<p rend="left">Ежели вы ответите мне скоро, то адресуйте в Москву на большой Дмитровке, в доме Хлудова. Я пробуду до 28.</p>
<comments><p rend="Textpetit_otstup left">Впервые опубликовано, с датой: «Январь 1866 г.», в ПТ, № 64. Дата определяется содержанием (см. прим. 1).</p>
<p rend="Textpetit_otstup left"><hi>1</hi> В Москву Толстой со всей семьей приехал 21 января 1866 г. Первое время они жили у Берсов, а 3 февраля поселились в отдельной квартире на Б. Дмитровке в доме Хлудова (ныне Пушкинская ул., д. №7), где прожили до 6 марта. В Москве Толстой читал своим друзьям продолжение романа «1805 год» и вел переговоры с М. С. Башиловым об иллюстрировании романа. 27 февраля С. А. Толстая писала Т. А. Ергольской: «Сегодня утром идем в концерт. Вечером Léon предполагает собрать нескольких друзей, чтобы читать продолжение своего романа». Об этом чтении см. Д. Д. Оболенский, «Отрывки (Из личных впечатлений)» — «О Толстом. Международный Толстовский альманах», М. 1909, стр. 239—249, и Т. А. Кузминская, «Моя жизнь дома и в Ясной Поляне», III, стр. 97—102.</p>
<p rend="petit left"><hi>2</hi> В этот свой приезд Толстой много занимался в библиотеках и посещал Училище живописи, ваяния и зодчества, где брал уроки скульптуры у скульптора Николая Александровича Рамазанова (1815—1867).</p>
<p rend="petit left"><hi>3</hi> [терпимым.]</p>
<p rend="petit left"><hi>4</hi> [Дождется тот, кто умеет ждать.]</p>
<p rend="petit left"><hi>5</hi> [во-время,]</p>
<p rend="petit left"><hi>6</hi> Анастасия Сергеевна Перфильева, рожд. Ланская (ум. в 1891 г.) — вторая жена Степана Васильевича Перфильева.</p>
<p rend="petit left"><hi>7</hi> Константин Николаевич Бестужев-Рюмин (1829—1897) — историк, с 1890 г. член Академии наук. Толстой впоследствии познакомился с ним, и К. Н. Бестужев-Рюмин бывал в Ясной Поляне.</p>
<p rend="petit left"><hi>8</hi> Степан Васильевич Ешевский (1829—1865) — профессор истории с 1855 г. в Казанском и с 1858 г. в Московском университетах. Толстой ошибся: Ешевский был не родственником, а товарищем К. Н. Бестужева-Рюмина по гимназии в Нижнем-Новгороде.</p>
<p rend="petit left"><hi>9</hi> Е. А. Толстая, сестра А. А. Толстой.</p>
<p rend="left"><hi style="opnumber">129</hi> <hi style="npnumber">130</hi></p>
</comments></div></body>
        </text>
        </TEI>