<?xml version="1.0" encoding="UTF-8"?>
    <!-- <?xml-stylesheet type="text/xsl" target="../resources/MJT/myletter.xsl"?> -->
    <?xml-stylesheet type="css" target="graves.css"?>
    <?xml-model target="http://www.tei-c.org/release/xml/tei/custom/schema/relaxng/tei_all.rng" type="application/xml" schematypens="http://relaxng.org/ns/structure/1.0"?>
    <?xml-model target="http://www.tei-c.org/release/xml/tei/custom/schema/relaxng/tei_all.rng" type="application/xml"
            schematypens="http://purl.oclc.org/dsdl/schematron"?>
    <TEI xmlns="http://www.tei-c.org/ns/1.0">
       <teiHeader>
          <fileDesc>
             <titleStmt>
                <title>Письмо №* 349. А. А. Фету.</title>
             </titleStmt>
             <publicationStmt>
                <publisher>TolstoyLab</publisher>
                <date when="2015-09-14">14 September 2015</date>
             </publicationStmt>
             <sourceDesc>
                <biblStruct>
                   <analytic>
                      <author>Толстой Л.Н.</author>
                   </analytic>
                   <monogr>
                      <title level="m">Полное собрание сочинений. Том 61</title>
                      <imprint>
                         <pubPlace>Москва</pubPlace>
                         <publisher>Государственное издательство "Художественная литература"</publisher>
                         <date when="1953"/>
                      </imprint>
                   </monogr>
                   <series>
                      <title level="s">Л.Н. Толстой. Полное собрание сочинений</title>
                      <biblScope unit="vol">61</biblScope>
                   </series>
                </biblStruct>
             </sourceDesc>
          </fileDesc>
          <encodingDesc>
             <tagsDecl> </tagsDecl>
          </encodingDesc>
          <profileDesc>
             <correspDesc>
                <correspAction type="sending">
                   <persName ref="PersonList.xml#L_N_Tolstoy">Л. Н. Толстой</persName>
                   <placeName ref="PlacesListxml#PLACE">Я. П.</placeName>
                   <date when="1871-08-24">1871 г. Августа 24.</date>            </correspAction>
                <correspAction type="receiving">
                   <persName ref="PersonList.xml#RECEIVER">А. А. Фету</persName>
                </correspAction>
                <correspContext>
                   <ref type="prev"></ref>
                </correspContext>
             </correspDesc>
          </profileDesc>
       </teiHeader>
       <xenoData><number type="in a volume">349</number></xenoData>

              <text xml:id="A__A__Fetu_349">
	<body><div>
		<opener index="false">
* 349. А. А. Фету.
1871 г. Августа 24...26. Я. П.</opener>
<p rend="left">Обдумав всё здраво и вполне, т. е. с женой, мы решили, что, как ни жалко и страшно лишиться Ф[едора] Ф[едоровича],<note xml:id="note1" resp="volume_editor" index="false"> Федор Федорович Кауфман с 1863 г. был воспитателем сына И. П. Борисова, Пети. После поступления последнего в московский Катковский лицей Кауфман остался без места, и Фет предлагал Толстым взять его к детям.</note> мы нынешний год не должны его брать. Летом — в июне будущего года мы бы взяли его, и он прожил бы у нас до конца своих дней. Одним словом, мы его не берем; но, так как он мне ужасно нравится, я рискую заявить, что в июне будущего года мы, наверно, возьмем его. Может быть, ему пригодится иметь это в виду. —</p>
<p rend="left">В Никольском у меня обошлось всё хорошо. Дрепчук<note xml:id="note2" resp="volume_editor" index="false"> Никаких сведений о Дрепчуке не найдено.</note> водворен конторщиком. Дома всё хорошо также. Сейчас еду в Москву для отправки денег за Самарскую землю.</p>
<p rend="left">Последняя поездка моя к вам<note xml:id="note3" resp="volume_editor" index="false"> Толстой был у Фета около 10—15 августа.</note> была самая приятная из всех, кот[орые] я делал. Желаю только, чтобы ваши поездки к нам оставляли вам такое же воспоминание, приятное и легкое и серьезное. Оттуда встретил Тютчева<note xml:id="note4" resp="volume_editor" index="false"> Федор Иванович Тютчев (1803—1873) — поэт. Ф. И. Тютчев в августе 1871 г. ездил во Вщиж, Брянского уезда Орловской губ. Его <hi style="opdelimiter">стихотворение</hi><hi style="opnumber">259</hi> <hi style="npnumber">260</hi><hi style="npdelimiter">«От</hi> жизни той, что бушевала здесь...» имеет дату: «По дороге во Вщиж августа 17-го 1871 г.».</note> в Черни и 4 станции говорил и слушал и теперь, что ни час, вспоминаю этого величественного и простого и такого глубокого, настояще умного старика.</p>
<p rend="left">Прощайте. Соня и я посылаем поклон М[арье] П[етровне] и ждем зим[ой](?).</p>
<p rend="right">Ваш Л. Толстой.</p>
<comments><p rend="Textpetit_otstup left">Датируется временем поездки Толстого в Москву в августе 1871 г.</p>
<p rend="Textpetit_otstup left"><hi>1</hi> Федор Федорович Кауфман с 1863 г. был воспитателем сына И. П. Борисова, Пети. После поступления последнего в московский Катковский лицей Кауфман остался без места, и Фет предлагал Толстым взять его к детям.</p>
<p rend="petit left"><hi>2</hi> Никаких сведений о Дрепчуке не найдено.</p>
<p rend="petit left"><hi>3</hi> Толстой был у Фета около 10—15 августа.</p>
<p rend="left"><note xml:id="note5" resp="volume_editor" index="false"> Федор Иванович Тютчев (1803—1873) — поэт. Ф. И. Тютчев в августе 1871 г. ездил во Вщиж, Брянского уезда Орловской губ. Его <hi style="opdelimiter">стихотворение</hi><hi style="opnumber">259</hi> <hi style="npnumber">260</hi><hi style="npdelimiter">«От</hi> жизни той, что бушевала здесь...» имеет дату: «По дороге во Вщиж августа 17-го 1871 г.».</note> Федор Иванович Тютчев (1803—1873) — поэт. Ф. И. Тютчев в августе 1871 г. ездил во Вщиж, Брянского уезда Орловской губ. Его <hi style="opdelimiter">стихотворение</hi><hi style="opnumber">259</hi> <hi style="npnumber">260</hi><hi style="npdelimiter">«От</hi> жизни той, что бушевала здесь...» имеет дату: «По дороге во Вщиж августа 17-го 1871 г.».</p>
<p rend="petit left">Об этой встрече с Ф. И. Тютчевым Толстой 13 сентября писал Н. Н. Страхову, <ref target='file:///Volume_61_H__N__Straxovu_351.xml'>см. письмо № 351</ref>.</p>
</comments></div></body>
        </text>
        </TEI>