<?xml version="1.0" encoding="UTF-8"?>
    <!-- <?xml-stylesheet type="text/xsl" target="../resources/MJT/myletter.xsl"?> -->
    <?xml-stylesheet type="css" target="graves.css"?>
    <?xml-model target="http://www.tei-c.org/release/xml/tei/custom/schema/relaxng/tei_all.rng" type="application/xml" schematypens="http://relaxng.org/ns/structure/1.0"?>
    <?xml-model target="http://www.tei-c.org/release/xml/tei/custom/schema/relaxng/tei_all.rng" type="application/xml"
            schematypens="http://purl.oclc.org/dsdl/schematron"?>
    <TEI xmlns="http://www.tei-c.org/ns/1.0">
       <teiHeader>
          <fileDesc>
             <titleStmt>
                <title>Письмо №* 105. Т. А. Ергольской.</title>
             </titleStmt>
             <publicationStmt>
                <publisher>TolstoyLab</publisher>
                <date when="2015-09-14">14 September 2015</date>
             </publicationStmt>
             <sourceDesc>
                <biblStruct>
                   <analytic>
                      <author>Толстой Л.Н.</author>
                   </analytic>
                   <monogr>
                      <title level="m">Полное собрание сочинений. Том 59</title>
                      <imprint>
                         <pubPlace>Москва</pubPlace>
                         <publisher>Государственное издательство "Художественная литература"</publisher>
                         <date when="1935"/>
                      </imprint>
                   </monogr>
                   <series>
                      <title level="s">Л.Н. Толстой. Полное собрание сочинений</title>
                      <biblScope unit="vol">59</biblScope>
                   </series>
                </biblStruct>
				<bibl>Печатается по автографу, хранящемуся в АТБ. Публикуется впервые. Датируется содержанием, почтовыми штемпелями: «Москва, 1855, августа 10» и «Получено 1855, августа 12» и ответным письмом Т. А. Ергольской от 23 августа 1855 г., которое приводим полностью:</bibl>
             </sourceDesc>
          </fileDesc>
          <encodingDesc>
             <tagsDecl> </tagsDecl>
          </encodingDesc>
          <profileDesc>
             <correspDesc>
                <correspAction type="sending">
                   <persName ref="PersonList.xml#L_N_Tolstoy">Л. Н. Толстой</persName>
                   <placeName ref="PlacesListxml#PLACE">Севастополь.</placeName>
                   <date when="1855-08-04">1855 г. Августа 4.</date>            </correspAction>
                <correspAction type="receiving">
                   <persName ref="PersonList.xml#RECEIVER">Т. А. Ергольской</persName>
                </correspAction>
                <correspContext>
                   <ref type="prev"></ref>
                </correspContext>
             </correspDesc>
          </profileDesc>
       </teiHeader>
       <xenoData><number type="in a volume">105</number></xenoData>

              <text xml:id="T.A.Ergolskoj_105">
	<body><div>
		<opener index="false">
* 105. Т. А. Ергольской.
1855 г. Августа 4. Севастополь.
</opener>
<p rend="Obrashenie left">Chère tante!</p>
<p rend="left">Aujourd’hui le 4 il у a eu une grande bataille. J’y ai été et pris très peu [de] part.<note xml:id="note1" resp="volume_editor" index="false"> 4 августа 1855 г. на Черной речке произошла знаменитая атака со стороны русских войск, находившихся под командованием кн. М. Д. Горчакова. К 7 часам утра, когда сражение казалось оконченным (союзники владели левым берегом Черной речки, русские — правым), кн. <hi style="opdelimiter">Горчаков</hi><hi style="opnumber">326</hi> <hi style="npnumber">327</hi><hi style="npdelimiter">решился</hi> возобновить бой и проиграл сражение. С нашей стороны потеряно было 8000 чел.; из них убито 3 генерала, 69 офицеров и 2273 нижних чинов; раненых 4 генерала, 160 офицеров и 3995 нижних чинов. Среди убитых был генерал-адъютант бар. П. А. Вревский, сраженный ядром в нескольких шагах от главнокомандующего.</note> Je suis sain et sauf. Mais au moral je n’ai jamais été pire, l’affaire a été malheureuse. Une journée affreuse: nos meilleurs. Généraux et officiers presque tous blessés ou tués. J’expédie cette lettre — avec un courrier, qui part l’instant même. Je crois qu’à présen[t] de longtems nous n’entreprendrons rien. — Adieu, chère tante, je bais[e] mille fois vos mains. Combien j’aurais donné pour être à présent auprès de vous.</p>
<p rend="right">Votre Léon.</p>
<lb/>
<p rend="left"><hi>На конверте:</hi></p>
<p rend="left">Ея Высокоблагородію Татьянѣ Александровнѣ Ергольской.</p>
<p rend="subtitle centerline">
Въ Тулу.
</p>
<p rend="Obrashenie petit">
Дорогая тетенька!
</p>
<p rend="petit left">Сегодня, 4 числа, было большое сражение. Я там был, но мало участвовал.<note xml:id="note2" resp="volume_editor" index="false"> 4 августа 1855 г. на Черной речке произошла знаменитая атака со стороны русских войск, находившихся под командованием кн. М. Д. Горчакова. К 7 часам утра, когда сражение казалось оконченным (союзники владели левым берегом Черной речки, русские — правым), кн. <hi style="opdelimiter">Горчаков</hi><hi style="opnumber">326</hi> <hi style="npnumber">327</hi><hi style="npdelimiter">решился</hi> возобновить бой и проиграл сражение. С нашей стороны потеряно было 8000 чел.; из них убито 3 генерала, 69 офицеров и 2273 нижних чинов; раненых 4 генерала, 160 офицеров и 3995 нижних чинов. Среди убитых был генерал-адъютант бар. П. А. Вревский, сраженный ядром в нескольких шагах от главнокомандующего.</note> Я жив и здоров, но в душевном отношении никогда себя хуже не чувствовал, сражение было проиграно. Ужасный день: лучшие наши генералы и офицеры почти все ранены или убиты. Отсылаю это письмо с курьером, который сейчас уезжает. Думаю, что надолго мы <hi style="opdelimiter">теперь</hi><hi style="opnumber">325</hi> <hi style="npnumber">326</hi><hi style="npdelimiter">ничего</hi> предпринимать не будем. — Прощайте, дорогая тетенька, целую тысячу раз ваши ручки. Сколько бы я дал, чтобы быть теперь с вами.</p>
<p rend="petit right">Ваш Лев.</p>
<comments><p rend="Textpetit_otstup left">Печатается по автографу, хранящемуся в АТБ. Публикуется впервые. Датируется содержанием, почтовыми штемпелями: «Москва, 1855, августа 10» и «Получено 1855, августа 12» и ответным письмом Т. А. Ергольской от 23 августа 1855 г., которое приводим полностью:</p>
<p rend="petit left">«Не могу выразить как я была счастлива, получив твое письмо от 4 августа, дорогой мой Léon. Я плакала от радости при виде твоего почерка и узнав, что ты благополучен после этого страшного сражения. Первым долгом, я послала за батюшкой, и он отслужил благодарственный молебен. Я не могла ожидать, что ты будешь в этом сражении; ведь ты писал в последнем своем письме к Валерьяну, что ты стоишь у Бахчисарая, я и успокоилась, зная, что это далеко от Севастополя; и вдруг ты опять туда вернулся. Как быть спокойной, когда знаешь, что город бомбардируется, что бомбы летают день и ночь, и я день и ночь думаю о тебе и молюсь, чтобы всевышний сохранил твою драгоценную жизнь. И молитва моя будет услышана, оттого что я воссылаю ее из глубины своего сердца. — Последнее это письмо от 4 августа я получила только 13 и с московским штемпелем; видимо курьер, которому ты его передал, позабыл передать его на Тульскую почту, раз что оно помечено Москвою. Но по твоей любовной заботе, добрый мой Léon, я точно получила твое письмо ранее, нежели прочла в газетах об этом кровавом деле. Ах! сколько потерь! Благодарение богу, что князь Горчаков остался жив. Верно он находился в большой опасности, когда рядом с ним был убит генерал. Сколько убитых генералов и офицеров, сколько горя, сколько слез, содрогаешься при мысли об этом! Боже мой, когда настанет конец этой бойне! Не задумываясь отдала бы несколько лет своей жизни, чтобы ты вернулся невредимым. Но когда мы доживем до этого счастья, одному богу известно, всё в его высшей воле. Письмо твое я послала Мари, Валерьяну и Николеньке, который у них: они будут рады ему, рады знать, что ты благополучен. Все наши соседи живо тобой интересуются и вообще все желают тебе счастья на службе. Дай бог, чтобы их желания сбылись. М-ль Вергани и семья Арсеньевых особенно тобою интересуются. Бедненькая Валерия хворает с тех пор, как она простудилась на балу на вокзале и всё не может поправиться. Она прехорошенькая и преинтересная девушка. Жаль, что она часто хворает. Затем, прощай, дорогой, обожаемый мой Léon. Призываю на тебя благословение бога, и да хранит он тебя. Целую тебя нежно. Сердечно твоя. Тетя Е.» (Оригинал по-французски; публикуется впервые; подлинник в АТБ.)</p>
<p rend="petit left"><hi>Письмо Толстого к гр. В. П. Толстому</hi> не сохранилось. <hi>Вокзалом </hi>называлось здание в Москве, в Петровском парке, где давались спектакли, концерты и балы.</p>
<p rend="petit left"><hi>1</hi> 4 августа 1855 г. на Черной речке произошла знаменитая атака со стороны русских войск, находившихся под командованием кн. М. Д. Горчакова. К 7 часам утра, когда сражение казалось оконченным (союзники владели левым берегом Черной речки, русские — правым), кн. <hi style="opdelimiter">Горчаков</hi><hi style="opnumber">326</hi> <hi style="npnumber">327</hi><hi style="npdelimiter">решился</hi> возобновить бой и проиграл сражение. С нашей стороны потеряно было 8000 чел.; из них убито 3 генерала, 69 офицеров и 2273 нижних чинов; раненых 4 генерала, 160 офицеров и 3995 нижних чинов. Среди убитых был генерал-адъютант бар. П. А. Вревский, сраженный ядром в нескольких шагах от главнокомандующего.</p>
</comments></div></body>
        </text>
        </TEI>