<?xml version="1.0" encoding="UTF-8"?>
    <!-- <?xml-stylesheet type="text/xsl" target="../resources/MJT/myletter.xsl"?> -->
    <?xml-stylesheet type="css" target="graves.css"?>
    <?xml-model target="http://www.tei-c.org/release/xml/tei/custom/schema/relaxng/tei_all.rng" type="application/xml" schematypens="http://relaxng.org/ns/structure/1.0"?>
    <?xml-model target="http://www.tei-c.org/release/xml/tei/custom/schema/relaxng/tei_all.rng" type="application/xml"
            schematypens="http://purl.oclc.org/dsdl/schematron"?>
    <TEI xmlns="http://www.tei-c.org/ns/1.0">
       <teiHeader>
          <fileDesc>
             <titleStmt>
                <title>Письмо №23. Гр. С. Н. Толстому.</title>
             </titleStmt>
             <publicationStmt>
                <publisher>TolstoyLab</publisher>
                <date when="2015-09-14">14 September 2015</date>
             </publicationStmt>
             <sourceDesc>
                <biblStruct>
                   <analytic>
                      <author>Толстой Л.Н.</author>
                   </analytic>
                   <monogr>
                      <title level="m">Полное собрание сочинений. Том 60</title>
                      <imprint>
                         <pubPlace>Москва</pubPlace>
                         <publisher>Государственное издательство "Художественная литература"</publisher>
                         <date when="1949"/>
                      </imprint>
                   </monogr>
                   <series>
                      <title level="s">Л.Н. Толстой. Полное собрание сочинений</title>
                      <biblScope unit="vol">60</biblScope>
                   </series>
                </biblStruct>
				<bibl>Впервые опубликовано в Б. I, 4, стр. 295.</bibl>
             </sourceDesc>
          </fileDesc>
          <encodingDesc>
             <tagsDecl> </tagsDecl>
          </encodingDesc>
          <profileDesc>
             <correspDesc>
                <correspAction type="sending">
                   <persName ref="PersonList.xml#L_N_Tolstoy">Л. Н. Толстой</persName>
                   <placeName ref="PlacesListxml#PLACE">Я. П.</placeName>
                   <date when="1856-09-10">1856 г. Сентября 10.</date>            </correspAction>
                <correspAction type="receiving">
                   <persName ref="PersonList.xml#RECEIVER">Гр. С. Н. Толстому</persName>
                </correspAction>
                <correspContext>
                   <ref type="prev"></ref>
                </correspContext>
             </correspDesc>
          </profileDesc>
       </teiHeader>
       <xenoData><number type="in a volume">23</number></xenoData>

              <text xml:id="gr.S.N.Tolstomu_23">
	<body><div>
		<opener index="false">
23. Гр. С. Н. Толстому.
1856 г. Сентября 10. Я. П.</opener>
<p rend="left">Теперь только в 9 часов вечера сегодня — понедел[ьник] могу тебе дать хороший ответ; а то всё было хуже и хуже, привозили 2-х докт[оров], пускали еще 40 пиявок, но сию минуту только я заснул и, проснувшись, почувствовал себя значительно лучше. — Раньше дней 5, 6 все-таки и думать нельзя мне ехать. Так до свиданья, пожалуйста уведомь, когда ты </p>
<p rend="left emptyline"><hi style="opnumber">84</hi> <hi style="npnumber">85</hi></p>
<p rend="left emptyline" xml:id="loi2"> </p>
<div rend="image"><figure><graphic url="./img/b00000996.png"/></figure></div><div class="image"><figure><graphic class="image w70" src="./img/b00000998.png"/></figure></div><lb/>
<p rend="subtitle centerline">
АВТОТИПИЯ С ПИСЬМА ТОЛСТОГО К В. В. АРСЕНЬЕВОЙ и Ж. ВЕРГАНИ ОТ 8 СЕНТЯБРЯ 1856 ГОДА
</p>
<lb/>
<p rend="left"><figure><graphic url="./img/i000010020000.png"/></figure></p>
<p rend="notindent">уедешь и точно ли есть большие упущения у тебя в хозяйстве и не очень без меня выбивай места. Собак может быть пошлю завтра.<note xml:id="note1" resp="volume_editor" index="false"> Толстой собирался с братом на охоту в Курскую губернию, но из-за болезни осуществить этого ему не удалось. См. п. № 24.</note> —</p>
<p rend="right">Твой Гр. Л. Толстой.</p>
<comments><p rend="Textpetit_otstup left">Впервые опубликовано в Б. I, 4, стр. 295.</p>
<p rend="petit left">Письмо датируется содержанием и записью в Дневнике о болезни.</p>
<p rend="Textpetit_otstup left"><hi>1</hi> Толстой собирался с братом на охоту в Курскую губернию, но из-за болезни осуществить этого ему не удалось. См. п. № 24.</p>
<p rend="petit left">К настоящему письму Толстого сделана приписка П. И. Юшковой (подлинник по-французски) о здоровье Льва Николаевича и о ее тревогах, когда братья уезжают на охоту.</p>
</comments></div></body>
        </text>
        </TEI>