<?xml version="1.0" encoding="UTF-8"?>
    <!-- <?xml-stylesheet type="text/xsl" target="../resources/MJT/myletter.xsl"?> -->
    <?xml-stylesheet type="css" target="graves.css"?>
    <?xml-model target="http://www.tei-c.org/release/xml/tei/custom/schema/relaxng/tei_all.rng" type="application/xml" schematypens="http://relaxng.org/ns/structure/1.0"?>
    <?xml-model target="http://www.tei-c.org/release/xml/tei/custom/schema/relaxng/tei_all.rng" type="application/xml"
            schematypens="http://purl.oclc.org/dsdl/schematron"?>
    <TEI xmlns="http://www.tei-c.org/ns/1.0">
       <teiHeader>
          <fileDesc>
             <titleStmt>
                <title>Письмо №* 51. Гр. С. Н. Толстому.</title>
             </titleStmt>
             <publicationStmt>
                <publisher>TolstoyLab</publisher>
                <date when="2015-09-14">14 September 2015</date>
             </publicationStmt>
             <sourceDesc>
                <biblStruct>
                   <analytic>
                      <author>Толстой Л.Н.</author>
                   </analytic>
                   <monogr>
                      <title level="m">Полное собрание сочинений. Том 60</title>
                      <imprint>
                         <pubPlace>Москва</pubPlace>
                         <publisher>Государственное издательство "Художественная литература"</publisher>
                         <date when="1949"/>
                      </imprint>
                   </monogr>
                   <series>
                      <title level="s">Л.Н. Толстой. Полное собрание сочинений</title>
                      <biblScope unit="vol">60</biblScope>
                   </series>
                </biblStruct>
             </sourceDesc>
          </fileDesc>
          <encodingDesc>
             <tagsDecl> </tagsDecl>
          </encodingDesc>
          <profileDesc>
             <correspDesc>
                <correspAction type="sending">
                   <persName ref="PersonList.xml#L_N_Tolstoy">Л. Н. Толстой</persName>
                   <placeName ref="PlacesListxml#PLACE">Петербург.</placeName>
                   <date when="1857-01-02">1857 г. Января 2.</date>            </correspAction>
                <correspAction type="receiving">
                   <persName ref="PersonList.xml#RECEIVER">Гр. С. Н. Толстому</persName>
                </correspAction>
                <correspContext>
                   <ref type="prev"></ref>
                </correspContext>
             </correspDesc>
          </profileDesc>
       </teiHeader>
       <xenoData><number type="in a volume">51</number></xenoData>

              <text xml:id="gr.S.N.Tolstomu_51">
	<body><div>
		<opener index="false">
* 51. Гр. С. Н. Толстому.
1857 г. Января 2. Петербург.</opener>
<p rend="left">Пишу тебе несколько слов, потому что на-днях уезжаю из Петерб[урга] в Москву,<note xml:id="note1" resp="volume_editor" index="false"> В Москву Толстой выехал 12 января.</note> где пробуду недели две, стало быть, скоро увижусь с тобой. —</p>
<p rend="left">В твоем письме видна какая-то досада и даже желчь.<note xml:id="note2" resp="volume_editor" index="false"> Письмо С. Н. Толстого неизвестно.</note> Это совсем не хорошо и происходит, как мне кажется, от уединенной жизни. Не приедешь ли ты в Москву? Теперь это было бы очень не дурно. Отношения мои с <note xml:id="note3" resp="volume_editor" index="false"><hi>гостями</hi> Имеется в виду В. В. Арсеньева.</note> продолжаются, но тяготят меня ужасно, и я не знаю, как прекратить их, потому что чувствую не только совершенно равнодушие, но досаду и раскаяние на себя за то, что я так зашел далеко. Ты говоришь, что ожидаешь от меня всякого пассажа, и говоришь, что ты меня знаешь. Но ежели ты ожидаешь всякого <hi>пассажа</hi>, то, значит, ты меня не знаешь, а заметил во мне непостоянство в неко[торых] вещах и как будто упрекаешь в них, как будто я нахожу удовольствие в том, чтоб делать несообразности. Я провел здесь 2 месяца очень хорошо, хотя почти никуда не ездил, а много виделся с литературными друзьями, много читал, слушал музыки и писал первый месяц. Но для меня всего <hi style="opdelimiter">надо</hi><hi style="opnumber">146</hi> <hi style="npnumber">147</hi><hi style="npdelimiter">понемножку,</hi> хотя я душевно люблю этих литератур[ных] друзей: Боткина, Анненк[ова] и Дружин[ина], но все <hi>умные </hi>разговоры уже становятся скучны мне, хотя и были истинно полезны для меня. Мои две повести в О[течественных] З[аписках] и Б[иблиотеке] для Ч[тения], кажется, имели мало успеха, как и следовало ожидать, потому что были написаны наскоро.<note xml:id="note4" resp="volume_editor" index="false"> Речь идет о рассказах «Разжалованный» и «Утро помещика».</note> Юность уже отпечатана, цензура ее таки повымарала,<note xml:id="note5" resp="volume_editor" index="false"> Разрешение цензора И. И. Лажечникова 31 декабря 1856 г.</note> так как после стихов Некрасова и истории, которая была за них, она стала опять строже.<note xml:id="note6" resp="volume_editor" index="false"> О цензурной истории со стихами Некрасова, напечатанными в 1556 г. в Москве отдельным сборником и в ноябрьском номере «Современника», см. т. 47, стр. 347, прим. 1157.</note> Книжки мои продаются, но не слишком. Дет[ство] разошлось около 700 экзем. В[оенные] Р[ассказы] около 500. — В Москве я намереваюсь ездить <hi>в гости</hi>. Прощай и не сердись на меня за то, что я такой, какой есть. — Целую ручки у тетиньки и с следующей почтой посылаю ей портрет свой,<note xml:id="note7" resp="volume_editor" index="false"> К 1856 г. относится несколько фотографий Толстого в военной форме.</note> который она, кажется, желала иметь. О[течественные] Зап[иски] высланы в Ясную, а Б[иблиотеку] для Ч[тения] с моей повестью я пришлю, как только получу.</p>
<p rend="left">Поздравляю вас с новым годом. — Твой Гр. Л. Толстой.</p>
<p rend="left">2 Января.</p>
<comments><p rend="Textpetit_otstup left"><hi>1 </hi> В Москву Толстой выехал 12 января.</p>
<p rend="petit left"><hi>2</hi> Письмо С. Н. Толстого неизвестно.</p>
<p rend="petit left"><hi>3</hi> Имеется в виду В. В. Арсеньева.</p>
<p rend="petit left"><hi>4</hi> Речь идет о рассказах «Разжалованный» и «Утро помещика».</p>
<p rend="petit left"><hi>5</hi> Разрешение цензора И. И. Лажечникова 31 декабря 1856 г.</p>
<p rend="petit left"><hi>6</hi> О цензурной истории со стихами Некрасова, напечатанными в 1556 г. в Москве отдельным сборником и в ноябрьском номере «Современника», см. т. 47, стр. 347, прим. 1157.</p>
<p rend="petit left"><hi>7</hi> К 1856 г. относится несколько фотографий Толстого в военной форме.</p>
</comments></div></body>
        </text>
        </TEI>