<?xml version="1.0" encoding="UTF-8"?>
    <!-- <?xml-stylesheet type="text/xsl" target="../resources/MJT/myletter.xsl"?> -->
    <?xml-stylesheet type="css" target="graves.css"?>
    <?xml-model target="http://www.tei-c.org/release/xml/tei/custom/schema/relaxng/tei_all.rng" type="application/xml" schematypens="http://relaxng.org/ns/structure/1.0"?>
    <?xml-model target="http://www.tei-c.org/release/xml/tei/custom/schema/relaxng/tei_all.rng" type="application/xml"
            schematypens="http://purl.oclc.org/dsdl/schematron"?>
    <TEI xmlns="http://www.tei-c.org/ns/1.0">
       <teiHeader>
          <fileDesc>
             <titleStmt>
                <title>Письмо №* 397. Н. Н. Страхову.</title>
             </titleStmt>
             <publicationStmt>
                <publisher>TolstoyLab</publisher>
                <date when="2015-09-14">14 September 2015</date>
             </publicationStmt>
             <sourceDesc>
                <biblStruct>
                   <analytic>
                      <author>Толстой Л.Н.</author>
                   </analytic>
                   <monogr>
                      <title level="m">Полное собрание сочинений. Том 61</title>
                      <imprint>
                         <pubPlace>Москва</pubPlace>
                         <publisher>Государственное издательство "Художественная литература"</publisher>
                         <date when="1953"/>
                      </imprint>
                   </monogr>
                   <series>
                      <title level="s">Л.Н. Толстой. Полное собрание сочинений</title>
                      <biblScope unit="vol">61</biblScope>
                   </series>
                </biblStruct>
             </sourceDesc>
          </fileDesc>
          <encodingDesc>
             <tagsDecl> </tagsDecl>
          </encodingDesc>
          <profileDesc>
             <correspDesc>
                <correspAction type="sending">
                   <persName ref="PersonList.xml#L_N_Tolstoy">Л. Н. Толстой</persName>
                   <placeName ref="PlacesListxml#PLACE">Я. П.</placeName>
                   <date when="1872-08-28">1872 г. Августа 28.</date>            </correspAction>
                <correspAction type="receiving">
                   <persName ref="PersonList.xml#RECEIVER">Н. Н. Страхову</persName>
                </correspAction>
                <correspContext>
                   <ref type="prev">Ответ на несохранившееся письмо H. Н. Страхова.</ref>
                </correspContext>
             </correspDesc>
          </profileDesc>
       </teiHeader>
       <xenoData><number type="in a volume">397</number></xenoData>

              <text xml:id="H__N__Straxovu_397">
	<body><div>
		<opener index="false">
* 397. Н. Н. Страхову.
1872 г. Августа 28. Я. П.</opener>
<p rend="left">Спешу отвечать по пунктам. Статьи славянского все так точно; но правда, что много. Я тоже думал. Но жалко и невозможно исключить историю Иосифа.<note xml:id="note1" resp="volume_editor" index="false"> История Иосифа, рассказ из библии (Книга бытия, гл. 37) — «Азбука», IV, стр. 119—163. Толстой особенно любил этот рассказ и причислял его к образцам лучших произведений искусства. См. «Что такое искусство?», гл. X (т. <hi style="opdelimiter">30).</hi><hi style="opnumber">310</hi></note> Лучше выкинуть житие Сергия или Михаила, или и то и другое. Можно переместить так, чтобы где Иосиф, там бы менее житий и летописи.</p>
<p rend="left">Печать славянского и, главное, выноски — превосходны. Выноски с краткими правилами — прекрасно. Высожары — созвездие — плеяды, на закорки — на себя.<note xml:id="note2" resp="volume_editor" index="false"> «Азбука», IV, стр. 54.</note></p>
<p rend="left">Ломы<note xml:id="note3" resp="volume_editor" index="false"> «Азбука», IV, стр. 22. См. также: «Азбука», III, стр. 82.</note> в лесу — место, где повалялся лес. <hi>Щекочет сорока, как грает ворон</hi>. Для уяснения прибавить в этом месте: «И я увидал в глуши болота завалившиеся друг на друга деревья и услыхал сороку». <hi>Под в </hi>голов<hi>а</hi> лучше, чем под головы. Боюсь, ужасно боюсь, что труда по славянскому будет очень и очень много, и что не только 10 сентября, но 10 октября не кончите.<note xml:id="note4" resp="volume_editor" index="false"> Работа над «Азбукой» была закончена лишь в конце октября.</note> Напишите откровенно и не расстроивайте свою жизнь и планы из-за этого. Степа<note xml:id="note5" resp="volume_editor" index="false"> Степан Андреевич Берс.</note> мне пишет восторженное письмо о вас. Он славный мальчик. И мы с ним во многом сходимся и в любви к вам.</p>
<p rend="right">Ваш Л. Толстой.</p>
<p rend="left">История Иосифа есть лучшее место в библии и приохотит к чтению всей.</p>
<p rend="left">28 августа.</p>
<comments><p rend="Textpetit_otstup left">На автографе пометка Страхова: «28 августа 1872».</p>
<p rend="petit left">Ответ на несохранившееся письмо H. Н. Страхова.</p>
<p rend="Textpetit_otstup left"><hi>1</hi> История Иосифа, рассказ из библии (Книга бытия, гл. 37) — «Азбука», IV, стр. 119—163. Толстой особенно любил этот рассказ и причислял его к образцам лучших произведений искусства. См. «Что такое искусство?», гл. X (т. <hi style="opdelimiter">30).</hi><hi style="opnumber">310</hi></p>
<p rend="petit left"><hi>2</hi> «Азбука», IV, стр. 54.</p>
<p rend="petit left"><hi>3</hi> «Азбука», IV, стр. 22. См. также: «Азбука», III, стр. 82.</p>
<p rend="petit left"><hi>4</hi> Работа над «Азбукой» была закончена лишь в конце октября.</p>
<p rend="petit left"><hi>5</hi> Степан Андреевич Берс.</p>
</comments></div></body>
        </text>
        </TEI>