<?xml version="1.0" encoding="UTF-8"?>
    <!-- <?xml-stylesheet type="text/xsl" target="../resources/MJT/myletter.xsl"?> -->
    <?xml-stylesheet type="css" target="graves.css"?>
    <?xml-model target="http://www.tei-c.org/release/xml/tei/custom/schema/relaxng/tei_all.rng" type="application/xml" schematypens="http://relaxng.org/ns/structure/1.0"?>
    <?xml-model target="http://www.tei-c.org/release/xml/tei/custom/schema/relaxng/tei_all.rng" type="application/xml"
            schematypens="http://purl.oclc.org/dsdl/schematron"?>
    <TEI xmlns="http://www.tei-c.org/ns/1.0">
       <teiHeader>
          <fileDesc>
             <titleStmt>
                <title>Письмо №* 426. H. Н. Страхову.</title>
             </titleStmt>
             <publicationStmt>
                <publisher>TolstoyLab</publisher>
                <date when="2015-09-14">14 September 2015</date>
             </publicationStmt>
             <sourceDesc>
                <biblStruct>
                   <analytic>
                      <author>Толстой Л.Н.</author>
                   </analytic>
                   <monogr>
                      <title level="m">Полное собрание сочинений. Том 61</title>
                      <imprint>
                         <pubPlace>Москва</pubPlace>
                         <publisher>Государственное издательство "Художественная литература"</publisher>
                         <date when="1953"/>
                      </imprint>
                   </monogr>
                   <series>
                      <title level="s">Л.Н. Толстой. Полное собрание сочинений</title>
                      <biblScope unit="vol">61</biblScope>
                   </series>
                </biblStruct>
             </sourceDesc>
          </fileDesc>
          <encodingDesc>
             <tagsDecl> </tagsDecl>
          </encodingDesc>
          <profileDesc>
             <correspDesc>
                <correspAction type="sending">
                   <persName ref="PersonList.xml#L_N_Tolstoy">Л. Н. Толстой</persName>
                   <placeName ref="PlacesListxml#PLACE">Я. П.</placeName>
                   <date when="1872-11-12">1872 г. Ноября 12</date>            </correspAction>
                <correspAction type="receiving">
                   <persName ref="PersonList.xml#RECEIVER">H. Н. Страхову</persName>
                </correspAction>
                <correspContext>
                   <ref type="prev"></ref>
                </correspContext>
             </correspDesc>
          </profileDesc>
       </teiHeader>
       <xenoData><number type="in a volume">426</number></xenoData>

              <text xml:id="H__N__Straxovu_426">
	<body><div>
		<opener index="false">
* 426. H. Н. Страхову.
1872 г. Ноября 12, декабря 17. Я. П.</opener>
<p rend="right">12 ноября.</p>
<p rend="Obrashenie">Дорогой и многоуважаемый Николай Николаевич.</p>
<p rend="left">Всё время после вашего отъезда (4 дня) занимался исключительно вами, — читал вашу книгу. И хоть, может быть, вам вовсе и не нужно мое мнение, она произвела на меня такое сильное действие, [что] я чувствую потребность написать вам о ней.</p>
<p rend="left">Я читал ее, не мог оторваться и читал внимательно, с карандашом — делал отметки там, где был поражен, и перечитывал те места. Общее впечатление: 1) я узнал много нового и не случайного, а того самого, что нужно знать, 2) Много <hi style="opdelimiter">вопросов,</hi><hi style="opnumber">345</hi> <hi style="npnumber">346</hi><hi style="npdelimiter">смутно</hi> представлявшихся мне, поставлены и разрешены ясно, ново и сильно. (Мне совестно вспомнить о том, как я попался на легкое мнение об этой книге только потому, что это все статьи уже напечатанные. Я сделал ложное заключение. Было напечатано. Ничего не слышно было, стало быть ничего особенного. Как сильны привычки.) 3) Много, ужасно много вопросов не разрешены. Чувствуется, в каком смысле должен разрешить их автор (я в первый раз ясно понял вас из этой книги), и желаешь узнать, как разрешит их автор, и боишься за него. 4) Неприятное впечатление неровности тона и даже некоторой непоследовательности предметов всей книги. — Поймите меня. Есть такая <hi>глубина и ясность</hi> во многих местах, что она указывает на необходимую строгую последовательность в миросозерцании автора, а [от] этой последовательности отступает книга. —</p>
<p rend="left">Теперь частности: I, II, III, IV, V письма. Всё прекрасно. Но в V письме, стр. 73 и 74, автор говорит <hi>о духе,</hi> о том, что постижение должно быть начато с <hi>духа</hi>. Почему? Человек отличается от остального мира, на мои глаза, вовсе не <hi>духом</hi>, кот[орый] я совершенно не понимаю, но тем, что он — судит о самом себе, когда судит о человеке, и судит о <hi>не себе</hi>, когда судит о вещах. Судить о самом себе (вернее, иметь себя предметом своим) мы называем сознание. Поэтому разница должна быть резкая, но она основана не на объективном ч[ь]ем-то <hi>духе</hi>, но на том отношении, в кот[ором] стоит человек к предметам вне себя и в себе. —</p>
<p rend="left">С выводом я согласен, — что человек должен начинать постижение с себя, а не с вне себя, но не согласен с объективным духом, противуполагаемым объективному миру, как какой-то <hi>дух</hi>. И не согласен потому, что дальше различие это становится существенным. Далее на 76 стр., отличая круговорот от жизни, автор опровергает смешение этих двух понятий не <hi>духом</hi>, а <hi>сознанием жизни</hi>. И это место прекрасно.</p>
<p rend="left">Вся эта глава прекрасна, но на 89 стр. и до конца опять являются понятия, вытекающие только из веры в <hi>дух</hi> — совершенствование. Для сознания человека, т. е. для мысли человека, устремленной на самого себя, может быть совершенство только относительное, но не абсолютное.</p>
<p rend="left">Это вопрос ужасно сложный, о кот[ором] я жалею, что не поговорил с вами. В письме невозможно сказать. — Попробую коротко сказать свои <hi style="opdelimiter">убеждения:</hi><hi style="opnumber">346</hi></p>
<p rend="left"><hi style="npnumber">347</hi><hi style="npdelimiter">Совершенство</hi> зоологическое, на кот[ором] вы настаиваете, даже умственное, [которое] вытек[ает] из зоологического, — есть совершенство только относительное, вытекающее из того, что человек сам на себя смотрит. Муха такой же центр и апогей всего создания. Но есть совершенство нравственное, религиозное — (буддизм, христианство), которое ничем не доказывается, кот[орое] несомненно и кот[орое] даже не может быть сравниваемо ни с чем, почему и не может быть называемо совершенством (понятие совершенства вытекает из понятия степеней). Короче, это понятие добра. И понятие это таково, что нельзя про него сказать, что оно есть больше или меньше, что оно есть у человека, но его нет у животного. — Оно есть у человека, оно сущность всей жизни, и потому его не может быть ни больше, ни меньше.</p>
<p rend="left">В VI письме, стр. 92, 93, вы прекрасно говорите о непогрешимости ума, убеждений. Я подставляю вместо ума, убеждения — сознание жизни, кот[орого] сущность есть добро. Следовательно, чем более сознана эта сущность, тем она... более сознана.</p>
<p rend="left">Прекрасно об инфузориях, 98 стр. Прекрасно выведено понятие организма из совершенствования и о смерти, но посылка, что цель человеческой жизни есть совершенствование, совпадающее с совершенствованием организма, умаляет значение человеческой жизни. И факт недовольства жизнью, выражающийся не в одних поэтах, но в миллионах людей (христианство, буддизм), есть факт, кот[орый] нельзя объяснять заблуждением. Он имеет самый законный корень. Он имеет основанием сущность жизни. И как объяснения материалистов недостаточны (что и доказ[ывает] автор) именно потому, что они упускают из расчета способность сознания (духа), так и объяснения автора недостаточны, потому что он упускает из вида сущность жизни.</p>
<p rend="left">Письмо VIII прелестно, особенно кристаллы: это гениальное определение основ деления на неорганическое, органическое и животное.</p>
<p rend="left">Письмо IX мне всё не нравится и по форме и по содержанию, я бы его всё выбросил.</p>
<p rend="left"><hi>Жители планет и птицы</hi>. Мне не нравится, несмотря на обилие интересных данных, с вашей ясностью и уместностью изложенных, не нравятся <hi>жители планет</hi> и по содержанию и обе главы — по совершенно другому, не строгому <hi style="opdelimiter">тону.</hi><hi style="opnumber">347</hi></p>
<p rend="left"><hi style="npnumber">348</hi><hi style="npdelimiter"><hi>Чем</hi></hi> <hi>отличается человек от животн[ого].</hi> Эти две главы, опять прежний тон и опять превосходны. Мысль о пределе поразительна. Опровержение мнимого места человека, даваемого натуралистами, превосходно. Я только для своего удобства подставляю: натуралисты хотят найти место человеку, не пользуясь сознанием, т. е. взглядом на самого себя. Точно так, как (грубое сравнение) я бы захотел узнать свое место в комнате, измерив расстояние между всеми предметами в комнате, а не от себя до предметов. —</p>
<p rend="left"><hi>Вторая часть</hi>, насколько я могу судить, вся превосходна. Я нашел в ней в первый раз ясное изложение смысла физики, химии. Я нашел с ясностью и (будто бы) легкостью разрешенными часть тех сомнений и вопросов, кот[орые] занимали меня; но кроме [того], я нашел ясное указание на то, что существенно в этих науках.</p>
<p rend="left">Эта вся часть исчерчена мною карандашом и не знаю, что лучше. Поразительнее же всего для меня не только критика химии, но и изложение возможно нового взгляда. Прекрасно тоже объяснение сущности материалистического взгляда, состоящего в представлении. Два только пятна я нашел в этом солнце, и всё это Гегель. На 380 странице выписка из Гегеля, которая, может быть, прекрасна, но в кот[орой] я не понимаю, прочтя несколько раз, ни единого слова. Эта моя судьба с Гегелем и на 451 стр., «чистая мысль <hi>эфирна</hi>» и т. д. до точки. Я ничего не понимаю. Менее всего понимаю, как с вашей ясностью может уживаться этот сумбур. —</p>
<p rend="left">Не знаю, пошлю ли это письмо. Во всяком случае скажу, что хотел сказать. Мое мнение о вас было очень высоко, но я не совсем доверял ему (я боялся, что подкуплен), но теперь, по прочтении вашей книги, я не имею более недоверия, и мнение о вашей силе еще увеличилось. — Дай вам бог спокойствия и духовного досуга. Вы бы меня очень порадовали, если бы написали мне так же искренно, как я вам, свое мнение о моей критике вашей книги.</p>
<p rend="left">Письмо это, как видите, написано 12 Nоября. Третьего дня я, наскучив дожидаться от вас письма с адресом, написал несколько строк,<note xml:id="note1" resp="volume_editor" index="false"> См. письмо от 14 декабря, № 424.</note> адресовав наобум: в Севастополь, в Гжатку, в именье Данилевского.<note xml:id="note2" resp="volume_editor" index="false"> Толстой ошибся, написав «Гжатка» вместо «Мшатка» (имение Н. Я. Данилевского в Крыму).</note> Сердце сердцу весть подает; нынче получил ваше письмо<note xml:id="note3" resp="volume_editor" index="false"> Письмо H. Н. Страхова от 4 декабря, см. ПС, № 4.</note> и посылаю мое, как оно мне ни не <hi style="opdelimiter">нравится</hi><hi style="opnumber">348</hi> <hi style="npnumber">349</hi><hi style="npdelimiter">теперь.</hi> Высказать в письме не умею. Но вы, надеюсь, многое поймете.</p>
<p rend="left">Писал я в коротеньком письме: как ваш адрес? Куда вам послать деньги и что вы поделываете? Теперь всё знаю и деньги пошлю на днях.</p>
<p rend="left">Живете вы очень хорошо. И хорошо то, что вы просто скучаете. Мне кажется это из вашего письма. Скука у меня бывает очень редко, но я ее очень радостно встречаю. Она всегда предвестница большой умственной энергии.</p>
<p rend="left">Азбука не идет<note xml:id="note4" resp="volume_editor" index="false"> Об этом писал Толстому 8 и 18 декабря П. А. Берс.</note>, и ее разбранили в «Петерб[ургских] вед[омостях]»;<note xml:id="note5" resp="volume_editor" index="false"> Статья П. Н. Полевого «Азбука» гр. Л. Н. Толстого» — «С.-Петербургские ведомости», 1872, № 330 от 1 <hi style="opdelimiter">декабря.</hi><hi style="opnumber">349</hi></note> но меня почти не интересует, я так уверен, что я <hi>памятник воздвиг</hi><note xml:id="note6" resp="volume_editor" index="false"> Слова из стихотворения Пушкина «Я памятник себе воздвиг нерукотворный».</note> этой Азбукой. От Буняковского получил на 20 страницах письмо об арифметике.<note xml:id="note7" resp="volume_editor" index="false"> Виктор Яковлевич Буняковский (1794—1889), математик, вице-президент Академии наук. Письмо его к Толстому не сохранилось.</note> Он хвалит и критикует дельно в том отношении, что я напрасно в дробях исключил все прежние приемы. —</p>
<p rend="left">Да, пожелайте мне работать. До сих пор не работаю. Обложился книгами о Петре I и его времени; читаю, отмечаю, порываюсь писать и не <hi>могу.</hi> Но что за эпоха для художника. На что ни взглянешь, всё задача, загадка, разгадка котор[ой] только возможна поэзией. Весь узел русской жизни сидит тут.</p>
<p rend="left">Мне даже кажется, что ничего не выйдет из моих приготовлений. Слишком уж долго я примериваюсь и слишком волнуюсь. Я не огорчусь, если ничего не выйдет.</p>
<p rend="left">До следующего письма. Нет, живите подольше и работайте. — Жена вам кланяется. —</p>
<p rend="right">Ваш Л. Толстой.</p>
<p rend="left">17 декабря.</p>
<comments><p rend="Textpetit_otstup left">Отрывки печатались в Б, II, стр. 119—120, 199—200 и 242—245, в ПТС, II, № 309, в Собрании сочинений, изд. Саблина, ч. 18, М. 1911, стр. 193—194, в Г, II, стр. 147 и 148.</p>
<p rend="petit left">Написано по прочтении книги Страхова «Мир как целое. Черты из науки о природе», Спб. 1872.</p>
<p rend="Textpetit_otstup left"><hi>1</hi> См. письмо от 14 декабря, № 424.</p>
<p rend="petit left"><hi>2</hi> Толстой ошибся, написав «Гжатка» вместо «Мшатка» (имение Н. Я. Данилевского в Крыму).</p>
<p rend="petit left"><hi>3</hi> Письмо H. Н. Страхова от 4 декабря, см. ПС, № 4.</p>
<p rend="petit left"><hi>4</hi> Об этом писал Толстому 8 и 18 декабря П. А. Берс.</p>
<p rend="petit left"><hi>5</hi> Статья П. Н. Полевого «Азбука» гр. Л. Н. Толстого» — «С.-Петербургские ведомости», 1872, № 330 от 1 <hi style="opdelimiter">декабря.</hi><hi style="opnumber">349</hi></p>
<p rend="petit left"><hi>6</hi> Слова из стихотворения Пушкина «Я памятник себе воздвиг нерукотворный».</p>
<p rend="petit left"><hi>7</hi> Виктор Яковлевич Буняковский (1794—1889), математик, вице-президент Академии наук. Письмо его к Толстому не сохранилось.</p>
</comments></div></body>
        </text>
        </TEI>