<?xml version="1.0" encoding="UTF-8"?>
    <!-- <?xml-stylesheet type="text/xsl" target="../resources/MJT/myletter.xsl"?> -->
    <?xml-stylesheet type="css" target="graves.css"?>
    <?xml-model target="http://www.tei-c.org/release/xml/tei/custom/schema/relaxng/tei_all.rng" type="application/xml" schematypens="http://relaxng.org/ns/structure/1.0"?>
    <?xml-model target="http://www.tei-c.org/release/xml/tei/custom/schema/relaxng/tei_all.rng" type="application/xml"
            schematypens="http://purl.oclc.org/dsdl/schematron"?>
    <TEI xmlns="http://www.tei-c.org/ns/1.0">
       <teiHeader>
          <fileDesc>
             <titleStmt>
                <title>Письмо №118. А. Е. и Л. А. Берсам.</title>
             </titleStmt>
             <publicationStmt>
                <publisher>TolstoyLab</publisher>
                <date when="2015-09-14">14 September 2015</date>
             </publicationStmt>
             <sourceDesc>
                <biblStruct>
                   <analytic>
                      <author>Толстой Л.Н.</author>
                   </analytic>
                   <monogr>
                      <title level="m">Полное собрание сочинений. Том 61</title>
                      <imprint>
                         <pubPlace>Москва</pubPlace>
                         <publisher>Государственное издательство "Художественная литература"</publisher>
                         <date when="1953"/>
                      </imprint>
                   </monogr>
                   <series>
                      <title level="s">Л.Н. Толстой. Полное собрание сочинений</title>
                      <biblScope unit="vol">61</biblScope>
                   </series>
                </biblStruct>
				<bibl>Впервые опубликовано в «Новом времени», иллюстрированное приложение, 1916, № 14427 от 7 мая, стр. 6. Датируется на том же основании, что и письмо № 117, и содержанием письма Т. А. Берс, к которому является припиской.</bibl>
             </sourceDesc>
          </fileDesc>
          <encodingDesc>
             <tagsDecl> </tagsDecl>
          </encodingDesc>
          <profileDesc>
             <correspDesc>
                <correspAction type="sending">
                   <persName ref="PersonList.xml#L_N_Tolstoy">Л. Н. Толстой</persName>
                   <placeName ref="PlacesListxml#PLACE">Я. П.</placeName>
                   <date when="1865-06-25">1865 г. Июня 25.</date>            </correspAction>
                <correspAction type="receiving">
                   <persName ref="PersonList.xml#RECEIVER">А. Е. и Л. А. Берсам</persName>
                </correspAction>
                <correspContext>
                   <ref type="prev"></ref>
                </correspContext>
             </correspDesc>
          </profileDesc>
       </teiHeader>
       <xenoData><number type="in a volume">118</number></xenoData>

              <text xml:id="A__E__i_L__A__Bersam_118">
	<body><div>
		<opener index="false">
118. А. Е. и Л. А. Берсам.
1865 г. Июня 25. Я. П.</opener>
<p rend="left">Что прибавлять к этому чудному письму?<note xml:id="note1" resp="volume_editor" index="false"> Т. А. Берс писала родителям о своем отказе С. Н. Толстому. <ref target='file:///Volume_85_pismoA.K.Diterixskonecsentyabrya-nachalooktyabrya_119.xml'>См. письмо № 119.</ref></note> Всё это правда, всё от сердца и всё это прелестно. — Я всегда не только любовался ее веселостью, но и чувствовал в ней прекрасную душу. И она теперь показала ее этим великодушным, высоким поступком, о котором я не могу ни говорить, ни думать без слез. — Он виноват кругом и неизвиним никак. Ему надо было прежде всего кончить в Туле. Мне бы было легче, ежели бы он был чужой и не мой брат. — Но ей, чистой, страстной и энергической натуре, больше делать было нечего. Стоило ей это ужасно, но у нее есть лучшее утешение в жизни — знать, что она поступила <hi>хорошо</hi>. — К лучшему или к худшему это поведет ее? Этого никто не знает. Мне же всегда казалось и теперь больше чем когда-нибудь, что он ее не стоил. Дай бог ей силы перенести это. Первый день был тяжел, она ничего не ела, не спала и всё плакала. Теперь она спит в первый раз, и завтра мы едем в Никольское. — Кроме того, ежели точно они сильно любят друг друга — ничто не потеряно. Поступок Тани должен показать ему, чтò он теряет в ней. — Одно, что я знаю, это то, что они не должны и не будут видеться до тех пор, пока он не будет совершенно свободен. Но ее решение кажется серьезным, тем-то оно и трогательно. — Она несколько раз нынче <hi style="opdelimiter">повторяла:</hi><hi style="opnumber">87</hi> <hi style="npnumber">88</hi><hi style="npdelimiter">«теперь</hi> я не выйду за него ни за что». Решение это пришло ей вдруг и совершенно неожиданно. Вдруг из ребенка она сделалась женщиною, и прекрасной женщиной. Не знаю, как вы оба примете это, и боюсь и вашего горя и упреков, которые вы, может быть, сделаете нам. Говорите всё, что вы думаете. — Но горевать не о чем. С таким сердцем она не может быть несчастлива. Прощайте, с замиранием сердца жду вашего ответа.</p>
<p rend="left">Адрес в Чернь, в село Никольское.</p>
<comments><p rend="Textpetit_otstup left">Впервые опубликовано в «Новом времени», иллюстрированное приложение, 1916, № 14427 от 7 мая, стр. 6. Датируется на том же основании, что и письмо № 117, и содержанием письма Т. А. Берс, к которому является припиской.</p>
<p rend="petit left">По возвращении С. Н. Толстого из-за границы в июне 1864 г. снова возобновился его роман с Т. А. Берс. Решено было венчаться в курском имении С. Н. Толстого, однако угрозы родителей М. М. Шишкиной заставили отложить свадьбу на неопределенное время.</p>
<p rend="petit left">Весной 1865 г. Т. А. Берс приехала, как обычно, в Ясную Поляну. 9 июня С. А. Толстая записала в дневнике (ч. I, стр. 90). «Третьего дня всё решилось у Тани с Сережей. Они женятся. Весело на них смотреть, а на ее счастье я радуюсь больше, чем когда-то радовалась своему. Они в аллеях, в саду. Я играла роль какой-то покровительницы, что самой было и весело и досадно. Сережа стал мил мне за Таню, да и всё это чудесно. Свадьба через 20 дней или больше. Что еще будет».</p>
<p rend="petit left">Однако посещения С. Н. Толстого внезапно прекратились. Брату Льву Николаевичу он писал о безвыходности создавшегося положения. Узнав об этом, Т. А. Берс написала ему отказ.</p>
<p rend="petit left">Свои отношения с С. Н. Толстым Т. А. Берс много позднее подробно описала в воспоминаниях «Моя жизнь дома и в Ясной Поляне», ч. I, II и III.</p>
<p rend="petit left">Письма С. Н. Толстого сохранились в ГМТ.</p>
<p rend="Textpetit_otstup left"><hi>1</hi> Т. А. Берс писала родителям о своем отказе С. Н. Толстому. <ref target='file:///Volume_85_pismoA.K.Diterixskonecsentyabrya-nachalooktyabrya_119.xml'>См. письмо № 119.</ref></p>
</comments></div></body>
        </text>
        </TEI>