<?xml version="1.0" encoding="UTF-8"?>
    <!-- <?xml-stylesheet type="text/xsl" target="../resources/MJT/myletter.xsl"?> -->
    <?xml-stylesheet type="css" target="graves.css"?>
    <?xml-model target="http://www.tei-c.org/release/xml/tei/custom/schema/relaxng/tei_all.rng" type="application/xml" schematypens="http://relaxng.org/ns/structure/1.0"?>
    <?xml-model target="http://www.tei-c.org/release/xml/tei/custom/schema/relaxng/tei_all.rng" type="application/xml"
            schematypens="http://purl.oclc.org/dsdl/schematron"?>
    <TEI xmlns="http://www.tei-c.org/ns/1.0">
       <teiHeader>
          <fileDesc>
             <titleStmt>
                <title>Письмо №* 424. H. Н. Страхову.</title>
             </titleStmt>
             <publicationStmt>
                <publisher>TolstoyLab</publisher>
                <date when="2015-09-14">14 September 2015</date>
             </publicationStmt>
             <sourceDesc>
                <biblStruct>
                   <analytic>
                      <author>Толстой Л.Н.</author>
                   </analytic>
                   <monogr>
                      <title level="m">Полное собрание сочинений. Том 61</title>
                      <imprint>
                         <pubPlace>Москва</pubPlace>
                         <publisher>Государственное издательство "Художественная литература"</publisher>
                         <date when="1953"/>
                      </imprint>
                   </monogr>
                   <series>
                      <title level="s">Л.Н. Толстой. Полное собрание сочинений</title>
                      <biblScope unit="vol">61</biblScope>
                   </series>
                </biblStruct>
             </sourceDesc>
          </fileDesc>
          <encodingDesc>
             <tagsDecl> </tagsDecl>
          </encodingDesc>
          <profileDesc>
             <correspDesc>
                <correspAction type="sending">
                   <persName ref="PersonList.xml#L_N_Tolstoy">Л. Н. Толстой</persName>
                   <placeName ref="PlacesListxml#PLACE">Я. П.</placeName>
                   <date when="1872-12-14">1872 г. Декабря 14.</date>            </correspAction>
                <correspAction type="receiving">
                   <persName ref="PersonList.xml#RECEIVER">H. Н. Страхову</persName>
                </correspAction>
                <correspContext>
                   <ref type="prev"></ref>
                </correspContext>
             </correspDesc>
          </profileDesc>
       </teiHeader>
       <xenoData><number type="in a volume">424</number></xenoData>

              <text xml:id="H__N__Straxovu_424">
	<body><div>
		<opener index="false">
* 424. H. Н. Страхову.
1872 г. Декабря 14. Я. П.</opener>
<p rend="right">14 декабря.</p>
<p rend="Obrashenie">Дорогой Николай Никола[евич],</p>
<p rend="left">Что с вами? Живы ли, здоровы ли? Не сердитесь ли на меня? Тотчас после вашего отъезда я прочел вашу книгу и написал вам длинное письмо,<note xml:id="note1" resp="volume_editor" index="false"> <ref target='file:///Volume_61_H__N__Straxovu_426.xml'>См. письмо № 426</ref>.</note> кот[орое] не посылаю потому, что, не зная адреса, посылаю это письмо на удачу. —</p>
<p rend="left">Да что и куда деньги, кот[орые] я вам должен?</p>
<p rend="left">Азбука не идет, и одна была критика — ругательная.<note xml:id="note2" resp="volume_editor" index="false"> См. прим. 5 к письму № 426.</note></p>
<p rend="left">Habent sua fata libelli.<note xml:id="note3" resp="volume_editor" index="false"> [У книг есть своя судьба] — слова, принадлежащие Теренциану Мавру, жившему в III веке. Ср. письмо № 407.</note></p>
<p rend="right">Ваш Л. Толстой.</p>
<p rend="left">Откликнитесь.</p>
<comments><p rend="Textpetit_otstup left">Год определяется сопоставлением с письмом № 426.</p>
<p rend="Textpetit_otstup left"><hi>1</hi> <ref target='file:///Volume_61_H__N__Straxovu_426.xml'>См. письмо № 426</ref>.</p>
<p rend="petit left"><hi>2</hi> См. прим. 5 к письму № 426.</p>
<p rend="petit left"><hi>3</hi> [У книг есть своя судьба] — слова, принадлежащие Теренциану Мавру, жившему в III веке. Ср. письмо № 407.</p>
</comments></div></body>
        </text>
        </TEI>