<?xml version="1.0" encoding="UTF-8"?>
    <!-- <?xml-stylesheet type="text/xsl" target="../resources/MJT/myletter.xsl"?> -->
    <?xml-stylesheet type="css" target="graves.css"?>
    <?xml-model target="http://www.tei-c.org/release/xml/tei/custom/schema/relaxng/tei_all.rng" type="application/xml" schematypens="http://relaxng.org/ns/structure/1.0"?>
    <?xml-model target="http://www.tei-c.org/release/xml/tei/custom/schema/relaxng/tei_all.rng" type="application/xml"
            schematypens="http://purl.oclc.org/dsdl/schematron"?>
    <TEI xmlns="http://www.tei-c.org/ns/1.0">
       <teiHeader>
          <fileDesc>
             <titleStmt>
                <title>Письмо №* 60. Т. А. Ергольской.</title>
             </titleStmt>
             <publicationStmt>
                <publisher>TolstoyLab</publisher>
                <date when="2015-09-14">14 September 2015</date>
             </publicationStmt>
             <sourceDesc>
                <biblStruct>
                   <analytic>
                      <author>Толстой Л.Н.</author>
                   </analytic>
                   <monogr>
                      <title level="m">Полное собрание сочинений. Том 60</title>
                      <imprint>
                         <pubPlace>Москва</pubPlace>
                         <publisher>Государственное издательство "Художественная литература"</publisher>
                         <date when="1949"/>
                      </imprint>
                   </monogr>
                   <series>
                      <title level="s">Л.Н. Толстой. Полное собрание сочинений</title>
                      <biblScope unit="vol">60</biblScope>
                   </series>
                </biblStruct>
             </sourceDesc>
          </fileDesc>
          <encodingDesc>
             <tagsDecl> </tagsDecl>
          </encodingDesc>
          <profileDesc>
             <correspDesc>
                <correspAction type="sending">
                   <persName ref="PersonList.xml#L_N_Tolstoy">Л. Н. Толстой</persName>
                   <placeName ref="PlacesListxml#PLACE">Париж.</placeName>
                   <date when="1857-02-10">1857 г. Февраля 10</date>            </correspAction>
                <correspAction type="receiving">
                   <persName ref="PersonList.xml#RECEIVER">Т. А. Ергольской</persName>
                </correspAction>
                <correspContext>
                   <ref type="prev"></ref>
                </correspContext>
             </correspDesc>
          </profileDesc>
       </teiHeader>
       <xenoData><number type="in a volume">60</number></xenoData>

              <text xml:id="T.A.Ergolskoj_60">
	<body><div>
		<opener index="false">
* 60. Т. А. Ергольской.
1857 г. Февраля 10/22. Париж.</opener>
<p rend="right">10/22 Февраля.</p>
<p rend="left">Je suis arrivé hier à Paris, chère tante, et si ce n’est que quelques mots, je m’empresse de vous donner de mes nouvelles. J’ai mis 11 jours à faire ce voyage de Moscou à Paris, presque sans m’arrêter. Quoiqu’encore excessivement fatigué ma santé est bonne. J’ai trouvé ici Tourguéneff et Nékrassoff et compte passer ici un mois pour aller au printemps en Italie. Ni les voyages ni la vie ne sont chers ici, mais j’ai dépensé beaucoup d’argent à Moscou où nous avons passé comme vous le racontera Serge 3 semaines pour moi du moins excessivement agréables. D’après votre lettre, chère tante,<note xml:id="note1" resp="volume_editor" index="false"> Письмо Т. А. Ергольской неизвестно.</note> je vois que nous ne nous <hi style="opdelimiter">comprenons</hi><hi style="opnumber">159</hi> <hi style="npnumber">160</hi><hi style="npdelimiter">pas</hi> du tout au sujet de l’affaire de Soudakowo. Quoique j’avoue, que je suis fautif d’avoir été inconséquent et que la chose aurait pu se passer<note xml:id="note2" resp="volume_editor" index="false"> <hi>В подлиннике:</hi> se passait</note> tout autrement, je crois avoir agi tout-à-fait honnêtement. Je n’ai pas cessé de dire que je ne connais pas le sentiment que j’ai pour la jeune personne mais que cela n’est pas de l’amour et que je tiens à m’éprouver moi même. L’épreuve m’a montré que je me trompais et je l’ai écrit à Valérie aussi sincèrement que j’ai pu le faire.<note xml:id="note3" resp="volume_editor" index="false"> Письмо Толстого к В. В. Арсеньевой от 14 января 1857 г., см. № 54.</note> Après cela nos relations ont été tellement pures que je suis sûr que leur souvenir ne lui sera jamais désagréable, si elle se marie et c’est pour cela que je lui ai écrit que je voudrais qu’elle m’écrive. Je ne vois pas pourquoi un jeune homme doit absolument être amoureux d’une jeune personne et l’épouser et ne peut pas avoir des relations d’amitié, car pour de l’amitié et de l’intérêt j’en conserverai toujours beaucoup pour elle. Si M-lle Vergani qui m’a écrit une lettre aussi ridicule<note xml:id="note4" resp="volume_editor" index="false"> Письмо Вергани к Толстому неизвестно.</note> voulait se rappeler toute ma conduite vis à vis de Valérie, comment je tâchais de venir le plus rarement possible de me comporter avec V[alérie] le plus simplement possible, comment c’est elle qui m’engagait<note xml:id="note5" resp="volume_editor" index="false"> <hi>В подлиннике:</hi> engagé</note> à venir plus souvent et à entrer dans des relations plus proches. Je comprends qu’elle [soit] fâchée de ce qu’une chose qu’elle a beaucoup désiré ne ce fait pas, j’en suis fâché peut-être plus qu’elle mais ce n’est pas une raison pour dire à un homme, qui c’est efforcé d’agir le mieux possible, qui a fait des sacrifices de peur de faire le malheur des autres, de lui dire qu’il est un свинья et de le faire croire à tout le monde. Je suis sûr que Toula est convaincue que je suis le plus grand des monstres. Adieu, chère tante, je baise vos mains. Ecrivez moi ainsi. France, Paris, Rue de Rivoli. Hôtel Meurice, № 149.</p>
<p rend="left">Ежели Сережа с вами, поздравляю его с рождеством, обнимаю и прошу не раздумывать ехать за границу, я пробуду в Париже до 10/22 Марта.</p>
<lb/>
<p rend="left"><hi>На конверте:</hi></p>
<p rend="left"><hi>Russie</hi>. <hi>Toula.</hi> A Madame Iorguelsky. Ее Высокоблагородию Татьяне Александровне Ергольской. <hi>В Тулу</hi>. В сельцо Ясные Поляны.</p>
<lb/>
<p rend="petit left">Вчера приехал в Париж, дорогая тетенька, и, хотя несколькими словами, спешу вас известить о себе. Из Москвы до Парижа я проехал 11 дней, почти без остановки. Я здоров, хотя и очень устал. Тут я застал Тургенева и Некрасова; намереваюсь пробыть здесь месяц, чтобы весной <hi style="opdelimiter">поехать</hi><hi style="opnumber">160</hi> <hi style="npnumber">161</hi><hi style="npdelimiter">в</hi> Италию. Ни путешествие, ни здешняя жизнь не дороги, но я истратил много денег в Москве, где мы провели с Сережей, как он, наверное, вам рассказал, 3 недели, для меня по крайней мере, преприятно. Судя по вашему письму, дорогая тетенька,<note xml:id="note6" resp="volume_editor" index="false"> Письмо Т. А. Ергольской неизвестно.</note> я вижу, что мы друг друга не понимаем по поводу происшедшего в Судакове. Хотя я сознаюсь, что я виноват в том, что был непоследователен и что всё могло бы произойти иначе, но думаю, что я поступил вполне честно. Я говорил не раз, что не могу определить того чувства, которое испытываю к этой девушке, но что любви с моей стороны нет и что я хочу проверить себя. И, проверяя себя, я убедился в своем заблуждении и совершенно искренно написал об этом Валерии.<note xml:id="note7" resp="volume_editor" index="false"> Письмо Толстого к В. В. Арсеньевой от 14 января 1857 г., см. № 54.</note> Затем, отношения наши были так чисты, что воспоминание о них, ежели она выйдет замуж, не может ей быть неприятным, и поэтому я и просил ее не прерывать нашей переписки.</p>
<p rend="petit left">Не понимаю, почему молодой человек может только быть влюбленным в девушку и жениться на ней, а не может быть между ними простой дружбы. И я всегда сохраню к ней дружбу. М-ль Вергани написала мне смешное письмо;<note xml:id="note8" resp="volume_editor" index="false"> Письмо Вергани к Толстому неизвестно.</note> ей следует припомнить, что я старался бывать у них как можно реже, устанавливал самые простые отношения с Валерией и что она приглашала меня бывать чаще и сойтись ближе. Понимаю, что ей досадно, что не устроилось то, чего ей хотелось; мне, вероятно, эта вся история неприятнее, чем ей, но это не дает ей права назвать <hi>свиньей</hi> (и других в этом уверять) того, кто всячески старался поступить хорошо и, принеся некоторую жертву, спасти другого и себя от несчастия. Уверен, что в Туле я слыву величайшим чудовищем.</p>
<p rend="petit left">Прощайте, дорогая тетенька, целую ваши ручки. Пишите мне так: Франция, Париж, улица Риволи, гостиница Мёрис, № 149.</p>
<comments><p rend="Textpetit_otstup left">Впервые полностью (в переводе) напечатано в Бир. XXI, стр. 148.</p>
<p rend="Textpetit_otstup left"><hi>1</hi> Письмо Т. А. Ергольской неизвестно.</p>
<p rend="petit left"><hi>2</hi> <hi>В подлиннике:</hi> se passait</p>
<p rend="petit left"><hi>3</hi> Письмо Толстого к В. В. Арсеньевой от 14 января 1857 г., см. № 54.</p>
<p rend="petit left"><hi>4</hi> Письмо Вергани к Толстому неизвестно.</p>
<p rend="petit left"><hi>5</hi> <hi>В подлиннике:</hi> engagé</p>
</comments></div></body>
        </text>
        </TEI>