<?xml version="1.0" encoding="UTF-8"?>
    <!-- <?xml-stylesheet type="text/xsl" target="../resources/MJT/myletter.xsl"?> -->
    <?xml-stylesheet type="css" target="graves.css"?>
    <?xml-model target="http://www.tei-c.org/release/xml/tei/custom/schema/relaxng/tei_all.rng" type="application/xml" schematypens="http://relaxng.org/ns/structure/1.0"?>
    <?xml-model target="http://www.tei-c.org/release/xml/tei/custom/schema/relaxng/tei_all.rng" type="application/xml"
            schematypens="http://purl.oclc.org/dsdl/schematron"?>
    <TEI xmlns="http://www.tei-c.org/ns/1.0">
       <teiHeader>
          <fileDesc>
             <titleStmt>
                <title>Письмо №364. А. А. Фету.</title>
             </titleStmt>
             <publicationStmt>
                <publisher>TolstoyLab</publisher>
                <date when="2015-09-14">14 September 2015</date>
             </publicationStmt>
             <sourceDesc>
                <biblStruct>
                   <analytic>
                      <author>Толстой Л.Н.</author>
                   </analytic>
                   <monogr>
                      <title level="m">Полное собрание сочинений. Том 61</title>
                      <imprint>
                         <pubPlace>Москва</pubPlace>
                         <publisher>Государственное издательство "Художественная литература"</publisher>
                         <date when="1953"/>
                      </imprint>
                   </monogr>
                   <series>
                      <title level="s">Л.Н. Толстой. Полное собрание сочинений</title>
                      <biblScope unit="vol">61</biblScope>
                   </series>
                </biblStruct>
				<bibl>Впервые опубликовано в «Русском обозрении», 1890, 7, стр. 24. Год и месяц определяются упоминанием об «Азбуке»; число проставлено на оригинале рукой Фета (может означать и дату получения письма).</bibl>
             </sourceDesc>
          </fileDesc>
          <encodingDesc>
             <tagsDecl> </tagsDecl>
          </encodingDesc>
          <profileDesc>
             <correspDesc>
                <correspAction type="sending">
                   <persName ref="PersonList.xml#L_N_Tolstoy">Л. Н. Толстой</persName>
                   <placeName ref="PlacesListxml#PLACE">Я. П.</placeName>
                   <date when="1872-03-16">1872 г. Марта 16?</date>            </correspAction>
                <correspAction type="receiving">
                   <persName ref="PersonList.xml#RECEIVER">А. А. Фету</persName>
                </correspAction>
                <correspContext>
                   <ref type="prev"></ref>
                </correspContext>
             </correspDesc>
          </profileDesc>
       </teiHeader>
       <xenoData><number type="in a volume">364</number></xenoData>

              <text xml:id="A__A__Fetu_364">
	<body><div>
		<opener index="false">
364. А. А. Фету.
1872 г. Марта 16? Я. П.</opener>
<p rend="left">Письмо ваше очень порадовало меня. Как ни странно мне, чтобы старинные мои писания еще жили бы для кого-нибудь, все-таки это радостно, особенно от вас.<note xml:id="note1" resp="volume_editor" index="false"> Письмо Фета не сохранилось.</note> Как бы мне <hi style="opdelimiter">хотелось</hi><hi style="opnumber">276</hi> <hi style="npnumber">277</hi><hi style="npdelimiter">видеть</hi> вас; а ехать не могу. Всё хвораю. Ради бога, не проезжайте меня мимо, когда поедете в Москву. Азбука моя не дает мне покоя для другого занятия. Печатанье идет черепашьими шагами, и чорт знает, когда кончится, а я всё прибавляю, убавляю и изменяю. Что из этого выйдет, не знаю; а положил я в него всю душу. Рессора и не думала ломаться. Наш поклон Марье Петровне.</p>
<p rend="right">Ваш Л. Толстой.</p>
<comments><p rend="Textpetit_otstup left">Впервые опубликовано в «Русском обозрении», 1890, 7, стр. 24. Год и месяц определяются упоминанием об «Азбуке»; число проставлено на оригинале рукой Фета (может означать и дату получения письма).</p>
<p rend="Textpetit_otstup left"><hi>1</hi> Письмо Фета не сохранилось.</p>
</comments></div></body>
        </text>
        </TEI>