<?xml version="1.0" encoding="UTF-8"?>
    <!-- <?xml-stylesheet type="text/xsl" target="../resources/MJT/myletter.xsl"?> -->
    <?xml-stylesheet type="css" target="graves.css"?>
    <?xml-model target="http://www.tei-c.org/release/xml/tei/custom/schema/relaxng/tei_all.rng" type="application/xml" schematypens="http://relaxng.org/ns/structure/1.0"?>
    <?xml-model target="http://www.tei-c.org/release/xml/tei/custom/schema/relaxng/tei_all.rng" type="application/xml"
            schematypens="http://purl.oclc.org/dsdl/schematron"?>
    <TEI xmlns="http://www.tei-c.org/ns/1.0">
       <teiHeader>
          <fileDesc>
             <titleStmt>
                <title>Письмо №* 279. Н. Н. Толстому.</title>
             </titleStmt>
             <publicationStmt>
                <publisher>TolstoyLab</publisher>
                <date when="2015-09-14">14 September 2015</date>
             </publicationStmt>
             <sourceDesc>
                <biblStruct>
                   <analytic>
                      <author>Толстой Л.Н.</author>
                   </analytic>
                   <monogr>
                      <title level="m">Полное собрание сочинений. Том 60</title>
                      <imprint>
                         <pubPlace>Москва</pubPlace>
                         <publisher>Государственное издательство "Художественная литература"</publisher>
                         <date when="1949"/>
                      </imprint>
                   </monogr>
                   <series>
                      <title level="s">Л.Н. Толстой. Полное собрание сочинений</title>
                      <biblScope unit="vol">60</biblScope>
                   </series>
                </biblStruct>
             </sourceDesc>
          </fileDesc>
          <encodingDesc>
             <tagsDecl> </tagsDecl>
          </encodingDesc>
          <profileDesc>
             <correspDesc>
                <correspAction type="sending">
                   <persName ref="PersonList.xml#L_N_Tolstoy">Л. Н. Толстой</persName>
                   <placeName ref="PlacesListxml#PLACE">Я. П.</placeName>
                   <date when="1858-08">1858 г. Август</date>            </correspAction>
                <correspAction type="receiving">
                   <persName ref="PersonList.xml#RECEIVER">Н. Н. Толстому</persName>
                </correspAction>
                <correspContext>
                   <ref type="prev"></ref>
                </correspContext>
             </correspDesc>
          </profileDesc>
       </teiHeader>
       <xenoData><number type="in a volume">279</number></xenoData>

              <text xml:id="gr.H.N.Tolstomu_279">
	<body><div>
		<opener index="false">
* 279. Н. Н. Толстому.
1858 г. Август до 5. Я. П.
</opener>
<p rend="Obrashenie left">Любезный брат </p>
<p rend="Obrashenie1_ left">Николай Николаевич,</p>
<p rend="left">Состоит за мною вообще с тобой и Братом нашим Графом Штабс Капитаном Сергеем Николаевичем Толстым недвижимое имение Курской губернии Суджанского уезда в сельце Ржаве, Щербаковке тож, всего по 9-ой ревизии 333 души мужеска пола, или сколько оказаться может, с принадлежащею к <hi style="opdelimiter">ним</hi><hi style="opnumber">472</hi> <hi style="npnumber">473</hi><hi style="npdelimiter">землею,</hi> доставшееся нам по наследству от Брата нашего Графа Дмитрия Николаевича Толстого, но как оным имением мы во владение еще не введены, а потому и прошу тебя: просить, где следует, о вводе нас означенным имением во владение, вводный лист получить и по вводе примите то имение в свое управление и распоряжение, собирайте с оного доход и следующие на мою часть доставляйте ко мне, за крестьянами и дворовыми людьми иметь неослабный надзор, ленивых и нерадивых исправляйте законными мерами через полицейские места, а вовсе не повинующихся власти отдавать в смирительные рабочие дома на сроки, законом дозволенные, если кто из крестьян или дворовых людей обоего пола пожелают куда либо отбыть для работы, то выдавайте им письменные виды для получения из местного уездного Казначейства полугодовых и годовых пачпортов и билетов. Мальчиков и девочек можете отдавать в ученье различным мастерствам и на сей предмет совершайте, с кем следовать будет, законные контракты и условия, девкам и вдовам давать выводные для выхода в замужество в имения других помещиков и к себе таковых принимать, за хорошие заслуги можете крестьян и дворовых людей обоего пола отпускать на волю и выдавать им за своим подписом отпускные; равно, если встретится надобность, можете имение наше перезаложить в С. Петербургском Опекунском Совете, для чего испросить из местной Гражданской Палаты узаконенное свидетельство, которое получите и представьте в оный совет, и просите о выдаче нам по 9-ой или 10-ой ревизии на каждую душу по достаточному количеству земли, на 33-х летний срок, по 60 или 70 руб. серебром или сколько по правилам точно совета назначено нам будет в выдачу, таковые получите и следующие на мою часть доставьте ко мне, в исправном же платеже капитала и процентов дайте тому совету от имени моего и твоего за твоим вместо меня подписом обязательство. Если же встретятся выгодные покупатели, то можете имение наше продать всё в полном составе или по частям с переводом на покупщика долга совета за цену тебе известную. Купчую, где следовать будет, совершить, деньги с покупщика получить и мою часть доставить ко мне, а купчую ему выдать с распискою и в последнем случае, если какие могут возникнуть дела, до имения нашего относящиеся, то к ограждению прав собственности нашей, вместо меня ходатайства имейте, подавайте <hi style="opdelimiter">во</hi><hi style="opnumber">473</hi> <hi style="npnumber">474</hi><hi style="npdelimiter">все</hi> присутственные места и к начальствующим лицам прошения, объявления и другие бумаги от имени моего за твоим вместо меня рукоприкладством, выслушайте решения, подписывайте под оным удовольствие или неудовольствие, подавайте частные и апелляционные жалобы и дела переносите из низших в высшие инстанции, даже и в правительствующий Сенат, с соблюдением всего апелляционного обряда, в чем я тебе или ты кому от себя поверишь верю, и что ты или твой поверенный законно по сему учините, спорить и прекословить не буду.</p>
<p rend="left">Остаюсь любящий тебя брат Лев Николаев Граф Толстой, Поручик Артиллерии.</p>
<p rend="left">Августа дня 1858 года.</p>
<p rend="left">Эта доверенность принадлежит Брату моему Штабс-Капитану Графу Толстому.</p>
<p rend="Textpetit_otstup left">1858 года августа 5 дня Тульская палата гражданского суда на основ. св. зак. гр. X т. изд. 1842, 1998 ст. свидетельствует, что сия доверенность действительно подписана рукою поручика артиллерии Льва Николаева графа Толстого и дана брату его штабс-капитану Николаю Николаеву графу Толстому, — а что в сей явно исправлено Льва, то верно.</p>
<p rend="petit right">Заседатель Казаринов.</p>
<p rend="petit right">Заседатель (подпись).</p>
<p rend="petit right">Заседатель Кундсков.</p>
<p rend="petit right">Секретарь Мирон Сахаров.</p>
<p rend="petit right">Регистратор Лазарев.</p>
<comments><p rend="petit left">Вся доверенность написана писарской рукой; Толстому принадлежит только подпись. Число месяца в подлиннике не проставлено.</p>
</comments></div></body>
        </text>
        </TEI>
