<?xml version="1.0" encoding="UTF-8"?>
    <!-- <?xml-stylesheet type="text/xsl" target="../resources/MJT/myletter.xsl"?> -->
    <?xml-stylesheet type="css" target="graves.css"?>
    <?xml-model target="http://www.tei-c.org/release/xml/tei/custom/schema/relaxng/tei_all.rng" type="application/xml" schematypens="http://relaxng.org/ns/structure/1.0"?>
    <?xml-model target="http://www.tei-c.org/release/xml/tei/custom/schema/relaxng/tei_all.rng" type="application/xml"
            schematypens="http://purl.oclc.org/dsdl/schematron"?>
    <TEI xmlns="http://www.tei-c.org/ns/1.0">
       <teiHeader>
          <fileDesc>
             <titleStmt>
                <title>Письмо №* 81. И. И. Орлову.</title>
             </titleStmt>
             <publicationStmt>
                <publisher>TolstoyLab</publisher>
                <date when="2015-09-14">14 September 2015</date>
             </publicationStmt>
             <sourceDesc>
                <biblStruct>
                   <analytic>
                      <author>Толстой Л.Н.</author>
                   </analytic>
                   <monogr>
                      <title level="m">Полное собрание сочинений. Том 61</title>
                      <imprint>
                         <pubPlace>Москва</pubPlace>
                         <publisher>Государственное издательство "Художественная литература"</publisher>
                         <date when="1953"/>
                      </imprint>
                   </monogr>
                   <series>
                      <title level="s">Л.Н. Толстой. Полное собрание сочинений</title>
                      <biblScope unit="vol">61</biblScope>
                   </series>
                </biblStruct>
             </sourceDesc>
          </fileDesc>
          <encodingDesc>
             <tagsDecl> </tagsDecl>
          </encodingDesc>
          <profileDesc>
             <correspDesc>
                <correspAction type="sending">
                   <persName ref="PersonList.xml#L_N_Tolstoy">Л. Н. Толстой</persName>
                   <placeName ref="PlacesListxml#PLACE">Москва.</placeName>
                   <date when="1864-12-03">1864 г. Декабря 3.</date>            </correspAction>
                <correspAction type="receiving">
                   <persName ref="PersonList.xml#RECEIVER">И. И. Орлову</persName>
                </correspAction>
                <correspContext>
                   <ref type="prev"></ref>
                </correspContext>
             </correspDesc>
          </profileDesc>
       </teiHeader>
       <xenoData><number type="in a volume">81</number></xenoData>

              <text xml:id="I__I__Orlovu_81">
	<body><div>
		<opener index="false">
* 81. И. И. Орлову.
1864 г. Декабря 3. Москва.
</opener>
<p rend="Obrashenie left">Иван Иванович!</p>
<p rend="left">Деньги мне еще рублей 500 очень нужны. Постарайтесь продать дрова и собрать по мелочам. — Рожь вы продали очень невыгодно. Здесь мука 42 к. за пуд, следовательно 3 р. 78 к., вычесть провоз по 6 к. с пуда 54 коп., по 7 к. 63 коп. Дешевле 3 р. 10 к. так муку нельзя продавать. Кроме того, никогда не нужно продавать рожью, а надо продавать мукою. Это 50 к. на четверть расчета. Пожалуйста, <hi style="opdelimiter">займитесь</hi><hi style="opnumber">60</hi> <hi style="npnumber">61</hi><hi style="npdelimiter">молоньем</hi> ржи на муку, и когда нужно будет продавать, то не иначе как мукою, да приценитесь, что возьмут за провоз до Ясной. Кроме того, узнайте, не нужна ли мука на заводы около вас, и я полагаю, что вы продадите не дешевле 3 р. —</p>
<p rend="left">Желаю вам всего лучшего и надеюсь скоро быть у вас.<note xml:id="note1" resp="volume_editor" index="false"> Толстой уехал в Москву лечить руку 21 ноября, вернулся в Ясную Поляну 13 декабря.</note></p>
<p rend="right">Гр. Л. Толстой.</p>
<p rend="left">3 декабря.</p>
<comments><p rend="Textpetit_otstup left">Год устанавливается сопоставлением с письмом от 8 января 1865 г. (№ 94), в котором Толстой писал, что «больше месяца» не получает ответа от Орлова.</p>
<p rend="Textpetit_otstup left"><hi>1</hi> Толстой уехал в Москву лечить руку 21 ноября, вернулся в Ясную Поляну 13 декабря.</p>
</comments></div></body>
        </text>
        </TEI>