<?xml version="1.0" encoding="UTF-8"?>
    <!-- <?xml-stylesheet type="text/xsl" target="../resources/MJT/myletter.xsl"?> -->
    <?xml-stylesheet type="css" target="graves.css"?>
    <?xml-model target="http://www.tei-c.org/release/xml/tei/custom/schema/relaxng/tei_all.rng" type="application/xml" schematypens="http://relaxng.org/ns/structure/1.0"?>
    <?xml-model target="http://www.tei-c.org/release/xml/tei/custom/schema/relaxng/tei_all.rng" type="application/xml"
            schematypens="http://purl.oclc.org/dsdl/schematron"?>
    <TEI xmlns="http://www.tei-c.org/ns/1.0">
       <teiHeader>
          <fileDesc>
             <titleStmt>
                <title>Письмо №* 134. Гр. Н. Н. Толстому.</title>
             </titleStmt>
             <publicationStmt>
                <publisher>TolstoyLab</publisher>
                <date when="2015-09-14">14 September 2015</date>
             </publicationStmt>
             <sourceDesc>
                <biblStruct>
                   <analytic>
                      <author>Толстой Л.Н.</author>
                   </analytic>
                   <monogr>
                      <title level="m">Полное собрание сочинений. Том 60</title>
                      <imprint>
                         <pubPlace>Москва</pubPlace>
                         <publisher>Государственное издательство "Художественная литература"</publisher>
                         <date when="1949"/>
                      </imprint>
                   </monogr>
                   <series>
                      <title level="s">Л.Н. Толстой. Полное собрание сочинений</title>
                      <biblScope unit="vol">60</biblScope>
                   </series>
                </biblStruct>
             </sourceDesc>
          </fileDesc>
          <encodingDesc>
             <tagsDecl> </tagsDecl>
          </encodingDesc>
          <profileDesc>
             <correspDesc>
                <correspAction type="sending">
                   <persName ref="PersonList.xml#L_N_Tolstoy">Л. Н. Толстой</persName>
                   <placeName ref="PlacesListxml#PLACE">Я. П.</placeName>
                   <date when="1859-04-27">1859 г. Апреля 27.</date>            </correspAction>
                <correspAction type="receiving">
                   <persName ref="PersonList.xml#RECEIVER">Гр. Н. Н. Толстому</persName>
                </correspAction>
                <correspContext>
                   <ref type="prev"></ref>
                </correspContext>
             </correspDesc>
          </profileDesc>
       </teiHeader>
       <xenoData><number type="in a volume">134</number></xenoData>

              <text xml:id="gr.N.N.Tolstomu_134">
	<body><div>
		<opener index="false">
* 134. Гр. Н. Н. Толстому.
1859 г. Апреля 27. Я. П.</opener>
<p rend="left">Очень тебе благодарен, любезный друг, за деньги. Я сам<note xml:id="note1" resp="volume_editor" index="false"> Зачеркнуто: был.</note> в Ясной Поляне, нынче приехал. Я теперь со всеми долгами квит и очень доволен. — Не приедешь ли к нам? Я вернулся невредим. Сережа, который приехал нынче, говорит, что мне отказали. Он затравил лисицу. Маше здоровье лучше. Дети и тетинька здоровы. — До свиданья. Тетинька целует тебя. Она ждет Обломова.</p>
<p rend="right">Твой Л. Толстой.</p>
<p rend="left">27 Апреля.</p>
<comments><p rend="Textpetit_otstup left">Николай Николаевич Толстой (1823—1860) — старший брат Толстого. О нем см. т. 59, стр. 121—122<hi>.</hi></p>
<p rend="Textpetit_otstup left"><hi>1</hi> Зачеркнуто: был.</p>
<p rend="emptyline left"><hi style="opnumber">292</hi> <hi style="npnumber">293</hi></p>
</comments></div></body>
        </text>
        </TEI>
