<?xml version="1.0" encoding="UTF-8"?>
    <!-- <?xml-stylesheet type="text/xsl" target="../resources/MJT/myletter.xsl"?> -->
    <?xml-stylesheet type="css" target="graves.css"?>
    <?xml-model target="http://www.tei-c.org/release/xml/tei/custom/schema/relaxng/tei_all.rng" type="application/xml" schematypens="http://relaxng.org/ns/structure/1.0"?>
    <?xml-model target="http://www.tei-c.org/release/xml/tei/custom/schema/relaxng/tei_all.rng" type="application/xml"
            schematypens="http://purl.oclc.org/dsdl/schematron"?>
    <TEI xmlns="http://www.tei-c.org/ns/1.0">
       <teiHeader>
          <fileDesc>
             <titleStmt>
                <title>Письмо №234. Гр. А. А. Толстой.</title>
             </titleStmt>
             <publicationStmt>
                <publisher>TolstoyLab</publisher>
                <date when="2015-09-14">14 September 2015</date>
             </publicationStmt>
             <sourceDesc>
                <biblStruct>
                   <analytic>
                      <author>Толстой Л.Н.</author>
                   </analytic>
                   <monogr>
                      <title level="m">Полное собрание сочинений. Том 60</title>
                      <imprint>
                         <pubPlace>Москва</pubPlace>
                         <publisher>Государственное издательство "Художественная литература"</publisher>
                         <date when="1949"/>
                      </imprint>
                   </monogr>
                   <series>
                      <title level="s">Л.Н. Толстой. Полное собрание сочинений</title>
                      <biblScope unit="vol">60</biblScope>
                   </series>
                </biblStruct>
             </sourceDesc>
          </fileDesc>
          <encodingDesc>
             <tagsDecl> </tagsDecl>
          </encodingDesc>
          <profileDesc>
             <correspDesc>
                <correspAction type="sending">
                   <persName ref="PersonList.xml#L_N_Tolstoy">Л. Н. Толстой</persName>
                   <placeName ref="PlacesListxml#PLACE">Я. П.</placeName>
                   <date when="1862-02-22">1862 г. Февраля 22.</date>            </correspAction>
                <correspAction type="receiving">
                   <persName ref="PersonList.xml#RECEIVER">Гр. А. А. Толстой</persName>
                </correspAction>
                <correspContext>
                   <ref type="prev"></ref>
                </correspContext>
             </correspDesc>
          </profileDesc>
       </teiHeader>
       <xenoData><number type="in a volume">234</number></xenoData>

              <text xml:id="gr.A.A.Tolstoj_234">
	<body><div>
		<opener index="false">
234. Гр. А. А. Толстой.
1862 г. Февраля 22. Я. П.</opener>
<p rend="left">Благодарствуйте за ваше письмо<note xml:id="note1" resp="volume_editor" index="false"> Письмо А. А. Толстой неизвестно.</note> — писать мне некогда, а пожалуйста сделайте одно: достаньте <hi>записки из Мертвого дома</hi> и прочтите их. <hi>Это нужно</hi>. —</p>
<p rend="left">Целую ваши руки — прощайте. —</p>
<p rend="right">Л. Толстой.</p>
<p rend="left">23 Февраля.</p>
<comments><p rend="Textpetit_otstup left">Опубликовано впервые в «Сборнике Толстовского музея», Гослитиздат. 1937.</p>
<p rend="petit left">Публикуемое письмо является первым отзывом Толстого о «Записках из Мертвого дома» и о Достоевском вообще. Из этого письма видно, что «Записки из Мертвого дома» были высоко оценены Толстым сейчас же по их появлении. Эта высокая оценка сохранилась у Толстого и в дальнейшем. См. письмо Толстого к H. Н. Страхову в сентябре 1880 г. (т. 63, стр. 24). В трактате «Что такое искусство?» «Записки из Мертвого дома» причислены к образцам высшего искусства. В 1904 г. Толстой включил в свой «Круг чтения» два отрывка из «Записок из Мертвого дома»: «Орел» и «Смерть в госпитале».</p>
<p rend="Textpetit_otstup left"><hi>1</hi> Письмо А. А. Толстой неизвестно.</p>
</comments></div></body>
        </text>
        </TEI>