<?xml version="1.0" encoding="UTF-8"?>
    <!-- <?xml-stylesheet type="text/xsl" target="../resources/MJT/myletter.xsl"?> -->
    <?xml-stylesheet type="css" target="graves.css"?>
    <?xml-model target="http://www.tei-c.org/release/xml/tei/custom/schema/relaxng/tei_all.rng" type="application/xml" schematypens="http://relaxng.org/ns/structure/1.0"?>
    <?xml-model target="http://www.tei-c.org/release/xml/tei/custom/schema/relaxng/tei_all.rng" type="application/xml"
            schematypens="http://purl.oclc.org/dsdl/schematron"?>
    <TEI xmlns="http://www.tei-c.org/ns/1.0">
       <teiHeader>
          <fileDesc>
             <titleStmt>
                <title>Письмо №* 408. Н. Н. Страхову.</title>
             </titleStmt>
             <publicationStmt>
                <publisher>TolstoyLab</publisher>
                <date when="2015-09-14">14 September 2015</date>
             </publicationStmt>
             <sourceDesc>
                <biblStruct>
                   <analytic>
                      <author>Толстой Л.Н.</author>
                   </analytic>
                   <monogr>
                      <title level="m">Полное собрание сочинений. Том 61</title>
                      <imprint>
                         <pubPlace>Москва</pubPlace>
                         <publisher>Государственное издательство "Художественная литература"</publisher>
                         <date when="1953"/>
                      </imprint>
                   </monogr>
                   <series>
                      <title level="s">Л.Н. Толстой. Полное собрание сочинений</title>
                      <biblScope unit="vol">61</biblScope>
                   </series>
                </biblStruct>
             </sourceDesc>
          </fileDesc>
          <encodingDesc>
             <tagsDecl> </tagsDecl>
          </encodingDesc>
          <profileDesc>
             <correspDesc>
                <correspAction type="sending">
                   <persName ref="PersonList.xml#L_N_Tolstoy">Л. Н. Толстой</persName>
                   <placeName ref="PlacesListxml#PLACE">Я. П.</placeName>
                   <date when="1872-10-09">1872 г. Октября 9.</date>            </correspAction>
                <correspAction type="receiving">
                   <persName ref="PersonList.xml#RECEIVER">Н. Н. Страхову</persName>
                </correspAction>
                <correspContext>
                   <ref type="prev">Ответ на несохранившееся письмо Н. Н. <hi style="opdelimiter">Страхова.</hi><hi style="opnumber">325</hi></ref>
                </correspContext>
             </correspDesc>
          </profileDesc>
       </teiHeader>
       <xenoData><number type="in a volume">408</number></xenoData>

              <text xml:id="H__N__Straxovu_408">
	<body><div>
		<opener index="false">
* 408. Н. Н. Страхову.
1872 г. Октября 9...10. Я. П.</opener>
<p rend="left">Сейчас получил ваше письмо, многоуважаемый Николай Николаич, и с свойственным людям эгоизмом и противуречием, я, несмотря на то, что искренно страдаю за вас, испугался того, что вы бросите теперь всё. Вы пишете, что устали и отупели. Еще бы за этакой страшной работой. Не покидайте теперь. Немного осталось. А главное, не покидайте мою арифметику.</p>
<p rend="left">В первой книге на 10 и 11 листах есть две ужасные опечатки: 3805 напечатано MMMDXXX5 и вместо 6012 нап[ечатано] 6018.<note xml:id="note1" resp="volume_editor" index="false"> Первая опечатка была исправлена. См. «Азбука», I, стр. 157; вторая осталась (там же, стр. 165, 6 строка сверху) и оговорена в «Опечатках» (см. стр. 186).</note> Нельзя ли поправить последнюю опечатку. Если бы это стоило рублей 30, велите перепечатать.</p>
<p rend="left">То, что вы выставили опечатки во 2-ой книге, превосходно. Это надо сделать и в других книгах.<note xml:id="note2" resp="volume_editor" index="false"> Опечатки во второй книге см. на стр. 159; в первой — на стр. 186; в третьей — на стр. 185. В четвертой на стр. 228 указана «опечатка в 3-й книге». Опечатки четвертой книги нигде не оговорены.</note> Я, к несчастью, не могу вам помочь. Я так знаю наизусть, что не могу видеть. Насчет цены я думаю, что надо оставить по 5 копеек за лист.</p>
<p rend="left">А продавать надо самому. Жду ответа об объявлении и о том, сколько нужно денег.</p>
<p rend="left">Знаю я эти чтения поэм и комедий в Петерб[ургских] литературных кругах и понимаю, как они вам тошны. Странно сказать, а отовсюду может отродиться поэзия, но только не оттуда. Ах, как хочется вас видеть и говорить с вами.</p>
<p rend="right">Ваш Л. Толстой.</p>
<p rend="petit left">Две цитаты, с датой: «16 октября 1872 г.», опубликованы в Г, II, стр. 126 и 144. На автографе пометка Страхова: «10 октября 1872».</p>
<p rend="petit left">Ответ на несохранившееся письмо Н. Н. <hi style="opdelimiter">Страхова.</hi><hi style="opnumber">325</hi></p>
<comments><p rend="Textpetit_otstup left"><hi>1 </hi> Первая опечатка была исправлена. См. «Азбука», I, стр. 157; вторая осталась (там же, стр. 165, 6 строка сверху) и оговорена в «Опечатках» (см. стр. 186).</p>
<p rend="petit left"><hi>2</hi> Опечатки во второй книге см. на стр. 159; в первой — на стр. 186; в третьей — на стр. 185. В четвертой на стр. 228 указана «опечатка в 3-й книге». Опечатки четвертой книги нигде не оговорены.</p>
</comments></div></body>
        </text>
        </TEI>