<?xml version="1.0" encoding="UTF-8"?>
    <!-- <?xml-stylesheet type="text/xsl" target="../resources/MJT/myletter.xsl"?> -->
    <?xml-stylesheet type="css" target="graves.css"?>
    <?xml-model target="http://www.tei-c.org/release/xml/tei/custom/schema/relaxng/tei_all.rng" type="application/xml" schematypens="http://relaxng.org/ns/structure/1.0"?>
    <?xml-model target="http://www.tei-c.org/release/xml/tei/custom/schema/relaxng/tei_all.rng" type="application/xml"
            schematypens="http://purl.oclc.org/dsdl/schematron"?>
    <TEI xmlns="http://www.tei-c.org/ns/1.0">
       <teiHeader>
          <fileDesc>
             <titleStmt>
                <title>Письмо №292. А. А. Фету.</title>
             </titleStmt>
             <publicationStmt>
                <publisher>TolstoyLab</publisher>
                <date when="2015-09-14">14 September 2015</date>
             </publicationStmt>
             <sourceDesc>
                <biblStruct>
                   <analytic>
                      <author>Толстой Л.Н.</author>
                   </analytic>
                   <monogr>
                      <title level="m">Полное собрание сочинений. Том 61</title>
                      <imprint>
                         <pubPlace>Москва</pubPlace>
                         <publisher>Государственное издательство "Художественная литература"</publisher>
                         <date when="1953"/>
                      </imprint>
                   </monogr>
                   <series>
                      <title level="s">Л.Н. Толстой. Полное собрание сочинений</title>
                      <biblScope unit="vol">61</biblScope>
                   </series>
                </biblStruct>
				<bibl>Впервые опубликовано в «Русском обозрении», 1890, 5, стр. 65—66. Год определяется упоминанием о смерти Л. С. Урусовой (29 августа 1869 г.).</bibl>
             </sourceDesc>
          </fileDesc>
          <encodingDesc>
             <tagsDecl> </tagsDecl>
          </encodingDesc>
          <profileDesc>
             <correspDesc>
                <correspAction type="sending">
                   <persName ref="PersonList.xml#L_N_Tolstoy">Л. Н. Толстой</persName>
                   <placeName ref="PlacesListxml#PLACE">Я. П.</placeName>
                   <date when="1869-10-21">1869 г. Октября 21.</date>            </correspAction>
                <correspAction type="receiving">
                   <persName ref="PersonList.xml#RECEIVER">А. А. Фету</persName>
                </correspAction>
                <correspContext>
                   <ref type="prev"></ref>
                </correspContext>
             </correspDesc>
          </profileDesc>
       </teiHeader>
       <xenoData><number type="in a volume">292</number></xenoData>

              <text xml:id="A__A__Fetu_292">
	<body><div>
		<opener index="false">
292. А. А. Фету.
1869 г. Октября 21. Я. П.</opener>
<p rend="left">Я в Москве чуть-чуть не застал вас, как мне сказал Борисов. Я ездил к моему бедному другу Урусову. Вы знаете — он потерял единственную дочь. А у вас в семействе смерть за смертью.</p>
<p rend="left">Меня ужасно поразил характер смерти В. П. Боткина.<note xml:id="note1" resp="volume_editor" index="false"> Василий Петрович Боткин (см. о нем т. 60, стр. 154) умер внезапно 4 октября 1869 г., когда у него собрались гости слушать квартет в исполнении приглашенных им лучших артистов. Незадолго перед этим (4 мая 1869 г.) умер Николай Петрович Боткин (р. в 1813 г.) и сестра А. А. Фета, Надежда Афанасьевна Борисова.</note> Если правда, что рассказывают, то это ужасно. Как не нашлось между всеми друзьями — одного, который бы придал этому высочайшему моменту в жизни тот характер, который ему подобает. —</p>
<p rend="left">Борисова мне очень жалко и не могу верить, чтобы туча эта не прошла мимо.<note xml:id="note2" resp="volume_editor" index="false"> Сын И. П. Борисова был тяжело болен тифом.</note> —</p>
<p rend="left">Насчет портрета я прямо говорил и говорю: нет. Если это вам неприятно, то прошу прощенья. Есть какое-то чувство, сильнее рассужденья, которое мне говорит, что это не годится.<note xml:id="note3" resp="volume_editor" index="false"> <ref target='file:///Volume_61_A__A__Fetu_285.xml'>См. письмо № 285</ref>, прим. 3.</note> Жена вам кланяется и сама хотела писать, да ей нынче нездоровится. —</p>
<p rend="left">Покупка моего Пенз[енского] именья разладилась.</p>
<p rend="left">Шестой том я окончательно отдал, и к 1-му Nоября, верно, выйдет.<note xml:id="note4" resp="volume_editor" index="false"> Шестой том «Войны и мира» вышел в начале декабря 1869 г. См. «Московские ведомости», 1869, № 264 от 4 декабря.</note> —</p>
<p rend="left">Вальдшнепов было и <hi>есть</hi> пропасть. Я убивал по 8 штук и нынче нашел 4-х и убил одного. —</p>
<p rend="left">Для меня теперь самое мертвое время: не думаю и не пишу и чувствую себя приятно глупым. На первый свой отдых после работы, вероятно через месяц, приеду к вам и вперед <hi style="opdelimiter">напишу.</hi><hi style="opnumber">220</hi></p>
<p rend="left"><hi style="npnumber">221</hi><hi style="npdelimiter">Теперь</hi> не еду, потому что только что приехал и хозяйственные дела. А если вы поедете в Москву (верно, поедете за женой), следовало бы вам заехать к нам с Марьей Петровной, которой жена просит передать свое настоятельное приглашение. Только напишите когда, и я выеду за вами в Тулу или Ясенки, или даже, если вы без багажа, на промежуточную полустанцию Козловку, от которой две версты до нас. —</p>
<p rend="left">Передайте же наши с женой поклоны и просьбы Марье Петровне и приезжайте.</p>
<p rend="right">Ваш Л. Толстой.</p>
<p rend="left">21 октября.</p>
<comments><p rend="Textpetit_otstup left">Впервые опубликовано в «Русском обозрении», 1890, 5, стр. 65—66. Год определяется упоминанием о смерти Л. С. Урусовой (29 августа 1869 г.).</p>
<p rend="Textpetit_otstup left"><hi>1</hi> Василий Петрович Боткин (см. о нем т. 60, стр. 154) умер внезапно 4 октября 1869 г., когда у него собрались гости слушать квартет в исполнении приглашенных им лучших артистов. Незадолго перед этим (4 мая 1869 г.) умер Николай Петрович Боткин (р. в 1813 г.) и сестра А. А. Фета, Надежда Афанасьевна Борисова.</p>
<p rend="petit left"><hi>2</hi> Сын И. П. Борисова был тяжело болен тифом.</p>
<p rend="petit left"><hi>3</hi> <ref target='file:///Volume_61_A__A__Fetu_285.xml'>См. письмо № 285</ref>, прим. 3.</p>
<p rend="petit left"><hi>4</hi> Шестой том «Войны и мира» вышел в начале декабря 1869 г. См. «Московские ведомости», 1869, № 264 от 4 декабря.</p>
</comments></div></body>
        </text>
        </TEI>