<?xml version="1.0" encoding="UTF-8"?>
    <!-- <?xml-stylesheet type="text/xsl" target="../resources/MJT/myletter.xsl"?> -->
    <?xml-stylesheet type="css" target="graves.css"?>
    <?xml-model target="http://www.tei-c.org/release/xml/tei/custom/schema/relaxng/tei_all.rng" type="application/xml" schematypens="http://relaxng.org/ns/structure/1.0"?>
    <?xml-model target="http://www.tei-c.org/release/xml/tei/custom/schema/relaxng/tei_all.rng" type="application/xml"
            schematypens="http://purl.oclc.org/dsdl/schematron"?>
    <TEI xmlns="http://www.tei-c.org/ns/1.0">
       <teiHeader>
          <fileDesc>
             <titleStmt>
                <title>Письмо №* 176. T. А. Ергольской.</title>
             </titleStmt>
             <publicationStmt>
                <publisher>TolstoyLab</publisher>
                <date when="2015-09-14">14 September 2015</date>
             </publicationStmt>
             <sourceDesc>
                <biblStruct>
                   <analytic>
                      <author>Толстой Л.Н.</author>
                   </analytic>
                   <monogr>
                      <title level="m">Полное собрание сочинений. Том 60</title>
                      <imprint>
                         <pubPlace>Москва</pubPlace>
                         <publisher>Государственное издательство "Художественная литература"</publisher>
                         <date when="1949"/>
                      </imprint>
                   </monogr>
                   <series>
                      <title level="s">Л.Н. Толстой. Полное собрание сочинений</title>
                      <biblScope unit="vol">60</biblScope>
                   </series>
                </biblStruct>
             </sourceDesc>
          </fileDesc>
          <encodingDesc>
             <tagsDecl> </tagsDecl>
          </encodingDesc>
          <profileDesc>
             <correspDesc>
                <correspAction type="sending">
                   <persName ref="PersonList.xml#L_N_Tolstoy">Л. Н. Толстой</persName>
                   <placeName ref="PlacesListxml#PLACE">Петербург.</placeName>
                   <date from="1860-07-01" to="1860-07-02">1860 г. Июля 1 — 2</date>            </correspAction>
                <correspAction type="receiving">
                   <persName ref="PersonList.xml#RECEIVER">T. А. Ергольской</persName>
                </correspAction>
                <correspContext>
                   <ref type="prev"></ref>
                </correspContext>
             </correspDesc>
          </profileDesc>
       </teiHeader>
       <xenoData><number type="in a volume">176</number></xenoData>

              <text xml:id="T.A.Ergolskoj_176">
	<body><div>
		<opener index="false">
* 176. T. А. Ергольской.
1860 г. Июля 1—2. Петербург.
</opener><p rend="left">Мы нынче, 1 Июля, приехали благополучно в Петербург! Я взял себе билет и завтра едем все в 1 на пароходе. Машенька и дети здоровы. В Петербурге никого нет, так что и один день делать нечего. Сегодня, 2 Июля, мы уезжаем в два. Все дела, кажется, устроены, только сейчас нужно съездить променять деньги на золото. Вчера мы после обеда сделали большую прогулку все вместе, смотрели памятники Николая, Петра, Исааковский собор<note xml:id="note1" resp="volume_editor" index="false"> Собор был достроен в 1858 г. по проекту Монферана, впоследствии несколько измененному и дополненному.</note> и проехали назад на лодке. В Москве мы провели 4 дня<note xml:id="note2" resp="volume_editor" index="false"> Толстые выехали из Ясной Поляны 27 июня и на другой день были в Москве. Там пробыли 4 дня и 1 июля выехали в Петербург.</note>. Машенька ездила на дачу к Осиповскому<note xml:id="note3" resp="volume_editor" index="false"> Д. Т. Осиповский — детский врач.</note> и к Дельвиг<note xml:id="note4" resp="volume_editor" index="false"> Семья А. А. Дельвиг.</note>, я ездил к Берсам<note xml:id="note5" resp="volume_editor" index="false"> Андрей Евстафьевич и Любовь Александровна Берс, будущие тесть и теща Толстого.</note> с детьми. Осиповский велел Вариньке продолжать те же пастилки, которые давал Шмигаров,<note xml:id="note6" resp="volume_editor" index="false"> Шмигаро — тульский врач. Фамилия его в автографе не точна.</note> и велел побольше мациона и поменьше лечиться. Машеньке сказал, чтобы она посоветовалась в Берлине, и ежели велят, попила бы тоже воды в Содене. (Вообще он нашел и ее и Вареньку хорошими). На зиму же советовал ей ехать на Иерские острова. (Это на Средиземном море, ниже Ниццы). Поэтому мы теперь едем прямо в Берлин, там пробудем дня два. Машенька посоветуется с доктором. До Берлина от Штетина 3 часа езды. Из Берлина поездом во Франкфурт (12 часов езды). Из Франкфурта в Соден (2 часа езды). Оттуда, ежели всё хорошо, то поездом в Швейцарию, и там Машенька хочет пробыть до зимы. И дешево и хорошо.</p>
<p rend="left">О себе, как и всегда, я вперед ничего не знаю. Думаю, что, оставив Машеньку на месте, съезжу недели на две в Англию и вернусь пароходом из Марселя через Одессу. Но вы знаете, что я планов не делаю и ежели делаю, то меняю их через каждые полчаса.<note xml:id="note7" resp="volume_editor" index="false"> О выполненном маршруте второго заграничного путешествия Толстого см. пп. №№ 177, 179, 196.</note> Максима оставил в помощники старосты, мне кажется, что он будет хорош. Прикажите старосте писать мне как можно подробнее и адресуйте нам покамест еще в Франкфурт. Я совсем сделался домосед, большие города, новые лица, знакомые мне скучны. Нет лучше жизни, как косить с шестипалым Тихоном.<note xml:id="note8" resp="volume_editor" index="false"> Шестипалый Тихон — яснополянский крестьянин. Фамилия его неизвестна.</note> Прощайте, chère tante, целую ваши ручки и завидую вам. Императрица Александра Федоровна<note xml:id="note9" resp="volume_editor" index="false"> Александра Федоровна (1798—1860) — вдова Николая I. Толстой иронизирует над Н. С. Воейковым.</note> очень жалеет, что Николай Сергеич не приехал с нами. Наталье Петровне кланяюсь. Пришла ли наконец Дуняшина сестра?<note xml:id="note10" resp="volume_editor" index="false"> Е. Н. Орехова. К письму — две приписки: В. В. и М. Н. Толстых.</note></p>
<comments><p rend="Textpetit_otstup left">Дата определяется содержанием и почтовыми штемпелями: «С. Петербург 2 июля 1860» и «Тула 5 июля 1860». Письмо написано в два <hi style="opdelimiter">приема:</hi><hi style="opnumber">345</hi> <hi style="npnumber">346</hi><hi style="npdelimiter">в</hi> день приезда в Петербург — 1 июля и в день отъезда за границу — 2 июля.</p>
<p rend="Textpetit_otstup left"><hi>1</hi> Собор был достроен в 1858 г. по проекту Монферана, впоследствии несколько измененному и дополненному.</p>
<p rend="petit left"><hi>2</hi> Толстые выехали из Ясной Поляны 27 июня и на другой день были в Москве. Там пробыли 4 дня и 1 июля выехали в Петербург.</p>
<p rend="petit left"><hi>3</hi> Д. Т. Осиповский — детский врач.</p>
<p rend="petit left"><hi>4</hi> Семья А. А. Дельвиг.</p>
<p rend="petit left"><hi>5</hi> Андрей Евстафьевич и Любовь Александровна Берс, будущие тесть и теща Толстого.</p>
<p rend="petit left"><hi>6</hi> Шмигаро — тульский врач. Фамилия его в автографе не точна.</p>
<p rend="petit left"><hi>7</hi> О выполненном маршруте второго заграничного путешествия Толстого см. пп. №№ 177, 179, 196.</p>
<p rend="petit left"><hi>8</hi> Шестипалый Тихон — яснополянский крестьянин. Фамилия его неизвестна.</p>
<p rend="petit left"><hi>9</hi> Александра Федоровна (1798—1860) — вдова Николая I. Толстой иронизирует над Н. С. Воейковым.</p>
<p rend="petit left"><hi>10</hi> Е. Н. Орехова. К письму — две приписки: В. В. и М. Н. Толстых.</p>
</comments></div></body>
        </text>
        </TEI>