<?xml version="1.0" encoding="UTF-8"?>
    <!-- <?xml-stylesheet type="text/xsl" target="../resources/MJT/myletter.xsl"?> -->
    <?xml-stylesheet type="css" target="graves.css"?>
    <?xml-model target="http://www.tei-c.org/release/xml/tei/custom/schema/relaxng/tei_all.rng" type="application/xml" schematypens="http://relaxng.org/ns/structure/1.0"?>
    <?xml-model target="http://www.tei-c.org/release/xml/tei/custom/schema/relaxng/tei_all.rng" type="application/xml"
            schematypens="http://purl.oclc.org/dsdl/schematron"?>
    <TEI xmlns="http://www.tei-c.org/ns/1.0">
       <teiHeader>
          <fileDesc>
             <titleStmt>
                <title>Письмо №231. Н. Г. Чернышевскому.</title>
             </titleStmt>
             <publicationStmt>
                <publisher>TolstoyLab</publisher>
                <date when="2015-09-14">14 September 2015</date>
             </publicationStmt>
             <sourceDesc>
                <biblStruct>
                   <analytic>
                      <author>Толстой Л.Н.</author>
                   </analytic>
                   <monogr>
                      <title level="m">Полное собрание сочинений. Том 60</title>
                      <imprint>
                         <pubPlace>Москва</pubPlace>
                         <publisher>Государственное издательство "Художественная литература"</publisher>
                         <date when="1949"/>
                      </imprint>
                   </monogr>
                   <series>
                      <title level="s">Л.Н. Толстой. Полное собрание сочинений</title>
                      <biblScope unit="vol">60</biblScope>
                   </series>
                </biblStruct>
             </sourceDesc>
          </fileDesc>
          <encodingDesc>
             <tagsDecl> </tagsDecl>
          </encodingDesc>
          <profileDesc>
             <correspDesc>
                <correspAction type="sending">
                   <persName ref="PersonList.xml#L_N_Tolstoy">Л. Н. Толстой</persName>
                   <placeName ref="PlacesListxml#PLACE">Москва.</placeName>
                   <date when="1862-02-06">1862 г. Февраля 6.</date>            </correspAction>
                <correspAction type="receiving">
                   <persName ref="PersonList.xml#RECEIVER">Н. Г. Чернышевскому</persName>
                </correspAction>
                <correspContext>
                   <ref type="prev"></ref>
                </correspContext>
             </correspDesc>
          </profileDesc>
       </teiHeader>
       <xenoData><number type="in a volume">231</number></xenoData>

              <text xml:id="N.G.CHernyshevskomu_231">
	<body><div>
		<opener index="false">
231. Н. Г. Чернышевскому.
1862 г. Февраля 6. Москва.</opener>
<p rend="left">Милостивый государь Николай Гаврилович! Вчера вышел 1-й номер моего журнала. Я вас очень прошу внимательно прочесть его и сказать о нем искренно и серьезно ваше мнение в «Современнике». Я имел несчастье писать повести, и публика, не читая, будет говорить: «Да... детство очень мило, но журнал?..»</p>
<p rend="left">А журнал и всё дело<note xml:id="note1" resp="volume_editor" index="false"> Народные школы. В ответ на просьбу Толстого Н. Г. Чернышевский в мартовской книжке «Современника» дал рецензию (в отделе «Новые книги») на первые два номера журнала «Ясная Поляна» и на две «книжки для детей», выходившие в качестве приложения к журналу. Рецензия эта, отмечая некоторые положительные стороны в деле постановки Яснополянской школы, в первую очередь гуманное отношение к ученикам, в общем резко враждебна идеям, проводимым Толстым в его педагогических статьях. Рецензия Чернышевского вызвала в Толстом раздражение, которое сказалось в его статье «Воспитание и образование», помещенной в № 7 «Ясная Поляна» (подробнее см. т. 8, стр. 559—560).</note> составляют для меня всё.</p>
<p rend="left">Ответьте мне в Тулу.</p>
<p rend="right">Л. Толстой.</p>
<p rend="left">6 Февраля.</p>
<comments><p rend="Textpetit_otstup left">Публикуется по фотокопии с подлинника, хранящейся в ГТМ. Местонахождение последнего неизвестно. Впервые опубликовано в ПТС, I, № 49, с неверной датой 3 февраля.</p>
<p rend="petit left">Николай Гаврилович Чернышевский (1828—1889).</p>
<p rend="petit left">С Чернышевским Толстой познакомился, повидимому, вскоре по приезде в Петербург из Севастополя. Отзывы Толстого о Чернышевском противоречивы. При определившемся в 1856 г. расхождении с Чернышевским группы писателей-дворян, группировавшихся около «Современника» (Дружинин, Тургенев, Григорович, Анненков), Толстой стоял гораздо ближе к ним, чем к Чернышевскому. Так, он резко отзывался о Чернышевском в письме к Некрасову от 2 июля 1856 г. (см. п. № 18). В Дневнике 18 декабря 1856 г. и 11 января 1857 г. он записывает свой благоприятный отзыв о Чернышевском (см. т. 47, стр. 105 и 110). 19 декабря 1888 г. Толстой в Дневнике очень сочувственно отзывается о статье Чернышевского о Дарвине («Происхождение теории благотворности борьбы за жизнь»), напечатанной в № 12 «Русской мысли» 1888 г. («статья Чернышевского о Дарвине — прекрасно»). В 1910 г., составляя сборник «Путь жизни», в котором он стремился последовательно изложить всё свое мировоззрение, Толстой в отдел этого сборника «Ложная наука» (гл. XIII, 4), включил мысли Чернышевского, высказанные им в письме к сыну.</p>
<p rend="petit left">Чернышевский в «Современнике» писал о произведениях Толстого в шести своих статьях: 1) «Современник», 1856, № 5, отд. IV, стр. <hi style="opdelimiter">39—40</hi><hi style="opnumber">416</hi> <hi style="npnumber">417</hi><hi style="npdelimiter">(рецензия</hi> на сборник «Для легкого чтения», где были напечатаны «Записки маркера»); 2) «Современник», 1856, № 8, отд. IV, стр. 38 (вторая рецензия на тот же сборник); 3) «Современник», 1856, № 11, отд. IV, стр. 28 (рецензия на «Детство и отрочество» и «Военные рассказы»); 4) «Современник», 1856, № 12, отд. III, стр. 53—65 (статья о тех же произведениях); 5) «Современник», 1857, № 1, отд. V, стр. 166—185 (статья об «Утре помещика»; 6) «Современник», 1862, № 3, отд. II, стр. 122—138 (о журнале «Ясная Поляна»).</p>
<p rend="Textpetit_otstup left"><hi>1</hi> Народные школы. В ответ на просьбу Толстого Н. Г. Чернышевский в мартовской книжке «Современника» дал рецензию (в отделе «Новые книги») на первые два номера журнала «Ясная Поляна» и на две «книжки для детей», выходившие в качестве приложения к журналу. Рецензия эта, отмечая некоторые положительные стороны в деле постановки Яснополянской школы, в первую очередь гуманное отношение к ученикам, в общем резко враждебна идеям, проводимым Толстым в его педагогических статьях. Рецензия Чернышевского вызвала в Толстом раздражение, которое сказалось в его статье «Воспитание и образование», помещенной в № 7 «Ясная Поляна» (подробнее см. т. 8, стр. 559—560).</p>
</comments></div></body>
        </text>
        </TEI>
