<?xml version="1.0" encoding="UTF-8"?>
    <!-- <?xml-stylesheet type="text/xsl" target="../resources/MJT/myletter.xsl"?> -->
    <?xml-stylesheet type="css" target="graves.css"?>
    <?xml-model target="http://www.tei-c.org/release/xml/tei/custom/schema/relaxng/tei_all.rng" type="application/xml" schematypens="http://relaxng.org/ns/structure/1.0"?>
    <?xml-model target="http://www.tei-c.org/release/xml/tei/custom/schema/relaxng/tei_all.rng" type="application/xml"
            schematypens="http://purl.oclc.org/dsdl/schematron"?>
    <TEI xmlns="http://www.tei-c.org/ns/1.0">
       <teiHeader>
          <fileDesc>
             <titleStmt>
                <title>Письмо №* 138. А. А. Толстой.</title>
             </titleStmt>
             <publicationStmt>
                <publisher>TolstoyLab</publisher>
                <date when="2015-09-14">14 September 2015</date>
             </publicationStmt>
             <sourceDesc>
                <biblStruct>
                   <analytic>
                      <author>Толстой Л.Н.</author>
                   </analytic>
                   <monogr>
                      <title level="m">Полное собрание сочинений. Том 61</title>
                      <imprint>
                         <pubPlace>Москва</pubPlace>
                         <publisher>Государственное издательство "Художественная литература"</publisher>
                         <date when="1953"/>
                      </imprint>
                   </monogr>
                   <series>
                      <title level="s">Л.Н. Толстой. Полное собрание сочинений</title>
                      <biblScope unit="vol">61</biblScope>
                   </series>
                </biblStruct>
				<bibl>Впервые опубликовано с пропусками в ПТ, № 58. Год определяется сопоставлением с письмом № 114.</bibl>
             </sourceDesc>
          </fileDesc>
          <encodingDesc>
             <tagsDecl> </tagsDecl>
          </encodingDesc>
          <profileDesc>
             <correspDesc>
                <correspAction type="sending">
                   <persName ref="PersonList.xml#L_N_Tolstoy">Л. Н. Толстой</persName>
                   <placeName ref="PlacesListxml#PLACE">Никольское-Вяземское.</placeName>
                   <date when="1865-09-14">1865 г. Сентября 14.</date>            </correspAction>
                <correspAction type="receiving">
                   <persName ref="PersonList.xml#RECEIVER">А. А. Толстой</persName>
                </correspAction>
                <correspContext>
                   <ref type="prev"></ref>
                </correspContext>
             </correspDesc>
          </profileDesc>
       </teiHeader>
       <xenoData><number type="in a volume">138</number></xenoData>

              <text xml:id="A__A__Tolstoj_138">
	<body><div>
		<opener index="false">
* 138. А. А. Толстой.
1865 г. Сентября 14. Никольское-Вяземское.</opener>
<p rend="left">Простите меня, добрый друг, что, так долго не писав вам, пишу вам деловое и просительское <hi style="opdelimiter">письмо.</hi><hi style="opnumber">103</hi></p>
<p rend="left"><hi style="npnumber">104</hi><hi style="npdelimiter">Помогите</hi> нам, пожалуйста. Я вам писал, что Валерьян Толстой умер. Но чего я не писал вам, это то, что задолго и до своей смерти он имел связь с одной мещанкой (не помню ее фам[илии]) и оставил свое именье детям, растерзанное долгами, и всё в пользу этой женщины, и очень незаконно, как говорят люди сведущие. —</p>
<p rend="left">Сестре советовали начинать процесс. Я посоветовал ей обратиться к Перфильеву.<note xml:id="note1" resp="volume_editor" index="false"> Степан Васильевич Перфильев (1796—1878) — жандармский генерал, отец приятеля Толстого В. С. Перфильева. О С. В. Перфильеве см. т. 59, стр. 35.</note> Мы это и сделали, но Перфильев ответил мне, что дело это может решиться ведомством жандармов, но что он не может его начать, а должно обратиться с письмом к кн[язю] Н. А. Долгорукову.<note xml:id="note2" resp="volume_editor" index="false"> Толстой ошибся: не «Н. А.», а «В. А.» — Василий Андреевич Долгоруков (1803—1868), шеф жандармов и главный начальник III Отделения в 1856—1865 гг.</note> И он даже присоветовал мне обратиться через вас (я бы сам не догадался!). —</p>
<p rend="left">Вот в чем дело: Валерьян оставил всего состояния тысяч на 50 и за два дня до своей смерти выдал этой женщине, на имя 3-го лица,<note xml:id="note3" resp="volume_editor" index="false"> Н. В. Лихарев. <ref target='file:///Volume_61_N__V__Lixarevu_114.xml'>См. письмо № 114</ref>.</note> заемное письмо в 18000. Сверх этого еще прежде выдан им той же женщине вексель в 3000 и отдан ей дом в Раненбурге, и отдана ей по расписке, выданной тоже [за] два дня до смерти, вся движимость, бывшая при нем и оцененная ниже стоимости в 6000. — Мы — т. е. сестра не желала бы оспаривать ни 3000, ни дома, ни движимости, к[отор]ой было более, чем на 15000, но заемное письмо, данное за два дня до смерти в 18000, слишком расстроивает дела детей и путает все дела по опеке и слишком очевидно вынуждено у умирающего человека, находившегося во власти этой женщины, чтобы мы не употребили всё, что в нашей власти, чтобы опровергнуть этот вексель. Чтобы, неосторожно поступив, не получить отказа, к[отор]ый испортит всё дело, будьте такая, как всегда, sondez le terrain<note xml:id="note4" resp="volume_editor" index="false"> [позондируйте почву]</note> и напишите, можно ли надеяться на успех и должно ли следовать совету Перфильева и писать кн[язю] Долгорукому?</p>
<p rend="left">Позвольте мне ничего не говорить о моей уверенности в вашей дружбе и о том, как мне совестно и т. д. — всё это давно сказано между нами. —</p>
<p rend="left">Я продолжаю быть доволен своей судьбой — женой, детьми (когда-то я покажу вам их?) и недоволен собой и своей деятельностью. Из вашего последнего письма мне кажется, что вам просто не понравилось мое последнее писанье.<note xml:id="note5" resp="volume_editor" index="false"> Письмо А. А. Толстой от 18 июля 1865 г. с ее отзывом о «1805 годе» напечатано в ПТ, № 57.</note> Пожалуйста, напишите мне откровенно. Мне это очень важно. Мне самому оно начинает очень не нравиться.</p>
<p rend="left">Прощайте, напомните обо мне всем тем, кто меня <hi style="opdelimiter">любит.</hi><hi style="opnumber">104</hi></p>
<p rend="left"><hi style="npnumber">105</hi><hi style="npdelimiter">Зимой</hi> надеюсь с вами увидеться, ежели вы будете в Петербурге.</p>
<p rend="left">Как мне будет радостно и странно. —</p>
<p rend="right">Л. Толстой.</p>
<p rend="left">14 сентября</p>
<p rend="left">Никольское.</p>
<p rend="left">Пишите в Тулу.</p>
<p rend="left">Валерьян жил в Раненбурге в собственном доме, а умер в Липецке.</p>
<comments><p rend="Textpetit_otstup left">Впервые опубликовано с пропусками в ПТ, № 58. Год определяется сопоставлением с письмом № 114.</p>
<p rend="Textpetit_otstup left"><hi>1</hi> Степан Васильевич Перфильев (1796—1878) — жандармский генерал, отец приятеля Толстого В. С. Перфильева. О С. В. Перфильеве см. т. 59, стр. 35.</p>
<p rend="petit left"><hi>2</hi> Толстой ошибся: не «Н. А.», а «В. А.» — Василий Андреевич Долгоруков (1803—1868), шеф жандармов и главный начальник III Отделения в 1856—1865 гг.</p>
<p rend="petit left"><hi>3</hi> Н. В. Лихарев. <ref target='file:///Volume_61_N__V__Lixarevu_114.xml'>См. письмо № 114</ref>.</p>
<p rend="petit left"><hi>4</hi> [позондируйте почву]</p>
<p rend="petit left"><hi>5</hi> Письмо А. А. Толстой от 18 июля 1865 г. с ее отзывом о «1805 годе» напечатано в ПТ, № 57.</p>
</comments></div></body>
        </text>
        </TEI>