<?xml version="1.0" encoding="UTF-8"?>
    <!-- <?xml-stylesheet type="text/xsl" target="../resources/MJT/myletter.xsl"?> -->
    <?xml-stylesheet type="css" target="graves.css"?>
    <?xml-model target="http://www.tei-c.org/release/xml/tei/custom/schema/relaxng/tei_all.rng" type="application/xml" schematypens="http://relaxng.org/ns/structure/1.0"?>
    <?xml-model target="http://www.tei-c.org/release/xml/tei/custom/schema/relaxng/tei_all.rng" type="application/xml"
            schematypens="http://purl.oclc.org/dsdl/schematron"?>
    <TEI xmlns="http://www.tei-c.org/ns/1.0">
       <teiHeader>
          <fileDesc>
             <titleStmt>
                <title>Письмо №* 355. А. М. Кузминскому.</title>
             </titleStmt>
             <publicationStmt>
                <publisher>TolstoyLab</publisher>
                <date when="2015-09-14">14 September 2015</date>
             </publicationStmt>
             <sourceDesc>
                <biblStruct>
                   <analytic>
                      <author>Толстой Л.Н.</author>
                   </analytic>
                   <monogr>
                      <title level="m">Полное собрание сочинений. Том 61</title>
                      <imprint>
                         <pubPlace>Москва</pubPlace>
                         <publisher>Государственное издательство "Художественная литература"</publisher>
                         <date when="1953"/>
                      </imprint>
                   </monogr>
                   <series>
                      <title level="s">Л.Н. Толстой. Полное собрание сочинений</title>
                      <biblScope unit="vol">61</biblScope>
                   </series>
                </biblStruct>
             </sourceDesc>
          </fileDesc>
          <encodingDesc>
             <tagsDecl> </tagsDecl>
          </encodingDesc>
          <profileDesc>
             <correspDesc>
                <correspAction type="sending">
                   <persName ref="PersonList.xml#L_N_Tolstoy">Л. Н. Толстой</persName>
                   <placeName ref="PlacesListxml#PLACE">Я. П.</placeName>
                   <date from="1871-12-25" to="1871-12-31">1871 г. Декабря 25...31?</date>            </correspAction>
                <correspAction type="receiving">
                   <persName ref="PersonList.xml#RECEIVER">А. М. Кузминскому</persName>
                </correspAction>
                <correspContext>
                   <ref type="prev"></ref>
                </correspContext>
             </correspDesc>
          </profileDesc>
       </teiHeader>
       <xenoData><number type="in a volume">355</number></xenoData>

              <text xml:id="A__M__Kuzminskomu_355">
	<body><div>
		<opener index="false">
* 355. А. М. Кузминскому.
1871 г. Декабря 25...31? Я. П.</opener>
<p rend="left">Ты не можешь себе представить, любезный друг Саша, как мне весело было заботиться о твоем деле и думать, что я могу быть тебе полезен. Соня пишет обстоятельно и справедливо, в чем дело. Я надеюсь, что мы найдем лучше помещение, только бы знать, когда нужно. Лучше я называю то, чтобы деньги могли оставаться дольше. И Перевозчиков — нотариус говорит, что найдет такое.</p>
<p rend="left">Ваши описания Кавказа me font venir l’eau à la bouche.<note xml:id="note1" resp="volume_editor" index="false"> [у меня потекли слюнки.]</note> Ехавши из М[осквы],<note xml:id="note2" resp="volume_editor" index="false"> Толстой ездил в Москву сдать в набор первую часть «Азбуки» (в типографию Ф. Ф. Риса).</note> я встретил грузинского князя в костюме и подсел к нему с разговорами. Он ехал с помещиком молодым полупьяным, сам же красив, как Аполлон, нежен и глуп, как только можно. Оказывается, что этот князь приехал наслаждаться цивилизацией, т. е. Александрынкой после жены грузинки, шампанским работы какого-нибудь Перлова после кахетинского и канканом после лезгинки; и что же оказывается? Накануне они напились с помещиком у Дюссо,<note xml:id="note3" resp="volume_editor" index="false"> Ресторан в Петербурге.</note> ездили... их рвало — всё как следует, и в пьяном виде такую любовь почувствовали друг к другу, что решились вместе ехать, и помещик велел уложить и свезти вещи князя на железную дорогу. Утром князь очнулся и хотел на попятный, но вещи сданы. Князь умолял отдать вещи — не отдали. И на самые праздники <hi style="opdelimiter">князя</hi><hi style="opnumber">266</hi> <hi style="npnumber">267</hi><hi style="npdelimiter">с</hi> похмелья везут в Конотоп. Так и проехали. Как не сказать, что пути сообщения много способствуют просвещению. —</p>
<p rend="left">Что ты, ни Таня ничего не пишете про охоту?</p>
<p rend="left">Этого недостает для полноты картины — для меня, по крайней мере.</p>
<p rend="left">Так решено — летом мы опять вместе. Мне так это радостно, что не верится.</p>
<p rend="left">Костинька<note xml:id="note4" resp="volume_editor" index="false"> Константин Александрович Иславин.</note> живет у нас уж давно, и мне стыдно вспомнить про то, что я писал вам.<note xml:id="note5" resp="volume_editor" index="false"> <ref target='file:///Volume_61_T__A__i_A__M__Kuzminskim_353.xml'>См. письмо № 353</ref>.</note> Когда привыкнешь к нему, он очень и очень приятен для жизни. Я уверен, что в городе было бы другое, но в деревне он не обуза, а украшение в жизни, несмотря на плачевное состояние панталон. Главное, без шуток, у него сердце доброе. — По последнему письму кавказского женщины-поэта — Тани, ваша жизнь идет отлично. Только бы так и было. Что пенье Танино?</p>
<p rend="left">Прощайте, поцелуйте детей.</p>
<comments><p rend="Textpetit_otstup left">Год определяется временем переезда Кузминских на Кавказ (сентябрь 1871 г.); месяц и число — упоминанием о «праздниках» (25 декабря) и о поездке в Москву (22—23 декабря).</p>
<p rend="Textpetit_otstup left"><hi>1</hi> [у меня потекли слюнки.]</p>
<p rend="petit left"><hi>2</hi> Толстой ездил в Москву сдать в набор первую часть «Азбуки» (в типографию Ф. Ф. Риса).</p>
<p rend="petit left"><hi>3</hi> Ресторан в Петербурге.</p>
<p rend="petit left"><hi>4</hi> Константин Александрович Иславин.</p>
<p rend="petit left"><hi>5</hi> <ref target='file:///Volume_61_T__A__i_A__M__Kuzminskim_353.xml'>См. письмо № 353</ref>.</p>
</comments></div></body>
        </text>
        </TEI>