<?xml version="1.0" encoding="UTF-8"?>
    <!-- <?xml-stylesheet type="text/xsl" target="../resources/MJT/myletter.xsl"?> -->
    <?xml-stylesheet type="css" target="graves.css"?>
    <?xml-model target="http://www.tei-c.org/release/xml/tei/custom/schema/relaxng/tei_all.rng" type="application/xml" schematypens="http://relaxng.org/ns/structure/1.0"?>
    <?xml-model target="http://www.tei-c.org/release/xml/tei/custom/schema/relaxng/tei_all.rng" type="application/xml"
            schematypens="http://purl.oclc.org/dsdl/schematron"?>
    <TEI xmlns="http://www.tei-c.org/ns/1.0">
       <teiHeader>
          <fileDesc>
             <titleStmt>
                <title>Письмо №* 304. Duprat.</title>
             </titleStmt>
             <publicationStmt>
                <publisher>TolstoyLab</publisher>
                <date when="2015-09-14">14 September 2015</date>
             </publicationStmt>
             <sourceDesc>
                <biblStruct>
                   <analytic>
                      <author>Толстой Л.Н.</author>
                   </analytic>
                   <monogr>
                      <title level="m">Полное собрание сочинений. Том 60</title>
                      <imprint>
                         <pubPlace>Москва</pubPlace>
                         <publisher>Государственное издательство "Художественная литература"</publisher>
                         <date when="1949"/>
                      </imprint>
                   </monogr>
                   <series>
                      <title level="s">Л.Н. Толстой. Полное собрание сочинений</title>
                      <biblScope unit="vol">60</biblScope>
                   </series>
                </biblStruct>
             </sourceDesc>
          </fileDesc>
          <encodingDesc>
             <tagsDecl> </tagsDecl>
          </encodingDesc>
          <profileDesc>
             <correspDesc>
                <correspAction type="sending">
                   <persName ref="PersonList.xml#L_N_Tolstoy">Л. Н. Толстой</persName>
                   <placeName ref="PlacesListxml#PLACE">Москва.</placeName>
                   <date from="1862-01" to="1862-01">1862 г. Январь —</date>            </correspAction>
                <correspAction type="receiving">
                   <persName ref="PersonList.xml#RECEIVER">Duprat</persName>
                </correspAction>
                <correspContext>
                   <ref type="prev"></ref>
                </correspContext>
             </correspDesc>
          </profileDesc>
       </teiHeader>
       <xenoData><number type="in a volume">304</number></xenoData>

              <text xml:id="DupratDyupra_304">
	<body><div>
		<opener index="false">
* 304. Duprat. Неотправленное.
1862 г. Январь — февраль. Москва.
</opener>
<p rend="Obrashenie left">Monsieur!</p>
<p rend="left">En 1861, 1,600 francs ont été versés dans la maison Pascal fils et C-ie pour être transmis par la maison Fenzy de Florence au <hi>Comte Leon Tolstoy</hi>. — La somme n’etant pas remise au C. Tolstoy Fenzy annula le crédit et la somme resta dans la maison Pascal ce dont j’ai été informé par Fenzy. Si la maison Pascal n’a pas fait banqueroute je prie de m’envoyer cet argent, c’e ad. de le passer au nom de quelque banquier de Moscou ou de Petersbourg.</p>
<lb/>
<p rend="Obrashenie petit left">Милостивый государь!</p>
<p rend="petit left">В 1861 г. 1,600 франков были переведены в контору Паскаль сын и К<hi>0</hi> для передачи через контору Фенси во Флоренции графу Льву Толстому. — Сумма не была вручена гр. Толстому. Фенси аннулировал кредит, и деньги остались в конторе Паскаля, о чем я был извещен <hi style="opdelimiter">Фенси.</hi><hi style="opnumber">507</hi></p>
<p rend="petit left"><hi style="npnumber">508</hi><hi style="npdelimiter">Если</hi> контора Паскаля не обанкротилась, прошу эти деньги мне прислать, т. е. перевести их на имя кого-либо из банкиров Москвы или Петербурга.</p>
<comments><p rend="Textpetit_otstup left">Дата определяется предположительно сопоставлением писем В. П. Боткина к Толстому от 18/30 апреля 1861 г. и Толстого к Боткину от 26 января 1862 г. (см. п. № 230).</p>
<p rend="petit left">Это вторичное письмо банкиру Толстой оставил неотправленным. На это указывает отсутствие подписи и то, что оно осталось в архиве Толстого.</p>
</comments></div></body>
        </text>
        </TEI>