<?xml version="1.0" encoding="UTF-8"?>
    <!-- <?xml-stylesheet type="text/xsl" target="../resources/MJT/myletter.xsl"?> -->
    <?xml-stylesheet type="css" target="graves.css"?>
    <?xml-model target="http://www.tei-c.org/release/xml/tei/custom/schema/relaxng/tei_all.rng" type="application/xml" schematypens="http://relaxng.org/ns/structure/1.0"?>
    <?xml-model target="http://www.tei-c.org/release/xml/tei/custom/schema/relaxng/tei_all.rng" type="application/xml"
            schematypens="http://purl.oclc.org/dsdl/schematron"?>
    <TEI xmlns="http://www.tei-c.org/ns/1.0">
       <teiHeader>
          <fileDesc>
             <titleStmt>
                <title>Письмо №153. А. С. Ивановой.</title>
             </titleStmt>
             <publicationStmt>
                <publisher>TolstoyLab</publisher>
                <date when="2015-09-14">14 September 2015</date>
             </publicationStmt>
             <sourceDesc>
                <biblStruct>
                   <analytic>
                      <author>Толстой Л.Н.</author>
                   </analytic>
                   <monogr>
                      <title level="m">Полное собрание сочинений. Том 61</title>
                      <imprint>
                         <pubPlace>Москва</pubPlace>
                         <publisher>Государственное издательство "Художественная литература"</publisher>
                         <date when="1953"/>
                      </imprint>
                   </monogr>
                   <series>
                      <title level="s">Л.Н. Толстой. Полное собрание сочинений</title>
                      <biblScope unit="vol">61</biblScope>
                   </series>
                </biblStruct>
				<bibl>Впервые опубликовано в «Летописях Государственного литературного музея», кн. 12, М. 1948, стр. 10.</bibl>
				<bibl>Печатается по копии. Дата определяется предположительно в соответствии с письмом к А. С. Ивановой от 10 ноября. См. № 148.</bibl>
             </sourceDesc>
          </fileDesc>
          <encodingDesc>
             <tagsDecl> </tagsDecl>
          </encodingDesc>
          <profileDesc>
             <correspDesc>
                <correspAction type="sending">
                   <persName ref="PersonList.xml#L_N_Tolstoy">Л. Н. Толстой</persName>
                   <placeName ref="PlacesListxml#PLACE">Я. П.</placeName>
                   <date when="1865-11">1865 г. Ноября</date>            </correspAction>
                <correspAction type="receiving">
                   <persName ref="PersonList.xml#RECEIVER">А. С. Ивановой</persName>
                </correspAction>
                <correspContext>
                   <ref type="prev"></ref>
                </correspContext>
             </correspDesc>
          </profileDesc>
       </teiHeader>
       <xenoData><number type="in a volume">153</number></xenoData>

              <text xml:id="A__S__Ivanovoj_153">
	<body><div>
		<opener index="false">
153. А. С. Ивановой.
1865 г. Ноября конец...декабрь. Я. П.</opener>
<p rend="left">Je m’ampresse de Vous envoyer, ma chère cousine, la lettre de recommandation pour Katkoff que vous avez désirée.</p>
<p rend="right">Votre bien dévoué L. Tolstoy.</p>
<p rend="petit left">Спешу послать вам, дорогая кузина, рекомендательное письмо к Каткову, которое вы желали.</p>
<p rend="petit right">Преданный вам Л. Толстой.</p>
<comments><p rend="Textpetit_otstup left">Впервые опубликовано в «Летописях Государственного литературного музея», кн. 12, М. 1948, стр. 10.</p>
<p rend="petit left">Печатается по копии. Дата определяется предположительно в соответствии с письмом к А. С. Ивановой от 10 ноября. См. № 148.</p>
</comments></div></body>
        </text>
        </TEI>