<?xml version="1.0" encoding="UTF-8"?>
    <!-- <?xml-stylesheet type="text/xsl" target="../resources/MJT/myletter.xsl"?> -->
    <?xml-stylesheet type="css" target="graves.css"?>
    <?xml-model target="http://www.tei-c.org/release/xml/tei/custom/schema/relaxng/tei_all.rng" type="application/xml" schematypens="http://relaxng.org/ns/structure/1.0"?>
    <?xml-model target="http://www.tei-c.org/release/xml/tei/custom/schema/relaxng/tei_all.rng" type="application/xml"
            schematypens="http://purl.oclc.org/dsdl/schematron"?>
    <TEI xmlns="http://www.tei-c.org/ns/1.0">
       <teiHeader>
          <fileDesc>
             <titleStmt>
                <title>Письмо №17. Гр. М. Н. и В. П. Толстым.</title>
             </titleStmt>
             <publicationStmt>
                <publisher>TolstoyLab</publisher>
                <date when="2015-09-14">14 September 2015</date>
             </publicationStmt>
             <sourceDesc>
                <biblStruct>
                   <analytic>
                      <author>Толстой Л.Н.</author>
                   </analytic>
                   <monogr>
                      <title level="m">Полное собрание сочинений. Том 60</title>
                      <imprint>
                         <pubPlace>Москва</pubPlace>
                         <publisher>Государственное издательство "Художественная литература"</publisher>
                         <date when="1949"/>
                      </imprint>
                   </monogr>
                   <series>
                      <title level="s">Л.Н. Толстой. Полное собрание сочинений</title>
                      <biblScope unit="vol">60</biblScope>
                   </series>
                </biblStruct>
             </sourceDesc>
          </fileDesc>
          <encodingDesc>
             <tagsDecl> </tagsDecl>
          </encodingDesc>
          <profileDesc>
             <correspDesc>
                <correspAction type="sending">
                   <persName ref="PersonList.xml#L_N_Tolstoy">Л. Н. Толстой</persName>
                   <placeName ref="PlacesListxml#PLACE">Я. П.</placeName>
                   <date when="1856-06-30">1856 г. Июня 30.</date>            </correspAction>
                <correspAction type="receiving">
                   <persName ref="PersonList.xml#RECEIVER">Гр. М. Н. и В. П. Толстым</persName>
                </correspAction>
                <correspContext>
                   <ref type="prev"></ref>
                </correspContext>
             </correspDesc>
          </profileDesc>
       </teiHeader>
       <xenoData><number type="in a volume">17</number></xenoData>

              <text xml:id="gr.M.N.iV.P.Tolstym_17">
	<body><div>
		<opener index="false">
17. Гр. М. Н. и В. П. Толстым.
1856 г. Июня 30. Я. П.
</opener>
<p rend="Obrashenie left">Любезные друзья!</p>
<p rend="left">К великому удивлению и радости получил ваше...... письмо.<hi>1 </hi>Точки означают наиприятнейший эпитет. Спина моя только удержала легкое воспоминание о неловком прыжке в виде шишки и маленькой боли. Что твоя рука?<note xml:id="note1" resp="volume_editor" index="false"> М. Н. Толстая в течение ряда лет страдала болью в руке.</note> Во вторник я выеду к вам, проеду к Дьякову,<note xml:id="note2" resp="volume_editor" index="false"> Имение Д. А. Дьякова Черемошня, Тульской губ., Новосильского уезда, в 20 километрах от Никольского-Вяземского и в 126 километрах от Ясной Поляны.</note> напишу к Сереже в Войны,<note xml:id="note3" resp="volume_editor" index="false"> Воины ― почтовая станция в 19 километрах к юго-западу от Мценска.</note> чтоб он к 5 ― своим имянинам выезжал во Мценск, и поеду ему навстречу, на что надеюсь уговорить и одну молодую даму<note xml:id="note4" resp="volume_editor" index="false"> Под «молодой дамой» разумеется сама М. Н. Толстая.</note> и Дьякова, и мы можем славную сделать вещь. ― После же свиданья с Сережей<note xml:id="note5" resp="volume_editor" index="false"> 7 июля Толстой приехал к Тургеневу в Спасское-Лутовиново, а на следующий день к нему приехал возвращавшийся со своим полком из Одессы в Москву С. Н. Толстой.</note> ― весь ваш... ― У-у-и-и-а!</p>
<p rend="left">Тетиньки<note xml:id="note6" resp="volume_editor" index="false"> Т. А. Ергольская и П. И. Юшкова.</note> целуют вас и детей, равно и я. Нат[алья] Петровна<note xml:id="note7" resp="volume_editor" index="false"> Н. П. Охотницкая.</note> фунит вам в честь разными любезностями.</p>
<p rend="left">У-у-у-и-а.</p>
<div rend="image"><figure><graphic url="./img/b00000856.png"/></figure></div><lb/>
<p rend="left">Любочке<note xml:id="note8" resp="volume_editor" index="false"> Любовь Антоновна Дельвиг ― младшая сестра друга Пушкина, поэта бар. Антона Антоновича Дельвига (1798―1831) и Александра Антоновича Дельвига (1816―1882), соседа по имению и друга М. Н. Толстой.</note> милейшей душевный поклон. ― Раисе Львовне<note xml:id="note9" resp="volume_editor" index="false"> Раиса Львовна ― родственница Дельвигов, молодая, красивая женщина. За ней ухаживал гр. В. П. Толстой (сообщено Е. В. Оболенской).</note> У-и! Ольге Петровне И-У<note xml:id="note10" resp="volume_editor" index="false"> <hi>Зачеркнуто:</hi> а еще кланяюсь<hi> (далее не разобрано)</hi>.</note>; а еще няню Татьяну<note xml:id="note11" resp="volume_editor" index="false"> Татьяна Филипповна ― няня дочерей М. Н. Толстой (см. «Воспоминания» Толстого, гл. VIII).</note> целую в задние ноги. ― И-а-У! ―</p>
<p rend="left">Долго ль жить нам в огорченьи,</p>
<p rend="left">Люты скорби пренося.</p>
<p rend="left">Потому ты в нови?</p>
<p rend="emptyline left"><hi style="opnumber">71</hi> <hi style="npnumber">72</hi></p>
<div rend="image"><figure><graphic url="./img/b00000863.png"/></figure></div><lb/>
<p rend="left">Некрасов прислал мне письмо и стихи, которые просил показать тебе с поклоном. Я их привезу. Потому Миколай Микитичь.<note xml:id="note12" resp="volume_editor" index="false"> Николай Никитич Де-Тейльс ― тульский помещик.</note> Ну что хорошего папеньке придут и мы одни, пожал... А-ах!</p>
<div rend="image"><figure><graphic url="./img/b00000866.png"/></figure></div><lb/>
<p rend="left">Распечатываю письмо, чтобы прибавить поклон Мавре Андревне.<note xml:id="note13" resp="volume_editor" index="false"> Мавра Андреевна ― послушница Тульского монастыря.</note> ―</p>
<p rend="left">А Груше желаю вырости.</p>
<p rend="left">Марье Герасимовне<note xml:id="note14" resp="volume_editor" index="false"> Марья Герасимовна ― монашенка из Тульского женского монастыря, крестная мать Марии Николаевны Толстой.</note> желаю кушать булку в свое удовольствие, а что она меня презирает, то за это я выстрелю в нее из мушкетона.</p>
<p rend="emptyline left"><hi style="opnumber">72</hi> <hi style="npnumber">73</hi></p>
<div rend="image"><figure><graphic url="./img/b00000872.png"/></figure></div><lb/>
<comments><p rend="Textpetit_otstup left">Впервые напечатано в сборнике «Толстой. Материалы, статьи. 1850―1860», Л. 1927, стр. 13―15 (с ошибочной датой: 29 июня 1856 г.). Датируется записью в Дневнике Толстого под 30 июня 1856 г. (т. 47, стр. 87).</p>
<p rend="Textpetit_otstup left"><hi>1</hi><sub> </sub>Письмо от М. Н. и В. П. Толстых, полученное Толстым 30 июня 1856 г. (о чем отмечено в Дневнике), не сохранилось.</p>
<p rend="petit left"><hi>2</hi> М. Н. Толстая в течение ряда лет страдала болью в руке.</p>
<p rend="petit left"><hi>3</hi> Имение Д. А. Дьякова Черемошня, Тульской губ., Новосильского уезда, в 20 километрах от Никольского-Вяземского и в 126 километрах от Ясной Поляны.</p>
<p rend="petit left"><hi>4</hi> Воины ― почтовая станция в 19 километрах к юго-западу от Мценска.</p>
<p rend="petit left"><hi>5</hi> Под «молодой дамой» разумеется сама М. Н. Толстая.</p>
<p rend="petit left"><hi>6</hi> 7 июля Толстой приехал к Тургеневу в Спасское-Лутовиново, а на следующий день к нему приехал возвращавшийся со своим полком из Одессы в Москву С. Н. Толстой.</p>
<p rend="petit left"><hi>7</hi> Т. А. Ергольская и П. И. Юшкова.</p>
<p rend="petit left"><hi>8</hi> Н. П. Охотницкая.</p>
<p rend="petit left"><hi>9</hi> Любовь Антоновна Дельвиг ― младшая сестра друга Пушкина, поэта бар. Антона Антоновича Дельвига (1798―1831) и Александра Антоновича Дельвига (1816―1882), соседа по имению и друга М. Н. Толстой.</p>
<p rend="petit left"><hi>10</hi> Раиса Львовна ― родственница Дельвигов, молодая, красивая женщина. За ней ухаживал гр. В. П. Толстой (сообщено Е. В. Оболенской).</p>
<p rend="petit left"><hi>11</hi> <hi>Зачеркнуто:</hi> а еще кланяюсь<hi> (далее не разобрано)</hi>.</p>
<p rend="petit left"><hi>12</hi> Татьяна Филипповна ― няня дочерей М. Н. Толстой (см. «Воспоминания» Толстого, гл. VIII).</p>
<p rend="petit left"><hi>13</hi> Николай Никитич Де-Тейльс ― тульский помещик.</p>
<p rend="petit left"><hi>14</hi> Мавра Андреевна ― послушница Тульского монастыря.</p>
<p rend="petit left"><hi>15</hi> Марья Герасимовна ― монашенка из Тульского женского монастыря, крестная мать Марии Николаевны Толстой.</p>
<p rend="emptyline left"><hi style="opnumber">73</hi> <hi style="npnumber">74</hi></p>
</comments></div></body>
        </text>
        </TEI>