<?xml version="1.0" encoding="UTF-8"?>
    <!-- <?xml-stylesheet type="text/xsl" target="../resources/MJT/myletter.xsl"?> -->
    <?xml-stylesheet type="css" target="graves.css"?>
    <?xml-model target="http://www.tei-c.org/release/xml/tei/custom/schema/relaxng/tei_all.rng" type="application/xml" schematypens="http://relaxng.org/ns/structure/1.0"?>
    <?xml-model target="http://www.tei-c.org/release/xml/tei/custom/schema/relaxng/tei_all.rng" type="application/xml"
            schematypens="http://purl.oclc.org/dsdl/schematron"?>
    <TEI xmlns="http://www.tei-c.org/ns/1.0">
       <teiHeader>
          <fileDesc>
             <titleStmt>
                <title>Письмо №* 40. Т. А. Ергольской.</title>
             </titleStmt>
             <publicationStmt>
                <publisher>TolstoyLab</publisher>
                <date when="2015-09-14">14 September 2015</date>
             </publicationStmt>
             <sourceDesc>
                <biblStruct>
                   <analytic>
                      <author>Толстой Л.Н.</author>
                   </analytic>
                   <monogr>
                      <title level="m">Полное собрание сочинений. Том 59</title>
                      <imprint>
                         <pubPlace>Москва</pubPlace>
                         <publisher>Государственное издательство "Художественная литература"</publisher>
                         <date when="1935"/>
                      </imprint>
                   </monogr>
                   <series>
                      <title level="s">Л.Н. Толстой. Полное собрание сочинений</title>
                      <biblScope unit="vol">59</biblScope>
                   </series>
                </biblStruct>
             </sourceDesc>
          </fileDesc>
          <encodingDesc>
             <tagsDecl> </tagsDecl>
          </encodingDesc>
          <profileDesc>
             <correspDesc>
                <correspAction type="sending">
                   <persName ref="PersonList.xml#L_N_Tolstoy">Л. Н. Толстой</persName>
                   <placeName ref="PlacesListxml#PLACE">Москва.</placeName>
                   <date when="1851-03-01">1851 г. Марта 1.</date>            </correspAction>
                <correspAction type="receiving">
                   <persName ref="PersonList.xml#RECEIVER">Т. А. Ергольской</persName>
                </correspAction>
                <correspContext>
                   <ref type="prev"></ref>
                </correspContext>
             </correspDesc>
          </profileDesc>
       </teiHeader>
       <xenoData><number type="in a volume">40</number></xenoData>

              <text xml:id="T.A.Ergolskoj_40">
	<body><div>
		<opener index="false">
* 40. Т. А. Ергольской.
1851 г. Марта 1... 15. Москва.
</opener>
<p rend="Obrashenie left">Chère tante!</p>
<p rend="left">L’arrivée de Nicolas a été pour moi une surprise bien agréable; puisque j’avais presque perdu l’espoir de le voir arriver chez moi. — J’ai été si content de le voir, que même j’ai négligé un peu mes devoirs ou plutôt mes habitudes ou bien comme dit Н[иколай] С[ергѣевичъ]<note xml:id="note1" resp="volume_editor" index="false">Ник. Серг. Воейков. О нем см. прим. 5 к п. № 7.</note> <hi>въ многолюдствњ не разсњиваться</hi> je me suis laissé <hi>разсњиваться</hi>. A présent je suis de nouveau seul, et seul au pied de la lettre: je ne vais nulle part ni ne reçoit personne. — Je fais des plans pour le printems et l’été, les <hi style="opdelimiter">aprouve</hi><hi style="opnumber">91</hi> <hi style="npnumber">92</hi><hi style="npdelimiter">rez</hi> vous? Vers la fin du mois de Mai je viendrai à Ясное, j’y passerai un mois ou deux et tâcherai d’y retenir Nicolas aussi longtems que possible et puis aller avec lui faire une tournée au Caucase (c’est dans le cas ou je reviens gros — Jean, comme avant. —)</p>
<p rend="left">Nicolas m’a fait un petit commérage sur vous, chère tante, il m’a dit que vous aviez extrêmement peur de ce que je ne fasse un mauvais mariage (du calcul). — Savez-vous que je m’étonne beaucoup, à voir que vous, qui êtes si bonne et si noble, croyez sur le compte des autres, même des personnes, que vous aimez, toutes les horreurs possibles. — Adieu, chère tante, je vous baise les mains. — Je viens, en relisant ce que je viens de vous écrire me mettre dans une alternation très désagréable, ou bien de vous envoyer cette lettre qui vous fâchera ou bien d’attendre, jusqu’à demain pour vous écrire. Mais au fond quoique vous vous fâcherez un peu vous serez néanmoins contente de recevoir de mes nouvelles, je prends le parti de l’envoyer quitte à recevoir une réprimande.</p>
<p rend="right">Léon.</p>
<lb/>
<p rend="left"><hi>На конверте:</hi></p>
<p rend="left">Eя Высокоблагородію Татьянѣ Александровнѣ Ергольской. Въ Тулу. Г. Чернь.</p>
<p rend="Obrashenie petit">
Дорогая тетенька!
</p>
<p rend="petit left">Приезд Николеньки был для меня очень приятной неожиданностью, так как я почти потерял надежду, что он ко мне приедет. — Я так ему обрадовался, что даже несколько запустил свои обязанности, вернее изменил своей привычке — <hi>*въ многолюдствѣ не разсѣиваться*</hi>, как говорит Н[иколай] С[ергѣевичъ], я дал себе <hi>*рассѣиваться*</hi>. Теперь я снова в одиночестве, и в полном одиночестве, нигде не бываю и никого не принимаю к себе. — Строю планы на весну и лето, одобрите ли вы их? К концу мая приеду в *Ясное*, проведу там месяц или два, стараясь как можно дольше задержать там Николеньку, а потом с ним вместе съезжу на Кавказ (всё это в том случае, ежели мне здесь ничего не удастся).</p>
<p rend="petit left">Николенька насплетничал мне на вас немножко, милая тетенька, он сказал, что вы ужасно боитесь, как бы я не женился дурно (т. е. по расчету). Знаете, я удивляюсь, что, с вашей добротой и благородством, вы готовы верить о других и даже о тех, кого вы любите, всякую гадость. — Прощайте, милая тетенька, целую ваши ручки.</p>
<p rend="petit left">Перечтя то, что я написал, я раздумываю — отправлять ли это письмо, которое вас рассердит, или переждать и завтра написать вам. — Впрочем, хотя вы рассердитесь немножко, а всё же известьям обо мне будете довольны. Решаюсь послать, хотя и получу выговор. <hi style="opdelimiter">Лев.</hi><hi style="opnumber">92</hi></p>
<comments><p rend="Textpetit_otstup left"><hi style="npnumber">93</hi><hi style="npdelimiter">Печатается</hi> по автографу, хранящемуся в АТБ. Впервые опубликованы отрывки из письма (по-французски и в переводе) П. И. Бирюковым в Б, I, 1906, стр. 160—161. Датируется на основании почтового штемпеля: «Москва, отд. 2.1851» и пометой на конверте рукой Т. А. Ергольской: «Получено 15 марта 1851».</p>
<p rend="Textpetit_otstup left"><hi>1 </hi>Ник. Серг. Воейков. О нем см. прим. 5 к п. № 7.</p>
</comments></div></body>
        </text>
        </TEI>