<?xml version="1.0" encoding="UTF-8"?>
    <!-- <?xml-stylesheet type="text/xsl" target="../resources/MJT/myletter.xsl"?> -->
    <?xml-stylesheet type="css" target="graves.css"?>
    <?xml-model target="http://www.tei-c.org/release/xml/tei/custom/schema/relaxng/tei_all.rng" type="application/xml" schematypens="http://relaxng.org/ns/structure/1.0"?>
    <?xml-model target="http://www.tei-c.org/release/xml/tei/custom/schema/relaxng/tei_all.rng" type="application/xml"
            schematypens="http://purl.oclc.org/dsdl/schematron"?>
    <TEI xmlns="http://www.tei-c.org/ns/1.0">
       <teiHeader>
          <fileDesc>
             <titleStmt>
                <title>Письмо №* 77. Гр. М. Н. Толстой.</title>
             </titleStmt>
             <publicationStmt>
                <publisher>TolstoyLab</publisher>
                <date when="2015-09-14">14 September 2015</date>
             </publicationStmt>
             <sourceDesc>
                <biblStruct>
                   <analytic>
                      <author>Толстой Л.Н.</author>
                   </analytic>
                   <monogr>
                      <title level="m">Полное собрание сочинений. Том 60</title>
                      <imprint>
                         <pubPlace>Москва</pubPlace>
                         <publisher>Государственное издательство "Художественная литература"</publisher>
                         <date when="1949"/>
                      </imprint>
                   </monogr>
                   <series>
                      <title level="s">Л.Н. Толстой. Полное собрание сочинений</title>
                      <biblScope unit="vol">60</biblScope>
                   </series>
                </biblStruct>
             </sourceDesc>
          </fileDesc>
          <encodingDesc>
             <tagsDecl> </tagsDecl>
          </encodingDesc>
          <profileDesc>
             <correspDesc>
                <correspAction type="sending">
                   <persName ref="PersonList.xml#L_N_Tolstoy">Л. Н. Толстой</persName>
                   <placeName ref="PlacesListxml#PLACE">Кларан.</placeName>
                   <date when="1857-06-12">1857 г. Июня 12</date>            </correspAction>
                <correspAction type="receiving">
                   <persName ref="PersonList.xml#RECEIVER">Гр. М. Н. Толстой</persName>
                </correspAction>
                <correspContext>
                   <ref type="prev"></ref>
                </correspContext>
             </correspDesc>
          </profileDesc>
       </teiHeader>
       <xenoData><number type="in a volume">77</number></xenoData>

              <text xml:id="gr.M.N.Tolstoj_77">
	<body><div>
		<opener index="false">
* 77. Гр. М. Н. Толстой.
1857 г. Июня 12/24. Кларан.</opener>
<p rend="left">...[гувернан]тки с немецким и французским и отличной пуританской нравственности за даром — 600 фр. Я уж думал предложить выслать вам отсюда. Валерьян бы увидал свою милую Венецию.</p>
<p rend="left">Ради Бога, ради Бога сделайте это. Это кажется страшно, а всё так просто, легко и дешево. О себе скажу, я здоров, резиденция моя Женевское озеро, но с месяц с тех пор, как уехали мои друзья русские, Мещерские и Пущины, с которыми я сошелся тут, я пешком делаю экскурсии в Швейцарию, Савою и даже на-днях в Пьемонт. Я ходил и ездил частью в Турин через Mont Cénis<note xml:id="note1" resp="volume_editor" index="false"> [Монт Сени]</note> и вернулся через St. Bernard<note xml:id="note2" resp="volume_editor" index="false"> [Сен-Бернар]</note> навстречу Дружинину и Боткину, которые теперь со мной.<note xml:id="note3" resp="volume_editor" index="false"> Об этом путешествии Толстого см. прим. 2 к п. № 78.</note></p>
<p rend="left">Тургенев был в Лондоне, ему получше, потом в Дрездене и оттуда поехал куда-то на воды<note xml:id="note4" resp="volume_editor" index="false"> И. С. Тургенев поехал в Зинциг (Рейнская провинция).</note> на-днях, откуда еще не получал его письма и адреса. — </p>
<p rend="left">Прощай, милый друг, пожалуйста выписывай меня. А может, и Николинька<note xml:id="note5" resp="volume_editor" index="false"> H. Н. Толстой.</note> подъедет да поедет с нами? —</p>
<comments><p rend="Textpetit_otstup left">Начало письма утеряно. Год определяется содержанием.</p>
<p rend="petit left">Письмо написано в один день с письмом к Т. А. Ергольской от 12/24 июня, из содержания которого ясно, что оба эти письма были отправлены в одном конверте на имя Т. А. Ергольской (см. п. № 78). Текст письма <hi style="opdelimiter">к</hi><hi style="opnumber">193</hi> <hi style="npnumber">194</hi><hi style="npdelimiter">T.</hi> A. Ергольской отчасти восстанавливает утерянное начало данного письма. В нем Толстой «усиленно уговаривал» М. Н. Толстую «ехать за границу».</p>
<p rend="Textpetit_otstup left"><hi>1</hi> [Монт Сени]</p>
<p rend="petit left"><hi>2</hi> [Сен-Бернар]</p>
<p rend="petit left"><hi>3</hi> Об этом путешествии Толстого см. прим. 2 к п. № 78.</p>
<p rend="petit left"><hi>4</hi> И. С. Тургенев поехал в Зинциг (Рейнская провинция).</p>
<p rend="petit left"><hi>5</hi> H. Н. Толстой.</p>
</comments></div></body>
        </text>
        </TEI>
