<?xml version="1.0" encoding="UTF-8"?>
    <!-- <?xml-stylesheet type="text/xsl" target="../resources/MJT/myletter.xsl"?> -->
    <?xml-stylesheet type="css" target="graves.css"?>
    <?xml-model target="http://www.tei-c.org/release/xml/tei/custom/schema/relaxng/tei_all.rng" type="application/xml" schematypens="http://relaxng.org/ns/structure/1.0"?>
    <?xml-model target="http://www.tei-c.org/release/xml/tei/custom/schema/relaxng/tei_all.rng" type="application/xml"
            schematypens="http://purl.oclc.org/dsdl/schematron"?>
    <TEI xmlns="http://www.tei-c.org/ns/1.0">
       <teiHeader>
          <fileDesc>
             <titleStmt>
                <title>Письмо №* 232. М. М. Толстой.</title>
             </titleStmt>
             <publicationStmt>
                <publisher>TolstoyLab</publisher>
                <date when="2015-09-14">14 September 2015</date>
             </publicationStmt>
             <sourceDesc>
                <biblStruct>
                   <analytic>
                      <author>Толстой Л.Н.</author>
                   </analytic>
                   <monogr>
                      <title level="m">Полное собрание сочинений. Том 61</title>
                      <imprint>
                         <pubPlace>Москва</pubPlace>
                         <publisher>Государственное издательство "Художественная литература"</publisher>
                         <date when="1953"/>
                      </imprint>
                   </monogr>
                   <series>
                      <title level="s">Л.Н. Толстой. Полное собрание сочинений</title>
                      <biblScope unit="vol">61</biblScope>
                   </series>
                </biblStruct>
             </sourceDesc>
          </fileDesc>
          <encodingDesc>
             <tagsDecl> </tagsDecl>
          </encodingDesc>
          <profileDesc>
             <correspDesc>
                <correspAction type="sending">
                   <persName ref="PersonList.xml#L_N_Tolstoy">Л. Н. Толстой</persName>
                   <placeName ref="PlacesListxml#PLACE">Я. П.</placeName>
                   <date when="1867-11-03">1867 г. Ноября 3.</date>            </correspAction>
                <correspAction type="receiving">
                   <persName ref="PersonList.xml#RECEIVER">М. М. Толстой</persName>
                </correspAction>
                <correspContext>
                   <ref type="prev"></ref>
                </correspContext>
             </correspDesc>
          </profileDesc>
       </teiHeader>
       <xenoData><number type="in a volume">232</number></xenoData>

              <text xml:id="M__M__Tolstoj_232">
	<body><div>
		<opener index="false">
* 232. М. М. Толстой.
1867 г. Ноября 3...5. Я. П.</opener>
<p rend="left">Посылаю тебе письмо от Сережи,<note xml:id="note1" resp="volume_editor" index="false"> Письмо С. Н. Толстого неизвестно.</note> которое я сейчас только получил. Он мне тоже пишет. Слава богу здоров, и охота идет хорошо. Я с осени сбирался тебя проведать; но у нас нынешнюю осень одно горе за другим. То дети были больны, потом Соня выкинула и очень была больна и теперь еще не выходит, потом я заболел и так сильно, что ставил пиявки и теперь вторую неделю болен. Тетинька Татьяна Александровна упала и свихнула руку. Так что мы все больные. Одни дети и тетинька Пелагея Ильинична, которая приехала на днях и живет у нас, здоровы и веселы. Машенька<note xml:id="note2" resp="volume_editor" index="false"> Мария Николаевна Толстая.</note> проехала в Москву уж недели две. Она тоже больна. Как-то ты поживаешь с своими детьми? Напиши, пожалуйста. Мы часто о тебе вспоминаем. Соня и тетиньки целуют тебя. —</p>
<p rend="left">Англичанка хочет к вам поступить — сестра нашей, та, которая живет у Львовых.<note xml:id="note3" resp="volume_editor" index="false"> Дженни Терсей, сестра Ханны, жившей у Толстых, служила у тульских помещиков Львовых.</note> Она очень хороша и говорит по-русски, но не может поступить раньше июня. А все-таки я бы очень советовал вам взять ее. Напишите, как вы об этом решите.</p>
<p rend="right">Твой брат Л. Толстой.</p>
<comments><p rend="Textpetit_otstup left">Датируется сопоставлением слов Толстого: «я заболел ... и теперь вторую неделю болен» с письмом С. А. Толстой к А. Е. Берсу от 24 октября 1867 г., в котором она сообщала о заболевании Толстого после купания в октябре месяце.</p>
<p rend="petit left">Мария Михайловна Толстая (1832—1919), рожд. Шишкина — государственная крестьянка из цыган Пушкарской слободы, Каширского уезда, Ямско-слободской волости, жена Сергея Николаевича Толстого.</p>
<p rend="Textpetit_otstup left"><hi>1</hi> Письмо С. Н. Толстого неизвестно.</p>
<p rend="petit left"><hi>2</hi> Мария Николаевна Толстая.</p>
<p rend="petit left"><hi>3</hi> Дженни Терсей, сестра Ханны, жившей у Толстых, служила у тульских помещиков Львовых.</p>
<p rend="left"><hi style="opnumber">181</hi> <hi style="npnumber">182</hi></p>
</comments></div></body>
        </text>
        </TEI>