<?xml version="1.0" encoding="UTF-8"?>
    <!-- <?xml-stylesheet type="text/xsl" target="../resources/MJT/myletter.xsl"?> -->
    <?xml-stylesheet type="css" target="graves.css"?>
    <?xml-model target="http://www.tei-c.org/release/xml/tei/custom/schema/relaxng/tei_all.rng" type="application/xml" schematypens="http://relaxng.org/ns/structure/1.0"?>
    <?xml-model target="http://www.tei-c.org/release/xml/tei/custom/schema/relaxng/tei_all.rng" type="application/xml"
            schematypens="http://purl.oclc.org/dsdl/schematron"?>
    <TEI xmlns="http://www.tei-c.org/ns/1.0">
       <teiHeader>
          <fileDesc>
             <titleStmt>
                <title>Письмо №156. А. А. Фету и И. П. Борисову.</title>
             </titleStmt>
             <publicationStmt>
                <publisher>TolstoyLab</publisher>
                <date when="2015-09-14">14 September 2015</date>
             </publicationStmt>
             <sourceDesc>
                <biblStruct>
                   <analytic>
                      <author>Толстой Л.Н.</author>
                   </analytic>
                   <monogr>
                      <title level="m">Полное собрание сочинений. Том 60</title>
                      <imprint>
                         <pubPlace>Москва</pubPlace>
                         <publisher>Государственное издательство "Художественная литература"</publisher>
                         <date when="1949"/>
                      </imprint>
                   </monogr>
                   <series>
                      <title level="s">Л.Н. Толстой. Полное собрание сочинений</title>
                      <biblScope unit="vol">60</biblScope>
                   </series>
                </biblStruct>
				<bibl>Впервые опубликовано А. А. Фетом в «Моих воспоминаниях», I, стр. 279—281.</bibl>
             </sourceDesc>
          </fileDesc>
          <encodingDesc>
             <tagsDecl> </tagsDecl>
          </encodingDesc>
          <profileDesc>
             <correspDesc>
                <correspAction type="sending">
                   <persName ref="PersonList.xml#L_N_Tolstoy">Л. Н. Толстой</persName>
                   <placeName ref="PlacesListxml#PLACE">Я. П.</placeName>
                   <date when="1859-10-24">1859 г. Октября 24.</date>            </correspAction>
                <correspAction type="receiving">
                   <persName ref="PersonList.xml#RECEIVER">А. А. Фету и И. П. Борисову</persName>
                </correspAction>
                <correspContext>
                   <ref type="prev"></ref>
                </correspContext>
             </correspDesc>
          </profileDesc>
       </teiHeader>
       <xenoData><number type="in a volume">156</number></xenoData>

              <text xml:id="A.A.FetuiI.P.Borisovu_156">
	<body><div>
		<opener index="false">
156. А. А. Фету и И. П. Борисову.
1859 г. Октября 24. Я. П.</opener>
<p rend="left">Душенька дяденька Фетинька. Ей Богу душенька, и я вас ужасно, ужасно люблю. Вот те и всё. Повести писать глупо, стыдно. Стихи писать....... Пожалуй пишите; но любить хорошего человека очень приятно. А может быть, против моей воли и сознания, не я, а сидящая во мне еще не [[1]] повесть, заставляет любить вас. Что-то иногда так кажется. Что ни делай, а — между навозом и каростой нет, нет да возьмешь и сочинишь. Спасибо, что еще писать себе не позволяю и не позволю. Изо всех сил благодарю вас за хлопоты о ветеринаре и пр. Нашел я Тульского и начал леченье, что будет, — не знаю. Да и чорт с ними со всеми. — Дружинин просит по дружбе сочинить повесть. Я, право, хочу сочинить. Такую сочиню, что уж ничего не будет. Шах персидской курит табак, а я тебя люблю. Вот она шутка-то. Без шуток, что ваш Гафиз? Ведь как ни вертись, а верх мудрости и твердости для меня, это только радоваться чужою поэзиею, а свою собственную не пускать в люди в уродливом наряде, а самому есть с хлебом насущным. А иногда так вдруг захочется быть великим человеком и так досадно, что до сих пор еще это не сделалось. Даже поскорей торопишься вставать или доедать обед, чтобы начинать. Всех так называемых глупостей не переговоришь, но приятно хоть одну сказать такому дяденьке, как вы, который живет только одними так называемыми глупостями «закурдялами». Пришлите мне одно самое здоровое, переведенное вами стихотворенье Гафиза me faire venir l’eau à la bouche,<note xml:id="note1" resp="volume_editor" index="false"> [чтобы мне полакомиться,]</note> a я вам пришлю образчик пшеницы. — Охота надоела смерть. Погода стоит прелестная, но я один не езжу. Гончие ваши, Иван Петрович, живы и здоровы, равно Прокофий и серой мерин. Очень благодарю вас за разрешенье и воспользуюсь им до порош. Тогда отправлю Прокофья с гончими. Из красного зверя, с тех пор как с <hi style="opdelimiter">вами</hi><hi style="opnumber">314</hi> <hi style="npnumber">315</hi><hi style="npdelimiter">расстался,</hi> травил и затравил одну лисицу, около себя в полях и сам. На днях напишу вам, а теперь только благодарю за хлопоты и крепко обнимаю. Энциклопедию пришлите. Вы напрашиваетесь на комиссию, так вот вам. Сестре нужен фортепьяно для обучения детей, крепкой и дешевый, но прочный, от 100 до 200 р. сер. Она писала уже одному знакомому, поэтому хлопоты могли бы пропасть даром; но ежели попадется, отпишите. Марье Петровне целую руку. — Тетинька очень благодарна за память. И это не фраза, а всякий раз как я ей прочту вашу приписку,<note xml:id="note2" resp="volume_editor" index="false"> Письмо Фета к Толстому неизвестно.</note> она улыбнется, наклонит голову и скажет: однако (почему однако?), какой славный человек этот Фет. — А я знаю, за что славный: за то, что она думает, что он меня очень любит. — Ну с, прощайте. Пописывайте мне иногда без возбудителя Ветеринара.</p>
<p rend="right">Л. Толстой.</p>
<p rend="left">24 Октября.</p>
<comments><p rend="Textpetit_otstup left">Впервые опубликовано А. А. Фетом в «Моих воспоминаниях», I, стр. 279—281.</p>
<p rend="Textpetit_otstup left"><hi>1</hi> [чтобы мне полакомиться,]</p>
<p rend="petit left"><hi>2</hi> Письмо Фета к Толстому неизвестно.</p>
</comments></div></body>
        </text>
        </TEI>