<?xml version="1.0" encoding="UTF-8"?>
    <!-- <?xml-stylesheet type="text/xsl" target="../resources/MJT/myletter.xsl"?> -->
    <?xml-stylesheet type="css" target="graves.css"?>
    <?xml-model target="http://www.tei-c.org/release/xml/tei/custom/schema/relaxng/tei_all.rng" type="application/xml" schematypens="http://relaxng.org/ns/structure/1.0"?>
    <?xml-model target="http://www.tei-c.org/release/xml/tei/custom/schema/relaxng/tei_all.rng" type="application/xml"
            schematypens="http://purl.oclc.org/dsdl/schematron"?>
    <TEI xmlns="http://www.tei-c.org/ns/1.0">
       <teiHeader>
          <fileDesc>
             <titleStmt>
                <title>Письмо №258. Гр. А. А. Толстой.</title>
             </titleStmt>
             <publicationStmt>
                <publisher>TolstoyLab</publisher>
                <date when="2015-09-14">14 September 2015</date>
             </publicationStmt>
             <sourceDesc>
                <biblStruct>
                   <analytic>
                      <author>Толстой Л.Н.</author>
                   </analytic>
                   <monogr>
                      <title level="m">Полное собрание сочинений. Том 60</title>
                      <imprint>
                         <pubPlace>Москва</pubPlace>
                         <publisher>Государственное издательство "Художественная литература"</publisher>
                         <date when="1949"/>
                      </imprint>
                   </monogr>
                   <series>
                      <title level="s">Л.Н. Толстой. Полное собрание сочинений</title>
                      <biblScope unit="vol">60</biblScope>
                   </series>
                </biblStruct>
             </sourceDesc>
          </fileDesc>
          <encodingDesc>
             <tagsDecl> </tagsDecl>
          </encodingDesc>
          <profileDesc>
             <correspDesc>
                <correspAction type="sending">
                   <persName ref="PersonList.xml#L_N_Tolstoy">Л. Н. Толстой</persName>
                   <placeName ref="PlacesListxml#PLACE">Я. П.</placeName>
                   <date when="1862-09-28">1862 г. Сентября 28.</date>            </correspAction>
                <correspAction type="receiving">
                   <persName ref="PersonList.xml#RECEIVER">Гр. А. А. Толстой</persName>
                </correspAction>
                <correspContext>
                   <ref type="prev"></ref>
                </correspContext>
             </correspDesc>
          </profileDesc>
       </teiHeader>
       <xenoData><number type="in a volume">258</number></xenoData>

              <text xml:id="gr.A.A.Tolstoj_258">
	<body><div>
		<opener index="false">
258. Гр. А. А. Толстой.
1862 г. Сентября 28. Я. П.
</opener>
<p rend="Obrashenie left">Любезный дорогой друг и бабушка!</p>
<p rend="left">Пишу из деревни, пишу и слышу наверху голос жены, которая говорит с братом и которую я люблю больше всего на свете. Я дожил до 34 лет и не знал, что можно так любить и быть так счастливым. Когда буду спокойнее, напишу вам длинное письмо — не то, что спокойнее, — я теперь спокоен и ясен, как никогда не бывал в жизни, но когда буду привычнее. Теперь у меня постоянно чувство, как будто я украл незаслуженное, незаконное, не мне назначенное счастье. Вот она идет, я ее слышу и так хорошо. Благодарю вас за последнее письмо.<note xml:id="note1" resp="volume_editor" index="false"> Письмо А. А. Толстой от 23 сентября 1862 г. См. ПТ, стр. 176—177.</note> И за что меня любят такие хорошие люди, как вы, и, что всего удивительнее, как такое существо, как моя жена.</p>
<p rend="left">Здоровье тетиньки всё нехорошо. С того испуга у ней сделалась женская болезнь, и она с трудом может ходить и стоять.<note xml:id="note2" resp="volume_editor" index="false"> Т. А. Ергольская заболела от испуга, вызванного обыском в Ясной Поляне.</note> Теперь радость как будто подняла и подкрепила ее. Как жаль, что Лиза<note xml:id="note3" resp="volume_editor" index="false"> Е. А. Толстая — сестра А. А. Толстой.</note> не будет у нас, мы уже так было замечтали, и жена начала даже бояться. Ведь вы придворные. Она не понимает еще и описать нельзя, что такое вы. Прощайте, целую ваши руки.</p>
<p rend="right">Л. Толстой.</p>
<p rend="left">28 <hi style="opdelimiter">Сентября.</hi><hi style="opnumber">448</hi></p>
<comments><p rend="Textpetit_otstup left"><hi style="npnumber">449</hi><hi style="npdelimiter">Впервые</hi> опубликовано в ПТ, стр. 178—179. Письмо написано вскоре после свадьбы.</p>
<p rend="Textpetit_otstup left"><hi>1</hi> Письмо А. А. Толстой от 23 сентября 1862 г. См. ПТ, стр. 176—177.</p>
<p rend="petit left"><hi>2</hi> Т. А. Ергольская заболела от испуга, вызванного обыском в Ясной Поляне.</p>
<p rend="petit left"><hi>3</hi> Е. А. Толстая — сестра А. А. Толстой.</p>
</comments></div></body>
        </text>
        </TEI>