<?xml version="1.0" encoding="UTF-8"?>
    <!-- <?xml-stylesheet type="text/xsl" target="../resources/MJT/myletter.xsl"?> -->
    <?xml-stylesheet type="css" target="graves.css"?>
    <?xml-model target="http://www.tei-c.org/release/xml/tei/custom/schema/relaxng/tei_all.rng" type="application/xml" schematypens="http://relaxng.org/ns/structure/1.0"?>
    <?xml-model target="http://www.tei-c.org/release/xml/tei/custom/schema/relaxng/tei_all.rng" type="application/xml"
            schematypens="http://purl.oclc.org/dsdl/schematron"?>
    <TEI xmlns="http://www.tei-c.org/ns/1.0">
       <teiHeader>
          <fileDesc>
             <titleStmt>
                <title>Письмо №79. В. П. Боткину.</title>
             </titleStmt>
             <publicationStmt>
                <publisher>TolstoyLab</publisher>
                <date when="2015-09-14">14 September 2015</date>
             </publicationStmt>
             <sourceDesc>
                <biblStruct>
                   <analytic>
                      <author>Толстой Л.Н.</author>
                   </analytic>
                   <monogr>
                      <title level="m">Полное собрание сочинений. Том 60</title>
                      <imprint>
                         <pubPlace>Москва</pubPlace>
                         <publisher>Государственное издательство "Художественная литература"</publisher>
                         <date when="1949"/>
                      </imprint>
                   </monogr>
                   <series>
                      <title level="s">Л.Н. Толстой. Полное собрание сочинений</title>
                      <biblScope unit="vol">60</biblScope>
                   </series>
                </biblStruct>
             </sourceDesc>
          </fileDesc>
          <encodingDesc>
             <tagsDecl> </tagsDecl>
          </encodingDesc>
          <profileDesc>
             <correspDesc>
                <correspAction type="sending">
                   <persName ref="PersonList.xml#L_N_Tolstoy">Л. Н. Толстой</persName>
                   <placeName ref="PlacesListxml#PLACE">Кларан.</placeName>
                   <date when="1857-06-17">1857 г. Июня 17</date>            </correspAction>
                <correspAction type="receiving">
                   <persName ref="PersonList.xml#RECEIVER">В. П. Боткину</persName>
                </correspAction>
                <correspContext>
                   <ref type="prev"></ref>
                </correspContext>
             </correspDesc>
          </profileDesc>
       </teiHeader>
       <xenoData><number type="in a volume">79</number></xenoData>

              <text xml:id="V.P.Botkinu_79">
	<body><div>
		<opener index="false">
79. В. П. Боткину.
1857 г. Июня 17/29. Кларан.</opener>
<p rend="petit right">Clarens, 29 июня.</p>
<p rend="left">Так-то, драгоценный Василий Петрович! У нас хорошо; но уже на кончике — все разъезжаются, и я, кажется, вас не дождусь. Увы! а через Берн, Люцерн, Шафгаузен <hi style="opdelimiter">хвачу</hi><hi style="opnumber">195</hi> <hi style="npnumber">196</hi><hi style="npdelimiter">на</hi> Рейн и по Рейну в Голландию, Гагу, оттуда в Лондон и к вашему промежутку леченья (который вы, как кажется, проведете в Париже) в Париж. Дай только Бог вас там найти танцующим и розовым; а оттуда осенью, может быть, вместе поехали бы на юг; я нарочно берегу его — авось придется объехать с вами. Нынче ночью мы с вашим братом ночевали в Лозанне<note xml:id="note1" resp="volume_editor" index="false"> В Лозанне Толстой с Вл. П. Боткиным были на народном балу в казино.</note> — по случаю девок. Оказывается, что там совершенно французские развратные нравы. Даже так легко, что противно, и вследствии того я вернулся чист, ваш брат тоже. —</p>
<p rend="left">Получил от Анненкова письмо,<note xml:id="note2" resp="volume_editor" index="false"> Письмо П. В. Анненкова к Толстому не сохранилось.</note> он здоров, скучает в Симбирске и вам кланяется. Про Тургенева ни слуху ни духу. Я завтра думаю выехать и в Париже<note xml:id="note3" resp="volume_editor" index="false"> <hi>В автографе описка:</hi> Парижу.</note> буду через месяц. Мой адрес будет Rue de Rivoli, 206. Ежели вы раньше меня приедете, попробуйте тоже там стать. Там пансион недорог и хорош и центр города. Дружба Дружинина с немцем действительно представляет трогательное явление; они друг на друга не нарадуются, находя в себе все одинаковые вкусы. У меня же 5-й день боль головы и спины, и какая-то нашла мерехрюндия. Нет, нет и грустно, всё куда-то тянет, чего-то хочется. Как песенка Béranger<note xml:id="note4" resp="volume_editor" index="false"> Пьер-Жан Беранже (1780—1857) — французский поэт.</note> есть: Le bonheur — «Le vois tu bien là bas, là bas!»<note xml:id="note5" resp="volume_editor" index="false"> [Счастье — «Видишь ли ты его там, там!»]</note> — Вот и валяю là bas в Антверпен и Лондон.<note xml:id="note6" resp="volume_editor" index="false"> Маршрут пути сложился иначе: 18/30 июня Толстой выехал в Женеву, пробыв два дня в Женеве, 22 июня /4 июля поехал в Берн; 24 июня/6 июля был в Люцерне; 8/20 июля — в Цюрихе; 9/21 июля — <hi style="opdelimiter">Шафгаузен;</hi><hi style="opnumber">196</hi> <hi style="npnumber">197</hi><hi style="npdelimiter">11/23</hi> июля — Штутгартен; 12/24 июля — Баден, где проигрался в рулетку и не смог осуществить намеченного ранее маршрута (см. прим. 1 к п. № 85); 22 июля/3 августа — Франкфурт; 24 июля/5 августа — Дрезден; 26 июля/7 августа — Берлин; 27 июля/8 августа — Штетин и 30 июля/11 августа в Петербурге.</note> Впрочем это беспокойство пригодно к путешествию и само вытекает из положенья не нормального, путешественника. Прощайте, дорогой друг, на месяц, а может, приеду навестить вас, вы правду говорите, что на мои планы рассчитывать нельзя, я сам на них не рассчитываю. Прощайте, от души обнимаю вас.<note xml:id="note7" resp="volume_editor" index="false"> Далее Вл. П. Боткин описывает свое с Толстым пребывание на народном балу в Лозанне.</note></p>
<comments><p rend="Textpetit_otstup left">Совместное письмо А. В. Дружинина, Л. Н. Толстого и Вл. П. Боткина. Публикуется только текст Толстого. Дата рукой Дружинина, далее идет его текст.</p>
<p rend="petit left">Тексты всех трех писем впервые опубликованы в ТПТ, 4, стр. 30—32.</p>
<p rend="petit left">Письмо Толстого является ответом на письмо Вас. П. Боткина от того же числа из Aix le Bains (см. ТПТ, 4, стр. 26—28).</p>
<p rend="Textpetit_otstup left"><hi>1</hi> В Лозанне Толстой с Вл. П. Боткиным были на народном балу в казино.</p>
<p rend="petit left"><hi>2</hi> Письмо П. В. Анненкова к Толстому не сохранилось.</p>
<p rend="petit left"><hi>3</hi> <hi>В автографе описка:</hi> Парижу.</p>
<p rend="petit left"><hi>4</hi> Пьер-Жан Беранже (1780—1857) — французский поэт.</p>
<p rend="petit left"><hi>5</hi> [Счастье — «Видишь ли ты его там, там!»]</p>
<p rend="petit left"><hi>6</hi> Маршрут пути сложился иначе: 18/30 июня Толстой выехал в Женеву, пробыв два дня в Женеве, 22 июня /4 июля поехал в Берн; 24 июня/6 июля был в Люцерне; 8/20 июля — в Цюрихе; 9/21 июля — <hi style="opdelimiter">Шафгаузен;</hi><hi style="opnumber">196</hi> <hi style="npnumber">197</hi><hi style="npdelimiter">11/23</hi> июля — Штутгартен; 12/24 июля — Баден, где проигрался в рулетку и не смог осуществить намеченного ранее маршрута (см. прим. 1 к п. № 85); 22 июля/3 августа — Франкфурт; 24 июля/5 августа — Дрезден; 26 июля/7 августа — Берлин; 27 июля/8 августа — Штетин и 30 июля/11 августа в Петербурге.</p>
<p rend="petit left"><hi>7</hi> Далее Вл. П. Боткин описывает свое с Толстым пребывание на народном балу в Лозанне.</p>
</comments></div></body>
        </text>
        </TEI>
