<?xml version="1.0" encoding="UTF-8"?>
    <!-- <?xml-stylesheet type="text/xsl" target="../resources/MJT/myletter.xsl"?> -->
    <?xml-stylesheet type="css" target="graves.css"?>
    <?xml-model target="http://www.tei-c.org/release/xml/tei/custom/schema/relaxng/tei_all.rng" type="application/xml" schematypens="http://relaxng.org/ns/structure/1.0"?>
    <?xml-model target="http://www.tei-c.org/release/xml/tei/custom/schema/relaxng/tei_all.rng" type="application/xml"
            schematypens="http://purl.oclc.org/dsdl/schematron"?>
    <TEI xmlns="http://www.tei-c.org/ns/1.0">
       <teiHeader>
          <fileDesc>
             <titleStmt>
                <title>Письмо №* 137. И. П. Борисову.</title>
             </titleStmt>
             <publicationStmt>
                <publisher>TolstoyLab</publisher>
                <date when="2015-09-14">14 September 2015</date>
             </publicationStmt>
             <sourceDesc>
                <biblStruct>
                   <analytic>
                      <author>Толстой Л.Н.</author>
                   </analytic>
                   <monogr>
                      <title level="m">Полное собрание сочинений. Том 61</title>
                      <imprint>
                         <pubPlace>Москва</pubPlace>
                         <publisher>Государственное издательство "Художественная литература"</publisher>
                         <date when="1953"/>
                      </imprint>
                   </monogr>
                   <series>
                      <title level="s">Л.Н. Толстой. Полное собрание сочинений</title>
                      <biblScope unit="vol">61</biblScope>
                   </series>
                </biblStruct>
             </sourceDesc>
          </fileDesc>
          <encodingDesc>
             <tagsDecl> </tagsDecl>
          </encodingDesc>
          <profileDesc>
             <correspDesc>
                <correspAction type="sending">
                   <persName ref="PersonList.xml#L_N_Tolstoy">Л. Н. Толстой</persName>
                   <placeName ref="PlacesListxml#PLACE">Никольское-Вяземское.</placeName>
                   <date when="1865-09-13">1865 г. Сентября 13.</date>            </correspAction>
                <correspAction type="receiving">
                   <persName ref="PersonList.xml#RECEIVER">И. П. Борисову</persName>
                </correspAction>
                <correspContext>
                   <ref type="prev"></ref>
                </correspContext>
             </correspDesc>
          </profileDesc>
       </teiHeader>
       <xenoData><number type="in a volume">137</number></xenoData>

              <text xml:id="I__P__Borisovu_137">
	<body><div>
		<opener index="false">
* 137. И. П. Борисову.
1865 г. Сентября 13. Никольское-Вяземское.</opener>
<p rend="left">На меня, верно, колдовство напущено. Я езжу каждый день, ничего не затравил, поэтому очень рад вашему предложению. Пусть охота ваша придет ночевать 15-го, а 16-го попытаем счастия около Никольского и к Теплому.<note xml:id="note1" resp="volume_editor" index="false"> Теплое — село Рязанской губ. Данковского уезда.</note> — Раевской<note xml:id="note2" resp="volume_editor" index="false"> Иван Иванович Раевский.</note> прислал мне смычок<note xml:id="note3" resp="volume_editor" index="false"> Смычок — в псовой охоте пара собак, сомкнутых цепочкой и бегущих вместе.</note> прекрасных молодых собак; мы свалим и моих 4-х. Они гоняют славно. —</p>
<p rend="left">Новосильцеву скажите, что я у Протопоповой не покупаю прививки<note xml:id="note4" resp="volume_editor" index="false"> Вероятно, речь идет о прививках для яблонь.</note> и желаю ему счастья. — Человек мой и от меня ушел; поэтому не рекомендую. —</p>
<p rend="left">Так я вас жду решительно. Ежели вам почему-нибудь нельзя, то дайте знать. —</p>
<p rend="right">Л. Толстой.</p>
<lb/>
<p rend="left"><hi>На четвертой странице</hi>:</p>
<p rend="left">Е. В. Ивану Петровичу Борисову.</p>
<comments><p rend="Textpetit_otstup left">Датируется по письму И. П. Борисова от 12 сентября 1865 г., на которое отвечает Толстой.</p>
<p rend="Textpetit_otstup left"><hi>1</hi> Теплое — село Рязанской губ. Данковского уезда.</p>
<p rend="petit left"><hi>2</hi> Иван Иванович Раевский.</p>
<p rend="petit left"><hi>3</hi> Смычок — в псовой охоте пара собак, сомкнутых цепочкой и бегущих вместе.</p>
<p rend="petit left"><hi>4</hi> Вероятно, речь идет о прививках для яблонь.</p>
</comments></div></body>
        </text>
        </TEI>