<?xml version="1.0" encoding="UTF-8"?>
    <!-- <?xml-stylesheet type="text/xsl" target="../resources/MJT/myletter.xsl"?> -->
    <?xml-stylesheet type="css" target="graves.css"?>
    <?xml-model target="http://www.tei-c.org/release/xml/tei/custom/schema/relaxng/tei_all.rng" type="application/xml" schematypens="http://relaxng.org/ns/structure/1.0"?>
    <?xml-model target="http://www.tei-c.org/release/xml/tei/custom/schema/relaxng/tei_all.rng" type="application/xml"
            schematypens="http://purl.oclc.org/dsdl/schematron"?>
    <TEI xmlns="http://www.tei-c.org/ns/1.0">
       <teiHeader>
          <fileDesc>
             <titleStmt>
                <title>Письмо №* 384. H. Н. Страхову.</title>
             </titleStmt>
             <publicationStmt>
                <publisher>TolstoyLab</publisher>
                <date when="2015-09-14">14 September 2015</date>
             </publicationStmt>
             <sourceDesc>
                <biblStruct>
                   <analytic>
                      <author>Толстой Л.Н.</author>
                   </analytic>
                   <monogr>
                      <title level="m">Полное собрание сочинений. Том 61</title>
                      <imprint>
                         <pubPlace>Москва</pubPlace>
                         <publisher>Государственное издательство "Художественная литература"</publisher>
                         <date when="1953"/>
                      </imprint>
                   </monogr>
                   <series>
                      <title level="s">Л.Н. Толстой. Полное собрание сочинений</title>
                      <biblScope unit="vol">61</biblScope>
                   </series>
                </biblStruct>
             </sourceDesc>
          </fileDesc>
          <encodingDesc>
             <tagsDecl> </tagsDecl>
          </encodingDesc>
          <profileDesc>
             <correspDesc>
                <correspAction type="sending">
                   <persName ref="PersonList.xml#L_N_Tolstoy">Л. Н. Толстой</persName>
                   <placeName ref="PlacesListxml#PLACE">Москва.</placeName>
                   <date when="1872-07-08">1872 г. Июля 8.</date>            </correspAction>
                <correspAction type="receiving">
                   <persName ref="PersonList.xml#RECEIVER">H. Н. Страхову</persName>
                </correspAction>
                <correspContext>
                   <ref type="prev">Ответ на неизвестное письмо H. Н. Страхова.</ref>
                </correspContext>
             </correspDesc>
          </profileDesc>
       </teiHeader>
       <xenoData><number type="in a volume">384</number></xenoData>

              <text xml:id="H__N__Straxovu_384">
	<body><div>
		<opener index="false">
* 384. H. Н. Страхову.
1872 г. Июля 8. Москва.</opener>
<p rend="left">Боюсь, что долго не отвечал на ваше последнее письмо. Получил я его накануне отъезда в Самару. А отъезд откладывался. Писать же я должен был из Москвы, чтобы ответить о картинках, счетах и бумаге. — Сейчас всё разузнал и решил. —</p>
<p rend="left">1) Литье счетов, резные буквы и политипажи высылаю вам с этою же почтой (если примут). 2) Бумага моя 150 стоп оказалась цела у Риса и вышлется к вам немедленно. 3) 50 р. посылаю только потому, что бумаги я думаю достанет на две книги, недостающее надо будет прикупить в Петербурге. На все ваши вопросы последнего письма отвечаю огулом — делайте, как вам кажется лучше.</p>
<p rend="left">Третью книгу я оставил у жены и как понадобится для чтения, напишите ей, и она пришлет. К ней объяснений никаких не нужно. И недостает только отдела арифметики и «для учителя», кот[орые] я пришлю из Самары.<note xml:id="note1" resp="volume_editor" index="false"> В самарское имение из Ясной Поляны Толстой выехал 7 июля, 8-го был в Москве, 12-го приехал в Самару, а 13 июля — на самарский хутор. Арифметику для третьей книги «Азбуки» Толстой послал в середине августа.</note> — Одно, что пугает меня, и вы мне не отвечали на это, это славянское непереведенное и граммат[ические] выноски.<note xml:id="note2" resp="volume_editor" index="false"> О грамматических выносках (сносках) см. в письме № 382, стр. 297.</note> В 3-й книге есть житие Иосифа Волокол[амского],<note xml:id="note3" resp="volume_editor" index="false"> Ср. письмо от 29 сентября, № 405.</note> только начатое переводом. Сделаете ли вы это сами, или поручите кому-нибудь? (Вообще Макарьевские житии, которых два, кажется, во 2-ой книге, надо печатать славянским шрифтом, как и летописи.) Я забыл вам прислать Макар[ьевскую] минею — напишите жене, если нужно, она пришлет. —</p>
<p rend="left">Рис мне клялся и божился, что вышлет бумагу, и я сам видел ее, но если бы он обманул, то напишите, пожалуйста, князю Леониду Дмитриевичу Оболенскому в Москву на Никитской, дом Азанчевского, что бумага не выслана и что вы <hi style="opdelimiter">просите</hi><hi style="opnumber">301</hi> <hi style="npnumber">302</hi><hi style="npdelimiter">его</hi> от меня пугнуть Риса. — Если бы все-таки не выслали бумагу, то напишите жене, она вам вышлет деньги для покупки в Петербурге. Мне грустно, что я уезжаю теперь, но необходимо и надеюсь на вас, как на каменную гору. Адрес мой: в Самару, Егору Александровичу Тимроту<note xml:id="note4" resp="volume_editor" index="false"> Егор Александрович Тимрот, присяжный поверенный, жил в имении под Самарой, находившемся вблизи хутора Толстого. Толстой познакомился с ним в 1871 г. и поручил ему управление своей землей.</note> с передачею. Я пробуду в отлучке не более 4-х недель. Во всяком письме повторяю и буду повторять благодарность за то, что вы взялись за это дело. Ваш всей душой</p>
<p rend="right">Л. Толстой.</p>
<comments><p rend="Textpetit_otstup left">На автографе пометка Страхова: «8 июля 1872».</p>
<p rend="petit left">Ответ на неизвестное письмо H. Н. Страхова.</p>
<p rend="Textpetit_otstup left"><hi>1</hi> В самарское имение из Ясной Поляны Толстой выехал 7 июля, 8-го был в Москве, 12-го приехал в Самару, а 13 июля — на самарский хутор. Арифметику для третьей книги «Азбуки» Толстой послал в середине августа.</p>
<p rend="petit left"><hi>2</hi> О грамматических выносках (сносках) см. в письме № 382, стр. 297.</p>
<p rend="petit left"><hi>3</hi> Ср. письмо от 29 сентября, № 405.</p>
<p rend="petit left"><hi>4</hi> Егор Александрович Тимрот, присяжный поверенный, жил в имении под Самарой, находившемся вблизи хутора Толстого. Толстой познакомился с ним в 1871 г. и поручил ему управление своей землей.</p>
</comments></div></body>
        </text>
        </TEI>