<?xml version="1.0" encoding="UTF-8"?>
    <!-- <?xml-stylesheet type="text/xsl" target="../resources/MJT/myletter.xsl"?> -->
    <?xml-stylesheet type="css" target="graves.css"?>
    <?xml-model target="http://www.tei-c.org/release/xml/tei/custom/schema/relaxng/tei_all.rng" type="application/xml" schematypens="http://relaxng.org/ns/structure/1.0"?>
    <?xml-model target="http://www.tei-c.org/release/xml/tei/custom/schema/relaxng/tei_all.rng" type="application/xml"
            schematypens="http://purl.oclc.org/dsdl/schematron"?>
    <TEI xmlns="http://www.tei-c.org/ns/1.0">
       <teiHeader>
          <fileDesc>
             <titleStmt>
                <title>Письмо №* 78. Т. А. Ергольской.</title>
             </titleStmt>
             <publicationStmt>
                <publisher>TolstoyLab</publisher>
                <date when="2015-09-14">14 September 2015</date>
             </publicationStmt>
             <sourceDesc>
                <biblStruct>
                   <analytic>
                      <author>Толстой Л.Н.</author>
                   </analytic>
                   <monogr>
                      <title level="m">Полное собрание сочинений. Том 60</title>
                      <imprint>
                         <pubPlace>Москва</pubPlace>
                         <publisher>Государственное издательство "Художественная литература"</publisher>
                         <date when="1949"/>
                      </imprint>
                   </monogr>
                   <series>
                      <title level="s">Л.Н. Толстой. Полное собрание сочинений</title>
                      <biblScope unit="vol">60</biblScope>
                   </series>
                </biblStruct>
             </sourceDesc>
          </fileDesc>
          <encodingDesc>
             <tagsDecl> </tagsDecl>
          </encodingDesc>
          <profileDesc>
             <correspDesc>
                <correspAction type="sending">
                   <persName ref="PersonList.xml#L_N_Tolstoy">Л. Н. Толстой</persName>
                   <placeName ref="PlacesListxml#PLACE">Кларан.</placeName>
                   <date when="1857-06-12">1857 г. Июня 12</date>            </correspAction>
                <correspAction type="receiving">
                   <persName ref="PersonList.xml#RECEIVER">Т. А. Ергольской</persName>
                </correspAction>
                <correspContext>
                   <ref type="prev"></ref>
                </correspContext>
             </correspDesc>
          </profileDesc>
       </teiHeader>
       <xenoData><number type="in a volume">78</number></xenoData>

              <text xml:id="T.A.Ergolskoj_78">
	<body><div>
		<opener index="false">
* 78. Т. А. Ергольской.
1857 г. Июня 12/24. Кларан.</opener>
<p rend="left">Pardon, chère tante, si pour<note xml:id="note1" resp="volume_editor" index="false"> <hi>В автографе ошибочно вместо:</hi> pour <hi>написано</hi>: de</note> cette fois, je ne v-s écris, que quelques mots. Je viens de retourner d’un charmant voyage en Piémont<note xml:id="note2" resp="volume_editor" index="false"> 31 мая (12 июня) Толстой выехал на пароходе из Кларана в Женеву, откуда 1/13 июня в 6 часов утра выехал в Пьемонт навстречу В. П. Боткину и А. В. Дружинину.</note> que je viens de faire à la rencontre de Botkine et Drouchinine, qui sont à présent avec moi. J’ai reçu votre dernière lettre qui m’a fait plaisir et beaucoup de peine pour la chère Marie. Sa santé va mal. Je lui écris une longue lettre dans laquelle je l’engage très fort à aller à l’étranger. Cependant comme je pars tout de suite pour une promenade et qu’on m’attends j’aime mieux envoyer la lettre de Marie à vous. Vous la lirez et l’enverrez chez elle.<note xml:id="note3" resp="volume_editor" index="false"> См. предыдущее п. № 77 и прим. к нему.</note> J’espère que vous m’aiderez à l’engager à accepter ma proposition. —</p>
<p rend="left">Adieu, je baise mille fois vos mains, chère tante. Vous recevrez un paquet de sculptures en bois de la Suisse que j’ai envoyé à votre nom. — J’ai cru que ces petites choses vous feraient plaisir. —</p>
<p rend="right">Votre Léon.</p>
<p rend="left"><figure><graphic url="./img/i000020270000.png"/></figure> Juin.</p>
<p rend="left">Clarens.</p>
<p rend="left">J’embrasse Serge et attends sa lettre.</p>
<comments><p rend="Textpetit_otstup left">Простите, дорогая тетенька,<note xml:id="note4" resp="volume_editor" index="false"> <hi>В автографе ошибочно вместо:</hi> pour <hi>написано</hi>: de</note> что на этот раз пишу только несколько слов. Только что вернулся с прелестной поездки в Пьемонт,<note xml:id="note5" resp="volume_editor" index="false"> 31 мая (12 июня) Толстой выехал на пароходе из Кларана в Женеву, откуда 1/13 июня в 6 часов утра выехал в Пьемонт навстречу В. П. Боткину и А. В. Дружинину.</note> куда я отправился навстречу Боткину и Дружинину, которые теперь со мной. Получил ваше последнее письмо, которое меня обрадовало и очень огорчило известием о милой Машеньке. Ее здоровье плохо. Пишу ей длинное письмо, в котором усиленно уговариваю ее ехать за границу. Но так как я сейчас ухожу на прогулку и меня ждут, предпочитаю послать письмо вам. Вы прочтите его и перешлите ей.<note xml:id="note6" resp="volume_editor" index="false"> См. предыдущее п. № 77 и прим. к нему.</note> Надеюсь, что вы поможете мне уговорить ее принять мое предложение. —</p>
<p rend="petit left">Прощайте, тысячу раз целую ваши ручки, дорогая тетенька. Вы <hi style="opdelimiter">получите</hi><hi style="opnumber">194</hi> <hi style="npnumber">195</hi><hi style="npdelimiter">от</hi> меня посылку швейцарских вещиц, точеных по дереву. Думаю, что они доставят вам удовольствие. —</p>
<p rend="petit right">Ваш Лев.</p>
<p rend="petit left">12/24 Июня. Кларан.</p>
<p rend="petit left">Целую Сережу и жду его письма.</p>
<p rend="Textpetit_otstup left"><hi>1</hi> <hi>В автографе ошибочно вместо:</hi> pour <hi>написано</hi>: de</p>
<p rend="petit left"><hi>2</hi> 31 мая (12 июня) Толстой выехал на пароходе из Кларана в Женеву, откуда 1/13 июня в 6 часов утра выехал в Пьемонт навстречу В. П. Боткину и А. В. Дружинину.</p>
<p rend="petit left">Свой путь Толстой совершил через Шамбери. Пройдя пешком Монсениский перевал, Толстой продолжал путь в дилижансе, приехав в 12 часов 3/15 июня в Турин, где в это время жили А. В. Дружинин и братья Боткины, Василий и Владимир Петровичи. См. записи в Дневнике под 3/15 и 4/16 июня 1857 г., т. 47, стр. 134 и 135.</p>
<p rend="petit left">5/17 июня Толстой, Владимир Петрович Боткин и Дружинин отправились в Кларан следующим путем: из Турина в Кивассо, пообедав в Ивре, двинулись дальше пешком по Аостской долине до деревни Понте-Сан-Мартино, в 17 километрах от Ивре, и там остановились на ночлег. 6/18 июня пошли далее в Грессонэ. На следующий день (7/19) путники не могли двинуться дальше из-за дождя. 8/20 июня, поднявшись от Сан-Мартино вверх по долине реки Грессонэ, дошли до деревни Трините. Пройдя от нее несколько километров к северу, в направлении к горному массиву Монте-Роза, и дойдя до часовни, от которой начинается крутой подъем, повернули обратно и перевалили через горный кряж, разделяющий долину реки Грессонэ от долины реки Эвансон, спустившись в эту долину и дойдя по ней до деревни Бюссон, опять пересекли другой перевальный горный кряж и снова вышли в Аостскую долину у деревни Сен-Винцент.</p>
<p rend="petit left">Далее путники пошли в Шамбаву — деревушку в Аостской долине, известную своими виноградниками. 9/21 июня из Шамбавы в арбе до Аосты. Отдохнув в Аосте, двинулись дальше до Сен-Реми — деревушки у подножия Сен-Бернара, где остановились на ночлег. Наутро (10/22 июня), выйдя в 6 часов утра, двинулись дальше, делая спуск по Этремонской долине в сторону Швейцарии, частью на тележке, частью пешком до Орсьер, отсюда пешком до Эвионна — деревушки на берегу Роны, в 9 километрах от Мартиньи. Здесь заночевали в простой народной гостинице.</p>
<p rend="petit left">11/23 июня, встав в 7 часов, поехали в дилижансе до Вильнев — небольшого городка в 7 километрах от Кларана; далее на лодке до Кларана.</p>
<p rend="petit left"><hi>3</hi> См. предыдущее п. № 77 и прим. к нему.</p>
</comments></div></body>
        </text>
        </TEI>
