<?xml version="1.0" encoding="UTF-8"?>
    <!-- <?xml-stylesheet type="text/xsl" target="../resources/MJT/myletter.xsl"?> -->
    <?xml-stylesheet type="css" target="graves.css"?>
    <?xml-model target="http://www.tei-c.org/release/xml/tei/custom/schema/relaxng/tei_all.rng" type="application/xml" schematypens="http://relaxng.org/ns/structure/1.0"?>
    <?xml-model target="http://www.tei-c.org/release/xml/tei/custom/schema/relaxng/tei_all.rng" type="application/xml"
            schematypens="http://purl.oclc.org/dsdl/schematron"?>
    <TEI xmlns="http://www.tei-c.org/ns/1.0">
       <teiHeader>
          <fileDesc>
             <titleStmt>
                <title>Письмо №* 7. Т. А. Ергольской.</title>
             </titleStmt>
             <publicationStmt>
                <publisher>TolstoyLab</publisher>
                <date when="2015-09-14">14 September 2015</date>
             </publicationStmt>
             <sourceDesc>
                <biblStruct>
                   <analytic>
                      <author>Толстой Л.Н.</author>
                   </analytic>
                   <monogr>
                      <title level="m">Полное собрание сочинений. Том 60</title>
                      <imprint>
                         <pubPlace>Москва</pubPlace>
                         <publisher>Государственное издательство "Художественная литература"</publisher>
                         <date when="1949"/>
                      </imprint>
                   </monogr>
                   <series>
                      <title level="s">Л.Н. Толстой. Полное собрание сочинений</title>
                      <biblScope unit="vol">60</biblScope>
                   </series>
                </biblStruct>
             </sourceDesc>
          </fileDesc>
          <encodingDesc>
             <tagsDecl> </tagsDecl>
          </encodingDesc>
          <profileDesc>
             <correspDesc>
                <correspAction type="sending">
                   <persName ref="PersonList.xml#L_N_Tolstoy">Л. Н. Толстой</persName>
                   <placeName ref="PlacesListxml#PLACE">Петербург.</placeName>
                   <date when="1856-04-12">1856 г. Апреля 12?</date>            </correspAction>
                <correspAction type="receiving">
                   <persName ref="PersonList.xml#RECEIVER">Т. А. Ергольской</persName>
                </correspAction>
                <correspContext>
                   <ref type="prev"></ref>
                </correspContext>
             </correspDesc>
          </profileDesc>
       </teiHeader>
       <xenoData><number type="in a volume">7</number></xenoData>

              <text xml:id="T.A.Ergolskoj_7">
	<body><div>
		<opener index="false">
* 7. Т. А. Ергольской.
1856 г. Апреля 12? Петербург.
</opener>
<p rend="Obrashenie left">Chère tante.</p>
<p rend="left">Je ne vous écris qu’un petit mot pour vous remercier pour votre bonne lettre<note xml:id="note1" resp="volume_editor" index="false"> Письмо Т. А. Ергольской к Толстому не сохранилось.</note> et vous dire, que je me porte bien, que j’ai présenté une supplique en congé pour 11 mois; 3 mois à la campagne et 8 à l’étranger et qu’aujourd’hui je vais tâcher de recevoir un petit congé pour les fêtes. Je n’attends que cela pour partir. Hier j’ai fini une petite nouvelle<note xml:id="note2" resp="volume_editor" index="false"> Речь идет о повести «Два гусара», первоначальное название которой было «Отец и сын». Задумана повесть 12 марта, о чем есть запись в Дневнике. В письме от 17 апреля 1856 г. Некрасов писал Боткину: «Толстой написал превосходную повесть «Два гусара», она у меня и будет в № 5 «Современника». Милый Толстой! как журналист, я ему обязан в последнее время приятными минутами, да и человек он хороший, а блажь уходится» («Печать и революция», 1928, 1). 19 апреля 1856 г. Толстой записал в Дневнике: «Кончил даже поправки «Отца и сына», который по совету Некрасова назвал Два гусара — лучше».</note> que je donnerai je crois aux Отечественные записки<note xml:id="note3" resp="volume_editor" index="false"> «Отечественные записки» — журнал А. А. Краевского (см. т. 59, стр. 337). Рассказ в «Отечественные записки» отдан не был. См. т. 3.</note> et je me trouve pour le moment dans cette bonne humeur que vous donne la fin d’un travail de quelques mois. — J’espère au revoir, chère tante. Самое последнее на фоминой надеюсь расцеловать ваши ручки. —</p>
<p rend="right">Léon.</p>
<p rend="left">Sur cette même feuille j’écris pour affaires un petit mot au «староста».<note xml:id="note4" resp="volume_editor" index="false"> Письмо не сохранилось.</note> Donnez le lui, chère tante, et insistez je vous en prie pour qu’il paye plus vite ces deux petites dettes. En venant à la campagne j’espère ne pas avoir besoin d’argent.</p>
<lb/>
<p rend="Obrashenie petit left">Дорогая тетенька!</p>
<p rend="petit left">Пишу несколько слов, чтобы поблагодарить вас за ваше доброе письмо,<note xml:id="note5" resp="volume_editor" index="false"> Письмо Т. А. Ергольской к Толстому не сохранилось.</note> сказать вам, что я здоров, что я подал прошение об отпуске на 11 месяцев —</p>
<p rend="petit left">3 месяца в деревню и 8 месяцев за границу — и что сегодня я попытаюсь получить коротенький отпуск на праздники. Только этого и жду, чтобы уехать. Вчера окончил небольшой рассказ,<note xml:id="note6" resp="volume_editor" index="false"> Речь идет о повести «Два гусара», первоначальное название которой было «Отец и сын». Задумана повесть 12 марта, о чем есть запись в Дневнике. В письме от 17 апреля 1856 г. Некрасов писал Боткину: «Толстой написал превосходную повесть «Два гусара», она у меня и будет в № 5 «Современника». Милый Толстой! как журналист, я ему обязан в последнее время приятными минутами, да и человек он хороший, а блажь уходится» («Печать и революция», 1928, 1). 19 апреля 1856 г. Толстой записал в Дневнике: «Кончил даже поправки «Отца и сына», который по совету Некрасова назвал Два гусара — лучше».</note> который думаю отдать в Отечественные записки,<note xml:id="note7" resp="volume_editor" index="false"> «Отечественные записки» — журнал А. А. Краевского (см. т. 59, стр. 337). Рассказ в «Отечественные записки» отдан не был. См. т. 3.</note> и в эту минуту я в том хорошем расположении духа, которое бывает по окончании работы, над которой трудился <hi style="opdelimiter">несколько</hi><hi style="opnumber">56</hi> <hi style="npnumber">57</hi><hi style="npdelimiter">месяцев.</hi> — Надеюсь, что до свиданья, дорогая тетенька. Самое позднее на фоминой надеюсь расцеловать ваши ручки. —</p>
<p rend="petit right">Лев.</p>
<p rend="petit left">На этом же листке пишу по делу несколько слов «старосте».<note xml:id="note8" resp="volume_editor" index="false"> Письмо не сохранилось.</note> Передайте это ему, дорогая тетенька, и настойте, пожалуйста, чтобы он поскорее уплатил эти два небольшие долга. По приезде в деревню надеюсь не нуждаться в деньгах.</p>
<comments><p rend="Textpetit_otstup left">Датируется содержанием: «Два гусара» опубликованы с датой 11 апреля 1856 г.</p>
<p rend="Textpetit_otstup left"><hi>1</hi> Письмо Т. А. Ергольской к Толстому не сохранилось.</p>
<p rend="petit left"><hi>2</hi> Речь идет о повести «Два гусара», первоначальное название которой было «Отец и сын». Задумана повесть 12 марта, о чем есть запись в Дневнике. В письме от 17 апреля 1856 г. Некрасов писал Боткину: «Толстой написал превосходную повесть «Два гусара», она у меня и будет в № 5 «Современника». Милый Толстой! как журналист, я ему обязан в последнее время приятными минутами, да и человек он хороший, а блажь уходится» («Печать и революция», 1928, 1). 19 апреля 1856 г. Толстой записал в Дневнике: «Кончил даже поправки «Отца и сына», который по совету Некрасова назвал Два гусара — лучше».</p>
<p rend="petit left"><hi>3</hi> «Отечественные записки» — журнал А. А. Краевского (см. т. 59, стр. 337). Рассказ в «Отечественные записки» отдан не был. См. т. 3.</p>
<p rend="petit left"><hi>4</hi> Письмо не сохранилось.</p>
</comments></div></body>
        </text>
        </TEI>