<?xml version="1.0" encoding="UTF-8"?>
    <!-- <?xml-stylesheet type="text/xsl" target="../resources/MJT/myletter.xsl"?> -->
    <?xml-stylesheet type="css" target="graves.css"?>
    <?xml-model target="http://www.tei-c.org/release/xml/tei/custom/schema/relaxng/tei_all.rng" type="application/xml" schematypens="http://relaxng.org/ns/structure/1.0"?>
    <?xml-model target="http://www.tei-c.org/release/xml/tei/custom/schema/relaxng/tei_all.rng" type="application/xml"
            schematypens="http://purl.oclc.org/dsdl/schematron"?>
    <TEI xmlns="http://www.tei-c.org/ns/1.0">
       <teiHeader>
          <fileDesc>
             <titleStmt>
                <title>Письмо №97. А. А. Толстой.</title>
             </titleStmt>
             <publicationStmt>
                <publisher>TolstoyLab</publisher>
                <date when="2015-09-14">14 September 2015</date>
             </publicationStmt>
             <sourceDesc>
                <biblStruct>
                   <analytic>
                      <author>Толстой Л.Н.</author>
                   </analytic>
                   <monogr>
                      <title level="m">Полное собрание сочинений. Том 61</title>
                      <imprint>
                         <pubPlace>Москва</pubPlace>
                         <publisher>Государственное издательство "Художественная литература"</publisher>
                         <date when="1953"/>
                      </imprint>
                   </monogr>
                   <series>
                      <title level="s">Л.Н. Толстой. Полное собрание сочинений</title>
                      <biblScope unit="vol">61</biblScope>
                   </series>
                </biblStruct>
				<bibl>Впервые опубликовано, с датой: «январь 1865», в ПТ, №54, Год определяется упоминанием о смерти В. П. Толстого. Месяц и число устанавливаются по ответному письму А. А. Толстой от 29 января 1865 г. (ПТ, № 55).</bibl>
             </sourceDesc>
          </fileDesc>
          <encodingDesc>
             <tagsDecl> </tagsDecl>
          </encodingDesc>
          <profileDesc>
             <correspDesc>
                <correspAction type="sending">
                   <persName ref="PersonList.xml#L_N_Tolstoy">Л. Н. Толстой</persName>
                   <placeName ref="PlacesListxml#PLACE">Я. П.</placeName>
                   <date when="1865-01-18">1865 г. Января 18.</date>            </correspAction>
                <correspAction type="receiving">
                   <persName ref="PersonList.xml#RECEIVER">А. А. Толстой</persName>
                </correspAction>
                <correspContext>
                   <ref type="prev"></ref>
                </correspContext>
             </correspDesc>
          </profileDesc>
       </teiHeader>
       <xenoData><number type="in a volume">97</number></xenoData>

              <text xml:id="A__A__Tolstoj_97">
	<body><div>
		<opener index="false">
97. А. А. Толстой.
1865 г. Января 18...23. Я. П.</opener>
<p rend="left">Любезный друг Alexandrine. Много воды утекло с тех пор, как мы не видались и не переписывались с вами<note xml:id="note1" resp="volume_editor" index="false"> Предшествующее сохранившееся письмо Толстого к А. А. Толстой относится к 1863 г. (см. № 26). Имеются сведения об одном письме 1864 г., на которое А. А. Толстая ответила 5 марта. См. ПТ, № 53.</note> — для меня очень хорошей и счастливой воды, в которой я и теперь плаваю — а мне всё так же, как и прежде, нужно знать, что вы <hi style="opdelimiter">иногда</hi><hi style="opnumber">69</hi> <hi style="npnumber">70</hi><hi style="npdelimiter">вспоминаете</hi> обо мне и любите меня, как и я вас. Уж не сердитесь ли вы на меня? Вся охота писать пропадает при этой мысли. А мысль эта приходит мне потому, что вы сказали старику Исленьеву,<note xml:id="note2" resp="volume_editor" index="false"> А. М. Исленьев, дед С. А. Толстой.</note> что я писал вам, будто я перестал вас любить. Зачем вы это сказали? И этому старику. Я его не люблю. Что делают все ваши, что делаете вы? Такие ли же вы, как встарину в Швейцарии,<note xml:id="note3" resp="volume_editor" index="false"> О жизни Толстого в 1857 г. в Швейцарии см. тт. 47, 60 и «Воспоминания гр. А. А. Толстой» — ПТ, стр. 4—12.</note> когда, помните, мы по случаю хорошей погоды всех так любили и находили такими добрыми, начиная от Строганова<note xml:id="note4" resp="volume_editor" index="false"> Григорий Александрович Строганов (1824—1879). См. т. 47, стр. 321.</note> и до Кетерера.<note xml:id="note5" resp="volume_editor" index="false"> О Кетерере, содержателе пансиона, в котором жил Толстой в Кларане, см. тт. 47 и 60.</note> У меня и теперь бывает иногда хорошая погода в Швейцарии, в Ясной Поляне, в детской и в кабинете; бывает ли у вас? — Помните, я как-то раз вам писал, что люди ошибаются, ожидая какого-то такого счастия, при котором нет ни трудов, ни обманов, ни горя, а всё идет ровно и счастливо.<note xml:id="note6" resp="volume_editor" index="false"> См. письмо Толстого от 18—20? октября 1857 г., т. 60, стр. 231.</note> Я тогда ошибался. Такое счастье есть, и я в нем живу 3-й год. И с каждым днем оно делается ровнее и глубже. И матерьялы, из которых построено это счастье, самые некрасивые — дети, которые (виноват) мараются и кричат, жена, которая кормит одного, водит другого и всякую минуту упрекает меня, что я не вижу, что они оба на краю гроба, и бумага и чернила, посредством [которых] я описываю события и чувства людей, к[отор]ых никогда не было. На днях выйдет 1-я половина 1-й части романа 1805.<note xml:id="note7" resp="volume_editor" index="false"> См. прим. 3 к письму № 93.</note> Скажите мне свое чистосердечное мнение. Я бы хотел, чтобы вы полюбили моих этих детей. Там есть славные люди. Я их очень люблю. Нынешнюю зиму мы особенно хорошо проживаем. Еще летом приехала сестра с своими двумя девочками, одной 15, другой 13 лет. Они у нас гостят большую часть времени. Что за прелесть девочки в этом возрасте, и хорошие и хорошенькие, как наши. — Мальчики нужны, от них ждут дела, и от этого они противны, а девочки (к[отор]ых кормить, как мужик сказал, за окно деньги кидать)<note xml:id="note8" resp="volume_editor" index="false"> Толстой имеет в виду народный рассказ о мужике, который на вопрос Петра I, куда он девает деньги, отвечал: «Деньги я на три части делю: во-первых, долг отдаю — отца и мать кормлю; во-вторых, в долг даю — сыновей кормлю, и в-третьих, в окно бросаю — дочерей рощу». Рассказ этот Толстой обработал для «Азбуки» (кн. II, стр. 37—38).</note> никуда не нужны, особенно до 15 лет. От этого-то они всё поэзия. Я от этого и люблю, кажется, мою dimpled Таничку.<note xml:id="note9" resp="volume_editor" index="false"> «Dimpled» — с ямочками на щеках. Здесь Толстой пишет о маленькой Татьяне Львовне.</note> Впрочем, я хвалю племянниц не оттого, что у меня Швейцарская хорошая погода, а оттого, что они прелестны: чтó за любовь к маленьким детям, чтó за интерес ко всему хорошему. Их дневники — chef d’oeuvre.<note xml:id="note10" resp="volume_editor" index="false"> [образцовое произведение.]</note> От моих еще нет толку. Сережа только начал ходить один, и только теперь вся та игра жизни, которая до сих пор еще была не видна для моих грубых мужских глаз, начинает мне быть понятна и интересна. Что ваше дело Магдалин?<note xml:id="note11" resp="volume_editor" index="false"> А. А. Толстая состояла попечительницей «Магдалинского убежища», основанного в 1853 г.</note> — Я страшно переменился с <hi style="opdelimiter">тех</hi><hi style="opnumber">70</hi> <hi style="npnumber">71</hi><hi style="npdelimiter">пор,</hi> как женился, и многое из того, что я не признавал, стало мне понятно и наоборот. Прощайте.</p>
<p rend="left">Хотел написать и забыл: на днях получили известие о смерти Валерьяна,<note xml:id="note12" resp="volume_editor" index="false"> Валериан Петрович Толстой умер 6 января 1865 г.</note> мужа сестры. Умер где-то один в Липецке. Ужасно жалко. Нет ничего хуже в смерти, как то, что когда человек умер, нельзя уж поправить того, что сделал дурного или не сделал хорошего в отношении его. Говорят: живи так, чтобы быть готовым всегда умереть. Я бы сказал: живи так, чтобы всякий мог умереть, и ты бы не раскаялся.</p>
<comments><p rend="Textpetit_otstup left">Впервые опубликовано, с датой: «январь 1865», в ПТ, №54, Год определяется упоминанием о смерти В. П. Толстого. Месяц и число устанавливаются по ответному письму А. А. Толстой от 29 января 1865 г. (ПТ, № 55).</p>
<p rend="Textpetit_otstup left"><hi>1</hi> Предшествующее сохранившееся письмо Толстого к А. А. Толстой относится к 1863 г. (см. № 26). Имеются сведения об одном письме 1864 г., на которое А. А. Толстая ответила 5 марта. См. ПТ, № 53.</p>
<p rend="petit left"><hi>2</hi> А. М. Исленьев, дед С. А. Толстой.</p>
<p rend="petit left"><hi>3</hi> О жизни Толстого в 1857 г. в Швейцарии см. тт. 47, 60 и «Воспоминания гр. А. А. Толстой» — ПТ, стр. 4—12.</p>
<p rend="petit left"><hi>4</hi> Григорий Александрович Строганов (1824—1879). См. т. 47, стр. 321.</p>
<p rend="petit left"><hi>5</hi> О Кетерере, содержателе пансиона, в котором жил Толстой в Кларане, см. тт. 47 и 60.</p>
<p rend="petit left"><hi>6</hi> См. письмо Толстого от 18—20? октября 1857 г., т. 60, стр. 231.</p>
<p rend="petit left"><hi>7</hi> См. прим. 3 к письму № 93.</p>
<p rend="petit left"><hi>8</hi> Толстой имеет в виду народный рассказ о мужике, который на вопрос Петра I, куда он девает деньги, отвечал: «Деньги я на три части делю: во-первых, долг отдаю — отца и мать кормлю; во-вторых, в долг даю — сыновей кормлю, и в-третьих, в окно бросаю — дочерей рощу». Рассказ этот Толстой обработал для «Азбуки» (кн. II, стр. 37—38).</p>
<p rend="petit left"><hi>9</hi> «Dimpled» — с ямочками на щеках. Здесь Толстой пишет о маленькой Татьяне Львовне.</p>
<p rend="petit left"><hi>10</hi> [образцовое произведение.]</p>
<p rend="petit left"><hi>11</hi> А. А. Толстая состояла попечительницей «Магдалинского убежища», основанного в 1853 г.</p>
<p rend="petit left"><hi>12</hi> Валериан Петрович Толстой умер 6 января 1865 г.</p>
</comments></div></body>
        </text>
        </TEI>