<?xml version="1.0" encoding="UTF-8"?>
    <!-- <?xml-stylesheet type="text/xsl" target="../resources/MJT/myletter.xsl"?> -->
    <?xml-stylesheet type="css" target="graves.css"?>
    <?xml-model target="http://www.tei-c.org/release/xml/tei/custom/schema/relaxng/tei_all.rng" type="application/xml" schematypens="http://relaxng.org/ns/structure/1.0"?>
    <?xml-model target="http://www.tei-c.org/release/xml/tei/custom/schema/relaxng/tei_all.rng" type="application/xml"
            schematypens="http://purl.oclc.org/dsdl/schematron"?>
    <TEI xmlns="http://www.tei-c.org/ns/1.0">
       <teiHeader>
          <fileDesc>
             <titleStmt>
                <title>Письмо №* 154. Гр. М. Н. Толстой.</title>
             </titleStmt>
             <publicationStmt>
                <publisher>TolstoyLab</publisher>
                <date when="2015-09-14">14 September 2015</date>
             </publicationStmt>
             <sourceDesc>
                <biblStruct>
                   <analytic>
                      <author>Толстой Л.Н.</author>
                   </analytic>
                   <monogr>
                      <title level="m">Полное собрание сочинений. Том 60</title>
                      <imprint>
                         <pubPlace>Москва</pubPlace>
                         <publisher>Государственное издательство "Художественная литература"</publisher>
                         <date when="1949"/>
                      </imprint>
                   </monogr>
                   <series>
                      <title level="s">Л.Н. Толстой. Полное собрание сочинений</title>
                      <biblScope unit="vol">60</biblScope>
                   </series>
                </biblStruct>
             </sourceDesc>
          </fileDesc>
          <encodingDesc>
             <tagsDecl> </tagsDecl>
          </encodingDesc>
          <profileDesc>
             <correspDesc>
                <correspAction type="sending">
                   <persName ref="PersonList.xml#L_N_Tolstoy">Л. Н. Толстой</persName>
                   <placeName ref="PlacesListxml#PLACE">Я. П.</placeName>
                   <date when="1859-10-11">1859 г. Октября 11.</date>            </correspAction>
                <correspAction type="receiving">
                   <persName ref="PersonList.xml#RECEIVER">Гр. М. Н. Толстой</persName>
                </correspAction>
                <correspContext>
                   <ref type="prev"></ref>
                </correspContext>
             </correspDesc>
          </profileDesc>
       </teiHeader>
       <xenoData><number type="in a volume">154</number></xenoData>

              <text xml:id="gr.M.N.Tolstoj_154">
	<body><div>
		<opener index="false">
* 154. Гр. М. Н. Толстой.
1859 г. Октября 11. Я. П.</opener>
<p rend="left">Как ты поживаешь, мой друг Маша? Ты, дети и все ваши? Я приехал дня три с охоты и хотел тотчас ехать к вам, но меня задержала заразительная болезнь короста, которую мне подарил Сережа с своими лошадьми.</p>
<p rend="left">Кажется, что все мои лошади пропадут. —</p>
<p rend="left">Все-таки дня через три приеду, тогда расскажу всё, что и кого я видел в отъезде.</p>
<p rend="left">Нат[алья] Петр[овна] вчера два раза спотыкнулась и полетела со всех ног через медведя.<note xml:id="note1" resp="volume_editor" index="false"> То есть шкуру той самой медведицы, которая в декабре 1858 г. на охоте погрызла Толстого (см. прим. 2 к п. № 122).</note> Один раз с чашкой, так что мы ахнули с тетинькой. Это сообщи детям. Некогда, а то бы я нарисовал.</p>
<p rend="left">Мне даже нужно тебя видеть. Я в отъезде нашел гувернантку с французским, немецким и музыкой, отличной нравственности за 500 р. Ну да всё переговорим, до свиданья.</p>
<p rend="right">Л. Толстой.</p>
<p rend="left">11 октября.</p>
<p rend="left">Немца с кабинетом прогнал к чорту.</p>
<lb/>
<p rend="left"><hi>На четвертой странице</hi>:</p>
<p rend="left">Графине Марье Николаевне.</p>
<comments><p rend="Textpetit_otstup left">Год определяется содержанием: «Я приехал дня три с охоты».</p>
<p rend="Textpetit_otstup left"><hi>1</hi> То есть шкуру той самой медведицы, которая в декабре 1858 г. на охоте погрызла Толстого (см. прим. 2 к п. № 122).</p>
<p rend="emptyline left"><hi style="opnumber">310</hi> <hi style="npnumber">311</hi></p>
</comments></div></body>
        </text>
        </TEI>