<?xml version="1.0" encoding="UTF-8"?>
    <!-- <?xml-stylesheet type="text/xsl" target="../resources/MJT/myletter.xsl"?> -->
    <?xml-stylesheet type="css" target="graves.css"?>
    <?xml-model target="http://www.tei-c.org/release/xml/tei/custom/schema/relaxng/tei_all.rng" type="application/xml" schematypens="http://relaxng.org/ns/structure/1.0"?>
    <?xml-model target="http://www.tei-c.org/release/xml/tei/custom/schema/relaxng/tei_all.rng" type="application/xml"
            schematypens="http://purl.oclc.org/dsdl/schematron"?>
    <TEI xmlns="http://www.tei-c.org/ns/1.0">
       <teiHeader>
          <fileDesc>
             <titleStmt>
                <title>Письмо №* 420. А. А. Фету.</title>
             </titleStmt>
             <publicationStmt>
                <publisher>TolstoyLab</publisher>
                <date when="2015-09-14">14 September 2015</date>
             </publicationStmt>
             <sourceDesc>
                <biblStruct>
                   <analytic>
                      <author>Толстой Л.Н.</author>
                   </analytic>
                   <monogr>
                      <title level="m">Полное собрание сочинений. Том 61</title>
                      <imprint>
                         <pubPlace>Москва</pubPlace>
                         <publisher>Государственное издательство "Художественная литература"</publisher>
                         <date when="1953"/>
                      </imprint>
                   </monogr>
                   <series>
                      <title level="s">Л.Н. Толстой. Полное собрание сочинений</title>
                      <biblScope unit="vol">61</biblScope>
                   </series>
                </biblStruct>
             </sourceDesc>
          </fileDesc>
          <encodingDesc>
             <tagsDecl> </tagsDecl>
          </encodingDesc>
          <profileDesc>
             <correspDesc>
                <correspAction type="sending">
                   <persName ref="PersonList.xml#L_N_Tolstoy">Л. Н. Толстой</persName>
                   <placeName ref="PlacesListxml#PLACE">Я. П.</placeName>
                   <date when="1872-11">1872 г. Ноября</date>            </correspAction>
                <correspAction type="receiving">
                   <persName ref="PersonList.xml#RECEIVER">А. А. Фету</persName>
                </correspAction>
                <correspContext>
                   <ref type="prev">Ответ на несохранившееся письмо Фета от 18—19 октября, о котором около 20 октября Толстой писал H. Н. Страхову (см. № 412).</ref>
                </correspContext>
             </correspDesc>
          </profileDesc>
       </teiHeader>
       <xenoData><number type="in a volume">420</number></xenoData>

              <text xml:id="A__A__Fetu_420">
	<body><div>
		<opener index="false">
* 420. А. А. Фету.
1872 г. Ноября начало. Я. П.</opener>
<p rend="left">Очень радуемся с женой хорошему известию — вашему приезду с Марьей Петровной, и благодарим. Только, пожалуйста, чтобы ничто не помешало.<note xml:id="note1" resp="volume_editor" index="false"> В ноябре этого года А. А. и М. П. Фет в Ясную Поляну не приезжали.</note> То, что вы — виноват — перепутали об объявленьи,<note xml:id="note2" resp="volume_editor" index="false"> В середине октября Толстой встретился в Туле с ехавшим в Москву Фетом и просил его сдать в «Московские ведомости» объявление о выходе «Азбуки», но Фет не сдал, и объявление было, повидимому, сдано самим Толстым в конце октября, когда он был Москве.</note> вышло к лучшему. Объявление теперь уже напечатано, и всё сделано. Я на днях был в Москве и был в лицее. Видел Петю.<note xml:id="note3" resp="volume_editor" index="false"> Сын И. П. Борисова.</note> И он мне показался очень мил и жалок — тем, что некуда ему идти в воскресенье. Я был в воскресенье. Я экзаменовал его из греческого. Очень хорошо. Из арифметики тоже хорошо, но по годам его они вообще мало ушли в математике. Мы нынче всем семейством катались на коньках. Я прилаживаюсь всё писать, но не могу сказать, чтобы начал.<note xml:id="note4" resp="volume_editor" index="false"> Роман из эпохи Петра I.</note></p>
<p rend="left">Азбука выйдет 10 ноября,<note xml:id="note5" resp="volume_editor" index="false"> В № 269 «Правительственного вестника» от 12 ноября 1872 г. «Азбука» указана в списке книг, вышедших с 5 по 11 ноября.</note> как мне обещают. —</p>
<p rend="left">Очень благодарим Марью Петровну за ее хорошую мысль и просим, чтобы не раздумать.</p>
<p rend="right">Ваш Л. <hi style="opdelimiter">Толстой.</hi><hi style="opnumber">340</hi></p>
<comments><p rend="Textpetit_otstup left"><hi style="npnumber">341</hi><hi style="npdelimiter">Часть</hi> письма опубликована, с датой: «15 октября 1872», в «Русском обозрении», 1890, 8, стр. 25. Год устанавливается по письму П. Борисова к Фету от 7 ноября 1872 г., в котором он сообщал, что Толстой приезжал к директору Катковского лицея П. М. Леонтьеву, заходил к нему (Борисову) и экзаменовал его по греческому языку и математике; месяц и число определяются на основании слов письма: «Я на днях был в Москве» (см. прим. 1 к письму № 414).</p>
<p rend="petit left">Ответ на несохранившееся письмо Фета от 18—19 октября, о котором около 20 октября Толстой писал H. Н. Страхову (см. № 412).</p>
<p rend="Textpetit_otstup left"><hi>1</hi> В ноябре этого года А. А. и М. П. Фет в Ясную Поляну не приезжали.</p>
<p rend="petit left"><hi>2</hi> В середине октября Толстой встретился в Туле с ехавшим в Москву Фетом и просил его сдать в «Московские ведомости» объявление о выходе «Азбуки», но Фет не сдал, и объявление было, повидимому, сдано самим Толстым в конце октября, когда он был Москве.</p>
<p rend="petit left"><hi>3</hi> Сын И. П. Борисова.</p>
<p rend="petit left"><hi>4</hi> Роман из эпохи Петра I.</p>
<p rend="petit left"><hi>5</hi> В № 269 «Правительственного вестника» от 12 ноября 1872 г. «Азбука» указана в списке книг, вышедших с 5 по 11 ноября.</p>
</comments></div></body>
        </text>
        </TEI>
