<?xml version="1.0" encoding="UTF-8"?>
    <!-- <?xml-stylesheet type="text/xsl" target="../resources/MJT/myletter.xsl"?> -->
    <?xml-stylesheet type="css" target="graves.css"?>
    <?xml-model target="http://www.tei-c.org/release/xml/tei/custom/schema/relaxng/tei_all.rng" type="application/xml" schematypens="http://relaxng.org/ns/structure/1.0"?>
    <?xml-model target="http://www.tei-c.org/release/xml/tei/custom/schema/relaxng/tei_all.rng" type="application/xml"
            schematypens="http://purl.oclc.org/dsdl/schematron"?>
    <TEI xmlns="http://www.tei-c.org/ns/1.0">
       <teiHeader>
          <fileDesc>
             <titleStmt>
                <title>Письмо №* 254. Н. Л. фон-Боллю.</title>
             </titleStmt>
             <publicationStmt>
                <publisher>TolstoyLab</publisher>
                <date when="2015-09-14">14 September 2015</date>
             </publicationStmt>
             <sourceDesc>
                <biblStruct>
                   <analytic>
                      <author>Толстой Л.Н.</author>
                   </analytic>
                   <monogr>
                      <title level="m">Полное собрание сочинений. Том 60</title>
                      <imprint>
                         <pubPlace>Москва</pubPlace>
                         <publisher>Государственное издательство "Художественная литература"</publisher>
                         <date when="1949"/>
                      </imprint>
                   </monogr>
                   <series>
                      <title level="s">Л.Н. Толстой. Полное собрание сочинений</title>
                      <biblScope unit="vol">60</biblScope>
                   </series>
                </biblStruct>
             </sourceDesc>
          </fileDesc>
          <encodingDesc>
             <tagsDecl> </tagsDecl>
          </encodingDesc>
          <profileDesc>
             <correspDesc>
                <correspAction type="sending">
                   <persName ref="PersonList.xml#L_N_Tolstoy">Л. Н. Толстой</persName>
                   <placeName ref="PlacesListxml#PLACE">Москва.</placeName>
                   <date when="1862-09-11">1862 г. Сентября 11.</date>            </correspAction>
                <correspAction type="receiving">
                   <persName ref="PersonList.xml#RECEIVER">Н. Л. фон-Боллю</persName>
                </correspAction>
                <correspContext>
                   <ref type="prev"></ref>
                </correspContext>
             </correspDesc>
          </profileDesc>
       </teiHeader>
       <xenoData><number type="in a volume">254</number></xenoData>

              <text xml:id="H.L.Fon-Bollyu_254">
	<body><div>
		<opener index="false">
* 254. Н. Л. фон-Боллю.
1862 г. Сентября 11. Москва.
</opener>
<p rend="Obrashenie left">Николай Львович!</p>
<p rend="left">Я пробуду здесь, должно быть, еще неделю<note xml:id="note1" resp="volume_editor" index="false"> Толстой пробыл в Москве до 23 сентября и уехал в Ясную Поляну после своей свадьбы.</note>; во всяком случае, до получения ответа от вас. Постарайтесь прислать мне в наискорейшем времени триста рублей сер. В случае, ежели бы деньги оброка у вас израсходованы, то продайте что-нибудь из хлеба и напишите в Никольское о высылке денег. Кроме того, попросите тетушку распорядиться о высылке денег брата Сергея Николаевича ко мне для отправления ему. Кланяйтесь тетушке и всем нашим. Ежели я живу здесь, то для того, чтобы подогнать 3 нумера журнала.<note xml:id="note2" resp="volume_editor" index="false"> «Ясная Поляна», которая печаталась в типографии Каткова.</note> Деньги мне нужны тоже для объявлений и расходов по журналу. Благодарю вас за письмо.<note xml:id="note3" resp="volume_editor" index="false"> Письмо Болля не сохранилось.</note> Пишите пожалуйста обо всем, что у нас делается. Адрес в университет на имя Попова.<note xml:id="note4" resp="volume_editor" index="false"> В. М. Попова. См. п. № <hi>236.</hi></note></p>
<p rend="left">Петерсона<note xml:id="note5" resp="volume_editor" index="false"> Н. П. Петерсона. См. прим. 3 к п. № 303.</note> попросите прислать объявления для подписи.</p>
<p rend="right">Ваш Л. Толстой.</p>
<p rend="left">11 Сентября.</p>
<p rend="Textpetit_otstup left">Письмо написано неизвестной рукой, подпись Толстого.</p>
<comments><p rend="Textpetit_otstup left">Николай Львович фон-Болль, бывший студент Московского университета, исключенный из университета за студенческие беспорядки (см. о нем письмо Толстого тульскому губернатору П. М. Дарагану <hi>№</hi> 259), с 17 апреля 1862 г. был управляющим имением Ясная Поляна.</p>
<p rend="Textpetit_otstup left"><hi>1</hi> Толстой пробыл в Москве до 23 сентября и уехал в Ясную Поляну после своей свадьбы.</p>
<p rend="petit left"><hi>2</hi> «Ясная Поляна», которая печаталась в типографии Каткова.</p>
<p rend="petit left"><hi>3</hi> Письмо Болля не сохранилось.</p>
<p rend="petit left"><hi>4</hi> В. М. Попова. См. п. № <hi>236.</hi></p>
<p rend="petit left"><hi>5</hi> Н. П. Петерсона. См. прим. 3 к п. № 303.</p>
</comments></div></body>
        </text>
        </TEI>
