<?xml version="1.0" encoding="UTF-8"?>
    <!-- <?xml-stylesheet type="text/xsl" target="../resources/MJT/myletter.xsl"?> -->
    <?xml-stylesheet type="css" target="graves.css"?>
    <?xml-model target="http://www.tei-c.org/release/xml/tei/custom/schema/relaxng/tei_all.rng" type="application/xml" schematypens="http://relaxng.org/ns/structure/1.0"?>
    <?xml-model target="http://www.tei-c.org/release/xml/tei/custom/schema/relaxng/tei_all.rng" type="application/xml"
            schematypens="http://purl.oclc.org/dsdl/schematron"?>
    <TEI xmlns="http://www.tei-c.org/ns/1.0">
       <teiHeader>
          <fileDesc>
             <titleStmt>
                <title>Письмо №287. В Тульское губернское по крестьянским делам присутствие.</title>
             </titleStmt>
             <publicationStmt>
                <publisher>TolstoyLab</publisher>
                <date when="2015-09-14">14 September 2015</date>
             </publicationStmt>
             <sourceDesc>
                <biblStruct>
                   <analytic>
                      <author>Толстой Л.Н.</author>
                   </analytic>
                   <monogr>
                      <title level="m">Полное собрание сочинений. Том 60</title>
                      <imprint>
                         <pubPlace>Москва</pubPlace>
                         <publisher>Государственное издательство "Художественная литература"</publisher>
                         <date when="1949"/>
                      </imprint>
                   </monogr>
                   <series>
                      <title level="s">Л.Н. Толстой. Полное собрание сочинений</title>
                      <biblScope unit="vol">60</biblScope>
                   </series>
                </biblStruct>
				<bibl>Печатается по тексту, опубликованному Д. Успенским в «Русской мысли», 1903, IX, стр. 91—94, по делу губернского по крестьянским делам присутствия (см. вступ. прим. к п. № 285) (дело это погибло). Дата и номер (83) указаны Успенским; повидимому, настоящее отношение было датировано самим Толстым.</bibl>
             </sourceDesc>
          </fileDesc>
          <encodingDesc>
             <tagsDecl> </tagsDecl>
          </encodingDesc>
          <profileDesc>
             <correspDesc>
                <correspAction type="sending">
                   <persName ref="PersonList.xml#L_N_Tolstoy">Л. Н. Толстой</persName>
                   <placeName ref="PlacesListxml#PLACE">Я. П.</placeName>
                   <date when="1861-07">1861 г. Июль</date>            </correspAction>
                <correspAction type="receiving">
                   <persName ref="PersonList.xml#RECEIVER">В Тульское губернское по крестьянским делам присутствие</persName>
                </correspAction>
                <correspContext>
                   <ref type="prev"></ref>
                </correspContext>
             </correspDesc>
          </profileDesc>
       </teiHeader>
       <xenoData><number type="in a volume">287</number></xenoData>

              <text xml:id="VTulskoegubernskoepokrestyanskimdelamprisutstvie_287">
	<body><div>
		<opener index="false">
287. В Тульское губернское по крестьянским делам присутствие.
1861 г. Июль. Я. П.</opener>
<p rend="left">№ 83.</p>
<p rend="left">Пристав 2 стана, Крапивенского уезда,<note xml:id="note1" resp="volume_editor" index="false"> Н. А Голоушев.</note> лично объяснил мне, что 18 числа сего июля месяца, по предписанию г. исправника, он во вверенном мне участке сделал распоряжение противное тому, которое сделано мною 17 числа сего июля <hi style="opdelimiter">месяца.</hi><hi style="opnumber">482</hi></p>
<p rend="left"><hi style="npnumber">483</hi><hi style="npdelimiter">В</hi> объяснение сего поступка он, г. пристав, предъявил мне следующее отношение крапивенского уездного мирового съезда крапивенскому исправнику.<note xml:id="note2" resp="volume_editor" index="false"> Штабс-капитан Михаил Иванович Чернов (1805—1886).</note></p>
<p rend="left">«Г. мировой посредник 4 участка, граф Толстой, передал 3 июля сего месяца крапивенскому мировому съезду объявление коллежского секретаря Василия Николаевича Осипович, в коем помещик объяснил: дворы временно обязанного крестьянина его сельца Хомяковки Наума Семенова и временно обязанных крестьян жены его Александры Осиповичевой<note xml:id="note3" resp="volume_editor" index="false"> Александра Осипович — жена помещика В. Н. Осиповича. Ей принадлежала часть имения при сельце Хомяковка, Крапивенского уезда Тульской губернии.</note> Евсея Казьмина, Ивана Иевлева, Лаврентия Корнеева, Феодора Пименова, Ивана Родионова и Кирилла Осипова — 23 числа мая месяца сего года сгорели. Из числа погоревших домов усадьбы Евсея Казьмина, Ивана Иевлева и Лаврентия Корнеева находятся рядом с господскою усадьбою. При убеждении его означенных крестьян Казьмина, Корнеева и Иевлева для безопасности от пожаров переселиться на пустопорожние усадьбы, находящиеся, между дворами крестьянскими, они добровольного своего согласия на предположенное им г. Осиповичем пособие, по 50 р. сер. на каждый двор, не изъявили, а просят 500 руб. на 3 двора и 200 корней лесу, которого в имении г. Осиповича и жены его нет. Усадьбы этих крестьян, по близости к господским строениям, расстоянием менее 50 сажень, г. Осипович находит необходимым перенести на новые места пустопорожние между прочими крестьянскими дворами, потому что соседство их, в случае пожара, угрожает его постройкам, так что в пожаре 23 мая сгорели все господские службы, а в хозяйстве служит к неудовольствиям и будет препятствовать удобному разделу господских полей от крестьянских. Почему заявив г. посреднику гр. Толстому о необходимости постройки означенных трех дворов на новых усадьбах, г. Осипович просит его, на основании 75 и 76 ст. Общ. Полож., представить требование его об обязательной перемене этих усадьб на разрешение крапивенского уездного мирового съезда в самом непродолжительном времени, так как крестьяне эти приступают самовольно к постройке на старых усадьбах, причем присовокупил: ему кажется, не излишне было бы со стороны посредника сделать распоряжение и указать и прочим погоревшим крестьянам места для постройки, для избежания пожаров в прямой линии. При слушании этого объявления г. Осипович лично объяснил мировому съезду, что он <hi style="opdelimiter">согласен,</hi><hi style="opnumber">483</hi> <hi style="npnumber">484</hi><hi style="npdelimiter">при</hi> обязательной перемене усадьбы на другие в том же селении, выдать им пособие на каждый двор по 50 р. сер., отрезать им земли в замен отходящих усадеб к их наделу на другом конце усадьб крестьянских в количестве 1 десятины 600 саж., по размеру прежней усадьбы, и предоставить им в пользование настоящие усадьбы на три года. Г. посредник гр. Толстой объявил, что он признает требование крестьян 500 р. сер. и 200 корней лесу на три двора неумеренным, причем объявил свое заключение по этому поводу следующего содержания: «Сверх 50 р. на двор вознаградить крестьян за отходящую по случаю переселения землю, — землею одинакового качества, а крестьянам, ежели они, несмотря на это вознаграждение, не захотят переселиться, разрешить строиться на старых местах, с предоставлением помещице права перенести их строения после постройки, на основании 75 ст., I п. местн. велик. Пол.» Крапивенский мировой съезд 3 июля постановил: «в I п. 75 ст. местн. велик. Пол. предоставляется помещику право требовать обязательного для крестьян переселения усадьб без согласия на то их, если усадебное строение находится ближе 50 сажен от существующих помещичьих строений, которые возведены до обнародования положения по 76 ст. того же Положения; решение мирового съезда в этом случае считается окончательным. Г. Осипович объявил мировому посреднику гр. Толстому требование о перемене старых усадьб трех погоревших домов крестьян жены его сельца Хомяковки Евсея Казьмина, Ивана Иевлева и Лаврентия Корнеева на новые усадьбы в том же селении, подле земли, находящейся в пользовании крестьян на другом конце деревни, с вознаграждением на каждый двор по 50 р. серебром, с отрезкою им земли в замен усадьбы, в количестве одной десятины и 600 саж., по размеру прежней усадьбы, и с предоставлением переселяемым крестьянам пользоваться прежними усадьбами в течение трех лет. Г. Осипович требует обязательной перемены означенных крестьян по тому случаю, что настоящие усадьбы их находятся ближе 50 саж. от господских строений жены его. Требуемое крестьянами вознаграждение в 500 р. серебром и 200 корней лесу признает мировой посредник гр. Толстой неумеренным. В 85 и 86 ст. возложена на помещика обязанность делать переселяемым крестьянам новые постройки и воспользоваться старыми их строениями или перенести крестьянские строения с добавкою <hi style="opdelimiter">нового</hi><hi style="opnumber">484</hi> <hi style="npnumber">485</hi><hi style="npdelimiter">материала</hi> взамен негодного. У крестьян же г. Осиповича всё старое строение сгорело. Г. Осипович не может воспользоваться им или добавить новый материал к старому годному, и крестьяне должны принять делаемое им г. Осиповичем, с его стороны необязательное, пособие, по 50 руб. сер. на двор, о благодарностью, как милость; почему мировой съезд полагает перенести усадьбы погоревших крестьян г-жи Осипович Евсея Казьмина, Ивана Иевлева и Лаврентия Корнеева на новые места, назначаемые им г. Осипович, с тем, чтобы он выдал им пособие по 50 р. сер. на каждый двор, — взамен усадьб нарезать землю крестьянам к их наделу на другом конце той же деревни, то же количество, какое теперь у них находится — 1 дес. 600 саж., — предоставить им пользование, в продолжение трех лет со времени перемены усадьб, старыми усадьбами. Таковое решение мирового съезда объявить г. Осипович и переселяемым крестьянам и поручить вам привести в исполнение, на основании 113 ст. Полож. о губ. и уездн. учр., причем просить вас, при постройке погоревших крестьян г-жи Осипович, наблюсти, чтобы строения были произведены согласно строительного устава в порядке и с интервалами. О таковом постановлении мирового съезда честь имею сообщить вам для надлежащего с вашей стороны исполнения. Предводитель дворянства Д. Щелин».</p>
<p rend="left">Постановление это совершенно несправедливо, во-первых, потому, что, по толкованию мирового съезда 85 и 86 ст., помещик обязан перенести только погорелые столбы и вследствие пожара освобождается от обязанности вознаградить крестьян за переселение и, как милость, дает им по 50 р. на двор; по смыслу же закона помещик обязан не только вознаградить крестьян деньгами за переселение, но и дать сверх того три льготных месяца, и мера вознаграждения за теряемые усадьбы необходима для всех вообще крестьян; тем более необходима для крестьян, сгоревших и почти всё потерявших при пожаре. Во-вторых, — потому, что сгоревшие надворные строения, от пепелища которых считает г. Осипович 50 саж., были построены не помещиком, а перешли в его собственность от крестьян, переведенных в дворовые.</p>
<p rend="left">Постановление это незаконно, во-первых, потому, что в заседании мирового съезда, на основании ст. 119 Полож. о губ. и уездн. по крестьянским делам учрежден., оно не было <hi style="opdelimiter">составлено</hi><hi style="opnumber">485</hi> <hi style="npnumber">486</hi><hi style="npdelimiter">и</hi> не сообщено ни мне, ни помещику, ни крестьянам, что доказывается уже тем, что после 3 июля, дня сбора крапивенского мирового съезда, г. Осипович подавал прошение о том же деле в губернское по крестьянским делам присутствие. Во-вторых, потому, что в заседании 3 июля, на котором я присутствовал, словесно было сделано о деле г. Осиповича совершенно другое постановление; но в журнал во время заседания записано не было и никакого другого постановления, кроме постановлений о приеме землемера Антонова и мною не подписанного о том, что исправник без суда имеет право наказывать присылаемых к нему дворовых людей. На квартире же г. предводителя в числе подписанных мною и г. посредником Игнатьевым,<note xml:id="note4" resp="volume_editor" index="false"> Николай Григорьевич Игнатьев (1817—1870) — штаб-ротмистр, мировой посредник 1-го участка Крапивенского уезда.</note> перед отъездом нашим, журналов — журнала о деле г. Осиповича не было, почему я и не могу предположить, чтобы состоялось новое заседание 3 числа. В-третьих, потому, что, для разрешения вопроса об обязательном переселении крестьян г. Осиповича нужно было предварительно решить сделанный мною вопрос о том, считать ли 50 саж. от господского дома, или от надворных строений, — на что не положено никакого решения.</p>
<p rend="left">Постановление это не имеет смысла и не может быть приведено в исполнение, во-первых, потому, что г. Осипович просит о помещении сселяемых дворов в проулках деревни, а постановление мирового съезда, исполняя его желание, предписывает отвести места для построек всем погоревшим по строительному уставу. Во-вторых, потому, что земля по другой бок деревни, которую, взамен отходящей в его пользу усадебной земли, по смыслу постановления, должен отрезать крестьянам помещик, и без того принадлежит крестьянам и засеяна их хлебом. В-третьих, потому, что, зная положение крестьян г. Осиповича, я не предвижу возможности этим крестьянам построиться на новых местах и перенести их оставшиеся риги без пособия свыше 50 р. и трех льготных месяцев.</p>
<p rend="left">Почему покорнейше прошу губернское по крестьянским делам присутствие произвести дознание: во-первых, каким образом составилось вышеописанное постановление мирового съезда 3 числа июля, в заседании которого я присутствовал, и в котором находился лично г. Осипович, и почему ни мне, ни г. Осиповичу постановление это не было сообщено, по смыслу 119 ст.; во-вторых, сделать распоряжение, чтобы на будущее <hi style="opdelimiter">время</hi><hi style="opnumber">486</hi> <hi style="npnumber">487</hi><hi style="npdelimiter">чиновник</hi> от правительства присутствовал на мировом съезде Крапивенского уезда и следил бы за порядком действий на оном. В-третьих, принять меры, чтобы земская полиция не могла без моего ведома делать противные моим распоряжения во вверенном мне участке по делам, относящимся исключительно до мировых учреждений. В-четвертых, сделать окончательное заключение по делу г. Осиповича, нетерпящему отлогательства, в которое я, равно как и в другие споры дела, впредь до разрешения мне вышеозначенных недоразумений, вступаться не буду из опасения, что сделанное мною постановление будет опровергнуто без моего ведома состоявшимся заседанием мирового съезда.</p>
<comments><p rend="Textpetit_otstup left">Печатается по тексту, опубликованному Д. Успенским в «Русской мысли», 1903, IX, стр. 91—94, по делу губернского по крестьянским делам присутствия (см. вступ. прим. к п. № 285) (дело это погибло). Дата и номер (83) указаны Успенским; повидимому, настоящее отношение было датировано самим Толстым.</p>
<p rend="Textpetit_otstup left"><hi>1</hi> Н. А Голоушев.</p>
<p rend="petit left"><hi>2</hi> Штабс-капитан Михаил Иванович Чернов (1805—1886).</p>
<p rend="petit left"><hi>3</hi> Александра Осипович — жена помещика В. Н. Осиповича. Ей принадлежала часть имения при сельце Хомяковка, Крапивенского уезда Тульской губернии.</p>
<p rend="petit left"><hi>4</hi> Николай Григорьевич Игнатьев (1817—1870) — штаб-ротмистр, мировой посредник 1-го участка Крапивенского уезда.</p>
<p rend="petit left">Выслушав сообщение Толстого и приведя на справку свое отношение от 12 июля 1861 г., в котором разъяснялось Толстому, что «расстояние 50 саж. следует считать от погоревших надворных строений г. Осиповича, а не от частокола, находящегося при доме помещика», губернское присутствие нашло, что постановление Крапивенского мирового съезда о переселении погоревших крестьян Осиповича, состоявшееся по большинству голосов, должно считать окончательным.</p>
<p rend="petit left">На заседании же мирового съезда 3 августа 1861 г. Толстой заявил, что постановления по делу о переселении погоревших крестьян Осиповича 3 июля 1861 г. заслушано не было, и, когда председатель мирового съезда, Д. М. Щелин, и мировые посредники 1-го, 2-го и 3-го участков отвечали ему, что то самое постановление, копию с которого он получил от станового пристава, по большинству голосов состоялось 3 июля, и напомнили ему о всех, бывших по сему делу, рассуждениях, Толстой самовольно оставил присутствие, не подписав постановления по делам, слушанным 3 августа.</p>
<p rend="petit left">Мировой съезд обжаловал поступок Толстого в губернское присутствие, которое представление это пометило: «к делу» и оставило без последствий.</p>
<p rend="emptyline left"><hi style="opnumber">487</hi> <hi style="npnumber">488</hi></p>
</comments></div></body>
        </text>
        </TEI>