<?xml version="1.0" encoding="UTF-8"?>
    <!-- <?xml-stylesheet type="text/xsl" target="../resources/MJT/myletter.xsl"?> -->
    <?xml-stylesheet type="css" target="graves.css"?>
    <?xml-model target="http://www.tei-c.org/release/xml/tei/custom/schema/relaxng/tei_all.rng" type="application/xml" schematypens="http://relaxng.org/ns/structure/1.0"?>
    <?xml-model target="http://www.tei-c.org/release/xml/tei/custom/schema/relaxng/tei_all.rng" type="application/xml"
            schematypens="http://purl.oclc.org/dsdl/schematron"?>
    <TEI xmlns="http://www.tei-c.org/ns/1.0">
       <teiHeader>
          <fileDesc>
             <titleStmt>
                <title>Письмо №95. H. A. Некрасову.</title>
             </titleStmt>
             <publicationStmt>
                <publisher>TolstoyLab</publisher>
                <date when="2015-09-14">14 September 2015</date>
             </publicationStmt>
             <sourceDesc>
                <biblStruct>
                   <analytic>
                      <author>Толстой Л.Н.</author>
                   </analytic>
                   <monogr>
                      <title level="m">Полное собрание сочинений. Том 60</title>
                      <imprint>
                         <pubPlace>Москва</pubPlace>
                         <publisher>Государственное издательство "Художественная литература"</publisher>
                         <date when="1949"/>
                      </imprint>
                   </monogr>
                   <series>
                      <title level="s">Л.Н. Толстой. Полное собрание сочинений</title>
                      <biblScope unit="vol">60</biblScope>
                   </series>
                </biblStruct>
             </sourceDesc>
          </fileDesc>
          <encodingDesc>
             <tagsDecl> </tagsDecl>
          </encodingDesc>
          <profileDesc>
             <correspDesc>
                <correspAction type="sending">
                   <persName ref="PersonList.xml#L_N_Tolstoy">Л. Н. Толстой</persName>
                   <placeName ref="PlacesListxml#PLACE">Москва.</placeName>
                   <date when="1857-11-11">1857 г. Ноября 11.</date>            </correspAction>
                <correspAction type="receiving">
                   <persName ref="PersonList.xml#RECEIVER">H. A. Некрасову</persName>
                </correspAction>
                <correspContext>
                   <ref type="prev"></ref>
                </correspContext>
             </correspDesc>
          </profileDesc>
       </teiHeader>
       <xenoData><number type="in a volume">95</number></xenoData>

              <text xml:id="N.A.Nekrasovu_95">
	<body><div>
		<opener index="false">
95. H. A. Некрасову.
1857 г. Ноября 11. Москва.</opener>
<p rend="left">Пишу вам, любезный Николай Алексеевич, что ежели только я не умру, то к 26-му пришлю вам <hi>Погибшего</hi>, повесть листа в 3, которой я начинаю быть доволен.<note xml:id="note1" resp="volume_editor" index="false"><sub> </sub>Повесть по получении ее Некрасовым тотчас же была набрана, но 30 ноября Толстым была послана телеграмма о приостановлении печатания.</note> —</p>
<p rend="right">Ваш Гр. Л. Толстой.</p>
<p rend="left">Пожалуйста дайте положительный ответ о стихах Фета, которые я передал вам.<note xml:id="note2" resp="volume_editor" index="false"> «Предсмертное стихотворение Беранже», переведенное А. А. Фетом. См. прим. 5 к п. № 96.</note> Он теперь у меня и кланяется вам очень.</p>
<p rend="left">На Пятницкой. Дом <hi>Варгина</hi>.</p>
<comments><p rend="Textpetit_otstup left">Впервые напечатано в АК, стр. 196. Дата определяется содержанием. Судя по записям Дневника, повесть («Погибший») была отправлена Некрасову 26 ноября, а до этого времени Фет был у Толстого только 11 ноября. См. т. 47, стр. 163.</p>
<p rend="Textpetit_otstup left"><hi>1</hi><sub> </sub>Повесть по получении ее Некрасовым тотчас же была набрана, но 30 ноября Толстым была послана телеграмма о приостановлении печатания.</p>
<p rend="petit left">Получив обратно рукопись, Толстой занялся переработкой повести и только 28 февраля 1858 г. он передал «Альберта» («Погибшего»). С этой датой повесть и появилась в 8-й книге «Современника» за 1858 г., но в действительности еще до 10 марта Толстой продолжал свою работу над ее отделкой (см. т. 5, стр. 287—292).</p>
<p rend="petit left"><hi>2</hi> «Предсмертное стихотворение Беранже», переведенное А. А. Фетом. См. прим. 5 к п. № 96.</p>
</comments></div></body>
        </text>
        </TEI>