<?xml version="1.0" encoding="UTF-8"?>
    <!-- <?xml-stylesheet type="text/xsl" target="../resources/MJT/myletter.xsl"?> -->
    <?xml-stylesheet type="css" target="graves.css"?>
    <?xml-model target="http://www.tei-c.org/release/xml/tei/custom/schema/relaxng/tei_all.rng" type="application/xml" schematypens="http://relaxng.org/ns/structure/1.0"?>
    <?xml-model target="http://www.tei-c.org/release/xml/tei/custom/schema/relaxng/tei_all.rng" type="application/xml"
            schematypens="http://purl.oclc.org/dsdl/schematron"?>
    <TEI xmlns="http://www.tei-c.org/ns/1.0">
       <teiHeader>
          <fileDesc>
             <titleStmt>
                <title>Письмо №* 381. H. Н. Страхову.</title>
             </titleStmt>
             <publicationStmt>
                <publisher>TolstoyLab</publisher>
                <date when="2015-09-14">14 September 2015</date>
             </publicationStmt>
             <sourceDesc>
                <biblStruct>
                   <analytic>
                      <author>Толстой Л.Н.</author>
                   </analytic>
                   <monogr>
                      <title level="m">Полное собрание сочинений. Том 61</title>
                      <imprint>
                         <pubPlace>Москва</pubPlace>
                         <publisher>Государственное издательство "Художественная литература"</publisher>
                         <date when="1953"/>
                      </imprint>
                   </monogr>
                   <series>
                      <title level="s">Л.Н. Толстой. Полное собрание сочинений</title>
                      <biblScope unit="vol">61</biblScope>
                   </series>
                </biblStruct>
             </sourceDesc>
          </fileDesc>
          <encodingDesc>
             <tagsDecl> </tagsDecl>
          </encodingDesc>
          <profileDesc>
             <correspDesc>
                <correspAction type="sending">
                   <persName ref="PersonList.xml#L_N_Tolstoy">Л. Н. Толстой</persName>
                   <placeName ref="PlacesListxml#PLACE">Я. П.</placeName>
                   <date when="1872-06-14">1872 г. Июня 14.</date>            </correspAction>
                <correspAction type="receiving">
                   <persName ref="PersonList.xml#RECEIVER">H. Н. Страхову</persName>
                </correspAction>
                <correspContext>
                   <ref type="prev">Ответ на неизвестное письмо H. Н. Страхова, в котором он, очевидно, дал согласие взять на себя заботу о печатании «Азбуки».</ref>
                </correspContext>
             </correspDesc>
          </profileDesc>
       </teiHeader>
       <xenoData><number type="in a volume">381</number></xenoData>

              <text xml:id="H__N__Straxovu_381">
	<body><div>
		<opener index="false">
* 381. H. Н. Страхову.
1872 г. Июня 14. Я. П.</opener>
<p rend="left">Письмо ваше, дорогой Николай Николаевич, так обрадовало меня, что жена уверяла, что я вдруг сделался совсем другой и веселый. Мне теперь верится в возможность окончания этого дела. Я тотчас же принялся за бумаги и кончил бы всё уже к нынешнему дню, если бы не роды жены. (Вчера она родила сына.) На днях я пришлю вам рукопись с подробным <hi style="opdelimiter">описанием</hi><hi style="opnumber">294</hi> <hi style="npnumber">295</hi><hi style="npdelimiter">того,</hi> что и как нужно, и даже надеюсь, что письменно можно понять друг друга. Главное, надо попробовать. Я тороплюсь писать вам, чтобы благодарить вас за ваше письмо и готовность. Условия ваши — 300 рублей — я надеюсь, что вы сами признаете справедливым увеличить, когда вы увидите, что работы будет много, и работы, требующей большой внимательности. Если бы понадобилось нам свидеться (что, вероятно, понадобится), то дорога 50 р., которые я вам пришлю, если велите, должна быть на мой счет. —</p>
<p rend="left">Я бы сейчас вам прислал 7 листов (не напечатанных), а набранных; но у меня один экземпляр, и мне нужно всё иметь под руками. Еще мне нужно съездить в Москву, чтобы выручить доски букв и картинок. К тому времени — дней через 5, как я всё приготовлю, я надеюсь и от вас получить известие о том, сколько денег нужно приготовить за бумагу и для типографии, и возьмется ли какая-нибудь типография? Мне всё кажется, что ни одна не возьмется и, если возьмется, то обманет. Прощайте, дорогой Николай Николаич, очень, очень благодарю вас.</p>
<p rend="right">Ваш Л. Толстой.</p>
<p rend="left">14 июня.</p>
<comments><p rend="Textpetit_otstup left">На автографе пометка Страхова: «14 июня 1872 г.». Отрывок без даты впервые опубликован в Б, II, стр. 117. Год определяется рождением сына Петра (13 июня).</p>
<p rend="petit left">Ответ на неизвестное письмо H. Н. Страхова, в котором он, очевидно, дал согласие взять на себя заботу о печатании «Азбуки».</p>
</comments></div></body>
        </text>
        </TEI>