<?xml version="1.0" encoding="UTF-8"?>
    <!-- <?xml-stylesheet type="text/xsl" target="../resources/MJT/myletter.xsl"?> -->
    <?xml-stylesheet type="css" target="graves.css"?>
    <?xml-model target="http://www.tei-c.org/release/xml/tei/custom/schema/relaxng/tei_all.rng" type="application/xml" schematypens="http://relaxng.org/ns/structure/1.0"?>
    <?xml-model target="http://www.tei-c.org/release/xml/tei/custom/schema/relaxng/tei_all.rng" type="application/xml"
            schematypens="http://purl.oclc.org/dsdl/schematron"?>
    <TEI xmlns="http://www.tei-c.org/ns/1.0">
       <teiHeader>
          <fileDesc>
             <titleStmt>
                <title>Письмо №* 393. H. Н. Страхову.</title>
             </titleStmt>
             <publicationStmt>
                <publisher>TolstoyLab</publisher>
                <date when="2015-09-14">14 September 2015</date>
             </publicationStmt>
             <sourceDesc>
                <biblStruct>
                   <analytic>
                      <author>Толстой Л.Н.</author>
                   </analytic>
                   <monogr>
                      <title level="m">Полное собрание сочинений. Том 61</title>
                      <imprint>
                         <pubPlace>Москва</pubPlace>
                         <publisher>Государственное издательство "Художественная литература"</publisher>
                         <date when="1953"/>
                      </imprint>
                   </monogr>
                   <series>
                      <title level="s">Л.Н. Толстой. Полное собрание сочинений</title>
                      <biblScope unit="vol">61</biblScope>
                   </series>
                </biblStruct>
             </sourceDesc>
          </fileDesc>
          <encodingDesc>
             <tagsDecl> </tagsDecl>
          </encodingDesc>
          <profileDesc>
             <correspDesc>
                <correspAction type="sending">
                   <persName ref="PersonList.xml#L_N_Tolstoy">Л. Н. Толстой</persName>
                   <placeName ref="PlacesListxml#PLACE">Я. П.</placeName>
                   <date when="1872-08-10">1872 г. Августа 10.</date>            </correspAction>
                <correspAction type="receiving">
                   <persName ref="PersonList.xml#RECEIVER">H. Н. Страхову</persName>
                </correspAction>
                <correspContext>
                   <ref type="prev"></ref>
                </correspContext>
             </correspDesc>
          </profileDesc>
       </teiHeader>
       <xenoData><number type="in a volume">393</number></xenoData>

              <text xml:id="H__N__Straxovu_393">
	<body><div>
		<opener index="false">
* 393. H. Н. Страхову.
1872 г. Августа 10...12? Я. П.</opener>
<p rend="left">То, что русского только 3 <hi>1</hi>/<sub>2</sub> листа в 3-й книге, очень плохо;<note xml:id="note2" resp="volume_editor" index="false"> В окончательной редакции в третьей книге «Азбуки» русский текст занимает немногим более 6 листов.</note> я надеюсь через три дня прислать вам несколько статеек в 3-ю книгу, только как их поместить. Вместе с тем и пришлю арифметику 3-й книги: она переписывается.<note xml:id="note3" resp="volume_editor" index="false"> Арифметика для 3-й книги была послана 15—20 августа.</note> — Чтобы не задержать дело, я высылаю теперь 4-ю часть. <hi>Иструб</hi><note xml:id="note4" resp="volume_editor" index="false"> Слово «иструб» см. в рассказе «Солдаткино житье», — «Азбука», III, стр. 30.</note> говорят у нас вместо <hi>сруб,</hi> и сруб я никогда не слыхал, а знаю по книгам. В житии Иосиф[а] Волок[оламского] попеч[ение] о родител[ях] оставить или нет, как хотите? В последнем отделе 2-й книги означать ли падежи и наречия? Как хотите.</p>
<p rend="left">Картинки обруча, иглы и арбуза не задержали бы вас; а перерисовать лучше.</p>
<p rend="left">В 3-й книге не послал ли я вам три задачи о зернах на шахматной доске, о делении на 2 и о баранах? Я их не нахожу.</p>
<p rend="left">В 4-й книге означаться особым шрифтом будут окончания глаголов, <hi>получаешь</hi> и т. п., и потому пестрить нужно.</p>
<p rend="left">Не готово у меня только <hi>для учителя</hi> в 3-ю книгу об арифметике и в 4-ю <hi>для учителя.</hi> И дроби и еще рассказцы в <hi style="opdelimiter">дополнение</hi><hi style="opnumber">305</hi> <hi style="npnumber">306</hi><hi style="npdelimiter">3-й</hi> части. Но ваши письма так действуют на нас, что мы сейчас же с женой взялись за работу и не задержим.</p>
<p rend="left">Вы пишете, что ждете моего суждения об образцах вашей работы. Я только умиляюсь и удивляюсь. Тем более, что по началу работы в Москве я знаю, как это трудно. —</p>
<p rend="left">Боюсь за славянское потому, что оно почти, да и совсем, не сделано. Если можно, пришлите мне образчик из чего-нибудь. — С отсылкой 4-й части пишу еще. —</p>
<p rend="right">Ваш Л. Толстой.</p>
<p rend="left">Посылаю начало 4-й части. Вслед за сим вышлю остальное. — Означенное красным карандашом — особым шрифтом. Я не помню, у вас ли <hi>для учителя</hi> к 4-й части или я еще должен написать его.</p>
<p rend="left">Упражнения 4-й части все на ошибки, делаемые в глаголах; поэтому я означаю крупным шрифтом и такие: в<hi>е</hi>лишь. Всегда пишут в<hi>и</hi>лишь. — Я нынче измучен нервами и ничего не могу писать толком и ничего не помню. Завтра всё обдумаю и напишу толком; а теперь посылаю оригинал, чтобы не задержать. —</p>
<comments><p rend="Textpetit_otstup left">Месяц и число устанавливается предположительно сопоставлением с письмом № 392.</p>
<p rend="Textpetit_otstup left"><hi>1</hi> В окончательной редакции в третьей книге «Азбуки» русский текст занимает немногим более 6 листов.</p>
<p rend="petit left"><hi>2</hi> Арифметика для 3-й книги была послана 15—20 августа.</p>
<p rend="petit left"><hi>3</hi> Слово «иструб» см. в рассказе «Солдаткино житье», — «Азбука», III, стр. 30.</p>
</comments></div></body>
        </text>
        </TEI>
