<?xml version="1.0" encoding="UTF-8"?>
    <!-- <?xml-stylesheet type="text/xsl" target="../resources/MJT/myletter.xsl"?> -->
    <?xml-stylesheet type="css" target="graves.css"?>
    <?xml-model target="http://www.tei-c.org/release/xml/tei/custom/schema/relaxng/tei_all.rng" type="application/xml" schematypens="http://relaxng.org/ns/structure/1.0"?>
    <?xml-model target="http://www.tei-c.org/release/xml/tei/custom/schema/relaxng/tei_all.rng" type="application/xml"
            schematypens="http://purl.oclc.org/dsdl/schematron"?>
    <TEI xmlns="http://www.tei-c.org/ns/1.0">
       <teiHeader>
          <fileDesc>
             <titleStmt>
                <title>Письмо №* 94. И. И. Орлову.</title>
             </titleStmt>
             <publicationStmt>
                <publisher>TolstoyLab</publisher>
                <date when="2015-09-14">14 September 2015</date>
             </publicationStmt>
             <sourceDesc>
                <biblStruct>
                   <analytic>
                      <author>Толстой Л.Н.</author>
                   </analytic>
                   <monogr>
                      <title level="m">Полное собрание сочинений. Том 61</title>
                      <imprint>
                         <pubPlace>Москва</pubPlace>
                         <publisher>Государственное издательство "Художественная литература"</publisher>
                         <date when="1953"/>
                      </imprint>
                   </monogr>
                   <series>
                      <title level="s">Л.Н. Толстой. Полное собрание сочинений</title>
                      <biblScope unit="vol">61</biblScope>
                   </series>
                </biblStruct>
             </sourceDesc>
          </fileDesc>
          <encodingDesc>
             <tagsDecl> </tagsDecl>
          </encodingDesc>
          <profileDesc>
             <correspDesc>
                <correspAction type="sending">
                   <persName ref="PersonList.xml#L_N_Tolstoy">Л. Н. Толстой</persName>
                   <placeName ref="PlacesListxml#PLACE">Я. П.</placeName>
                   <date when="1865-01-08">1865 г. Января 8.</date>            </correspAction>
                <correspAction type="receiving">
                   <persName ref="PersonList.xml#RECEIVER">И. И. Орлову</persName>
                </correspAction>
                <correspContext>
                   <ref type="prev"></ref>
                </correspContext>
             </correspDesc>
          </profileDesc>
       </teiHeader>
       <xenoData><number type="in a volume">94</number></xenoData>

              <text xml:id="I__I__Orlovu_94">
	<body><div>
		<opener index="false">
* 94. И. И. Орлову.
1865 г. Января 8. Я. П.
</opener>
<p rend="Obrashenie left">Иван Иванович!</p>
<p rend="left">Я вас ждал самих на праздниках, надеясь переговорить о всех делах, но ни вас, ни письма нет больше месяца. Дела же, которые нужно кончить в Никольском, вы сами <hi style="opdelimiter">знаете,</hi><hi style="opnumber">67</hi> <hi style="npnumber">68</hi><hi style="npdelimiter">что</hi> очень важны. Не знаю, чему приписать ваше молчанье, и начинаю беспокоиться. Как можно скорее дайте мне знать:</p>
<p rend="left">1) продали ли вы хлеб, много ли и почем и заплатили ли опекунской и дохтуровский долги.<note xml:id="note1" resp="volume_editor" index="false"><ref target='file:///Volume_61_P__E__Vorobevu_2.xml'>См. письмо № 2</ref>, прим. 1 и 3.</note></p>
<p rend="left">2) распорядились ли помолом и отсылкой овса.</p>
<p rend="left">3) сколько остается хлеба и почем цены.</p>
<p rend="left">4) в каком положении скотина.</p>
<p rend="left">5) что колодезь и разверстание.<note xml:id="note2" resp="volume_editor" index="false"> В Ленинградском отделении Государственного центрального архива в фонде Главного выкупного учреждения сохранились относящиеся к 1865 г. копии материалов о разверстании земель, принадлежавших Толстому в Чернском уезде.</note> —</p>
<p rend="left">Пожалуйста, скорее как можно обо всем дайте знать; особенно же известите о долгах и уплате, так как эти дела очень важны.</p>
<p rend="right">Гр. Л. Толстой.</p>
<p rend="left">8 января 1865.</p>
<comments><p rend="Textpetit_otstup left"><hi>1 </hi><ref target='file:///Volume_61_P__E__Vorobevu_2.xml'>См. письмо № 2</ref>, прим. 1 и 3.</p>
<p rend="petit left"><hi>2</hi> В Ленинградском отделении Государственного центрального архива в фонде Главного выкупного учреждения сохранились относящиеся к 1865 г. копии материалов о разверстании земель, принадлежавших Толстому в Чернском уезде.</p>
</comments></div></body>
        </text>
        </TEI>