<?xml version="1.0" encoding="UTF-8"?>
    <!-- <?xml-stylesheet type="text/xsl" target="../resources/MJT/myletter.xsl"?> -->
    <?xml-stylesheet type="css" target="graves.css"?>
    <?xml-model target="http://www.tei-c.org/release/xml/tei/custom/schema/relaxng/tei_all.rng" type="application/xml" schematypens="http://relaxng.org/ns/structure/1.0"?>
    <?xml-model target="http://www.tei-c.org/release/xml/tei/custom/schema/relaxng/tei_all.rng" type="application/xml"
            schematypens="http://purl.oclc.org/dsdl/schematron"?>
    <TEI xmlns="http://www.tei-c.org/ns/1.0">
       <teiHeader>
          <fileDesc>
             <titleStmt>
                <title>Письмо №43. Т. А. Ергольской.</title>
             </titleStmt>
             <publicationStmt>
                <publisher>TolstoyLab</publisher>
                <date when="2015-09-14">14 September 2015</date>
             </publicationStmt>
             <sourceDesc>
                <biblStruct>
                   <analytic>
                      <author>Толстой Л.Н.</author>
                   </analytic>
                   <monogr>
                      <title level="m">Полное собрание сочинений. Том 60</title>
                      <imprint>
                         <pubPlace>Москва</pubPlace>
                         <publisher>Государственное издательство "Художественная литература"</publisher>
                         <date when="1949"/>
                      </imprint>
                   </monogr>
                   <series>
                      <title level="s">Л.Н. Толстой. Полное собрание сочинений</title>
                      <biblScope unit="vol">60</biblScope>
                   </series>
                </biblStruct>
             </sourceDesc>
          </fileDesc>
          <encodingDesc>
             <tagsDecl> </tagsDecl>
          </encodingDesc>
          <profileDesc>
             <correspDesc>
                <correspAction type="sending">
                   <persName ref="PersonList.xml#L_N_Tolstoy">Л. Н. Толстой</persName>
                   <placeName ref="PlacesListxml#PLACE">Петербург.</placeName>
                   <date when="1856-12-05">1856 г. Декабря 5.</date>            </correspAction>
                <correspAction type="receiving">
                   <persName ref="PersonList.xml#RECEIVER">Т. А. Ергольской</persName>
                </correspAction>
                <correspContext>
                   <ref type="prev"></ref>
                </correspContext>
             </correspDesc>
          </profileDesc>
       </teiHeader>
       <xenoData><number type="in a volume">43</number></xenoData>

              <text xml:id="T.A.Ergolskoj_43">
	<body><div>
		<opener index="false">
43. Т. А. Ергольской.
1856 г. Декабря 5. Петербург.</opener>
<p rend="right">5 Декабря.</p>
<p rend="left">Виноват, что дня три не отвечал на ваше письмо. Я ужасно был занят всё это время. Я написал в один месяц совершенно новый рассказ для Библ[иотеки] для Чт[ення] и переделал старое для О[течественных] З[аписок].<note xml:id="note1" resp="volume_editor" index="false"> Рассказы «Разжалованный» и «Утро помещика».</note> — Я вам пришлю их. Зато этот месяц я провел прекрасно так, как то время перед болезнью, когда я писал Юность с утра до вечера. Кроме того, у меня фортепьяно и ноты, новые книги и изредка Дружин[ин], Боткин, Анненков, с которыми мы иногда проводим вечера часов 6, болтая о пустяках и рассуждая о деле, так что не видим, как летит время. У светских моих знакомых я ни у кого не был и желаю быть как можно меньше. Так мне хорошо одному дома. Здоровье мое хорошо, чему я обязан, как мне кажется, не столько Шапулинскому,<note xml:id="note2" resp="volume_editor" index="false"> Павел Дмитриевич Шипулинский — петербургский врач.</note> сколько гимнастике,<note xml:id="note3" resp="volume_editor" index="false"> В Петербурге Толстой посещал гимнастическое заведение.</note> которую я делаю каждый день. Только продолжаются бессонницы. Никак не могу спать больше 6, 7 часов в день. Вы мне пишете<note xml:id="note4" resp="volume_editor" index="false"> Письмо Т. А. Ергольской не сохранилось.</note> про В[алерию]<note xml:id="note5" resp="volume_editor" index="false"> В. В. Арсеньева.</note> опять в том же тоне, в котором вы всегда мне говорили про нее, и я отвечаю опять так же, как всегда. Только что я уехал и неделю после этого, мне кажется, что я был влюблен, что называется, но с моим воображением это не трудно. Теперь же и после этого, особенно, как я пристально занялся работой, я бы желал и очень желал мочь сказать, что я влюблен, или просто люблю ее, но этого нет. — Одно чувство, которое я имею к ней — это благодарность <hi style="opdelimiter">за</hi><hi style="opnumber">135</hi> <hi style="npnumber">136</hi><hi style="npdelimiter">ее</hi> любовь и еще мысль, что из всех девушек, которых я знал и знаю — она лучше всех была бы для меня женою, как я думаю о семейной жизни. Вот в этом-то я и желал бы знать ваше откровенное мнение — ошибаюсь я, или нет. И желал бы слышать ваши советы, во-первых, потому, что вы знаете и ее и меня, а, главное, потому что вы меня любите, а люди, которые любят, никогда не ошибаются. — Правда, я очень дурно испытывал себя, потому что с тех пор, как уехал, вел жизнь скорее уединенную, чем рассеянную, и видел мало женщин, но, несмотря на это, часто мне приходили минуты досады на себя, что я сошелся с ней и что я раскаивался в этом. Все-таки я говорю, что, ежели бы я убедился, что она натура постоянная и будет любить меня всегда, — хоть не так, как теперь, — а больше, чем всех, то я ни минуты не задумался бы жениться на ней. Я уверен, что тогда моя бы любовь к ней всё увеличивалась бы и увеличивалась, и что посредством этого чувства из нее бы можно было сделать хорошую женщину. — Adieu, chère tante, je baise vos mains.<note xml:id="note6" resp="volume_editor" index="false"> [До свидания, милая тетенька, целую ваши ручки.]</note> Сереже я напишу с этой же почтой.<note xml:id="note7" resp="volume_editor" index="false"> См. следующее письмо № 44.</note></p>
<comments><p rend="Textpetit_otstup left">Впервые полностью напечатано в Бир. XXI, стр. 147. Год определяется записью в Дневнике под 5 декабря 1856 г. (т. 47, стр. 103).</p>
<p rend="Textpetit_otstup left"><hi>1</hi> Рассказы «Разжалованный» и «Утро помещика».</p>
<p rend="petit left"><hi>2</hi> Павел Дмитриевич Шипулинский — петербургский врач.</p>
<p rend="petit left"><hi>3</hi> В Петербурге Толстой посещал гимнастическое заведение.</p>
<p rend="petit left"><hi>4</hi> Письмо Т. А. Ергольской не сохранилось.</p>
<p rend="left"><note xml:id="note8" resp="volume_editor" index="false"> В. В. Арсеньева.</note> В. В. Арсеньева.</p>
<p rend="petit left"><hi>6</hi> [До свидания, милая тетенька, целую ваши ручки.]</p>
<p rend="petit left"><hi>7</hi> См. следующее письмо № 44.</p>
</comments></div></body>
        </text>
        </TEI>