<?xml version="1.0" encoding="UTF-8"?>
    <!-- <?xml-stylesheet type="text/xsl" target="../resources/MJT/myletter.xsl"?> -->
    <?xml-stylesheet type="css" target="graves.css"?>
    <?xml-model target="http://www.tei-c.org/release/xml/tei/custom/schema/relaxng/tei_all.rng" type="application/xml" schematypens="http://relaxng.org/ns/structure/1.0"?>
    <?xml-model target="http://www.tei-c.org/release/xml/tei/custom/schema/relaxng/tei_all.rng" type="application/xml"
            schematypens="http://purl.oclc.org/dsdl/schematron"?>
    <TEI xmlns="http://www.tei-c.org/ns/1.0">
       <teiHeader>
          <fileDesc>
             <titleStmt>
                <title>Письмо №125. Гр. А. А. Толстой.</title>
             </titleStmt>
             <publicationStmt>
                <publisher>TolstoyLab</publisher>
                <date when="2015-09-14">14 September 2015</date>
             </publicationStmt>
             <sourceDesc>
                <biblStruct>
                   <analytic>
                      <author>Толстой Л.Н.</author>
                   </analytic>
                   <monogr>
                      <title level="m">Полное собрание сочинений. Том 60</title>
                      <imprint>
                         <pubPlace>Москва</pubPlace>
                         <publisher>Государственное издательство "Художественная литература"</publisher>
                         <date when="1949"/>
                      </imprint>
                   </monogr>
                   <series>
                      <title level="s">Л.Н. Толстой. Полное собрание сочинений</title>
                      <biblScope unit="vol">60</biblScope>
                   </series>
                </biblStruct>
				<bibl>Впервые опубликовано в ПТ, № 17. Датируется содержанием и письмом В. П. Боткина к М. П. Боткину от 11 марта 1859 г. из Петербурга: «Хотел было вчера уехать — неожиданно приехал сюда Толстой и удержал меня» («Литературная мысль», 1923, кн. II, стр. 162).</bibl>
             </sourceDesc>
          </fileDesc>
          <encodingDesc>
             <tagsDecl> </tagsDecl>
          </encodingDesc>
          <profileDesc>
             <correspDesc>
                <correspAction type="sending">
                   <persName ref="PersonList.xml#L_N_Tolstoy">Л. Н. Толстой</persName>
                   <placeName ref="PlacesListxml#PLACE">Петербург.</placeName>
                   <date when="1859-03-10">1859 г. Марта 10.</date>            </correspAction>
                <correspAction type="receiving">
                   <persName ref="PersonList.xml#RECEIVER">Гр. А. А. Толстой</persName>
                </correspAction>
                <correspContext>
                   <ref type="prev"></ref>
                </correspContext>
             </correspDesc>
          </profileDesc>
       </teiHeader>
       <xenoData><number type="in a volume">125</number></xenoData>

              <text xml:id="gr.A.A.Tolstoj_125">
	<body><div>
		<opener index="false">
125. Гр. А. А. Толстой.
1859 г. Марта 10. Петербург.</opener>
<p rend="left">Я сейчас приехал, милая бабушка; и, разумеется, главная цель моего приезда — вы. Я пробуду 3 дня. Приказывайте, как и когда можно вас видеть? — Что я виноват перед вами, об этом речи нет — виноват.</p>
<p rend="right">Ваш Гр. Л. Толстой.</p>
<p rend="left emptyline"><hi style="opnumber">280</hi> <hi style="npnumber">281</hi></p>
<lb/>
<p rend="left"><hi>На обороте второго листа:</hi></p>
<p rend="left">Ее Сиятельству графине Александре Андреевне Толстой.</p>
<comments><p rend="Textpetit_otstup left">Впервые опубликовано в ПТ, № 17. Датируется содержанием и письмом В. П. Боткина к М. П. Боткину от 11 марта 1859 г. из Петербурга: «Хотел было вчера уехать — неожиданно приехал сюда Толстой и удержал меня» («Литературная мысль», 1923, кн. II, стр. 162).</p>
<p rend="petit left">Письмо написано из Петербурга, где Толстой, судя по записи Дневника под 9 апреля 1859 г., пробыл «10 дней счастливейших». См. также п. № 130.</p>
</comments></div></body>
        </text>
        </TEI>