<?xml version="1.0" encoding="UTF-8"?>
    <!-- <?xml-stylesheet type="text/xsl" target="../resources/MJT/myletter.xsl"?> -->
    <?xml-stylesheet type="css" target="graves.css"?>
    <?xml-model target="http://www.tei-c.org/release/xml/tei/custom/schema/relaxng/tei_all.rng" type="application/xml" schematypens="http://relaxng.org/ns/structure/1.0"?>
    <?xml-model target="http://www.tei-c.org/release/xml/tei/custom/schema/relaxng/tei_all.rng" type="application/xml"
            schematypens="http://purl.oclc.org/dsdl/schematron"?>
    <TEI xmlns="http://www.tei-c.org/ns/1.0">
       <teiHeader>
          <fileDesc>
             <titleStmt>
                <title>Письмо №155. Гр. А. А. Толстой.</title>
             </titleStmt>
             <publicationStmt>
                <publisher>TolstoyLab</publisher>
                <date when="2015-09-14">14 September 2015</date>
             </publicationStmt>
             <sourceDesc>
                <biblStruct>
                   <analytic>
                      <author>Толстой Л.Н.</author>
                   </analytic>
                   <monogr>
                      <title level="m">Полное собрание сочинений. Том 60</title>
                      <imprint>
                         <pubPlace>Москва</pubPlace>
                         <publisher>Государственное издательство "Художественная литература"</publisher>
                         <date when="1949"/>
                      </imprint>
                   </monogr>
                   <series>
                      <title level="s">Л.Н. Толстой. Полное собрание сочинений</title>
                      <biblScope unit="vol">60</biblScope>
                   </series>
                </biblStruct>
				<bibl>Впервые опубликовано в ПT, стр. 136—138. Датируется содержанием и записью в Дневнике под 12—13 октября: «Написал письмо Alexandrine и К[атерине] Н[иколаевне]». См. т. 48.</bibl>
             </sourceDesc>
          </fileDesc>
          <encodingDesc>
             <tagsDecl> </tagsDecl>
          </encodingDesc>
          <profileDesc>
             <correspDesc>
                <correspAction type="sending">
                   <persName ref="PersonList.xml#L_N_Tolstoy">Л. Н. Толстой</persName>
                   <placeName ref="PlacesListxml#PLACE">Я. П.</placeName>
                   <date when="1859-10-12">1859 г. Октября 12.</date>            </correspAction>
                <correspAction type="receiving">
                   <persName ref="PersonList.xml#RECEIVER">Гр. А. А. Толстой</persName>
                </correspAction>
                <correspContext>
                   <ref type="prev"></ref>
                </correspContext>
             </correspDesc>
          </profileDesc>
       </teiHeader>
       <xenoData><number type="in a volume">155</number></xenoData>

              <text xml:id="gr.A.A.Tolstoj_155">
	<body><div>
		<opener index="false">
155. Гр. А. А. Толстой.
1859 г. Октября 12. Я. П.</opener>
<p rend="left">Я узнал о вашем горе,<note xml:id="note1" resp="volume_editor" index="false"> Смерть П. И. Толстой — племянницы А. А. Толстой. О ней см. прим. 5 к п. № 127.</note> любезный друг Alexandrine, не от Кат[ерины] Ник[олаевны],<note xml:id="note2" resp="volume_editor" index="false"> Е. Н. Шостак. О ней см. прим. 9 к п. 88. Письмо ее к Толстому неизвестно.</note> а от постороннего, равнодушного человека, и мне страшно за вас стало, когда я услыхал это. Это было на охоте, адреса вашего не было, не верилось, что правда, да и некогда было. Третьего дня, возвращаясь к себе, я думал опять о вас, хотел писать, и тут нашел письмо К[атерины] Н[иколаевны]. Понимаете, как это всё кстати вышло. Ездил я последнее время на охоте с одним г-ном Борисовым, женатым на сестре Фета, о которых я вам говорил, кажется. Борисов одно из самых милых, нежных, любящих и симпатических и вместе почему-то возбуждающих сострадание существ, которых я когда-либо встречал в жизни. Маленький, с добрыми глазами, робкой улыбкой и нерешительными движениями, но несмотря на то, человек твердый и непоколебимой в деле справедливости и честности. Отец его был злодей, повешанный своими мужиками, мать кроткая, загнанная женщина. Он рос у Новосильцева, П[етра] П[етровича],<hi>З </hi>и там вел жизнь загнанного воспитанника. С детства он еще влюбился в соседку, хорошенькую одних лет девочку, сестру Фета, и не переставал ее любить никогда. Он делал предложенье, ему отказали, он уехал служить на Кавказ, и везде, где ни был, его любили и уважали, но он ничем не радовался, только думал о том, что авось когда-нибудь его примут. Через 10 лет он вернулся, ее отец<note xml:id="note3" resp="volume_editor" index="false"> Афанасий Неофитович Шеншин (1775—1852) — отец А. А. Фета, умерший от гангрены конечностей. О нем см. А. Фет» «Мои воспоминания», I, М. 1890, стр. 2—21 и 67—69.</note> умер; он опять сделал предложенье, но теперь она отказала, она любила другого.<note xml:id="note4" resp="volume_editor" index="false"> Будучи за границей (во Франценсбаде) в 1856 г., Н. А. Шеншина увлеклась неким Эрбелем. Свадьба должна была быть в Париже, но Эрбель не сдержал слова (см. А. Фет, «Мои воспоминания», I, стр. 145—147 и 165—167). Это разочарование Н. А. Шеншина пережила настолько тяжело, что, вернувшись в Новоселки, заболела психическим расстройством.</note> Он в тот же день выстрелил себе в голову, но пистолет осекся, и его спасли и уговорили жить и надеяться. Он опять уехал служить во время войны. Везде жил честно, в строгом смысле, что так редко при кадетском воспитаньи, везде был храбр и скромен. Он религиозный человек. Опять через 3 года он попробовал, и опять ему отказали. Но с девушкой в это время случилось несчастье, она сходила с ума и вылечилась, и доктора сказали, что ежели она не выйдет замуж, сумасшествие может возвратиться. Бог знает, просьбы ли родных, несчастная любовь или постоянство Б[орисова], но она согласилась неохотно, холодно. Б[орисов] верил в себя и женился.<note xml:id="note5" resp="volume_editor" index="false"> О женитьбе Борисова см. А. Фет, «Мои воспоминания», I, стр. 215— 216, 220—222.</note> Через год у них родился славный ребенок.<note xml:id="note6" resp="volume_editor" index="false"> Петр Иванович Борисов.</note> Я два года их видел, и это единственное <hi style="opdelimiter">счастливое</hi><hi style="opnumber">311</hi> <hi style="npnumber">312</hi><hi style="npdelimiter">супружество,</hi> которое я видел в жизни. Она оценила, полюбила его, и он в первый раз в жизни, в 35 лет расцвел. Улыбка не сходила у него с лица, ему всем хотелось рассказать про свое счастье, — первая жена, первый ребенок в мире были его. Это было наслажденье смотреть на него, и, на минуту увидав его, вы бы сказали: вот счастливый человек. — И это был тот самый Б[орисов], который два года тому назад был мил и жалок, жалок. Он охотник. Мы условились с ним осень ездить вместе. Жена его и ребенок с братом Фетом поехали в Москву. В первый раз они разлучались на месяц. Надо было видеть эти заботы, эту любовь до последней мелочи, это самодовольство, что он может перенести разлуку. Мы ездили с ним две недели, и на охоте я его полюбил и стал уважать и восхищаться им еще больше. 3 октября мы [в] самом веселом духе пришли в деревню Тургенева<note xml:id="note7" resp="volume_editor" index="false"> Имение И. С. Тургенева — Спасское.</note> с охотой. Он был весел, мил, выпил немного, и советывал мне жениться, уверяя, что только тогда есть счастье, жизнь и что он не может быть счастливее. Мы легли спать в 2-х комнатах рядом. Когда всё затихло, я не мог спать от разных приятных мыслей о нем, ко мне пришел на ципочках Тургенев с письмом от Фета, которое он только что получил и в котором Фет пишет, чтобы отыскать Б[орисова] и объявить ему, что его жена с приезда в Москву в самом ужасном сумасшествии и безнадежном, как говорят доктора.<note xml:id="note8" resp="volume_editor" index="false"> Письмо Фета к Тургеневу неизвестно.</note> На другой день Борис[ов] пришел ко мне, переваливаясь на своих коротеньких ногах, с улыбочкой, потирая руки и уговаривая скорей седлать, что погода хороша и отличное поле будет. — И я должен был сделать ему эту ужасную операцию, и сделал ее, и до сих пор мороз по коже, как вспомню эту минуту. Разумеется, он ускакал тотчас же; но я знаю, что положение ее ужасно; она, как большая часть сумасшедших женщин, чем они чище и нравственнее, тем в сумасшествии цинично-безнравственнее, наглее. Ужасно! И Фет пишет, что теперь нет надежды.</p>
<p rend="left">Да, мой друг, ваше — горе и это — горе, и с таким злым, изысканным горем велит Бог жить людям. Вот всё, что могу сказать вам о вашем горе, которому, вы знаете, что я сочувствую всей душой. Особенно мне жаль вашу бедную маминьку. В наши года еще — вы сами для себя интересны, еще есть для вас счастливые заблуждения, еще сверстники и сверстницы ваши вам любезны, а в ее года любят в последний раз и <hi style="opdelimiter">любят</hi><hi style="opnumber">312</hi> <hi style="npnumber">313</hi><hi style="npdelimiter">не</hi> взрослых, готовых, оконченных, а любят надежду, задатки чего-то, что должно пережить нас самих. Она любила так вас дочерей, когда вы были очень молоды, но теперь, я уверен, что Пашу она любила больше всех вас. Мне кажется так.</p>
<p rend="left">Что вы делаете? Как отозвалось на вас это несчастье? Кто там ваши друзья? Вы полюбили Ростовцева.<note xml:id="note9" resp="volume_editor" index="false"> Гр. Николай Яковлевич Ростовцев (1831—1897) — сын деятеля по крестьянской реформе Я. И. Ростовцева, служил в 1854—1855 гг. обер-офицером артиллерии Южной армии. В октябре — ноябре 1854 <hi style="opdelimiter">г.</hi><hi style="opnumber">313</hi> <hi style="npnumber">314</hi><hi style="npdelimiter">был</hi> вместе с Толстым членом кружка офицеров, затевавших издание журнала для солдат. Об этом см. т. 59, стр. 282—283, и статью «О военном журнале Л. Н. Толстого и его сотоварищей по армии» — «Толстой 1850— 1860. Материалы, статьи». Редакция В. И. Срезневского, Л. 1927.</note> Я очень рад этому. Он славный. В нем есть что-то такое, к чему боишься подходить грубо. Что-то благородное и тонкое, нежное. Я в сношениях с ним всегда чувствовал это приятное уважение и осторожность. — Об себе сказать не могу ничего хорошего. Гордость, лень и скептицизм продолжаю[т] владеть мною. Но я продолжаю бороться, всё еще надеюсь быть лучше, чем есть. Как бы хотелось побыть, поговорить с вами. Послушать, как вы говорите о своем горе, помолчать, глядя на вас, и порадоваться на себя, что я еще не совсем негодный человек, коли вы меня любите. Прощайте, Христос с вами. —</p>
<p rend="right">Л. Толстой.</p>
<comments><p rend="Textpetit_otstup left">Впервые опубликовано в ПT, стр. 136—138. Датируется содержанием и записью в Дневнике под 12—13 октября: «Написал письмо Alexandrine и К[атерине] Н[иколаевне]». См. т. 48.</p>
<p rend="Textpetit_otstup left"><hi>1</hi> Смерть П. И. Толстой — племянницы А. А. Толстой. О ней см. прим. 5 к п. № 127.</p>
<p rend="petit left"><hi>2</hi> Е. Н. Шостак. О ней см. прим. 9 к п. 88. Письмо ее к Толстому неизвестно.</p>
<p rend="petit left"><hi>3</hi> Петр Петрович Новосильцев (1797—1869). По словам Гоголя, Новосильцев «был знаком всем нашим литераторам и вращался в их кругу». Он упоминается в одном из писем Пушкина к Е. М. Хитрово.</p>
<p rend="petit left"><hi>4</hi> Афанасий Неофитович Шеншин (1775—1852) — отец А. А. Фета, умерший от гангрены конечностей. О нем см. А. Фет» «Мои воспоминания», I, М. 1890, стр. 2—21 и 67—69.</p>
<p rend="petit left"><hi>5</hi> Будучи за границей (во Франценсбаде) в 1856 г., Н. А. Шеншина увлеклась неким Эрбелем. Свадьба должна была быть в Париже, но Эрбель не сдержал слова (см. А. Фет, «Мои воспоминания», I, стр. 145—147 и 165—167). Это разочарование Н. А. Шеншина пережила настолько тяжело, что, вернувшись в Новоселки, заболела психическим расстройством.</p>
<p rend="petit left"><hi>6</hi> О женитьбе Борисова см. А. Фет, «Мои воспоминания», I, стр. 215— 216, 220—222.</p>
<p rend="petit left"><hi>7</hi> Петр Иванович Борисов.</p>
<p rend="petit left"><hi>8</hi> Имение И. С. Тургенева — Спасское.</p>
<p rend="petit left"><hi>9</hi> Письмо Фета к Тургеневу неизвестно.</p>
<p rend="petit left"><hi>10</hi> Гр. Николай Яковлевич Ростовцев (1831—1897) — сын деятеля по крестьянской реформе Я. И. Ростовцева, служил в 1854—1855 гг. обер-офицером артиллерии Южной армии. В октябре — ноябре 1854 <hi style="opdelimiter">г.</hi><hi style="opnumber">313</hi> <hi style="npnumber">314</hi><hi style="npdelimiter">был</hi> вместе с Толстым членом кружка офицеров, затевавших издание журнала для солдат. Об этом см. т. 59, стр. 282—283, и статью «О военном журнале Л. Н. Толстого и его сотоварищей по армии» — «Толстой 1850— 1860. Материалы, статьи». Редакция В. И. Срезневского, Л. 1927.</p>
<p rend="petit left">На это письмо Толстого А. А. Толстая ответила 1 декабря 1859 г. из Ниццы. См. ПТ, стр. 139—141.</p>
</comments></div></body>
        </text>
        </TEI>