<?xml version="1.0" encoding="UTF-8"?>
    <!-- <?xml-stylesheet type="text/xsl" target="../resources/MJT/myletter.xsl"?> -->
    <?xml-stylesheet type="css" target="graves.css"?>
    <?xml-model target="http://www.tei-c.org/release/xml/tei/custom/schema/relaxng/tei_all.rng" type="application/xml" schematypens="http://relaxng.org/ns/structure/1.0"?>
    <?xml-model target="http://www.tei-c.org/release/xml/tei/custom/schema/relaxng/tei_all.rng" type="application/xml"
            schematypens="http://purl.oclc.org/dsdl/schematron"?>
    <TEI xmlns="http://www.tei-c.org/ns/1.0">
       <teiHeader>
          <fileDesc>
             <titleStmt>
                <title>Письмо №* 18. Гр. С. Н. Толстому.</title>
             </titleStmt>
             <publicationStmt>
                <publisher>TolstoyLab</publisher>
                <date when="2015-09-14">14 September 2015</date>
             </publicationStmt>
             <sourceDesc>
                <biblStruct>
                   <analytic>
                      <author>Толстой Л.Н.</author>
                   </analytic>
                   <monogr>
                      <title level="m">Полное собрание сочинений. Том 59</title>
                      <imprint>
                         <pubPlace>Москва</pubPlace>
                         <publisher>Государственное издательство "Художественная литература"</publisher>
                         <date when="1935"/>
                      </imprint>
                   </monogr>
                   <series>
                      <title level="s">Л.Н. Толстой. Полное собрание сочинений</title>
                      <biblScope unit="vol">59</biblScope>
                   </series>
                </biblStruct>
				<bibl>Печатается по автографу, хранящемуся в ГТМ. Публикуется впервые. Год определяется содержанием: продажа леса Копылову.</bibl>
             </sourceDesc>
          </fileDesc>
          <encodingDesc>
             <tagsDecl> </tagsDecl>
          </encodingDesc>
          <profileDesc>
             <correspDesc>
                <correspAction type="sending">
                   <persName ref="PersonList.xml#L_N_Tolstoy">Л. Н. Толстой</persName>
                   <placeName ref="PlacesListxml#PLACE">Петербург.</placeName>
                   <date when="1849-04-20">1849 г. Апреля 20.</date>            </correspAction>
                <correspAction type="receiving">
                   <persName ref="PersonList.xml#RECEIVER">Гр. С. Н. Толстому</persName>
                </correspAction>
                <correspContext>
                   <ref type="prev"></ref>
                </correspContext>
             </correspDesc>
          </profileDesc>
       </teiHeader>
       <xenoData><number type="in a volume">18</number></xenoData>

              <text xml:id="Gr.S.N.Tolstomu_18">
	<body><div>
		<opener index="false">
* 18. Гр. С. Н. Толстому.
1849 г. Апреля 20. Петербург.</opener>
<p rend="right">20 Апрѣля.</p>
<p rend="left">Сдѣлай милость, съѣзди въ Ясную и въ Тулу даже, ежели нужно, и кончи какъ нибудь съ этими купцами. Я чувствую, что я и самъ виноватъ въ путаницѣ, которая произошла, да <hi>что</hi> дѣлать? Ксенофонтовъ<note xml:id="note1" resp="volume_editor" index="false">Ксенофонтов — очевидно тульский купец.</note> даетъ 325, Капыловъ же 280. — <hi style="opdelimiter">Мнѣ</hi><hi style="opnumber">42</hi> <hi style="npnumber">43</hi><hi style="npdelimiter">кажется,</hi> что одинъ способъ<note xml:id="note2" resp="volume_editor" index="false"><hi>Зачеркнуто:</hi> сдѣлать правильно это</note> кончить это дѣло такъ: Капылову отдать за 280 съ тѣмъ, чтобы онъ <hi>всњ</hi> забранныя деньги надписалъ на прежнемъ контрактѣ безъ процентовъ; ежели же онъ не согласенъ, то, нечего дѣлать, отдать Ксенофонтову; впрочемъ, объ одномъ тебя прошу, сдѣлай все это поскорѣй и, какъ знаешь, все, что ты сдѣлаешь я за все тебѣ буду благодаренъ и <hi>спорить и прекословить не буду</hi>, а то у меня <hi>Саветъ</hi> вотъ гдѣ сидитъ! </p>
<p rend="left">Прощай. <figure><graphic url="./img/i000004570002.png"/></figure></p>
<comments><p rend="Textpetit_otstup left">Печатается по автографу, хранящемуся в ГТМ. Публикуется впервые. Год определяется содержанием: продажа леса Копылову.</p>
<p rend="Textpetit_otstup left"><hi>1 </hi>Ксенофонтов — очевидно тульский купец.</p>
<p rend="petit left"><hi>2 </hi><hi>Зачеркнуто:</hi> сдѣлать правильно это</p>
<p rend="petit left">На это письмо гр. С. Н. Толстой отвечал письмом, датируемым концом апреля 1849 г.:</p>
<p rend="petit left">«Лес твой продал и контракт заключил, по 275 рублей десятина, проценты не считать ; не знаю, доволен ли ты будешь тем, как я распорядился деньгами. Тебе следует получить вперед 1100 рублей серебром, из коих ты получил уже 470 серебром, как мне сказал Копылов, и как я видел по одной твоей расписке, данной в 250 р. серебр., да еще недавно, как говорит Копылов, ты взял 70 р. сер., то там остается только 150 р., которые вероятно тоже ты положил в число денег зa Савин, а не за Заказ. Так как ты писал Андрею послать в Москву 300 р. серебром, то я сказал Копылову доставить эти деньги через кореспондента в Москву В<hi>асиньке</hi>, а этому последнему пишу удовлетворить ими самых алчных кредиторов. 180 р. серебром получишь в Петербурге от тестя Копылова, а остальные 150, за исключением небольшой суммы, вышедшей на издержки контракта, получит Андрей, и ты уже сам прикажи ему, что из них делать. Не худо бы тебе написать ему доставить что-нибудь тетиньке Татьяне Александровне, о Полине же не беспокойся, она уже довольно меня допекает. Андрей говорит, что нужно будет послать в Совет, подумай об этом сам. — Письмо мое от того так <hi>хорошо</hi>, что сейчас еду на охоту. Охота славная. Борзые, которые ты мне прислал, хороши, но мои молодые живые [?] еще лучше. Напиши мне про четыре вещи: во-первых, 1) как идут твои занятия, держишь ли ты или нет экзамен? во-вторых, 2) Будешь ли или нет летом в деревне, в третьих? 3) О Щербачевском деле. Прощай. Получаешь ли мои письма? В другой раз буду писать больше. Гр. С. Толстой. Tante Toinette t’embrasse. [Тетенька тебя целует.] Напиши мне непременно, получаешь ли мои письма» (Письмо не опубликовано; хранится в АТБ).</p>
<p rend="petit left"><hi>Заказ</hi> — старый лес, примыкающий к усадьбе Ясная поляна. <hi>Васенька  </hi>— В. С. Перфильев. О нем см. прим. 4 к п. № 6.</p>
<p rend="left secend"><hi style="opnumber">43</hi> <hi style="npnumber">44</hi></p>
</comments></div></body>
        </text>
        </TEI>