<?xml version="1.0" encoding="UTF-8"?>
    <!-- <?xml-stylesheet type="text/xsl" target="../resources/MJT/myletter.xsl"?> -->
    <?xml-stylesheet type="css" target="graves.css"?>
    <?xml-model target="http://www.tei-c.org/release/xml/tei/custom/schema/relaxng/tei_all.rng" type="application/xml" schematypens="http://relaxng.org/ns/structure/1.0"?>
    <?xml-model target="http://www.tei-c.org/release/xml/tei/custom/schema/relaxng/tei_all.rng" type="application/xml"
            schematypens="http://purl.oclc.org/dsdl/schematron"?>
    <TEI xmlns="http://www.tei-c.org/ns/1.0">
       <teiHeader>
          <fileDesc>
             <titleStmt>
                <title>Письмо №* 179. Т. А. Ергольской.</title>
             </titleStmt>
             <publicationStmt>
                <publisher>TolstoyLab</publisher>
                <date when="2015-09-14">14 September 2015</date>
             </publicationStmt>
             <sourceDesc>
                <biblStruct>
                   <analytic>
                      <author>Толстой Л.Н.</author>
                   </analytic>
                   <monogr>
                      <title level="m">Полное собрание сочинений. Том 60</title>
                      <imprint>
                         <pubPlace>Москва</pubPlace>
                         <publisher>Государственное издательство "Художественная литература"</publisher>
                         <date when="1949"/>
                      </imprint>
                   </monogr>
                   <series>
                      <title level="s">Л.Н. Толстой. Полное собрание сочинений</title>
                      <biblScope unit="vol">60</biblScope>
                   </series>
                </biblStruct>
             </sourceDesc>
          </fileDesc>
          <encodingDesc>
             <tagsDecl> </tagsDecl>
          </encodingDesc>
          <profileDesc>
             <correspDesc>
                <correspAction type="sending">
                   <persName ref="PersonList.xml#L_N_Tolstoy">Л. Н. Толстой</persName>
                   <placeName ref="PlacesListxml#PLACE">Гиер.</placeName>
                   <date when="1860-08-28">1860 г. Августа 28</date>            </correspAction>
                <correspAction type="receiving">
                   <persName ref="PersonList.xml#RECEIVER">Т. А. Ергольской</persName>
                </correspAction>
                <correspContext>
                   <ref type="prev"></ref>
                </correspContext>
             </correspDesc>
          </profileDesc>
       </teiHeader>
       <xenoData><number type="in a volume">179</number></xenoData>

              <text xml:id="T.A.Ergolskoj_179">
	<body><div>
		<opener index="false">
* 179. Т. А. Ергольской.
1860 г. Августа 28/сентября 9. Гиер.
</opener>
<p rend="Obrashenie left">Chère tante!</p>
<p rend="left">Voila trois jours que nous sommes arrivés à Нуères.<note xml:id="note1" resp="volume_editor" index="false"> 9 августа в Киссинген к Толстому приехал его больной брат Николай Николаевич, о чем Толстой записал в Дневнике 12 августа.</note> Je ne vous ai pas écris parce que nous n’étions pas encore établis et aussi parce que pendant le voyage et ces jours-ci je n’en avais véritablement pas le temps. Hyères n’est pas une île, mais c’est une ville sur la côte méridionale de France, au Sud-Est de Toulon. La mer qu’on voit de nos fenêtres est à 4 verst de la ville. Moi <hi style="opdelimiter">et</hi><hi style="opnumber">349</hi> <hi style="npnumber">350</hi><hi style="npdelimiter">Nicolas</hi> nous nous sommes logés dans la ville même en pension pour 18 fr. par jour chez une très bonne vielle femme M-me Sénéquier. C’est donc notre adresse: <hi>Francе, Hyères chez M-me Sénéquier. </hi>Marie s’est arrêtée dans un hôtel et déménage aujourd’hui dans une maison de campagne au bord de mer, pour y prendre les bains, autant que durera la saison. On dit ici qu’il fait bon de se baigner jusqu’au mois de Décembre quelques fois. Le climat est admirable ici. Les citronniers, les orangers, les lauriers, les palmiers sont en fleurs en feuilles et en fruits pendant tout l’hiver. L’état de la santé de Nicolas est toujours le même; mais ce n’est qu’ici qu’il faut espérer une amélioration, parce que le genre de vie qu’il a mené à Soden le voyage et le mauvais temps ont du au contraire lui faire du mal. Ici le temps admirable ces trois jours et on dit qu’ici le temps à été toujours beau. Il y a ici une Princesse Galisine<note xml:id="note2" resp="volume_editor" index="false"> Кн. Елена Александровна Голицына, рожд. Корсакова, сестра вице-президента Академии наук кн. М. А. Дондукова-Корсакова, была первым браком замужем за кн. Владимиром Николаевичем Голицыным (1802—1844); овдовев, жила за границей, где вышла во второй раз замуж. Она послужила Толстому прообразом госпожи Шталь в «Анне Карениной».</note>, qui habite le pays depuis 9 ans. Marie a fait sa connaissance; et cette Princesse dit qu’elle est venu ici dans un état beaucoup pir que celui de Nicolas et à présent c’est une femme tout-à-fait forte et bien portante. Elle nous a raconté aussi qu’elle a connu Dmitri Генваричь<note xml:id="note3" resp="volume_editor" index="false"> Гр. Дмитрий Януариевич Толстой (1827—1859) — сын гр. Януария Ивановича Толстого и Екатерины Дмитриевны Ляпуновой (ум. в 1882 г.), троюродный брат Толстого.</note> qui est mort à Hyères sur ses bras.</p>
<p rend="left">Le voyage nous a couté très cher, et la vie ici n’est pas bon marché non plus, de sorte que nous tous aurons dans un mois d’ici grand besoin d’argent. Si Serge et encore avec vous dites lui qu’il envoye l’argent le plus tôt possible. Je suis sûr qu’aujourdhui vous avez pensé à moi plus qu’à l’ordinaire à cause de mon jour de naissance.<note xml:id="note4" resp="volume_editor" index="false"> 28 августа.</note> Moi aussi je commance ce jour en vous écrivant. —</p>
<p rend="left">Adieu, chère tante, je vous baise les mains. — Je ne sais si Nicolas et Marie vous écriront, dans touts les cas ils pensent souvent à vous et vous baisent les mains. — Наталье Петровне целую ручки, Ник[олаю] Серг[еевичу],<note xml:id="note5" resp="volume_editor" index="false"> Николай Сергеевич Воейков. В ответ Толстому Татьяна Александровна писала 26 сентября: «Бывший монах надоел нам смертельно; он не пьянствует, но невозможен во всех отношениях».</note> ежели еще живет у вас, и хорошо, то я очень рад и кланяюсь. Устроилось ли дело Мавры Андреевны? Разуверьте ее, что я ее ненавижу. Что моя школа? Во всяком случае, я буду к зиме с новыми книгами и инструментами.<note xml:id="note6" resp="volume_editor" index="false"> Во всё время своего пребывания за границей Толстой не оставлял своей работы по школьному вопросу. Он посещал школы почти во всех городах, где был. В Киссингене школа произвела на него очень тяжелое впечатление, о чем он записывал в Дневнике 16/28 и 17/29 июля (см. т. 48).</note> Пусть Петр Васильичь<note xml:id="note7" resp="volume_editor" index="false"> П. В. Морозов.</note> не зевает. —</p>
<p rend="left">Dites au староста que je m’intéresse beaucoup au ménage, mais à vrai dire, si seulement il n’y a rien d’extraordinairement désagréable, je ne me soucie de rien du tout. Vous avez toujours raison, chère tante, dernièrement nous avons parlé de cela avec Nicolas; et quand vous me disiez que j’ai tort de rester toujours à la <hi style="opdelimiter">campagne</hi><hi style="opnumber">350</hi> <hi style="npnumber">351</hi><hi style="npdelimiter">vous</hi> aviez raison. Le voyage que jʼai fait m’a fait beaucoup de bien sous plusieurs raports.</p>
<p rend="right">Léon.</p>
<p rend="left"><hi style="underline">9 Sept.</hi></p>
<p rend="left">28 Août</p>
<p rend="left">Hyères.</p>
<lb/>
<p rend="Obrashenie petit left">Дорогая тетенька!</p>
<p rend="petit left">Три дня тому назад мы приехали в Гиер.<note xml:id="note8" resp="volume_editor" index="false"> 9 августа в Киссинген к Толстому приехал его больной брат Николай Николаевич, о чем Толстой записал в Дневнике 12 августа.</note> Не писал вам раньше, потому что мы еще не устроились, да и свободного времени не было ни в дороге, ни теперь. Гиер не остров, а город на южном побережье Франции, на юго-восток от Тулона. Море, которое видно из наших окон, в 4-х верстах от города. Мы с Николенькой устроились в самом городе в пансионе у пожилой и приятной госпожи Сенекье за 18 фр. в день. Вот наш адрес: <hi>Франция, Гиер, у г-жи Сенекье.</hi> Машенька остановилась в гостинице, откуда перебирается сегодня в снятый ею деревенский дом на берегу моря, чтобы пользоваться морскими купаниями в продолжение всего сезона. Говорят, что он продолжается иногда до декабря. Климат здесь прекрасный. Лимонные, апельсиновые деревья, лавры, пальмы всю зиму с листвой, в цвету и с плодами. Здоровье Николеньки всё в том же положении; но только здесь и можно надеяться на улучшение, между тем как образ жизни его в Содене, путешествие и плохая погода несомненно принесли ему вред. Эти три дня стоит прекрасная погода, и говорят, что она здесь всё время такая. Некая княгиня Голицына<note xml:id="note9" resp="volume_editor" index="false"> Кн. Елена Александровна Голицына, рожд. Корсакова, сестра вице-президента Академии наук кн. М. А. Дондукова-Корсакова, была первым браком замужем за кн. Владимиром Николаевичем Голицыным (1802—1844); овдовев, жила за границей, где вышла во второй раз замуж. Она послужила Толстому прообразом госпожи Шталь в «Анне Карениной».</note> живет здесь 9 лет. Она говорила Машеньке, которая познакомилась с ней, что она приехала сюда в гораздо худшем состоянии, чем Николай, а теперь сильная и вполне здоровая женщина. Она рассказала нам, что знала Дмитрия Генваричь,<note xml:id="note10" resp="volume_editor" index="false"> Гр. Дмитрий Януариевич Толстой (1827—1859) — сын гр. Януария Ивановича Толстого и Екатерины Дмитриевны Ляпуновой (ум. в 1882 г.), троюродный брат Толстого.</note> который умер в Гиере на ее руках.</p>
<p rend="petit left">Дорога нам дорого обошлась, и здесь жизнь не дешева, так что через месяц мы будем нуждаться в деньгах. Ежели Сережа еще с вами, скажите ему, чтобы деньги он высылал как можно скорее. Уверен, что сегодня вы вспоминали меня чаще обыкновенного по случаю дня моего рождения.<note xml:id="note11" resp="volume_editor" index="false"> 28 августа.</note> А я начинаю этот день письмом к вам.</p>
<p rend="petit left">Прощайте, дорогая тетенька, целую ваши руки. — Не знаю, напишут ли вам Николенька и Машенька, но знаю, что они часто думают о вас и целуют ваши ручки. [<hi>Русский текст.</hi>]</p>
<p rend="petit left">Скажите старосте, что я очень интересуюсь хозяйством, но, по правде сказать, ежели ничего не случилось особенно неприятного, я не забочусь о нем. Вы всегда правы, милая тетенька, недавно мы говорили об этом с Николенькой; и когда вы говорили, что напрасно я живу безвыездно в деревне, вы тоже были правы. Теперешнее путешествие во многих отношениях мне очень полезно.</p>
<p rend="petit right">Лев.</p>
<p rend="petit left"><hi style="underline">9 сент.</hi></p>
<p rend="petit left">28 августа</p>
<p rend="petit left">Гиер.</p>
<comments><p rend="Textpetit_otstup left">Впервые отрывок опубликован в Б. I, 1, стр. <hi style="opdelimiter">374.</hi><hi style="opnumber">351</hi></p>
<p rend="Textpetit_otstup left"><hi>1</hi> 9 августа в Киссинген к Толстому приехал его больной брат Николай Николаевич, о чем Толстой записал в Дневнике 12 августа.</p>
<p rend="petit left">Пробыв в Киссингене четыре дня, H. Н. Толстой уехал. Видя всю опасность положения больного брата, Толстой решил не оставлять его одного и 26 августа поехал в нему в Соден. В Содене Толстой пробыл три дня и, вместе с сестрой и братом, 29 августа поехал во Франкфурт, а оттуда в приморский город Гиер.</p>
<p rend="petit left"><hi>2</hi> Кн. Елена Александровна Голицына, рожд. Корсакова, сестра вице-президента Академии наук кн. М. А. Дондукова-Корсакова, была первым браком замужем за кн. Владимиром Николаевичем Голицыным (1802—1844); овдовев, жила за границей, где вышла во второй раз замуж. Она послужила Толстому прообразом госпожи Шталь в «Анне Карениной».</p>
<p rend="petit left"><hi>3</hi> Гр. Дмитрий Януариевич Толстой (1827—1859) — сын гр. Януария Ивановича Толстого и Екатерины Дмитриевны Ляпуновой (ум. в 1882 г.), троюродный брат Толстого.</p>
<p rend="petit left"><hi>4</hi> 28 августа.</p>
<p rend="petit left"><hi>5</hi> Николай Сергеевич Воейков. В ответ Толстому Татьяна Александровна писала 26 сентября: «Бывший монах надоел нам смертельно; он не пьянствует, но невозможен во всех отношениях».</p>
<p rend="petit left"><hi>6</hi> Во всё время своего пребывания за границей Толстой не оставлял своей работы по школьному вопросу. Он посещал школы почти во всех городах, где был. В Киссингене школа произвела на него очень тяжелое впечатление, о чем он записывал в Дневнике 16/28 и 17/29 июля (см. т. 48).</p>
<p rend="petit left"><hi>7</hi> П. В. Морозов.</p>
<p rend="petit left">К настоящему письму Толстого сделана приписка рукой М. Н. Толстой.</p>
</comments></div></body>
        </text>
        </TEI>