<?xml version="1.0" encoding="UTF-8"?>
    <!-- <?xml-stylesheet type="text/xsl" target="../resources/MJT/myletter.xsl"?> -->
    <?xml-stylesheet type="css" target="graves.css"?>
    <?xml-model target="http://www.tei-c.org/release/xml/tei/custom/schema/relaxng/tei_all.rng" type="application/xml" schematypens="http://relaxng.org/ns/structure/1.0"?>
    <?xml-model target="http://www.tei-c.org/release/xml/tei/custom/schema/relaxng/tei_all.rng" type="application/xml"
            schematypens="http://purl.oclc.org/dsdl/schematron"?>
    <TEI xmlns="http://www.tei-c.org/ns/1.0">
       <teiHeader>
          <fileDesc>
             <titleStmt>
                <title>Письмо №* 347. A. A. Фету.</title>
             </titleStmt>
             <publicationStmt>
                <publisher>TolstoyLab</publisher>
                <date when="2015-09-14">14 September 2015</date>
             </publicationStmt>
             <sourceDesc>
                <biblStruct>
                   <analytic>
                      <author>Толстой Л.Н.</author>
                   </analytic>
                   <monogr>
                      <title level="m">Полное собрание сочинений. Том 61</title>
                      <imprint>
                         <pubPlace>Москва</pubPlace>
                         <publisher>Государственное издательство "Художественная литература"</publisher>
                         <date when="1953"/>
                      </imprint>
                   </monogr>
                   <series>
                      <title level="s">Л.Н. Толстой. Полное собрание сочинений</title>
                      <biblScope unit="vol">61</biblScope>
                   </series>
                </biblStruct>
             </sourceDesc>
          </fileDesc>
          <encodingDesc>
             <tagsDecl> </tagsDecl>
          </encodingDesc>
          <profileDesc>
             <correspDesc>
                <correspAction type="sending">
                   <persName ref="PersonList.xml#L_N_Tolstoy">Л. Н. Толстой</persName>
                   <placeName ref="PlacesListxml#PLACE">Тула.</placeName>
                   <date when="1871-08-10">1871 г. Августа 10?</date>            </correspAction>
                <correspAction type="receiving">
                   <persName ref="PersonList.xml#RECEIVER">A. A. Фету</persName>
                </correspAction>
                <correspContext>
                   <ref type="prev"></ref>
                </correspContext>
             </correspDesc>
          </profileDesc>
       </teiHeader>
       <xenoData><number type="in a volume">347</number></xenoData>

              <text xml:id="A__A__Fetu_347">
	<body><div>
		<opener index="false">
* 347. A. A. Фету.
1871 г. Августа 10? Тула.</opener>
<p rend="left">Пишу два слова из монастыря, от тетушки.<note xml:id="note1" resp="volume_editor" index="false"> Пелагея Ильинична Юшкова жила в тульском Успенском женском монастыре.</note> Я дома уж три дня, кажется, поправившись.</p>
<p rend="left">Сгораю желанием вас видеть и 12 вечером, т. е. ночью, буду вас ждать в Ясенках. —</p>
<p rend="left">До свиданья</p>
<p rend="left">5 августа. </p>
<p rend="right">Ваш Л. Толстой.</p>
<comments><p rend="Textpetit_otstup left">12-го в ночь значит по почтовому поезду в час ночи.<note xml:id="note2" resp="volume_editor" index="false"> Приписка рукой С. А. Толстой.</note></p>
<p rend="Textpetit_otstup left">Датируется на основании слов: «Я дома уж три дня, кажется, поправившись». Речь идет о возвращении из Самарской губернии, откуда Толстой приехал в Ясную Поляну 7 августа (<ref target='file:///Volume_83_avgusta6ili1872g.iyulya6_99.xml'>см. т. 83, письмо № 99</ref>). Дата Толстого «5 августа» — ошибочна.</p>
<p rend="Textpetit_otstup left"><hi>1</hi> Пелагея Ильинична Юшкова жила в тульском Успенском женском монастыре.</p>
<p rend="petit left"><hi>2</hi> Приписка рукой С. А. Толстой.</p>
</comments></div></body>
        </text>
        </TEI>
