<?xml version="1.0" encoding="UTF-8"?>
    <!-- <?xml-stylesheet type="text/xsl" target="../resources/MJT/myletter.xsl"?> -->
    <?xml-stylesheet type="css" target="graves.css"?>
    <?xml-model target="http://www.tei-c.org/release/xml/tei/custom/schema/relaxng/tei_all.rng" type="application/xml" schematypens="http://relaxng.org/ns/structure/1.0"?>
    <?xml-model target="http://www.tei-c.org/release/xml/tei/custom/schema/relaxng/tei_all.rng" type="application/xml"
            schematypens="http://purl.oclc.org/dsdl/schematron"?>
    <TEI xmlns="http://www.tei-c.org/ns/1.0">
       <teiHeader>
          <fileDesc>
             <titleStmt>
                <title>Письмо №* 9. Т. А. Ергольской.</title>
             </titleStmt>
             <publicationStmt>
                <publisher>TolstoyLab</publisher>
                <date when="2015-09-14">14 September 2015</date>
             </publicationStmt>
             <sourceDesc>
                <biblStruct>
                   <analytic>
                      <author>Толстой Л.Н.</author>
                   </analytic>
                   <monogr>
                      <title level="m">Полное собрание сочинений. Том 59</title>
                      <imprint>
                         <pubPlace>Москва</pubPlace>
                         <publisher>Государственное издательство "Художественная литература"</publisher>
                         <date when="1935"/>
                      </imprint>
                   </monogr>
                   <series>
                      <title level="s">Л.Н. Толстой. Полное собрание сочинений</title>
                      <biblScope unit="vol">59</biblScope>
                   </series>
                </biblStruct>
             </sourceDesc>
          </fileDesc>
          <encodingDesc>
             <tagsDecl> </tagsDecl>
          </encodingDesc>
          <profileDesc>
             <correspDesc>
                <correspAction type="sending">
                   <persName ref="PersonList.xml#L_N_Tolstoy">Л. Н. Толстой</persName>
                   <placeName ref="PlacesListxml#PLACE">Москва.</placeName>
                   <date when="1848-11">1848 г. Ноября</date>            </correspAction>
                <correspAction type="receiving">
                   <persName ref="PersonList.xml#RECEIVER">Т. А. Ергольской</persName>
                </correspAction>
                <correspContext>
                   <ref type="prev"></ref>
                </correspContext>
             </correspDesc>
          </profileDesc>
       </teiHeader>
       <xenoData><number type="in a volume">9</number></xenoData>

              <text xml:id="T.A.Ergolskoj_9">
	<body><div>
		<opener index="false">
* 9. Т. А. Ергольской.
1848 г. Ноября первая половина. Москва.
</opener>
<p rend="Obrashenie left">Chère tante!</p>
<p rend="left">Voilà la quatrième lettre que je vous écris sans recevoir de réponse, puisque celle que j’ai reçue de vous avec l’envoi n’était pas une réponse. Je commence à m’inqui[é]ter fort sur votre compte et sur сelui des frères, il me paraît, que si vous ne m’écrivez pas, vous si régulière, il doit y avoir une raison et cette raison ne peut être autre qu’un malheur arrivé à vous ou à quelqu’un de la famille. — Cela me tourmente sérieusement et j’espère que vous me tirerez de cette inquiétude en m’ecrivant. Je n’ai rien à vous dire ni de bon ni de mauvais sur mon compte, je ne mène ni une vie trop mondaine ni trop retiré[e], je ne m’amus[e] ni ne m’ennuie, au reste généralement on s’amuse très peu, il y a peu de bals; mais cela viendra avec les fêtes.</p>
<p rend="left">Je ne profiterai pas comme vous savez des plaisirs pendant les fêtes puisque je partirai, si je suis en vie et bonne santé le 28, c’est une raison de plus pour laquelle je voudrais savoir où vous êtes et quel est l’état de Marie, a-t-elle accouché?<note xml:id="note1" resp="volume_editor" index="false">В 1849 г. у гр. Марьи Николаевны Толстой родился сын Петр, умерший в этом же году.</note> Que fait <hi style="opdelimiter">Serge?<note xml:id="note2" resp="volume_editor" index="false">Гр. Сергей Николаевич Толстой.</note></hi><hi style="opnumber">23</hi> <hi style="npnumber">24</hi><hi style="npdelimiter">est-il</hi> content de la manière dont j’ai rempli ses comissions, a-t-il abandonné les bohémiens? J’ai renvoyé la lettre de crédit que Капыловъ<note xml:id="note3" resp="volume_editor" index="false">Копылов — тульский купец. О нем см. прим. 7 к п. № 6.</note> m’avait donné [e] pour son commissionaire ici et je n’ai pas pris l’argent qu’il m’a apporté plus tard; à cause du retard qu’il y avait mis j’avais donc ordonné au <hi>староста</hi> de vendre ce blé à Toula et de m’en envoyer le prix; mais jusqu’à présent je ne reçois ni lettre ni argent, ni de chez moi ni de Serge ce qui me fera bientôt manquer de tout; puisque je me donne pour règle de ne pas faire de nouvelles dettes, pas même à la <hi>лавочка</hi>. — Si l’intention que j’avais de jouer vous inquiète, cessez de vous inquiéter, je ne joue plus que les jeux de commerce à 2 sous arg. et je ne perds ni ne gagn[e] ce qui m’est également indifférent. J’ai été engagé pour aujourd’hui chez les Diakoffs<note xml:id="note4" resp="volume_editor" index="false">Сын отставного полковника (в 1837 г.) Алексея Николаевича Дьякова (1790—1837) и его первой жены Ирины Дмитриевны, рожд. Полторацкой (ум. в 1824 г.), Дмитрий Алексеевич Дьяков (1823—1891), с которым подружился Толстой в Казани, жил в это время в Москве с мачехой (третьей женой его отца) Елизаветой Алексеевной Дьяковой, рожд. Окуловой (1806—1886), в молодости славившейся в московском обществе пением, знакомой Пушкина, и тремя сестрами, дочерьми его отца от второй жены, Марьи Ивановны, рожд. бар. Дальгейм (ум. 22 мая 1833 г.) — Марьей Алексеевной (р. 3 октября 1830 г., ум. 10 января 1889 г.), в 1849 г. вышедшей замуж за Сергея Михайловича Сухотина (1818—1886) (см. о нем прим. 10 к п. № 61), Александрой Алексеевной (р. 1831 г., ум. 8 декабря 1890 г.), в 1853 г. вышедшей замуж за кн. Андрея Васильевича Оболенского (1825—1875), и Елизаветой Алексеевной (р. 22 мая 1833 г., ум. 25 июля 1875 г.), в 1858? г. вышедшей замуж за поэта Алексея Михайловича Жемчужникова (1821—1908). О Д. А. Дьякове см. в 60 томе.</note> et j’y ai diné très agréablement, c’est une charmante famille mais c’est dommage que les demoiselles de jolies qu’elles étaient sont devenues toutes laides.</p>
<p rend="left">Adieu, je baise vos mains et au revoir.</p>
<p rend="Obrashenie petit left">Дорогая тетенька!</p>
<p rend="petit left">Вот уже четвертое письмо, что я вам пишу, не получая ответа, так как полученное с посылкой было не ответное. Начинаю сильно беспокоиться о вас и о братьях. Думаю, что ежели вы, такая аккуратная, не пишете, значит есть на то причина, а причиной может быть только какое-нибудь несчастье, постигшее вас или кого-нибудь из семьи. Меня это сильно мучает, и я надеюсь, что вы успокоите меня скорым письмом. О себе ничего не могу сообщить вам, ни хорошего, ни дурного; мой образ жизни не чересчур светский и не уединенный, не веселюсь и не скучаю; впрочем здесь вообще мало веселятся, и балы редки. Удовольствия наступят с праздниками. — В них я не приму участия, — как вам известно; ежели буду жив и здоров, я уеду 28 и тем более мне необходимо знать, где вы и в каком положении Машенька, разрешилась ли она?<note xml:id="note5" resp="volume_editor" index="false">В 1849 г. у гр. Марьи Николаевны Толстой родился сын Петр, умерший в этом же году.</note> Что поделывает Сережа,<note xml:id="note6" resp="volume_editor" index="false">Гр. Сергей Николаевич Толстой.</note> доволен ли он тем, как я исполнил его поручение, бросил ли он цыган? Я отослал доверенность, полученную от * Копылова *<note xml:id="note7" resp="volume_editor" index="false">Копылов — тульский купец. О нем см. прим. 7 к п. № 6.</note> для его здешнего комиссионера, и не взял денег, принесенных мне позже. По случаю этой задержки я приказал * <hi>старосте</hi> * продать хлеб в Туле, известив меня о цене. Однако ж до сих пор не получаю ни письма, ни денег, ни своих, ни от Сережи и поэтому скоро я буду нуждаться в самом необходимом, так как я поставил себе за правило больше не должать, даже в* <hi>лавочке</hi>*. Ежели намерение мое играть вас беспокоит, перестаньте беспокоиться — играю я только в коммерческие игры по 2 коп. очко; не выигрываю и не проигрываю, к чему я впрочем одинаково равнодушен. Сегодня был зван к Дьяковым<note xml:id="note8" resp="volume_editor" index="false">Сын отставного полковника (в 1837 г.) Алексея Николаевича Дьякова (1790—1837) и его первой жены Ирины Дмитриевны, рожд. Полторацкой (ум. в 1824 г.), Дмитрий Алексеевич Дьяков (1823—1891), с которым подружился Толстой в Казани, жил в это время в Москве с мачехой (третьей женой его отца) Елизаветой Алексеевной Дьяковой, рожд. Окуловой (1806—1886), в молодости славившейся в московском обществе пением, знакомой Пушкина, и тремя сестрами, дочерьми его отца от второй жены, Марьи Ивановны, рожд. бар. Дальгейм (ум. 22 мая 1833 г.) — Марьей Алексеевной (р. 3 октября 1830 г., ум. 10 января 1889 г.), в 1849 г. вышедшей замуж за Сергея Михайловича Сухотина (1818—1886) (см. о нем прим. 10 к п. № 61), Александрой Алексеевной (р. 1831 г., ум. 8 декабря 1890 г.), в 1853 г. вышедшей замуж за кн. Андрея Васильевича Оболенского (1825—1875), и Елизаветой Алексеевной (р. 22 мая 1833 г., ум. 25 июля 1875 г.), в 1858? г. вышедшей замуж за поэта Алексея Михайловича Жемчужникова (1821—1908). О Д. А. Дьякове см. в 60 томе.</note> и приятно у них отобедал. Это прелестная семья; жаль только, что все барышни из хорошеньких стали дурными собой.</p>
<p rend="petit left">Прощайте, целую ваши руки и до <hi style="opdelimiter">свиданья.</hi><hi style="opnumber">24</hi></p>
<comments><p rend="Textpetit_otstup left"><hi style="npnumber">25</hi><hi style="npdelimiter">Печатается</hi> по автографу, хранящемуся в АТБ. Публикуется впервые. Датируется на основании содержания: пишет в четвертый раз и 28-го «до праздников» хочет уехать.</p>
<p rend="Textpetit_otstup left"><hi>1 </hi>В 1849 г. у гр. Марьи Николаевны Толстой родился сын Петр, умерший в этом же году.</p>
<p rend="petit left"><hi>2 </hi>Гр. Сергей Николаевич Толстой.</p>
<p rend="petit left"><hi>3 </hi>Копылов — тульский купец. О нем см. прим. 7 к п. № 6.</p>
<p rend="petit left"><hi>4 </hi>Сын отставного полковника (в 1837 г.) Алексея Николаевича Дьякова (1790—1837) и его первой жены Ирины Дмитриевны, рожд. Полторацкой (ум. в 1824 г.), Дмитрий Алексеевич Дьяков (1823—1891), с которым подружился Толстой в Казани, жил в это время в Москве с мачехой (третьей женой его отца) Елизаветой Алексеевной Дьяковой, рожд. Окуловой (1806—1886), в молодости славившейся в московском обществе пением, знакомой Пушкина, и тремя сестрами, дочерьми его отца от второй жены, Марьи Ивановны, рожд. бар. Дальгейм (ум. 22 мая 1833 г.) — Марьей Алексеевной (р. 3 октября 1830 г., ум. 10 января 1889 г.), в 1849 г. вышедшей замуж за Сергея Михайловича Сухотина (1818—1886) (см. о нем прим. 10 к п. № 61), Александрой Алексеевной (р. 1831 г., ум. 8 декабря 1890 г.), в 1853 г. вышедшей замуж за кн. Андрея Васильевича Оболенского (1825—1875), и Елизаветой Алексеевной (р. 22 мая 1833 г., ум. 25 июля 1875 г.), в 1858? г. вышедшей замуж за поэта Алексея Михайловича Жемчужникова (1821—1908). О Д. А. Дьякове см. в 60 томе.</p>
</comments></div></body>
        </text>
        </TEI>