<?xml version="1.0" encoding="UTF-8"?>
    <!-- <?xml-stylesheet type="text/xsl" target="../resources/MJT/myletter.xsl"?> -->
    <?xml-stylesheet type="css" target="graves.css"?>
    <?xml-model target="http://www.tei-c.org/release/xml/tei/custom/schema/relaxng/tei_all.rng" type="application/xml" schematypens="http://relaxng.org/ns/structure/1.0"?>
    <?xml-model target="http://www.tei-c.org/release/xml/tei/custom/schema/relaxng/tei_all.rng" type="application/xml"
            schematypens="http://purl.oclc.org/dsdl/schematron"?>
    <TEI xmlns="http://www.tei-c.org/ns/1.0">
       <teiHeader>
          <fileDesc>
             <titleStmt>
                <title>Письмо №80. T. A. Ергольской.</title>
             </titleStmt>
             <publicationStmt>
                <publisher>TolstoyLab</publisher>
                <date when="2015-09-14">14 September 2015</date>
             </publicationStmt>
             <sourceDesc>
                <biblStruct>
                   <analytic>
                      <author>Толстой Л.Н.</author>
                   </analytic>
                   <monogr>
                      <title level="m">Полное собрание сочинений. Том 60</title>
                      <imprint>
                         <pubPlace>Москва</pubPlace>
                         <publisher>Государственное издательство "Художественная литература"</publisher>
                         <date when="1949"/>
                      </imprint>
                   </monogr>
                   <series>
                      <title level="s">Л.Н. Толстой. Полное собрание сочинений</title>
                      <biblScope unit="vol">60</biblScope>
                   </series>
                </biblStruct>
             </sourceDesc>
          </fileDesc>
          <encodingDesc>
             <tagsDecl> </tagsDecl>
          </encodingDesc>
          <profileDesc>
             <correspDesc>
                <correspAction type="sending">
                   <persName ref="PersonList.xml#L_N_Tolstoy">Л. Н. Толстой</persName>
                   <placeName ref="PlacesListxml#PLACE">Люцерн.</placeName>
                   <date when="1857-06-26">1857 г. Июня 26</date>            </correspAction>
                <correspAction type="receiving">
                   <persName ref="PersonList.xml#RECEIVER">T. A. Ергольской</persName>
                </correspAction>
                <correspContext>
                   <ref type="prev"></ref>
                </correspContext>
             </correspDesc>
          </profileDesc>
       </teiHeader>
       <xenoData><number type="in a volume">80</number></xenoData>

              <text xml:id="T.A.Ergolskoj_80">
	<body><div>
		<opener index="false">
80. T. A. Ергольской.
1857 г. Июня 26/июля 8. Люцерн.</opener>
<p rend="right">8 Juillet. Luzerne.</p>
<p rend="left">Je crois vous avoir écrit, chère tante, que je suis parti de Clarens, avec l’intention d’entreprendre un assez grand voyage par le nord de la Suisse le Rhin, et la Hollande en Angleterre. De là je compte de nouveau passer par la France et Paris et ou mois d’Août passer quelque temps à Rome et Naples. Si je supporte les trajets sur mer, ce que je verrais à mon passage de la Haye à Londres je crois revenir par la Méditerranée, Constantinople, la mer Noire et Odessa.<note xml:id="note1" resp="volume_editor" index="false"> О том, какой маршрут предпринял Толстой для возвращения в Россию, см. прим. 6 к п. №79.</note> — Mais tout cela ne sont que des plans, que je ne réaliserais peut-être pas, à cause de mon humeur changeante que vous me reprochez avec raison, chère tante. Je suis arrivé à Luzerne — c’est une ville au nord de le Suisse pas loin du Rhin et déjà je retarde mon voyage pour pouvoir passer quelques jours dans cette délicieuse petite ville. Dans tous les cas dans un mois ou tout au plus six semaines je crois être à Paris, où j’ai donné rendez-vous à plusieurs amis et où j’ai fait adresser mes lettres. Si Marie me répond à Paris en acceptant ma proposition je pourrais remettre mon voyage en Italie et tout de suite, dans 6 jours après la réception de sa lettre être à Ясное et Покровское. — Je suis de nouveau tout à fait seul, et je vous avouerais que très souvent la solitude m’est penible, car les connaissances qu’on fait dans le hôtels et les chemins de fers, ne sont pas des ressources; mais cet isolement a du moins le bon côté de me pousser au travail. Je travaille un peu; mais cela va mal comme d’ordinaire en été. Ma santé n’est pas mauvaise, mais aissi elle n’est pas tout-à fait bonne. A cause des grandes chaleurs et des voyages continuels que j’ai fait j’ai eu des maux de tête и приливы крови; mais depuis que j’ai céssé de boir du vin du thé, du café et que je mange moins de viande, je me sens bien. Право, этот шут Троицкой<note xml:id="note2" resp="volume_editor" index="false"> Тульский врач А. Троицкий.</note> — славный доктор, всё, что он мне <hi style="opdelimiter">говорил,</hi><hi style="opnumber">197</hi> <hi style="npnumber">198</hi><hi style="npdelimiter">правда,</hi> даже зейдлицкие порошки его я снова стал пить. Одно у меня осталось неприятная вещь — это расширение жил в ногах, которые я натрудил усиленными походами по горам и в жар. — Que vous dirais-je encore, chère tante, de mon état physique et moral? Si je ne sentais pas que les voyages me sont utiles sous beaucoup de rapports, et que je ne perds pas mon temps ici, il y a un mois, que je sera revenu en Russie.<note xml:id="note3" resp="volume_editor" index="false"> [Что же вам еще сказать, дорогая тетенька, о своем физическом и нравственном состоянии? Ежели бы я не сознавал, что мое путешествие мне полезно во многих отношениях и что я не теряю здесь времени, я вернулся бы в Россию уже месяц тому назад.]</note> В гостях хорошо, a дома лучше, особенно уж в мои года и так и тянет домой к вам под крылышко. Но уж так как я здесь и положил себе до осени ездить и деньги есть, то хочу воспользоваться сколько можно. — Adieu, chère tante, je baise mille fois vos mains et attends des lettres de vous à Paris, poste restante.<note xml:id="note4" resp="volume_editor" index="false"> [Прощайте, дорогая тетенька, целую тысячу раз ваши ручки и жду ваших писем в Париж — до востребования.]</note> Разумеется, обнимаю Сережу. Когда он мне не пишет долго, мне всё кажется, что он делает мутные глаза и язвительно трунит надо мной за что-нибудь. Тем более, что я нередко подаю поводы к тому. <hi>Пустяшный малый</hi>. Что Николинька? Его лень писать сначала была забавна, потом стало досадно, а теперь просто становится горько и грустно. Как в самом деле, оба любим друг друга, хотели бы быть вместе, и года проходят, что мы даже вести друг о друге не получаем.</p>
<p rend="left">Наташа! Уи!</p>
<p rend="petit right">8 Июля. Люцерн.</p>
<comments><p rend="Textpetit_otstup left">Кажется, я писал вам, дорогая тетенька, что я уехал из Кларана, намереваясь предпринять довольно большое путешествие по северной Швейцарии, по Рейну и из Голландии в Англию. Оттуда собираюсь опять проехать через Францию, Париж и в конце августа провести некоторое время в Риме и Неаполе. Ежели я перенесу хорошо путешествие по морю, что увижу по переезду из Гааги в Лондон, то думаю вернуться через Средиземное море, Константинополь, Черное море и Одессу.<note xml:id="note5" resp="volume_editor" index="false"> О том, какой маршрут предпринял Толстой для возвращения в Россию, см. прим. 6 к п. №79.</note> — Однако всё это только планы, которые я, возможно, и не выполню по переменчивости нрава, за который вы меня справедливо укоряете, дорогая тетенька. Я приехал в Люцерн — город в северной Швейцарии, недалеко от Рейна, и уже откладываю свое путешествие, чтобы провести несколько дней в этом очаровательном маленьком городке. Во всяком случае через месяц, и самое большее через шесть недель, я буду в Париже, где назначил свидание с несколькими приятелями и куда просил адресовать мне письма. Ежели Машенька ответит мне в Париж, принимая мое предложение, я отложу поездку в Италию и тотчас, 6 дней спустя по получении ее письма, могу быть в Ясном и Покровском. — Я опять в полном одиночестве и сознаюсь, что временами мне это тяжело; знакомства в гостиницах и по железной дороге не идут в счет; но одиночество имеет ту хорошую сторону, что толкает меня на работу. Я занимаюсь понемногу, но, как обычно, летом плохо идет. Здоровье мое неплохо, но и не совсем хорошо; из-за <hi style="opdelimiter">большой</hi><hi style="opnumber">198</hi> <hi style="npnumber">199</hi><hi style="npdelimiter">жары</hi> и постоянных переездов у меня головные боли и приливы крови; однако с тех пор, как я перестал пить вино, чай, кофе и меньше ем мяса, чувствую себя хорошо. [<hi>Далее см</hi>. <hi>русский текст письма.</hi>]</p>
<p rend="Textpetit_otstup left">Впервые полностью напечатано (только в переводе) в Бир. XXI, стр. 153—154.</p>
<p rend="Textpetit_otstup left"><hi>1</hi> О том, какой маршрут предпринял Толстой для возвращения в Россию, см. прим. 6 к п. №79.</p>
<p rend="petit left"><hi>2</hi> Тульский врач А. Троицкий.</p>
<p rend="petit left"><hi>3</hi> [Что же вам еще сказать, дорогая тетенька, о своем физическом и нравственном состоянии? Ежели бы я не сознавал, что мое путешествие мне полезно во многих отношениях и что я не теряю здесь времени, я вернулся бы в Россию уже месяц тому назад.]</p>
<p rend="petit left"><hi>4</hi> [Прощайте, дорогая тетенька, целую тысячу раз ваши ручки и жду ваших писем в Париж — до востребования.]</p>
<p rend="petit left">На это письмо Т. А. Ергольская ответила Толстому письмом от 16 июля 1857 г., в котором сообщала о семейной драме его сестры М. Н. Толстой.</p>
<p rend="petit left">Узнав о разводе Марьи Николаевны с мужем из не дошедшего до нас письма С. Н. Толстого, Толстой записал в Дневнике под 20 июля/1 августа: «Получил письмо от Сережи. Маша разъехалась с В[алерианом]. Эта новость задушила меня» (т. 47, стр. 148).</p>
</comments></div></body>
        </text>
        </TEI>
