<?xml version="1.0" encoding="UTF-8"?>
    <!-- <?xml-stylesheet type="text/xsl" target="../resources/MJT/myletter.xsl"?> -->
    <?xml-stylesheet type="css" target="graves.css"?>
    <?xml-model target="http://www.tei-c.org/release/xml/tei/custom/schema/relaxng/tei_all.rng" type="application/xml" schematypens="http://relaxng.org/ns/structure/1.0"?>
    <?xml-model target="http://www.tei-c.org/release/xml/tei/custom/schema/relaxng/tei_all.rng" type="application/xml"
            schematypens="http://purl.oclc.org/dsdl/schematron"?>
    <TEI xmlns="http://www.tei-c.org/ns/1.0">
       <teiHeader>
          <fileDesc>
             <titleStmt>
                <title>Письмо №117. А. А. Фету.</title>
             </titleStmt>
             <publicationStmt>
                <publisher>TolstoyLab</publisher>
                <date when="2015-09-14">14 September 2015</date>
             </publicationStmt>
             <sourceDesc>
                <biblStruct>
                   <analytic>
                      <author>Толстой Л.Н.</author>
                   </analytic>
                   <monogr>
                      <title level="m">Полное собрание сочинений. Том 60</title>
                      <imprint>
                         <pubPlace>Москва</pubPlace>
                         <publisher>Государственное издательство "Художественная литература"</publisher>
                         <date when="1949"/>
                      </imprint>
                   </monogr>
                   <series>
                      <title level="s">Л.Н. Толстой. Полное собрание сочинений</title>
                      <biblScope unit="vol">60</biblScope>
                   </series>
                </biblStruct>
				<bibl>Впервые опубликовано А. А. Фетом в «Моих воспоминаниях», I, стр. 243.</bibl>
             </sourceDesc>
          </fileDesc>
          <encodingDesc>
             <tagsDecl> </tagsDecl>
          </encodingDesc>
          <profileDesc>
             <correspDesc>
                <correspAction type="sending">
                   <persName ref="PersonList.xml#L_N_Tolstoy">Л. Н. Толстой</persName>
                   <placeName ref="PlacesListxml#PLACE">Я. П.</placeName>
                   <date when="1858-05-16">1858 г. Мая 16.</date>            </correspAction>
                <correspAction type="receiving">
                   <persName ref="PersonList.xml#RECEIVER">А. А. Фету</persName>
                </correspAction>
                <correspContext>
                   <ref type="prev"></ref>
                </correspContext>
             </correspDesc>
          </profileDesc>
       </teiHeader>
       <xenoData><number type="in a volume">117</number></xenoData>

              <text xml:id="A.A.Fetu_117">
	<body><div>
		<opener index="false">
117. А. А. Фету.
1858 г. Мая 16. Я. П.</opener>
<p rend="left">Ау! Дядинька! Ауу! Во-первых, сами не отзоветесь ничем, когда весна и знаете, что все о вас думают и что я, как какой-то Бог, прицеплен к скале и все-таки алкаю вас видеть и слышать. Или бы приехали, или хоть позвали бы к себе хорошенько. А во-вторых — зажилили брата; и очень хорошего брата, по прозвищу Фирдуси.<note xml:id="note1" resp="volume_editor" index="false"> Фирдуси — прозвище H. Н. Толстого. См. А. А. Фет, «Мои воспоминания», I, стр. 325.</note> Главная тут преступница, я <hi style="opdelimiter">думаю,</hi><hi style="opnumber">270</hi> <hi style="npnumber">271</hi><hi style="npdelimiter">М[арья]</hi> П[етровна], кот[орой] очень, очень кланяюсь и прошу возвратить собственного нашего брата. Без шуток, он велел сказать, что на той неделе будет; Дружинин тоже будет. Приезжайте и вы, голубчик дядинька. Право, а потом уж и в Козюлькино.<note xml:id="note2" resp="volume_editor" index="false"> Козюлькино — первоначальное название имения Шеншиных Новоселки, по близ лежащей деревни Козюлькино.</note> — И[вану] П[етровичу] и Н[адежде] А[фанасьевне]<note xml:id="note3" resp="volume_editor" index="false"> Борисовым.</note> душевный поклон и до свиданья.</p>
<p rend="right">Ваш Л. Толстой.</p>
<p rend="left">16 Мая.</p>
<comments><p rend="Textpetit_otstup left">Впервые опубликовано А. А. Фетом в «Моих воспоминаниях», I, стр. 243.</p>
<p rend="Textpetit_otstup left"><hi>1</hi> Фирдуси — прозвище H. Н. Толстого. См. А. А. Фет, «Мои воспоминания», I, стр. 325.</p>
<p rend="petit left"><hi>2</hi> Козюлькино — первоначальное название имения Шеншиных Новоселки, по близ лежащей деревни Козюлькино.</p>
<p rend="petit left"><hi>3</hi> Борисовым.</p>
</comments></div></body>
        </text>
        </TEI>