<?xml version="1.0" encoding="UTF-8"?>
    <!-- <?xml-stylesheet type="text/xsl" target="../resources/MJT/myletter.xsl"?> -->
    <?xml-stylesheet type="css" target="graves.css"?>
    <?xml-model target="http://www.tei-c.org/release/xml/tei/custom/schema/relaxng/tei_all.rng" type="application/xml" schematypens="http://relaxng.org/ns/structure/1.0"?>
    <?xml-model target="http://www.tei-c.org/release/xml/tei/custom/schema/relaxng/tei_all.rng" type="application/xml"
            schematypens="http://purl.oclc.org/dsdl/schematron"?>
    <TEI xmlns="http://www.tei-c.org/ns/1.0">
       <teiHeader>
          <fileDesc>
             <titleStmt>
                <title>Письмо №* 35. Гр. С. Н. Толстому.</title>
             </titleStmt>
             <publicationStmt>
                <publisher>TolstoyLab</publisher>
                <date when="2015-09-14">14 September 2015</date>
             </publicationStmt>
             <sourceDesc>
                <biblStruct>
                   <analytic>
                      <author>Толстой Л.Н.</author>
                   </analytic>
                   <monogr>
                      <title level="m">Полное собрание сочинений. Том 60</title>
                      <imprint>
                         <pubPlace>Москва</pubPlace>
                         <publisher>Государственное издательство "Художественная литература"</publisher>
                         <date when="1949"/>
                      </imprint>
                   </monogr>
                   <series>
                      <title level="s">Л.Н. Толстой. Полное собрание сочинений</title>
                      <biblScope unit="vol">60</biblScope>
                   </series>
                </biblStruct>
             </sourceDesc>
          </fileDesc>
          <encodingDesc>
             <tagsDecl> </tagsDecl>
          </encodingDesc>
          <profileDesc>
             <correspDesc>
                <correspAction type="sending">
                   <persName ref="PersonList.xml#L_N_Tolstoy">Л. Н. Толстой</persName>
                   <placeName ref="PlacesListxml#PLACE">Петербург.</placeName>
                   <date when="1856-11-10">1856 г. Ноября 10.</date>            </correspAction>
                <correspAction type="receiving">
                   <persName ref="PersonList.xml#RECEIVER">Гр. С. Н. Толстому</persName>
                </correspAction>
                <correspContext>
                   <ref type="prev"></ref>
                </correspContext>
             </correspDesc>
          </profileDesc>
       </teiHeader>
       <xenoData><number type="in a volume">35</number></xenoData>

              <text xml:id="gr.S.N.Tolstomu_35">
	<body><div>
		<opener index="false">
* 35. Гр. С. Н. Толстому.
1856 г. Ноября 10. Петербург.</opener>
<p rend="left">Извини, любезный друг Сережа, что пишу два слова — всё некогда. — Мне всё неудача с моего отъезда, никого нет здесь, кого я люблю. В От[ечественных] З[аписках], говорят, обругали меня за В[оенные] Р[ассказы],<note xml:id="note1" resp="volume_editor" index="false"> В № 11 «Отечественных записок» 1856 г. (отд. III, стр. 11—18) появилась статья С. С. Дудышкина о «Военных рассказах Толстого». Критик находил рассказы однообразными и наблюдения Толстого — поверхностными.</note> я еще не читал, но, главное, Константинов<note xml:id="note2" resp="volume_editor" index="false"> К. И. Константинов.</note> объявил мне, только что я приехал, что Вел. Князь Михаил<note xml:id="note3" resp="volume_editor" index="false"> Вел. кн. Михаил Николаевич (1832—1909) — четвертый сын Николая I.</note>, узнав, что я, будто бы, сочинил песню, недоволен особенно тем, что, будто бы, я учил ее солдат. Это грустно, я объяснялся по этому случаю с Нач[альником] Штаба.<note xml:id="note4" resp="volume_editor" index="false"> Толстой ездил объясняться по поводу песни «Как четвертого числа» не с начальником штаба, как сказано в письме, а с помощником начальника, которым в то время был Алексей Абрамович Якимах (см. Дневник, т. 47, стр. 98 и 368).</note> — Хорошо только то, что здоровье мое хорошо, и что Шипулинской<note xml:id="note5" resp="volume_editor" index="false">Павел Дмитриевич Шипулинский (1808—1872) — петербургский врач. В 1848—1864 гг. был ординарным профессором терапевтической клиники Медико-хирургической академии. Шипулинский постоянно лечил Некрасова, через которого и обратился к нему Толстой.</note> сказал, что у меня грудь здоровешенька. Тет[еньке] целую ручки. —</p>
<p rend="right rightindent">Твой друг и брат </p>
<p rend="right">Гр. Л. Толстой.</p>
<p rend="left">Книги идут плохо. Продано и тех и других экземпляров 900. —</p>
<p rend="left">10 Nоября.</p>
<p rend="left">Вели сказать старосте моему, чтобы он не торопился продавать дрова.</p>
<comments><p rend="Textpetit_otstup left">Отрывки из письма впервые напечатаны в Б. I, 1, 1906, стр. 295—296, и в ПТС, I, стр. 54—55.</p>
<p rend="Textpetit_otstup left"><hi>1</hi> В № 11 «Отечественных записок» 1856 г. (отд. III, стр. 11—18) появилась статья С. С. Дудышкина о «Военных рассказах Толстого». Критик находил рассказы однообразными и наблюдения Толстого — поверхностными.</p>
<p rend="petit left"><hi>2</hi> К. И. Константинов.</p>
<p rend="petit left"><hi>3</hi> Вел. кн. Михаил Николаевич (1832—1909) — четвертый сын Николая I.</p>
<p rend="petit left">«Песня», о которой говорит Толстой в этом письме, это песня, сочиненная в Севастополе кружком офицеров, во главе с Толстым, <hi style="opdelimiter">собиравшихся</hi><hi style="opnumber">107</hi> <hi style="npnumber">108</hi><hi style="npdelimiter">у</hi> начальника штаба артиллерии Н. А. Крыжановского, о сражении 4 августа 1855 г. «Как четвертого числа» (см. т. 4, стр. 307—308).</p>
<p rend="petit left"><hi>4</hi> Толстой ездил объясняться по поводу песни «Как четвертого числа» не с начальником штаба, как сказано в письме, а с помощником начальника, которым в то время был Алексей Абрамович Якимах (см. Дневник, т. 47, стр. 98 и 368).</p>
<p rend="petit left"><hi>5 </hi>Павел Дмитриевич Шипулинский (1808—1872) — петербургский врач. В 1848—1864 гг. был ординарным профессором терапевтической клиники Медико-хирургической академии. Шипулинский постоянно лечил Некрасова, через которого и обратился к нему Толстой.</p>
</comments></div></body>
        </text>
        </TEI>