<?xml version="1.0" encoding="UTF-8"?>
    <!-- <?xml-stylesheet type="text/xsl" target="../resources/MJT/myletter.xsl"?> -->
    <?xml-stylesheet type="css" target="graves.css"?>
    <?xml-model target="http://www.tei-c.org/release/xml/tei/custom/schema/relaxng/tei_all.rng" type="application/xml" schematypens="http://relaxng.org/ns/structure/1.0"?>
    <?xml-model target="http://www.tei-c.org/release/xml/tei/custom/schema/relaxng/tei_all.rng" type="application/xml"
            schematypens="http://purl.oclc.org/dsdl/schematron"?>
    <TEI xmlns="http://www.tei-c.org/ns/1.0">
       <teiHeader>
          <fileDesc>
             <titleStmt>
                <title>Письмо №* 295. В Тульское губернское по крестьянским делам присутствие.</title>
             </titleStmt>
             <publicationStmt>
                <publisher>TolstoyLab</publisher>
                <date when="2015-09-14">14 September 2015</date>
             </publicationStmt>
             <sourceDesc>
                <biblStruct>
                   <analytic>
                      <author>Толстой Л.Н.</author>
                   </analytic>
                   <monogr>
                      <title level="m">Полное собрание сочинений. Том 60</title>
                      <imprint>
                         <pubPlace>Москва</pubPlace>
                         <publisher>Государственное издательство "Художественная литература"</publisher>
                         <date when="1949"/>
                      </imprint>
                   </monogr>
                   <series>
                      <title level="s">Л.Н. Толстой. Полное собрание сочинений</title>
                      <biblScope unit="vol">60</biblScope>
                   </series>
                </biblStruct>
             </sourceDesc>
          </fileDesc>
          <encodingDesc>
             <tagsDecl> </tagsDecl>
          </encodingDesc>
          <profileDesc>
             <correspDesc>
                <correspAction type="sending">
                   <persName ref="PersonList.xml#L_N_Tolstoy">Л. Н. Толстой</persName>
                   <placeName ref="PlacesListxml#PLACE">Я. П.</placeName>
                   <date when="1861-11-08">1861 г. Ноября 8.</date>            </correspAction>
                <correspAction type="receiving">
                   <persName ref="PersonList.xml#RECEIVER">В Тульское губернское по крестьянским делам присутствие</persName>
                </correspAction>
                <correspContext>
                   <ref type="prev"></ref>
                </correspContext>
             </correspDesc>
          </profileDesc>
       </teiHeader>
       <xenoData><number type="in a volume">295</number></xenoData>

              <text xml:id="VTulskoegubernskoepokrestyanskimdelamprisutstvie_295">
	<body><div>
		<opener index="false">
* 295. В Тульское губернское по крестьянским делам присутствие. Непосланное.
1861 г. Ноября 8. Я. П.</opener>
<lb/>
<p rend="center">М. В. Д.</p>
<p rend="center">Мирового посредника</p>
<p rend="center">IV участка</p>
<p rend="center">Крапивенского уезда.</p>
<p rend="center">Ноября 8 дня 1861 года.</p>
<p rend="center">№ 354.</p>
<lb/>
<lb/>
<p rend="center">В Тульское Губернское</p>
<p rend="center">по крестьянским делам</p>
<p rend="center">Присутствие.</p>
<p rend="left">В прошедшем Августе месяце 16 числа лично объяснено мною Губернскому по крестьянским делам Присутствию, <hi style="opdelimiter">что</hi><hi style="opnumber">495</hi> <hi style="npnumber">496</hi><hi style="npdelimiter">я</hi> не считаю возможным участвовать в Крапивенском Мировом Съезде, и предложен вопрос, имеет ли Посредник право никогда не бывать на Мировом Съезде? Мне было отвечено, что хотя Посредник и не обязан постоянно посещать Мировой Съезд, но официально заявлять этого не имеет права.</p>
<p rend="left">Так как мое непосещение Мирового съезда не случайно и не временно, а имеет основанием убеждение мое в бесполезности моего участия в Мировом Съезде, то я вновь то же заявляю и предлагаю тот же вопрос Тульскому Губернскому по крестьянским делам Присутствию с объяснением причин, по которым я уклоняюсь от сей обязанности. В прошлом июле месяце, в присутствии Крапивенского Мирового съезда, о деле Г-на Осипович, состоялось одно постановление, или вовсе никакого, так как мнения всех членов не были ясно формулированы, в отсутствие же мое состоялось другое постановление, совершенно различное от первого, или от тех суждений, которые были выражены Г.г. членами в моем присутствии. Второе постановление записано в журнале неизвестно когда и приведено в исполнение через Земскую Полицию без моего ведома. Об этом случае было мною тогда представлено в Губернское по крестьянским делам Присутствие, с требованием назначения следствия об этом деле; но на представление мое получен ответ только о том, что Мировой Съезд должен уведомлять Мировых Посредников о приведении в исполнение тех постановлений, которые состоялись в их отсутствии. Так как нет основания предполагать, чтобы и во всех будущих совещаниях Мирового Съезда, в случае несогласия одного из членов, постановления большинства не могло бы состояться тем же путем, так как я до сих пор на Крапивенском Мировом Съезде один всегда был мнения противуположного мнениям всех других членов и так как представление мое в Тульское Губернское по крестьянским делам Присутствие осталось без последствий, то и участие мое на Мировом Съезде оказывается совершенно бесполезным и только опасным для моей чести. Вот причины, по которым я не езжу и не намерен ездить на Мировой Съезд.</p>
<p rend="left">Просьба же моя в Губернское по крестьянским делам Присутствие состоит в следующем: 1, или на основании моего заявления о намеренном уклонении от обязанностей члена Мирового Съезда, представить высшим властям об <hi style="opdelimiter">увольнении</hi><hi style="opnumber">496</hi> <hi style="npnumber">497</hi><hi style="npdelimiter">меня</hi> от должности; 2, или разрешить мне не участвовать на Мировом Съезде; 3, или произвести следствие о справедливости представляемых мною причин невозможности участвовать в Мировом Съезде и о виновных мне или членам Мирового Съезда представить в Сенат для предания суду; 4, или уведомить меня, на каком основании настоящее представление мое будет оставлено без последствий.</p>
<p rend="right">Мировой Посредник Гр. Л. Толстой.</p>
<comments><p rend="Textpetit_otstup left">Настоящая бумага написана писарской рукой на бланке и только подпись: «Гр. Л. Толстой» сделана рукой Толстого. Судя по тому, что бумага эта сохранилась в архиве Толстого, видно, что она не была отправлена по назначению.</p>
</comments></div></body>
        </text>
        </TEI>
