<?xml version="1.0" encoding="UTF-8"?>
    <!-- <?xml-stylesheet type="text/xsl" target="../resources/MJT/myletter.xsl"?> -->
    <?xml-stylesheet type="css" target="graves.css"?>
    <?xml-model target="http://www.tei-c.org/release/xml/tei/custom/schema/relaxng/tei_all.rng" type="application/xml" schematypens="http://relaxng.org/ns/structure/1.0"?>
    <?xml-model target="http://www.tei-c.org/release/xml/tei/custom/schema/relaxng/tei_all.rng" type="application/xml"
            schematypens="http://purl.oclc.org/dsdl/schematron"?>
    <TEI xmlns="http://www.tei-c.org/ns/1.0">
       <teiHeader>
          <fileDesc>
             <titleStmt>
                <title>Письмо №248. Гр. А. А. Толстой.</title>
             </titleStmt>
             <publicationStmt>
                <publisher>TolstoyLab</publisher>
                <date when="2015-09-14">14 September 2015</date>
             </publicationStmt>
             <sourceDesc>
                <biblStruct>
                   <analytic>
                      <author>Толстой Л.Н.</author>
                   </analytic>
                   <monogr>
                      <title level="m">Полное собрание сочинений. Том 60</title>
                      <imprint>
                         <pubPlace>Москва</pubPlace>
                         <publisher>Государственное издательство "Художественная литература"</publisher>
                         <date when="1949"/>
                      </imprint>
                   </monogr>
                   <series>
                      <title level="s">Л.Н. Толстой. Полное собрание сочинений</title>
                      <biblScope unit="vol">60</biblScope>
                   </series>
                </biblStruct>
             </sourceDesc>
          </fileDesc>
          <encodingDesc>
             <tagsDecl> </tagsDecl>
          </encodingDesc>
          <profileDesc>
             <correspDesc>
                <correspAction type="sending">
                   <persName ref="PersonList.xml#L_N_Tolstoy">Л. Н. Толстой</persName>
                   <placeName ref="PlacesListxml#PLACE">Я. П.</placeName>
                   <date when="1862-08-07">1862 г. Августа 7.</date>            </correspAction>
                <correspAction type="receiving">
                   <persName ref="PersonList.xml#RECEIVER">Гр. А. А. Толстой</persName>
                </correspAction>
                <correspContext>
                   <ref type="prev"></ref>
                </correspContext>
             </correspDesc>
          </profileDesc>
       </teiHeader>
       <xenoData><number type="in a volume">248</number></xenoData>

              <text xml:id="gr.A.A.Tolstoj_248">
	<body><div>
		<opener index="false">
248. Гр. А. А. Толстой.
1862 г. Августа 7. Я. П.</opener>
<p rend="left">Я вам писал из Москвы; я знал всё только по письму; теперь, чем дольше я в Ясной, тем больней и больней становится нанесенное оскорбление и невыносимее становится вся испорченная жизнь. Я пишу это письмо обдуманно, <hi style="opdelimiter">стараясь</hi><hi style="opnumber">435</hi> <hi style="npnumber">436</hi><hi style="npdelimiter">ничего</hi> не забыть и ничего не прибавить, с тем, чтобы вы показали его разным разбойникам Потаповым и Долгоруким, кот[орые] умышленно сеют ненависть против правительства и роняют Государя во мнении его подданных. Дела этого оставить я никак не хочу и <hi>не могу</hi>. Вся моя деятельность, в кот[орой] я нашел счастье и успокоенье, испорчена. Тетинька больна так, что не встанет. Народ смотрит на меня уж не как на честного человека, мнение, к[отор]ое я заслужил годами, а как на преступника, поджигателя или делателя фальшивой монеты, к[отор]ый только по плутоватости увернулся. «Что, брат? попался! будет тебе толковать нам об честности, справедливости; самого чуть не заковали». О помещиках, что и говорить, это стон восторга. Напишите мне, пожалуйста, поскорее, посоветовавшись с Перовским<note xml:id="note1" resp="volume_editor" index="false"> Б. А. Перовский.</note> или А. Толстым,<note xml:id="note2" resp="volume_editor" index="false"> Гр. Алексей Константинович Толстой.</note> или с кем хотите, как мне написать и как передать письмо Государю? Выхода мне нет другого, как получить такое же гласное удовлетворение, как и оскорбление (поправить дело уже невозможно), или экспатриироваться, на что я твердо решился. К Герцену я не поеду. Герцен сам по себе, я сам по себе. Я и прятаться не стану, я громко объявлю, что продаю именья, чтобы уехать из России, где нельзя знать минутой вперед, что меня, и сестру, и жену, и мать не скуют и не высекут, — я уеду.</p>
<p rend="left">Но вот в чем дело и смешно, и гадко, и зло берет. — Вы знаете, что такое была для меня школа, с тех пор, как я открыл ее, это была вся моя жизнь, это был мой монастырь, церковь, в которую я спасался и спасся от всех тревог, сомнений и искушений жизни. Я оторвался от нее для больного брата и, еще более усталый и ищущий труда и любви, вернулся домой и неожиданно получил назначение в Посредники. У меня был журнал, была школа, я не посмел отказаться перед своей совестью и в виду того ужасного, грубого и жестокого дворянства, к[отор]ое обещалось меня съесть, ежели я пойду в Посредники. Вопли против моего посредничества дошли и до вас,<note xml:id="note3" resp="volume_editor" index="false"> Повидимому, Толстой имеет в виду две жалобы на него крапивенскому уездному предводителю дворянства от дворян <hi style="opdelimiter">Крапивенского</hi><hi style="opnumber">439</hi> <hi style="npnumber">440</hi><hi style="npdelimiter">уезда,</hi> поданные в августе 1861 г. за подписями 19 дворян, и 12 ноября 1861 г., за подписями всех дворян Крапивенского уезда. Кроме того, 18 декабря 1861 г. крапивенский предводитель Щелин направил тульскому губернатору обширное письмо с обвинениями Толстого в пристрастном отношении к крестьянам в ущерб дворянским интересам (см. «Дворянское сословие Тульской губернии», т. V, часть первая. Составил дворянин Ефремовского уезда Михаил Тихонович Яблочков. Тула. 1903. Статья «Дело графа Л. Н. Толстого»). Статья имеется лишь в корректурных оттисках книги и не попала в печатный текст.</note> но я просил два раза суда и оба раза суд объявил, что я не только прав, но что и судить не в чем;<note xml:id="note4" resp="volume_editor" index="false"> Документов об этом до сих пор не обнаружено. Весьма вероятно, что они погибли.</note> но не только перед их судом, перед своей совестью я знаю, особенно последнее время, что я смягчал, слишком смягчал закон в пользу дворян. — В этот же год начались школы в участке. Я выписал студентов и, кроме всех других занятий, возился с ними. Все из 12-ти, кроме одного, оказались отличными людьми; я был так <hi style="opdelimiter">счастлив,</hi><hi style="opnumber">436</hi> <hi style="npnumber">437</hi><hi style="npdelimiter">что</hi> все согласились со мной, подчинились, не столько моему влиянию, сколько влиянию среды и деятельности. Каждый приезжал с рукописями Герцена в чемодане и революционными мыслями в голове и <hi>каждый</hi>, без исключения, через неделю сжигал свои рукописи, выбрасывал из головы революционные мысли и учил крестьянских детей священной истории, молитвам, и раздавал Евангелия читать на дом. Это факты, все 11 человек делали это без исключения и не по предписанию, а по убеждению. Я голову даю на отсечение, что во всей России в 1862 году не найдется такого 12-го студента.</p>
<p rend="left">Всё это шло год — посредничество, школа, журнал, студенты и их школы, кроме домашних и семейных дел. И всё это шло не только хорошо, но отлично. Я часто удивлялся себе, своему счастью и благодарил Бога за то, что нашлось мне дело тихое, неслышное и поглощающее меня всего. К весне я ослабел, доктор велел мне ехать на кумыс. Я вышел в отставку и только желал удержать силы на продолжение дела школ и их отраженья — журнала. Студенты всё время [моего] отсутствия вели себя так же хорошо, как и при мне; на рабочую пору они закрыли школы и жили в Ясной с тетинькой. Сестра приехала из за границы повидаться с нами и поместилась в моем кабинете. Меня ждали с дня на день. — 6-го Июля с колокольчиками и вооруженными жандармами подскакали три тройки к Ясенскому дому. Судьи и властелины мои, от кот[орых] зависела моя судьба и судьба 75-летней тетиньки и сестры и 10 молодых людей, состояли из какого-то жандармского Полковника Дурново, Крапивенского Исправника, Станового и частного Пристава — Кобеляцкого, выгнанного из какой то службы за то, что он был бит по лицу, и занимающего в Туле должность Губернаторского Меркурия. Этот самый Господин прочел все те письма, к[отор]ые читал только я и та, к[отор]ая их писала, и мой дневник, к[отор]ый никто не читал. — Они подъехали и тотчас же арестовали всех студентов. Тетинька выскочила мне на встречу — она думала, что это я, и с ней сделалась та болезнь, от к[отор]ой она и теперь страдает. Студентов обыскали везде и ничего не нашли. Ежели бы могло быть что-нибудь забавно, то забавно то, что студенты тут же, в глазах жандармов, прятали в крапиву и жгли те невинные бумаги, кот[орые] им казались опасны. Всё кажется опасным, когда вас наказывают без суда и без возможности <hi style="opdelimiter">оправдания.</hi><hi style="opnumber">437</hi></p>
<p rend="left"><hi style="npnumber">438</hi><hi style="npdelimiter">Так</hi> что ежели бы и было что-нибудь опасного, вредного, то всё бы могло быть спрятано и уничтожено. Так что вся поездка в наших глазах не имеет другой цели, кроме оскорбления и показания того, что дамоклесов меч произвола, насилия и несправедливости всегда висит над каждым. Частный Пристав и Жандарм не преминули дать почувствовать это всем в доме: они делали поучения, угрожали тем, что возьмут, требовали себе есть и лошадям корму без платы. Вооруженные жандармы ходили, кричали, ругались под окнами сестры, как в завоеванном крае. Студентам не позволяли перейти из одного дома в другой, чтоб пить чай и обедать. Ходили в подвалы, в ватер-клозет, в фотографию, в кладовые, в школы, в физический кабинет, требовали все ключи, хотели ломать, и не показали никакой бумаги, на основании которой это делалось. Всего этого мало — пошли в мой кабинет, который был в то время спальней сестры, и перерыли всё; частный пристав прочел всё, что мне писано и что я писал с 16 лет. Не знаю, в какой степени он нашел всё это интересным, но он <hi>позволил</hi> сестре выдти в гостиную и <hi>позволил</hi> ей лечь спать, когда пришел вечер, и то только после того, как его об этом попросили. Тут тоже происходили те же глупые, возмутительные сцены. Они читали и откладывали подозрительные письма и бумаги, а сестра и тетинька, вне себя от испуга, старались прятать самые невинные бумаги. Частному приставу показалось подозрительным письмо <hi>старого</hi> князя Дундукова Корсакова, и секретарь мой утащил это письмо из фуражки, куда оно было отложено. Разумеется, и тут ничего не найдено. Я уверен, что подозрительнее всего показалось то, что нет ничего запрещенного. Я твердо уверен, что ни один Петербургский дворец в <hi>1</hi>/<sub>100</sub> долю не оказался бы так невинен при обыске, как невинна оказалась Ясная Поляна. Мало этого, они поехали в другую мою Чернскую деревню, почитали бумаги покойного брата, к[отор]ые я, как святыню, беру в руки, и уехали, <hi>совершенно</hi> успокоив нас, что подозрительного ничего не нашли, и прочитав всем поученья и потребовав себе обедать.</p>
<p rend="left">Я часто говорю себе, какое огромное счастье, что меня не было. Ежели бы я был, то верно бы уже судился, как убийца.</p>
<p rend="left">Теперь представьте себе слухи, которые стали ходить после этого по уезду и губернии между мужиками и дворянами. Тетинька с этого дня стала хворать всё хуже и хуже. <hi style="opdelimiter">Когда</hi><hi style="opnumber">438</hi> <hi style="npnumber">439</hi><hi style="npdelimiter">я</hi> приехал, она расплакалась и упала; она почти не может стоять теперь. Слухи были такие положительные, что я в крепости или бежал за границу, что люди, знавшие меня, знавшие, что я презираю всякие тайные дела, заговоры, бегства и т. п., начинали верить.</p>
<p rend="left">Теперь уехали, позволили нам ходить из дома в дом, однако у студентов отобрали билеты и не выдают; но жизнь наша, и в особенности моя с тетинькой, совсем испорчена. Школы не будет, народ посмеивается, дворяне торжествуют, а мы волей-неволей, при каждом колокольчике думаем, что едут вести куда-нибудь. У меня в комнате заряжены пистолеты и я жду минуты, когда всё это разрешится чем-нибудь. — Г-н Жандарм постарался успокоить нас, что ежели что спрятано, то мы должны знать, что завтра, может быть, он опять явится нашим судьей и властелином вместе с Частным Приставом. Одно — ежели это делается без ведома Государя, то надобно воевать и из последних сил биться против такого порядка вещей. Так жить невозможно. Ежели же всё это так должно быть и Государю представлено, что без этого нельзя, то надо уйти туда, где можно знать, что, ежели я не преступник, я могу прямо носить голову, или стараться разуверить Государя, что без этого невозможно. —</p>
<p rend="left">Простите пожалуйста, может быть, я компрометирую вас этими письмами, но я надеюсь, что ваша дружба сильнее таких соображений и что вы во всяком случае скажете мне прямо ваше мнение обо всем этом и совет. Ежели вы со мной несогласны, может быть, я убежусь вашими доводами, а то, по крайней мере, оставлю вас в покое.</p>
<p rend="left">Прощайте, жму вашу руку и кланяюсь всем вашим, к[отор]ые, признаюсь, мне все представляются в каком-то нехорошем свете; мне кажется, вы все виноваты.</p>
<p rend="right">Л. Толстой.</p>
<p rend="left">7 Августа.</p>
<p rend="left">Ясн. Пол.</p>
<comments><p rend="Textpetit_otstup left">Впервые полностью опубликовано в «Русском богатстве», 1910, 8, стр. 238—240.</p>
<p rend="Textpetit_otstup left"><hi>1</hi> Б. А. Перовский.</p>
<p rend="petit left"><hi>2</hi> Гр. Алексей Константинович Толстой.</p>
<p rend="petit left"><hi>3</hi> Повидимому, Толстой имеет в виду две жалобы на него крапивенскому уездному предводителю дворянства от дворян <hi style="opdelimiter">Крапивенского</hi><hi style="opnumber">439</hi> <hi style="npnumber">440</hi><hi style="npdelimiter">уезда,</hi> поданные в августе 1861 г. за подписями 19 дворян, и 12 ноября 1861 г., за подписями всех дворян Крапивенского уезда. Кроме того, 18 декабря 1861 г. крапивенский предводитель Щелин направил тульскому губернатору обширное письмо с обвинениями Толстого в пристрастном отношении к крестьянам в ущерб дворянским интересам (см. «Дворянское сословие Тульской губернии», т. V, часть первая. Составил дворянин Ефремовского уезда Михаил Тихонович Яблочков. Тула. 1903. Статья «Дело графа Л. Н. Толстого»). Статья имеется лишь в корректурных оттисках книги и не попала в печатный текст.</p>
<p rend="petit left"><hi>4</hi> Документов об этом до сих пор не обнаружено. Весьма вероятно, что они погибли.</p>
<p rend="petit left">А. А. Толстая ответила письмом от 18 августа 1862 г., в котором выражала намерение свое, Б. А. Перовского и А. К. Толстого довести протест Толстого до сведения царя и Долгорукова. Письмо ее напечатано в ПТ, № 43.</p>
</comments></div></body>
        </text>
        </TEI>