<?xml version="1.0" encoding="UTF-8"?>
    <!-- <?xml-stylesheet type="text/xsl" target="../resources/MJT/myletter.xsl"?> -->
    <?xml-stylesheet type="css" target="graves.css"?>
    <?xml-model target="http://www.tei-c.org/release/xml/tei/custom/schema/relaxng/tei_all.rng" type="application/xml" schematypens="http://relaxng.org/ns/structure/1.0"?>
    <?xml-model target="http://www.tei-c.org/release/xml/tei/custom/schema/relaxng/tei_all.rng" type="application/xml"
            schematypens="http://purl.oclc.org/dsdl/schematron"?>
    <TEI xmlns="http://www.tei-c.org/ns/1.0">
       <teiHeader>
          <fileDesc>
             <titleStmt>
                <title>Письмо №288. A. A. Фету.</title>
             </titleStmt>
             <publicationStmt>
                <publisher>TolstoyLab</publisher>
                <date when="2015-09-14">14 September 2015</date>
             </publicationStmt>
             <sourceDesc>
                <biblStruct>
                   <analytic>
                      <author>Толстой Л.Н.</author>
                   </analytic>
                   <monogr>
                      <title level="m">Полное собрание сочинений. Том 61</title>
                      <imprint>
                         <pubPlace>Москва</pubPlace>
                         <publisher>Государственное издательство "Художественная литература"</publisher>
                         <date when="1953"/>
                      </imprint>
                   </monogr>
                   <series>
                      <title level="s">Л.Н. Толстой. Полное собрание сочинений</title>
                      <biblScope unit="vol">61</biblScope>
                   </series>
                </biblStruct>
				<bibl>Впервые опубликовано А. А. Фетом в «Моих воспоминаниях», ч. II, М. 1890, стр. 199—200. Дата определяется приглашением на именины С. А. Толстой (17 сентября), и потому дата Толстого в отношении месяца, несомненно, <hi style="opdelimiter">ошибочна.</hi><hi style="opnumber">219</hi></bibl>
             </sourceDesc>
          </fileDesc>
          <encodingDesc>
             <tagsDecl> </tagsDecl>
          </encodingDesc>
          <profileDesc>
             <correspDesc>
                <correspAction type="sending">
                   <persName ref="PersonList.xml#L_N_Tolstoy">Л. Н. Толстой</persName>
                   <placeName ref="PlacesListxml#PLACE">Я. П.</placeName>
                   <date when="1869-08-30">1869 г. Августа 30.</date>            </correspAction>
                <correspAction type="receiving">
                   <persName ref="PersonList.xml#RECEIVER">A. A. Фету</persName>
                </correspAction>
                <correspContext>
                   <ref type="prev"></ref>
                </correspContext>
             </correspDesc>
          </profileDesc>
       </teiHeader>
       <xenoData><number type="in a volume">288</number></xenoData>

              <text xml:id="A__A__Fetu_288">
	<body><div>
		<opener index="false">
288. A. A. Фету.
1869 г. Августа 30. Я. П.</opener>
<p rend="right">30 сент[ября].</p>
<p rend="left">Получил ваше письмо<note xml:id="note1" resp="volume_editor" index="false"> Письмо А. А. Фета неизвестно.</note> и отвечаю не столько на него, сколько на свои мысли о вас. Уж, верно, я не менее вашего тужу о том, что мы так мало видимся. Я делал планы приехать к вам и делаю еще, но до сих пор вот не был. 6-й том, кот[орый] я думал кончить 4 мес[яца] тому назад, до сих пор, хотя весь давно набран, — не кончен.<note xml:id="note2" resp="volume_editor" index="false"> Шестой том «Войны и мира» был окончательно сдан лишь в середине октября 1869 г.</note></p>
<p rend="left">Знаете ли, что было для меня нынешнее лето? — Неперестающий восторг перед Шопенгауером и ряд духовных наслаждений, к[оторых] я никогда<note xml:id="note3" resp="volume_editor" index="false"> Никогда <hi>написано поверх</hi>: давно</note> не испытывал. Я выписал все его сочинения и читал и читаю (прочел и Канта), и, верно, ни один студент в свой курс не учился так много и столь многого не узнал, как я в нынешнее лето.</p>
<p rend="left">Не знаю, переменю ли я когда мнение, но теперь я уверен, что Шоп[енгауер] гениальнейший из людей.<note xml:id="note4" resp="volume_editor" index="false"> Впоследствии Толстой резко изменил свое отношение к Шопенгауэру. В письме к H. Н. Страхову от 16 октября 1887 г. он назвал Шопенгауэра «талантливым пачкуном» (т. 64, стр. 105) и тогда же резко осуждал пессимизм его философии (т. 64, стр. 230—231).</note></p>
<p rend="left">Вы говорили, что он так себе кое-что писал о философских предметах. Как кое-что? Это весь мир в невероятно-ясном и красивом отражении.</p>
<p rend="left">Я начал переводить его.<note xml:id="note5" resp="volume_editor" index="false"> Перевод Толстого неизвестен. В 1881 г. вышла книга Шопенгауэра «Мир как воля и представление» в переводе А. А. Фета, с предисловием H. Н. Страхова.</note> Не возьметесь ли и вы за перевод его?</p>
<p rend="left">Мы бы издали вместе. Читая его, мне непостижимо, каким образом может оставаться имя его неизвестно. Объяснение только одно, — то самое, которое он так часто повторяет, что, кроме идиотов, на свете почти никого нет.</p>
<p rend="left">Жду вас с нетерпением к себе. Иногда душит неудовлетворенная потребность в родственной натуре, как ваша, чтобы высказать всё накопившееся. Душевный поклон Марье Петровне.</p>
<p rend="right">Ваш Л. Толстой.</p>
<p rend="left">Уже написав это письмо, решил окончательно свою поездку в Пензенскую губернию для осмотра имения, которое я намереваюсь купить в тамошней глуши. Я еду завтра, 31, и вернусь около 14-го.<note xml:id="note6" resp="volume_editor" index="false"> Из Ясной Поляны Толстой выехал 31 августа, вернулся 14 сентября. Об этой поездке см. письма к С. А. Толстой от 1, 2 и 4 сентября (т. 83, №№ 80—82).</note></p>
<p rend="left">Вас же жду к себе и прошу вместе с женой к ее именинам, т. е. приехать 15 и пробыть у нас, по крайней мере, дня три. —</p>
<comments><p rend="Textpetit_otstup left">Впервые опубликовано А. А. Фетом в «Моих воспоминаниях», ч. II, М. 1890, стр. 199—200. Дата определяется приглашением на именины С. А. Толстой (17 сентября), и потому дата Толстого в отношении месяца, несомненно, <hi style="opdelimiter">ошибочна.</hi><hi style="opnumber">219</hi></p>
<p rend="Textpetit_otstup left"><hi>1</hi> Письмо А. А. Фета неизвестно.</p>
<p rend="petit left"><hi>2</hi> Шестой том «Войны и мира» был окончательно сдан лишь в середине октября 1869 г.</p>
<p rend="petit left"><hi>3</hi> Никогда <hi>написано поверх</hi>: давно</p>
<p rend="petit left"><hi>4</hi> Впоследствии Толстой резко изменил свое отношение к Шопенгауэру. В письме к H. Н. Страхову от 16 октября 1887 г. он назвал Шопенгауэра «талантливым пачкуном» (т. 64, стр. 105) и тогда же резко осуждал пессимизм его философии (т. 64, стр. 230—231).</p>
<p rend="petit left"><hi>5</hi> Перевод Толстого неизвестен. В 1881 г. вышла книга Шопенгауэра «Мир как воля и представление» в переводе А. А. Фета, с предисловием H. Н. Страхова.</p>
<p rend="petit left"><hi>6</hi> Из Ясной Поляны Толстой выехал 31 августа, вернулся 14 сентября. Об этой поездке см. письма к С. А. Толстой от 1, 2 и 4 сентября (т. 83, №№ 80—82).</p>
</comments></div></body>
        </text>
        </TEI>