<?xml version="1.0" encoding="UTF-8"?>
    <!-- <?xml-stylesheet type="text/xsl" target="../resources/MJT/myletter.xsl"?> -->
    <?xml-stylesheet type="css" target="graves.css"?>
    <?xml-model target="http://www.tei-c.org/release/xml/tei/custom/schema/relaxng/tei_all.rng" type="application/xml" schematypens="http://relaxng.org/ns/structure/1.0"?>
    <?xml-model target="http://www.tei-c.org/release/xml/tei/custom/schema/relaxng/tei_all.rng" type="application/xml"
            schematypens="http://purl.oclc.org/dsdl/schematron"?>
    <TEI xmlns="http://www.tei-c.org/ns/1.0">
       <teiHeader>
          <fileDesc>
             <titleStmt>
                <title>Письмо №* 14. Гр. С. Н. Толстому.</title>
             </titleStmt>
             <publicationStmt>
                <publisher>TolstoyLab</publisher>
                <date when="2015-09-14">14 September 2015</date>
             </publicationStmt>
             <sourceDesc>
                <biblStruct>
                   <analytic>
                      <author>Толстой Л.Н.</author>
                   </analytic>
                   <monogr>
                      <title level="m">Полное собрание сочинений. Том 59</title>
                      <imprint>
                         <pubPlace>Москва</pubPlace>
                         <publisher>Государственное издательство "Художественная литература"</publisher>
                         <date when="1935"/>
                      </imprint>
                   </monogr>
                   <series>
                      <title level="s">Л.Н. Толстой. Полное собрание сочинений</title>
                      <biblScope unit="vol">59</biblScope>
                   </series>
                </biblStruct>
				<bibl>Печатается по автографу, хранящемуся в ГМТ. Публикуется впервые. Письмо датируется предыдущим и ответом гр. С. Н. Толстого от 31 марта 1849 г.</bibl>
             </sourceDesc>
          </fileDesc>
          <encodingDesc>
             <tagsDecl> </tagsDecl>
          </encodingDesc>
          <profileDesc>
             <correspDesc>
                <correspAction type="sending">
                   <persName ref="PersonList.xml#L_N_Tolstoy">Л. Н. Толстой</persName>
                   <placeName ref="PlacesListxml#PLACE">Петербург.</placeName>
                   <date when="1849-03-01">1849 г. Марта 1.</date>            </correspAction>
                <correspAction type="receiving">
                   <persName ref="PersonList.xml#RECEIVER">Гр. С. Н. Толстому</persName>
                </correspAction>
                <correspContext>
                   <ref type="prev"></ref>
                </correspContext>
             </correspDesc>
          </profileDesc>
       </teiHeader>
       <xenoData><number type="in a volume">14</number></xenoData>

              <text xml:id="Gr.S.N.Tolstomu_14">
	<body><div>
		<opener index="false">
* 14. Гр. С. Н. Толстому.
1849 г. Марта 1...25. Петербург.
</opener>
<p rend="Obrashenie left">Сережа!</p>
<p rend="left">Во первыхъ, попроси пожалуйста Львова,<note xml:id="note1" resp="volume_editor" index="false">Кн. Георгий Владимирович Львов. О нем см. вступ. прим. к п. № 94.</note> чтобы онъ черезъ кого нибудь изъ своихъ товарищей похлопоталъ о моемъ дѣлѣ съ Крапивинскими по размежеванію дачи Гончаровой<note xml:id="note2" resp="volume_editor" index="false">По плану генерального межевания и в экономических примечаниях 1833 г. к нему во владении «подполковницы гр. М. Н. Толстой (т. е. матери Толстого) и майора Ивана Ивановича Крапивина» значится «пустошь Гончуровка» (земли пашенной 3 дес. 1960 с., сенных покосов — 7 д. 2000 с., лесу — 43 дес. 1671 с., неудобной земли — 4 д. 1933 с., всего — 60 д. 364 с.), лежавшая «на правой стороне Гончаровского отвершка и по обе стороны большой дороги из Ефремова в Тулу. Об этой пустоши (или «даче») и пишет Толстой, который вел дело по размежеванию, очевидно с детьми И. И. Крапивина, которого официальные бумаги называют и «Крапивенским». У Ив. Ив. и Ел. Дм. Крапивиных было шесть сыновей — Валерьян (р. в 1814 г.), Александр (р. в 1816 г.), Орест (р. в 1817 г.), Аркадий (р. в 1827 г.) и Иван (р. 1831 г.) и две дочери — Анна (р. в 1815 г.) и Екатерина (р. в 1835 г.).</note> — оно находится въ общемъ собраніи. — Во вторыхъ, я въ послѣднемъ письмѣ приказываю Андрею продать всѣхъ лошадей. — Я думаю въ Москвѣ на Аукціонѣ теперь продажа хороша; ежели ты того же мнѣнія, то напиши о томъ Андрею и займись этимъ. — На сколько теперь ихъ продадутъ и на сколько было прежде продано я думаю составится весь твой долгъ (по раздѣлу), съ которымъ мы и будемъ по этому случаю квиты.<note xml:id="note3" resp="volume_editor" index="false"> О продаже лошадей гр. С. Н. Толстой отвечал в письме от 31 марта 1849 г.: «Что касается твоих лошадей, то, если ты хочешь, я попытаюсь продать их на ярмарке в Богородицке, которая будет 20 апреля, в Москве же на аукционе их продать не могу, ибо, увы, я в Пирогове ...». Относительно же долга Сергей Николаевич писал: «Объясни мне, прошу тебя, что ты хочешь сказать, говоря, что, когда ты продашь лошадей, ты будешь квит со мной по долгу по раздельному акту. Признаюсь, я не понимаю этого». (Письмо не опубликовано; хранится в АТБ.)</note> <hi style="opdelimiter">Въ</hi><hi style="opnumber">37</hi> <hi style="npnumber">38</hi><hi style="npdelimiter">третьихъ,</hi> напиши ради Бога мнѣ хоть два слова, это ужъ глупо становится, цѣлый мѣсяцъ ни Федора, ни отъ кого ни полслова. Я серьезно занимаюсь къ экзамену.<note xml:id="note4" resp="volume_editor" index="false">Толстой готовился к экзаменам в Петербургском университете на кандидата юридических наук. См. п. № 15.</note> — Былъ у Пушкина.<note xml:id="note5" resp="volume_editor" index="false"> Михаил Николаевич Мусин-Пушкин. О нем см. прим. 8 к п. № 12.</note> Онъ<note xml:id="note6" resp="volume_editor" index="false"> <hi>Зачеркнуто:</hi> протежируетъ.</note> <hi>благоволитъ</hi> очень ко мнѣ. — Прощай.</p>
<p rend="left">Я въ первый разъ безпокоюсь. — Мнѣ кажется все, что съ кѣмъ нибудь изъ нашего семейства что нибудь да случилось. —</p>
<comments><p rend="Textpetit_otstup left">Печатается по автографу, хранящемуся в ГМТ. Публикуется впервые. Письмо датируется предыдущим и ответом гр. С. Н. Толстого от 31 марта 1849 г.</p>
<p rend="petit left"><hi>1 </hi>Кн. Георгий Владимирович Львов. О нем см. вступ. прим. к п. № 94.</p>
<p rend="petit left"><hi>2 </hi>По плану генерального межевания и в экономических примечаниях 1833 г. к нему во владении «подполковницы гр. М. Н. Толстой (т. е. матери Толстого) и майора Ивана Ивановича Крапивина» значится «пустошь Гончуровка» (земли пашенной 3 дес. 1960 с., сенных покосов — 7 д. 2000 с., лесу — 43 дес. 1671 с., неудобной земли — 4 д. 1933 с., всего — 60 д. 364 с.), лежавшая «на правой стороне Гончаровского отвершка и по обе стороны большой дороги из Ефремова в Тулу. Об этой пустоши (или «даче») и пишет Толстой, который вел дело по размежеванию, очевидно с детьми И. И. Крапивина, которого официальные бумаги называют и «Крапивенским». У Ив. Ив. и Ел. Дм. Крапивиных было шесть сыновей — Валерьян (р. в 1814 г.), Александр (р. в 1816 г.), Орест (р. в 1817 г.), Аркадий (р. в 1827 г.) и Иван (р. 1831 г.) и две дочери — Анна (р. в 1815 г.) и Екатерина (р. в 1835 г.).</p>
<p rend="petit left"><hi>3</hi> О продаже лошадей гр. С. Н. Толстой отвечал в письме от 31 марта 1849 г.: «Что касается твоих лошадей, то, если ты хочешь, я попытаюсь продать их на ярмарке в Богородицке, которая будет 20 апреля, в Москве же на аукционе их продать не могу, ибо, увы, я в Пирогове ...». Относительно же долга Сергей Николаевич писал: «Объясни мне, прошу тебя, что ты хочешь сказать, говоря, что, когда ты продашь лошадей, ты будешь квит со мной по долгу по раздельному акту. Признаюсь, я не понимаю этого». (Письмо не опубликовано; хранится в АТБ.)</p>
<p rend="petit left"><hi>4 </hi>Толстой готовился к экзаменам в Петербургском университете на кандидата юридических наук. См. п. № 15.</p>
<p rend="petit left"><hi>5</hi> Михаил Николаевич Мусин-Пушкин. О нем см. прим. 8 к п. № 12.</p>
<p rend="petit left"><hi>6</hi> <hi>Зачеркнуто:</hi> протежируетъ.</p>
<p rend="petit left">На это письмо гр. С. Н. Толстой отвечал неопубликованным письмом от 31 марта, хранящимся в АТБ.</p>
</comments></div></body>
        </text>
        </TEI>