<?xml version="1.0" encoding="UTF-8"?>
    <!-- <?xml-stylesheet type="text/xsl" target="../resources/MJT/myletter.xsl"?> -->
    <?xml-stylesheet type="css" target="graves.css"?>
    <?xml-model target="http://www.tei-c.org/release/xml/tei/custom/schema/relaxng/tei_all.rng" type="application/xml" schematypens="http://relaxng.org/ns/structure/1.0"?>
    <?xml-model target="http://www.tei-c.org/release/xml/tei/custom/schema/relaxng/tei_all.rng" type="application/xml"
            schematypens="http://purl.oclc.org/dsdl/schematron"?>
    <TEI xmlns="http://www.tei-c.org/ns/1.0">
       <teiHeader>
          <fileDesc>
             <titleStmt>
                <title>Письмо №* 161. А. А. Берсу.</title>
             </titleStmt>
             <publicationStmt>
                <publisher>TolstoyLab</publisher>
                <date when="2015-09-14">14 September 2015</date>
             </publicationStmt>
             <sourceDesc>
                <biblStruct>
                   <analytic>
                      <author>Толстой Л.Н.</author>
                   </analytic>
                   <monogr>
                      <title level="m">Полное собрание сочинений. Том 61</title>
                      <imprint>
                         <pubPlace>Москва</pubPlace>
                         <publisher>Государственное издательство "Художественная литература"</publisher>
                         <date when="1953"/>
                      </imprint>
                   </monogr>
                   <series>
                      <title level="s">Л.Н. Толстой. Полное собрание сочинений</title>
                      <biblScope unit="vol">61</biblScope>
                   </series>
                </biblStruct>
             </sourceDesc>
          </fileDesc>
          <encodingDesc>
             <tagsDecl> </tagsDecl>
          </encodingDesc>
          <profileDesc>
             <correspDesc>
                <correspAction type="sending">
                   <persName ref="PersonList.xml#L_N_Tolstoy">Л. Н. Толстой</persName>
                   <placeName ref="PlacesListxml#PLACE">Москва.</placeName>
                   <date when="1866-02-04">1866 г. Февраля 4.</date>            </correspAction>
                <correspAction type="receiving">
                   <persName ref="PersonList.xml#RECEIVER">А. А. Берсу</persName>
                </correspAction>
                <correspContext>
                   <ref type="prev"></ref>
                </correspContext>
             </correspDesc>
          </profileDesc>
       </teiHeader>
       <xenoData><number type="in a volume">161</number></xenoData>

              <text xml:id="A__A__Bersu_161">
	<body><div>
		<opener index="false">
* 161. А. А. Берсу.
1866 г. Февраля 4. Москва.</opener>
<p rend="left">Хотел писать тебе по-французски, милый друг Саша, но я так искренно тебя люблю, что неловко и неискренно обращаться к тебе по-французски. Когда-нибудь в другой раз! Грустно, что мы с тобой не свиделись.<note xml:id="note1" resp="volume_editor" index="false"> Александр Андреевич Берс, служивший в Петербурге в Преображенском полку, приезжал в Москву на рождественские каникулы (21 декабря 1865 г. — 4 января 1866 г.).</note> Мы теперь значит уже не я и Соня, а Соня, я, Сережа, Таня и Илья<note xml:id="note2" resp="volume_editor" index="false"> Илья Львович Толстой родился 22 мая 1866 г.</note> (это будущий). Ежели разобрать хорошенько, зачем мы приехали, то главное затем, чтобы показать всем вам своих детей и цель эта не совсем вполне достигнута, потому что ты их не видел. Никогда еще, с тех пор как я член вашей семьи, Кремль, т. е. все ваши, не производили на меня такого приятного впечатления, как теперь. Должно быть оттого, что все здоровы. Очень хорошо и радостно у вас. Ты тоже, как видно, произвел на всех очень хорошее впечатление и всё, что я о тебе слышу, радует меня. Пиши нам, милый друг, хоть изредка. Ежели я другой раз не отвечу, так ты вспомни меня хорошенько с моей неакуратностью; а уж верно после родителей никто тебя больше нас не любит. — Французский язык твой идет хорошо, что музыка? Недаром ты пробирал так пробор на затылке. Твоя карьера, как видно, светская. А в светской карьере музыка приятное и полезное подспорье. — Ты знаешь, что я не понимаю эту светскую и гвардейскую карьеру, но я настолько знаю жизнь и себя, что признаю многое хорошее, чего и не понимаю. — Мне понравилось, что в твоем последнем письме,<note xml:id="note3" resp="volume_editor" index="false"> Письмо неизвестно.</note> к[отор]ое я читал, ты, после <hi style="opdelimiter">рассуждения</hi><hi style="opnumber">131</hi> <hi style="npnumber">132</hi><hi style="npdelimiter">о</hi> Берсах<note xml:id="note4" resp="volume_editor" index="false"> Семья Александра Евстафьевича Берса, жившая постоянно в Петербурге.</note> и их обществе, оговариваешься и, как будто, краснеешь. По-моему, общество Берсов, как я знаю по слухам, лучше общества Иславиных.<note xml:id="note5" resp="volume_editor" index="false"> В 1860-х годах в Петербурге жили Владимир, Михаил и Константин Александровичи Иславины. См. т. 46, стр. 338, 340—341, и т. 47, стр. 314—315.</note> Мы, старики, любим поучать: берегись тщеславия и придавания слишком большого значения внешности. Да впрочем у тебя и сердце и ум (esprit de conduite), к[отор]ый тебе лучше меня покажет, где хорошее и дурное. Прощай, душенька, обнимаю тебя. Пиши нам, голубчик, и не считайся письмами.</p>
<comments><p rend="Textpetit_otstup left">Приписка к письму А. Е. Берса от 4 февраля 1866 г.</p>
<p rend="Textpetit_otstup left"><hi>1</hi> Александр Андреевич Берс, служивший в Петербурге в Преображенском полку, приезжал в Москву на рождественские каникулы (21 декабря 1865 г. — 4 января 1866 г.).</p>
<p rend="petit left"><hi>2</hi> Илья Львович Толстой родился 22 мая 1866 г.</p>
<p rend="petit left"><hi>3</hi> Письмо неизвестно.</p>
<p rend="petit left"><hi>4</hi> Семья Александра Евстафьевича Берса, жившая постоянно в Петербурге.</p>
<p rend="petit left"><hi>5</hi> В 1860-х годах в Петербурге жили Владимир, Михаил и Константин Александровичи Иславины. См. т. 46, стр. 338, 340—341, и т. 47, стр. 314—315.</p>
</comments></div></body>
        </text>
        </TEI>