<?xml version="1.0" encoding="UTF-8"?>
    <!-- <?xml-stylesheet type="text/xsl" target="../resources/MJT/myletter.xsl"?> -->
    <?xml-stylesheet type="css" target="graves.css"?>
    <?xml-model target="http://www.tei-c.org/release/xml/tei/custom/schema/relaxng/tei_all.rng" type="application/xml" schematypens="http://relaxng.org/ns/structure/1.0"?>
    <?xml-model target="http://www.tei-c.org/release/xml/tei/custom/schema/relaxng/tei_all.rng" type="application/xml"
            schematypens="http://purl.oclc.org/dsdl/schematron"?>
    <TEI xmlns="http://www.tei-c.org/ns/1.0">
       <teiHeader>
          <fileDesc>
             <titleStmt>
                <title>Письмо №* 85. Гр. С. Н. Толстому.</title>
             </titleStmt>
             <publicationStmt>
                <publisher>TolstoyLab</publisher>
                <date when="2015-09-14">14 September 2015</date>
             </publicationStmt>
             <sourceDesc>
                <biblStruct>
                   <analytic>
                      <author>Толстой Л.Н.</author>
                   </analytic>
                   <monogr>
                      <title level="m">Полное собрание сочинений. Том 60</title>
                      <imprint>
                         <pubPlace>Москва</pubPlace>
                         <publisher>Государственное издательство "Художественная литература"</publisher>
                         <date when="1949"/>
                      </imprint>
                   </monogr>
                   <series>
                      <title level="s">Л.Н. Толстой. Полное собрание сочинений</title>
                      <biblScope unit="vol">60</biblScope>
                   </series>
                </biblStruct>
             </sourceDesc>
          </fileDesc>
          <encodingDesc>
             <tagsDecl> </tagsDecl>
          </encodingDesc>
          <profileDesc>
             <correspDesc>
                <correspAction type="sending">
                   <persName ref="PersonList.xml#L_N_Tolstoy">Л. Н. Толстой</persName>
                   <placeName ref="PlacesListxml#PLACE">Баден-Баден.</placeName>
                   <date when="1857-07-15">1857 г. Июля 15</date>            </correspAction>
                <correspAction type="receiving">
                   <persName ref="PersonList.xml#RECEIVER">Гр. С. Н. Толстому</persName>
                </correspAction>
                <correspContext>
                   <ref type="prev"></ref>
                </correspContext>
             </correspDesc>
          </profileDesc>
       </teiHeader>
       <xenoData><number type="in a volume">85</number></xenoData>

              <text xml:id="gr.S.N.Tolstomu_85">
	<body><div>
		<opener index="false">
* 85. Гр. С. Н. Толстому.
1857 г. Июля 15/27. Баден-Баден.
</opener>
<p rend="Obrashenie left">Любезный друг Сережа!</p>
<p rend="left">Совестно мне тебе признаться, что я проиграл в рулетку в Бадене и хотелось бы выдумать историю, зачем мне вдруг понадобились деньги, но не могу лгать — продулся.<note xml:id="note1" resp="volume_editor" index="false"> Приехав из Швейцарии в Баден 12/24 июля 1857 г., Толстой в четыре дня проиграл не только все бывшие с ним деньги, но и занятые. См. об этом записи в Дневнике под 12/24, 13/25, 14/26, 15/27, 16/28, 17/29 июля и 20 июля/1 августа (т. 47, стр. 147—148, 485—486). См. также письмо Я. П. Полопского к М. Ф. Штакеншнейдеру от 16/28 июля 1857 г. («Голос минувшего», 1919), № 1—4, стр. 126).</note> <hi style="opdelimiter">Около</hi><hi style="opnumber">218</hi> <hi style="npnumber">219</hi><hi style="npdelimiter">700</hi> р. сер[ебром], и остался без гроша буквально и задолжав незнакомому человеку 50 р. сер[ебром]. Я пишу Василью,<note xml:id="note2" resp="volume_editor" index="false"> Письмо Толстого не сохранилось.</note> но и ты пожалуйста помоги мне сколько можешь. Нет ли каких-нибудь Щербачевских денег. Во всяком случае тебе объяснять нечего, как неприятно мое положение, и просить, чтоб ты сделал всё, что можешь, чтобы выслать скорее.</p>
<p rend="right">Твой Л. Толстой.</p>
<p rend="left">Ежели буду жив и здоров, к осени, т. е. через 1 <hi>1</hi>/<sub>2</sub> месяца, буду дома. Тетиньке мне писать совестно. Поцелуй у нее от меня руки.</p>
<lb/>
<p rend="left"><hi>На конверте:</hi></p>
<p rend="left">Его Сиятельству Графу Сергею Николаевичу Толстому. В г. Тулу.</p>
<comments><p rend="Textpetit_otstup left">Датируется почтовым штемпелем: «Baden. 27 Jul».</p>
<p rend="Textpetit_otstup left"><hi>1</hi> Приехав из Швейцарии в Баден 12/24 июля 1857 г., Толстой в четыре дня проиграл не только все бывшие с ним деньги, но и занятые. См. об этом записи в Дневнике под 12/24, 13/25, 14/26, 15/27, 16/28, 17/29 июля и 20 июля/1 августа (т. 47, стр. 147—148, 485—486). См. также письмо Я. П. Полопского к М. Ф. Штакеншнейдеру от 16/28 июля 1857 г. («Голос минувшего», 1919), № 1—4, стр. 126).</p>
<p rend="petit left"><hi>2</hi> Письмо Толстого не сохранилось.</p>
</comments></div></body>
        </text>
        </TEI>