<?xml version="1.0" encoding="UTF-8"?>
    <!-- <?xml-stylesheet type="text/xsl" target="../resources/MJT/myletter.xsl"?> -->
    <?xml-stylesheet type="css" target="graves.css"?>
    <?xml-model target="http://www.tei-c.org/release/xml/tei/custom/schema/relaxng/tei_all.rng" type="application/xml" schematypens="http://relaxng.org/ns/structure/1.0"?>
    <?xml-model target="http://www.tei-c.org/release/xml/tei/custom/schema/relaxng/tei_all.rng" type="application/xml"
            schematypens="http://purl.oclc.org/dsdl/schematron"?>
    <TEI xmlns="http://www.tei-c.org/ns/1.0">
       <teiHeader>
          <fileDesc>
             <titleStmt>
                <title>Письмо №216. В. И. Михаловскому.</title>
             </titleStmt>
             <publicationStmt>
                <publisher>TolstoyLab</publisher>
                <date when="2015-09-14">14 September 2015</date>
             </publicationStmt>
             <sourceDesc>
                <biblStruct>
                   <analytic>
                      <author>Толстой Л.Н.</author>
                   </analytic>
                   <monogr>
                      <title level="m">Полное собрание сочинений. Том 60</title>
                      <imprint>
                         <pubPlace>Москва</pubPlace>
                         <publisher>Государственное издательство "Художественная литература"</publisher>
                         <date when="1949"/>
                      </imprint>
                   </monogr>
                   <series>
                      <title level="s">Л.Н. Толстой. Полное собрание сочинений</title>
                      <biblScope unit="vol">60</biblScope>
                   </series>
                </biblStruct>
				<bibl>Печатается по тексту, опубликованному в «Русской мысли», 1903, IX, стр. 87—88 (пятый пункт настоящей бумаги кроме того был выделен на стр. 81, а 3 и 4 пункты на стр. 86). Впервые было опубликовано в «Неделе», 1901, 20, отд. V, столб. 679. Текст этого документа, в копии В. И. Михаловского, хранился в Тульском архиве (дело это погибло). Местонахождение автографа Толстого неизвестно. Дата определяется содержанием и прошением Михаловского на имя губернского по крестьянским делам присутствия, где он упоминал, что документ, вместе с которым была получена настоящая бумага Толстого, относится к 12 июля 1861 г.</bibl>
             </sourceDesc>
          </fileDesc>
          <encodingDesc>
             <tagsDecl> </tagsDecl>
          </encodingDesc>
          <profileDesc>
             <correspDesc>
                <correspAction type="sending">
                   <persName ref="PersonList.xml#L_N_Tolstoy">Л. Н. Толстой</persName>
                   <placeName ref="PlacesListxml#PLACE">Я. П.</placeName>
                   <date when="1861-07-12">1861 г. Июля 12.</date>            </correspAction>
                <correspAction type="receiving">
                   <persName ref="PersonList.xml#RECEIVER">В. И. Михаловскому</persName>
                </correspAction>
                <correspContext>
                   <ref type="prev"></ref>
                </correspContext>
             </correspDesc>
          </profileDesc>
       </teiHeader>
       <xenoData><number type="in a volume">216</number></xenoData>

              <text xml:id="V.I.Mixalovskomu_216">
	<body><div>
		<opener index="false">
216. В. И. Михаловскому.
1861 г. Июля 12. Я. П.</opener>
<p rend="left">Г. Валериану Ильичу Михаловскому от мирового посредника 4 участка гр. Толстого. 1) До назначения и смены волостного старшины помещикам нет никакого дела.<note xml:id="note1" resp="volume_editor" index="false"> Распоряжение Толстого о смене старшины с. Панина см. список недошедших писем № 151.</note> 2) Крестьянин Анисим,<note xml:id="note2" resp="volume_editor" index="false"> Анисим — крестьянин с. Панина (Крапивенского уезда Тульской губернии).</note> со дня обнародования Положения, имеет право избрать род жизни и ни к каким повинностям помещику не <hi style="opdelimiter">обязан.</hi><hi style="opnumber">399</hi> <hi style="npnumber">400</hi><hi style="npdelimiter">3)</hi> Ежели помещик не согласен простить крестьянам взыскание за потраву лугов, то и крестьяне не обязаны простить помещику штрафы за взятые с них, противно Положению, двуконные дни и караулы со дня обнародования положения. 4) Назначать цену за потраву имеет право посредник с помощью добросовестных, но никак не помещик.<note xml:id="note3" resp="volume_editor" index="false"> Эти два пункта (3 и 4) являются, ответом на жалобу В. И. Михаловского от 8 августа 1861 г., на имя Крапивенского мирового съезда о потраве крестьянами с. Панина лугов в имении его жены, в которой он сообщал, что Толстой «действие свое по жалобе моей на первый раз ограничил тем, что просил управляющего имением простить крестьянам следуемое с них денежное взыскание за потраву луга», на что управляющий «объявил гр. Толстому, что согласиться на его просьбу не может по неимению на то права. Гр. Толстой, недовольный этим отказом, уехал из имения, <hi style="opdelimiter">но</hi><hi style="opnumber">400</hi> <hi style="npnumber">401</hi><hi style="npdelimiter">постановив</hi> на сей раз никакого заключения до делу о набеге крестьян на господские луга». В своем вторичном обращении к Толстому Михаловский известил его, что лугов потравлено четыре десятины и что цену за каждую потравленную десятину он назначает в 20 руб. Толстой вторично «прибыл в село Панино, собрал трех крестьян ближайшего села Бородина в качестве добросовестных и с ними отправился на место потравленного луга. Добросовестные, коим гр. Толстой предложил оценить луг, объявили, что потравленного луга должно быть десятины 3 и что цену потравы они полагают назначить за каждую десятину по 10 руб. серебром. Гр. Толстой с оценкою этого не согласился и предложил добросовестным ценить десятину в 5 р., не более. Добросовестные гр. Толстому не противоречили в этом». Признавая действия Толстого незаконными, Михаловский говорит: «Смело уверен в том, что правосудное правительство, озабоченное улучшением быта крестьян, не потерпит, чтобы улучшение это, обогащение крестьян, шло путем, указываемым мировым посредником гр. Толстым».</note> 5) Назначение количества денег, следуемых увольняемым дворовым людям, делается не помещиком, а посредником, а потому вторичное представление актов, не утвержденных посредником, бесполезно. Рассчет, во второй раз сделанный, теперь уже письменно, при сем прилагается. 6) О выдаче старшиною билетов существуют узаконения, утвержденные высшею властью, а потому новые правила, изобретаемые помещиками, остаются без всякого внимания. 7) Все лица, имеющие дело с мировым посредником, обязаны ему уважением, а потому не должны ни говорить в его присутствии неприличных вещей, ни, еще менее, по делам писать ему неприличные письма. В противном случае виновные подвергаются штрафу.</p>
<comments><p rend="Textpetit_otstup left">Печатается по тексту, опубликованному в «Русской мысли», 1903, IX, стр. 87—88 (пятый пункт настоящей бумаги кроме того был выделен на стр. 81, а 3 и 4 пункты на стр. 86). Впервые было опубликовано в «Неделе», 1901, 20, отд. V, столб. 679. Текст этого документа, в копии В. И. Михаловского, хранился в Тульском архиве (дело это погибло). Местонахождение автографа Толстого неизвестно. Дата определяется содержанием и прошением Михаловского на имя губернского по крестьянским делам присутствия, где он упоминал, что документ, вместе с которым была получена настоящая бумага Толстого, относится к 12 июля 1861 г.</p>
<p rend="petit left">Валерьян Ильич Михаловский, помещик Крапивенского уезда, штабс-капитан, вел дела с мировым посредником Толстым по доверенности своей жены Марии Александровны Михаловской.</p>
<p rend="Textpetit_otstup left"><hi>1</hi> Распоряжение Толстого о смене старшины с. Панина см. список недошедших писем № 151.</p>
<p rend="petit left"><hi>2</hi> Анисим — крестьянин с. Панина (Крапивенского уезда Тульской губернии).</p>
<p rend="petit left"><hi>3</hi> Эти два пункта (3 и 4) являются, ответом на жалобу В. И. Михаловского от 8 августа 1861 г., на имя Крапивенского мирового съезда о потраве крестьянами с. Панина лугов в имении его жены, в которой он сообщал, что Толстой «действие свое по жалобе моей на первый раз ограничил тем, что просил управляющего имением простить крестьянам следуемое с них денежное взыскание за потраву луга», на что управляющий «объявил гр. Толстому, что согласиться на его просьбу не может по неимению на то права. Гр. Толстой, недовольный этим отказом, уехал из имения, <hi style="opdelimiter">но</hi><hi style="opnumber">400</hi> <hi style="npnumber">401</hi><hi style="npdelimiter">постановив</hi> на сей раз никакого заключения до делу о набеге крестьян на господские луга». В своем вторичном обращении к Толстому Михаловский известил его, что лугов потравлено четыре десятины и что цену за каждую потравленную десятину он назначает в 20 руб. Толстой вторично «прибыл в село Панино, собрал трех крестьян ближайшего села Бородина в качестве добросовестных и с ними отправился на место потравленного луга. Добросовестные, коим гр. Толстой предложил оценить луг, объявили, что потравленного луга должно быть десятины 3 и что цену потравы они полагают назначить за каждую десятину по 10 руб. серебром. Гр. Толстой с оценкою этого не согласился и предложил добросовестным ценить десятину в 5 р., не более. Добросовестные гр. Толстому не противоречили в этом». Признавая действия Толстого незаконными, Михаловский говорит: «Смело уверен в том, что правосудное правительство, озабоченное улучшением быта крестьян, не потерпит, чтобы улучшение это, обогащение крестьян, шло путем, указываемым мировым посредником гр. Толстым».</p>
<p rend="petit left">Уездный мировой съезд по прошению Михаловского потребовал от Толстого сведения, но Толстой, от 16 сентября 1861 г., ответил съезду, что на основании ст. 29, 31 и 32 Положения, не считает нужным давать никаких сведений (см. список недошедших писем № 152). Последовавшее после этого представление уездного съезда в губернское присутствие без всякого письменного доклада было помечено: «к делу».</p>
</comments></div></body>
        </text>
        </TEI>