<?xml version="1.0" encoding="UTF-8"?>
    <!-- <?xml-stylesheet type="text/xsl" target="../resources/MJT/myletter.xsl"?> -->
    <?xml-stylesheet type="css" target="graves.css"?>
    <?xml-model target="http://www.tei-c.org/release/xml/tei/custom/schema/relaxng/tei_all.rng" type="application/xml" schematypens="http://relaxng.org/ns/structure/1.0"?>
    <?xml-model target="http://www.tei-c.org/release/xml/tei/custom/schema/relaxng/tei_all.rng" type="application/xml"
            schematypens="http://purl.oclc.org/dsdl/schematron"?>
    <TEI xmlns="http://www.tei-c.org/ns/1.0">
       <teiHeader>
          <fileDesc>
             <titleStmt>
                <title>Письмо №290. Крапивенскому уездному мировому съезду.</title>
             </titleStmt>
             <publicationStmt>
                <publisher>TolstoyLab</publisher>
                <date when="2015-09-14">14 September 2015</date>
             </publicationStmt>
             <sourceDesc>
                <biblStruct>
                   <analytic>
                      <author>Толстой Л.Н.</author>
                   </analytic>
                   <monogr>
                      <title level="m">Полное собрание сочинений. Том 60</title>
                      <imprint>
                         <pubPlace>Москва</pubPlace>
                         <publisher>Государственное издательство "Художественная литература"</publisher>
                         <date when="1949"/>
                      </imprint>
                   </monogr>
                   <series>
                      <title level="s">Л.Н. Толстой. Полное собрание сочинений</title>
                      <biblScope unit="vol">60</biblScope>
                   </series>
                </biblStruct>
				<bibl>Печатается по подлиннику, хранящемуся в Тульском архивном бюро. Впервые опубликовано Д. Успенским в «Русской мысли», 1903, IX, стр. 89, по копии. По подлиннику (сохранившемуся в деле мирового съезда) печатается впервые. Текст написан канцелярским почерком и подписан Толстым. На первой странице на полях с левой стороны рукою Щелина карандашом помечено: «Предложить мировому съезду».</bibl>
             </sourceDesc>
          </fileDesc>
          <encodingDesc>
             <tagsDecl> </tagsDecl>
          </encodingDesc>
          <profileDesc>
             <correspDesc>
                <correspAction type="sending">
                   <persName ref="PersonList.xml#L_N_Tolstoy">Л. Н. Толстой</persName>
                   <placeName ref="PlacesListxml#PLACE">Я. П.</placeName>
                   <date when="1861-09-16">1861 г. Сентября 16.</date>            </correspAction>
                <correspAction type="receiving">
                   <persName ref="PersonList.xml#RECEIVER">Крапивенскому уездному мировому съезду</persName>
                </correspAction>
                <correspContext>
                   <ref type="prev"></ref>
                </correspContext>
             </correspDesc>
          </profileDesc>
       </teiHeader>
       <xenoData><number type="in a volume">290</number></xenoData>

              <text xml:id="VKrapivenskijuezdnyjmirovojsezd_290">
	<body><div>
		<opener index="false">
290. Крапивенскому уездному мировому съезду.
1861 г. Сентября 16. Я. П.</opener>
<p rend="left">Крапивенскому Уездному Мировому Съезду.</p>
<lb/>
<p rend="center">Посредника</p>
<p rend="center">Графа Толстого.</p>
<p rend="center">4-го Мирового участка.</p>
<p rend="center">16 сентября 1861 года.</p>
<p rend="center">№ 326-й.</p>
<p rend="left">На отношение Крапивенского Мирового съезда от 6 сентября за № 62 имею честь уведомить, что объяснить в чем <hi style="opdelimiter">именно,</hi><hi style="opnumber">490</hi> <hi style="npnumber">491</hi><hi style="npdelimiter">по</hi> мнению моему, неприлично и непонятно (не постановление Мирового съезда, как значится в отношении за № 62), а отношение Крапивенского Предводителя Дворянства за № 52 не считаю нужным, равно как — и доставлять в Мировой Съезд означенное отношение. Потому, что копия с отношения, или журнал, на основании которого оно составлено, должен находиться в канцелярии Мирового съезда. По делу же Г-жи Заслониной имею честь уведомить, что требования Г-жи Заслониной тогда же были мною удовлетворены.</p>
<p rend="right">Гр. Л. Толстой.</p>
<comments><p rend="Textpetit_otstup left">Печатается по подлиннику, хранящемуся в Тульском архивном бюро. Впервые опубликовано Д. Успенским в «Русской мысли», 1903, IX, стр. 89, по копии. По подлиннику (сохранившемуся в деле мирового съезда) печатается впервые. Текст написан канцелярским почерком и подписан Толстым. На первой странице на полях с левой стороны рукою Щелина карандашом помечено: «Предложить мировому съезду».</p>
<p rend="petit left">Настоящее отношение Толстого является ответом на бумагу мирового съезда от 6 сентября 1861 г. за № 62.</p>
<p rend="petit left">Данное обращение Толстого к мировому съезду обсуждалось 3 октября, когда было постановлено оба его обращения «представить в губернское по крестьянским делам присутствие на рассмотрение». Это было исполнено при отношении от 6 октября 1861 г. за № 7 (в первой публикации, очевидно, ошибочно указано: «16 октября за № 7») с приложением копии постановления мирового съезда от 3 августа 1861 г.</p>
<p rend="petit left">Как реагировало на это представление губернское присутствие, в деле сведений не имеется, но из статьи Д. Успенского можно заключить, что оно было помечено «к делу», то есть вовсе не рассматривалось.</p>
</comments></div></body>
        </text>
        </TEI>