<?xml version="1.0" encoding="UTF-8"?>
    <!-- <?xml-stylesheet type="text/xsl" target="../resources/MJT/myletter.xsl"?> -->
    <?xml-stylesheet type="css" target="graves.css"?>
    <?xml-model target="http://www.tei-c.org/release/xml/tei/custom/schema/relaxng/tei_all.rng" type="application/xml" schematypens="http://relaxng.org/ns/structure/1.0"?>
    <?xml-model target="http://www.tei-c.org/release/xml/tei/custom/schema/relaxng/tei_all.rng" type="application/xml"
            schematypens="http://purl.oclc.org/dsdl/schematron"?>
    <TEI xmlns="http://www.tei-c.org/ns/1.0">
       <teiHeader>
          <fileDesc>
             <titleStmt>
                <title>Письмо №* 296. Д. А. Дьякову.</title>
             </titleStmt>
             <publicationStmt>
                <publisher>TolstoyLab</publisher>
                <date when="2015-09-14">14 September 2015</date>
             </publicationStmt>
             <sourceDesc>
                <biblStruct>
                   <analytic>
                      <author>Толстой Л.Н.</author>
                   </analytic>
                   <monogr>
                      <title level="m">Полное собрание сочинений. Том 61</title>
                      <imprint>
                         <pubPlace>Москва</pubPlace>
                         <publisher>Государственное издательство "Художественная литература"</publisher>
                         <date when="1953"/>
                      </imprint>
                   </monogr>
                   <series>
                      <title level="s">Л.Н. Толстой. Полное собрание сочинений</title>
                      <biblScope unit="vol">61</biblScope>
                   </series>
                </biblStruct>
             </sourceDesc>
          </fileDesc>
          <encodingDesc>
             <tagsDecl> </tagsDecl>
          </encodingDesc>
          <profileDesc>
             <correspDesc>
                <correspAction type="sending">
                   <persName ref="PersonList.xml#L_N_Tolstoy">Л. Н. Толстой</persName>
                   <placeName ref="PlacesListxml#PLACE">Я. П.</placeName>
                   <date when="1869-12-08">1869 г. Декабря 8.</date>            </correspAction>
                <correspAction type="receiving">
                   <persName ref="PersonList.xml#RECEIVER">Д. А. Дьякову</persName>
                </correspAction>
                <correspContext>
                   <ref type="prev"></ref>
                </correspContext>
             </correspDesc>
          </profileDesc>
       </teiHeader>
       <xenoData><number type="in a volume">296</number></xenoData>

              <text xml:id="D__A__Dyakovu_296">
	<body><div>
		<opener index="false">
* 296. Д. А. Дьякову.
1869 г. Декабря 8...15. Я. П.
</opener>
<p rend="Obrashenie left">Любезный друг!</p>
<p rend="left">К ужасу своему я увидал в своих вещах Софешин<note xml:id="note1" resp="volume_editor" index="false"> Софья Робертовна Войткевич, гувернантка дочери Д. А. Дьякова, впоследствии (после смерти Д. А. Дьяковой) его жена.</note> ботинок. Посылаю его и прошу извинить. У вас же или у Маши<note xml:id="note2" resp="volume_editor" index="false"> М. Н. Толстая с детьми жила в Москве в одной квартире с Дьяковыми.</note> забыл я двое ножниц. Пожалуйста, пришли их мне по почте.</p>
<p rend="left">У Сережи родился сын,<note xml:id="note3" resp="volume_editor" index="false"> Александр Сергеевич Толстой.</note> и он очень огорчен отказом Вариньки.<note xml:id="note4" resp="volume_editor" index="false"> Варвара Валериановна Толстая. Ее просили быть крестной матерью новорожденного.</note> Я пишу Машиньке<note xml:id="note5" resp="volume_editor" index="false"> Письмо Толстого к М. Н. Толстой неизвестно.</note> и надеюсь, что она согласится. Для Марьи Михайловны, как я и угадал, это особенно больно.—</p>
<p rend="left">Еще просьба. Если будешь у Страстного бульвара, заверни к Соловьеву<note xml:id="note6" resp="volume_editor" index="false"> Книготорговец И. Г. Соловьев.</note> и скажи от меня, что я прошу его послать поскорее экз[емпляр] 6-го т[ома] Сергею Семеновичу Урусову. В Троицу, село Спасское.</p>
<p rend="right">Твой Л. Толстой.</p>
<p rend="left">Пожалуйста, чтоб твое обещание заехать к нам, когда поедешь в Чермошню, было не на словах. — Жена целует Машу<note xml:id="note7" resp="volume_editor" index="false"> Мария Дмитриевна Дьякова.</note> и Софеш.</p>
<comments><p rend="Textpetit_otstup left">Датируется сопоставлением с неопубликованным письмом С. С. Урусова к Толстому от 6 декабря 1869 г. и с датой счета книжного магазина Соловьева — 11 <hi style="opdelimiter">декабря.</hi><hi style="opnumber">222</hi></p>
<p rend="Textpetit_otstup left"><hi>1</hi> Софья Робертовна Войткевич, гувернантка дочери Д. А. Дьякова, впоследствии (после смерти Д. А. Дьяковой) его жена.</p>
<p rend="petit left"><hi>2</hi> М. Н. Толстая с детьми жила в Москве в одной квартире с Дьяковыми.</p>
<p rend="petit left"><hi>3</hi> Александр Сергеевич Толстой.</p>
<p rend="petit left"><hi>4</hi> Варвара Валериановна Толстая. Ее просили быть крестной матерью новорожденного.</p>
<p rend="petit left"><hi>5</hi> Письмо Толстого к М. Н. Толстой неизвестно.</p>
<p rend="petit left"><hi>6</hi> Книготорговец И. Г. Соловьев.</p>
<p rend="petit left"><hi>7</hi> Мария Дмитриевна Дьякова.</p>
</comments></div></body>
        </text>
        </TEI>