<?xml version="1.0" encoding="UTF-8"?>
    <!-- <?xml-stylesheet type="text/xsl" target="../resources/MJT/myletter.xsl"?> -->
    <?xml-stylesheet type="css" target="graves.css"?>
    <?xml-model target="http://www.tei-c.org/release/xml/tei/custom/schema/relaxng/tei_all.rng" type="application/xml" schematypens="http://relaxng.org/ns/structure/1.0"?>
    <?xml-model target="http://www.tei-c.org/release/xml/tei/custom/schema/relaxng/tei_all.rng" type="application/xml"
            schematypens="http://purl.oclc.org/dsdl/schematron"?>
    <TEI xmlns="http://www.tei-c.org/ns/1.0">
       <teiHeader>
          <fileDesc>
             <titleStmt>
                <title>Письмо №* 106. Гр. С. Н. Толстому.</title>
             </titleStmt>
             <publicationStmt>
                <publisher>TolstoyLab</publisher>
                <date when="2015-09-14">14 September 2015</date>
             </publicationStmt>
             <sourceDesc>
                <biblStruct>
                   <analytic>
                      <author>Толстой Л.Н.</author>
                   </analytic>
                   <monogr>
                      <title level="m">Полное собрание сочинений. Том 59</title>
                      <imprint>
                         <pubPlace>Москва</pubPlace>
                         <publisher>Государственное издательство "Художественная литература"</publisher>
                         <date when="1935"/>
                      </imprint>
                   </monogr>
                   <series>
                      <title level="s">Л.Н. Толстой. Полное собрание сочинений</title>
                      <biblScope unit="vol">59</biblScope>
                   </series>
                </biblStruct>
				<bibl>Печатается по автографу, хранящемуся в ГТМ. Впервые отрывок из письма (четыре строки) опубликован П. И. Бирюковым в Б, I, 1906, стр. 251. Год определяется содержанием: говорится о сражении при Черной речке 4 августа 1855.</bibl>
             </sourceDesc>
          </fileDesc>
          <encodingDesc>
             <tagsDecl> </tagsDecl>
          </encodingDesc>
          <profileDesc>
             <correspDesc>
                <correspAction type="sending">
                   <persName ref="PersonList.xml#L_N_Tolstoy">Л. Н. Толстой</persName>
                   <placeName ref="PlacesListxml#PLACE">Бахчисарай.</placeName>
                   <date when="1855-08-07">1855 г. Августа 7.</date>            </correspAction>
                <correspAction type="receiving">
                   <persName ref="PersonList.xml#RECEIVER">Гр. С. Н. Толстому</persName>
                </correspAction>
                <correspContext>
                   <ref type="prev"></ref>
                </correspContext>
             </correspDesc>
          </profileDesc>
       </teiHeader>
       <xenoData><number type="in a volume">106</number></xenoData>

              <text xml:id="Gr.S.N.Tolstomu_106">
	<body><div>
		<opener index="false">
* 106. Гр. С. Н. Толстому.
1855 г. Августа 7. Бахчисарай.</opener>
<p rend="left">Какъ тебѣ нe совѣстно не отвѣчать мнѣ, когда я знаю, что ты въ Петербургѣ, черезъ Сталыпина,<note xml:id="note1" resp="volume_editor" index="false"> Арк. Дм. Столыпин. О нем см. прим. 8 к п. № 90.</note> который видѣлъ тебя. Несмотря на это я все таки пишу тебѣ нѣсколько строкъ, чтобы успокоить за себя по случаю сраженія 4-го, въ которомъ я былъ и остался цѣлъ; — впрочемъ я ничего не дѣлалъ, потому что моей Горной артилеріи не пришлось стрѣлять. Какъ не грѣхъ тебѣ не написать мнѣ, я бы такъ желалъ знать, какъ и что ты подѣлываешь въ своемъ полку. Мнѣ кажется, что мы тысячу лѣтъ не видались. —</p>
<p rend="left">Ежели ты все въ Петербургѣ, то сдѣлай милость узнай, тамъ ли Зубковъ, кот[орому] я долженъ, гдѣ онъ живетъ, и сколько я долженъ Дюсо<note xml:id="note2" resp="volume_editor" index="false"> Дюссо — ресторан в Петербурге.</note> и Шармеру,<note xml:id="note3" resp="volume_editor" index="false"> Шармер — очень известный в свое время портной в Петербурге.</note> и ихъ адресы. Даже прислалъ бы мнѣ отъ нихъ счеты, объяснивъ имъ, что я этого только жду, чтобы заплатить имъ. Пожалуйста сдѣлай это. Прощай, милый другъ, будь здоровъ и напиши хоть разъ да подлиннѣе.</p>
<p rend="right">Гр. Л. Толстой.</p>
<p rend="left">Тоже по литературнымъ дѣламъ какъ бы ты могъ мнѣ помочь, ежели бы ты былъ въ Петер[бургѣ], а письма ходятъ теперь удивительно скоро. —</p>
<p rend="left">7 Августа.</p>
<comments><p rend="Textpetit_otstup left">Печатается по автографу, хранящемуся в ГТМ. Впервые отрывок из письма (четыре строки) опубликован П. И. Бирюковым в Б, I, 1906, стр. 251. Год определяется содержанием: говорится о сражении при Черной речке 4 августа 1855.</p>
<p rend="Textpetit_otstup left"><hi>1</hi> Арк. Дм. Столыпин. О нем см. прим. 8 к п. № 90.</p>
<p rend="petit left"><hi>2</hi> Влад. Вас. Зубков. О нем прим. 9 к п. № 41.</p>
<p rend="petit left"><hi>3</hi> Дюссо — ресторан в Петербурге.</p>
<p rend="petit left"><hi>4</hi> Шармер — очень известный в свое время портной в Петербурге.</p>
<p rend="left secend"><hi style="opnumber">327</hi> <hi style="npnumber">328</hi></p>
</comments></div></body>
        </text>
        </TEI>