<?xml version="1.0" encoding="UTF-8"?>
    <!-- <?xml-stylesheet type="text/xsl" target="../resources/MJT/myletter.xsl"?> -->
    <?xml-stylesheet type="css" target="graves.css"?>
    <?xml-model target="http://www.tei-c.org/release/xml/tei/custom/schema/relaxng/tei_all.rng" type="application/xml" schematypens="http://relaxng.org/ns/structure/1.0"?>
    <?xml-model target="http://www.tei-c.org/release/xml/tei/custom/schema/relaxng/tei_all.rng" type="application/xml"
            schematypens="http://purl.oclc.org/dsdl/schematron"?>
    <TEI xmlns="http://www.tei-c.org/ns/1.0">
       <teiHeader>
          <fileDesc>
             <titleStmt>
                <title>Письмо №* 240. T. A. Ергольской.</title>
             </titleStmt>
             <publicationStmt>
                <publisher>TolstoyLab</publisher>
                <date when="2015-09-14">14 September 2015</date>
             </publicationStmt>
             <sourceDesc>
                <biblStruct>
                   <analytic>
                      <author>Толстой Л.Н.</author>
                   </analytic>
                   <monogr>
                      <title level="m">Полное собрание сочинений. Том 60</title>
                      <imprint>
                         <pubPlace>Москва</pubPlace>
                         <publisher>Государственное издательство "Художественная литература"</publisher>
                         <date when="1949"/>
                      </imprint>
                   </monogr>
                   <series>
                      <title level="s">Л.Н. Толстой. Полное собрание сочинений</title>
                      <biblScope unit="vol">60</biblScope>
                   </series>
                </biblStruct>
             </sourceDesc>
          </fileDesc>
          <encodingDesc>
             <tagsDecl> </tagsDecl>
          </encodingDesc>
          <profileDesc>
             <correspDesc>
                <correspAction type="sending">
                   <persName ref="PersonList.xml#L_N_Tolstoy">Л. Н. Толстой</persName>
                   <placeName ref="PlacesListxml#PLACE">Москва.</placeName>
                   <date when="1862-05-19">1862 г. Мая 19.</date>            </correspAction>
                <correspAction type="receiving">
                   <persName ref="PersonList.xml#RECEIVER">T. A. Ергольской</persName>
                </correspAction>
                <correspContext>
                   <ref type="prev"></ref>
                </correspContext>
             </correspDesc>
          </profileDesc>
       </teiHeader>
       <xenoData><number type="in a volume">240</number></xenoData>

              <text xml:id="T.A.Ergolskoj_240">
	<body><div>
		<opener index="false">
* 240. T. A. Ергольской.
1862 г. Мая 19. Москва.</opener>
<p rend="left">Я нынче еду из Москвы, сам не знаю куда — в Бугуруслан<note xml:id="note1" resp="volume_editor" index="false"> Бугуруслан — уездный город Самарской губернии.</note> или в Елтон,<note xml:id="note2" resp="volume_editor" index="false"> Елтон (Элтон), или, собственно, Алтан-нор, то есть Золотое озеро (у татар и калмыков) — соленое озеро в Астраханской губернии.</note> решу в Самаре.<note xml:id="note3" resp="volume_editor" index="false"> 12 мая 1862 г. Толстой, почувствовав себя переутомленным и физически нездоровым (он сильно кашлял), поехал на кумыс в Самарскую губернию с двумя своими учениками Василием Морозовым и Егором Черновым.</note> Что Сережа? Пожалуйста напишите про него или он сам — в Самару на почту. Никого не видал, кроме Берсов, Каткова и Аксакова. Докончил статьи в 4-й №;<note xml:id="note4" resp="volume_editor" index="false"> В № 4 (апрельском) «Ясной Поляны» была помещена статья Толстого «Яснополянская школа за ноябрь и декабрь месяцы (продолжение)». См. т. 8, стр. 110—125.</note> просите Господа не падать духом, а работать и работать, что я и намерен делать. Письмо Барону Nольде впишите имя, отчество и пошлите.<note xml:id="note5" resp="volume_editor" index="false"> Вероятно, бар. Николай Карлович Нольде, заседатель Палаты гражданского суда в 1856—1858 гг. Письмо к нему Толстого неизвестно.</note> — Мальчики здоровы, Москва нам не нравится. По журналу слава Богу. — Целую ваши руки.</p>
<p rend="right">Л. Толстой.</p>
<lb/>
<p rend="left"><hi>На конверте:</hi></p>
<p rend="left">Ее Высокоблагородию Татьяне Александровне Ергольской. <hi>В Тулу</hi>. Ясные Поляны.</p>
<comments><p rend="Textpetit_otstup left">Дата определяется почтовыми штемпелями на конверте.</p>
<p rend="Textpetit_otstup left"><hi>1</hi> Бугуруслан — уездный город Самарской губернии.</p>
<p rend="petit left"><hi>2</hi> Елтон (Элтон), или, собственно, Алтан-нор, то есть Золотое озеро (у татар и калмыков) — соленое озеро в Астраханской губернии.</p>
<p rend="petit left"><hi>3</hi> 12 мая 1862 г. Толстой, почувствовав себя переутомленным и физически нездоровым (он сильно кашлял), поехал на кумыс в Самарскую губернию с двумя своими учениками Василием Морозовым и Егором Черновым.</p>
<p rend="petit left">До Москвы Толстой доехал на лошадях, от Москвы по железной дороге до Твери, а из Твери до Самары на пароходе по Волге. См. запись в Дневнике под 20 мая 1862 г. (т. 48).</p>
<p rend="petit left"><hi>4</hi> В № 4 (апрельском) «Ясной Поляны» была помещена статья Толстого «Яснополянская школа за ноябрь и декабрь месяцы (продолжение)». См. т. 8, стр. 110—125.</p>
<p rend="petit left"><hi>5</hi> Вероятно, бар. Николай Карлович Нольде, заседатель Палаты гражданского суда в 1856—1858 гг. Письмо к нему Толстого неизвестно.</p>
</comments></div></body>
        </text>
        </TEI>