<?xml version="1.0" encoding="UTF-8"?>
    <!-- <?xml-stylesheet type="text/xsl" target="../resources/MJT/myletter.xsl"?> -->
    <?xml-stylesheet type="css" target="graves.css"?>
    <?xml-model target="http://www.tei-c.org/release/xml/tei/custom/schema/relaxng/tei_all.rng" type="application/xml" schematypens="http://relaxng.org/ns/structure/1.0"?>
    <?xml-model target="http://www.tei-c.org/release/xml/tei/custom/schema/relaxng/tei_all.rng" type="application/xml"
            schematypens="http://purl.oclc.org/dsdl/schematron"?>
    <TEI xmlns="http://www.tei-c.org/ns/1.0">
       <teiHeader>
          <fileDesc>
             <titleStmt>
                <title>Письмо №* 317. А. А. Фету.</title>
             </titleStmt>
             <publicationStmt>
                <publisher>TolstoyLab</publisher>
                <date when="2015-09-14">14 September 2015</date>
             </publicationStmt>
             <sourceDesc>
                <biblStruct>
                   <analytic>
                      <author>Толстой Л.Н.</author>
                   </analytic>
                   <monogr>
                      <title level="m">Полное собрание сочинений. Том 61</title>
                      <imprint>
                         <pubPlace>Москва</pubPlace>
                         <publisher>Государственное издательство "Художественная литература"</publisher>
                         <date when="1953"/>
                      </imprint>
                   </monogr>
                   <series>
                      <title level="s">Л.Н. Толстой. Полное собрание сочинений</title>
                      <biblScope unit="vol">61</biblScope>
                   </series>
                </biblStruct>
             </sourceDesc>
          </fileDesc>
          <encodingDesc>
             <tagsDecl> </tagsDecl>
          </encodingDesc>
          <profileDesc>
             <correspDesc>
                <correspAction type="sending">
                   <persName ref="PersonList.xml#L_N_Tolstoy">Л. Н. Толстой</persName>
                   <placeName ref="PlacesListxml#PLACE">Я. П.</placeName>
                   <date when="1870-12-01">1870 г. Декабря 1.</date>            </correspAction>
                <correspAction type="receiving">
                   <persName ref="PersonList.xml#RECEIVER">А. А. Фету</persName>
                </correspAction>
                <correspContext>
                   <ref type="prev"></ref>
                </correspContext>
             </correspDesc>
          </profileDesc>
       </teiHeader>
       <xenoData><number type="in a volume">317</number></xenoData>

              <text xml:id="A__A__Fetu_317">
	<body><div>
		<opener index="false">
* 317. А. А. Фету.
1870 г. Декабря 1. Я. П.</opener>
<p rend="left">Сейчас получил ваше письмо<note xml:id="note1" resp="volume_editor" index="false"> Письмо неизвестно.</note> и спешу отвечать, в особенности для того, чтобы вы не отложили вашу поездку к нам. Я, по всем вероятиям, буду дома 13-го и сделаю всё возможное, чтобы быть дома. И 13-го в 10 часов вышлю за вами лошадей в Ясенки. И если вы во Мценске на почте не получите 12-го письма или в телеграфной конторе депеши, что я почему-нибудь не могу быть дома, то смело спрашивайте лошадей Толстова в Ясенках и знайте, что я жду вас с разверстыми объятьями.</p>
<p rend="left">Радуюсь всею душою улучшению положения Марьи Петровны, которой просим передать наш с женой душевный привет.</p>
<p rend="left">Стихотворенье, которое вы мне прислали, одно из <hi>прекрасных;</hi> но последняя строфа, прекрасная по мысли, не готова. <hi>Утлый челн</hi> и <hi>паруса</hi> несогласно. Я уверен, что вы уж перелили эту строфу.<note xml:id="note2" resp="volume_editor" index="false"> Стихотворение «После бури». См. А. А. Фет, «Полное собрание стихотворений», изд. «Советский писатель», М. 1937 («Библиотека поэта», под ред. М. Горького), стр. 161.</note> —</p>
<p rend="right">До свиданья. Ваш Л. Толстой.</p>
<p rend="left">1 декабря.</p>
<comments><p rend="Textpetit_otstup left">Год определяется упоминанием о стихотворении Фета «После бури», написанном в 1870 <hi style="opdelimiter">г.</hi><hi style="opnumber">244</hi></p>
<p rend="Textpetit_otstup left"><hi>1</hi> Письмо неизвестно.</p>
<p rend="petit left"><hi>2</hi> Стихотворение «После бури». См. А. А. Фет, «Полное собрание стихотворений», изд. «Советский писатель», М. 1937 («Библиотека поэта», под ред. М. Горького), стр. 161.</p>
<p rend="petit left">В печатной редакции вторая строфа читается:</p>
<div rend="poem petit">
<div rend="stanza">
<p rend="v">
Спит, кидаясь, челн убогий,
</p>
<p rend="v">
Как больной от страшной мысли,
</p>
<p rend="v">
Лишь забытые тревогой
</p>
<p rend="v">
Складки паруса обвисли.
</p>
</div>
</div>
</comments></div></body>
        </text>
        </TEI>