<?xml version="1.0" encoding="UTF-8"?>
    <!-- <?xml-stylesheet type="text/xsl" target="../resources/MJT/myletter.xsl"?> -->
    <?xml-stylesheet type="css" target="graves.css"?>
    <?xml-model target="http://www.tei-c.org/release/xml/tei/custom/schema/relaxng/tei_all.rng" type="application/xml" schematypens="http://relaxng.org/ns/structure/1.0"?>
    <?xml-model target="http://www.tei-c.org/release/xml/tei/custom/schema/relaxng/tei_all.rng" type="application/xml"
            schematypens="http://purl.oclc.org/dsdl/schematron"?>
    <TEI xmlns="http://www.tei-c.org/ns/1.0">
       <teiHeader>
          <fileDesc>
             <titleStmt>
                <title>Письмо №* 65. Т. А. Ергольской.</title>
             </titleStmt>
             <publicationStmt>
                <publisher>TolstoyLab</publisher>
                <date when="2015-09-14">14 September 2015</date>
             </publicationStmt>
             <sourceDesc>
                <biblStruct>
                   <analytic>
                      <author>Толстой Л.Н.</author>
                   </analytic>
                   <monogr>
                      <title level="m">Полное собрание сочинений. Том 59</title>
                      <imprint>
                         <pubPlace>Москва</pubPlace>
                         <publisher>Государственное издательство "Художественная литература"</publisher>
                         <date when="1935"/>
                      </imprint>
                   </monogr>
                   <series>
                      <title level="s">Л.Н. Толстой. Полное собрание сочинений</title>
                      <biblScope unit="vol">59</biblScope>
                   </series>
                </biblStruct>
				<bibl>Печатается по автографу, хранящемуся в АТБ. Публикуется впервые. Почтовые штемпеля стерты. Год определяется содержанием: это письмо является ответом на письмо Т. А. Ергольской, датированное 26 июля 1852 г.</bibl>
             </sourceDesc>
          </fileDesc>
          <encodingDesc>
             <tagsDecl> </tagsDecl>
          </encodingDesc>
          <profileDesc>
             <correspDesc>
                <correspAction type="sending">
                   <persName ref="PersonList.xml#L_N_Tolstoy">Л. Н. Толстой</persName>
                   <placeName ref="PlacesListxml#PLACE">Станица Старогладковская.</placeName>
                   <date when="1852-08-15">1852 г. Августа 15.</date>            </correspAction>
                <correspAction type="receiving">
                   <persName ref="PersonList.xml#RECEIVER">Т. А. Ергольской</persName>
                </correspAction>
                <correspContext>
                   <ref type="prev"></ref>
                </correspContext>
             </correspDesc>
          </profileDesc>
       </teiHeader>
       <xenoData><number type="in a volume">65</number></xenoData>

              <text xml:id="T.A.Ergolskoj_65">
	<body><div>
		<opener index="false">
* 65. Т. А. Ергольской.
1852 г. Августа 15. Станица Старогладковская.
</opener><p rend="right">Старогладовская. </p>

<p rend="Obrashenie left">Chère tante! </p>
<p rend="left">Je crains que la lettre que j’ai écrit[e] à André<note xml:id="note1" resp="volume_editor" index="false"> Письмо это не сохранилось.</note> de Пятигорскъ dans laquelle je lui ordonne de m’envoyer de l’argent et de continuer à adresser à Пятиг., nе vous donne des <hi style="opdelimiter">inquiétudes</hi><hi style="opnumber">199</hi> <hi style="npnumber">200</hi><hi style="npdelimiter">sur</hi> ma santé. — J’ai cru un tems, qu’il faudrait que je reste aux eaux jusqu’au mois d’Octobre; mais mon docteur m’a tranquillisé sur la maladie que je croyais avoir et m’a dit que je pouvais partir; et c’est ce que j’ai fait il y a une semaine. Ma santé est bonne. Hier j’ai reçu trois lettres: l’une de vous,<note xml:id="note2" resp="volume_editor" index="false"> Это сохранившееся в АТ письмо от 26 июля.</note> l’autre de T. Pauline<note xml:id="note3" resp="volume_editor" index="false"> Пел. Ильин. Юшкова.</note> et la 3-eme d’André.<note xml:id="note4" resp="volume_editor" index="false"> Эти письма не сохранились.</note> En arrivant ici j’ai trouvé la lettre de Serge dont vous me parlez dans la votre.<note xml:id="note5" resp="volume_editor" index="false">Это большое письмо от 14, 18 июля, приведенное нами в прим. к п. <hi>№</hi> 61 и к п. № 64.</note> Je ne lui répondrai pas aux charmantes plaisanteries qu’il m’écrit au sujet des lettres que je vous ai écrit[es]. Je chéris trop le sentiment, qui me les a dicté pour le faire. Dites lui seulement, que le plaisir qu’il a eu de faire de si gentilles plaisanteries a été sans doute beaucoup moindre que le déplaisir que j’ai eu à les lire. J’ai appris que vous vous êtes chargée de touts les ennuis et désagréments de mon ménage. Je suis sûr que c’est aussi pour cela que vous restez si longtems toute seule à Ясная et que vous vous privez du plaisir d’être avec Marie.<note xml:id="note6" resp="volume_editor" index="false"> Гр. Мар. Ник. Толстая.</note> Croyez, chère tante, que je sens le sacrifice que vous me faites — je sais l’aprécier; mais je ne puis vous rendre à quel point il m’a touché. Mon affection et ma reconnaissance pour vous ne peuvent augmenter. Dites, je vous prie à Valérien que le projet de Serge de vendre les forêts me déplait beaucoup. Je désire qu’on vende avant tout <hi>Мостовая</hi> (si c’est possible) puis <hi>Грецовка</hi>, même <hi>la grande maison avant les forêts.</hi> Au reste je lui donne plein pouvoir d’agir comme il trouvera bon et de vendre ces 4 objets comme et à quel prix il voudra. Mon désir consiste à avoir 4,000 r. arg. pour payer mes dettes; et il n’y a rien que je ne sacrifie pour remplir ce désir, et le plutot possible. Ma lettre est décousue et courte c’est que je n’ai pas le tems d’écrire. A force de manger des fruits hier j’ai eu une fièvre d’indigestion qui m’a empêché d’écrire et aujourd’hui il faut que j’envoye tout de suite ma lettre. Adieu, chère tante, je baise vos mains. La poste suivante j’écrirais longuement à vous, à Valérien et à Serge. Ayez la bonté de dire à André qui je suis très content de la vente des chevaux, qu’il se donne toutes les peines du monde pour faire envoyer l’argent reçu pour la terre du grand chemin à la banque et qu’il fasse des confiture[s] des oranges amères pour T. Pauline et les lui envoye. —</p>
<lb/>
<p rend="left"><hi>На конверте</hi>:</p>
<p rend="left">Ея Высокоблагородію Татьянѣ Александровнѣ Ергольской.</p>
<p rend="subtitle centerline">
Въ г. Тулу.
</p>
<p rend="left emptyline"><hi style="opnumber">200</hi> <hi style="npnumber">201</hi></p>
<p rend="petit right">15 августа,</p>
<p rend="petit right">*Старогладовская*.</p>
<p rend="Obrashenie petit">
Дорогая тетенька! 
</p>
<p rend="petit left">Боюсь, что мое письмо к Андрею из Пятигорска,<note xml:id="note7" resp="volume_editor" index="false"> Письмо это не сохранилось.</note> в котором я велю* ему выслать мне деньги и продолжать писать в Пятигорск, вас взволнует относительно моего здоровья. — Одно время я думал, что мне следует пробыть на водах до октября; но насчет той болезни, которую я в себе предполагал, мой доктор меня успокоил; он сказал мне, что я могу уезжать, что я и исполнил неделю тому назад. Я здоров. Вчера я получил три письма: одно ваше,<note xml:id="note8" resp="volume_editor" index="false"> Это сохранившееся в АТ письмо от 26 июля.</note> другое Т[етушки] Полины<hi>З </hi>и третье от Андрея.<note xml:id="note9" resp="volume_editor" index="false"> Эти письма не сохранились.</note></p>
<p rend="petit left">Письмо Сережи, о котором вы упоминаете, я нашел здесь при приезде.<note xml:id="note10" resp="volume_editor" index="false">Это большое письмо от 14, 18 июля, приведенное нами в прим. к п. <hi>№</hi> 61 и к п. № 64.</note> Не буду отвечать на его прелестные шуточки по поводу моих писем к вам. Мне дорого то чувство, которое вызывает то, что я в них высказываю, и обсуждать его с ним я не буду. Скажите ему, что удовольствие, которое ему доставили его миленькие шуточки, наверное слабее того неудовольствия, которое я испытывал, читая их. Я узнал, что вы приняли на себя всю скуку и неприятности моего хозяйства. Я уверен, что поэтому вы и живете так долго одна в Ясной и лишаете себя удовольствия быть с Ма- щенькой.<note xml:id="note11" resp="volume_editor" index="false"> Гр. Мар. Ник. Толстая.</note> Поверьте, я понимаю, что это жертва, дорогая тетенька, и умею ценить ее, а выразить как я этим тронут я не умею. Моя благодарность и моя привязанность к вам увеличиться не могут.</p>
<p rend="petit left">Скажите, пожалуйста, Валерьяну, что проект Сережи продать леса, мне совсем не нравится. Я желаю, чтобы продали прежде всего <hi>Мостовую </hi>(ежели это возможно), затем <hi>Грецовку</hi>, даже <hi>большой дом раньше лесов</hi>. А впрочем, предоставляю ему делать так, как он считает лучшим, и продать то, что я переименовал, как и по какой хочет цене. Главное для меня получить 4 000 р. сер., чтобы расплатиться с долгами; нет того, чем бы я не пожертвовал, чтобы исполнить это мое желание и чем скорее, тем лучше. Я тороплюсь и письмо несвязно и коротко. Переел фруктов и вчера меня весь день знобило от засорения желудка, потому я не писал, а я должен отослать письмо сейчас. Прощайте, дорогая тетенька, целую ваши ручки. Следующий раз напишу длинно вам, Валерьяну и Сереже. Будьте добры сказать Андрею, что я очень доволен продажей лошадей, чтобы он из всех сил старался, чтобы вырученные деньги <hi>с</hi> продажи земли большака были пересланы в банк и чтобы он сварил варенье из померанцев и отослал его т(етушке) Полине. —</p>
<comments><p rend="Textpetit_otstup left">Печатается по автографу, хранящемуся в АТБ. Публикуется впервые. Почтовые штемпеля стерты. Год определяется содержанием: это письмо является ответом на письмо Т. А. Ергольской, датированное 26 июля 1852 г.</p>
<p rend="petit left">Об этом письме в дневнике Толстого под 14 августа записано: «... написал письмо Татьяне Александровне».</p>
<p rend="Textpetit_otstup left"><hi>1</hi> Письмо это не сохранилось.</p>
<p rend="petit left"><hi>2</hi> Это сохранившееся в АТ письмо от 26 июля.</p>
<p rend="petit left"><hi>3</hi> Пел. Ильин. Юшкова.</p>
<p rend="petit left"><hi>4</hi> Эти письма не сохранились.</p>
<p rend="petit left"><hi>5 </hi>Это большое письмо от 14, 18 июля, приведенное нами в прим. к п. <hi>№</hi> 61 и к п. № 64.</p>
<p rend="petit left">В ответ на это письмо Т. А. Ергольская писала 11 октября 1852 <hi style="opdelimiter">г.:</hi><hi style="opnumber">201</hi></p>
<p rend="petit left"><hi style="npnumber">202</hi><hi style="npdelimiter">«Твое</hi> долгое молчание меня стало тревожить; с возвращения твоего из Пятигорска я получила только одно коротенькое письмецо. Хотя ты и говоришь, что ты здоров, и что лечебные пятигорские воды были тебе полезны, но в конце письма ты упоминаешь, что переел фруктов, и что у тебя лихорадка от несварения желудка. И с тех пор ни слова. Сознаюсь тебе, мой дружок, я очень беспокоюсь. И Валериан удивляется, что ты не ответил на его письмо из Ясного. Он с таким усердием принялся устраивать твои дела, что наверное в этом успеет; будь спокоен, он вкладывает много доброй воли в готовность тебе услужить и быть тебе полезным. Он заслуживает признательность с твоей стороны, а уж я непрестанно его благодарю. Управляющий, им поставленный в Ясное, кажется человек честный, и главное, что у него нет того ужасного недостатка, которым отличался Андрей, уж это огромное преимущество. Пробудь он еще год в Ясном, я уверена, что все постройки развалились бы. Он ни о чем не заботился, вечно пьяный и тратит деньги на наряды своей красавицы жены, такой же пьяницы, как и он. — Валериан прислал несколько своих рабочих на различные поправки в Ясном: переклали печь в кухне, которую уж почти нельзя было топить, и сделали, что нужно, в людской на дворне. Теперь всё в порядке, не беспокойся. Деньги, врученные [<hi>неразобр</hi>.] внесены в банк, и на этот год ты свободен от этого долга. Валериан собирается на днях уплатить остаток твоего долга <hi>м-лъ Беэр.</hi> Есть покупатель на большой дом — Черемушкин. Валериан хотел бы взять три тысячи рублей серебром; тогда ты освободился бы от всех долгов. Так то, мой дружок, не беспокойся об этих делах; всё уладится хорошо и без продажи <hi>Мостовой</hi>, <hi>Грецовки </hi>и <hi>лесов. </hi>Хорошо бы ты сделал, добрый мой Léon, ежели бы ты написал Сереже; он обижен твоим молчанием, может думать, что ты на него сердишься, и что я этому причиной; мне это было бы грустно. Так вот, мой милый, избавь меня от этого огорчения, мне не хотелось бы быть яблоком раздора между вами двумя». (Оригинал по- французски; публикуется впервые; подлинник в АТБ.)</p>
<p rend="petit left"><hi>6</hi> Гр. Мар. Ник. Толстая.</p>
</comments></div></body>
        </text>
        </TEI>