<?xml version="1.0" encoding="UTF-8"?>
    <!-- <?xml-stylesheet type="text/xsl" target="../resources/MJT/myletter.xsl"?> -->
    <?xml-stylesheet type="css" target="graves.css"?>
    <?xml-model target="http://www.tei-c.org/release/xml/tei/custom/schema/relaxng/tei_all.rng" type="application/xml" schematypens="http://relaxng.org/ns/structure/1.0"?>
    <?xml-model target="http://www.tei-c.org/release/xml/tei/custom/schema/relaxng/tei_all.rng" type="application/xml"
            schematypens="http://purl.oclc.org/dsdl/schematron"?>
    <TEI xmlns="http://www.tei-c.org/ns/1.0">
       <teiHeader>
          <fileDesc>
             <titleStmt>
                <title>Письмо №* 39. Т. А. Ергольской.</title>
             </titleStmt>
             <publicationStmt>
                <publisher>TolstoyLab</publisher>
                <date when="2015-09-14">14 September 2015</date>
             </publicationStmt>
             <sourceDesc>
                <biblStruct>
                   <analytic>
                      <author>Толстой Л.Н.</author>
                   </analytic>
                   <monogr>
                      <title level="m">Полное собрание сочинений. Том 59</title>
                      <imprint>
                         <pubPlace>Москва</pubPlace>
                         <publisher>Государственное издательство "Художественная литература"</publisher>
                         <date when="1935"/>
                      </imprint>
                   </monogr>
                   <series>
                      <title level="s">Л.Н. Толстой. Полное собрание сочинений</title>
                      <biblScope unit="vol">59</biblScope>
                   </series>
                </biblStruct>
				<bibl>Печатается по автографу, хранящемуся в АТБ. Впервые опубликован отрывок (по-французски и в переводе) П. И. Бирюковым в Б, I, 1906, стр. 159—160; несколько бòльшие отрывки (почти полностью, только в переводе) даны П. А. Сергеенко в ПТС, I, стр. 6—7; впервые опубликовано полностью (только в переводе) в Бир., XX, 1913, стр. 10—11. Год письма определяется почтовым штемпелем: «Москва, 1851, марта 8». На конверте рукой Т. А. Ергольской: «Получено 15 марта 1851-го г.».</bibl>
             </sourceDesc>
          </fileDesc>
          <encodingDesc>
             <tagsDecl> </tagsDecl>
          </encodingDesc>
          <profileDesc>
             <correspDesc>
                <correspAction type="sending">
                   <persName ref="PersonList.xml#L_N_Tolstoy">Л. Н. Толстой</persName>
                   <placeName ref="PlacesListxml#PLACE">Москва.</placeName>
                   <date when="1851-03-08">1851 г. Марта 8.</date>            </correspAction>
                <correspAction type="receiving">
                   <persName ref="PersonList.xml#RECEIVER">Т. А. Ергольской</persName>
                </correspAction>
                <correspContext>
                   <ref type="prev"></ref>
                </correspContext>
             </correspDesc>
          </profileDesc>
       </teiHeader>
       <xenoData><number type="in a volume">39</number></xenoData>

              <text xml:id="T.A.Ergolskoj_39">
	<body><div>
		<opener index="false">
* 39. Т. А. Ергольской.
1851 г. Марта 8. Москва.
</opener><p rend="right">8 Mars.</p>

<p rend="Obrashenie left">Chère Tante!</p>
<p rend="left">Je crois, d’après votre silence, que vous êtes fâché contre moi, en effet il y a longtems, que je ne vous ai écrit; mais vous <hi style="opdelimiter">savez</hi><hi style="opnumber">89</hi> <hi style="npnumber">90</hi><hi style="npdelimiter">que</hi> s’il m’arrive, d’avoir des torts envers vous c’est bien malgré moi, vous savez aussi que plus je reste longtems sans vous voir, plus le sentiment que j’ai pour vous devient vif. — Je me calomniais quand je disais, que pour moi les absents ont tort. —</p>
<p rend="left">Dernièrement dans un ouvrage que je lisais l’auteur disait que les premiers indices du printems agissent ordinairement sur le moral des hommes. — Avec la nature qui renait on voudrait se sentir renaître aussi, on regrette le passé, le tems mal employé, on se repent de ses faiblesses et l’avenir nous apparait comme un point lumineux devant vous; on devient meilleur, moralement meilleur.</p>
<p rend="left">Ceci quant à moi est parfaitement vrai depuis que j’ai commencé [à] vivre (indépendament) le printem[s] me mettait toujours dans de bonnes dispositions, dans lesquelles je persévérais plus ou moins longtems mais c’est toujours l’hiver qui est une pierre d’achopement pour moi. — Всегда собьюсь. —</p>
<p rend="left">Au reste en récapitulant les hivers passés celui là est sans doute le plus agréable et le plus raisonable, que j’aie passé. — Je me suis amusé, je suis allé dans le monde, j’ai gardé des souvenirs agréables et avec cela je n’ai pas dérangé mes finances ni arrangé, c’est vrai. Tout de suite je viens de faire un calcul des dettes que j’ai et il se trouve que le chiffre en est le même que l’année précédente.</p>
<p rend="left">Adieu, chère et bonne tante, je baise mille fois vos mains et espère bientôt de [le] faire en réalité.</p>
<p rend="left">Dites à Valérien,<note xml:id="note1" resp="volume_editor" index="false">Гр. Валерьян Петрович Толстой. О нем см. прим. к п. № 43.</note> que je ne puis lui rien répondre; puisqu’il y a longtems que je n’ai vu le Prince; il vient de perdre sa fille.<hi>2 </hi>— Cependant aujourd’hui même je vais diner chez eux et je lui parlerais[ai].</p>
<p rend="right">Léon.</p>
<lb/>
<p rend="left"><hi>На конверте:</hi></p>
<p rend="left">Ея Высокоблагородію Татьянѣ Александровнѣ Ергольской. Тула. Чернь.</p>
<p rend="petit right">8 марта.</p>
<p rend="Obrashenie petit">
Дорогая тетенька!
</p>
<p rend="petit left">Мне кажется по вашему молчанию, что вы сердитесь на меня, и точно я вам давно не писал; но вы знаете, что и виноват я перед вами всегда против своей воли; вы знаете, что, чем дольше я вас не вижу, тем живее мое чувство к вам. — Я оклеветал себя, когда говорил, что отсутствующие всегда <hi style="opdelimiter">виноваты.</hi><hi style="opnumber">90</hi></p>
<p rend="petit left"><hi style="npnumber">91</hi><hi style="npdelimiter">Прочел</hi> недавно в одной книге, что первые признаки весны действуют обыкновенно на моральную сторону человека. — С оживающей природой хочется переродиться самому, жалеешь о прошлом, о дурно использованном времени, раскаиваешься в своих слабостях, и будущее представляется светлым впереди; становишься лучше, нравственно лучше. —</p>
<p rend="petit left">Относительно меня это совершенно верно; с тех пор как я начал жить (самостоятельно), весна всегда приводила меня в хорошее состояние, в котором я удерживался более или менее долго, но зима всегда была камнем преткновения. — *Всегда собьюсь.* —</p>
<p rend="petit left">Впрочем, если вспомнить прошлые зимы, нужно признать, что нынешняя была самой приятной и самой благоразумной из проведенных мною. — Я веселился, ездил в свет, сохранил много приятных впечатлений и не расстроил своих денежных дел. Правду сказать, и не устроил. Сейчас я подводил счет своим долгам, и оказывается, что сумма та же, что и в прошлом году.</p>
<p rend="petit left">Прощайте, милая и добрая тетенька, тысячу раз целую ваши ручки и надеюсь скоро исполнить это в действительности.</p>
<p rend="petit left">Скажите Валерьяну,<note xml:id="note2" resp="volume_editor" index="false">Гр. Валерьян Петрович Толстой. О нем см. прим. к п. № 43.</note> что ничего не могу ему ответить потому, что давно не видел князя, у которого только что умерла дочь.<note xml:id="note3" resp="volume_editor" index="false">Князь — Сергей Дмитриевич Горчаков, дочь его — кж. Софья Сергеевна Горчакова, скончавшаяся 25 февраля 1851 г.</note> — Однако я обедаю у них сегодня и буду с ним говорить. Лев.</p>
<comments><p rend="Textpetit_otstup left">Печатается по автографу, хранящемуся в АТБ. Впервые опубликован отрывок (по-французски и в переводе) П. И. Бирюковым в Б, I, 1906, стр. 159—160; несколько бòльшие отрывки (почти полностью, только в переводе) даны П. А. Сергеенко в ПТС, I, стр. 6—7; впервые опубликовано полностью (только в переводе) в Бир., XX, 1913, стр. 10—11. Год письма определяется почтовым штемпелем: «Москва, 1851, марта 8». На конверте рукой Т. А. Ергольской: «Получено 15 марта 1851-го г.».</p>
<p rend="Textpetit_otstup left"><hi>1 </hi>Гр. Валерьян Петрович Толстой. О нем см. прим. к п. № 43.</p>
<p rend="petit left"><hi>2 </hi>Князь — Сергей Дмитриевич Горчаков, дочь его — кж. Софья Сергеевна Горчакова, скончавшаяся 25 февраля 1851 г.</p>
</comments></div></body>
        </text>
        </TEI>