<?xml version="1.0" encoding="UTF-8"?>
    <!-- <?xml-stylesheet type="text/xsl" target="../resources/MJT/myletter.xsl"?> -->
    <?xml-stylesheet type="css" target="graves.css"?>
    <?xml-model target="http://www.tei-c.org/release/xml/tei/custom/schema/relaxng/tei_all.rng" type="application/xml" schematypens="http://relaxng.org/ns/structure/1.0"?>
    <?xml-model target="http://www.tei-c.org/release/xml/tei/custom/schema/relaxng/tei_all.rng" type="application/xml"
            schematypens="http://purl.oclc.org/dsdl/schematron"?>
    <TEI xmlns="http://www.tei-c.org/ns/1.0">
       <teiHeader>
          <fileDesc>
             <titleStmt>
                <title>Письмо №360. А. С. Суворину.</title>
             </titleStmt>
             <publicationStmt>
                <publisher>TolstoyLab</publisher>
                <date when="2015-09-14">14 September 2015</date>
             </publicationStmt>
             <sourceDesc>
                <biblStruct>
                   <analytic>
                      <author>Толстой Л.Н.</author>
                   </analytic>
                   <monogr>
                      <title level="m">Полное собрание сочинений. Том 61</title>
                      <imprint>
                         <pubPlace>Москва</pubPlace>
                         <publisher>Государственное издательство "Художественная литература"</publisher>
                         <date when="1953"/>
                      </imprint>
                   </monogr>
                   <series>
                      <title level="s">Л.Н. Толстой. Полное собрание сочинений</title>
                      <biblScope unit="vol">61</biblScope>
                   </series>
                </biblStruct>
				<bibl>Печатается по тексту, опубликованному в «Письмах русских писателей к А. С. Суворину», Л. 1927, стр. 178. Местонахождение автографа неизвестно. Год определяется содержанием.</bibl>
             </sourceDesc>
          </fileDesc>
          <encodingDesc>
             <tagsDecl> </tagsDecl>
          </encodingDesc>
          <profileDesc>
             <correspDesc>
                <correspAction type="sending">
                   <persName ref="PersonList.xml#L_N_Tolstoy">Л. Н. Толстой</persName>
                   <placeName ref="PlacesListxml#PLACE">Я. П.</placeName>
                   <date when="1872-03-01">1872 г. Марта 1.</date>            </correspAction>
                <correspAction type="receiving">
                   <persName ref="PersonList.xml#RECEIVER">А. С. Суворину</persName>
                </correspAction>
                <correspContext>
                   <ref type="prev"></ref>
                </correspContext>
             </correspDesc>
          </profileDesc>
       </teiHeader>
       <xenoData><number type="in a volume">360</number></xenoData>

              <text xml:id="A__S__Suvorinu_360">
	<body><div>
		<opener index="false">
360. А. С. Суворину.
1872 г. Марта 1. Я. П.
</opener>
<p rend="Obrashenie left">Милостивый государь!</p>
<p rend="left">Очень рад случаю возобновить давнишнее знакомство и от всей души бы желал исполнить ваше желание, но решительно не могу и не умею и, по правде сказать, был бы очень рад, если бы вы признали, что и совершенно справедливо, что решительно нет и не может быть никому никакого интереса в моей биографии. Очень сожалею о том, что вы так мрачно смотрите на свою деятельность. Мне, напротив, кажется, что у вас много сил и потому много будущности.</p>
<p rend="left">Желая вам успеха в ваших предприятиях и всего лучшего, с совершенным уважением и преданностью имею честь быть</p>
<p rend="right">ваш покорный слуга гр. Л. Толстой.</p>
<p rend="left">1 марта.</p>
<comments><p rend="Textpetit_otstup left">Печатается по тексту, опубликованному в «Письмах русских писателей к А. С. Суворину», Л. 1927, стр. 178. Местонахождение автографа неизвестно. Год определяется содержанием.</p>
<p rend="petit left">В 1872 г. А. С. Суворин издал «Русский календарь», носивший характер справочной энциклопедии для широкой публики. Подготовляя издание календаря на 1873 г., Суворин решил ввести в него отдел биографий русских ученых, литераторов, художников и музыкантов и обратился к Толстому с просьбой дать свою биографию. Письмо Суворина неизвестно.</p>
<p rend="petit left">Алексей Сергеевич Суворин (1834—1912) — реакционный журналист и крупный издатель, автор нескольких статей о Толстом. В начале своей деятельности выступал как журналист либерального направления, сотрудничал в «Отечественных записках», «Современнике». В 1876 г. приобрел газету «Новое время» и резко повернул в сторону реакции. Ленин так охарактеризовал его: «Бедняк, либерал и даже демократ в начале своего жизненного пути, — миллионер, самодовольный и бесстыдный хвалитель буржуазии, пресмыкающийся перед всяким поворотом политики власть имущих в конце этого пути» (В. И. Ленин, Сочинения, т. 18, стр. 250).</p>
<p rend="petit left">С Толстым Суворин познакомился в 1862 г. у поэта А. Н. Плещеева. В Дневнике Толстого за этот год 28 августа и 8 сентября <hi style="opdelimiter">упоминается</hi><hi style="opnumber">272</hi> <hi style="npnumber">273</hi><hi style="npdelimiter">его</hi> фамилия. Толстой в то время был увлечен изданием журнала «Ясная Поляна». В восьмом выпуске «книжек» «Ясной Поляны» был напечатан рассказ Суворина «Патриарх Никон».</p>
<p rend="petit left">А. С. Суворин бывал у Толстого и в Ясной Поляне, и в Москве, и в Петербурге, когда Толстой приезжал туда не надолго. В дневнике Суворина, охватывающем время с 1893 по 1907 г., есть ряд записей о встречах и беседах с Толстым (см. «Дневник А. С. Суворина», ред. М. Кричевского, М. — П. 1923).</p>
</comments></div></body>
        </text>
        </TEI>