<?xml version="1.0" encoding="UTF-8"?>
    <!-- <?xml-stylesheet type="text/xsl" target="../resources/MJT/myletter.xsl"?> -->
    <?xml-stylesheet type="css" target="graves.css"?>
    <?xml-model target="http://www.tei-c.org/release/xml/tei/custom/schema/relaxng/tei_all.rng" type="application/xml" schematypens="http://relaxng.org/ns/structure/1.0"?>
    <?xml-model target="http://www.tei-c.org/release/xml/tei/custom/schema/relaxng/tei_all.rng" type="application/xml"
            schematypens="http://purl.oclc.org/dsdl/schematron"?>
    <TEI xmlns="http://www.tei-c.org/ns/1.0">
       <teiHeader>
          <fileDesc>
             <titleStmt>
                <title>Письмо №* 352. А. А. Фету.</title>
             </titleStmt>
             <publicationStmt>
                <publisher>TolstoyLab</publisher>
                <date when="2015-09-14">14 September 2015</date>
             </publicationStmt>
             <sourceDesc>
                <biblStruct>
                   <analytic>
                      <author>Толстой Л.Н.</author>
                   </analytic>
                   <monogr>
                      <title level="m">Полное собрание сочинений. Том 61</title>
                      <imprint>
                         <pubPlace>Москва</pubPlace>
                         <publisher>Государственное издательство "Художественная литература"</publisher>
                         <date when="1953"/>
                      </imprint>
                   </monogr>
                   <series>
                      <title level="s">Л.Н. Толстой. Полное собрание сочинений</title>
                      <biblScope unit="vol">61</biblScope>
                   </series>
                </biblStruct>
             </sourceDesc>
          </fileDesc>
          <encodingDesc>
             <tagsDecl> </tagsDecl>
          </encodingDesc>
          <profileDesc>
             <correspDesc>
                <correspAction type="sending">
                   <persName ref="PersonList.xml#L_N_Tolstoy">Л. Н. Толстой</persName>
                   <placeName ref="PlacesListxml#PLACE">Я. П.</placeName>
                   <date when="1871-09-17">1871 г. Сентября 17.</date>            </correspAction>
                <correspAction type="receiving">
                   <persName ref="PersonList.xml#RECEIVER">А. А. Фету</persName>
                </correspAction>
                <correspContext>
                   <ref type="prev"></ref>
                </correspContext>
             </correspDesc>
          </profileDesc>
       </teiHeader>
       <xenoData><number type="in a volume">352</number></xenoData>

              <text xml:id="A__A__Fetu_352">
	<body><div>
		<opener index="false">
* 352. А. А. Фету.
1871 г. Сентября 17. Я. П.</opener>
<p rend="left">Слышал, что вы пишете «пупки», очень радуюсь и решительно не знаю, что будет. — У нас всё по-старому. — Пишу с просьбой, безнадежной, о Федоре Федоровиче. Если он не взял еще места, то сосед мой Бибиков (хороший человек) просит его к себе к единственному сыну, мальчику 10 лет<note xml:id="note1" resp="volume_editor" index="false"> У А. Н. Бибикова был сын Николай (1861—1919).</note> до июня. А в июне я прошу его, и Бибиков с тем берет. —</p>
<p rend="left">Поклоны наши Марье Петровне.</p>
<p rend="right">Ваш Л. Толстой.</p>
<p rend="left">17 сентября.</p>
<comments><p rend="Textpetit_otstup left">Год определяется сопоставлением с письмом № 349.</p>
<p rend="Textpetit_otstup left"><hi>1</hi> У А. Н. Бибикова был сын Николай (1861—1919).</p>
</comments></div></body>
        </text>
        </TEI>