<?xml version="1.0" encoding="UTF-8"?>
    <!-- <?xml-stylesheet type="text/xsl" target="../resources/MJT/myletter.xsl"?> -->
    <?xml-stylesheet type="css" target="graves.css"?>
    <?xml-model target="http://www.tei-c.org/release/xml/tei/custom/schema/relaxng/tei_all.rng" type="application/xml" schematypens="http://relaxng.org/ns/structure/1.0"?>
    <?xml-model target="http://www.tei-c.org/release/xml/tei/custom/schema/relaxng/tei_all.rng" type="application/xml"
            schematypens="http://purl.oclc.org/dsdl/schematron"?>
    <TEI xmlns="http://www.tei-c.org/ns/1.0">
       <teiHeader>
          <fileDesc>
             <titleStmt>
                <title>Письмо №414. А. А. Толстой.</title>
             </titleStmt>
             <publicationStmt>
                <publisher>TolstoyLab</publisher>
                <date when="2015-09-14">14 September 2015</date>
             </publicationStmt>
             <sourceDesc>
                <biblStruct>
                   <analytic>
                      <author>Толстой Л.Н.</author>
                   </analytic>
                   <monogr>
                      <title level="m">Полное собрание сочинений. Том 61</title>
                      <imprint>
                         <pubPlace>Москва</pubPlace>
                         <publisher>Государственное издательство "Художественная литература"</publisher>
                         <date when="1953"/>
                      </imprint>
                   </monogr>
                   <series>
                      <title level="s">Л.Н. Толстой. Полное собрание сочинений</title>
                      <biblScope unit="vol">61</biblScope>
                   </series>
                </biblStruct>
				<bibl>Впервые опубликовано, с датой: «Осень 1872», в ПТ, № 77. Датируется упоминанием об отъезде в Москву.</bibl>
             </sourceDesc>
          </fileDesc>
          <encodingDesc>
             <tagsDecl> </tagsDecl>
          </encodingDesc>
          <profileDesc>
             <correspDesc>
                <correspAction type="sending">
                   <persName ref="PersonList.xml#L_N_Tolstoy">Л. Н. Толстой</persName>
                   <placeName ref="PlacesListxml#PLACE">Я. П.</placeName>
                   <date when="1872-10-26">1872 г. Октября 26?</date>            </correspAction>
                <correspAction type="receiving">
                   <persName ref="PersonList.xml#RECEIVER">А. А. Толстой</persName>
                </correspAction>
                <correspContext>
                   <ref type="prev">Ответ на несохранившееся письмо А. А. Толстой, являющееся в свою очередь ответом на письмо Толстого от 20...21 сентября, № 403.</ref>
                </correspContext>
             </correspDesc>
          </profileDesc>
       </teiHeader>
       <xenoData><number type="in a volume">414</number></xenoData>

              <text xml:id="A__A__Tolstoj_414">
	<body><div>
		<opener index="false">
414. А. А. Толстой.
1872 г. Октября 26? Я. П.
</opener>
<p rend="Obrashenie left">Любезный друг Alexandrine!</p>
<p rend="left">Когда я писал (в особенности когда посылал) мое последнее письмо, я чувствовал, что я что-то делаю нехорошее, а когда получил ваш ответ, мне удивительно стало, как я мог послать это письмо. От всей души прошу вас простить меня за то, что огорчил.</p>
<p rend="left">Хотел писать вам длинно, но перед отъездом в Москву<note xml:id="note1" resp="volume_editor" index="false"> Толстой ездил в Москву 27—31 октября — искать гувернантку-англичанку.</note> написал целую кучу деловых писем и чувствую, что не напишу того, что хотелось вам написать. До другого раза. Это посылаю, чтоб облегчить немного свою совесть. Целую вашу руку.</p>
<p rend="right">Ваш Л. Толстой.</p>
<p rend="left">Вы спрашивали о деле быка. Оно кончилось тем, что следователь <hi>ошибся</hi>, обвинив меня. И обвинив меня, <hi>ошибся</hi> другой раз тем, что взял с меня подписку о невыезде. И те, кот[орые] наложили на меня штраф, тоже ошиблись. И в том, что дело это было начато, тоже <hi>ошибка</hi>, потому что они после меня, чтоб доказать, что было какое-то дело, начали обвинять моего управляющего; но так очевидно, что виноватого никого нет, что и обвинения против управляющего не может быть. Немножко в оправдание себя скажу вам еще то, что в последнее время, кончив свою Азбуку, я начал писать ту большую [повесть] (я не люблю называть романом), о кот[орой] я давно мечтаю.<note xml:id="note2" resp="volume_editor" index="false"> Имеется в виду роман из эпохи Петра I.</note> А когда начинает находить эта дурь, как прекрасно называл Пушкин,<note xml:id="note3" resp="volume_editor" index="false"> Пушкин 19 сентября 1833 г. писал из Оренбурга жене: «А уж чувствую, что дурь на меня находит — я и в коляске сочиняю, что ж будет в постеле?» (Пушкин, Полн. собр. соч., изд. АН СССР, т. 15, 1948, стр. 81).</note> делаешься особенно ощутителен на грубость жизни. Представьте себе человека, в совершенной тишине и темноте прислушивающегося к шорохам и вглядывающего[ся] в просветы мрака, которому вдруг под носом пустят вонючие бенгальские огни и сыграют на фальшивых трубах марш. Очень мучительно. Теперь я опять в тишине и темноте слушаю и гляжу, и если бы я мог описать сотую долю того, чтó я слышу и вижу. Это <hi style="opdelimiter">большое</hi><hi style="opnumber">332</hi> <hi style="npnumber">333</hi><hi style="npdelimiter">наслаждение.</hi> Вот я и расписался. Вы мне дали тему письму, на которую мне хочется писать. Дети мои. Вот они кто такие:</p>
<p rend="left">Старший белокурый, — не дурен. Есть что-то слабое и терпеливое в выражении и очень кроткое. Когда он смеется, он не заражает, но когда он плачет, я с трудом удерживаюсь, чтобы не плакать. Все говорят, что он похож на моего старшего брата. Я боюсь верить. Это слишком бы было хорошо. Главная черта брата была не эгоизм и не самоотверже[ние], а строгая середина. Он не жертвовал собой никому, но никогда никому не только не повредил, но не помешал. Он и радовался и страдал в себе одном. Сережа умен — математический ум и чуток к искусству, учится прекрасно, ловок прыгать, гимнастика; но gauche<note xml:id="note4" resp="volume_editor" index="false"> [ленив]</note> и рассеян. Самобытного в нем мало. Он зависит от физического.</p>
<p rend="left">Когда он здоров и нездоров, это два различные мальчика. — Илья 3-й. Никогда не был болен. Ширококост, бел, румян, сияющ. Учится дурно. Всегда думает о том, о чем ему не велят думать. Игры выдумывает сам. Акуратен, бережлив; «моё» для него очень важно. Горяч и violent,<note xml:id="note5" resp="volume_editor" index="false"> [бурный,]</note> сейчас драться; но и нежен, и чувствителен очень. Чувствен — любит поесть и полежать спокойно. Когда он ест желе смородинное и гречневую кашу, у него губы щекотит. Самобытен во всем. И когда плачет, то вместе злится и неприятен, а когда смеется, то и все смеются.</p>
<p rend="left">Всё непозволенное имеет для него прелесть, и он сразу узнает. Еще крошкой, он подслушал, что беременная жена чувствовала движенье ребенка. Долго его любимая игра была то, чтоб подложить себе что-нибудь круглое под курточку и гладить напряженной рукой и шептать, улыбаясь: «это бебичка». Он гладил также все бугры в изломанной пружинной мебели, приговаривая: «бебичка». Недавно, когда я писал истории в Азбуку, он выдумал свою: «Один мальчик спросил: «Бог ходит ли.....?» Бог наказал его, и мальчик всю жизнь ходил....»</p>
<p rend="left">Если я умру, старший, куда бы ни попал, выйдет славным человеком, почти наверно в заведении будет первым учеником, Илья погибнет, если у него не будет строгого и <hi>любимого</hi> им руководителя. —</p>
<p rend="left">Летом мы ездили купаться: Сережа верхом, а Илью я сажал себе за седло.</p>
<p rend="left">Выхожу утром, оба ждут. Илья в шляпе, с простыней, акуратно сияет, Сережа откуда-то прибежал, запыхавшись, без шляпы. «Найди шляпу, а то я не возьму». Сережа бежит <hi style="opdelimiter">туда,</hi><hi style="opnumber">333</hi> <hi style="npnumber">334</hi><hi style="npdelimiter">сюда.</hi> Нет шляпы. — «Нечего делать, без шляпы я не возьму тебя. Тебе урок, у тебя всегда всё потеряно». Он готов плакать. Я уезжаю с Ильей и жду, будет ли от него выражено сожаление. Никакого. Он сияет и рассуждает об лошади. Жена застает Сережу в слезах. Ищет шляпу — нет. Она догадывается, что ее брат, кот[орый] пошел рано утром ловить рыбу, надел Сережину шляпу. Она пишет мне записку, что Сережа, вероятно, не виноват в пропаже шляпы, и присылает его ко мне в картузе. (Она угадала.) Слышу по мосту купальни стремительные шаги, Сережа вбегает. (Дорогой он потерял записку.) И начинает рыдать. Тут и Илья тоже, и я немножко.</p>
<p rend="left">Таня — 8 лет. Все говорят, что она похожа на Соню, и я верю этому, хотя это также хорошо, но верю потому, что это очевидно. Если бы она была Адамова старшая дочь и не было бы детей меньше ее, она была бы несчастная девочка. Лучшее удовольствие ее возиться с маленькими. Очевидно, что она находит физическое наслаждение в том, чтобы держать, трогать маленькое тело. Ее мечта теперь сознательная — иметь детей. На днях мы ездили с ней в Тулу снимать ее портрет. Она стала просить меня купить Сереже ножик, тому другое, тому третье. И она знает всё, что доставит кому наибольшее наслаждение. Ей я ничего не покупал, и она ни на минуту не подумала о себе. Мы едем домой. «Таня, спишь?» «Нет». «О чем ты думаешь?» «Я думаю, как мы приедем, я спрошу у мама, был ли Леля хорош, и как я ему дам, и тому дам, и как Сережа притворится, что он не рад, а будет очень рад». Она не очень умна. Она не любит работать умом, но механизм головы хороший. Она будет женщина прекрасная, если бог даст мужа. И вот, готов дать премию огромную тому, кто из нее сделает <hi>новую женщину</hi>.</p>
<p rend="left">4-й Лев. Хорошенький, ловкий, памятливый, грациозный. Всякое платье на нем сидит, как по нем сшито. Всё, что другие делают, то и он, и всё очень ловко и хорошо. Еще хорошенько <hi>не понимаю</hi>.</p>
<p rend="left">5-я Маша, 2 года, та, с которой Соня была при смерти. Слабый, болезненный ребенок. Как молоко, белое тело, курчавые белые волосики; большие, странные, голубые глаза; странные по глубокому, серьезному выражению. Очень умна и некрасива. Это будет одна из загадок. Будет страдать, будет искать, ничего не найдет; но будет вечно искать самое недоступное.</p>
<p rend="left">6-й Петр великан. Огромный, прелестный беби, в <hi style="opdelimiter">чепце,</hi><hi style="opnumber">334</hi> <hi style="npnumber">335</hi><hi style="npdelimiter">вывертывает</hi> локти, куда-то стремится. И жена приходит в восторженное волнение и торопливость, когда его держит; но я ничего не понимаю. Знаю, что физический запас есть большой. А есть ли еще то, для чего нужен запас — не знаю. От этого я не люблю детей до 2—3 лет — не понимаю. Говорил ли я вам про странное замечание?</p>
<p rend="left">Есть два сорта мущин — охотники и неохотники. Неохотники любят маленьких детей — беби, могут брать в руки; охотники имеют чувство страха, гадливости и жалости к беби. Я не знаю исключения этому правилу. Поверьте своих знакомых. —</p>
<comments><p rend="Textpetit_otstup left">Впервые опубликовано, с датой: «Осень 1872», в ПТ, № 77. Датируется упоминанием об отъезде в Москву.</p>
<p rend="petit left">Ответ на несохранившееся письмо А. А. Толстой, являющееся в свою очередь ответом на письмо Толстого от 20...21 сентября, № 403.</p>
<p rend="Textpetit_otstup left"><hi>1</hi> Толстой ездил в Москву 27—31 октября — искать гувернантку-англичанку.</p>
<p rend="petit left"><hi>2</hi> Имеется в виду роман из эпохи Петра I.</p>
<p rend="petit left"><hi>3</hi> Пушкин 19 сентября 1833 г. писал из Оренбурга жене: «А уж чувствую, что дурь на меня находит — я и в коляске сочиняю, что ж будет в постеле?» (Пушкин, Полн. собр. соч., изд. АН СССР, т. 15, 1948, стр. 81).</p>
<p rend="petit left"><hi>4</hi> [ленив]</p>
<p rend="petit left"><hi>5</hi> [бурный,]</p>
</comments></div></body>
        </text>
        </TEI>