<?xml version="1.0" encoding="UTF-8"?>
    <!-- <?xml-stylesheet type="text/xsl" target="../resources/MJT/myletter.xsl"?> -->
    <?xml-stylesheet type="css" target="graves.css"?>
    <?xml-model target="http://www.tei-c.org/release/xml/tei/custom/schema/relaxng/tei_all.rng" type="application/xml" schematypens="http://relaxng.org/ns/structure/1.0"?>
    <?xml-model target="http://www.tei-c.org/release/xml/tei/custom/schema/relaxng/tei_all.rng" type="application/xml"
            schematypens="http://purl.oclc.org/dsdl/schematron"?>
    <TEI xmlns="http://www.tei-c.org/ns/1.0">
       <teiHeader>
          <fileDesc>
             <titleStmt>
                <title>Письмо №359. А. А. Фету.</title>
             </titleStmt>
             <publicationStmt>
                <publisher>TolstoyLab</publisher>
                <date when="2015-09-14">14 September 2015</date>
             </publicationStmt>
             <sourceDesc>
                <biblStruct>
                   <analytic>
                      <author>Толстой Л.Н.</author>
                   </analytic>
                   <monogr>
                      <title level="m">Полное собрание сочинений. Том 61</title>
                      <imprint>
                         <pubPlace>Москва</pubPlace>
                         <publisher>Государственное издательство "Художественная литература"</publisher>
                         <date when="1953"/>
                      </imprint>
                   </monogr>
                   <series>
                      <title level="s">Л.Н. Толстой. Полное собрание сочинений</title>
                      <biblScope unit="vol">61</biblScope>
                   </series>
                </biblStruct>
				<bibl>Впервые опубликовано в «Русском обозрении», 1890, 7, стр. 22—23. Год определяется упоминанием о возобновлении занятий с крестьянскими детьми (январь — апрель 1872 г.).</bibl>
             </sourceDesc>
          </fileDesc>
          <encodingDesc>
             <tagsDecl> </tagsDecl>
          </encodingDesc>
          <profileDesc>
             <correspDesc>
                <correspAction type="sending">
                   <persName ref="PersonList.xml#L_N_Tolstoy">Л. Н. Толстой</persName>
                   <placeName ref="PlacesListxml#PLACE">Я. П.</placeName>
                   <date when="1872-02-20">1872 г. Февраля 20.</date>            </correspAction>
                <correspAction type="receiving">
                   <persName ref="PersonList.xml#RECEIVER">А. А. Фету</persName>
                </correspAction>
                <correspContext>
                   <ref type="prev"></ref>
                </correspContext>
             </correspDesc>
          </profileDesc>
       </teiHeader>
       <xenoData><number type="in a volume">359</number></xenoData>

              <text xml:id="A__A__Fetu_359">
	<body><div>
		<opener index="false">
359. А. А. Фету.
1872 г. Февраля 20. Я. П.</opener>
<p rend="left">Как мне грустно было узнать, что вы были в Москве, и еще хуже, что, когда я на днях в другой раз приехал в Москву,<note xml:id="note1" resp="volume_editor" index="false">Первый раз в 1872 г. Толстой был в Москве 12 <hi style="opdelimiter">января.</hi><hi style="opnumber">271</hi></note> я узнал, что вы накануне уехали. Как же было не написать мне словечко о своем положении? Я могу не переписываться по годам с своими друзьями, но, когда друг в беде, то ужасно совестно и больно не знать. Напишите, как вы теперь? Не зарабатывайтесь своим судейством. Вы мне это проповедываете, а вам едва ли не нужнее, я уж лет 7 не помню вас, хоть на денек, спокойным и свободным. В Москве теперь хотел съездить к Боткину,<note xml:id="note2" resp="volume_editor" index="false"> К Дмитрию Петровичу Боткину, брату жены Фета. Дмитрий Петрович Боткин (1829—1889) — председатель Московского общества любителей художеств, владелец картинной галлереи.</note> чтоб разузнать про вас, но сам в Москве заболел и пролежал, просрочил и больной насилу добрался домой. Теперь лучше. Дома всё хорошо, и дом вы наш не узнаете: мы всю зиму уж пользуемся новой пристройкой. Еще новость, это, что я опять завел школу, и жена и дети — мы все учим и все довольны. —</p>
<p rend="left">Я кончил свои азбуки, печатаю и принимаюсь за задушевное сочинение,<note xml:id="note3" resp="volume_editor" index="false"> Роман из эпохи Петра I. К 1872 г. относится восемь начал романа (Кожуховский поход 1694 г.). См. т. 17.</note> которого не только в письме, но и на словах едва ли расскажу, несмотря на то, что вы тот, кому можно рассказать. Теперь пишу и вспоминаю, как давно мы потерялись из вида. Напишите, пожалуйста, поподробнее. За протекцию у брата<note xml:id="note4" resp="volume_editor" index="false"> Петр Афанасьевич Шеншин.</note> очень благодарю, я послал кобыл. —</p>
<p rend="left">Жена и я просим передать душевный привет Марье Петровне. Как ее здоровье? Прощайте, ваш искренний друг</p>
<p rend="right">Лев Толстой.</p>
<p rend="left">20 февраля.</p>
<comments><p rend="Textpetit_otstup left">Впервые опубликовано в «Русском обозрении», 1890, 7, стр. 22—23. Год определяется упоминанием о возобновлении занятий с крестьянскими детьми (январь — апрель 1872 г.).</p>
<p rend="petit left">Написано после полугодового перерыва в переписке (<ref target='file:///Volume_61_A__A__Fetu_352.xml'>см. письмо № 352</ref>), на другой день по приезде из Москвы, где Толстой узнал об обострении застарелой болезни А. А. Фета и о перенесенной им операции.</p>
<p rend="Textpetit_otstup left"><hi>1</hi>Первый раз в 1872 г. Толстой был в Москве 12 <hi style="opdelimiter">января.</hi><hi style="opnumber">271</hi></p>
<p rend="petit left"><hi>2</hi> К Дмитрию Петровичу Боткину, брату жены Фета. Дмитрий Петрович Боткин (1829—1889) — председатель Московского общества любителей художеств, владелец картинной галлереи.</p>
<p rend="petit left"><hi>3</hi> Роман из эпохи Петра I. К 1872 г. относится восемь начал романа (Кожуховский поход 1694 г.). См. т. 17.</p>
<p rend="petit left"><hi>4</hi> Петр Афанасьевич Шеншин.</p>
</comments></div></body>
        </text>
        </TEI>