<?xml version="1.0" encoding="UTF-8"?>
    <!-- <?xml-stylesheet type="text/xsl" target="../resources/MJT/myletter.xsl"?> -->
    <?xml-stylesheet type="css" target="graves.css"?>
    <?xml-model target="http://www.tei-c.org/release/xml/tei/custom/schema/relaxng/tei_all.rng" type="application/xml" schematypens="http://relaxng.org/ns/structure/1.0"?>
    <?xml-model target="http://www.tei-c.org/release/xml/tei/custom/schema/relaxng/tei_all.rng" type="application/xml"
            schematypens="http://purl.oclc.org/dsdl/schematron"?>
    <TEI xmlns="http://www.tei-c.org/ns/1.0">
       <teiHeader>
          <fileDesc>
             <titleStmt>
                <title>Письмо №* 292. В Тульское губернское по крестьянским делам присутствие.</title>
             </titleStmt>
             <publicationStmt>
                <publisher>TolstoyLab</publisher>
                <date when="2015-09-14">14 September 2015</date>
             </publicationStmt>
             <sourceDesc>
                <biblStruct>
                   <analytic>
                      <author>Толстой Л.Н.</author>
                   </analytic>
                   <monogr>
                      <title level="m">Полное собрание сочинений. Том 60</title>
                      <imprint>
                         <pubPlace>Москва</pubPlace>
                         <publisher>Государственное издательство "Художественная литература"</publisher>
                         <date when="1949"/>
                      </imprint>
                   </monogr>
                   <series>
                      <title level="s">Л.Н. Толстой. Полное собрание сочинений</title>
                      <biblScope unit="vol">60</biblScope>
                   </series>
                </biblStruct>
				<bibl>Печатается по подлиннику, хранящемуся в том же деле как № 281. Подпись Толстого собственноручная. Остальное написано писарской рукой. </bibl>
             </sourceDesc>
          </fileDesc>
          <encodingDesc>
             <tagsDecl> </tagsDecl>
          </encodingDesc>
          <profileDesc>
             <correspDesc>
                <correspAction type="sending">
                   <persName ref="PersonList.xml#L_N_Tolstoy">Л. Н. Толстой</persName>
                   <placeName ref="PlacesListxml#PLACE">Я. П.</placeName>
                   <date when="1861-10-21">1861 г. Октября 21.</date>            </correspAction>
                <correspAction type="receiving">
                   <persName ref="PersonList.xml#RECEIVER">В Тульское губернское по крестьянским делам присутствие</persName>
                </correspAction>
                <correspContext>
                   <ref type="prev"></ref>
                </correspContext>
             </correspDesc>
          </profileDesc>
       </teiHeader>
       <xenoData><number type="in a volume">292</number></xenoData>

              <text xml:id="VTulskoegubernskoepokrestyanskimdelamprisutstvie_292">
	<body><div>
		<opener index="false">
* 292. В Тульское губернское по крестьянским делам присутствие.
1861 г. Октября 21. Я. П.</opener>
<p rend="left">В Тульское Губернское по Крестьянским делам Присутствие.</p>
<lb/>
<p rend="center">М. В. Д.</p>
<p rend="center">Мирового Посредника IV</p>
<p rend="center">участка Крапивенского</p>
<p rend="center">Уезда Октября 21 дня</p>
<p rend="center">1861 года № 331.</p>
<p rend="left">Возвращая присланные при отношении оного Присутствия от 12 Сентября за № 1514, для дополнения, выкупной договор сельского Телятинского общества и коллежской Ассесорши Марсочниковой, мирской и обязательство, уведомить честь имею, что в действительности количества представляемой крестьянам сельца Телятинок на выкуп земли я удостоверился по прилагаемой при сем копии с уставной грамоты, по имеющемуся у Г. Марсочниковой плану и по признанию обществом крестьян сельца Телятинок действительности количества земли, показанного в уставной грамоте.</p>
<p rend="right">Мировой Посредник Гр. Л. Толстой.</p>
<comments><p rend="Textpetit_otstup left">Печатается по подлиннику, хранящемуся в том же деле как № 281. Подпись Толстого собственноручная. Остальное написано писарской рукой. </p>
<p rend="petit left">Далее в деле имеется выкупной договор Марсочниковой телятинскими крестьянами в количестве шестидесяти человек от 25 июля 1861 г. на 180 десятин удобной земли 60 крестьянам. Договор составлен по обычной форме. В конце его следующий автограф Толстого:</p>
<lb/>
<p rend="left">Что договор сей составлен по добровольному согласию крестьян сельца Телятинок и Г-жи Марсочниковой, в том свидетельствую.</p>
<p rend="right">Мировой посредник Гр. Л. <hi style="opdelimiter">Толстой.</hi><hi style="opnumber">492</hi></p>
<p rend="petit left"><hi style="npnumber">493</hi><hi style="npdelimiter">Губернское</hi> по крестьянским делам присутствие 22 августа вернуло выкупной договор Толстому, так как не были засвидетельствованы подписи владелицы и крестьян.</p>
</comments></div></body>
        </text>
        </TEI>