<?xml version="1.0" encoding="UTF-8"?>
    <!-- <?xml-stylesheet type="text/xsl" target="../resources/MJT/myletter.xsl"?> -->
    <?xml-stylesheet type="css" target="graves.css"?>
    <?xml-model target="http://www.tei-c.org/release/xml/tei/custom/schema/relaxng/tei_all.rng" type="application/xml" schematypens="http://relaxng.org/ns/structure/1.0"?>
    <?xml-model target="http://www.tei-c.org/release/xml/tei/custom/schema/relaxng/tei_all.rng" type="application/xml"
            schematypens="http://purl.oclc.org/dsdl/schematron"?>
    <TEI xmlns="http://www.tei-c.org/ns/1.0">
       <teiHeader>
          <fileDesc>
             <titleStmt>
                <title>Письмо №207. А. А. Фету.</title>
             </titleStmt>
             <publicationStmt>
                <publisher>TolstoyLab</publisher>
                <date when="2015-09-14">14 September 2015</date>
             </publicationStmt>
             <sourceDesc>
                <biblStruct>
                   <analytic>
                      <author>Толстой Л.Н.</author>
                   </analytic>
                   <monogr>
                      <title level="m">Полное собрание сочинений. Том 60</title>
                      <imprint>
                         <pubPlace>Москва</pubPlace>
                         <publisher>Государственное издательство "Художественная литература"</publisher>
                         <date when="1949"/>
                      </imprint>
                   </monogr>
                   <series>
                      <title level="s">Л.Н. Толстой. Полное собрание сочинений</title>
                      <biblScope unit="vol">60</biblScope>
                   </series>
                </biblStruct>
				<bibl>Впервые опубликовано А. А. Фетом в «Русском обозрении», 1890, I, стр. 66, и затем им же в «Моих воспоминаниях», I, стр. 368—369. Датируется по записи в Дневнике под 12 мая (т. 48).</bibl>
             </sourceDesc>
          </fileDesc>
          <encodingDesc>
             <tagsDecl> </tagsDecl>
          </encodingDesc>
          <profileDesc>
             <correspDesc>
                <correspAction type="sending">
                   <persName ref="PersonList.xml#L_N_Tolstoy">Л. Н. Толстой</persName>
                   <placeName ref="PlacesListxml#PLACE">Я. П.</placeName>
                   <date when="1861-05-12">1861 г. Мая 12.</date>            </correspAction>
                <correspAction type="receiving">
                   <persName ref="PersonList.xml#RECEIVER">А. А. Фету</persName>
                </correspAction>
                <correspContext>
                   <ref type="prev"></ref>
                </correspContext>
             </correspDesc>
          </profileDesc>
       </teiHeader>
       <xenoData><number type="in a volume">207</number></xenoData>

              <text xml:id="A.A.Fetu_207">
	<body><div>
		<opener index="false">
207. А. А. Фету.
1861 г. Мая 12. Я. П.</opener>
<p rend="left">Обнимаю вас от души, любезный друг Аф. Аф., за ваше письмо<note xml:id="note1" resp="volume_editor" index="false"> Письмо А. А. Фета не сохранилось.</note> и за вашу дружбу и за то, что вы есть Фет. Ив[ана] Сер[геевича] мне хочется видеть, а вас в десять раз больше. Так давно мы не видались, и так много с нами обоими случилось с тех пор. Вашей хозяйственной деятельности я не нарадуюсь, когда слышу и думаю про нее. И немножко горжусь, что и я хоть немного содействовал ей. Не мне бы говорить, не вам бы слушать — друг — хорошо; но он умрет, он уйдет как-нибудь, не поспеешь как-нибудь за ним; а природа, на которой женился посредством купчей крепости, или от кот[орой] родился по наследству, еще лучше. Своя собственная природа. И холодная она, и неразговорчивая, и важная, и требовательная, да зато уж это такой друг, которого не потеряешь до смерти, а и умрешь, всё в нее же уйдешь. Я впрочем теперь меньше предаюсь этому другу — у меня другие дела, втянувшие меня; но всё без этого сознания, что она тут, как повихнулся — есть за кого ухватиться, — плохо бы было жить. Дай вам Бог успеха, успеха, чтобы радовала вас ваша Степановка. Что вы пишете и будете писать, в этом я не сомневаюсь. М[арье] П[етровне] жму руку и прошу меня не забывать. Особенно будет несчастье, ежели я не побываю у вас нынче летом, а когда, не знаю.</p>
<p rend="right">Л. Толстой.</p>
<comments><p rend="Textpetit_otstup left">Впервые опубликовано А. А. Фетом в «Русском обозрении», 1890, I, стр. 66, и затем им же в «Моих воспоминаниях», I, стр. 368—369. Датируется по записи в Дневнике под 12 мая (т. 48).</p>
<p rend="petit left">Письмо это было послано А. А. Фету Толстым с Тургеневым вместе с письмом к последнему (несохранившимся). Через день после своего возвращения из-за границы Тургенев писал Толстому 2 мая 1861 г. из Петербурга (см. ТТП, стр. 61).</p>
<p rend="petit left">Письмо к Тургеневу не сохранилось. Тургеневым настоящая записка была отослана Фету 19 мая (см. А. Фет, «Мои воспоминания», I, стр. 368).</p>
<p rend="Textpetit_otstup left"><hi>1</hi> Письмо А. А. Фета не сохранилось.</p>
<p rend="emptyline left"><hi style="opnumber">388</hi> <hi style="npnumber">389</hi></p>
</comments></div></body>
        </text>
        </TEI>