<?xml version="1.0" encoding="UTF-8"?>
    <!-- <?xml-stylesheet type="text/xsl" target="../resources/MJT/myletter.xsl"?> -->
    <?xml-stylesheet type="css" target="graves.css"?>
    <?xml-model target="http://www.tei-c.org/release/xml/tei/custom/schema/relaxng/tei_all.rng" type="application/xml" schematypens="http://relaxng.org/ns/structure/1.0"?>
    <?xml-model target="http://www.tei-c.org/release/xml/tei/custom/schema/relaxng/tei_all.rng" type="application/xml"
            schematypens="http://purl.oclc.org/dsdl/schematron"?>
    <TEI xmlns="http://www.tei-c.org/ns/1.0">
       <teiHeader>
          <fileDesc>
             <titleStmt>
                <title>Письмо №* 24. Т. А. Ергольской.</title>
             </titleStmt>
             <publicationStmt>
                <publisher>TolstoyLab</publisher>
                <date when="2015-09-14">14 September 2015</date>
             </publicationStmt>
             <sourceDesc>
                <biblStruct>
                   <analytic>
                      <author>Толстой Л.Н.</author>
                   </analytic>
                   <monogr>
                      <title level="m">Полное собрание сочинений. Том 59</title>
                      <imprint>
                         <pubPlace>Москва</pubPlace>
                         <publisher>Государственное издательство "Художественная литература"</publisher>
                         <date when="1935"/>
                      </imprint>
                   </monogr>
                   <series>
                      <title level="s">Л.Н. Толстой. Полное собрание сочинений</title>
                      <biblScope unit="vol">59</biblScope>
                   </series>
                </biblStruct>
				<bibl>Печатается по автографу, хранящемуся в АТБ. Публикуется впервые. Датируется предположительно временем, когда Толстой часто бывал в Туле.</bibl>
             </sourceDesc>
          </fileDesc>
          <encodingDesc>
             <tagsDecl> </tagsDecl>
          </encodingDesc>
          <profileDesc>
             <correspDesc>
                <correspAction type="sending">
                   <persName ref="PersonList.xml#L_N_Tolstoy">Л. Н. Толстой</persName>
                   <placeName ref="PlacesListxml#PLACE">Тула.</placeName>
                   <date when="1849-06">1849 г. Июнь</date>            </correspAction>
                <correspAction type="receiving">
                   <persName ref="PersonList.xml#RECEIVER">Т. А. Ергольской</persName>
                </correspAction>
                <correspContext>
                   <ref type="prev"></ref>
                </correspContext>
             </correspDesc>
          </profileDesc>
       </teiHeader>
       <xenoData><number type="in a volume">24</number></xenoData>

              <text xml:id="T.A.Ergolskoj_24">
	<body><div>
		<opener index="false">
* 24. Т. А. Ергольской.
1849 г. Июнь... декабрь? Тула.</opener>
<p rend="left">Que faites vous chère Tante? Moi je m’amuse. Adieu, je vous baise les mains. — Voilà un billet pour André.</p>
<p rend="left"><hi>На обороте:</hi> Ея Высокородію Татьянѣ Александровнѣ Ергольской. Въ Ясную Поляну.</p>
<comments><p rend="Textpetit_otstup left">Что вы поделываете, дорогая тетенька? Я веселюсь. Прощайте, целую ваши ручки. — Эта записка Андрею.</p>
<p rend="Textpetit_otstup left">Печатается по автографу, хранящемуся в АТБ. Публикуется впервые. Датируется предположительно временем, когда Толстой часто бывал в Туле.</p>
<p rend="left secend"><hi style="opnumber">53</hi> <hi style="npnumber">54</hi></p>
</comments></div></body>
        </text>
        </TEI>
