<?xml version="1.0" encoding="UTF-8"?>
    <!-- <?xml-stylesheet type="text/xsl" target="../resources/MJT/myletter.xsl"?> -->
    <?xml-stylesheet type="css" target="graves.css"?>
    <?xml-model target="http://www.tei-c.org/release/xml/tei/custom/schema/relaxng/tei_all.rng" type="application/xml" schematypens="http://relaxng.org/ns/structure/1.0"?>
    <?xml-model target="http://www.tei-c.org/release/xml/tei/custom/schema/relaxng/tei_all.rng" type="application/xml"
            schematypens="http://purl.oclc.org/dsdl/schematron"?>
    <TEI xmlns="http://www.tei-c.org/ns/1.0">
       <teiHeader>
          <fileDesc>
             <titleStmt>
                <title>Письмо №221. Гр. А. А. Толстой.</title>
             </titleStmt>
             <publicationStmt>
                <publisher>TolstoyLab</publisher>
                <date when="2015-09-14">14 September 2015</date>
             </publicationStmt>
             <sourceDesc>
                <biblStruct>
                   <analytic>
                      <author>Толстой Л.Н.</author>
                   </analytic>
                   <monogr>
                      <title level="m">Полное собрание сочинений. Том 60</title>
                      <imprint>
                         <pubPlace>Москва</pubPlace>
                         <publisher>Государственное издательство "Художественная литература"</publisher>
                         <date when="1949"/>
                      </imprint>
                   </monogr>
                   <series>
                      <title level="s">Л.Н. Толстой. Полное собрание сочинений</title>
                      <biblScope unit="vol">60</biblScope>
                   </series>
                </biblStruct>
				<bibl>Печатается по печатному тексту, впервые опубликованному в ПТ, № 37. Местонахождение автографа неизвестно. Дата определяется ответным письмом А. А.Толстой от 22 августа 1861 г. См. ПТ, № <hi style="opdelimiter">38.</hi><hi style="opnumber">405</hi></bibl>
             </sourceDesc>
          </fileDesc>
          <encodingDesc>
             <tagsDecl> </tagsDecl>
          </encodingDesc>
          <profileDesc>
             <correspDesc>
                <correspAction type="sending">
                   <persName ref="PersonList.xml#L_N_Tolstoy">Л. Н. Толстой</persName>
                   <placeName ref="PlacesListxml#PLACE">Я. П.</placeName>
                   <date when="1861-08">1861 г. Августа</date>            </correspAction>
                <correspAction type="receiving">
                   <persName ref="PersonList.xml#RECEIVER">Гр. А. А. Толстой</persName>
                </correspAction>
                <correspContext>
                   <ref type="prev"></ref>
                </correspContext>
             </correspDesc>
          </profileDesc>
       </teiHeader>
       <xenoData><number type="in a volume">221</number></xenoData>

              <text xml:id="gr.A.A.Tolstoj_221">
	<body><div>
		<opener index="false">
221. Гр. А. А. Толстой.
1861 г. Августа начало. Я. П.</opener>
<p rend="left">Ослица Валаама<note xml:id="note1" resp="volume_editor" index="false"> Ослица Валаама, по библейскому сказанию, заговорила человеческим голосом, предостерегая месопотамского волхва Валаама от проклятия израильтян.</note> и копна заговорили.<note xml:id="note2" resp="volume_editor" index="false"> А. А. Толстая в своем последнем письме, датированном июнем 1861 г., писала Толстому: «Переписываться с вами всё равно, что играть в мячик, бросая его в копну сена», и кончала письмо словами: «До свиданья, копна» (оригинал по-французски, см. ПТ, № 36).</note> Нет, вы не сердитесь на меня — никогда не сердитесь. Разве не всё равно, что я всякий раз, как получаю от вас строчку, томы ответов записываю в своем сердце? Это вы должны знать. Да и зачем вам от меня письма? У вас есть Мальцева,<note xml:id="note3" resp="volume_editor" index="false"> А. Н. Мальцева.</note> у вас есть Перовский,<note xml:id="note4" resp="volume_editor" index="false"> Б. А. Перовский.</note> у вас Вяземская<note xml:id="note5" resp="volume_editor" index="false"> Кн. Мария Аркадьевна Вяземская, рожд. Столыпина (1819—1889), двоюродная сестра севастопольского товарища Толстого А. Д. Столыпина.</note> — всё у вас есть. Зачем вам мою каплю в вашем море? Вот я, так другое дело. Я приеду из участка, после толкования крестьянам о том, что не только в кровь не надо друга друга бить, но не надобно и просто драться, — или о том, что помещикам не следует уже насильно выдавать замуж девиц и т. п., — и получу ваше письмо. Впрочем, не должен и я жаловаться. Есть и у меня поэтическое, прелестное дело, от которого нельзя оторваться — это школа. Вырвавшись из канцелярии и от мужиков, преследующих меня со всех крылец дома, я иду в школу, но так как она переделывается,<note xml:id="note6" resp="volume_editor" index="false"> Для школы был отведен второй флигель большого дома, существующий поныне.</note> то классы рядом в саду под яблонями, куда можно пройти только нагнувшись, так всё заросло. И там сидит учитель, а кругом школьники, покусывая травки и пощелкивая в липовые и кленовые листья. Учитель учит по моим <hi style="opdelimiter">советам,</hi><hi style="opnumber">404</hi> <hi style="npnumber">405</hi><hi style="npdelimiter">но</hi> все-таки не совсем хорошо, что и дети чувствуют. Они меня больше любят. И мы начинаем беседовать часа 3—4, и никому не скучно. Нельзя рассказать, что это за дети — надо их видеть. Из нашего милого сословия детей я ничего подобного не видал. Подумайте только, что в [продолжение] двух лет, при совершенном отсутствии дисциплины ни один и ни одна не была наказана. Никогда лени, грубости, глупой шутки, неприличного слова. Дом школы теперь почти отделан. Три большие комнаты — одна розовая, две голубые заняты школой. В самой комнате кроме того музей. По полкам, кругом стен разложены камни, бабочки, скелеты, травы, цветы, физические инструменты и т. д. По воскресениям музей открывается для всех, и немец из Иены (который вышел славный юноша) делает эксперименты.<note xml:id="note7" resp="volume_editor" index="false"> Г. Ф. Келер.</note> Раз в неделю класс ботаники, и мы все ходим в лес за цветами, травами и грибами. Пения четыре класса в неделю. Рисования шесть (опять немец), и очень хорошо. Землемерство идет так хорошо, что мальчиков уже приглашают мужики. Учителей всех, кроме меня, три.<note xml:id="note8" resp="volume_editor" index="false"> Учителями в Яснополянской школе в это время были П. В. Морозов, Г. Ф. Келер и Владимир Александрович, отставной солдат, фамилия которого неизвестна.</note> И еще священник два раза в неделю.<note xml:id="note9" resp="volume_editor" index="false"> Константин Иванович Пашковский, священник села Кочаки.</note> А вы всё думаете, что я безбожник. И я еще учу священника, как учить. Мы вот как учим: Петров день — мы рассказываем историю Петра и Павла и всю службу. Потом умер Феофан<note xml:id="note10" resp="volume_editor" index="false"> Феофан Титович Пелагеюшкин (1813—1861) — яснополянский крестьянин.</note> на деревне — мы рассказываем, что такое соборование и т. д. И так, без видимой связи, проходим все таинства, литургию и все ново и ветхозаветные праздники. Классы положены с 8-ми до 12-ти часов и с 3-х до 6-ти, но всегда идут до двух, потому что нельзя выгнать детей из школы — просят еще. Вечером же часто больше половины останется ночевать в саду, в шалаше. За обедом и ужином и после ужина мы — учителя — совещаемся. По субботам же читаем друг другу наши заметки и приготовляем к будущей неделе.</p>
<p rend="left">Журнал я думаю начать в сентябре. Посредничество интересно и увлекательно, но нехорошо то, что всё дворянство возненавидело меня всеми силами души и суют мне des batons dans les roues<note xml:id="note11" resp="volume_editor" index="false"> [палки в колеса]</note> со всех сторон.</p>
<p rend="left">Прощайте, дорогой друг, — пишите, пишите мне, а я всегда буду неакуратен.</p>
<p rend="right">Л. Толстой.</p>
<comments><p rend="Textpetit_otstup left">Печатается по печатному тексту, впервые опубликованному в ПТ, № 37. Местонахождение автографа неизвестно. Дата определяется ответным письмом А. А.Толстой от 22 августа 1861 г. См. ПТ, № <hi style="opdelimiter">38.</hi><hi style="opnumber">405</hi></p>
<p rend="Textpetit_otstup left"><hi>1</hi> Ослица Валаама, по библейскому сказанию, заговорила человеческим голосом, предостерегая месопотамского волхва Валаама от проклятия израильтян.</p>
<p rend="petit left"><hi>2</hi> А. А. Толстая в своем последнем письме, датированном июнем 1861 г., писала Толстому: «Переписываться с вами всё равно, что играть в мячик, бросая его в копну сена», и кончала письмо словами: «До свиданья, копна» (оригинал по-французски, см. ПТ, № 36).</p>
<p rend="petit left"><hi>3</hi> А. Н. Мальцева.</p>
<p rend="petit left"><hi>4</hi> Б. А. Перовский.</p>
<p rend="petit left"><hi>5</hi> Кн. Мария Аркадьевна Вяземская, рожд. Столыпина (1819—1889), двоюродная сестра севастопольского товарища Толстого А. Д. Столыпина.</p>
<p rend="petit left"><hi>6</hi> Для школы был отведен второй флигель большого дома, существующий поныне.</p>
<p rend="petit left"><hi>7</hi> Г. Ф. Келер.</p>
<p rend="petit left"><hi>8</hi> Учителями в Яснополянской школе в это время были П. В. Морозов, Г. Ф. Келер и Владимир Александрович, отставной солдат, фамилия которого неизвестна.</p>
<p rend="petit left"><hi>9</hi> Константин Иванович Пашковский, священник села Кочаки.</p>
<p rend="petit left"><hi>10</hi> Феофан Титович Пелагеюшкин (1813—1861) — яснополянский крестьянин.</p>
<p rend="petit left"><hi>11</hi> [палки в колеса]</p>
</comments></div></body>
        </text>
        </TEI>