<?xml version="1.0" encoding="UTF-8"?>
    <!-- <?xml-stylesheet type="text/xsl" target="../resources/MJT/myletter.xsl"?> -->
    <?xml-stylesheet type="css" target="graves.css"?>
    <?xml-model target="http://www.tei-c.org/release/xml/tei/custom/schema/relaxng/tei_all.rng" type="application/xml" schematypens="http://relaxng.org/ns/structure/1.0"?>
    <?xml-model target="http://www.tei-c.org/release/xml/tei/custom/schema/relaxng/tei_all.rng" type="application/xml"
            schematypens="http://purl.oclc.org/dsdl/schematron"?>
    <TEI xmlns="http://www.tei-c.org/ns/1.0">
       <teiHeader>
          <fileDesc>
             <titleStmt>
                <title>Письмо №104. Письмо к издателям.</title>
             </titleStmt>
             <publicationStmt>
                <publisher>TolstoyLab</publisher>
                <date when="2015-09-14">14 September 2015</date>
             </publicationStmt>
             <sourceDesc>
                <biblStruct>
                   <analytic>
                      <author>Толстой Л.Н.</author>
                   </analytic>
                   <monogr>
                      <title level="m">Полное собрание сочинений. Том 61</title>
                      <imprint>
                         <pubPlace>Москва</pubPlace>
                         <publisher>Государственное издательство "Художественная литература"</publisher>
                         <date when="1953"/>
                      </imprint>
                   </monogr>
                   <series>
                      <title level="s">Л.Н. Толстой. Полное собрание сочинений</title>
                      <biblScope unit="vol">61</biblScope>
                   </series>
                </biblStruct>
				<bibl>Печатается по тексту, впервые опубликованному в «Московских ведомостях», 1865, № 58 от 16 марта, стр. 4.</bibl>
             </sourceDesc>
          </fileDesc>
          <encodingDesc>
             <tagsDecl> </tagsDecl>
          </encodingDesc>
          <profileDesc>
             <correspDesc>
                <correspAction type="sending">
                   <persName ref="PersonList.xml#L_N_Tolstoy">Л. Н. Толстой</persName>
                   <placeName ref="PlacesListxml#PLACE">Я. П.</placeName>
                   <date when="1865-03-10">1865 г. Марта 10.</date>            </correspAction>
                <correspAction type="receiving">
                   <persName ref="PersonList.xml#RECEIVER">Письмо к издателям</persName>
                </correspAction>
                <correspContext>
                   <ref type="prev"></ref>
                </correspContext>
             </correspDesc>
          </profileDesc>
       </teiHeader>
       <xenoData><number type="in a volume">104</number></xenoData>

              <text xml:id="Izdatelyam_104">
	<body><div>
		<opener index="false">
104. Письмо к издателям.
1865 г. Марта 10. Я. П.</opener>
<p rend="left">Более месяца тому назад посланы мною в Московскую сохранную казну проценты, кредитными билетами и сериями; последних было на 350 р. Через месяц получаю серии обратно при следующей бумаге: «Сохранная казна, зачислив присланные вами наличные деньги <hi>пятьсот двадцать девять рублей </hi>по займу вашему, серии, на <hi>триста пятьдесят рублей</hi>, препровождает при сем к вам обратно вместе с квитанцией, как непринимаемые в платеж по займам». Между тем я должен заметить, что с тех пор, как существуют серии, было плачено за это имение постоянно сериями.</p>
<p rend="left">Всем известно, что в настоящее время не только в нашем околотке, но и во всей России помещики чуть не на половину находятся под опекой один у другого за неплатеж процентов сохранной казне; всем известно, что на продающиеся за неплатеж имения не является покупателей. Вот при каких обстоятельствах сохранная казна не затрудняется возвращать назад бывшую уже у нее в руках уплату долга от очевидно несостоятельного кредитора.</p>
<p rend="right">Граф Лев Толстой.</p>
<p rend="left">10-го марта 1865 г.</p>
<comments><p rend="Textpetit_otstup left">Печатается по тексту, впервые опубликованному в «Московских ведомостях», 1865, № 58 от 16 марта, стр. 4.</p>
<p rend="petit left">В Дневнике Толстого 27 марта 1865 г. записано: «Глупость печатанья о сохранной казне — сильный урок» (т. 48, стр. 62).</p>
</comments></div></body>
        </text>
        </TEI>