<?xml version="1.0" encoding="UTF-8"?>
    <!-- <?xml-stylesheet type="text/xsl" target="../resources/MJT/myletter.xsl"?> -->
    <?xml-stylesheet type="css" target="graves.css"?>
    <?xml-model target="http://www.tei-c.org/release/xml/tei/custom/schema/relaxng/tei_all.rng" type="application/xml" schematypens="http://relaxng.org/ns/structure/1.0"?>
    <?xml-model target="http://www.tei-c.org/release/xml/tei/custom/schema/relaxng/tei_all.rng" type="application/xml"
            schematypens="http://purl.oclc.org/dsdl/schematron"?>
    <TEI xmlns="http://www.tei-c.org/ns/1.0">
       <teiHeader>
          <fileDesc>
             <titleStmt>
                <title>Письмо №* 52. Гр. С. Н. Толстому и М. М. Шишкиной.</title>
             </titleStmt>
             <publicationStmt>
                <publisher>TolstoyLab</publisher>
                <date when="2015-09-14">14 September 2015</date>
             </publicationStmt>
             <sourceDesc>
                <biblStruct>
                   <analytic>
                      <author>Толстой Л.Н.</author>
                   </analytic>
                   <monogr>
                      <title level="m">Полное собрание сочинений. Том 59</title>
                      <imprint>
                         <pubPlace>Москва</pubPlace>
                         <publisher>Государственное издательство "Художественная литература"</publisher>
                         <date when="1935"/>
                      </imprint>
                   </monogr>
                   <series>
                      <title level="s">Л.Н. Толстой. Полное собрание сочинений</title>
                      <biblScope unit="vol">59</biblScope>
                   </series>
                </biblStruct>
				<bibl>Печатается по автографу, хранящемуся в ГТМ. Впервые опубликованы отрывки из письма П. И. Бирюковым в Б, 1, 1906, стр. 186—189; несколько большие отрывки даны П. А. Сергеенко в ПТС, I, стр. 14—16; еще более крупные отрывки даны в Бир., XX, 1913, стр. 18—20. Год письма определяется содержанием: Хаджи-Мурат предался русским в 20-х числах ноября 1851 г.</bibl>
             </sourceDesc>
          </fileDesc>
          <encodingDesc>
             <tagsDecl> </tagsDecl>
          </encodingDesc>
          <profileDesc>
             <correspDesc>
                <correspAction type="sending">
                   <persName ref="PersonList.xml#L_N_Tolstoy">Л. Н. Толстой</persName>
                   <placeName ref="PlacesListxml#PLACE">Тифлис.</placeName>
                   <date when="1851-12-23">1851г. Декабря 23.</date>            </correspAction>
                <correspAction type="receiving">
                   <persName ref="PersonList.xml#RECEIVER">Гр. С. Н. Толстому и М. М. Шишкиной</persName>
                </correspAction>
                <correspContext>
                   <ref type="prev"></ref>
                </correspContext>
             </correspDesc>
          </profileDesc>
       </teiHeader>
       <xenoData><number type="in a volume">52</number></xenoData>

              <text xml:id="Gr.S.N.TolstomuiM.M.SHishkinoj_52">
	<body><div>
		<opener index="false">
* 52. Гр. С. Н. Толстому и М. М. Шишкиной.
1851 г. Декабря 23. Тифлис.
</opener>Тифлисъ.

<p rend="Obrashenie left">Милый другъ Сережа!</p>
<p rend="left">Какъ жалко, что мы съ тобой не переписываемся! Что значить 20 или 30 гривенниковъ въ годъ и нѣсколько часовъ, по- свѣщенныхъ на то, чтобы писать другъ другу? А сколько бы было удовольствія. — Я въ настоящую минуту до такой степени жаждую поболтать съ тобой про всякую дребедень, что ежели бы конвертъ стоилъ не 10 коп., а 30 р., я отдалъ бы послѣднее. Я пишу и завидую удовольствію, которое ты получишь, читая мое письмо. — На дняхъ давно желанный мною приказъ о зачисленіи меня феерверкеромъ въ 4 батарею долженъ состояться, и я буду имѣть удовольствіе дѣлать фрунтъ и провожать главами мимо-ѣдущихъ офицеровъ и Генераловъ. Даже теперь, когда я прогуливаюсь по улицамъ въ своемъ Шармеровскомъ<note xml:id="note1" resp="volume_editor" index="false">Шармер — лучший в то время портной в Петербурге.</note> пальто и въ складной шляпѣ, [за] которую я заплатилъ здѣсь 10 р., несмотря на всю свою величавость въ этой одеждѣ, я такъ привыкъ къ мысли скоро надѣть сѣрую шинель, что невольно правая рука хочетъ схватить за пружины складную <hi style="opdelimiter">шляпу</hi><hi style="opnumber">129</hi> <hi style="npnumber">130</hi><hi style="npdelimiter">и</hi> опустить ее внизъ. — Да, Маша,<note xml:id="note2" resp="volume_editor" index="false">Марья Михайловна Шишкина. О ней см. прим. 15 к п. № 12.</note> теперь, ежели ты проѣдешь мимо меня на извощикѣ съ Вензелемъ или Гельке,<note xml:id="note3" resp="volume_editor" index="false">Кто такие Вензель и Гельке, сказать не можем. О Гельке есть записи в дневнике Толстого: под 6 апреля 1851 г.: «сбивает меня очень мысль об истории с Гельке, нынче после обеда опишу ее» и под 8 авг. 1853 г.: «Вечером пришли все дурные воспоминания моей жизни: Гельке...»</note> я вытянусь въ струнку около тротуарнаго столба и буду стоять въ такомъ положеніи до тѣхъ поръ, покуда вы съ Вензелемъ скроетесь изъ моихъ глазъ. — Впрочемъ, ежели мое желаніе исполнится, то я въ день же своего опредѣленія уѣзжаю въ Старогладовскую, а оттуда тотчасъ-же въ походъ, гдѣ буду ходить и ѣздить въ тулупѣ или черкескѣ и тоже по мѣрѣ силъ моихъ буду способствовать съ помощію пушки къ истребленію <hi>коварныхъ хищниковъ и непокорныхъ Азіятовъ</hi>. — Marie dans sa dernière lettre <note xml:id="note4" resp="volume_editor" index="false">Это письмо не сохранилось.</note> me parle de toi et de Маша (la bohemienne). Elle dit «ma tante m’a dit que pendant son séjour à Pirogovo elle n’a pas une seule fois aperçu <hi>la sultane</hi> et que c’est une preuve de la délicatesse de Serge, moi, dit Marie, je ne vois en ceci, qu’une preuve de froideur de la part de Serge et je plains beaucoup la pauvre fille si véritablement elle est délaissée, car je suis persuadée, que ce n’est pour l’argent qu’elle s’est donnée et qu’elle aime Serge».<note xml:id="note5" resp="volume_editor" index="false">Машенька в своем последнем письме говорит мне о тебе и Маше (цыганке). Она говорит: «Тетенька мне сказала, что во время своего пребывания в Пирогове она ни разу не встретила <hi>султаншу</hi>, и что это есть доказательство деликатности Сережи. Я, говорит Машенька, не вижу в этом ничего, кроме доказательства холодности со стороны Сережи, и я очень жалею бедную девушку, если она действительно брошена, потому что я убеждена, что она отдалась не из-за денег и что она любит Сережу».</note></p>
<p rend="left">Каково разсуждаетъ недавно еще косолапая съ большими глазами и съ Англійской болѣзнью маленькая Машинька. Какъ мило, какъ умно, и какое чудесное сердце? Я съ ней совершенно согласенъ, и хотя я знаю, что рано или поздно вы должны разойдтись и что чѣмъ раньше, тѣмъ лучше это будетъ для тебя въ нѣкоторыхъ отношеніяхъ, но всетаки когда <hi>лопнетъ</hi> не цѣпь, а тонкій волосокъ, который смыкаетъ сердца любовниковъ, между вами, мнѣ будетъ грустно за бѣдную <hi>преступницу </hi>Машу. — Что ее брюхо? —</p>
<p rend="left">Маша! Роди пожалуйста мальчика и назови его Львомъ и меня заочно выбери крестнымъ отцомъ,<note xml:id="note6" resp="volume_editor" index="false">Марья Михайловна была беременна первым ребенком, сыном Николаем, умершим в детстве.</note> хотя я задолжалый и погорѣлый помѣщикъ, но на послѣднія деньги на ризки куплю канаусу и пришлю. — Главное мнѣ этаго затѣмъ хочется, чтобы, когда я въ 1875 году приѣду въ Москву опредѣлять сына и заѣду къ Цыганамъ вспомнить старину, найдти тамъ <hi>дилижера</hi> Льва Львовича (крестника). Сережа, ты видишь по письму моему, что я въ Тифлисѣ, куда приѣхалъ еще 9 Ноября,<note xml:id="note7" resp="volume_editor" index="false">Толстой ошибся: в Тифлис он с гр. Н. Н. Толстым приехал 1 ноября (о чем см. п. № 49) и 9 ноября уехал из Тифлиса Николай Николаевич.</note> такъ что немного успѣлъ поохотиться съ собаками, которыхъ тамъ купилъ (въ Старогладовскѣ), а присланныхъ собакъ вовсѣ не видалъ. — Охота здѣсь чудо! Чистыя поля, болотцы, набитые русаками, и острова не изъ лѣса, а изъ камышу, въ которыхъ держутся лисицы. Я всего 9 разъ былъ въ полѣ, отъ <hi style="opdelimiter">станицы</hi><hi style="opnumber">130</hi> <hi style="npnumber">131</hi><hi style="npdelimiter">въ</hi> 10 и 15 верстахъ и съ двумя собаками, изъ которыхъ одна отличная, а другая дрянь, затравилъ 2-хъ лисицъ и русаковъ съ 60. — Какъ приѣду, такъ попробую травить козъ. — На охотахъ съ ружьями на кабановъ, олѣней я присутствовалъ неоднократно, но ничего самъ не убилъ. — Охота эта тоже очень пріятна, но, привыкнувъ охотиться съ борзыми, нельзя полюбить эту. — Также какъ, ежели кто привыкнулъ курить турецкой табакъ, нельзя полюбить Жуковъ,<note xml:id="note8" resp="volume_editor" index="false">Жукова табачная фабрика.</note> хотя и можно спорить, что этотъ лучше. —</p>
<p rend="left">Я знаю твою слабость, ты вѣрно пожелаешь знать, кто здѣсь были и есть мои знакомые, и въ какихъ я съ ними отношеніяхъ. Долженъ тебѣ сказать, что этотъ пунктъ нисколько меня здѣсь не занимаетъ, но спѣшу удовлетворить тебя. — Въ батареѣ офицеровъ немного, поэтому я со всѣми знакомъ, но очень поверхностно, хотя и пользуюсь общимъ расположеніемъ, потому что у насъ съ Николинькой всегда есть для посѣтителей водка, вино и закуски; на тѣхъ же самыхъ основаніяхъ составилось и поддерживается мое знакомство съ другими полковыми офицерами, съ которыми я имѣлъ случай познакомиться въ Старомъ Юртѣ (на водахъ, гдѣ я жилъ лѣто)<note xml:id="note9" resp="volume_editor" index="false">См. п. № 45.</note> и въ набѣгѣ, въ которомъ я былъ.<note xml:id="note10" resp="volume_editor" index="false">В дневнике под 3 июля 1851 г. Толстой записывает: «Был в набеге, то же действовал нехорошо: бессознательно и трусил Барятинского». Точных сведений об этом набеге, в котором Толстой участвовал в качестве волонтера, еще не надев мундира, мы не имеем. В книге Янжула «Восемьдесят лет боевой и мирной жизни 20-й Артиллерийской бригады, Тифлис, 1886—1887» читаем: «Летом 1851 г. войска левого фланга были собраны снова под начальством ген.-м. князя Барятинского. В составе артиллерии находились, между прочим, четыре орудия батарейной № 4 батареи, которыми командовали капитан Хилковский, поручик гр. Н. Н. Толстой и подпоручик Сулимовский, ракетная команда подпоручика Ладыженского и вся легкая № 5 батарея, под начальством капитана Янова с поручиком Парчевским и подпоручиком Рычковым» (т. II, стр. 88). Из произведенных этим отрядом более значительных набегов у <hi style="opdelimiter">Янжула</hi><hi style="opnumber">133</hi> <hi style="npnumber">134</hi><hi style="npdelimiter">Упоминается</hi> только движение отряда кавалерии при 19 орудиях к сс. Автурам и Герменчуку 27 и 28 июня, но 4 батарея в нем не принимала участия. Повидимому, этот поход и послужил материалом для рассказа «Набег».</note> — Хотя есть болѣе или менѣе порядочные люди, но такъ какъ я и безъ офицерскихъ бѣсѣдъ имѣю всегда болѣе интересныя занятія, я остаюсь со всѣми въ одинаковыхъ отношеніяхъ. Подполковникъ Алексѣевъ,<note xml:id="note11" resp="volume_editor" index="false">Никита Петрович Алексеев. О нем см. прим. 4 к п. № 45.</note> командиръ батареи, въ которую я поступаю, человѣкъ очень добрый и тщеславный. Послѣднимъ его недостаткомъ я, признаюсь, пользовался и пускалъ ему нѣкоторую пыль въ глаза — онъ мнѣ нуженъ. — Но и это я дѣлалъ невольно, въ чемъ и раскаиваюсь. — Съ людьми тщеславными самъ дѣлаешься тщеславенъ. Здѣсь въ Тифлисѣ у меня 3 человѣка знакомыхъ. — Больше я не приобрѣлъ знакомствъ, вопервыхъ, потому что не желалъ, а во вторыхъ, потому что не имѣлъ къ тому случая — я почти все время былъ боленъ и недѣлю только что выхожу. — Первый знакомый мой Багратіон<note xml:id="note12" resp="volume_editor" index="false">О каком Багратионе идет речь, сказать не можем. О нем же упоминает Толстой в письме № 53.</note> Петербургскій (товарищъ Ферзена).<note xml:id="note13" resp="volume_editor" index="false"> Герман Егорович Ферзен. О нем см. прим. 2 к п. № 12.</note> Здѣсь онъ очень важный Грузинскій Князь, но хотя и очень добръ и часто навѣщалъ меня во время моей болѣзни, я долженъ отдать ему справедливость, — онъ, какъ и всѣ Грузины, не отличается дальнимъ умомъ. — Второй Князь Барятинскій.<note xml:id="note14" resp="volume_editor" index="false"> Кн. Александр Иванович Барятинский. О нем см. прим. к п. № 77.</note> — Я познакомился съ нимъ въ набѣгѣ, въ которомъ подъ его командой участвовалъ и потомъ провелъ съ нимъ <hi style="opdelimiter">одинъ</hi><hi style="opnumber">131</hi> <hi style="npnumber">132</hi><hi style="npdelimiter">день</hi> въ одномъ укрѣпленіи вмѣстѣ съ Ильей Толстымъ,<hi>15 </hi>котораго я здѣсь встрѣтилъ. — Знакомство это безъ сомнѣнія не доставляетъ мнѣ большаго развлеченія, потому что ты понимаешь, на какой ногѣ можетъ быть знакомъ юнкеръ съ Генераломъ. Третій знакомый мой <hi>помощникъ аптекаря</hi>, разжалованный полякъ, презабавное созданіе.<note xml:id="note15" resp="volume_editor" index="false">Кто был помощником аптекаря, выяснить не удалось.</note> — Я увѣренъ, что К. Барятинскій никогда не воображалъ, въ какомъ бы то ни было спискѣ, стоять рядомъ съ помощникомъ аптекаря, но вотъ-же случилось. Николинька здѣсь на отличной ногѣ: какъ начальники такъ и офицеры товарищи всѣ его любятъ и уважаютъ. Онъ пользуется сверхъ того репутаціей храбраго офицера. — Я его люблю больше чѣмъ когда либо и когда съ нимъ, то совершенно счастливь, а безъ него скучаю. — Что Ми- тинька? Я его очень дурно видѣлъ во снѣ 22 Декабря. Не случилось ли съ нимъ чего нибудь? Надѣюсь, что ты мнѣ отвѣтишь и напишешь про него, про себя, про свои отношенія съ Машей<note xml:id="note16" resp="volume_editor" index="false">Марья Михайловна Шишкина.</note> и про разныя побочныя забавныя исторьи — про Чулковыхъ,<note xml:id="note17" resp="volume_editor" index="false">Вероятно брат упоминавшихся в пп. №№ 30 и 42 Чулковых, Николай Алексеевич Чулков (1823—1890), тульский помещик, женатый вторым браком (с 3 сентября 1850 г.) на дочери ген.-лейт. Любови Александровне Волковой (р. в 1829 г.).</note> офицера, кот[орый] запрягалъ кузнецовъ, Овчинникова,<note xml:id="note18" resp="volume_editor" index="false">Кто такой Овчинников, сказать не можем.</note> Андрея, кормилицу,<note xml:id="note19" resp="volume_editor" index="false">Кормилицей Толстого была крестьянка Ясной Поляны, Авдотья Никитична Зябрева (18..—1868), жена Осипа Наумовича Зябрева, по преданию получившего ряд льгот от отца Толстого в связи с поступлением его жены в мамки Льва Николаевича. Толстой до конца ее жизни поддерживал с ней отношения.</note> Пятакову<note xml:id="note20" resp="volume_editor" index="false">Кто такая Пятакова, сказать не можем.</note> и т. п. — Да и про Гашу (Цыганку)<note xml:id="note21" resp="volume_editor" index="false">Гаша — тульская цыганка, подруга Марьи Михайловны Шишкиной.</note> напиши, передай ей, что я мысленно дѣлаю съ ней чукмакъ семякъ и<note xml:id="note22" resp="volume_editor" index="false">«Чукмак-семяк» — по-цыгански такого выражения нет.</note> желаю ей много лѣтъ здра- ствовать. — По Цыгански я совсѣмъ забылъ, потому что выучился по Татарски (но лучше чѣмъ я говорилъ по Цыгански), такъ что я сначала, говоря по Татар[ски], дополнялъ фразы Цыганскими словами, а теперь, встрѣтивъ Цыганку здѣсь, заговорилъ съ ней по Татарски. — Одно помню <hi>камамату</hi><note xml:id="note23" resp="volume_editor" index="false">«Камама ту» — по-цыгански: люблю тебя.</note> и говорю его тебѣ отъ души. — Прощай, больше ничего въ голову нейдетъ. Про Перфильевыхъ<note xml:id="note24" resp="volume_editor" index="false">Василий Степанович и Прасковья Федоровна Перфильевы. О них см. прим. 4 к п. № 6.</note> и Дьякова,<note xml:id="note25" resp="volume_editor" index="false">Дмитрий Александрович Дьяков. О нем см. прим. 4 к п. № 9.</note> что знаешь, напиши, я имъ обоимъ писалъ,<note xml:id="note26" resp="volume_editor" index="false">Письма эти не сохранились.</note> но боюсь, что они по глупости <hi>и</hi> лѣни не отвѣтятъ. — Возьми мой экипажъ (процентный) и пользуйся имъ, ежели онъ тебѣ годится, и, что хочешь, за него вычти изъ того, что я тебѣ долженъ. — Адресъ: <hi>въ Кизлярской </hi>о<hi>кругъ</hi>, <hi>въ станицу Старогладовскую</hi>, <hi>въ Штабъ батарейной </hi>№<hi> 4 батареи 20 Артиллерійской бригады</hi>. <hi>На Кавказъ</hi>.</p>
<p rend="left">Ежели въ Тулѣ есть Дагеротипъ, то пожалуйста пришли мнѣ свой портретъ. Пожалуйста. —</p>
<p rend="left">Узнай въ Депутатскомъ Собраніи, высланъ ли мой Указъ объ отставкѣ;<note xml:id="note27" resp="volume_editor" index="false">Высочайший приказ об увольнении Толстого от гражданской службы (в канцелярии Тульского дворянского депутатского собрания) состоялся 15 ноября 1851 г.</note> ежели не высланъ, то немедленно это сдѣлать.— <hi>Очень нужно.</hi> Ежели захочешь щегольнуть извѣстіями съ Кавказа, то можешь разсказывать, что второе лицо после <hi style="opdelimiter">Шамиля,<note xml:id="note28" resp="volume_editor" index="false">Шамиль (1797—1874) — знаменитый вождь и объединитель горцев Дагестана и Чечни в их борьбе с русскими, руководил этой борьбой в 1834—1859 гг., когда принужден был сдаться русским.</note></hi><hi style="opnumber">132</hi> <hi style="npnumber">133</hi><hi style="npdelimiter">нѣкто</hi> Хаджи-Муратъ,<note xml:id="note29" resp="volume_editor" index="false">Хаджи-Мурат (18..—1852) — знаменитый вождь аварского народа, жизнь которого описана Толстым в известном рассказе «Хаджи-Мурат». Передался он русским в 20-х числах ноября 1851 г. См. о нем: в статье и примечании Н. О. Лернера в кн.: «Гр. Л. Н. Толстой. Хаджи-Мурат». Иллюстрации Е. Е. Лансере. Вступительная статья и редакция Н. О. Лернера. Изд. т-ва Р. Голике и А. Вильборг, 2-е Пгр. 1918. См. еще: Гулла и Казанбий Хаджи-Мурат «Хаджи-Мурат. Мемуары». Запись Гамзата Ясулова. Предисловие А. А. Тахо-Годи. Изд. Дагестанского научно- исследовательского института. Махач-Кала. 1927.</note> на дняхъ передался Русскому правительству. Это былъ первый лихачь (джигитъ) и молодецъ во всей Чечнѣ, a сдѣлалъ подлость. — Еще можешь съ прискорбіемъ разсказывать о томъ, что на дняхъ убитъ извѣстный храбрый и умный Генералъ Слѣпцовъ.<note xml:id="note30" resp="volume_editor" index="false"> Николай Павлович Слепцов (р. 1815 г.), один из выдающихся деятелей кавказских войн, с января 1845 г. командир 1 Сунженского <hi style="opdelimiter">линейного</hi><hi style="opnumber">134</hi> <hi style="npnumber">135</hi><hi style="npdelimiter">казачьего</hi> полка, в 1841—1851 гг. одержавший ряд побед над войсками Шамиля, был убит в бою на берегу реки Гехи 10 декабря 1851 г.</note> — Ежели ты захочешь знать: <hi>больно ли ему было</hi>, то этаго не могу сказать. —</p>
<comments><p rend="Textpetit_otstup left">Печатается по автографу, хранящемуся в ГТМ. Впервые опубликованы отрывки из письма П. И. Бирюковым в Б, 1, 1906, стр. 186—189; несколько большие отрывки даны П. А. Сергеенко в ПТС, I, стр. 14—16; еще более крупные отрывки даны в Бир., XX, 1913, стр. 18—20. Год письма определяется содержанием: Хаджи-Мурат предался русским в 20-х числах ноября 1851 г.</p>
<p rend="Textpetit_otstup left"><hi>1 </hi>Шармер — лучший в то время портной в Петербурге.</p>
<p rend="petit left"><hi>2 </hi>Марья Михайловна Шишкина. О ней см. прим. 15 к п. № 12.</p>
<p rend="petit left"><hi>3 </hi>Кто такие Вензель и Гельке, сказать не можем. О Гельке есть записи в дневнике Толстого: под 6 апреля 1851 г.: «сбивает меня очень мысль об истории с Гельке, нынче после обеда опишу ее» и под 8 авг. 1853 г.: «Вечером пришли все дурные воспоминания моей жизни: Гельке...»</p>
<p rend="petit left"><hi>4 </hi>Это письмо не сохранилось.</p>
<p rend="petit left"><hi>5 </hi>Машенька в своем последнем письме говорит мне о тебе и Маше (цыганке). Она говорит: «Тетенька мне сказала, что во время своего пребывания в Пирогове она ни разу не встретила <hi>султаншу</hi>, и что это есть доказательство деликатности Сережи. Я, говорит Машенька, не вижу в этом ничего, кроме доказательства холодности со стороны Сережи, и я очень жалею бедную девушку, если она действительно брошена, потому что я убеждена, что она отдалась не из-за денег и что она любит Сережу».</p>
<p rend="petit left"><hi>6 </hi>Марья Михайловна была беременна первым ребенком, сыном Николаем, умершим в детстве.</p>
<p rend="petit left"><hi>7 </hi>Толстой ошибся: в Тифлис он с гр. Н. Н. Толстым приехал 1 ноября (о чем см. п. № 49) и 9 ноября уехал из Тифлиса Николай Николаевич.</p>
<p rend="petit left"><hi>8 </hi>Жукова табачная фабрика.</p>
<p rend="petit left"><hi>9 </hi>См. п. № 45.</p>
<p rend="petit left"><hi>10 </hi>В дневнике под 3 июля 1851 г. Толстой записывает: «Был в набеге, то же действовал нехорошо: бессознательно и трусил Барятинского». Точных сведений об этом набеге, в котором Толстой участвовал в качестве волонтера, еще не надев мундира, мы не имеем. В книге Янжула «Восемьдесят лет боевой и мирной жизни 20-й Артиллерийской бригады, Тифлис, 1886—1887» читаем: «Летом 1851 г. войска левого фланга были собраны снова под начальством ген.-м. князя Барятинского. В составе артиллерии находились, между прочим, четыре орудия батарейной № 4 батареи, которыми командовали капитан Хилковский, поручик гр. Н. Н. Толстой и подпоручик Сулимовский, ракетная команда подпоручика Ладыженского и вся легкая № 5 батарея, под начальством капитана Янова с поручиком Парчевским и подпоручиком Рычковым» (т. II, стр. 88). Из произведенных этим отрядом более значительных набегов у <hi style="opdelimiter">Янжула</hi><hi style="opnumber">133</hi> <hi style="npnumber">134</hi><hi style="npdelimiter">Упоминается</hi> только движение отряда кавалерии при 19 орудиях к сс. Автурам и Герменчуку 27 и 28 июня, но 4 батарея в нем не принимала участия. Повидимому, этот поход и послужил материалом для рассказа «Набег».</p>
<p rend="petit left"><hi>11 </hi>Никита Петрович Алексеев. О нем см. прим. 4 к п. № 45.</p>
<p rend="petit left"><hi>12 </hi>О каком Багратионе идет речь, сказать не можем. О нем же упоминает Толстой в письме № 53.</p>
<p rend="petit left"><hi>13</hi> Герман Егорович Ферзен. О нем см. прим. 2 к п. № 12.</p>
<p rend="petit left"><hi>14</hi> Кн. Александр Иванович Барятинский. О нем см. прим. к п. № 77.</p>
<p rend="petit left"><hi>15</hi> Гр. Илья Андреевич Толстой (1813—1879) — двоюродный дядя Толстого.</p>
<p rend="petit left"><hi>16 </hi>Кто был помощником аптекаря, выяснить не удалось.</p>
<p rend="petit left"><hi>17 </hi>Марья Михайловна Шишкина.</p>
<p rend="petit left"><hi>18 </hi>Вероятно брат упоминавшихся в пп. №№ 30 и 42 Чулковых, Николай Алексеевич Чулков (1823—1890), тульский помещик, женатый вторым браком (с 3 сентября 1850 г.) на дочери ген.-лейт. Любови Александровне Волковой (р. в 1829 г.).</p>
<p rend="petit left"><hi>19 </hi>Кто такой Овчинников, сказать не можем.</p>
<p rend="petit left"><hi>20 </hi>Кормилицей Толстого была крестьянка Ясной Поляны, Авдотья Никитична Зябрева (18..—1868), жена Осипа Наумовича Зябрева, по преданию получившего ряд льгот от отца Толстого в связи с поступлением его жены в мамки Льва Николаевича. Толстой до конца ее жизни поддерживал с ней отношения.</p>
<p rend="petit left"><hi>21 </hi>Кто такая Пятакова, сказать не можем.</p>
<p rend="petit left"><hi>22 </hi>Гаша — тульская цыганка, подруга Марьи Михайловны Шишкиной.</p>
<p rend="petit left"><hi>23 </hi>«Чукмак-семяк» — по-цыгански такого выражения нет.</p>
<p rend="petit left"><hi>24 </hi>«Камама ту» — по-цыгански: люблю тебя.</p>
<p rend="petit left"><hi>25 </hi>Василий Степанович и Прасковья Федоровна Перфильевы. О них см. прим. 4 к п. № 6.</p>
<p rend="petit left"><hi>26 </hi>Дмитрий Александрович Дьяков. О нем см. прим. 4 к п. № 9.</p>
<p rend="petit left"><hi>27 </hi>Письма эти не сохранились.</p>
<p rend="petit left"><hi>28 </hi>Высочайший приказ об увольнении Толстого от гражданской службы (в канцелярии Тульского дворянского депутатского собрания) состоялся 15 ноября 1851 г.</p>
<p rend="petit left"><hi>29 </hi>Шамиль (1797—1874) — знаменитый вождь и объединитель горцев Дагестана и Чечни в их борьбе с русскими, руководил этой борьбой в 1834—1859 гг., когда принужден был сдаться русским.</p>
<p rend="petit left"><hi>30 </hi>Хаджи-Мурат (18..—1852) — знаменитый вождь аварского народа, жизнь которого описана Толстым в известном рассказе «Хаджи-Мурат». Передался он русским в 20-х числах ноября 1851 г. См. о нем: в статье и примечании Н. О. Лернера в кн.: «Гр. Л. Н. Толстой. Хаджи-Мурат». Иллюстрации Е. Е. Лансере. Вступительная статья и редакция Н. О. Лернера. Изд. т-ва Р. Голике и А. Вильборг, 2-е Пгр. 1918. См. еще: Гулла и Казанбий Хаджи-Мурат «Хаджи-Мурат. Мемуары». Запись Гамзата Ясулова. Предисловие А. А. Тахо-Годи. Изд. Дагестанского научно- исследовательского института. Махач-Кала. 1927.</p>
<p rend="petit left"><hi>31</hi> Николай Павлович Слепцов (р. 1815 г.), один из выдающихся деятелей кавказских войн, с января 1845 г. командир 1 Сунженского <hi style="opdelimiter">линейного</hi><hi style="opnumber">134</hi> <hi style="npnumber">135</hi><hi style="npdelimiter">казачьего</hi> полка, в 1841—1851 гг. одержавший ряд побед над войсками Шамиля, был убит в бою на берегу реки Гехи 10 декабря 1851 г.</p>
</comments></div></body>
        </text>
        </TEI>