<?xml version="1.0" encoding="UTF-8"?>
    <!-- <?xml-stylesheet type="text/xsl" target="../resources/MJT/myletter.xsl"?> -->
    <?xml-stylesheet type="css" target="graves.css"?>
    <?xml-model target="http://www.tei-c.org/release/xml/tei/custom/schema/relaxng/tei_all.rng" type="application/xml" schematypens="http://relaxng.org/ns/structure/1.0"?>
    <?xml-model target="http://www.tei-c.org/release/xml/tei/custom/schema/relaxng/tei_all.rng" type="application/xml"
            schematypens="http://purl.oclc.org/dsdl/schematron"?>
    <TEI xmlns="http://www.tei-c.org/ns/1.0">
       <teiHeader>
          <fileDesc>
             <titleStmt>
                <title>Письмо №* 144. И. П. Борисову.</title>
             </titleStmt>
             <publicationStmt>
                <publisher>TolstoyLab</publisher>
                <date when="2015-09-14">14 September 2015</date>
             </publicationStmt>
             <sourceDesc>
                <biblStruct>
                   <analytic>
                      <author>Толстой Л.Н.</author>
                   </analytic>
                   <monogr>
                      <title level="m">Полное собрание сочинений. Том 60</title>
                      <imprint>
                         <pubPlace>Москва</pubPlace>
                         <publisher>Государственное издательство "Художественная литература"</publisher>
                         <date when="1949"/>
                      </imprint>
                   </monogr>
                   <series>
                      <title level="s">Л.Н. Толстой. Полное собрание сочинений</title>
                      <biblScope unit="vol">60</biblScope>
                   </series>
                </biblStruct>
             </sourceDesc>
          </fileDesc>
          <encodingDesc>
             <tagsDecl> </tagsDecl>
          </encodingDesc>
          <profileDesc>
             <correspDesc>
                <correspAction type="sending">
                   <persName ref="PersonList.xml#L_N_Tolstoy">Л. Н. Толстой</persName>
                   <placeName ref="PlacesListxml#PLACE">Никольское-Вяземское.</placeName>
                   <date when="1859-09-11">1859 г. Сентября 11.</date>            </correspAction>
                <correspAction type="receiving">
                   <persName ref="PersonList.xml#RECEIVER">И. П. Борисову</persName>
                </correspAction>
                <correspContext>
                   <ref type="prev"></ref>
                </correspContext>
             </correspDesc>
          </profileDesc>
       </teiHeader>
       <xenoData><number type="in a volume">144</number></xenoData>

              <text xml:id="I.P.Borisovu_144">
	<body><div>
		<opener index="false">
* 144. И. П. Борисову.
1859 г. Сентября 11. Никольское-Вяземское.</opener>
<p rend="left">Кавказ покорен!<note xml:id="note1" resp="volume_editor" index="false"> Кавказ был покорен русскими в конце августа 1859 г., когда сдался. Шамиль кн. Барятинскому.</note> Имею счастье поздравить В[аши] И[мператорские] В[еличества].</p>
<p rend="left">Лагерь при Казюльке.<note xml:id="note2" resp="volume_editor" index="false"> Козюлькино — Новоселки. См. прим. 2 к п. № 117.</note></p>
<p rend="left">11/22 Сентября, 3 часа пополудни.</p>
<p rend="right"><hi style="opdelimiter">Толстой.</hi><hi style="opnumber">302</hi></p>
<p rend="left"><hi style="npnumber">303</hi><hi style="npdelimiter">Я</hi> сам был в Ауляулу,<note xml:id="note3" resp="volume_editor" index="false"> В этом шуточном письме, пародирующем официальные донесения начальников воинских частей, Толстой для названий местности и селений, кроме названий городов: Сызрань (на Волге), Темешвар (Венгрия) и Рущук (Болгария), берет разные слова, вроде «Рахатлукум», «Тармалама» и т. и.</note> в Сызране, в Темешваре, Рущуке и многих других.</p>
<p rend="left">11/22 Сентября. 3 <hi>1</hi>/<sub>2</sub> часа пополудни.</p>
<p rend="right">Толстой.</p>
<p rend="left">6 лисиц, 2 волка и большое количество зайцев у ног В[аших] В[еличеств] сняты и отправлены в Рахатлукум. —</p>
<p rend="left">11/22 С[ентября], 4 часа пополудни.</p>
<p rend="right">Толстой.</p>
<p rend="left">Фет с 400 человек, двумя собаками и орудием заперся во флигель. Я буду осаждать его и выслал пикеты до Тармаламы.</p>
<p rend="left">11/22 С[ентября], 4<hi>1</hi>/<sub>2</sub> ч[аса] п[о]п[олудни].</p>
<p rend="right">Толстой.</p>
<p rend="left">Охота нынче придет в Никольское поздно ночью (из похода воротился воевода)<note xml:id="note6" resp="volume_editor" index="false"> «Поздно ночью из похода воротился воевода» — из стихотворения Пушкина «Воевода».</note> и измученная. Для нее необходима дневка 12 числа, а остальные распоряжения передаю в руки Ваших Императорских Величеств и себя повергаю к Их стопам. —</p>
<p rend="left">Не приедете ли и вы в Никольское?</p>
<p rend="right">Толстой.</p>
<p rend="left">Сергей Михайлович!<note xml:id="note7" resp="volume_editor" index="false"> С. М. Сухотин.</note> Ура!</p>
<lb/>
<p rend="left"><hi>На четвертой странице</hi>:</p>
<p rend="left">Его Высокоблагородию Ивану Петровичу Борисову.</p>
<comments><p rend="Textpetit_otstup left">Письмо написано во время охоты Толстого в отъезжем поле в Мценском и Новосильском уездах.</p>
<p rend="Textpetit_otstup left"><hi>1</hi> Кавказ был покорен русскими в конце августа 1859 г., когда сдался. Шамиль кн. Барятинскому.</p>
<p rend="petit left"><hi>2</hi> Козюлькино — Новоселки. См. прим. 2 к п. № 117.</p>
<p rend="petit left"><hi>3</hi> В этом шуточном письме, пародирующем официальные донесения начальников воинских частей, Толстой для названий местности и селений, кроме названий городов: Сызрань (на Волге), Темешвар (Венгрия) и Рущук (Болгария), берет разные слова, вроде «Рахатлукум», «Тармалама» и т. и.</p>
<p rend="petit left"><hi>4</hi> «Поздно ночью из похода воротился воевода» — из стихотворения Пушкина «Воевода».</p>
<p rend="petit left"><hi>5</hi> С. М. Сухотин.</p>
</comments></div></body>
        </text>
        </TEI>
