<?xml version="1.0" encoding="UTF-8"?>
    <!-- <?xml-stylesheet type="text/xsl" target="../resources/MJT/myletter.xsl"?> -->
    <?xml-stylesheet type="css" target="graves.css"?>
    <?xml-model target="http://www.tei-c.org/release/xml/tei/custom/schema/relaxng/tei_all.rng" type="application/xml" schematypens="http://relaxng.org/ns/structure/1.0"?>
    <?xml-model target="http://www.tei-c.org/release/xml/tei/custom/schema/relaxng/tei_all.rng" type="application/xml"
            schematypens="http://purl.oclc.org/dsdl/schematron"?>
    <TEI xmlns="http://www.tei-c.org/ns/1.0">
       <teiHeader>
          <fileDesc>
             <titleStmt>
                <title>Письмо №101. И. И. Панаеву.</title>
             </titleStmt>
             <publicationStmt>
                <publisher>TolstoyLab</publisher>
                <date when="2015-09-14">14 September 2015</date>
             </publicationStmt>
             <sourceDesc>
                <biblStruct>
                   <analytic>
                      <author>Толстой Л.Н.</author>
                   </analytic>
                   <monogr>
                      <title level="m">Полное собрание сочинений. Том 59</title>
                      <imprint>
                         <pubPlace>Москва</pubPlace>
                         <publisher>Государственное издательство "Художественная литература"</publisher>
                         <date when="1935"/>
                      </imprint>
                   </monogr>
                   <series>
                      <title level="s">Л.Н. Толстой. Полное собрание сочинений</title>
                      <biblScope unit="vol">59</biblScope>
                   </series>
                </biblStruct>
				<bibl>Печатается по автографу, хранящемуся в ИРЛИ. Впервые опубликовано П. А. Сергеенко в ПТСО, стр. 1—2.</bibl>
             </sourceDesc>
          </fileDesc>
          <encodingDesc>
             <tagsDecl> </tagsDecl>
          </encodingDesc>
          <profileDesc>
             <correspDesc>
                <correspAction type="sending">
                   <persName ref="PersonList.xml#L_N_Tolstoy">Л. Н. Толстой</persName>
                   <placeName ref="PlacesListxml#PLACE">Бельбек.</placeName>
                   <date when="1855-06-14">1855 г. Июня 14.</date>            </correspAction>
                <correspAction type="receiving">
                   <persName ref="PersonList.xml#RECEIVER">И. И. Панаеву</persName>
                </correspAction>
                <correspContext>
                   <ref type="prev"></ref>
                </correspContext>
             </correspDesc>
          </profileDesc>
       </teiHeader>
       <xenoData><number type="in a volume">101</number></xenoData>

              <text xml:id="I.I.Panaevu_101">
	<body><div>
		<opener index="false">
101. И. И. Панаеву.
1855 г. Июня 14. Позиция на р. Бельбек.
</opener>
<p rend="Obrashenie left">Милостивый государь Иванъ Ивановичъ!</p>
<p rend="left">Повѣрите ли, что я долженъ переломить стыдъ, который испытываю, чтобы взяться за перо и писать вамъ, Мнѣ <hi style="opdelimiter">стыдно,</hi><hi style="opnumber">315</hi> <hi style="npnumber">316</hi><hi style="npdelimiter">что</hi> я живъ и здоровъ, что только одно, ежели бы было наоборотъ, могло бы служить извиненіемъ молчанію на 3 письма<note xml:id="note1" resp="volume_editor" index="false"> Первое письмо Панаева — от 19 апреля — не сохранилось. Второе письмо — от 3 мая, в котором Панаев писал Толстому:</note> вашихъ и на письма, столь любезныя, волнующія меня и иногда, въ минуты самолюбиваго заблужденія, заставляющія вѣрить въ талаитъ и значеніе мое въ литературѣ, которое, признаюсь, мнѣ бы очень хотѣлось имѣть. На вопросы ваши въ предыдущемъ письмѣ отвѣчаю по пунктамъ. 1) Деньги за «Отрочество» я получилъ, 2) Присылать мнѣ и деньги и книги по старому адресу въ Главный Штабъ, 3) и за каждую статью отдѣльно. — На мое несчастье я обѣщалъ вамъ слишкомъ много — сотрудники мои лѣнились, когда я былъ въ Севастополѣ; теперь же съ мѣсядъ, какъ я уѣхалъ, ничего не знаю о ихъ статьяхъ.<note xml:id="note2" resp="volume_editor" index="false">Об этом см. п. № 98.</note> Самъ я былъ боленъ, но несмотря на то надѣюсь, что дня черезъ 3 пошлю вамъ «Разсказъ Юнкера»<hi>3 </hi>— довольно большую статью, но не Севастопольскую, а Кавказскую, которая поспѣетъ къ VII книжкѣ. Вѣрьте, что мысль о военных статьяхъ занимаетъ меня теперь столько же, сколько и прежде, и я на дняхъ поѣду въ Севастополь съ тѣмъ, чтобы подгонять Ростовцева и Бакунина и взять у нихъ статьи; ежели онѣ готовы;<note xml:id="note3" resp="volume_editor" index="false">О статьях А. А. Бакунина и Н. Я. Ростовцева см. п. № 98.</note> но дѣйствительность слишкомъ богата событіями, чтобы у кого - нибудь оставалось время для мысли. За себя я все-таки вамъ отвѣчаю — по статьѣ каясдый мѣсяцъ — за другихъ не навѣрное. Адресъ мой все тотъ же и все-таки черезъ курьеровъ, ежели вы устроили это. — Ежели Тургеневъ въ Петербургѣ, то спросите у него позволенія на статьѣ Разсказъ Юнкера надписать: посвящается И. Тургеневу. Эта мысль пришла мнѣ потому, что, когда я перечелъ статью, я нашелъ въ ней много невольнаго подражанія его разсказамъ.</p>
<p rend="left">Съ совертеннымъ почтеніемъ и преданностью имѣю честь, быть вашъ покорный слуга.</p>
<p rend="left">Бельбекъ, 1855 г., іюня 14.</p>
<comments><p rend="Textpetit_otstup left">Печатается по автографу, хранящемуся в ИРЛИ. Впервые опубликовано П. А. Сергеенко в ПТСО, стр. 1—2.</p>
<p rend="petit left">Иван Иванович Панаев (р. 15 марта 1812 г., ум. 12 февраля 1862 г.), писатель. По окончании Благородного пансиона при Петербургском университете в 1830 г., служил в Министерстве финансов и в Министерстве народного просвещения, где состоял до 1845 г. при редакции «Журнала министерства народного просвещения». Выйдя в отставку, Панаев всецело отдался литературе. С 1839 г. был деятельным сотрудником «Отечественных записок», помещая в них повести и рассказы. В это время очень сблизился с В. Г. Белинским. В конце 1846 г. на свои деньги <hi style="opdelimiter">купил</hi><hi style="opnumber">316</hi> <hi style="npnumber">317</hi><hi style="npdelimiter">с</hi> Н. А. Некрасовым издававшийся П. А. Плетневым журнал «Современник». После отказа от редакторства А. В. Никитенки, Панаев стал ответственным редактором «Современника». В каждом почти номере журнала -были его статьи, часто без подписи или под псевдонимом «Нового поэта». Особенной известностью пользуются «Литературные воспоминания» Панаева (переизданы в 1928 г. под ред. Иванова-Разумника). В свое время очень популярны были «Заметки нового поэта», и имя Панаева ставили рядом с именем Белинского. Толстой, познакомившийся с Панаевым по приезде в Петербург в ноябре 1855 г., часто с ним встречался, но особой близости между ними не было. Из их переписки сохранилось пятнадцать писем — шесть писем Толстого и девять И. И. Панаева.</p>
<p rend="petit left">Письмо является ответом на три письма И. И. Панаева: от 19 апреля, 3 и 19 мая 1856 г.</p>
<p rend="Textpetit_otstup left"><hi>1</hi> Первое письмо Панаева — от 19 апреля — не сохранилось. Второе письмо — от 3 мая, в котором Панаев писал Толстому:</p>
<p rend="petit left">«Милостивый государь граф Лев Николаевич, Некрасов уехал в деревню и, кажется, отправляется потом за границу. — «Современником* теперь заведую я и потому прибегаю к вам с покорнейшею просьбою адресоваться уже прямо на мое имя, в контору «Современника». Некрасов, между прочим, уведомил меня, что вы обещали выслать Военные рассказы теперь и прислать ваше «Юношество» к осени... Не могу ва<hi>м </hi>выразить, с каким нетерпением ожидали мы, все почитатели вашего таланта (а таких у вас очень много), и того и другого. Меня особенно беспокоит, что я не получал еще от вас посылки, потому что Некрасов сказал мне, что вы обещали ее не медля выслать. Деньги, следовавшие вам, отданы Некрасовым, если не ошибаюсь, через Тургенева вашему зятю. Потрудитесь уведомить — получили ли вы их? Ваше участие в журнала моем так важно, что его будущее связано некоторым образом с вашими грудами. — Не лишайте же их «Современника» и еще более русскую публику, которая вас так любит и ценит. Преданный вам Иван Панаев». («Красная новь», 1928, кн. 9, стр. 214—215.)</p>
<p rend="petit left"><hi>Некрасов</hi> уехал из Петербурга в свое костромское имение в середине апреля. Из Костромской губернии он уехал в Москву, к В. П. Боткину, на дачу в Петровском парке. За границу в этот год Некрасов не уехал. <hi>Военные рассказы.</hi> В письмах от 19 декабря 1854г. и от 11 января 1855 г. К Некрасову Лев Николаевич предлагал ему, для помещения в «Современнике», рассказы и статьи, заготовленные для задуманного кружком офицеров артиллерийского штаба Южной армии военного журнала, не разрешенного Николаем I. «<hi>Юношество</hi>». О работе над «Юностью» Толстой писал Некрасову в недошедшем до нас письме от первой половины апреля. <hi>Деньги.</hi> Речь идет о гонораре за «Отрочество», напечатанное в октябрьской книжке «Современника» за 1854 г. Некрасов писал Льву Николаевичу 17 января 1855 г.: «... несколько дней тому назад Тургенев, уезжая в Москву, сказал мне, что увидит там вашу сестру и ее мужа, и я дал Тургеневу деньги, прося послать их вам, если ваши родные знают верный ваш адрес и имеют от вас известия». (Альманах «Круг», кн. шестая, М. 1927, стр. 192.) О получении денег от Тургенева и высылке <hi style="opdelimiter">их</hi><hi style="opnumber">317</hi> <hi style="npnumber">318</hi><hi style="npdelimiter">Толстому</hi> писал гр. В. П. Толстой Льву Николаевичу 9 апреля 1855 См. прим. 7 к п. № 97.</p>
<p rend="petit left">Третье письмо И. И. Панаева от 19 мая:</p>
<p rend="petit left">«Милостивый государь, граф Лев Николаевич, я писал к вам с месяц назад тому, адресуя мое письмо в штаб главнокомандующего. Не знаю, получили ли вы его? После того я получил от вас ваш превосходный очерк <hi>Севастополь в декабре</hi>, который уже и напечатан в VI книжке Современника — с небольшими ценсурными пропусками. Редакция ничего не изменяет в ваших статьях — и если они печатаются не совсем так, как присылаются, то это уже вина не наша, а ценсуры. — Умоляю вас присылать в Современник статьи в роде присланной. Они будут читаться с жадностью. О продолжении такого рода статей я объявил уже в примечании к вашей статье. Я писал вам, что деньги, следующие вам, были отданы И. С. Тургеневу, который передал их вашему зятю для отсылки к вам. Получили ли вы их наконец? И как мне посылать вам вперед следуемые деньги: 1) куда? во 2) За каждую статью или за несколько вдруг? Уведомьте меня обо всем этом, — адресуя прямо на мое имя и в мою квартиру <hi>Ив. Ив. Панаеву</hi>, <hi>на углу Загородного проспекта и Ивановской улицы, в дом Погребова.</hi> Прямо по этому адресу письма ваши я буду получать скорее. Мы все, итересующиеся сколько-нибудь русской литературой, молимся зa вас, да спасет вас бог! Очень жаль, что я видел один раз мельком, случайно того офицера, с которым вы прислали ваш рассказ. Я его просил ко мне, и он взял мой адрес, но не был у меня. Пожалуйста, Лев Николаевич, не забывайте русскую литературу и Современника, если в Севастополе можно теперь о чем-нибудь помнить. Буду надеяться получить от вас статью и письмо. Преданный вам И. Панаев». («Красная новь», 1928, кн. 9, стр. 215—216.)</p>
<p rend="petit left">Упоминаемое в начале <hi>письмо И. И. Панаева</hi> не сохранилось. Так как рукопись «<hi>Севастополя в декабре</hi>», посланная в конце апреля Толстым в «Современник», до нас не дошла, то нельзя сказать, что именно не пропустила цензура в рассказе. Судя по тексту рассказа в книге Толстого «Военные рассказы» изд. 1856 г., текст в «Современнике» не подвергался существенным искажениям. «Севастополь в декабре» в «Современнике» 1855 г. (июньская книжка) сопровожден таким <hi>примечанием</hi> редакции: «Автор обещает ежемесячно присылать нам картины севастопольской жизни, в роде предлагаемой. Редакция «Современника» считает себя счастливою, что может доставлять своим читателям статьи, исполненные такого высокого современного интереса, и притом написанные тем писателем, который возбудил к себе такое живейшее сочувствие и любопытство во всей читающей русской публике своими рассказами: «Детство», «Отрочество», «Набег» и «Записки маркера». <hi>Офицер</hi>, с которым Лев Николаевич посылал «Севастополь в декабре», — вероятно Л. Ф. Балюзек.</p>
<p rend="petit left"><hi>2 </hi>Об этом см. п. № 98.</p>
<p rend="petit left"><hi>3</hi> Толстой имеет в виду рассказ «Рубка леса». См. п. № 102.</p>
<p rend="petit left"><hi>4 </hi>О статьях А. А. Бакунина и Н. Я. Ростовцева см. п. № 98.</p>
<p rend="left secend"><hi style="opnumber">318</hi> <hi style="npnumber">319</hi></p>
</comments></div></body>
        </text>
        </TEI>