<?xml version="1.0" encoding="UTF-8"?>
    <!-- <?xml-stylesheet type="text/xsl" target="../resources/MJT/myletter.xsl"?> -->
    <?xml-stylesheet type="css" target="graves.css"?>
    <?xml-model target="http://www.tei-c.org/release/xml/tei/custom/schema/relaxng/tei_all.rng" type="application/xml" schematypens="http://relaxng.org/ns/structure/1.0"?>
    <?xml-model target="http://www.tei-c.org/release/xml/tei/custom/schema/relaxng/tei_all.rng" type="application/xml"
            schematypens="http://purl.oclc.org/dsdl/schematron"?>
    <TEI xmlns="http://www.tei-c.org/ns/1.0">
       <teiHeader>
          <fileDesc>
             <titleStmt>
                <title>Письмо №* 123. T. A. Ергольской.</title>
             </titleStmt>
             <publicationStmt>
                <publisher>TolstoyLab</publisher>
                <date when="2015-09-14">14 September 2015</date>
             </publicationStmt>
             <sourceDesc>
                <biblStruct>
                   <analytic>
                      <author>Толстой Л.Н.</author>
                   </analytic>
                   <monogr>
                      <title level="m">Полное собрание сочинений. Том 60</title>
                      <imprint>
                         <pubPlace>Москва</pubPlace>
                         <publisher>Государственное издательство "Художественная литература"</publisher>
                         <date when="1949"/>
                      </imprint>
                   </monogr>
                   <series>
                      <title level="s">Л.Н. Толстой. Полное собрание сочинений</title>
                      <biblScope unit="vol">60</biblScope>
                   </series>
                </biblStruct>
             </sourceDesc>
          </fileDesc>
          <encodingDesc>
             <tagsDecl> </tagsDecl>
          </encodingDesc>
          <profileDesc>
             <correspDesc>
                <correspAction type="sending">
                   <persName ref="PersonList.xml#L_N_Tolstoy">Л. Н. Толстой</persName>
                   <placeName ref="PlacesListxml#PLACE">Москва.</placeName>
                   <date when="1859-01-21">1859 г. Января 21.</date>            </correspAction>
                <correspAction type="receiving">
                   <persName ref="PersonList.xml#RECEIVER">T. A. Ергольской</persName>
                </correspAction>
                <correspContext>
                   <ref type="prev"></ref>
                </correspContext>
             </correspDesc>
          </profileDesc>
       </teiHeader>
       <xenoData><number type="in a volume">123</number></xenoData>

              <text xml:id="T.A.Ergolskoj_123">
	<body><div>
		<opener index="false">
* 123. T. A. Ергольской.
1859 г. Января 21. Москва.
</opener>
<p rend="Obrashenie left">Chère tante!</p>
<p rend="left">Je suis revenu de la chasse hier. Nous avons tué 4 ours entre autres mon ennemi. Ma santé va parfaitement bien et je n’irais plus cet hiver à la chasse. Vous n’avez donc pas de raison de vous inqui[e]tter sur mon compte. Cette lettre vous sera remise par M-r Merinski,<note xml:id="note1" resp="volume_editor" index="false"> В Записной книжке Толстого 1856—1863 гг. (см. т. 48), в конце, Меринский записал свой адрес: «Киевской губернии в г. Уманъ. В Мест. Майковку Харьковского Уланск. полка полк. Алекс-др Матв. Меринский».</note> que enverra prendre ses livres: Mizkewistch.<note xml:id="note2" resp="volume_editor" index="false"> Адам Мицкевич (1798—1855) — польский поэт.</note> Ayez la bonté de les faire trouver. Marie, Nicolas et les enfants se portent touts bien. Je compte rester à Moscou jusqu’au mois de Mars. Sur ce adieu, chère tante, je vous baise les mains.</p>
<p rend="right">Léon.</p>
<lb/>
<p rend="Obrashenie petit left">Дорогая тетенька!</p>
<p rend="petit left">Вчера вернулся с охоты. Мы убили 4 медведей и среди них моего врага. Я совсем здоров и нынешней зимой больше не собираюсь на охоту. Так что вам больше нет причины обо мне беспокоиться. Письмо это вам передаст г-н Меринский,<note xml:id="note3" resp="volume_editor" index="false"> В Записной книжке Толстого 1856—1863 гг. (см. т. 48), в конце, Меринский записал свой адрес: «Киевской губернии в г. Уманъ. В Мест. Майковку Харьковского Уланск. полка полк. Алекс-др Матв. Меринский».</note> который пошлет за своими книгами: Мицкевичем.<note xml:id="note4" resp="volume_editor" index="false"> Адам Мицкевич (1798—1855) — польский поэт.</note> Прикажите, пожалуйста, их разыскать. Машенька, Николенька и дети здоровы. Думаю пробыть в Москве до марта месяца. — А затем прощайте, дорогая тетенька, целую ваши ручки.</p>
<p rend="petit right">Лев.</p>
<comments><p rend="Textpetit_otstup left">Дата определяется содержанием и пометой, сделанной рукой Т. А. Ергольской на второй странице: «21 генваря».</p>
<p rend="Textpetit_otstup left"><hi>1</hi> В Записной книжке Толстого 1856—1863 гг. (см. т. 48), в конце, Меринский записал свой адрес: «Киевской губернии в г. Уманъ. В Мест. Майковку Харьковского Уланск. полка полк. Алекс-др Матв. Меринский».</p>
<p rend="petit left"><hi>2</hi> Адам Мицкевич (1798—1855) — польский поэт.</p>
<p rend="emptyline left"><hi style="opnumber">279</hi> <hi style="npnumber">280</hi></p>
</comments></div></body>
        </text>
        </TEI>