<?xml version="1.0" encoding="UTF-8"?>
    <!-- <?xml-stylesheet type="text/xsl" target="../resources/MJT/myletter.xsl"?> -->
    <?xml-stylesheet type="css" target="graves.css"?>
    <?xml-model target="http://www.tei-c.org/release/xml/tei/custom/schema/relaxng/tei_all.rng" type="application/xml" schematypens="http://relaxng.org/ns/structure/1.0"?>
    <?xml-model target="http://www.tei-c.org/release/xml/tei/custom/schema/relaxng/tei_all.rng" type="application/xml"
            schematypens="http://purl.oclc.org/dsdl/schematron"?>
    <TEI xmlns="http://www.tei-c.org/ns/1.0">
       <teiHeader>
          <fileDesc>
             <titleStmt>
                <title>Письмо №* 56. Гр. С. Н. Толстому.</title>
             </titleStmt>
             <publicationStmt>
                <publisher>TolstoyLab</publisher>
                <date when="2015-09-14">14 September 2015</date>
             </publicationStmt>
             <sourceDesc>
                <biblStruct>
                   <analytic>
                      <author>Толстой Л.Н.</author>
                   </analytic>
                   <monogr>
                      <title level="m">Полное собрание сочинений. Том 59</title>
                      <imprint>
                         <pubPlace>Москва</pubPlace>
                         <publisher>Государственное издательство "Художественная литература"</publisher>
                         <date when="1935"/>
                      </imprint>
                   </monogr>
                   <series>
                      <title level="s">Л.Н. Толстой. Полное собрание сочинений</title>
                      <biblScope unit="vol">59</biblScope>
                   </series>
                </biblStruct>
				<bibl>Печатается по автографу, хранящемуся в ГТМ. Публикуется впервые.</bibl>
             </sourceDesc>
          </fileDesc>
          <encodingDesc>
             <tagsDecl> </tagsDecl>
          </encodingDesc>
          <profileDesc>
             <correspDesc>
                <correspAction type="sending">
                   <persName ref="PersonList.xml#L_N_Tolstoy">Л. Н. Толстой</persName>
                   <placeName ref="PlacesListxml#PLACE">Тифлис.</placeName>
                   <date when="1852-01-07">1852 г. Января 7.</date>            </correspAction>
                <correspAction type="receiving">
                   <persName ref="PersonList.xml#RECEIVER">Гр. С. Н. Толстому</persName>
                </correspAction>
                <correspContext>
                   <ref type="prev"></ref>
                </correspContext>
             </correspDesc>
          </profileDesc>
       </teiHeader>
       <xenoData><number type="in a volume">56</number></xenoData>

              <text xml:id="Gr.S.N.Tolstomu_56">
	<body><div>
		<opener index="false">
* 56. Гр. С. Н. Толстому.
1852 г. Января 7. Тифлис.
</opener><p rend="right">Тифлисъ.</p>

<p rend="Obrashenie left">Милый другъ Сережа!</p>
<p rend="left">По моему письму отъ 24 Декабря ты можешь заключить, какъ поздно я получилъ твое письмо отъ 12 Ноября<note xml:id="note1" resp="volume_editor" index="false"><note xml:id="note2" resp="volume_editor" index="false"><hi> </hi>Это, конечно, письмо № 52, датированное 23 декабря.</note> — я его получилъ вчера 6 Генваря. — Пожалуйста не засни на лаврахъ, которыми ты можешь воображать, что увѣнчался, написавъ мнѣ письмо въ <hi>3</hi>/<sub>4</sub>Это письмо не <hi style="opdelimiter">сохранилось.</hi><hi style="opnumber">156</hi></note> почтоваго листа, а продолжай мнѣ писать почаще и подлинѣе; когда я получаю письмо отъ кого нибудь изъ нашихъ, то я бываю до того радъ, что краснѣю, конфужусь отъ радости, не знаю какъ держать письмо, съ которой стороны начинать, и когда прочту, то начинаю смѣятся отъ радости, такъ же, какъ Подъемщиковъ смѣялся, когда увидалъ, какъ затравили зайца; потомъ я начинаю ходить взадъ и впередъ по комнатѣ, какъ Гимбудъ<note xml:id="note3" resp="volume_editor" index="false"> Карл Фердинандович Гимбут (р. в 1815 г., ум. 27 мая 1881 г.), служил лесничим подгородного лесничества (в чине штабс-капитана в 1851 г.) близ Ясной поляны, в отставку вышел в 1863 г. На сельско-хозяйственной выставке в Туле в 1851 г. он получил серебряную медаль большого размера «за первоначальное введение в Тульской губ. шелководства и за 11 пород древесных растений, разведенных им от семян». В сохранившемся в АТБ письме к Толстому от 6 декабря 1852 г. К. Ф. Гимбут просит продать ему деревню Мостовую. К. Ф. Гимбут часто упоминается в дневнике Толстого 1856—1858 гг.</note> и дѣлать разные дикіе жесты и говорить вслухъ непонятныя слова. — Ежели въ это время мнѣ попадается какой нибудь человѣкъ, я начинаю ему все разсказывать не заботясь о томъ, нужно ли ему, и хочетъ ли онъ знать объ этомъ; ежели никого нѣтъ, je me rabats sur<note xml:id="note4" resp="volume_editor" index="false">Я обращаюсь к</note> Ванюшка и тоже ему все разсказываю и разспрашиваю, какъ Влад[имиръ] Ив[ановичъ]<note xml:id="note5" resp="volume_editor" index="false">Влад. Ив. Юшков. О нем см. прим. 4 к п. № 46.</note> «а? каково?» и долго не могу успокоится. — Можно бы было сказать, что письмо въ <hi>3</hi>/<sub>4</sub> листа не коротко, ежели бы было писано по людски; а то у тебя отъ буквы до буквы, отъ слова до слова отъ линѣйки до линѣйки такія перемычки, что всякое слово какъ отъемный островъ. — Насчетъ лошадей, въ томъ числѣ и Криваго Усана я предписалъ Андрею продать и назначилъ minimum цѣны, но такъ какъ я распорядился этой продажей для уплаты долговъ, то ты можешь, заплативъ Андрею за него извѣстную цѣну <hi>звонкой монетой,</hi> взять лошадь. — Предлагая тебѣ экипажъ, я желаю только, чтобы онъ не стоялъ безъ всякой пользы, а деньги вычтешь изъ того, что я тебѣ долженъ, и за сколько хочешь. —</p>
<p rend="left">Какъ я тебя знаю, когда писалъ тебѣ, «что, зная твою слабость, пишу тебѣ о нашихъ знакомствахъ» — ты понятно объ этомъ спрашиваешь въ своемъ письмѣ. Объ охотѣ я тоже тебя удовлетворилъ; дальнѣйшихъ извѣстій дать нe могу, потому что я все еще въ Тифлисѣ сижу и дожидаюсь денегъ. — Это <hi style="opdelimiter">одно</hi><hi style="opnumber">153</hi> <hi style="npnumber">154</hi><hi style="npdelimiter">меня</hi> задерживаетъ, потому что наконецъ я принятъ на службу. — Ты спрашиваешь о томъ, когда я буду офицеромъ? По правамъ всѣхъ имѣющихъ чинъ (гражданской) черезъ 6 мѣсяцевъ я буду имѣть удовольствіе быть представлену въ прапорщики. — Зимнюю экспедицію я съ проклятыми затрудненіями, к[отор]ыя мнѣ здѣсь дѣлали, прогулялъ, потому что она уже началась. — Можетъ случиться однако, что и меня пошлютъ. — Еще въ Июлѣ мѣсяцѣ получилъ я отъ Андрея письмо, въ которомъ онъ пишетъ мнѣ: «С[ергѣй] Н[иколаевичъ]<note xml:id="note7" resp="volume_editor" index="false">Гр. Сергей Ник. Толстой.</note> изволили скакать съ какими-то князьями», и больше ничего. — Долго мы съ Н[иколиньк]ой ломали себѣ голову надъ этой фразой и наконецъ рѣшили, что это А[ндрей] загадалъ намъ загадку — теперь ты разгадалъ ее. — Поздравляю тебя съ прошедшими и будущими призами, съ праздникомъ, съ новымъ годомъ, съ сыномъ (хотя и выблядокъ, но всетаки сынъ)<note xml:id="note8" resp="volume_editor" index="false">Умерший в раннем детстве сын Сергея Николаевича, Николай.</note> и съ будущей женитьбой. На комъ? не на Канивальской ли?<note xml:id="note9" resp="volume_editor" index="false">У Ив. Матв. Канивальского (о нем см. прим. 9 к п. № 33) было три дочери: Софья, Елизавета и Александра. О которой из них идет речь, выяснить не удалось.</note> — Вотъ какія мысли приходятъ мнѣ насчетъ твоей женитьбы. Вопервыхъ, всякая перемѣна намъ мила, и я съ больщимъ удовольствіемъ воображаю себѣ хорошенькую добрую невѣстку, твои дѣла въ цвѣтущемъ состояніи, Пироговской домъ отдѣланный за ново, Никифора въ новомъ фракѣ съ гербовыми пуговицами перваго разбора, воображаю себѣ, какъ я приѣзжаю къ тебѣ, какъ все мнѣ <hi>у васъ</hi> нравится и невѣстка, и самоваръ, и всѣ ваши семейныя удовольствія, и воркованіе, однимъ словомъ, я воображаю себѣ мой приѣздъ къ тебѣ въ Страстную пятницу 1851 года, только, новое исправленное изданіе — на веленевой бумагѣ — очень пріятная картина, теперь другая. — Опять я приѣзжаю — иду съ дороги раздѣваться въ комнату Венеры, какой то незнакомый человѣкъ говоритъ мнѣ «нельзя, генералъ еще почиваютъ». (Генералъ это твой тесть), иду въ другую комнату, тамъ теща. — Наконецъ раздѣваюсь, схожу внизъ; сидитъ цѣлая куча родственниковъ — все незнакомый и глупыя лица — нашихъ никого нѣтъ. — Приѣзжаютъ гости сосѣди — Тула, Крапивна — Щелинъ,<note xml:id="note10" resp="volume_editor" index="false"> Вероятно, Дмитрий Матвеевич Щелин (1801—18..), в 1850—1866 гг. бывший Крапивенским предводителем дворянства.</note> Чулковъ,<note xml:id="note11" resp="volume_editor" index="false">Николай Алексеевич (о нем см. прим. 18 к п. № 52) или Василий Алексеевич (о нем см. прим. 5 к п. № 36) Чулков.</note> Предсѣдатель, Совѣтники. Въ домѣ царствуетъ деревенское — Щелино-Чулковское вѣликолѣпіе. — Начинается разговоръ о дворянахъ, выборахъ — тотъ подлецъ, тотъ мерзавецъ, тотъ — черный человѣкъ. — Однимъ словомъ картина эта представляетъ мнѣ тебя <hi>отрѣзаннымъ ломтемъ</hi> съ духомъ родственниковъ женинныхъ и въ самомъ разгарѣ всей Губернской жизни — скверная картина. — <hi style="opdelimiter">Третья</hi><hi style="opnumber">154</hi> <hi style="npnumber">155</hi><hi style="npdelimiter">картина.</hi> Маша<note xml:id="note12" resp="volume_editor" index="false">Мар. Мих. Шишкина. О ней см. прим. 16 к п. № 12.</note> сидитъ въ извѣстномъ переулкѣ въ Тулѣ съ М. В.,<note xml:id="note13" resp="volume_editor" index="false">Кого разумел Толстой под этими инициалами, сказать не можем.</note> Сережей и всей кликою — голосу и молодости у нее ужъ нѣтъ, но есть сынъ Н[икол]ай Сергѣичъ и 3 т. сер. — Несмотря на это она тебя продолжаетъ любить и заливается горькими слезами. — 4-я картина. — Ты вырвался отъ жены и прикатилъ въ Тулу въ извѣстной переулочекъ. Ты вспоминаешь старину, щупаешь Машу, а Финашка прискакалъ верхомъ на рыженькой и приносить тебѣ записочку отъ Графини. Она пишетъ, что больна и проситъ тебя скорѣе вернуться. «Ахъ какая тоска!» ты говоришь. — 5-ая картина. С[ергѣй] Н[иколаевичъ] въ Москвѣ съ молодой хорошенькой Графиней живетъ открыто. За графиней волочатся; они ѣздятъ по баламъ С[ергѣй] Н[иколаевичъ] ревнуетъ и проживаетъ больше своихъ доходовъ.—Мало-ли можетъ быть пріятныхъ и непріятныхъ картинъ, но изъ тѣхъ, которыя я себѣ рисую, мнѣ нравится только 1-ая, остальные всѣ гадки. — У меня есть однако предчувствіе, что къ моему приѣзду (который впрочемъ я не могу определить) ты будешь женатъ. Я былъ увѣренъ, что монахъ<note xml:id="note14" resp="volume_editor" index="false"> Ник. Серг. Воейков. О нем см. прим. 5 к п. № 7.</note> живетъ въ <hi>Бозњ</hi>,<note xml:id="note15" resp="volume_editor" index="false">Славянское выражение: «В бозе почил», т. е. умер.</note> а онъ «un peu»,<note xml:id="note16" resp="volume_editor" index="false">немного</note> я хотѣлъ было ему написать серьезно нѣсколько словъ, ежели бы зналъ, гдѣ онъ, но теперь, ежели онъ пьянъ, скажи ему, что онъ презрѣнная тварь; ежели не пьянъ, что пора ему умирать и подумать объ смерти. — Не заботься о томъ, чтобы я не проигрался и не бойся этого. — Вопервыхъ, я 6 месяцевъ не играю и играть не намеренъ, а вовторых, ежели бы можно было тебѣ объяснить образъ жизни, который я здѣсь вѣду, и общій господетвующій genre<note xml:id="note17" resp="volume_editor" index="false">дух</note> на Кавказѣ (есть совершенно особенный genre у всѣхъ Кавказцевъ, который трудно объяснить) ты бы понялъ, что я никакъ не рискую здѣсь проиграться. — Дружба Митиньки<note xml:id="note18" resp="volume_editor" index="false"> Гр. Дм. Ник. Толстой. О нем см. прим. 5 к п. № 84.</note> съ Костинькой<note xml:id="note19" resp="volume_editor" index="false">Конст. Александрович Иславин. О нем см. прим. 10 и 25к п. № 12.</note> и его шанкера и бобоны — два извѣстія, которыя одинаково для меня непріятны. Костинькина дружба и близкое знакомство съ нимъ можетъ оставить слѣды не хуже венерической болѣзни. — Митинька, какъ мнѣ кажется (я его 2 года не видалъ), выйдя на свѣтъ Божій, послѣ своей жизни съ Любовь Сергѣевной,<note xml:id="note20" resp="volume_editor" index="false">О Любови Сергеевне Толстой пишет в «Воспоминаниях детства» (гл. IX): «К нашему семейству как-то пристроена, взята была из жалости, самое странное и жалкое существо, некто Любовь Сергеевна, девушка; не знаю, какую ей дали фамилию. Любовь Сергеевна была плод кровосмешения Протасова (из тех Протасовых, от которых Жуковский). Как она попала к нам, — не знаю. Слышал, что ее жалели, ласкали, хотели пристроить даже, выдать замуж за Федора Ивановича, но всё это не удалось. Она жила сначала у нас, — я этого не помню, а потом ее взяла тетенька Пелагея Ильинишна в Казань, и она жила у нее. Так что узнал я ее в Казани. Это было жалкое, кроткое, забитое существо. У нее была комнатка, и девочка ей прислуживала. Когда я узнал ее, она была не только жалка, но отвратительна. Не знаю, какая была у нее болезнь, но лицо ее было всё распухлое так, как бывают запухлые лица, искусанные пчелами. Глаза виднелись в узеньких щелках между двумя запухшими глянцевитыми без бровей подушками. Также распухшие, глянцевитые желтые были щеки, нос, губы, рот. И говорила она с трудом, так как и во рту, вероятно, была та же опухоль. Летом на лицо ее садились мухи, и она не чувствовала их, и это было особенно неприятно видеть. Волоса у ней были еще <hi style="opdelimiter">черные,</hi><hi style="opnumber">157</hi> <hi style="npnumber">158</hi><hi style="npdelimiter">но</hi> редкие, не скрывавшие голый череп. Владимир Иванович Юшков, муж тетеньки, недобрый шутник, не скрывал своего отвращения к ней. От нее всегда дурно пахло. А в комнате ее, где никогда не открывались окна и форточки, был удушливый запах. Вот эта-то Любовь Сергеевна сделалась другом Митеньки. Он стал ходить к ней, слушать ее, говорить с ней, читать ей. И — удивительное дело! — мы так были нравственно тупы, что только смеялись над этим; Митенька же был так нравственно высок, так независим от заботы о людском мнении, что никогда ни словом, ни намеком не показывал, что он считает хорошим то, что делает. Он только делал. И это был не порыв, а это продолжалось всё время, пока мы жили в Казани». Любовь Сергеевну изобразил Толстой и в «Юности». См. 2 том, стр. 389.</note> съ Полубояриновымъ,<note xml:id="note21" resp="volume_editor" index="false">Алексей Иванович Полубояринов, однокурсник гр. Д. Н. и С. Н. Толстых. О нем Толстой пишет в «Воспоминаниях детства» (гл. IX): «Мы, главное Сережа, водили знакомство с аристократическими товарищами и молодыми людьми; Митенька, напротив, из всех товарищей выбрал жалкого, оборванного, бедного студента, Полубояринова (которого наш приятель-шутник называл Полубезобедовым, и мы, жалкие ребята, находили это забавным и смеялись над Митенькой). Он только с Полубояриновым дружил и с ним готовился к экзаменам». Алексей Иванович Полубояринов поступил в Казанский университет осенью 1843 г. и вышел из него (по прошению) осенью 1845 г.</note> съ Лукою<note xml:id="note22" resp="volume_editor" index="false">Об этом Луке Толстой пишет в «Воспоминаниях детства» (гл. IX): Митенька «очень сблизился с очень оригинальным человеком, жившим у нашего опекуна, Воейкова, происхождение которого никто не знал. Звали его отцом Лукою. Он ходил в подряснике, был очень безобразен: маленький ростом, косой, черный, но очень чистоплотный и необыкновенно сильный. Он жал руку, как клещами, и говорил всегда как-то значительно и загадочно. Жил он у Воейкова подле мельницы, где построил маленький дом и развел необыкновенный цветник. Этого отца Луку Митенька и водил с собой». Из письма бурмистра Василия Трубецкого гр. Н. Н. Толстому от 4 февраля 1850 г. видно, что у Луки был вексель, выданный ему гр. Дмитрием Николаевичем на 2700 руб.</note> и т. д., долженъ быть совершенной ребенокъ. — <hi>Наши умишки мягки какъ воскъ</hi>, поэтому его всякій можетъ сбить съ толку, Кост[инька] же, всю жизнь пресмыкаясь въ разныхъ общеcтвахъ, посвятилъ себя и не знаетъ больше удовольствія, какъ поймать какого нибудь неопытнаго провинціала и подъ <hi style="opdelimiter">предлогомъ</hi><hi style="opnumber">155</hi> <hi style="npnumber">156</hi><hi style="npdelimiter">руководить</hi> его — сбить его совсѣмъ съ толку, — онъ его доконаетъ. — Я говорю это по опыту. Несмотря на мое огромное самолюбіе, въ Петербургѣ онъ имѣлъ на меня большое вліяніе и умѣлъ испортить мнѣ такъ эти 8 мѣсяцевъ, которые я провелъ тамъ, что у меня нѣтъ воспоминаній непріятнѣе. Онъ умѣлъ меня убѣдить въ томъ, что Кочубей, Несельроды<note xml:id="note23" resp="volume_editor" index="false">Фамилии Кочубеев и Нессельроде названы, вероятно, как «громкие» аристократические фамилии. «Известность» фамилии Кочубеев придал государственный канцлер внутренних дел кн. Виктор Павлович (1768—1834), а Нессельроде — гр. Карл Васильевич (1780—1862), с 1844 г. государственный канцлер.</note> и всѣ эти Г[оспо]да такіе люди, что я долженъ пасть ницъ передъ ними, когда увижу, и что я съ К[остенькой],<note xml:id="note24" resp="volume_editor" index="false">Конст. Алдр. Иславин.</note> съ Михалковым<note xml:id="note25" resp="volume_editor" index="false">Кто такой Михалков, узнать не удалось.</note> еще могу кое какъ разговаривать, но что въ сравненіи съ этими тузами я ровно нуль — погибшій человѣкъ и долженъ бояться ихъ и скрывать отъ нихъ свое ничтожество. А впрочемъ, жалкое созданіе этотъ Кост[инька]. Чѣмъ онъ кончитъ? Мы разъ съ Н[иколиньк]ой говорили о немъ и придумали, что для него ничего не можетъ быть лучше, ежели онъ чувствуетъ въ себѣ довольно силы, какъ служить въ полку на Кавказѣ. — Можно отвѣчать, что въ 3,4 года онъ изъ солдатъ будетъ офицеромъ и сверхъ того здѣсь онъ можетъ имѣть chance<note xml:id="note26" resp="volume_editor" index="false">возможность</note> очень скоро получить родовое дворянство, получивъ Владиміра, и онъ могъ бы обогнать своего брата бѣдна[го] Вольдемара,<note xml:id="note27" resp="volume_editor" index="false">О Влад. Александр. Иславине см. прим. 10 к п. № 12. Как «незаконнорожденные», Иславины были «купеческого звания», а чтобы получить «потомственное дворянство» нужно было иметь орден св. Владимира.</note> (котораго я очень люблю),который трудится изъ этаго, Богъ знаетъ, сколько лѣтъ. — Ежели ты его увидишь, то скажи ему, что мы съ Н[иколеньк]ой для него придумали. — О себѣ нечего писать мнѣ, потому что съ того дня, какъ тебѣ писалъ, веду жизнь самую спокойную и однообразную. Сначала по цѣлымъ днямъ хлопоталъ о своемъ зачисленіи па службу, обѣгалъ всѣхъ генераловъ и могу сказать, что поступилъ геройски — взялъ съ бою свой приказъ о зачисленіи — теперь сижу цѣлый день дома, читаю, пишу и дожидаюсь денегъ. — Я совершенно здоровъ и спокоенъ, но ужасно хочется поскорѣе съѣхаться съ Н[иколиньк]ой. Можешь узнать еще многія подробности обо мнѣ изъ писемъ къ тетинькѣ Toinette;<note xml:id="note28" resp="volume_editor" index="false">Татьяна Александровна Ергольская.</note> я много пишу всѣмъ, но ей въ особенности, потому что ее больше всѣхъ люблю, и она чаще всѣхъ мнѣ пишетъ. — Она тебѣ объяснитъ, почему, когда я вернусь въ Россію, тебя ожидаетъ подарокъ — прекрасной Кабардинской лошади отъ незнакомаго тебѣ человѣка.<note xml:id="note29" resp="volume_editor" index="false">См. прим. к п. № 55 о Садо, который, зная о страсти гр. С. Н. Толстого к лошадям, обещал «выкрасть в горах какого ни на есть лучшего коня» и подарить ему, когда приедет в Россию.</note> — О портретѣ не забудь. — Прощай. —</p>
<comments><p rend="Textpetit_otstup left">Печатается по автографу, хранящемуся в ГТМ. Публикуется впервые.</p>
<p rend="Textpetit_otstup left"><hi>1</hi><hi> </hi>Это, конечно, письмо № 52, датированное 23 декабря.</p>
<p rend="petit left"><hi>2 </hi>Это письмо не <hi style="opdelimiter">сохранилось.</hi><hi style="opnumber">156</hi></p>
<p rend="petit left"><hi>3</hi> О том, как смеялся купец Подъемщиков на охоте, рассказывает Толстой в восьмой главе III редакции «Детства». См. 1 том, стр. 170.</p>
<p rend="petit left"><hi>4</hi> Карл Фердинандович Гимбут (р. в 1815 г., ум. 27 мая 1881 г.), служил лесничим подгородного лесничества (в чине штабс-капитана в 1851 г.) близ Ясной поляны, в отставку вышел в 1863 г. На сельско-хозяйственной выставке в Туле в 1851 г. он получил серебряную медаль большого размера «за первоначальное введение в Тульской губ. шелководства и за 11 пород древесных растений, разведенных им от семян». В сохранившемся в АТБ письме к Толстому от 6 декабря 1852 г. К. Ф. Гимбут просит продать ему деревню Мостовую. К. Ф. Гимбут часто упоминается в дневнике Толстого 1856—1858 гг.</p>
<p rend="petit left"><hi>5 </hi>Я обращаюсь к</p>
<p rend="petit left"><hi>6 </hi>Влад. Ив. Юшков. О нем см. прим. 4 к п. № 46.</p>
<p rend="petit left"><hi>7 </hi>Гр. Сергей Ник. Толстой.</p>
<p rend="petit left"><hi>8 </hi>Умерший в раннем детстве сын Сергея Николаевича, Николай.</p>
<p rend="petit left"><hi>9 </hi>У Ив. Матв. Канивальского (о нем см. прим. 9 к п. № 33) было три дочери: Софья, Елизавета и Александра. О которой из них идет речь, выяснить не удалось.</p>
<p rend="petit left"><hi>10</hi> Вероятно, Дмитрий Матвеевич Щелин (1801—18..), в 1850—1866 гг. бывший Крапивенским предводителем дворянства.</p>
<p rend="petit left"><hi>11 </hi>Николай Алексеевич (о нем см. прим. 18 к п. № 52) или Василий Алексеевич (о нем см. прим. 5 к п. № 36) Чулков.</p>
<p rend="petit left"><hi>12 </hi>Мар. Мих. Шишкина. О ней см. прим. 16 к п. № 12.</p>
<p rend="petit left"><hi>13 </hi>Кого разумел Толстой под этими инициалами, сказать не можем.</p>
<p rend="petit left"><hi>14</hi> Ник. Серг. Воейков. О нем см. прим. 5 к п. № 7.</p>
<p rend="petit left"><hi>15 </hi>Славянское выражение: «В бозе почил», т. е. умер.</p>
<p rend="petit left"><hi>16 </hi>немного</p>
<p rend="petit left"><hi>17 </hi>дух</p>
<p rend="petit left"><hi>18</hi> Гр. Дм. Ник. Толстой. О нем см. прим. 5 к п. № 84.</p>
<p rend="petit left"><hi>19 </hi>Конст. Александрович Иславин. О нем см. прим. 10 и 25к п. № 12.</p>
<p rend="petit left"><hi>20 </hi>О Любови Сергеевне Толстой пишет в «Воспоминаниях детства» (гл. IX): «К нашему семейству как-то пристроена, взята была из жалости, самое странное и жалкое существо, некто Любовь Сергеевна, девушка; не знаю, какую ей дали фамилию. Любовь Сергеевна была плод кровосмешения Протасова (из тех Протасовых, от которых Жуковский). Как она попала к нам, — не знаю. Слышал, что ее жалели, ласкали, хотели пристроить даже, выдать замуж за Федора Ивановича, но всё это не удалось. Она жила сначала у нас, — я этого не помню, а потом ее взяла тетенька Пелагея Ильинишна в Казань, и она жила у нее. Так что узнал я ее в Казани. Это было жалкое, кроткое, забитое существо. У нее была комнатка, и девочка ей прислуживала. Когда я узнал ее, она была не только жалка, но отвратительна. Не знаю, какая была у нее болезнь, но лицо ее было всё распухлое так, как бывают запухлые лица, искусанные пчелами. Глаза виднелись в узеньких щелках между двумя запухшими глянцевитыми без бровей подушками. Также распухшие, глянцевитые желтые были щеки, нос, губы, рот. И говорила она с трудом, так как и во рту, вероятно, была та же опухоль. Летом на лицо ее садились мухи, и она не чувствовала их, и это было особенно неприятно видеть. Волоса у ней были еще <hi style="opdelimiter">черные,</hi><hi style="opnumber">157</hi> <hi style="npnumber">158</hi><hi style="npdelimiter">но</hi> редкие, не скрывавшие голый череп. Владимир Иванович Юшков, муж тетеньки, недобрый шутник, не скрывал своего отвращения к ней. От нее всегда дурно пахло. А в комнате ее, где никогда не открывались окна и форточки, был удушливый запах. Вот эта-то Любовь Сергеевна сделалась другом Митеньки. Он стал ходить к ней, слушать ее, говорить с ней, читать ей. И — удивительное дело! — мы так были нравственно тупы, что только смеялись над этим; Митенька же был так нравственно высок, так независим от заботы о людском мнении, что никогда ни словом, ни намеком не показывал, что он считает хорошим то, что делает. Он только делал. И это был не порыв, а это продолжалось всё время, пока мы жили в Казани». Любовь Сергеевну изобразил Толстой и в «Юности». См. 2 том, стр. 389.</p>
<p rend="petit left"><hi>21 </hi>Алексей Иванович Полубояринов, однокурсник гр. Д. Н. и С. Н. Толстых. О нем Толстой пишет в «Воспоминаниях детства» (гл. IX): «Мы, главное Сережа, водили знакомство с аристократическими товарищами и молодыми людьми; Митенька, напротив, из всех товарищей выбрал жалкого, оборванного, бедного студента, Полубояринова (которого наш приятель-шутник называл Полубезобедовым, и мы, жалкие ребята, находили это забавным и смеялись над Митенькой). Он только с Полубояриновым дружил и с ним готовился к экзаменам». Алексей Иванович Полубояринов поступил в Казанский университет осенью 1843 г. и вышел из него (по прошению) осенью 1845 г.</p>
<p rend="petit left"><hi>22 </hi>Об этом Луке Толстой пишет в «Воспоминаниях детства» (гл. IX): Митенька «очень сблизился с очень оригинальным человеком, жившим у нашего опекуна, Воейкова, происхождение которого никто не знал. Звали его отцом Лукою. Он ходил в подряснике, был очень безобразен: маленький ростом, косой, черный, но очень чистоплотный и необыкновенно сильный. Он жал руку, как клещами, и говорил всегда как-то значительно и загадочно. Жил он у Воейкова подле мельницы, где построил маленький дом и развел необыкновенный цветник. Этого отца Луку Митенька и водил с собой». Из письма бурмистра Василия Трубецкого гр. Н. Н. Толстому от 4 февраля 1850 г. видно, что у Луки был вексель, выданный ему гр. Дмитрием Николаевичем на 2700 руб.</p>
<p rend="petit left"><hi>23 </hi>Фамилии Кочубеев и Нессельроде названы, вероятно, как «громкие» аристократические фамилии. «Известность» фамилии Кочубеев придал государственный канцлер внутренних дел кн. Виктор Павлович (1768—1834), а Нессельроде — гр. Карл Васильевич (1780—1862), с 1844 г. государственный канцлер.</p>
<p rend="petit left"><hi>24 </hi>Конст. Алдр. Иславин.</p>
<p rend="petit left"><hi>25 </hi>Кто такой Михалков, узнать не удалось.</p>
<p rend="petit left"><hi>26 </hi>возможность</p>
<p rend="petit left"><hi>27 </hi>О Влад. Александр. Иславине см. прим. 10 к п. № 12. Как «незаконнорожденные», Иславины были «купеческого звания», а чтобы получить «потомственное дворянство» нужно было иметь орден св. Владимира.</p>
<p rend="petit left"><hi>28 </hi>Татьяна Александровна Ергольская.</p>
<p rend="petit left"><hi>29 </hi>См. прим. к п. № 55 о Садо, который, зная о страсти гр. С. Н. Толстого к лошадям, обещал «выкрасть в горах какого ни на есть лучшего коня» и подарить ему, когда приедет в Россию.</p>
<p rend="left secend"><hi style="opnumber">158</hi> <hi style="npnumber">159</hi></p>
</comments></div></body>
        </text>
        </TEI>