<?xml version="1.0" encoding="UTF-8"?>
    <!-- <?xml-stylesheet type="text/xsl" target="../resources/MJT/myletter.xsl"?> -->
    <?xml-stylesheet type="css" target="graves.css"?>
    <?xml-model target="http://www.tei-c.org/release/xml/tei/custom/schema/relaxng/tei_all.rng" type="application/xml" schematypens="http://relaxng.org/ns/structure/1.0"?>
    <?xml-model target="http://www.tei-c.org/release/xml/tei/custom/schema/relaxng/tei_all.rng" type="application/xml"
            schematypens="http://purl.oclc.org/dsdl/schematron"?>
    <TEI xmlns="http://www.tei-c.org/ns/1.0">
       <teiHeader>
          <fileDesc>
             <titleStmt>
                <title>Письмо №* 76. Гр. С. Н. Толстому и Т. А. Ергольской.</title>
             </titleStmt>
             <publicationStmt>
                <publisher>TolstoyLab</publisher>
                <date when="2015-09-14">14 September 2015</date>
             </publicationStmt>
             <sourceDesc>
                <biblStruct>
                   <analytic>
                      <author>Толстой Л.Н.</author>
                   </analytic>
                   <monogr>
                      <title level="m">Полное собрание сочинений. Том 59</title>
                      <imprint>
                         <pubPlace>Москва</pubPlace>
                         <publisher>Государственное издательство "Художественная литература"</publisher>
                         <date when="1935"/>
                      </imprint>
                   </monogr>
                   <series>
                      <title level="s">Л.Н. Толстой. Полное собрание сочинений</title>
                      <biblScope unit="vol">59</biblScope>
                   </series>
                </biblStruct>
				<bibl>Печатается по автографу, хранящемуся в АТБ. Впервые напечатаны отрывки из письма П. И. Бирюковым в Б, I, 1906, стр. 218; несколько большие отрывки даны П. А. Сергеенко в ПТС, I, стр. 32. Письмо датируется содержанием: упоминанием о «Набеге» и указанием, что «подал в отставку», что было в мае.</bibl>
             </sourceDesc>
          </fileDesc>
          <encodingDesc>
             <tagsDecl> </tagsDecl>
          </encodingDesc>
          <profileDesc>
             <correspDesc>
                <correspAction type="sending">
                   <persName ref="PersonList.xml#L_N_Tolstoy">Л. Н. Толстой</persName>
                   <placeName ref="PlacesListxml#PLACE">Станица Старогладковская.</placeName>
                   <date when="1853-06">1853 г. Июня</date>            </correspAction>
                <correspAction type="receiving">
                   <persName ref="PersonList.xml#RECEIVER">Гр. С. Н. Толстому и Т. А. Ергольской</persName>
                </correspAction>
                <correspContext>
                   <ref type="prev"></ref>
                </correspContext>
             </correspDesc>
          </profileDesc>
       </teiHeader>
       <xenoData><number type="in a volume">76</number></xenoData>

              <text xml:id="Gr.S.N.TolstomuiT.A.Ergolskoj_76">
	<body><div>
		<opener index="false">
* 76. Гр. С. Н. Толстому и Т. А. Ергольской.
1853 г. Июня первая половина. Станица Старогладковская.
</opener><p rend="left">Пишу въ торопяхъ, поэтому извини за то, что письмо будетъ коротко и безтолково. <hi>Дњтство</hi> было испорчено, а <hi>Набњгь </hi>такъ и пропалъ отъ Цензуры. Все, что было хорошаго, все выкинуто или изуродовано.<note xml:id="note1" resp="volume_editor" index="false">По получении мартовской книжки «Современника» за 1853 г., где был напечатан «Набег», Толстой в дневнике под 28 апреля 1853 г. записал: «Получил книгу со своим рассказом, приведенным в самое жалкое положение. Это расстроило меня».</note> Я подалъ въ отставку<note xml:id="note2" resp="volume_editor" index="false">Об этом см. прим. к п. № 75.</note> и на дняхъ, т. е. мѣсяца через 1 <hi>1</hi>/<sub>2</sub> надѣюсь свободнымъ человѣкомъ ѣхать въ Пятиг[орскъ], а оттуда въ Россію. Ежели представленіе мое пойдетъ, то я и въ отставкѣ получу чинъ, слѣдовательно, ничего не потеряю. Ты, какъ мнѣ пишутъ, занимаешься моими дѣлами и, какъ кажется, съ охотой. Ты не повѣришь, какъ во многихъ отношеніяхъ мнѣ было пріятно узнать это. — Не помню, кому я писалъ (Валер[ьяну] или Ег. Дм.)<note xml:id="note4" resp="volume_editor" index="false">Егор Дмитр. Хрусталев, управляющий Ясной поляной.</note> о высылкѣ мнѣ 100 р., которые я не получалъ еще. Узнай про это и вели мнѣ ихъ выслать и, ежели возможно, еще 200 р. сер. Будь спокоенъ я въ карты не играю, но такъ какъ задумалъ уѣзжать, многимъ-бы почти необходимымъ хотѣлъ запастись здѣсь. — Контрактъ на мельницу кажется выгоденъ.<note xml:id="note5" resp="volume_editor" index="false">Об этом см. письмо гр. С. Н. Толстого ко Льву Николаевичу от 18 мая 1853 г. в прим. к п. № <hi style="opdelimiter">74.</hi><hi style="opnumber">236</hi></note> По поелѣднему письму тет. Т. А. она должна быть у тебя, поэтому припишу ей:</p>

<p rend="Obrashenie left">Chère tante!</p>
<p rend="left">Si je vous ecris rarement cela vient de ce que je m’habitue à l'idée du bonheur de vous revoir bientôt et je compte vous dire mieux de vive voix que par écrit tout ce que je sens de reconnaissance pour votre amour et votre bonté.<hi>5</hi></p>
<comments><p rend="Textpetit_otstup left">Печатается по автографу, хранящемуся в АТБ. Впервые напечатаны отрывки из письма П. И. Бирюковым в Б, I, 1906, стр. 218; несколько большие отрывки даны П. А. Сергеенко в ПТС, I, стр. 32. Письмо датируется содержанием: упоминанием о «Набеге» и указанием, что «подал в отставку», что было в мае.</p>
<p rend="Textpetit_otstup left"><hi>1 </hi>По получении мартовской книжки «Современника» за 1853 г., где был напечатан «Набег», Толстой в дневнике под 28 апреля 1853 г. записал: «Получил книгу со своим рассказом, приведенным в самое жалкое положение. Это расстроило меня».</p>
<p rend="petit left"><hi>2 </hi>Об этом см. прим. к п. № 75.</p>
<p rend="petit left"><hi>3 </hi>Егор Дмитр. Хрусталев, управляющий Ясной поляной.</p>
<p rend="petit left"><hi>4 </hi>Об этом см. письмо гр. С. Н. Толстого ко Льву Николаевичу от 18 мая 1853 г. в прим. к п. № <hi style="opdelimiter">74.</hi><hi style="opnumber">236</hi></p>
<p rend="petit left"><hi style="npnumber">237</hi><hi style="npdelimiter">5.</hi> Дорогая тетенька!</p>
<p rend="petit left">Если я редко пишу вам, то это оттого, что я приучаю себя к мысли о счастии скорого свидания с вами, и я предпочитаю устно, а не письменно выразить вам всю свою признательность за вашу любовь и вашу доброту.</p>
</comments></div></body>
        </text>
        </TEI>