<?xml version="1.0" encoding="UTF-8"?>
    <!-- <?xml-stylesheet type="text/xsl" target="../resources/MJT/myletter.xsl"?> -->
    <?xml-stylesheet type="css" target="graves.css"?>
    <?xml-model target="http://www.tei-c.org/release/xml/tei/custom/schema/relaxng/tei_all.rng" type="application/xml" schematypens="http://relaxng.org/ns/structure/1.0"?>
    <?xml-model target="http://www.tei-c.org/release/xml/tei/custom/schema/relaxng/tei_all.rng" type="application/xml"
            schematypens="http://purl.oclc.org/dsdl/schematron"?>
    <TEI xmlns="http://www.tei-c.org/ns/1.0">
       <teiHeader>
          <fileDesc>
             <titleStmt>
                <title>Письмо №*3. Проректору Казанского университета К. К. Фойгту.</title>
             </titleStmt>
             <publicationStmt>
                <publisher>TolstoyLab</publisher>
                <date when="2015-09-14">14 September 2015</date>
             </publicationStmt>
             <sourceDesc>
                <biblStruct>
                   <analytic>
                      <author>Толстой Л.Н.</author>
                   </analytic>
                   <monogr>
                      <title level="m">Полное собрание сочинений. Том 59</title>
                      <imprint>
                         <pubPlace>Москва</pubPlace>
                         <publisher>Государственное издательство "Художественная литература"</publisher>
                         <date when="1935"/>
                      </imprint>
                   </monogr>
                   <series>
                      <title level="s">Л.Н. Толстой. Полное собрание сочинений</title>
                      <biblScope unit="vol">59</biblScope>
                   </series>
                </biblStruct>
				<bibl>Печатается по автографу, хранящемуся в ГТМ. Публикуется впервые. Датируется на основании имеющейся на автографе пометки чернилами неизвестной рукой: «Пл. [т. е. Получено] 25 Авг. 1845 ». На прошении имеется отметка карандашем неизвестной рукой: «оставлен за малоуспешность».</bibl>
             </sourceDesc>
          </fileDesc>
          <encodingDesc>
             <tagsDecl> </tagsDecl>
          </encodingDesc>
          <profileDesc>
             <correspDesc>
                <correspAction type="sending">
                   <persName ref="PersonList.xml#L_N_Tolstoy">Л. Н. Толстой</persName>
                   <placeName ref="PlacesListxml#PLACE">Казань.</placeName>
                   <date when="1845-08-25">1845 г. Августа 25.</date>            </correspAction>
                <correspAction type="receiving">
                   <persName ref="PersonList.xml#RECEIVER">Проректору Казанского университета К. К. Фойгту</persName>
                </correspAction>
                <correspContext>
                   <ref type="prev"></ref>
                </correspContext>
             </correspDesc>
          </profileDesc>
       </teiHeader>
       <xenoData><number type="in a volume">3</number></xenoData>

              <text xml:id="ProrektoruKazanskogouniversiteta_3">
	<body><div>
		<opener index="false">
*3. Проректору Казанского университета К. К. Фойгту.
1845 г. Августа 25. Казань.</opener>
<p rend="left">Его Высокородію Господину Проректору Казанскаго Императорскаго Университета и Орденовъ Кавалеру, Карлу Карловичу Фойгту.</p>
<p rend="left">Студента перваго курса разряда Восточной Словесности Графа Льва Толстаго</p>
<lb/>
<p rend="subtitle centerline">
Прошеніе.
</p>
<p rend="left">По желанію моему и совѣту родственниковъ, имѣю намѣреніе перемѣнить Факультетъ Восточной Словесности на Юридическій; почему покорнѣйше прошу ваше Высокородіе допустить меня къ слушанію лекцій Юридическаго Факультета.</p>
<p rend="left">Къ сему прошенію руку приложилъ Студентъ Казанскаго Императорскаго Университета перваго курса разряда Восточной Словесности Графъ Левъ Николаевъ сынъ Толстой.</p>
<comments><p rend="Textpetit_otstup left">Печатается по автографу, хранящемуся в ГТМ. Публикуется впервые. Датируется на основании имеющейся на автографе пометки чернилами неизвестной рукой: «Пл. [т. е. Получено] 25 Авг. 1845 ». На прошении имеется отметка карандашем неизвестной рукой: «оставлен за малоуспешность».</p>
<p rend="petit left">На основании неудовлетворительных полугодичных испытаний в январе 1845 г. Толстой не был допущен на 2 курс Факультета восточной словесности и тем самым был оставлен на второй год на этом курсе. Это и побудило его, повидимому, к перемене факультета. В ответ на прошение Толстого проректору Казанского университета о переводе его с факультета восточной словесности на юридический факультет, проректор в представлении за № 357 от 10 сентября 1845 г. запросил об этом управляющего Казанским учебным округом. Управляющий Казанским учебным округом, он же ректор университета, Н. И. Лобачевский, выразил 13 сентября свое согласие на переход Толстого на Юридический факультет. Проректор Фойгт обратился 10 октября 1845 г. к правлению Казанского университета с предложением за № 416, где доводил до <hi style="opdelimiter">сведения</hi><hi style="opnumber">9</hi> <hi style="npnumber">10</hi><hi style="npdelimiter">правления</hi> о мнении Лобачевского и просил допустить студента Толстого к слушанию лекций на Юридическом факультете, что и было исполнено. Вся эта служебная переписка хранится в ГТМ.</p>
<p rend="petit left">Карл Карлович Фойгт (1808—1873), профессор русской словесности и истории всеобщей литературы в Казанском университете, сын профессора Казанского университета, К. Т. Фойгта (1760—1811). Среднее образование получил в Казанской гимназии, в 1823—1826 гг. — студент Казанского университета, который кончил кандидатом словесного отделения. В 1826—1833 гг. преподавал в университете языки, в 1834 г. — адъюнкт, в 1837—1850 гг. библиотекарь. С 1839 г. экстраординарный профессор по кафедре русской словесности и истории литературы, с 1842 г. ординарный профессор. В 1845 г. К. К. Фойгт за возложением на ректора университета Н. И. Лобачевского управления округом, в течение семи месяцев нес по избранию обязанности проректора. В 1849—1852 гг. состоял деканом словесного факультета. В 1852 г. перемещен на должность ректора Харьковского университета, впоследствии попечитель Харьковского учебного округа, с 1868 г. — председатель ученого комитета Министерства народного просвещения. К. К. Фойгт имел ряд печатных трудов по русской словесности и истории литературы.</p>
</comments></div></body>
        </text>
        </TEI>