<?xml version="1.0" encoding="UTF-8"?>
    <!-- <?xml-stylesheet type="text/xsl" target="../resources/MJT/myletter.xsl"?> -->
    <?xml-stylesheet type="css" target="graves.css"?>
    <?xml-model target="http://www.tei-c.org/release/xml/tei/custom/schema/relaxng/tei_all.rng" type="application/xml" schematypens="http://relaxng.org/ns/structure/1.0"?>
    <?xml-model target="http://www.tei-c.org/release/xml/tei/custom/schema/relaxng/tei_all.rng" type="application/xml"
            schematypens="http://purl.oclc.org/dsdl/schematron"?>
    <TEI xmlns="http://www.tei-c.org/ns/1.0">
       <teiHeader>
          <fileDesc>
             <titleStmt>
                <title>Письмо №* 250. Т. А. Ергольской.</title>
             </titleStmt>
             <publicationStmt>
                <publisher>TolstoyLab</publisher>
                <date when="2015-09-14">14 September 2015</date>
             </publicationStmt>
             <sourceDesc>
                <biblStruct>
                   <analytic>
                      <author>Толстой Л.Н.</author>
                   </analytic>
                   <monogr>
                      <title level="m">Полное собрание сочинений. Том 60</title>
                      <imprint>
                         <pubPlace>Москва</pubPlace>
                         <publisher>Государственное издательство "Художественная литература"</publisher>
                         <date when="1949"/>
                      </imprint>
                   </monogr>
                   <series>
                      <title level="s">Л.Н. Толстой. Полное собрание сочинений</title>
                      <biblScope unit="vol">60</biblScope>
                   </series>
                </biblStruct>
             </sourceDesc>
          </fileDesc>
          <encodingDesc>
             <tagsDecl> </tagsDecl>
          </encodingDesc>
          <profileDesc>
             <correspDesc>
                <correspAction type="sending">
                   <persName ref="PersonList.xml#L_N_Tolstoy">Л. Н. Толстой</persName>
                   <placeName ref="PlacesListxml#PLACE">Москва.</placeName>
                   <date when="1862-08-22">1862 г. Августа 22.</date>            </correspAction>
                <correspAction type="receiving">
                   <persName ref="PersonList.xml#RECEIVER">Т. А. Ергольской</persName>
                </correspAction>
                <correspContext>
                   <ref type="prev"></ref>
                </correspContext>
             </correspDesc>
          </profileDesc>
       </teiHeader>
       <xenoData><number type="in a volume">250</number></xenoData>

              <text xml:id="T.A.Ergolskoj_250">
	<body><div>
		<opener index="false">
* 250. Т. А. Ергольской.
1862 г. Августа 22. Москва.
</opener>
<p rend="Obrashenie left">Chère tante!<note xml:id="note1" resp="volume_editor" index="false"> [Дорогая тетенька!]</note></p>
<p rend="left">Нынче утром я проводил Машу.<note xml:id="note2" resp="volume_editor" index="false"> Л. Н. Толстой проводил сестру, уезжавшую обратно за границу.</note> Она, слава Богу, здорова, отдохнула хорошо от дороги. Стояли мы у Берсов. Она не писала вам, я обещал это сделать и исполняю. <hi style="opdelimiter">Тетинька</hi><hi style="opnumber">442</hi> <hi style="npnumber">443</hi><hi style="npdelimiter">Paulin</hi> <note xml:id="note3" resp="volume_editor" index="false"> Пелагея Ильинична Юшкова.</note> провела y нас целый день и проводила ее. Tante Paulin имеет план, который я очень одобряю и который меня очень обрадовал. Она хочет переехать в Тульский монастырь. Я ей обещал сделать всё от меня зависящее и теперь прошу вас узнать, есть ли кельи, нанять или купить, и что такая будет стоить. Маша обещала писать мне из Петербурга, и тогда я вам напишу.</p>
<p rend="left">Я завтра подаю письмо Государю.</p>
<p rend="right rightindent">Прощайте, целую ваши руки.</p>
<p rend="right">Л. Толстой.</p>
<lb/>
<p rend="left"><hi>На четвертой странице:</hi></p>
<p rend="left">Татьяне Александровне. В Ясную Поляну.</p>
<comments><p rend="Textpetit_otstup left">Дата определяется последними словами письма.</p>
<p rend="Textpetit_otstup left"><hi>1</hi> [Дорогая тетенька!]</p>
<p rend="petit left"><hi>2</hi> Л. Н. Толстой проводил сестру, уезжавшую обратно за границу.</p>
<p rend="petit left"><hi>3</hi> Пелагея Ильинична Юшкова.</p>
</comments></div></body>
        </text>
        </TEI>