<?xml version="1.0" encoding="UTF-8"?>
    <!-- <?xml-stylesheet type="text/xsl" target="../resources/MJT/myletter.xsl"?> -->
    <?xml-stylesheet type="css" target="graves.css"?>
    <?xml-model target="http://www.tei-c.org/release/xml/tei/custom/schema/relaxng/tei_all.rng" type="application/xml" schematypens="http://relaxng.org/ns/structure/1.0"?>
    <?xml-model target="http://www.tei-c.org/release/xml/tei/custom/schema/relaxng/tei_all.rng" type="application/xml"
            schematypens="http://purl.oclc.org/dsdl/schematron"?>
    <TEI xmlns="http://www.tei-c.org/ns/1.0">
       <teiHeader>
          <fileDesc>
             <titleStmt>
                <title>Письмо №192. Е. П. Ковалевскому.</title>
             </titleStmt>
             <publicationStmt>
                <publisher>TolstoyLab</publisher>
                <date when="2015-09-14">14 September 2015</date>
             </publicationStmt>
             <sourceDesc>
                <biblStruct>
                   <analytic>
                      <author>Толстой Л.Н.</author>
                   </analytic>
                   <monogr>
                      <title level="m">Полное собрание сочинений. Том 60</title>
                      <imprint>
                         <pubPlace>Москва</pubPlace>
                         <publisher>Государственное издательство "Художественная литература"</publisher>
                         <date when="1949"/>
                      </imprint>
                   </monogr>
                   <series>
                      <title level="s">Л.Н. Толстой. Полное собрание сочинений</title>
                      <biblScope unit="vol">60</biblScope>
                   </series>
                </biblStruct>
				<bibl>Печатается по автографу, хранящемуся в Центрархиве в деле № 158 (на 5 листах). В верхнем углу помета карандашом: «1 мар. 1861», в правом чернилами: «10 апреля 1861, Цен.», внизу первой страницы той же рукой чернилами: «№ 524 Испол. 19 апр.».</bibl>
             </sourceDesc>
          </fileDesc>
          <encodingDesc>
             <tagsDecl> </tagsDecl>
          </encodingDesc>
          <profileDesc>
             <correspDesc>
                <correspAction type="sending">
                   <persName ref="PersonList.xml#L_N_Tolstoy">Л. Н. Толстой</persName>
                   <placeName ref="PlacesListxml#PLACE">Лондон.</placeName>
                   <date when="1861-05-03">1861 г. Mapтa 5</date>            </correspAction>
                <correspAction type="receiving">
                   <persName ref="PersonList.xml#RECEIVER">Е. П. Ковалевскому</persName>
                </correspAction>
                <correspContext>
                   <ref type="prev"></ref>
                </correspContext>
             </correspDesc>
          </profileDesc>
       </teiHeader>
       <xenoData><number type="in a volume">192</number></xenoData>

              <text xml:id="Evgr.P.Kovalevskomu_192">
	<body><div>
		<opener index="false">
192. Е. П. Ковалевскому.
1861 г. Mapтa 5/17 Лондон.
</opener>
<p rend="Obrashenie left">Ваше Высокопревосходительство </p>
<p rend="Obrashenie1 left">Милостивейший Государь</p>
<p rend="Obrashenie2 left">Евграф Петрович!</p>
<p rend="left">Любезное позволение Ваше адресовать из Нью-Йорка школьные книги на Ваше имя<note xml:id="note1" resp="volume_editor" index="false">См. письмо Толстого от 13—25 августа 1860 г. из Киссингена и ответ на него Е. П. Ковалевского от 26 августа 1860 г. (п. № 178).</note> дает мне смелость при отсылке книг теперь из Франции и Англии поступить таким же образом.</p>
<p rend="left">Может быть, поступок мой неприличен, и я вперед прошу у Вас за него прощения. Одно, что успокоивает меня, это то, что дело, для которого мне нужны книги — льщу себя надеждой — будет полезно не для одного меня, и то, что эти посылки не причинят Вам более беспокойства, как приказание сохранить их в Министерстве до моего приезда. —</p>
<p rend="left">Через месяц, надеюсь лично благодарить Вас за Ваше ко мне снисхождение; теперь же с истинным и глубоким чувством уважения и преданности, имею честь быть Вашего Высокопревосходительства</p>
<p rend="center">покорнейший слуга </p>
<p rend="right">Гр. Л. Толстой.</p>
<p rend="left">Лондон. 5 Марта.</p>
<comments><p rend="Textpetit_otstup left">Печатается по автографу, хранящемуся в Центрархиве в деле № 158 (на 5 листах). В верхнем углу помета карандашом: «1 мар. 1861», в правом чернилами: «10 апреля 1861, Цен.», внизу первой страницы той же рукой чернилами: «№ 524 Испол. 19 апр.».</p>
<p rend="Textpetit_otstup left"><hi>1 </hi>См. письмо Толстого от 13—25 августа 1860 г. из Киссингена и ответ на него Е. П. Ковалевского от 26 августа 1860 г. (п. № 178).</p>
<p rend="petit left">Первый ящик с книгами на имя Е. П. Ковалевского Толстой поручил отправить Б. Н. Чичерину, который сообщал ему из Парижа 4 марта 1861 г.: «Ящик твой отправляю в Петербург. Прудона вынул, но нашел только 9 études [этюдов], а это не всё. Ты в ящик положил ягдташ с дробью, вероятно для прибавления веса, и с капсулями, за которые можно было заплатить 500 фр. штрафу. Последние я вынул». Об отправке второго ящика с книгами на имя Ковалевского Чичерин писал Толстому от 9 марта 1861 г. Третий ящик был послан Чичериным с Иваном Петровичем Колошиным, служащим в Министерстве иностранных дел (в 1870-х гг. был посланником в Бадене), о чем сообщал в письме от 22 марта 1861 г. (см. ПТТ, стр. 283—285).</p>
<p rend="petit left">В не дошедшем до нас письме Толстой просил Чичерина выслать ему книги по философии, педагогии и другие (в том числе французского философа Виктора Кузена (1792—1867) и французского социолога <hi style="opdelimiter">Фредерика</hi><hi style="opnumber">369</hi> <hi style="npnumber">370</hi><hi style="npdelimiter">Ле-Плэ</hi> (Le Play) (1806—1882). К этому времени вышли его крупнейшие работы: «Les ouvriers européens» («Европейские рабочие») и «Voyage dans<hi> </hi>la Russie méridionale et la Crimée» («Путешествие в южную Россию и в Крым»).</p>
<p rend="petit left">Письма Чичерина к Толстому см. в сборнике ПТТ, №№ 12 и 15.</p>
</comments></div></body>
        </text>
        </TEI>