<?xml version="1.0" encoding="UTF-8"?>
    <!-- <?xml-stylesheet type="text/xsl" target="../resources/MJT/myletter.xsl"?> -->
    <?xml-stylesheet type="css" target="graves.css"?>
    <?xml-model target="http://www.tei-c.org/release/xml/tei/custom/schema/relaxng/tei_all.rng" type="application/xml" schematypens="http://relaxng.org/ns/structure/1.0"?>
    <?xml-model target="http://www.tei-c.org/release/xml/tei/custom/schema/relaxng/tei_all.rng" type="application/xml"
            schematypens="http://purl.oclc.org/dsdl/schematron"?>
    <TEI xmlns="http://www.tei-c.org/ns/1.0">
       <teiHeader>
          <fileDesc>
             <titleStmt>
                <title>Письмо №* 149. И. П. Борисову.</title>
             </titleStmt>
             <publicationStmt>
                <publisher>TolstoyLab</publisher>
                <date when="2015-09-14">14 September 2015</date>
             </publicationStmt>
             <sourceDesc>
                <biblStruct>
                   <analytic>
                      <author>Толстой Л.Н.</author>
                   </analytic>
                   <monogr>
                      <title level="m">Полное собрание сочинений. Том 60</title>
                      <imprint>
                         <pubPlace>Москва</pubPlace>
                         <publisher>Государственное издательство "Художественная литература"</publisher>
                         <date when="1949"/>
                      </imprint>
                   </monogr>
                   <series>
                      <title level="s">Л.Н. Толстой. Полное собрание сочинений</title>
                      <biblScope unit="vol">60</biblScope>
                   </series>
                </biblStruct>
             </sourceDesc>
          </fileDesc>
          <encodingDesc>
             <tagsDecl> </tagsDecl>
          </encodingDesc>
          <profileDesc>
             <correspDesc>
                <correspAction type="sending">
                   <persName ref="PersonList.xml#L_N_Tolstoy">Л. Н. Толстой</persName>
                   <placeName ref="PlacesListxml#PLACE"></placeName>
                   <date when="1859-09">1859 г. Сентябрь.</date>            </correspAction>
                <correspAction type="receiving">
                   <persName ref="PersonList.xml#RECEIVER">И. П. Борисову</persName>
                </correspAction>
                <correspContext>
                   <ref type="prev"></ref>
                </correspContext>
             </correspDesc>
          </profileDesc>
       </teiHeader>
       <xenoData><number type="in a volume">149</number></xenoData>

              <text xml:id="I.P.Borisovu_149">
	<body><div>
		<opener index="false">
* 149. И. П. Борисову.
1859 г. Сентябрь.
</opener>
<p rend="Obrashenie left">Иван Петрович!</p>
<p rend="left">Собаки мои пришли, и завтра мы будем рано утром в Хометеве<note xml:id="note1" resp="volume_editor" index="false"> Вернее: Хомутове, Новосильского уезда.</note> ожидать вас у барского домика с красной крышей, к[отор]ый стоит, ехавши от нас, на правой руке. Как бы <hi style="opdelimiter">ни</hi><hi style="opnumber">305</hi> <hi style="npnumber">306</hi><hi style="npdelimiter">было</hi> жарко. И потому мы<note xml:id="note2" resp="volume_editor" index="false"> <hi>Зачеркнуто</hi>: выедем.</note> будем на месте в 8-м часу. — До свиданья.</p>
<p rend="right">Л. Толстой.</p>
<comments><p rend="Textpetit_otstup left">Датируется содержанием — месяцем охоты Толстого вместе с И. П. Борисовым.</p>
<p rend="Textpetit_otstup left"><hi>1</hi> Вернее: Хомутове, Новосильского уезда.</p>
<p rend="petit left"><hi>2</hi> <hi>Зачеркнуто</hi>: выедем.</p>
</comments></div></body>
        </text>
        </TEI>