<?xml version="1.0" encoding="UTF-8"?>
    <!-- <?xml-stylesheet type="text/xsl" target="../resources/MJT/myletter.xsl"?> -->
    <?xml-stylesheet type="css" target="graves.css"?>
    <?xml-model target="http://www.tei-c.org/release/xml/tei/custom/schema/relaxng/tei_all.rng" type="application/xml" schematypens="http://relaxng.org/ns/structure/1.0"?>
    <?xml-model target="http://www.tei-c.org/release/xml/tei/custom/schema/relaxng/tei_all.rng" type="application/xml"
            schematypens="http://purl.oclc.org/dsdl/schematron"?>
    <TEI xmlns="http://www.tei-c.org/ns/1.0">
       <teiHeader>
          <fileDesc>
             <titleStmt>
                <title>Письмо №* 294. Тульскому губернатору.</title>
             </titleStmt>
             <publicationStmt>
                <publisher>TolstoyLab</publisher>
                <date when="2015-09-14">14 September 2015</date>
             </publicationStmt>
             <sourceDesc>
                <biblStruct>
                   <analytic>
                      <author>Толстой Л.Н.</author>
                   </analytic>
                   <monogr>
                      <title level="m">Полное собрание сочинений. Том 60</title>
                      <imprint>
                         <pubPlace>Москва</pubPlace>
                         <publisher>Государственное издательство "Художественная литература"</publisher>
                         <date when="1949"/>
                      </imprint>
                   </monogr>
                   <series>
                      <title level="s">Л.Н. Толстой. Полное собрание сочинений</title>
                      <biblScope unit="vol">60</biblScope>
                   </series>
                </biblStruct>
				<bibl>Печатается по подлиннику, хранящемуся в Тульском архивном бюро. Началось 6 ноября 1861 г. Окончено 14 ноября 1861 г. На 7 листах.</bibl>
             </sourceDesc>
          </fileDesc>
          <encodingDesc>
             <tagsDecl> </tagsDecl>
          </encodingDesc>
          <profileDesc>
             <correspDesc>
                <correspAction type="sending">
                   <persName ref="PersonList.xml#L_N_Tolstoy">Л. Н. Толстой</persName>
                   <placeName ref="PlacesListxml#PLACE">Я. П.</placeName>
                   <date when="1861-11-04">1861 г. Ноября 4.</date>            </correspAction>
                <correspAction type="receiving">
                   <persName ref="PersonList.xml#RECEIVER">Тульскому губернатору</persName>
                </correspAction>
                <correspContext>
                   <ref type="prev"></ref>
                </correspContext>
             </correspDesc>
          </profileDesc>
       </teiHeader>
       <xenoData><number type="in a volume">294</number></xenoData>

              <text xml:id="Tulskomugubernatoru_294">
	<body><div>
		<opener index="false">
* 294. Тульскому губернатору.
1861 г. Ноября 4. Я. П.</opener>
<p rend="left">Его Превосходительству, Господину Начальнику Тульской Губернии.</p>
<lb/>
<p rend="center">М. В. Д.</p>
<p rend="center">Мирового посредника IV участка</p>
<p rend="center">Крапивенского уезда.</p>
<p rend="center">Ноября 4 дня 1861 года.</p>
<p rend="center">№ 349.</p>
<p rend="left">В прошедшем октября месяце мною сообщено было приставу 2 стана Крапивенского уезда об исполнении постановления моего касательно отдачи Крапивенским купцом Борхуновым долга крестьянину д. Воробьевки Мирону Никитину, но постановление это до сего времени не исполнено.</p>
<p rend="left">Считаю долгом о такой ежемесячно повторяющейся неисполнительности местной полиции довести до сведения Вашего Превосходительства.</p>
<p rend="right">Мировой Посредник Гр. Л. Толстой.</p>
<comments><p rend="Textpetit_otstup left">Печатается по подлиннику, хранящемуся в Тульском архивном бюро. Началось 6 ноября 1861 г. Окончено 14 ноября 1861 г. На 7 листах.</p>
<p rend="petit left">Написано писарской рукой; подпись Толстого собственноручная.</p>
<p rend="petit left">Канцелярия губернатора в тот же день запросила пристава о причинах невыполнения им требований мирового посредника гр. Толстого. Пристав 8 ноября доложил, что всё исполнено, 15 ноября от начальника Тульской губернии последовал циркуляр градским и земским полициям и градским думам в том, чтобы все законные требования мировых посредников выполнять неупустительно и с особым вниманием, как к предмету первой важности в настоящее время.</p>
</comments></div></body>
        </text>
        </TEI>