<?xml version="1.0" encoding="UTF-8"?>
    <!-- <?xml-stylesheet type="text/xsl" target="../resources/MJT/myletter.xsl"?> -->
    <?xml-stylesheet type="css" target="graves.css"?>
    <?xml-model target="http://www.tei-c.org/release/xml/tei/custom/schema/relaxng/tei_all.rng" type="application/xml" schematypens="http://relaxng.org/ns/structure/1.0"?>
    <?xml-model target="http://www.tei-c.org/release/xml/tei/custom/schema/relaxng/tei_all.rng" type="application/xml"
            schematypens="http://purl.oclc.org/dsdl/schematron"?>
    <TEI xmlns="http://www.tei-c.org/ns/1.0">
       <teiHeader>
          <fileDesc>
             <titleStmt>
                <title>Письмо №235. А. Е. Берсу.</title>
             </titleStmt>
             <publicationStmt>
                <publisher>TolstoyLab</publisher>
                <date when="2015-09-14">14 September 2015</date>
             </publicationStmt>
             <sourceDesc>
                <biblStruct>
                   <analytic>
                      <author>Толстой Л.Н.</author>
                   </analytic>
                   <monogr>
                      <title level="m">Полное собрание сочинений. Том 60</title>
                      <imprint>
                         <pubPlace>Москва</pubPlace>
                         <publisher>Государственное издательство "Художественная литература"</publisher>
                         <date when="1949"/>
                      </imprint>
                   </monogr>
                   <series>
                      <title level="s">Л.Н. Толстой. Полное собрание сочинений</title>
                      <biblScope unit="vol">60</biblScope>
                   </series>
                </biblStruct>
             </sourceDesc>
          </fileDesc>
          <encodingDesc>
             <tagsDecl> </tagsDecl>
          </encodingDesc>
          <profileDesc>
             <correspDesc>
                <correspAction type="sending">
                   <persName ref="PersonList.xml#L_N_Tolstoy">Л. Н. Толстой</persName>
                   <placeName ref="PlacesListxml#PLACE">Я. П.</placeName>
                   <date when="1862-03-17">1862 г. Марта 17.</date>            </correspAction>
                <correspAction type="receiving">
                   <persName ref="PersonList.xml#RECEIVER">А. Е. Берсу</persName>
                </correspAction>
                <correspContext>
                   <ref type="prev"></ref>
                </correspContext>
             </correspDesc>
          </profileDesc>
       </teiHeader>
       <xenoData><number type="in a volume">235</number></xenoData>

              <text xml:id="A.E.Bersu_235">
	<body><div>
		<opener index="false">
235. А. Е. Берсу.
1862 г. Марта 17. Я. П.
</opener>
<p rend="Obrashenie left">Любезный Андрей Евстафьевич,</p>
<p rend="left">В почтовый Департамент я писать не буду и очень, очень Вас благодарю за ваши хлопоты; а будьте благодетель, дайте Г-ну Попову<note xml:id="note1" resp="volume_editor" index="false"> В. М. Попов.</note>, моему комиссионеру, денег до 200 р., которые я вам высылаю с сею же почтою. В случае, ежели он не возьмет у вас всех денег, оставьте их у себя. Как вы поживаете, надеюсь, что хорошо и что С[офья] А[ндреевна]<note xml:id="note2" resp="volume_editor" index="false"> Софья Андреевна Берс (1844—1919) — вторая дочь А. Е. и Л. А. Берсов. Жена Толстого с 23 сентября 1862 г. Подробнее см. т. 83, стр. 4—8.</note> уж здорова и всё по старому. Всем душевно кланяюсь.<note xml:id="note3" resp="volume_editor" index="false"> Подразумевается семейство А. Е. Берса.</note> Я не здоров, журнал идет скверно, хозяйство еще хуже, помещики ненавидят меня всё больше и больше, но я чувствую себя таким довольным и счастливым, как никогда. Вот загадка, M-me Viardo[t].<note xml:id="note4" resp="volume_editor" index="false"> Полина Виардо — певица. О ней см. прим. 8 к п. № 66. Ее именем Толстой прозвал младшую сестру Софьи Андреевны — Татьяну Андреевну, которая, обладая хорошим голосом, в это время училась пению.</note> И только оттого, что работаю с утра до вечера, и работа та самая, которую я люблю. Тетушка благодарит за память и кланяется.</p>
<p rend="right">Весь ваш Л. Толстой.</p>
<p rend="left">17 <hi style="opdelimiter">Марта.</hi><hi style="opnumber">419</hi></p>
<comments><p rend="Textpetit_otstup left"><hi style="npnumber">420</hi><hi style="npdelimiter">Год</hi> определяется содержанием. Текст письма занимает две первых страницы почтового листа, на четвертой странице рукой Толстого написано:</p>
<p rend="left">«1862 года, марта 12. Сим свидетельствую, что Г-н Анатолий Томашевский в настоящее время занимает должность приходского учителя».</p>
<p rend="petit left">Андрей Евстафьевич Берс (1808—1868) — врач дворцового ведомства, жил в Москве, занимал квартиру в Кремле. Подробнее см. т. 83, стр. 23.</p>
<p rend="Textpetit_otstup left"><hi>1</hi> В. М. Попов.</p>
<p rend="petit left"><hi>2</hi> Софья Андреевна Берс (1844—1919) — вторая дочь А. Е. и Л. А. Берсов. Жена Толстого с 23 сентября 1862 г. Подробнее см. т. 83, стр. 4—8.</p>
<p rend="petit left"><hi>3</hi> Подразумевается семейство А. Е. Берса.</p>
<p rend="petit left"><hi>4</hi> Полина Виардо — певица. О ней см. прим. 8 к п. № 66. Ее именем Толстой прозвал младшую сестру Софьи Андреевны — Татьяну Андреевну, которая, обладая хорошим голосом, в это время училась пению.</p>
</comments></div></body>
        </text>
        </TEI>