<?xml version="1.0" encoding="UTF-8"?>
    <!-- <?xml-stylesheet type="text/xsl" target="../resources/MJT/myletter.xsl"?> -->
    <?xml-stylesheet type="css" target="graves.css"?>
    <?xml-model target="http://www.tei-c.org/release/xml/tei/custom/schema/relaxng/tei_all.rng" type="application/xml" schematypens="http://relaxng.org/ns/structure/1.0"?>
    <?xml-model target="http://www.tei-c.org/release/xml/tei/custom/schema/relaxng/tei_all.rng" type="application/xml"
            schematypens="http://purl.oclc.org/dsdl/schematron"?>
    <TEI xmlns="http://www.tei-c.org/ns/1.0">
       <teiHeader>
          <fileDesc>
             <titleStmt>
                <title>Письмо №*59. Гр. С. Н. Толстому.</title>
             </titleStmt>
             <publicationStmt>
                <publisher>TolstoyLab</publisher>
                <date when="2015-09-14">14 September 2015</date>
             </publicationStmt>
             <sourceDesc>
                <biblStruct>
                   <analytic>
                      <author>Толстой Л.Н.</author>
                   </analytic>
                   <monogr>
                      <title level="m">Полное собрание сочинений. Том 59</title>
                      <imprint>
                         <pubPlace>Москва</pubPlace>
                         <publisher>Государственное издательство "Художественная литература"</publisher>
                         <date when="1935"/>
                      </imprint>
                   </monogr>
                   <series>
                      <title level="s">Л.Н. Толстой. Полное собрание сочинений</title>
                      <biblScope unit="vol">59</biblScope>
                   </series>
                </biblStruct>
				<bibl>Печатается по автографу, хранящемуся в ГТМ. Публикуется впервые.</bibl>
             </sourceDesc>
          </fileDesc>
          <encodingDesc>
             <tagsDecl> </tagsDecl>
          </encodingDesc>
          <profileDesc>
             <correspDesc>
                <correspAction type="sending">
                   <persName ref="PersonList.xml#L_N_Tolstoy">Л. Н. Толстой</persName>
                   <placeName ref="PlacesListxml#PLACE">Станица Старогладковская.</placeName>
                   <date when="1852-03-28">1852 г. Марта 28.</date>            </correspAction>
                <correspAction type="receiving">
                   <persName ref="PersonList.xml#RECEIVER">Гр. С. Н. Толстому</persName>
                </correspAction>
                <correspContext>
                   <ref type="prev"></ref>
                </correspContext>
             </correspDesc>
          </profileDesc>
       </teiHeader>
       <xenoData><number type="in a volume">59</number></xenoData>

              <text xml:id="Gr.S.N.Tolstomu_59">
	<body><div>
		<opener index="false">
*59. Гр. С. Н. Толстому.
1852 г. Марта 28. Станица Старогладковская.
</opener><p rend="right"><hi>Старогладовская.</hi></p>

<p rend="Obrashenie left">Любезный Сережа!</p>
<p rend="left">Надняхъ получилъ твое... какъ бы сказать: не то чтобы непріятное, но слишкомъ полное совѣтовъ и пропитанное запахомъ Тулы — письмо,<note xml:id="note1" resp="volume_editor" index="false">Об этом не сохранившемся письме в дневнике Толстого от 24 марта записано: «Получил письмо от Сережи, — его советы и рассуждения мне были очень неприятны, потому что напомнили слишком хорошо Тулу».</note> а я ни того, ни другаго терпѣть не могу. —</p>
<p rend="left">Лучше бы ты мнѣ писалъ побольше о себѣ, о своемъ житьѣ-бытьѣ, о Митѣ, который, кажется, не намѣренъ мнѣ отвѣчать,<note xml:id="note2" resp="volume_editor" index="false">На не сохранившееся письмо Толстого к гр. Дмитрию Николаевичу Толстому последний ответил письмом от 29 марта 1852 г.:</note> и прислалъ бы свой портретъ. Впрочемъ, ежели уже ты непремѣнно хочешь мнѣ давать благія наставленія, то зато ты долженъ потрудиться привести некоторые изъ этихъ совѣтовъ къ исполненію.</p>
<p rend="left">Я давно уже имѣлъ въ виду, для скорѣйшей уплаты долговъ, продать одно изъ двухъ — Мостовушку<note xml:id="note3" resp="volume_editor" index="false">В деревне Мостовой пустоши Крапивенского у. было во время раздела имений Толстых 11 апреля 1847 г. 18 душ.</note> или Грецовку,<note xml:id="note4" resp="volume_editor" index="false">Грецовка — деревня в 9 в. от Ясной поляны; при ней было 50 душ.</note> но развѣ ты думаешь это легко? — Вопервыхъ, за вычетомъ долга Совѣту чистыхъ денегъ за одно изъ двухъ — можно получить, никакъ не больше 2,500, и то трудно. Вовторыхъ, хлопотъ по отчисленію отъ Ясной и для совершенія купчей не оберешься. — Хлопотъ будетъ гибель, денегъ не только для <hi style="opdelimiter">устройства</hi><hi style="opnumber">168</hi> <hi style="npnumber">169</hi><hi style="npdelimiter">Ясной,</hi> но и для уплаты половины моихъ долговъ не достанетъ, а доходовъ уменьшится значительно. —</p>
<p rend="left">Ясенской домъ — не потому чтобы я его цѣнилъ во сколько нибудь, но потому что онъ мнѣ дорогъ по воспоминаніямъ — я не продамъ низачто, и это — послѣдняя вѣщь, съ которой я рѣшусь разстаться.<note xml:id="note5" resp="volume_editor" index="false">О продаже большого дома в Ясной Поляне, выстроенного дедом (по матери) Толстого кн. Н. С. Волконским (1753—1821) и отцом, см., прим. 6 к п. № 89.</note> Вообще, согласись, что выгоднѣе и благоразумнѣе платить (ежели возможно) долги по немногу, чѣмъ продавая по кускамъ имѣніе. —</p>
<p rend="left">Вопросъ, слѣдовательно, состоитъ въ томъ — есть ли эта возможность. Отъ тебя въ нѣкоторой степени зависитъ: сдѣлать такъ, чтобы была эта возможность, объ чемъ я тебя и прошу.</p>
<p rend="left">Возможность платить по немногу будетъ: 1) ежели имѣніе будетъ приносить доходы и 2) ежели кредиторы захотятъ терпѣть.</p>
<p rend="left">Чтобы имѣніе приносило доходы, нужно, чтобы былъ порядокъ въ хозяйствѣ, а чтобы былъ порядокъ, нуженъ присмотръ, а чтобы былъ присмотръ, нужно, чтобы ты согласился принять въ полное свое распоряженіе Ясную поляну. — Я недавно писалъ къ Валеріяну<note xml:id="note6" resp="volume_editor" index="false">Об этом не сохранившемся письме есть запись в дневнике Толстого под 20 марта: «... сел писать письма Валериану и Андрею. Я сочинил эти письма в то время, когда получил письмо Андрея, тогда я был сердит, и мне казалось очень хорошо; теперь же, напротив, был в хорошем расположении духа, и из этого соединения двух расположений вышли письма, которые мне не нравятся. Досада и выражения совершенно женские». Гр. В. П, Толстой отвечал 24 апреля 1852 г.: «Милый друг и брат Léon! — Андрей Ильин переслал мне письмо твое, в котором ты поручаешь мне свои дела и хозяйство. — Считаю излишним распространяться в своих чувствах к тебе, скажу прямо, что с душевной готовностью рад служить тебе всегда и во всем, — но так как во всяком случае недостаточно одной моей готовности и дружеского усердия — а потому позволю тебе откровенно высказать мое мнение. — Ты знаешь, что я весьма плохой и неопытный хозяин, твое же имение требует бдительного и постоянного <hi style="opdelimiter">надзора</hi><hi style="opnumber">171</hi> <hi style="npnumber">172</hi><hi style="npdelimiter">человека</hi> знающего, ибо скажу откровенно, что хуже трудно итти, как идет в Ясном. Андрей пьянствует, староста при этом случае ловит в мутной воде рыбку и также себя не забывает, а Осип дурак набитый, который слепо повинуется воле начальников. Что Андрей горький пьяница, ты это знал и несмотря на то, поручил ему всё хозяйство и оставил в полной доверенности, что придало ему большой форс, — а потому я теперь никак до твоего приезда сменить его не решусь, тем более, говоря с тетенькой о твоих делах, — в которых она принимает самое живейшее участие, я ясно видел, что ей нежелательно, чтобы он был сменен, — а вчера я получил от ней письмо, в котором она ясно пишет, <hi>что Андрей оклеветан</hi>, что он <hi>с самой масленицы ведет себя отлично хорошо:</hi> и потому сменить его я не имею уже и причины, — да, наконец, кем его заменить, — нанять управляющего без тебя я не решусь ни за что, я на всякий случай приискал человека, которого мне рекомендовали с хорошей стороны, лет 40 — холостой — он был управляющим над большим имением у Тургеневой, — потом заведывал главной конторой, и теперь у детей ее поверенным; он получил свободу и ищет место; я за ним посылал — он мне весьма понравился, но ручаться за него никак не могу. — Просит он <hi>600</hi> р. сер. и содержание на одного человека без всяких отвесных. Я ему сказал, что я к тебе напишу и буду ждать твоего ответа, на этих днях если здоровье мое позволит, поеду в Ясные, сосчитаю Андрея и уведомлю тебя обо всем подробно, но решительных мер никаких предпринимать не могу. — Относительно того, что ты желаешь, чтобы oн без позволения моего не смел ничего расходовать, тут встретится также затруднение, испрашивать за 100 верст разрешения трудно. — И покуда будет переписка, то она может сделать упущение. — Что он непременно уже будет делать на зло. А потому не лучше ли будет поручить тебе эту статью тетеньке, которая, живя в Ясных, вероятно охотно возьмет это на себя и будет иметь более возможности за этим наблюдать; даже брат Сергей, будучи в 25 верстах и часто бывая в Ясных, скорей может это исполнить. — Я же непременно навлеку на себя большие неприятности: или не угожу тебе, или тетенька останется мной недовольна. — Я уверен, мой милый друг, что ты, размыслив хорошо, найдешь мое мнение справедливым и не причтешь это к нежеланию моему быть тебе полезным, но к совершенной невозможности. — Если я по дружбе брата Николая заведывал его делами, то там я имел хорошего помощника Петра, а во-вторых, если бы и сделал промах, то отвечал одному брату: mais ici je me trouve entre deux feux [но здесь я себя чувствую между двух огней], а это самое затруднительное. Ради бога, не сердись; если бы я тебя менее любил и менее дорожил бы твоей дружбой, то скорей бы может-быть. решился взять это на себя. — Что Андрей уже упустил, того воротить трудно, — ты, бог даст, по обещанию своему приедешь летом, сам всё увидишь и тогда сделаешь свои распоряжения, и я готов буду действовать по твоей инструкции, а с того времени я буду поверхностно надсматривать за Ясным и постараюсь не упустить ничего из виду, что будет клониться к твоей пользе. (Письмо не опубликовано, подлинник в АТБ.)</note> (я не обратился къ тебѣ потому что не зналъ гдѣ ты) и умолялъ его повѣрить А[ндрея] И[льича], который безсовѣстно меня грабитъ. — Ежели бы ты взялся за это, написалъ бы мнѣ, что ты согласенъ, я бы съ первой почтой выслалъ тебѣ довѣренность, по которой ты бы удалилъ Андрея, принялъ бы хозяйство на себя, назначилъ бы въ Ясную (другаго прикащика или бурмистра и съ сильнымъ желаніемъ привести въ порядокъ мое хозяйство принялся бы за дѣло, ты бы мнѣ сдѣлалъ большую пользу. —</p>
<p rend="left">Чтобы кредиторы дожидались — нужно съ ними объ этомъ поговорить. — Федуркинъ,<note xml:id="note7" resp="volume_editor" index="false">Никакими сведениями о Федуркине мы не располагаем.</note> которому я долженъ 1,800 р., а не 3,000 (до 2,000 съ процентами) мой главный кредиторъ; ежели ты захочешь поговорить ему объ этомъ и объяснить, что для него выгоднѣе будетъ получать долгъ понемногу отъ меня, чѣмъ черезъ опеку, и что въ нынѣшнемъ 1852 году я на мѣренъ заплатить ему около 800 р., въ декабрѣ мѣсяцѣ — срокъ его векселю въ Августѣ — то сдѣлаешь для меня другую большую услугу. —</p>
<p rend="left">Ежели же кредиторы ждать не захотятъ, и доходовъ по какимъ нибудь причинамъ не будетъ, тогда, дѣйствительно, надо будетъ продать Мост[овую] или Грец[овку]... поэтому ты сдѣлаешь мнѣ третью большую услугу, ежели <hi style="opdelimiter">пріищешь</hi><hi style="opnumber">169</hi> <hi style="npnumber">170</hi><hi style="npdelimiter">покупателей,</hi> узнаешь о цѣнѣ и о томъ: не представить-ли къ этому затрудненій — общій ихъ залогъ съ Ясной, и напишешь объ этомъ мнѣ. — О всѣхъ этихъ трехъ пунктахъ я хотѣлъ писать тебѣ еще прежде, но ты мнѣ напомнилъ о нихъ своими совѣтами, за которые благодарю, но еще болѣе буду благодарить за исполненіе 3-хъ просьбъ. —</p>
<p rend="left">Т[атьяна] А[лександровна] ужаснулась бы, я думаю, прочтя такое холодное письмо, но мы съ тобой слишкомъ хорошо знаемъ другъ друга, чтобы бояться испортить наши отношенія холоднымъ письмомъ. Отвѣчай категорически на всѣ пункты.</p>
<p rend="left">Аксинья<note xml:id="note8" resp="volume_editor" index="false">Кто такая Аксинья сказать не можем.</note> мною отпущена, поэтому я ей приказать — быть въ твоей власти не могу, но, чтобы избавить тебя отъ ошибки, прилагаю записку Андрею, которую ты употребишь по благоусмотрѣнію.</p>
<p rend="left">Я могу быть представленъ за отличіе въ дѣлахъ и просто послѣ 6-ти мѣсяцевъ — въ первомъ случаѣ — держать экзамена не нужно, во второмъ я долженъ буду осенью ѣхать въ Петербургъ. — За отличіе-ли, или просто я буду представленъ? Я не знаю. —</p>
<comments><p rend="Textpetit_otstup left">Печатается по автографу, хранящемуся в ГТМ. Публикуется впервые.</p>
<p rend="Textpetit_otstup left"><hi>1 </hi>Об этом не сохранившемся письме в дневнике Толстого от 24 марта записано: «Получил письмо от Сережи, — его советы и рассуждения мне были очень неприятны, потому что напомнили слишком хорошо Тулу».</p>
<p rend="petit left"><hi>2 </hi>На не сохранившееся письмо Толстого к гр. Дмитрию Николаевичу Толстому последний ответил письмом от 29 марта 1852 г.:</p>
<p rend="petit left">«Христос воскресе! друг мой и брат Лев! Я, слава богу, жив и здоров; письмо твое получил я в генваре и не отвечал, потому что нечего тебе сказать, на таком дальнем расстоянии я не люблю говорить; чего ты не поймешь и захочешь спросить, я не могу тотчас передать, а непонятым быть я не хочу.</p>
<p rend="petit left">Поэтому довольствуйся тем, что я жив и живу в Москве с августа по сие число, получаю из дворянской конторы жалования 200 р. сер. Теперь собираюсь в деревню на лето и уехал бы теперь, но ожидаю из Тулы свидетельства на залог своего Белевского имения, которое, как только заложу, что может случиться в апреле, тотчас уеду к себе в Щербачевку, оттуда летом может быть в Одессу купаться в море и может быть в Крым из Одессы полечиться чистым воздухом.</p>
<p rend="petit left">Я в хороших отношениях с Лукою Никитичем, который у меня <hi>будет </hi>жить.</p>
<p rend="petit left">Всё остальное по старому. Новых знакомых у меня нет; Калошины Озеров Борис, Панин, и Полянский, которых когда-то встретил у <hi style="opdelimiter">Калошина,</hi><hi style="opnumber">170</hi> <hi style="npnumber">171</hi><hi style="npdelimiter">вот</hi> лица, которых я вижу, когда они у меня бывают; я решительно нигде не бываю. Сережа 4-го дня приехал из Пирогова в Москву и на другой день укатил по железке в Питер, решительно, чтобы только прокатиться, звал туда меня за тем же.</p>
<p rend="petit left">За тем прости, целуй брата Ник. Будьте оба здоровы. Г. ДТ.</p>
<p rend="petit right">1852 Марта 29. Москва.</p>
<p rend="petit left">Рапиры и маски тебе давно посланы, прежде твоего письма. Дагеротипных портретов я должен многим, в том числе и тебе, и не знаю на что из двух решиться, послать ли тебе портрет свой с бородой, которая у меня теперь очень велика, потому что я, бывши всю зиму болен, не брился, или обриться и послать без бороды. Когда я решу этот вопрос, то и выполню твою просьбу». (Письмо не опубликовано; подлинник в АТБ.)</p>
<p rend="petit left"><hi>Белевское имение </hi>— Поляны. Вспоминая своего деда гр. Илью Андреевича Толстого, Лев Николаевич писал в «Воспоминаниях детства» (гл. IV), что в этом имении «шло долго не перестающее пиршество, театры, балы, обеды, катания», которые разорили деда. По разделу Толстых в 1847 г. Поляны достались гр. Дмитрию Николаевичу Толстому. О <hi>Луке Никитиче </hi>см. прим. 22 к п. № 56. О <hi>Калошиных </hi>см. прим. 10 к п. № 31. О <hi>Борисе Семен. Озерове </hi>см. прим. 3 к п. № 12. <hi>Панин </hi>— Валериан Александрович Панин (1803—1880), смотритель Московского вдовьего дома в 1847—1862 гг., женатый на Софье Федоровне Пушкиной (1806—1862), к которой в 1826 г. сватался Александр Сергеевич Пушкин. Кто такой <hi>Полянский</hi>, сказать не можем. <hi>Железка </hi>— железная дорога между Петербургом и Москвой, открытая для пассажиров в ноябре 1851 г. <hi>Рапиры и маски </hi>нужны были Толстому для фехтования, чем он занимался, как видно из записей дневника.</p>
<p rend="petit left"><hi>3 </hi>В деревне Мостовой пустоши Крапивенского у. было во время раздела имений Толстых 11 апреля 1847 г. 18 душ.</p>
<p rend="petit left"><hi>4 </hi>Грецовка — деревня в 9 в. от Ясной поляны; при ней было 50 душ.</p>
<p rend="petit left"><hi>5 </hi>О продаже большого дома в Ясной Поляне, выстроенного дедом (по матери) Толстого кн. Н. С. Волконским (1753—1821) и отцом, см., прим. 6 к п. № 89.</p>
<p rend="petit left"><hi>6 </hi>Об этом не сохранившемся письме есть запись в дневнике Толстого под 20 марта: «... сел писать письма Валериану и Андрею. Я сочинил эти письма в то время, когда получил письмо Андрея, тогда я был сердит, и мне казалось очень хорошо; теперь же, напротив, был в хорошем расположении духа, и из этого соединения двух расположений вышли письма, которые мне не нравятся. Досада и выражения совершенно женские». Гр. В. П, Толстой отвечал 24 апреля 1852 г.: «Милый друг и брат Léon! — Андрей Ильин переслал мне письмо твое, в котором ты поручаешь мне свои дела и хозяйство. — Считаю излишним распространяться в своих чувствах к тебе, скажу прямо, что с душевной готовностью рад служить тебе всегда и во всем, — но так как во всяком случае недостаточно одной моей готовности и дружеского усердия — а потому позволю тебе откровенно высказать мое мнение. — Ты знаешь, что я весьма плохой и неопытный хозяин, твое же имение требует бдительного и постоянного <hi style="opdelimiter">надзора</hi><hi style="opnumber">171</hi> <hi style="npnumber">172</hi><hi style="npdelimiter">человека</hi> знающего, ибо скажу откровенно, что хуже трудно итти, как идет в Ясном. Андрей пьянствует, староста при этом случае ловит в мутной воде рыбку и также себя не забывает, а Осип дурак набитый, который слепо повинуется воле начальников. Что Андрей горький пьяница, ты это знал и несмотря на то, поручил ему всё хозяйство и оставил в полной доверенности, что придало ему большой форс, — а потому я теперь никак до твоего приезда сменить его не решусь, тем более, говоря с тетенькой о твоих делах, — в которых она принимает самое живейшее участие, я ясно видел, что ей нежелательно, чтобы он был сменен, — а вчера я получил от ней письмо, в котором она ясно пишет, <hi>что Андрей оклеветан</hi>, что он <hi>с самой масленицы ведет себя отлично хорошо:</hi> и потому сменить его я не имею уже и причины, — да, наконец, кем его заменить, — нанять управляющего без тебя я не решусь ни за что, я на всякий случай приискал человека, которого мне рекомендовали с хорошей стороны, лет 40 — холостой — он был управляющим над большим имением у Тургеневой, — потом заведывал главной конторой, и теперь у детей ее поверенным; он получил свободу и ищет место; я за ним посылал — он мне весьма понравился, но ручаться за него никак не могу. — Просит он <hi>600</hi> р. сер. и содержание на одного человека без всяких отвесных. Я ему сказал, что я к тебе напишу и буду ждать твоего ответа, на этих днях если здоровье мое позволит, поеду в Ясные, сосчитаю Андрея и уведомлю тебя обо всем подробно, но решительных мер никаких предпринимать не могу. — Относительно того, что ты желаешь, чтобы oн без позволения моего не смел ничего расходовать, тут встретится также затруднение, испрашивать за 100 верст разрешения трудно. — И покуда будет переписка, то она может сделать упущение. — Что он непременно уже будет делать на зло. А потому не лучше ли будет поручить тебе эту статью тетеньке, которая, живя в Ясных, вероятно охотно возьмет это на себя и будет иметь более возможности за этим наблюдать; даже брат Сергей, будучи в 25 верстах и часто бывая в Ясных, скорей может это исполнить. — Я же непременно навлеку на себя большие неприятности: или не угожу тебе, или тетенька останется мной недовольна. — Я уверен, мой милый друг, что ты, размыслив хорошо, найдешь мое мнение справедливым и не причтешь это к нежеланию моему быть тебе полезным, но к совершенной невозможности. — Если я по дружбе брата Николая заведывал его делами, то там я имел хорошего помощника Петра, а во-вторых, если бы и сделал промах, то отвечал одному брату: mais ici je me trouve entre deux feux [но здесь я себя чувствую между двух огней], а это самое затруднительное. Ради бога, не сердись; если бы я тебя менее любил и менее дорожил бы твоей дружбой, то скорей бы может-быть. решился взять это на себя. — Что Андрей уже упустил, того воротить трудно, — ты, бог даст, по обещанию своему приедешь летом, сам всё увидишь и тогда сделаешь свои распоряжения, и я готов буду действовать по твоей инструкции, а с того времени я буду поверхностно надсматривать за Ясным и постараюсь не упустить ничего из виду, что будет клониться к твоей пользе. (Письмо не опубликовано, подлинник в АТБ.)</p>
<p rend="petit left"><hi>Андрей</hi> — Андр. Ил. Соболев, <hi>Осип</hi> — Осип Наумович Зябрев — крестьянин Ясной Поляны, пасечник, муж кормилицы Толстого, <hi style="opdelimiter">занимавшийся</hi><hi style="opnumber">172</hi> <hi style="npnumber">173</hi><hi style="npdelimiter">в</hi> это время какую-нибудь административную должность в Ясной Поляне. <hi>Тетенька</hi> — Татьяна Александровна Ергольская. <hi>Тургенева</hi> — мать И. С. Тургенева, Варвара Петровна Тургенева, рожд. Лутовинова (1787—1850), имение которой — Спасское, находилось в 20 в. от Покровского, имения гр. В. Н. Толстого. Дети ее — Ник. Серг. и Ив. Серг. Тургеневы. О Петре Евстратовиче Воробьеве см. прим. 2 к п. № 31.</p>
<p rend="petit left"><hi>7 </hi>Никакими сведениями о Федуркине мы не располагаем.</p>
<p rend="petit left"><hi>8 </hi>Кто такая Аксинья сказать не можем.</p>
</comments></div></body>
        </text>
        </TEI>