<?xml version="1.0" encoding="UTF-8"?>
    <!-- <?xml-stylesheet type="text/xsl" target="../resources/MJT/myletter.xsl"?> -->
    <?xml-stylesheet type="css" target="graves.css"?>
    <?xml-model target="http://www.tei-c.org/release/xml/tei/custom/schema/relaxng/tei_all.rng" type="application/xml" schematypens="http://relaxng.org/ns/structure/1.0"?>
    <?xml-model target="http://www.tei-c.org/release/xml/tei/custom/schema/relaxng/tei_all.rng" type="application/xml"
            schematypens="http://purl.oclc.org/dsdl/schematron"?>
    <TEI xmlns="http://www.tei-c.org/ns/1.0">
       <teiHeader>
          <fileDesc>
             <titleStmt>
                <title>Письмо №82. В. П. Боткину.</title>
             </titleStmt>
             <publicationStmt>
                <publisher>TolstoyLab</publisher>
                <date when="2015-09-14">14 September 2015</date>
             </publicationStmt>
             <sourceDesc>
                <biblStruct>
                   <analytic>
                      <author>Толстой Л.Н.</author>
                   </analytic>
                   <monogr>
                      <title level="m">Полное собрание сочинений. Том 60</title>
                      <imprint>
                         <pubPlace>Москва</pubPlace>
                         <publisher>Государственное издательство "Художественная литература"</publisher>
                         <date when="1949"/>
                      </imprint>
                   </monogr>
                   <series>
                      <title level="s">Л.Н. Толстой. Полное собрание сочинений</title>
                      <biblScope unit="vol">60</biblScope>
                   </series>
                </biblStruct>
				<bibl>Впервые опубликовано в ТПТ, 4, стр. 33—35.</bibl>
             </sourceDesc>
          </fileDesc>
          <encodingDesc>
             <tagsDecl> </tagsDecl>
          </encodingDesc>
          <profileDesc>
             <correspDesc>
                <correspAction type="sending">
                   <persName ref="PersonList.xml#L_N_Tolstoy">Л. Н. Толстой</persName>
                   <placeName ref="PlacesListxml#PLACE">Люцерн.</placeName>
                   <date when="1857-06-27">1857 г. Июня 27</date>            </correspAction>
                <correspAction type="receiving">
                   <persName ref="PersonList.xml#RECEIVER">В. П. Боткину</persName>
                </correspAction>
                <correspContext>
                   <ref type="prev"></ref>
                </correspContext>
             </correspDesc>
          </profileDesc>
       </teiHeader>
       <xenoData><number type="in a volume">82</number></xenoData>

              <text xml:id="V.P.Botkinu_82">
	<body><div>
		<opener index="false">
82. В. П. Боткину.
1857 г. Июня 27/июля 9. Люцерн.
</opener>
<p rend="Obrashenie left">Дорогой Василий Петрович!</p>
<p rend="left">Я занят ужасно, работа — бесплодная или нет, не знаю — кипит; но не могу удержаться, чтоб не сообщить вам хоть части того, что бы хотелось переговорить с вами. Во-первых, я говорил уже вам, что многое за границей так ново и странно поражало меня, что я набрасывал кое-что с тем, чтобы быть в состоянии возобн[ов]ить это на свободе. Ежели вы мне посоветуете это сделать, то позвольте писать это в письмах вам. Вы знаете мое убеждение в необходимости воображаемого читателя. Вы мой любимой воображаемой читатель. Писать вам мне так же легко, как думать; я знаю, что всякая моя мысль, всякое мое впечатление воспринимается вами чище, яснее и выше, чем оно выражено мною. — Я знаю, что условия писателя другие, да Бог с ними — я не писатель. Мне только одного хочется, когда я пишу, чтоб другой человек и близкой мне по сердцу человек порадовался бы тому, чему я радуюсь, позлился бы тому, что меня злит, или поплакал бы теми же слезами, которыми я плачу. Я не знаю потребности сказать что-нибудь всему миру, но знаю боль одинокого наслаждения, плача [?], страданья. Как обращик будущих писем посылаю вам это от 7 из Люцерна.</p>
<p rend="left">Письмо не это, а другое, которое еще не готово нынче.<note xml:id="note1" resp="volume_editor" index="false"> Фраза: «Письмо не это» вписана позже между строк в объяснение того, что дальнейший текст не то письмо, о котором говорится выше как об образчике будущих писем. То же предполагаемое, еще не дописанное письмо — описание случая с уличным певцом, певшим под балконом отеля Швейцергоф, которое превратилось в рассказ «Люцерн» (см. т. 5, стр. 3—27); случай этот произошел 7 июля н. с. 1857 г. 8 июля Толстой засел за писание и 11 июля кончил. Подробнее историю писания «Люцерна» см. в т. 5, стр. 277—286.</note></p>
<p rend="left">Что за прелесть Люцерн и как мне всё здесь приходится <hi style="opdelimiter">—</hi><hi style="opnumber">214</hi> <hi style="npnumber">215</hi><hi style="npdelimiter">чудо!</hi> Я живу в пансионе Даман на берегу озера; но не в самом пансионе, а в чердачке, состоящем из двух комнат и находящемся совершенно отдельно от дома. Домик, в котором я живу, стоит в саду, весь обвит абрикосами и виноградником; внизу живет сторож, я наверху. В сенях висят хомуты, подальше под навесом журчит фонтанчик. Перед окнами густые яблони с подпорками, некошенная трава, озеро и горы. Тишина, уединение, спокойствие. Служанка моя старушка с желто-белыми седыми волосами, маленьким зобиком и самой добродушной сморщенной рожицей. Она глуха, как тетерев, и говорит на каком-то таком ужасном patois,<note xml:id="note2" resp="volume_editor" index="false"> [наречие,]</note> что я ни слова понять не могу; она стара, уродлива, вечно моет, носит воду и делает тяжелую работу; но вечно смеется и таким детским, звучным, веселым смехом, что два желтые зуба, которые она при этом показывает, зубы эти даже милы. Когда я вчера пришел на квартиру, первое лицо я встретил миловидную 17-ти летнюю хозяйскую дочь в белой кофточке, которая, как кошечка, подпрыгивая по зеленым аллеям, бегала с другой хорошенькой девушкой, второе лицо была милая старушка, которая мыла полы. Я спросил у нее, где хозяйка? Она не слыхала и сказала мне что-то, чего я не понял. Я улыбнулся, она подперла бока и принялась смеяться; но так отлично, что я тоже стал смеяться. И теперь, как только мы встретимся, мы посмотрим Друг на друга и смеемся; но каким летним, чудесным смехом. Даже часто, я устану писать и нарочно выйду к ней, мы посмеёмся, и я опять пойду писать, а она пойдет мыть, и мы оба очень довольны. Вечером же вчера и я сел с свечкой в первой маленькой комнатке, которую я сделал салоном, и не мог нарадоваться своему помещению. Два стула, покойное кресло, стол, шкап, всё это просто, деревенско и мило ужасно. Полы некрашенные, с расшедшимися половицами, маленькое окошечко с беленькой сторой, в окошечко глядят виноградные листья и усы, и освещенные огнем свечки кажутся головами, когда косясь нечаянно посмотришь на них. А дальше в окне черные стройные раины, а сквозь них тихое озеро с лунным блеском; а с озера несутся далекие звуки трубной музыки. Отлично! Так отлично, что я пробуду здесь долго. Знаете что, приезжайте сюда, дорогой друг, после первого курса. Как бы мы здесь зажили, и поехали бы вместе. Я буду ждать вашего ответа. Письмо о Люцерне пришлю вам, как кончу. Право, приезжайте, ведь я еду в Голландию по Рейну и [к] вам в <hi style="opdelimiter">Остенд,<hi>3 </hi></hi><hi style="opnumber">215</hi> <hi style="npnumber">216</hi><hi style="npdelimiter">вот</hi> и по дороге; впрочем, я на всё согласен, лишь бы быть с вами. До свиданья.</p>
<p rend="right">Ваш Гр. Л. Толстой.</p>
<p rend="left">9 Июля.</p>
<comments><p rend="Textpetit_otstup left">Впервые опубликовано в ТПТ, 4, стр. 33—35.</p>
<p rend="Textpetit_otstup left"><hi>1</hi> Фраза: «Письмо не это» вписана позже между строк в объяснение того, что дальнейший текст не то письмо, о котором говорится выше как об образчике будущих писем. То же предполагаемое, еще не дописанное письмо — описание случая с уличным певцом, певшим под балконом отеля Швейцергоф, которое превратилось в рассказ «Люцерн» (см. т. 5, стр. 3—27); случай этот произошел 7 июля н. с. 1857 г. 8 июля Толстой засел за писание и 11 июля кончил. Подробнее историю писания «Люцерна» см. в т. 5, стр. 277—286.</p>
<p rend="petit left"><hi>2</hi> [наречие,]</p>
<p rend="petit left"><hi>3</hi> Остенде — порт в бельгийской провинции западной Фландрии.</p>
</comments></div></body>
        </text>
        </TEI>