<?xml version="1.0" encoding="UTF-8"?>
    <!-- <?xml-stylesheet type="text/xsl" target="../resources/MJT/myletter.xsl"?> -->
    <?xml-stylesheet type="css" target="graves.css"?>
    <?xml-model target="http://www.tei-c.org/release/xml/tei/custom/schema/relaxng/tei_all.rng" type="application/xml" schematypens="http://relaxng.org/ns/structure/1.0"?>
    <?xml-model target="http://www.tei-c.org/release/xml/tei/custom/schema/relaxng/tei_all.rng" type="application/xml"
            schematypens="http://purl.oclc.org/dsdl/schematron"?>
    <TEI xmlns="http://www.tei-c.org/ns/1.0">
       <teiHeader>
          <fileDesc>
             <titleStmt>
                <title>Письмо №* 273. Отпускная на волю.</title>
             </titleStmt>
             <publicationStmt>
                <publisher>TolstoyLab</publisher>
                <date when="2015-09-14">14 September 2015</date>
             </publicationStmt>
             <sourceDesc>
                <biblStruct>
                   <analytic>
                      <author>Толстой Л.Н.</author>
                   </analytic>
                   <monogr>
                      <title level="m">Полное собрание сочинений. Том 60</title>
                      <imprint>
                         <pubPlace>Москва</pubPlace>
                         <publisher>Государственное издательство "Художественная литература"</publisher>
                         <date when="1949"/>
                      </imprint>
                   </monogr>
                   <series>
                      <title level="s">Л.Н. Толстой. Полное собрание сочинений</title>
                      <biblScope unit="vol">60</biblScope>
                   </series>
                </biblStruct>
				<bibl>Печатается по копии, хранящейся в Тульском архивном бюро в «Крепостной книге Тульской палаты гражданского суда на записку отпускных (1 половина 1857 года)». Первый абзац публикуемого крепостного акта, напечатанный корпусом, представляет собою засвидетельствованную крепостным порядком копию с подлинной отпускной, подписанной Толстым в июне 1856 г. и врученной им яснополянской крестьянке Василисе Федоровой, которая, как видно из акта, 10 июля того же года представила эту отпускную при прошении в Тульскую гражданскую палату для утверждения. После внесения текста отпускной в крепостную книгу и утверждения ее, подлинник отпускной был выдан под расписку обратно Василисе Федоровой 17 мая 1857 г.</bibl>
             </sourceDesc>
          </fileDesc>
          <encodingDesc>
             <tagsDecl> </tagsDecl>
          </encodingDesc>
          <profileDesc>
             <correspDesc>
                <correspAction type="sending">
                   <persName ref="PersonList.xml#L_N_Tolstoy">Л. Н. Толстой</persName>
                   <placeName ref="PlacesListxml#PLACE">Я. П.</placeName>
                   <date when="1856-06">1856 г. Июнь</date>            </correspAction>
                <correspAction type="receiving">
                   <persName ref="PersonList.xml#RECEIVER">Отпускная на волю</persName>
                </correspAction>
                <correspContext>
                   <ref type="prev"></ref>
                </correspContext>
             </correspDesc>
          </profileDesc>
       </teiHeader>
       <xenoData><number type="in a volume">273</number></xenoData>

              <text xml:id="Otpusknayanavolyu_273">
	<body><div>
		<opener index="false">
* 273. Отпускная на волю.
1856 г. Июнь. Я. П.</opener>
<p rend="left">1856 года июня<note xml:id="note1" resp="volume_editor" index="false"> <hi>После слова</hi> июня <hi>оставлено место для даты</hi>.</note> дня я, нижеподписавшийся, поручик и кавалер граф Лев Николаев сын Толстой, отпустил крепостную свою крестьянскую женщину вдову Василису Федоровну, положенную за мною по сказкам 9 ревизии Тульской губернии Крапивенского уезда по сельцу Ясной Поляны вечно на волю, которая по получении сей отпускной вольна она, где пожелает, иметь жительство или избрать род жизни, какой пожелает, до которой мне, так и наследникам моим дела нет и не почему не вступаться, в чем ей — Федоровой, сию отпускную за подписом моим и благородных свидетелей выдал. Приметами она, Федорова, от роду сорок один год, росту два аршина три с половиною вершка, волосы на голове и бровях русые, глаза карие, нос и рот посредственный, подбородок круглый, лицо чистое, особых примет не имеет. К сей отпускной граф Лев Николаев сын Толстой руку приложил, у сей отпускной свидетелем был в том и руку приложил коллежский регистратор Иван <hi style="opdelimiter">Николаев</hi><hi style="opnumber">465</hi> <hi style="npnumber">466</hi><hi style="npdelimiter">Рожнов,</hi> в том же свидетелем и руку приложил губернский Секретарь Евграф Кириллов Спасский.</p>
<p rend="Textpetit_otstup left">1856 года июня 10 дня по указу его императорского величества при прошении крестьянской женки вдовы Василисы Федоровой представлена в Тульскую палату гражданского суда к утверждению отпускная, выданная ей помещиком ее графом Львом Николаевым Толстым из имения его Тульской губернии Крапивенского у. с. Ясной Поляны, вследствие чего по собрании об имении графа Толстого и других нужных сведений сею палатою 14 ноября 1856 года определено: представленную от женки Василисы Федоровой отпускную утвердить и по записке в книгу выдать ей с распискою, о чем уведомить Московский опекунский совет и Тульскую казенную палату. Маия 17 дня 1857 года подписом заседатель Курдяков, секретарь Матвеев, за повытчика Дмитриевский и печать палаты. Отпускная писана на листе девяносто копеек серебром. Подлинную отпускную получила вольноотпущенная от графа Толстова Василиса Федорова, по безграмотству ее и личной просьбе Тульский мещанин Яков Федоров Лебедев расписался.</p>
<comments><p rend="Textpetit_otstup left">Печатается по копии, хранящейся в Тульском архивном бюро в «Крепостной книге Тульской палаты гражданского суда на записку отпускных (1 половина 1857 года)». Первый абзац публикуемого крепостного акта, напечатанный корпусом, представляет собою засвидетельствованную крепостным порядком копию с подлинной отпускной, подписанной Толстым в июне 1856 г. и врученной им яснополянской крестьянке Василисе Федоровой, которая, как видно из акта, 10 июля того же года представила эту отпускную при прошении в Тульскую гражданскую палату для утверждения. После внесения текста отпускной в крепостную книгу и утверждения ее, подлинник отпускной был выдан под расписку обратно Василисе Федоровой 17 мая 1857 г.</p>
<p rend="Textpetit_otstup left"><hi>1</hi> <hi>После слова</hi> июня <hi>оставлено место для даты</hi>.</p>
</comments></div></body>
        </text>
        </TEI>
