<?xml version="1.0" encoding="UTF-8"?>
    <!-- <?xml-stylesheet type="text/xsl" target="../resources/MJT/myletter.xsl"?> -->
    <?xml-stylesheet type="css" target="graves.css"?>
    <?xml-model target="http://www.tei-c.org/release/xml/tei/custom/schema/relaxng/tei_all.rng" type="application/xml" schematypens="http://relaxng.org/ns/structure/1.0"?>
    <?xml-model target="http://www.tei-c.org/release/xml/tei/custom/schema/relaxng/tei_all.rng" type="application/xml"
            schematypens="http://purl.oclc.org/dsdl/schematron"?>
    <TEI xmlns="http://www.tei-c.org/ns/1.0">
       <teiHeader>
          <fileDesc>
             <titleStmt>
                <title>Письмо №54. Прошение об определении на военную службу.</title>
             </titleStmt>
             <publicationStmt>
                <publisher>TolstoyLab</publisher>
                <date when="2015-09-14">14 September 2015</date>
             </publicationStmt>
             <sourceDesc>
                <biblStruct>
                   <analytic>
                      <author>Толстой Л.Н.</author>
                   </analytic>
                   <monogr>
                      <title level="m">Полное собрание сочинений. Том 59</title>
                      <imprint>
                         <pubPlace>Москва</pubPlace>
                         <publisher>Государственное издательство "Художественная литература"</publisher>
                         <date when="1935"/>
                      </imprint>
                   </monogr>
                   <series>
                      <title level="s">Л.Н. Толстой. Полное собрание сочинений</title>
                      <biblScope unit="vol">59</biblScope>
                   </series>
                </biblStruct>
				<bibl>Печатается по подлиннику в «деле» военно-исторического архива, хранящегося в Москве в Центрархиве (Ф. М. И. д. № 348 — 1852). Рукою Толстого написано лишь со слов: «К сему прошению Коллежский регистратор...». Публикуется впервые. На обложке не казенного образца, в которую вшиты документы, а в число их и прошение Толстого, значится: «По отношению начальника Артиллерии Кавказского корпуса о происхождении определенного в Батарейную № 4 батарею графа Льва Толстого», л. 3. Из дела можно заключить, что прошение Толстого поступило в Инспекторский Департамент Военного Министерства при рапорте Начальника артиллерии отдельного Кавказского Корпуса за № 431 от 15 февраля 1852 г.</bibl>
             </sourceDesc>
          </fileDesc>
          <encodingDesc>
             <tagsDecl> </tagsDecl>
          </encodingDesc>
          <profileDesc>
             <correspDesc>
                <correspAction type="sending">
                   <persName ref="PersonList.xml#L_N_Tolstoy">Л. Н. Толстой</persName>
                   <placeName ref="PlacesListxml#PLACE">Тифлис.</placeName>
                   <date when="1851-12-31">1851 г. Декабря 31.</date>            </correspAction>
                <correspAction type="receiving">
                   <persName ref="PersonList.xml#RECEIVER">Прошение об определении на военную службу</persName>
                </correspAction>
                <correspContext>
                   <ref type="prev"></ref>
                </correspContext>
             </correspDesc>
          </profileDesc>
       </teiHeader>
       <xenoData><number type="in a volume">54</number></xenoData>

              <text xml:id="Proshenieobopredeleniinavoennuyusluzhbu_54">
	<body><div>
		<opener index="false">
54. Прошение об определении на военную службу.
1851 г. Декабря 31. Тифлис.</opener>
<p rend="left">Всепресвѣтлѣйшій, державнѣйшій, великій государь Императоръ Николай Павловичъ, самодержецъ Всероссійскій, государь всемилостивѣйшій.</p>
<p rend="Shapka">Проситъ коллежскій регистраторъ графъ Левъ Николаевичъ сынъ Толстой о нижеслѣдующемъ:</p>
<p rend="left">Уволившись отъ службы изъ Тульскаго Дворянскаго Депутатскаго Собранія, — я имѣю ревностное желаніе вступить въ военную Вашего Императорскаго Величества службу; — почему поднося у сего слѣдующіе документы: 1-е, Метрическое свидѣтельство о рожденіи и крещеніи за № 252-мъ, 2-е, Медицинское свидѣтельство о здоровомъ тѣлосложеніи моемъ и способности къ военной службѣ за № 12-мъ, 3-е, Свидѣтельство о наукахъ, данное мнѣ изъ Правленія Казанскаго Университета за № 999-мъ, 4-е, Свидѣтельство правящаго должность Губернскаго Тульскаго Предводителя дворянства въ томъ, что я въ состояніи содержать себя въ пѣшей или конной артиллеріи и кавалеріи за № 599-мъ, 5-е, Два отношенія Тульскаго Дворянскаго Депутатскаго собранія за № 552-мъ и 556-мъ по предмету увольненія меня отъ гражданской службы, а также Указъ объ отставкѣ моей за № 93, 6-е, Копію протокола о дворянскомъ и графскомъ моемъ происхожденіи за № 267-мъ, и 7-е, Подписку о непринадлежности къ тайнымъ обществамъ, — всеподданнѣйше прошу.</p>
<p rend="left">Дабы повелѣно было сіе мое прошеніе принять и меня именованнаго опредѣлить на службу в 20-ю Полевую Артиллерійскую бригаду. — Къ поданію надлежитъ начальнику Артиллеріи Отдѣльнаго Кавказскаго Корпуса. — Г. Тифлисъ, Декабря 31-го дня 1851-го <hi style="opdelimiter">года.</hi><hi style="opnumber">143</hi></p>
<p rend="left"><hi style="npnumber">144</hi><hi style="npdelimiter">Прошеніе</hi> сіе сочинялъ самъ проситель и набѣло переписывалъ 21-й Артиллерійской Бригады Горной № 4 батареи фейерверкеръ 2-го класса Григорій Васильевъ, сынъ Домницкій 2-й. —</p>
<p rend="left">К сему прошению Коллежскій Регистраторъ, графъ Левъ Николаевъ сынъ Толстой, руку приложилъ.</p>
<comments><p rend="Textpetit_otstup left">Печатается по подлиннику в «деле» военно-исторического архива, хранящегося в Москве в Центрархиве (Ф. М. И. д. № 348 — 1852). Рукою Толстого написано лишь со слов: «К сему прошению Коллежский регистратор...». Публикуется впервые. На обложке не казенного образца, в которую вшиты документы, а в число их и прошение Толстого, значится: «По отношению начальника Артиллерии Кавказского корпуса о происхождении определенного в Батарейную № 4 батарею графа Льва Толстого», л. 3. Из дела можно заключить, что прошение Толстого поступило в Инспекторский Департамент Военного Министерства при рапорте Начальника артиллерии отдельного Кавказского Корпуса за № 431 от 15 февраля 1852 г.</p>
<p rend="petit left">В этом рапорте указано, что Толстой, согласно его прошениям по выдержании экзамена при Кавказской гренадерской артиллерийской бригаде «определен мною на службу впредь до рассмотрения в инспекторском департаменте Военного Министерства документов о его происхождении, на правах вольноопределяющегося фейерверкером 4-го класса в батарейную № 4 батарею». Перечислив представленные документы и прося разрешить Толстому служить, автор рапорта в заключение удостоверяет: «подписка же, значащаяся в прошении, о непринадлежности ни к каким массонским ложам и другим тайным обществам... оставлена для хранения при делах моего Управления».</p>
<p rend="petit left">На л. 28 отпуск отношения инспекторского департамента от 31 октября 1853 г. за № 28669 на имя Командира 4 батареи 20 артиллерийской бригады, в котором сказано, что «фейерверкера... Толстого следует считать из дворян и именовать графом, согласно с указом Правит. Сената от 11 октября с. г. № 7727 и считать в службе означенного графа Толстого на основании 1 пункта 503 статьи 5-го тома Св. Воен. Постановлений».</p>
</comments></div></body>
        </text>
        </TEI>