<?xml version="1.0" encoding="UTF-8"?>
    <!-- <?xml-stylesheet type="text/xsl" target="../resources/MJT/myletter.xsl"?> -->
    <?xml-stylesheet type="css" target="graves.css"?>
    <?xml-model target="http://www.tei-c.org/release/xml/tei/custom/schema/relaxng/tei_all.rng" type="application/xml" schematypens="http://relaxng.org/ns/structure/1.0"?>
    <?xml-model target="http://www.tei-c.org/release/xml/tei/custom/schema/relaxng/tei_all.rng" type="application/xml"
            schematypens="http://purl.oclc.org/dsdl/schematron"?>
    <TEI xmlns="http://www.tei-c.org/ns/1.0">
       <teiHeader>
          <fileDesc>
             <titleStmt>
                <title>Письмо №378. А. А. Толстой.</title>
             </titleStmt>
             <publicationStmt>
                <publisher>TolstoyLab</publisher>
                <date when="2015-09-14">14 September 2015</date>
             </publicationStmt>
             <sourceDesc>
                <biblStruct>
                   <analytic>
                      <author>Толстой Л.Н.</author>
                   </analytic>
                   <monogr>
                      <title level="m">Полное собрание сочинений. Том 61</title>
                      <imprint>
                         <pubPlace>Москва</pubPlace>
                         <publisher>Государственное издательство "Художественная литература"</publisher>
                         <date when="1953"/>
                      </imprint>
                   </monogr>
                   <series>
                      <title level="s">Л.Н. Толстой. Полное собрание сочинений</title>
                      <biblScope unit="vol">61</biblScope>
                   </series>
                </biblStruct>
				<bibl>Впервые опубликовано в ПТ, № 73. Год определяется содержанием и сопоставлением с письмами №№ 367 и 369.</bibl>
             </sourceDesc>
          </fileDesc>
          <encodingDesc>
             <tagsDecl> </tagsDecl>
          </encodingDesc>
          <profileDesc>
             <correspDesc>
                <correspAction type="sending">
                   <persName ref="PersonList.xml#L_N_Tolstoy">Л. Н. Толстой</persName>
                   <placeName ref="PlacesListxml#PLACE">Я. П.</placeName>
                   <date when="1872-06-05">1872 г. Июня 5.</date>            </correspAction>
                <correspAction type="receiving">
                   <persName ref="PersonList.xml#RECEIVER">А. А. Толстой</persName>
                </correspAction>
                <correspContext>
                   <ref type="prev"></ref>
                </correspContext>
             </correspDesc>
          </profileDesc>
       </teiHeader>
       <xenoData><number type="in a volume">378</number></xenoData>

              <text xml:id="A__A__Tolstoj_378">
	<body><div>
		<opener index="false">
378. А. А. Толстой.
1872 г. Июня 5. Я. П.</opener>
<p rend="left">Повинную голову и т. д.<note xml:id="note1" resp="volume_editor" index="false"> «Повинную голову и меч не сечет» — русская поговорка.</note> —</p>
<p rend="left">Я очень виноват перед вами, дорогой друг, что не отвечал вовремя. Тогда, не помню уж, что одно за другим помешало мне с неделю ответить вам, а потом уж было поздно. Теперь же пишу, чтоб облегчить себя от сознания вины и побеседовать с вами. Пишу в Россию, Петерб[ург]. Полагаю, что так вернее дойдет до вас, где бы вы ни были. Помешало мне тогда тотчас же отвечать вам, сколько я помню, более всего, прекрасная весна и такое же расположение духа. То самое состояние духа, в каком и вы находились, по вашему письму. А вы — добрая душа — в таком настроении пишете хорошие, радостные для ваших друзей письма, а я молчу и распускаю это настроение в себя. Нынче было восхитительное лето, и у нас всё благополучно, и я ничего не пишу, а только думаю писать, и потому мне было и есть очень хорошо.</p>
<p rend="left">Надеюсь, что Илье Андреевичу лучше. Мне так кажется по вашему письму и по тону его приписки.<note xml:id="note2" resp="volume_editor" index="false"> Брат А. А. Толстой. Приписка его, как и письмо А. А. Толстой, неизвестны.</note> Дай бог. Очень благодарен за его приписку. Сведения эти для меня очень важны, но хотелось бы знать их источник. Еще, не знает ли он или вы чего-нибудь о наших предках Толстых, чего я не знаю? Мне помнится, граф И[лья] А[ндреевич] собирал сведения. Если есть что написанное, не пришлет ли он мне. Самый темный для меня эпизод из жизни наших предков, это изгнание в <hi style="opdelimiter">Соловецком,</hi><hi style="opnumber">290</hi> <hi style="npnumber">291</hi><hi style="npdelimiter">где</hi> и умерли Петр и Иван.<note xml:id="note3" resp="volume_editor" index="false"> Петр Андреевич Толстой (1645—1729) — прапрапрадед Льва Николаевича, государственный деятель при Петре I.</note> Кто жена Ивана (Прасков[ья] Иван[овна], урожд. Троекурова)?<note xml:id="note4" resp="volume_editor" index="false"> Прасковья Ивановна Троекурова была дочерью кн. Ивана Борисовича Троекурова, пользовавшегося доверием Петра I.</note> Когда и куда они вернулись? — Если бог даст, я нынешнее лето хочу съездить в Соловки. Там надеюсь узнать что-нибудь. Трогательно и важно то, что Иван не захотел вернуться, когда ему было возвращено это право. Вы говорите: время Петра не интересно, жестоко. Какое бы оно ни было, в нем начало всего. Распутывая моток, я невольно дошел до Петрова времени, — в нем конец. —</p>
<p rend="left">Будьте здоровы и спокойны духом и продолжайте любить меня, а я недавно, поверяя себя в этом, заметил, что за 20, 30 лет мое сердечное отношение к людям ни на волос не изменилось. Там, где было сердечное отношение, оно осталось точно таким, каким было в первое время сближения. Я уверен, что и у всех людей сердечных это так. Там, где отношения только внешние — общественные, умственные, там могут быть перевороты, а тут и не может быть.</p>
<p rend="left">Целую ваши руки. Жена просит не забывать.</p>
<p rend="right">Ваш Л. Толстой.</p>
<p rend="left">5 июня.</p>
<comments><p rend="Textpetit_otstup left">Впервые опубликовано в ПТ, № 73. Год определяется содержанием и сопоставлением с письмами №№ 367 и 369.</p>
<p rend="Textpetit_otstup left"><hi>1</hi> «Повинную голову и меч не сечет» — русская поговорка.</p>
<p rend="petit left"><hi>2</hi> Брат А. А. Толстой. Приписка его, как и письмо А. А. Толстой, неизвестны.</p>
<p rend="petit left"><hi>3</hi> Петр Андреевич Толстой (1645—1729) — прапрапрадед Льва Николаевича, государственный деятель при Петре I.</p>
<p rend="petit left">Впоследствии был сослан вместе с сыном Иваном в Соловецкий монастырь, где они оба и умерли — Иван летом 1728 г., а Петр Андреевич 30 января 1729 г. Библиографию о П. А. Толстом см. в «Русском библиографическом словаре». См. также т. 17.</p>
<p rend="petit left"><hi>4</hi> Прасковья Ивановна Троекурова была дочерью кн. Ивана Борисовича Троекурова, пользовавшегося доверием Петра I.</p>
</comments></div></body>
        </text>
        </TEI>