<?xml version="1.0" encoding="UTF-8"?>
    <!-- <?xml-stylesheet type="text/xsl" target="../resources/MJT/myletter.xsl"?> -->
    <?xml-stylesheet type="css" target="graves.css"?>
    <?xml-model target="http://www.tei-c.org/release/xml/tei/custom/schema/relaxng/tei_all.rng" type="application/xml" schematypens="http://relaxng.org/ns/structure/1.0"?>
    <?xml-model target="http://www.tei-c.org/release/xml/tei/custom/schema/relaxng/tei_all.rng" type="application/xml"
            schematypens="http://purl.oclc.org/dsdl/schematron"?>
    <TEI xmlns="http://www.tei-c.org/ns/1.0">
       <teiHeader>
          <fileDesc>
             <titleStmt>
                <title>Письмо №270. М. Н. Каткову.</title>
             </titleStmt>
             <publicationStmt>
                <publisher>TolstoyLab</publisher>
                <date when="2015-09-14">14 September 2015</date>
             </publicationStmt>
             <sourceDesc>
                <biblStruct>
                   <analytic>
                      <author>Толстой Л.Н.</author>
                   </analytic>
                   <monogr>
                      <title level="m">Полное собрание сочинений. Том 60</title>
                      <imprint>
                         <pubPlace>Москва</pubPlace>
                         <publisher>Государственное издательство "Художественная литература"</publisher>
                         <date when="1949"/>
                      </imprint>
                   </monogr>
                   <series>
                      <title level="s">Л.Н. Толстой. Полное собрание сочинений</title>
                      <biblScope unit="vol">60</biblScope>
                   </series>
                </biblStruct>
				<bibl>Печатается по рукописной копии писарской рукой из архива М. Н. Каткова (тетрадь № 21), хранящейся в <hi style="opdelimiter">БЛ.</hi><hi style="opnumber">461</hi></bibl>
             </sourceDesc>
          </fileDesc>
          <encodingDesc>
             <tagsDecl> </tagsDecl>
          </encodingDesc>
          <profileDesc>
             <correspDesc>
                <correspAction type="sending">
                   <persName ref="PersonList.xml#L_N_Tolstoy">Л. Н. Толстой</persName>
                   <placeName ref="PlacesListxml#PLACE">Я. П.</placeName>
                   <date when="1862-12-08">1862 г. Декабря 8.</date>            </correspAction>
                <correspAction type="receiving">
                   <persName ref="PersonList.xml#RECEIVER">М. Н. Каткову</persName>
                </correspAction>
                <correspContext>
                   <ref type="prev"></ref>
                </correspContext>
             </correspDesc>
          </profileDesc>
       </teiHeader>
       <xenoData><number type="in a volume">270</number></xenoData>

              <text xml:id="M.N.Katkovu_270">
	<body><div>
		<opener index="false">
270. М. Н. Каткову.
1862 г. Декабря 8. Я. П.
</opener><p rend="right">8 декабря.</p>

<p rend="Obrashenie left">Уважаемый М[ихаил] Н[икифорович]!</p>
<p rend="left">Посылаю вам 2-ю половину 1-й части.<note xml:id="note1" resp="volume_editor" index="false"> Повесть «Казаки».</note> Я не послал ее в понедельник,<note xml:id="note2" resp="volume_editor" index="false"> См. предыдущее письмо.</note> потому что увлекся новыми поправками и дополнениями. Она много выиграла от этого замедления. Этой половиной я гораздо менее недоволен, чем первой. Пожалуйста поскорее отвечайте мне. Когда будет напечатано, пришлите мне корректуры, и как вам нравится? Я буду в Москве перед праздниками и тогда увижусь тотчас же с вами и продержу 2-е корректуры.</p>
<p rend="right rightindent">Преданный вам </p>
<p rend="right">Гр. Л. Толстой.</p>
<p rend="left">Рукопись не чиста, испещрена сносками и орфографическими ошибками, но набирать удобно.</p>
<comments><p rend="Textpetit_otstup left">Печатается по рукописной копии писарской рукой из архива М. Н. Каткова (тетрадь № 21), хранящейся в <hi style="opdelimiter">БЛ.</hi><hi style="opnumber">461</hi></p>
<p rend="Textpetit_otstup left"><hi style="npnumber">462</hi><hi style="npdelimiter">Впервые</hi> опубликовано в № 37/38 «Литературного наследства», стр. 198.</p>
<p rend="Textpetit_otstup left"><hi>1</hi> Повесть «Казаки».</p>
<p rend="petit left"><hi>2</hi> См. предыдущее письмо.</p>
</comments></div></body>
        </text>
        </TEI>