<?xml version="1.0" encoding="UTF-8"?>
    <!-- <?xml-stylesheet type="text/xsl" target="../resources/MJT/myletter.xsl"?> -->
    <?xml-stylesheet type="css" target="graves.css"?>
    <?xml-model target="http://www.tei-c.org/release/xml/tei/custom/schema/relaxng/tei_all.rng" type="application/xml" schematypens="http://relaxng.org/ns/structure/1.0"?>
    <?xml-model target="http://www.tei-c.org/release/xml/tei/custom/schema/relaxng/tei_all.rng" type="application/xml"
            schematypens="http://purl.oclc.org/dsdl/schematron"?>
    <TEI xmlns="http://www.tei-c.org/ns/1.0">
       <teiHeader>
          <fileDesc>
             <titleStmt>
                <title>Письмо №301. А. А. Фету.</title>
             </titleStmt>
             <publicationStmt>
                <publisher>TolstoyLab</publisher>
                <date when="2015-09-14">14 September 2015</date>
             </publicationStmt>
             <sourceDesc>
                <biblStruct>
                   <analytic>
                      <author>Толстой Л.Н.</author>
                   </analytic>
                   <monogr>
                      <title level="m">Полное собрание сочинений. Том 61</title>
                      <imprint>
                         <pubPlace>Москва</pubPlace>
                         <publisher>Государственное издательство "Художественная литература"</publisher>
                         <date when="1953"/>
                      </imprint>
                   </monogr>
                   <series>
                      <title level="s">Л.Н. Толстой. Полное собрание сочинений</title>
                      <biblScope unit="vol">61</biblScope>
                   </series>
                </biblStruct>
				<bibl>Впервые опубликовано, с небольшими изменениями и датой: «17 февраля», в «Русском обозрении», 1890, 7, стр. 11—12. Год и месяц определяются сопоставлением с письмами №№ 300 и 302; число проставлено на письме рукой Фета.</bibl>
             </sourceDesc>
          </fileDesc>
          <encodingDesc>
             <tagsDecl> </tagsDecl>
          </encodingDesc>
          <profileDesc>
             <correspDesc>
                <correspAction type="sending">
                   <persName ref="PersonList.xml#L_N_Tolstoy">Л. Н. Толстой</persName>
                   <placeName ref="PlacesListxml#PLACE">П</placeName>
                   <date when="1870-02-16">1870 г. Февраля 16?</date>            </correspAction>
                <correspAction type="receiving">
                   <persName ref="PersonList.xml#RECEIVER">А. А. Фету</persName>
                </correspAction>
                <correspContext>
                   <ref type="prev">Ответ на неизвестное письмо Фета, в котором он просил Толстого приехать к нему 14-го числа; об этом же Фет упоминал в письме к И. П. Борисову от 5 февраля.</ref>
                </correspContext>
             </correspDesc>
          </profileDesc>
       </teiHeader>
       <xenoData><number type="in a volume">301</number></xenoData>

              <text xml:id="A__A__Fetu_301">
	<body><div>
		<opener index="false">
301. А. А. Фету.
1870 г. Февраля 16? Я. П</opener>
<p rend="left">Я вам не писал тотчас же, потому что надеялся поехать к вам 14-го в ночь, но не мог. Как я вам писал, мы все были больны — я последний; и я вчера в первый раз вышел. Остановила же меня боль глаз, которая усиливается от ветру и бессонницы. Теперь откладываю невольно и с большой грустью поездку к вам до поста.<note xml:id="note1" resp="volume_editor" index="false"> Толстой изменил свое намерение и с 18 по 20 февраля провел у Фета, в Москву же поехал в первых числах марта.</note> — Мне же теперь необходимо съездитъ в Москву проводить тетушку<note xml:id="note2" resp="volume_editor" index="false"> Т. А. Ергольскую.</note> к сестре, да и самому повидатъ сестру и предпринять что-нибудь насчет ее здоровья и свои глаза показать окюлисту. Пишите мне, пожалуйста, почаще, чтобы я знал, дома ли вы и что предпринимаете; с тем, чтобы я, если глаза лучше, мог все-таки приехать. Мне так этого хочется. Горе то, что к вам нельзя приехать иначе, как по бессонной, папиросо-накуренной, жарко поддувающей вагонной, подло-пошлой разговорной ночи. — Вы мне хотите прочесть повестъ из кавалерийского быта.<note xml:id="note3" resp="volume_editor" index="false"> Повесть Фета «Семейство Гольц», впоследствии напечатанную в «Русском вестнике», 1870, 9, стр. 281—321.</note> Я жду от этого добра, если только просто, без замысла положений и характеров. —</p>
<p rend="left">А я ничего прочесть вам не хочу, и нечего, потому что <hi style="opdelimiter">я</hi><hi style="opnumber">227</hi> <hi style="npnumber">228</hi><hi style="npdelimiter">ничего</hi> не пишу;<note xml:id="note4" resp="volume_editor" index="false"> С. А. Толстая сообщает, что всю зиму 1869—1870 гг. Лев Николаевич ничего не писал, мучился бездействием, «много думал и мучительно думал, говорил часто, что у него мозг болит, что в нем происходит страшная работа, что для него всё кончено, умирать пора и проч.... Иногда ему казалось, что приходит вдохновение, и он радовался». Изучая драматические произведения, Толстой собирался написать комедию. К этому же времени относится изучение материалов из эпохи Петра Первого, в которой Толстой искал сюжет для драмы.</note> но поговорить о Шекспире, о Гёте и вообще о драме очень хочется. Целую зиму нынешнюю я занят только драмой вообще и, как это всегда случается с людьми, кот[орые] до 40 лет никогда не думали о каком-нибудь предмете, не составили себе о нем никакого понятия, вдруг с 40-летней ясностью обратят внимание на новый ненанюханный предмет, им всегда кажется, что они видят в нем много нового. —</p>
<p rend="left">Всю зиму наслаждаюсь тем, что лежу, засыпаю, играю в безик,<note xml:id="note5" resp="volume_editor" index="false"> Игра в карты.</note> хожу на лыжах, на коньках бегаю и больше всего лежу в постеле (больной), и лица драмы или комедии начинают действовать. И очень хорошо представляют.</p>
<p rend="left">Вот про это-то мне с вами хочется поговорить. Вы в этом, как и во всем, классик и понимаете сущность дела очень глубоко. Хотелось бы мне тоже почитать Софокла и Еврипида. Прощайте, наш поклон М[арье] П[етровне]. Если письмо мое очень дико, то это происходит оттого, что пишу натощак. Тетушка едет в Тулу.</p>
<p rend="right">Ваш Л. Толстой.</p>
<comments><p rend="Textpetit_otstup left">Впервые опубликовано, с небольшими изменениями и датой: «17 февраля», в «Русском обозрении», 1890, 7, стр. 11—12. Год и месяц определяются сопоставлением с письмами №№ 300 и 302; число проставлено на письме рукой Фета.</p>
<p rend="petit left">Ответ на неизвестное письмо Фета, в котором он просил Толстого приехать к нему 14-го числа; об этом же Фет упоминал в письме к И. П. Борисову от 5 февраля.</p>
<p rend="Textpetit_otstup left"><hi>1</hi> Толстой изменил свое намерение и с 18 по 20 февраля провел у Фета, в Москву же поехал в первых числах марта.</p>
<p rend="petit left"><hi>2</hi> Т. А. Ергольскую.</p>
<p rend="petit left"><hi>3</hi> Повесть Фета «Семейство Гольц», впоследствии напечатанную в «Русском вестнике», 1870, 9, стр. 281—321.</p>
<p rend="petit left"><hi>4</hi> С. А. Толстая сообщает, что всю зиму 1869—1870 гг. Лев Николаевич ничего не писал, мучился бездействием, «много думал и мучительно думал, говорил часто, что у него мозг болит, что в нем происходит страшная работа, что для него всё кончено, умирать пора и проч.... Иногда ему казалось, что приходит вдохновение, и он радовался». Изучая драматические произведения, Толстой собирался написать комедию. К этому же времени относится изучение материалов из эпохи Петра Первого, в которой Толстой искал сюжет для драмы.</p>
<p rend="petit left">15 февраля «он написал сюжетом историю Мировича, хотевшего освободить Иоанна Антоновича из крепости» («Дневники С. А. Толстой. 1860—1891», М. 1928, стр. 32—33). 24 февраля Толстым был написан первый набросок романа из эпохи Петра I. См. т. 17.</p>
<p rend="petit left"><hi>5</hi> Игра в карты.</p>
<p rend="left"><hi style="opnumber">228</hi> <hi style="npnumber">229</hi></p>
</comments></div></body>
        </text>
        </TEI>