<?xml version="1.0" encoding="UTF-8"?>
    <!-- <?xml-stylesheet type="text/xsl" target="../resources/MJT/myletter.xsl"?> -->
    <?xml-stylesheet type="css" target="graves.css"?>
    <?xml-model target="http://www.tei-c.org/release/xml/tei/custom/schema/relaxng/tei_all.rng" type="application/xml" schematypens="http://relaxng.org/ns/structure/1.0"?>
    <?xml-model target="http://www.tei-c.org/release/xml/tei/custom/schema/relaxng/tei_all.rng" type="application/xml"
            schematypens="http://purl.oclc.org/dsdl/schematron"?>
    <TEI xmlns="http://www.tei-c.org/ns/1.0">
       <teiHeader>
          <fileDesc>
             <titleStmt>
                <title>Письмо №* 133. И. П. Борисову.</title>
             </titleStmt>
             <publicationStmt>
                <publisher>TolstoyLab</publisher>
                <date when="2015-09-14">14 September 2015</date>
             </publicationStmt>
             <sourceDesc>
                <biblStruct>
                   <analytic>
                      <author>Толстой Л.Н.</author>
                   </analytic>
                   <monogr>
                      <title level="m">Полное собрание сочинений. Том 61</title>
                      <imprint>
                         <pubPlace>Москва</pubPlace>
                         <publisher>Государственное издательство "Художественная литература"</publisher>
                         <date when="1953"/>
                      </imprint>
                   </monogr>
                   <series>
                      <title level="s">Л.Н. Толстой. Полное собрание сочинений</title>
                      <biblScope unit="vol">61</biblScope>
                   </series>
                </biblStruct>
             </sourceDesc>
          </fileDesc>
          <encodingDesc>
             <tagsDecl> </tagsDecl>
          </encodingDesc>
          <profileDesc>
             <correspDesc>
                <correspAction type="sending">
                   <persName ref="PersonList.xml#L_N_Tolstoy">Л. Н. Толстой</persName>
                   <placeName ref="PlacesListxml#PLACE">Никольское-Вяземское</placeName>
                   <date when="1865-08-18">1865 г. Августа 18?</date>            </correspAction>
                <correspAction type="receiving">
                   <persName ref="PersonList.xml#RECEIVER">И. П. Борисову</persName>
                </correspAction>
                <correspContext>
                   <ref type="prev"></ref>
                </correspContext>
             </correspDesc>
          </profileDesc>
       </teiHeader>
       <xenoData><number type="in a volume">133</number></xenoData>

              <text xml:id="I__P__Borisovu_133">
	<body><div>
		<opener index="false">
* 133. И. П. Борисову.
1865 г. Августа 18? Никольское-Вяземское.</opener>
<p rend="left">Вот что, Иван Петрович. Несмотря на всю тяжесть обременяющего меня семейства, я намерен пробыть еще около месяца в Никольском и охотиться серьезно; и я вам товарищ. Собаки мои придут сюда завтра, а сам же я только нынче утром приехал из Ясной, и хочется отдохнуть. Приезжайте, пожалуйста, ко мне нынче или завтра (с Петей, мы ему сделаем весело), и мы обо всем переговорим. —</p>
<p rend="left">Ежели Нарышкин<note xml:id="note1" resp="volume_editor" index="false"> Сергей Алексеевич Нарышкин (1836—1878) — помещик Орловской губ.</note> у вас, то просите его приехать. Кроме удовольствия его видеть, мы должны переговорить, ежели вместе ездить. Я, кажется, не имею никаких неприятных для других склонностей на охоте, вас я знаю за наиприятнейшего товарища. Ежели Нарышкин таков же, то нам будет очень хорошо.</p>
<p rend="left">До свиданья, пожалуйста.</p>
<p rend="right">Гр. Л. Толстой.</p>
<comments><p rend="Textpetit_otstup left">Датируется на основании слов: нынче приехал из Ясной» — в Ясной Поляне Толстой был 18 августа.</p>
<p rend="Textpetit_otstup left"><hi>1</hi> Сергей Алексеевич Нарышкин (1836—1878) — помещик Орловской губ.</p>
</comments></div></body>
        </text>
        </TEI>