<?xml version="1.0" encoding="UTF-8"?>
    <!-- <?xml-stylesheet type="text/xsl" target="../resources/MJT/myletter.xsl"?> -->
    <?xml-stylesheet type="css" target="graves.css"?>
    <?xml-model target="http://www.tei-c.org/release/xml/tei/custom/schema/relaxng/tei_all.rng" type="application/xml" schematypens="http://relaxng.org/ns/structure/1.0"?>
    <?xml-model target="http://www.tei-c.org/release/xml/tei/custom/schema/relaxng/tei_all.rng" type="application/xml"
            schematypens="http://purl.oclc.org/dsdl/schematron"?>
    <TEI xmlns="http://www.tei-c.org/ns/1.0">
       <teiHeader>
          <fileDesc>
             <titleStmt>
                <title>Письмо №* 71. Гр. С. Н. Толстому.</title>
             </titleStmt>
             <publicationStmt>
                <publisher>TolstoyLab</publisher>
                <date when="2015-09-14">14 September 2015</date>
             </publicationStmt>
             <sourceDesc>
                <biblStruct>
                   <analytic>
                      <author>Толстой Л.Н.</author>
                   </analytic>
                   <monogr>
                      <title level="m">Полное собрание сочинений. Том 59</title>
                      <imprint>
                         <pubPlace>Москва</pubPlace>
                         <publisher>Государственное издательство "Художественная литература"</publisher>
                         <date when="1935"/>
                      </imprint>
                   </monogr>
                   <series>
                      <title level="s">Л.Н. Толстой. Полное собрание сочинений</title>
                      <biblScope unit="vol">59</biblScope>
                   </series>
                </biblStruct>
				<bibl>Печатается по автографу, хранящемуся в АТБ. Впервые напечатано М. А. Цявловским в ж. «Печать и революция», М.1928 г., кн. 6, стр. <hi style="opdelimiter">88—90.</hi><hi style="opnumber">218</hi></bibl>
             </sourceDesc>
          </fileDesc>
          <encodingDesc>
             <tagsDecl> </tagsDecl>
          </encodingDesc>
          <profileDesc>
             <correspDesc>
                <correspAction type="sending">
                   <persName ref="PersonList.xml#L_N_Tolstoy">Л. Н. Толстой</persName>
                   <placeName ref="PlacesListxml#PLACE">Станица Старогладковская.</placeName>
                   <date when="1852-12-10">1852 г. Декабря 10.</date>            </correspAction>
                <correspAction type="receiving">
                   <persName ref="PersonList.xml#RECEIVER">Гр. С. Н. Толстому</persName>
                </correspAction>
                <correspContext>
                   <ref type="prev"></ref>
                </correspContext>
             </correspDesc>
          </profileDesc>
       </teiHeader>
       <xenoData><number type="in a volume">71</number></xenoData>

              <text xml:id="Gr.S.N.Tolstomu_71">
	<body><div>
		<opener index="false">
* 71. Гр. С. Н. Толстому.
1852 г. Декабря 10. Станица Старогладковская.</opener>
<p rend="right">10 Декабря 1852.</p>
<p rend="right">Старогладковская.</p>
<p rend="left">Я такъ хорошо знаю тебя, что какъ только послалъ свою рукопись,<note xml:id="note1" resp="volume_editor" index="false"> Страница недописана.</note> сказалъ Николинькѣ, что, какъ только она выйдетъ въ печати, ты непремѣнно напишешь мнѣ на нее свои замѣчанія, и ожидалъ и получилъ ихъ съ большимъ нетерпѣніемъ и удовольствіемъ, чѣмъ отзывы журналовъ.<hi>2</hi> — Ты боишься, чтобы я не возгордился и не проигралъ въ карты. Видно, что давно уже мы не видались. Мысль о картахъ, я думаю, съ годъ не приходила мнѣ въ голову; что же касается до того, чтобы я не опустился въ слѣдующихъ своихъ сочи- неніяхъ, надѣюсь, что этого не случится, вотъ почему: я началъ новый, серьезный и полезный, по моимъ понятіямъ, романъ, на который намѣренъ употребить много времени и всѣ свои способности. Я принялся за него съ такимъ же чувствомъ, съ которымъ я въ дѣтствѣ принимался рисовать картинку, говоря, что «эту картинку я буду рисовать три мѣсяца». Не знаю, лостигнетъ ли романъ участь картинки;<hi>3</hi> но дѣло въ томъ, что я ничего такъ не боюсь, какъ сдѣлаться журнальнымъ писакой и, несмотря на выгодныя предложенія редакціи, пошлю въ Современникъ — и то едва ли — одинъ разсказъ, который почти готовъ и который будетъ очень плохъ.<hi>4</hi> Не бѣда! Это будетъ послѣднее сочиненіе Г-на Л. Н. Ты не повѣришь, сколько крови перепортило мнѣ печатаніе своей повѣсти, — столько <hi style="opdelimiter">въ</hi><hi style="opnumber">215</hi> <hi style="npnumber">216</hi><hi style="npdelimiter">ней</hi> выкинуто дѣйствительно хорошихъ вещей и глупо перемѣнено цензурой и редакціей. Въ доказательство этого посылаю тебѣ письмо, которое я въ первую минуту досады написалъ, но не послалъ въ Редакцію.<hi>5</hi> Мнѣ непріятно думать, что ты можешь приписать мнѣ различныя пошлости, вставленныя какимъ-то Господиномъ.</p>
<p rend="left">На дняхъ я разсчитывалъ, какъ скоро я могу быть представленъ<hi>6</hi> и выйдти въ отставку. Съ большимъ счастіемъ черезъ 1 <hi>1</hi>/<sub>2</sub> года, безъ всякого счастія — черезъ два, съ несчастіемъ — черезъ 3. — Признаюсь — мнѣ очень скучно, даже часто бываетъ грустно; но что жъ дѣлать? зато жизнь эта принесла мнѣ большую пользу. Пускай мнѣ, послѣ того, какъ я вырвусь отсюда, придется два, — три года прожить на свободѣ — я съумѣю прожить ихъ хорошо. — Напрасно ты думаешь, что планъ твой можетъ мнѣ не понравиться. Я ужъ тысячу разъ, еще въ Россіи мечталъ о немъ, и, только боясь твоей положительности, не предлагалъ его тебѣ. Одно не нравится мнѣ: это то, что ты не хочешь жить въ деревнѣ; я же только о томъ и мечтаю, какъ-бы опять и навсегда поселиться въ деревнѣ и начать тотъ же самой образъ жизни, который я велъ въ Ясной, пріѣхавъ изъ Казани:<hi>7</hi> т. е. другими словами я хочу возвратить времена долгополаго сюртука.<hi>8</hi> Теперь-бы я съумѣлъ воздержаться отъ необдуманности, самоувѣренности, тщеславія, которыя тогда портили всѣ мои добрыя предпріятія. Ежели-бы не эта мечта, которую съ Божьей помощью надѣюсьпривести въ исполненіе, я бы не могъ себѣ представить жизни лучше той, которую ты предлагаешь, хотя впередъ знаю, что не всегда буду находиться подъ вліяніемъ того чувства, которое произвело во мнѣ твое письмо. Но Никольское, Ясное и Пирогово недалеко; и планъ твой можетъ осуществиться въ деревнѣ, и по моему въ 10 разъ, чѣмъ въ какомъ нибудь городѣ, въ которомъ бы мы жили безъ дѣлъ и обязанностей — только такъ, чтобы жить гдѣ нибудь. — <hi>Узы</hi>, которыя тяготятъ тебя, безпокоятъ и меня. Зная твой характеръ, я ничего не могу тебѣ желать и совѣтовать лучшаго, какъ во что-бы то ни стало <hi>поскорње</hi> разорвать ихъ. <hi>Время все идетъ</hi>. Но только не ѣзди для этаго на Кавказъ. Не знаю, почему, по мнѣ пріятнѣе будетъ еще дожидаться, чѣмъ испортить это удовольствіе, свидѣвшись съ тобой на Кавказѣ. Я связанъ службою, ты-же, пріѣхавъ сюда, не останешься жить въ <hi style="opdelimiter">Старогл[адковской],</hi><hi style="opnumber">216</hi> <hi style="npnumber">217</hi><hi style="npdelimiter">гдѣ</hi> гадко и скучно. Не знаю, почему, по мнѣ этаго очень не хочется. —</p>
<p rend="left">Гдѣ ты былъ нынѣшнею зимою? я ничего не знаю про тебя. Какъ твои денежныя дѣла? Прощай. Давай пожалуйста переписываться поаккуратнѣе. Ты давно уже обѣщалъ прислать мнѣ свой портретъ. Я ожидаю его.</p>
<lb/>
<p rend="right"><hi>Черновое</hi>.</p>
<p rend="right"><hi>1852. 5 Декабря.</hi></p>
<p rend="left">Я такъ хорошо знаю тебя, что какъ только послалъ свою рукопись, сказалъ Ник[оленькѣ]: какъ только она выйдетъ въ печати, Сережа непремѣнно напишетъ мнѣ свои на ея счетъ замѣчанія; и ожидалъ ихъ съ большимъ нетерпѣніемъ, и они больше порадовали меня, чѣмъ отзывы журналовъ. Ты боишься, чтобы я не возгордился и чтобы не проигралъ въ карты. Видно, что ты давно не видалъ меня. Я очень измѣнился. Мысль о картахъ, я думаю, съ годъ, не приходила мнѣ и въ голову; что-же касается до того, чтобы я опустился въ своихъ будущихъ сочиненіяхъ, не думаю, чтобы это случилось. Я началъ романъ серьозный, полезный по моимъ понятіямъ и на него намѣренъ употребить всѣ свои силы и способности. Я романъ этотъ называю <hi>книгой</hi>, потому что полагаю, что человѣку въ жизни довольно написать хоть одну, короткую, но полезную книгу и говорилъ Ник[оленькѣ], какъ бывало мы рисовали картинки: <hi>ужъ эту картину я буду рисовать 3 мњсяца.</hi> Не знаю, что изъ этаго выйдетъ, но дѣло въ томъ, что Современныя Замѣтки нейдутъ ко мнѣ, потому что я ничего такъ не боюсь, какъ сдѣлаться журнальнымъ писакой; а ежели кончу когда нибудь свой романъ, то самъ издамъ его. У меня былъ уже написанъ Кавказскій разсказъ, я теперь отдѣлываю его и пошлю въ этомъ мѣсяцѣ; но не смотря на то, что Редакторъ проситъ меня прислать ему чтобы-то ни было моего писанья и за все предлагаетъ 50 р. сер. съ листа и больше, я думаю, что для журналовъ больше писать не буду. Мнѣ хотѣлось испытать себя и только. — Ты не повѣришь, какъ мнѣ непріятно было читать свою повѣсть въ печати; столько въ ней выкинуто и перемѣнено цензурой и редакціей. Смѣло могу сказать, что всѣ пошлости и нелѣпости, которыя ты вѣрно замѣтилъ въ ней произошли не отъ меня. Чтобы показать тебѣ, какія пошлыя перемѣны сдѣланы въ ней, и какъ онѣ раздосадовали <hi style="opdelimiter">меня,</hi><hi style="opnumber">217</hi> <hi style="npnumber">218</hi><hi style="npdelimiter">досылаю</hi> тебѣ письмо, которое я написалъ въ первую минуту Редак[тору], но не послалъ. — Я вчера разсчитывалъ, какъ скоро я могу быть произведенъ и выдти въ отставку. — Съ большимъ счастіемъ — через 1<hi>1</hi>/<sub>2</sub> года, безъ всякаго счастія — черезъ 2, съ несчастіемъ — черезъ 3. —</p>
<p rend="left">Признаюсь, что мнѣ скучно жить здѣсь и часто бываетъ грустно; но Кавказъ принесъ мнѣ огромную пользу. Пускай мнѣ придется еще нѣсколько лѣтъ прожить въ этой школѣ; зато, ежели послѣ нея мнѣ останется хоть годъ прожить на свободѣ, я съумѣю его прожить хорошо. Ты напрасно думаешь, что планъ твой можетъ мнѣ не понравиться. Я ужъ тысячу разъ мечталъ объ немъ и, имянно боясь твоей положительности, не передавалъ его тебѣ. Одно не нравится мнѣ это — то, что ты не хочешь жить въ деревнѣ. Я-же только и мечтаю о томъ, какъ-бы снова начать ту жизнь, которой я началъ жить въ деревнѣ; только безъ самоувѣренности, тщеславія и необдуманности, которыя тогда разрушали всѣ мои хорошія, добрыя предпріятія. Смѣйся и не вѣрь мнѣ, но я говорю, что чувствую; ежели бы у меня не было имѣнія и обязанностей въ отношеніи его, исполненіе которыхъ, я увѣренъ, составить мое счастіе, я бы не могъ себѣ представить жизни лучше той, которую ты предлагаешь. Имянно потому, что прошло то время, когда мы могли ссориться за глупости, мечтая о жизни, которую ты предлагаешь, я знаю впередъ, что не всегда буду подъ вліяніемъ того чувства, которое произвело во мнѣ твое письмо. Но все таки жизнь была бы славная. Однако Никольское, Ясное и Пирогово тоже недалеко. <hi>Узы</hi>, которыя тебя тяготятъ, беспокоятъ и меня. Зная твой характеръ, я тебѣ ничего не могу желать лучшаго, какъ, какъ можно скорѣе, и какъ бы то ни было отдѣлаться отъ нея. Но только не ѣзди для этаго на Кавказъ. Не знаю почему, но мнѣ пріятнѣе дожидаться еще, чѣмъ свидѣться съ тобой на Кавказѣ. Я связанъ службой, ты-же, пріѣхавъ сюда, не останешься жить въ Старогладковской, гдѣ и скучно и гадко. Не знаю почему, но нехорошо. Не хочется портить удовольствія, которое я представляю себѣ, когда я буду свободенъ и навсегда возвращусь въ Россію. Гдѣ ты былъ нынѣшній годъ? я ничего не знаю про тебя. Какъ твои денежныя дѣла?<note xml:id="note4" resp="volume_editor" index="false"> Страница недописана.</note></p>
<comments><p rend="Textpetit_otstup left">Печатается по автографу, хранящемуся в АТБ. Впервые напечатано М. А. Цявловским в ж. «Печать и революция», М.1928 г., кн. 6, стр. <hi style="opdelimiter">88—90.</hi><hi style="opnumber">218</hi></p>
<p rend="petit left"><hi style="npnumber">219</hi><hi style="npdelimiter">Это</hi> письмо является ответом на недатированное письмо С. И. Толстого от середины ноября 1852 г.</p>
<p rend="petit left">«Хотя наша переписка перервалась с тобой довольно неприятным образом, я не могу не писать тебе, во-первых, для того, чтобы известить тебя, что мы, в особенности я, были приятно обрадованы, прочитав твою повесть. Я получаю «Современник», и ты можешь себе представить, на первых строках «Истории детства» я догадался, что это твое. Кроме меня, Ферзен (который между прочим женился) и Костинька то же по чутью узнали, что это твое сочинение. Оба им очень довольны, так же как и я. Вероятно, ты на Кавказе получаешь все русские журналы, и в таком случае тебе излишне говорить, что «Отечественные записки» тебя расхвалили. Я с нетерпением жду еще чего-нибудь твоего в «Современнике» и боюсь, чтобы ты, возгордясь своим первым успехом, не написал чего нибудь слабее твоей первой литературной попытки. Боюсь же, чтобы ты не возгордился от того, что я даже, неизвестно почему, сделался горд тем, что ты пишешь. Кстати, прочти в октябрьском нумере «Современника» в современных заметках листок, который я к тебе кстати посылаю. Не знаю, на твой ли это счет или нет толкует этот господин. Я посылаю тебе этот листок, чтобы указать место, где находится эта статья, и советую тебе прочесть ее всю, ты же «Современник», вероятно, или получаешь, или у кого нибудь берешь. Прочитав твою повесть раза два с большим вниманием, меня ужасно стало беспокоить то, что может она мне показалась отличною потому только, что ее писал ты, и что все лица, в ней находящиеся, мне совершенно известны, и что на человека незнакомого с ними она произведет другое впечатление. Потом я успокоился, потому что видел многих людей, ее читавших, которые отзывались о ней как нельзя лучше.</p>
<p rend="petit left">Напиши мне пожалуйста, что ты намерен делать эту зиму. Будешь ли ты в России, или останешься на Кавказе; естьли бы я знал, что ты наверно будешь на Кавказе, я может быть к вам туда приехал. Может быть, эта поездка помогла бы мне разорвать узы, которые меня — увы! — очень тяготят. Естьли же ты приедешь сюда и, получа офицерский чин, выйдешь в отставку, то я хочу тебе предложить вот что: устроимся так, чтобы нам жить вместе где-нибудь, в Москве ли, в Петербурге ли, в Одессе, даже, естьли пустят, то за границей. Я знаю, ты скажешь, что это нельзя, потому что характеры у нас слишком неодинаковы, и что мы не уживемся, что я буду наводить иногда на тебя тоску моей положительностью. Я же думаю, что так как те времена прошли, когда мы могли поссориться за то, что ты измучил мою лошадь или не спросясь у меня, велел заложить мой экипаж, так точно прошли и те времена, когда мы не могли с тобой ужиться.— Жить поодиночке мы можем тихо, вместе же, особенно естьли бы подался на эту штуку Николенька, мы могли бы жить en grand [широко], как говорит <hi>Тейльс</hi>, и жизнь бы нам была приятнее, потому что у нас образовался бы семейный кружок un chez soi [свой уголок], которого у нас никогда не было, и от недостатка которого ни ты, ни я не могли себе найти до сих пор постоянной оседлости. Может нам будет случаться и ссориться, да по-моему лучше иметь, с кем поспорить, чем прийти в пустой номер, где нет никого, кроме твоего человека, благо еще <hi style="opdelimiter">никто</hi><hi style="opnumber">219</hi> <hi style="npnumber">220</hi><hi style="npdelimiter">из</hi> нас не женат. Я нахожу, что предложение мое очень удобоисполнимо. Подумай об нем и отвечай мне. — Не играешь ли ты в карты и не проиграл еще что-нибудь значительное, уведомь меня об этом. — Я боюсь, что предложение мое тебе не понравится, и если это будет, то собственно от того, что я передавал его тебе не изустно, а на бумаге, и половина того, что я тебе сказал, выразилась на оборот. Прощай, целуй Николеньку и отвечай».</p>
<p rend="petit left"><hi>«Отечественные записки»</hi> тебя расхвалили — Сергей Николаевич имеет в виду статью о «Детстве», принадлежащую, вероятно, Ст. Сем. Дудышкину (статья не подписана) и напечатанную в октябрьской книжке «Отечественных записок» за 1852 г. <hi>Листок</hi>, о котором пишет Сергей Николаевич, несомненно следующие места «Современных записок» в № 10 «Современника» за 1852 г.: «Не понимаем, почему наши молодые литераторы, принимаясь за перо фельетониста, скрываются под непонятными заглавными буквами, в то время, как под легким и часто посредственным стихотворением выставляют свое имя вполне» и «... это молодые люди, или подающие надежды, или по большей частию вовсе не подающие никаких надежд: из них один пишет роман, другой замышляет драму, третий напечатал рассказ, четвертый сочиняет стишки, пятый напечатал уже два фельетончика в какой-то газете... и под этими гордыми строками торжественно выпечатывает начальные буквы своего имени. М. Н. Л. и Р. и с этой минуты считает себя уже замечательным человеком, великим писателем». Сергея Николаевича, надо думать, навело на мысль увидеть в приведенных строках намек на брата сходство подписи под «Детством»: «Л. Н.» с инициалами «М. Н. Л.», но нам кажется, — это случайное совпадение, и автор «Современных заметок» не имел в виду Толстого. <hi>Видел многих людей ее читавших</hi>. Отзывы ряда лиц о «Детстве» гр. Сергей Ник. Толстой приводит в письме от 12 апреля 1853 г. См. это письмо в прим. к п. № 73. Под <hi>узами</hi> Сергей Николаевич имеет в виду свою связь с тульской цыганкой Марьей Михайловной Шишкиной. О ней см. прим. 15 к п. № 12. <hi>Тейльс </hi>— вероятно, Никита Дмитриевич де-Тейльс (р. в 4805 г.), тульский помещик, в 1850—1855 гг. уездный Крапивенский судья, хороший знакомый Толстых.</p>
<p rend="petit left">Получив это письмо, Толстой записал в дневнике под 5 декабря: «Получил милое письмо Сережи, на которое отвечал».</p>
<p rend="Textpetit_otstup left"><hi>1</hi> Рукопись «Детства» была послана Толстым в редакцию «Современника» в начале июля 1852 г.</p>
<p rend="petit left"><hi>2</hi> Лев Николаевич имеет в виду, кроме отзыва в «Отечественных записках», статью Б. Н. Алмазова о VIII и IX книжках «Современника» в октябрьской книжке «Москвитянина» за 1852 г.</p>
<p rend="petit left"><hi>3 </hi>Имеется в виду неоконченный «Роман русского помещика», занимавший Толстого в 1852—1856 гг., начало которого под заглавием «Утро помещика» было напечатано в № 42 «Отечественных записок» за 1856 г.</p>
<p rend="petit left"><hi>4 </hi>Имеется в виду рассказ «Набег», напечатанный в мартовской книжке «Современника» за 1853 г. См. прим. к п. № 70.</p>
<p rend="petit left"><hi>5</hi> См. не отправленное письмо к Н. А. Некрасову № 69.</p>
<p rend="petit left"><hi>6 </hi>К чину прапорщика. По сдаче в январе 1852 г. экзамена на <hi style="opdelimiter">юнкера,</hi><hi style="opnumber">220</hi> <hi style="npnumber">221</hi><hi style="npdelimiter">Толстой</hi> был зачислен в феврале «феерверкером 4-го класса» в «батарейную № 4 батарею 20 артиллерийской бригады». См. прим. к п. № 58.</p>
<p rend="petit left"><hi>7 </hi>Не кончив университета, Лев Николаевич в апреле 1847 г. приехал из Казани в Ясную Поляну, где и прожил, довольно часто отлучаясь в Москву и Петербург, до апреля 1851 г., когда с Николаем Николаевичем поехал на Кавказ. Образ жизни в Ясной поляне за это время описан Толстым в «Утре помещика».</p>
<p rend="petit left"><hi>8</hi> Об этом «долгополом сюртуке» Толстой вспомнил 4 апреля 1908 г. ...«Я сшил себе халат такой, чтобы в нем можно было и спать и ходить. Он заменял постель и одеяло. У него были такие длинные полы, которые на день пристегивались пуговицами внутрь». H. Н. Гусев «Два года с Л. Н. Толстым» М. 1928, стр. 126.</p>
<p rend="subtitle centerline petit">
<hi>Черновое</hi>
</p>
<p rend="Textpetit_otstup left">Печатается по автографу, хранящемуся в АТБ, публикуется впервые.</p>
<p rend="Textpetit_otstup left"><hi>1</hi> Страница недописана.</p>
</comments></div></body>
        </text>
        </TEI>