<?xml version="1.0" encoding="UTF-8"?>
    <!-- <?xml-stylesheet type="text/xsl" target="../resources/MJT/myletter.xsl"?> -->
    <?xml-stylesheet type="css" target="graves.css"?>
    <?xml-model target="http://www.tei-c.org/release/xml/tei/custom/schema/relaxng/tei_all.rng" type="application/xml" schematypens="http://relaxng.org/ns/structure/1.0"?>
    <?xml-model target="http://www.tei-c.org/release/xml/tei/custom/schema/relaxng/tei_all.rng" type="application/xml"
            schematypens="http://purl.oclc.org/dsdl/schematron"?>
    <TEI xmlns="http://www.tei-c.org/ns/1.0">
       <teiHeader>
          <fileDesc>
             <titleStmt>
                <title>Письмо №* 47. Т. А. Ергольской.</title>
             </titleStmt>
             <publicationStmt>
                <publisher>TolstoyLab</publisher>
                <date when="2015-09-14">14 September 2015</date>
             </publicationStmt>
             <sourceDesc>
                <biblStruct>
                   <analytic>
                      <author>Толстой Л.Н.</author>
                   </analytic>
                   <monogr>
                      <title level="m">Полное собрание сочинений. Том 59</title>
                      <imprint>
                         <pubPlace>Москва</pubPlace>
                         <publisher>Государственное издательство "Художественная литература"</publisher>
                         <date when="1935"/>
                      </imprint>
                   </monogr>
                   <series>
                      <title level="s">Л.Н. Толстой. Полное собрание сочинений</title>
                      <biblScope unit="vol">59</biblScope>
                   </series>
                </biblStruct>
				<bibl>Печатается по автографу, хранящемуся в АТБ. Публикуется впервые. Год письма определяется пометой, сделанной рукой Т. А. Ергольской: «Получила 21 июня 1851 года».</bibl>
             </sourceDesc>
          </fileDesc>
          <encodingDesc>
             <tagsDecl> </tagsDecl>
          </encodingDesc>
          <profileDesc>
             <correspDesc>
                <correspAction type="sending">
                   <persName ref="PersonList.xml#L_N_Tolstoy">Л. Н. Толстой</persName>
                   <placeName ref="PlacesListxml#PLACE">Старый Юрт.</placeName>
                   <date when="1851-06-24">1851 г. Июня 24.</date>            </correspAction>
                <correspAction type="receiving">
                   <persName ref="PersonList.xml#RECEIVER">Т. А. Ергольской</persName>
                </correspAction>
                <correspContext>
                   <ref type="prev"></ref>
                </correspContext>
             </correspDesc>
          </profileDesc>
       </teiHeader>
       <xenoData><number type="in a volume">47</number></xenoData>

              <text xml:id="T.A.Ergolskoj_47">
	<body><div>
		<opener index="false">
* 47. Т. А. Ергольской.
1851 г. Июня 24. Старый Юрт.</opener>
<p rend="right">24 Juin.</p>
<p rend="left">Le soldat qui a porté ma lettre du 22 à la poste<note xml:id="note1" resp="volume_editor" index="false">Письмо № 45.</note> vient de m’apporter la vôtre,<note xml:id="note2" resp="volume_editor" index="false">Письмо это не сохранилось.</note> chère tante, dans laquelle vous dites, que j’ai voulu vous reprocher votre indifférence. — Chère Tante. Comment pouvez vous croire, que moi, pour qui votre tendre affection et la ferme confiance, que j’ai dans votre amour, est un point d’appui [pour moi] dans tous les moments difficiles de la vie, que j’aie l’idée de vous reprocher votre indifférence? Non, vous êtes injuste! Vous savez, bonne tante, que si j’ai des défauts ce n’est pas la franchise, qui me manque. Eh bien je vous direz avec cette franchise, que votre lettre m’a fait verser des larmes. Pourquoi avoir de ces tristes pensées? — Vous dites que vous n’espérez plus revoir Nicolas. — Pourquoi le croire, espérons en D'ieu. Dans 4 ou 5 mois de nouveau nous nous réunirons tous à Ясное, de nouveau recommencerons ces douces causeries. — Vous êtes trop nécessaire pour notre bonheur pour que Dieu ne vous conserve point. —</p>
<p rend="left">J’ai pris la ferme décision de rester servir au Caucase. Je ne suis pas encore décidé, si ce sera au militaire ou au civil auprès du Prince Voronzoff,<note xml:id="note3" resp="volume_editor" index="false"> Граф (с 1845 г. князь; с 1852 г. светлейший князь) Михаил Семенович Воронцов (1782—1856) — известный государственный деятель. В 1844—1853 гг. главнокомандующий войск на Кавказе, наместник кавказский с неограниченными полномочиями. Его Толстой изобразил в «Хаджи Мурате».</note> mon voyage à Tifliss<note xml:id="note4" resp="volume_editor" index="false"> В Тифлис Толстой приехал только 1 ноября 1851 г.</note> décidera de la chose. Dites à Valérien et à Marie,<note xml:id="note5" resp="volume_editor" index="false"> Гр. Валерьян Петрович и Марья Николаевна Толстые.</note> que je leur fait cadeau de mon piano et que je les prie de ne pas me remercier; car il n’y a aucun mérite à faire cadeau d’une chose dont on n’a pas besoin. Envoyez le leur, je vous prie. — Faites dire, je vous prie, à Arsénieff<note xml:id="note6" resp="volume_editor" index="false"> Владимир Михайлович Арсеньев. О нем см. прим. 3 к п. № 23.</note> que la nouvelle de sa convalescence m’a fait beaucoup de plaisir et que je l’embrasse tendrement malgré sa figure bourgeonnée. —</p>
<p rend="left">Моимъ вѣрнымъ и добрымъ слугамъ Гашѣ<note xml:id="note7" resp="volume_editor" index="false"> Об Агафье Михайловне см. прим. 2 к п. № 23.</note> и Прову<note xml:id="note8" resp="volume_editor" index="false">О Прове никакими сведениями не располагаем.</note> кланяюсь. — Adieu, chère tante, je baise mille fois vos mains. —</p>
<p rend="right">Léon.</p>
<p rend="left"><hi style="opnumber">112</hi> <hi style="npnumber">113</hi></p>
<p rend="left"><hi>На 4 странице:</hi></p>
<p rend="left">Ея Высокоблагородію Татьянѣ Александровнѣ Ергольской. Въ Тулу.</p>
<p rend="petit right">24 июня.</p>
<p rend="petit left">Солдат, который снес мое письмо от 22-го на почту,<note xml:id="note9" resp="volume_editor" index="false">Письмо № 45.</note> принес мне сейчас ваше<note xml:id="note10" resp="volume_editor" index="false">Письмо это не сохранилось.</note> письмо, дорогая тетенька, в котором вы говорите, что я хотел упрекнуть вас в равнодушии. — Дорогая тетенька, как могли вы подумать, что я, для которого ваша нежная привязанность и твердая уверенность в вашей любви — поддержка во всех тяжелых минутах моей жизни, я мог иметь намерение вас упрекнуть в равнодушии? Нет, вы несправедливы! Вы знаете, добрая тетенька, что при всех моих недостатках скрытности во мне нет. И я откровенно сознаюсь вам, что плакал от вашего письма. Отчего у вас такие грустные мысли? — Вы говорите, что не надеетесь больше свидеться с Николенькой. — Но почему? Бог даст, через 4 или 5 месяцев мы снова соберемся все в *Ясном*, и возобновятся наши мирные беседы. — Вы так необходимы для нашего общего счастья, что Бог вас сохранит. —</p>
<p rend="petit left">Я твердо решил остаться служить на Кавказе. Не знаю еще в военной службе или гражданской при князе Воронцове,<note xml:id="note11" resp="volume_editor" index="false"> Граф (с 1845 г. князь; с 1852 г. светлейший князь) Михаил Семенович Воронцов (1782—1856) — известный государственный деятель. В 1844—1853 гг. главнокомандующий войск на Кавказе, наместник кавказский с неограниченными полномочиями. Его Толстой изобразил в «Хаджи Мурате».</note> это решится в мою по- ездку в Тифлис.<note xml:id="note12" resp="volume_editor" index="false"> В Тифлис Толстой приехал только 1 ноября 1851 г.</note> Скажите Валерьяну и Машеньке,<note xml:id="note13" resp="volume_editor" index="false"> Гр. Валерьян Петрович и Марья Николаевна Толстые.</note> что я дарю им свое фортепьяно и прошу меня не благодарить за него, так как нет заслуги дарить то, в чем не нуждаешься. Перешлите его им, пожалуйста. — Поручите сказать Арсеньеву,<note xml:id="note14" resp="volume_editor" index="false"> Владимир Михайлович Арсеньев. О нем см. прим. 3 к п. № 23.</note> что я рад, что он поправляется, и что я нежно его целую, не взирая на его пятнастое лицо. —</p>
<p rend="petit left">*Моимъ вѣрнымъ и добрымъ слугамъ Гашѣ<note xml:id="note15" resp="volume_editor" index="false"> Об Агафье Михайловне см. прим. 2 к п. № 23.</note> и Прову<note xml:id="note16" resp="volume_editor" index="false">О Прове никакими сведениями не располагаем.</note> кланяюсь*. — Прощайте, дорогая тетенька, тысячу раз целую ваши ручки. —</p>
<p rend="petit right">Лев.</p>
<comments><p rend="Textpetit_otstup left">Печатается по автографу, хранящемуся в АТБ. Публикуется впервые. Год письма определяется пометой, сделанной рукой Т. А. Ергольской: «Получила 21 июня 1851 года».</p>
<p rend="Textpetit_otstup left"><hi>1 </hi>Письмо № 45.</p>
<p rend="petit left"><hi>2 </hi>Письмо это не сохранилось.</p>
<p rend="petit left"><hi>3</hi> Граф (с 1845 г. князь; с 1852 г. светлейший князь) Михаил Семенович Воронцов (1782—1856) — известный государственный деятель. В 1844—1853 гг. главнокомандующий войск на Кавказе, наместник кавказский с неограниченными полномочиями. Его Толстой изобразил в «Хаджи Мурате».</p>
<p rend="petit left"><hi>4</hi> В Тифлис Толстой приехал только 1 ноября 1851 г.</p>
<p rend="petit left"><hi>5</hi> Гр. Валерьян Петрович и Марья Николаевна Толстые.</p>
<p rend="petit left"><hi>6</hi> Владимир Михайлович Арсеньев. О нем см. прим. 3 к п. № 23.</p>
<p rend="petit left"><hi>7</hi> Об Агафье Михайловне см. прим. 2 к п. № 23.</p>
<p rend="petit left"><hi>8 </hi>О Прове никакими сведениями не располагаем.</p>
<p rend="left secend"><hi style="opnumber">113</hi> <hi style="npnumber">114</hi></p>
</comments></div></body>
        </text>
        </TEI>