<?xml version="1.0" encoding="UTF-8"?>
    <!-- <?xml-stylesheet type="text/xsl" target="../resources/MJT/myletter.xsl"?> -->
    <?xml-stylesheet type="css" target="graves.css"?>
    <?xml-model target="http://www.tei-c.org/release/xml/tei/custom/schema/relaxng/tei_all.rng" type="application/xml" schematypens="http://relaxng.org/ns/structure/1.0"?>
    <?xml-model target="http://www.tei-c.org/release/xml/tei/custom/schema/relaxng/tei_all.rng" type="application/xml"
            schematypens="http://purl.oclc.org/dsdl/schematron"?>
    <TEI xmlns="http://www.tei-c.org/ns/1.0">
       <teiHeader>
          <fileDesc>
             <titleStmt>
                <title>Письмо №242. Т. А. Ергольской.</title>
             </titleStmt>
             <publicationStmt>
                <publisher>TolstoyLab</publisher>
                <date when="2015-09-14">14 September 2015</date>
             </publicationStmt>
             <sourceDesc>
                <biblStruct>
                   <analytic>
                      <author>Толстой Л.Н.</author>
                   </analytic>
                   <monogr>
                      <title level="m">Полное собрание сочинений. Том 60</title>
                      <imprint>
                         <pubPlace>Москва</pubPlace>
                         <publisher>Государственное издательство "Художественная литература"</publisher>
                         <date when="1949"/>
                      </imprint>
                   </monogr>
                   <series>
                      <title level="s">Л.Н. Толстой. Полное собрание сочинений</title>
                      <biblScope unit="vol">60</biblScope>
                   </series>
                </biblStruct>
				<bibl>Впервые опубликовано в Б. I, 1, стр. 457. На конверте помета рукой Т. А. Ергольской: «Получила 7-го июня 1862 года. Четверг. Тула».</bibl>
             </sourceDesc>
          </fileDesc>
          <encodingDesc>
             <tagsDecl> </tagsDecl>
          </encodingDesc>
          <profileDesc>
             <correspDesc>
                <correspAction type="sending">
                   <persName ref="PersonList.xml#L_N_Tolstoy">Л. Н. Толстой</persName>
                   <placeName ref="PlacesListxml#PLACE">Казань.</placeName>
                   <date when="1862-05-24">1862 г. Мая 24.</date>            </correspAction>
                <correspAction type="receiving">
                   <persName ref="PersonList.xml#RECEIVER">Т. А. Ергольской</persName>
                </correspAction>
                <correspContext>
                   <ref type="prev"></ref>
                </correspContext>
             </correspDesc>
          </profileDesc>
       </teiHeader>
       <xenoData><number type="in a volume">242</number></xenoData>

              <text xml:id="T.A.Ergolskoj_242">
	<body><div>
		<opener index="false">
242. Т. А. Ергольской.
1862 г. Мая 24. Казань.
</opener>
<p rend="Obrashenie left">Chère tante!</p>
<p rend="left">Я в Казани у Вл[адимира] Ив[ановича].<note xml:id="note1" resp="volume_editor" index="false"> Владимир Иванович Юшков (1789—1868) — отставной полковник. Женившись в 1817 г. на тетке Толстого гр. П. И. Толстой, поселился в Казани. В 1850-х гг. он разошелся с женой. В его доме в Казани провел Толстой юность. Подробнее см. тт. 46 и 59.</note> Путешествие до сих пор было наслажденье. — Попросите Ник[олая] Павл[овича]<note xml:id="note2" resp="volume_editor" index="false"> Н. П. Петерсон.</note> распорядиться высылать № Ясн[ой] П[оляны] Вл[адимиру] И[вановичу] Юшкову в Казань, еще велите выслать бюст<note xml:id="note3" resp="volume_editor" index="false"> Бюст H. Н. Толстого работы Гифса.</note> Nicolas и пришлите Вл[адимиру] Ив[ановичу] и мою карточку. Обнимаю вас.</p>
<p rend="right">Л. Толстой.</p>
<lb/>
<p rend="left"><hi>На конверте</hi>:</p>
<p rend="left">В Тулу. Ее Высокоблагородию Татьяне Александровне Ергольской. Для доставления в С. Ясную Поляну.</p>
<comments><p rend="Textpetit_otstup left">Впервые опубликовано в Б. I, 1, стр. 457. На конверте помета рукой Т. А. Ергольской: «Получила 7-го июня 1862 года. Четверг. Тула».</p>
<p rend="Textpetit_otstup left"><hi>1</hi> Владимир Иванович Юшков (1789—1868) — отставной полковник. Женившись в 1817 г. на тетке Толстого гр. П. И. Толстой, поселился в Казани. В 1850-х гг. он разошелся с женой. В его доме в Казани провел Толстой юность. Подробнее см. тт. 46 и 59.</p>
<p rend="petit left"><hi>2</hi> Н. П. Петерсон.</p>
<p rend="petit left"><hi>3</hi> Бюст H. Н. Толстого работы Гифса.</p>
<p rend="emptyline left"><hi style="opnumber">426</hi> <hi style="npnumber">427</hi></p>
</comments></div></body>
        </text>
        </TEI>