<?xml version="1.0" encoding="UTF-8"?>
    <!-- <?xml-stylesheet type="text/xsl" target="../resources/MJT/myletter.xsl"?> -->
    <?xml-stylesheet type="css" target="graves.css"?>
    <?xml-model target="http://www.tei-c.org/release/xml/tei/custom/schema/relaxng/tei_all.rng" type="application/xml" schematypens="http://relaxng.org/ns/structure/1.0"?>
    <?xml-model target="http://www.tei-c.org/release/xml/tei/custom/schema/relaxng/tei_all.rng" type="application/xml"
            schematypens="http://purl.oclc.org/dsdl/schematron"?>
    <TEI xmlns="http://www.tei-c.org/ns/1.0">
       <teiHeader>
          <fileDesc>
             <titleStmt>
                <title>Письмо №* 160. П. Е. Воробьеву и гр. H. Н. Толстому.</title>
             </titleStmt>
             <publicationStmt>
                <publisher>TolstoyLab</publisher>
                <date when="2015-09-14">14 September 2015</date>
             </publicationStmt>
             <sourceDesc>
                <biblStruct>
                   <analytic>
                      <author>Толстой Л.Н.</author>
                   </analytic>
                   <monogr>
                      <title level="m">Полное собрание сочинений. Том 60</title>
                      <imprint>
                         <pubPlace>Москва</pubPlace>
                         <publisher>Государственное издательство "Художественная литература"</publisher>
                         <date when="1949"/>
                      </imprint>
                   </monogr>
                   <series>
                      <title level="s">Л.Н. Толстой. Полное собрание сочинений</title>
                      <biblScope unit="vol">60</biblScope>
                   </series>
                </biblStruct>
             </sourceDesc>
          </fileDesc>
          <encodingDesc>
             <tagsDecl> </tagsDecl>
          </encodingDesc>
          <profileDesc>
             <correspDesc>
                <correspAction type="sending">
                   <persName ref="PersonList.xml#L_N_Tolstoy">Л. Н. Толстой</persName>
                   <placeName ref="PlacesListxml#PLACE">Я. П.</placeName>
                   <date when="1859-12-22">1859 г. Декабря 22.</date>            </correspAction>
                <correspAction type="receiving">
                   <persName ref="PersonList.xml#RECEIVER">П. Е. Воробьеву и гр. H. Н. Толстому</persName>
                </correspAction>
                <correspContext>
                   <ref type="prev"></ref>
                </correspContext>
             </correspDesc>
          </profileDesc>
       </teiHeader>
       <xenoData><number type="in a volume">160</number></xenoData>

              <text xml:id="P.E.Vorobevuigr.H.N.Tolstomu_160">
	<body><div>
		<opener index="false">
* 160. П. Е. Воробьеву и гр. H. Н. Толстому.
1859 г. Декабря 22. Я. П.
</opener>
<p rend="Obrashenie left">Петр Евстратьичь.</p>
<p rend="left">Ежели Николая Николаевича нет дома, как я предполагаю, то с получения сего отошли Дмитрию Алексеевичу<note xml:id="note1" resp="volume_editor" index="false"> Д. А. Дьяков. См. вступительное прим. к п. № 186.</note> 55 рублей серебром. Ежели же дома Н[иколай] Н[иколаевич], то подай ему эту записку. —</p>
<p rend="left">Envoye je t’en prie 55 r. à Diakoff, je te rendrai à Ясное. Nous t’attendons tous<note xml:id="note2" resp="volume_editor" index="false"> В автографе: touts.</note> et déjà commençons à nous inquiéter. —</p>
<p rend="left">Au revoir.<note xml:id="note3" resp="volume_editor" index="false"> В автографе: A revoir</note></p>
<p rend="right">Гр. Л. Толстой.</p>
<p rend="left">22 Декабря.</p>
<lb/>
<p rend="left"><hi>На четвертой странице</hi>:</p>
<p rend="left">Милостивому Государю Петру Евстратовичу Воробьеву. В <hi style="opdelimiter">Никольское.</hi><hi style="opnumber">319</hi></p>
<comments><p rend="Textpetit_otstup left"><hi style="npnumber">320</hi><hi style="npdelimiter">Год</hi> определяется содержанием. В Ясной Поляне 22 декабря при жизни H. Н. Толстого Л. Н. Толстой был только в 1859 г.</p>
<p rend="petit left">Петр Евстратьевич Воробьев первоначально служил бурмистром в Ясной Поляне, затем H. Н. Толстой взял его в Никольское-Вяземское управляющим, где он и прослужил двадцать шесть лет (до конца своей жизни).</p>
<p rend="Textpetit_otstup left"><hi>1</hi> Д. А. Дьяков. См. вступительное прим. к п. № 186.</p>
<p rend="petit left"><hi>2</hi> В автографе: touts.</p>
<p rend="petit left"><hi>3</hi> В автографе: A revoir</p>
<p rend="petit left">[Пошли пожалуйста 55 рублей Дьякову, я тебе отдам в Ясном. Мы все ожидаем тебя и уже начинаем беспокоиться. До свиданья.]</p>
</comments></div></body>
        </text>
        </TEI>