<?xml version="1.0" encoding="UTF-8"?>
    <!-- <?xml-stylesheet type="text/xsl" target="../resources/MJT/myletter.xsl"?> -->
    <?xml-stylesheet type="css" target="graves.css"?>
    <?xml-model target="http://www.tei-c.org/release/xml/tei/custom/schema/relaxng/tei_all.rng" type="application/xml" schematypens="http://relaxng.org/ns/structure/1.0"?>
    <?xml-model target="http://www.tei-c.org/release/xml/tei/custom/schema/relaxng/tei_all.rng" type="application/xml"
            schematypens="http://purl.oclc.org/dsdl/schematron"?>
    <TEI xmlns="http://www.tei-c.org/ns/1.0">
       <teiHeader>
          <fileDesc>
             <titleStmt>
                <title>Письмо №* 308. А. А. Фету.</title>
             </titleStmt>
             <publicationStmt>
                <publisher>TolstoyLab</publisher>
                <date when="2015-09-14">14 September 2015</date>
             </publicationStmt>
             <sourceDesc>
                <biblStruct>
                   <analytic>
                      <author>Толстой Л.Н.</author>
                   </analytic>
                   <monogr>
                      <title level="m">Полное собрание сочинений. Том 61</title>
                      <imprint>
                         <pubPlace>Москва</pubPlace>
                         <publisher>Государственное издательство "Художественная литература"</publisher>
                         <date when="1953"/>
                      </imprint>
                   </monogr>
                   <series>
                      <title level="s">Л.Н. Толстой. Полное собрание сочинений</title>
                      <biblScope unit="vol">61</biblScope>
                   </series>
                </biblStruct>
             </sourceDesc>
          </fileDesc>
          <encodingDesc>
             <tagsDecl> </tagsDecl>
          </encodingDesc>
          <profileDesc>
             <correspDesc>
                <correspAction type="sending">
                   <persName ref="PersonList.xml#L_N_Tolstoy">Л. Н. Толстой</persName>
                   <placeName ref="PlacesListxml#PLACE">Я. П.</placeName>
                   <date when="1870-06-13">1870 г. Июня 13</date>            </correspAction>
                <correspAction type="receiving">
                   <persName ref="PersonList.xml#RECEIVER">А. А. Фету</persName>
                </correspAction>
                <correspContext>
                   <ref type="prev"></ref>
                </correspContext>
             </correspDesc>
          </profileDesc>
       </teiHeader>
       <xenoData><number type="in a volume">308</number></xenoData>

              <text xml:id="A__A__Fetu_308">
	<body><div>
		<opener index="false">
* 308. А. А. Фету.
1870 г. Июня 13…14. Я. П.
</opener>
<p rend="Obrashenie left">Любезный друг!</p>
<p rend="left">Я вчера получил лошадь и пришел от нее в восхищение. Совершенная красавица. Если бы была еще такая или такая же трехлетка, я бы счастлив был приобрести другую. Деньги 100 р. я пришлю или привезу вам и буду очень удивлен, если мне дадут сдачи. Я в долгу и перед вами за провод и прокорм, за который, разумеется, нельзя заплатить кроме спасиба. Но мне совестно, что она так долго пробыла у вас: письмо мое к Орлову, должно быть, пропало, и он послал уже по другому письму.</p>
<p rend="left">Жена поговаривает о том, чтобы приехать к вам; но теперь еще рано назначать срок. Англичанка, кот[орая] была у нас на время, нынче уехала, а наша настоящая еще не приезжала; а ждем к концу июня. Тогда я вдруг предложу, и тотчас исполним.</p>
<p rend="left">Я, благодаря бога, нынешнее лето глуп, как лошадь. Работаю, рублю, копаю, кошу и о противной лит-т-тературе и <hi style="opdelimiter">лит-т-тераторах,</hi><hi style="opnumber">236</hi> <hi style="npnumber">237</hi><hi style="npdelimiter">слава</hi> богу, не думаю. До свиданья, передайте наш поклон Марье Петровне.</p>
<p rend="right">Ваш Л. Толстой.</p>
<p rend="left">Впечатление мое о вашем стихотвореньи не случайное,<note xml:id="note1" resp="volume_editor" index="false"> <ref target='file:///Volume_61_A__A__Fetu_307.xml'>См. письмо № 307</ref>.</note> я его теперь помню наизусть и часто говорю сам себе. —</p>
<lb/>
<p rend="left"><hi>На конверте:</hi></p>
<p rend="left">Его высокоблагородию Афанасию Афанасьевичу Фету. На станцию Змиевку Курско-Орловской железной дороги.</p>
<comments><p rend="Textpetit_otstup left">Две фразы опубликованы в Г, II, стр. 116. Датируется по почтовым штемпелям.</p>
<p rend="Textpetit_otstup left"><hi>1</hi> <ref target='file:///Volume_61_A__A__Fetu_307.xml'>См. письмо № 307</ref>.</p>
</comments></div></body>
        </text>
        </TEI>
