<?xml version="1.0" encoding="UTF-8"?>
    <!-- <?xml-stylesheet type="text/xsl" target="../resources/MJT/myletter.xsl"?> -->
    <?xml-stylesheet type="css" target="graves.css"?>
    <?xml-model target="http://www.tei-c.org/release/xml/tei/custom/schema/relaxng/tei_all.rng" type="application/xml" schematypens="http://relaxng.org/ns/structure/1.0"?>
    <?xml-model target="http://www.tei-c.org/release/xml/tei/custom/schema/relaxng/tei_all.rng" type="application/xml"
            schematypens="http://purl.oclc.org/dsdl/schematron"?>
    <TEI xmlns="http://www.tei-c.org/ns/1.0">
       <teiHeader>
          <fileDesc>
             <titleStmt>
                <title>Письмо №* 57. T. A. Ергольской.</title>
             </titleStmt>
             <publicationStmt>
                <publisher>TolstoyLab</publisher>
                <date when="2015-09-14">14 September 2015</date>
             </publicationStmt>
             <sourceDesc>
                <biblStruct>
                   <analytic>
                      <author>Толстой Л.Н.</author>
                   </analytic>
                   <monogr>
                      <title level="m">Полное собрание сочинений. Том 59</title>
                      <imprint>
                         <pubPlace>Москва</pubPlace>
                         <publisher>Государственное издательство "Художественная литература"</publisher>
                         <date when="1935"/>
                      </imprint>
                   </monogr>
                   <series>
                      <title level="s">Л.Н. Толстой. Полное собрание сочинений</title>
                      <biblScope unit="vol">59</biblScope>
                   </series>
                </biblStruct>
				<bibl>Печатается по автографу, хранящемуся в АТБ. Впервые напечатано почти полностью (без последней заключительной фразы, по-французски и в переводе) П. И. Бирюковым в Б, I, 1906, стр. 195—200. Впервые полностью (только в переводе) напечатано П. А. Сергеенко, в ПТС, I, стр. 22—25. Год определяется почтовыми штемпелями: «18 (Января) 1852» и «Получено 1852 февраля 8 [?]». На конверте рукой Т. А. Ергольской написано: «Тифлис от Москва 1897 Кизляр о М. 1832 Ставрополь о М. 1869»</bibl>
             </sourceDesc>
          </fileDesc>
          <encodingDesc>
             <tagsDecl> </tagsDecl>
          </encodingDesc>
          <profileDesc>
             <correspDesc>
                <correspAction type="sending">
                   <persName ref="PersonList.xml#L_N_Tolstoy">Л. Н. Толстой</persName>
                   <placeName ref="PlacesListxml#PLACE">Моздок.</placeName>
                   <date when="1852-01-12">1852 г. Января 12.</date>            </correspAction>
                <correspAction type="receiving">
                   <persName ref="PersonList.xml#RECEIVER">T. A. Ергольской</persName>
                </correspAction>
                <correspContext>
                   <ref type="prev"></ref>
                </correspContext>
             </correspDesc>
          </profileDesc>
       </teiHeader>
       <xenoData><number type="in a volume">57</number></xenoData>

              <text xml:id="T.A.Ergolskoj_57">
	<body><div>
		<opener index="false">
* 57. T. A. Ергольской.
1852 г. Января 12. Моздок.
</opener><p rend="Shapka">mi-chemin de Tiffliss.</p>

<p rend="Obrashenie left">Chère tante!</p>
<p rend="left">Voilà les idées qui me sont venus. Je tâcherai de vous les rendre parceque je pensais à vous. — Je me trouve bien changé au moral et cela m’est arrivé tant de fois. Au reste, je crois que c’est le sort de tous. Plus on vit plus on change. Vous qui avez de l’expérience dites moi n’est ce pas que c’est vrai? — Je pense que les défauts et les qualités — le fond du caractère — resteront toujours les mêmes, mais la manière d’envisager la vie, le bonheur doivent changer avec l’âge. — Il y a un an je croyais trouver le bonheur dans le plaisir, dans le mouvement; à present au contraire le repos au physique comme au moral est un état que je désire. Mais si je me figure l’état de repos, sans ennuie et avec les- tranquilles jouissances de l’amour et de l’amitié — c’est le comble du bonheur pour moi! — Au reste on ne ressent le charme du repos qu’après la fatigue et des jouissances de l’amour qu’après la privation.—Me voila privé, depuis quelque temps, de l’uncomme de l’autre, c’est pour cela que j’y aspire si vivement. — <hi>II faut</hi> m’en priver encore. Pour combien <hi>de</hi> temps? Dieu le sait. — Je ne saurai dire pourquoi; mais je sens <hi>qu’il le faut</hi> — La religion et l’expérience que j’ai de la vie (quelque petite qu’elle soit) m’ont appris que la vie est une épreuve. — Pour moi elle est plus qu’une épreuve, c’est encore l’expiation de mes fautes.</p>
<p rend="left">J’ai dans l’idée, que l’idée, si frivole, que j’ai eu d’aller faire- un voyage au Caucase — est une idée qui m’a été inspiré d’en haut. C’est la main de Dieu, qui m’a guidé — je ne cesse de L’en remercier, — je sens que je suis devenu meilleur ici (et ce n’est pas beaucoup dire, puisque j’ai été très mauvais) et je suis fermement persuadé, que tout ce qui peut m’arriver ici ne sera que pour men bien, puisque c’est Dieu lui-même qui l’a voulu ainsi. — Peut être que c’est une idée bien hardie, mais j’ai néanmoins cette conviction. C’est pour cela que je supporte les fatigues et les privations dont je vous parle (ce ne sont pas des privations physiques que je vous parle — il n’y en a pas pour un garçon de 23 ans et qui se porte bien) sans les ressentir, même avec une espèce de plaisir, en pensant au bonheur qui m’attend. — <hi style="opdelimiter">Voilà</hi><hi style="opnumber">159</hi> <hi style="npnumber">160</hi><hi style="npdelimiter">comment</hi> je me le représente. Après un nombre indéterminé d’années ni jeune ni vieux je suis à Ясное — mes affaires sont en ordre, je n’ai pas d’inquiétudes ni des tracasseries, vous habitez Ясное aussi. Vous avez un peu vieilli, mais êtes encore fraiche et bien portante. Nous menons la vie que nous avons mené, je travaille le matin, mais nous nous voyons presque toute la journée; nous dînons, le soir je vous fais une lecture qui ne vous ennuie pas, puis nous causons. Moi je vous raconte ma vie au Caucase, vous me parlez de vos souvenirs — de mon père, de ma mère, vous me racontez des страшный исторіи, que jadis nous écoutions avec des yeux effrayés et la bouche béante. Nous nous rappelons des personnes, qui nous ont été chères et qui ne sont plus; vous pleurez, je ferai la même chose, mais ces larmes seront douces. Nous causerons des frères, qui viendront nous voir de temps en temps, de la chère Marie<note xml:id="note2" resp="volume_editor" index="false">Гр. Мар. Ник. Толстая.</note> qui passera aussi quelques mois de l’année à Ясное, qu’elle aime tant, avec tous ses enfants. Nous n’aurcns point de connaissances — personne ne viendra nous ennuyer et faire des commérages. C’est un beau rêve, mais ce n’est pas encore tout ce que je me permets de rêver. Je suis marié — ma femme est une personne douce, bonne, aimante, elle a pour vous le même, amour que moi. Nous avons des enfants, qui vous appellent «grand maman»; vous habitez dans la grande maison, en haut, la même chambre, qu’a jadis habité grand maman, toute la maison est dans le même ordre qu’elle a été du temps de papa et nous recommençons la même vie, seulement en changeant de rôles; vous prenez le rôle de grand maman, mais vous êtes encore plus bonne; moi le rôle de papa, mais je désespère de jamais le mériter; ma femme celui de maman, les enfants le notre. Marie — le rôle des deux tantes, excepté leurs malheurs. Même Гаша<note xml:id="note3" resp="volume_editor" index="false">Агафья Михайловна. О ней см. прим. 2 к п. № 23.</note> prendra le rôle de Прасковья Исаевна.<note xml:id="note4" resp="volume_editor" index="false"> Прасковья Исаевна — экономка у Толстых. О ней Толстой пишет в «Воспоминаниях детства» (гл. VIII): «Прасковью Исаевну я довольно верно описал в «Детстве» (под именем Натальи Савишны. Всё, что я о ней писал, было действительно».</note> Mais il manquera un personnage pour prendre le rôle que vous avez joué dans nеtre famille. — Jamais il ne se trouvera une âme aussi belle aussi aimante, que la votre. Vous n’aurez point de successeur. Il y aura trois nouveaux personnages qui paraîtrons de temps en temps sur la scène, — les frères, surtout l’un, qui sera souvent avec nous — Nicolas. Vieux garçon, chauve, retiré du service, toujours aussi bon, aussi noble. —</p>
<p rend="left">Я воображаю, какъ онъ будетъ, какъ въ старину, рассказывать дѣтямъ своего сочиненія сказки. Какъ дѣти будутъ целовать у него сальныя руки (но кот[орыя]стоятъ того), какъ <hi style="opdelimiter">онъ</hi><hi style="opnumber">160</hi> <hi style="npnumber">161</hi><hi style="npdelimiter">будетъ</hi> съ ними играть, какъ жена моя будетъ хлопотать, чтобы сдѣлать ему любимое кушанье, какъ мы съ нимъ будемъ перебирать общія воспоминанія объ давно прошедшемъ времени, какъ вы будете сидѣть на своемъ обыкновенномъ мѣстѣ и съ удовольствіемъ слушать насъ, какъ вы насъ, старыхъ, будете называть по прежнему «Левочька, Николинька» и будете бранить меня за то, что я руками ѣмъ, а его за то, что у него руки не чисты.</p>
<p rend="left">Si on me faisait Empereur de Russie, si on me donnait le Pérou: en un mot, si une fée venait avec sa baguette me demander ce que je désire, — la main sur la consience, j’aurai répondu que je désire seulement que ce rêve puisse devenir une réalité. Я знаю, вы не любите загадывать, mais quel mal у a-t-il et cela fait tant de plaisir. — Je crains d’avoir été égoiste et d’avoir fait trop petite votre part de bonheur. Je crains, que les malheurs passés mais qui ont laissé des traces trop sensibles dans votre coeur, ne vous empêchent de jouir de cet avenir qui aurait fait mon bonheur. Chère tante, dites moi: seriez vous heureuse? Tout cela peut arriver, et l’espérance est une si douce chose. —</p>
<p rend="left">De nouveau je pleure. Pourquoi est-ce que je pleure quand je pense à vous? ce sont les larmes de bonheur — je suis heureux de savoir vous aimer. — Si tous les malheurs pouvaient m’arriver, je ne me dirai jamais tout à fait malheureux jusqu’à ce que vous existerez. Vous vous rappelez notre séparation à la Chapelle d' Иверская quand nous partions à Casan.<note xml:id="note5" resp="volume_editor" index="false">Это было осенью 1841 г.</note> Alors comme par inspiration au moment de vous quitter, j’ai compris tout ce que vous étiez pour nous, et quoiqu’encore enfant, par mes larmes et quelques mots décousus j’ai su vous faire comprendre ce que je sentais. Je n’ai jamais cessé de vous aimer mais le sentiment que j’ai éprouvé à la Chapelle d’И-я et celui que j’ai à présent pour vous est tout autre, beaucoup plus fort, plus élevé que je n’ai eu dans tout autre temps.</p>
<p rend="left">Je vais vous avouer une chose qui me fait honte, mais qu’il faut que je vous dise pour décharger ma conscience. Auparavant en lisant vos lettres, dans lesquelles vous me parlez des sentiments, que vous avez pour nous, j’ai cru voir de l’éxagération; mais seulement à present en les relisant je vous comprends — votre amour sans bornes pour nous et votre âme élevée. Je suis sûr que tout autre excepté vous en lisant cette lettre et la dernière, m’aurait fait le même reproche; mais je ne crains pas cela <hi style="opdelimiter">de</hi><hi style="opnumber">161</hi> <hi style="npnumber">162</hi><hi style="npdelimiter">vous,</hi> vous me connaissez trop bien et vous connaissez que peut être ma seule bonne qualité c’est la sensibilité. C’est à cette qualité que je suis redevable des moments les plus heureux de ma vie. — Dans tous les cas c’est la dernière lettre, dans laquelle je me permets d’exprimer des sentiments aussi exaltés — exaltés pour les indifférents, mais vous saurez les apprécier. Adieu chère Tante, dans quelques jours j’espère revoir N-as, alors je vous écrirai.</p>
<lb/>
<p rend="left"><hi>На конверте:</hi></p>
<p rend="left">Ея Высокоблагородію Татьянѣ Александровнѣ Ергольской.</p>
<p rend="subtitle centerline">
Въ Тулу.
</p>
<p rend="Shapka">12 января. Моздок.<note xml:id="note6" resp="volume_editor" index="false">Моздок — город Нальчикского округа, Терской области в 77 в. от Владикавказа.</note> Станция</p>
<p rend="Shapka">на полдороге от Тифлиса.</p>
<p rend="Obrashenie petit">
Дорогая тетенька!
</p>
<p rend="petit left">Вот какие мысли пришли мне в голову. Постараюсь их вам передать, потому что я думал о вас. — Я нахожу, что во мне произошла большая нравственная перемена; это бывало со мной уже столько раз. Впрочем, думаю, что так бывает и со всеми. Чем дольше живешь, тем больше меняешься. Вы имеете опыт, скажите мне, разве я не прав? — Я думаю, что недостатки и качества — основные свойства личности—остаются те же, но взгляды на жизнь и на счастье должны меняться с годами. — Год тому назад я находил счастье в удовольствии, в движении; теперь, напротив, я желаю покоя как физического, так и нравственного. И ежели я представляю себе состояние покоя, без скуки, с тихими радостями любви и дружбы — это для меня верх счастья! — Впрочем, после утомления и познаешь прелесть покоя, а радость любви после лишения ее. — С некоторых пор я испытал и то и другое и потому так стремлюсь к иному. — Между тем нужно еще лишить себя этого. Надолго ли, бог знает. — Не знаю сам, почему, но чувствую, <hi>что должен.</hi> — Религия и жизненный опыт, как бы короток он ни был, внушили мне, что жизнь — испытание. — Для меня же она больше испытания, она искупление моих проступков.</p>
<p rend="petit left">Моя мысль, непродуманное мое решение ехать на Кавказ было мне внушено свыше. Мной руководила рука божья — и я горячо благодарю его, — я чувствую, что здесь я стал лучше (этого мало, так я был плох); я твердо уверен, что что бы здесь ни случилось со мной, всё мне на благо, потому что на то воля божья. — Может быть, это и дерзостная мысль, но таково мое убеждение. И потому я переношу и утомления, и лишения, о которых я упоминал (разумеется, не физические, их и не может быть для 23-х летнего здорового малого), не чувствуя их, переношу как бы с радостью, думая о том счастье, которое меня ожидает. — И вот как я его себе представляю. — Пройдут годы, и вот я уже не молодой, но и не старый в *Ясномъ* — дела мои в порядке, нет ни волнений, ни неприятностей; вы всё еще живете в *Ясномъ*. Вы немного постарели, но всё еще свежая и здоровая. Жизнь идет по-прежнему; я занимаюсь по утрам, не почти весь, день МЬІ вместе; после обеда, вечером я читаю вслух то, что <hi style="opdelimiter">вам,</hi><hi style="opnumber">162</hi> <hi style="npnumber">163</hi><hi style="npdelimiter">не</hi> скучно слушать; потом начинается беседа. Я рассказываю вам о своей жизни на Кавказе, вы — ваши воспоминания о прошлом, о моем отце и матери; вы рассказываете *страшные исторіи*, которые мы бывало слушали с испуганными глазами и разинутыми ртами. Мы вспоминаем о тех, кто нам были дороги, и которых уже нет; вы плачете, и я тоже, но мирными слезами. Мы говорим о братьях, которые наезжают к нам, о милой Машеньке,<note xml:id="note7" resp="volume_editor" index="false">Гр. Мар. Ник. Толстая.</note> которая со всеми детьми будет ежегодно гостить по несколько месяцев в любимом ею *Ясномъ*. Знакомых у нас не будет; никто не будет докучать нам своим приездом и привозить сплетни. Чудесный сон, но я позволю себе мечтать еще о другом. Я женат — моя жена кроткая, добрая, любящая, и она вас любит так же, как и я. Наши дети вас зовут «бабушкой»; вы живете в большом доме, наверху, в той комнате, где когда-то жила бабушка; всё в доме по-прежнему, в том порядке, который был при жизни папа, и мы продолжаем ту же жизнь, только переменив роли: вы берете роль бабушки, но вы еще добрее ее, я — роль папа, но я не надеюсь когда-нибудь ее заслужить; моя жена — мама, наши дети — наши роли: Машенька — в роли обеих тетенек, но не несчастна, как они; даже *Гаша*<note xml:id="note8" resp="volume_editor" index="false">Агафья Михайловна. О ней см. прим. 2 к п. № 23.</note> и та на месте Прасковьи Исаевны.<note xml:id="note9" resp="volume_editor" index="false"> Прасковья Исаевна — экономка у Толстых. О ней Толстой пишет в «Воспоминаниях детства» (гл. VIII): «Прасковью Исаевну я довольно верно описал в «Детстве» (под именем Натальи Савишны. Всё, что я о ней писал, было действительно».</note> Не хватает только той, кто мог бы вас заменить в отношении всей нашей семьи. — Не найдется такой прекрасной любящей души. Нет, у вас преемницы не будет.<note xml:id="note10" resp="volume_editor" index="false">Это было осенью 1841 г.</note> Три новых лица будут являться время от времени на сцену — это братья и, главное, один из них — Николенька, который будет часто с нами. Старый холостяк, лысый, в отставке, по-прежнему добрый и благородный.</p>
<p rend="petit left">*Я воображаю, какъ онъ будетъ, какъ въ старину, разсказывать дѣтямъ своего сочиненія сказки, какъ дѣти будутъ цѣловать у него сальныя руки (но кот[орыя] стоятъ того), какъ онъ будетъ съ ними играть, какъ жена моя будетъ хлопотать, чтобы сдѣлать ему любимое кушанье, какъ мы съ нимъ будемъ перебирать общія воспоминанія объ давно прошедшемъ времени, какъ вы будете сидѣть на своемъ обыкновенномъ мѣстѣ и съ удовольствіемъ слушать насъ, какъ вы насъ, старыхъ, будете называть по-прежнему «Левочька, Николинька» и будете бранить меня за то, что я руками ѣмъ, а его за то, что у него руки не чисты*.</p>
<p rend="petit left">Ежели бы меня сделали русским императором, ежели бы мне предложили Перу, словом, ежели бы явилась волшебница с заколдованной палочкой и спросила меня, чего я желаю, положа руку на сердце, по совести, я сказал бы: только одного, чтобы осуществилась эта моя мечта.* Я знаю, вы не любите загадывать*, но что ж в этом дурного, и это мне так приятно! — Но мне кажется, что я эгоистичен и мало предоставил вашей доле в общем счастье. Боюсь, что прошедшие горести, оставившие чувствительные следы в вашем сердце, не дадут насладиться вам этим будущим, которое составило бы мое счастье. Дорогая тетенька, скажите, вы были бы счастливы? Всё это, может быть, сбудется, а какая чудесная вещь надежда. — Опять я плачу. Почему это я плачу, когда думаю о вас? Это слезы счастья, я счастлив тем, что умею вас любить. — И какие бы несчастья меня ни постигли, покуда вы живы, несчастлив беспросветно я не буду. Помните наше прощание у *Иверской*, когда мы уезжали в Казань.<hi><note xml:id="note11" resp="volume_editor" index="false">Это было осенью 1841 г.</note></hi> В минуту расставания я вдруг понял, как по вдохновению, что вы для нас значите и, по-ребячески, слезами и несколькими <hi style="opdelimiter">отрывочными</hi><hi style="opnumber">163</hi> <hi style="npnumber">164</hi><hi style="npdelimiter">словами,</hi> я сумел вам передать то, что я чувствовал. Я любил вас всегда, но то, что я испытал у Иверской и теперешнее мое чувство к вам — гораздо сильнее и более возвышенно, чем то, что было прежде.</p>
<p rend="petit left">Я вам сознаюсь в том, чего мне очень стыдно, что я должен очистить свою совесть перед вами. Случалось раньше, что, читая ваши письма, когда вы говорили о вашей привязанности к нам, мне казалось, что вы преувеличиваете, и только теперь перечитывая их, я понимаю вас — вашу безграничную любовь, и вашу возвышенную душу. Я уверен, что всякий, кроме вас, кто бы ни прочел сегодняшнее мое письмо и предыдущее, упрекнул бы меня в том же, но от вас этого упрека я не боюсь; вы меня слишком хорошо знаете, знаете, что может быть единственное достоинство это то, что я умею сильно чувствовать. Этому свойству я обязан самыми счастливыми минутами своей жизни. — Во всяком случае, это последнее письмо, в котором я позволил себе выражать такие экзальтированные чувства, экзальтированные для равнодушных, а вы сумеете их оценить. Прощайте, дорогая тетенька, через несколько дней я думаю увидать Николеньку, и тогда я вам напишу.</p>
<comments><p rend="Textpetit_otstup left">Печатается по автографу, хранящемуся в АТБ. Впервые напечатано почти полностью (без последней заключительной фразы, по-французски и в переводе) П. И. Бирюковым в Б, I, 1906, стр. 195—200. Впервые полностью (только в переводе) напечатано П. А. Сергеенко, в ПТС, I, стр. 22—25. Год определяется почтовыми штемпелями: «18 (Января) 1852» и «Получено 1852 февраля 8 [?]». На конверте рукой Т. А. Ергольской написано: «Тифлис от Москва 1897 Кизляр о М. 1832 Ставрополь о М. 1869»</p>
<p rend="Textpetit_otstup left"><hi>1 </hi>Моздок — город Нальчикского округа, Терской области в 77 в. от Владикавказа.</p>
<p rend="petit left"><hi>2 </hi>Гр. Мар. Ник. Толстая.</p>
<p rend="petit left"><hi>3 </hi>Агафья Михайловна. О ней см. прим. 2 к п. № 23.</p>
<p rend="petit left"><hi>4</hi> Прасковья Исаевна — экономка у Толстых. О ней Толстой пишет в «Воспоминаниях детства» (гл. VIII): «Прасковью Исаевну я довольно верно описал в «Детстве» (под именем Натальи Савишны. Всё, что я о ней писал, было действительно».</p>
<p rend="petit left"><hi>5 </hi>Это было осенью 1841 г.</p>
</comments></div></body>
        </text>
        </TEI>