<?xml version="1.0" encoding="UTF-8"?>
    <!-- <?xml-stylesheet type="text/xsl" target="../resources/MJT/myletter.xsl"?> -->
    <?xml-stylesheet type="css" target="graves.css"?>
    <?xml-model target="http://www.tei-c.org/release/xml/tei/custom/schema/relaxng/tei_all.rng" type="application/xml" schematypens="http://relaxng.org/ns/structure/1.0"?>
    <?xml-model target="http://www.tei-c.org/release/xml/tei/custom/schema/relaxng/tei_all.rng" type="application/xml"
            schematypens="http://purl.oclc.org/dsdl/schematron"?>
    <TEI xmlns="http://www.tei-c.org/ns/1.0">
       <teiHeader>
          <fileDesc>
             <titleStmt>
                <title>Письмо №* 196. Гр. С. Н. Толстому.</title>
             </titleStmt>
             <publicationStmt>
                <publisher>TolstoyLab</publisher>
                <date when="2015-09-14">14 September 2015</date>
             </publicationStmt>
             <sourceDesc>
                <biblStruct>
                   <analytic>
                      <author>Толстой Л.Н.</author>
                   </analytic>
                   <monogr>
                      <title level="m">Полное собрание сочинений. Том 60</title>
                      <imprint>
                         <pubPlace>Москва</pubPlace>
                         <publisher>Государственное издательство "Художественная литература"</publisher>
                         <date when="1949"/>
                      </imprint>
                   </monogr>
                   <series>
                      <title level="s">Л.Н. Толстой. Полное собрание сочинений</title>
                      <biblScope unit="vol">60</biblScope>
                   </series>
                </biblStruct>
             </sourceDesc>
          </fileDesc>
          <encodingDesc>
             <tagsDecl> </tagsDecl>
          </encodingDesc>
          <profileDesc>
             <correspDesc>
                <correspAction type="sending">
                   <persName ref="PersonList.xml#L_N_Tolstoy">Л. Н. Толстой</persName>
                   <placeName ref="PlacesListxml#PLACE">Брюссель.</placeName>
                   <date when="1861-03-17">1861 г. Марта 17</date>            </correspAction>
                <correspAction type="receiving">
                   <persName ref="PersonList.xml#RECEIVER">Гр. С. Н. Толстому</persName>
                </correspAction>
                <correspContext>
                   <ref type="prev"></ref>
                </correspContext>
             </correspDesc>
          </profileDesc>
       </teiHeader>
       <xenoData><number type="in a volume">196</number></xenoData>

              <text xml:id="gr.S.N.Tolstomu_196">
	<body><div>
		<opener index="false">
* 196. Гр. С. Н. Толстому.
1861 г. Марта 17/29. Брюссель.</opener>
<p rend="right">29 Марта.</p>
<p rend="left">Пришли мне пожалуйста как можно скорее дагеротипный портрет Николиньки в Брюссель на имя:</p>
<p rend="left">Bruxelles. Monsieur Geefs (sculpteur) Searbeck.<hi>1</hi></p>
<p rend="left">Я заказал здесь бюст Николиньки, и ему нужен портрет для работы. — Портрет, разумеется, он возвратит в целости. —</p>
<p rend="left">Я здоров, веду скромную жизнь, занимаюсь, целую ручки тетинек и тебе. Прощай.</p>
<p rend="right">Л. Толстой.</p>
<comments><p rend="Textpetit_otstup left">Год определяется содержанием: в марте 1861 г. скульптору Гифсу в Брюсселе Толстой заказал бюст покойного брата Н. Н. <hi style="opdelimiter">Толстого.</hi><hi style="opnumber">375</hi></p>
<p rend="Textpetit_otstup left"><hi style="npnumber">376</hi><hi style="npdelimiter"><hi>1</hi> [Брюссель</hi>. Господину Гифсу (скульптору). Сербек.] Виллем Гифс (1806—1883) — бельгийский скульптор.</p>
<p rend="Textpetit_otstup left">С лица Н. Н. Толстого после его смерти была снята гипсовая маска, и, пользуясь ею, Толстой хотел заказать бюст покойного брата. Первоначально Толстой обратился за помощью к Б. Н. Чичерину, на что последний ответил письмом из Парижа от 4 марта 1861 г.: «Любезный друг, я справлялся насчет бюста у своего приятеля, живописца Perin. Он мне советует отнюдь не брать этого на себя, потому что тут необходимо руководство кого-либо из членов семейства, который бы хорошо знал форму головы и с любовью входил бы во все подробности. Маска дает только переднюю часть лица, но для бюста этого недостаточно. Стало быть, тебе необходимо велеть это сделать при себе» (ПТТ, стр. 283—284).</p>
<p rend="petit left">Не получив ответа, Б. Н. Чичерин 9 марта снова писал Толстому (там же, стр. 284—285).</p>
<p rend="petit left">Наблюдение за работой было поручено кн. М. А. Дондукову-Корсакову.</p>
<p rend="petit left">Гифсом были выполнены два бюста Н. Н. Толстого, один в мраморе (высота 46 см.), другой в гипсе (высота 23 см.), о чем скульптор извещал М. А. Дондукова-Корсакова письмом от 12/24 августа 1861 г. Оба бюста находятся в яснополянском доме Толстого.</p>
</comments></div></body>
        </text>
        </TEI>