<?xml version="1.0" encoding="UTF-8"?>
    <!-- <?xml-stylesheet type="text/xsl" target="../resources/MJT/myletter.xsl"?> -->
    <?xml-stylesheet type="css" target="graves.css"?>
    <?xml-model target="http://www.tei-c.org/release/xml/tei/custom/schema/relaxng/tei_all.rng" type="application/xml" schematypens="http://relaxng.org/ns/structure/1.0"?>
    <?xml-model target="http://www.tei-c.org/release/xml/tei/custom/schema/relaxng/tei_all.rng" type="application/xml"
            schematypens="http://purl.oclc.org/dsdl/schematron"?>
    <TEI xmlns="http://www.tei-c.org/ns/1.0">
       <teiHeader>
          <fileDesc>
             <titleStmt>
                <title>Письмо №* 409. Н. Н. Страхову.</title>
             </titleStmt>
             <publicationStmt>
                <publisher>TolstoyLab</publisher>
                <date when="2015-09-14">14 September 2015</date>
             </publicationStmt>
             <sourceDesc>
                <biblStruct>
                   <analytic>
                      <author>Толстой Л.Н.</author>
                   </analytic>
                   <monogr>
                      <title level="m">Полное собрание сочинений. Том 61</title>
                      <imprint>
                         <pubPlace>Москва</pubPlace>
                         <publisher>Государственное издательство "Художественная литература"</publisher>
                         <date when="1953"/>
                      </imprint>
                   </monogr>
                   <series>
                      <title level="s">Л.Н. Толстой. Полное собрание сочинений</title>
                      <biblScope unit="vol">61</biblScope>
                   </series>
                </biblStruct>
             </sourceDesc>
          </fileDesc>
          <encodingDesc>
             <tagsDecl> </tagsDecl>
          </encodingDesc>
          <profileDesc>
             <correspDesc>
                <correspAction type="sending">
                   <persName ref="PersonList.xml#L_N_Tolstoy">Л. Н. Толстой</persName>
                   <placeName ref="PlacesListxml#PLACE">Я. П.</placeName>
                   <date when="1872-10-15">1872 г. Октября 15?</date>            </correspAction>
                <correspAction type="receiving">
                   <persName ref="PersonList.xml#RECEIVER">Н. Н. Страхову</persName>
                </correspAction>
                <correspContext>
                   <ref type="prev"></ref>
                </correspContext>
             </correspDesc>
          </profileDesc>
       </teiHeader>
       <xenoData><number type="in a volume">409</number></xenoData>

              <text xml:id="H__N__Straxovu_409">
	<body><div>
		<opener index="false">
* 409. Н. Н. Страхову.
1872 г. Октября 15? Я. П.</opener>
<p rend="left">Всегда пишу к вам с робостью, когда долго не получаю от вас писем — мне всё кажется: теперь уж так это всё надоело Николай Николаичу, что он уж бросил всё.</p>
<p rend="left">Но верно — нет. В дробях надо прибавить в приведении к одному знаменателю следующее. Если надо привести к одному знаменателю много дробей, — уравнять много чисел, то надо равнять сначала два самые большие числа, а потом с ними уравнивать малые. Уравнять 40, 30, 12, 9, 15, 4, 8.</p>
<p rend="left"><figure><graphic url="./img/b00004652.png"/></figure></p>
<p rend="left">К делению на десятичные дроби надо <hi style="opdelimiter">прибавить:</hi><hi style="opnumber">326</hi></p>
<p rend="left"><hi style="npnumber">327</hi><hi style="npdelimiter">Когда</hi> приходится вычитать 0,35 из 2единиц, надо 2 единицы написать 2,00 (двести </p>
<p rend="notindent"><hi><hi>Пример умножения надо</hi></hi></p>
<p rend="notindent"><hi><hi>напечатать в графах</hi></hi></p>
<p rend="left floatl"><figure><graphic url="./img/b00004656.png"/></figure></p>
<p rend="notindent">сотых), точно так же, когда приходится делить 2 единицы на 0,35, надо 2 единицы написать 2,00 (двести сотых) и делить на сотые.</p>
<p rend="left">Разделить 1,0 на 0,05. 1,00 : 0,05 100 сотых разделить на 5 будет 20 сотых.</p>
<p rend="left"><hi>В сто раз больше будет 20 единиц</hi>.</p>
<p rend="left">К умножению и делению десятичных дробей надо пример умножения и деления заменить следующим и написать его так:<note xml:id="note1" resp="volume_editor" index="false"> См. таблицу.</note> (Кроме того прибавить:</p>
<p rend="left">Множатся десятичные дроби как простые числа, и точно так же можно начинать умножение с самого большого или с самого мелкого разряда. Чтобы скорее делать умножен[ие] дробей, надо подписывать единицы под единицами, десятые под десятыми и начинать с самого мелкого разряда.)</p>
<p rend="left floatn">Пример деления нельзя писать в графах, но надо как-нибудь соответственно каждому делению напечатать объяснение.</p>
<p rend="left"><figure><graphic url="./img/b00004663.png"/></figure></p>
<p rend="left">6 раз 4 тысячные было бы 24 тысячных, 6 сотых в 100 раз меньше 24 стотысячных.<note xml:id="note2" resp="volume_editor" index="false"> Все примеры, кроме этого, вошли в «Азбуку» (см. кн. IV, стр. 182, 183, 184 и 203).</note></p>
<p rend="left">Мне ужасно страшно всё это писать и вас об этом просить. Что, если вы считаете всю мою арифметику вздором? Тогда каково вам заниматься этим? — Тем более, что вы <hi>судья в этом </hi>деле. Насчет цены книг я согласен с вашим мнением и отступаюсь от своего. А об объявленьях жду вашего ответа, и о деньгах. Пожалуйста, напишите приблизительный <hi style="opdelimiter">счет.</hi><hi style="opnumber">327</hi></p>
<p rend="left"><note xml:id="note3" resp="volume_editor" index="false"><hi style="npnumber">328</hi><hi style="npdelimiter">Я</hi> боюсь, что ошибся и в некоторых местах, объясняя деление десятичных дробей, употребил выражение, кот[орое] употреблял, объясняя деление целых чисел: <hi>разделить на 5 или сколько-нибудь частей.</hi> <hi>Слово</hi>: частей <hi>подчеркнуто дважды.</hi></note> Если это есть где-нибудь, то уничтожьте, пожалуйста. Во всех этих случаях надо просто: разделить на 5 или какое другое число. Только в объяснениях деления дроби десятичн[ой] на целое число это можно и должно оставить. —</p>
<comments><p rend="Textpetit_otstup left">Датируется предположительно сопоставлением упоминания о цене «Азбуки» и об объявлении в наст. письме и в письме № 407.</p>
<p rend="Textpetit_otstup left"><hi>1</hi> См. таблицу.</p>
<p rend="petit left"><hi>2</hi> Все примеры, кроме этого, вошли в «Азбуку» (см. кн. IV, стр. 182, 183, 184 и 203).</p>
<p rend="petit left"><hi>3</hi> <hi>Слово</hi>: частей <hi>подчеркнуто дважды.</hi></p>
</comments></div></body>
        </text>
        </TEI>