<?xml version="1.0" encoding="UTF-8"?>
    <!-- <?xml-stylesheet type="text/xsl" target="../resources/MJT/myletter.xsl"?> -->
    <?xml-stylesheet type="css" target="graves.css"?>
    <?xml-model target="http://www.tei-c.org/release/xml/tei/custom/schema/relaxng/tei_all.rng" type="application/xml" schematypens="http://relaxng.org/ns/structure/1.0"?>
    <?xml-model target="http://www.tei-c.org/release/xml/tei/custom/schema/relaxng/tei_all.rng" type="application/xml"
            schematypens="http://purl.oclc.org/dsdl/schematron"?>
    <TEI xmlns="http://www.tei-c.org/ns/1.0">
       <teiHeader>
          <fileDesc>
             <titleStmt>
                <title>Письмо №* 66. Т. А. Ергольской.</title>
             </titleStmt>
             <publicationStmt>
                <publisher>TolstoyLab</publisher>
                <date when="2015-09-14">14 September 2015</date>
             </publicationStmt>
             <sourceDesc>
                <biblStruct>
                   <analytic>
                      <author>Толстой Л.Н.</author>
                   </analytic>
                   <monogr>
                      <title level="m">Полное собрание сочинений. Том 60</title>
                      <imprint>
                         <pubPlace>Москва</pubPlace>
                         <publisher>Государственное издательство "Художественная литература"</publisher>
                         <date when="1949"/>
                      </imprint>
                   </monogr>
                   <series>
                      <title level="s">Л.Н. Толстой. Полное собрание сочинений</title>
                      <biblScope unit="vol">60</biblScope>
                   </series>
                </biblStruct>
             </sourceDesc>
          </fileDesc>
          <encodingDesc>
             <tagsDecl> </tagsDecl>
          </encodingDesc>
          <profileDesc>
             <correspDesc>
                <correspAction type="sending">
                   <persName ref="PersonList.xml#L_N_Tolstoy">Л. Н. Толстой</persName>
                   <placeName ref="PlacesListxml#PLACE">Женева.</placeName>
                   <date when="1857-03-30">1857 г. Марта 30</date>            </correspAction>
                <correspAction type="receiving">
                   <persName ref="PersonList.xml#RECEIVER">Т. А. Ергольской</persName>
                </correspAction>
                <correspContext>
                   <ref type="prev"></ref>
                </correspContext>
             </correspDesc>
          </profileDesc>
       </teiHeader>
       <xenoData><number type="in a volume">66</number></xenoData>

              <text xml:id="T.A.Ergolskoj_66">
	<body><div>
		<opener index="false">
* 66. Т. А. Ергольской.
1857 г. Марта 30/апреля 11. Женева.
</opener><p rend="right">11 апреля. Genève.</p>

<p rend="Obrashenie left">Chère tante!</p>
<p rend="left">Si Serge ne m’avait pas donné de vos nouvelles<note xml:id="note1" resp="volume_editor" index="false"> Письмо С. Н. Толстого неизвестно.</note> j’aurais été très inquiet de votre silence. Depuis mon départ jr vous eu écrir deux lettres — l’une en voyage et l’autre de Paris<note xml:id="note2" resp="volume_editor" index="false"> Письмо Толстого «с дороги» не сохранилось, второе же письмо — из Парижа от 10/22 февраля 1857 г. см. № 60.</note> et je n’ai pas reçu une seule de vous; je crains que les miennes ne vous sont pas parvenues. Ce serait bien fâcheux, car je suis sûr que cela vous donnerait des inquiétudes et des doutes sur moi. J’ai passé un mois et demi à Paris et si agréablement que tous les jours je me suis dit, que j’ai bien fait de venir à l’étranger. Je suis très peu allé ni dans le monde — la société ni dans le monde littéraire ni <hi style="opdelimiter">dans</hi><hi style="opnumber">173</hi> <hi style="npnumber">174</hi><hi style="npdelimiter">le</hi> monde des cafés et des bals publiques; mais malgré cela j’ai trouvé ici tant de choses nouvelles et intéressantes pour moi, que tous les jours en me couchant je me disais: quel dom[m]age que la journée à passé si vite. Je n’ai même pas eu le temps de travailler, ce que je me proposais de faire. Figurez vous, que j’ai trouve à Paris une quantité de parents — les Troubetzkoï<note xml:id="note3" resp="volume_editor" index="false"> Семья Трубецкого состояла из кн. Николая Ивановича Трубецкого (1807—1874), его жены Анны Андреевны, рожд. гр. Гудович, и единственной дочери Екатерины Николаевны (1840—1885). Подробнее см. т. 47, стр. 417, прим. 1505.</note> cousin de maman<note xml:id="note4" resp="volume_editor" index="false"> Гр. Мария Николаевна Толстая, рожд. Волконская (1790—1830) — мать Толстого.</note>, les dames Mansouroff<note xml:id="note5" resp="volume_editor" index="false"> Анастасия и Софья Павловны Мансуровы, родственницы Трубецких.</note> et Mescherskoï,<note xml:id="note6" resp="volume_editor" index="false"> Николай Иванович Мещерский (1798—1858) — гвардии полковник, был женат на кж. Александре Ивановне Трубецкой. См. т. 47, стр. 508. прим. 2287.</note> aussi cousines à maman, puis les Chlustines<note xml:id="note7" resp="volume_editor" index="false"> Вера Ивановна Хлюстина (1783—1879) — сестра гр. Федора Ивановича Толстого («американца»), двоюродная тетка Льва Николаевича, и ее старшая дочь, Анастасия Семеновна (1814—1863), бывшая замужем за французским писателем и общественным деятелем гр. Сиркуром. См. т. 47, стр. 419, прим. 1516.</note>, et toutes ces familles ont des demoiselles qui ce sont trouvé mes cousines. Mais j’ai été si occupé que quoique plusieurs de ces cousines sont charmantes, je suis très peu allé les voir. Le pauvre Tourguéneff est très malade physiquement et encore plus moralement malade. Sa malheureuse liaison avec madame V[iardo]<note xml:id="note8" resp="volume_editor" index="false"> Полина Виардо Гарсиа (1821—1910) — знаменитая певица, бывшая замужем за французским литератором Луи Виардо. В 1843—1844 гг. гастролировала в Петербурге, где с нею и познакомился Тургенев; с тех пор их связывала многолетняя дружба. См. т. 47, стр. 421, прим. 1527.</note> et sa fille<note xml:id="note9" resp="volume_editor" index="false"> У Тургенева была дочь Пелагея (р. 1842 г.), от московской мещанки Авдотьи Ермолаевны Ивановой, воспитывавшаяся с семилетнего возраста в семье Виардо, вышедшая замуж за Гастона Брюэра.</note> le retiennent ici, dans un climat, qui lui est pernicieux et il fait pitié à voir. Je n’aurais jamais cru qu’il put aimer ainsi. — Cependant malgré le plaisir que j’ai trouvé dans la vie de Paris, j’ai commencé y ressentir, sans aucune raison, une tristesse inexplicable, et quoique j’ai été décidé de quitter Paris au mois de Mai, je me suis décidé d’aller en Suisse à Genève pour quelques temps. Je suis ici depuis trois jours mais ce beau pays et cette vie charmante aux environs de Genève dans la campagne m’ont tellement plu[s], que je crois rester ici pour assez longtemps. Je ne connais ici personne excepté les Tolstoï<note xml:id="note10" resp="volume_editor" index="false"> Александра Андреевна и Елизавета Андреевна Толстые.</note> et Stroganoff<hi>11 </hi>le mari de la Grande Duchesse,<note xml:id="note11" resp="volume_editor" index="false"> Мария Николаевна (1819—1876) — дочь Николая I, в первом браке за герцогом Максимилианом Лейхтенбергским, вторым — за гр. Г. А. Строгановым.</note> mais je tâcherais d’aller le plus rarement possible chez eux et de ne pas faire de nouvelles conaissances. Je me trouve ici très bien tranquille au milieu d’une nature admirable, et presque dans la solitude. Je compte travailler beaucoup ici et je ne fais pas en attendant d’autre plan pour mon voyage. Tout ce que je sais, c’est que pour l’automne je reviendrais à Ясное où j’aurais le bonheur de vous embrasser. Наташу обнимаю. Que font les voisines? Ont elles pardonné le grand coupable? Adieu, chère tante, je vous baise les mians. Je suis décidé de vous écrire dès à présent tous les 15 jours et je suis tout honteux de ne pas l’avoir fait jusqu’à présent. Скажите, тетинька, пожалуйста Василью, чтобы он непременно писал мне каждый месяц и написал бы подробно, сколько в Ясной и Грецовке душ, крестьянских и дворовых, сколько тягол, сколько земли пахотной крестьянской, пахотной господской, сколько лугов, сколько под усадьбой, сколько всей земли? Это мне нужно для соображения. Адрес мой так: Suisse, Genève. Comte Léon Tolstoï, Hôtel Bergués<note xml:id="note12" resp="volume_editor" index="false"> [Швейцария, Женева. Графу Льву Толстому, гостиница Бергюе.]</note>.</p>
<p rend="left emptyline"><hi style="opnumber">174</hi> <hi style="npnumber">175</hi></p>
<lb/>
<p rend="left"><hi>На конверте:</hi></p>
<p rend="left"><hi>Russie</hi> Toula, par <hi>St. Pétersbourg14.</hi> Ее Высокоблагородию Татьяне Александровне <hi>Ергольской</hi>. В Тулу. Сельцо Ясные Поляны.</p>
<p rend="petit right">11 апреля. Женева.</p>
<p rend="Obrashenie petit left">Дорогая тетенька!</p>
<p rend="petit left">Ежели бы Сережа мне не написал о вас,<note xml:id="note13" resp="volume_editor" index="false"> Письмо С. Н. Толстого неизвестно.</note> я бы очень беспокоился. С моего отъезда я написал вам два раза — с дороги и из Парижа,<note xml:id="note14" resp="volume_editor" index="false"> Письмо Толстого «с дороги» не сохранилось, второе же письмо — из Парижа от 10/22 февраля 1857 г. см. № 60.</note> а от вас не получил ни одного письма; боюсь, что и мои до вас не дошли. Это было бы очень досадно, так как, я уверен, это вызовет в вас беспокойство и сомнения на мой счет. Я так приятно провел в Париже полтора месяца, что каждый день говорил себе, как я был прав, что поехал за границу. Я мало бывал в свете — обществе и в литературном мире, редко посещал кафе и публичные балы, но, несмотря на это, я видел здесь столько новых и интересных для меня вещей, что каждый вечер, ложась спать, я говорил себе: как жаль, что день прошел так скоро. Я собирался заниматься, но не имел времени. Представьте себе, в Париже у меня оказалось много родни — Трубецкие,<note xml:id="note15" resp="volume_editor" index="false"> Семья Трубецкого состояла из кн. Николая Ивановича Трубецкого (1807—1874), его жены Анны Андреевны, рожд. гр. Гудович, и единственной дочери Екатерины Николаевны (1840—1885). Подробнее см. т. 47, стр. 417, прим. 1505.</note> двоюродные братья мама,<note xml:id="note16" resp="volume_editor" index="false"> Гр. Мария Николаевна Толстая, рожд. Волконская (1790—1830) — мать Толстого.</note> г-жи Мансуровы<note xml:id="note17" resp="volume_editor" index="false"> Анастасия и Софья Павловны Мансуровы, родственницы Трубецких.</note> и Мещерские,<note xml:id="note18" resp="volume_editor" index="false"> Николай Иванович Мещерский (1798—1858) — гвардии полковник, был женат на кж. Александре Ивановне Трубецкой. См. т. 47, стр. 508. прим. 2287.</note> тоже двоюродные сестры мама, и затем Хлюстины,<note xml:id="note19" resp="volume_editor" index="false"> Вера Ивановна Хлюстина (1783—1879) — сестра гр. Федора Ивановича Толстого («американца»), двоюродная тетка Льва Николаевича, и ее старшая дочь, Анастасия Семеновна (1814—1863), бывшая замужем за французским писателем и общественным деятелем гр. Сиркуром. См. т. 47, стр. 419, прим. 1516.</note> и во всех этих семьях есть барышни, которые оказались моими кузинами. Хотя некоторые из них прелестны, но я был так занят, что редко у них бывал. Бедный Тургенев очень болен и физически и еще серьезнее морально. Несчастная его связь с госпожей В[иардо]<note xml:id="note20" resp="volume_editor" index="false"> Полина Виардо Гарсиа (1821—1910) — знаменитая певица, бывшая замужем за французским литератором Луи Виардо. В 1843—1844 гг. гастролировала в Петербурге, где с нею и познакомился Тургенев; с тех пор их связывала многолетняя дружба. См. т. 47, стр. 421, прим. 1527.</note> и его дочь<note xml:id="note21" resp="volume_editor" index="false"> У Тургенева была дочь Пелагея (р. 1842 г.), от московской мещанки Авдотьи Ермолаевны Ивановой, воспитывавшаяся с семилетнего возраста в семье Виардо, вышедшая замуж за Гастона Брюэра.</note> задерживают его в Париже. Климат здешний ему вреден, и он жалок ужасно. Никогда не думал, что он способен так сильно любить. Однако, невзирая на все удовольствия парижской жизни, на меня вдруг и без всякой причины напала необъяснимая тоска и, хотя я думал выехать из Парижа в мае, я решил теперь съездить на короткое время в Швейцарию, в Женеву. Я здесь три дня, но красота этого края и прелесть жизни в деревне, в окрестностях Женевы, так меня захватили, что я думаю пробыть здесь дольше. Знакомых тут у меня нет, кроме Толстых<note xml:id="note22" resp="volume_editor" index="false"> Александра Андреевна и Елизавета Андреевна Толстые.</note> и Строганова,<note xml:id="note23" resp="volume_editor" index="false"> Гр. Григорий Александрович Строганов (1824—1878).</note> мужа великой княгини,<note xml:id="note24" resp="volume_editor" index="false"> Мария Николаевна (1819—1876) — дочь Николая I, в первом браке за герцогом Максимилианом Лейхтенбергским, вторым — за гр. Г. А. Строгановым.</note> но я постараюсь бывать у них как можно реже и новых знакомств не заводить. Мне здесь очень хорошо, спокойно среди прекрасной природы и почти в одиночестве. Намереваюсь мпого работать и пока не делаю планов для дальнейшего путешествия. Знаю только, что осенью вернусь в Ясное и буду иметь счастье вас расцеловать. Наташу обнимаю. Как поживают соседки? Простили ли они великого преступника? Прощайте, дорогая тетенька, целую ваши руки. Я решил писать вам каждые две недели и стыжусь, что до сих пор этого не исполнял. [<hi>Далее см. русский текст письма.</hi>] Швейцария, Женева. Графу Льву Толстому, гостиница Берг.</p>
<comments><p rend="Textpetit_otstup left">Впервые напечатано полностью (только в переводе, с неверной датой «4 апреля») в Бир. XXI, стр. 149—150. Год определяется почтовым штемпелем «Genève, 12 avril, 57» [«Женева, 12 апреля, 57»]. На конверте рукой Т. А. Ергольской помечено: «2-е lettre r[eçu de] Genève» [«второе письмо — получено из <hi style="opdelimiter">Женевы»].</hi><hi style="opnumber">175</hi></p>
<p rend="Textpetit_otstup left"><hi>1</hi> Письмо С. Н. Толстого неизвестно.</p>
<p rend="petit left"><hi>2</hi> Письмо Толстого «с дороги» не сохранилось, второе же письмо — из Парижа от 10/22 февраля 1857 г. см. № 60.</p>
<p rend="petit left"><hi>3</hi> Семья Трубецкого состояла из кн. Николая Ивановича Трубецкого (1807—1874), его жены Анны Андреевны, рожд. гр. Гудович, и единственной дочери Екатерины Николаевны (1840—1885). Подробнее см. т. 47, стр. 417, прим. 1505.</p>
<p rend="petit left"><hi>4</hi> Гр. Мария Николаевна Толстая, рожд. Волконская (1790—1830) — мать Толстого.</p>
<p rend="petit left"><hi>5</hi> Анастасия и Софья Павловны Мансуровы, родственницы Трубецких.</p>
<p rend="petit left"><hi>6</hi> Николай Иванович Мещерский (1798—1858) — гвардии полковник, был женат на кж. Александре Ивановне Трубецкой. См. т. 47, стр. 508. прим. 2287.</p>
<p rend="petit left"><hi>7</hi> Вера Ивановна Хлюстина (1783—1879) — сестра гр. Федора Ивановича Толстого («американца»), двоюродная тетка Льва Николаевича, и ее старшая дочь, Анастасия Семеновна (1814—1863), бывшая замужем за французским писателем и общественным деятелем гр. Сиркуром. См. т. 47, стр. 419, прим. 1516.</p>
<p rend="petit left"><hi>8</hi> Полина Виардо Гарсиа (1821—1910) — знаменитая певица, бывшая замужем за французским литератором Луи Виардо. В 1843—1844 гг. гастролировала в Петербурге, где с нею и познакомился Тургенев; с тех пор их связывала многолетняя дружба. См. т. 47, стр. 421, прим. 1527.</p>
<p rend="petit left"><hi>9</hi> У Тургенева была дочь Пелагея (р. 1842 г.), от московской мещанки Авдотьи Ермолаевны Ивановой, воспитывавшаяся с семилетнего возраста в семье Виардо, вышедшая замуж за Гастона Брюэра.</p>
<p rend="petit left"><hi>10</hi> Александра Андреевна и Елизавета Андреевна Толстые.</p>
<p rend="petit left"><hi>11</hi> Гр. Григорий Александрович Строганов (1824—1878).</p>
<p rend="petit left"><hi>12</hi> Мария Николаевна (1819—1876) — дочь Николая I, в первом браке за герцогом Максимилианом Лейхтенбергским, вторым — за гр. Г. А. Строгановым.</p>
<p rend="petit left"><hi>13</hi> [Швейцария, Женева. Графу Льву Толстому, гостиница Бергюе.]</p>
<p rend="petit left"><hi>14</hi> [Россия, Тула, через Петербург.]</p>
</comments></div></body>
        </text>
        </TEI>