<?xml version="1.0" encoding="UTF-8"?>
    <!-- <?xml-stylesheet type="text/xsl" target="../resources/MJT/myletter.xsl"?> -->
    <?xml-stylesheet type="css" target="graves.css"?>
    <?xml-model target="http://www.tei-c.org/release/xml/tei/custom/schema/relaxng/tei_all.rng" type="application/xml" schematypens="http://relaxng.org/ns/structure/1.0"?>
    <?xml-model target="http://www.tei-c.org/release/xml/tei/custom/schema/relaxng/tei_all.rng" type="application/xml"
            schematypens="http://purl.oclc.org/dsdl/schematron"?>
    <TEI xmlns="http://www.tei-c.org/ns/1.0">
       <teiHeader>
          <fileDesc>
             <titleStmt>
                <title>Письмо №233. Гр. А. А. Толстой.</title>
             </titleStmt>
             <publicationStmt>
                <publisher>TolstoyLab</publisher>
                <date when="2015-09-14">14 September 2015</date>
             </publicationStmt>
             <sourceDesc>
                <biblStruct>
                   <analytic>
                      <author>Толстой Л.Н.</author>
                   </analytic>
                   <monogr>
                      <title level="m">Полное собрание сочинений. Том 60</title>
                      <imprint>
                         <pubPlace>Москва</pubPlace>
                         <publisher>Государственное издательство "Художественная литература"</publisher>
                         <date when="1949"/>
                      </imprint>
                   </monogr>
                   <series>
                      <title level="s">Л.Н. Толстой. Полное собрание сочинений</title>
                      <biblScope unit="vol">60</biblScope>
                   </series>
                </biblStruct>
				<bibl>Впервые опубликовано в ПТ, № 39, стр. 159.</bibl>
             </sourceDesc>
          </fileDesc>
          <encodingDesc>
             <tagsDecl> </tagsDecl>
          </encodingDesc>
          <profileDesc>
             <correspDesc>
                <correspAction type="sending">
                   <persName ref="PersonList.xml#L_N_Tolstoy">Л. Н. Толстой</persName>
                   <placeName ref="PlacesListxml#PLACE">Москва.</placeName>
                   <date when="1862-02-10">1862 г. Февраля 10.</date>            </correspAction>
                <correspAction type="receiving">
                   <persName ref="PersonList.xml#RECEIVER">Гр. А. А. Толстой</persName>
                </correspAction>
                <correspContext>
                   <ref type="prev"></ref>
                </correspContext>
             </correspDesc>
          </profileDesc>
       </teiHeader>
       <xenoData><number type="in a volume">233</number></xenoData>

              <text xml:id="gr.A.A.Tolstoj_233">
	<body><div>
		<opener index="false">
233. Гр. А. А. Толстой.
1862 г. Февраля 10. Москва.</opener>
<p rend="left">Здравствуйте, дорогой друг. Я всё жив и всё люблю вас. Я давно не писал вам вот отчего: я провел дурное, тяжелое лето. Я кашлял и думал — был уверен, — что скоро умру. Я доживал, но не жил. В октябре я был в Москве и ожил, принялся за работу, неестественно усиленную, и до нового года находился в этом состоянии. На днях вышел 1-й № моего журнала, я сделал дурной поступок<note xml:id="note1" resp="volume_editor" index="false"> Подразумевается проигрыш Толстого в карты.</note> и почти влюбился — всё это вместе заставило меня опомниться и привело в почти нормальное состояние. И я пишу к вам, и хочется вас слышать, видеть и думать. Я был на волоске уехать в Петербург, но не удалось, и нынче еду назад в деревню. Дела у меня пропасть и по посредничеству, и по школе, и по журналу, и по роману, который я обещал напечатать в нынешнем году в Русском Вестнике. — Мне помешали; я еще напишу вам из деревни. Попробуйте прочесть «Ясную Поляну» и скажите ваше мнение.</p>
<p rend="left">Целую ваши руки, Лиз[аветы] Анд[реевны]<note xml:id="note2" resp="volume_editor" index="false"> Е. А. Толстая.</note> и всем, кого вы любите.</p>
<p rend="right">Л. Толстой.</p>
<p rend="left">10 Февраля.</p>
<comments><p rend="Textpetit_otstup left">Впервые опубликовано в ПТ, № 39, стр. 159.</p>
<p rend="Textpetit_otstup left"><hi>1</hi> Подразумевается проигрыш Толстого в карты.</p>
<p rend="petit left"><hi>2</hi> Е. А. Толстая.</p>
<p rend="emptyline left"><hi style="opnumber">418</hi> <hi style="npnumber">419</hi></p>
</comments></div></body>
        </text>
        </TEI>