<?xml version="1.0" encoding="UTF-8"?>
    <!-- <?xml-stylesheet type="text/xsl" target="../resources/MJT/myletter.xsl"?> -->
    <?xml-stylesheet type="css" target="graves.css"?>
    <?xml-model target="http://www.tei-c.org/release/xml/tei/custom/schema/relaxng/tei_all.rng" type="application/xml" schematypens="http://relaxng.org/ns/structure/1.0"?>
    <?xml-model target="http://www.tei-c.org/release/xml/tei/custom/schema/relaxng/tei_all.rng" type="application/xml"
            schematypens="http://purl.oclc.org/dsdl/schematron"?>
    <TEI xmlns="http://www.tei-c.org/ns/1.0">
       <teiHeader>
          <fileDesc>
             <titleStmt>
                <title>Письмо №* 21. Т. А. Ергольской.</title>
             </titleStmt>
             <publicationStmt>
                <publisher>TolstoyLab</publisher>
                <date when="2015-09-14">14 September 2015</date>
             </publicationStmt>
             <sourceDesc>
                <biblStruct>
                   <analytic>
                      <author>Толстой Л.Н.</author>
                   </analytic>
                   <monogr>
                      <title level="m">Полное собрание сочинений. Том 59</title>
                      <imprint>
                         <pubPlace>Москва</pubPlace>
                         <publisher>Государственное издательство "Художественная литература"</publisher>
                         <date when="1935"/>
                      </imprint>
                   </monogr>
                   <series>
                      <title level="s">Л.Н. Толстой. Полное собрание сочинений</title>
                      <biblScope unit="vol">59</biblScope>
                   </series>
                </biblStruct>
				<bibl>Печатается по автографу, хранящемуся в АТБ. Публикуется впервые. Начало письма не сохранилось. Год письма определяется содержанием: необходимость уплатить долг задерживает Толстого в Петербурге. См. п. № 19.</bibl>
             </sourceDesc>
          </fileDesc>
          <encodingDesc>
             <tagsDecl> </tagsDecl>
          </encodingDesc>
          <profileDesc>
             <correspDesc>
                <correspAction type="sending">
                   <persName ref="PersonList.xml#L_N_Tolstoy">Л. Н. Толстой</persName>
                   <placeName ref="PlacesListxml#PLACE">Петербург.</placeName>
                   <date from="1849-05-20" to="1849-05-26">1849 г. Мая 20 — 26</date>            </correspAction>
                <correspAction type="receiving">
                   <persName ref="PersonList.xml#RECEIVER">Т. А. Ергольской</persName>
                </correspAction>
                <correspContext>
                   <ref type="prev"></ref>
                </correspContext>
             </correspDesc>
          </profileDesc>
       </teiHeader>
       <xenoData><number type="in a volume">21</number></xenoData>

              <text xml:id="T.A.Ergolskoj_21">
	<body><div>
		<opener index="false">
* 21. Т. А. Ергольской.
1849 г. Мая 20—26. Петербург.
</opener><p rend="left">Cette lettre est du 20 Mai comme vous voyez elle est depuis 6 jours sur ma table et je ne puis me décider à vous l’envoyer, attendant toujours une lettre de vous je vous assure que c’est cruel de votre part. André m’écrit<note xml:id="note1" resp="volume_editor" index="false">Это письмо не сохранилось.</note> que vous avez l’air chagriné. Pardon, chère tante, простите меня, душечька, je suis un misérable, un vilain de vous faire souffrir pour moi; je sais que c’est moi, qui suis la cause de votre chagrin[e], et dès à présent je me décide à retourner le plus tôt possible auprès de vous pour ne plus vous quitter, que parfois pour quelques semaines.<note xml:id="note2" resp="volume_editor" index="false">День отъезда Толстого из Петербурга в Ясную поляну неизвестен.</note> Je vous[ai] écrit que je veux entrer au ministère de[s] Affaires Etrangères; mais j’y renonce, запишусь чего нибудь, въ Тулѣ буду готовиться къ экзамену и всю зиму пробуду въ Ясной, чтобы экономить.</p>
<p rend="left">Долги мои неуплатимые, но Богъ дастъ это въ послѣдній разъ. — Теперь дѣло въ томъ, что я не могу выѣхать, не потому что меня задерживают, но потому, что я обѣщался заплатить до отъѣзда и на дорогу нужно 100 р. с. Всего мнѣ нужно теперь 400 р. с. — Прощайте, цѣлую ваши ручки и скоро надѣюсь васъ видѣть. —</p>
<p rend="left">Ne montrez à personne cette lettre, encore une fois, et ne parlez pas de mon arrivée prochaine;<note xml:id="note3" resp="volume_editor" index="false">Это письмо не сохранилось.</note> je voudrai[s] tomber à l’improviste. Dites à Serge que je l’embrasse et je le remercie pour la peine qu’il se donne. —</p>
<comments><p rend="Textpetit_otstup left">Это письмо, как вы видите, от 20 мая; оно лежит 6 дней на моем столе и я всё не решаюсь его отправить, ожидая письма от вас. Право, это жестокость с вашей стороны. Андрей пишет,<note xml:id="note4" resp="volume_editor" index="false">Это письмо не сохранилось.</note> что вы выглядите грустной. Простите, дорогая тетенька, *простите меня, душечька,* я презренный, <hi style="opdelimiter">я</hi><hi style="opnumber">50</hi> <hi style="npnumber">51</hi><hi style="npdelimiter">дурной,</hi> причиняя вам страданья; знаю, что причина вашего горя — я, и решаюсь вернуться к вам, как можно скорее и не расставаться больше с вами, разве изредка, на несколько недель.<note xml:id="note5" resp="volume_editor" index="false">День отъезда Толстого из Петербурга в Ясную поляну неизвестен.</note> Я писал вам, что хочу поступить в Министерство иностранных дел; бросаю это намерение, * запишусь чего нибудь, въ Тулѣ буду готовиться къ экзамену и всю зиму пробуду въ Ясной, чтобы экономить.</p>
<p rend="petit left">Долги мои неуплатимые, но Богъ дастъ это въ послѣдній разъ. — Теперь дѣло въ томъ, что я не могу выѣхать, не потому что меня задерживаютъ, но потому, что я обѣщался заплатить до отъѣзда и на дорогу нужно 100 р. с. Всего мнѣ нужно теперь 400 р. с. — Прощайте, цѣлую ваши ручки и скоро надѣюсь васъ видѣть. — *</p>
<p rend="petit left">Никому не показывайте этого письма, еще раз, и не рассказывайте о моем близком приезде. Я хочу явиться неожиданно. Скажите Сереже, что я его целую и благодарю за его труды. —</p>
<p rend="Textpetit_otstup left">Печатается по автографу, хранящемуся в АТБ. Публикуется впервые. Начало письма не сохранилось. Год письма определяется содержанием: необходимость уплатить долг задерживает Толстого в Петербурге. См. п. № 19.</p>
<p rend="Textpetit_otstup left"><hi>1 </hi>Это письмо не сохранилось.</p>
<p rend="petit left"><hi>2 </hi>День отъезда Толстого из Петербурга в Ясную поляну неизвестен.</p>
</comments></div></body>
        </text>
        </TEI>
