<?xml version="1.0" encoding="UTF-8"?>
    <!-- <?xml-stylesheet type="text/xsl" target="../resources/MJT/myletter.xsl"?> -->
    <?xml-stylesheet type="css" target="graves.css"?>
    <?xml-model target="http://www.tei-c.org/release/xml/tei/custom/schema/relaxng/tei_all.rng" type="application/xml" schematypens="http://relaxng.org/ns/structure/1.0"?>
    <?xml-model target="http://www.tei-c.org/release/xml/tei/custom/schema/relaxng/tei_all.rng" type="application/xml"
            schematypens="http://purl.oclc.org/dsdl/schematron"?>
    <TEI xmlns="http://www.tei-c.org/ns/1.0">
       <teiHeader>
          <fileDesc>
             <titleStmt>
                <title>Письмо №* 25. T. A. Ергольской и Гр. М. Н. Толстой.</title>
             </titleStmt>
             <publicationStmt>
                <publisher>TolstoyLab</publisher>
                <date when="2015-09-14">14 September 2015</date>
             </publicationStmt>
             <sourceDesc>
                <biblStruct>
                   <analytic>
                      <author>Толстой Л.Н.</author>
                   </analytic>
                   <monogr>
                      <title level="m">Полное собрание сочинений. Том 59</title>
                      <imprint>
                         <pubPlace>Москва</pubPlace>
                         <publisher>Государственное издательство "Художественная литература"</publisher>
                         <date when="1935"/>
                      </imprint>
                   </monogr>
                   <series>
                      <title level="s">Л.Н. Толстой. Полное собрание сочинений</title>
                      <biblScope unit="vol">59</biblScope>
                   </series>
                </biblStruct>
				<bibl>Печатается по автографу, хранящемуся в АТБ. Отрывок (русский текст: «Рожай поскорее, милый друг Машенька... ») опубликован Н. Н. Гусевым в его книге «Толстой в молодости». М. 1927, стр. 255.</bibl>
             </sourceDesc>
          </fileDesc>
          <encodingDesc>
             <tagsDecl> </tagsDecl>
          </encodingDesc>
          <profileDesc>
             <correspDesc>
                <correspAction type="sending">
                   <persName ref="PersonList.xml#L_N_Tolstoy">Л. Н. Толстой</persName>
                   <placeName ref="PlacesListxml#PLACE">Тула?</placeName>
                   <date when="1850-01-10">1850 г. Января 10.</date>            </correspAction>
                <correspAction type="receiving">
                   <persName ref="PersonList.xml#RECEIVER">T. A. Ергольской и Гр. М. Н. Толстой</persName>
                </correspAction>
                <correspContext>
                   <ref type="prev"></ref>
                </correspContext>
             </correspDesc>
          </profileDesc>
       </teiHeader>
       <xenoData><number type="in a volume">25</number></xenoData>

              <text xml:id="T.A.Ergolskoj_25">
	<body><div>
		<opener index="false">
* 25. T. A. Ергольской и Гр. М. Н. Толстой.
1850 г. Января 10. Тула?
</opener>
<p rend="Obrashenie left">Chère tante,</p>
<p rend="left">Votre lettre m’a causé une vive émotion, en la décachetant je croyais y trouver la nouvelle de la délivrance de Marie, mais malheureusement il n’en est encore rien et il faut encore attendre. Je vous félicite au sujet du nouvel an que je passe à Toula et un peu plus sagement que l’an 1849.<note xml:id="note1" resp="volume_editor" index="false">23 ноября 1849 г. Толстой поступил на службу в Тульское губернское правление канцелярским служителем Тульского дворянского депутатского собрания с зачислением в 1-й разряд. (Паспорт Л. Н. Толстого, выданный Тульским дворянским депутатским собранием 17 января 1852 г.).</note> — Hier j’ai reçu une lettre de Serge, qui m’annonce, que Pauline<note xml:id="note2" resp="volume_editor" index="false">Прасковья Федоровна Перфильева. О ней см. прим. 4 к п. № 6.</note> a très heureusement accouché d’un garçon qu’on nomme Théodore. Serge m’écrit que le 7 Janvier il compte partir pour P-g pour y passer 2 semaines.</p>
<p rend="left">Pour ce qui concerne l’argent que je vous dois de même que celui de tante Pauline<note xml:id="note3" resp="volume_editor" index="false">Пелагея Ильинична Юшкова.</note> je ne l’ai pas pour le moment mais je compte vous l’apporter. Je vous en demande bien pardon. Adieu je baise vos mains de même que celles de ma tante Lise.<note xml:id="note4" resp="volume_editor" index="false">Гр. Елизавета Александровна Толстая.</note> —</p>
<p rend="left">Рожай поскорѣе, милый другъ Машенька; ты не повѣришь, какъ скучно будущему дядюшкѣ дожидаться, до свиданья, цѣлую тебя очень нѣжно и поручаю также поцѣловать отъ меня Валеріана.</p>
<p rend="left">10 Января 1850.</p>
<lb/>
<p rend="left"><hi>На 3 странице:</hi></p>
<p rend="left">Его [sic] Высокоблагородію Татьянѣ Александровнѣ Ергольской.</p>
<p rend="Obrashenie petit left">Дорогая тетенька,</p>
<p rend="petit left">Я очень взволновался, получив ваше письмо, распечатывая его, я думал, что вы извещаете меня, что Машенька разрешилась. К несчастью, — нет, и надо еще ждать. Поздравляю вас с новым годом, который встретил в Туле и благоразумнее, чем 1849.<note xml:id="note5" resp="volume_editor" index="false">23 ноября 1849 г. Толстой поступил на службу в Тульское губернское правление канцелярским служителем Тульского дворянского депутатского собрания с зачислением в 1-й разряд. (Паспорт Л. Н. Толстого, выданный Тульским дворянским депутатским собранием 17 января 1852 г.).</note> — Вчера получил письмо от <hi style="opdelimiter">Сережи,</hi><hi style="opnumber">54</hi> <hi style="npnumber">55</hi><hi style="npdelimiter">который</hi> сообщает, что Полина<note xml:id="note6" resp="volume_editor" index="false">Прасковья Федоровна Перфильева. О ней см. прим. 4 к п. № 6.</note> благополучно родила мальчика, которого назвали Федором. Сережа пишет, что 7 января он собирается на две недели в Петербург.</p>
<p rend="petit left">Что же касается моего долга вам и тете Полине, то теперь у меня нет денег, но я рассчитываю вам их привезти. Извините меня. Прощайте, целую ваши ручки и тети Лизы. —</p>
<p rend="petit left">* Рожай поскорѣе, милый другъ Машенька; ты не повѣришь, какъ скучно будущему дядюшкѣ дожидаться, до свиданья, цѣлую тебя очень нѣжно и поручаю также поцѣловать отъ меня Валеріана.</p>
<p rend="petit left">10 Января 1850.*</p>
<comments><p rend="Textpetit_otstup left">Печатается по автографу, хранящемуся в АТБ. Отрывок (русский текст: «Рожай поскорее, милый друг Машенька... ») опубликован Н. Н. Гусевым в его книге «Толстой в молодости». М. 1927, стр. 255.</p>
<p rend="Textpetit_otstup left"><hi>1 </hi>23 ноября 1849 г. Толстой поступил на службу в Тульское губернское правление канцелярским служителем Тульского дворянского депутатского собрания с зачислением в 1-й разряд. (Паспорт Л. Н. Толстого, выданный Тульским дворянским депутатским собранием 17 января 1852 г.).</p>
<p rend="petit left"><hi>2 </hi>Прасковья Федоровна Перфильева. О ней см. прим. 4 к п. № 6.</p>
<p rend="petit left"><hi>3 </hi>Пелагея Ильинична Юшкова.</p>
<p rend="petit left"><hi>4 </hi>Гр. Елизавета Александровна Толстая.</p>
</comments></div></body>
        </text>
        </TEI>