<?xml version="1.0" encoding="UTF-8"?>
    <!-- <?xml-stylesheet type="text/xsl" target="../resources/MJT/myletter.xsl"?> -->
    <?xml-stylesheet type="css" target="graves.css"?>
    <?xml-model target="http://www.tei-c.org/release/xml/tei/custom/schema/relaxng/tei_all.rng" type="application/xml" schematypens="http://relaxng.org/ns/structure/1.0"?>
    <?xml-model target="http://www.tei-c.org/release/xml/tei/custom/schema/relaxng/tei_all.rng" type="application/xml"
            schematypens="http://purl.oclc.org/dsdl/schematron"?>
    <TEI xmlns="http://www.tei-c.org/ns/1.0">
       <teiHeader>
          <fileDesc>
             <titleStmt>
                <title>Письмо №29. И. И. Панаеву.</title>
             </titleStmt>
             <publicationStmt>
                <publisher>TolstoyLab</publisher>
                <date when="2015-09-14">14 September 2015</date>
             </publicationStmt>
             <sourceDesc>
                <biblStruct>
                   <analytic>
                      <author>Толстой Л.Н.</author>
                   </analytic>
                   <monogr>
                      <title level="m">Полное собрание сочинений. Том 60</title>
                      <imprint>
                         <pubPlace>Москва</pubPlace>
                         <publisher>Государственное издательство "Художественная литература"</publisher>
                         <date when="1949"/>
                      </imprint>
                   </monogr>
                   <series>
                      <title level="s">Л.Н. Толстой. Полное собрание сочинений</title>
                      <biblScope unit="vol">60</biblScope>
                   </series>
                </biblStruct>
				<bibl>Впервые опубликовано в журнале «Красная новь», 1928, 9, стр. 229—230. Год определяется почтовыми штемпелями.</bibl>
             </sourceDesc>
          </fileDesc>
          <encodingDesc>
             <tagsDecl> </tagsDecl>
          </encodingDesc>
          <profileDesc>
             <correspDesc>
                <correspAction type="sending">
                   <persName ref="PersonList.xml#L_N_Tolstoy">Л. Н. Толстой</persName>
                   <placeName ref="PlacesListxml#PLACE">Я. П.</placeName>
                   <date when="1856-10-26">1856 г. Октября 26.</date>            </correspAction>
                <correspAction type="receiving">
                   <persName ref="PersonList.xml#RECEIVER">И. И. Панаеву</persName>
                </correspAction>
                <correspContext>
                   <ref type="prev">Ответ на письмо Панаева от 13 октября 1856 г. (см. заключительное прим. к п. № 27).</ref>
                </correspContext>
             </correspDesc>
          </profileDesc>
       </teiHeader>
       <xenoData><number type="in a volume">29</number></xenoData>

              <text xml:id="I.I.Panaevu_29">
	<body><div>
		<opener index="false">
29. И. И. Панаеву.
1856 г. Октября 26. Я. П.</opener>
<p rend="left">Виноват, любезный Иван Иванович, что пишу два слова. Письмо Ваше получил и распоряжением Вашим поместить Юн[ость] в Январе весьма доволен. Она одобрена моим критиком, чему я очень счастлив, и стало быть на нее Вы можете [рассчитывать] наивернейше. Передам же я Вам ее сам, потому что недели через 2 буду в Петер[бурге]. До свиданья. Пожалуйста извините, что так мало пишу. Денег не нужно.</p>
<p rend="right">Ваш Гр. Л. Толстой.</p>
<p rend="left">26 Октября.</p>
<lb/>
<p rend="left"><hi>На четвертой странице</hi>:</p>
<p rend="left">Его Высокоблагородию Ивану Ивановичу Панаеву. В Петербург. В редакцию Современника.</p>
<comments><p rend="Textpetit_otstup left">Впервые опубликовано в журнале «Красная новь», 1928, 9, стр. 229—230. Год определяется почтовыми штемпелями.</p>
<p rend="petit left">Ответ на письмо Панаева от 13 октября 1856 г. (см. заключительное прим. к п. № 27).</p>
</comments></div></body>
        </text>
        </TEI>