<?xml version="1.0" encoding="UTF-8"?>
    <!-- <?xml-stylesheet type="text/xsl" target="../resources/MJT/myletter.xsl"?> -->
    <?xml-stylesheet type="css" target="graves.css"?>
    <?xml-model target="http://www.tei-c.org/release/xml/tei/custom/schema/relaxng/tei_all.rng" type="application/xml" schematypens="http://relaxng.org/ns/structure/1.0"?>
    <?xml-model target="http://www.tei-c.org/release/xml/tei/custom/schema/relaxng/tei_all.rng" type="application/xml"
            schematypens="http://purl.oclc.org/dsdl/schematron"?>
    <TEI xmlns="http://www.tei-c.org/ns/1.0">
       <teiHeader>
          <fileDesc>
             <titleStmt>
                <title>Письмо №* 62. Т. А. Ергольской.</title>
             </titleStmt>
             <publicationStmt>
                <publisher>TolstoyLab</publisher>
                <date when="2015-09-14">14 September 2015</date>
             </publicationStmt>
             <sourceDesc>
                <biblStruct>
                   <analytic>
                      <author>Толстой Л.Н.</author>
                   </analytic>
                   <monogr>
                      <title level="m">Полное собрание сочинений. Том 59</title>
                      <imprint>
                         <pubPlace>Москва</pubPlace>
                         <publisher>Государственное издательство "Художественная литература"</publisher>
                         <date when="1935"/>
                      </imprint>
                   </monogr>
                   <series>
                      <title level="s">Л.Н. Толстой. Полное собрание сочинений</title>
                      <biblScope unit="vol">59</biblScope>
                   </series>
                </biblStruct>
				<bibl>Печатается по автографу, хранящемуся в АТБ. Впервые напечатан отрывок из письма (по-французски и в переводе) П. И. Бирюковым в Б, 1, 1906, стр. 225—226; несколько большие отрывки (только в переводе) даны П. А. Сергеенко в ПТС, 1, стр. 29—30. Впервые напечатано полностью (только в переводе) в Бир., XX, 1913, стр. 30—32. Год определяется почтовыми штемпелями: «Пятигорск, Июня 27, 1852» и «получено 1852, Июля 8». На конверте рукой Т. А. Ергольской: «Получила 8 июля 1852».</bibl>
             </sourceDesc>
          </fileDesc>
          <encodingDesc>
             <tagsDecl> </tagsDecl>
          </encodingDesc>
          <profileDesc>
             <correspDesc>
                <correspAction type="sending">
                   <persName ref="PersonList.xml#L_N_Tolstoy">Л. Н. Толстой</persName>
                   <placeName ref="PlacesListxml#PLACE">Пятигорск.</placeName>
                   <date when="1852-06-26">1852 г. Июня 26.</date>            </correspAction>
                <correspAction type="receiving">
                   <persName ref="PersonList.xml#RECEIVER">Т. А. Ергольской</persName>
                </correspAction>
                <correspContext>
                   <ref type="prev"></ref>
                </correspContext>
             </correspDesc>
          </profileDesc>
       </teiHeader>
       <xenoData><number type="in a volume">62</number></xenoData>

              <text xml:id="T.A.Ergolskoj_62">
	<body><div>
		<opener index="false">
* 62. Т. А. Ергольской.
1852 г. Июня 26. Пятигорск.</opener>
<p rend="right">26 Juin.</p>
<p rend="right">Пятигорскъ.</p>
<p rend="left">Pourquoi m’avez-vous offensé, chère tante? Vous commencez, votre lettre<note xml:id="note1" resp="volume_editor" index="false"> Это письмо не сохранилось.</note> par me dire, que probablement vos lettres m’ennuient; puisqu’il y a si longtems, que je ne vous ai écrit. Est-ce que il ne peut y avoir, que cette seule raison, qui puisse m’avoir empêché de vous écrire? — Si vous choisissez celle-là, c’est que probablement vous ne croyez pas un mot de ce que je vous écris et que vous me prenez pour un hypocrite, qui fait parade des sentiments qu’ il n’a pas. — Je n’ai pas mérité cette défiance de votre part. — Si je ne puis vous expliquer toutes les causes de mes actions, comme je l’aurais fait dans la conversation, il ne faut pas s’en prendre à moi, mais à notre séparation. Je crois, chère tante, que la poste n’est pas le meilleur moyen pour rendre la separation moins pénible; mais c’est la confiance mutuelle; et vous n’en avez pas en moi. — Depuis que je vous ai quitté, jamais le moindre doute sur vos sentiments pour moi,., n’est venu me troubler; mais vous, chère tante, vous doutez de moi et vous ne sauriez croire combien cela me fait de peine. — Au reste—je radotte — ai-je le droit de douter de vos sentiments? Vous les avez prouvé par toute une vie d’amour et» de constance; tandis que moi, qu’ai-je fait pour cela? Je vous ai donné des chagrins, j’ai méprisé vos conseils, je n’ai pas su aprecier votre amour. — Oui, vous avez le droit de me croire hypocrite et menteur; mais vous n’avez pas raison de le- faire. —</p>
<p rend="left">Ne rien cacher de ma conduite, quelle qu’elle soit et à qui <hi>que ce</hi> soit, a été toujours mon point d’honneur. — Il faut avoir mal fait pour vouloir cacher ses actions aux yeux des indifférents. Il faut avoir quelque chose d’abominable à se <hi style="opdelimiter">reprocher</hi><hi style="opnumber">188</hi> <hi style="npnumber">189</hi><hi style="npdelimiter">pour</hi> dissimuler vis-à-vis d’une personne qu’on aime. — Dieu qui voit le fond de mon coeur et qui le dirige, sait que grâce à Lui, il n’est pas d’époque dans ma vie, que j’aye passé plus irréprochablement et qui m’aye donné plus de contentement intérieur, que les 8 mois — depuis mon voyage à Tiffliss jusqu’à aujourd’hui. — Ce n’est pas pour satisfaire mon amour-propre, que je le dis, mais c’est parceque je sais, que si vous me croyez cela vous sera agréable à savoir. — Oui, chère tante, vous m’avez cruellement offensé en me croyant hypocrite. Je n’ai rien à cacher devant qui que ce soit, d’autant plus devant vous. —</p>
<p rend="left">Je vais donc tâcher de vous expliquer ce qui vous semble embrouillé dans l’affaire de mon service et aussi les raisons pourquoi je ne l’ai pas fait plutôt. — Я писалъ вамъ изъ Тифлиса,<note xml:id="note2" resp="volume_editor" index="false"> Это письмо № 53.</note> что отставка моя была еще не получена, но что несмотря на это я надѣлъ мундиръ и отправляюсь въ батарею. Вотъ какъ это устроилъ Генералъ Вольфъ.<note xml:id="note3" resp="volume_editor" index="false"> Ник. Ив. Вольф. О нем см. прим. 9 к п. № 53.</note> Онъ приказалъ написать бумагу въ батарею, въ которой было сказано, что <hi>Гр. Толстой изъявилъ желаніе поступить на службу</hi>; <hi>но такъ какъ отставки еще нѣтъ</hi>, <hi>и онъ не можетъ бытъ зачисленъ Юнкеромъ, то предписываю Вамъ употребить его на службу съ тѣмъ чтобы по полученіи отставки</hi>, <hi>зачислить его на дѣйствителъную службу</hi>, <hi>со старшинствомъ</hi>, <hi>со дня употребленія на службу въ батареѣ. </hi>J’ai mis donc ce papier en poche et suis parti pour Старогладовская. Je n’y ai pas trouvé Nicolas; il était à l’expédition. J’ai endossé l’uniforme et je suis allé le rejoindre т. e. меня употребили на службу, но я не былъ еще зачисленъ. Le papier qui manquait est arrivé à Tiffliss au mois de Janvier, mais à Старогладовска seulement au mois de Mars — c. à d. après notre retour de l’expédition. —</p>
<p rend="left">J’ai écrit que nous sommes revenu de l’expédition,<note xml:id="note4" resp="volume_editor" index="false"> Имеется в виду письмо № 58.</note> pour vous tranquilliser sur notre compte, ayant fait l’indiscrétion d’avoir écrit à Serge,<note xml:id="note5" resp="volume_editor" index="false"> Это письмо не сохранилось.</note> que je comptais y aller. J’ai écrit que je l’ai faite comme volontaire pour vous faire entendre que je n’avais ni croix ni avancement à esperer. Je ne vous parlais pas de cela dans mon avant-dernière lettre pour ne pas répéter une chose également désagréable à vous et à moi: c’est que j’ai un guignon constant dans tout ce que j’entreprends. — Pendant cette expédition j’ai eu l’occasion d’être deux fois présente à la croix de St Georges et je n’ai pu la recevoir à cause du retard de quelque jours de ce maudit papier. J’ai été présenté <hi style="opdelimiter">pour</hi><hi style="opnumber">189</hi> <hi style="npnumber">190</hi><hi style="npdelimiter">la</hi> journée du 17 Février (mon jour de nom) mais on a été obligé de refuser à cause du manque de ce papier. La liste des présentations partie le 19, le 20<note xml:id="note6" resp="volume_editor" index="false"> Март 1852 г.</note> le papier était arrivé. Je vous avoue franchement que de tous les honneurs militaires c’est cette seule petite croix, que j’ai eu la vanité d’ambitionner; et que ce contre tems m’a causé un violent dépit. D’autant plus qu’il n’y a qu’une époque pour la recevoir et qu’a présent pour moi elle est passée — Vous sentez bien que j’ai caché non seulement aux indifférents; mais même à Nicolas le dépit que cela m’a causé; c’est aussi pour la même raison, que je ne vous en ai pas parlé: mais à present il a fallu que je le dise, puisque vous prenez, ma discrétion pour de l’hypocrisie.</p>
<p rend="left">J’ai écrit à Valérien,<note xml:id="note7" resp="volume_editor" index="false"> Это письмо не сохранилось.</note> chère tante, que le 12 de Juillet il y aura 6 mois que je suis au service et que c’est le terme de mon service comme porte-enseigne; mais cela ne prouve pas que je compte au mois de Juillet être en Russie. J’ai déjà éprouvé combien de tems durent toutes ces <hi>переписки</hi> et je ne m’abuse plus. — Dans tous les cas ce ne sera pas avant l’année 53 que j’aurai le bonheur de vous embrasser. J’ai ecrit à Serge il y a deux jours;<note xml:id="note8" resp="volume_editor" index="false"> <ref target='file:///Volume_59_S.N.Tolstomu_61.xml'>См. письмо № 61.</ref></note> mais j’éxpédie les deux lettres ensemble. — Ванюшка va mieux; mais à present c’est mon tour. J’ai souffert de dents et de la fièvre toute la journée d’aujourd’hui. — J’ai rencontré avant- hier Protassoff<note xml:id="note9" resp="volume_editor" index="false">Николай Алексеевич Протасов (р. 24 октября 1817 г., ум. 18..), тульский помещик, женатый (с 17 июля 1844 г.) на кж. Марье Николаевне Голицыной (р. 8 сентября 1825, ум. 18..). Об нем Т. А. Ергольская писала 11 октября 1852 г.: «третьего дня мы обедали у Мар. Протасовой, и я долго говорила о тебе с ее мужем, вернувшимся совершенно больным из Пятигорска. Он нашел тебя очень изменившимся и похудевшим. Меня это так поразило, что я насилу удержала слезы, слушая его. Видимо кавказский климат тебе вреден, дорогой Léon, я смертельно огорчена и успокоюсь только, когда увижу тебя, а до тех пор буду мучиться».</note> et quoique je ne le connaisse presque pas j’ai été très content de le voir. Il m’a dit que Сухотинъ<note xml:id="note10" resp="volume_editor" index="false">Сергей Михайлович Сухотин (1818—1886), в 1837—1851 гг. служил в Преображенском полку; в 1851—1874 гг. советник, а в 1874—1880 гг. вице-президент Московской дворцовой конторы. Человек очень общительный, С. М. Сухотин был желанным гостем в московских <hi style="opdelimiter">гостиных;</hi><hi style="opnumber">192</hi> <hi style="npnumber">193</hi><hi style="npdelimiter">он</hi> славился как прекрасный чтец художественных произведений. У Толстого в дневнике под 24 июля 1852 г. записано: «У меня был Сухотин, и я с удовольствием говорил с ним о выборах. Несмотря на его добродетельные речи, он должен быть хитрый и самолюбивый, но добронамеренный человек». С. М. Сухотин был женат на сестре приятеля Толстого Марье Алексеевне Дьяковой (1830—1889), с которой развелся в 1868 г. История этого развода дала Толстому некоторый материал для «Анны Карениной», точно так же, как для Каренина прототипом в некоторых отношениях послужил сам С. М. Сухотин.</note> était ici; mais je ne l’ai pas encore vu; puisque je ne sors presque pas. Хотя глупая но все живая грамота. Adieu je baise vos mains. Comme c’est dommage que le 1-er volume de la Nouvelle Heloise est perdu. Engagez, je vous prie Serge à la chercher chez lui et chez les Tchoulkoffs.<note xml:id="note11" resp="volume_editor" index="false"><ref target='file:///Volume_59_S.N.Tolstomu_61.xml'>Об этом см. в п. № 61.</ref></note></p>
<p rend="petit right">26 июня.</p>
<p rend="petit right">Пятигорск.</p>
<p rend="petit left">За что вы обижаете меня, дорогая тетенька? Ваше письмо<note xml:id="note12" resp="volume_editor" index="false"> Это письмо не сохранилось.</note> вы начинаете со слов, что мне, вероятно, наскучили ваши письма, поэтому так давно я не писал вам. Разве только одна эта причина могла помешать мне писать вам. — Ежели вы предполагаете именно эту, значит, вы не доверяете ни одному моему слову из того, что я вам пишу, и вы считаете меня лицемером, выставляющим на показ те чувства, которых у него нет. — Такого недоверия с вашей стороны я не заслужил. — Если я не имею возможности письменно разъяснять вам причины своих поступков, как бы сделал на словах, то виноват в этом не я, а наша разлука. И я <hi style="opdelimiter">думаю,</hi><hi style="opnumber">190</hi> <hi style="npnumber">191</hi><hi style="npdelimiter">милая</hi> тетенька, что не переписка облегчает разлуку, а обоюдное доверие; а вы его ко мне не имеете. — С тех пор, как мы расстались, я не испытал минуты сомнения в вашей привязанности; дорогая тетенька, вы во мне сомневаетесь и вы не поверите, как мне это больно. — Нет, впрочем, я вздор говорю — разве я имею право вам не доверять? Всей вашей жизнью, полной любви и постоянства, вы доказали свои чувства. А я что сделал для этого? я вас огорчал, я не следовал вашим советам, я не умел ценить вашей любви. — Да, конечно, вы имеете право считать меня лицемером и лжецом, но все-таки напрасно вы это делаете.</p>
<p rend="petit left">По долгу чести я никогда не скрывал своего поведения, какое бы оно ни было, перед кем бы то ни было. — Плохой поступок скрываешь от равнодушных, но только сознание чего-нибудь отвратительного в себе побуждает утаить его от той, кого любишь. — С помощью бога, который видит мое сердце и направляет его, я провел эти 8 месяцев, с поездки моей в Тифлис и до сего дня, безупречно и с большим внутренним удовлетворением, чем в какую бы то ни было эпоху моей жизни. Не из самолюбия я говорю это, а только потому, что ежели мне поверите, вам это будет приятно знать. — Дорогая тетенька, вы меня обидели жестоко, подозревая меня в лицемерии. Мне нечего скрывать перед кем бы то ни было, а тем более перед вами. —</p>
<p rend="petit left">Попытаюсь разъяснить вам то, что вам непонятно в моем служебном деле, равно и причину, почему я раньше этого не исполнил. — *Я писалъ Вамъ изъ Тифлиса,<note xml:id="note13" resp="volume_editor" index="false"> Это письмо № 53.</note> что отставка моя была еще не получена, но что несмотря на это я надѣлъ мундиръ, и отправляюсь въ батарею. Вотъ какъ это устроилъ Генералъ Вольфъ.<note xml:id="note14" resp="volume_editor" index="false"> Ник. Ив. Вольф. О нем см. прим. 9 к п. № 53.</note> Онъ приказалъ напиcать бумагу въ батарею, въ которой было сказано, что <hi>Гр. Толстой изъявилъ желаніе поступить на службу</hi>, <hi>но такъ какъ отставки еще нетъ</hi>, <hi>и онъ не можетъ быть зачисленъ Юнкеромъ</hi>, <hi>то предписываю Вамъ употребить его на службу съ темъ чтобы по полученіи отставки</hi>, <hi>зачислить его на действительную службу, со старшинствомъ со дня употребленія на службу въ батареѣ*.</hi> С этой бумагой в кармане я уехал в *Старогладковскую*, я *Николеньку* не застал, он был в походе. Я надел мундир и поехал следом за ним,* т. е. меня употребили на службу, но я не былъ еще зачисленъ*. Бумага, которую я ждал, в Тифлис пришла в январе, а в *Старогладковской* была получена только в марте, т. е. по возвращении нашем из похода. —</p>
<p rend="petit left">Я написал вам, что мы вернулись из похода,<hi>4 </hi>чтобы вы не беспокоились о нас, так как из письма к Сереже<note xml:id="note15" resp="volume_editor" index="false"> Это письмо не сохранилось.</note> вы могли узнать, что я намеревался итти в поход. Упомянул я, что иду волонтером для того, чтобы вы знали, что ни на производство, ни на знак отличия нельзя надеяться. А не упомянул я об этом в своем предпоследнем письме, чтобы не повторять того, что одинаково неприятно и вам и мне; о преследующих меня неудачах во всем, что я предпринимаю. — В походе я имел случай быть два раза представленным к Георгиевскому кресту и не мог его получить из-за задержки на несколько дней всё той же проклятой бумаги. Я был представлен 17 февраля (мои именины), но были принуждены отказать за отсутствием этой бумаги. Список представленных к отличию был отправлен 19-го, а 20-го<note xml:id="note16" resp="volume_editor" index="false"> Март 1852 г.</note> была получена бумага. Откровенно сознаюсь, что из всех военных отличий этот крестик мне больше всего хотелось получить, <hi style="opdelimiter">и</hi><hi style="opnumber">191</hi> <hi style="npnumber">192</hi><hi style="npdelimiter">что</hi> эта неудача вызвала во мне сильную досаду. Тем более, что для меня возможность получить этот крест уже прошла. — Конечно я скрыл свою досаду, не только от чужих, но даже от Николеньки; по той же причине я и вам об этом не упомянул; но теперь пришлось рассказать, когда вы приняли мою сдержанность за неискренность.</p>
<p rend="petit left">Я писал Валерьяну,<note xml:id="note17" resp="volume_editor" index="false"> Это письмо не сохранилось.</note> дорогая тетенька, что 12 июля исполнится 6 месяцев моей службы и окончательный срок служения юнкером, но из этого не следует, что в июле я рассчитываю вернуться в Россию. Теперь я знаю, как тянутся эти *<hi>переписки</hi>*, и не предаюсь пустой надежде. — Во всяком случае думаю, что не ранее 53 года я буду иметь счастье поцеловать вас. Сереже я написал два дня тому назад,<note xml:id="note18" resp="volume_editor" index="false"> <ref target='file:///Volume_59_S.N.Tolstomu_61.xml'>См. письмо № 61.</ref></note> но отправляю оба письма зараз. — *Ванюшка* поправляется; теперь мой черед — сегодня весь день промучился зубами и лихорадкой. — Третьего дня встретил Протасова,<note xml:id="note19" resp="volume_editor" index="false">Николай Алексеевич Протасов (р. 24 октября 1817 г., ум. 18..), тульский помещик, женатый (с 17 июля 1844 г.) на кж. Марье Николаевне Голицыной (р. 8 сентября 1825, ум. 18..). Об нем Т. А. Ергольская писала 11 октября 1852 г.: «третьего дня мы обедали у Мар. Протасовой, и я долго говорила о тебе с ее мужем, вернувшимся совершенно больным из Пятигорска. Он нашел тебя очень изменившимся и похудевшим. Меня это так поразило, что я насилу удержала слезы, слушая его. Видимо кавказский климат тебе вреден, дорогой Léon, я смертельно огорчена и успокоюсь только, когда увижу тебя, а до тех пор буду мучиться».</note> и, хотя я мало с ним знаком, я был ему очень рад. Он мне сказал, что *Сухотинъ*<note xml:id="note20" resp="volume_editor" index="false">Сергей Михайлович Сухотин (1818—1886), в 1837—1851 гг. служил в Преображенском полку; в 1851—1874 гг. советник, а в 1874—1880 гг. вице-президент Московской дворцовой конторы. Человек очень общительный, С. М. Сухотин был желанным гостем в московских <hi style="opdelimiter">гостиных;</hi><hi style="opnumber">192</hi> <hi style="npnumber">193</hi><hi style="npdelimiter">он</hi> славился как прекрасный чтец художественных произведений. У Толстого в дневнике под 24 июля 1852 г. записано: «У меня был Сухотин, и я с удовольствием говорил с ним о выборах. Несмотря на его добродетельные речи, он должен быть хитрый и самолюбивый, но добронамеренный человек». С. М. Сухотин был женат на сестре приятеля Толстого Марье Алексеевне Дьяковой (1830—1889), с которой развелся в 1868 г. История этого развода дала Толстому некоторый материал для «Анны Карениной», точно так же, как для Каренина прототипом в некоторых отношениях послужил сам С. М. Сухотин.</note> здесь, я его еще не видал, потому что почти не выхожу из дома. *Хотя глупая, но всё живая грамота*. Прощайте, целую ваши ручки. Какая жалость, что 1 том «Новой Элоизы» затерян. Пожалуйста, скажите Сереже, чтобы он поискал его у себя и у Чулковых.<note xml:id="note21" resp="volume_editor" index="false"><ref target='file:///Volume_59_S.N.Tolstomu_61.xml'>Об этом см. в п. № 61.</ref></note></p>
<comments><p rend="Textpetit_otstup left">Печатается по автографу, хранящемуся в АТБ. Впервые напечатан отрывок из письма (по-французски и в переводе) П. И. Бирюковым в Б, 1, 1906, стр. 225—226; несколько большие отрывки (только в переводе) даны П. А. Сергеенко в ПТС, 1, стр. 29—30. Впервые напечатано полностью (только в переводе) в Бир., XX, 1913, стр. 30—32. Год определяется почтовыми штемпелями: «Пятигорск, Июня 27, 1852» и «получено 1852, Июля 8». На конверте рукой Т. А. Ергольской: «Получила 8 июля 1852».</p>
<p rend="Textpetit_otstup left"><hi>1</hi> Это письмо не сохранилось.</p>
<p rend="petit left"><hi>2</hi> Это письмо № 53.</p>
<p rend="petit left"><hi>3</hi> Ник. Ив. Вольф. О нем см. прим. 9 к п. № 53.</p>
<p rend="petit left"><hi>4</hi> Имеется в виду письмо № 58.</p>
<p rend="petit left"><hi>5</hi> Это письмо не сохранилось.</p>
<p rend="petit left"><hi>6</hi> Март 1852 г.</p>
<p rend="petit left"><hi>7</hi> Это письмо не сохранилось.</p>
<p rend="petit left"><hi>8</hi> <ref target='file:///Volume_59_S.N.Tolstomu_61.xml'>См. письмо № 61.</ref></p>
<p rend="petit left"><hi>9 </hi>Николай Алексеевич Протасов (р. 24 октября 1817 г., ум. 18..), тульский помещик, женатый (с 17 июля 1844 г.) на кж. Марье Николаевне Голицыной (р. 8 сентября 1825, ум. 18..). Об нем Т. А. Ергольская писала 11 октября 1852 г.: «третьего дня мы обедали у Мар. Протасовой, и я долго говорила о тебе с ее мужем, вернувшимся совершенно больным из Пятигорска. Он нашел тебя очень изменившимся и похудевшим. Меня это так поразило, что я насилу удержала слезы, слушая его. Видимо кавказский климат тебе вреден, дорогой Léon, я смертельно огорчена и успокоюсь только, когда увижу тебя, а до тех пор буду мучиться».</p>
<p rend="petit left"><hi>10 </hi>Сергей Михайлович Сухотин (1818—1886), в 1837—1851 гг. служил в Преображенском полку; в 1851—1874 гг. советник, а в 1874—1880 гг. вице-президент Московской дворцовой конторы. Человек очень общительный, С. М. Сухотин был желанным гостем в московских <hi style="opdelimiter">гостиных;</hi><hi style="opnumber">192</hi> <hi style="npnumber">193</hi><hi style="npdelimiter">он</hi> славился как прекрасный чтец художественных произведений. У Толстого в дневнике под 24 июля 1852 г. записано: «У меня был Сухотин, и я с удовольствием говорил с ним о выборах. Несмотря на его добродетельные речи, он должен быть хитрый и самолюбивый, но добронамеренный человек». С. М. Сухотин был женат на сестре приятеля Толстого Марье Алексеевне Дьяковой (1830—1889), с которой развелся в 1868 г. История этого развода дала Толстому некоторый материал для «Анны Карениной», точно так же, как для Каренина прототипом в некоторых отношениях послужил сам С. М. Сухотин.</p>
<p rend="petit left"><hi>11 </hi><ref target='file:///Volume_59_S.N.Tolstomu_61.xml'>Об этом см. в п. № 61.</ref></p>
</comments></div></body>
        </text>
        </TEI>