<?xml version="1.0" encoding="UTF-8"?>
    <!-- <?xml-stylesheet type="text/xsl" target="../resources/MJT/myletter.xsl"?> -->
    <?xml-stylesheet type="css" target="graves.css"?>
    <?xml-model target="http://www.tei-c.org/release/xml/tei/custom/schema/relaxng/tei_all.rng" type="application/xml" schematypens="http://relaxng.org/ns/structure/1.0"?>
    <?xml-model target="http://www.tei-c.org/release/xml/tei/custom/schema/relaxng/tei_all.rng" type="application/xml"
            schematypens="http://purl.oclc.org/dsdl/schematron"?>
    <TEI xmlns="http://www.tei-c.org/ns/1.0">
       <teiHeader>
          <fileDesc>
             <titleStmt>
                <title>Письмо №* 45. Т. А. Ергольской.</title>
             </titleStmt>
             <publicationStmt>
                <publisher>TolstoyLab</publisher>
                <date when="2015-09-14">14 September 2015</date>
             </publicationStmt>
             <sourceDesc>
                <biblStruct>
                   <analytic>
                      <author>Толстой Л.Н.</author>
                   </analytic>
                   <monogr>
                      <title level="m">Полное собрание сочинений. Том 59</title>
                      <imprint>
                         <pubPlace>Москва</pubPlace>
                         <publisher>Государственное издательство "Художественная литература"</publisher>
                         <date when="1935"/>
                      </imprint>
                   </monogr>
                   <series>
                      <title level="s">Л.Н. Толстой. Полное собрание сочинений</title>
                      <biblScope unit="vol">59</biblScope>
                   </series>
                </biblStruct>
				<bibl>Печатается по автографу, хранящемуся в АТБ. Впервые опубликованы отрывки из письма (по-французски и в переводе) П. И. Бирюковым в Б, I, 1906, стр. 171—172 и 173—174; почти полностью (без двух фраз в середине текста и без приписки гр. H. Н. Толстого, только в переводе) опубликованы П. А. Сергеенко в ПТС, I, стр. 9—11; впервые полностью (только в переводе) опубликовано в Бир., XX, 1913, стр. 13—15. Датируется на основании слов о письме Толстого: «от 22-го», упоминаемом в письме от 24 июня № 47.</bibl>
             </sourceDesc>
          </fileDesc>
          <encodingDesc>
             <tagsDecl> </tagsDecl>
          </encodingDesc>
          <profileDesc>
             <correspDesc>
                <correspAction type="sending">
                   <persName ref="PersonList.xml#L_N_Tolstoy">Л. Н. Толстой</persName>
                   <placeName ref="PlacesListxml#PLACE">Старый Юрт.</placeName>
                   <date when="1851-06-22">1851 г. Июня 22.</date>            </correspAction>
                <correspAction type="receiving">
                   <persName ref="PersonList.xml#RECEIVER">Т. А. Ергольской</persName>
                </correspAction>
                <correspContext>
                   <ref type="prev"></ref>
                </correspContext>
             </correspDesc>
          </profileDesc>
       </teiHeader>
       <xenoData><number type="in a volume">45</number></xenoData>

              <text xml:id="T.A.Ergolskoj..._45">
	<body><div>
		<opener index="false">
* 45. Т. А. Ергольской.
1851 г. Июня 22. Старый Юрт.
</opener>
<p rend="Obrashenie left">Chère Tante!</p>
<p rend="left">J’ai été longtems sans vous écrire; mais aussi je n’ai reçu de vous que quelques mots dans la lettre de Valérien.<note xml:id="note1" resp="volume_editor" index="false">Письмо гр. В. П. Толстого от середины мая 1851 г. с припиской Т. А. Ергольской сохранилось в АТБ.</note> Позвольте вамъ за это сдѣлать <hi style="opdelimiter">выговоръ.</hi><hi style="opnumber">102</hi></p>
<p rend="left"><hi style="npnumber">103</hi><hi style="npdelimiter">Je</hi> suis arrivé sain et sauf, mais un peu triste vers la fin du mois de mai dans la <hi>Старогладовская</hi>.<note xml:id="note2" resp="volume_editor" index="false">Старогладовская (правильнее «Старогладковская») — станица Терской области, на левом берегу р. Терека. Описана в «Казаках» под именем Новомлинской станицы.</note> J’y ai vu de près le genre de vie que mène Nicolas<note xml:id="note3" resp="volume_editor" index="false">Гр. Николай Николаевич Толстой.</note> et j’y ai fait la connaissance des officiers, qui font sa société. — Le genre de vie n’est pas très attrayant à ce qu’il m’a paru, d’abord: puisque le pays, que je m’attendais à trouver fort beau ne l’est pas du tout. Gomme la <hi>станица</hi> est située sur un [terrain] bas il n’y a pas de point de vue, puis le logement est mauvais de même que tout ce qui fait le comfort de la vie. Pour ce qui est des officiers ce sont comme vous pouvez vous le figurer des gens sans éducation, mais avec cela de très braves gens et surtout aimant beaucoup Nicolas. Алексѣевъ,<note xml:id="note4" resp="volume_editor" index="false">Никита Петрович Алексеев — командир батарейной № 4 батареи 20 артиллерийской бригады, в которой служил гр. H. Н. Толстой, а затем и Лев Николаевич. В 1887 г. Мих. Алекс. Янжул, служивший в этой батарее в 1871—1889 гг. на основании воспоминаний М. И. Сулимовского и П. Л. Фролова, так характеризовал Н. П. Алексеева: «Он слыл «ученым артиллеристом, университантом», отличался крайней религиозностью, особенно любил бывать в церкви, где по целым часам простаивал на коленях, кладя земные поклоны. К этому нужно еще прибавить, что у Никиты Петровича не доставало одного уха, которое откусила ему однажды лошадь. К странностям Никиты Петровича нужно отнести и то еще, что он не мог спокойно видеть, когда офицеры пили водку, в особенности же, если делала это молодежь; между тем, по обычаю того доброго старого времени, все офицеры ежедневно обедали у батарейного командира. И тут Лев Николаевич нередко школьничал, делая вид, что он собирается пить <hi style="opdelimiter">водку.</hi><hi style="opnumber">106</hi></note> son chef, est un petit bonhomme, бѣлокуренькій tirant sur le roux, съ хохольчикомъ, съ усиками и бакенбардами, говорящій пронзительнымъ голосомъ, mais excellent homme, bon chrétien rappelant un peu Алекс. Серг. Воейковъ,<note xml:id="note5" resp="volume_editor" index="false">Александр Сергеевич Воейков (р. 10 января 1801 г.), крапивенский помещик, служил в 1817 г. в л.-гв. Измайловском полку; поручик армии при отставке в 1825 г., опекун малолетних Толстых. А. С. Воейков изображен Толстым в «Романе русского помещика» в лице соседа помещика.</note> mais pas caffard comme lui. — Puis Бу[емскій]<note xml:id="note6" resp="volume_editor" index="false">Николай Иванович Буемский прапорщик легкой № 6 батареи 20 артиллерийской бригады и бригадный адъютант. О нем в дневнике Толстого под 30 марта 1852 г. записано: «Мой мальчуган — молод и мил. Он жмет руки и готов к сердечным излияниям». В рассказе «Набег» прапорщик Аланин напоминает Буемского; его же черты внесены в образ Володи Ковельцова в «Севастополе в августе». В архиве Толстого (АТБ) сохранилось одно письмо к нему Н. И. Буемского, напечатанное в «Сборнике материалов для описания местностей и племен Кавказа», выпуск 46. Махач-Кала. 1929.</note> un jeune officier — enfant et bon enfant rappelant <hi>Петруша</hi>.<note xml:id="note7" resp="volume_editor" index="false">Вероятно, Петр Александрович Воейков (р. 22 августа 1828 г., ум. в 1894 г.), сын опекуна Толстых Александра Сергеевича Воейкова, подпоручик, владелец сельца Даниловки Крапивенского уезда, служил по выборам в земских учреждениях. Женат был на дочери майора Александре Дмитриевне Симоновой.</note> — Puis un vieux capitaine <hi>Хилковскій8</hi> des kosaks de l’Oural, un vieux soldat simple mais noble, brave et bon. — Je vous avouerai qu’au commencement beaucoup de choses me choquaient dans cette société, mais je m’y suis habitué sans toute fois m’être lié avec ces messieurs. J’ai trouvé une heureuse moyenne dans laquelle il n’y a ni fierté ni familiarité, au reste en ceci je n’avais qu’à suivre l’exemple de Nicolas. A peine arrivé Nicolas reçut l’ordre de partir въ Староюртовское укрѣпленіе<note xml:id="note8" resp="volume_editor" index="false">Старый Юрт — Чеченский поселок Грозненского отдела Терской области, в 8 в. от Грозного, основанный в 1705 г.</note> для прикрытія больныхъ въ Горячеводскомъ лагерѣ.<note xml:id="note9" resp="volume_editor" index="false">Горячеводские минеральные источники на северном склоне Терского хребта в 3<hi>1</hi>/<sub>2</sub> в. от Староюртовской станицы известны с 1770 г.</note> On a découvert depuis peu des eaux chaudes et minérales de différentes qualités qui sont dit-on très salutaires pour toutes les maladies de refroidissement, de blessures et surtout pour les maladies..... On dit même que ces eaux sont de meilleure qualité que celles de Пятигорскъ.<note xml:id="note10" resp="volume_editor" index="false">Пятигорск — уездный город Ставропольской губернии, курорт. Открытие Пятигорских минеральных вод относят к 1774 г., хотя есть известие, что еще Петр. Великий знал об их существовании. Город начал развиваться и обстраиваться в 1820-ых гг.</note> — Nicolas est parti dans une semaine après son arrivée et moi je l’y ai suivi, de sorte que nous sommes presque depuis trois semaines ici,<note xml:id="note11" resp="volume_editor" index="false">В дневнике Толстого под 11 июня записано: «дней пять я живу здесь», т. е. в Старом-Юрте.</note> où nous logeons dans une tente, mais comme le temps est beau et que je me fais un peu à ce genre de vie, je me trouve très bien. Ici il y a des coups d’oeil magnifiques: à commencer par l’endroit où sont les sources; c’est une énorme montagne de pierres l’une sur l’autre dont les unes se sont détachées et forment des espèces de grottes, les autres restent suspendues à une grande hauteur toute coupée par les torrents d’eau chaude, qui tombent avec bruit dans quelques endroits et couvrent, surtout le matin, <hi style="opdelimiter">toute</hi><hi style="opnumber">103</hi> <hi style="npnumber">104</hi><hi style="npdelimiter">la</hi> partie élevée de la montagne d’une vapeur blanche qui se détache continuellement de cette eau bouillante. L’eau est tellemeht chaude qu’on cuit dedans les oeufs (въ крутую) en trois minutes. — Au milieu de ce ravin sur le torrent principal il y a trois moulins, l’un au-dessus de l’autre. Ces moulins se construisent ici d’une manière toute particulière et très pittoresque. Toute la journée les femmes Tartares<note xml:id="note12" resp="volume_editor" index="false">В действительности татар в Старом Юрте не было, но так как чеченцы (местное население) — мусульмане, то их и другие кавказские народности в то время часто называли татарами. Так и в «Кавказском пленнике» Толстой называет горцев татарами.</note> ne cessent de venir au-dessus et au dessous de ces moulins pour laver leur linge. Il faut vous dire qu’elles lavent avec les pieds. C’est comme une fourmilière toujours remuante. Les femmes sont pour la plupart belles et bien faites. Le costume des femmes orientales malgré leur pauvreté est gracieux. Les groupes pittoresques que forment ces femmes, joints à la beauté sauvage de l’endroit, font un coup d’oeil véritablement admirable. Je reste très souvent des heures à admirer ce paysage. Puis le coup d’oeil du haut de la montagne est encore plus beau et tout à fait dans un autre genre; mais je crains de vous ennuyer avec mes déscriptions. Je suis très content d’être aux eaux puisque j’en profite. Je prends des bains d’eau ferrugineuse et je ne sens plus de douleurs aux pieds. J’avais toujours des rhumatismes, mais pendant notre voyage sur l’eau je crois que je me suis encore refroidi. Je me suis rarement aussi bien porté qu’à présent et malgré les grandes chaleurs je fais beaucoup de mouvement. Ici le genre des officiers est le même que de ceux dont je vous ai parlé; il y en a beaucoup. Je les connais tous: et mes relations avec eux sont les mêmes. Dites à Serge que je l’embrasse et que ce que je vous écrit est tout à fait la même chose que ce que je lui aurais écrit à lui, et que j’attends une lettre de lui. Il sait bien ce qui peut m’intéresser, donc il ne lui sera pas difficile de remplir sa lettre. — Adieu, chère Tante, je baise vos mains.</p>
<lb/>
<p rend="left"><hi>Рукой гр. H. H. Толстого:</hi></p>
<p rend="petit left">Ma bonne Tante! Nous avons été deux mois à peu près sans recevoir aucune nouvelle ni de vous, ni de personne, aussi vous pouvez vous imaginer comme nous avons été contents de recevoir vos lettres. Maintenant que nous sommes sur place pour assez longtems, moi au moins qui resterai ici jusqu'au mois de Septembre, notre correspondance sera plus suivi[e], aujourd'hui je ne vous écris que quelque mots parceque Léon vient déjà de vous faire une description assez detaillé[e]. Adieu donc ma bonne Tante, je vous baise les mains.</p>
<p rend="Textpetit_otstup left">Votre très soumis affectueux neveu G. N. Tolstoy.</p>
<p rend="left"><hi style="opnumber">104</hi> <hi style="npnumber">105</hi></p>
<p rend="Obrashenie petit">
Дорогая тетенька!
</p>
<p rend="petit left">Я вам долго не писал, но и от вас получил всего несколько слов в письме Валерьяна.<note xml:id="note13" resp="volume_editor" index="false">Письмо гр. В. П. Толстого от середины мая 1851 г. с припиской Т. А. Ергольской сохранилось в АТБ.</note> *Позвольте вамъ за это сдѣлать выговоръ*.</p>
<p rend="petit left">В конце мая приехал я в <note xml:id="note14" resp="volume_editor" index="false"><hi>*Старогладковскую*</hi>Старогладовская (правильнее «Старогладковская») — станица Терской области, на левом берегу р. Терека. Описана в «Казаках» под именем Новомлинской станицы.</note> здоров и благополучен, но немножко грустен. Я увидел вблизи образ жизни Николеньки<note xml:id="note15" resp="volume_editor" index="false">Гр. Николай Николаевич Толстой.</note> и познакомился с офицерами, которые составляют его общество. — Этот образ жизни вначале не показался мне привлекательным, так как я ожидал, что край этот красив, а оказалось, что вовсе нет. Так как <hi>*станица</hi>* расположена в низкой местности, то нет дальних видов, затем квартира плоха, как и всё, что составляет удобства в жизни. Офицеры все, как вы можете себе представить, совершенно необразованные, но славные люди и, главное, любящие Николеньку. Его начальник, <hi>*Алекстьевъ</hi>*,<note xml:id="note16" resp="volume_editor" index="false">Никита Петрович Алексеев — командир батарейной № 4 батареи 20 артиллерийской бригады, в которой служил гр. H. Н. Толстой, а затем и Лев Николаевич. В 1887 г. Мих. Алекс. Янжул, служивший в этой батарее в 1871—1889 гг. на основании воспоминаний М. И. Сулимовского и П. Л. Фролова, так характеризовал Н. П. Алексеева: «Он слыл «ученым артиллеристом, университантом», отличался крайней религиозностью, особенно любил бывать в церкви, где по целым часам простаивал на коленях, кладя земные поклоны. К этому нужно еще прибавить, что у Никиты Петровича не доставало одного уха, которое откусила ему однажды лошадь. К странностям Никиты Петровича нужно отнести и то еще, что он не мог спокойно видеть, когда офицеры пили водку, в особенности же, если делала это молодежь; между тем, по обычаю того доброго старого времени, все офицеры ежедневно обедали у батарейного командира. И тут Лев Николаевич нередко школьничал, делая вид, что он собирается пить <hi style="opdelimiter">водку.</hi><hi style="opnumber">106</hi></note> маленький человечек, *бѣлокуренькій, рыжеватый, съ хохольчикомъ, съ усиками и бакенбардами, говорящій пронзительнымъ голосомъ*, но прекрасный человек, добрый христианин, напоминающий немного *Алекс. Серг. Воейкова*,<note xml:id="note17" resp="volume_editor" index="false">Александр Сергеевич Воейков (р. 10 января 1801 г.), крапивенский помещик, служил в 1817 г. в л.-гв. Измайловском полку; поручик армии при отставке в 1825 г., опекун малолетних Толстых. А. С. Воейков изображен Толстым в «Романе русского помещика» в лице соседа помещика.</note> только он не ханжа. — Затем *Бу[емскій*<note xml:id="note18" resp="volume_editor" index="false">Николай Иванович Буемский прапорщик легкой № 6 батареи 20 артиллерийской бригады и бригадный адъютант. О нем в дневнике Толстого под 30 марта 1852 г. записано: «Мой мальчуган — молод и мил. Он жмет руки и готов к сердечным излияниям». В рассказе «Набег» прапорщик Аланин напоминает Буемского; его же черты внесены в образ Володи Ковельцова в «Севастополе в августе». В архиве Толстого (АТБ) сохранилось одно письмо к нему Н. И. Буемского, напечатанное в «Сборнике материалов для описания местностей и племен Кавказа», выпуск 46. Махач-Кала. 1929.</note>] молодой офицер — ребенок и добрый малый, напоминающий <note xml:id="note19" resp="volume_editor" index="false"><hi>Петрушу*.</hi>Вероятно, Петр Александрович Воейков (р. 22 августа 1828 г., ум. в 1894 г.), сын опекуна Толстых Александра Сергеевича Воейкова, подпоручик, владелец сельца Даниловки Крапивенского уезда, служил по выборам в земских учреждениях. Женат был на дочери майора Александре Дмитриевне Симоновой.</note> — Затем старый капитан <hi>*Хилковскій*</hi>,<note xml:id="note20" resp="volume_editor" index="false">Хилковский (ум. в 1854 г.) капитан № 4 батареи 20 артиллерийской бригады. В письме к Толстому от 21 сентября 1854 г. Н. П. Алексеев писал: «Хилковский и Олифер приказали вам долго жить. Как много хлопотал первый о переводе на родину и для чего же. Чтоб там лечь костьми. Дай бог ему царство небесное, был добрый и благородный человек и прекрасный товарищ». Вероятно Хилковский послужил отчасти прототипом для капитана Хлопова в рассказе «Набег».</note> из уральских казаков, старый солдат, простой, но благородный, храбрый и добрый. — Сознаюсь, что вначале многое меня коробило в этом обществе, потом я свыкся с ним, хотя не сошелся ни с одним из этих господ. Я нашел подходящую середину, в которой нет ни гордости, ни фамильярности; впрочем, в этом мне только приходилось следовать примеру Николеньки. Едва приехав, Николенька получил приказ ехать *въ Староюртовское укрѣпленіе<note xml:id="note21" resp="volume_editor" index="false">Старый Юрт — Чеченский поселок Грозненского отдела Терской области, в 8 в. от Грозного, основанный в 1705 г.</note> для прикрытія больныхъ въ Горячеводскомъ лагерѣ*.<note xml:id="note22" resp="volume_editor" index="false">Горячеводские минеральные источники на северном склоне Терского хребта в 3<hi>1</hi>/<sub>2</sub> в. от Староюртовской станицы известны с 1770 г.</note> Недавно открылись горячие и минеральные источники различных качеств, целебные, говорят, для простудных болезней, для ран и, в особенности, для болезней... Говорят даже, что эти воды лучше *Пятигорскихъ*.<note xml:id="note23" resp="volume_editor" index="false">Пятигорск — уездный город Ставропольской губернии, курорт. Открытие Пятигорских минеральных вод относят к 1774 г., хотя есть известие, что еще Петр. Великий знал об их существовании. Город начал развиваться и обстраиваться в 1820-ых гг.</note> Николенька уехал через неделю после своего приезда, я поехал вслед за ним, и вот уже почти три недели, как мы здесь,<note xml:id="note24" resp="volume_editor" index="false">В дневнике Толстого под 11 июня записано: «дней пять я живу здесь», т. е. в Старом-Юрте.</note> живем в палатке, но так как погода прекрасная, и я понемногу привыкаю к этим условиям — мне хорошо. Здесь чудесные виды, начиная с той местности, где самые источники: огромная гора камней, громоздящихся друг на друга; иные оторвавшись составляют как бы гроты, другие висят на большой высоте, пересекаемые потоками горячей воды, которые с шумом срываются в иных местах и застилают, особенно по утрам, верхнюю часть горы белым паром, непрерывно подымающимся от этой кипящей воды. Вода до такой степени горяча, что яйца свариваются *(въ крутую)* в три минуты. — В овраге на главном потоке стоят три мельницы одна над другой. Они строятся здесь совсем особенным образом и очень живописны. Весь день татарки<note xml:id="note25" resp="volume_editor" index="false">В действительности татар в Старом Юрте не было, но так как чеченцы (местное население) — мусульмане, то их и другие кавказские народности в то время часто называли татарами. Так и в «Кавказском пленнике» Толстой называет горцев татарами.</note> приходят стирать белье и над мельницами и под ними. Нужно вам сказать, что стирают они ногами. Точно копошащийся муравейник. Женщины в большинстве красивы и хорошо сложены. Восточный их наряд прелестен, хотя и беден. Живописные группы женщин и дикая красота местности — прямо очаровательная картина, и я часто часами любуюсь ею. А сверху горы вид в другом роде и еще прекраснее; боюсь однако наскучить вам своими описаниями. Я рад, что я на водах и пользуюсь ими. Беру ванны из <hi style="opdelimiter">железистого</hi><hi style="opnumber">105</hi> <hi style="npnumber">106</hi><hi style="npdelimiter">источника,</hi> и боль в ногах прошла. У меня давно ревматизмы, а после путешествия по воде, вероятно, я еще простудился. Редко я был так здоров, как теперь и, несмотря на сильную жару, я много двигаюсь. Офицеры здесь в том же роде как те, о которых я вам говорил; их много. Я знаком со всеми, и наши отношения тоже такие, какие я вам описывал. Скажите Сереже, что я его целую и что то, что я написал вам, ровно то же, что я написал бы и ему, и что я жду от него письма. Он знает, что меня может интересовать, поэтому ему будет не трудно заполнить письмо. — Прощайте, дорогая тетенька, целую ваши ручки.</p>
<lb/>
<p rend="petit left"><hi>Рукой гр. H. Н. Толстого.</hi></p>
<comments><p rend="petit left">Добрая тетенька! Около двух месяцев ни от вас, ни от других не было известий, и вы можете представить себе, как мы обрадовались вашим письмам. Теперь мы пробудем здесь довольно долго, я по крайней мере до сентября, и переписка наша установится; сегодня же приписываю вам только несколько слов, так как Левочка уже описал вам всё довольно подробно. Итак, прощайте, добрая тетенька, целую ваши ручки. Ваш покорный и любящий племянник гр. Н. Толстой.</p>
<p rend="Textpetit_otstup left">Печатается по автографу, хранящемуся в АТБ. Впервые опубликованы отрывки из письма (по-французски и в переводе) П. И. Бирюковым в Б, I, 1906, стр. 171—172 и 173—174; почти полностью (без двух фраз в середине текста и без приписки гр. H. Н. Толстого, только в переводе) опубликованы П. А. Сергеенко в ПТС, I, стр. 9—11; впервые полностью (только в переводе) опубликовано в Бир., XX, 1913, стр. 13—15. Датируется на основании слов о письме Толстого: «от 22-го», упоминаемом в письме от 24 июня № 47.</p>
<p rend="Textpetit_otstup left"><hi>1 </hi>Письмо гр. В. П. Толстого от середины мая 1851 г. с припиской Т. А. Ергольской сохранилось в АТБ.</p>
<p rend="petit left"><hi>2 </hi>Старогладовская (правильнее «Старогладковская») — станица Терской области, на левом берегу р. Терека. Описана в «Казаках» под именем Новомлинской станицы.</p>
<p rend="petit left"><hi>3 </hi>Гр. Николай Николаевич Толстой.</p>
<p rend="petit left"><hi>4 </hi>Никита Петрович Алексеев — командир батарейной № 4 батареи 20 артиллерийской бригады, в которой служил гр. H. Н. Толстой, а затем и Лев Николаевич. В 1887 г. Мих. Алекс. Янжул, служивший в этой батарее в 1871—1889 гг. на основании воспоминаний М. И. Сулимовского и П. Л. Фролова, так характеризовал Н. П. Алексеева: «Он слыл «ученым артиллеристом, университантом», отличался крайней религиозностью, особенно любил бывать в церкви, где по целым часам простаивал на коленях, кладя земные поклоны. К этому нужно еще прибавить, что у Никиты Петровича не доставало одного уха, которое откусила ему однажды лошадь. К странностям Никиты Петровича нужно отнести и то еще, что он не мог спокойно видеть, когда офицеры пили водку, в особенности же, если делала это молодежь; между тем, по обычаю того доброго старого времени, все офицеры ежедневно обедали у батарейного командира. И тут Лев Николаевич нередко школьничал, делая вид, что он собирается пить <hi style="opdelimiter">водку.</hi><hi style="opnumber">106</hi></p>
<p rend="petit left"><hi style="npnumber">107</hi><hi style="npdelimiter">Тогда</hi> Никита Петрович серьезнейшим образом начинал убеждать его не делать этого и, по своему обыкновению, предлагал вместо водки конфекты». (М. А. Янжул «К биографии Л. Н. Толстого» — «Русская старина», 1900, № 2, стр. 335.) Н. П. Алексеев очень часто упоминается в дневнике Толстого зa время пребывания последнего на Кавказе. В архиве Толстого (АТБ) Сохранилось шесть писем Н. П. Алексеева ко Льву Николаевичу и пять писем к Николаю Николаевичу. Письма Н. П. Алексеева к Л. Н. Толстому опубликованы в «Сборнике материалов для описания местностей и племен Кавказа», выпуск 46. Махач-Кала. 1929.</p>
<p rend="petit left"><hi>5 </hi>Александр Сергеевич Воейков (р. 10 января 1801 г.), крапивенский помещик, служил в 1817 г. в л.-гв. Измайловском полку; поручик армии при отставке в 1825 г., опекун малолетних Толстых. А. С. Воейков изображен Толстым в «Романе русского помещика» в лице соседа помещика.</p>
<p rend="petit left"><hi>6 </hi>Николай Иванович Буемский прапорщик легкой № 6 батареи 20 артиллерийской бригады и бригадный адъютант. О нем в дневнике Толстого под 30 марта 1852 г. записано: «Мой мальчуган — молод и мил. Он жмет руки и готов к сердечным излияниям». В рассказе «Набег» прапорщик Аланин напоминает Буемского; его же черты внесены в образ Володи Ковельцова в «Севастополе в августе». В архиве Толстого (АТБ) сохранилось одно письмо к нему Н. И. Буемского, напечатанное в «Сборнике материалов для описания местностей и племен Кавказа», выпуск 46. Махач-Кала. 1929.</p>
<p rend="petit left"><hi>7 </hi>Вероятно, Петр Александрович Воейков (р. 22 августа 1828 г., ум. в 1894 г.), сын опекуна Толстых Александра Сергеевича Воейкова, подпоручик, владелец сельца Даниловки Крапивенского уезда, служил по выборам в земских учреждениях. Женат был на дочери майора Александре Дмитриевне Симоновой.</p>
<p rend="petit left"><hi>8 </hi>Хилковский (ум. в 1854 г.) капитан № 4 батареи 20 артиллерийской бригады. В письме к Толстому от 21 сентября 1854 г. Н. П. Алексеев писал: «Хилковский и Олифер приказали вам долго жить. Как много хлопотал первый о переводе на родину и для чего же. Чтоб там лечь костьми. Дай бог ему царство небесное, был добрый и благородный человек и прекрасный товарищ». Вероятно Хилковский послужил отчасти прототипом для капитана Хлопова в рассказе «Набег».</p>
<p rend="petit left"><hi>9 </hi>Старый Юрт — Чеченский поселок Грозненского отдела Терской области, в 8 в. от Грозного, основанный в 1705 г.</p>
<p rend="petit left"><hi>10 </hi>Горячеводские минеральные источники на северном склоне Терского хребта в 3/<sub>2</sub> в. от Староюртовской станицы известны с 1770 г.</p>
<p rend="petit left"><hi>11 </hi>Пятигорск — уездный город Ставропольской губернии, курорт. Открытие Пятигорских минеральных вод относят к 1774 г., хотя есть известие, что еще Петр. Великий знал об их существовании. Город начал развиваться и обстраиваться в 1820-ых гг.</p>
<p rend="petit left"><hi>12 </hi>В дневнике Толстого под 11 июня записано: «дней пять я живу здесь», т. е. в Старом-Юрте.</p>
<p rend="petit left"><hi>13 </hi>В действительности татар в Старом Юрте не было, но так как чеченцы (местное население) — мусульмане, то их и другие кавказские народности в то время часто называли татарами. Так и в «Кавказском пленнике» Толстой называет горцев татарами.</p>
<p rend="left secend"><hi style="opnumber">107</hi> <hi style="npnumber">108</hi></p>
</comments></div></body>
        </text>
        </TEI>
