<?xml version="1.0" encoding="UTF-8"?>
    <!-- <?xml-stylesheet type="text/xsl" target="../resources/MJT/myletter.xsl"?> -->
    <?xml-stylesheet type="css" target="graves.css"?>
    <?xml-model target="http://www.tei-c.org/release/xml/tei/custom/schema/relaxng/tei_all.rng" type="application/xml" schematypens="http://relaxng.org/ns/structure/1.0"?>
    <?xml-model target="http://www.tei-c.org/release/xml/tei/custom/schema/relaxng/tei_all.rng" type="application/xml"
            schematypens="http://purl.oclc.org/dsdl/schematron"?>
    <TEI xmlns="http://www.tei-c.org/ns/1.0">
       <teiHeader>
          <fileDesc>
             <titleStmt>
                <title>Письмо №261. Гр. А. А. Толстой.</title>
             </titleStmt>
             <publicationStmt>
                <publisher>TolstoyLab</publisher>
                <date when="2015-09-14">14 September 2015</date>
             </publicationStmt>
             <sourceDesc>
                <biblStruct>
                   <analytic>
                      <author>Толстой Л.Н.</author>
                   </analytic>
                   <monogr>
                      <title level="m">Полное собрание сочинений. Том 60</title>
                      <imprint>
                         <pubPlace>Москва</pubPlace>
                         <publisher>Государственное издательство "Художественная литература"</publisher>
                         <date when="1949"/>
                      </imprint>
                   </monogr>
                   <series>
                      <title level="s">Л.Н. Толстой. Полное собрание сочинений</title>
                      <biblScope unit="vol">60</biblScope>
                   </series>
                </biblStruct>
				<bibl>Впервые опубликовано в ПТ, стр. 179—181.</bibl>
             </sourceDesc>
          </fileDesc>
          <encodingDesc>
             <tagsDecl> </tagsDecl>
          </encodingDesc>
          <profileDesc>
             <correspDesc>
                <correspAction type="sending">
                   <persName ref="PersonList.xml#L_N_Tolstoy">Л. Н. Толстой</persName>
                   <placeName ref="PlacesListxml#PLACE">Я. П.</placeName>
                   <date when="1862-10-08">1862 г. Октября 8.</date>            </correspAction>
                <correspAction type="receiving">
                   <persName ref="PersonList.xml#RECEIVER">Гр. А. А. Толстой</persName>
                </correspAction>
                <correspContext>
                   <ref type="prev"></ref>
                </correspContext>
             </correspDesc>
          </profileDesc>
       </teiHeader>
       <xenoData><number type="in a volume">261</number></xenoData>

              <text xml:id="gr.A.A.Tolstoj_261">
	<body><div>
		<opener index="false">
261. Гр. А. А. Толстой.
1862 г. Октября 8. Я. П.</opener>
<p rend="left"><hi>Рукой С. А. Толстой — подлинник по-французски:</hi></p>
<p rend="Textpetit_otstup left">Ваше милое письмо,<note xml:id="note1" resp="volume_editor" index="false"> Письмо А. А. Толстой не сохранилось.</note> моя дорогая новая тетушка, было для меня приятной неожиданностью. Я еще не могла заслужить вашего расположения и знаю, что вы так добры и милы ко мне только благодаря Léon. Он мне столько говорил о вас, что я уже привыкла вас любить и ценить вашу любовь к моему мужу. Я уже вас знаю немного по вашим письмам к нему, которые он мне показал, и также по вашему портрету, который я у него похитила. Я сделаю всё возможное, чтобы он был счастлив, <hi style="opdelimiter">и</hi><hi style="opnumber">451</hi> <hi style="npnumber">452</hi><hi style="npdelimiter">знаю,</hi> что только этим могу заслужить вашу любовь. В моем же счастье я никогда не сомневалась. Я знаю Léon с детства и всегда любила его всем сердцем.</p>
<p rend="petit left">Надеюсь, что мы скоро поедем в Петербург и тогда, наконец, я буду иметь счастье познакомиться с вами. А если когда-нибудь вам случится быть в Москве, maman<note xml:id="note2" resp="volume_editor" index="false"> Л. А. Берс.</note> будет очень рада повидаться с вами: ведь она также знакома с вами по рассказам Léon. Прошу вас передать мое почтение вашей матушке<note xml:id="note3" resp="volume_editor" index="false"> П. В. Толстая.</note> и двум другим моим тетушкам.<note xml:id="note4" resp="volume_editor" index="false"> Елизавета Андреевна и Софья Андреевна Толстые.</note></p>
<p rend="petit right">Ваша почтительная племянница гр. София Толстая.</p>
<p rend="petit left">8 октября 1862 г.</p>
<p rend="left"><hi>Рукой Толстого:</hi></p>
<p rend="left">Мне досадно за это письмо к вам от Сони, дорогой друг Alexandrine, я чувствую, что ваши прямые отношения будут совсем другие, — а между прочим, должно быть, так надо. Вы понимаете, что я про нее теперь не могу говорить правды — я сам себя боюсь и боюсь недоверия других. Одно — сразу она поражает тем, что она честный человек, именно <hi>честный</hi> и именно <hi>человек.</hi> Вот вы ее увидите, Бог даст.</p>
<p rend="left">Какое прелестное, дорогое мне ваше письмо; как оно приходится в тон того счастливого, нового счастливого положения, в котором я живу теперь два месяца. Куда это идет? — не знаю, только с каждым днем мне спокойнее и лучше. Я было уж устал делать счеты с собою, начинать новые жизни (помните), было примирился с своей гадостью, стал себя считать, хоть не положительно, но сравнительно хорошим; теперь же я отрекся от своего прошедшего, как никогда не отрекался, чувствую всю свою мерзость всякую секунду, примериваясь к ней, к Соне, «<hi>но строк печальных не смываю</hi>».<note xml:id="note5" resp="volume_editor" index="false"> Из стихотворения Пушкина «Воспоминание». Первые четыре строфы этого стихотворения приводит Толстой в своих «Воспоминаниях». См. также В. Чертков, «От главного редактора», т. 46, стр. VIII.</note> Вот 2 недели и я как будто чувствую себя чистым еще и всякую секунду дрожу за себя: вот-вот спотыкнешься. Так страшно ответственно жить вдвоем. Я вам это всё пишу от того, что я вас всей душой люблю. Это святая правда. Ужасно страшно мне жить теперь, так чувствуешь жизнь, чувствуешь, что всякая секунда жизни в правду, а не такая, как прежде была — так покаместа. —</p>
<p rend="left">Главный вопрос, интересующий вас во мне, еще не тронут, но я чувствую себя мягким, восприимчивым на всё. Пишите мне, пожалуйста, по старому. Прощайте. —</p>
<p rend="left">Она читает это письмо и ничего не понимает и не хочет понимать, и не нужно ей понимать; то самое, до чего наш брат доходит целым трудовым болезненным кругом сомнений, страданий, для этих счастливых иначе не может <hi style="opdelimiter">быть.</hi><hi style="opnumber">452</hi></p>
<p rend="left"><hi style="npnumber">453</hi><hi style="npdelimiter"><hi>Рукой</hi></hi> <hi>С. А. Толстой:</hi></p>
<p rend="petit left">Я не могу, милая тетенька, оставить всё это так. Он ошибается, я всё понимаю, всё решительно, что до него касается, а письмо его так мрачно оттого, что у него болит голова и он не в духе.</p>
<p rend="left"><hi>Рукой Толстого:</hi></p>
<comments><p rend="left">Ну, вот видите!</p>
<p rend="Textpetit_otstup left">Впервые опубликовано в ПТ, стр. 179—181.</p>
<p rend="Textpetit_otstup left"><hi>1</hi> Письмо А. А. Толстой не сохранилось.</p>
<p rend="petit left"><hi>2</hi> Л. А. Берс.</p>
<p rend="petit left"><hi>3</hi> П. В. Толстая.</p>
<p rend="petit left"><hi>4</hi> Елизавета Андреевна и Софья Андреевна Толстые.</p>
<p rend="petit left"><hi>5</hi> Из стихотворения Пушкина «Воспоминание». Первые четыре строфы этого стихотворения приводит Толстой в своих «Воспоминаниях». См. также В. Чертков, «От главного редактора», т. 46, стр. VIII.</p>
<p rend="petit left">А. А. Толстая ответила на это письмо 10 ноября 1862 г. См. ПТ, стр. 281—282.</p>
</comments></div></body>
        </text>
        </TEI>
