<?xml version="1.0" encoding="UTF-8"?>
    <!-- <?xml-stylesheet type="text/xsl" target="../resources/MJT/myletter.xsl"?> -->
    <?xml-stylesheet type="css" target="graves.css"?>
    <?xml-model target="http://www.tei-c.org/release/xml/tei/custom/schema/relaxng/tei_all.rng" type="application/xml" schematypens="http://relaxng.org/ns/structure/1.0"?>
    <?xml-model target="http://www.tei-c.org/release/xml/tei/custom/schema/relaxng/tei_all.rng" type="application/xml"
            schematypens="http://purl.oclc.org/dsdl/schematron"?>
    <TEI xmlns="http://www.tei-c.org/ns/1.0">
       <teiHeader>
          <fileDesc>
             <titleStmt>
                <title>Письмо №199. Т. А. Ергольской.</title>
             </titleStmt>
             <publicationStmt>
                <publisher>TolstoyLab</publisher>
                <date when="2015-09-14">14 September 2015</date>
             </publicationStmt>
             <sourceDesc>
                <biblStruct>
                   <analytic>
                      <author>Толстой Л.Н.</author>
                   </analytic>
                   <monogr>
                      <title level="m">Полное собрание сочинений. Том 60</title>
                      <imprint>
                         <pubPlace>Москва</pubPlace>
                         <publisher>Государственное издательство "Художественная литература"</publisher>
                         <date when="1949"/>
                      </imprint>
                   </monogr>
                   <series>
                      <title level="s">Л.Н. Толстой. Полное собрание сочинений</title>
                      <biblScope unit="vol">60</biblScope>
                   </series>
                </biblStruct>
				<bibl>Впервые опубликовано в Б. I, 1, стр. 394—395.</bibl>
             </sourceDesc>
          </fileDesc>
          <encodingDesc>
             <tagsDecl> </tagsDecl>
          </encodingDesc>
          <profileDesc>
             <correspDesc>
                <correspAction type="sending">
                   <persName ref="PersonList.xml#L_N_Tolstoy">Л. Н. Толстой</persName>
                   <placeName ref="PlacesListxml#PLACE">Дрезден.</placeName>
                   <date when="1861-04-06">1861 г. Апреля 6</date>            </correspAction>
                <correspAction type="receiving">
                   <persName ref="PersonList.xml#RECEIVER">Т. А. Ергольской</persName>
                </correspAction>
                <correspContext>
                   <ref type="prev"></ref>
                </correspContext>
             </correspDesc>
          </profileDesc>
       </teiHeader>
       <xenoData><number type="in a volume">199</number></xenoData>

              <text xml:id="T.A.Ergolskoj_199">
	<body><div>
		<opener index="false">
199. Т. А. Ергольской.
1861 г. Апреля 6/18. Дрезден.</opener>
<p rend="left">Je viens de recevoir votre lettre<note xml:id="note1" resp="volume_editor" index="false"> Письмо Т. А. Ергольской от 11 февраля 1861 г., где она писала, что очень беспокоится, не получая писем Толстого.</note>, chère tante, ici à Dresden, où j’arrive ce matin. Je crois que vous avez dû recevoir plusieurs de mes lettres, et que vous êtes tranquillisée sur mon compte.<note xml:id="note2" resp="volume_editor" index="false"> Эти письма не сохранились.</note> Je me porte bien et brule d’envie de retourner en Russie. Mais une fois en Europe et ne sachant quand j’y retournerai vous comprenez que j’ai voulu profiter autant que possible de mon voyage. Et je crois l’аѵоіг fait. Je rapporte une si grande quantité d’impressions de connaissances que je devrais travailler longtemps, avant de pouvoir mettre tout cela en ordre dans ma tête. Je compte rester à Dresden jusqu’au 10/22 et pour Pacques dans tous les cas je me propose d’être à Ясное.<note xml:id="note3" resp="volume_editor" index="false"> Толстой вернулся в Ясную Поляну в начале мая. Первый день пасхи в 1861 г. приходился на 23 апреля.</note> D’ici si vers le 25 la navigation n’aura pas commencé j’irais par Varsovie à Pétersbourg, où il faut que je sois pour obtenir la <hi style="opdelimiter">permission</hi><hi style="opnumber">378</hi> <hi style="npnumber">379</hi><hi style="npdelimiter">pour</hi> le journal<note xml:id="note4" resp="volume_editor" index="false"> Журнал «Ясная Поляна. Школа. Журнал педагогический, издаваемый гр. Л. Н. Толстым». Вышли №№ 1—12. Подробнее см. в т. 8.</note> que je compte rédiger à l’école de Ясное. Ecrivez moi je vous prie un môt à Pétersbourg (Давыдову, в книжный магазин, на Невском) et dites moi comment vous vous portez ainsi que tante Pauline (je lui baise les mains) et Serge et tout à Ясное, чтобы я мог с веселым и спокойным духом возвращаться. —</p>
<p rend="left">Adieu, je vous baise les mains. Я везу с собой немца из Университета учителя и прикащика, очень милого и образованного, но еще очень молодого и непрактического человека.<note xml:id="note5" resp="volume_editor" index="false"> Густав Федорович Келер. См. №№ 201 и 282.</note></p>
<p rend="right">Л. Толстой.</p>
<p rend="left">18 Апреля.</p>
<p rend="left">Дрезден.</p>
<lb/>
<p rend="left"><hi>На конверте</hi>:</p>
<p rend="left">Ее Высокоблагородию Татьяне Александровне Ергольской.</p>
<comments><p rend="Textpetit_otstup left">Только что получил ваше письмо,<note xml:id="note6" resp="volume_editor" index="false"> Письмо Т. А. Ергольской от 11 февраля 1861 г., где она писала, что очень беспокоится, не получая писем Толстого.</note> дорогая тетенька, здесь в Дрездене, куда приехал сегодня утром. Думаю, что вы уже должны были получить несколько моих писем и успокоились относительно меня.<note xml:id="note7" resp="volume_editor" index="false"> Эти письма не сохранились.</note> Я здоров и сгораю от нетерпения вернуться в Россию. Но, попав в Европу и не зная, когда снова попаду сюда, вы понимаете, что я всячески стараюсь как можно больше воспользоваться моим путешествием. И, кажется, мне это удалось. Я везу с собой столько впечатлений и столько знаний, что мне придется долго работать, чтобы уместить всё это в порядке в голове. В Дрездене рассчитываю пробыть до 10/2, а к Пасхе во всяком случае быть в Ясном.<note xml:id="note8" resp="volume_editor" index="false"> Толстой вернулся в Ясную Поляну в начале мая. Первый день пасхи в 1861 г. приходился на 23 апреля.</note> Ежели к 25-му здесь не откроется навигация, я поеду через Варшаву в Петербург, где я должен быть для получения разрешения на журнал,<note xml:id="note9" resp="volume_editor" index="false"> Журнал «Ясная Поляна. Школа. Журнал педагогический, издаваемый гр. Л. Н. Толстым». Вышли №№ 1—12. Подробнее см. в т. 8.</note> который собираюсь издавать в школе в Ясном. Черкните мне, пожалуйста, словечко в Петербург (Давыдову, в книжный магазин на Невском) о своем здоровье, о тете Полине (целую ее ручки), о Сереже и обо всем в Ясном, чтобы я мог с веселым и спокойным духом возвращаться. —</p>
<p rend="petit left">Прощайте, целую ваши ручки.</p>
<p rend="Textpetit_otstup left">Впервые опубликовано в Б. I, 1, стр. 394—395.</p>
<p rend="Textpetit_otstup left"><hi>1</hi> Письмо Т. А. Ергольской от 11 февраля 1861 г., где она писала, что очень беспокоится, не получая писем Толстого.</p>
<p rend="petit left"><hi>2</hi> Эти письма не сохранились.</p>
<p rend="petit left"><hi>3</hi> Толстой вернулся в Ясную Поляну в начале мая. Первый день пасхи в 1861 г. приходился на 23 апреля.</p>
<p rend="petit left"><hi>4</hi> Журнал «Ясная Поляна. Школа. Журнал педагогический, издаваемый гр. Л. Н. Толстым». Вышли №№ 1—12. Подробнее см. в т. 8.</p>
<p rend="petit left"><hi>5</hi> Густав Федорович Келер. См. №№ 201 и 282.</p>
<p rend="emptyline left"><hi style="opnumber">379</hi> <hi style="npnumber">380</hi></p>
</comments></div></body>
        </text>
        </TEI>
