<?xml version="1.0" encoding="UTF-8"?>
    <!-- <?xml-stylesheet type="text/xsl" target="../resources/MJT/myletter.xsl"?> -->
    <?xml-stylesheet type="css" target="graves.css"?>
    <?xml-model target="http://www.tei-c.org/release/xml/tei/custom/schema/relaxng/tei_all.rng" type="application/xml" schematypens="http://relaxng.org/ns/structure/1.0"?>
    <?xml-model target="http://www.tei-c.org/release/xml/tei/custom/schema/relaxng/tei_all.rng" type="application/xml"
            schematypens="http://purl.oclc.org/dsdl/schematron"?>
    <TEI xmlns="http://www.tei-c.org/ns/1.0">
       <teiHeader>
          <fileDesc>
             <titleStmt>
                <title>Письмо №* 19. Гр. С. Н. Толстому.</title>
             </titleStmt>
             <publicationStmt>
                <publisher>TolstoyLab</publisher>
                <date when="2015-09-14">14 September 2015</date>
             </publicationStmt>
             <sourceDesc>
                <biblStruct>
                   <analytic>
                      <author>Толстой Л.Н.</author>
                   </analytic>
                   <monogr>
                      <title level="m">Полное собрание сочинений. Том 59</title>
                      <imprint>
                         <pubPlace>Москва</pubPlace>
                         <publisher>Государственное издательство "Художественная литература"</publisher>
                         <date when="1935"/>
                      </imprint>
                   </monogr>
                   <series>
                      <title level="s">Л.Н. Толстой. Полное собрание сочинений</title>
                      <biblScope unit="vol">59</biblScope>
                   </series>
                </biblStruct>
				<bibl>Печатается по автографу, хранящемуся в ГТМ. Впервые опубликованы отрывки из письма (с неверной датой: «1848») П. И. Бирюковым в Б, I, 1906, стр. 154—155; несколько бòльшие отрывки даны (тоже с неверной датой: «1848») в ПТС I, стр. 2—4.</bibl>
             </sourceDesc>
          </fileDesc>
          <encodingDesc>
             <tagsDecl> </tagsDecl>
          </encodingDesc>
          <profileDesc>
             <correspDesc>
                <correspAction type="sending">
                   <persName ref="PersonList.xml#L_N_Tolstoy">Л. Н. Толстой</persName>
                   <placeName ref="PlacesListxml#PLACE">Петербург.</placeName>
                   <date when="1849-05-01">1849 г. Мая 1.</date>            </correspAction>
                <correspAction type="receiving">
                   <persName ref="PersonList.xml#RECEIVER">Гр. С. Н. Толстому</persName>
                </correspAction>
                <correspContext>
                   <ref type="prev"></ref>
                </correspContext>
             </correspDesc>
          </profileDesc>
       </teiHeader>
       <xenoData><number type="in a volume">19</number></xenoData>

              <text xml:id="Gr.S.N.Tolstomu_19">
	<body><div>
		<opener index="false">
* 19. Гр. С. Н. Толстому.
1849 г. Мая 1. Петербург.
</opener><p rend="right">Читай это письмо одинъ.</p>

<p rend="Obrashenie left">Сережа.</p>
<p rend="left">Ты, я думаю, уже говоришь, что я <hi>самый пустяшной малой; </hi>и говоришь правду. — Богъ знаетъ, что я надѣлалъ! — Поѣхалъ безъ всякой причины въ Петербургъ, ничего тамъ путнаго не сдѣлалъ, только прожилъ пропасть денегъ и задолжалъ. Глупо. — Невыносимо глупо. — Ты не повѣришь, какъ это меня мучаетъ. — Главное долги, которые мнѣ <hi>нужно</hi> заплатить и <hi>какъ можно скорѣе</hi>, потому что, ежели я ихъ заплачу не скоро, то я сверхъ денегъ потеряю и репутацію. — Ради Бога, сдѣлай вотъ что: Не говоря теткамъ и Андрею, почему и зачѣмъ, продай Воротынку<note xml:id="note1" resp="volume_editor" index="false"> Воротынка, или правильнее Малая Воротынка, имение Богородицкого у. Тульской губ. с 22 душами, доставшееся по разделу 1847 г. Толстому.</note> Уварову<note xml:id="note2" resp="volume_editor" index="false"> Кто такой Уваров — сказать не можем.</note> или Селезневу.<note xml:id="note3" resp="volume_editor" index="false"> Дмитрий Степанович Селезнев (1807—188.) — тульский помещик, скупавший земли. В 1879 г. у него было родовых в Тульской губ. 5400 дес. и купленных в разных губерниях 3200 дес.</note> Это моя послѣдняя ресурса, но без которой я не обойдусь, какъ для того, чтобы прожить, такъ и для того, чтобы въ Опекунской совѣтъ заплатить. Мнѣ до новаго дохода необходимо 3,500 р. серебромъ, — 1,200 въ 0. с.; 1,600 заплатить долги; 700 на прожитокъ. — Я знаю, ты будешь ахать, но что-же дѣлать, глупости дѣлаютъ разъ въ жизни. Надо было мнѣ поплатится за свою свободу и философію, вотъ я и поплатился.</p>
<p rend="left">Некому было сѣчь. Это главное несчастіе.</p>
<p rend="left">Сдѣлай милость, похлопочи, чтобы вывести меня изъ фальшиваго и гадкаго положенія, въ которомъ я теперь — безъ гроша денегъ и кругомъ долженъ. — Мнѣ въ наискорѣйшемъ времени нужно сюда 800 р. с. и въ Москвѣ, какъ я писалъ Андрею, 300 и еще 150. За лѣсъ и лошадей получатъ вѣрно 1,400, всѣ ихъ и нужно разослать — 450 въ М[оскву], а остальные сюда. —</p>
<p rend="left">Воротынку-же можно скоро запродать, препятствiй, я думаю, никакихъ нѣтъ. Оболенскій<note xml:id="note4" resp="volume_editor" index="false"> Кн. Дмитр. Алдр. Оболенский. О нем прим. 7 к п. № 12.</note> говоритъ, что по Щербач. перезалогу вся задержка въ довѣренности: нѣтъ ни твоей, ни моей, ни Маш[инькиной]<note xml:id="note5" resp="volume_editor" index="false"> Гр. Мар. Ник. <hi style="opdelimiter">Толстая.</hi><hi style="opnumber">45</hi></note> свою я уже давно послалъ Митинькѣ.<note xml:id="note6" resp="volume_editor" index="false">Гр. Дм. Ник. Толстой.</note> Чего ты не понимаешь <hi>о томъ что мы будемъ квиты долгами</hi>? <note xml:id="note7" resp="volume_editor" index="false">О долге гр. C. Н. Толстому см. прим. 3 к п. № 14.</note> Это значитъ то, что за что я у тебя взялъ даромъ лошадей? Это не было въ раздѣлѣ, да ежели бы и было, то было бы несправедливо, поэтому я тебѣ и писалъ, что съ продажею лошадей мы будемъ квиты 1500 р. с. к[оторые] ты мнѣ б[ылъ] <hi style="opdelimiter">долженъ</hi><hi style="opnumber">44</hi> <hi style="npnumber">45</hi><hi style="npdelimiter">по</hi> раздѣлу... Лошадей ты мнѣ даль вѣрно, коли не больше, чѣмъ на 1500 р. сер. А что я тебѣ это написалъ, а не сказалъ прежде, это потому, что мнѣ и тебѣ было бы неловко объ этомъ говорить. Не знаю отъ чего, а было бы неловко... Ты знаешь вѣрно, что наши войска всѣ идутъ въ походъ, и что часть (2 корпуса) перешли границу, и говорятъ, уже въ Вѣнѣ. Я началъ было держать экзаменъ на кандидата и выдержалъ 2 — хорошо;<note xml:id="note8" resp="volume_editor" index="false">Манифест о содействии австрийскому правительству в подавлении венгерского восстания был издан 28 апреля 1849 г. Тогда же был двинут из Кракова к Вене отряд (из четырех пехотных полков и одной артиллерийской бригады, а не из двух корпусов, как пишет Толстой) под начальством Ф. С. Панютина. Слух, передаваемый Толстым, что отряд «уже в Вене», был неверен. Отряд остановился в Градище (между Ольмюцем и Гедингом).</note> но теперь перемѣнилъ намѣреніе и хочу вступить юнкеромъ въ Конно-Гвардейскій полкъ. Мнѣ совѣстно писать это тебѣ, потому что я знаю, что ты меня любишь, и тебя огорчать всѣ мои глупости и безосновательность. Я даже нѣсколько разъ вставалъ и краснѣлъ отъ этаго письма, что и ты будешь дѣлать, читая его; но что дѣлать, прошедшаго не перемѣнишь, а будущее зависитъ отъ меня. —</p>
<p rend="left">Богъ дастъ, я и исправлюсь и сдѣлаюсь когда нибудь порядочнымъ человѣкомъ, больше всего я надѣюсь на Юнкерскую службу; она меня пріучитъ къ практической жизни и nolens volens<note xml:id="note9" resp="volume_editor" index="false">В статье «Воспитание и образование», написанной в 1862 г., Толстой вспоминал: «В 48 году [Лев Николаевич запамятовал: дело было несомненно в апреле 1849 г.] я держал экзамен на кандидата в Петербургском университете и буквально ничего не знал и буквально начал готовиться за неделю до экзаменов. Я не спал ночи и получил кандидатские балы из гражданского и уголовного права, готовясь из каждого предмета не более недели». Левенфельд со слов Толстого писал, что Лев Николаевич «терпеливо сдал два экзамена по уголовному праву» (Ф. Левенфельд «Гр. Л. Н. Толстой. Его жизнь, произведения и миросозерцание». Перевод с нем. Изд. 2, М. 1904, стр. 39). В письме от 11 мая Толстой пишет, что держал один экзамен. Вероятно в один день был экзамен по двум предметам. Профессором уголовных и полицейских законов в петербургском университете в 1835—1856 г. был Яков Иванович Баршев (1807—1892); профессором российских гражданских законов 1843—1855 гг. был Константин Алексеевич Неволин (1806—1855).</note> мнѣ надо будетъ служить до Офицерского чина. — Съ счастіемъ т. е., ежели Гвардія будетъ въ дѣлѣ, я могу быть произведенъ и прежде 2-хъ-лѣтняго срока, Гвардія идетъ въ походъ въ концѣ Мая. Я теперь ничего не могу дѣлать, потому что, во первыхъ, нѣтъ денегъ, которыхъ мнѣ нужно не много (все казенное), а, во-вторыхъ 2) метрическія свидѣтельства въ Ясной, вѣли ихъ прислать какъ можно скорѣй. Не сердись на меня пожалуйста, я и то теперь слишкомъ чувствую свое ничтожество, и исполни поскорѣй мои порученія. Прощай, не показывай письма этаго тетинькѣ, я не хочу ее огорчать.</p>
<comments><p rend="Textpetit_otstup left">Печатается по автографу, хранящемуся в ГТМ. Впервые опубликованы отрывки из письма (с неверной датой: «1848») П. И. Бирюковым в Б, I, 1906, стр. 154—155; несколько бòльшие отрывки даны (тоже с неверной датой: «1848») в ПТС I, стр. 2—4.</p>
<p rend="Textpetit_otstup left"><hi>1</hi> Воротынка, или правильнее Малая Воротынка, имение Богородицкого у. Тульской губ. с 22 душами, доставшееся по разделу 1847 г. Толстому.</p>
<p rend="petit left"><hi>2</hi> Кто такой Уваров — сказать не можем.</p>
<p rend="petit left"><hi>3</hi> Дмитрий Степанович Селезнев (1807—188.) — тульский помещик, скупавший земли. В 1879 г. у него было родовых в Тульской губ. 5400 дес. и купленных в разных губерниях 3200 дес.</p>
<p rend="petit left"><hi>4</hi> Кн. Дмитр. Алдр. Оболенский. О нем прим. 7 к п. № 12.</p>
<p rend="petit left"><hi>6</hi> Гр. Мар. Ник. <hi style="opdelimiter">Толстая.</hi><hi style="opnumber">45</hi></p>
<p rend="petit left"><hi style="npnumber">46</hi><hi style="npdelimiter"><hi>6 </hi>Гр. Дм.</hi> Ник. Толстой.</p>
<p rend="petit left"><hi>7 </hi>О долге гр. C. Н. Толстому см. прим. 3 к п. № 14.</p>
<p rend="petit left"><hi>8 </hi>Манифест о содействии австрийскому правительству в подавлении венгерского восстания был издан 28 апреля 1849 г. Тогда же был двинут из Кракова к Вене отряд (из четырех пехотных полков и одной артиллерийской бригады, а не из двух корпусов, как пишет Толстой) под начальством Ф. С. Панютина. Слух, передаваемый Толстым, что отряд «уже в Вене», был неверен. Отряд остановился в Градище (между Ольмюцем и Гедингом).</p>
<p rend="petit left"><hi>9 </hi>В статье «Воспитание и образование», написанной в 1862 г., Толстой вспоминал: «В 48 году [Лев Николаевич запамятовал: дело было несомненно в апреле 1849 г.] я держал экзамен на кандидата в Петербургском университете и буквально ничего не знал и буквально начал готовиться за неделю до экзаменов. Я не спал ночи и получил кандидатские балы из гражданского и уголовного права, готовясь из каждого предмета не более недели». Левенфельд со слов Толстого писал, что Лев Николаевич «терпеливо сдал два экзамена по уголовному праву» (Ф. Левенфельд «Гр. Л. Н. Толстой. Его жизнь, произведения и миросозерцание». Перевод с нем. Изд. 2, М. 1904, стр. 39). В письме от 11 мая Толстой пишет, что держал один экзамен. Вероятно в один день был экзамен по двум предметам. Профессором уголовных и полицейских законов в петербургском университете в 1835—1856 г. был Яков Иванович Баршев (1807—1892); профессором российских гражданских законов 1843—1855 гг. был Константин Алексеевич Неволин (1806—1855).</p>
<p rend="petit left"><hi>10 </hi>волей-неволей.</p>
<p rend="petit left">На это письмо гр. С. Н. Толстой ответил неопубликованным письмом от 11 мая 1849 г. (Год письма определяется содержанием: «За лес и лошадей получат верно 1400». Лес — Савин березняк был продан в апреле 1849 г. О лошадях Толстой писал гр. С. Н. Толстому в письме от марта не позднее 25-го 1849 г.) Приводим письмо гр. С. Н. Толстого от 11 мая 1849 г. полностью:</p>
<p rend="petit left">«Завтра еду в Тулу, чтобы видеть Уварова и начать хлопотать о продаже Воротынки. Есть-ли же он раздумал, то пошлю к Селезневу; но вот в чем дело: как я не буду стараться ускорить это дело, всё это кончится не так скоро. Во первых, это не может кончиться прежде полученья денег за Щербачевку, во-вторых, тебе надо дать мне доверенность от себя и прислать, естьли у тебя есть, а естьли нету, то вытребовать доверенность от всех братьев. Напиши мне скорее и подробно об этом, я же покуда буду хлопотать. Лес твой я продал до получения твоего последнего письма, поэтому я так и распорядился деньгами. Естьли бы я получил твое письмо прежде, то я не велел бы посылать 300 рублей серебром в Москву, а послал бы их в Петербург. У Андрея, исключая 150 серебром, посланных к тебе, остается 180 р. серебром. Напиши, куда их послать, к тебе? или в опекунский совет? Ты пишешь, что зa лес и лошадей надо получить 1400 серебр. но ты из следуемых за лес получил 420 р. серебр., следовательно остается 620 рубл. сер. За лошадей же всего получено 200, т. е. зa Надежного. — Итого 880 серебром. Завтра узнаю у Андрея, естьли продажный хлеб. Итак, одна надежда на <hi style="opdelimiter">Воротынку,</hi><hi style="opnumber">46</hi> <hi style="npnumber">47</hi><hi style="npdelimiter">но,</hi> чтобы продать Воротынку, надо необходимо кончить сперва щербачевское дело, а для этого нужно следующее: моя, Машинькина, Николенькина (которая уже есть) и твоя доверенности у Митеньки, потому что Николенька прислал свою Митеньке; ты пишешь, что ты Митеньке доверенность послал, а Митенька же пишет мне, что она не годится. Вот тебе его письмо. Прочти его со вниманием и поймешь, в чем дело, а именно: ты напишешь доверенность о перезалоге Щербачевки на имя Митеньки и, оставя ее у себя в Петербурге, отдашь ее тому, кому Митенька пришлет свою и Николенькину доверенность. Я же с Машенькой сделаю то же; Митеньке же я напишу, чтоб узнать от него, кому он даст доверенность от себя, и следовательно, уже не от нас, чтобы хлопотать о этом деле.</p>
<p rend="petit left">Естьли же и это не удастся, то я скоро получу доверенность от Николеньки, и тогда опять уже тебе, Митеньке и Машеньке нужно будет дать доверенность мне, а я передам ее кому нибудь в Петербурге, хотя Оболенскому. Покуда всё это кончится, я буду хлопотать о продаже Воротынки, напиши мне с первой почтой о цене и о том, естьли у тебя на этот предмет от братьев доверенности. Я писал тебе до сих пор больше не о чем, как о делах, зная, что это больше всего должно тебя занимать. Советовать или отговаривать тебя насчет поступления в Конногвардию я не хочу, потому что я знаю, что советы, даже и самые благоразумные, никогда и никого ни к чему не повели. Но мне кажется, что тебе следовало бы сделать вот что: <hi>сейчас же приехать в деревню.</hi> Я уверен, что тебе это покажется невозможно, но дело вот в чем. — Тебе необходимо в самом коротком времени расплатиться с долгами; насчет этого нечего говорить, надо их заплатить и как можно скорей, хотя это тебя очень стеснит, ибо Воротынка, как ты говоришь сам, твоя последняя рессурса, но дело сделано, помочь ему нельзя; ты говоришь, что глупости делаются в жизни один раз, хорошо, когда бы это было так. А теперь уже самая легкая глупость может расстроить твое состояние совершенно, а состоянье, право, в нашей жизни вещь очень важная особливо, когда кто к нему привык. Но долги твои в Петербурге непременно надо заплатить, и как можно скорей и поэтому (естьли ты не лишен возможности выехать из Петербурга) то надо, как можно скорей приехать в деревню, естьли же тебе по случаю долгов нельзя выехать, то займи где нибудь и употреби все возможные средства и приезжай в деревню. Тебе это должно казаться странно, но прочти до конца: как я ни буду стараться, я никак не кончу так скоро продажу Воротынки, как ты сам. Это вещь невозможная. Сам же ты можешь найти и другие средства достать денег. Вообще всё это кончится вдвое скорее; купчую по доверенности совершить кажется нельзя; да естьли и можно, Уваров и Селезнев уже наверное на это не согласятся, тогда опять будет месяца на два пересылок и переписок. Ты же можешь приехать не более как на две недели со всем с проездом. Дорожные издержки тебе будут верно стоить меньше, чем прожить эти две недели в Петербурге. Поступить в Конногвардию ты точно также можешь по возвращении из деревни. Кстати, скорей выхлопочешь себе метрическое свидетельство (про которое в Ясном никто не знает) и так насчет поступления в службу задержки не будет, насчет издержек расчет один и тот же, теперь остаются два главные <hi style="opdelimiter">пункта».</hi><hi style="opnumber">47</hi></p>
<p rend="petit left"><hi style="npnumber">48</hi><hi style="npdelimiter">1)</hi> <hi>Будет ли тронута твоя репутация тем</hi>, <hi>что ты уедешь из Петербурга не заплатя долги?</hi> — Нет, ибо ты собственно уедешь для того, чтобы скорей расквитаться с долгами. Может и будут в продолжение двух или трех недель, покуда ты не соберешь денег и думать об тебе не совсем то <hi>ловко</hi>, но так как ты сам уверен в том, что долги свои заплатишь и, следовательно, и все эти господа будут удовлетворены, то ни репутация, ни совесть твоя не потерпят ни малейшего вреда. — Теперь последний пункт. Может тебе от долгов нельзя выехать из Петербурга, тогда надо будет тебе как нибудь похлопотать об том, чтобы тебя выпустили, что ты наверное сделаешь, но я уверен, что дела твои еще не так худы. Отвечай мне скорей обо всем подробно. — Гр. С. Толстой». (Публикуется впервые; подлинник в АТБ.)</p>
</comments></div></body>
        </text>
        </TEI>