<?xml version="1.0" encoding="UTF-8"?>
    <!-- <?xml-stylesheet type="text/xsl" target="../resources/MJT/myletter.xsl"?> -->
    <?xml-stylesheet type="css" target="graves.css"?>
    <?xml-model target="http://www.tei-c.org/release/xml/tei/custom/schema/relaxng/tei_all.rng" type="application/xml" schematypens="http://relaxng.org/ns/structure/1.0"?>
    <?xml-model target="http://www.tei-c.org/release/xml/tei/custom/schema/relaxng/tei_all.rng" type="application/xml"
            schematypens="http://purl.oclc.org/dsdl/schematron"?>
    <TEI xmlns="http://www.tei-c.org/ns/1.0">
       <teiHeader>
          <fileDesc>
             <titleStmt>
                <title>Письмо №* 10. Т. А. Ергольской.</title>
             </titleStmt>
             <publicationStmt>
                <publisher>TolstoyLab</publisher>
                <date when="2015-09-14">14 September 2015</date>
             </publicationStmt>
             <sourceDesc>
                <biblStruct>
                   <analytic>
                      <author>Толстой Л.Н.</author>
                   </analytic>
                   <monogr>
                      <title level="m">Полное собрание сочинений. Том 59</title>
                      <imprint>
                         <pubPlace>Москва</pubPlace>
                         <publisher>Государственное издательство "Художественная литература"</publisher>
                         <date when="1935"/>
                      </imprint>
                   </monogr>
                   <series>
                      <title level="s">Л.Н. Толстой. Полное собрание сочинений</title>
                      <biblScope unit="vol">59</biblScope>
                   </series>
                </biblStruct>
				<bibl>Печатается по автографу, хранящемуся в АТБ. Публикуется впервые Письмо датируется предположительно содержанием: живет в Москве сравнительно уже долго.</bibl>
             </sourceDesc>
          </fileDesc>
          <encodingDesc>
             <tagsDecl> </tagsDecl>
          </encodingDesc>
          <profileDesc>
             <correspDesc>
                <correspAction type="sending">
                   <persName ref="PersonList.xml#L_N_Tolstoy">Л. Н. Толстой</persName>
                   <placeName ref="PlacesListxml#PLACE">Москва.</placeName>
                   <date when="1848-12">1848 г. Декабрь?</date>            
				   </correspAction>
                <correspAction type="receiving">
                   <persName ref="PersonList.xml#RECEIVER">Т. А. Ергольской</persName>
                </correspAction>
                <correspContext>
                   <ref type="prev"></ref>
                </correspContext>
             </correspDesc>
          </profileDesc>
       </teiHeader>
       <xenoData><number type="in a volume">10</number></xenoData>

              <text xml:id="T.A.Ergolskoj_10">
	<body><div>
		<opener index="false">
* 10. Т. А. Ергольской.
1848 г. Декабрь? Москва.</opener>
<p rend="left">Письмо, которое я пишу къ Николенькѣ,<note xml:id="note1" resp="volume_editor" index="false">Письмо к гр. H. Н. Толстому неизвестно.</note> очень непонятно, а — переписывать некогда, напишите ему сами объ этомъ и прикажите Андрею вложить въ письмо къ нему <hi>черновую довњренность.</hi></p>
<p rend="left">Mes lettres, chère tante, vous doivent être doublem[ent] agréables: <hi>primo</hi> parce qu’elles vous prouvent que je suis sain et sauf et <hi>secondo</hi> parce qu’elles vous prouvent que je deviens raisonnable. — En arrivant à Moscou j’ai éte très empressé de vous donner de mes nouvelles parce que j’avais de bonnes à vous donner au sujet de mon genre de vie, et puis j’ai cessé de vous en donner par ce que j’étais mécontent de moi. Je me suis tout à fait débauché dans cette vie du monde, à présent tout cela m’embête affreusemen[t] et je rêve de nouveau à ma vie de campagne que je compte reprendre bientôt. Valérien me prie d’être le parrain de son enfant ce qui me ferait grand plaisir si sa rupture avec tante Pauline<note xml:id="note2" resp="volume_editor" index="false">Пелагея Ильинична Юшкова. О ней см. прим. 8 к п. № 4.</note> ne me fer[s]ait<hi>3</hi> trop de peine, dites lui donc de ma part que je ne viendrai pas autrement chez luі qu’avec ma <hi style="opdelimiter">tante.</hi><hi style="opnumber">25</hi></p>
<p rend="left"><hi style="npnumber">26</hi><hi style="npdelimiter">Ayez</hi> la bonté de dire à André que je ne suis plus fâché contre lui et qu’il a très mal fait d’envo[yer] la farine, mais qu’il vaudrait mieux envoyer de l’avoine, s’il reste encore des подводы, en tout cas que j’ai besoin de 200 r. argent et qu’il fasse acheter des chevau[x].</p>
<comments><p rend="Textpetit_otstup left">* Письмо, которое я пишу къ Николенькѣ,<note xml:id="note3" resp="volume_editor" index="false">Письмо к гр. H. Н. Толстому неизвестно.</note> очень непонятно, а переписывать некогда, напишите ему сами объ этомъ и прикажите Андрею вложить въ письмо къ нему <hi>черновую довњренностъ</hi>.*</p>
<p rend="petit left">Мои письма, дорогая тетенька, должны вам быть вдвойне приятны: <hi>во-первых,</hi> они удостоверяют, что я здрав и невредим, а <hi>во-вторых</hi>, что я становлюсь благоразумным. Приехав в Москву, я поспешил известить вас о себе, потому что мог сообщить хорошее о своем образе жизни; а потом я перестал писать потому, что был собой недоволен. Я распустился, предавшись светской жизни. Теперь мне всё это страшно надоело, я снова мечтаю о своей деревенской жизни и намерен скоро к ней вернуться. Валерьян зовет меня быть крестным отцом его ребенка, на что я охотно согласился бы, ежели бы меня не огорчил его разрыв с тетей Полиной.<note xml:id="note4" resp="volume_editor" index="false">Пелагея Ильинична Юшкова. О ней см. прим. 8 к п. № 4.</note> Поэтому передайте ему, что я приеду к нему не иначе, как вместе с тетей. —</p>
<p rend="petit left">Будьте добры сказать Андрею, что я перестал на него сердиться, что напрасно он отправил муку, лучше было бы послать овес, ежели еще имеются * подводы *, что во всяком случае мне необходимы 200 р. сер., и чтобы он распорядился купить лошадей.</p>
<p rend="Textpetit_otstup left">Печатается по автографу, хранящемуся в АТБ. Публикуется впервые Письмо датируется предположительно содержанием: живет в Москве сравнительно уже долго.</p>
<p rend="Textpetit_otstup left"><hi>1 </hi>Письмо к гр. H. Н. Толстому неизвестно.</p>
<p rend="petit left"><hi>2 </hi>Пелагея Ильинична Юшкова. О ней см. прим. 8 к п. № 4.</p>
</comments></div></body>
        </text>
        </TEI>
