<?xml version="1.0" encoding="UTF-8"?>
    <!-- <?xml-stylesheet type="text/xsl" target="../resources/MJT/myletter.xsl"?> -->
    <?xml-stylesheet type="css" target="graves.css"?>
    <?xml-model target="http://www.tei-c.org/release/xml/tei/custom/schema/relaxng/tei_all.rng" type="application/xml" schematypens="http://relaxng.org/ns/structure/1.0"?>
    <?xml-model target="http://www.tei-c.org/release/xml/tei/custom/schema/relaxng/tei_all.rng" type="application/xml"
            schematypens="http://purl.oclc.org/dsdl/schematron"?>
    <TEI xmlns="http://www.tei-c.org/ns/1.0">
       <teiHeader>
          <fileDesc>
             <titleStmt>
                <title>Письмо №* 75. Т. А. Ергольской.</title>
             </titleStmt>
             <publicationStmt>
                <publisher>TolstoyLab</publisher>
                <date when="2015-09-14">14 September 2015</date>
             </publicationStmt>
             <sourceDesc>
                <biblStruct>
                   <analytic>
                      <author>Толстой Л.Н.</author>
                   </analytic>
                   <monogr>
                      <title level="m">Полное собрание сочинений. Том 60</title>
                      <imprint>
                         <pubPlace>Москва</pubPlace>
                         <publisher>Государственное издательство "Художественная литература"</publisher>
                         <date when="1949"/>
                      </imprint>
                   </monogr>
                   <series>
                      <title level="s">Л.Н. Толстой. Полное собрание сочинений</title>
                      <biblScope unit="vol">60</biblScope>
                   </series>
                </biblStruct>
				<bibl>Впервые опубликовано (только в переводе, с датой «18 мая») в Бир. XXI, стр. 153. На обороте конверта рукой Т. А. Ергольской: «23 мая 1857 года».</bibl>
             </sourceDesc>
          </fileDesc>
          <encodingDesc>
             <tagsDecl> </tagsDecl>
          </encodingDesc>
          <profileDesc>
             <correspDesc>
                <correspAction type="sending">
                   <persName ref="PersonList.xml#L_N_Tolstoy">Л. Н. Толстой</persName>
                   <placeName ref="PlacesListxml#PLACE">Кларан.</placeName>
                   <date when="1857-05-06">1857 г. Мая 6</date>            </correspAction>
                <correspAction type="receiving">
                   <persName ref="PersonList.xml#RECEIVER">Т. А. Ергольской</persName>
                </correspAction>
                <correspContext>
                   <ref type="prev"></ref>
                </correspContext>
             </correspDesc>
          </profileDesc>
       </teiHeader>
       <xenoData><number type="in a volume">75</number></xenoData>

              <text xml:id="T.A.Ergolskoj_75">
	<body><div>
		<opener index="false">
* 75. Т. А. Ергольской.
1857 г. Мая 6/18. Кларан.</opener>
<p rend="right">6/18 Мая.</p>
<p rend="left">Je viens de recevoir votre lettre, chère tante, qui m’a trouvé comme vous devez le savoir d’après ma dernière lettre aux environs de Genève à Clarens, dans ce même village où a demeuré la Julie de Rousseau.<note xml:id="note1" resp="volume_editor" index="false"> Героиня романа Руссо «Новая Элоиза» (1759).</note> — Je n’essayerais pas de vous dépeindre la beauté de ce pays surtout à présent quand tout est en feuilles et en fleurs; je vous dirais seulement qu’à la lettre il est impossible de se détacher de ce lac et de ses rivages et que je passe la plus grande partie de mon [temps] à regarder et à admirer en me promenant ou bien en me mettant seulement à la fenêtre de ma <hi style="opdelimiter">chambre.</hi><hi style="opnumber">189</hi></p>
<p rend="left"><hi style="npnumber">190</hi><hi style="npdelimiter">Je</hi> ne cesse de me féliciter de l’idée que j’ai eu de quitter Paris et de venir passer le printemps ici, quoique cela m’aie mérité de votre part le reproche d’inconstance. Vraiment je suis très heureux<note xml:id="note2" resp="volume_editor" index="false"> [Только что получил ваше письмо, дорогая тетенька, которое, как я писал вам в своем последнем письме, застало меня в окрестностях Женевы, в Кларане, в той самой деревне, где жила Юлия Руссо. — Не стану пытаться описывать вам красоту этой местности, особенно в эту пору, когда всё в листьях, всё в цвету, скажу только, что положительно нельзя оторвать глаз от этого озера, от его берегов и что большую часть времени и провожу, любуясь этой красотою, либо гуляя, либо просто из окна <hi style="opdelimiter">своей</hi><hi style="opnumber">190</hi> <hi style="npnumber">191</hi><hi style="npdelimiter">комнаты.</hi> Не переставая, радуюсь, что решил уехать из Парижа и провести здесь весну, хотя этим и заслужил ваш упрек в непостоянстве. Действительно, я необыкновенно счастливый]</note> и начинаю чувствовать выгоды в рубашечке родиться. Il у a ici une société charmante de Russes,<note xml:id="note3" resp="volume_editor" index="false"> [Тут премилое общество русских,]</note> les Пущин, les Карамзин, les Мещерский и все, Бог знает за что, меня полюбили, я это чувствую, и мне так тут было мило, хорошо, тепло этот месяц, что я провел, что грустно думать об отъезде. Toutes ces familles s’en vont dans huit jours et si mes amis Боткин et Дружинин ne viennent, pas ici, j’irais les rejoindre à Florence. J’attends leur reponse. — Adieu, chère tante, je baise vos mains.<note xml:id="note4" resp="volume_editor" index="false"> [Все эти семьи уезжают через восемь дней, и ежели мои друзья, Боткин и Дружинин, не приедут сюда, я поеду во Флоренцию к ним. Жду их ответа. — Прощайте, дорогая тетенька, целую ваши ручки.]</note> Мне кажется, как будто вы мной недовольны по вашему письму, и мне это было грустно; ежели я виноват (и во многом я виноват перед вами), то простите меня за то, что я вас всегда, и теперь особенно, люблю изо всех сил, как вы говорите. — </p>
<p rend="left">Я ничего не получаю от старосты, и это меня, признаюсь, и огорчает и злит; пожалуйста прикажите ему. Что ему трудного каждый месяц писать одно письмо? Да еще велите ему поскорее высылать деньги, о которых я писал. Ежели Валерьяна нет в Москве, то можно передать их банкиру через Рябинина, т. е. адресовать деньги Алексею Андреевичу Рябинину<note xml:id="note5" resp="volume_editor" index="false"> Алексей Андреевич Рябинин, брат М. А. Рябинина.</note> в Москву, в Уланском переулке, в д. бывшем Тургенева, с просьбой взять на них вексель у Брандебурга<note xml:id="note6" resp="volume_editor" index="false"> Франц Михайлович Бранденбург, коммерции советник, член московского отделения Мануфактурного совета.</note> и выслать мне в Женеву. Ему, кроме того, об этом писано, и он знает.</p>
<lb/>
<p rend="left"><hi>На конверте</hi>:</p>
<p rend="left">Russie. St. Petersbourg. Ее Высокоблагородию Татьяне Александровне Ергольской. В г. Тулу.</p>
<comments><p rend="Textpetit_otstup left">Впервые опубликовано (только в переводе, с датой «18 мая») в Бир. XXI, стр. 153. На обороте конверта рукой Т. А. Ергольской: «23 мая 1857 года».</p>
<p rend="petit left">Письмо Т. А. Ергольской, на которое отвечает Толстой, не сохранилось.</p>
<p rend="Textpetit_otstup left"><hi>1</hi> Героиня романа Руссо «Новая Элоиза» (1759).</p>
<p rend="petit left"><hi>2</hi> [Только что получил ваше письмо, дорогая тетенька, которое, как я писал вам в своем последнем письме, застало меня в окрестностях Женевы, в Кларане, в той самой деревне, где жила Юлия Руссо. — Не стану пытаться описывать вам красоту этой местности, особенно в эту пору, когда всё в листьях, всё в цвету, скажу только, что положительно нельзя оторвать глаз от этого озера, от его берегов и что большую часть времени и провожу, любуясь этой красотою, либо гуляя, либо просто из окна <hi style="opdelimiter">своей</hi><hi style="opnumber">190</hi> <hi style="npnumber">191</hi><hi style="npdelimiter">комнаты.</hi> Не переставая, радуюсь, что решил уехать из Парижа и провести здесь весну, хотя этим и заслужил ваш упрек в непостоянстве. Действительно, я необыкновенно счастливый]</p>
<p rend="petit left"><hi>3</hi> [Тут премилое общество русских,]</p>
<p rend="petit left"><hi>4</hi> [Все эти семьи уезжают через восемь дней, и ежели мои друзья, Боткин и Дружинин, не приедут сюда, я поеду во Флоренцию к ним. Жду их ответа. — Прощайте, дорогая тетенька, целую ваши ручки.]</p>
<p rend="petit left"><hi>5</hi> Алексей Андреевич Рябинин, брат М. А. Рябинина.</p>
<p rend="petit left"><hi>6</hi> Франц Михайлович Бранденбург, коммерции советник, член московского отделения Мануфактурного совета.</p>
</comments></div></body>
        </text>
        </TEI>