<?xml version="1.0" encoding="UTF-8"?>
    <!-- <?xml-stylesheet type="text/xsl" target="../resources/MJT/myletter.xsl"?> -->
    <?xml-stylesheet type="css" target="graves.css"?>
    <?xml-model target="http://www.tei-c.org/release/xml/tei/custom/schema/relaxng/tei_all.rng" type="application/xml" schematypens="http://relaxng.org/ns/structure/1.0"?>
    <?xml-model target="http://www.tei-c.org/release/xml/tei/custom/schema/relaxng/tei_all.rng" type="application/xml"
            schematypens="http://purl.oclc.org/dsdl/schematron"?>
    <TEI xmlns="http://www.tei-c.org/ns/1.0">
       <teiHeader>
          <fileDesc>
             <titleStmt>
                <title>Письмо №* 272. А. М. и Т. А. Кузминским.</title>
             </titleStmt>
             <publicationStmt>
                <publisher>TolstoyLab</publisher>
                <date when="2015-09-14">14 September 2015</date>
             </publicationStmt>
             <sourceDesc>
                <biblStruct>
                   <analytic>
                      <author>Толстой Л.Н.</author>
                   </analytic>
                   <monogr>
                      <title level="m">Полное собрание сочинений. Том 61</title>
                      <imprint>
                         <pubPlace>Москва</pubPlace>
                         <publisher>Государственное издательство "Художественная литература"</publisher>
                         <date when="1953"/>
                      </imprint>
                   </monogr>
                   <series>
                      <title level="s">Л.Н. Толстой. Полное собрание сочинений</title>
                      <biblScope unit="vol">61</biblScope>
                   </series>
                </biblStruct>
             </sourceDesc>
          </fileDesc>
          <encodingDesc>
             <tagsDecl> </tagsDecl>
          </encodingDesc>
          <profileDesc>
             <correspDesc>
                <correspAction type="sending">
                   <persName ref="PersonList.xml#L_N_Tolstoy">Л. Н. Толстой</persName>
                   <placeName ref="PlacesListxml#PLACE">Я. П.</placeName>
                   <date when="1869-01-22">1869 г. Января 22.</date>            </correspAction>
                <correspAction type="receiving">
                   <persName ref="PersonList.xml#RECEIVER">А. М. и Т. А. Кузминским</persName>
                </correspAction>
                <correspContext>
                   <ref type="prev"></ref>
                </correspContext>
             </correspDesc>
          </profileDesc>
       </teiHeader>
       <xenoData><number type="in a volume">272</number></xenoData>

              <text xml:id="A__M__i_T__A__Kuzminskim_272">
	<body><div>
		<opener index="false">
* 272. А. М. и Т. А. Кузминским.
1869 г. Января 22...24. Я. П.
</opener>
<p rend="Obrashenie left">Любезные друзья!</p>
<p rend="left">У нас горе. Таничка третьи сутки в сильнейшей скарлатине. —</p>
<p rend="left">Поэтому, во-первых, Саша, не езди к нам, а во-вторых, Таня, купи для чулок Тане тонкой берлинской пунцовой шерсти, потом фланели ей на халат 4 арш[ина] по образчику, потом касторового масла и комнатный термометр. Надеюсь, что все эти покупки ты сделаешь через Полю. — Прощайте, пожелайте нам терпения и хорошего конца. Идет болезнь, кажется, хорошо, но ужасно страшно. Третьи сутки она лежит, стонет в забытьи, ничего не ест и в жару и вся в красных пятнах. Деньги посылаю. И образчик фланели тоже. — Ты знаешь, Таня, — &lt;какая серая фланель у меня на блузе&gt;.</p>
<comments><p rend="Textpetit_otstup left">Датируется содержанием.</p>
<p rend="petit left">Об Александре Михайловиче Кузминском (1843—1917) см. т. 83, стр. 108—109.</p>
</comments></div></body>
        </text>
        </TEI>