<?xml version="1.0" encoding="UTF-8"?>
    <!-- <?xml-stylesheet type="text/xsl" target="../resources/MJT/myletter.xsl"?> -->
    <?xml-stylesheet type="css" target="graves.css"?>
    <?xml-model target="http://www.tei-c.org/release/xml/tei/custom/schema/relaxng/tei_all.rng" type="application/xml" schematypens="http://relaxng.org/ns/structure/1.0"?>
    <?xml-model target="http://www.tei-c.org/release/xml/tei/custom/schema/relaxng/tei_all.rng" type="application/xml"
            schematypens="http://purl.oclc.org/dsdl/schematron"?>
    <TEI xmlns="http://www.tei-c.org/ns/1.0">
       <teiHeader>
          <fileDesc>
             <titleStmt>
                <title>Письмо №* 44. Гр. С. Н. Толстому.</title>
             </titleStmt>
             <publicationStmt>
                <publisher>TolstoyLab</publisher>
                <date when="2015-09-14">14 September 2015</date>
             </publicationStmt>
             <sourceDesc>
                <biblStruct>
                   <analytic>
                      <author>Толстой Л.Н.</author>
                   </analytic>
                   <monogr>
                      <title level="m">Полное собрание сочинений. Том 60</title>
                      <imprint>
                         <pubPlace>Москва</pubPlace>
                         <publisher>Государственное издательство "Художественная литература"</publisher>
                         <date when="1949"/>
                      </imprint>
                   </monogr>
                   <series>
                      <title level="s">Л.Н. Толстой. Полное собрание сочинений</title>
                      <biblScope unit="vol">60</biblScope>
                   </series>
                </biblStruct>
             </sourceDesc>
          </fileDesc>
          <encodingDesc>
             <tagsDecl> </tagsDecl>
          </encodingDesc>
          <profileDesc>
             <correspDesc>
                <correspAction type="sending">
                   <persName ref="PersonList.xml#L_N_Tolstoy">Л. Н. Толстой</persName>
                   <placeName ref="PlacesListxml#PLACE">Петербург.</placeName>
                   <date when="1856-12-05">1856 г. Декабря 5.</date>            </correspAction>
                <correspAction type="receiving">
                   <persName ref="PersonList.xml#RECEIVER">Гр. С. Н. Толстому</persName>
                </correspAction>
                <correspContext>
                   <ref type="prev"></ref>
                </correspContext>
             </correspDesc>
          </profileDesc>
       </teiHeader>
       <xenoData><number type="in a volume">44</number></xenoData>

              <text xml:id="gr.S.N.Tolstomu_44">
	<body><div>
		<opener index="false">
* 44. Гр. С. Н. Толстому.
1856 г. Декабря 5. Петербург.
</opener>
<p rend="Obrashenie left">Любезный друг Сережа!</p>
<p rend="left">Из письма к тетиньке, которая я полагаю живет у тебя, ты узнаешь разные подробности обо мне и моих отношениях <note xml:id="note1" resp="volume_editor" index="false"><hi>с гостями</hi> «Гостями» Толстой называет здесь В. В. Арсеньеву.</note>, которые я писал и на твой счет. Признаюсь, мне больно твое ужасное и несправедливое возмущение против <hi>гостей</hi>. Аргументы твои насчет обстановки сильны и справедливы, <hi style="opdelimiter">но</hi><hi style="opnumber">136</hi> <hi style="npnumber">137</hi><hi style="npdelimiter">вопрос</hi> в том, что есть ли внутренние достоинства, которые выкупают это? Ты говорить, что нет, и говорить на основании личной несимпатии и наблюдений поверхностных над <hi>гостями </hi>в самый невыгодной период. А несмотря на то, я очень близок к тому, чтобы взять да и жениться на <hi>госте</hi>, хотя не сделаю этого никак прежде Июня месяца. Одно, что может удержать меня, это, чтобы она влюбилась в кого-нибудь, или чтобы я влюбился в кого-нибудь до этого время. Потому что то чувство, которое я имею к ней, как оно ни шатко и ни нецельно, оно остается точно тем же здесь, каким оно было и летом и осенью. Главное мое чувство это сильная любовь к известному роду семейной жизни, к которой эта девушка подходит лучше всех тех. которых я знал. Ты напрасно думаешь, что эта любовь к семейной жизни мечта, которая мне опротивеет. Я семьянин по натуре, у меня все вкусы такие были и в юности, а теперь подавно. В этом я убежден так, как в том, что я живу. Вопрос только в том, такая ли она, как я думаю, а этого ты теперь сказать не можешь, потому что ты не только не наблюдал ее, а, кроме твоей всегдашней презрительной манеры с женщинами, относился к ней еще с антипатией. По-твоему — хоть это смешно сказать — складки на шее и какой-нибудь <hi>паук</hi> решительно мешают ей быть хорошей женой. Ты произносишь сразу приговор без апелляции за паука, а этакой приговор есть тоже паук в своем роде. Но довольно об этом, о других делах, кот[орые], знаю, тебя интересуют. Издание В[оенных] Р[ассказов] Давыдовым<note xml:id="note2" resp="volume_editor" index="false"> Алексей Иванович Давыдов — книгопродавец. См. т. 47, стр. 319.</note> не дало еще мне ничего. Давыд[ов] плут, и это мне урок; он говорит, что оно еще не окупилось, тогда как Д[етство] и О[трочество]<note xml:id="note3" resp="volume_editor" index="false"> См. прим. 6 к п. № 5.</note> уже окупилось, и я получил больше 300 р. и через месяц получу еще стольк[о] и т. д. до 3,000. Отставка моя вышла, и на-днях надеваю фрак. Это стоит мне рублей 350; но, благо, я написал 4 листа с <hi>1</hi>/<sub>2</sub> в Б[иблиотеку] для Ч[тения] и О[течественные] 3[аписки],<note xml:id="note5" resp="volume_editor" index="false"> См. прим. 1 к пред. письму.</note> которые мне дадут эти деньги. На-днях узнал, что Государь читал вслух своей жене мое Детство и плакал.<note xml:id="note6" resp="volume_editor" index="false"> Александр II — своей жене Марии Александровне. См. записи в Дневнике под 25 и 30 ноября (т. 47, стр. 102 и 103).</note> Кроме того, что это мне лестно, я рад, что это исправляет ту клевету, которую на меня выпустили доброжелатели и довели до Величеств и Высочеств, что я, сочинив Севастопольскую песню, ходил по полкам и учил солдат ее петь. Эта штука в прошлое царствованье пахла крепостью, да и теперь, может быть, я записан в 3-е Отделенье и меня не пустят за границу. Едешь ли ты на Кавказ и когда? <hi style="opdelimiter">Пожалуйста</hi><hi style="opnumber">137</hi> <hi style="npnumber">138</hi><hi style="npdelimiter">ответь</hi> мне. Прощай. — У меня теперь еще недели на две спешных занятий за поправкой Юности.</p>
<lb/>
<p rend="left"><hi>На конверте:</hi></p>
<p rend="left">Его Сиятельству Графу Сергею Николаевичу Толстому. В Тулу. В село Пирогово.</p>
<comments><p rend="Textpetit_otstup left">Датируется почтовым штемпелем: «С.П.Бург 7 дек. 1856».</p>
<p rend="Textpetit_otstup left"><hi>1</hi> «Гостями» Толстой называет здесь В. В. Арсеньеву.</p>
<p rend="petit left"><hi>2</hi> Алексей Иванович Давыдов — книгопродавец. См. т. 47, стр. 319.</p>
<p rend="petit left">Сохранились три письма А. И. Давыдова к Толстому. Давыдову Толстой поручил издание своих «Военных рассказов» отдельной книгой.</p>
<p rend="petit left"><hi>3</hi> См. прим. 6 к п. № 5.</p>
<p rend="petit left"><hi>4</hi> См. прим. 1 к пред. письму.</p>
<p rend="petit left"><hi>5</hi> Александр II — своей жене Марии Александровне. См. записи в Дневнике под 25 и 30 ноября (т. 47, стр. 102 и 103).</p>
</comments></div></body>
        </text>
        </TEI>