<?xml version="1.0" encoding="UTF-8"?>
    <!-- <?xml-stylesheet type="text/xsl" target="../resources/MJT/myletter.xsl"?> -->
    <?xml-stylesheet type="css" target="graves.css"?>
    <?xml-model target="http://www.tei-c.org/release/xml/tei/custom/schema/relaxng/tei_all.rng" type="application/xml" schematypens="http://relaxng.org/ns/structure/1.0"?>
    <?xml-model target="http://www.tei-c.org/release/xml/tei/custom/schema/relaxng/tei_all.rng" type="application/xml"
            schematypens="http://purl.oclc.org/dsdl/schematron"?>
    <TEI xmlns="http://www.tei-c.org/ns/1.0">
       <teiHeader>
          <fileDesc>
             <titleStmt>
                <title>Письмо №372. H. Н. Страхову.</title>
             </titleStmt>
             <publicationStmt>
                <publisher>TolstoyLab</publisher>
                <date when="2015-09-14">14 September 2015</date>
             </publicationStmt>
             <sourceDesc>
                <biblStruct>
                   <analytic>
                      <author>Толстой Л.Н.</author>
                   </analytic>
                   <monogr>
                      <title level="m">Полное собрание сочинений. Том 61</title>
                      <imprint>
                         <pubPlace>Москва</pubPlace>
                         <publisher>Государственное издательство "Художественная литература"</publisher>
                         <date when="1953"/>
                      </imprint>
                   </monogr>
                   <series>
                      <title level="s">Л.Н. Толстой. Полное собрание сочинений</title>
                      <biblScope unit="vol">61</biblScope>
                   </series>
                </biblStruct>
             </sourceDesc>
          </fileDesc>
          <encodingDesc>
             <tagsDecl> </tagsDecl>
          </encodingDesc>
          <profileDesc>
             <correspDesc>
                <correspAction type="sending">
                   <persName ref="PersonList.xml#L_N_Tolstoy">Л. Н. Толстой</persName>
                   <placeName ref="PlacesListxml#PLACE">Я. П.</placeName>
                   <date when="1872-04-14">1872 г. Апреля 14.</date>            </correspAction>
                <correspAction type="receiving">
                   <persName ref="PersonList.xml#RECEIVER">H. Н. Страхову</persName>
                </correspAction>
                <correspContext>
                   <ref type="prev">Ответ на неизвестное письмо Н. Н. Страхова, в котором он, по всей вероятности, высказывал свое мнение о рассказе «Кавказский пленник».</ref>
                </correspContext>
             </correspDesc>
          </profileDesc>
       </teiHeader>
       <xenoData><number type="in a volume">372</number></xenoData>

              <text xml:id="H__N__Straxovu_372">
	<body><div>
		<opener index="false">
372. H. Н. Страхову.
1872 г. Апреля 14... 15. Я. П.</opener>
<p rend="left">Письмо ваше очень порадовало меня, многоуважаемый Николай Николаевич. Будет с меня и того, что вы так понимаете меня. А от публики я не только не жду суждений, но боюсь, как бы не раскусили. Я нахожусь в положении лекаря, старательно скрывшего в сладеньких пилюлях пользительное, по его мнению, касторовое масло и только желающего, чтоб никто не разболтал, что это лекарство, чтоб проглотили, не думая о том, что там есть. А оно уж <hi style="opdelimiter">подействует.<note xml:id="note1" resp="volume_editor" index="false"> Толстой имеет в виду те новые художественные приемы, которые он использовал в «Кавказском пленнике» и о которых уже писал Н. Н. Страхову (<ref target='file:///Volume_61_H__N__Straxovu_365.xml'>см. письмо № 365</ref>).</note></hi><hi style="opnumber">285</hi></p>
<p rend="left"><hi style="npnumber">286</hi><hi style="npdelimiter">Вы</hi> не пишете, пришлете ли коректуры. Надо прислать. Там много ужасно плохого, как я вспоминаю. Пожалуйста, пришлите, если можно. Тороплюсь на почту. До другого раза.</p>
<p rend="right">Ваш Л. Толстой.</p>
<comments><p rend="Textpetit_otstup left">Отрывок впервые опубликован в Б, II, стр. 115; полностью в ПТС, II, № 303. На автографе пометка Страхова: «15 апр. 72».</p>
<p rend="petit left">Ответ на неизвестное письмо Н. Н. Страхова, в котором он, по всей вероятности, высказывал свое мнение о рассказе «Кавказский пленник».</p>
<p rend="Textpetit_otstup left"><hi>1</hi> Толстой имеет в виду те новые художественные приемы, которые он использовал в «Кавказском пленнике» и о которых уже писал Н. Н. Страхову (<ref target='file:///Volume_61_H__N__Straxovu_365.xml'>см. письмо № 365</ref>).</p>
</comments></div></body>
        </text>
        </TEI>