<?xml version="1.0" encoding="UTF-8"?>
    <!-- <?xml-stylesheet type="text/xsl" target="../resources/MJT/myletter.xsl"?> -->
    <?xml-stylesheet type="css" target="graves.css"?>
    <?xml-model target="http://www.tei-c.org/release/xml/tei/custom/schema/relaxng/tei_all.rng" type="application/xml" schematypens="http://relaxng.org/ns/structure/1.0"?>
    <?xml-model target="http://www.tei-c.org/release/xml/tei/custom/schema/relaxng/tei_all.rng" type="application/xml"
            schematypens="http://purl.oclc.org/dsdl/schematron"?>
    <TEI xmlns="http://www.tei-c.org/ns/1.0">
       <teiHeader>
          <fileDesc>
             <titleStmt>
                <title>Письмо №* 268. Т. А. Берс.</title>
             </titleStmt>
             <publicationStmt>
                <publisher>TolstoyLab</publisher>
                <date when="2015-09-14">14 September 2015</date>
             </publicationStmt>
             <sourceDesc>
                <biblStruct>
                   <analytic>
                      <author>Толстой Л.Н.</author>
                   </analytic>
                   <monogr>
                      <title level="m">Полное собрание сочинений. Том 60</title>
                      <imprint>
                         <pubPlace>Москва</pubPlace>
                         <publisher>Государственное издательство "Художественная литература"</publisher>
                         <date when="1949"/>
                      </imprint>
                   </monogr>
                   <series>
                      <title level="s">Л.Н. Толстой. Полное собрание сочинений</title>
                      <biblScope unit="vol">60</biblScope>
                   </series>
                </biblStruct>
             </sourceDesc>
          </fileDesc>
          <encodingDesc>
             <tagsDecl> </tagsDecl>
          </encodingDesc>
          <profileDesc>
             <correspDesc>
                <correspAction type="sending">
                   <persName ref="PersonList.xml#L_N_Tolstoy">Л. Н. Толстой</persName>
                   <placeName ref="PlacesListxml#PLACE">Я. П.</placeName>
                   <date when="1862-10-28">1862 г. Октября 28.</date>            </correspAction>
                <correspAction type="receiving">
                   <persName ref="PersonList.xml#RECEIVER">Т. А. Берс</persName>
                </correspAction>
                <correspContext>
                   <ref type="prev"></ref>
                </correspContext>
             </correspDesc>
          </profileDesc>
       </teiHeader>
       <xenoData><number type="in a volume">268</number></xenoData>

              <text xml:id="T.A.Bers_268">
	<body><div>
		<opener index="false">
* 268. Т. А. Берс.
1862 г. Октября 28. Я. П.</opener>
<p rend="left">Это не письмо, а так рассуждение о учительницах музыки и о <hi>такте</hi> и о том, как барышни учатся и играют. Например Соня считается умеющей играть, а она</p>
<lb/>
<p rend="left"><figure><graphic url="./img/i00004997r0c0p00000.png"/></figure></p>
<lb/>
<p rend="left">Утка</p>
<p rend="left">Грыб.</p>
<p rend="left">Пупок.</p>
<p rend="left">Что за глупости.</p>
<p rend="left">Татьяне</p>
<p rend="left">Фуф</p>
<p rend="left emptyline"><hi style="opnumber">459</hi> <hi style="npnumber">460</hi></p>
<p rend="left">Поздравляю вас с тем, что вы в один прекрасный день узрели свет Божий, желаю вам смотреть на него всегда теми глазами, какими смотрели до сих пор. А я глуп. —</p>
<p rend="left">Вот что значит заставить писать, когда не хочется. Официальное письмо можно написать, а душевному человеку как наша Татьяна — нельзя. Притом же я тебя люблю и желаю тебе всего хорошего, ровно столько же 28, сколько 29 и 39-го. Ради Бога, наблюдай за тактом в пеньи и музыке. Для Сони такта не существует. (Впрочем она уже много исправилась.) Ей только досадно, что я ее поправляю. — Всё бы было в ней хорошо, кабы не такт подкузьмил. По моему Г-жу Ленгарт<note xml:id="note1" resp="volume_editor" index="false"> Учительница музыки дочерей А. Е. Берса.</note> надо бить сальной свечкой по голове долго, а не платить ей деньги за то, что она портит учениц. Это без всяких шуток. Соня — моя жена (ты знаешь у меня есть жена Софья) нынче не в духе целый день, нервна, и потому письмо ее кисло.<note xml:id="note2" resp="volume_editor" index="false"> Письмо С. А. Толстой к сестре от того же числа не сохранилось.</note> Не правда ли? А ты знаешь, милый друг, что со мной случилось? Меня тошнит, у меня голова кружится, и еще другие признаки, и тетинька и Нат. Петр. решили, что <hi>я беременна</hi>. Они говорят — это бывает.</p>
<comments><p rend="Textpetit_otstup left">Дата определяется содержанием. Письмо написано ко дню рождения Т. А. Берс, то есть к 29 октября.</p>
<p rend="Textpetit_otstup left"><hi>1</hi> Учительница музыки дочерей А. Е. Берса.</p>
<p rend="petit left"><hi>2</hi> Письмо С. А. Толстой к сестре от того же числа не сохранилось.</p>
</comments></div></body>
        </text>
        </TEI>