<?xml version="1.0" encoding="UTF-8"?>
    <!-- <?xml-stylesheet type="text/xsl" target="../resources/MJT/myletter.xsl"?> -->
    <?xml-stylesheet type="css" target="graves.css"?>
    <?xml-model target="http://www.tei-c.org/release/xml/tei/custom/schema/relaxng/tei_all.rng" type="application/xml" schematypens="http://relaxng.org/ns/structure/1.0"?>
    <?xml-model target="http://www.tei-c.org/release/xml/tei/custom/schema/relaxng/tei_all.rng" type="application/xml"
            schematypens="http://purl.oclc.org/dsdl/schematron"?>
    <TEI xmlns="http://www.tei-c.org/ns/1.0">
       <teiHeader>
          <fileDesc>
             <titleStmt>
                <title>Письмо №* 126. И. П. Борисову.</title>
             </titleStmt>
             <publicationStmt>
                <publisher>TolstoyLab</publisher>
                <date when="2015-09-14">14 September 2015</date>
             </publicationStmt>
             <sourceDesc>
                <biblStruct>
                   <analytic>
                      <author>Толстой Л.Н.</author>
                   </analytic>
                   <monogr>
                      <title level="m">Полное собрание сочинений. Том 61</title>
                      <imprint>
                         <pubPlace>Москва</pubPlace>
                         <publisher>Государственное издательство "Художественная литература"</publisher>
                         <date when="1953"/>
                      </imprint>
                   </monogr>
                   <series>
                      <title level="s">Л.Н. Толстой. Полное собрание сочинений</title>
                      <biblScope unit="vol">61</biblScope>
                   </series>
                </biblStruct>
             </sourceDesc>
          </fileDesc>
          <encodingDesc>
             <tagsDecl> </tagsDecl>
          </encodingDesc>
          <profileDesc>
             <correspDesc>
                <correspAction type="sending">
                   <persName ref="PersonList.xml#L_N_Tolstoy">Л. Н. Толстой</persName>
                   <placeName ref="PlacesListxml#PLACE">Покровское.</placeName>
                   <date when="1865-07-25">1865 г. Июля 25.</date>            </correspAction>
                <correspAction type="receiving">
                   <persName ref="PersonList.xml#RECEIVER">И. П. Борисову</persName>
                </correspAction>
                <correspContext>
                   <ref type="prev"></ref>
                </correspContext>
             </correspDesc>
          </profileDesc>
       </teiHeader>
       <xenoData><number type="in a volume">126</number></xenoData>

              <text xml:id="I__P__Borisovu_126">
	<body><div>
		<opener index="false">
* 126. И. П. Борисову.
1865 г. Июля 25. Покровское.
</opener>
<p rend="Obrashenie left">Любезный Иван Петрович.</p>
<p rend="left">Моя поездка к Шатилову заняла гораздо больше времени, чем я предполагал, так что я не только не успел, как предполагал, съездить к Новосильцевым,<note xml:id="note1" resp="volume_editor" index="false"> Петр Петрович Новосильцев (1797—1869). О нем см. т. 60, стр. 313.</note> но и не могу заехать к Фету. Когда вы увидите Новосильцевых, передайте им, <hi style="opdelimiter">пожалуйста,</hi><hi style="opnumber">96</hi> <hi style="npnumber">97</hi><hi style="npdelimiter">что</hi> я, совершенно против ожидания и желания, не мог быть у них теперь, но что «что отложено, то не потеряно»,<note xml:id="note2" resp="volume_editor" index="false"> Французская поговорка.</note> и около 10 мы съездим с вами,<note xml:id="note3" resp="volume_editor" index="false"> Толстой, очевидно, изменил первоначальный план ехать прямо к Киреевскому и 26—27 июля по дороге к нему заезжал к Новосильцевым. См. т. 83, письма к С. А. Толстой от 27 июля.</note> ежели вы не откажетесь. Задержало меня, главное, нездоровье. Вот 2-ю неделю не могу справиться с желудком и еду завтра не совсем здоровый. Фету я писал.</p>
<p rend="left">До свиданья. Жму вам руку.</p>
<p rend="right">Л. Толстой.</p>
<lb/>
<p rend="left"><hi>На четвертой странице:</hi></p>
<p rend="left">Его высокоблагородию Ивану Петровичу Борисову.</p>
<comments><p rend="Textpetit_otstup left">Дата определяется содержанием. Ср. письмо № 125.</p>
<p rend="Textpetit_otstup left"><hi>1</hi> Петр Петрович Новосильцев (1797—1869). О нем см. т. 60, стр. 313.</p>
<p rend="petit left"><hi>2</hi> Французская поговорка.</p>
<p rend="petit left"><hi>3</hi> Толстой, очевидно, изменил первоначальный план ехать прямо к Киреевскому и 26—27 июля по дороге к нему заезжал к Новосильцевым. См. т. 83, письма к С. А. Толстой от 27 июля.</p>
</comments></div></body>
        </text>
        </TEI>