<?xml version="1.0" encoding="UTF-8"?>
    <!-- <?xml-stylesheet type="text/xsl" target="../resources/MJT/myletter.xsl"?> -->
    <?xml-stylesheet type="css" target="graves.css"?>
    <?xml-model target="http://www.tei-c.org/release/xml/tei/custom/schema/relaxng/tei_all.rng" type="application/xml" schematypens="http://relaxng.org/ns/structure/1.0"?>
    <?xml-model target="http://www.tei-c.org/release/xml/tei/custom/schema/relaxng/tei_all.rng" type="application/xml"
            schematypens="http://purl.oclc.org/dsdl/schematron"?>
    <TEI xmlns="http://www.tei-c.org/ns/1.0">
       <teiHeader>
          <fileDesc>
             <titleStmt>
                <title>Письмо №104. И. И. Панаеву.</title>
             </titleStmt>
             <publicationStmt>
                <publisher>TolstoyLab</publisher>
                <date when="2015-09-14">14 September 2015</date>
             </publicationStmt>
             <sourceDesc>
                <biblStruct>
                   <analytic>
                      <author>Толстой Л.Н.</author>
                   </analytic>
                   <monogr>
                      <title level="m">Полное собрание сочинений. Том 59</title>
                      <imprint>
                         <pubPlace>Москва</pubPlace>
                         <publisher>Государственное издательство "Художественная литература"</publisher>
                         <date when="1935"/>
                      </imprint>
                   </monogr>
                   <series>
                      <title level="s">Л.Н. Толстой. Полное собрание сочинений</title>
                      <biblScope unit="vol">59</biblScope>
                   </series>
                </biblStruct>
				<bibl>Печатается по автографу, хранящемуся в ИРЛИ. Впервые опубликовано М. А. Цявловским в «Красной нови», 1928, 9, стр. <hi style="opdelimiter">219—220.</hi><hi style="opnumber">324</hi></bibl>
             </sourceDesc>
          </fileDesc>
          <encodingDesc>
             <tagsDecl> </tagsDecl>
          </encodingDesc>
          <profileDesc>
             <correspDesc>
                <correspAction type="sending">
                   <persName ref="PersonList.xml#L_N_Tolstoy">Л. Н. Толстой</persName>
                   <placeName ref="PlacesListxml#PLACE">Белъбек.</placeName>
                   <date when="1855-07-04">1855 г. Июля 4.</date>            </correspAction>
                <correspAction type="receiving">
                   <persName ref="PersonList.xml#RECEIVER">И. И. Панаеву</persName>
                </correspAction>
                <correspContext>
                   <ref type="prev"></ref>
                </correspContext>
             </correspDesc>
          </profileDesc>
       </teiHeader>
       <xenoData><number type="in a volume">104</number></xenoData>

              <text xml:id="I.I.Panaevu_104">
	<body><div>
		<opener index="false">
104. И. И. Панаеву.
1855 г. Июля 4. Позиция на р. Белъбек.
</opener>
<p rend="Obrashenie left">Милостивый Государь</p>
<p rend="Obrashenie1 left">Ивань Ивановичь!</p>
<p rend="left">Посылаю Вамъ Севастопольскую статью.<note xml:id="note1" resp="volume_editor" index="false">«Севастополь в мае», писавшийся 18—26 июня.</note> Хотя я убѣжденъ,. что она безъ сравненья лучше первой, она не понравится, <hi style="opdelimiter">въ</hi><hi style="opnumber">323</hi> <hi style="npnumber">324</hi><hi style="npdelimiter">этомъ</hi> я увѣренъ. И даже боюсь, какъ бы ее совсѣмъ не пропустили. Насчетъ того, чтобы ея не изуродовали, какъ Вы сами увидите, я принялъ всевозможныя предосторожности.<note xml:id="note2" resp="volume_editor" index="false">Посланная Толстым рукопись в настоящее время находится в ЛБ. По этой рукописи рассказ впервые напечатан лишь в настоящем издании (см. 4 т., стр. 18—59 и 387—392).</note> Во всѣхъ мѣстахъ, которыя показались мнѣ опасными, я сдѣлалъ варіянты съ такого рода знаками (в) или скобками означилъ, что выключить въ томъ случаѣ, ежели не понравятся цензурѣ.</p>
<p rend="left">— Ежели же сверхъ того, что я отмѣтилъ, стали бы вымарывать что-нибудь, рѣшительно не печатайте. Въ противномъ случаѣ это очень огорчитъ меня. Для заглавія я сдѣлалъ варіантъ,<note xml:id="note3" resp="volume_editor" index="false">Вариант был: «Ночь весною в Севастополе».</note> потому что «Севастополь въ Маѣ» слишкомъ явно указываетъ на дѣло 10 Мая,<note xml:id="note4" resp="volume_editor" index="false">В ночь с 10 на 11 мая происходило сражение на правом фланге оборонительной линии за наши контр-апроши у кладбища и у карантинной бухты. У кладбища после пятичасового боя неприятельские войска заняли часть контр-апрошей, а у бухты траншеи и ложементы три раза переходили из рук в руки и, наконец, около часа пополуночи были окончательно заняты французами. За ночь у нас выбыло из фронта 2516 человек, а у неприятеля — 2303 чел.</note> а въ Совр[еменникѣ] не позволено печатать о военных дѣлахъ. <hi>Напшисецкаго я</hi> замѣнилъ <hi>Гнилокишкинымъ</hi> на тотъ случай, ежели цензура скажетъ, что офицеръ не можетъ отъ флюса отказываться отъ службы; тогда это 2 различные офицера.<note xml:id="note5" resp="volume_editor" index="false">См. стр. 25 и 192 4 тома.</note> Польскую фразу, ежели можно помѣстить, то съ переводомъ въ выноскѣ, ежели нельзя, то русскую, которая подъ знакомъ (+).<note xml:id="note6" resp="volume_editor" index="false">См. там же стр. 36 и 204.</note> И еще ругательства Русскія и французскія нельзя ли означить точками, хотя безъ начальныхъ буквъ, ежели нельзя, но они необходимы.<note xml:id="note7" resp="volume_editor" index="false">См. там же стр. 45, 55, 57 и 214.</note></p>
<p rend="left">Вообще надѣюсь, что Вы будете такъ добры защитить сколько можно мой разсказъ — зная лучше взглядъ цензуры, вставите ужъ впередъ нѣкоторые варіанты, чтобы не разсердить ея и какія-нибудь незначительныя, непредвидѣнныя измѣненія сдѣлаете такъ, чтобы не пострадалъ смыслъ. Очень ожидая отвѣта Вашего на 2 письма моихъ<note xml:id="note8" resp="volume_editor" index="false">Письма от 14 и 16 июня.</note> и еще разъ повторяя покорную просьбу покровительствовать и защитить этотъ послѣдній разсказъ,</p>
<p rend="right">имѣю честь быть</p>
<p rend="right">Вашъ покорнѣйшій слуга</p>
<p rend="right">Гр. Л. Толстой.</p>
<p rend="left">4 Іюля 1855 </p>
<p rend="left">Бельбекъ.</p>
<p rend="left">№-а подраздѣленія и черточки, пожалуйста, также оставьте, какъ они у меня въ рукописи.</p>
<lb/>
<p rend="left"><hi>На 1 странице:</hi></p>
<p rend="left">Его Высокоблагородію Ивану Ивановичу Панаеву.</p>
<comments><p rend="Textpetit_otstup left">Печатается по автографу, хранящемуся в ИРЛИ. Впервые опубликовано М. А. Цявловским в «Красной нови», 1928, 9, стр. <hi style="opdelimiter">219—220.</hi><hi style="opnumber">324</hi></p>
<p rend="Textpetit_otstup left"><hi style="npnumber">325</hi><hi style="npdelimiter"><hi>1 </hi>«Севастополь</hi> в мае», писавшийся 18—26 июня.</p>
<p rend="petit left"><hi>2 </hi>Посланная Толстым рукопись в настоящее время находится в ЛБ. По этой рукописи рассказ впервые напечатан лишь в настоящем издании (см. 4 т., стр. 18—59 и 387—392).</p>
<p rend="petit left"><hi>3 </hi>Вариант был: «Ночь весною в Севастополе».</p>
<p rend="petit left"><hi>4 </hi>В ночь с 10 на 11 мая происходило сражение на правом фланге оборонительной линии за наши контр-апроши у кладбища и у карантинной бухты. У кладбища после пятичасового боя неприятельские войска заняли часть контр-апрошей, а у бухты траншеи и ложементы три раза переходили из рук в руки и, наконец, около часа пополуночи были окончательно заняты французами. За ночь у нас выбыло из фронта 2516 человек, а у неприятеля — 2303 чел.</p>
<p rend="petit left"><hi>5 </hi>См. стр. 25 и 192 4 тома.</p>
<p rend="petit left"><hi>6 </hi>См. там же стр. 36 и 204.</p>
<p rend="petit left"><hi>7 </hi>См. там же стр. 45, 55, 57 и 214.</p>
<p rend="petit left"><hi>8 </hi>Письма от 14 и 16 июня.</p>
<p rend="petit left">На это письмо Панаев ответил письмом от 18 июля, которое см. в прим. к п. № 107.</p>
</comments></div></body>
        </text>
        </TEI>