<?xml version="1.0" encoding="UTF-8"?>
    <!-- <?xml-stylesheet type="text/xsl" target="../resources/MJT/myletter.xsl"?> -->
    <?xml-stylesheet type="css" target="graves.css"?>
    <?xml-model target="http://www.tei-c.org/release/xml/tei/custom/schema/relaxng/tei_all.rng" type="application/xml" schematypens="http://relaxng.org/ns/structure/1.0"?>
    <?xml-model target="http://www.tei-c.org/release/xml/tei/custom/schema/relaxng/tei_all.rng" type="application/xml"
            schematypens="http://purl.oclc.org/dsdl/schematron"?>
    <TEI xmlns="http://www.tei-c.org/ns/1.0">
       <teiHeader>
          <fileDesc>
             <titleStmt>
                <title>Письмо №423. А. А. Толстой.</title>
             </titleStmt>
             <publicationStmt>
                <publisher>TolstoyLab</publisher>
                <date when="2015-09-14">14 September 2015</date>
             </publicationStmt>
             <sourceDesc>
                <biblStruct>
                   <analytic>
                      <author>Толстой Л.Н.</author>
                   </analytic>
                   <monogr>
                      <title level="m">Полное собрание сочинений. Том 61</title>
                      <imprint>
                         <pubPlace>Москва</pubPlace>
                         <publisher>Государственное издательство "Художественная литература"</publisher>
                         <date when="1953"/>
                      </imprint>
                   </monogr>
                   <series>
                      <title level="s">Л.Н. Толстой. Полное собрание сочинений</title>
                      <biblScope unit="vol">61</biblScope>
                   </series>
                </biblStruct>
				<bibl>Впервые опубликовано, с датой: «Декабрь 1872 г.», в ПТ, № 78, Датируется на основании слов: «Я вчера приехал из Москвы». См. прим. к письму № 422.</bibl>
             </sourceDesc>
          </fileDesc>
          <encodingDesc>
             <tagsDecl> </tagsDecl>
          </encodingDesc>
          <profileDesc>
             <correspDesc>
                <correspAction type="sending">
                   <persName ref="PersonList.xml#L_N_Tolstoy">Л. Н. Толстой</persName>
                   <placeName ref="PlacesListxml#PLACE">Я. П.</placeName>
                   <date when="1872-12-07">1872 г. Декабря 7.</date>            </correspAction>
                <correspAction type="receiving">
                   <persName ref="PersonList.xml#RECEIVER">А. А. Толстой</persName>
                </correspAction>
                <correspContext>
                   <ref type="prev"></ref>
                </correspContext>
             </correspDesc>
          </profileDesc>
       </teiHeader>
       <xenoData><number type="in a volume">423</number></xenoData>

              <text xml:id="A__A__Tolstoj_423">
	<body><div>
		<opener index="false">
423. А. А. Толстой.
1872 г. Декабря 7...8. Я. П.
</opener>
<p rend="Obrashenie left">Любезный друг Alexandrine.</p>
<p rend="left">Почему вам кажется, что пробежавший между нами бык оставил какой-то след? Я никакого не чувствую, как и писал, кроме раскаяния. И поверите ли, что поминаю ваши слова теперь и чувствую, что всё это нужно было мне для моего смирения. —</p>
<p rend="left">Ваше последнее милое письмо мне было очень приятно,<note xml:id="note1" resp="volume_editor" index="false"> Письмо не сохранилось.</note> и я тогда же сел отвечать, но что-то помешало, и вот прошло 3 недели. Как жаль, что не удалось видеть вас в Туле. Я не только приехал, но пешком бы пришел, так мне хочется вас видеть. —</p>
<p rend="left">Я вчера приехал из Москвы, куда ездил крестить сестры Маши внучка — маленького Оболенского.<note xml:id="note2" resp="volume_editor" index="false"> Николай Леонидович Оболенский (1872—1933).</note> Сестра — я очень рад за нее — измучалась родами, болезнью Лизы (теперь ей лучше), заботами и совсем забыла про себя и стала такая хорошая, какая она всегда <hi style="opdelimiter">была.</hi><hi style="opnumber">343</hi></p>
<p rend="left"><hi style="npnumber">344</hi><hi style="npdelimiter">Жена</hi> вам кланяется. Дети ждут погоды, чтоб ехать снимать портреты. Мы живем по-старому: зимой в работе с утра до вечера. Зима наша рабочая пора, как говорит жена. —</p>
<p rend="right">Ваш друг Л. Толстой.</p>
<comments><p rend="Textpetit_otstup left">Впервые опубликовано, с датой: «Декабрь 1872 г.», в ПТ, № 78, Датируется на основании слов: «Я вчера приехал из Москвы». См. прим. к письму № 422.</p>
<p rend="Textpetit_otstup left"><hi>1</hi> Письмо не сохранилось.</p>
<p rend="petit left"><hi>2</hi> Николай Леонидович Оболенский (1872—1933).</p>
</comments></div></body>
        </text>
        </TEI>