<?xml version="1.0" encoding="UTF-8"?>
    <!-- <?xml-stylesheet type="text/xsl" target="../resources/MJT/myletter.xsl"?> -->
    <?xml-stylesheet type="css" target="graves.css"?>
    <?xml-model target="http://www.tei-c.org/release/xml/tei/custom/schema/relaxng/tei_all.rng" type="application/xml" schematypens="http://relaxng.org/ns/structure/1.0"?>
    <?xml-model target="http://www.tei-c.org/release/xml/tei/custom/schema/relaxng/tei_all.rng" type="application/xml"
            schematypens="http://purl.oclc.org/dsdl/schematron"?>
    <TEI xmlns="http://www.tei-c.org/ns/1.0">
       <teiHeader>
          <fileDesc>
             <titleStmt>
                <title>Письмо №145. А. Е. Берсу.</title>
             </titleStmt>
             <publicationStmt>
                <publisher>TolstoyLab</publisher>
                <date when="2015-09-14">14 September 2015</date>
             </publicationStmt>
             <sourceDesc>
                <biblStruct>
                   <analytic>
                      <author>Толстой Л.Н.</author>
                   </analytic>
                   <monogr>
                      <title level="m">Полное собрание сочинений. Том 61</title>
                      <imprint>
                         <pubPlace>Москва</pubPlace>
                         <publisher>Государственное издательство "Художественная литература"</publisher>
                         <date when="1953"/>
                      </imprint>
                   </monogr>
                   <series>
                      <title level="s">Л.Н. Толстой. Полное собрание сочинений</title>
                      <biblScope unit="vol">61</biblScope>
                   </series>
                </biblStruct>
				<bibl>Печатается по тексту, опубликованному в газете «Новое время», иллюстрированное приложение, 1908, № 11659 от 27 августа, стр. 8—9 (356—357). Местонахождение автографа неизвестно. Датируется по письму А. Е. Берса от 10 октября 1865 г., на которое отвечает Толстой.</bibl>
             </sourceDesc>
          </fileDesc>
          <encodingDesc>
             <tagsDecl> </tagsDecl>
          </encodingDesc>
          <profileDesc>
             <correspDesc>
                <correspAction type="sending">
                   <persName ref="PersonList.xml#L_N_Tolstoy">Л. Н. Толстой</persName>
                   <placeName ref="PlacesListxml#PLACE">Я. П.</placeName>
                   <date when="1865-10-13">1865 г. Октября 13.</date>            </correspAction>
                <correspAction type="receiving">
                   <persName ref="PersonList.xml#RECEIVER">А. Е. Берсу</persName>
                </correspAction>
                <correspContext>
                   <ref type="prev"></ref>
                </correspContext>
             </correspDesc>
          </profileDesc>
       </teiHeader>
       <xenoData><number type="in a volume">145</number></xenoData>

              <text xml:id="A__E__Bersu_145">
	<body><div>
		<opener index="false">
145. А. Е. Берсу.
1865 г. Октября 13...15? Я. П.</opener>
<p rend="left">Не могу тебя достаточно возблагодарить за японцев,<note xml:id="note1" resp="volume_editor" index="false"> <ref target='file:///Volume_61_A__E__Bersu_127.xml'>См. письмо № 127</ref>.</note> любезный друг. Что за рожи, что за эксцентричность породы! Они совершенно такие, каких я видел у Шатилова и желал иметь. Мои, надеюсь, будут лучше выкормлены. Кроме многих радостей жизни, которыми я пользуюсь, есть еще большая радость следить за распложением и улучшением растений и животных моих. Я уверен, что ты бы принял участие в этом, и я с гордостью и радостью показал бы тебе кое-что, что я успел сделать за это время. Куплено мною около трехсот мериносов, а теперь их у меня шестьсот, и весь приплод, рожденный и воспитанный у меня, без всякого сравнения лучше купленных. Ожидаемый же приплод нынешнего года, я надеюсь, будет замечателен, так как производители, купленные у Шатилова, высокой <hi style="opdelimiter">породы</hi><hi style="opnumber">109</hi> <hi style="npnumber">110</hi><hi style="npdelimiter">бараны.</hi> Когда летом пройдет вся белая отара маток с бубенчиками за овчаром и Шумкой, а сзади пройдут моей выводки ярки с другими овчарами и шумкиными детьми, — сердце веселится! Кроме мериносов я развожу в Никольском улучшенную породу русских овец и породу маличей (крымских), купленных у Шатилова. Когда будет железная дорога, то члены английского клуба будут посылать ко мне депутатов для приобретения маличей для своих обедов. Кроме того, из моих русских курдючных есть один баран, весящий пять пудов живого веса.</p>
<p rend="left">Всё это может быть смешно и, наверное, скучно, но для меня это чрезвычайно интересно и привлекательно. Всё это живое, всё это растет и множится. Забудешь как-нибудь на неделю за писанием, или приедешь из Никольского, пройдешь по дворам и садам, — смотришь: там выросло, там расплодилось...</p>
<comments><p rend="Textpetit_otstup left">Печатается по тексту, опубликованному в газете «Новое время», иллюстрированное приложение, 1908, № 11659 от 27 августа, стр. 8—9 (356—357). Местонахождение автографа неизвестно. Датируется по письму А. Е. Берса от 10 октября 1865 г., на которое отвечает Толстой.</p>
<p rend="Textpetit_otstup left"><hi>1</hi> <ref target='file:///Volume_61_A__E__Bersu_127.xml'>См. письмо № 127</ref>.</p>
</comments></div></body>
        </text>
        </TEI>