<?xml version="1.0" encoding="UTF-8"?>
    <!-- <?xml-stylesheet type="text/xsl" target="../resources/MJT/myletter.xsl"?> -->
    <?xml-stylesheet type="css" target="graves.css"?>
    <?xml-model target="http://www.tei-c.org/release/xml/tei/custom/schema/relaxng/tei_all.rng" type="application/xml" schematypens="http://relaxng.org/ns/structure/1.0"?>
    <?xml-model target="http://www.tei-c.org/release/xml/tei/custom/schema/relaxng/tei_all.rng" type="application/xml"
            schematypens="http://purl.oclc.org/dsdl/schematron"?>
    <TEI xmlns="http://www.tei-c.org/ns/1.0">
       <teiHeader>
          <fileDesc>
             <titleStmt>
                <title>Письмо №* 205. Гр. М. Н. Толстой.</title>
             </titleStmt>
             <publicationStmt>
                <publisher>TolstoyLab</publisher>
                <date when="2015-09-14">14 September 2015</date>
             </publicationStmt>
             <sourceDesc>
                <biblStruct>
                   <analytic>
                      <author>Толстой Л.Н.</author>
                   </analytic>
                   <monogr>
                      <title level="m">Полное собрание сочинений. Том 60</title>
                      <imprint>
                         <pubPlace>Москва</pubPlace>
                         <publisher>Государственное издательство "Художественная литература"</publisher>
                         <date when="1949"/>
                      </imprint>
                   </monogr>
                   <series>
                      <title level="s">Л.Н. Толстой. Полное собрание сочинений</title>
                      <biblScope unit="vol">60</biblScope>
                   </series>
                </biblStruct>
             </sourceDesc>
          </fileDesc>
          <encodingDesc>
             <tagsDecl> </tagsDecl>
          </encodingDesc>
          <profileDesc>
             <correspDesc>
                <correspAction type="sending">
                   <persName ref="PersonList.xml#L_N_Tolstoy">Л. Н. Толстой</persName>
                   <placeName ref="PlacesListxml#PLACE">Я. П.</placeName>
                   <date from="1861-05-10" to="1861-05-11">1861 г. Мая 10 — 11?</date>            </correspAction>
                <correspAction type="receiving">
                   <persName ref="PersonList.xml#RECEIVER">Гр. М. Н. Толстой</persName>
                </correspAction>
                <correspContext>
                   <ref type="prev"></ref>
                </correspContext>
             </correspDesc>
          </profileDesc>
       </teiHeader>
       <xenoData><number type="in a volume">205</number></xenoData>

              <text xml:id="gr.M.N.Tolstoj_205">
	<body><div>
		<opener index="false">
* 205. Гр. М. Н. Толстой. Черновое.
1861 г. Мая 10—11? Я. П.
</opener><p rend="left">Comtesse Marie Tolstoy.</p>
<p rend="left">Suisse, Bex, Union.</p>
<p rend="left">1500 roubles enverrai la fin du mois. Serge absent. Valérien rien envoyé. Tante bien portante.</p>
<p rend="right">Léon.</p>
<lb/>
<p rend="petit left">Графине Марии Толстой. Швейцария. Бe.</p>
<p rend="petit left">1500 рублей вышлю в конце месяца. Сережи нет. Валериан ничего не присылал. Тетенька хорошо себя чувствует.</p>
<p rend="petit right">Лев.</p>
<comments><p rend="Textpetit_otstup left">Телеграмма печатается по автографу. Текст телеграммы написан на полулисте почтовой бумаги рукой Толстого. Датируется предположительно содержанием.</p>
</comments></div></body>
        </text>
        </TEI>