<?xml version="1.0" encoding="UTF-8"?>
    <!-- <?xml-stylesheet type="text/xsl" target="../resources/MJT/myletter.xsl"?> -->
    <?xml-stylesheet type="css" target="graves.css"?>
    <?xml-model target="http://www.tei-c.org/release/xml/tei/custom/schema/relaxng/tei_all.rng" type="application/xml" schematypens="http://relaxng.org/ns/structure/1.0"?>
    <?xml-model target="http://www.tei-c.org/release/xml/tei/custom/schema/relaxng/tei_all.rng" type="application/xml"
            schematypens="http://purl.oclc.org/dsdl/schematron"?>
    <TEI xmlns="http://www.tei-c.org/ns/1.0">
       <teiHeader>
          <fileDesc>
             <titleStmt>
                <title>Письмо №238. М. Н. Каткову.</title>
             </titleStmt>
             <publicationStmt>
                <publisher>TolstoyLab</publisher>
                <date when="2015-09-14">14 September 2015</date>
             </publicationStmt>
             <sourceDesc>
                <biblStruct>
                   <analytic>
                      <author>Толстой Л.Н.</author>
                   </analytic>
                   <monogr>
                      <title level="m">Полное собрание сочинений. Том 60</title>
                      <imprint>
                         <pubPlace>Москва</pubPlace>
                         <publisher>Государственное издательство "Художественная литература"</publisher>
                         <date when="1949"/>
                      </imprint>
                   </monogr>
                   <series>
                      <title level="s">Л.Н. Толстой. Полное собрание сочинений</title>
                      <biblScope unit="vol">60</biblScope>
                   </series>
                </biblStruct>
				<bibl>Впервые опубликовано в «Литературном наследстве», М. 1939, № 37/38, стр. 196—197. Месяц и число проставлены на копии; год определяется содержанием: упоминанием о «запроданном романе» и об издании журнала.</bibl>
				<bibl>Печатается по рукописной копии писарской рукой из архива М. П. Каткова (тетрадь № 21), хранящейся в БЛ.</bibl>
             </sourceDesc>
          </fileDesc>
          <encodingDesc>
             <tagsDecl> </tagsDecl>
          </encodingDesc>
          <profileDesc>
             <correspDesc>
                <correspAction type="sending">
                   <persName ref="PersonList.xml#L_N_Tolstoy">Л. Н. Толстой</persName>
                   <placeName ref="PlacesListxml#PLACE">Я. П.</placeName>
                   <date when="1862-04-11">1862 г. Апреля 11.</date>            </correspAction>
                <correspAction type="receiving">
                   <persName ref="PersonList.xml#RECEIVER">М. Н. Каткову</persName>
                </correspAction>
                <correspContext>
                   <ref type="prev"></ref>
                </correspContext>
             </correspDesc>
          </profileDesc>
       </teiHeader>
       <xenoData><number type="in a volume">238</number></xenoData>

              <text xml:id="M.N.Katkovu_238">
	<body><div>
		<opener index="false">
238. М. Н. Каткову.
1862 г. Апреля 11. Я. П.
</opener><p rend="right">11 Апреля.</p>

<p rend="Obrashenie left">М. Г. Михаил Никифорович!</p>
<p rend="left">Я принялся только на днях за свой запроданный роман<note xml:id="note1" resp="volume_editor" index="false"> «Казаки».</note> и не мог начать раньше. Напишите мне пожалуйста, когда вы желаете иметь его. Для меня самое удобное время — Ноябрь, но я могу и гораздо раньше. Ежели вам это неудобно, напишите прямо, я вам возвращу деньги (я теперь в состоянии это сделать) и все-таки отдам роман только в Русский Вестник, Ежели бы и вовсе раздумали, то я с удовольствием бы и вовсе отказался. Пожалуйста напишите мне обстоятельно и <hi>совершенно откровенно</hi>. Я, главное, желаю сделать так, чтобы вы были довольны. Журнал мой совсем не идет, и до сих пор о нем небыло ни одного слова в литературе.<note xml:id="note2" resp="volume_editor" index="false"> Об отношении критики к журналу «Ясная Поляна» см. т. 8, а также: H. Н. Гусев, «Молодой Толстой», изд. Толстовского музея, М. 1927, стр. 350—358; С. Ашевский, «Ясная Поляна» Льва Толстого в критике 60-х годов», «Русская школа», 1913, 10, 11. Подробную библиографию критических статей об «Ясной Поляне» см. в книге</note> Такими [замалчиваниями]<note xml:id="note3" resp="volume_editor" index="false"> В копии пропуск. Ставим в скобках слово, соответствующее смыслу фразы.</note> не бывает встречена ни одна поваренная книга. Должно быть, вопросы о централизации и децентрализации и о народности в науке и о фельетоне Безрылова<note xml:id="note4" resp="volume_editor" index="false"> Под псевдонимом «Старая фельетонная кляча Никита Безрылов» помещал свои фельетоны в 1861—1862 гг. в редактируемом им журнале 42<hi>2</hi></note> важны. Материалов у меня, особенно на отдел книжки,<note xml:id="note5" resp="volume_editor" index="false"> «Книжки» выходили ежемесячно в виде приложений к журналу «Ясная Поляна» и содержали материал для детского чтения (см. т. 8).</note> готово на 3 №-а вперед, и я вообще предан этому делу больше, чем прежде его начала. Ожидаю ответа.</p>
<p rend="right">Ваш Л. Толстой.</p>
<comments><p rend="Textpetit_otstup left">Печатается по рукописной копии писарской рукой из архива М. П. Каткова (тетрадь № 21), хранящейся в БЛ.</p>
<p rend="petit left">Впервые опубликовано в «Литературном наследстве», М. 1939, № 37/38, стр. 196—197. Месяц и число проставлены на копии; год определяется содержанием: упоминанием о «запроданном романе» и об издании журнала.</p>
<p rend="Textpetit_otstup left"><hi>1</hi> «Казаки».</p>
<p rend="petit left"><hi>2</hi> Об отношении критики к журналу «Ясная Поляна» см. т. 8, а также: H. Н. Гусев, «Молодой Толстой», изд. Толстовского музея, М. 1927, стр. 350—358; С. Ашевский, «Ясная Поляна» Льва Толстого в критике 60-х годов», «Русская школа», 1913, 10, 11. Подробную библиографию критических статей об «Ясной Поляне» см. в книге</p>
<p rend="petit left">В. С. Спиридонова «Л. Н. Толстой. Биобиблиография», т. I, «Academia», М.—Л. 1933.</p>
<p rend="petit left"><hi>3</hi> В копии пропуск. Ставим в скобках слово, соответствующее смыслу фразы.</p>
<p rend="petit left"><hi>4</hi> Под псевдонимом «Старая фельетонная кляча Никита Безрылов» помещал свои фельетоны в 1861—1862 гг. в редактируемом им журнале 42<note xml:id="note6" resp="volume_editor" index="false"> Об отношении критики к журналу «Ясная Поляна» см. т. 8, а также: H. Н. Гусев, «Молодой Толстой», изд. Толстовского музея, М. 1927, стр. 350—358; С. Ашевский, «Ясная Поляна» Льва Толстого в критике 60-х годов», «Русская школа», 1913, 10, 11. Подробную библиографию критических статей об «Ясной Поляне» см. в книге</note></p>
<p rend="petit left">«Библиотека для чтения» А. Ф. Писемский. Фельетоны эти, направленные против движения 60-х гг., в частности против литературных вечеров и воскресных школ, вызвали большое возбуждение в прогрессивной печати того времени, особенно в журнале «Искра». Писемский продолжал полемику, после чего редакторы «Искры» вызвали его на дуэль. «Современник» также вступил в полемику, приняв сторону «Искры».</p>
<p rend="petit left"><hi>5</hi> «Книжки» выходили ежемесячно в виде приложений к журналу «Ясная Поляна» и содержали материал для детского чтения (см. т. 8).</p>
<p rend="petit left">На письмо Толстого Катков отвечал следующим письмом от 15 апреля 1862 г.:</p>
<p rend="petit left">«Я нисколько не теряю из виду Вашего издания, многоуважаемый Граф Лев Николаевич, и в скором времени буду говорить о нем в «Русском вестнике». В моих статьях найдете Вы, я уверен, чувство самое доброжелательное.</p>
<p rend="petit left">Что же касается до Вашего романа, то как бы ни хотелось мне видеть его поскорее в своих руках, я буду ждать его терпеливо. Вы пишете о взятых Вами из редакции деньгах: Вы бы очень огорчили и обидели меня, если бы вздумали предлагать мне их назад...»</p>
</comments></div></body>
        </text>
        </TEI>