<?xml version="1.0" encoding="UTF-8"?>
    <!-- <?xml-stylesheet type="text/xsl" target="../resources/MJT/myletter.xsl"?> -->
    <?xml-stylesheet type="css" target="graves.css"?>
    <?xml-model target="http://www.tei-c.org/release/xml/tei/custom/schema/relaxng/tei_all.rng" type="application/xml" schematypens="http://relaxng.org/ns/structure/1.0"?>
    <?xml-model target="http://www.tei-c.org/release/xml/tei/custom/schema/relaxng/tei_all.rng" type="application/xml"
            schematypens="http://purl.oclc.org/dsdl/schematron"?>
    <TEI xmlns="http://www.tei-c.org/ns/1.0">
       <teiHeader>
          <fileDesc>
             <titleStmt>
                <title>Письмо №211. А. А. Фету.</title>
             </titleStmt>
             <publicationStmt>
                <publisher>TolstoyLab</publisher>
                <date when="2015-09-14">14 September 2015</date>
             </publicationStmt>
             <sourceDesc>
                <biblStruct>
                   <analytic>
                      <author>Толстой Л.Н.</author>
                   </analytic>
                   <monogr>
                      <title level="m">Полное собрание сочинений. Том 60</title>
                      <imprint>
                         <pubPlace>Москва</pubPlace>
                         <publisher>Государственное издательство "Художественная литература"</publisher>
                         <date when="1949"/>
                      </imprint>
                   </monogr>
                   <series>
                      <title level="s">Л.Н. Толстой. Полное собрание сочинений</title>
                      <biblScope unit="vol">60</biblScope>
                   </series>
                </biblStruct>
				<bibl>Впервые опубликовано А. А. Фетом в «Русском обозрении», 1890, І, стр. 70, а затем им же в «Моих воспоминаниях», I, стр. 373. Дата определяется письмом Тургенева к Толстому, полученным последним на другой день после ссоры, то есть 28 мая. На обороте письма Тургенева Толстой, повидимому, в тот же день написал настоящее письмо и отправил его А. А. Фету.</bibl>
             </sourceDesc>
          </fileDesc>
          <encodingDesc>
             <tagsDecl> </tagsDecl>
          </encodingDesc>
          <profileDesc>
             <correspDesc>
                <correspAction type="sending">
                   <persName ref="PersonList.xml#L_N_Tolstoy">Л. Н. Толстой</persName>
                   <placeName ref="PlacesListxml#PLACE">Богослов.</placeName>
                   <date when="1861-05-28">1861 г. Мая 28.</date>            </correspAction>
                <correspAction type="receiving">
                   <persName ref="PersonList.xml#RECEIVER">А. А. Фету</persName>
                </correspAction>
                <correspContext>
                   <ref type="prev"></ref>
                </correspContext>
             </correspDesc>
          </profileDesc>
       </teiHeader>
       <xenoData><number type="in a volume">211</number></xenoData>

              <text xml:id="A.A.Fetu_211">
	<body><div>
		<opener index="false">
211. А. А. Фету.
1861 г. Мая 28. Богослов.</opener>
<p rend="left">Я не удержался, распечатал еще письмо от Г. Т[ургенева] в ответ на мое.</p>
<p rend="left">Желаю вам всего лучшего в отношении с этим человеком, но я его презираю, что я ему написал, и тем прекратил все сношения, исключая, ежели он захочет, удовлетворения. Несмотря на всё мое видимое спокойствие, в душе у меня было не ладно; и я чувствовал, что мне нужно было потребовать более положительного извинения от Г-на Тургенева, что я и сделал в письме из Новоселок. Вот его ответ, которым я удовлетворился, ответив только, что причины, по кот[орым] я извиняю его, не противоположности натур, а такие, которые он сам может понять. Кроме того, по промедлению, я послал другое письмо довольно жестокое, с вызовом, на которое еще <hi style="opdelimiter">не</hi><hi style="opnumber">393</hi> <hi style="npnumber">394</hi><hi style="npdelimiter">получил</hi> ответа, но ежели и получу, то не распечатав возвращу назад.<note xml:id="note1" resp="volume_editor" index="false"> Письмо Толстого Тургеневу, в ответ на первое письмо Тургенева, до нас не дошло. Не получая ответа на свое письмо, Толстой отправил в Спасское нарочного с требованием ответа. Тургенев отвечал ему следующим письмом от 28 мая: «Ваш человек говорит, что вы желаете получить ответ на ваше письмо; — но я не вижу, что бы я мог прибавить к тому, что я написал. Разве то, что я признаю совершенно за вами право потребовать от меня удовлетворение вооруженной рукой. Вы предпочли удовольствоваться высказанным и повторенным моим извинением — это было в вашей воле. — Скажу без фразы, что охотно бы выдержал ваш огонь, чтобы тем загладить мое действительно безумное слово. То, что я его высказал, так далеко от привычек всей моей жизни, что я могу приписать это ничему иному, как раздражению, вызванному крайним и постоянным антагонизмом наших воззрений. — Это не извинение, я хочу сказать — не оправдание, а объяснение. — И потому, расставаясь с вами навсегда, — подобные происшествия неизгладимы и невозвратимы, — считаю долгом повторить еще раз, что в этом деле правы были вы, а виноват я. Прибавляю, что тут вопрос не в храбрости, которую я хочу или не хочу показать, а в признании за вами права привести меня на поединок, разумеется, в принятых формах (с секундантами), как и права меня извинить. Вы избрали, что вам было угодно, и мне остается покориться вашему решению.</note> Итак, вот конец грустной истории, которая ежели перейдет порог вашего дома, то пусть перейдет и с этим дополнением.</p>
<comments><p rend="Textpetit_otstup left">Впервые опубликовано А. А. Фетом в «Русском обозрении», 1890, І, стр. 70, а затем им же в «Моих воспоминаниях», I, стр. 373. Дата определяется письмом Тургенева к Толстому, полученным последним на другой день после ссоры, то есть 28 мая. На обороте письма Тургенева Толстой, повидимому, в тот же день написал настоящее письмо и отправил его А. А. Фету.</p>
<p rend="Textpetit_otstup left"><hi>1</hi> Письмо Толстого Тургеневу, в ответ на первое письмо Тургенева, до нас не дошло. Не получая ответа на свое письмо, Толстой отправил в Спасское нарочного с требованием ответа. Тургенев отвечал ему следующим письмом от 28 мая: «Ваш человек говорит, что вы желаете получить ответ на ваше письмо; — но я не вижу, что бы я мог прибавить к тому, что я написал. Разве то, что я признаю совершенно за вами право потребовать от меня удовлетворение вооруженной рукой. Вы предпочли удовольствоваться высказанным и повторенным моим извинением — это было в вашей воле. — Скажу без фразы, что охотно бы выдержал ваш огонь, чтобы тем загладить мое действительно безумное слово. То, что я его высказал, так далеко от привычек всей моей жизни, что я могу приписать это ничему иному, как раздражению, вызванному крайним и постоянным антагонизмом наших воззрений. — Это не извинение, я хочу сказать — не оправдание, а объяснение. — И потому, расставаясь с вами навсегда, — подобные происшествия неизгладимы и невозвратимы, — считаю долгом повторить еще раз, что в этом деле правы были вы, а виноват я. Прибавляю, что тут вопрос не в храбрости, которую я хочу или не хочу показать, а в признании за вами права привести меня на поединок, разумеется, в принятых формах (с секундантами), как и права меня извинить. Вы избрали, что вам было угодно, и мне остается покориться вашему решению.</p>
<p rend="petit left">Снова прошу вас принять уверение в моем совершенном уважении. Ив. Тургенев» (ТТП, № 22).</p>
<p rend="petit left">По словам С. А. Толстой, Лев Николаевич на это письмо отвечал Тургеневу: «Вы меня боитесь, а я вас презираю и никакого дела с вами иметь не хочу». Письмо Тургенева Толстой отослал Фету.</p>
<p rend="petit left">5 июня 1861 г. Тургенев писал Фету: «Любезнейший Афанасий Афанасьевич. Позвольте вам написать — надеюсь окончательное слово в известном вам неприятном деле. Оказывается, что граф Толстой оскорбился формализмом моих извинений. — Быть может, он прав; но, желая, прежде всего, быть искренним — я не мог извиниться иначе. Моя обязанность состояла в том, чтобы сделать эти формальные извинения как можно более полными, несомненными и гласными — и я так и сделал. Граф Толстой мог не принять такого рода извинения; по требовать другие — или, приняв их, оскорблять меня — уже выходило из черты того, что я признаю его правом. — Однако, так как вызвать его было бы с <hi style="opdelimiter">моей</hi><hi style="opnumber">394</hi> <hi style="npnumber">395</hi><hi style="npdelimiter">стороны</hi> и смешно и странно, притом же я чувствую, что в его раздражении есть сторона законная, — то мне не остается ничего более, как предать это дело забвению — и предоставить графу Толстому судить обо мне как ему угодно. Остаюсь любящий вас Ив. Тургенев». См. Дневник 1861 г. (записи от 13 мая, 25 июня, 22 и 23 сентября, т. 48).</p>
</comments></div></body>
        </text>
        </TEI>