<?xml version="1.0" encoding="UTF-8"?>
    <!-- <?xml-stylesheet type="text/xsl" target="../resources/MJT/myletter.xsl"?> -->
    <?xml-stylesheet type="css" target="graves.css"?>
    <?xml-model target="http://www.tei-c.org/release/xml/tei/custom/schema/relaxng/tei_all.rng" type="application/xml" schematypens="http://relaxng.org/ns/structure/1.0"?>
    <?xml-model target="http://www.tei-c.org/release/xml/tei/custom/schema/relaxng/tei_all.rng" type="application/xml"
            schematypens="http://purl.oclc.org/dsdl/schematron"?>
    <TEI xmlns="http://www.tei-c.org/ns/1.0">
       <teiHeader>
          <fileDesc>
             <titleStmt>
                <title>Письмо №* 36. T. A. Ергольской.</title>
             </titleStmt>
             <publicationStmt>
                <publisher>TolstoyLab</publisher>
                <date when="2015-09-14">14 September 2015</date>
             </publicationStmt>
             <sourceDesc>
                <biblStruct>
                   <analytic>
                      <author>Толстой Л.Н.</author>
                   </analytic>
                   <monogr>
                      <title level="m">Полное собрание сочинений. Том 59</title>
                      <imprint>
                         <pubPlace>Москва</pubPlace>
                         <publisher>Государственное издательство "Художественная литература"</publisher>
                         <date when="1935"/>
                      </imprint>
                   </monogr>
                   <series>
                      <title level="s">Л.Н. Толстой. Полное собрание сочинений</title>
                      <biblScope unit="vol">59</biblScope>
                   </series>
                </biblStruct>
				<bibl>Печатается по автографу, хранящемуся в АТБ. Впервые опубликованы отрывки из письма (по-французски и в переводе) П. И. Бирюковым в Б, I, 1906, стр. 158—159; несколько бòльшие отрывки даны (только в переводе) П. А. Сергеенко в ПТС, I, стр. 5—6: впервые полностью (только в переводе) в Бир., XX, 1913, стр. 9—10.</bibl>
             </sourceDesc>
          </fileDesc>
          <encodingDesc>
             <tagsDecl> </tagsDecl>
          </encodingDesc>
          <profileDesc>
             <correspDesc>
                <correspAction type="sending">
                   <persName ref="PersonList.xml#L_N_Tolstoy">Л. Н. Толстой</persName>
                   <placeName ref="PlacesListxml#PLACE">Москва.</placeName>
                   <date when="1850-12-24">1850 г. Декабря 24.</date>            </correspAction>
                <correspAction type="receiving">
                   <persName ref="PersonList.xml#RECEIVER">T. A. Ергольской</persName>
                </correspAction>
                <correspContext>
                   <ref type="prev"></ref>
                </correspContext>
             </correspDesc>
          </profileDesc>
       </teiHeader>
       <xenoData><number type="in a volume">36</number></xenoData>

              <text xml:id="T.A.Ergolskoj_36">
	<body><div>
		<opener index="false">
* 36. T. A. Ергольской.
1850 г. Декабря 24. Москва.
</opener><p rend="right">1850</p>

<p rend="Obrashenie left">Chère Tante!</p>
<p rend="left">Je m’étonne et ne cesse de m’étonner de votre silence; quoique j’aie reçu hier votre lettre du 16 Décembr[e]<note xml:id="note1" resp="volume_editor" index="false"> Письмо это неизвестно.</note> qui est une réponse à ma première et celle là est la 4-me<note xml:id="note2" resp="volume_editor" index="false"> Толстой ошибся: по приезде в Москву 24 декабря 1850 г. он писал в пятый раз.</note> que je vous écris. Ma santé est excellente; mais en revanche l’état de ma poche n’est pas florissant. — Et si maintenant l’argent qu[e] j’attends de Serge et de <hi>Ясное</hi> n’est pas encore expedié il ne faut plus l’envoyer; puisque nous nous croiserons en route. Vous avez dû voir Pierre et la répétition de la même comédie; je ne lui ai fait ni grâce, ni ne lui ai demandé compte de cet argent, — la chose ne me regardant pas. N’a-t-on pas nouvelles de Nicolas? Je commence à m’inquié[ét]tter beaucoup sur son compte.</p>
<p rend="left">L’histoire de M-me Simon n’est pas encore terminée; hier même on m’a raconté; comme quoi un commis de M. Sim étant venu chez Mr. Kabiline pour avoir une explication avec lui est tombé mort dans sa chambre; on ne sait encore à quoi attribuer cette mort subite.<note xml:id="note3" resp="volume_editor" index="false"> См. об этом прим. 11 к п. № 31. Слух, передаваемый Толстым, неверен.</note> — Pourquoi êtes-vous tellement montée contre Islénieff? si c’est pour m’en détourner c’est inutile puisqu’il n’est pas à Moscou.<note xml:id="note4" resp="volume_editor" index="false">Александр Михайлович Исленьев. О нем см. прим. 8 к п. № 31.</note> Tout ce que vous dites au sujet de la passion du jeu est très vrai et me revient souvent à l’esprit. C’est pourquoi je crois que je ne jouerai[ais] pas; je dis «je crois» mais j’espère bientôt vous dire pour sûr; vous savez, il est très pénible de quitter une idée qu’on a eue pendant longtemps.</p>
<p rend="left">Dernièrement j’ai rencontré <hi>Чулковъ</hi> à la banque et hier il m’a fait un[e] visite, il assure qu’il a arrangé toutes ses affaires à la Banque; mais je crois qu’il ment. Il m’a engagé beaucoup à venir chez lui; mais comme vous concevez que sa société ni celle de sa femme n’a aucun attrait pour moi je n’en ferai rien.<note xml:id="note5" resp="volume_editor" index="false">Вероятно брат упоминавшихся в п. № 30 сестер Чулковых, тульский помещик Василий Александрович Чулков (р. в сентябре 1828 г.), женатый на Юлии Петровне Извековой.</note> <hi style="opdelimiter">—</hi><hi style="opnumber">81</hi> <hi style="npnumber">82</hi><hi style="npdelimiter">Tout</hi> ce que vous dites de la société est vrai aussi comme tout ce que vous dites surtout dans vos lettres. I-mo parceque vous écrivez comme M-me de Sévigné<note xml:id="note6" resp="volume_editor" index="false">Маркиза Мария Севинье, рожденная Рабютэн-Шанталь (1626—1696) прославилась замечательными по содержанию и стилю письмами к своей дочери.</note> 2-o parceque je ne puis selon mon habitude — disputer. Vous dites aussi beaucoup de bon de ma personne, je suis convaincu que les louanges font autant de bien que de mal. — Elles font du bien puisqu’elles maintiennent dans les bonnes qualité[s] qu’on loue, et du mal parcequ’elles augmentent l’amour propre; je suis sûr que les vôtres ne peuvent que me faire du bien; par la raison qu’elle[s] sont dictées par une amitié sincère — cela va sans dire autant que je les meriterai[s]. Je crois les avoir méritées pendant tout le tems de mon séjour à Moscou — je suis content de moi. — La maladie de ma tante Lise<note xml:id="note7" resp="volume_editor" index="false">Гр. Елизавета Александровна Толстая. О ней см. прим. 7 к п. № 4.</note> me fait beaucoup de peine au moins c’est une compensation de savoir Marie et son enfant bien portantes;<note xml:id="note8" resp="volume_editor" index="false">Гр. Марья Николаевна Толстая 31 декабря 1850 г. родила сына Николая.</note> Quand doit- elle accoucher? Dites à Serge que je l’embrasse et que toutes ses commissions sont remplies et consciencieusem[ent].</p>
<p rend="left">Adieu, je baise vos mains, au revoir.</p>
<p rend="left">Je salue le moine.<note xml:id="note9" resp="volume_editor" index="false">Николай Сергеевич Воейков. О нем см. прим. 5 к п. № 7.</note></p>
<p rend="petit right">24 декабря, воскресенье 1850.</p>
<p rend="Obrashenie petit">
Дорогая тетенька!
</p>
<p rend="petit left">Меня удивляет и не перестает удивлять ваше молчание, не взирая на то, что вчера я получил ваше письмо от 16 декабря,<note xml:id="note10" resp="volume_editor" index="false"> Письмо это неизвестно.</note> в ответ на мое первое, а сегодня я пишу вам в 4 раз.<note xml:id="note11" resp="volume_editor" index="false"> Толстой ошибся: по приезде в Москву 24 декабря 1850 г. он писал в пятый раз.</note> Здоровье мое прекрасно, но зато мой карман не в цветущем состоянии. — Ежели деньги, которые я жду от Сережи и из *Ясного*, еще не высланы, задержите их, иначе мы разминемся в пути. Вы верно уже видели Петра и повторение той же комедии. Ни прощать его, ни требовать отчета мне не пришлось, так как меня это никак не касалось. Есть ли известия о Николеньке? Начинаю беспокоиться о нем.</p>
<p rend="petit left">История г-жи Симон не окончена; еще вчера слышал, будто бы служащий ее явился к Кобылину за какими-то объяснениями и там скоропостижно скончался. Причина смерти еще не выяснена.<note xml:id="note12" resp="volume_editor" index="false"> См. об этом прим. 11 к п. № 31. Слух, передаваемый Толстым, неверен.</note> — Почему вы так восстаете против Исленьева? Ежели для того, чтобы меня от него отвратить, так это бесполезно, потому что его нет в Москве.<note xml:id="note13" resp="volume_editor" index="false">Александр Михайлович Исленьев. О нем см. прим. 8 к п. № 31.</note> Всё, что вы говорите о страсти к игре, справедливо, и часто об этом сам думаю. Поэтому, я думаю, что больше играть не буду, — говорю «думаю», а надеюсь скоро сказать вам, что уверен, что не буду играть, но вы знаете, как трудно бывает отказаться от той мысли, которая долго вас занимала.—</p>
<p rend="petit left">Ha-днях встретил в банке <hi>*Чулкова</hi>*, и вчера он был у меня и уверяет, что дела с банком устроил; но я думаю, что он врет; он очень звал меня к себе, но, как вы догадываетесь, общество его и его жены мне мало привлекательны, и его приглашеньем я не собираюсь воспользоваться.<hi>5 </hi> <hi style="opdelimiter">—</hi><hi style="opnumber">82</hi> <hi style="npnumber">83</hi><hi style="npdelimiter">Всё</hi> то, что вы говорите об обществе, так же верно, как всё, что вы говорите, особенно в ваших письмах. Во 1-х, потому, что вы пишете, как м-м де Севинье,<note xml:id="note14" resp="volume_editor" index="false">Маркиза Мария Севинье, рожденная Рабютэн-Шанталь (1626—1696) прославилась замечательными по содержанию и стилю письмами к своей дочери.</note> а, во 2-х, потому что по своей привычке я не могу спорить. Вы много хорошего говорите тоже обо мне самом. Я уверен, что похвалы так же полезны, как и вредны. — Они полезны потому, что поддерживают в качествах, вызывающих похвалу, и вредны потому, что развивают самолюбие; я уверен, что ваши мне только полезны, потому что они вызваны искренней дружбой, но лишь в том случае, ежели я их заслуживаю. И я думаю, что я заслужил их; за всё время моего пребывания в Москве я собой доволен. Болезнь тети Лизы<note xml:id="note15" resp="volume_editor" index="false">Гр. Елизавета Александровна Толстая. О ней см. прим. 7 к п. № 4.</note> меня очень огорчает; хорошо еще, что Машенька со своим ребенком здоровы. Когда должна она родить?<note xml:id="note16" resp="volume_editor" index="false">Гр. Марья Николаевна Толстая 31 декабря 1850 г. родила сына Николая.</note> Скажите Сереже, что я его целую, что все его поручения исполнены и добросовестно.</p>
<p rend="petit left">Прощайте, целую ваши ручки.</p>
<p rend="petit left">Монаху<note xml:id="note17" resp="volume_editor" index="false">Николай Сергеевич Воейков. О нем см. прим. 5 к п. № 7.</note> кланяюсь.</p>
<comments><p rend="Textpetit_otstup left">Печатается по автографу, хранящемуся в АТБ. Впервые опубликованы отрывки из письма (по-французски и в переводе) П. И. Бирюковым в Б, I, 1906, стр. 158—159; несколько бòльшие отрывки даны (только в переводе) П. А. Сергеенко в ПТС, I, стр. 5—6: впервые полностью (только в переводе) в Бир., XX, 1913, стр. 9—10.</p>
<p rend="Textpetit_otstup left"><hi>1</hi> Письмо это неизвестно.</p>
<p rend="petit left"><hi>2</hi> Толстой ошибся: по приезде в Москву 24 декабря 1850 г. он писал в пятый раз.</p>
<p rend="petit left"><hi>3</hi> См. об этом прим. 11 к п. № 31. Слух, передаваемый Толстым, неверен.</p>
<p rend="petit left"><hi>4 </hi>Александр Михайлович Исленьев. О нем см. прим. 8 к п. № 31.</p>
<p rend="petit left"><hi>5 </hi>Вероятно брат упоминавшихся в п. № 30 сестер Чулковых, тульский помещик Василий Александрович Чулков (р. в сентябре 1828 г.), женатый на Юлии Петровне Извековой.</p>
<p rend="petit left"><hi>6 </hi>Маркиза Мария Севинье, рожденная Рабютэн-Шанталь (1626—1696) прославилась замечательными по содержанию и стилю письмами к своей дочери.</p>
<p rend="petit left"><hi>7 </hi>Гр. Елизавета Александровна Толстая. О ней см. прим. 7 к п. № 4.</p>
<p rend="petit left"><hi>8 </hi>Гр. Марья Николаевна Толстая 31 декабря 1850 г. родила сына Николая.</p>
<p rend="petit left"><hi>9 </hi>Николай Сергеевич Воейков. О нем см. прим. 5 к п. № 7.</p>
</comments></div></body>
        </text>
        </TEI>