<?xml version="1.0" encoding="UTF-8"?>
    <!-- <?xml-stylesheet type="text/xsl" target="../resources/MJT/myletter.xsl"?> -->
    <?xml-stylesheet type="css" target="graves.css"?>
    <?xml-model target="http://www.tei-c.org/release/xml/tei/custom/schema/relaxng/tei_all.rng" type="application/xml" schematypens="http://relaxng.org/ns/structure/1.0"?>
    <?xml-model target="http://www.tei-c.org/release/xml/tei/custom/schema/relaxng/tei_all.rng" type="application/xml"
            schematypens="http://purl.oclc.org/dsdl/schematron"?>
    <TEI xmlns="http://www.tei-c.org/ns/1.0">
       <teiHeader>
          <fileDesc>
             <titleStmt>
                <title>Письмо №* 23. И. И. Орлову.</title>
             </titleStmt>
             <publicationStmt>
                <publisher>TolstoyLab</publisher>
                <date when="2015-09-14">14 September 2015</date>
             </publicationStmt>
             <sourceDesc>
                <biblStruct>
                   <analytic>
                      <author>Толстой Л.Н.</author>
                   </analytic>
                   <monogr>
                      <title level="m">Полное собрание сочинений. Том 61</title>
                      <imprint>
                         <pubPlace>Москва</pubPlace>
                         <publisher>Государственное издательство "Художественная литература"</publisher>
                         <date when="1953"/>
                      </imprint>
                   </monogr>
                   <series>
                      <title level="s">Л.Н. Толстой. Полное собрание сочинений</title>
                      <biblScope unit="vol">61</biblScope>
                   </series>
                </biblStruct>
             </sourceDesc>
          </fileDesc>
          <encodingDesc>
             <tagsDecl> </tagsDecl>
          </encodingDesc>
          <profileDesc>
             <correspDesc>
                <correspAction type="sending">
                   <persName ref="PersonList.xml#L_N_Tolstoy">Л. Н. Толстой</persName>
                   <placeName ref="PlacesListxml#PLACE">Я. П.</placeName>
                   <date when="1863-10-12">1863 г. Октября 12.</date>            </correspAction>
                <correspAction type="receiving">
                   <persName ref="PersonList.xml#RECEIVER">И. И. Орлову</persName>
                </correspAction>
                <correspContext>
                   <ref type="prev"></ref>
                </correspContext>
             </correspDesc>
          </profileDesc>
       </teiHeader>
       <xenoData><number type="in a volume">23</number></xenoData>

              <text xml:id="I__I__Orlovu_23">
	<body><div>
		<opener index="false">
* 23. И. И. Орлову.
1863 г. Октября 12. Я. П.</opener>
<p rend="left">Яблонь 850 корней посылаю. Толщиною все такие:</p>
<p rend="left floatl"><figure><graphic url="./img/b00000719.png"/></figure></p>
<p rend="notindent">Дмитрию дал 1 р[убль]. Он весьма ленивый и дрянной человек, которого я не советовал бы держать, тем более, что он не нужен. — Денег то, что стоили яблони, рублей 150, пришлите. Сам я не успел быть 9, но надеюсь быть в этом месяце.</p>
<p rend="right">Гр. Л. Толстой.</p>
<lb/>
<p rend="left floatn">12 октября.</p>
<comments><p rend="Textpetit_otstup left">Год определяется сопоставлением с письмом № 22.</p>
<p rend="left"><hi style="opnumber">21</hi> <hi style="npnumber">22</hi></p>
</comments></div></body>
        </text>
        </TEI>