<?xml version="1.0" encoding="UTF-8"?>
    <!-- <?xml-stylesheet type="text/xsl" target="../resources/MJT/myletter.xsl"?> -->
    <?xml-stylesheet type="css" target="graves.css"?>
    <?xml-model target="http://www.tei-c.org/release/xml/tei/custom/schema/relaxng/tei_all.rng" type="application/xml" schematypens="http://relaxng.org/ns/structure/1.0"?>
    <?xml-model target="http://www.tei-c.org/release/xml/tei/custom/schema/relaxng/tei_all.rng" type="application/xml"
            schematypens="http://purl.oclc.org/dsdl/schematron"?>
    <TEI xmlns="http://www.tei-c.org/ns/1.0">
       <teiHeader>
          <fileDesc>
             <titleStmt>
                <title>Письмо №* 304. A. A. Фету.</title>
             </titleStmt>
             <publicationStmt>
                <publisher>TolstoyLab</publisher>
                <date when="2015-09-14">14 September 2015</date>
             </publicationStmt>
             <sourceDesc>
                <biblStruct>
                   <analytic>
                      <author>Толстой Л.Н.</author>
                   </analytic>
                   <monogr>
                      <title level="m">Полное собрание сочинений. Том 61</title>
                      <imprint>
                         <pubPlace>Москва</pubPlace>
                         <publisher>Государственное издательство "Художественная литература"</publisher>
                         <date when="1953"/>
                      </imprint>
                   </monogr>
                   <series>
                      <title level="s">Л.Н. Толстой. Полное собрание сочинений</title>
                      <biblScope unit="vol">61</biblScope>
                   </series>
                </biblStruct>
             </sourceDesc>
          </fileDesc>
          <encodingDesc>
             <tagsDecl> </tagsDecl>
          </encodingDesc>
          <profileDesc>
             <correspDesc>
                <correspAction type="sending">
                   <persName ref="PersonList.xml#L_N_Tolstoy">Л. Н. Толстой</persName>
                   <placeName ref="PlacesListxml#PLACE">Я. П.</placeName>
                   <date when="1870-03-06">1870 г. Марта 6?</date>            </correspAction>
                <correspAction type="receiving">
                   <persName ref="PersonList.xml#RECEIVER">A. A. Фету</persName>
                </correspAction>
                <correspContext>
                   <ref type="prev"></ref>
                </correspContext>
             </correspDesc>
          </profileDesc>
       </teiHeader>
       <xenoData><number type="in a volume">304</number></xenoData>

              <text xml:id="A__A__Fetu_304">
	<body><div>
		<opener index="false">
* 304. A. A. Фету.
1870 г. Марта 6? Я. П.</opener>
<p rend="left">Поездка моя в Москву не принесла никаких результатов по отношению к племянницам, но много впечатлений и волнения. —</p>
<p rend="left">Я теперь дома на неопределенное время, и потому нечего вам говорить, что ожидаю вас с нетерпением и радостью. Вы пишете: можно ли к вам приехать на <figure><graphic url="./img/i000034630001.png"/></figure> неделе?<note xml:id="note1" resp="volume_editor" index="false"> Письмо Фета неизвестно.</note> Какая это неделя, никто не мог разобрать; но это всё равно, вы желаннейший гость всегда. Одно может случиться, что я съезжу на день к брату, и потому все-таки лучше определите день и поезд, чтобы выехать за вами. Наш поклон Марье Петровне.</p>
<p rend="right">Ваш Л. Толстой.</p>
<p rend="left">У нас все, слава богу, здоровы, но новое горе, уехала наша англичанка.<note xml:id="note2" resp="volume_editor" index="false"> Ханна Терсей.</note></p>
<p rend="left">Свой рассказ доводите до <hi>перло</hi>, и будет хорошо.<note xml:id="note3" resp="volume_editor" index="false"> <ref target='file:///Volume_61_A__A__Fetu_302.xml'>См. письмо № 302</ref>.</note></p>
<comments><p rend="Textpetit_otstup left">Датируется содержанием и пометкой Фета на письме: «6 марта».</p>
<p rend="Textpetit_otstup left"><hi>1</hi> Письмо Фета неизвестно.</p>
<p rend="petit left"><hi>2</hi> Ханна Терсей.</p>
<p rend="petit left"><hi>3</hi> <ref target='file:///Volume_61_A__A__Fetu_302.xml'>См. письмо № 302</ref>.</p>
</comments></div></body>
        </text>
        </TEI>