<?xml version="1.0" encoding="UTF-8"?>
    <!-- <?xml-stylesheet type="text/xsl" target="../resources/MJT/myletter.xsl"?> -->
    <?xml-stylesheet type="css" target="graves.css"?>
    <?xml-model target="http://www.tei-c.org/release/xml/tei/custom/schema/relaxng/tei_all.rng" type="application/xml" schematypens="http://relaxng.org/ns/structure/1.0"?>
    <?xml-model target="http://www.tei-c.org/release/xml/tei/custom/schema/relaxng/tei_all.rng" type="application/xml"
            schematypens="http://purl.oclc.org/dsdl/schematron"?>
    <TEI xmlns="http://www.tei-c.org/ns/1.0">
       <teiHeader>
          <fileDesc>
             <titleStmt>
                <title>Письмо №69. H. A. Некрасову (неотправленное).</title>
             </titleStmt>
             <publicationStmt>
                <publisher>TolstoyLab</publisher>
                <date when="2015-09-14">14 September 2015</date>
             </publicationStmt>
             <sourceDesc>
                <biblStruct>
                   <analytic>
                      <author>Толстой Л.Н.</author>
                   </analytic>
                   <monogr>
                      <title level="m">Полное собрание сочинений. Том 59</title>
                      <imprint>
                         <pubPlace>Москва</pubPlace>
                         <publisher>Государственное издательство "Художественная литература"</publisher>
                         <date when="1935"/>
                      </imprint>
                   </monogr>
                   <series>
                      <title level="s">Л.Н. Толстой. Полное собрание сочинений</title>
                      <biblScope unit="vol">59</biblScope>
                   </series>
                </biblStruct>
				<bibl>Печатается по автографу, хранящемуся в АТБ. Впервые напечатано М. А. Цявловским в жур. «Печать и революция» М. 1928, кн. 6, стр. 91—92.</bibl>
             </sourceDesc>
          </fileDesc>
          <encodingDesc>
             <tagsDecl> </tagsDecl>
          </encodingDesc>
          <profileDesc>
             <correspDesc>
                <correspAction type="unsent">
                   <persName ref="PersonList.xml#L_N_Tolstoy">Л. Н. Толстой</persName>
                   <placeName ref="PlacesListxml#PLACE">Станица Старогладковская.</placeName>
                   <date when="1852-11-18">1852 г. Ноября 18.</date>            </correspAction>
                <correspAction type="receiving">
                   <persName ref="PersonList.xml#RECEIVER">H. A. Некрасову (неотправленное)</persName>
                </correspAction>
                <correspContext>
                   <ref type="prev"></ref>
                </correspContext>
             </correspDesc>
          </profileDesc>
       </teiHeader>
       <xenoData><number type="in a volume">69</number></xenoData>

              <text xml:id="N.A.Nekrasovu_69">
	<body><div>
		<opener index="false">
69. H. A. Некрасову (неотправленное).
1852 г. Ноября 18. Станица Старогладковская.
</opener><p rend="right">1852.</p>

<p rend="Obrashenie left">Милостивый Государь!</p>
<p rend="left">Съ крайнимъ неудовольствіемъ прочелъ я въ IX № «Современника» <hi>повњстъ</hi> подъ заглавіемъ <hi>Исторія моего дњтства</hi> и узналъ въ ней <hi>романъ Дњтство</hi>, который я послалъ вамъ.<note xml:id="note1" resp="volume_editor" index="false">Толстой недоволен подзаголовком «Повесть», который был дан в журнале, но, не говоря уже о том, что «повестью» называет <hi style="opdelimiter">«Детство»</hi><hi style="opnumber">212</hi> <hi style="npnumber">213</hi><hi style="npdelimiter">сам</hi> Толстой в дневнике и письмах, названия «роман» нет и в издании 1856 г.</note> Первымъ условіемъ къ напечатанію поставлялъ я, чтобы вы <hi>прежде оцњнили рукопись и выслали мнњ то, что она стоитъ</hi>, <hi>по вашему мнњнію.</hi> Это условіе неисполнено. Вторымъ условіемъ — чтобы ничего не измѣнять въ ней. Это условіе исполнено еще менѣе, вы измѣнили все, начиная съ заглавія. Прочитавъ съ самымъ грустнымъ чувствомъ эту жалкую изуродованную повѣсть, я старался открыть причины, побудившія редакцію такъ безжалостно поступить съ ней. Или редакція положила себѣ задачею какъ можно хуже изуродовать этотъ романъ, или безконтрольно поручила корректуру его совершенно неграмотному Сотруднику. — Заглавіе <hi>Дњтство</hi> и нѣсколько словъ предисловія объясняли мысль сочиненія; заглавіе-же <hi>Исторія моего дњтства</hi> противорѣчитъ съ мыслью сочиненія. Кому какое дѣло до исторіи <hi>моего</hi> дѣтства...<hi>2 </hi><hi>Портретъ моей маменьки</hi> вмѣсто <hi>образка моего ангела</hi> на 1-ой страницѣ такая перемѣна, которая заставитъ всякого порядочнаго читателя бросить книгу не читая далѣе.<note xml:id="note2" resp="volume_editor" index="false">В действительно глупой замене «образка моего ангела» «портретом моей маменьки» Некрасов был неповинен: эта замена была сделана по требованию цензуры.</note> Перечесть всѣхъ перемѣнъ такого рода нѣтъ возможности и надобности; но не говоря о безчисленныхъ обрѣзках фразъ безъ малѣйшаго смысла, опечаткахъ, неправильно переставленныхъ знакахъ препинанія, дурной орфографіи, неудачныхъ перемѣнъ словъ <hi>дышать</hi>, вмѣсто <hi>двошатъ</hi> (о собакахъ),<note xml:id="note3" resp="volume_editor" index="false">В XIV главе (в четвертом абзаце) в «Современнике» напечатано «Несколько борзых собак — одни тяжело дышали лежа на солнце...» Толстой указывает, что у него в рукописи было «не дышали», а «двошали», но «дышали» стоит и в издании 1856 г.: очевидно Толстой сам отказался от провинциализма «двошали».</note> <hi>въ слезахъ палъ на землю</hi>, вмѣсто <hi>повалился</hi> (падаетъ скотина),<note xml:id="note4" resp="volume_editor" index="false">Слова «в слезах пал на землю» находятся в XII главе (в третьем от конца абзаце). В издании 1856 г. стоит, как и требовал Толстой, «повалился».</note> доказывающихъ незнаніе языка, замѣчу одну непостижимую для меня перемѣну. Для чего выпущена вся исторія любви <hi>Натальи Савишны</hi>, исторія, обрисовывавшая ее, бытъ стараго времени и придававшая важность и человѣчность этому лицу. <hi>Она даже подавила любовь къ офиціянту Фокњ.</hi> Вотъ безсмысленная фраза, замѣняющая это место.<note xml:id="note5" resp="volume_editor" index="false">Возможно, что замена в главе XIII второй половины первого абзаца фразой «она даже подавила в сердце своем любовь к молодому официанту Фоке», вызвана цензурными требованиями.</note> Слово delire въ запискѣ Мими переведено <hi>горячность</hi>.<note xml:id="note6" resp="volume_editor" index="false">Замечание Толстого, что слово delire в записке Мими переведено «горячность», указывает на то, что в посланной Толстым рукописи текст записки Мими был на французском языке. Некрасов же дал только русский перевод. Только русский текст дан в издании 1856 г., но здесь стоит «в бреду», как и требовал Толстой.</note> <hi>Чугунная доска,</hi> въ которую бьетъ <hi style="opdelimiter">караульщик,</hi><hi style="opnumber">211</hi> <hi style="npnumber">212</hi><hi style="npdelimiter">замѣнена</hi> <hi>мњдной.</hi> Непостижимо.<note xml:id="note7" resp="volume_editor" index="false">«Чугунной» доске (глава XII, пятый абзац) вместо «медной» не повезло. «Медная» осталась в издании 1856 г. (и во всех последующих), и только в настоящем издании мы внесли эту конъектуру на основании печатаемого письма Толстого. См. 1 том, стр. 34.</note> — Скажу только, что, читая свое произведеніе въ печати, я испыталъ то непріятное чувство, которое испытываетъ отецъ при видѣ своего любимаго сына, уродливо и неровно обстриженнаго самоучкой-парикмахеромъ. «Откуда взялись эти плѣшины, вихры, когда прежде онъ былъ хорошенькій мальчикъ». Но мое дитя и было не очень красиво, а его еще окорнали и изуродовали. — Я утѣшаюсь только тѣмъ, что имѣю возможность напечатать съ своею фамиліею весь романъ отдѣльно и совершенно отказаться от повѣсти <hi>Исторія моего дњтства</hi>, которая по справедливости принадлежитъ не мнѣ, a неизвѣстному сотруднику вашей редакціи.</p>
<p rend="left">Имѣю честь быть, Милостивый Государь, Вашъ покорнѣйшій слуга Л. Н.</p>
<comments><p rend="Textpetit_otstup left">Печатается по автографу, хранящемуся в АТБ. Впервые напечатано М. А. Цявловским в жур. «Печать и революция» М. 1928, кн. 6, стр. 91—92.</p>
<p rend="petit left">Не получив своевременно «Современник» с «Детством» (см. п. Н. А. Некрасова от 30 октября 1852 г. в прим. к п. № 66), Толстой прочел его лишь в конце октября. В дневнике под 31 октября записано: «Прочел свою повесть, изуродованную до крайности». Под 8 ноября: «Написал письмо редактору, которое успокоило меня, но которое не пошло». Эта редакция не сохранилась. Под 17 ноября снова: «Еще раз писал письма Дьякову и Редактору, которые опять не пошлю. Редактору слишком жестко».</p>
<p rend="petit left">Так как это письмо не было послано Некрасову, мы к сожалению, не имеем ответа последнего на ряд обвинений, предъявленных ему начинающим автором. Не дошла до нас и та рукопись «Детства», которая была послана Толстым, и по которой, вероятно, повесть и набиралась для «Современника». Отсутствие рукописи не позволяет нам судить, насколько был искажен в журнале текст, присланный Толстым. По его словам в тексте «Современника» оказались «бесчисленные обрезки фраз, без малейшего смысла, опечатки, неправильно переставленные знаки препинания, дурная орфография, неудачные перемены слов». Через четыре года (в первых числах октября 1856 г.) вышла в свет книга «Детство и отрочество» Толстого, изданная самим автором. Сличив текст «Детства» в этом издании с текстом «Современника», мы должны признать отзыв Толстого о журнальном тексте слишком суровым. Так, например, «бесчисленных обрезок фраз без малейшего смысла» в «Современнике» текст издания 1856 г. не вскрывает, не так уже много в «Современнике» и опечаток. Разночтения текста издания 1856 г. с текстом «Современника» даны нами в 1 томе.</p>
<p rend="Textpetit_otstup left"><hi>1 </hi>Толстой недоволен подзаголовком «Повесть», который был дан в журнале, но, не говоря уже о том, что «повестью» называет <hi style="opdelimiter">«Детство»</hi><hi style="opnumber">212</hi> <hi style="npnumber">213</hi><hi style="npdelimiter">сам</hi> Толстой в дневнике и письмах, названия «роман» нет и в издании 1856 г.</p>
<p rend="petit left"><hi>2 </hi>Непонятно, о каком «Предисловии» говорит здесь Толстой: имеет ли он в виду какое-то свое предисловие, не напечатанное Некрасовым и до нас не дошедшее, или говорит о том, что редактор мог бы сам прибавить предисловие к присланному тексту. Возможно, что Толстой имеет в виду обращение «К читателям», сохранившееся в АТБ в черновой редакции (см. I т. стр. 207—209). Если это обращение было в рукописи «Детства», посланной Толстым Некрасову (она не сохранилась), то оно было в сильно сокращенном виде, так как о тексте обращения черновой редакции никак нельзя сказать, что в нем «несколько слов». Так же неясен и вопрос о самом заглавии. Несмотря на то, что Толстой определенно был против заглавия «История моего детства», это заглавие имеется и в издании 1856 г., на шмуц-титуле, после заглавного, и на первой странице текста, и сделано это, надо думать, с согласия самого Толстого, так как Д. Я. Колбасин, ведавший издание 1856 г., в письме от 20 августа спрашивал у Толстого, какое печатать заглавие.</p>
<p rend="petit left"><hi>3 </hi>В действительно глупой замене «образка моего ангела» «портретом моей маменьки» Некрасов был неповинен: эта замена была сделана по требованию цензуры.</p>
<p rend="petit left"><hi>4 </hi>В XIV главе (в четвертом абзаце) в «Современнике» напечатано «Несколько борзых собак — одни тяжело дышали лежа на солнце...» Толстой указывает, что у него в рукописи было «не дышали», а «двошали», но «дышали» стоит и в издании 1856 г.: очевидно Толстой сам отказался от провинциализма «двошали».</p>
<p rend="petit left"><hi>5 </hi>Слова «в слезах пал на землю» находятся в XII главе (в третьем от конца абзаце). В издании 1856 г. стоит, как и требовал Толстой, «повалился».</p>
<p rend="petit left"><hi>6 </hi>Возможно, что замена в главе XIII второй половины первого абзаца фразой «она даже подавила в сердце своем любовь к молодому официанту Фоке», вызвана цензурными требованиями.</p>
<p rend="petit left"><hi>7 </hi>Замечание Толстого, что слово delire в записке Мими переведено «горячность», указывает на то, что в посланной Толстым рукописи текст записки Мими был на французском языке. Некрасов же дал только русский перевод. Только русский текст дан в издании 1856 г., но здесь стоит «в бреду», как и требовал Толстой.</p>
<p rend="petit left"><hi>8 </hi>«Чугунной» доске (глава XII, пятый абзац) вместо «медной» не повезло. «Медная» осталась в издании 1856 г. (и во всех последующих), и только в настоящем издании мы внесли эту конъектуру на основании печатаемого письма Толстого. См. 1 том, стр. 34.</p>
</comments></div></body>
        </text>
        </TEI>