<?xml version="1.0" encoding="UTF-8"?>
    <!-- <?xml-stylesheet type="text/xsl" target="../resources/MJT/myletter.xsl"?> -->
    <?xml-stylesheet type="css" target="graves.css"?>
    <?xml-model target="http://www.tei-c.org/release/xml/tei/custom/schema/relaxng/tei_all.rng" type="application/xml" schematypens="http://relaxng.org/ns/structure/1.0"?>
    <?xml-model target="http://www.tei-c.org/release/xml/tei/custom/schema/relaxng/tei_all.rng" type="application/xml"
            schematypens="http://purl.oclc.org/dsdl/schematron"?>
    <TEI xmlns="http://www.tei-c.org/ns/1.0">
       <teiHeader>
          <fileDesc>
             <titleStmt>
                <title>Письмо №* 96. Гр. В. П. Толстому.</title>
             </titleStmt>
             <publicationStmt>
                <publisher>TolstoyLab</publisher>
                <date when="2015-09-14">14 September 2015</date>
             </publicationStmt>
             <sourceDesc>
                <biblStruct>
                   <analytic>
                      <author>Толстой Л.Н.</author>
                   </analytic>
                   <monogr>
                      <title level="m">Полное собрание сочинений. Том 59</title>
                      <imprint>
                         <pubPlace>Москва</pubPlace>
                         <publisher>Государственное издательство "Художественная литература"</publisher>
                         <date when="1935"/>
                      </imprint>
                   </monogr>
                   <series>
                      <title level="s">Л.Н. Толстой. Полное собрание сочинений</title>
                      <biblScope unit="vol">59</biblScope>
                   </series>
                </biblStruct>
				<bibl>Печатается по автографу, хранящемуся в АТБ. Публикуется впервые.</bibl>
             </sourceDesc>
          </fileDesc>
          <encodingDesc>
             <tagsDecl> </tagsDecl>
          </encodingDesc>
          <profileDesc>
             <correspDesc>
                <correspAction type="sending">
                   <persName ref="PersonList.xml#L_N_Tolstoy">Л. Н. Толстой</persName>
                   <placeName ref="PlacesListxml#PLACE">Белъбек.</placeName>
                   <date when="1855-02-24">1855 г. Февраля 24.</date>            </correspAction>
                <correspAction type="receiving">
                   <persName ref="PersonList.xml#RECEIVER">Гр. В. П. Толстому</persName>
                </correspAction>
                <correspContext>
                   <ref type="prev"></ref>
                </correspContext>
             </correspDesc>
          </profileDesc>
       </teiHeader>
       <xenoData><number type="in a volume">96</number></xenoData>

              <text xml:id="Gr.V.P.Tolstomu_96">
	<body><div>
		<opener index="false">
* 96. Гр. В. П. Толстому.
1855 г. Февраля 24. Позиция на р. Белъбек.
</opener>
<p rend="Obrashenie left">Любезный другъ!</p>
<p rend="left">Какъ тебѣ,я думаю, извѣстно и<hi>зъ</hi> моего письма Николинькѣ, я проигралъ 1,500 р., которые были присланы мнѣ; но <hi style="opdelimiter">что</hi><hi style="opnumber">300</hi> <hi style="npnumber">301</hi><hi style="npdelimiter">еще</hi> хуже, я проигралъ еще 575 р. сер. въ долгъ.<note xml:id="note1" resp="volume_editor" index="false">О проигрышах в карты есть такие записи в дневнике: 2 февраля: «Мне мало было проиграть всё, что у меня было. Я проиграл еще на слово Мещерскому 150 р., которых у меня нет»; 6—8 февраля: «Опять играл в карты и проиграл еще 200 р. серебром. Не могу дать себе слова перестать, хочется отыграться, и вместе могу страшно запутаться»; 12 февраля: «Опять проиграл 75 р. Бог еще милует меня, что не было неприятностей, но что будет дальше? Одна надежда на него!»; 15—16 февраля: «Проиграл вчера еще 20 р. сер. и больше играть <hi>не</hi>—<hi>буду».</hi></note> Деньги эти <hi>необходимо</hi> выслать мнѣ въ самомъ скоромъ времени, поэтому будь такъ добръ, распорядись въ Ясной Полянѣ, чтобы продали хлѣба то число, которое недостаетъ, и выслали ихъ мнѣ въ Севастополь. — Ежели въ опекунской совѣтъ не посланы еще деньги, то эти 575 р. я прошу прислать прежде, чѣмъ посылать въ Совѣтъ. —</p>
<p rend="left">Стыдно и больно писать. Пожалуйста не показывай письма всѣмъ. Играть я пересталъ. Я, слава Богу, живъ и здоровъ въ лагерѣ на Бельбекѣ около Севастополя. —</p>
<p rend="right">Цѣлуй жену и дѣтей.</p>
<p rend="right">Истинный другъ и братъ</p>
<p rend="right">Гр. Л. Толстой.</p>
<p rend="left">1855, 24 Февраля.</p>
<p rend="left">Бельбекъ.</p>
<comments><p rend="Textpetit_otstup left">Печатается по автографу, хранящемуся в АТБ. Публикуется впервые.</p>
<p rend="petit left">Гр. Валериан Петрович Толстой (р. 19 октября 1813 г., ум. 6 января 1865 г.), сын гр. Петра Ивановича (1785—1834) и Елизаветы Александровны Ергольской (1790—1851). Служил в гусарском принца Оранского полку и был адъютантом отдельного сибирского корпуса. Перед женитьбой, 3 ноября 1847 г., вышел в отставку с чином майора. Женат на своей троюродной сестре гр. Марии Николаевне Толстой. О гр. В. П. Толстом см. еще в прим. о гр. М. Н. Толстой, п. № 42.</p>
<p rend="Textpetit_otstup left"><hi>1 </hi>О проигрышах в карты есть такие записи в дневнике: 2 февраля: «Мне мало было проиграть всё, что у меня было. Я проиграл еще на слово Мещерскому 150 р., которых у меня нет»; 6—8 февраля: «Опять играл в карты и проиграл еще 200 р. серебром. Не могу дать себе слова перестать, хочется отыграться, и вместе могу страшно запутаться»; 12 февраля: «Опять проиграл 75 р. Бог еще милует меня, что не было неприятностей, но что будет дальше? Одна надежда на него!»; 15—16 февраля: «Проиграл вчера еще 20 р. сер. и больше играть <hi>не</hi>—<hi>буду».</hi></p>
</comments></div></body>
        </text>
        </TEI>