<?xml version="1.0" encoding="UTF-8"?>
    <!-- <?xml-stylesheet type="text/xsl" target="../resources/MJT/myletter.xsl"?> -->
    <?xml-stylesheet type="css" target="graves.css"?>
    <?xml-model target="http://www.tei-c.org/release/xml/tei/custom/schema/relaxng/tei_all.rng" type="application/xml" schematypens="http://relaxng.org/ns/structure/1.0"?>
    <?xml-model target="http://www.tei-c.org/release/xml/tei/custom/schema/relaxng/tei_all.rng" type="application/xml"
            schematypens="http://purl.oclc.org/dsdl/schematron"?>
    <TEI xmlns="http://www.tei-c.org/ns/1.0">
       <teiHeader>
          <fileDesc>
             <titleStmt>
                <title>Письмо №291. В Тульское губернское по крестьянским делам присутствие.</title>
             </titleStmt>
             <publicationStmt>
                <publisher>TolstoyLab</publisher>
                <date when="2015-09-14">14 September 2015</date>
             </publicationStmt>
             <sourceDesc>
                <biblStruct>
                   <analytic>
                      <author>Толстой Л.Н.</author>
                   </analytic>
                   <monogr>
                      <title level="m">Полное собрание сочинений. Том 60</title>
                      <imprint>
                         <pubPlace>Москва</pubPlace>
                         <publisher>Государственное издательство "Художественная литература"</publisher>
                         <date when="1949"/>
                      </imprint>
                   </monogr>
                   <series>
                      <title level="s">Л.Н. Толстой. Полное собрание сочинений</title>
                      <biblScope unit="vol">60</biblScope>
                   </series>
                </biblStruct>
             </sourceDesc>
          </fileDesc>
          <encodingDesc>
             <tagsDecl> </tagsDecl>
          </encodingDesc>
          <profileDesc>
             <correspDesc>
                <correspAction type="sending">
                   <persName ref="PersonList.xml#L_N_Tolstoy">Л. Н. Толстой</persName>
                   <placeName ref="PlacesListxml#PLACE">Я. П.</placeName>
                   <date when="1861-10-21">1861 г. Октября 21.</date>            </correspAction>
                <correspAction type="receiving">
                   <persName ref="PersonList.xml#RECEIVER">В Тульское губернское по крестьянским делам присутствие</persName>
                </correspAction>
                <correspContext>
                   <ref type="prev"></ref>
                </correspContext>
             </correspDesc>
          </profileDesc>
       </teiHeader>
       <xenoData><number type="in a volume">291</number></xenoData>

              <text xml:id="VTulskoegubernskoepokrestyanskimdelamprisutstvie_291">
	<body><div>
		<opener index="false">
291. В Тульское губернское по крестьянским делам присутствие.
1861 г. Октября 21. Я. П.</opener>
<p rend="left">№ 329.</p>
<p rend="left">При разборе поступивших ко мне претензий и жалоб, в особенности по имениям ГГ. Перцева и Михаловского, встречается вопрос, как решать жалобы крестьян о нанесении им побоев или самими владельцами, или их управляющими, а также посторонними должностными лицами, в случае отказа сих последних от окончания дел тех миролюбиво. Вопрос этот представляя тульскому губернскому присутствию покорно прошу оное о постановлении своем по этому предмету меня <hi style="opdelimiter">уведомить.</hi><hi style="opnumber">491</hi></p>
<comments><p rend="Textpetit_otstup left"><hi style="npnumber">492</hi><hi style="npdelimiter">Печатается</hi> по тексту, опубликованному в «Русской мысли», 1903, IX, стр, 96.</p>
<p rend="petit left">Губернское присутствие запросило Толстого от 30 октября 1861 г. за № 1978 об обстоятельствах, послуживших поводом к возбуждению предложенного вопроса, на что Толстой ответил представлением от 14 ноября 1861 г.</p>
</comments></div></body>
        </text>
        </TEI>