<?xml version="1.0" encoding="UTF-8"?>
    <!-- <?xml-stylesheet type="text/xsl" target="../resources/MJT/myletter.xsl"?> -->
    <?xml-stylesheet type="css" target="graves.css"?>
    <?xml-model target="http://www.tei-c.org/release/xml/tei/custom/schema/relaxng/tei_all.rng" type="application/xml" schematypens="http://relaxng.org/ns/structure/1.0"?>
    <?xml-model target="http://www.tei-c.org/release/xml/tei/custom/schema/relaxng/tei_all.rng" type="application/xml"
            schematypens="http://purl.oclc.org/dsdl/schematron"?>
    <TEI xmlns="http://www.tei-c.org/ns/1.0">
       <teiHeader>
          <fileDesc>
             <titleStmt>
                <title>Письмо №* 274. Отпускная на волю.</title>
             </titleStmt>
             <publicationStmt>
                <publisher>TolstoyLab</publisher>
                <date when="2015-09-14">14 September 2015</date>
             </publicationStmt>
             <sourceDesc>
                <biblStruct>
                   <analytic>
                      <author>Толстой Л.Н.</author>
                   </analytic>
                   <monogr>
                      <title level="m">Полное собрание сочинений. Том 60</title>
                      <imprint>
                         <pubPlace>Москва</pubPlace>
                         <publisher>Государственное издательство "Художественная литература"</publisher>
                         <date when="1949"/>
                      </imprint>
                   </monogr>
                   <series>
                      <title level="s">Л.Н. Толстой. Полное собрание сочинений</title>
                      <biblScope unit="vol">60</biblScope>
                   </series>
                </biblStruct>
				<bibl>Печатается по копии, хранящейся в Тульском архивном бюро в «Крепостной книге Тульской палаты гражданского суда на записку отпускных (1 половина 1857 года)», под №9. Первый абзац публикуемого крепостного акта представляет собою засвидетельствованную копию с подлинной отпускной, подписанной Толстым.</bibl>
             </sourceDesc>
          </fileDesc>
          <encodingDesc>
             <tagsDecl> </tagsDecl>
          </encodingDesc>
          <profileDesc>
             <correspDesc>
                <correspAction type="sending">
                   <persName ref="PersonList.xml#L_N_Tolstoy">Л. Н. Толстой</persName>
                   <placeName ref="PlacesListxml#PLACE">Я. П.</placeName>
                   <date when="1856-06-30">1856 г. Июня 30.</date>            </correspAction>
                <correspAction type="receiving">
                   <persName ref="PersonList.xml#RECEIVER">Отпускная на волю</persName>
                </correspAction>
                <correspContext>
                   <ref type="prev"></ref>
                </correspContext>
             </correspDesc>
          </profileDesc>
       </teiHeader>
       <xenoData><number type="in a volume">274</number></xenoData>

              <text xml:id="Otpusknayanavolyu_274">
	<body><div>
		<opener index="false">
* 274. Отпускная на волю.
1856 г. Июня 30. Я. П.</opener>
<p rend="left">1856 года июня 30 дня я, нижеподписавшийся, поручик и кавалер граф Лев Николаев сын Толстой, отпустил крепостных дворовых девок Анну и Авдотью Ивановых Банниковых,<note xml:id="note1" resp="volume_editor" index="false"> Анна и Евдокия Ивановны Банниковы — дочери Ивана Филипповича и Анны Петровны Банниковых. А. П. Банникова служила продолжительное время скотницей в Ясной Поляне, а ее дочь Евдокия (Душка) впоследствии была помощницей горничной С. А. Толстой — Евдокии Николаевны Банниковой (Дуняши).</note> положенных за мною по сказкам 9 ревизии Тульской губ., Крапивенского уезда по Сельцу Ясной Поляне вечно на волю, которые по получении сей отпускной вольны они, где пожелают, иметь жительство, избирать род жизни, какой пожелают, до которых как мне, так и наследникам нашим дела нет и не по чему не вступаться, в чем им, Банниковым, сию отпускную за подписом моим, свидетелей и <hi style="opdelimiter">выдан.</hi><hi style="opnumber">466</hi></p>
<p rend="left"><hi style="npnumber">467</hi><hi style="npdelimiter">Приметами</hi> она, Анна Иванова, росту небольшого, от роду четырнадцати лет, волосы на голове, и бровях русые, глаза серые, нос прям, рот средний, подбородок круглый, лицо чистое, особых примет не имеет. Приметы Авдотьи Ивановой: от роду пяти лет, росту малого, волосы на голове и бровях русые, глаза серые, нос прям, рот средний, подбородок круглый. Лицо чистое, особых примет не имеет. К сей отпускной граф Лев Николаев сын Толстой руку приложил. У сей отпускной свидетелем был и руку приложил Губернский секретарь Николай Тихомиров, Губернский секретарь Михаил Иванов Рудаков свидетелем был и руку приложил, Губернский секретарь Павел Иванов Ненарокомов свидетелем был и руку приложил. Что сия отпускная действительно подписана рукою графа Льва Николаева Толстого, в чем и удостоверяю подписом и приложением казенной печати 1856 года июня 14 дня. Подписал пристав Голоушев.<note xml:id="note2" resp="volume_editor" index="false"> Николай Алексеевич Голоушев — пристав 2 стана Крапивенского уезда.</note></p>
<p rend="Textpetit_otstup left">1856 года ноября 8 дня при прошении дворовой женки графа Льва Николаева Толстого Анны Петровой Банниковой представлена в Тульскую палату гражданского суда к явке отпускных, данная графом Толстым родным дочерям ее, дворовым, дочерям ее Анне и Авдотье Ивановым Банниковым о предоставлении им свободы из имения его Тульской губернии Крапивенского у. сельца Ясной Поляны. Вследствие чего по собрании сею палатою нужных сведений 12 декабря 1856 года заключено: представленную дворовою женкою Анною Банниковою отпускную, данную графом Львом Толстым малолетним дочерям ее Анне и Авдотье Банниковым, согласно 1059 ст. IV прод. к 14 т. утвердить, на которой сделать о явке надпись, записав в книгу, и на основании 1064 ст. XV прод. I части к 14 т. отослать оную для хранения в Тульский приказ общественного Призрения впредь до достижения ими узаконенных лет. Февраля 1 дня 1857 г. подписали: Заседатель Курдяков, секретарь Сахаров, за повытчика Дмитриевский и печать палаты. Отпускная писана на листе девяносто копеек серебром и отослана в Тульский приказ 5 февраля.</p>
<comments><p rend="Textpetit_otstup left">Печатается по копии, хранящейся в Тульском архивном бюро в «Крепостной книге Тульской палаты гражданского суда на записку отпускных (1 половина 1857 года)», под №9. Первый абзац публикуемого крепостного акта представляет собою засвидетельствованную копию с подлинной отпускной, подписанной Толстым.</p>
<p rend="petit left">Отпускная была выдана двум дворовым малолетним крепостным, Анне и Евдокии, по просьбе их матери, Анны Петровны Банниковой, которая, получив подлинник отпускной, направила его при своем прошении в Тульскую гражданскую палату, откуда по утверждении отпускной акт был передан 5 февраля 1857 г. в Тульский приказ общественного призрения на хранение, а после достижения совершеннолетия выдан на руки Анне и Евдокии <hi style="opdelimiter">Банниковым.</hi><hi style="opnumber">467</hi></p>
<p rend="Textpetit_otstup left"><hi>1</hi> Анна и Евдокия Ивановны Банниковы — дочери Ивана Филипповича и Анны Петровны Банниковых. А. П. Банникова служила продолжительное время скотницей в Ясной Поляне, а ее дочь Евдокия (Душка) впоследствии была помощницей горничной С. А. Толстой — Евдокии Николаевны Банниковой (Дуняши).</p>
<p rend="petit left"><hi>2</hi> Николай Алексеевич Голоушев — пристав 2 стана Крапивенского уезда.</p>
</comments></div></body>
        </text>
        </TEI>
