<?xml version="1.0" encoding="UTF-8"?>
    <!-- <?xml-stylesheet type="text/xsl" target="../resources/MJT/myletter.xsl"?> -->
    <?xml-stylesheet type="css" target="graves.css"?>
    <?xml-model target="http://www.tei-c.org/release/xml/tei/custom/schema/relaxng/tei_all.rng" type="application/xml" schematypens="http://relaxng.org/ns/structure/1.0"?>
    <?xml-model target="http://www.tei-c.org/release/xml/tei/custom/schema/relaxng/tei_all.rng" type="application/xml"
            schematypens="http://purl.oclc.org/dsdl/schematron"?>
    <TEI xmlns="http://www.tei-c.org/ns/1.0">
       <teiHeader>
          <fileDesc>
             <titleStmt>
                <title>Письмо №6. H. А. Некрасову.</title>
             </titleStmt>
             <publicationStmt>
                <publisher>TolstoyLab</publisher>
                <date when="2015-09-14">14 September 2015</date>
             </publicationStmt>
             <sourceDesc>
                <biblStruct>
                   <analytic>
                      <author>Толстой Л.Н.</author>
                   </analytic>
                   <monogr>
                      <title level="m">Полное собрание сочинений. Том 60</title>
                      <imprint>
                         <pubPlace>Москва</pubPlace>
                         <publisher>Государственное издательство "Художественная литература"</publisher>
                         <date when="1949"/>
                      </imprint>
                   </monogr>
                   <series>
                      <title level="s">Л.Н. Толстой. Полное собрание сочинений</title>
                      <biblScope unit="vol">60</biblScope>
                   </series>
                </biblStruct>
				<bibl>Впервые опубликовано в «Современнике», 1913, 8, стр. 267. Датируется на основании пометы, сделанной рукой неизвестного на письме Толстого: «За Метель заплачено. 30-го марта произведен счет, — за Толстым осталось: 400 рублей. [<hi>1 неразобр.</hi>] 500: Итого к 1-му апреля за Толстым 900». <hi>неразобр.</hi>] 500: Итого к 1-му апреля за Толстым 900».</bibl>
             </sourceDesc>
          </fileDesc>
          <encodingDesc>
             <tagsDecl> </tagsDecl>
          </encodingDesc>
          <profileDesc>
             <correspDesc>
                <correspAction type="sending">
                   <persName ref="PersonList.xml#L_N_Tolstoy">Л. Н. Толстой</persName>
                   <placeName ref="PlacesListxml#PLACE">Петербург.</placeName>
                   <date from="1856-03-29" to="1856-03-30">1856 г. Марта 29 — 30</date>            </correspAction>
                <correspAction type="receiving">
                   <persName ref="PersonList.xml#RECEIVER">H. А. Некрасову</persName>
                </correspAction>
                <correspContext>
                   <ref type="prev"></ref>
                </correspContext>
             </correspDesc>
          </profileDesc>
       </teiHeader>
       <xenoData><number type="in a volume">6</number></xenoData>

              <text xml:id="N.A.Nekrasovu_6">
	<body><div>
		<opener index="false">
6. H. А. Некрасову.
1856 г. Марта 29—30. Петербург.
</opener><p rend="left">Не можете ли вы дать мне деньги за Метель теперь, а чтоб долг 400 р. оставался до следующего писанья. — Вы бы меня очень обязали. До свиданья. Ваш Толстой.</p>
<comments><p rend="Textpetit_otstup left">Впервые опубликовано в «Современнике», 1913, 8, стр. 267. Датируется на основании пометы, сделанной рукой неизвестного на письме Толстого: «За Метель заплачено. 30-го марта произведен счет, — за Толстым осталось: 400 рублей. [<hi>неразобр.</hi>] 500: Итого к 1-му апреля за Толстым 900».</p>
</comments></div></body>
        </text>
        </TEI>