<?xml version="1.0" encoding="UTF-8"?>
    <!-- <?xml-stylesheet type="text/xsl" target="../resources/MJT/myletter.xsl"?> -->
    <?xml-stylesheet type="css" target="graves.css"?>
    <?xml-model target="http://www.tei-c.org/release/xml/tei/custom/schema/relaxng/tei_all.rng" type="application/xml" schematypens="http://relaxng.org/ns/structure/1.0"?>
    <?xml-model target="http://www.tei-c.org/release/xml/tei/custom/schema/relaxng/tei_all.rng" type="application/xml"
            schematypens="http://purl.oclc.org/dsdl/schematron"?>
    <TEI xmlns="http://www.tei-c.org/ns/1.0">
       <teiHeader>
          <fileDesc>
             <titleStmt>
                <title>Письмо №* 168. А. А. Фету.</title>
             </titleStmt>
             <publicationStmt>
                <publisher>TolstoyLab</publisher>
                <date when="2015-09-14">14 September 2015</date>
             </publicationStmt>
             <sourceDesc>
                <biblStruct>
                   <analytic>
                      <author>Толстой Л.Н.</author>
                   </analytic>
                   <monogr>
                      <title level="m">Полное собрание сочинений. Том 61</title>
                      <imprint>
                         <pubPlace>Москва</pubPlace>
                         <publisher>Государственное издательство "Художественная литература"</publisher>
                         <date when="1953"/>
                      </imprint>
                   </monogr>
                   <series>
                      <title level="s">Л.Н. Толстой. Полное собрание сочинений</title>
                      <biblScope unit="vol">61</biblScope>
                   </series>
                </biblStruct>
             </sourceDesc>
          </fileDesc>
          <encodingDesc>
             <tagsDecl> </tagsDecl>
          </encodingDesc>
          <profileDesc>
             <correspDesc>
                <correspAction type="sending">
                   <persName ref="PersonList.xml#L_N_Tolstoy">Л. Н. Толстой</persName>
                   <placeName ref="PlacesListxml#PLACE">Я. П.</placeName>
                   <date when="1866-05-10">1866 г. Мая 10.</date>            </correspAction>
                <correspAction type="receiving">
                   <persName ref="PersonList.xml#RECEIVER">А. А. Фету</persName>
                </correspAction>
                <correspContext>
                   <ref type="prev"></ref>
                </correspContext>
             </correspDesc>
          </profileDesc>
       </teiHeader>
       <xenoData><number type="in a volume">168</number></xenoData>

              <text xml:id="A__A__Fetu_168">
	<body><div>
		<opener index="false">
* 168. А. А. Фету.
1866 г. Мая 10...20. Я. П.</opener>
<p rend="left">Очень мне стыдно, любезный друг, Афанасий Афанасьич, что так долго не писал вам и, главное, не отвечал на последнее ваше, такое славное письмо. Особенно язычок мне понравился!<note xml:id="note1" resp="volume_editor" index="false"> Письмо А. А. Фета неизвестно.</note> Это так верно; и я так это понимаю. —</p>
<p rend="left">За стихи Соня, краснея от удовольствия, благодарит вас.<note xml:id="note2" resp="volume_editor" index="false"> Стихи «С. А. Толстой. Когда так нежно расточала...» («Полное собрание стихотворений А. А. Фета», т. II, Спб., 1910, стр. 243).</note> Главное оттого я и не пишу, что не умею писать просто; а непросто — неприятно. Чем ближе люди между собою (а вы <hi style="opdelimiter">по</hi><hi style="opnumber">137</hi> <hi style="npnumber">138</hi><hi style="npdelimiter">душе</hi> мне один из самых близких), тем неприятнее писать, тем чувствительней несоответственность тона письма — тону действительных отношений. Вы меня уж поняли, но для своего удовольствия не могу воздержаться от примера.</p>
<p rend="left">Борисов по его письмам есть огромного роста 7-ми пудовый весельчак, сангвиник, ставящий последнюю копейку ребром.<note xml:id="note3" resp="volume_editor" index="false"> Иван Петрович Борисов был человек болезненный, с виду суровый и замкнутый.</note></p>
<p rend="left">Настоящие мои письма к вам это мой роман,<note xml:id="note4" resp="volume_editor" index="false"> «Война и мир». См. прим. 23.</note> которого я очень много написал. Как какой-то француз сказал: une composition est une lettre, qu’on ecrit à tous, ses amis inconnus.<note xml:id="note5" resp="volume_editor" index="false"> [сочинение — это письмо, обращенное ко всем нашим неизвестным <hi style="opdelimiter">друзьям.]</hi><hi style="opnumber">139</hi></note> Напишите, пожалуйста, свое мнение — откровенно. Я очень дорожу вашим мнением, но, как вам говорил, я столько положил труда, времени и того безумного авторского усилия (к[отор]ое вы знаете), так люблю свое писание, особенно будущее — 1812 год, к[отор]ым теперь занят,<note xml:id="note6" resp="volume_editor" index="false"> Четвертый (по позднейшему распределению третий) том романа «Война и мир».</note> что не боюсь осуждения даже тех, кем дорожу, а рад осуждению. Н[а]п[ример], мнение Тургенева о том, что нельзя на 10 страницах описывать, как NN положила руку, мне очень помогло,<note xml:id="note7" resp="volume_editor" index="false"> Тургенев отрицательно отзывался о «1805 годе» в письмах к П. В. Анненкову, И. П. Борисову от 16 (28) марта 1865 г. и Фету от 25 марта (6 апреля) 1866 г.</note> и я надеюсь избежать этого греха в будущем. — Пожалуйста, скажите поправдивее, т. е. порезче. Что вы говорите о 4-м апреле?<note xml:id="note8" resp="volume_editor" index="false"> 4 апреля 1866 г. было произведено неудавшееся покушение Д. В. Каракозова (1840—1866) на Александра II.</note> Для меня это был coup de grâce.<note xml:id="note9" resp="volume_editor" index="false"> [смертельный удар.]</note> Последнее уважение или робость внутреннего суда над толпой исчезла. Ведь это всенародно, с важностью, при звоне колоколов вся Россия, к[отор]ая слышна, делает глупости с какой-то радостью и гордостью, и ведь какие глупости! Глупости, к[отор]ыми я стыдил бы 3-х летне[го] Сережу. Осип Иван[ович] Комисаров член разных обществ,<note xml:id="note10" resp="volume_editor" index="false"> Осип Иванович Комиссаров (1838—1892) — костромской крестьянин, картузник по профессии, присутствовал при покушении Каракозова, находясь случайно вблизи царя. Испуганный выстрелом, он вскрикнул и сделал невольное движение рукой, что дало повод гр. Э. И. Тотлебену, видевшему это, создать легенду о том, будто Комиссаров толкнул руку покушавшегося и этим предотвратил убийство. Комиссарова провозгласили героем, возвели в потомственные дворяне, а ученые общества наперерыв избирали его в почетные члены, учреждали стипендии его имени и т. д.</note> молебствие о том, что в царя стреляли, студенты у Иверской<note xml:id="note11" resp="volume_editor" index="false"> Иверская часовня в Москве.</note> — сапоги в смятку, желуди говели.</p>
<p rend="left">А Катков-то ваш погиб.<note xml:id="note12" resp="volume_editor" index="false"> 7 мая «Московские ведомости», получив третье предостережение, были приостановлены на два месяца. Поводом послужили резкие статьи Каткова, считавшего несомненным участие польской интриги в деле покушения на Александра II и недовольного деятельностью следственной комиссии, не подтвердившей этого. В своих статьях он прозрачно намекал на пристрастие и недостаточную бдительность петербургской администрации, сочувствующей, по его мнению, либералам и нигилистам.</note> И погиб, знаете чем? Тем, что он осердился: Il n’y a pas de bonne cause qui ne soit perdux dès qu’on se fâche.<note xml:id="note13" resp="volume_editor" index="false"> [Нет такого правого дела, которое не было бы проиграно, когда начинаешь сердиться.]</note> A это особенно правда в литературе, даже в газетной, не говоря уж о нашей. Пушкин<note xml:id="note14" resp="volume_editor" index="false"> <hi>Сначала было:</hi> Один Пушкин</note> умел сердиться особенно. А сердиться в романе или в длинной статье, как вы иногда покушались, не годится. —</p>
<p rend="left">Как вы приняли нынешнюю весну? Прелестную, какой я не помню. Верно, написали весну.<note xml:id="note15" resp="volume_editor" index="false"> В № 6 «Русского вестника» за 1866 г. на стр. 794 напечатано стихотворение Фета «Весна», с датой «20 мая».</note> Пришлите.</p>
<p rend="left">Как началась весна, так я тысячу раз в различных ее фазах читал ваши старые к неизвестным друзьям о весне письма. И «кругами обвело»,<note xml:id="note16" resp="volume_editor" index="false"> «Кругами обвело» — из стихотворения А. А. Фета:</note> и «верба пушистая»,<note xml:id="note17" resp="volume_editor" index="false"> «Уж верба вся пушистая</note> и «незримые усилия»<note xml:id="note18" resp="volume_editor" index="false"> «Опять незримые усилья» — См. прим. 16.</note> несколько<note xml:id="note19" resp="volume_editor" index="false"> Несколько <hi>написано между строк над зачеркнутым:</hi> тысяча.</note> раз прочлись мне, к[отор]ый не помнит стихов. <hi style="opdelimiter">—</hi><hi style="opnumber">138</hi></p>
<p rend="left"><hi style="npnumber">139</hi><hi style="npdelimiter">Вы</hi> читаете Аристофана. Я это очень понимаю и читаю хоть и свежее, но в том же роде — Дон-Кихота, Гёте и последнее время всего Victor Hugo. Знаете что, о V. H[ugo] никто не говорит, и все его забыли, именно оттого, что он всегда и у всех останется, не так, как Байроны и Вальтерскоты. Читали ли вы в его полных сочинениях его критические статьи? Всё, что у нас об искусстве лет 10 тому назад, да и теперь, пожалуй, пересуживается à tort et à travers,<note xml:id="note20" resp="volume_editor" index="false"> [вдоль и поперек,]</note> 30 лет тому назад высказано им, да так, что нельзя слова прибавить и слова выкинуть.<note xml:id="note21" resp="volume_editor" index="false"> Виктор Гюго (1802—1885) — французский писатель, всегда высоко ценившийся Толстым. Толстой читал: Hugo, Oeuvres complètes. Tome II. Litterature et philosophie mêlées, Bruxelles 1837, p. 547—678.</note></p>
<p rend="left">Хозяйством я доволен, семейной жизнью очень, работой своей (особенно до яркого тепла) чрезвычайно. Чего и вам желаю, и уверен, что вы то же имеете, потому что того же заслуживаете.</p>
<p rend="left">Знаете, что я в нынешнее пребывание в Москве начал учиться скульптуре. Художником я не буду, но занятие это уже дало мне много приятного и поучительного.<note xml:id="note22" resp="volume_editor" index="false"> Занятия Толстого скульптурой скоро прекратились.</note> —</p>
<p rend="left">Роман свой я надеюсь кончить к 1867 году и напечатать весь отдельно с картинками, к[оторы]е у меня уж заказаны, частью нарисованы Башиловым (я очень доволен ими) и под заглавием: «Всё хорошо, что хорошо кончается».<note xml:id="note23" resp="volume_editor" index="false"> Это единственное известное упоминание заглавия «Всё хорошо, что хорошо кончается». Впервые роман назван «Войной и миром» в письме свояченицы Толстого Е. А. Берс к нему от 9 марта 1867 г., Толстым роман назван так впервые в письме № 204.</note></p>
<p rend="left">Скажите, пожалуйста, свое мнение о заглавии и о картинках.</p>
<p rend="left">Теперь важнейшее. Я нынешний год не могу к вам приехать. Жена родит в июне. Но вы — ради бога — приезжайте к нам с Марией Петровной, к[отор]ой оба с Соней дружески жмем руку, приезжайте к нам погостить в период от июля начала до сентября. Ведь вы, верно, будете во Мценске в это время. Ведь это 100 верст. Пожалуйста.</p>
<p rend="left">До свидания, милый друг.</p>
<comments><p rend="Textpetit_otstup left">Отрывки опубликованы в «Новом мире», 1925, 6, стр. 17; в ТТ, 3, стр. 148; в Г, II, стр. 28 и 34. Датируется на основании слов: «А Катков-то ваш погиб» (см. прим. 12) и «Верно, написали весну» (см. прим. 15).</p>
<p rend="Textpetit_otstup left"><hi>1</hi> Письмо А. А. Фета неизвестно.</p>
<p rend="petit left"><hi>2</hi> Стихи «С. А. Толстой. Когда так нежно расточала...» («Полное собрание стихотворений А. А. Фета», т. II, Спб., 1910, стр. 243).</p>
<p rend="petit left"><hi>3</hi> Иван Петрович Борисов был человек болезненный, с виду суровый и замкнутый.</p>
<p rend="petit left"><hi>4</hi> «Война и мир». См. прим. 23.</p>
<p rend="petit left"><hi>5</hi> [сочинение — это письмо, обращенное ко всем нашим неизвестным <hi style="opdelimiter">друзьям.]</hi><hi style="opnumber">139</hi></p>
<p rend="petit left"><hi>6</hi> Четвертый (по позднейшему распределению третий) том романа «Война и мир».</p>
<p rend="petit left"><hi>7</hi> Тургенев отрицательно отзывался о «1805 годе» в письмах к П. В. Анненкову, И. П. Борисову от 16 (28) марта 1865 г. и Фету от 25 марта (6 апреля) 1866 г.</p>
<p rend="petit left">Но впоследствии Тургенев очень высоко оценил «Войну и мир» и называл ее «поистине великим романом». 12 апреля 1868 г. он писал Фету: «Я только что кончил 4-й том «Войны и мира». Есть вещи невыносимые и есть вещи удивительные; и удивительные эти вещи, которые, в сущности, преобладают, так великолепно хороши, что ничего лучшего у нас никогда не было написано никем; да вряд ли было написано что-нибудь столь хорошее. 4-й и 1-й том слабее 2-го и особенно 3-го; и 3-й том почти весь chef d’oeuvre» [шедевр]. См. сб. «Л. Н. Толстой в русской критике», изд. 2-е, дополненное, М. 1952, стр. 591—595.</p>
<p rend="petit left"><hi>8</hi> 4 апреля 1866 г. было произведено неудавшееся покушение Д. В. Каракозова (1840—1866) на Александра II.</p>
<p rend="petit left"><hi>9</hi> [смертельный удар.]</p>
<p rend="petit left"><hi>10</hi> Осип Иванович Комиссаров (1838—1892) — костромской крестьянин, картузник по профессии, присутствовал при покушении Каракозова, находясь случайно вблизи царя. Испуганный выстрелом, он вскрикнул и сделал невольное движение рукой, что дало повод гр. Э. И. Тотлебену, видевшему это, создать легенду о том, будто Комиссаров толкнул руку покушавшегося и этим предотвратил убийство. Комиссарова провозгласили героем, возвели в потомственные дворяне, а ученые общества наперерыв избирали его в почетные члены, учреждали стипендии его имени и т. д.</p>
<p rend="petit left"><hi>11</hi> Иверская часовня в Москве.</p>
<p rend="petit left"><hi>12</hi> 7 мая «Московские ведомости», получив третье предостережение, были приостановлены на два месяца. Поводом послужили резкие статьи Каткова, считавшего несомненным участие польской интриги в деле покушения на Александра II и недовольного деятельностью следственной комиссии, не подтвердившей этого. В своих статьях он прозрачно намекал на пристрастие и недостаточную бдительность петербургской администрации, сочувствующей, по его мнению, либералам и нигилистам.</p>
<p rend="petit left"><hi>13</hi> [Нет такого правого дела, которое не было бы проиграно, когда начинаешь сердиться.]</p>
<p rend="petit left"><hi>14</hi> <hi>Сначала было:</hi> Один Пушкин</p>
<p rend="petit left"><hi>15</hi> В № 6 «Русского вестника» за 1866 г. на стр. 794 напечатано стихотворение Фета «Весна», с датой «20 мая».</p>
<p rend="petit left"><hi>18</hi> «Кругами обвело» — из стихотворения А. А. Фета:</p>
<div rend="poem petit">
<div rend="stanza">
<p rend="v">
«Опять незримые усилья,
</p>
<p rend="v">
Опять невидимые крылья
</p>
<p rend="v">
Приносят северу тепло.
</p>
<p rend="v">
Всё ярче, ярче дни за днями.
</p>
<p rend="v">
Уж солнце черными кругами
</p>
<p rend="v">
В лесу деревья обвело...»
</p>
</div>
</div>
<p rend="left"><hi style="opnumber">140</hi> <hi style="npnumber">141</hi></p>
<p rend="petit left">См. А. А. Фет, Полное собрание стихотворений, изд. «Советский писатель», М. 1937 («Библиотека поэта», под ред. М. Горького), стр. 50.</p>
<p rend="petit left"><hi>17</hi> «Уж верба вся пушистая</p>
<p rend="petit indented">Раскинулась кругом...»</p>
<p rend="petit left">(Там же, стр. 54.)</p>
<p rend="petit left"><hi>18</hi> «Опять незримые усилья» — См. прим. 16.</p>
<p rend="petit left"><hi>19</hi> Несколько <hi>написано между строк над зачеркнутым:</hi> тысяча.</p>
<p rend="petit left"><hi>20</hi> [вдоль и поперек,]</p>
<p rend="petit left"><hi>21</hi> Виктор Гюго (1802—1885) — французский писатель, всегда высоко ценившийся Толстым. Толстой читал: Hugo, Oeuvres complètes. Tome II. Litterature et philosophie mêlées, Bruxelles 1837, p. 547—678.</p>
<p rend="petit left"><hi>22</hi> Занятия Толстого скульптурой скоро прекратились.</p>
<p rend="petit left"><hi>23</hi> Это единственное известное упоминание заглавия «Всё хорошо, что хорошо кончается». Впервые роман назван «Войной и миром» в письме свояченицы Толстого Е. А. Берс к нему от 9 марта 1867 г., Толстым роман назван так впервые в письме № 204.</p>
</comments></div></body>
        </text>
        </TEI>