<?xml version="1.0" encoding="UTF-8"?>
    <!-- <?xml-stylesheet type="text/xsl" target="../resources/MJT/myletter.xsl"?> -->
    <?xml-stylesheet type="css" target="graves.css"?>
    <?xml-model target="http://www.tei-c.org/release/xml/tei/custom/schema/relaxng/tei_all.rng" type="application/xml" schematypens="http://relaxng.org/ns/structure/1.0"?>
    <?xml-model target="http://www.tei-c.org/release/xml/tei/custom/schema/relaxng/tei_all.rng" type="application/xml"
            schematypens="http://purl.oclc.org/dsdl/schematron"?>
    <TEI xmlns="http://www.tei-c.org/ns/1.0">
       <teiHeader>
          <fileDesc>
             <titleStmt>
                <title>Письмо №* 30. Т. А. Ергольской.</title>
             </titleStmt>
             <publicationStmt>
                <publisher>TolstoyLab</publisher>
                <date when="2015-09-14">14 September 2015</date>
             </publicationStmt>
             <sourceDesc>
                <biblStruct>
                   <analytic>
                      <author>Толстой Л.Н.</author>
                   </analytic>
                   <monogr>
                      <title level="m">Полное собрание сочинений. Том 60</title>
                      <imprint>
                         <pubPlace>Москва</pubPlace>
                         <publisher>Государственное издательство "Художественная литература"</publisher>
                         <date when="1949"/>
                      </imprint>
                   </monogr>
                   <series>
                      <title level="s">Л.Н. Толстой. Полное собрание сочинений</title>
                      <biblScope unit="vol">60</biblScope>
                   </series>
                </biblStruct>
             </sourceDesc>
          </fileDesc>
          <encodingDesc>
             <tagsDecl> </tagsDecl>
          </encodingDesc>
          <profileDesc>
             <correspDesc>
                <correspAction type="sending">
                   <persName ref="PersonList.xml#L_N_Tolstoy">Л. Н. Толстой</persName>
                   <placeName ref="PlacesListxml#PLACE">Я. П.</placeName>
                   <date from="1856-06" to="1856-06">1856 г. Июнь —</date>            </correspAction>
                <correspAction type="receiving">
                   <persName ref="PersonList.xml#RECEIVER">Т. А. Ергольской</persName>
                </correspAction>
                <correspContext>
                   <ref type="prev"></ref>
                </correspContext>
             </correspDesc>
          </profileDesc>
       </teiHeader>
       <xenoData><number type="in a volume">30</number></xenoData>

              <text xml:id="T.A.Ergolskoj_30">
	<body><div>
		<opener index="false">
* 30. Т. А. Ергольской.
1856 г. Июнь — октябрь. Я. П.</opener>
<p rend="left">Je me porte tout à fait bien, chère tante, vous pouvez donc être complètement tranquille sur mon compte; je vous envoye une lettre de Pauline,<note xml:id="note1" resp="volume_editor" index="false"> Пелагея Федоровна Перфильева. Письмо ее к Т. А. Ергольской неизвестно.</note> que j’ai eu l’indiscrétion de décacheter, croyant qu’il y avait une réponse à celle que je leur ai écrit. — Quand reviendrez vous? — J’ai reçu sans vous deux <hi style="opdelimiter">visites</hi><hi style="opnumber">94</hi> <hi style="npnumber">95</hi><hi style="npdelimiter">féminines</hi> celle de M-me Brandt<note xml:id="note2" resp="volume_editor" index="false"> Брандт — жена Фомы Ивановича Брандта, владельца имения Бабурино (в 4 километрах от Ясной Поляны).</note> et de M-elle Vergani.<note xml:id="note3" resp="volume_editor" index="false"> О Вергани см. вступительное прим. к п. № 22.</note> Le moine<note xml:id="note4" resp="volume_editor" index="false"> Николай Сергеевич Воейков — сын тульского помещика. Подробнее см. т. 59, стр. 22.</note> est revenu. — Au revoir.</p>
<p rend="right">Léon.</p>
<lb/>
<p rend="left"><hi>На четвертой странице:</hi></p>
<p rend="left">Ее Высокоблагородию Татьяне Александровне Ергольской. В Пирогово.</p>
<comments><p rend="Textpetit_otstup left">Я совершенно здоров, дорогая тетенька, можете не беспокоиться обо мне; посылаю вам письмо Полины,<note xml:id="note5" resp="volume_editor" index="false"> Пелагея Федоровна Перфильева. Письмо ее к Т. А. Ергольской неизвестно.</note> которое позволил себе вскрыть, думая, что в нем может быть ответ на то, которое я ей написал. — Когда вы возвращаетесь? — У меня были без вас две гостьи: г-жа Брандт<note xml:id="note6" resp="volume_editor" index="false"> Брандт — жена Фомы Ивановича Брандта, владельца имения Бабурино (в 4 километрах от Ясной Поляны).</note> и м-ль Вергани.<note xml:id="note7" resp="volume_editor" index="false"> О Вергани см. вступительное прим. к п. № 22.</note> Монах<note xml:id="note8" resp="volume_editor" index="false"> Николай Сергеевич Воейков — сын тульского помещика. Подробнее см. т. 59, стр. 22.</note> вернулся. — До свидания.</p>
<p rend="petit right">Лев.</p>
<p rend="Textpetit_otstup left">Предположительно относим письмо к 1856 г.</p>
<p rend="Textpetit_otstup left"><hi>1</hi> Пелагея Федоровна Перфильева. Письмо ее к Т. А. Ергольской неизвестно.</p>
<p rend="petit left"><hi>2</hi> Брандт — жена Фомы Ивановича Брандта, владельца имения Бабурино (в 4 километрах от Ясной Поляны).</p>
<p rend="petit left"><hi>3</hi> О Вергани см. вступительное прим. к п. № 22.</p>
<p rend="petit left"><hi>4</hi> Николай Сергеевич Воейков — сын тульского помещика. Подробнее см. т. 59, стр. 22.</p>
</comments></div></body>
        </text>
        </TEI>
