<?xml version="1.0" encoding="UTF-8"?>
    <!-- <?xml-stylesheet type="text/xsl" target="../resources/MJT/myletter.xsl"?> -->
    <?xml-stylesheet type="css" target="graves.css"?>
    <?xml-model target="http://www.tei-c.org/release/xml/tei/custom/schema/relaxng/tei_all.rng" type="application/xml" schematypens="http://relaxng.org/ns/structure/1.0"?>
    <?xml-model target="http://www.tei-c.org/release/xml/tei/custom/schema/relaxng/tei_all.rng" type="application/xml"
            schematypens="http://purl.oclc.org/dsdl/schematron"?>
    <TEI xmlns="http://www.tei-c.org/ns/1.0">
       <teiHeader>
          <fileDesc>
             <titleStmt>
                <title>Письмо №* 33. T. A. Ергольской.</title>
             </titleStmt>
             <publicationStmt>
                <publisher>TolstoyLab</publisher>
                <date when="2015-09-14">14 September 2015</date>
             </publicationStmt>
             <sourceDesc>
                <biblStruct>
                   <analytic>
                      <author>Толстой Л.Н.</author>
                   </analytic>
                   <monogr>
                      <title level="m">Полное собрание сочинений. Том 59</title>
                      <imprint>
                         <pubPlace>Москва</pubPlace>
                         <publisher>Государственное издательство "Художественная литература"</publisher>
                         <date when="1935"/>
                      </imprint>
                   </monogr>
                   <series>
                      <title level="s">Л.Н. Толстой. Полное собрание сочинений</title>
                      <biblScope unit="vol">59</biblScope>
                   </series>
                </biblStruct>
				<bibl>Печатается по автографу, хранящемуся в АТБ. Публикуется впервые, Год письма определяется содержанием, которое близко к содержанию предыдущего письма.</bibl>
             </sourceDesc>
          </fileDesc>
          <encodingDesc>
             <tagsDecl> </tagsDecl>
          </encodingDesc>
          <profileDesc>
             <correspDesc>
                <correspAction type="sending">
                   <persName ref="PersonList.xml#L_N_Tolstoy">Л. Н. Толстой</persName>
                   <placeName ref="PlacesListxml#PLACE">Москва.</placeName>
                   <date when="1850-12-11">1850 г. Декабря 11.</date>            </correspAction>
                <correspAction type="receiving">
                   <persName ref="PersonList.xml#RECEIVER">T. A. Ергольской</persName>
                </correspAction>
                <correspContext>
                   <ref type="prev"></ref>
                </correspContext>
             </correspDesc>
          </profileDesc>
       </teiHeader>
       <xenoData><number type="in a volume">33</number></xenoData>

              <text xml:id="T.A.Ergolskoj_33">
	<body><div>
		<opener index="false">
* 33. T. A. Ергольской.
1850 г. Декабря 11. Москва.</opener>
<p rend="right">11 Décembre.</p>
<p rend="left">J’ai été hier chez le C. Zakrevsky, chez le Prince André<note xml:id="note1" resp="volume_editor" index="false">Кн. Андрей Иванович Горчаков (р. 1776 г., ум. 11 февраля 1855 г.), троюродный брат бабки Толстого, с 1832 г. генерал-от-инфантерии. При нем одно время состоял адъютантом отец Толстого. Кн. А. И. Горчаков жил в своем доме на Б. Никитской.</note> chez lequel j’ai dîné, chez les Perfilieffs<note xml:id="note2" resp="volume_editor" index="false">Степан Васильевич и Анастасия Сергеевна Перфильевы. О них см. заключ. прим. к п. № 12.</note> chez la Comtesse<note xml:id="note3" resp="volume_editor" index="false">«Графиней» в дневнике Толстой называет вдову двоюродного дяди гр. Фед. Ив. Толстого-американца гр. Авдотью Максимовну Толстую, рожд. Тугаеву (р. в 1796 г., ум. 27 сентября 1861 г.), по происхождению цыганку. Она выведена Писемским в романе «Масоны» в лице Аграфены <hi style="opdelimiter">Васильевны.</hi><hi style="opnumber">75</hi></note> avec laquelle, contre mon attente nous sommes très bons amis, au point mêm[e] qu’elle veut à toute force me marier. Le Prince et la Princesse sont aimables au point que j’en ai peur. — J’ai été hier au[x] deux clubs, Anglais<note xml:id="note4" resp="volume_editor" index="false">Московский Английский клуб основан при Екатерине II; до ликвидации в 1917 г. с апреля 1831 г. помещался на Тверской, в доме, построенном еще до 1812 г. гр. Львом Кирилловичем Разумовским.</note> et de la noblesse,<note xml:id="note5" resp="volume_editor" index="false">Дворянский клуб в Москве помещался в здании «Благородного собрания» в Охотном ряду, с 1918 г. дом профсоюзов.</note> j’ai joué au whist et j’ai gagné 10 roub. mais il me semble, que je ne jouerais pas gros jeu comme j’en avais l’intention, les clubs sont remplis de chevaliers d’industrie qui jouent sans le sou. — Ce matin l’envoi de la campagne est arrivé et m’a app[orté] votre lettre<note xml:id="note6" resp="volume_editor" index="false">Письмо это неизвестно.</note> et celle de Serge.<note xml:id="note7" resp="volume_editor" index="false">Это вероятно сохранившееся в АТБ письмо гр. Серг. Ник. Толстого от 5 декабря.</note> Je vous remercie pour la votre. Vos conseils me sont et me seront utiles. Dites à Serge que tout sera fait selon ses désirs. — C’est bien dommage, que vous n’ayez pu m’envoyer de la <hi>наливка</hi>, je tâcherai de m’en consoler avec de la liqueur. — Je m’en vais tout de suite faire encore quelques visites chez Крюковъ,<note xml:id="note8" resp="volume_editor" index="false">О Крюкове см. прим. 2 к п. № 32.</note> chez les Канивальскій<note xml:id="note9" resp="volume_editor" index="false">Иван Матвеевич Канивальский (1790—1856), генерал-майор; женат был на Марье Ефремовне (ум. в 1884 г.). У них было три дочери: Софья, Елизавета и Александра.</note> chez les Diakoffs.<note xml:id="note10" resp="volume_editor" index="false">О Дьяковых см. прим. 4 к п. № 9.</note> J’espère vendre l’un de mes chevaux à Oséroff<note xml:id="note11" resp="volume_editor" index="false">Борис Семенович Озеров. О нем см. прим. 3 к п. № 12. </note> qui a grande envie de l’acheter et qui est en fonds pour le moment.<note xml:id="note12" resp="volume_editor" index="false">В дневнике Толстого под 17 января 1851 г. записано: «ехать к Озерову и предложить лошадь, велеть напечатать в газетах еще», т. е. поместить публикацию в «Московских ведомостях» о продаже лошади. Под 10 марта 1851 г.: «С Озеровым говорил дурно и навязывал лошадь».</note> Au club j’ai rencontré Канивальскій qui m’a beau[coup] engagé à venir chez lui, Нащокинъ<note xml:id="note13" resp="volume_editor" index="false">Вероятно Петр Александрович Нащокин (1793—18..), известный картежный игрок и псовый охотник.</note> avec lequel nous avons parlé chasse <hi style="opdelimiter">et</hi><hi style="opnumber">73</hi> <hi style="npnumber">74</hi><hi style="npdelimiter">Ждановъ</hi><note xml:id="note14" resp="volume_editor" index="false">Может быть один из братьев второй жены Александра Михайловича Исленьева, Софьи Александровны Ждановой, у которой их было пять: Иван (р. 1802 г.), Дмитрий (р. 1810 г.), Михаил (р. 1811 г.), Александр (р. 1814 г.) и Сергей (р. 1819 г.).</note> qui me prie en grâce de lui rendre ce que je lui dois; ce qui m’est fort désagréable comme vous pouvez vous figurer.</p>
<p rend="left">Après l’histoir[e] de M-me Simon il y a à présent l’histoire de Gagarine<note xml:id="note15" resp="volume_editor" index="false"> О каком из князей Гагариных рассказывает Толстой, установить не удалось.</note> qui fait beaucoup de bruit. La voilà. Un P-ce Gagarine ayant dissipé sa fortune prend le parti d’épouser une marchande, empoche la dot, et quitte sa femme le lendemain de la noce ce qui fait tant de peine à la nouvelle P-sse Gagarine, qu’elle en tombe malade et en meurt. Voilà Gagarine veuf et de nouveau riche; il vient donc faire bamboche à Moscou, court les théatres, le[s] bals masqués et surtout, les filles. — A l’un de ces bals masqués, ayant [fait] des propositions à une actrice Française, celle-ci lui répond que pas autrement que pour le bon motif. Le P-ce Gagarine l’assure qu’il ne l’avait pas pensé autrement, et que pour le lui prouver il l'engage à venir de ce pas (il était quatre heures du matin) à l’église pour être mariés — Avant de venir à l’église il lui dit, qu’ordinairement cette cérémonie se passe avec beaucoup de pompe et qu’on mette des couronnes sur la tête des époux, ils ne seront pas moins bien mariés sans cet usage qui ne fait rien à la cérémonie; alors le P-r Gag. en entrant à l’église attend que les matines soient finies et prie le prêtre de dire un Te Deum; après le Te Deum la Française lui demande, pourquoi ne leurs donne-t-on pas de cierges à tenir, ce qu’elle avait vu faire. Gag. lui dit qu’elle attende, que cela viendrait la cérémonie n’étant pas encor[e] fini[e], alors aprochant du prêtre il le prie de dire une <hi>панаѳида</hi> et on leur donne des cierges, à la grande satisfaction de la française. La cérémonie fini[e], ils vont se coucher; mais le lendemain Gag. repart pour Тверь et la Francaise pleinement convaincu[e] qu’elle était bien et dûment mariée s’en va se plaindre à C. Zakrevsky; c’est de là qu’on tient cette histoire; preuve qu’elle est véridique. — Adieu je bais[e] vos mains.</p>
<p rend="petit right">11 декабря.</p>
<p rend="petit left">Вчера был y гр. Закревского, у князя Андрея,<note xml:id="note16" resp="volume_editor" index="false">Кн. Андрей Иванович Горчаков (р. 1776 г., ум. 11 февраля 1855 г.), троюродный брат бабки Толстого, с 1832 г. генерал-от-инфантерии. При нем одно время состоял адъютантом отец Толстого. Кн. А. И. Горчаков жил в своем доме на Б. Никитской.</note> у которого обедал, у Перфильевых,<note xml:id="note17" resp="volume_editor" index="false">Степан Васильевич и Анастасия Сергеевна Перфильевы. О них см. заключ. прим. к п. № 12.</note> у графини,<note xml:id="note18" resp="volume_editor" index="false">«Графиней» в дневнике Толстой называет вдову двоюродного дяди гр. Фед. Ив. Толстого-американца гр. Авдотью Максимовну Толстую, рожд. Тугаеву (р. в 1796 г., ум. 27 сентября 1861 г.), по происхождению цыганку. Она выведена Писемским в романе «Масоны» в лице Аграфены <hi style="opdelimiter">Васильевны.</hi><hi style="opnumber">75</hi></note> с которой, против всяких ожиданий, мы оказались такими друзьями, что она хочет непременно меня женить. Князь и княгиня до такой степени любезны, что даже страшно. — Вчера был я в двух клубах, в Английском<note xml:id="note19" resp="volume_editor" index="false">Московский Английский клуб основан при Екатерине II; до ликвидации в 1917 г. с апреля 1831 г. помещался на Тверской, в доме, построенном еще до 1812 г. гр. Львом Кирилловичем Разумовским.</note> и в Дворянском,<note xml:id="note20" resp="volume_editor" index="false">Дворянский клуб в Москве помещался в здании «Благородного собрания» в Охотном ряду, с 1918 г. дом профсоюзов.</note> играл в вист и выиграл 10 руб. Думаю, что крупно играть не буду, как намеревался. Все клубы полны проходимцами, которые играют, не имея копейки за душой. Утром пришла посылка из деревни, которая доставила мне письма от вас<note xml:id="note21" resp="volume_editor" index="false">Письмо это неизвестно.</note> и Сережи.<note xml:id="note22" resp="volume_editor" index="false">Это вероятно сохранившееся в АТБ письмо гр. Серг. Ник. Толстого от 5 декабря.</note> За ваше — благодарю. Ваши советы и теперь, и в будущем <hi style="opdelimiter">мне</hi><hi style="opnumber">74</hi> <hi style="npnumber">75</hi><hi style="npdelimiter">полезны.</hi> Сереже скажите, что всё будет исполнено, как он того желает. Очень жаль, что вы не смогли прислать мне *наливку*, постараюсь утешиться ликером. — Сейчас отправляюсь еще с визитами к *Крюкову*,<note xml:id="note23" resp="volume_editor" index="false">О Крюкове см. прим. 2 к п. № 32.</note> к *Канивальским*<note xml:id="note24" resp="volume_editor" index="false">Иван Матвеевич Канивальский (1790—1856), генерал-майор; женат был на Марье Ефремовне (ум. в 1884 г.). У них было три дочери: Софья, Елизавета и Александра.</note> и Дьяковым.<note xml:id="note25" resp="volume_editor" index="false">О Дьяковых см. прим. 4 к п. № 9.</note> Надеюсь продать одну из своих лошадей Озерову;<note xml:id="note26" resp="volume_editor" index="false">Борис Семенович Озеров. О нем см. прим. 3 к п. № 12. </note> ему очень хочется ее купить, и он в настоящее время при деньгах.<note xml:id="note27" resp="volume_editor" index="false">В дневнике Толстого под 17 января 1851 г. записано: «ехать к Озерову и предложить лошадь, велеть напечатать в газетах еще», т. е. поместить публикацию в «Московских ведомостях» о продаже лошади. Под 10 марта 1851 г.: «С Озеровым говорил дурно и навязывал лошадь».</note> — В клубе я встретил *Канивальского*, который очень звал меня к себе, *Нащокина*,<note xml:id="note28" resp="volume_editor" index="false">Вероятно Петр Александрович Нащокин (1793—18..), известный картежный игрок и псовый охотник.</note> с которым говорили об охоте, и *Жданова*,<note xml:id="note29" resp="volume_editor" index="false">Может быть один из братьев второй жены Александра Михайловича Исленьева, Софьи Александровны Ждановой, у которой их было пять: Иван (р. 1802 г.), Дмитрий (р. 1810 г.), Михаил (р. 1811 г.), Александр (р. 1814 г.) и Сергей (р. 1819 г.).</note> который умолял меня отдать ему мой долг. Как мне это было неприятно, вы легко себе представляете. —</p>
<p rend="petit left">После истории г-жи Симон теперь в Москве много шума с историей Гагарина.<note xml:id="note30" resp="volume_editor" index="false"> О каком из князей Гагариных рассказывает Толстой, установить не удалось.</note> Вот в чем дело. Некто кн. Гагарин, прокутивший свое состояние, женится на богатой купчихе, захватывает всё ее приданое и бросает ее на другой же день свадьбы. С огорчения, новая княгиня Гагарина заболевает и умирает. Вдовый Гагарин, вновь богатый, приезжает кутить в Москву, ездит по театрам, маскарадам и главным образом по женщинам. — На одном из маскарадов он делает известные предложения французской актрисе, на которые получает ответ, что она согласна не иначе как повенчавшись. Князь уверяет, что иного он и не предполагал и, в подтверждение, приглашает ее ехать тотчас (в 4 ч. утра) в церковь венчаться. Он предупреждает ее при этом, что обыкновенно церемония происходит с большим торжеством, причем на головы венчающихся надевают венцы, но что этот обычай не имеет никакого отношения к обряду, и без него они будут не хуже обвенчаны. Приехав в церковь и выждав окончания утрени, кн. Гагарин просит священника отслужить молебен. После молебна француженка спрашивает, почему им не дали свеч в руки, что она сама видела на свадьбах. Гагарин отвечает, что церемония еще не окончена, нужно подождать, будет и это... и, подойдя к священнику, просит его отслужить <hi>*панаѳиду*.</hi> К большому удовлетворению француженки, им подали свечи. По окончании церемонии, они едут спать, а на следующее утро Гагарин удирает к себе в *Тверь*. Убежденная в своем замужестве француженка едет с жалобой на своего супруга к гр. Закревскому, от которого и узнали эту историю, поэтому и в правдивости ее сомневаться не приходится. Прощайте, целую ваши ручки.</p>
<comments><p rend="Textpetit_otstup left">Печатается по автографу, хранящемуся в АТБ. Публикуется впервые, Год письма определяется содержанием, которое близко к содержанию предыдущего письма.</p>
<p rend="Textpetit_otstup left"><hi>1 </hi>Кн. Андрей Иванович Горчаков (р. 1776 г., ум. 11 февраля 1855 г.), троюродный брат бабки Толстого, с 1832 г. генерал-от-инфантерии. При нем одно время состоял адъютантом отец Толстого. Кн. А. И. Горчаков жил в своем доме на Б. Никитской.</p>
<p rend="petit left"><hi>2 </hi>Степан Васильевич и Анастасия Сергеевна Перфильевы. О них см. заключ. прим. к п. № 12.</p>
<p rend="petit left"><hi>3 </hi>«Графиней» в дневнике Толстой называет вдову двоюродного дяди гр. Фед. Ив. Толстого-американца гр. Авдотью Максимовну Толстую, рожд. Тугаеву (р. в 1796 г., ум. 27 сентября 1861 г.), по происхождению цыганку. Она выведена Писемским в романе «Масоны» в лице Аграфены <hi style="opdelimiter">Васильевны.</hi><hi style="opnumber">75</hi></p>
<p rend="petit left"><hi style="npnumber">76</hi><hi style="npdelimiter"><hi>4 </hi>Московский</hi> Английский клуб основан при Екатерине II; до ликвидации в 1917 г. с апреля 1831 г. помещался на Тверской, в доме, построенном еще до 1812 г. гр. Львом Кирилловичем Разумовским.</p>
<p rend="petit left"><hi>5 </hi>Дворянский клуб в Москве помещался в здании «Благородного собрания» в Охотном ряду, с 1918 г. дом профсоюзов.</p>
<p rend="petit left"><hi>6 </hi>Письмо это неизвестно.</p>
<p rend="petit left"><hi>7 </hi>Это вероятно сохранившееся в АТБ письмо гр. Серг. Ник. Толстого от 5 декабря.</p>
<p rend="petit left"><hi>8 </hi>О Крюкове см. прим. 2 к п. № 32.</p>
<p rend="petit left"><hi>9 </hi>Иван Матвеевич Канивальский (1790—1856), генерал-майор; женат был на Марье Ефремовне (ум. в 1884 г.). У них было три дочери: Софья, Елизавета и Александра.</p>
<p rend="petit left"><hi>10 </hi>О Дьяковых см. прим. 4 к п. № 9.</p>
<p rend="petit left"><hi>11 </hi>Борис Семенович Озеров. О нем см. прим. 3 к п. № 12. </p>
<p rend="petit left"><hi>12 </hi>В дневнике Толстого под 17 января 1851 г. записано: «ехать к Озерову и предложить лошадь, велеть напечатать в газетах еще», т. е. поместить публикацию в «Московских ведомостях» о продаже лошади. Под 10 марта 1851 г.: «С Озеровым говорил дурно и навязывал лошадь».</p>
<p rend="petit left"><hi>13 </hi>Вероятно Петр Александрович Нащокин (1793—18..), известный картежный игрок и псовый охотник.</p>
<p rend="petit left"><hi>14 </hi>Может быть один из братьев второй жены Александра Михайловича Исленьева, Софьи Александровны Ждановой, у которой их было пять: Иван (р. 1802 г.), Дмитрий (р. 1810 г.), Михаил (р. 1811 г.), Александр (р. 1814 г.) и Сергей (р. 1819 г.).</p>
<p rend="petit left"><hi>16</hi> О каком из князей Гагариных рассказывает Толстой, установить не удалось.</p>
</comments></div></body>
        </text>
        </TEI>