<?xml version="1.0" encoding="UTF-8"?>
    <!-- <?xml-stylesheet type="text/xsl" target="../resources/MJT/myletter.xsl"?> -->
    <?xml-stylesheet type="css" target="graves.css"?>
    <?xml-model target="http://www.tei-c.org/release/xml/tei/custom/schema/relaxng/tei_all.rng" type="application/xml" schematypens="http://relaxng.org/ns/structure/1.0"?>
    <?xml-model target="http://www.tei-c.org/release/xml/tei/custom/schema/relaxng/tei_all.rng" type="application/xml"
            schematypens="http://purl.oclc.org/dsdl/schematron"?>
    <TEI xmlns="http://www.tei-c.org/ns/1.0">
       <teiHeader>
          <fileDesc>
             <titleStmt>
                <title>Письмо №* 50. Гр. H. Н. Толстому.</title>
             </titleStmt>
             <publicationStmt>
                <publisher>TolstoyLab</publisher>
                <date when="2015-09-14">14 September 2015</date>
             </publicationStmt>
             <sourceDesc>
                <biblStruct>
                   <analytic>
                      <author>Толстой Л.Н.</author>
                   </analytic>
                   <monogr>
                      <title level="m">Полное собрание сочинений. Том 59</title>
                      <imprint>
                         <pubPlace>Москва</pubPlace>
                         <publisher>Государственное издательство "Художественная литература"</publisher>
                         <date when="1935"/>
                      </imprint>
                   </monogr>
                   <series>
                      <title level="s">Л.Н. Толстой. Полное собрание сочинений</title>
                      <biblScope unit="vol">59</biblScope>
                   </series>
                </biblStruct>
				<bibl>Печатается по автографу, хранящемуся в АТБ. Публикуется впервые. Год определяется содержанием и недатированным письмом H.H. Толстого от ноября 1851 г., написанным из Старогладковской, куда H. Н. Толстой приехал в конце ноября 1851 г., и на которое это письмо является ответом. Год написания письма Н. Н. Толстого от ноября 1851 г. определяется его же письмом, датированным б декабря 1851 г.</bibl>
             </sourceDesc>
          </fileDesc>
          <encodingDesc>
             <tagsDecl> </tagsDecl>
          </encodingDesc>
          <profileDesc>
             <correspDesc>
                <correspAction type="sending">
                   <persName ref="PersonList.xml#L_N_Tolstoy">Л. Н. Толстой</persName>
                   <placeName ref="PlacesListxml#PLACE">Тифлис.</placeName>
                   <date when="1851-12-10">1851 г. Декабря 10.</date>            </correspAction>
                <correspAction type="receiving">
                   <persName ref="PersonList.xml#RECEIVER">Гр. H. Н. Толстому</persName>
                </correspAction>
                <correspContext>
                   <ref type="prev"></ref>
                </correspContext>
             </correspDesc>
          </profileDesc>
       </teiHeader>
       <xenoData><number type="in a volume">50</number></xenoData>

              <text xml:id="Gr.H.N.Tolstomu_50">
	<body><div>
		<opener index="false">
* 50. Гр. H. Н. Толстому.
1851 г. Декабря 10. Тифлис.</opener>
<p rend="left">Милый другъ, Nicolas! нынче 10 Декабря получилъ я отъ тебя письма. Мнѣ очень нравится, что ты отзываешься про свое письмо <hi>длинное посланіе</hi>. Длин[ное] посл[аніе] на одномъ листѣ почтовой бумаги и по два слова въ строкѣ. Все твое письмо похоже на окончанія писемъ Мистера Микобера.<note xml:id="note1" resp="volume_editor" index="false">Действующее лицо романа Ч. Диккенса «Давид Копперфильд».</note> —</p>
<p rend="subtitle centerline">
на 
</p>
<p rend="subtitle centerline">
главу 
</p>
<p rend="subtitle centerline">
и т. д.
</p>
<p rend="left">Стало быть заслуженной упрекъ твоему письму въ краткости. Пожалуйста ne te laisse pas décourager par ce reproche<note xml:id="note2" resp="volume_editor" index="false"><hi>,</hi>Не падай духом от этого упрека.</note><hi> </hi>a пиши <hi>каждую</hi> почьту. — Ежели же тебѣ лѣнь (о пагубная страсть!) помѣшаетъ это дѣлать, то прикажи Алешкѣ<note xml:id="note3" resp="volume_editor" index="false">Алексей Степанович Орехов.</note> каждый почтовой день брать листъ бумаги изъ твоего стола (слѣдов[ательно] съ изображеніемъ чертей)<note xml:id="note4" resp="volume_editor" index="false"> В «Воспоминаниях детства» (гл. IX) Толстой писал о гр. Николае Николаевиче: «Когда он не рассказывал и не читал (он читал очень много), он рисовал. Рисовал он почти всегда чертей с рогами, закрученными усами, сцепляющихся в самых разнообразных позах между собою и занятых самыми разнообразными делами. Рисунки эти тоже полны были воображения и юмора».</note> класть въ конвертъ и отправлять мнѣ. По крайней мѣрѣ это будетъ для меня доказательствомъ, что <hi>неизвѣстные хищники покуда не украли твою голову</hi>. — Ван[юшка<note xml:id="note5" resp="volume_editor" index="false"> Иван Васильевич Суворов (ум. в 1900-ых годах). В «Воспоминаниях детства» (гл. IX) Толстой писал: «Очень глупая была мысль у опекунши- тетушки дать нам каждому по мальчику с тем, чтобы потом это был наш преданный слуга. Митеньке дан был Ванюша». Этот Ванюша перешел потом ко Льву Николаевичу, с которым поехал на Кавказ, где в 1852 г., между прочим, переписывал главы «Детства» (см. том 1 настоящего издания, стр. 308—313). Толстой его изобразил в «Казаках». Последние годы И. В. Суворов прожил в Туле.</note> избилъ 3 пары подметокъ, ходя на почту и нынче утромъ не взошелъ, a вбѣжалъ ко мнѣ въ комнату съ стиснутыми зубами и съ конвертомъ въ рукѣ. Твое письмо меня во всѣхъ отношеніяхъ удовлетворило, исключая того, что о нѣкот[орыхъ] пунктахъ, о коихъ мнѣ очень желательно знать, ты умалчиваешь — имянно о дѣлахъ пекуніарныхъ. Я писалъ тебѣ, что je <hi>serai</hi> sur les fèves,<note xml:id="note6" resp="volume_editor" index="false">Я буду на бобах.</note> теперь я могу сказать <hi>je suis</hi> sur les fèves.<note xml:id="note7" resp="volume_editor" index="false">Я на бобах.</note> Болѣзнь мнѣ стоила очень дорого: аптека — рублей 20. Доктору зa 20 визитовъ и теперь каждый день вата и извощикъ, стоютъ 1-20. — Я всѣ эти подробности пишу тебѣ съ тѣмъ, чтобы ты мнѣ поскорѣе прислалъ какъ можно больше денегъ. — Въ послѣднемъ письмѣ<note xml:id="note8" resp="volume_editor" index="false">Это письмо не сохранилось.</note> я тебѣ писалъ, что мнѣ нужно 100 р., чтобы уѣхать; теперь я вижу, что не обойдусь без 140. Помогай мнѣ, сколько можешь. — Ты можетъ быть думаешь, что я теперь совершенно здоровъ. — Кнесчастію, мнѣ очень нехорошо: — La maladie venérienne est <hi style="opdelimiter">détruite;</hi><hi style="opnumber">120</hi> <hi style="npnumber">121</hi><hi style="npdelimiter">mais</hi> se sont les suites du Mercure, qui me font souffrir l’impossible.<note xml:id="note9" resp="volume_editor" index="false">Венерическая болезнь уничтожена, но невыносимо страдать-то меня заставляют последствия ртутного лечения.</note> Можешь себѣ представить, что у меня весь ротъ и языкъ въ ранкахъ, которыя не позволяютъ мнѣ ни ѣсть ни спать. Безъ всякаго преувеличенія, я 2-ю недѣлю ничего не ѣлъ и не проспалъ одного часу. — Всѣ они коновалы, шельмы. — Хорошо еще, что здѣсь воды, такъ я, Богъ дастъ, и оправлюсь какъ нибудь. —</p>
<p rend="left">Хотѣлъ было я писать тебѣ о очень интересномъ дѣлѣ, но такъ усталъ, что пойду лежать. — Съ слѣд[ующей] почтой или ежели успѣю напишу еще. — Бѣлую лошадь за 13 р. не стоитъ отдавать. — Прощай. Не забывай пересылать ко мнѣ всѣ письма изъ Россіи и доставить мнѣ денегъ, сколько можешь.</p>
<lb/>
<p rend="left"><hi>На четвертой странице:</hi></p>
<p rend="left">Его Сіятельству Графу Николаю Николаевичу <hi>Толстому</hi>. Въ Кизлярскомъ округѣ въ станицу Старогладовскую, въ Штабъ батарейной № 4 батареи; черезъ Стан. Шелкозаводскую.<note xml:id="note10" resp="volume_editor" index="false">Шелкозаводская или Шелковая — станица Терской области, на левом берегу Терека. В 1735 г. там был основан шелковый завод, но потом шелководство упало и начало возобновляться только в позднейшее время.</note></p>
<comments><p rend="Textpetit_otstup left">Печатается по автографу, хранящемуся в АТБ. Публикуется впервые. Год определяется содержанием и недатированным письмом H.H. Толстого от ноября 1851 г., написанным из Старогладковской, куда H. Н. Толстой приехал в конце ноября 1851 г., и на которое это письмо является ответом. Год написания письма Н. Н. Толстого от ноября 1851 г. определяется его же письмом, датированным б декабря 1851 г.</p>
<p rend="petit left">Гр. Николай Николаевич Толстой (р. 23 июня 1823 г., ум. 8 сентября 1860 г.), старший брат Льва Николаевича. В августе 1839 г. поступил на математический факультет Московского университета, откуда осенью 1843 г. перевелся в Казанский университет, который и окончил весной 1844 г. В декабре этого года Николай Николаевич поступил на службу в легкую № 7 батарею 18 артиллерийской бригады, в январе 1846 г. переведен в 20 артиллерийскую бригаду, в январе 1847 г. в 19 артиллерийскую бригаду, в феврале этого года снова в 20 артиллерийскую бригаду, в июне 1849 г. произведен в подпоручики, в феврале 1851 г. в поручики. В феврале 1853 г. уволен в отставку с чином штабс-капитана; в августе 1855 г. снова поступил на службу с чином поручика в легкую № 3 батарею 19 артиллерийской бригады, в ноябре 1855 г. прикомандирован к 20 артиллерийской бригаде, а в июле 1858 г. уволен в отставку с чином штабс-капитана. По выходе в отставку гр. H. Н. Толстой жил в своем имении Никольском-Вяземском Чернского уезда Тульской губ. В мае 1860 г. больной чахоткой поехал зa границу, где и умер на юге Франции, в Гиере. В «Воспоминаниях детства» (гл. IX) Толстой о нем пишет: «Он был удивительный мальчик и потом удивительный человек. Тургенев говорил про него очень верно, что он не имел только тех недостатков, которые нужны для того, чтобы быть писателем. Он не имел главного, нужного для этого недостатка: у него не было тщеславия, ему совершенно неинтересно было, что о нем <hi style="opdelimiter">думают</hi><hi style="opnumber">121</hi> <hi style="npnumber">122</hi><hi style="npdelimiter">люди.</hi> Качества же писателя, которые у него были, были прежде всего тонкое художественное чутье, крайнее чувство меры, добродушный веселый юмор, необыкновенное, неистощимое воображение и правдивое высоконравственное мировоззрение, и всё это без малейшего самодовольства. Воображение у него было такое, что он мог рассказывать сказки или истории с привидениями или юмористические истории в духе мадам Рэдклиф, без остановки целыми часами и с такой уверенностью в действительность рассказываемого, что забывалось, что это выдумка». Когда Льву Николаевичу было пять лет, Николенька «объявил», что у него есть тайна, посредством которой, когда она откроется, все люди сделаются счастливыми, все будут любить друг друга и станут «муравейными» братьями. Тайна о том, как сделать, чтобы всё это исполнилось, написана была на зеленой палочке, зарытой у дороги на краю оврага Старого заказа. В этом месте Толстой «в память Николеньки» просил зарыть его труп, что и было исполнено. Фет в своих воспоминаниях, называя Николая Николаевича «замечательным человеком», говорит, что «мало сказать, что все знакомые его любили, а следует сказать — обожали... Будучи от природы крайне скромен, он нуждался в расспросах со стороны слушателей. Но наведенный на какую- либо тему, он вносил в нее всю тонкость и забавность своего добродушного юмора. Он видимо обожал младшего своего брата Льва. Но надо было слышать, с какой иронией он отзывался о его великосветских похождениях. Он так ясно умел отличать действительную сущность жизни от ее эфемерной оболочки, что с одинаковою иронией смотрел и на высший, и на низший слой кавказской жизни. И знаменитый охотник, старовер, дядюшка Епиш ка (в «Казаках» гр. Л. Толстого — Ерошка) очевидно, подмечен и выщупан до окончательной художественности Николаем Толстым». (А. А. Фет: «Мои воспоминания», М. 1890, ч. I, стр. 217—218.) Перу Николая Николаевича принадлежат «Охота на Кавказе», напечатанная в «Современнике» 1857 г. № 2 и переизданная М. В. Сабашниковым с предисловием М. О. Гершензона в 1922 г.; «Пластун», напечатанный впервые в журнале «Красная новь» 1926 г. №№ 5 и 7 и «Заметка об охоте» в альманахе «Охотничье сердце» под ред. Ник. Смирнова, М. 1929. О гр. Н. Н. Толстом: А. А. Фет «Мои воспоминания» М. 1890, ч. I; А. Е. Грузинский «Писатель Н. Н. Толстой» — «Красная новь» 1926 г., № 5.</p>
<p rend="petit left">Письмо является ответом на следующее неопубликованное письмо гр. Н. Н. Толстого, датируемое ноябрем 1851 г.:</p>
<p rend="petit left">«Приехав в Старогладковскую, я застал Дмитрия и Алешку, от которых очень мало узнал об своих, братьев Дм[итрий] видел в отъезжем поле, Миша тоже охотился, след[овательно] он здоров; тетенек, Валерьяна и Машу он не видал. Он привел двух борзых: Катая и Позора, Помчишку и Бульку, собаки все здоровы, лошадей он привел только Вороного и Пегого, которого я уже продал за 5 монет. Посылаю тебе письма, которые не стоило бы и посылать; одно письмо от Валерьяна и Маши, кажется, от 1 сентября, остальные от Андрея; в одном он пишет, что <hi>он задним умом умен</hi>, а мне кажется, что он глуп и сзади и спереди. Пере- читав это письмо, я вижу, что до сих пор по интересу оно не далеко ушло от писем Андрея, и поэтому продолжаю по рецепту Тат. Алекс., т. е. начинаю описывать всё, что я без тебя делал. <hi>Станция 1-я</hi> Гарцискал. Тут <hi style="opdelimiter">попался</hi><hi style="opnumber">122</hi> <hi style="npnumber">123</hi><hi style="npdelimiter">мне</hi> попутчик и земляк, один из несчастных, путешествующих по воле духовенства, а именно: дьячек из Екатеринодара, родом туляк. Он упросил меня довезти его до Екатеринограда; ночью, когда он уселся уже на облучок и вступил даже в новую для него должность моего камердинера, т. е. начал набивать мне трубку, мне пришло в голову, что вместе с званием несчастного путешественника он может соединять и звание пьяного и нечестного путешественника, что для меня очень будет неприятно, тем более, что об этом разряде путешественников даже и Стерн ничего не говорит, и мое изучение «Сентиментального путешествия» не могло научить меня, как мне вести себя в отношении к этим господам; впрочем опасения мои оказались излишними. Сей церковнослужитель служил мне верой и правдой до Екатеринограда. <hi>Ст. II-я Душет.</hi> Тут меня хотели задержать под предлогом, что на днях случилось тут несчастие, а именно, выражаясь словами смотрителя: <hi>У Грузинского князя неизвестные хищники украли голову</hi>, подробности этой были ты верно услышишь при приезде, потому что вероятно это происшествие не скоро изгладится из памяти мирных жителей Душета. Несмотря на это, я поехал далее и ночевал в Анануре, где променял свой тарантас. Из Пассанаура я отправился по новой дороге; караван наш состоял из моего тарантаса, запряженного парой волов, двух пустых арб, меня, церковнослужителя и двух грузин, из которых один, Бичо Симòн всю дорогу распевал грузинские песни, всё шло как нельзя лучше, дорога превосходная, по обеим сторонам горы, осетинские аулы, с которыми перекликался наш Бичо, над нами светлое звездное небо, уже мы доезжали до какого-то укрепления, где мои грузины должны были кормить волов, уже виднелся гостеприимный огонек духана, воображение мое рисовало мне пленительную картину горячего шашлыка. Но les jours se suivent et ne se ressemblent pas, les духан aussi [дни проходят не похожие один на другой и духаны тоже]. В этом мы не нашли баранины. Мой церковнослужитель отправился в укрепление и с торжеством принес мне гадкой говядины, из которой вызвался сделать поварскую штуку, т. е. котлеты; я сперва не соглашался, но когда и Симòн объявил, что шашлык из говядины будет не хорош, и что лучше сделать <hi>штуку</hi>, я согласился, но, увы, <hi>штука</hi> оказалась вещью неудобосъедомою. Я выпил чурек [?] вина, съел кусок хлеба, лег в тарантас и заснул. Когда утренний мороз меня разбудил, мы были уж на горе (имя и прозвание которой я не знал). Солнце только что выходило из-за Казбека, со всех сторон из ущелий тянулись стада, где-то вправо на горе горел огонек. «Это праздник», говорил Бичо и по этому случаю затянул предлинную песню. В ущелье Черной речки, по которой мы ехали ночью, клубился туман, вид был так хорош, что даже понравился моему дьячку: «Вот и правду говорят, В. Сиятельство, что чудны дела твои, Господи».</p>
<p rend="petit left">В Казбеке пришли ко мне грузины, которые ездили с тобой на монастырь и, вероятно, полагая, что я большой охотник ездить на быках, предложили мне везти меня на оных до Владикавказа, но, разумеется, отказался, на другой день я доехал до Екатеринограда, где расстался с моим дьячком. От Екатеринограда до Старогладковской было еще несколько интересных эпизодов. Во-первых, Калюгай сделался для меня вторым Гарцискалом и чуть было не второй Капуей. Во-вторых, в Науре я был у Казимира, где ко <hi style="opdelimiter">мне</hi><hi style="opnumber">123</hi> <hi style="npnumber">124</hi><hi style="npdelimiter">пристал</hi> новый попутчик тоже из породы путешествующих по воле начальства, какой-то инженерный офицер. Я был довольно прост, что согласился довезти его до Старогладковской, за что был наказан, во-первых, тем, что заплатил зa 3 лошади, а, во-вторых, тем, что слушал разговоры в роде следующего: «Вы знаете князя Опакидзе? Не правда ли какой милый и образованный молодой человек, он настоящий парижанин», бесконечные похвалы остроумия, светскости Тришатного и Кологривого и так далее.</p>
<p rend="petit left">Наконец я приехал в Старогладковскую. На другой день, кажется, приехал ко мне Арслан-Хан, с тем чтобы охотиться с ястребами; охота эта мне очень понравилась. Мы вместе отправились в Кизляр. Я взял с собой Уляшина и Катая (Дмитрий говорит, что Катай гораздо лучше Позора; Позора подари мне, он мне будет очень нужен будущим летом, зайцев в степи очень мало). Князь взял с собой ястреба, и мы прекрасно поохотились. Погода стояла превосходная, зато теперь идет снег, и я сижу один на той же квартире, где и ты останавливался, и пишу тебе это длинное послание, этим ты обязан дурной погоде.</p>
<p rend="petit left">Завтра возвращаюсь в Старогладковскую и начинаю охоту по пороше, если будет пороша. Лошадей я не продал. За твою белую дают 13 монет (она ужасно худа, и нет надежды ее поправить. Не знаю, что делать, но кажется и ее продам зa что бы ни было, а то меня лошади совсем объедают).</p>
<p rend="petit left">Отвечай, пожалуйста, поскорее. (Письмо не опубликовано; хранится в АТБ.)</p>
<p rend="petit left"><hi>Дмитрий</hi> — слуга гр. H. Н. Толстого; упомянут в рассказе «Рубка леса»; <hi>Алешка</hi> — Алексей Степанович Орехов, камердинер Толстого. О нем см. прим. 4 к п. № 4. Кто такой <hi>Миша</hi> сказать не можем. <hi>Тетеньки </hi>— Татьяна Александровна Ергольская и гр. Елизавета Александровна Толстая. (О них см. вступ. прим. и 7 к п. № 4.) <hi>Письмо от гр. Валер. Петр. и Мар. Ник</hi>. <hi>Толстых</hi> не сохранилось. О них см. прим. к п. № 42. <hi>Писем от Андр. Ил</hi>. <hi>Соболева</hi> не сохранилось. О нем см. прим. к п. № 16. <hi>Гарцискал</hi> — вернее Гардоскал, вероятно, одна из станций на речке Гардоскал между Мухетом и Душетом. <hi>Екатериноград</hi> — станица в 191 в. от Тифлиса, бывший наместнический город, основанный по инициативе Потемкина. «<hi>Сантиментальное путешествие через Францию и Италию</hi> — сочинение (1768 г.) Лауренса Стерна (1713—1768). <hi>Дугиет</hi> — крепость в 50 в. от Тифлиса на Военно-Грузинской дороге. <hi>Ананур</hi>—станция в 61 в. от Тифлиса. Развалины старинной крепости и церковь в Анануре принадлежат к интереснейшим памятникам Военно-Грузинской дороги. <hi>Пассанаур</hi> — станица в 83 в. от Тифлиса. <hi>Гора</hi>, <hi>имя и прозвание которой я не знал</hi> — Крестовый перевал. <hi>Казбек</hi> — одна из вершин кавказского главного хребта в 11 в. от Военно-Грузинской дороги; 16 <hi>1</hi>/<sub>2</sub> тысяч футов высоты. <hi>Ущелье Черной речки</hi> — ущелье Черной Арагвы. <hi>Казбек</hi> — грузинский аул и станция на Военно-Грузинской дороге. <hi>Монастырь</hi> — Стефан-Цминда (или Цвинда-Самеба) — старинная церковь грузинской архитектуры на горе Квенем-Мты (7673 фута над уровнем моря) недалеко от станции Казбек. <hi>Владикавказ</hi> — город на берегу р. Терека, у самого подножия Черных гор, основанный при Екатерине, был прежде крепостью и важным стратегическим пунктом, оберегавшим единственную дорогу через главный хребет. <hi>Калюгай</hi> — правильнее Галюгай — станица на <hi style="opdelimiter">правом</hi><hi style="opnumber">124</hi> <hi style="npnumber">125</hi><hi style="npdelimiter">берегу</hi> Терека, верстах в 15 к востоку от Моздока. <hi>Капуа</hi> — старинный город древней Кампаньи в Италии на берегу реки Вольтурно. Этот город служил когда-то самым приятным местопребыванием во всей Италии, отсюда поговорка «Les delices de Capoue». [Наслаждения Капуи.] <hi>Наур</hi> — Наурская станция к востоку от Моздока. Кто такие <hi>Казимир </hi>и князь <hi>Опакидзе</hi> — сказать не можем. <hi>Тришатный</hi> и <hi>Кологривой </hi>— очевидно какие-то знакомые Толстых. <hi>Арслан-Хан</hi> Дударов — князь, штабс-капитан легкой № 6 батареи 20 артилл. бригады, из кумыкских ханов». Он довольно часто упоминается в дневнике Толстого. <hi>Кизляр</hi> — город Терской области, на левом берегу Старого Терека в 58 в. от Каспийского моря, основанный в 1735 г. <hi>Где и ты останавливался</hi> — Толстой был в Кизляре вероятно в сентябре 1851 г., когда, как он записал в дневнике под 20 марта 1852 г., «ездил на охоту».</p>
<p rend="Textpetit_otstup left"><hi>1 </hi>Действующее лицо романа Ч. Диккенса «Давид Копперфильд».</p>
<p rend="petit left"><hi>2 </hi>Не падай духом от этого упрека.</p>
<p rend="petit left"><hi>3 </hi>Алексей Степанович Орехов.</p>
<p rend="petit left"><hi>4</hi> В «Воспоминаниях детства» (гл. IX) Толстой писал о гр. Николае Николаевиче: «Когда он не рассказывал и не читал (он читал очень много), он рисовал. Рисовал он почти всегда чертей с рогами, закрученными усами, сцепляющихся в самых разнообразных позах между собою и занятых самыми разнообразными делами. Рисунки эти тоже полны были воображения и юмора».</p>
<p rend="petit left"><hi>5</hi> Иван Васильевич Суворов (ум. в 1900-ых годах). В «Воспоминаниях детства» (гл. IX) Толстой писал: «Очень глупая была мысль у опекунши- тетушки дать нам каждому по мальчику с тем, чтобы потом это был наш преданный слуга. Митеньке дан был Ванюша». Этот Ванюша перешел потом ко Льву Николаевичу, с которым поехал на Кавказ, где в 1852 г., между прочим, переписывал главы «Детства» (см. том 1 настоящего издания, стр. 308—313). Толстой его изобразил в «Казаках». Последние годы И. В. Суворов прожил в Туле.</p>
<p rend="petit left"><hi>6 </hi>Я буду на бобах.</p>
<p rend="petit left"><hi>7 </hi>Я на бобах.</p>
<p rend="petit left"><hi>8 </hi>Это письмо не сохранилось.</p>
<p rend="petit left"><hi>9 </hi>Венерическая болезнь уничтожена, но невыносимо страдать-то меня заставляют последствия ртутного лечения.</p>
<p rend="petit left"><hi>10 </hi>Шелкозаводская или Шелковая — станица Терской области, на левом берегу Терека. В 1735 г. там был основан шелковый завод, но потом шелководство упало и начало возобновляться только в позднейшее время.</p>
</comments></div></body>
        </text>
        </TEI>