<?xml version="1.0" encoding="UTF-8"?>
    <!-- <?xml-stylesheet type="text/xsl" target="../resources/MJT/myletter.xsl"?> -->
    <?xml-stylesheet type="css" target="graves.css"?>
    <?xml-model target="http://www.tei-c.org/release/xml/tei/custom/schema/relaxng/tei_all.rng" type="application/xml" schematypens="http://relaxng.org/ns/structure/1.0"?>
    <?xml-model target="http://www.tei-c.org/release/xml/tei/custom/schema/relaxng/tei_all.rng" type="application/xml"
            schematypens="http://purl.oclc.org/dsdl/schematron"?>
    <TEI xmlns="http://www.tei-c.org/ns/1.0">
       <teiHeader>
          <fileDesc>
             <titleStmt>
                <title>Письмо №56. В. П. Боткину.</title>
             </titleStmt>
             <publicationStmt>
                <publisher>TolstoyLab</publisher>
                <date when="2015-09-14">14 September 2015</date>
             </publicationStmt>
             <sourceDesc>
                <biblStruct>
                   <analytic>
                      <author>Толстой Л.Н.</author>
                   </analytic>
                   <monogr>
                      <title level="m">Полное собрание сочинений. Том 60</title>
                      <imprint>
                         <pubPlace>Москва</pubPlace>
                         <publisher>Государственное издательство "Художественная литература"</publisher>
                         <date when="1949"/>
                      </imprint>
                   </monogr>
                   <series>
                      <title level="s">Л.Н. Толстой. Полное собрание сочинений</title>
                      <biblScope unit="vol">60</biblScope>
                   </series>
                </biblStruct>
				<bibl>Впервые опубликовано в ТПТ, 4, стр. 9—11, с датой «20 января 1857 г.». Датируется содержанием: оно написано из Москвы перед первой поездкой Толстого за границу. Первая часть письма датирована Толстым 20 января, но приписка, судя по содержанию, сделана не в один день с письмом, так как в письме Толстой говорит, что он еще не видел комедии Островского («Праздничный сон — до обеда»), а в приписке сообщает, что уже «слышал комедию». Толстой 29 января выехал за границу, следовательно, комедию Островского он мог слышать между 20 и 29 января.</bibl>
             </sourceDesc>
          </fileDesc>
          <encodingDesc>
             <tagsDecl> </tagsDecl>
          </encodingDesc>
          <profileDesc>
             <correspDesc>
                <correspAction type="sending">
                   <persName ref="PersonList.xml#L_N_Tolstoy">Л. Н. Толстой</persName>
                   <placeName ref="PlacesListxml#PLACE">Москва.</placeName>
                   <date when="1857-01-20">1857 г. Января 20.</date>            </correspAction>
                <correspAction type="receiving">
                   <persName ref="PersonList.xml#RECEIVER">В. П. Боткину</persName>
                </correspAction>
                <correspContext>
                   <ref type="prev"></ref>
                </correspContext>
             </correspDesc>
          </profileDesc>
       </teiHeader>
       <xenoData><number type="in a volume">56</number></xenoData>

              <text xml:id="V.P.Botkinu_56">
	<body><div>
		<opener index="false">
56. В. П. Боткину.
1857 г. Января 20...28? Москва.
</opener>
<p rend="Obrashenie left">Милый Боткин.</p>
<p rend="left">Я еду в будущий понедельник, т. е. 28, взял уже место и в Ясную Поляну, где вы боялись, что я засяду, я вовсе не заеду по разным причинам.<note xml:id="note1" resp="volume_editor" index="false"> Толстой отправился за границу 29 января.</note> Жил я здесь и проживу еще эти 8 дней не совсем хорошо, как-то против желания рассеянно. Езжу я здесь в свет, на балы; и было бы весело, ежели бы не одолевали меня <hi>умные.</hi> В той же комнате сидят милые люди и женщины, но нет возможности добраться до них, потому что умный или умная поймали вас за пуговицу и рассказывают вам что-нибудь. Одно спасенье танцовать, что я и начал делать, как это ни может показаться вам странным. Но должен признаться милому Пав[лу] Вас[ильевичу],<note xml:id="note2" resp="volume_editor" index="false"> Анненкову.</note> что всё это <hi>не то.</hi> — Благодарствуйте за ваш суд о Юности,<note xml:id="note3" resp="volume_editor" index="false"> См. т. 47, стр. 106.</note> он мне очень, очень приятен, потому что, не обескураживая меня, приходится <hi style="opdelimiter">как</hi><hi style="opnumber">152</hi> <hi style="npnumber">153</hi><hi style="npdelimiter">раз</hi> по тому, что я сам думал — <hi>мелко.</hi> Вашу статью я перечел здесь. — Ежели вы не приметесь серьезно за критику, то вы не любите литературы.<note xml:id="note4" resp="volume_editor" index="false"> Статья Боткина «О стихотворениях А. А. Фета» напечатана в первой книги «Современника» за 1857 г. С ней Толстой ознакомился еще в Петербурге в декабре 1856 г., вероятно, по корректуре или по рукописи. См. запись Толстого в Дневнике под 17 декабря 1856 г. (т. 47, стр. 105).</note> — Есть тут некоторые господа читатели, которые говорили мне, что это не критика, а теория поэзии, в которой им говорят в первый раз то, что они давно чувствовали, не умея выразить. Действительно, это поэтической катехизис поэзии, и вам в этом смысле сказать еще очень много. И именно вам. — Славянофилы тоже <hi>не то.</hi> Когда я схожусь с ними, я чувствую, как я бессознательно становлюсь туп, ограничен и ужасно честен, как всегда сам дурно говоришь по-французски с тем, кто дурно говорит. Не то, что с вами, с бесценным для меня триумвиратом Б[откиным], Ан[ненковым] и Др[ужининым], где чувствуешь себя глупым от того, [что] слишком многое понять и сказать хочется, этого умственного швунга<note xml:id="note5" resp="volume_editor" index="false"> Немецкое Schwung — размах, устремление.</note> нету. Островской, который был сочен, упруг и силен, когда я познакомился с ним прошлого года, в своем льстивом уединении, хотя также силен, построил свою теорию, и она окрепла и засохла. Аксаков С. Т.<note xml:id="note6" resp="volume_editor" index="false"> Сергей Тимофеевич Аксаков (1791—1859) — писатель. Подробнее о нем см. т. 47, стр. 312—314. Критический отзыв о творчестве последнего периода С. Т. Аксакова дает Н. А. Добролюбов в своей статье «Жизнь помещика в старые годы» (Сочинения, т. I, Спб. 1911).</note> говорит, что его Доход[ное] Место слабо.<note xml:id="note7" resp="volume_editor" index="false"> «Доходное место» А. Н. Островского было напечатано в № 1 «Русской беседы» за 1857 г. Толстой сам еще не прочитал комедии, когда писал это письмо, и только через несколько дней, 25 января, отметил в Дневнике: «Остров[ского] Дох[одное] Место лучшее его произведение и удовлетворенная потребность выражения взяточного мира» (т. 47, стр. 112).</note> Комедия его в Соврем[енник] готова, я ее на-днях услышу.<note xml:id="note8" resp="volume_editor" index="false"> Комедия Островского «Праздничный сон — до обеда» напечатана в «Современнике» за 1857 г., № 2.</note> Дружининские критики здесь очень, очень нравятся; Аксаковым<note xml:id="note9" resp="volume_editor" index="false"> Старший сын С. Т. Аксакова — Константин Сергеевич (1817—1860), писатель, идеолог славянофильства (см. т. 47, стр. 313).</note> чрезвычайно. Его вступление в критику Писемского прекрасно.<note xml:id="note10" resp="volume_editor" index="false"> Статья А. В. Дружинина в «Библиотеке для чтения» 1857 г., 1, Критика, стр. 1—20: «Очерки из крестьянского быта А. Ф. Писемского. Спб. <hi style="opdelimiter">1856».</hi><hi style="opnumber">154</hi></note> Но какая постыдная дрянь Фуфлыгин.<note xml:id="note11" resp="volume_editor" index="false"> Толстой «Фуфлыгиным» назвал по главному действующему лицу повесть «Столичные родственники» Д. В. Григоровича. Была напечатана в №№ 1 и 2 «Библиотеки для чтения» за 1857 г.</note> Избави Бог, коли он угостит Совр[еменник] такою же. Тургенева в истории Каткова здесь все обвиняют за недоставление повести.<note xml:id="note12" resp="volume_editor" index="false"> И. С. Тургенев осенью 1856 г. обещал издателю «Русского вестника» М. Н. Каткову повесть «Призраки», в то время еще не написанную, и в скором времени после этого заключил с издателями «Современника» условие помещать свои произведения исключительно в их журнале, сохранив за собой право исполнить свое обещание по отношению к «Русскому вестнику».</note> Статья Григор[ьева] о Гранов[ском] занимает всех по-московски, т. е. выходят на арену и сражаются.<note xml:id="note13" resp="volume_editor" index="false"> Тимофей Николаевич Грановский (1813—1855) — профессор всеобщей истории Московского университета с 1839 г. до конца жизни. В 1840 и начале 1850-х гг. Грановский возглавлял группу московской интеллигенции, известную под названием западников.</note> Я почему-то сломал несколько копий за Гран[овского], и потому на меня кажется махнули рукой, как на испорченного Петерб[ургским] кружком. — Бобринской В. А. прибил Шевырева за славянофильской вопрос у Черткова, это факт. Шевырев лежит в постели,<note xml:id="note14" resp="volume_editor" index="false"> Речь идет о столкновении, происшедшем 14 января 1857 г. на вечернем заседании Совета Московского художественного общества на квартире А. Д. Черткова (вице-президента общества) между гусарским гвардейским офицером гр. В. А. Бобринским (1824—1898), позднее (1869—1870) бывшим министром путей сообщения, и профессором Московского университета С. П. Шевыревым. Поводом для столкновения было замечание Бобринского о грабительских инстинктах русских людей, о выносливости спины русского помещичьего крестьянина, благодаря чему самое русское имя становится противным. Шевырев говорил, что Бобринский унижает и позорит Россию. Столкновение это закончилось побоями, причем Шевырев пострадал настолько, что его на руках отнесли домой. Дело это получило огласку. Генерал-губернатор А. А. Закревский довел о нем до сведения Александра II, и оба виновника понесли наказание. Шевырев был уволен от должности профессора университета и выслан из Москвы (см. Н. П. Барсуков, «Жизнь и труды М. П. Погодина», т. 15, стр. 321—330; «Сборник Пушкинского дома на 1923 год», стр. 179—180).</note> и ему делают visites de condoléance.<note xml:id="note15" resp="volume_editor" index="false"> [визиты соболезнования.]</note> Прощайте, милый В[асилий] П[етрович], пожалуйста, будем переписываться. Дружинина и Анненк[ова] от души обнимаю. Ив[ану] Ив[ановичу]<note xml:id="note16" resp="volume_editor" index="false"> И. И. Панаев.</note> душевный поклон. Ваш. Гр. Л. Толстой.</p>
<p rend="left">20 Января.</p>
<p rend="left"><note xml:id="note17" resp="volume_editor" index="false"> Следующая приписка сделана вверху первой страницы.</note>Слышал комедию Остр[овского]. Мотивы все старые, воззрение мелкое. Правдиным оказывается иногород[ний] купец, но талантливо очень и отделано славно.<note xml:id="note18" resp="volume_editor" index="false"> «Иногородний купец» — действующее лицо комедии Островского «Праздничный сон — до обеда» Нил Борисович Неуеденов.</note></p>
<p rend="left emptyline"><hi style="opnumber">153</hi> <hi style="npnumber">154</hi></p>
<comments><p rend="Textpetit_otstup left">Впервые опубликовано в ТПТ, 4, стр. 9—11, с датой «20 января 1857 г.». Датируется содержанием: оно написано из Москвы перед первой поездкой Толстого за границу. Первая часть письма датирована Толстым 20 января, но приписка, судя по содержанию, сделана не в один день с письмом, так как в письме Толстой говорит, что он еще не видел комедии Островского («Праздничный сон — до обеда»), а в приписке сообщает, что уже «слышал комедию». Толстой 29 января выехал за границу, следовательно, комедию Островского он мог слышать между 20 и 29 января.</p>
<p rend="petit left">Василий Петрович Боткин (1811—1869) — писатель, старший сын крупного московского чаеторговца и один из основателей «Современника». Стоя на позициях «чистого искусства», Боткин относился весьма враждебно к писаниям Чернышевского и Добролюбова, вступившим в «Современник». С конца 1850-х гг. Боткин отошел от журнала и даже приветствовал его закрытие. Подробнее о нем см. в т. 47, стр. 323—324.</p>
<p rend="Textpetit_otstup left"><hi>1</hi> Толстой отправился за границу 29 января.</p>
<p rend="petit left"><hi>2</hi> Анненкову.</p>
<p rend="petit left"><hi>3</hi> См. т. 47, стр. 106.</p>
<p rend="petit left"><hi>4</hi> Статья Боткина «О стихотворениях А. А. Фета» напечатана в первой книги «Современника» за 1857 г. С ней Толстой ознакомился еще в Петербурге в декабре 1856 г., вероятно, по корректуре или по рукописи. См. запись Толстого в Дневнике под 17 декабря 1856 г. (т. 47, стр. 105).</p>
<p rend="petit left"><hi>5</hi> Немецкое Schwung — размах, устремление.</p>
<p rend="petit left"><hi>6</hi> Сергей Тимофеевич Аксаков (1791—1859) — писатель. Подробнее о нем см. т. 47, стр. 312—314. Критический отзыв о творчестве последнего периода С. Т. Аксакова дает Н. А. Добролюбов в своей статье «Жизнь помещика в старые годы» (Сочинения, т. I, Спб. 1911).</p>
<p rend="petit left"><hi>7</hi> «Доходное место» А. Н. Островского было напечатано в № 1 «Русской беседы» за 1857 г. Толстой сам еще не прочитал комедии, когда писал это письмо, и только через несколько дней, 25 января, отметил в Дневнике: «Остров[ского] Дох[одное] Место лучшее его произведение и удовлетворенная потребность выражения взяточного мира» (т. 47, стр. 112).</p>
<p rend="petit left"><hi>8</hi> Комедия Островского «Праздничный сон — до обеда» напечатана в «Современнике» за 1857 г., № 2.</p>
<p rend="petit left"><hi>9</hi> Старший сын С. Т. Аксакова — Константин Сергеевич (1817—1860), писатель, идеолог славянофильства (см. т. 47, стр. 313).</p>
<p rend="petit left">Младший его сын — Иван Сергеевич (1823—1886), публицист и поэт славянофильского направления, идеализировавший русский общественный строй во всех его проявлениях и реакционную официальную народность. С 1858 г. Аксаков редактировал славянофильскую «Русскую беседу», издавал газеты: «Парус» (1859), «День» (1861—1865) и «Москву» (1867—1868). Подробнее см. т. 47, стр. 313.</p>
<p rend="petit left">С Аксаковыми Толстой познакомился в январе 1856 г. и с тех пор, бывая в Москве в молодые годы, до женитьбы, поддерживал с ними постоянную связь, часто читал им новые свои произведения.</p>
<p rend="petit left"><hi>10</hi> Статья А. В. Дружинина в «Библиотеке для чтения» 1857 г., 1, Критика, стр. 1—20: «Очерки из крестьянского быта А. Ф. Писемского. Спб. <hi style="opdelimiter">1856».</hi><hi style="opnumber">154</hi></p>
<p rend="petit left"><hi>11</hi> Толстой «Фуфлыгиным» назвал по главному действующему лицу повесть «Столичные родственники» Д. В. Григоровича. Была напечатана в №№ 1 и 2 «Библиотеки для чтения» за 1857 г.</p>
<p rend="petit left"><hi>12</hi> И. С. Тургенев осенью 1856 г. обещал издателю «Русского вестника» М. Н. Каткову повесть «Призраки», в то время еще не написанную, и в скором времени после этого заключил с издателями «Современника» условие помещать свои произведения исключительно в их журнале, сохранив за собой право исполнить свое обещание по отношению к «Русскому вестнику».</p>
<p rend="petit left"><hi>13</hi> Тимофей Николаевич Грановский (1813—1855) — профессор всеобщей истории Московского университета с 1839 г. до конца жизни. В 1840 и начале 1850-х гг. Грановский возглавлял группу московской интеллигенции, известную под названием западников.</p>
<p rend="petit left"><hi>14</hi> Речь идет о столкновении, происшедшем 14 января 1857 г. на вечернем заседании Совета Московского художественного общества на квартире А. Д. Черткова (вице-президента общества) между гусарским гвардейским офицером гр. В. А. Бобринским (1824—1898), позднее (1869—1870) бывшим министром путей сообщения, и профессором Московского университета С. П. Шевыревым. Поводом для столкновения было замечание Бобринского о грабительских инстинктах русских людей, о выносливости спины русского помещичьего крестьянина, благодаря чему самое русское имя становится противным. Шевырев говорил, что Бобринский унижает и позорит Россию. Столкновение это закончилось побоями, причем Шевырев пострадал настолько, что его на руках отнесли домой. Дело это получило огласку. Генерал-губернатор А. А. Закревский довел о нем до сведения Александра II, и оба виновника понесли наказание. Шевырев был уволен от должности профессора университета и выслан из Москвы (см. Н. П. Барсуков, «Жизнь и труды М. П. Погодина», т. 15, стр. 321—330; «Сборник Пушкинского дома на 1923 год», стр. 179—180).</p>
<p rend="petit left">Александр Дмитриевич Чертков (1789—1858) — археолог и историк, бывший военный. После выхода в отставку жил постоянно в Москве. Был президентом Московского общества истории и древностей российских. Собиратель обширной библиотеки преимущественно по сочинениям о России и славянстве в историческом, археологическом, литературном и других отношениях на всех европейских языках и славянских наречиях. Помещенная по смерти владельца в доме его сына, Григория Александровича Черткова, библиотека, уже тогда под именем Чертковской, была открыта для общественного пользования. При библиотеке был основан и издавался в 1863—1873 гг. журнал «Русский архив», в котором напечатано из нее немало рукописей. В 1873 г. Чертковская библиотека была передана в ведение города и помещена при Румянцевском музее, а с открытием Исторического музея в Москве находится в нем.</p>
<p rend="petit left"><hi>15</hi> [визиты соболезнования.]</p>
<p rend="petit left"><hi>16</hi> И. И. Панаев.</p>
<p rend="petit left"><hi>17</hi> Следующая приписка сделана вверху первой страницы.</p>
<p rend="petit left"><hi>18</hi> «Иногородний купец» — действующее лицо комедии Островского «Праздничный сон — до обеда» Нил Борисович Неуеденов.</p>
<p rend="emptyline left"><hi style="opnumber">155</hi> <hi style="npnumber">156</hi></p>
</comments></div></body>
        </text>
        </TEI>