<?xml version="1.0" encoding="UTF-8"?>
    <!-- <?xml-stylesheet type="text/xsl" target="../resources/MJT/myletter.xsl"?> -->
    <?xml-stylesheet type="css" target="graves.css"?>
    <?xml-model target="http://www.tei-c.org/release/xml/tei/custom/schema/relaxng/tei_all.rng" type="application/xml" schematypens="http://relaxng.org/ns/structure/1.0"?>
    <?xml-model target="http://www.tei-c.org/release/xml/tei/custom/schema/relaxng/tei_all.rng" type="application/xml"
            schematypens="http://purl.oclc.org/dsdl/schematron"?>
    <TEI xmlns="http://www.tei-c.org/ns/1.0">
       <teiHeader>
          <fileDesc>
             <titleStmt>
                <title>Письмо №* 116. И. П. Борисову.</title>
             </titleStmt>
             <publicationStmt>
                <publisher>TolstoyLab</publisher>
                <date when="2015-09-14">14 September 2015</date>
             </publicationStmt>
             <sourceDesc>
                <biblStruct>
                   <analytic>
                      <author>Толстой Л.Н.</author>
                   </analytic>
                   <monogr>
                      <title level="m">Полное собрание сочинений. Том 61</title>
                      <imprint>
                         <pubPlace>Москва</pubPlace>
                         <publisher>Государственное издательство "Художественная литература"</publisher>
                         <date when="1953"/>
                      </imprint>
                   </monogr>
                   <series>
                      <title level="s">Л.Н. Толстой. Полное собрание сочинений</title>
                      <biblScope unit="vol">61</biblScope>
                   </series>
                </biblStruct>
             </sourceDesc>
          </fileDesc>
          <encodingDesc>
             <tagsDecl> </tagsDecl>
          </encodingDesc>
          <profileDesc>
             <correspDesc>
                <correspAction type="sending">
                   <persName ref="PersonList.xml#L_N_Tolstoy">Л. Н. Толстой</persName>
                   <placeName ref="PlacesListxml#PLACE">Никольское-Вяземское.</placeName>
                   <date when="1865-05-21">1865 г. Мая 21.</date>            </correspAction>
                <correspAction type="receiving">
                   <persName ref="PersonList.xml#RECEIVER">И. П. Борисову</persName>
                </correspAction>
                <correspContext>
                   <ref type="prev"></ref>
                </correspContext>
             </correspDesc>
          </profileDesc>
       </teiHeader>
       <xenoData><number type="in a volume">116</number></xenoData>

              <text xml:id="I__P__Borisovu_116">
	<body><div>
		<opener index="false">
* 116. И. П. Борисову.
1865 г. Мая 21. Никольское-Вяземское.
</opener>
<p rend="Obrashenie left">Здравствуйте, Иван Петрович!</p>
<p rend="left">Я третьего дня приехал в Никольское, но не воспользовался этим — повидаться с вами, потому что эти два дня был в <hi style="opdelimiter">делах</hi><hi style="opnumber">85</hi> <hi style="npnumber">86</hi><hi style="npdelimiter">и</hi> разъездах, завтра же думаю быть свободен. Как вы поживаете? Здоровы ли и дома ли вы? Что Фет? Отвечайте мне. Может быть, я завтра приеду к вам, а может быть, и нет. А может быть, вы приедете? Во всяком случае дружески жму руку.</p>
<p rend="right">Ваш Л. Толстой.</p>
<p rend="left">В июне мы собираемся всей семьей переехать в Никольское и пожить.</p>
<lb/>
<p rend="left"><hi>На четвертой странице:</hi></p>
<p rend="left">Его высокоблагородию</p>
<p rend="Obrashenie">Ивану Петровичу Борисову.</p>
<comments><p rend="Textpetit_otstup left">Датируется на основании слов письма: «Я третьего дня приехал в Никольское». В Никольское из Ясной Поляны Толстой приехал 19 мая. <ref target='file:///Volume_83_maya19_39.xml'>См. т. 83, письмо № 39</ref>.</p>
</comments></div></body>
        </text>
        </TEI>