<?xml version="1.0" encoding="UTF-8"?>
    <!-- <?xml-stylesheet type="text/xsl" target="../resources/MJT/myletter.xsl"?> -->
    <?xml-stylesheet type="css" target="graves.css"?>
    <?xml-model target="http://www.tei-c.org/release/xml/tei/custom/schema/relaxng/tei_all.rng" type="application/xml" schematypens="http://relaxng.org/ns/structure/1.0"?>
    <?xml-model target="http://www.tei-c.org/release/xml/tei/custom/schema/relaxng/tei_all.rng" type="application/xml"
            schematypens="http://purl.oclc.org/dsdl/schematron"?>
    <TEI xmlns="http://www.tei-c.org/ns/1.0">
       <teiHeader>
          <fileDesc>
             <titleStmt>
                <title>Письмо №* 321. A. A. Фету.</title>
             </titleStmt>
             <publicationStmt>
                <publisher>TolstoyLab</publisher>
                <date when="2015-09-14">14 September 2015</date>
             </publicationStmt>
             <sourceDesc>
                <biblStruct>
                   <analytic>
                      <author>Толстой Л.Н.</author>
                   </analytic>
                   <monogr>
                      <title level="m">Полное собрание сочинений. Том 61</title>
                      <imprint>
                         <pubPlace>Москва</pubPlace>
                         <publisher>Государственное издательство "Художественная литература"</publisher>
                         <date when="1953"/>
                      </imprint>
                   </monogr>
                   <series>
                      <title level="s">Л.Н. Толстой. Полное собрание сочинений</title>
                      <biblScope unit="vol">61</biblScope>
                   </series>
                </biblStruct>
				<bibl>Впервые опубликовано, с пропуском двух фраз и датой: «декабрь 1870 г.», в «Русском обозрении», 1890, 7, стр. 15—18. Датируется предположительно сопоставлением с письмом № 319 и с неопубликованным письмом И. П. Борисова к Фету от 17 января 1871 г.</bibl>
             </sourceDesc>
          </fileDesc>
          <encodingDesc>
             <tagsDecl> </tagsDecl>
          </encodingDesc>
          <profileDesc>
             <correspDesc>
                <correspAction type="sending">
                   <persName ref="PersonList.xml#L_N_Tolstoy">Л. Н. Толстой</persName>
                   <placeName ref="PlacesListxml#PLACE">Я. П.</placeName>
                   <date when="1871-01-01">1871 г. Января 1</date>            </correspAction>
                <correspAction type="receiving">
                   <persName ref="PersonList.xml#RECEIVER">A. A. Фету</persName>
                </correspAction>
                <correspContext>
                   <ref type="prev"></ref>
                </correspContext>
             </correspDesc>
          </profileDesc>
       </teiHeader>
       <xenoData><number type="in a volume">321</number></xenoData>

              <text xml:id="A__A__Fetu_321">
	<body><div>
		<opener index="false">
* 321. A. A. Фету.
1871 г. Января 1…6? Я. П.</opener>
<p rend="left">Получил ваше письмо<note xml:id="note1" resp="volume_editor" index="false"> Письмо неизвестно.</note> уже с неделю, но не отвечал, потому что с утра до ночи учусь по-гречески. — Письмо с стихами хорошими, не прекрасными, потому что мотив слишком случайный, и картина воображаемого недостаточно ясна. Радуюсь же тому, что вы пишете твердо и легко, и жду еще.</p>
<p rend="left">Я ничего не пишу, а только учусь. И, судя по сведеньям, дошедшим до меня от Борисова, ваша кожа, отдаваемая на пергамент для моего диплома греческого — находится в опасности. Невероятно и ни на что не похоже, но я прочел Ксенофонта и теперь à livre ouvert читаю его. Для Гомера же нужен только лексикон и немного напряжения.</p>
<p rend="left">Жду с нетерпением случая показать кому-нибудь этот фокус. Но как я счастлив, что на меня бог наслал эту дурь. Во-первых, я наслаждаюсь, во-вторых, убедился, что из всего истинно прекрасного и простого прекрасного, что произвело слово человеческое, я до сих пор ничего не знал, как и все (исключая профес[соров], к[оторые], хоть и знают, не понимают), в-третьих, тому, что я не пишу и писать дребедени многословной вроде Войн[ы] я больше никогда не стану. И виноват и ей-богу никогда не буду.</p>
<p rend="left">Ради бога объясните мне, почему никто не знает басен Эзопа,<note xml:id="note2" resp="volume_editor" index="false"> В «Азбуке», составленной впоследствии Толстым, много места уделено басням древнегреческого баснописца Эзопа.</note> ни даже прелестного Ксенофонта, не говорю уже о Платоне, Гомере, кот[орые] мне предстоят. Сколько я теперь уж могу судить, Гомер только изгажен нашими, взятыми с немецкого образца, переводами. Пошлое, но невольное сравнение — отварная и дистиллированная теплая вода и вода из <hi style="opdelimiter">ключа,</hi><hi style="opnumber">247</hi> <hi style="npnumber">248</hi><hi style="npdelimiter">ломящая</hi> зубы — с блеском и солнцем и даже со щепками и соринками, от которых она еще чище и свежее. Все эти Фосы<note xml:id="note3" resp="volume_editor" index="false"> Иоган Фридрих Фосс (1751—1826) — немецкий поэт и переводчик, главным образом античных писателей.</note> и Жуковские<note xml:id="note4" resp="volume_editor" index="false"> Василий Андреевич Жуковский (1783—1852). В 1849 г. перевел с немецкого «Одиссею».</note> поют каким-то медово-паточным, горловым подлым и подлизывающимся голосом, а тот чорт и поет, и орет во всю грудь, и никогда ему в голову не приходило, что кто-нибудь его будет слушать.</p>
<p rend="left">Можете торжествовать — без знания греческого нет образования. Но какое знание? Как его приобретать? Для чего оно нужно? На это у меня есть ясные, как день, доводы. —</p>
<p rend="left">Вы не пишете ничего о Мар[ье] Петр[овне]. Из чего с радостью заключаем, что ее выздоровленье хорошо подвигается. Мои все здоровы и вам кланяются.</p>
<p rend="right">Ваш Л. Толстой.</p>
<comments><p rend="Textpetit_otstup left">Впервые опубликовано, с пропуском двух фраз и датой: «декабрь 1870 г.», в «Русском обозрении», 1890, 7, стр. 15—18. Датируется предположительно сопоставлением с письмом № 319 и с неопубликованным письмом И. П. Борисова к Фету от 17 января 1871 г.</p>
<p rend="Textpetit_otstup left"><hi>1</hi> Письмо неизвестно.</p>
<p rend="petit left"><hi>2</hi> В «Азбуке», составленной впоследствии Толстым, много места уделено басням древнегреческого баснописца Эзопа.</p>
<p rend="petit left"><hi>3</hi> Иоган Фридрих Фосс (1751—1826) — немецкий поэт и переводчик, главным образом античных писателей.</p>
<p rend="petit left"><hi>4</hi> Василий Андреевич Жуковский (1783—1852). В 1849 г. перевел с немецкого «Одиссею».</p>
</comments></div></body>
        </text>
        </TEI>