<?xml version="1.0" encoding="UTF-8"?>
    <!-- <?xml-stylesheet type="text/xsl" target="../resources/MJT/myletter.xsl"?> -->
    <?xml-stylesheet type="css" target="graves.css"?>
    <?xml-model target="http://www.tei-c.org/release/xml/tei/custom/schema/relaxng/tei_all.rng" type="application/xml" schematypens="http://relaxng.org/ns/structure/1.0"?>
    <?xml-model target="http://www.tei-c.org/release/xml/tei/custom/schema/relaxng/tei_all.rng" type="application/xml"
            schematypens="http://purl.oclc.org/dsdl/schematron"?>
    <TEI xmlns="http://www.tei-c.org/ns/1.0">
       <teiHeader>
          <fileDesc>
             <titleStmt>
                <title>Письмо №283. А. А. Толстой.</title>
             </titleStmt>
             <publicationStmt>
                <publisher>TolstoyLab</publisher>
                <date when="2015-09-14">14 September 2015</date>
             </publicationStmt>
             <sourceDesc>
                <biblStruct>
                   <analytic>
                      <author>Толстой Л.Н.</author>
                   </analytic>
                   <monogr>
                      <title level="m">Полное собрание сочинений. Том 61</title>
                      <imprint>
                         <pubPlace>Москва</pubPlace>
                         <publisher>Государственное издательство "Художественная литература"</publisher>
                         <date when="1953"/>
                      </imprint>
                   </monogr>
                   <series>
                      <title level="s">Л.Н. Толстой. Полное собрание сочинений</title>
                      <biblScope unit="vol">61</biblScope>
                   </series>
                </biblStruct>
				<bibl>Печатается по тексту, опубликованному в ПТ, № 181. Местонахождение автографа неизвестно. Датируется по ответному письму А. А. Толстой от 16 мая 1869 г. (ПТ, № 69).</bibl>
             </sourceDesc>
          </fileDesc>
          <encodingDesc>
             <tagsDecl> </tagsDecl>
          </encodingDesc>
          <profileDesc>
             <correspDesc>
                <correspAction type="sending">
                   <persName ref="PersonList.xml#L_N_Tolstoy">Л. Н. Толстой</persName>
                   <placeName ref="PlacesListxml#PLACE">Я. П.</placeName>
                   <date when="1869-05-10">1869 г. Мая 10?</date>            </correspAction>
                <correspAction type="receiving">
                   <persName ref="PersonList.xml#RECEIVER">А. А. Толстой</persName>
                </correspAction>
                <correspContext>
                   <ref type="prev"></ref>
                </correspContext>
             </correspDesc>
          </profileDesc>
       </teiHeader>
       <xenoData><number type="in a volume">283</number></xenoData>

              <text xml:id="A__A__Tolstoj_283">
	<body><div>
		<opener index="false">
283. А. А. Толстой.
1869 г. Мая 10? Я. П.</opener>
<p rend="left">Я тоже слышал про пропадающие письма из Петербурга и потому спешу уведомить вас, что я только нынче получил вашу записку и бумагу,<note xml:id="note1" resp="volume_editor" index="false"> Бумага об усыновлении детей С. Н. Толстого. <ref target='file:///Volume_61_A__A__Tolstoj_258.xml'>См. письмо № 258</ref>.</note> за которые очень, очень благодарю <hi style="opdelimiter">вас.</hi><hi style="opnumber">215</hi></p>
<p rend="left"><hi style="npnumber">216</hi><hi style="npdelimiter">Но</hi> за письмо ваше первое<note xml:id="note2" resp="volume_editor" index="false"> Письмо от 25—26 апреля 1869 г., о котором А. А. Толстая писала 16 мая 1869 г., что это «было не письмо, а целая брошюрка — два или три мелко исписанных листа» — «одно из тех писем, которое нельзя написать два раза, потому что это был задушевный разговор за несколько лет молчания и отчуждения».</note> — наверно, хорошее письмо, которое мне доставило бы такую радость, я готов задушить того, кто виною того, что оно не дошло ко мне. Я не сомневался в том, что вы сделаете, что можете, но беспокоился и удивлялся. Я очень занят в эту минуту и потому не пишу больше. Целую вашу руку. Бог даст, до свиданья.</p>
<p rend="right">Ваш Л. Толстой.</p>
<comments><p rend="Textpetit_otstup left">Печатается по тексту, опубликованному в ПТ, № 181. Местонахождение автографа неизвестно. Датируется по ответному письму А. А. Толстой от 16 мая 1869 г. (ПТ, № 69).</p>
<p rend="Textpetit_otstup left"><hi>1</hi> Бумага об усыновлении детей С. Н. Толстого. <ref target='file:///Volume_61_A__A__Tolstoj_258.xml'>См. письмо № 258</ref>.</p>
<p rend="petit left"><hi>2</hi> Письмо от 25—26 апреля 1869 г., о котором А. А. Толстая писала 16 мая 1869 г., что это «было не письмо, а целая брошюрка — два или три мелко исписанных листа» — «одно из тех писем, которое нельзя написать два раза, потому что это был задушевный разговор за несколько лет молчания и отчуждения».</p>
</comments></div></body>
        </text>
        </TEI>