<?xml version="1.0" encoding="UTF-8"?>
    <!-- <?xml-stylesheet type="text/xsl" target="../resources/MJT/myletter.xsl"?> -->
    <?xml-stylesheet type="css" target="graves.css"?>
    <?xml-model target="http://www.tei-c.org/release/xml/tei/custom/schema/relaxng/tei_all.rng" type="application/xml" schematypens="http://relaxng.org/ns/structure/1.0"?>
    <?xml-model target="http://www.tei-c.org/release/xml/tei/custom/schema/relaxng/tei_all.rng" type="application/xml"
            schematypens="http://purl.oclc.org/dsdl/schematron"?>
    <TEI xmlns="http://www.tei-c.org/ns/1.0">
       <teiHeader>
          <fileDesc>
             <titleStmt>
                <title>Письмо №* 387. Н. Н. Страхову.</title>
             </titleStmt>
             <publicationStmt>
                <publisher>TolstoyLab</publisher>
                <date when="2015-09-14">14 September 2015</date>
             </publicationStmt>
             <sourceDesc>
                <biblStruct>
                   <analytic>
                      <author>Толстой Л.Н.</author>
                   </analytic>
                   <monogr>
                      <title level="m">Полное собрание сочинений. Том 61</title>
                      <imprint>
                         <pubPlace>Москва</pubPlace>
                         <publisher>Государственное издательство "Художественная литература"</publisher>
                         <date when="1953"/>
                      </imprint>
                   </monogr>
                   <series>
                      <title level="s">Л.Н. Толстой. Полное собрание сочинений</title>
                      <biblScope unit="vol">61</biblScope>
                   </series>
                </biblStruct>
             </sourceDesc>
          </fileDesc>
          <encodingDesc>
             <tagsDecl> </tagsDecl>
          </encodingDesc>
          <profileDesc>
             <correspDesc>
                <correspAction type="sending">
                   <persName ref="PersonList.xml#L_N_Tolstoy">Л. Н. Толстой</persName>
                   <placeName ref="PlacesListxml#PLACE">Пароход.</placeName>
                   <date when="1872-07-10">1872 г. Июля 10.</date>            </correspAction>
                <correspAction type="receiving">
                   <persName ref="PersonList.xml#RECEIVER">Н. Н. Страхову</persName>
                </correspAction>
                <correspContext>
                   <ref type="prev">Ответ на неизвестные письма H. Н. Страхова.</ref>
                </correspContext>
             </correspDesc>
          </profileDesc>
       </teiHeader>
       <xenoData><number type="in a volume">387</number></xenoData>

              <text xml:id="H__N__Straxovu_387">
	<body><div>
		<opener index="false">
* 387. Н. Н. Страхову.
1872 г. Июля 10. Пароход.</opener>
<p rend="left">Пишу с парохода ответ на ваши последние два письма, полученные в Москве (из Ясной). 1) Экземпляров 3600. 2) Нумерация отдельно и 4 книги отдельно. 3) Бумагой, я боюсь, что затруднил вас, но я так был рад, что выручил от Риса хотя <hi>2</hi>/<sub>3</sub> бумаги. Надеюсь, что вы найдете в Петербурге такую же. Если же нет, то это будет мое дело прислать из Москвы. Всего пришлется теперь 100 стоп. Надеюсь, что до начала августа будет достаточно. —</p>
<p rend="left">4) Я еще не успел написать жене, чтобы она выслала вам 3-ю книгу, но напишу с первой почтой.<note xml:id="note2" resp="volume_editor" index="false"> Письмо неизвестно.</note> —</p>
<p rend="left">5) Если вы только беретесь за славянское, то я уже спокоен, что <hi>будет сделано</hi> лучше, чем бы мог я.</p>
<p rend="right">Ваш Л. Толстой.</p>
<p rend="left">Если нужны будут деньги, обращайтесь к жене (Софья Андревна).<note xml:id="note3" resp="volume_editor" index="false"> H. Н. Страхов еще до получения письма Толстого сначала телеграммой, а потом письмом к С. А. Толстой просил выслать деньги. 14 июля С. А. Толстая ему ответила и выслала 200 рублей.</note></p>
<lb/>
<p rend="left"><hi>На обратной стороне открытки:</hi></p>
<p rend="left">В Петербург. Его высокоблагородию Николаю Николаевичу Страхову. У Певческого моста, дом Калугина, квартира № 28. Пароход 10 июля 1872 г.</p>
<comments><p rend="Textpetit_otstup left">Ответ на неизвестные письма H. Н. Страхова.</p>
<p rend="Textpetit_otstup left"><hi>1</hi> Письмо неизвестно.</p>
<p rend="petit left"><hi>2</hi> H. Н. Страхов еще до получения письма Толстого сначала телеграммой, а потом письмом к С. А. Толстой просил выслать деньги. 14 июля С. А. Толстая ему ответила и выслала 200 рублей.</p>
</comments></div></body>
        </text>
        </TEI>