<?xml version="1.0" encoding="UTF-8"?>
    <!-- <?xml-stylesheet type="text/xsl" target="../resources/MJT/myletter.xsl"?> -->
    <?xml-stylesheet type="css" target="graves.css"?>
    <?xml-model target="http://www.tei-c.org/release/xml/tei/custom/schema/relaxng/tei_all.rng" type="application/xml" schematypens="http://relaxng.org/ns/structure/1.0"?>
    <?xml-model target="http://www.tei-c.org/release/xml/tei/custom/schema/relaxng/tei_all.rng" type="application/xml"
            schematypens="http://purl.oclc.org/dsdl/schematron"?>
    <TEI xmlns="http://www.tei-c.org/ns/1.0">
       <teiHeader>
          <fileDesc>
             <titleStmt>
                <title>Письмо №376. H. Н. Страхову.</title>
             </titleStmt>
             <publicationStmt>
                <publisher>TolstoyLab</publisher>
                <date when="2015-09-14">14 September 2015</date>
             </publicationStmt>
             <sourceDesc>
                <biblStruct>
                   <analytic>
                      <author>Толстой Л.Н.</author>
                   </analytic>
                   <monogr>
                      <title level="m">Полное собрание сочинений. Том 61</title>
                      <imprint>
                         <pubPlace>Москва</pubPlace>
                         <publisher>Государственное издательство "Художественная литература"</publisher>
                         <date when="1953"/>
                      </imprint>
                   </monogr>
                   <series>
                      <title level="s">Л.Н. Толстой. Полное собрание сочинений</title>
                      <biblScope unit="vol">61</biblScope>
                   </series>
                </biblStruct>
             </sourceDesc>
          </fileDesc>
          <encodingDesc>
             <tagsDecl> </tagsDecl>
          </encodingDesc>
          <profileDesc>
             <correspDesc>
                <correspAction type="sending">
                   <persName ref="PersonList.xml#L_N_Tolstoy">Л. Н. Толстой</persName>
                   <placeName ref="PlacesListxml#PLACE">Я. П.</placeName>
                   <date when="1872-05-19">1872 г. Мая 19.</date>            </correspAction>
                <correspAction type="receiving">
                   <persName ref="PersonList.xml#RECEIVER">H. Н. Страхову</persName>
                </correspAction>
                <correspContext>
                   <ref type="prev"></ref>
                </correspContext>
             </correspDesc>
          </profileDesc>
       </teiHeader>
       <xenoData><number type="in a volume">376</number></xenoData>

              <text xml:id="H__N__Straxovu_376">
	<body><div>
		<opener index="false">
376. H. Н. Страхову.
1872 г. Мая 19. Я. П.
</opener>
<p rend="Obrashenie left">Любезный Николай Николаевич!</p>
<p rend="left">Великая к вам просьба. Хочется сделать кучу предисловий о том, как мне совестно и т. д., но дело само за себя скажет. Если вам возможно и вы хотите мне сделать большое добро, вы сделаете. Вот в чем дело. Я давно кончил свою Азбуку, отдал печатать, и в 4 месяца печатание не только не кончилось, <hi style="opdelimiter">не</hi><hi style="opnumber">287</hi> <hi style="npnumber">288</hi><hi style="npdelimiter">началось</hi> и, видно, никогда не кончится.<note xml:id="note1" resp="volume_editor" index="false"> К маю месяцу в типографии Риса было набрано 7 листов (см. письма №№ 377 и 381).</note> Зимою я всегда зарабатываюсь и летом кое-как оправляюсь, если не работаю. Теперь же коректуры, ожидание, вранье, поправки типографские и свои измучали меня и обещают мучить всё лето. Я вздумал теперь взять это от Риса и печатать в Петербурге, где, говорят, больше типографий и они лучше. Возьметесь ли вы наблюдать за этой работой, т. е. приискать человека, к[оторый] держал бы черновые коректуры за известную плату, и сами держать последние коректуры (тоже за вознаграждение). Только вам я бы мог поручить эту работу так, чтобы самому уже не видать ее. Вознаграждение вы определите сами такое, к[оторое] бы равнялось тому, что вы зарабатываете в хорошее время. Время, когда печатать, вы определите сами. Для меня чем скорее, тем лучше. Листов печатных будет около 50-ти.<note xml:id="note2" resp="volume_editor" index="false"> Окончательный текст «Азбуки» составил сорок семь с половиной листов.</note> Если вы согласитесь, то сделаете [для] меня такое одолжение, значения которого не могу вам описать. —</p>
<p rend="left">Умственная душевная работа моя по этому делу кончилась, но пока это не напечатано, я не могу спокойно взяться за другое дело, и оттого это мучает, томит меня. Благодарю вас очень за коректуру статьи. Она мне не понравилась в печати,<note xml:id="note3" resp="volume_editor" index="false"> Позднее Толстой относился к своему рассказу «Кавказский пленник» с бóльшим одобрением. Так, Г. А. Русанов в своих «Воспоминаниях» рассказывает, что на вопрос, в каком возрасте можно дать читать детям «Детство», Толстой ответил, что «ни в каком», и тут же прибавил, особенно оживившись: «Вот «Кавказский пленник», Жилин и Костылин — вот это я люблю. Это дело другое. «Кавказский пленник» можно дать детям, и они любят его. Хотя это могло бы быть и лучше... Язык можно было бы <hi style="opdelimiter">сгладить</hi><hi style="opnumber">288</hi> <hi style="npnumber">289</hi><hi style="npdelimiter">несколько,</hi> некоторые резкие народные выражения заменить другими, но уж я этого не могу. Я всегда пишу так» («Толстовский ежегодник 1912 г.», стр. 61).</note> и я жалею, что напечатал и ту и другую.<note xml:id="note4" resp="volume_editor" index="false"> «Кавказский пленник» и «Бог правду видит, да не скоро скажет».</note> И забавно то, что ни тот, ни другой журнал не платят мне денег.</p>
<p rend="left">Выгода та, что уж впредь, наверно, никогда не отвечу ни на одно редакторское письмо. Не будете ли проезжать опять мимо Ясной? И нет ли надежды опять увидать вас? Хорошо бы было.</p>
<p rend="right">Ваш Л.Толстой.</p>
<p rend="left">19 мая.</p>
<comments><p rend="Textpetit_otstup left">На автографе пометка Страхова: «19 мая 1872 г.». Впервые опубликовано в Б, II, стр. 116—117.</p>
<p rend="Textpetit_otstup left"><hi>1</hi> К маю месяцу в типографии Риса было набрано 7 листов (см. письма №№ 377 и 381).</p>
<p rend="petit left"><hi>2</hi> Окончательный текст «Азбуки» составил сорок семь с половиной листов.</p>
<p rend="petit left"><hi>3</hi> Позднее Толстой относился к своему рассказу «Кавказский пленник» с бóльшим одобрением. Так, Г. А. Русанов в своих «Воспоминаниях» рассказывает, что на вопрос, в каком возрасте можно дать читать детям «Детство», Толстой ответил, что «ни в каком», и тут же прибавил, особенно оживившись: «Вот «Кавказский пленник», Жилин и Костылин — вот это я люблю. Это дело другое. «Кавказский пленник» можно дать детям, и они любят его. Хотя это могло бы быть и лучше... Язык можно было бы <hi style="opdelimiter">сгладить</hi><hi style="opnumber">288</hi> <hi style="npnumber">289</hi><hi style="npdelimiter">несколько,</hi> некоторые резкие народные выражения заменить другими, но уж я этого не могу. Я всегда пишу так» («Толстовский ежегодник 1912 г.», стр. 61).</p>
<p rend="petit left"><hi>4</hi> «Кавказский пленник» и «Бог правду видит, да не скоро скажет».</p>
</comments></div></body>
        </text>
        </TEI>