<?xml version="1.0" encoding="UTF-8"?>
    <!-- <?xml-stylesheet type="text/xsl" target="../resources/MJT/myletter.xsl"?> -->
    <?xml-stylesheet type="css" target="graves.css"?>
    <?xml-model target="http://www.tei-c.org/release/xml/tei/custom/schema/relaxng/tei_all.rng" type="application/xml" schematypens="http://relaxng.org/ns/structure/1.0"?>
    <?xml-model target="http://www.tei-c.org/release/xml/tei/custom/schema/relaxng/tei_all.rng" type="application/xml"
            schematypens="http://purl.oclc.org/dsdl/schematron"?>
    <TEI xmlns="http://www.tei-c.org/ns/1.0">
       <teiHeader>
          <fileDesc>
             <titleStmt>
                <title>Письмо №141. Гр. А. А. Толстой.</title>
             </titleStmt>
             <publicationStmt>
                <publisher>TolstoyLab</publisher>
                <date when="2015-09-14">14 September 2015</date>
             </publicationStmt>
             <sourceDesc>
                <biblStruct>
                   <analytic>
                      <author>Толстой Л.Н.</author>
                   </analytic>
                   <monogr>
                      <title level="m">Полное собрание сочинений. Том 60</title>
                      <imprint>
                         <pubPlace>Москва</pubPlace>
                         <publisher>Государственное издательство "Художественная литература"</publisher>
                         <date when="1949"/>
                      </imprint>
                   </monogr>
                   <series>
                      <title level="s">Л.Н. Толстой. Полное собрание сочинений</title>
                      <biblScope unit="vol">60</biblScope>
                   </series>
                </biblStruct>
				<bibl>Впервые опубликовано в ПТ, № 26.</bibl>
             </sourceDesc>
          </fileDesc>
          <encodingDesc>
             <tagsDecl> </tagsDecl>
          </encodingDesc>
          <profileDesc>
             <correspDesc>
                <correspAction type="sending">
                   <persName ref="PersonList.xml#L_N_Tolstoy">Л. Н. Толстой</persName>
                   <placeName ref="PlacesListxml#PLACE">Я. П.</placeName>
                   <date when="1859-06-12">1859 г. Июня 12.</date>            </correspAction>
                <correspAction type="receiving">
                   <persName ref="PersonList.xml#RECEIVER">Гр. А. А. Толстой</persName>
                </correspAction>
                <correspContext>
                   <ref type="prev"></ref>
                </correspContext>
             </correspDesc>
          </profileDesc>
       </teiHeader>
       <xenoData><number type="in a volume">141</number></xenoData>

              <text xml:id="gr.A.A.Tolstoj_141">
	<body><div>
		<opener index="false">
141. Гр. А. А. Толстой.
1859 г. Июня 12. Я. П.</opener>
<p rend="left">Как я рад и благодарен был за ваше письмо,<note xml:id="note1" resp="volume_editor" index="false"> Письмо А. А. Толстой неизвестно.</note> милый друг бабушка, а недели две не писал именно от того, что был рад, и скверный эгоист успокоился. Чего же еще надо? — Еще и то, что я знаю, вы теперь так далеко, это мне немного грустно. — Знаете, какое чувство возбуждают во мне ваши письма (некоторые, как последние, в которых вы обращаете меня), как будто я ребенок больной и неумеющий говорить, и я болен, у меня болит грудь, вы меня жалеете, любите, хотите помочь и примачиваете бальзамом и гладите мне голову. Я вам благодарен, мне хочется плакать и цаловать ваши руки за вашу любовь и ласку и участье; но у меня не тут болит, и сказать я не умею и не могу вам. —</p>
<p rend="left">Я всё живу в деревне, в Троицу не пошел от дел, которые, как ни противны мне, совсем овладели мной. Вы приняли слишком au pied de lettre<note xml:id="note2" resp="volume_editor" index="false"> [буквально]</note> то, что я разоряюсь. Я не могу разориться, потому что один, и умею (с гордостью говорю) сам заработать свой хлеб. Я забавляюсь или, скорей, стараюсь отуманиться, забыться в занятиях делами, хлебопашеством, которое, хотя я и люблю, и не умею, не довольно сух, чтобы вести выгодно. — Ежели бы вы были в России, я бы вам прислал «Scenes of clerical life» Elliot’a; но теперь только прошу прочесть, особенно «Janet’s repentance».<note xml:id="note3" resp="volume_editor" index="false"> «Scenes of clerical life» («Сцены из жизни духовенства») — название серии из трех повестей, куда входит «Janet’s repentance» («Раскаяние Джанет») — английской писательницы Марии-Анны Эванс, выступавшей в печати под псевдонимом Джордж Элиот (1820—1880).</note> Счастливы люди, которые, как англичане, с молоком всасывают христианское ученье, и в такой высокой, очищенной форме, как евангелический протестантизм. — Вот и нравственная и религиозная книга, но которая мне очень понравилась и сделала сильное впечатление, — <hi>сильное</hi> — солгал: ничто уж на меня не производит сильного впечатления — засох. — Ежели вам свободно и не скучно, напишите мне о себе, где вы? Как устроились? Какие <hi style="opdelimiter">новые</hi><hi style="opnumber">300</hi> <hi style="npnumber">301</hi><hi style="npdelimiter">и</hi> сильные впечатления? Вы способны и всегда будете способны их чувствовать, только это не от того, от чего вы думаете, а от того, что вам Бог дал такую натуру, которой я, по крайней [мере], не встречал другой. — Прощайте, добрая, милая помощница и просветительница, пожалуйста, еще и еще погладьте меня по голове, потрите бальзамом, хоть не тут болит, но очень хорошо мне от этого. —</p>
<p rend="right">Л. Толстой.</p>
<p rend="left">12 Июня. — Дни убавляются с нынешнего дня. А для меня без пользы и без счастья уж сколько убавилось дней, и всё еще и еще убавляются, а всё кажется, что на что-то можно бы их употребить. —</p>
<comments><p rend="Textpetit_otstup left">Впервые опубликовано в ПТ, № 26.</p>
<p rend="Textpetit_otstup left"><hi>1</hi> Письмо А. А. Толстой неизвестно.</p>
<p rend="petit left"><hi>2</hi> [буквально]</p>
<p rend="petit left"><hi>3</hi> «Scenes of clerical life» («Сцены из жизни духовенства») — название серии из трех повестей, куда входит «Janet’s repentance» («Раскаяние Джанет») — английской писательницы Марии-Анны Эванс, выступавшей в печати под псевдонимом Джордж Элиот (1820—1880).</p>
</comments></div></body>
        </text>
        </TEI>