<?xml version="1.0" encoding="UTF-8"?>
    <!-- <?xml-stylesheet type="text/xsl" target="../resources/MJT/myletter.xsl"?> -->
    <?xml-stylesheet type="css" target="graves.css"?>
    <?xml-model target="http://www.tei-c.org/release/xml/tei/custom/schema/relaxng/tei_all.rng" type="application/xml" schematypens="http://relaxng.org/ns/structure/1.0"?>
    <?xml-model target="http://www.tei-c.org/release/xml/tei/custom/schema/relaxng/tei_all.rng" type="application/xml"
            schematypens="http://purl.oclc.org/dsdl/schematron"?>
    <TEI xmlns="http://www.tei-c.org/ns/1.0">
       <teiHeader>
          <fileDesc>
             <titleStmt>
                <title>Письмо №* 28. Неизвестной. Черновое.</title>
             </titleStmt>
             <publicationStmt>
                <publisher>TolstoyLab</publisher>
                <date when="2015-09-14">14 September 2015</date>
             </publicationStmt>
             <sourceDesc>
                <biblStruct>
                   <analytic>
                      <author>Толстой Л.Н.</author>
                   </analytic>
                   <monogr>
                      <title level="m">Полное собрание сочинений. Том 59</title>
                      <imprint>
                         <pubPlace>Москва</pubPlace>
                         <publisher>Государственное издательство "Художественная литература"</publisher>
                         <date when="1935"/>
                      </imprint>
                   </monogr>
                   <series>
                      <title level="s">Л.Н. Толстой. Полное собрание сочинений</title>
                      <biblScope unit="vol">59</biblScope>
                   </series>
                </biblStruct>
				<bibl>Печатается по автографу, хранящемуся в АТБ. Публикуется впервые. Письмо датируется почерком и содержанием. Почерк конца 1840-ых — начала 1850-ых гг. Из содержания письма видно, что оно написано после 25 сентября и не позднее ноября. Год письма определяется записью о пожаре в Ясной поляне в дневнике под 8 декабря 1850 г. (см. т. 46, стр. 38).</bibl>
             </sourceDesc>
          </fileDesc>
          <encodingDesc>
             <tagsDecl> </tagsDecl>
          </encodingDesc>
          <profileDesc>
             <correspDesc>
                <correspAction type="draft">
                   <persName ref="PersonList.xml#L_N_Tolstoy">Л. Н. Толстой</persName>
                   <placeName ref="PlacesListxml#PLACE">Ясная поляна.</placeName>
                   <date when="1850-10">1850 г. Октябрь</date>            </correspAction>
                <correspAction type="receiving">
                   <persName ref="PersonList.xml#RECEIVER">Неизвестной. Черновое</persName>
                </correspAction>
                <correspContext>
                   <ref type="prev"></ref>
                </correspContext>
             </correspDesc>
          </profileDesc>
       </teiHeader>
       <xenoData><number type="in a volume">28</number></xenoData>

              <text xml:id="Neizvestnoj.CHernovoe_28">
	<body><div>
		<opener index="false">
* 28. Неизвестной. Черновое.
1850 г. Октябрь... ноябрь. Ясная поляна.
</opener>
<p rend="Obrashenie left">Madame</p>
<p rend="left">Votre aimable lettre quoique du 12 Septembre ne m’est parvenue que le 25, presumant que ma reponse irait tout aussi longtems, j’ai pris le parti de Vous repondre à Moscou. Je n’aurai dans aucun cas tardé à me rendre à votre aimable invitation, dont je suis on ne peut plus sensible et qui était tout à fait conforme à mon desir bien sincère de vous voir, si mon frère Dmitri m’avait dit &lt;dans quelle terre&gt;, où vous comptez passer ces quelques mois &lt;est à  &gt; où quelque autre part, j’ai même envoyé pour prendre des informations à ce sujet, mais on n’a pu rien me dire de certain; ce n’est donc que par votre lettre que j’ai appris que c’était à votre terre d’Алексинъ,<note xml:id="note1" resp="volume_editor" index="false"> Алексин — уездный город Тульской губернии.</note> très proche de chez moi — que vous m’attendiez. J’était prêt à partir, quand la veille de mon depart un terrible incendie dans mon village me priva par dessus toute les autres &lt;desagréments&gt; choses du plaisir que j’attendais de ma visite chez vous. Mais ce qui est retardé n’est pas perdu, je vous ferez cette visite à Moscou, où je compte passer les premiers jours de décembre.</p>
<p rend="Obrashenie petit left">Милостивая государыня,</p>
<p rend="petit left">ваше любезное письмо, хотя оно и от 12 сентября, дошло до меня только 25-го. Предполагая, что мой ответ пойдет так же долго, я решил ответить вам в <hi style="opdelimiter">Москву.</hi><hi style="opnumber">57</hi></p>
<p rend="petit left"><hi style="npnumber">58</hi><hi style="npdelimiter">Я</hi> ни в коем случае не замедлил бы явиться на ваше любезное приглашение, как нельзя более меня тронувшее, и вполне отвечавшее моему самому искреннему желанию вас видеть, если бы мой брат Дмитрий мне сказал, где вы рассчитываете провести эти несколько месяцев или в другом месте. Я даже посылал в справиться об этом, но мне ничего определенного не могли сказать. Таким образом, только из вашего письма узнал я, что вы ждали меня в столь близком от меня вашем Алексинском имении.</p>
<p rend="petit left">Я уже должен был выехать, когда накануне моего отъезда ужасный пожар в моей деревне лишил меня, кроме всего прочего, удовольствия, которое я ожидал от моей поездки к вам. Но то, что отложено, не потеряно; я побываю у вас в Москве, где я рассчитываю провести первые дни декабря.</p>
<comments><p rend="Textpetit_otstup left">Печатается по автографу, хранящемуся в АТБ. Публикуется впервые. Письмо датируется почерком и содержанием. Почерк конца 1840-ых — начала 1850-ых гг. Из содержания письма видно, что оно написано после 25 сентября и не позднее ноября. Год письма определяется записью о пожаре в Ясной поляне в дневнике под 8 декабря 1850 г. (см. т. 46, стр. 38).</p>
<p rend="petit left">Определить лицо, к которому адресовано письмо, не представляется возможным.</p>
<p rend="Textpetit_otstup left"><hi>1</hi> Алексин — уездный город Тульской губернии.</p>
</comments></div></body>
        </text>
        </TEI>