<?xml version="1.0" encoding="UTF-8"?>
    <!-- <?xml-stylesheet type="text/xsl" target="../resources/MJT/myletter.xsl"?> -->
    <?xml-stylesheet type="css" target="graves.css"?>
    <?xml-model target="http://www.tei-c.org/release/xml/tei/custom/schema/relaxng/tei_all.rng" type="application/xml" schematypens="http://relaxng.org/ns/structure/1.0"?>
    <?xml-model target="http://www.tei-c.org/release/xml/tei/custom/schema/relaxng/tei_all.rng" type="application/xml"
            schematypens="http://purl.oclc.org/dsdl/schematron"?>
    <TEI xmlns="http://www.tei-c.org/ns/1.0">
       <teiHeader>
          <fileDesc>
             <titleStmt>
                <title>Письмо №239. П. А. Плетневу.</title>
             </titleStmt>
             <publicationStmt>
                <publisher>TolstoyLab</publisher>
                <date when="2015-09-14">14 September 2015</date>
             </publicationStmt>
             <sourceDesc>
                <biblStruct>
                   <analytic>
                      <author>Толстой Л.Н.</author>
                   </analytic>
                   <monogr>
                      <title level="m">Полное собрание сочинений. Том 60</title>
                      <imprint>
                         <pubPlace>Москва</pubPlace>
                         <publisher>Государственное издательство "Художественная литература"</publisher>
                         <date when="1949"/>
                      </imprint>
                   </monogr>
                   <series>
                      <title level="s">Л.Н. Толстой. Полное собрание сочинений</title>
                      <biblScope unit="vol">60</biblScope>
                   </series>
                </biblStruct>
				<bibl>Впервые опубликовано в сборнике «Л. Н. Толстой и П. А. Плетнев», стр. 27. На письме сделана помета рукой П. А. Плетнева: «П[олучено] 4 мая 1862».</bibl>
             </sourceDesc>
          </fileDesc>
          <encodingDesc>
             <tagsDecl> </tagsDecl>
          </encodingDesc>
          <profileDesc>
             <correspDesc>
                <correspAction type="sending">
                   <persName ref="PersonList.xml#L_N_Tolstoy">Л. Н. Толстой</persName>
                   <placeName ref="PlacesListxml#PLACE">Я. П.</placeName>
                   <date when="1862-05-01">1862 г. Мая 1.</date>            </correspAction>
                <correspAction type="receiving">
                   <persName ref="PersonList.xml#RECEIVER">П. А. Плетневу</persName>
                </correspAction>
                <correspContext>
                   <ref type="prev">Ответ на письмо П. А. Плетнева от 20 марта 1862 г. из Петербурга (там же, стр. 25—26).</ref>
                </correspContext>
             </correspDesc>
          </profileDesc>
       </teiHeader>
       <xenoData><number type="in a volume">239</number></xenoData>

              <text xml:id="P.A.Pletnevu_239">
	<body><div>
		<opener index="false">
239. П. А. Плетневу.
1862 г. Мая 1. Я. П.</opener>
<p rend="left">Ради Бога простите меня, многоуважаемый Петр Александрович, что еще не отвечал вам. Я тем более виноват, что мне редко удается получать письма столь приятные, как ваши. Ваше высказываемое сочувствие мне очень дорого. А Робинзона вы похвалили самым лестным для меня образом.<note xml:id="note1" resp="volume_editor" index="false"> «Робинзон» — рассказ для детей, помещенный в приложении к журналу Толстого «Ясная Поляна» — «Книжка для детей», кн. 2, февраль 1862 г. П. А. Плетнев прислал Толстому восторженный отзыв о Робинзоне, свой и своего восьмилетнего сына Алексея Петровича Плетнева» в письме от 20 марта 1862 г.</note> —</p>
<p rend="left">Тургеневский роман меня очень занимал и понравился мне гораздо меньше, чем я ожидал. Главный упрек, который я ему делаю — он холоден, холоден, что не годится для Тургеневского дарованья. Всё умно, всё тонко, всё художественно, я соглашусь с вами, многое назидательно и справедливо, но нет ни одной страницы, которая бы была написана одним почерком с замираньем сердца, и потому нет ни одной страницы, которая бы брала за душу. — Я очень жалею, что не согласен с вами и Ф. И. Тютчевым<note xml:id="note2" resp="volume_editor" index="false"> Федор Иванович Тютчев (1803—1873) — поэт. Толстой был лично знаком с Тютчевым и очень высоко ценил его как поэта.</note> — но не согласен.<note xml:id="note3" resp="volume_editor" index="false"> Речь идет о романе Тургенева «Отцы и дети», опубликованном во втором (февральском) номере «Русского вестника» 1862 г., стр. 473—663.</note> — Между прочим, во избежание недоразумений считаю нужным вам сообщить, что между мной и Г-ном Тургеневым прерваны всякие личные сношения. —</p>
<p rend="left">Душевно кланяюсь вашей супруге<note xml:id="note4" resp="volume_editor" index="false"> Александра Васильевна Плетнева, рожд. кн. Щетинина (1826—1901) — вторая жена П. А. Плетнева (с 1849 г.).</note> и благодарю за ее обо мне память. Желал бы, чтобы вашему молодому <hi style="opdelimiter">человеку<note xml:id="note5" resp="volume_editor" index="false"> См. прим. 1.</note></hi><hi style="opnumber">423</hi> <hi style="npnumber">424</hi><hi style="npdelimiter">понравились</hi> повести 4-й книжки «<hi>Ложкой кормит</hi>, <hi>а стеблем глаз колет</hi>»<note xml:id="note6" resp="volume_editor" index="false"> См. историю написания этого рассказа в статье Толстого: «Кому у кого учиться писать — крестьянским ребятам у нас или нам у крестьянских ребят», напечатанной сначала в журнале «Ясная Поляна», книжка для чтения за апрель 1862 г., а затем перепечатанной в сочинениях Толстого (см. т. 8 настоящего издания).</note> так же, как Робинзон. Критика его очень мне дорога — ежели он по отцу пошел. —</p>
<p rend="right rightindent">Истинно уважающий вас </p>
<p rend="right">Л Толстой.</p>
<p rend="left">1 Мая.</p>
<comments><p rend="Textpetit_otstup left">Впервые опубликовано в сборнике «Л. Н. Толстой и П. А. Плетнев», стр. 27. На письме сделана помета рукой П. А. Плетнева: «П[олучено] 4 мая 1862».</p>
<p rend="petit left">Ответ на письмо П. А. Плетнева от 20 марта 1862 г. из Петербурга (там же, стр. 25—26).</p>
<p rend="petit left">Петр Александрович Плетнев (1792—1862) — профессор русской литературы и ректор Петербургского университета, критик и журналист. Один из близких людей к Пушкину, ведавший делом его изданий. Пушкин посвятил Плетневу «Евгения Онегина». После смерти Пушкина Плетнев сделался издателем основанного им «Современника», но в 1847 г. продал право издания Некрасову и Панаеву. В 1849 г. Толстой подавал на имя Плетнева, как ректора Петербургского университета, прошение о разрешении держать экстерном экзамены.</p>
<p rend="petit left">С Плетневым Толстой встречался в Париже в феврале 1857 г. (см. Дневник Толстого, т. 47, стр. 114—116). Переписка Толстого с Плетневым охватывает время с февраля по май 1862 г. и состоит из двух писем Плетнева и одного — Толстого. См. Л. Б. Модзалевский, «Л. Н. Толстой и П. А. Плетнев» — «Толстой. 1850—1860. Материалы, статьи», редакция В. И. Срезневского, Л. 1927. В 1910 г. Толстой вспомнил Плетнева, заметив А. Б. Гольденвейзеру: «Он ко мне был очень ласков» (А. Б. Гольденвейзер, «Вблизи Толстого», II, М. 1923, стр. 89).</p>
<p rend="Textpetit_otstup left"><hi>1</hi> «Робинзон» — рассказ для детей, помещенный в приложении к журналу Толстого «Ясная Поляна» — «Книжка для детей», кн. 2, февраль 1862 г. П. А. Плетнев прислал Толстому восторженный отзыв о Робинзоне, свой и своего восьмилетнего сына Алексея Петровича Плетнева» в письме от 20 марта 1862 г.</p>
<p rend="petit left"><hi>2</hi> Федор Иванович Тютчев (1803—1873) — поэт. Толстой был лично знаком с Тютчевым и очень высоко ценил его как поэта.</p>
<p rend="petit left"><hi>3</hi> Речь идет о романе Тургенева «Отцы и дети», опубликованном во втором (февральском) номере «Русского вестника» 1862 г., стр. 473—663.</p>
<p rend="petit left"><hi>4</hi> Александра Васильевна Плетнева, рожд. кн. Щетинина (1826—1901) — вторая жена П. А. Плетнева (с 1849 г.).</p>
<p rend="petit left"><hi>5</hi> См. прим. 1.</p>
<p rend="petit left"><hi>6</hi> См. историю написания этого рассказа в статье Толстого: «Кому у кого учиться писать — крестьянским ребятам у нас или нам у крестьянских ребят», напечатанной сначала в журнале «Ясная Поляна», книжка для чтения за апрель 1862 г., а затем перепечатанной в сочинениях Толстого (см. т. 8 настоящего издания).</p>
<p rend="emptyline left"><hi style="opnumber">424</hi> <hi style="npnumber">425</hi></p>
</comments></div></body>
        </text>
        </TEI>