<?xml version="1.0" encoding="UTF-8"?>
    <!-- <?xml-stylesheet type="text/xsl" target="../resources/MJT/myletter.xsl"?> -->
    <?xml-stylesheet type="css" target="graves.css"?>
    <?xml-model target="http://www.tei-c.org/release/xml/tei/custom/schema/relaxng/tei_all.rng" type="application/xml" schematypens="http://relaxng.org/ns/structure/1.0"?>
    <?xml-model target="http://www.tei-c.org/release/xml/tei/custom/schema/relaxng/tei_all.rng" type="application/xml"
            schematypens="http://purl.oclc.org/dsdl/schematron"?>
    <TEI xmlns="http://www.tei-c.org/ns/1.0">
       <teiHeader>
          <fileDesc>
             <titleStmt>
                <title>Письмо №96. И. И. Орлову.</title>
             </titleStmt>
             <publicationStmt>
                <publisher>TolstoyLab</publisher>
                <date when="2015-09-14">14 September 2015</date>
             </publicationStmt>
             <sourceDesc>
                <biblStruct>
                   <analytic>
                      <author>Толстой Л.Н.</author>
                   </analytic>
                   <monogr>
                      <title level="m">Полное собрание сочинений. Том 61</title>
                      <imprint>
                         <pubPlace>Москва</pubPlace>
                         <publisher>Государственное издательство "Художественная литература"</publisher>
                         <date when="1953"/>
                      </imprint>
                   </monogr>
                   <series>
                      <title level="s">Л.Н. Толстой. Полное собрание сочинений</title>
                      <biblScope unit="vol">61</biblScope>
                   </series>
                </biblStruct>
				<bibl>Впервые опубликовано, с неверной датой: «1870 годы», в «Красной нови», 1928, 9, стр. 210. Год определяется сопоставлением упоминания о долге Дохтурову в этом письме и в письме № 94.</bibl>
             </sourceDesc>
          </fileDesc>
          <encodingDesc>
             <tagsDecl> </tagsDecl>
          </encodingDesc>
          <profileDesc>
             <correspDesc>
                <correspAction type="sending">
                   <persName ref="PersonList.xml#L_N_Tolstoy">Л. Н. Толстой</persName>
                   <placeName ref="PlacesListxml#PLACE">Я. П.</placeName>
                   <date when="1865-01-22">1865 г. Января 22.</date>            </correspAction>
                <correspAction type="receiving">
                   <persName ref="PersonList.xml#RECEIVER">И. И. Орлову</persName>
                </correspAction>
                <correspContext>
                   <ref type="prev"></ref>
                </correspContext>
             </correspDesc>
          </profileDesc>
       </teiHeader>
       <xenoData><number type="in a volume">96</number></xenoData>

              <text xml:id="I__I__Orlovu_96">
	<body><div>
		<opener index="false">
96. И. И. Орлову.
1865 г. Января 22. Я. П.
</opener>
<p rend="Obrashenie left">Иван Иванович!</p>
<p rend="left">Очень рад, что ни в чем не могу упрекнуть вас. Поверьте, что я этого желаю не меньше, чем вы. Дело в том, что одно короткое, но очень важное письмо, к[отор]ое я вам писал из Москвы — пропало.<note xml:id="note1" resp="volume_editor" index="false"> Письмо неизвестно.</note> В письме я писал: продавайте хлеб по существующим ценам и платите долги. Теперь же мои распоряжения следующие: продайте хлеба ржи и овса <hi style="opdelimiter">(предоставляю</hi><hi style="opnumber">68</hi> <hi style="npnumber">69</hi><hi style="npdelimiter">вам</hi> решить чего больше) на 1200 р. и внесите их в уплату Дохтурову, в Совет и в Приказ. Недостающие деньги для полной уплаты рублей 700 у меня есть, и я пошлю их туда, куда это будет нужно, в одно время или хоть раньше ваших 1200. Пришлите мне черновую бумагу, при к[отор]ой бы я мог послать эти деньги. Или, что бы было лучше всего, приезжайте сами, запродав хлеб в Никольском. —</p>
<p rend="left">Вы мне слегка пишете про скотину, а я ей очень интересуюсь. Даете ли вы соли и теплое пойло, котились ли овцы, и содержите ли вы особенно отборных? —</p>
<p rend="left">У меня недостало нынешний год корма для скота, и я в первую оттепель намерен переслать к вам штук 15 скотин. Есть ли хорошее помещение? Посылаю вам четырех собак. Дайте им место в сарайчике, в котором велите переменить солому, а их держите на воле, когда они привыкнут. Одна гончая сука щенна от хорошей собаки, и ее получше велите кормить и поручите кому-нибудь, чтобы как можно лучше выкормить щенят. — Из лягавых при первом случае привезите или пришлите мне черного, большого с белыми отметинами кобелька. Из борзых особенно хороша пестрая Бланка, и ее прошу особенно беречь и соблюсти. На ваш вопрос о том, желаю ли я, чтоб вы писали мне ежемесячно, отвечаю: да. И ежемесячно же присылайте мне ведомости краткие денег и хлеба. До свиданья.</p>
<p rend="right">Гр. Л. Толстой.</p>
<p rend="left">22 января.</p>
<lb/>
<p rend="left"><hi>На конверте:</hi></p>
<p rend="left">Его высоко[благородию] Ивану Ивановичу Орлову.</p>
<comments><p rend="Textpetit_otstup left">Впервые опубликовано, с неверной датой: «1870 годы», в «Красной нови», 1928, 9, стр. 210. Год определяется сопоставлением упоминания о долге Дохтурову в этом письме и в письме № 94.</p>
<p rend="Textpetit_otstup left"><hi>1</hi> Письмо неизвестно.</p>
</comments></div></body>
        </text>
        </TEI>