<?xml version="1.0" encoding="UTF-8"?>
    <!-- <?xml-stylesheet type="text/xsl" target="../resources/MJT/myletter.xsl"?> -->
    <?xml-stylesheet type="css" target="graves.css"?>
    <?xml-model target="http://www.tei-c.org/release/xml/tei/custom/schema/relaxng/tei_all.rng" type="application/xml" schematypens="http://relaxng.org/ns/structure/1.0"?>
    <?xml-model target="http://www.tei-c.org/release/xml/tei/custom/schema/relaxng/tei_all.rng" type="application/xml"
            schematypens="http://purl.oclc.org/dsdl/schematron"?>
    <TEI xmlns="http://www.tei-c.org/ns/1.0">
       <teiHeader>
          <fileDesc>
             <titleStmt>
                <title>Письмо №80. H. A. Некрасову.</title>
             </titleStmt>
             <publicationStmt>
                <publisher>TolstoyLab</publisher>
                <date when="2015-09-14">14 September 2015</date>
             </publicationStmt>
             <sourceDesc>
                <biblStruct>
                   <analytic>
                      <author>Толстой Л.Н.</author>
                   </analytic>
                   <monogr>
                      <title level="m">Полное собрание сочинений. Том 59</title>
                      <imprint>
                         <pubPlace>Москва</pubPlace>
                         <publisher>Государственное издательство "Художественная литература"</publisher>
                         <date when="1935"/>
                      </imprint>
                   </monogr>
                   <series>
                      <title level="s">Л.Н. Толстой. Полное собрание сочинений</title>
                      <biblScope unit="vol">59</biblScope>
                   </series>
                </biblStruct>
				<bibl>Печатается по автографу, хранящемуся в ЛБ. Впервые напечатано Н. С. Ашукиным в АК, стр. 200—201.</bibl>
             </sourceDesc>
          </fileDesc>
          <encodingDesc>
             <tagsDecl> </tagsDecl>
          </encodingDesc>
          <profileDesc>
             <correspDesc>
                <correspAction type="sending">
                   <persName ref="PersonList.xml#L_N_Tolstoy">Л. Н. Толстой</persName>
                   <placeName ref="PlacesListxml#PLACE">Пятигорск.</placeName>
                   <date when="1853-09-17">1853 г. Сентября 17.</date>            </correspAction>
                <correspAction type="receiving">
                   <persName ref="PersonList.xml#RECEIVER">H. A. Некрасову</persName>
                </correspAction>
                <correspContext>
                   <ref type="prev"></ref>
                </correspContext>
             </correspDesc>
          </profileDesc>
       </teiHeader>
       <xenoData><number type="in a volume">80</number></xenoData>

              <text xml:id="N.A.Nekrasovu_80">
	<body><div>
		<opener index="false">
80. H. A. Некрасову.
1853 г. Сентября 17. Пятигорск.
</opener>
<p rend="Obrashenie left">Милостивый Государь,</p>
<p rend="Obrashenie1 left">Николай Алексѣевичъ.</p>
<p rend="left">Посылаю небольшую статью<note xml:id="note1" resp="volume_editor" index="false">«Записки маркера» написаны в четыре дня, 13—16 сентября.</note> для напечатанія въ Вашемъ журналѣ. Я дорожу ею болѣе, чѣмъ <hi>Дњтствомъ и Набњгомъ</hi>, поэтому въ третій разъ повторяю условіе, которое я полагаю для напечатанія — оставленіе ея въ совершенно томъ видѣ, въ которомъ она есть. Въ послѣднемъ письмѣ Вашемъ Вы обѣщали мнѣ сообразоваться съ моими желаніями въ этомъ отношеніи.<note xml:id="note2" resp="volume_editor" index="false">Толстой имеет в виду письмо Некрасова от 6 апреля 1853 г.: «Милостивый государь Лев Николаевич. Вероятно вы недовольны появлением вашего рассказа в печати. Признаюсь, я долго думал над измаранными его корректурами — и, наконец, решился напечатать, сознавая то убеждение, что, хотя, он и много испорчен, но в нем осталось еще много хорошего. Это признают и другие. Во всяком случае это для вас мерка, в какой степени позволительны такие вещи, и впредь я буду поступать уже сообразно с тем, что вы мне скажете, перечитав ваш рассказ в напечатанном виде.</note> — Ежели-бы Цензура сдѣлала снова вырѣзки, то, ради Бога, возвратите мнѣ статью или по крайней мѣрѣ напишите мнѣ прежде печатанія. — Напечатать эту статью подъ заглавіемъ, выставленнымъ въ началѣ тетради или: <hi>Самоубійца</hi>. <hi>Разсказъ маркера</hi> будетъ зависѣть совершенно отъ Вашего произвола.<note xml:id="note3" resp="volume_editor" index="false">«Записки маркера», испорченные цензурой, были напечатаны в «Современнике» 1855, № 1.</note></p>
<p rend="left">(Н. С.), поставленные надъ строкой, означаютъ новую строку. — Въ ожиданіи Вашего отвѣта и суда объ посылаемой вещи, имѣю честь быть, съ совершеннымъ уваженіемъ Вашъ покорнѣйшій слуга.</p>
<p rend="right">Графъ Л. Толстой.</p>
<p rend="left">17 Сентября. 1853.<note xml:id="note4" resp="volume_editor" index="false">В автографе ошибочно: 1883.</note> Пятигорскъ —</p>
<lb/>
<p rend="left"><hi>На 4 странице:</hi></p>
<p rend="left">Его Высокоблагородію Николаю Алексеевичу Некрасову </p>
<p rend="subtitle centerline">
Въ С. Петербургъ, Въ редакцію Ж. Современника.
</p>
<comments><p rend="Textpetit_otstup left">Печатается по автографу, хранящемуся в ЛБ. Впервые напечатано Н. С. Ашукиным в АК, стр. 200—201.</p>
<p rend="Textpetit_otstup left"><hi>1 </hi>«Записки маркера» написаны в четыре дня, 13—16 сентября.</p>
<p rend="petit left"><hi>2 </hi>Толстой имеет в виду письмо Некрасова от 6 апреля 1853 г.: «Милостивый государь Лев Николаевич. Вероятно вы недовольны появлением вашего рассказа в печати. Признаюсь, я долго думал над измаранными его корректурами — и, наконец, решился напечатать, сознавая то убеждение, что, хотя, он и много испорчен, но в нем осталось еще много хорошего. Это признают и другие. Во всяком случае это для вас мерка, в какой степени позволительны такие вещи, и впредь я буду поступать уже сообразно с тем, что вы мне скажете, перечитав ваш рассказ в напечатанном виде.</p>
<p rend="petit left">При сем прилагаются 75 р. сер., следующие вам за этот <hi style="opdelimiter">рассказ.</hi><hi style="opnumber">246</hi></p>
<p rend="petit left"><hi style="npnumber">247</hi><hi style="npdelimiter">Пожалуйста</hi> не падайте духом от этих неприятностей, общих всем нашим даровитым литераторам. Не шутя, ваш рассказ еще и теперь очень жив и грациозен, а был он чрезвычайно хорош. Теперь некогда, но при случае я вам напишу более. Не забудьте Современника, который рассчитывает на ваше сотрудничество. Примите уверения в моем истинном почтении Н. Некрасов». («Круг», кн. шестая, М. 1927, стр. 188. )</p>
<p rend="petit left"><hi>3 </hi>«Записки маркера», испорченные цензурой, были напечатаны в «Современнике» 1855, № 1.</p>
<p rend="petit left"><hi>4 </hi>В автографе ошибочно: 1883.</p>
<p rend="petit left">Некрасов ответил Толстому «довольно скоро по получении рукописи» «Записок маркера» (письмо Некрасова от 6 февраля 1854 г. ), но это письмо не дошло до Толстого.</p>
<p rend="petit left">14 января 1854 г. Толстой перед отъездом с Кавказа в Ясную поляну писал Некрасову, спрашивая его об участи «Записок маркера» и извещая, что готовится к продолжению «Детства» и «Отрочества». Письмо это неизвестно. На него Некрасов отвечал 6 февраля следующим письмом: «Милостивый государь, Лев Николаевич! ваших писем я получил не два, а одно; отвечал вам довольно скоро по получении рукописи (Записки маркера) по старому вашему адресу (на имя H. Н. Толстого). Там я излагал и мнение мое об этой вещи. Спрашивал вас в заключение — печатать ли всё-таки эту вещь, или вы соглашаетесь на мои замечания? Итак, приходится мне теперь повторить эти замечания. «Записки маркера» очень хороши по мысли и очень слабы по выполнению; этому виной избранная вами форма; язык вашего маркера не имеет ничего характерного — это есть рутинный язык, тысячу раз употреблявшийся в наших повестях, когда автор выводит лицо из простого звания; избрав эту форму, вы без всякой нужды только стеснили себя: рассказ вышел груб, и лучшие вещи в нем пропали. Извините, я тороплюсь и не выбирал выражений, но вот сущность моего мнения об этом рассказе; это я счел долгом сообщить вам, прежде чем печатать рассказ, так как я считаю себя обязанным вам откровенностью за то лестное доверие, которым вы меня удостоили, при этом ваши первые произведения слишком много обещали, чтобы после того напечатать вещь сколько-нибудь сомнительную. Однако ж я долгом считаю прибавить, что, если вы всё-таки желаете, я напечатаю эту вещь немедленно, мы печатаем много вещей и слабее этой, и если я ждал с этою, то потому только, что ждал вашего ответа. Жду его и теперь и надеюсь получить скоро вместе с <hi>Отрочеством</hi>, которое может быть напечатано очень скоро, если вы не замедлите его присылкою. Уведомьте меня, куда вам посылать Современник и деньги. Примите уверение в моем искреннем уважении и преданности. Н. Некрасов.</p>
<p rend="petit left">P. S. Если вы заглядываете в Современник (начиная с XI книги включительно), то можете заметить, что теперь ваши произведения не подвергнуты таким изменениям по цензуре, каким подвергались прежде. 6 февраля 1854. Спб. Ваше письмо от 14 января я получил 6 февраля». («Круг» кн. шестая, М. 1927, стр. 1.)</p>
<p rend="left secend"><hi style="opnumber">247</hi> <hi style="npnumber">248</hi></p>
</comments></div></body>
        </text>
        </TEI>