<?xml version="1.0" encoding="UTF-8"?>
    <!-- <?xml-stylesheet type="text/xsl" target="../resources/MJT/myletter.xsl"?> -->
    <?xml-stylesheet type="css" target="graves.css"?>
    <?xml-model target="http://www.tei-c.org/release/xml/tei/custom/schema/relaxng/tei_all.rng" type="application/xml" schematypens="http://relaxng.org/ns/structure/1.0"?>
    <?xml-model target="http://www.tei-c.org/release/xml/tei/custom/schema/relaxng/tei_all.rng" type="application/xml"
            schematypens="http://purl.oclc.org/dsdl/schematron"?>
    <TEI xmlns="http://www.tei-c.org/ns/1.0">
       <teiHeader>
          <fileDesc>
             <titleStmt>
                <title>Письмо №* 43. Т. А. Ергольской.</title>
             </titleStmt>
             <publicationStmt>
                <publisher>TolstoyLab</publisher>
                <date when="2015-09-14">14 September 2015</date>
             </publicationStmt>
             <sourceDesc>
                <biblStruct>
                   <analytic>
                      <author>Толстой Л.Н.</author>
                   </analytic>
                   <monogr>
                      <title level="m">Полное собрание сочинений. Том 59</title>
                      <imprint>
                         <pubPlace>Москва</pubPlace>
                         <publisher>Государственное издательство "Художественная литература"</publisher>
                         <date when="1935"/>
                      </imprint>
                   </monogr>
                   <series>
                      <title level="s">Л.Н. Толстой. Полное собрание сочинений</title>
                      <biblScope unit="vol">59</biblScope>
                   </series>
                </biblStruct>
				<bibl>Печатается по автографу, хранящемуся в АТБ. Почти полностью (без последней фразы и приписки гр. H. Н. Толстого) по-французски и в переводе опубликовано П. И. Бирюковым в Б, I, 1906, стр. 168; впервые полностью (только в переводе) без приписки гр. H. Н. Толстого опубликовано П. А. Сергеенко в ПТС, I, стр. 8—9.</bibl>
             </sourceDesc>
          </fileDesc>
          <encodingDesc>
             <tagsDecl> </tagsDecl>
          </encodingDesc>
          <profileDesc>
             <correspDesc>
                <correspAction type="sending">
                   <persName ref="PersonList.xml#L_N_Tolstoy">Л. Н. Толстой</persName>
                   <placeName ref="PlacesListxml#PLACE">Астрахань.</placeName>
                   <date when="1851-05-27">1851 г. Мая 27.</date>            </correspAction>
                <correspAction type="receiving">
                   <persName ref="PersonList.xml#RECEIVER">Т. А. Ергольской</persName>
                </correspAction>
                <correspContext>
                   <ref type="prev"></ref>
                </correspContext>
             </correspDesc>
          </profileDesc>
       </teiHeader>
       <xenoData><number type="in a volume">43</number></xenoData>

              <text xml:id="T.A.Ergolskoj_43">
	<body><div>
		<opener index="false">
* 43. Т. А. Ергольской.
1851 г. Мая 27. Астрахань.
</opener><p rend="right">27 Mai, 1851.</p>

<p rend="Obrashenie left">Chère Tante!</p>
<p rend="left">Nous sommes à Astracan et sur notre départ pour Кизляръ се qui fait, que nous avons un voyage de 40 v. [?] par un chemin des plus affreux à faire. — J’ai passé à Cazan une semaine des plus agréables, mon voyage jusqu’à Saratoff a éte désagréable; mais en revanche de là le trajet en petit bateau jusqu’à Astracan très poétique et plein de charme par la nouveauté des lieux et par la manière même de voyager pour moi. J’ai écrit hier une longue lettre à Marie<note xml:id="note1" resp="volume_editor" index="false">См. предыдущее письмо к гр. М. Н. Толстой.</note> où je lui parle de mon séjour à Cazan, je ne vous en dis rien de crainte de me répéter; quoique je suis sûr que vous ne confronterez pas les deux lettres. Je me trouve très content jusqu’à présent de mon voyage, je vois beaucoup de choses qui me font penser, et puis le changement même de lieux est agréable. En passant par Moscou je me suis abonné de sorte que j’ai beaucoup de lectures, que je fais même en <hi>тарантасъ.</hi> <hi style="opdelimiter">Puis,</hi><hi style="opnumber">99</hi> <hi style="npnumber">100</hi><hi style="npdelimiter">comme</hi> vous le pensez bien, la société de Nicolas contribue beaucoup à mon contentement. Je ne cesse de penser à vous et à tous les miens; je me reprôche même quelquefois d’avoir quitté cette vie que me rendait si douce votre affection; mais ce n’est qu’un retard et je n’aurais que plus de plaisir à vous revoir et à la reprendre. — Si je n’étais pressé j’aurais écrit à Serge;<note xml:id="note2" resp="volume_editor" index="false">Гр. Сергей Николаевич Толстой.</note> mais je rem[e]t cela au moment où je serais casé et plus tranquille. Embrassez le [de]ma part et dites-lui que je me répens beaucoup de la froideur qu’il y a eu entre nous avant mon départ et de laquelle je n’accuse que moi. Adieu, chère Tante, je vous baise mille fois les mains.</p>
<lb/>
<p rend="left"><hi>Рукой гр</hi>. <hi>H</hi>. <hi>H</hi>. <hi>Толстого:</hi></p>
<p rend="petit left">Je vous baise les mains bien tendrement, ma bonne excellente Tante, pardonnez moi si je ne vous écris que quelque[s] mots m[ais] nous nous depêchons d'envoyer nos lettres à la poste et puis de partir, notre voyage dure déjà bien longtemps — comme cela, mais nous ne pouvons pas nous en plaindre trop. Adieu, ma bonne Tante, croyez que je pense bien souvent à vous et que je vous aime bien tendrement. — J'embrasse Serge.</p>
<lb/>
<p rend="left"><hi>Ha 4 странице:</hi></p>
<p rend="left">Ея Высокоблагородію Татьянѣ Александровнѣ Ергольской.</p>
<p rend="left">Въ Г. Тулу.</p>
<p rend="petit right">27 мая 1851.</p>
<p rend="Obrashenie petit left">Дорогая тетенька!</p>
<p rend="petit left">Мы в Астрахани и отправляемся в Кизляр, имея перед собой 400 в. (?) ужаснейшей дороги. — В Казани я провел неделю очень приятно, путешествие в Саратов было неприятно; зато до Астрахани мы плыли в маленькой лодке, — это было и поэтично и очаровательно; для меня всё было ново и местность, и самый способ путешествия. Вчера я послал длинное письмо Машеньке<note xml:id="note3" resp="volume_editor" index="false">См. предыдущее письмо к гр. М. Н. Толстой.</note> в котором описываю ей свое пребывание в Казани; не пишу об этом вам, чтобы не повторяться, хотя и уверен, что вы не будете сличать писем. До сих пор я очень доволен своим путешествием, вижу многое, что возбуждает мысли, да и самая перемена места очень приятна. Проездом в Москве я абонировался, поэтому книг у меня много, и читаю я даже в <hi>*тарантасѣ*</hi>. Затем, как вы отлично понимаете, общество Николеньки весьма способствует моему удовольствию. Не перестаю думать о вас и о всех наших, иногда даже упрекаю себя, что покинул ту жизнь, которая мне была дорога вашей любовью; но я только прервал ее, и тем сильнее будет радость вас снова увидеть и к ней вернуться. — Я написал бы Сереже,<note xml:id="note4" resp="volume_editor" index="false">Гр. Сергей Николаевич Толстой.</note> ежели бы не торопился, откладываю до того, как устроюсь и буду поспокойнее. Поцелуйте его за меня и скажите ему, что я раскаиваюсь в том охлаждении, которое произошло между нами перед моим отъездом, и в котором я упрекаю лишь себя. Прощайте, дорогая тетенька, тысячу раз целую ваши <hi style="opdelimiter">ручки.</hi><hi style="opnumber">100</hi></p>
<lb/>
<p rend="petit left"><hi style="npnumber">101</hi><hi style="npdelimiter"><hi>Рукой гр. Н</hi></hi>. <hi>Н. Толстого:</hi></p>
<p rend="petit left">Нежно целую ваши ручки, добрая и чудесная тетенька, простите, что пишу вам только несколько слов, но мы торопимся отправить письма на почту и уезжать, уже достаточно долго тянется наше путешествие, хотя жаловаться не на что. Прощайте, добрая тетенька, верьте, что я часто о вас думаю и нежно вас люблю. — Целую Сережу.</p>
<comments><p rend="Textpetit_otstup left">Печатается по автографу, хранящемуся в АТБ. Почти полностью (без последней фразы и приписки гр. H. Н. Толстого) по-французски и в переводе опубликовано П. И. Бирюковым в Б, I, 1906, стр. 168; впервые полностью (только в переводе) без приписки гр. H. Н. Толстого опубликовано П. А. Сергеенко в ПТС, I, стр. 8—9.</p>
<p rend="petit left">На конверте рукой Т. А. Ергольской: «Получено 10-го июня». Почтовые штемпеля: «Астрахань, 27 мая 1851» и «Получено июня 8».</p>
<p rend="Textpetit_otstup left"><hi>1 </hi>См. предыдущее письмо к гр. М. Н. Толстой.</p>
<p rend="petit left"><hi>2 </hi>Гр. Сергей Николаевич Толстой.</p>
</comments></div></body>
        </text>
        </TEI>