<?xml version="1.0" encoding="UTF-8"?>
<!-- <?xml-stylesheet type="text/xsl" href="../resources/MJT/myletter.xsl"?> -->
<?xml-stylesheet type="css" href="graves.css"?>
<?xml-model href="http://www.tei-c.org/release/xml/tei/custom/schema/relaxng/tei_all.rng" type="application/xml" schematypens="http://relaxng.org/ns/structure/1.0"?>
<?xml-model href="http://www.tei-c.org/release/xml/tei/custom/schema/relaxng/tei_all.rng" type="application/xml"
schematypens="http://purl.oclc.org/dsdl/schematron"?>
<TEI xmlns="http://www.tei-c.org/ns/1.0"> 
   <teiHeader>
      <fileDesc>
         <titleStmt>
            <title>Письмо №* 326. Д. А. Дьякову.</title>
         </titleStmt>
         <publicationStmt>
            <publisher xml:id="DS">TolstoyLab</publisher>
            <date when="2015-07-21">21 September 2015</date>
         </publicationStmt>
         <sourceDesc>
            <biblStruct>
               <analytic>
                  <author>Толстой Л.Н. </author>
               </analytic>
               <monogr>
                  <title level="m">Полное собрание сочинений. Том 61</title>
                  <imprint>
                     <pubPlace>Москва</pubPlace>
                     <publisher>Государственное издательство "Художественная литература"</publisher>
                     <date when="1953"/>
                  </imprint>
               </monogr>
               <series>
                  <title level="s">Л.Н. Толстой. Полное собрание сочинений</title>
                  <biblScope unit="vol">61</biblScope>
               </series>
            </biblStruct>
            <bibl></bibl>
         </sourceDesc>
      </fileDesc>
      <encodingDesc>
         <tagsDecl> </tagsDecl>
      </encodingDesc>
      <profileDesc>
         <correspDesc>
            <correspAction type="sending">
               <persName ref="PersonList.xml#L_N_Tolstoy">Л. Н. Толстой</persName>
               <placeName ref="PlacesList.xml#PLACE">Я. П.</placeName>
               <date when="1871-03-03">1871 г. Марта 3.</date>
            </correspAction>
            <correspAction type="receiving">
               <persName ref="PersonList.xml#RECEIVER">Д. А. Дьякову</persName>
            </correspAction>
            <correspContext>
               <ref type="prev"></ref>            </correspContext>
         </correspDesc>
      </profileDesc>
   </teiHeader>
       <xenoData><number type="in a volume">326</number></xenoData>

          <text xml:id="D__A__Dyakovu_326">
      <body><div>
<opener index="false">
* 326. Д. А. Дьякову.
1871 г. Марта 3―4. Я. П.
</opener>
      <p rend="left">
         Любезный друг! После тебя в ночь сделалась лихорадка, продолжавшаяся 36 часов, и опять три дня свободных и нынче, 3-е марта, опять лихорадка, и теперь лежит в жару. В<hi rend="opdelimiter">прошлый</hi>
         <!--<hi rend="opnumber">250</hi>-->
         <pb n="251" xml:id="page_Tolstoy90_v1_251"/>
         <hi rend="npdelimiter">пароксизм</hi>у меня готова была телеграмма Захарьину через тебя с описанием болезни, составленным доктором, но не послал, потому что опять подмануло облегчение. Теперь же перепишу это описание доктора, прибавив свое, и попрошу тебя посоветоваться с Захарьиным, прося его, если болезнь ясна ему, дать совет.
      </p>
      <p rend="left">
         На другой день после родов появился пароксизм лихорадки с знобом, жаром и потом. На 3-й день такой же пароксизм с болями внизу живота, имеющими характер схваток. (Очищение хорошее, светлое, молоко было.) На 4-й день лихорадка без боли, на 5 день с болями. Осматривавшие доктора не нашли воспалительного состояния и предписали хинин и холодный компресс. Боли прекратились, но лихорадка продолжалась. Приостановилась на один день после приема до 30 гран хинина и опять возобновилась. Хинин продолжали в промежуточные часы (от 8 до 12) и, после 86 гран хинина, лихорадка прекратилась на два дня, и опять явился пароксизм, продолжавшийся 36 часов с менее определенным знобом, т. е. зноб был слабее и повторялся несколько раз. Жар был сильный — как и в прежние пароксизмы, пульс доходил до 100 ударов в минуту. —
      </p>
      <p rend="left">
         После сильного пота, пароксизм прошел, и 3 дня было свободных от лихорадки. Хинин продолжали давать по 4 порошка в три грана сернокислого хинина в продолжение дня и один такой же порошок в 5 гран на ночь. Нынче пароксизм возвратился в 3 часа дня. Зноб был менее определенный, чем в прежние пароксизмы, но повторялся несколько раз, и жар продолжается до сих пор, 2 часа ночи. В 8 утра опять зноб, жар и пот. В 6 часов вечера всё прошло. Ясного местного страдания как в прежние пароксизмы, так и теперь нигде незаметно. —
      </p>
      <p rend="left">
         Написал всё это тебе, а потом решил, что я пошлю Алексея в Москву с письмом к Захарьину. Но тебя прошу съездить к Захарьину и добиться от него ответа и прислать мне с Алексеем или телеграммой. Кстати Алексей свезет тебе деньги.
      </p>
      <p rend="right">
         Твой Л. Т.
      </p>
      <p rend="left">
         Письмо это пролежало до 4-го марта вечера. Стало лучше. И теперь совсем хорошо. Но все-таки посылаю его тебе. Если захочешь посоветоваться с Захарьиным, то сделай. А то и не нужно. Если повторится пароксизм, я сам приеду.
      </p>
      <comments><p rend="Textpetit_otstup left">
         Дата определяется содержанием.
      </p>
      </comments></div>
      </body>
   </text>
</TEI>
