<?xml version="1.0" encoding="UTF-8"?>
    <!-- <?xml-stylesheet type="text/xsl" target="../resources/MJT/myletter.xsl"?> -->
    <?xml-stylesheet type="css" target="graves.css"?>
    <?xml-model target="http://www.tei-c.org/release/xml/tei/custom/schema/relaxng/tei_all.rng" type="application/xml" schematypens="http://relaxng.org/ns/structure/1.0"?>
    <?xml-model target="http://www.tei-c.org/release/xml/tei/custom/schema/relaxng/tei_all.rng" type="application/xml"
            schematypens="http://purl.oclc.org/dsdl/schematron"?>
    <TEI xmlns="http://www.tei-c.org/ns/1.0">
       <teiHeader>
          <fileDesc>
             <titleStmt>
                <title>Письмо №20. Гр. С. Н. Толстому.</title>
             </titleStmt>
             <publicationStmt>
                <publisher>TolstoyLab</publisher>
                <date when="2015-09-14">14 September 2015</date>
             </publicationStmt>
             <sourceDesc>
                <biblStruct>
                   <analytic>
                      <author>Толстой Л.Н.</author>
                   </analytic>
                   <monogr>
                      <title level="m">Полное собрание сочинений. Том 60</title>
                      <imprint>
                         <pubPlace>Москва</pubPlace>
                         <publisher>Государственное издательство "Художественная литература"</publisher>
                         <date when="1949"/>
                      </imprint>
                   </monogr>
                   <series>
                      <title level="s">Л.Н. Толстой. Полное собрание сочинений</title>
                      <biblScope unit="vol">60</biblScope>
                   </series>
                </biblStruct>
				<bibl>Впервые опубликовано в Б. I, 3, стр. 323—325. Год определяется содержанием и записью в Дневнике под 17 августа 1856 г. (т. 47, стр. 90).</bibl>
             </sourceDesc>
          </fileDesc>
          <encodingDesc>
             <tagsDecl> </tagsDecl>
          </encodingDesc>
          <profileDesc>
             <correspDesc>
                <correspAction type="sending">
                   <persName ref="PersonList.xml#L_N_Tolstoy">Л. Н. Толстой</persName>
                   <placeName ref="PlacesListxml#PLACE">Я. П.</placeName>
                   <date when="1856-08-18">1856 г. Августа 18.</date>            </correspAction>
                <correspAction type="receiving">
                   <persName ref="PersonList.xml#RECEIVER">Гр. С. Н. Толстому</persName>
                </correspAction>
                <correspContext>
                   <ref type="prev"></ref>
                </correspContext>
             </correspDesc>
          </profileDesc>
       </teiHeader>
       <xenoData><number type="in a volume">20</number></xenoData>

              <text xml:id="gr.S.N.Tolstomu_20">
	<body><div>
		<opener index="false">
20. Гр. С. Н. Толстому.
1856 г. Августа 18. Я. П.</opener>
<p rend="left">Посылаю тебе, любезный друг Сережа, письмо Валериана<note xml:id="note1" resp="volume_editor" index="false"> Письмо гр. В. П. Толстого неизвестно (см. т. 47, стр. 90).</note> ко мне, из которого ты узнаешь о Николинькиных планах, которые я нахожу между прочим ужасно нелепыми. Впрочем отвечай как знаешь, я буду на всё согласен. В Москву я еще приехать не сбираюсь. Нешто 25-го и то едва ли; хочется дописать первую половину Юности и привезти ее с собой. — Собак мне привели, лошадь я купил славную, но два раза ездил в наездку,<note xml:id="note2" resp="volume_editor" index="false"> Наездка — осенняя охота верхом с борзыми на лежащего в поле зайца.</note> не видал ни одного. На днях поеду с Афросимовым.<note xml:id="note3" resp="volume_editor" index="false"> Павел Александрович Офросимов (1799—1877) — сын тульского помещика. С П. А. Офросимовым Толстого сближала охота.</note> Мы уже ездили с ним в засеку и распугали там выводок волков. — Мы с тетинькой<note xml:id="note4" resp="volume_editor" index="false"> Т. А. Ергольская.</note> то, что тебе нужно многое сказать,<note xml:id="note5" resp="volume_editor" index="false"> «нужно многое сказать» — слова из несохранившегося письма С. Н. Толстого из Москвы.</note> перевели так, что ты думаешь жениться, но Нат[алья] Петр[овна],<note xml:id="note6" resp="volume_editor" index="false"> Н. П. <hi style="opdelimiter">Охотницкая.</hi><hi style="opnumber">80</hi></note> приехав из Тулы, объяснила нам, что ты вызываешь к себе Машу<note xml:id="note7" resp="volume_editor" index="false"> Тульская цыганка Мария Михаиловна Шишкина (1832—1919). впоследствии жена С. Н. Толстого (см. т. 61).</note>, и мы разочаровались. — Прощай, очень кланяйся Волконским<note xml:id="note8" resp="volume_editor" index="false"> Троюродный брат Толстого по матери кн. Александр Алексеевич Волконский (о нем см. прим. 4 к п. № 5) и его жена Луиза Ивановна (рожд. Трузсон) — прототип в «Войне и мире» маленькой княгини Болконской.</note> и Трусону<note xml:id="note9" resp="volume_editor" index="false"> Федор Иванович Трузсон, брат кн. Л. И. Волконской.</note> и отпиши, в Москве ли Толстые;<note xml:id="note10" resp="volume_editor" index="false"> Александра Андреевна и ее сестра Елизавета Андреевна Толстые.</note> да действуй уже теперь, что[бы] уехать в конце месяца, а то нескоро вырвешься. Охота же уж с неделю как ушла.</p>
<p rend="right">Твой Г. Л. Толстой.</p>
<p rend="left">18 Августа.</p>
<comments><p rend="Textpetit_otstup left">Впервые опубликовано в Б. I, 3, стр. 323—325. Год определяется содержанием и записью в Дневнике под 17 августа 1856 г. (т. 47, стр. 90).</p>
<p rend="Textpetit_otstup left"><hi>1</hi> Письмо гр. В. П. Толстого неизвестно (см. т. 47, стр. 90).</p>
<p rend="petit left"><hi>2</hi> Наездка — осенняя охота верхом с борзыми на лежащего в поле зайца.</p>
<p rend="petit left"><hi>3</hi> Павел Александрович Офросимов (1799—1877) — сын тульского помещика. С П. А. Офросимовым Толстого сближала охота.</p>
<p rend="petit left"><hi>4</hi> Т. А. Ергольская.</p>
<p rend="petit left"><hi>5</hi> «нужно многое сказать» — слова из несохранившегося письма С. Н. Толстого из Москвы.</p>
<p rend="petit left"><hi>6</hi> Н. П. <hi style="opdelimiter">Охотницкая.</hi><hi style="opnumber">80</hi></p>
<p rend="petit left"><hi>7</hi> Тульская цыганка Мария Михаиловна Шишкина (1832—1919). впоследствии жена С. Н. Толстого (см. т. 61).</p>
<p rend="petit left"><hi>8</hi> Троюродный брат Толстого по матери кн. Александр Алексеевич Волконский (о нем см. прим. 4 к п. № 5) и его жена Луиза Ивановна (рожд. Трузсон) — прототип в «Войне и мире» маленькой княгини Болконской.</p>
<p rend="petit left"><hi>9</hi> Федор Иванович Трузсон, брат кн. Л. И. Волконской.</p>
<p rend="petit left"><hi>10</hi> Александра Андреевна и ее сестра Елизавета Андреевна Толстые.</p>
</comments></div></body>
        </text>
        </TEI>