<?xml version="1.0" encoding="UTF-8"?>
    <!-- <?xml-stylesheet type="text/xsl" target="../resources/MJT/myletter.xsl"?> -->
    <?xml-stylesheet type="css" target="graves.css"?>
    <?xml-model target="http://www.tei-c.org/release/xml/tei/custom/schema/relaxng/tei_all.rng" type="application/xml" schematypens="http://relaxng.org/ns/structure/1.0"?>
    <?xml-model target="http://www.tei-c.org/release/xml/tei/custom/schema/relaxng/tei_all.rng" type="application/xml"
            schematypens="http://purl.oclc.org/dsdl/schematron"?>
    <TEI xmlns="http://www.tei-c.org/ns/1.0">
       <teiHeader>
          <fileDesc>
             <titleStmt>
                <title>Письмо №73. В. П. Боткину и А. В. Дружинину.</title>
             </titleStmt>
             <publicationStmt>
                <publisher>TolstoyLab</publisher>
                <date when="2015-09-14">14 September 2015</date>
             </publicationStmt>
             <sourceDesc>
                <biblStruct>
                   <analytic>
                      <author>Толстой Л.Н.</author>
                   </analytic>
                   <monogr>
                      <title level="m">Полное собрание сочинений. Том 60</title>
                      <imprint>
                         <pubPlace>Москва</pubPlace>
                         <publisher>Государственное издательство "Художественная литература"</publisher>
                         <date when="1949"/>
                      </imprint>
                   </monogr>
                   <series>
                      <title level="s">Л.Н. Толстой. Полное собрание сочинений</title>
                      <biblScope unit="vol">60</biblScope>
                   </series>
                </biblStruct>
             </sourceDesc>
          </fileDesc>
          <encodingDesc>
             <tagsDecl> </tagsDecl>
          </encodingDesc>
          <profileDesc>
             <correspDesc>
                <correspAction type="sending">
                   <persName ref="PersonList.xml#L_N_Tolstoy">Л. Н. Толстой</persName>
                   <placeName ref="PlacesListxml#PLACE">Кларан.</placeName>
                   <date when="1857-05-01">1857 г. Мая 1</date>            </correspAction>
                <correspAction type="receiving">
                   <persName ref="PersonList.xml#RECEIVER">В. П. Боткину и А. В. Дружинину</persName>
                </correspAction>
                <correspContext>
                   <ref type="prev"></ref>
                </correspContext>
             </correspDesc>
          </profileDesc>
       </teiHeader>
       <xenoData><number type="in a volume">73</number></xenoData>

              <text xml:id="V.P.BotkinuiA.V.Druzhininu_73">
	<body><div>
		<opener index="false">
73. В. П. Боткину и А. В. Дружинину.
1857 г. Мая 1/13. Кларан.</opener>
<p rend="left">Я писал вам два письма, любезные друзья, в Россию,<note xml:id="note1" resp="volume_editor" index="false"> Два письма В. П. Боткину из-за границы — это № 59 и № 64, написанные Толстым из Парижа. Последнее письмо, как предполагает Толстой ниже, не застало А. В. Дружинина и В. П. Боткина на месте, так как оба они в середине апреля выехали за границу во Флоренцию.</note> извещая вас о том, что я из Парижа по разным моральным причинам уехал и поселился на берегу Женевского озера в Canton de Vaud, Clarens, Pension Ketterer<note xml:id="note2" resp="volume_editor" index="false"> [Кантон де Воо, Кларан, пансион Кеттерера]</note> (так пишите мне). Но как кажется, судя по вашему последнему письму,<note xml:id="note3" resp="volume_editor" index="false"> Письмо В. П. Боткина к Толстому неизвестно.</note> я опоздал и вы не знаете, где я. Планов у меня как и при выезде, так и до сих пор нет никаких; но предполагаю, что останусь здесь долго, во-первых, потому, что тут прекрасно мне жить, а во-вторых, потому, что денег у меня очень мало, и до получения из деревни и не хочу рисковать остаться без гроша, предпринимая поездки. Одну я могу сделать, это поездку к вам во Флоренцию, ежели вы не намерены приехать сюда и пробудете там долго. Как мне и головой и сердцем хочется вас видеть обоих, милые друзья, об этом, я думаю, бесполезно говорить. Сошелся я тут с кой какими русскими, нисколько ничем не замечательными людьми, но милыми и добрыми, притом весна, и я, хотя говорю себе, что надо, надо работать, и чувствую, что надо, ничего не делаю, а шляюсь то пешком, то в лодочке по всем берегам озера. Нынче только вернулся из путешествия по Савое. Два восхитительные дня!<note xml:id="note4" resp="volume_editor" index="false"> 28 апреля/10 мая Толстой поехал из Кларана в Женеву, а 30 апреля/12 мая выехал в Кларан, но обратный путь Толстой совершил, вместе с М. И. Пущиным, по южному савойскому берегу Женевского озера, причем, доехав до Тонона, небольшого городка с целебными минеральными источниками, путники отправились пешком до Амфиона — местечка с железистыми водами в 5 километрах от Тонона, где переночевали, а наутро, выйдя в 6 часов, в 9 часов были в Мейери — местечке на южном берегу Женевского озера (в 12 километрах от Веве), а из Мейери на лодке через Женевское озеро в Кларан и прибыли на место 1/13 мая в 12 ч. дня.</note> Я даже, ежели вы потребуете меня к себе во Флоренцию, думаю пойти пешком. С вами ли Григорович? Это грустно, ежели его нет. Судя по последнему письму Тургенева, он должен быть теперь в Лондоне вместе с Некрасовым. — Так до свиданья.</p>
<p rend="right">Ваш Гр. Л. Толстой.</p>
<p rend="left">1/13 <hi style="opdelimiter">Мая.</hi><hi style="opnumber">187</hi></p>
<comments><p rend="Textpetit_otstup left"><hi style="npnumber">188</hi><hi style="npdelimiter">Впервые</hi> опубликовано в ТПТ, 4, стр. 24—25, как письмо к одному Боткину.</p>
<p rend="petit left">На обороте второго листа письма, свободном от текста, рукою Толстого в разных направлениях написано: «Voie de France, par la voie de France, en Savoie». Год определяется содержанием и записью в Дневнике Толстого под 1/13 мая 1857 г., т. 47, стр. 128.</p>
<p rend="Textpetit_otstup left"><hi>1</hi> Два письма В. П. Боткину из-за границы — это № 59 и № 64, написанные Толстым из Парижа. Последнее письмо, как предполагает Толстой ниже, не застало А. В. Дружинина и В. П. Боткина на месте, так как оба они в середине апреля выехали за границу во Флоренцию.</p>
<p rend="petit left"><hi>2</hi> [Кантон де Воо, Кларан, пансион Кеттерера]</p>
<p rend="petit left"><hi>3</hi> Письмо В. П. Боткина к Толстому неизвестно.</p>
<p rend="petit left"><hi>4</hi> 28 апреля/10 мая Толстой поехал из Кларана в Женеву, а 30 апреля/12 мая выехал в Кларан, но обратный путь Толстой совершил, вместе с М. И. Пущиным, по южному савойскому берегу Женевского озера, причем, доехав до Тонона, небольшого городка с целебными минеральными источниками, путники отправились пешком до Амфиона — местечка с железистыми водами в 5 километрах от Тонона, где переночевали, а наутро, выйдя в 6 часов, в 9 часов были в Мейери — местечке на южном берегу Женевского озера (в 12 километрах от Веве), а из Мейери на лодке через Женевское озеро в Кларан и прибыли на место 1/13 мая в 12 ч. дня.</p>
</comments></div></body>
        </text>
        </TEI>