<?xml version="1.0" encoding="UTF-8"?>
    <!-- <?xml-stylesheet type="text/xsl" target="../resources/MJT/myletter.xsl"?> -->
    <?xml-stylesheet type="css" target="graves.css"?>
    <?xml-model target="http://www.tei-c.org/release/xml/tei/custom/schema/relaxng/tei_all.rng" type="application/xml" schematypens="http://relaxng.org/ns/structure/1.0"?>
    <?xml-model target="http://www.tei-c.org/release/xml/tei/custom/schema/relaxng/tei_all.rng" type="application/xml"
            schematypens="http://purl.oclc.org/dsdl/schematron"?>
    <TEI xmlns="http://www.tei-c.org/ns/1.0">
       <teiHeader>
          <fileDesc>
             <titleStmt>
                <title>Письмо №138. В. П. Боткину.</title>
             </titleStmt>
             <publicationStmt>
                <publisher>TolstoyLab</publisher>
                <date when="2015-09-14">14 September 2015</date>
             </publicationStmt>
             <sourceDesc>
                <biblStruct>
                   <analytic>
                      <author>Толстой Л.Н.</author>
                   </analytic>
                   <monogr>
                      <title level="m">Полное собрание сочинений. Том 60</title>
                      <imprint>
                         <pubPlace>Москва</pubPlace>
                         <publisher>Государственное издательство "Художественная литература"</publisher>
                         <date when="1949"/>
                      </imprint>
                   </monogr>
                   <series>
                      <title level="s">Л.Н. Толстой. Полное собрание сочинений</title>
                      <biblScope unit="vol">60</biblScope>
                   </series>
                </biblStruct>
             </sourceDesc>
          </fileDesc>
          <encodingDesc>
             <tagsDecl> </tagsDecl>
          </encodingDesc>
          <profileDesc>
             <correspDesc>
                <correspAction type="sending">
                   <persName ref="PersonList.xml#L_N_Tolstoy">Л. Н. Толстой</persName>
                   <placeName ref="PlacesListxml#PLACE">Я. П.</placeName>
                   <date when="1859-05-11">1859 г. Мая 11.</date>            </correspAction>
                <correspAction type="receiving">
                   <persName ref="PersonList.xml#RECEIVER">В. П. Боткину</persName>
                </correspAction>
                <correspContext>
                   <ref type="prev">Ответ на письмо В. П. Боткина от 6 мая 1859 г. (см. там же, стр. 70—72).</ref>
                </correspContext>
             </correspDesc>
          </profileDesc>
       </teiHeader>
       <xenoData><number type="in a volume">138</number></xenoData>

              <text xml:id="V.P.Botkinu_138">
	<body><div>
		<opener index="false">
138. В. П. Боткину.
1859 г. Мая 11. Я. П.</opener>
<p rend="left">[[1]] старой институтки! Да! C’est le moi!<note xml:id="note1" resp="volume_editor" index="false"> [Это точное определение!]</note> — Ну да чорт с ней. Теперь так черемухой и ландышем пахнет. Благодарствуйте за ваше письмо и твердую откровенность. Поверите ли, как вспомню только содержание милой повести или читая найду что-нибудь напоминающее, краснею и вскрикиваю. — Вам надо какую-нибудь cure<note xml:id="note2" resp="volume_editor" index="false"> [лечение]</note> от ваших карбункулов. Едва ли я теперь приеду в Москву, во-первых, от стыда,<note xml:id="note3" resp="volume_editor" index="false"> Стыда, вызванного выходом в свет «Семейного счастья». См. п. № 136.</note> во-вторых, от того, что уже вода деревенской лени сошлась у меня над головой, я сам чувствую. Посылайте душку Дружинина ко мне, поделитесь.<note xml:id="note4" resp="volume_editor" index="false"> В. П. Боткин писал 13 мая Толстому: «Дружинин приехал в Москву третьего дня и порывается в Ясную Поляну, но я сказал ему, что вы располагали скоро быть в Москве — и затем он не знает, ехать ли к вам или ждать вас» (ТПТ, 4, стр. 75).</note> А весной и жениться кажется, что не зачем, и так хорошо, и кажется, что всегда должно быть хорошо. — Прощайте, напишите когда нибудь. —</p>
<p rend="right">Ваш Л. Толстой.</p>
<p rend="left">11 <hi style="opdelimiter">Мая.</hi><hi style="opnumber">298</hi></p>
<comments><p rend="Textpetit_otstup left"><hi style="npnumber">299</hi><hi style="npdelimiter">Впервые</hi> опубликовано в TПT, 4, стр. 73. Ответ на письмо В. П. Боткина от 6 мая 1859 г. (см. там же, стр. 70—72).</p>
<p rend="Textpetit_otstup left"><hi>1</hi> [Это точное определение!]</p>
<p rend="petit left"><hi>2</hi> [лечение]</p>
<p rend="petit left"><hi>3</hi> Стыда, вызванного выходом в свет «Семейного счастья». См. п. № 136.</p>
<p rend="petit left"><hi>4</hi> В. П. Боткин писал 13 мая Толстому: «Дружинин приехал в Москву третьего дня и порывается в Ясную Поляну, но я сказал ему, что вы располагали скоро быть в Москве — и затем он не знает, ехать ли к вам или ждать вас» (ТПТ, 4, стр. 75).</p>
</comments></div></body>
        </text>
        </TEI>