<?xml version="1.0" encoding="UTF-8"?>
    <!-- <?xml-stylesheet type="text/xsl" target="../resources/MJT/myletter.xsl"?> -->
    <?xml-stylesheet type="css" target="graves.css"?>
    <?xml-model target="http://www.tei-c.org/release/xml/tei/custom/schema/relaxng/tei_all.rng" type="application/xml" schematypens="http://relaxng.org/ns/structure/1.0"?>
    <?xml-model target="http://www.tei-c.org/release/xml/tei/custom/schema/relaxng/tei_all.rng" type="application/xml"
            schematypens="http://purl.oclc.org/dsdl/schematron"?>
    <TEI xmlns="http://www.tei-c.org/ns/1.0">
       <teiHeader>
          <fileDesc>
             <titleStmt>
                <title>Письмо №88. Гр. А. А. Толстой.</title>
             </titleStmt>
             <publicationStmt>
                <publisher>TolstoyLab</publisher>
                <date when="2015-09-14">14 September 2015</date>
             </publicationStmt>
             <sourceDesc>
                <biblStruct>
                   <analytic>
                      <author>Толстой Л.Н.</author>
                   </analytic>
                   <monogr>
                      <title level="m">Полное собрание сочинений. Том 60</title>
                      <imprint>
                         <pubPlace>Москва</pubPlace>
                         <publisher>Государственное издательство "Художественная литература"</publisher>
                         <date when="1949"/>
                      </imprint>
                   </monogr>
                   <series>
                      <title level="s">Л.Н. Толстой. Полное собрание сочинений</title>
                      <biblScope unit="vol">60</biblScope>
                   </series>
                </biblStruct>
				<bibl>Впервые опубликовано в ПТ, стр. 79—81. Письмо отмечено в Дневнике под 19 августа 1857 г., т. 47, стр. 152.</bibl>
             </sourceDesc>
          </fileDesc>
          <encodingDesc>
             <tagsDecl> </tagsDecl>
          </encodingDesc>
          <profileDesc>
             <correspDesc>
                <correspAction type="sending">
                   <persName ref="PersonList.xml#L_N_Tolstoy">Л. Н. Толстой</persName>
                   <placeName ref="PlacesListxml#PLACE">Я. П.</placeName>
                   <date when="1857-08-18">1857 г. Августа 18.</date>            </correspAction>
                <correspAction type="receiving">
                   <persName ref="PersonList.xml#RECEIVER">Гр. А. А. Толстой</persName>
                </correspAction>
                <correspContext>
                   <ref type="prev"></ref>
                </correspContext>
             </correspDesc>
          </profileDesc>
       </teiHeader>
       <xenoData><number type="in a volume">88</number></xenoData>

              <text xml:id="gr.A.A.Tolstoj_88">
	<body><div>
		<opener index="false">
88. Гр. А. А. Толстой.
1857 г. Августа 18. Я. П.
</opener><p rend="right">Ясная Поляна, 18 Августа.</p>

<p rend="Obrashenie left">Драгоценная бабушка!</p>
<p rend="left">На счастье пускаю это письмо в Остенд, хотя и боюсь, что оно вас не застанет; но теперь, сидя один в деревне и невольно перебирая свои воспоминания, вижу, что изо всей моей заграничной жизни воспоминание о вас для меня самое милое, дорогое и серьезное, и мне душой хочется писать вам — живее и ближе воображать вас. Написав это, я долго сидел и думал, не потому, чтоб не знал, что писать, напротив, слишком много хочется вам сказать такого, что не понравится вашей скромности. Вы сами говорите, что в деревне все чувства разростаются в громадные размеры, и моя дружба к вам здесь разрослась в такую неукладистую дружбищу, что, ежели говорить про нее, вы, пожалуй, скажете опять, что я вечно живу на парадоксах. Ну, да что говорить об этом — вы тем-то и чудесная бабушка, что вы этого не хотите знать; а в милой Алекс[андре] Александровне<note xml:id="note1" resp="volume_editor" index="false"> Александра Александровна Воейкова (1819—1893) — фрейлина в. кн. Марии Николаевны.</note> видите гениальный ум и ученость, а во мне доброту и разные хорошие качества. И что удивительно, что эта непонятная скромность находится где же? <hi>в трубе!</hi><note xml:id="note2" resp="volume_editor" index="false"> О «трубе» см. прим. 1 к п. № 71.</note> Право, это гораздо удивительнее, чем ежели бы соленый огурец вырос на кусте розана.</p>
<p rend="left">В Дрездене<note xml:id="note3" resp="volume_editor" index="false"> В Дрездене Толстой пробыл с 24 июля/5 августа до половины дня 26 июля/7 августа 1857 г.</note> я к радости и удивленью моему встретил милейшего Филемона в седом парике и Бавкиду,<note xml:id="note4" resp="volume_editor" index="false"> Филемон и Бавкида — в греческой мифологии примерная супружеская чета. Так Толстой называл супругов Пущиных М. И. и М. Я.</note> вышедшую из Смольного,<note xml:id="note5" resp="volume_editor" index="false"> Смольный институт «для воспитания благородных девиц» в Петербурге; открыт в 1764 г. в Смольном дворце, принадлежавшем императрице Елизавете Петровне.</note> и с ними доехал до Петербурга. Разумеется, не раз мы с этими милыми друзьями побранили вас, и М[ихаил] И[ванович],<note xml:id="note6" resp="volume_editor" index="false"> М. И. Пущин.</note> поковыривая ноготь об ноготь, с недоумением говорил: да, удивительная... и вдруг под седыми бровями, в круглых честных глазах оказывалось что-то в роде слезинок. В Дрездене еще совершенно неожиданно встретил К. Львову.<note xml:id="note7" resp="volume_editor" index="false"> Кж. Александра Владимировна Львова, которой увлекался в те годы Толстой и на которой ему советовала жениться А. А. Толстая. См. ее письмо от 29—31 августа 1857 г., ПТ, стр. 82—83. См. также записи в Дневнике (т. 47, стр. 149).</note> Я был в наиудобнейшем настроении духа, для того, чтобы влюбиться: проигрался, был недоволен собой, совершенно празден (по моей теории любовь состоит в желании забыться, и поэтому так же, как сон, чаще находит на человека, когда недоволен собой или несчастлив). К. Львова красивая, умная, честная натура; я изо всех сил желал влюбиться, виделся с ней много, и никакого! Что это, ради Бога? Что я за урод такой? <hi style="opdelimiter">Видно,</hi><hi style="opnumber">221</hi> <hi style="npnumber">222</hi><hi style="npdelimiter">у</hi> меня недостает чего-то. И вот чего, мне кажется: хоть крошечной порции fatuité.<note xml:id="note8" resp="volume_editor" index="false"> [самоуверенности.]</note> Мне кажется, что большая часть влюбляющихся людей сходятся вот как: видятся часто, оба кокетничают и, наконец, убеждаются, что влюбили в себя респективно один другого; а потом уж в благодарность за воображаемую любовь сами начинают любить. Но как же мне, всегда внимательно наблюдающему за женщиной, с которой я схожусь, ту меру отвращения, которое я ей вселяю своей персоной, как же мне поддаться на этот милый обман? А впрочем, Бог с ним совсем, с этим десертом, пора перестать заботиться о сладиньких кушаньях, когда седина в голову. Благодарю Бога и за то, что он мне дал существенное, т. е. способность любить, хоть это по-вашему, может быть, и парадоксы, но я так решил себе.</p>
<p rend="left">В Петербурге меня задержали целую неделю и здоровье и литературные дела, несмотря на то, я не был у K. H.,<note xml:id="note9" resp="volume_editor" index="false"> Екатерина Николаевна Шостак, рожд. Исленьева, была очень близка с Александрой Андреевной Толстой. См. т, 47, прим. 558, стр. 304.</note> потому что забыл совсем. В России скверно, скверно, скверно. В Петербурге, в Москве все что-то кричат, негодуют, ожидают чего-то, а в глуши тоже происходит патриархальное варварство, воровство и беззаконие. Поверите ли, что, приехав в Россию, я долго боролся с чувством отвращения к родине и теперь только начинаю привыкать ко всем ужасам, которые составляют вечную обстановку нашей жизни. Я знаю, что вы не одобрите этого, но что ж делать — большой друг Платон, но еще больший друг правда,<note xml:id="note10" resp="volume_editor" index="false"> Толстой имеет в виду слова греческого философа Аристотеля (384— 322 до н. э.) о философе Платоне (427—347 до н. э.).</note> говорит пословица. Ежели бы вы видели, как я в одну неделю, как барыня на улице палкой била свою девку, как становой велел мне сказать, чтобы я прислал ему воз сена, иначе он не даст законного билета моему человеку, как в моих глазах чиновник избил до полусмерти 70-тилетнего больного старика за то, что чиновник зацепил за него, как мой бурмистр, желая услужить мне, наказал загулявшего садовника тем, что кроме побой послал его босого по жневью стеречь стадо, и радовался, что у садовника все ноги были в ранах,<note xml:id="note11" resp="volume_editor" index="false"> См. записи в Дневнике под 8, 9 и 11 августа и в Записной книжке 8 августа.</note> — вот, ежели бы это всё видели и пропасть другого, тогда бы вы поверили мне, что в России жизнь постоянный, вечный труд и борьба с своими чувствами. Благо, что есть спасенье — мир моральный, мир искусств, поэзии и привязанностей. Здесь никто, ни становой, ни бурмистр мне не мешают, сижу один, ветер воет, грязь, холод, а я скверно, тупыми пальцами разыгрываю Бетховена и проливаю слезы умиленья, или читаю Илиаду,<note xml:id="note12" resp="volume_editor" index="false"> Толстой читал «Илиаду» Гомера в переводе Гнедича. См. записи в Дневнике, т. 47, стр. 152, 153, 154.</note> или сам выдумываю людей, женщин, живу с ними, мараю <hi style="opdelimiter">бумагу,</hi><hi style="opnumber">222</hi> <hi style="npnumber">223</hi><hi style="npdelimiter">или</hi> думаю, как теперь, о людях, которых люблю. Вы и не думаете того, а я теперь вижу вас гораздо яснее и лучше, чем какой-нибудь Принц Вурстемберской,<note xml:id="note13" resp="volume_editor" index="false"> Под «принцем Вурстемберским» (каламбур, пародия на «Вюртембергский», по-немецки Wurst—колбаса) Толстой разумеет принца Александра Гессенского (1832—1888), офицера русской службы.</note> который уставил на вас свои лошадиные буркулы. Сестра здоровее и веселей, чем была прежде. Ежели начать писать о ней, то письмо не кончится. От души целую ваши и бабушки Лизы руки, славному Ребиндеру<note xml:id="note14" resp="volume_editor" index="false"> Константин Григорьевич Ребиндер (ум. 1886 г.) — в то время воспитатель сыновей в. кн. Марьи <hi style="opdelimiter">Николаевны.</hi><hi style="opnumber">223</hi></note> желаю успеху, твердости духа и дружески жму руку.</p>
<lb/>
<p rend="left"><hi>На полях</hi>, <hi>поперек страницы:</hi></p>
<p rend="left">Деньги пошлю в Петербург или как велите.<note xml:id="note15" resp="volume_editor" index="false"> О долге Толстого А. А. Толстой см. п. № 86.</note> Адрес мой: В Тулу. Напишите словечко, ведь я, без шуток, изо всех сил обрадуюсь вашему письму.</p>
<comments><p rend="Textpetit_otstup left">Впервые опубликовано в ПТ, стр. 79—81. Письмо отмечено в Дневнике под 19 августа 1857 г., т. 47, стр. 152.</p>
<p rend="Textpetit_otstup left"><hi>1</hi> Александра Александровна Воейкова (1819—1893) — фрейлина в. кн. Марии Николаевны.</p>
<p rend="petit left"><hi>2</hi> О «трубе» см. прим. 1 к п. № 71.</p>
<p rend="petit left"><hi>3</hi> В Дрездене Толстой пробыл с 24 июля/5 августа до половины дня 26 июля/7 августа 1857 г.</p>
<p rend="petit left"><hi>4</hi> Филемон и Бавкида — в греческой мифологии примерная супружеская чета. Так Толстой называл супругов Пущиных М. И. и М. Я.</p>
<p rend="petit left"><hi>5</hi> Смольный институт «для воспитания благородных девиц» в Петербурге; открыт в 1764 г. в Смольном дворце, принадлежавшем императрице Елизавете Петровне.</p>
<p rend="petit left"><hi>6</hi> М. И. Пущин.</p>
<p rend="petit left"><hi>7</hi> Кж. Александра Владимировна Львова, которой увлекался в те годы Толстой и на которой ему советовала жениться А. А. Толстая. См. ее письмо от 29—31 августа 1857 г., ПТ, стр. 82—83. См. также записи в Дневнике (т. 47, стр. 149).</p>
<p rend="petit left"><hi>8</hi> [самоуверенности.]</p>
<p rend="petit left"><hi>9</hi> Екатерина Николаевна Шостак, рожд. Исленьева, была очень близка с Александрой Андреевной Толстой. См. т, 47, прим. 558, стр. 304.</p>
<p rend="petit left"><hi>10</hi> Толстой имеет в виду слова греческого философа Аристотеля (384— 322 до н. э.) о философе Платоне (427—347 до н. э.).</p>
<p rend="petit left"><hi>11</hi> См. записи в Дневнике под 8, 9 и 11 августа и в Записной книжке 8 августа.</p>
<p rend="petit left"><hi>12</hi> Толстой читал «Илиаду» Гомера в переводе Гнедича. См. записи в Дневнике, т. 47, стр. 152, 153, 154.</p>
<p rend="petit left"><hi>13</hi> Под «принцем Вурстемберским» (каламбур, пародия на «Вюртембергский», по-немецки Wurst—колбаса) Толстой разумеет принца Александра Гессенского (1832—1888), офицера русской службы.</p>
<p rend="petit left">О встрече с ним Толстого у А. А. Толстой в Франкфурте она рассказывает в своих воспоминаниях (см. ПТ, стр. 12).</p>
<p rend="petit left"><hi>14</hi> Константин Григорьевич Ребиндер (ум. 1886 г.) — в то время воспитатель сыновей в. кн. Марьи <hi style="opdelimiter">Николаевны.</hi><hi style="opnumber">223</hi></p>
<p rend="petit left"><hi>15</hi> О долге Толстого А. А. Толстой см. п. № 86.</p>
<p rend="petit left">На это письмо Толстого А. А. Толстая ответила из Остенде 29—31 августа 1857 г. (см. ІІТ, стр. 81—84).</p>
</comments></div></body>
        </text>
        </TEI>