<?xml version="1.0" encoding="UTF-8"?>
    <!-- <?xml-stylesheet type="text/xsl" target="../resources/MJT/myletter.xsl"?> -->
    <?xml-stylesheet type="css" target="graves.css"?>
    <?xml-model target="http://www.tei-c.org/release/xml/tei/custom/schema/relaxng/tei_all.rng" type="application/xml" schematypens="http://relaxng.org/ns/structure/1.0"?>
    <?xml-model target="http://www.tei-c.org/release/xml/tei/custom/schema/relaxng/tei_all.rng" type="application/xml"
            schematypens="http://purl.oclc.org/dsdl/schematron"?>
    <TEI xmlns="http://www.tei-c.org/ns/1.0">
       <teiHeader>
          <fileDesc>
             <titleStmt>
                <title>Письмо №306. H. Н. Страхову.</title>
             </titleStmt>
             <publicationStmt>
                <publisher>TolstoyLab</publisher>
                <date when="2015-09-14">14 September 2015</date>
             </publicationStmt>
             <sourceDesc>
                <biblStruct>
                   <analytic>
                      <author>Толстой Л.Н.</author>
                   </analytic>
                   <monogr>
                      <title level="m">Полное собрание сочинений. Том 61</title>
                      <imprint>
                         <pubPlace>Москва</pubPlace>
                         <publisher>Государственное издательство "Художественная литература"</publisher>
                         <date when="1953"/>
                      </imprint>
                   </monogr>
                   <series>
                      <title level="s">Л.Н. Толстой. Полное собрание сочинений</title>
                      <biblScope unit="vol">61</biblScope>
                   </series>
                </biblStruct>
				<bibl>Впервые опубликовано в ПС, № 1.</bibl>
             </sourceDesc>
          </fileDesc>
          <encodingDesc>
             <tagsDecl> </tagsDecl>
          </encodingDesc>
          <profileDesc>
             <correspDesc>
                <correspAction type="sending">
                   <persName ref="PersonList.xml#L_N_Tolstoy">Л. Н. Толстой</persName>
                   <placeName ref="PlacesListxml#PLACE">Я. П.</placeName>
                   <date when="1870-03-19">1870 г. Марта 19.</date>            </correspAction>
                <correspAction type="receiving">
                   <persName ref="PersonList.xml#RECEIVER">H. Н. Страхову</persName>
                </correspAction>
                <correspContext>
                   <ref type="prev"></ref>
                </correspContext>
             </correspDesc>
          </profileDesc>
       </teiHeader>
       <xenoData><number type="in a volume">306</number></xenoData>

              <text xml:id="H__N__Straxovu_306">
	<body><div>
		<opener index="false">
306. H. Н. Страхову. Неотправленное.
1870 г. Марта 19. Я. П.</opener>
<p rend="right">19 марта 1870.</p>
<p rend="Obrashenie">Милостивый государь!</p>
<p rend="left">Я с большим удовольствием прочел вашу статью о женщинах и обеими руками подписываюсь под ее выводы; но одна уступка, кот[орую] вы делаете о женщинах бесполых, мне кажется, портит всё дело. Таких женщин нет, как нет четвероногих <hi style="opdelimiter">людей.</hi><hi style="opnumber">231</hi></p>
<p rend="left"><hi style="npnumber">232</hi><hi style="npdelimiter">Отрожавшая</hi> женщина и не нашедшая мужа женщина все-таки женщина, и если мы будем иметь в виду не то людское общество, кот[орое] обещают нам устроить Милли и пр., а то, которое существует и всегда существовало по вине непризнаваемого ими <hi>кого-то</hi>, мы увидим, что никакой надобности нет придумывать исход для отрожавшихся и не нашедших мужа женщин: на этих женщин без контор, кафедр и телеграфов всегда есть и было требование, превышающее предложение. — Повивальные бабки, няньки, экономки, распутные женщины. Никто не сомневается в необходимости и недостатке пов[ивальных] бабок, и всякая несемейная женщина, не хотящая распутничать телом и душою, не будет искать кафедры, а пойдет насколько умеет помогать родильницам. <hi>Няньки</hi> — в самом обширном народном смысле. Тетки, бабки, сестры это няньки, находящие себе в семье в высшей степени ценимое призвание. Где семья, в кот[орой] бы не было такой няньки, кроме нанятой? И счастлива та семья и те дети, где она есть. И женщина, не хотящая распутничать душой и телом, вместо телеграфной конторы всегда выберет это призвание, — даже не выберет, а сама собой нечаянно впадет в эту колею и с сознанием пользы и любви пойдет по ней до смерти. Не говорю о наемных няньках, кот[орых] мы выписывали из Швейцарии, Англии, Германии.</p>
<p rend="left">Под экономками, кроме наемных, опять я разумею тещ, матерей, сестер, теток, бездетных жен. Опять призвание женственное, в высшей степени полезное и достойное. Не знаю, почему для достоинства женщины — человека вообще выше передавать чужие депеши или писать рапорты, чем соблюдать состояние семьи и здоровье ее членов.</p>
<p rend="left">Вы, может быть, удивитесь, что в число этих почетных званий я включаю и несчастных б.... Это я обязан сделать потому, что мои доводы строятся не на том, что бы мне желательно было, а на том, что есть и всегда было. Эти несчастные всегда были и есть и, по-моему, было бы безбожием и бессмыслием допускать, что бог ошибся, устроив это так, и еще больше ошибся Христос, объявив прощение одной из них. Я только смотрю на то, что есть, стараюсь понять, для чего оно есть. То, что этот род женщин нужен, нам доказывает то, что мы выписали их из Европы; то же, для чего они необходимы, нетрудно понять, если мы только допустим то, что всегда <hi style="opdelimiter">было,</hi><hi style="opnumber">232</hi> <hi style="npnumber">233</hi><hi style="npdelimiter">что</hi> род человеческий развивается только в семье. Семья только в самом первобытном и простом быту может держаться без помощи магдалин, как это мы видим в глуши, в мелких деревнях; но чуть только является большое скопление в центрах — большие села, маленькие города, большие города — столицы, так являются они и всегда соразмерно величине центра. Только земледелец, никогда не отлучающийся от дома, может, женившись молодым, оставаться верным своей жене и она ему, но в усложненных формах жизни, мне кажется очевидным, что это невозможно (в массе, разумеется). Что же было делать тем законам, кот[орые] управляют миром? Остановить скопление центров и развитие? Это противоречило другим целям. Допустить свободную перемену жен и мужей (как этого хотят пустобрехи либералы) — это тоже не входило в цели провидения по причинам ясным для нас — это разрушало семью. И потому по закону экономии сил явилось среднее — появление магдалин, соразмерное усложнению жизни. Представьте себе Лондон без своих 80 т[ысяч] магдалин. Что бы сталось с семьями? Много ли бы удержалось жен, дочерей чистыми? Что бы сталось с законами нравственности, кот[орые] так любят блюсти люди. Мне кажется, что этот класс женщин <hi>необходим</hi> для семьи, при теперешних усложненных формах жизни. —<note xml:id="note1" resp="volume_editor" index="false"> В статье «Так что же нам делать?», написанной в 1882—1886 гг., Толстой по-иному подходит к этому вопросу: он считает проституцию социальным злом, а не необходимостью. Так же решает он этот вопрос и в написанном в 1890 г. рассказе «Франсуаза» (по Мопассану). См. тт. 25 и 27. В сборнике «На каждый день», составленном в 1908 г., Толстой писал: «Для того, чтобы ясно понять весь ужас, всю превратность устройства жизни европейского христианского общества, довольно только вспомнить о том, что в этих обществах считается необходимостью существование женщин, долженствующих удовлетворять уродливые требования мужчин» (т. 43, стр. 132).</note> Так что, если мы только не будем думать, что общественное устройство произошло по воле каких-то дураков и злых людей, как это думают Милли, а по воле, непости[жи]мой нам, то нам будет ясно место, занимаемое в нем несемейной женщиной. —</p>
<p rend="left">Они смотрят с точки зрения гордости, т. е. желания показать, что они устроят мир лучше, чем он устроен, и потому ничего не видят; но стоит только посмотреть с точки зрения существующего, и всё станет ясно. Они говорят о женщине хорошо. Призвание женщины все-таки главное — рождение, воспитание, кормление детей. Мишеле<note xml:id="note2" resp="volume_editor" index="false"> Жюль Мишле (1798—1874) — французский историк, автор книг «L’amour» и «La femme», вышедших в 1856 и 1859 гг. и посвященных защите брака и семьи.</note> прекрасно говорит, что есть только женщина, а что мужчина есть le mâle de la femme.<note xml:id="note3" resp="volume_editor" index="false"> [самец женщины.]</note> Посмотрите же на эту женщину, исполняющую свой прямой долг. Тот, кто жил с женщиной и любил ее, тот знает, что у э[той] женщины, рожающей в продолжение 10, 15 лет, бывает период, в котором она бывает подавлена трудом. Она носит или кормит; старших надо учить, одевать, кормить, болезни, воспитание, муж и вместе с тем темперамент, кот[орый] должен действовать, ибо она должна рожать. В этом периоде <hi style="opdelimiter">женщина</hi><hi style="opnumber">233</hi> <hi style="npnumber">234</hi><hi style="npdelimiter">бывает,</hi> как в тумане напряжения, она должна выказать упругость энергии непостижимую, если бы мы не видали ее. Это вроде того, как наши северн[ые] мужики в 3 мес[яца] лета убирают поля. В этом-то периоде представьте себе женщину, подлежащую искушениям всей толпы неженатых кобелей, у к[оторых] нет магдалин, и главное — представьте себе женщину без помощи других несемейных женщин — сестер, матерей, теток, нянек. И где есть женщина, управившаяся одна в этом периоде? — Так какое же нужно еще назначение несемейным женщинам? они все разойдутся в помощницы рожающим, и всё их будет мало, и всё будут мереть дети от недосмотра и будут от недосмотра дурно накормлены и воспитаны.</p>
<comments><p rend="Textpetit_otstup left">Впервые опубликовано в ПС, № 1.</p>
<p rend="petit left">Первое письмо Толстого к H. Н. Страхову. Вызвано его статьей «Женский вопрос» («Заря», 1870, 2, стр. 107—149), по поводу книги английского философа и экономиста Джона-Стюарта Милля (1806—1873) «Подчиненность женщины». Перевод с предисловием Н. К. Михайловского, Спб. 1869, или «О подчиненности женщин». Перевод под редакцией и с предисловием Г. Е. Благосветлова, Спб. 1869.</p>
<p rend="petit left">На письме пометка Страхова: «Не посланное. 19 марта 1870».</p>
<p rend="petit left">Николай Николаевич Страхов (1828—1896) — философ-идеалист и критик, активный сотрудник славянофильских журналов «Время», «Заря» и др.</p>
<p rend="petit left">В течение ряда лет Страхов был помощником Толстого в его литературных делах: под его наблюдением печаталась «Азбука», он держал корректуры «Анны Карениной», при его участии было издано в 1873 г. собрание сочинений Толстого. С 1871 г. Страхов летом почти ежегодно бывал в Ясной Поляне.</p>
<p rend="petit left">Толстой был в постоянной переписке с Страховым вплоть до его смерти. Значительная часть писем опубликована под заглавием: «Переписка Л. Н. Толстого с H. Н. Страховым», изд. «Общества Толстовского музея», Спб. 1914. Кроме того, двадцать четыре письма Толстого к Страхову опубликованы в ТТ, 2, стр. 25—66; двадцать шесть писем — в «Литературном наследстве», № 37-38; тридцать шесть писем — в сборнике статей и материалов «Лев Николаевич Толстой», изд. АН СССР, М. 1951; отдельные письма в других изданиях.</p>
<p rend="petit left">H. H. Страхов написал ряд статей о Толстом: о журнале «Ясная Поляна», романах «Война и мир» и «Анна Каренина» и др. В этих статьях, содержащих ряд верных наблюдений и замечаний, Страхов оценивает творчество писателя в целом со славянофильских позиций, искажая, таким образом, его идейную <hi style="opdelimiter">сущность.</hi><hi style="opnumber">234</hi></p>
<p rend="Textpetit_otstup left"><hi>1</hi> В статье «Так что же нам делать?», написанной в 1882—1886 гг., Толстой по-иному подходит к этому вопросу: он считает проституцию социальным злом, а не необходимостью. Так же решает он этот вопрос и в написанном в 1890 г. рассказе «Франсуаза» (по Мопассану). См. тт. 25 и 27. В сборнике «На каждый день», составленном в 1908 г., Толстой писал: «Для того, чтобы ясно понять весь ужас, всю превратность устройства жизни европейского христианского общества, довольно только вспомнить о том, что в этих обществах считается необходимостью существование женщин, долженствующих удовлетворять уродливые требования мужчин» (т. 43, стр. 132).</p>
<p rend="petit left"><hi>2</hi> Жюль Мишле (1798—1874) — французский историк, автор книг «L’amour» и «La femme», вышедших в 1856 и 1859 гг. и посвященных защите брака и семьи.</p>
<p rend="petit left"><hi>3</hi> [самец женщины.]</p>
</comments></div></body>
        </text>
        </TEI>