<?xml version="1.0" encoding="UTF-8"?>
    <!-- <?xml-stylesheet type="text/xsl" target="../resources/MJT/myletter.xsl"?> -->
    <?xml-stylesheet type="css" target="graves.css"?>
    <?xml-model target="http://www.tei-c.org/release/xml/tei/custom/schema/relaxng/tei_all.rng" type="application/xml" schematypens="http://relaxng.org/ns/structure/1.0"?>
    <?xml-model target="http://www.tei-c.org/release/xml/tei/custom/schema/relaxng/tei_all.rng" type="application/xml"
            schematypens="http://purl.oclc.org/dsdl/schematron"?>
    <TEI xmlns="http://www.tei-c.org/ns/1.0">
       <teiHeader>
          <fileDesc>
             <titleStmt>
                <title>Письмо №* 172. Гр. H. Н. и C. H. Толстым.</title>
             </titleStmt>
             <publicationStmt>
                <publisher>TolstoyLab</publisher>
                <date when="2015-09-14">14 September 2015</date>
             </publicationStmt>
             <sourceDesc>
                <biblStruct>
                   <analytic>
                      <author>Толстой Л.Н.</author>
                   </analytic>
                   <monogr>
                      <title level="m">Полное собрание сочинений. Том 60</title>
                      <imprint>
                         <pubPlace>Москва</pubPlace>
                         <publisher>Государственное издательство "Художественная литература"</publisher>
                         <date when="1949"/>
                      </imprint>
                   </monogr>
                   <series>
                      <title level="s">Л.Н. Толстой. Полное собрание сочинений</title>
                      <biblScope unit="vol">60</biblScope>
                   </series>
                </biblStruct>
             </sourceDesc>
          </fileDesc>
          <encodingDesc>
             <tagsDecl> </tagsDecl>
          </encodingDesc>
          <profileDesc>
             <correspDesc>
                <correspAction type="sending">
                   <persName ref="PersonList.xml#L_N_Tolstoy">Л. Н. Толстой</persName>
                   <placeName ref="PlacesListxml#PLACE">Я. П.</placeName>
                   <date when="1860-06-04">1860 г. Июня 4.</date>            </correspAction>
                <correspAction type="receiving">
                   <persName ref="PersonList.xml#RECEIVER">Гр. H. Н. и C. H. Толстым</persName>
                </correspAction>
                <correspContext>
                   <ref type="prev"></ref>
                </correspContext>
             </correspDesc>
          </profileDesc>
       </teiHeader>
       <xenoData><number type="in a volume">172</number></xenoData>

              <text xml:id="gr.H.N.iS.N.Tolstym_172">
	<body><div>
		<opener index="false">
* 172. Гр. H. Н. и C. H. Толстым.
1860 г. Июня 4. Я. П.</opener>
<p rend="left">Очень хорошо, что вы написали и так акуратно. Уж пожалуйста так же и продолжайте. Что деньги вы взяли, это ничего. Мы, т. е. я с Машинькой, были в Туле, чтобы получать паспорт, в тот самой день, как получили ваше письмо. Паспорт мы получили и в тот же день с знакомым (Скопиным,<note xml:id="note1" resp="volume_editor" index="false"> Владимир Петрович Скопин — учитель русского языка и словесности в тульской гимназии.</note> из гимназии) послали 250 р., чтобы взять места к 1-му Июля. — Как я посмотрел на Машиньку с Морельской,<note xml:id="note2" resp="volume_editor" index="false"> См. прим. 4 к п. № 161.</note> то, право, чувствуешь, что нельзя их отпустить одних, и очень может быть, что я поеду с ними. Был я в Пирогове и застал там В. Горчакова,<note xml:id="note3" resp="volume_editor" index="false"> Кн. Василий Сергеевич Горчаков (1833—1906) — четвероюродный брат Толстого по матери.</note> я постараюсь увидать его еще и попробую попросить его взять надсмотр над Пироговым и Ясном на лето. Для этого нужна политика, и поэтому как еще придется. — От Горохова<note xml:id="note4" resp="volume_editor" index="false"> Павел Митрофанович Горохов (1817—1877) — помещик Каширского и Крапивенского (село Долгое) уездов. Изображен Григоровичем в повести «Проселочные дороги» под именем Бобохова. Ему в 1854 г. Валерьян Петрович Толстой продал на своз большой яснополянский дом в бытность Толстого на Кавказе.</note> получил тотчас же после твоего отъезда, в ответ на твое — письмо, в котором он пишет, что весьма удивляется, как это Елагин,<note xml:id="note5" resp="volume_editor" index="false"> Николай Павлович Елагин (1801—1863), в 1844—1849 гг. бывший товарищем председателя Тульской палаты гражданского суда.</note> которого он часто видел, ничего ему не говорил о твоем порученьи. Письмо, впрочем, очень любезное.<note xml:id="note6" resp="volume_editor" index="false"> Письмо Горохова к Толстому не сохранилось.</note> Советую тебе оставить их на всё время твоего отсутствия одних, они свидятся, и так или иначе дело обозначится — шила в мешке не утаишь. — А главное, ты прав, то и чорт с ними. — Еще вот как я тебя успокаиваю. Продали у тебя тимофей по 2 р. 75 к., продают или продали 2 избы за 120, и продали двух гнедых жеребцов по оценке и 4 кобыл из молодых тоже по оценке. Лошадей продали без меня и без моего приказания. И ежели так будут продавать, то продадут по оценке лошадей 30, а остальные засядут на вечные времена; поэтому я всех лучших, самых видных лошадей прибавил против оценки и велел не спускать, пока не сойдут с рук плохие. Кроме того, есть покупатели на весь завод,<note xml:id="note7" resp="volume_editor" index="false"> У С. Н. Толстого в Пирогове был конный завод, который был продан в 1860 г.</note> а продать хорошеньких, то завода никто не купит. Я себе отобрал лошадей на 1300 р., которых возьму, ежели за них не дадут лишнего против оценки или ежели не купят весь завод вместе. В том и другом случае я отступлюсь. Вообще будьте спокойны. Без шуток. Егор Михайлов<note xml:id="note8" resp="volume_editor" index="false"> Егор Михайлович — управляющий Пироговым, выведенный в лице Егора Михайловича в «Поликушке».</note> мне очень понравился, т. е. все его распоряжения у тебя, исключая продажи лошадей. Покупатели на всё (как на сбрую, на телеги, на избы) показываются, и я уверен, что к осени всё продастся. Торопиться не нужно. Теперь в конторе слишком 700 р. сер. ни к <hi style="opdelimiter">чему</hi><hi style="opnumber">339</hi> <hi style="npnumber">340</hi><hi style="npdelimiter">не</hi> нужные. Клеверу было посеяно 3 дес., и я велел еще посеять 5 дес. так, чтобы составилась <hi>1</hi>/<sub>3</sub> 4-го поля, к которому другую и третью треть ты можешь прибавить весною на будущий год. — Людей всех распустили, кроме садовника, которого просила Маша.<note xml:id="note10" resp="volume_editor" index="false"> Цыганка Марья Михайловна Шишкина, жена С. Н. Толстого.</note> Еще месяц его продержу.</p>
<p rend="left">[<hi>1 неразобр</hi>.] я распёк за то, что в волках завелась моль, и велел пересыпать камфарой. Навоз 4 дня тому назад при мне начали возить с конного двора. Солому я велел прибрать в омет. Охота в Никольском благополучна. Убежали Порхай и Лихарка,<hi>10 </hi>за которыми при мне приехал Трофим<note xml:id="note11" resp="volume_editor" index="false"> Трофим — егерь H. Н. Толстого.</note> и взял. Маша скучает, но в Москву не едет. Сличали мы твои письма и сообща решили, что предпринимать по ним ничего не будем, а подождем еще письма в таком же духе, чтобы ты меньше имел повода раскаяваться. Приехать же ей к тебе не невозможно.<hi>12 </hi>— Мужики просили хлебушка (немного), я им ничего не дал, разумеется. — Николай Сергеевич<note xml:id="note12" resp="volume_editor" index="false"> Н. С. Воейков.</note> больше пребывает у Маши и очень мил. Машенька с детьми теперь у меня и завтра едет в Пирогово. Она здорова, весела и приятна, тетинька тоже, у меня всё хорошо. Проводив ее, думаю таки пойти ходить пешком, но очень не надолго, поэтому вы продолжайте писать ко мне и поручать, ежели что нужно, я акуратности своей не изменю. Что ты играл, это очень, очень нехорошо.<note xml:id="note13" resp="volume_editor" index="false"> Об этом писал 27 мая С. Н. Толстой.</note> Нехорошо и то, что от Содена<note xml:id="note14" resp="volume_editor" index="false"> Соден — лечебная станция в Пруссии, в провинции Гессен-Нассау.</note> недалеко Вис-Баден<note xml:id="note15" resp="volume_editor" index="false"> Висбаден — город в прусской провинции Гессен-Нассау; климатическая станция.</note> и рулетка. Тебе решительно надо сказать себе, что не будешь больше играть; а то с рулеткой ей Богу это может кончиться печально. В Никольском всё хорошо. Петр Е[встратьевич] жив, здоров, Михайла приехал, я еще с ним не говорил, подумаю, нельзя ли ему дать место. — Он мне очень нравится. Пожалуйста напишите мне поподробнее о ваших респективных здоровьях и вообще</p>
<p rend="left">о Содене. Именно вот какие пункты: 1) какой кому назначен курс? 2) Где вы живете? 3) С кем водитесь — знакомыми? Я знаю тамошние порядки и по этим 3 пунктам всё соображу. Прощайте, не пишется так себе об пустяках, а что вам интересно, кажется, всё написал. Держите régime с твердостью, чтоб не даром пропало леченье, и не предавайтесь пасмурности.<note xml:id="note16" resp="volume_editor" index="false"> К письму Толстого две приписки: сестры М. Н. Толстой и Т. А. Ергольской, с датой 4 июня 1860 г.</note></p>
<p rend="right">Л. Толстой.</p>
<comments><p rend="Textpetit_otstup left">Письмо является ответом на письма С. Н. и H. Н. Толстых от 27 мая 1860 г. из Петербурга, куда они приехали, чтобы ехать морем в Германию. Письмо H. Н. Толстого не сохранилось, письмо С. Н. Толстого хранится в ГТМ <hi style="opdelimiter">(неопубликовано).</hi><hi style="opnumber">340</hi></p>
<p rend="Textpetit_otstup left"><hi>1</hi> Владимир Петрович Скопин — учитель русского языка и словесности в тульской гимназии.</p>
<p rend="petit left"><hi>2</hi> См. прим. 4 к п. № 161.</p>
<p rend="petit left"><hi>3</hi> Кн. Василий Сергеевич Горчаков (1833—1906) — четвероюродный брат Толстого по матери.</p>
<p rend="petit left"><hi>4</hi> Павел Митрофанович Горохов (1817—1877) — помещик Каширского и Крапивенского (село Долгое) уездов. Изображен Григоровичем в повести «Проселочные дороги» под именем Бобохова. Ему в 1854 г. Валерьян Петрович Толстой продал на своз большой яснополянский дом в бытность Толстого на Кавказе.</p>
<p rend="petit left"><hi>5</hi> Николай Павлович Елагин (1801—1863), в 1844—1849 гг. бывший товарищем председателя Тульской палаты гражданского суда.</p>
<p rend="petit left"><hi>6</hi> Письмо Горохова к Толстому не сохранилось.</p>
<p rend="petit left"><hi>7</hi> У С. Н. Толстого в Пирогове был конный завод, который был продан в 1860 г.</p>
<p rend="petit left"><hi>8</hi> Егор Михайлович — управляющий Пироговым, выведенный в лице Егора Михайловича в «Поликушке».</p>
<p rend="petit left"><hi>9</hi> Цыганка Марья Михайловна Шишкина, жена С. Н. Толстого.</p>
<p rend="petit left"><hi>10</hi> Охотничьи собаки.</p>
<p rend="petit left"><hi>11</hi> Трофим — егерь H. Н. Толстого.</p>
<p rend="petit left"><hi>12</hi> С. Н. Толстой писал 27 мая: «Ужасно жалею, что не послушался твоего совета и не взял Машу, есть ли бы можно было как-нибудь сюда доставить, я бы это непременно сделал, но это невозможно».</p>
<p rend="petit left"><hi>13</hi> Н. С. Воейков.</p>
<p rend="petit left"><hi>14</hi> Об этом писал 27 мая С. Н. Толстой.</p>
<p rend="petit left"><hi>15</hi> Соден — лечебная станция в Пруссии, в провинции Гессен-Нассау.</p>
<p rend="petit left"><hi>16</hi> Висбаден — город в прусской провинции Гессен-Нассау; климатическая станция.</p>
<p rend="petit left"><hi>17</hi> К письму Толстого две приписки: сестры М. Н. Толстой и Т. А. Ергольской, с датой 4 июня 1860 г.</p>
</comments></div></body>
        </text>
        </TEI>
