<?xml version="1.0" encoding="UTF-8"?>
    <!-- <?xml-stylesheet type="text/xsl" target="../resources/MJT/myletter.xsl"?> -->
    <?xml-stylesheet type="css" target="graves.css"?>
    <?xml-model target="http://www.tei-c.org/release/xml/tei/custom/schema/relaxng/tei_all.rng" type="application/xml" schematypens="http://relaxng.org/ns/structure/1.0"?>
    <?xml-model target="http://www.tei-c.org/release/xml/tei/custom/schema/relaxng/tei_all.rng" type="application/xml"
            schematypens="http://purl.oclc.org/dsdl/schematron"?>
    <TEI xmlns="http://www.tei-c.org/ns/1.0">
       <teiHeader>
          <fileDesc>
             <titleStmt>
                <title>Письмо №* 26. Т. А. Ергольской.</title>
             </titleStmt>
             <publicationStmt>
                <publisher>TolstoyLab</publisher>
                <date when="2015-09-14">14 September 2015</date>
             </publicationStmt>
             <sourceDesc>
                <biblStruct>
                   <analytic>
                      <author>Толстой Л.Н.</author>
                   </analytic>
                   <monogr>
                      <title level="m">Полное собрание сочинений. Том 59</title>
                      <imprint>
                         <pubPlace>Москва</pubPlace>
                         <publisher>Государственное издательство "Художественная литература"</publisher>
                         <date when="1935"/>
                      </imprint>
                   </monogr>
                   <series>
                      <title level="s">Л.Н. Толстой. Полное собрание сочинений</title>
                      <biblScope unit="vol">59</biblScope>
                   </series>
                </biblStruct>
				<bibl>Печатается по автографу, хранящемуся в АТБ. Публикуется впервые. Письмо написано, судя по содержанию, из Тулы. Датируем его предположительно февралем 1850 г., потому что в письме имеется вопрос о здоровье крестницы Толстого гр. Варвары Валерьяновны Толстой, родившейся 8 января 1850 г.</bibl>
             </sourceDesc>
          </fileDesc>
          <encodingDesc>
             <tagsDecl> </tagsDecl>
          </encodingDesc>
          <profileDesc>
             <correspDesc>
                <correspAction type="sending">
                   <persName ref="PersonList.xml#L_N_Tolstoy">Л. Н. Толстой</persName>
                   <placeName ref="PlacesListxml#PLACE">Тула.</placeName>
                   <date when="1850-02">1850 г. Февраль?</date>            </correspAction>
                <correspAction type="receiving">
                   <persName ref="PersonList.xml#RECEIVER">Т. А. Ергольской</persName>
                </correspAction>
                <correspContext>
                   <ref type="prev"></ref>
                </correspContext>
             </correspDesc>
          </profileDesc>
       </teiHeader>
       <xenoData><number type="in a volume">26</number></xenoData>

              <text xml:id="T.A.Ergolskoj_26">
	<body><div>
		<opener index="false">
* 26. Т. А. Ергольской.
1850 г. Февраль? Тула.
</opener>
<p rend="Obrashenie left">Chère tante!</p>
<p rend="left">Je vous envois des cartes et de l’huile pour les cheveux, pour ce qui est de l’argent je ne puis encore vous en envoyer. Depuis mon retour<note xml:id="note1" resp="volume_editor" index="false">Толстой, очевидно, ездил из Тулы в Покровское на крестины.</note> j’ai passé dix jours à Toula assez heureusement c’est à d. que je n’ai rien perdu excepté mon tems. La vente de Vorotinka<note xml:id="note2" resp="volume_editor" index="false">Малая Воротынка.</note> ne peut encore être faite mais j’attends d’un jour à l’autre les lettres de créance dont j’ai besoin pour cette affaire. —</p>
<p rend="left">Serge est revenu de Pétersbourg très sage, il est pour le moment à Pirogovo<note xml:id="note3" resp="volume_editor" index="false">Пирогово — имение Крапивенского уезда Тульской губернии. По разделу детей Толстых в 1847 г. Пирогово было поделено между Сергеем Николаевичем и Марьей Николаевной, причем Сергею Николаевичу достался господский дом и конский завод.</note> où il ne compte passer que quelques jours pour<note xml:id="note4" resp="volume_editor" index="false"> <hi>Зачеркнуто:</hi> pour aller.</note> vous faire visite. —</p>
<p rend="left">Comment va votre santé, celle de Marie et de ma filleule? —</p>
<p rend="left">Embrassez les bien tendrement de ma par[t] Adieu. —</p>
<lb/>
<p rend="left"><hi>Ha 3 странице</hi>:</p>
<p rend="left">Ея Высокоблагородію Татьянѣ Александровнѣ Ергольской.</p>
<p rend="Obrashenie petit left">Дорогая тетенька!</p>
<p rend="petit left">Посылаю вам карты и масло для волос; денег же еще не могу прислать. С приезда своего<note xml:id="note5" resp="volume_editor" index="false">Толстой, очевидно, ездил из Тулы в Покровское на крестины.</note> я провел в Туле десять дней довольно удачно, так <hi style="opdelimiter">как</hi><hi style="opnumber">55</hi> <hi style="npnumber">56</hi><hi style="npdelimiter">ничего</hi> не потерял кроме времени. Продажа Воротынки<note xml:id="note6" resp="volume_editor" index="false">Малая Воротынка.</note> еще не могла состояться; жду со дня на день доверенностей, которые мне необходимы для этого дела. — Сережа вернулся умницей из Петербурга; теперь он в Пирогове<note xml:id="note7" resp="volume_editor" index="false">Пирогово — имение Крапивенского уезда Тульской губернии. По разделу детей Толстых в 1847 г. Пирогово было поделено между Сергеем Николаевичем и Марьей Николаевной, причем Сергею Николаевичу достался господский дом и конский завод.</note> на несколько дней, а оттуда собирается к вам. — Как здоровье ваше, Машенькино и моей крестницы? —</p>
<p rend="petit left">Поцелуйте их нежно от меня. Прощайте.</p>
<comments><p rend="Textpetit_otstup left">Печатается по автографу, хранящемуся в АТБ. Публикуется впервые. Письмо написано, судя по содержанию, из Тулы. Датируем его предположительно февралем 1850 г., потому что в письме имеется вопрос о здоровье крестницы Толстого гр. Варвары Валерьяновны Толстой, родившейся 8 января 1850 г.</p>
<p rend="Textpetit_otstup left"><hi>1 </hi>Толстой, очевидно, ездил из Тулы в Покровское на крестины.</p>
<p rend="petit left"><hi>2 </hi>Малая Воротынка.</p>
<p rend="petit left"><hi>3 </hi>Пирогово — имение Крапивенского уезда Тульской губернии. По разделу детей Толстых в 1847 г. Пирогово было поделено между Сергеем Николаевичем и Марьей Николаевной, причем Сергею Николаевичу достался господский дом и конский завод.</p>
<p rend="petit left"><hi>4</hi> <hi>Зачеркнуто:</hi> pour aller.</p>
</comments></div></body>
        </text>
        </TEI>