<?xml version="1.0" encoding="UTF-8"?>
    <!-- <?xml-stylesheet type="text/xsl" target="../resources/MJT/myletter.xsl"?> -->
    <?xml-stylesheet type="css" target="graves.css"?>
    <?xml-model target="http://www.tei-c.org/release/xml/tei/custom/schema/relaxng/tei_all.rng" type="application/xml" schematypens="http://relaxng.org/ns/structure/1.0"?>
    <?xml-model target="http://www.tei-c.org/release/xml/tei/custom/schema/relaxng/tei_all.rng" type="application/xml"
            schematypens="http://purl.oclc.org/dsdl/schematron"?>
    <TEI xmlns="http://www.tei-c.org/ns/1.0">
       <teiHeader>
          <fileDesc>
             <titleStmt>
                <title>Письмо №228. A. A. Фету.</title>
             </titleStmt>
             <publicationStmt>
                <publisher>TolstoyLab</publisher>
                <date when="2015-09-14">14 September 2015</date>
             </publicationStmt>
             <sourceDesc>
                <biblStruct>
                   <analytic>
                      <author>Толстой Л.Н.</author>
                   </analytic>
                   <monogr>
                      <title level="m">Полное собрание сочинений. Том 60</title>
                      <imprint>
                         <pubPlace>Москва</pubPlace>
                         <publisher>Государственное издательство "Художественная литература"</publisher>
                         <date when="1949"/>
                      </imprint>
                   </monogr>
                   <series>
                      <title level="s">Л.Н. Толстой. Полное собрание сочинений</title>
                      <biblScope unit="vol">60</biblScope>
                   </series>
                </biblStruct>
             </sourceDesc>
          </fileDesc>
          <encodingDesc>
             <tagsDecl> </tagsDecl>
          </encodingDesc>
          <profileDesc>
             <correspDesc>
                <correspAction type="sending">
                   <persName ref="PersonList.xml#L_N_Tolstoy">Л. Н. Толстой</persName>
                   <placeName ref="PlacesListxml#PLACE">Москва.</placeName>
                   <date from="1862-01-10" to="1862-01-11">1862 г. Января 10 — 11?</date>            </correspAction>
                <correspAction type="receiving">
                   <persName ref="PersonList.xml#RECEIVER">A. A. Фету</persName>
                </correspAction>
                <correspContext>
                   <ref type="prev"></ref>
                </correspContext>
             </correspDesc>
          </profileDesc>
       </teiHeader>
       <xenoData><number type="in a volume">228</number></xenoData>

              <text xml:id="A.A.Fetu_228">
	<body><div>
		<opener index="false">
228. A. A. Фету.
1862 г. Января 10—11? Москва.
</opener><p rend="left">Тургенев — <hi>подлец</hi>, <hi>которого надобно бить</hi>, что я прошу вас передать ему так же акуратно, как вы передаете мне его милые изречения, несмотря на мои неоднократные просьбы о нем не говорить.</p>
<p rend="right">Гр. Л. Толстой.</p>
<p rend="left">И прошу вас не писать ко мне больше, ибо я ваших, так же как и Т[ургене]ва, писем распечатывать не буду.</p>
<comments><p rend="Textpetit_otstup left">Впервые (с пропусками) опубликовано А. А. Фетом в «Русском обозрении», 1890, I, стр. 71, а затем им же в «Моих воспоминаниях», I, стр. 374; полностью в книге H. Н. Гусева «Молодой Толстой», стр. 364. Датируется письмами И. С. Тургенева к Фету из Парижа от 7 и 14 января 1862 г.</p>
<p rend="petit left">Настоящее письмо Толстого, по всей вероятности, является ответом на недошедшее до нас письмо А. А. Фета, сообщившего Толстому содержание письма И. С. Тургенева от 7 января 1862 г. из Парижа (см. А. Фет, «Мои воспоминания», I, М. 1890, стр. 384). Сношения Толстого с Тургеневым прервались на 17 лет; что же касается отношений Толстого с Фетом, то они очень скоро возобновились. В письме к И. С. Тургеневу 1874 г. Фет рассказывает: «Однажды, делая сначала вид, что не замечает меня, в театральном маскараде, Толстой вдруг подошел ко мне и сказал: «Нет, на вас сердиться нельзя» и протянул мне руку» («М. М. Стасюлевич и его современники в их переписке», под редакцией М. К. Лемке, т. III, Спб. 1912, стр. 479).</p>
</comments></div></body>
        </text>
        </TEI>