<?xml version="1.0" encoding="UTF-8"?>
    <!-- <?xml-stylesheet type="text/xsl" target="../resources/MJT/myletter.xsl"?> -->
    <?xml-stylesheet type="css" target="graves.css"?>
    <?xml-model target="http://www.tei-c.org/release/xml/tei/custom/schema/relaxng/tei_all.rng" type="application/xml" schematypens="http://relaxng.org/ns/structure/1.0"?>
    <?xml-model target="http://www.tei-c.org/release/xml/tei/custom/schema/relaxng/tei_all.rng" type="application/xml"
            schematypens="http://purl.oclc.org/dsdl/schematron"?>
    <TEI xmlns="http://www.tei-c.org/ns/1.0">
       <teiHeader>
          <fileDesc>
             <titleStmt>
                <title>Письмо №83. Гр. А. А. Толстой.</title>
             </titleStmt>
             <publicationStmt>
                <publisher>TolstoyLab</publisher>
                <date when="2015-09-14">14 September 2015</date>
             </publicationStmt>
             <sourceDesc>
                <biblStruct>
                   <analytic>
                      <author>Толстой Л.Н.</author>
                   </analytic>
                   <monogr>
                      <title level="m">Полное собрание сочинений. Том 60</title>
                      <imprint>
                         <pubPlace>Москва</pubPlace>
                         <publisher>Государственное издательство "Художественная литература"</publisher>
                         <date when="1949"/>
                      </imprint>
                   </monogr>
                   <series>
                      <title level="s">Л.Н. Толстой. Полное собрание сочинений</title>
                      <biblScope unit="vol">60</biblScope>
                   </series>
                </biblStruct>
				<bibl>Впервые опубликовано в ПТ, стр. 76—77. Год определяется записью в Дневнике под 5/17 июля, т. 47, стр. 145.</bibl>
             </sourceDesc>
          </fileDesc>
          <encodingDesc>
             <tagsDecl> </tagsDecl>
          </encodingDesc>
          <profileDesc>
             <correspDesc>
                <correspAction type="sending">
                   <persName ref="PersonList.xml#L_N_Tolstoy">Л. Н. Толстой</persName>
                   <placeName ref="PlacesListxml#PLACE">Люцерн.</placeName>
                   <date when="1857-07-05">1857 г. Июля 5</date>            </correspAction>
                <correspAction type="receiving">
                   <persName ref="PersonList.xml#RECEIVER">Гр. А. А. Толстой</persName>
                </correspAction>
                <correspContext>
                   <ref type="prev"></ref>
                </correspContext>
             </correspDesc>
          </profileDesc>
       </teiHeader>
       <xenoData><number type="in a volume">83</number></xenoData>

              <text xml:id="gr.A.A.Tolstoj_83">
	<body><div>
		<opener index="false">
83. Гр. А. А. Толстой.
1857 г. Июля 5/17. Люцерн.</opener>
<p rend="left">Надеюсь, милая бабушка, что вы и не ожидали меня по нынешней погоде.<note xml:id="note1" resp="volume_editor" index="false"> Судя по записи Дневника, в этот день с утра шел дождь.</note> Я полагаю, что вы устали и ляжете спать теперь, как я это сделал, придя с Риги;<note xml:id="note2" resp="volume_editor" index="false"> Толстой поднимался на горный межозерный массив Риги с северного, более пологого, склона, от деревни Гольдау. Подробнее см. в т. 47, стр. 477, прим. 1945.</note> поэтому нейду к вам. Поедете ли вы нынче кругом озера?<note xml:id="note3" resp="volume_editor" index="false"> Фирвальдштетское озеро в Швейцарии; на его восточном берегу расположен Люцерн.</note> — Вообще ожидаю ваших приказаний. —</p>
<p rend="right">Ваш Гр. Л. Толстой.</p>
<p rend="left">17 июля.</p>
<p rend="left">Нет ли известий о моем псе?<note xml:id="note4" resp="volume_editor" index="false"> См. записи в Дневнике под 4/16, 5/17, 10/22 июля, т. 47, стр. 144, 146.</note></p>
<comments><p rend="Textpetit_otstup left">Впервые опубликовано в ПТ, стр. 76—77. Год определяется записью в Дневнике под 5/17 июля, т. 47, стр. 145.</p>
<p rend="Textpetit_otstup left"><hi>1</hi> Судя по записи Дневника, в этот день с утра шел дождь.</p>
<p rend="petit left"><hi>2</hi> Толстой поднимался на горный межозерный массив Риги с северного, более пологого, склона, от деревни Гольдау. Подробнее см. в т. 47, стр. 477, прим. 1945.</p>
<p rend="petit left"><hi>3</hi> Фирвальдштетское озеро в Швейцарии; на его восточном берегу расположен Люцерн.</p>
<p rend="petit left"><hi>4</hi> См. записи в Дневнике под 4/16, 5/17, 10/22 июля, т. 47, стр. 144, 146.</p>
<p rend="petit left">На обороте четвертой страницы письма рукой Толстого написано: «Eritis ut Deus» [«Будьте как бог»].</p>
<p rend="emptyline left"><hi style="opnumber">216</hi> <hi style="npnumber">217</hi></p>
</comments></div></body>
        </text>
        </TEI>