<?xml version="1.0" encoding="UTF-8"?>
    <!-- <?xml-stylesheet type="text/xsl" target="../resources/MJT/myletter.xsl"?> -->
    <?xml-stylesheet type="css" target="graves.css"?>
    <?xml-model target="http://www.tei-c.org/release/xml/tei/custom/schema/relaxng/tei_all.rng" type="application/xml" schematypens="http://relaxng.org/ns/structure/1.0"?>
    <?xml-model target="http://www.tei-c.org/release/xml/tei/custom/schema/relaxng/tei_all.rng" type="application/xml"
            schematypens="http://purl.oclc.org/dsdl/schematron"?>
    <TEI xmlns="http://www.tei-c.org/ns/1.0">
       <teiHeader>
          <fileDesc>
             <titleStmt>
                <title>Письмо №* 48. А. А. Краевскому.</title>
             </titleStmt>
             <publicationStmt>
                <publisher>TolstoyLab</publisher>
                <date when="2015-09-14">14 September 2015</date>
             </publicationStmt>
             <sourceDesc>
                <biblStruct>
                   <analytic>
                      <author>Толстой Л.Н.</author>
                   </analytic>
                   <monogr>
                      <title level="m">Полное собрание сочинений. Том 60</title>
                      <imprint>
                         <pubPlace>Москва</pubPlace>
                         <publisher>Государственное издательство "Художественная литература"</publisher>
                         <date when="1949"/>
                      </imprint>
                   </monogr>
                   <series>
                      <title level="s">Л.Н. Толстой. Полное собрание сочинений</title>
                      <biblScope unit="vol">60</biblScope>
                   </series>
                </biblStruct>
             </sourceDesc>
          </fileDesc>
          <encodingDesc>
             <tagsDecl> </tagsDecl>
          </encodingDesc>
          <profileDesc>
             <correspDesc>
                <correspAction type="sending">
                   <persName ref="PersonList.xml#L_N_Tolstoy">Л. Н. Толстой</persName>
                   <placeName ref="PlacesListxml#PLACE">Петербург.</placeName>
                   <date when="1856-12-31">1856 г. Декабря 31?</date>            </correspAction>
                <correspAction type="receiving">
                   <persName ref="PersonList.xml#RECEIVER">А. А. Краевскому</persName>
                </correspAction>
                <correspContext>
                   <ref type="prev"></ref>
                </correspContext>
             </correspDesc>
          </profileDesc>
       </teiHeader>
       <xenoData><number type="in a volume">48</number></xenoData>

              <text xml:id="A.A.Kraevskomu_48">
	<body><div>
		<opener index="false">
* 48. А. А. Краевскому.
1856 г. Декабря 31? Петербург.
</opener>
<p rend="Obrashenie left">Милостивый Государь </p>
<p rend="Obrashenie1_ left">Андрей Александрович!</p>
<p rend="left">Благодарю Вас за аккуратность и посылаю росписку. Сожалеть, что эта моя статья, надеюсь, будет последняя, право не чем Вам, скорее сожалеть мне. Я вчера непременно хотел быть у Вас, но меня задержал концерт. Ежели этот номер О[течественных] 3[аписок] не послан ко мне в деревню, то пожалуйста велите его принести мне. Да еще я бы был очень благодарен, ежели бы Вы прислали мне оттисков штучки 3 и позволили бы заплатить, что они стоят. Я сам виноват, что не сказал Вам этого прежде.</p>
<p rend="left">С истинным уважением и преданный остаюсь Ваш покорнейший слуга </p>
<p rend="right">Гр. Л. Толстой.</p>
<comments><p rend="Textpetit_otstup left">Датируется содержанием. Номер «Отечественных записок» с произведением Толстого «Утро помещика» вышел 11 декабря 1856 г.; концерт, помешавший Толстому зайти к А. А. Краевскому, был 30 декабря в университете, а письмо написано на другой <hi style="opdelimiter">день.</hi><hi style="opnumber">143</hi></p>
<p rend="petit left"><hi style="npnumber">144</hi><hi style="npdelimiter">Андрей</hi> Александрович Краевский (1810—1889) — журналист, издатель и редактор «Отечественных записок», «Голоса» и ряда других печатных органов. Подробнее см. т. 47, стр. 306—307.</p>
</comments></div></body>
        </text>
        </TEI>