<?xml version="1.0" encoding="UTF-8"?>
    <!-- <?xml-stylesheet type="text/xsl" target="../resources/MJT/myletter.xsl"?> -->
    <?xml-stylesheet type="css" target="graves.css"?>
    <?xml-model target="http://www.tei-c.org/release/xml/tei/custom/schema/relaxng/tei_all.rng" type="application/xml" schematypens="http://relaxng.org/ns/structure/1.0"?>
    <?xml-model target="http://www.tei-c.org/release/xml/tei/custom/schema/relaxng/tei_all.rng" type="application/xml"
            schematypens="http://purl.oclc.org/dsdl/schematron"?>
    <TEI xmlns="http://www.tei-c.org/ns/1.0">
       <teiHeader>
          <fileDesc>
             <titleStmt>
                <title>Письмо №135. Гр. А. А. Толстой.</title>
             </titleStmt>
             <publicationStmt>
                <publisher>TolstoyLab</publisher>
                <date when="2015-09-14">14 September 2015</date>
             </publicationStmt>
             <sourceDesc>
                <biblStruct>
                   <analytic>
                      <author>Толстой Л.Н.</author>
                   </analytic>
                   <monogr>
                      <title level="m">Полное собрание сочинений. Том 60</title>
                      <imprint>
                         <pubPlace>Москва</pubPlace>
                         <publisher>Государственное издательство "Художественная литература"</publisher>
                         <date when="1949"/>
                      </imprint>
                   </monogr>
                   <series>
                      <title level="s">Л.Н. Толстой. Полное собрание сочинений</title>
                      <biblScope unit="vol">60</biblScope>
                   </series>
                </biblStruct>
				<bibl>Впервые опубликовано в ПТ, № 23, с редакторской датой «[ок. 3 мая 1859 г.]». Датируется содержанием. Написано оно в два приема: «тотчас после получения» письма от А. А. Толстой и, как помечено во второй половине письма, 3 мая.</bibl>
             </sourceDesc>
          </fileDesc>
          <encodingDesc>
             <tagsDecl> </tagsDecl>
          </encodingDesc>
          <profileDesc>
             <correspDesc>
                <correspAction type="sending">
                   <persName ref="PersonList.xml#L_N_Tolstoy">Л. Н. Толстой</persName>
                   <placeName ref="PlacesListxml#PLACE">Я. П.</placeName>
                   <date when="1859-04">1859 г. Апреля</date>            </correspAction>
                <correspAction type="receiving">
                   <persName ref="PersonList.xml#RECEIVER">Гр. А. А. Толстой</persName>
                </correspAction>
                <correspContext>
                   <ref type="prev"></ref>
                </correspContext>
             </correspDesc>
          </profileDesc>
       </teiHeader>
       <xenoData><number type="in a volume">135</number></xenoData>

              <text xml:id="gr.A.A.Tolstoj_135">
	<body><div>
		<opener index="false">
135. Гр. А. А. Толстой.
1859 г. Апреля конец — мая 3. Я. П.</opener>
<p rend="left">Батюшки мои! Как вы меня. Ей Богу, не могу опомниться! Но без шуток, милая бабушка, я скверный, негодный, и сделал вам больно, но надо [ли] уж так жестоко наказывать? Всё, что вы говорите, и правда и неправда. Убеждения человека, не те, которые он рассказывает, а те, которые из всей жизни выжиты им, трудно понять другому, и вы не знаете моих. И ежели бы знали, то нападали бы не так. — Попробую, однако, сделать мою profession de foi.<note xml:id="note1" resp="volume_editor" index="false"> [исповедь.]</note> Ребенком я верил горячо, сантиментально и необдуманно, потом, лет 14, стал думать о жизни вообще и наткнулся на религию, которая не подходила под мои теории, и, разумеется, счел за заслугу разрушить ее. Без нее мне было очень покойно жить лет 10. Всё открывалось перед мной ясно, логично, подразделялось, и религии не было места. Потом пришло время, что всё стало открыто, тайн в жизни больше не было, но сама жизнь начала терять свой смысл. В это же время я был одинок и несчастлив, живя на Кавказе. Я стал думать так, как только раз в жизни люди имеют силу думать. У меня есть мои записки того времени, и теперь, перечитывая их, я не мог понять, чтобы человек мог дойти до такой степени умственной экзальтации, до которой я дошел тогда.<note xml:id="note2" resp="volume_editor" index="false"> См. Дневник Толстого за 1852—1853 гг. (т. 46, стр. 89—217).</note> Это было и мучительное, и хорошее время. Никогда, ни прежде, ни после, я не доходил до такой высоты мысли, не заглядывал <hi>туда</hi>, как в это время, продолжавшееся <hi>2 </hi>года. И всё, что я нашел тогда, навсегда останется моим убеждением. Я не могу иначе. Из 2 лет умственной работы я нашел простую, старую вещь, но которую я знаю так, как никто не знает, я нашел, что есть бессмертие, что есть любовь и что жить надо для другого, для того, чтобы быть счастливым вечно. Эти открытия удивили меня сходством с христианской религией, и я вместо того, чтобы открывать сам, стал искать их в Евангелии, но нашел мало. Я не нашел ни Бога, ни Искупителя, ни <hi>таинств</hi>, ничего; а искал всеми, всеми, всеми силами души, и плакал, и мучался, и ничего не желал, кроме истины. Ради Бога, не думайте, чтобы вы могли чуть-чуть понять из моих слов всю силу и сосредоточенность тогдашнего моего исканья. Это одна из тех тайн души, которые есть у каждого из нас; но могу сказать, что редко я встречал в <hi style="opdelimiter">людях</hi><hi style="opnumber">293</hi> <hi style="npnumber">294</hi><hi style="npdelimiter">такую</hi> страсть к истине, какая была в то время во мне. Так и остался с своей религией, и мне хорошо было жить с ней. Надо сказать еще.</p>
<p rend="left">3 Мая. Это было написано тотчас после получения вашего письма. Я остановился, потому что убедился, что всё это болтовня, которая не даст вам понятия о сотой доли того, что есть, и нечего продолжать. А так как я дал себе слово никогда не переделывать вам писем, посылаю вам и это. Дело в том, что я люблю, уважаю религию, считаю, что без нее человек не может быть ни хорош, ни счастлив, что я желал бы иметь ее больше всего на свете, что я чувствую, как без нее мое сердце сохнет с каждым годом, что я надеюсь еще и в короткие минуты как будто верю, но не имею религии и не верю. — Кроме того, жизнь у меня делает религию, а не религия жизнь. Когда я живу хорошо, я ближе к ней, мне кажется вот-вот совсем готов войти в этот счастливый мир, а когда живу дурно, мне кажется, что и не нужно ее. — Теперь, в деревне, я так гадок себе, такую сухость я чувствую в сердце, что страшно и гадко, и слышней необходимость. Бог даст, придет. Вы смеетесь над природой и соловьями. Она для меня проводник религии. У каждой души свой путь, и путь неизвестный, и только чувствуемой в глубине ее. Может быть, что я и вас люблю за тем только. — Ах, милый друг, бабушка. Пишите мне почаще. Мне так гадко, грустно теперь в деревне. Такой холод и сухость в душе, что страшно. Жить не зачем. Вчера мне пришли эти мысли с такой силой, как я стал спрашивать себя хорошенько: кому я делаю добро? кого люблю? — Никого! И грусти даже, и слез над самим собой нет. И раскаянье холодное. Так, рассужденья. Один труд остается. А что труд? Пустяки, — копаешься, хлопочешь, а сердце съуживается, сохнет, мрет. Я пишу вам это не для того, чтобы вы мне сказали, что это? что делать, утешили бы. Этого ничего нельзя. Пишу просто оттого, что люблю вас и что вы меня поймете; откроете окошечко в сердце, впустите туда весь этот внуковский вздор и опять запрете окошечко, — и alle right!<note xml:id="note3" resp="volume_editor" index="false"> [хорошо!]</note> <hi>Пожалуйста</hi>, <hi>не отвечайте даже про это.</hi> Главное, что я лгать не могу перед собой. Есть больная сестра, старая тетка, мужики, которым можно быть полезным, с которыми можно нежничать, но сердце молчит, а <hi>нарочно</hi> делать добро — стыдно. Тем более, что я испытал счастье (как ни редко) делать, не зная, <hi style="opdelimiter">нечаянно,</hi><hi style="opnumber">294</hi> <hi style="npnumber">295</hi><hi style="npdelimiter">от</hi> сердца. Сохнет, дервенеет, сжимается, и ничего не могу сделать. Вам надо не сердиться на нашего брата, не бранить, а жалеть и ласкать. Вам хорошо. У вас всегда есть, где обогреться душе, а у нас сохнет, чувствуешь, ужасаешься — и нет remed’a.<note xml:id="note4" resp="volume_editor" index="false"> [лекарства.]</note></p>
<p rend="left">Прощайте, кланяйтесь нашим и не забывайте меня. Что за глупости ваши Дворы и всякий вздор, мешавший вам писать мне. Кажется, внук, который любит вас, посерьезнее всех труб в мире. —</p>
<p rend="left">Сестра и тетка вас любят и помнят. — Еще горе у меня. Моя Анна, как я приехал в деревню и перечел ее, оказалась такая постыдная гадость, что я не могу опомниться от сраму, и, кажется, больше никогда писать не буду.<note xml:id="note5" resp="volume_editor" index="false"> «Анной» Толстой называл повесть «Семейное счастье». См. прим. 3 к п. № 127. В Дневнике под 3 мая Толстой записал: «Получил «С[емейное] С[частье]». — Это постыдная мерзость».</note> А она уж напечатана. И в этом не утешайте меня. Я знаю, что я знаю. Еще горе: хозяйство мое идет отвратительно, а я персеверирую,<note xml:id="note6" resp="volume_editor" index="false"> От французского persévérer — упорствовать.</note> и, кажется, скоро совсем разорюсь. И сверх того еще рожь пропала нынешний год. Вот теперь мне хочется смеяться и подпрыгивать. И только от того, что за 5 минут мне хотелось плакать и что я пишу вам. —</p>
<p rend="right">Л. Толстой.</p>
<p rend="left">3 Мая.</p>
<p rend="left">У нас погода первый день прекрасная.</p>
<comments><p rend="Textpetit_otstup left">Впервые опубликовано в ПТ, № 23, с редакторской датой «[ок. 3 мая 1859 г.]». Датируется содержанием. Написано оно в два приема: «тотчас после получения» письма от А. А. Толстой и, как помечено во второй половине письма, 3 мая.</p>
<p rend="petit left">Первая часть письма (до написанного 3 мая) является ответом Толстого на большое письмо А. А. Толстой, в котором она пишет о своем огорчении и по поводу протестов Толстого в письме от 15 апреля против церкви и говенья.</p>
<p rend="Textpetit_otstup left"><hi>1</hi> [исповедь.]</p>
<p rend="petit left"><hi>2</hi> См. Дневник Толстого за 1852—1853 гг. (т. 46, стр. 89—217).</p>
<p rend="petit left"><hi>3</hi> [хорошо!]</p>
<p rend="petit left"><hi>4</hi> [лекарства.]</p>
<p rend="petit left"><hi>5</hi> «Анной» Толстой называл повесть «Семейное счастье». См. прим. 3 к п. № 127. В Дневнике под 3 мая Толстой записал: «Получил «С[емейное] С[частье]». — Это постыдная мерзость».</p>
<p rend="petit left"><hi>6</hi> От французского persévérer — упорствовать.</p>
<p rend="emptyline left"><hi style="opnumber">295</hi> <hi style="npnumber">296</hi></p>
</comments></div></body>
        </text>
        </TEI>