<?xml version="1.0" encoding="UTF-8"?>
    <!-- <?xml-stylesheet type="text/xsl" target="../resources/MJT/myletter.xsl"?> -->
    <?xml-stylesheet type="css" target="graves.css"?>
    <?xml-model target="http://www.tei-c.org/release/xml/tei/custom/schema/relaxng/tei_all.rng" type="application/xml" schematypens="http://relaxng.org/ns/structure/1.0"?>
    <?xml-model target="http://www.tei-c.org/release/xml/tei/custom/schema/relaxng/tei_all.rng" type="application/xml"
            schematypens="http://purl.oclc.org/dsdl/schematron"?>
    <TEI xmlns="http://www.tei-c.org/ns/1.0">
       <teiHeader>
          <fileDesc>
             <titleStmt>
                <title>Письмо №142. Гр. М. Н. Толстой.</title>
             </titleStmt>
             <publicationStmt>
                <publisher>TolstoyLab</publisher>
                <date when="2015-09-14">14 September 2015</date>
             </publicationStmt>
             <sourceDesc>
                <biblStruct>
                   <analytic>
                      <author>Толстой Л.Н.</author>
                   </analytic>
                   <monogr>
                      <title level="m">Полное собрание сочинений. Том 60</title>
                      <imprint>
                         <pubPlace>Москва</pubPlace>
                         <publisher>Государственное издательство "Художественная литература"</publisher>
                         <date when="1949"/>
                      </imprint>
                   </monogr>
                   <series>
                      <title level="s">Л.Н. Толстой. Полное собрание сочинений</title>
                      <biblScope unit="vol">60</biblScope>
                   </series>
                </biblStruct>
				<bibl>Печатается по тексту, впервые опубликованному в «Русском слове», 1911, № 134, от 12 апреля. В публикациях датируется предположительно 1856 г., что безусловно неверно, так как 22 июня 1856 г. Толстой, как это видно из Дневника, никуда не ездил. Если письмо не относится к 1860-м гг., то может быть отнесено к 1859 <hi style="opdelimiter">г.</hi><hi style="opnumber">301</hi></bibl>
             </sourceDesc>
          </fileDesc>
          <encodingDesc>
             <tagsDecl> </tagsDecl>
          </encodingDesc>
          <profileDesc>
             <correspDesc>
                <correspAction type="sending">
                   <persName ref="PersonList.xml#L_N_Tolstoy">Л. Н. Толстой</persName>
                   <placeName ref="PlacesListxml#PLACE">Чернь.</placeName>
                   <date when="1859-06-22">1859? г. Июня 22.</date>            </correspAction>
                <correspAction type="receiving">
                   <persName ref="PersonList.xml#RECEIVER">Гр. М. Н. Толстой</persName>
                </correspAction>
                <correspContext>
                   <ref type="prev"></ref>
                </correspContext>
             </correspDesc>
          </profileDesc>
       </teiHeader>
       <xenoData><number type="in a volume">142</number></xenoData>

              <text xml:id="gr.M.N.Tolstoj_142">
	<body><div>
		<opener index="false">
142. Гр. М. Н. Толстой.
1859? г. Июня 22. Чернь.
</opener><p rend="right">Июня 22.</p>

<p rend="Obrashenie left">Милый друг Машенька.</p>
<p rend="left">Где ты? Мы все тебя потеряли. Я нынче в ночь выехал из Ясной и сейчас в Черни встретил Дьяковых. По нашим сведениям, в Пирогове<note xml:id="note1" resp="volume_editor" index="false"> Пирогово — имение Крапивенского уезда Тульской губернии, в 40 км. от Ясной Поляны. При разделе 1847 г. между детьми гр. Николая Ильича Толстого большая часть Пирогова отошла к С. Н. Толстому, а меньшая — к М. Н. Толстой.</note> тебя нет. Дьяковы же воображают, что ты у нас. Когда ты выезжаешь, ежели ты не выехала? Уж, избави Бог, не нездорова ли ты или кто-нибудь из твоих?</p>
<p rend="right">Гр. Л. Толстой.</p>
<comments><p rend="Textpetit_otstup left">Печатается по тексту, впервые опубликованному в «Русском слове», 1911, № 134, от 12 апреля. В публикациях датируется предположительно 1856 г., что безусловно неверно, так как 22 июня 1856 г. Толстой, как это видно из Дневника, никуда не ездил. Если письмо не относится к 1860-м гг., то может быть отнесено к 1859 <hi style="opdelimiter">г.</hi><hi style="opnumber">301</hi></p>
<p rend="Textpetit_otstup left"><hi>1</hi> Пирогово — имение Крапивенского уезда Тульской губернии, в 40 км. от Ясной Поляны. При разделе 1847 г. между детьми гр. Николая Ильича Толстого большая часть Пирогова отошла к С. Н. Толстому, а меньшая — к М. Н. Толстой.</p>
</comments></div></body>
        </text>
        </TEI>