<?xml version="1.0" encoding="UTF-8"?>
    <!-- <?xml-stylesheet type="text/xsl" target="../resources/MJT/myletter.xsl"?> -->
    <?xml-stylesheet type="css" target="graves.css"?>
    <?xml-model target="http://www.tei-c.org/release/xml/tei/custom/schema/relaxng/tei_all.rng" type="application/xml" schematypens="http://relaxng.org/ns/structure/1.0"?>
    <?xml-model target="http://www.tei-c.org/release/xml/tei/custom/schema/relaxng/tei_all.rng" type="application/xml"
            schematypens="http://purl.oclc.org/dsdl/schematron"?>
    <TEI xmlns="http://www.tei-c.org/ns/1.0">
       <teiHeader>
          <fileDesc>
             <titleStmt>
                <title>Письмо №* 198. Кн. А. Н. Дондуковой-Корсаковой.</title>
             </titleStmt>
             <publicationStmt>
                <publisher>TolstoyLab</publisher>
                <date when="2015-09-14">14 September 2015</date>
             </publicationStmt>
             <sourceDesc>
                <biblStruct>
                   <analytic>
                      <author>Толстой Л.Н.</author>
                   </analytic>
                   <monogr>
                      <title level="m">Полное собрание сочинений. Том 60</title>
                      <imprint>
                         <pubPlace>Москва</pubPlace>
                         <publisher>Государственное издательство "Художественная литература"</publisher>
                         <date when="1949"/>
                      </imprint>
                   </monogr>
                   <series>
                      <title level="s">Л.Н. Толстой. Полное собрание сочинений</title>
                      <biblScope unit="vol">60</biblScope>
                   </series>
                </biblStruct>
             </sourceDesc>
          </fileDesc>
          <encodingDesc>
             <tagsDecl> </tagsDecl>
          </encodingDesc>
          <profileDesc>
             <correspDesc>
                <correspAction type="sending">
                   <persName ref="PersonList.xml#L_N_Tolstoy">Л. Н. Толстой</persName>
                   <placeName ref="PlacesListxml#PLACE">Франкфурт-на-Майне.</placeName>
                   <date when="1861-03-28">1861 г. Марта 28</date>            </correspAction>
                <correspAction type="receiving">
                   <persName ref="PersonList.xml#RECEIVER">Кн. А. Н. Дондуковой-Корсаковой</persName>
                </correspAction>
                <correspContext>
                   <ref type="prev"></ref>
                </correspContext>
             </correspDesc>
          </profileDesc>
       </teiHeader>
       <xenoData><number type="in a volume">198</number></xenoData>

              <text xml:id="kn.A.N.Dondukovoj-Korsakovoj_198">
	<body><div>
		<opener index="false">
* 198. Кн. А. Н. Дондуковой-Корсаковой. Неотправленное.
1861 г. Марта 28/апреля 9. Франкфурт-на-Майне.</opener>
<p rend="subtitle centerline">
<hi rend="Razradka">Тайна.</hi>
</p>
<p rend="left">Я для того написал это слово, чтобы, ежели вам случится получить это письмо при Князе,<note xml:id="note1" resp="volume_editor" index="false"> Михаил Александрович Дондуков-Корсаков.</note> вы бы не сказали ему от кого, не читав письма. Вот в чем дело, любезная Княгиня Аделаида Николаевна, и просьба моя к вам: есть новое Герценовское издание всех запрещенных в России стихов.<note xml:id="note2" resp="volume_editor" index="false"> Имеется в виду «Русская потаенная литература XIX столетия», отдел 1, стих. часть 1, с предисловием Н. Огарева, Лондон 1861.</note> Так как Князь любит иметь все новости, я боюсь, чтобы он не купил эту книгу, а в ней есть глупые ребяческие стихи <hi style="opdelimiter">Пушкина</hi><hi style="opnumber">377</hi> <hi style="npnumber">378</hi><hi style="npdelimiter">на</hi> Князя Дундукова, хотя и не очень злые, но пошлые и насмешливые.<note xml:id="note3" resp="volume_editor" index="false"> Толстой разумеет известное стихотворение А. С. Пушкина «Князю Дондукову-Корсакову».</note> Мне бы хотелось избежать этой неприятности для него и, зная вашу практичность и спокойствие, не говоря о других качествах, которые вы разделяете со всем семейством, я обращаюсь именно к вам. — Отвратите от него как-нибудь эту во всех отношениях мерзкую книгу, или вырвите этот листок, ежели он ее купит. —</p>
<p rend="left">Я благополучно и приятно доехал до Франкфурта и нынче еду ночевать в Ейзенах. Позволяю себе дружески жать вашу руку и надеюсь, что до свидания.</p>
<p rend="right">Л. Толстой.</p>
<p rend="left">9 Апреля.</p>
<comments><p rend="Textpetit_otstup left">Год определяется содержанием. Упоминаемое в этом письме «новое издание запрещенных в России стихов» вышло в 1861 г. Так как письмо сохранилось в архиве Толстого, то, вероятно, оно не было отправлено.</p>
<p rend="petit left">Аделаида Николаевна Дондукова-Корсакова, рожд. Окунева, — замужем за кн. Никитой Михайловичем Дондуковым-Корсаковым.</p>
<p rend="Textpetit_otstup left"><hi>1</hi> Михаил Александрович Дондуков-Корсаков.</p>
<p rend="petit left"><hi>2</hi> Имеется в виду «Русская потаенная литература XIX столетия», отдел 1, стих. часть 1, с предисловием Н. Огарева, Лондон 1861.</p>
<p rend="petit left"><hi>3</hi> Толстой разумеет известное стихотворение А. С. Пушкина «Князю Дондукову-Корсакову».</p>
</comments></div></body>
        </text>
        </TEI>