<?xml version="1.0" encoding="UTF-8"?>
    <!-- <?xml-stylesheet type="text/xsl" target="../resources/MJT/myletter.xsl"?> -->
    <?xml-stylesheet type="css" target="graves.css"?>
    <?xml-model target="http://www.tei-c.org/release/xml/tei/custom/schema/relaxng/tei_all.rng" type="application/xml" schematypens="http://relaxng.org/ns/structure/1.0"?>
    <?xml-model target="http://www.tei-c.org/release/xml/tei/custom/schema/relaxng/tei_all.rng" type="application/xml"
            schematypens="http://purl.oclc.org/dsdl/schematron"?>
    <TEI xmlns="http://www.tei-c.org/ns/1.0">
       <teiHeader>
          <fileDesc>
             <titleStmt>
                <title>Письмо №* 140. Гр. H. Н. Толстому.</title>
             </titleStmt>
             <publicationStmt>
                <publisher>TolstoyLab</publisher>
                <date when="2015-09-14">14 September 2015</date>
             </publicationStmt>
             <sourceDesc>
                <biblStruct>
                   <analytic>
                      <author>Толстой Л.Н.</author>
                   </analytic>
                   <monogr>
                      <title level="m">Полное собрание сочинений. Том 60</title>
                      <imprint>
                         <pubPlace>Москва</pubPlace>
                         <publisher>Государственное издательство "Художественная литература"</publisher>
                         <date when="1949"/>
                      </imprint>
                   </monogr>
                   <series>
                      <title level="s">Л.Н. Толстой. Полное собрание сочинений</title>
                      <biblScope unit="vol">60</biblScope>
                   </series>
                </biblStruct>
             </sourceDesc>
          </fileDesc>
          <encodingDesc>
             <tagsDecl> </tagsDecl>
          </encodingDesc>
          <profileDesc>
             <correspDesc>
                <correspAction type="sending">
                   <persName ref="PersonList.xml#L_N_Tolstoy">Л. Н. Толстой</persName>
                   <placeName ref="PlacesListxml#PLACE">Я. П.</placeName>
                   <date when="1859-05-17">1859 г. Мая 17.</date>            </correspAction>
                <correspAction type="receiving">
                   <persName ref="PersonList.xml#RECEIVER">Гр. H. Н. Толстому</persName>
                </correspAction>
                <correspContext>
                   <ref type="prev"></ref>
                </correspContext>
             </correspDesc>
          </profileDesc>
       </teiHeader>
       <xenoData><number type="in a volume">140</number></xenoData>

              <text xml:id="gr.N.N.Tolstomu_140">
	<body><div>
		<opener index="false">
* 140. Гр. H. Н. Толстому.
1859 г. Мая 17. Я. П.</opener>
<p rend="left">О машинах я узнавал: у Бутенопа 300 и 325, у Вильсона<note xml:id="note1" resp="volume_editor" index="false"> Бутенопы (братья Николай и Иоганн) и Христофор Вильсон— владельцы завода сельскохозяйственных машин.</note> 275, пересылка 25 и 50 р. У Вильсона надо заказать. Впрочем всё переговорим. Приезжай, пожалуйста, поскорей. Новостей особых нет. Все здоровы, но немного. У меня ужин стоит. — У меня украли собак: Злодея и Молодого и увезли в вашу сторону. Ежели окажатся там, скажи Борисову.<note xml:id="note2" resp="volume_editor" index="false"> Иван Петрович Борисов. О нем см. п. № 143.</note> Привози с собой Фета. Дружинин будет у меня на днях. —</p>
<p rend="right">Л. Толстой.</p>
<p rend="left">17 <hi style="opdelimiter">Мая.</hi><hi style="opnumber">299</hi></p>
<lb/>
<p rend="left"><hi style="npnumber">300</hi><hi style="npdelimiter"><hi>На</hi></hi> <hi>четвертой странице:</hi></p>
<p rend="left">Николаю Николаевичу.</p>
<comments><p rend="Textpetit_otstup left"><hi>1 </hi> Бутенопы (братья Николай и Иоганн) и Христофор Вильсон— владельцы завода сельскохозяйственных машин.</p>
<p rend="petit left"><hi>2</hi> Иван Петрович Борисов. О нем см. п. № 143.</p>
</comments></div></body>
        </text>
        </TEI>