<?xml version="1.0" encoding="UTF-8"?>
    <!-- <?xml-stylesheet type="text/xsl" target="../resources/MJT/myletter.xsl"?> -->
    <?xml-stylesheet type="css" target="graves.css"?>
    <?xml-model target="http://www.tei-c.org/release/xml/tei/custom/schema/relaxng/tei_all.rng" type="application/xml" schematypens="http://relaxng.org/ns/structure/1.0"?>
    <?xml-model target="http://www.tei-c.org/release/xml/tei/custom/schema/relaxng/tei_all.rng" type="application/xml"
            schematypens="http://purl.oclc.org/dsdl/schematron"?>
    <TEI xmlns="http://www.tei-c.org/ns/1.0">
       <teiHeader>
          <fileDesc>
             <titleStmt>
                <title>Письмо №* 159. И. П. Борисову.</title>
             </titleStmt>
             <publicationStmt>
                <publisher>TolstoyLab</publisher>
                <date when="2015-09-14">14 September 2015</date>
             </publicationStmt>
             <sourceDesc>
                <biblStruct>
                   <analytic>
                      <author>Толстой Л.Н.</author>
                   </analytic>
                   <monogr>
                      <title level="m">Полное собрание сочинений. Том 60</title>
                      <imprint>
                         <pubPlace>Москва</pubPlace>
                         <publisher>Государственное издательство "Художественная литература"</publisher>
                         <date when="1949"/>
                      </imprint>
                   </monogr>
                   <series>
                      <title level="s">Л.Н. Толстой. Полное собрание сочинений</title>
                      <biblScope unit="vol">60</biblScope>
                   </series>
                </biblStruct>
             </sourceDesc>
          </fileDesc>
          <encodingDesc>
             <tagsDecl> </tagsDecl>
          </encodingDesc>
          <profileDesc>
             <correspDesc>
                <correspAction type="sending">
                   <persName ref="PersonList.xml#L_N_Tolstoy">Л. Н. Толстой</persName>
                   <placeName ref="PlacesListxml#PLACE">Я. П.</placeName>
                   <date when="1859-12-20">1859 г. Декабря 20.</date>            </correspAction>
                <correspAction type="receiving">
                   <persName ref="PersonList.xml#RECEIVER">И. П. Борисову</persName>
                </correspAction>
                <correspContext>
                   <ref type="prev"></ref>
                </correspContext>
             </correspDesc>
          </profileDesc>
       </teiHeader>
       <xenoData><number type="in a volume">159</number></xenoData>

              <text xml:id="I.P.Borisovu_159">
	<body><div>
		<opener index="false">
* 159. И. П. Борисову.
1859 г. Декабря 20. Я. П.</opener>
<p rend="left">Как же не грех вас забыть, любезный Иван Петрович! Этого не бывает. Душевно радуюсь вашей надежде. Авось, докончим в 60 году отъезд нынешнего года. A propos охоты, у меня передохли все лучшие собаки. Злодей и Хайка и еще штуки 4; у меня теперь новые три, но нелюбимые вами Англичане. Я нынешний год едва ли буду в Москве. Занят дома с утра до <hi style="opdelimiter">ночи,</hi><hi style="opnumber">318</hi> <hi style="npnumber">319</hi><hi style="npdelimiter">а</hi> ничего не пишу, вот вам задача, и на сердце хорошо. — Что дяденька и милая М[арья] П[етровна]?<note xml:id="note1" resp="volume_editor" index="false"> А. А. и М. П. Фет.</note> — Скажите Фету, что — виноват — его Гафизство мне не нравится по сообщенным мне образчикам — всеобщей большой мысли нет, а цвета Персидской — или там какой поэзии, за двумя переводами не слыхать. Угостите лучше, дяденька, меня чем нибудь de votre cru,<note xml:id="note2" resp="volume_editor" index="false"> [вашей выдумки,]</note> а это не то. Фирдоуси<note xml:id="note3" resp="volume_editor" index="false"> Н. Н. Толстой.</note> с месяц уехал в Никольское и пропал, и, так как вас там нет, отсутствие его тревожит меня. Пороши ни одной хорошей не было, не жалейте о них. Уж скоро, надеюсь, Фет начнет думать об отсылке серых в Козюлькину<note xml:id="note4" resp="volume_editor" index="false"> В эти годы Фет летом живал в Новоселках (Козюлькине).</note>, и я начну готовиться к вашей встрече. Шутя, шутя и зима почти прошла. — Прощайте, обнимаю вас.</p>
<p rend="right">Л. Толстой.</p>
<p rend="left">20 Декабря.</p>
<comments><p rend="Textpetit_otstup left">Письмо Толстого является ответом на несохранившееся письмо Борисова из Москвы.</p>
<p rend="Textpetit_otstup left"><hi>1</hi> А. А. и М. П. Фет.</p>
<p rend="petit left"><hi>2</hi> [вашей выдумки,]</p>
<p rend="petit left"><hi>3</hi> Н. Н. Толстой.</p>
<p rend="petit left"><hi>4</hi> В эти годы Фет летом живал в Новоселках (Козюлькине).</p>
</comments></div></body>
        </text>
        </TEI>