<?xml version="1.0" encoding="UTF-8"?>
    <!-- <?xml-stylesheet type="text/xsl" target="../resources/MJT/myletter.xsl"?> -->
    <?xml-stylesheet type="css" target="graves.css"?>
    <?xml-model target="http://www.tei-c.org/release/xml/tei/custom/schema/relaxng/tei_all.rng" type="application/xml" schematypens="http://relaxng.org/ns/structure/1.0"?>
    <?xml-model target="http://www.tei-c.org/release/xml/tei/custom/schema/relaxng/tei_all.rng" type="application/xml"
            schematypens="http://purl.oclc.org/dsdl/schematron"?>
    <TEI xmlns="http://www.tei-c.org/ns/1.0">
       <teiHeader>
          <fileDesc>
             <titleStmt>
                <title>Письмо №350. Д. Д. Оболенскому?</title>
             </titleStmt>
             <publicationStmt>
                <publisher>TolstoyLab</publisher>
                <date when="2015-09-14">14 September 2015</date>
             </publicationStmt>
             <sourceDesc>
                <biblStruct>
                   <analytic>
                      <author>Толстой Л.Н.</author>
                   </analytic>
                   <monogr>
                      <title level="m">Полное собрание сочинений. Том 61</title>
                      <imprint>
                         <pubPlace>Москва</pubPlace>
                         <publisher>Государственное издательство "Художественная литература"</publisher>
                         <date when="1953"/>
                      </imprint>
                   </monogr>
                   <series>
                      <title level="s">Л.Н. Толстой. Полное собрание сочинений</title>
                      <biblScope unit="vol">61</biblScope>
                   </series>
                </biblStruct>
				<bibl>Впервые опубликовано, с датой: «1860—1870 гг.», в «Летописях Государственного литературного музея», кн. 2, М. 1938, стр. 62.</bibl>
             </sourceDesc>
          </fileDesc>
          <encodingDesc>
             <tagsDecl> </tagsDecl>
          </encodingDesc>
          <profileDesc>
             <correspDesc>
                <correspAction type="sending">
                   <persName ref="PersonList.xml#L_N_Tolstoy">Л. Н. Толстой</persName>
                   <placeName ref="PlacesListxml#PLACE"></placeName>
                   <date from="1871-09-01" to="1871-09-10">1871? г. Сентября начало?</date>            
				   </correspAction>
                <correspAction type="receiving">
                   <persName ref="PersonList.xml#RECEIVER">Д. Д. Оболенскому?</persName>
                </correspAction>
                <correspContext>
                   <ref type="prev"></ref>
                </correspContext>
             </correspDesc>
          </profileDesc>
       </teiHeader>
       <xenoData><number type="in a volume">350</number></xenoData>

              <text xml:id="D__D__Obolenskomu_350">
	<body><div>
		<opener index="false">
350. Д. Д. Оболенскому?
1871? Сентября начало?
</opener><p rend="left">Благодарю, любезный князь, за присылку пальто. Или вам очень некогда, что вы сами не заехали, или вы сомневались, дома ли мы? Желаю очень, чтобы было последнее и чтобы вы приехали к нам. Мы давно уж не видались. — У меня остался патронташ Самарина,<note xml:id="note1" resp="volume_editor" index="false"> Петр Федорович Самарин (1830—1901) — участник Крымской кампании, старый знакомый Толстого, помещик Епифанского уезда Тульской губ. См. т. 49, стр. 198.</note> не знаю, как переслать ему.</p>
<p rend="right">Ваш Л. Толстой.</p>
<comments><p rend="Textpetit_otstup left">Впервые опубликовано, с датой: «1860—1870 гг.», в «Летописях Государственного литературного музея», кн. 2, М. 1938, стр. 62.</p>
<p rend="petit left">Дмитрий Дмитриевич Оболенский (р. в 1844 г.) — тульский помещик, часто бывавший у Толстого (см. т. 63, стр. 454, и т. 83, стр. 53) и вместе с ним охотившийся. См. Д. Д. Оболенский, «Отрывки (Из личных воспоминаний)» — «О Толстом. Международный толстовский альманах», составленный П. А. Сергеенко, изд. «Книга», М. 1909, стр. 239—246.</p>
<p rend="petit left">Публикуемое письмо не имеет ни даты, ни имени адресата. Судя по письму С. А. Толстой к Т. А. Кузминской от 15 сентября 1871 г., Толстой около 3 сентября участвовал в большой охоте с Д. Д. Оболенским и рядом других соседей, среди которых мог быть и П. Ф. Самарин. Имя Д. Д. Оболенского упоминается в письме этого периода к В. П. Мещерскому (№ 348). См. также упоминание об охоте в письме к С. Н. Толстому от 25...28 ноября, № 354.</p>
<p rend="Textpetit_otstup left"><hi>1</hi> Петр Федорович Самарин (1830—1901) — участник Крымской кампании, старый знакомый Толстого, помещик Епифанского уезда Тульской губ. См. т. 49, стр. 198.</p>
</comments></div></body>
        </text>
        </TEI>