<?xml version="1.0" encoding="UTF-8"?>
    <!-- <?xml-stylesheet type="text/xsl" target="../resources/MJT/myletter.xsl"?> -->
    <?xml-stylesheet type="css" target="graves.css"?>
    <?xml-model target="http://www.tei-c.org/release/xml/tei/custom/schema/relaxng/tei_all.rng" type="application/xml" schematypens="http://relaxng.org/ns/structure/1.0"?>
    <?xml-model target="http://www.tei-c.org/release/xml/tei/custom/schema/relaxng/tei_all.rng" type="application/xml"
            schematypens="http://purl.oclc.org/dsdl/schematron"?>
    <TEI xmlns="http://www.tei-c.org/ns/1.0">
       <teiHeader>
          <fileDesc>
             <titleStmt>
                <title>Письмо №* 190. Гр. С. Н. Толстому.</title>
             </titleStmt>
             <publicationStmt>
                <publisher>TolstoyLab</publisher>
                <date when="2015-09-14">14 September 2015</date>
             </publicationStmt>
             <sourceDesc>
                <biblStruct>
                   <analytic>
                      <author>Толстой Л.Н.</author>
                   </analytic>
                   <monogr>
                      <title level="m">Полное собрание сочинений. Том 60</title>
                      <imprint>
                         <pubPlace>Москва</pubPlace>
                         <publisher>Государственное издательство "Художественная литература"</publisher>
                         <date when="1949"/>
                      </imprint>
                   </monogr>
                   <series>
                      <title level="s">Л.Н. Толстой. Полное собрание сочинений</title>
                      <biblScope unit="vol">60</biblScope>
                   </series>
                </biblStruct>
             </sourceDesc>
          </fileDesc>
          <encodingDesc>
             <tagsDecl> </tagsDecl>
          </encodingDesc>
          <profileDesc>
             <correspDesc>
                <correspAction type="sending">
                   <persName ref="PersonList.xml#L_N_Tolstoy">Л. Н. Толстой</persName>
                   <placeName ref="PlacesListxml#PLACE">Париж.</placeName>
                   <date when="1861-02-17">1861 г. Февраля 17</date>            </correspAction>
                <correspAction type="receiving">
                   <persName ref="PersonList.xml#RECEIVER">Гр. С. Н. Толстому</persName>
                </correspAction>
                <correspContext>
                   <ref type="prev"></ref>
                </correspContext>
             </correspDesc>
          </profileDesc>
       </teiHeader>
       <xenoData><number type="in a volume">190</number></xenoData>

              <text xml:id="gr.S.N.Tolstomu_190">
	<body><div>
		<opener index="false">
* 190. Гр. С. Н. Толстому.
1861 г. Февраля 17/марта 1. Париж.</opener>
<p rend="left">Пишу тебе две строчки из кафе перед отъездом в Лондон. Ежели бы писать всё, то надо бы два тома. Получил я твое 2-е письмо<note xml:id="note1" resp="volume_editor" index="false"> Письмо С. Н. Толстого от 22 января (ст. ст.) 1861 г.</note> здесь, а первое искало меня везде по Италии и так где-то и застряло. Коли бы знал, как мне завидно тебе стало, прочтя твое письмо, но не могу еще сейчас вернуться. Остается неделя в Лондоне, недели 2 в Брюсселе и Германии и неделя в Петербурге. Ты увидишь Дьякова,<note xml:id="note2" resp="volume_editor" index="false"> Д. А. Дьяков.</note> к[оторый] хотел заехать, и он тебе пораскажет про меня, как съумеет. Груди<note xml:id="note3" resp="volume_editor" index="false"> C. Н. Толстой в своем письме, обращенном к Л. Н. и М. Н. Толстым, спрашивал: «Что ваши груди? Прошел ли твой кашель, Левочка?»</note> наши ни хороши ни худы и зависят от нас самих в наши года. Один доктор весьма умно мне сказал, когда я говорил, что 2 брата потерял чахоткой, raison de plus pour que vous n’en mouriez pas.<note xml:id="note4" resp="volume_editor" index="false"> [большее основание, что вы от этого не умрете.]</note> Против закона вероятия. Я бы рад был, ежели бы тебе это так же показалось справедливо, как мне. А тебе, я боюсь, нужно подбодриться. Я иногда думаю, что я тебя подбодрю, а иногда боюсь, что ты меня опустишь. Во всяком случае жду не дождусь, когда я приеду в Ясную и застану твою красную подушку на рундуке. Недавно с Турген[евым] и Чич[ериным] мы беседовали о бессмертии души, и Тург[енев] цитировал свою [?] теорию света в светилах, и не вышло. Ежели ты говоришь про меня, что зачем он там ездит и себя уверяет, что какое то дело есть, то напрасно. Я так втянулся, что мне уж дело стало привычкой. А теперь моя главная цель в путешествии та, чтобы никто не смел мне в России указывать по педагогии на чужие края, и чтобы быть au niveau<note xml:id="note5" resp="volume_editor" index="false"> [на уровне]</note> всего, что сделано по этой части. —</p>
<p rend="left">По письмам, полученным от старосты,<note xml:id="note6" resp="volume_editor" index="false"> Письма яснополянского старосты неизвестны.</note> я вижу, что в Ясной хаос и воровство — кто сколько захватит — идут <hi style="opdelimiter">страшные.</hi><hi style="opnumber">366</hi></p>
<p rend="left"><hi style="npnumber">367</hi><hi style="npdelimiter">Притворись</hi> немножко, что ты занимаешься. Хоть бы до моего приезда не всё украли и погубили. Уж он, не говоря о том, что с прискорбием извещает, что денег нет, хотя я гроша медного не брал и что машина не <hi>молоте</hi> — хочет скотину продавать, будто бы кроме нет. Сделай, чтобы немного поддержать всё до моего приезда. И главное, <hi>чтобы отдать деньги Ауербаху</hi><note xml:id="note7" resp="volume_editor" index="false"> Г. А. Ауэрбах.</note> и ничего до весны не продавать скотины. — Прощай, целую руки у тетенек.<note xml:id="note8" resp="volume_editor" index="false"> Т. А. Ергольская и П. И. Юшкова.</note> Завтра поздравляю тебя с моими именинами, послезавтра с именинами всех крепостных.<note xml:id="note9" resp="volume_editor" index="false"> Крестьянская реформа 19 февраля 1861 г.</note> Говорят наверно. —</p>
<lb/>
<p rend="left"><hi>На конверте</hi>:</p>
<p rend="left">Russie (Toula). Monsieur Tolstoy.<note xml:id="note10" resp="volume_editor" index="false"> [Россия (Тула). Господину Толстому.]</note></p>
<p rend="left">Его Сиятельству Графу Сергею Николаевичу Толстому. В Тулу.</p>
<comments><p rend="Textpetit_otstup left">Дата устанавливается словами письма: «Завтра поздравляю тебя с моими именинами». Толстой был именинник 18 февраля.</p>
<p rend="Textpetit_otstup left"><hi>1</hi> Письмо С. Н. Толстого от 22 января (ст. ст.) 1861 г.</p>
<p rend="petit left"><hi>2</hi> Д. А. Дьяков.</p>
<p rend="petit left"><hi>3</hi> C. Н. Толстой в своем письме, обращенном к Л. Н. и М. Н. Толстым, спрашивал: «Что ваши груди? Прошел ли твой кашель, Левочка?»</p>
<p rend="petit left"><hi>4</hi> [большее основание, что вы от этого не умрете.]</p>
<p rend="petit left"><hi>5</hi> [на уровне]</p>
<p rend="petit left"><hi>6</hi> Письма яснополянского старосты неизвестны.</p>
<p rend="petit left"><hi>7</hi> Г. А. Ауэрбах.</p>
<p rend="petit left"><hi>8</hi> Т. А. Ергольская и П. И. Юшкова.</p>
<p rend="petit left"><hi>9</hi> Крестьянская реформа 19 февраля 1861 г.</p>
<p rend="petit left"><hi>10</hi> [Россия (Тула). Господину Толстому.]</p>
</comments></div></body>
        </text>
        </TEI>