<?xml version="1.0" encoding="UTF-8"?>
    <!-- <?xml-stylesheet type="text/xsl" target="../resources/MJT/myletter.xsl"?> -->
    <?xml-stylesheet type="css" target="graves.css"?>
    <?xml-model target="http://www.tei-c.org/release/xml/tei/custom/schema/relaxng/tei_all.rng" type="application/xml" schematypens="http://relaxng.org/ns/structure/1.0"?>
    <?xml-model target="http://www.tei-c.org/release/xml/tei/custom/schema/relaxng/tei_all.rng" type="application/xml"
            schematypens="http://purl.oclc.org/dsdl/schematron"?>
    <TEI xmlns="http://www.tei-c.org/ns/1.0">
       <teiHeader>
          <fileDesc>
             <titleStmt>
                <title>Письмо №165. Е. П. Ковалевскому.</title>
             </titleStmt>
             <publicationStmt>
                <publisher>TolstoyLab</publisher>
                <date when="2015-09-14">14 September 2015</date>
             </publicationStmt>
             <sourceDesc>
                <biblStruct>
                   <analytic>
                      <author>Толстой Л.Н.</author>
                   </analytic>
                   <monogr>
                      <title level="m">Полное собрание сочинений. Том 60</title>
                      <imprint>
                         <pubPlace>Москва</pubPlace>
                         <publisher>Государственное издательство "Художественная литература"</publisher>
                         <date when="1949"/>
                      </imprint>
                   </monogr>
                   <series>
                      <title level="s">Л.Н. Толстой. Полное собрание сочинений</title>
                      <biblScope unit="vol">60</biblScope>
                   </series>
                </biblStruct>
				<bibl>Впервые опубликовано в Б. I, 1, стр. 458—463.</bibl>
             </sourceDesc>
          </fileDesc>
          <encodingDesc>
             <tagsDecl> </tagsDecl>
          </encodingDesc>
          <profileDesc>
             <correspDesc>
                <correspAction type="sending">
                   <persName ref="PersonList.xml#L_N_Tolstoy">Л. Н. Толстой</persName>
                   <placeName ref="PlacesListxml#PLACE">Я. П.</placeName>
                   <date when="1860-03-12">1860 г. Марта 12.</date>            </correspAction>
                <correspAction type="receiving">
                   <persName ref="PersonList.xml#RECEIVER">Е. П. Ковалевскому</persName>
                </correspAction>
                <correspContext>
                   <ref type="prev"></ref>
                </correspContext>
             </correspDesc>
          </profileDesc>
       </teiHeader>
       <xenoData><number type="in a volume">165</number></xenoData>

              <text xml:id="Eg.P.Kovalevskomu_165">
	<body><div>
		<opener index="false">
165. Е. П. Ковалевскому.
1860 г. Марта 12. Я. П.</opener>
<p rend="left">Вы, может быть, помните, любезный Егор Петрович, что я уже 3-й год живу в деревне и занимаюсь хозяйством. Нынешний год (с осени), кроме хозяйства, я занимаюсь еще школой для мальчиков, девочек и больших, которую я завел для всех желающих. У меня набралось около 50 учеников и всё прибавляются. Успехи учеников и успех школы в мнении народа неожиданны. Но всего не расскажешь, как и почему; надо или книгу написать или самому посмотреть. Дело вот в чем. Мудрость во всех житейских делах, мне кажется, состоит не в том, чтобы знать, что нужно делать, а в том, — чтобы знать, что делать прежде, а что после. В деле прогресса России, мне кажется, что, как ни полезны телеграфы, дороги, пароходы, штуцера, литература (со всем своим фондом),<note xml:id="note1" resp="volume_editor" index="false"> Е. П. Ковалевский был первым председателем Литературного фонда. См. сборник Литературного фонда «XXV лет», М. 1884.</note> театры, Академии худож[еств] и т. д., а всё это преждевременно и <hi style="opdelimiter">напрасно</hi><hi style="opnumber">328</hi> <hi style="npnumber">329</hi><hi style="npdelimiter">до</hi> тех пор, пока из календаря будет видно, что в России, включая всех будто бы учащихся, учится 1/100 доля всего народонаселения. Всё это полезно (акад[емия] и т.д.), но полезно так, как полезен обед Аглицкого клуба,<note xml:id="note2" resp="volume_editor" index="false"> [и всей шумихой,]</note> который весь съест эконом и повар. Все эти вещи производятся всеми 70.000.000 русских, а потребляются тысячами. Как ни смешны славянофилы с своей народностью и оторванностью et tout le tremblement,<note xml:id="note3" resp="volume_editor" index="false"> [и всей шумихой,]</note> они только не умеют называть вещи по имени, а они, нечаянно, правы. Не только нам Русским, но каждому иностранцу, проехавшему 20 верст по Русской земле, должна в глаза кинуться численная непропорциональность образованных и необразованных или, вернее, диких и грамотных. А нечего и говорить, ежели сравнить отчеты разных европейских государств. Впрочем, ежели бы в Англии приходился 1 дикий на сто, и тогда, наверно, общественное зло происходило бы только от этого процента диких. Общественное зло, которое у нас в привычку вошло сознавать и называть разными именами, большею частью насилием, деспотизмом, что это такое, как не насилие преобладающего невежества. Насилие не может быть сделано одним человеком над многими, а только преобладающим большинством, единомышленным в невежестве. Только кажется, что Наполеон III<note xml:id="note4" resp="volume_editor" index="false"> Наполеон III (1808—1873) — французский император.</note> заключил Виллафранский мир<note xml:id="note5" resp="volume_editor" index="false"> Виллафранкский мир был заключен 11 июля 1859 г. Мир этот положил начало национальному объединению Италии под главенством Пьемонта.</note> и запрещает журналы и хочет захватить Савойю,<note xml:id="note6" resp="volume_editor" index="false"> Савойя — бывшее герцогство на границах Швейцарии, Пьемонта и Франции. Самая возвышенная страна Европы (вершина Монблан).</note> а всё это делают Феликсы и Викторы, которые не умеют читать газеты. Однако мои педагогические привычки увлекли меня, и мне самому смешно, что я <hi>вам</hi> пресерьезно доказываю, что 2 × 2 = 4, т. е. что насущнейшая потребность Русского народа есть народное образование. Образования этого <hi>нет</hi>. Оно еще не начиналось и никогда не начнется, ежели правительство будет заведывать им. Что его нет, это доказывать нельзя, а ежели бы вы были здесь, то мы бы сейчас обошли всю деревню и посмотрели бы, и послушали. Чтобы доказать, что оно не начиналось, мы бы тоже сейчас прошли в школу, и я бы вам показал грамотных, учившихся прежде у попов и дьяконов. Это одни ученики, которые совершенно безнадежны. Над спорами, полезна ли грамота или нет, не следует смеяться. Это очень серьезный и грустный спор, и я прямо беру сторону отрицательную. <hi>Грамота</hi>, процесс чтения и писания, вреден. Первое, что он читает — славянской символ веры, Псалтырь, Заповеди (славянские), второе гадательную книгу и т. п. Не поверив на деле, трудно <hi style="opdelimiter">себе</hi><hi style="opnumber">329</hi> <hi style="npnumber">330</hi><hi style="npdelimiter">представить</hi> ужасные опустошения, которые это производит в умственных способностях, и разрушения в нравственном складе учеников. Надо побывать в сельских школах и в семинариях (я исследовал это дело), в семинариях, которые доставляют педагогов в училища от правительства, чтобы понять, отчего ученики одних школ выходят глупее и безнравственнее неучеников. Чтобы народное образование пошло, нужно, чтобы оно было передано в руки общества. Не стану приводить пример Англии, самой образованной страны, — самая сущность дела говорит за себя. Ежели бы правительство бросило все дела, закрыло бы все департаменты и комиссии (и прекрасно бы сделало) и занялось бы одним народным воспитанием, и тогда едва ли бы оно успело, — потому что механизм, усвоенный правительством, помешал бы ему, и, главное, потому, что интересы его кажутся отдаленными (в сущности, это один его интерес) от народного образования. Общество же должно успеть, потому что интересы его непосредственно связаны с степенью образования народа, потому что лишенные всех насильственных средств действия общества будут сообразовываться только с потребностью народа, которая выразится в филантропическом или денежном успехе предприятия, в степени удовлетворения народной потребности будут постоянно иметь поверку своих действий. Но я опять, кажется, доказывал дважды два. Вопрос может быть только в том, существует ли потребность образовывать и образовываться. Для меня это вопрос решенный. Полгода моей школы породили три таких же в околодке, и везде успех был одинаковый. Дело вот в чем: что скажет правительство, ежели ему представить следующий проэкт:</p>
<p rend="left">«Общество народного образования (или более скромное название) имеет целью распространение образования в народе.</p>
<p rend="left">Средства Общества будут состоять из взноса членов по 100 или  рублей, из платы учеников (где это возможно), из выручек за издания Общества и из пожертвований.</p>
<p rend="left">Действия Общества будут состоять:</p>
<p rend="left">1) В издании журнала, состоящего из отдела собственно педагогического (о законах и способах первоначального преподавания), отдела первоначальных руководств для учителей и чтений для учеников и отдела сведений о действиях <hi style="opdelimiter">Общества.</hi><hi style="opnumber">330</hi></p>
<p rend="left"><hi style="npnumber">331</hi><hi style="npdelimiter">2)</hi> В учреждении школ в тех местах, где их нет и где чувствуется в них потребность.</p>
<p rend="left">3) В составлении курса преподавания, в назначении учителей, в надзоре за преподаванием, за хозяйственным учетом вообще, за управлением таких школ.</p>
<p rend="left">4) В надзоре за преподаванием в тех школах, где учредители того пожелают».</p>
<p rend="left">До сих пор общество это составляю я один. Но говорю вам без фразы, что, возможно будет или нет такое общество, я положу всё, что могу, и все свои силы на исполнение этой программы. Нечего говорить, что наверное мои мысли односторонни, и что Общество, занявшись им, многое изменит и прибавит. Но ежели бы это могло только собрать силы многих к одной цели. Вы-то помогите мне, любезный друг, Егор Петрович. <hi>Я </hi>на дурном счету у правительства. От меня это никак не должно идти, а говорите или составьте из этого получше записку и покажите Евграфу Петровичу.<note xml:id="note7" resp="volume_editor" index="false"> Евграф Петрович Ковалевский, в то время министр народного просвещения. См. п. № 178.</note> (Я вам прямо задаю дело потому, что знаю вперед, что не можете всей душой не сочувствовать этому). Ежели бы я знал наверно, что правительство разрешит это общество, то я бы поработал серьезнее над составлением самого проэкта и подал бы его от другого лица.<note xml:id="note8" resp="volume_editor" index="false"> Это общество разрешено не было.</note> Есть в Туле директор гимназии Гаярин<note xml:id="note9" resp="volume_editor" index="false"> Иван Федорович Гаярин (1827—1890) — педагог и писатель. В 1849—1858 гг. учительствовал в Москве; в 1859 г. был назначен инспектором Тульской гимназии, а через несколько лет директором училищ <hi style="opdelimiter">Тульской</hi><hi style="opnumber">332</hi> <hi style="npnumber">333</hi><hi style="npdelimiter">губернии.</hi> С конца 1860-х: гг. — окружной инспектор Московского учебного округа; впоследствии член совета военно-учебных заведений. Автор ряда педагогических трудов, в 1864 г. редактор «Тульских губернских ведомостей».</note> (ваш брат его знает), замечательный человек, которому я нынче сказал о моем намерении. Я надеюсь, что он не отказался бы подать от себя. Во всяком случае, у вас дело в хороших руках. Подайте ли прямо, переписав и переделав эту записку (об обществе), или посондируйте, где следует, и напишите мне, рассказав, как надо поступать; одно только, на обыкновенную удочку правительства заставить подробно изложить проект, курс преподавания и т. д. и потом сказать — нельзя, я на эту удочку не поддамся. Мне мое время дорого (и с гордостью могу сказать, дорого и для 100 мальчиков). Кроме школы у себя, у брата, я готовлю большую статью о педагогии, которая не будет годиться в проэкт для правительства. Позволят или нет, а я хоть один, а всё буду составлять тайное общество народного образования. Нет, без шуток, ежели бы общество оказалось невозможным, то я все-таки намерен издавать журнал, о котором пишу в проэкте общества.<note xml:id="note10" resp="volume_editor" index="false"> Издание педагогического журнала («Ясная Поляна») Толстому удалось осуществить в 1862 г.; журнал просуществовал только один год. См. т. 8.</note> Посондируйте почву и об этом напишите, пожалуйста. Разрешат ли журнал с моим именем, как Редактора? И как, в какой форме, кому нужно подать об этом, и что <hi style="opdelimiter">такое?</hi><hi style="opnumber">331</hi> <hi style="npnumber">332</hi><hi style="npdelimiter">Как</hi> мне ни нужно теперь быть здесь, я бы приехал в Петербург, ежели для успеха дела мое присутствие могло бы быть необходимо. И как подумаешь, что почти наверно вы мне ответите: «видно, что вы, Л. H., сидите в деревне, что с такими проэктами суетесь», как подумаешь — отчаянье находит. И чего может бояться правительство? Разве можно в свободной школе учить тому, чего не следует знать. У меня бы ни одного человека не было в школе, ежели бы я заикнулся о том, что мощи не есть такая же святыня, как сам Бог. Но это не мешает им знать, что земля шар и что 2 × 2 = 4. Ну, что будет, то будет; только поскорее, как можно поскорее, известите меня. Будьте здоровы, не грустите, и дай Бог вам всего лучшего. От души жму вам руку.</p>
<p rend="right">Ваш Л. Толстой.</p>
<p rend="left">12 Марта.</p>
<p rend="left">Ясная Поляна.</p>
<p rend="left">Адрес мой: в Тулу.</p>
<comments><p rend="Textpetit_otstup left">Впервые опубликовано в Б. I, 1, стр. 458—463.</p>
<p rend="Textpetit_otstup left">О Егоре Петровиче Ковалевском см. вступ. прим. к п. № 26.</p>
<p rend="Textpetit_otstup left"><hi>1</hi> Е. П. Ковалевский был первым председателем Литературного фонда. См. сборник Литературного фонда «XXV лет», М. 1884.</p>
<p rend="petit left"><hi>2</hi> Аристократический Английский клуб в Москве, существовавший с времен Екатерины II до революции (1917), славился в былые времена своей кухней. Толстой неоднократно его описывал в «Войне и мире», в «Декабристах», «Анне Карениной» и других своих произведениях.</p>
<p rend="petit left"><hi>3</hi> [и всей шумихой,]</p>
<p rend="petit left"><hi>4</hi> Наполеон III (1808—1873) — французский император.</p>
<p rend="petit left"><hi>5</hi> Виллафранкский мир был заключен 11 июля 1859 г. Мир этот положил начало национальному объединению Италии под главенством Пьемонта.</p>
<p rend="petit left">Виллафранка — город в итальянской провинции Вероне, на реке Татаро. Его окрестности часто служили театром войны во время борьбы Италии с Австрией за независимость.</p>
<p rend="petit left"><hi>6</hi> Савойя — бывшее герцогство на границах Швейцарии, Пьемонта и Франции. Самая возвышенная страна Европы (вершина Монблан).</p>
<p rend="petit left"><hi>7</hi> Евграф Петрович Ковалевский, в то время министр народного просвещения. См. п. № 178.</p>
<p rend="petit left"><hi>8</hi> Это общество разрешено не было.</p>
<p rend="petit left"><hi>9</hi> Иван Федорович Гаярин (1827—1890) — педагог и писатель. В 1849—1858 гг. учительствовал в Москве; в 1859 г. был назначен инспектором Тульской гимназии, а через несколько лет директором училищ <hi style="opdelimiter">Тульской</hi><hi style="opnumber">332</hi> <hi style="npnumber">333</hi><hi style="npdelimiter">губернии.</hi> С конца 1860-х: гг. — окружной инспектор Московского учебного округа; впоследствии член совета военно-учебных заведений. Автор ряда педагогических трудов, в 1864 г. редактор «Тульских губернских ведомостей».</p>
<p rend="petit left"><hi>10</hi> Издание педагогического журнала («Ясная Поляна») Толстому удалось осуществить в 1862 г.; журнал просуществовал только один год. См. т. 8.</p>
</comments></div></body>
        </text>
        </TEI>