<?xml version="1.0" encoding="UTF-8"?>
    <!-- <?xml-stylesheet type="text/xsl" target="../resources/MJT/myletter.xsl"?> -->
    <?xml-stylesheet type="css" target="graves.css"?>
    <?xml-model target="http://www.tei-c.org/release/xml/tei/custom/schema/relaxng/tei_all.rng" type="application/xml" schematypens="http://relaxng.org/ns/structure/1.0"?>
    <?xml-model target="http://www.tei-c.org/release/xml/tei/custom/schema/relaxng/tei_all.rng" type="application/xml"
            schematypens="http://purl.oclc.org/dsdl/schematron"?>
    <TEI xmlns="http://www.tei-c.org/ns/1.0">
       <teiHeader>
          <fileDesc>
             <titleStmt>
                <title>Письмо №* 237. Гр. С. Н. Толстому.</title>
             </titleStmt>
             <publicationStmt>
                <publisher>TolstoyLab</publisher>
                <date when="2015-09-14">14 September 2015</date>
             </publicationStmt>
             <sourceDesc>
                <biblStruct>
                   <analytic>
                      <author>Толстой Л.Н.</author>
                   </analytic>
                   <monogr>
                      <title level="m">Полное собрание сочинений. Том 60</title>
                      <imprint>
                         <pubPlace>Москва</pubPlace>
                         <publisher>Государственное издательство "Художественная литература"</publisher>
                         <date when="1949"/>
                      </imprint>
                   </monogr>
                   <series>
                      <title level="s">Л.Н. Толстой. Полное собрание сочинений</title>
                      <biblScope unit="vol">60</biblScope>
                   </series>
                </biblStruct>
             </sourceDesc>
          </fileDesc>
          <encodingDesc>
             <tagsDecl> </tagsDecl>
          </encodingDesc>
          <profileDesc>
             <correspDesc>
                <correspAction type="sending">
                   <persName ref="PersonList.xml#L_N_Tolstoy">Л. Н. Толстой</persName>
                   <placeName ref="PlacesListxml#PLACE">Я. П.</placeName>
                   <date from="1862-03" to="1862-03">1862 г. Март —</date>            </correspAction>
                <correspAction type="receiving">
                   <persName ref="PersonList.xml#RECEIVER">Гр. С. Н. Толстому</persName>
                </correspAction>
                <correspContext>
                   <ref type="prev"></ref>
                </correspContext>
             </correspDesc>
          </profileDesc>
       </teiHeader>
       <xenoData><number type="in a volume">237</number></xenoData>

              <text xml:id="gr.S.N.Tolstomu_237">
	<body><div>
		<opener index="false">
* 237. Гр. С. Н. Толстому.
1862 г. Март — апрель? Я. П.</opener>
<p rend="left">Посылаю тебе 200 р. из Машенькиных денег. Я их заплачу, а ты вычти, что за книги и Ос. Алекс. и остальное из всего моего тебе долга. —</p>
<p rend="left">Отчего ты к нам не ездишь? И меня и тетиньку это мучает. Тетинька меня всё посылает к тебе заплатить визит. И я чувствую себя перед тобой как будто виноватым и в неловком положении. А именно теперь это тяжело, потому что мне вообще не то что дурно, а трудно. — Журнал остановился на 200 подписчиках и как будто не существует для публики, а работы по нем всё больше и больше, с студентами<note xml:id="note1" resp="volume_editor" index="false"> Студенты — учителя школ, основанных Толстым.</note> тоже возня усложняется, денег ели достанет, хозяйство требует, чтобы что нибудь предпринять. Уставных грамот 60 неутвержденных, и отказаться от Посредничества нельзя, не окончив их. Я нынче начинаю езду по уст[авным] Грам[отам]. — Тебе, я воображаю, должно быть, тоже не весело в Туле и без денег, так за что же нам как будто обвинять друг друга.</p>
<p rend="right">Л. Толстой.</p>
<comments><p rend="Textpetit_otstup left">Датируется по содержанию: Толстой подал прошение об увольнении. его от должности мирового посредника 30 апреля 1862 г.</p>
<p rend="Textpetit_otstup left"><hi>1</hi> Студенты — учителя школ, основанных Толстым.</p>
<p rend="emptyline left"><hi style="opnumber">421</hi> <hi style="npnumber">422</hi></p>
</comments></div></body>
        </text>
        </TEI>