<?xml version="1.0" encoding="UTF-8"?>
    <!-- <?xml-stylesheet type="text/xsl" target="../resources/MJT/myletter.xsl"?> -->
    <?xml-stylesheet type="css" target="graves.css"?>
    <?xml-model target="http://www.tei-c.org/release/xml/tei/custom/schema/relaxng/tei_all.rng" type="application/xml" schematypens="http://relaxng.org/ns/structure/1.0"?>
    <?xml-model target="http://www.tei-c.org/release/xml/tei/custom/schema/relaxng/tei_all.rng" type="application/xml"
            schematypens="http://purl.oclc.org/dsdl/schematron"?>
    <TEI xmlns="http://www.tei-c.org/ns/1.0">
       <teiHeader>
          <fileDesc>
             <titleStmt>
                <title>Письмо №149. А. А. Толстой.</title>
             </titleStmt>
             <publicationStmt>
                <publisher>TolstoyLab</publisher>
                <date when="2015-09-14">14 September 2015</date>
             </publicationStmt>
             <sourceDesc>
                <biblStruct>
                   <analytic>
                      <author>Толстой Л.Н.</author>
                   </analytic>
                   <monogr>
                      <title level="m">Полное собрание сочинений. Том 61</title>
                      <imprint>
                         <pubPlace>Москва</pubPlace>
                         <publisher>Государственное издательство "Художественная литература"</publisher>
                         <date when="1953"/>
                      </imprint>
                   </monogr>
                   <series>
                      <title level="s">Л.Н. Толстой. Полное собрание сочинений</title>
                      <biblScope unit="vol">61</biblScope>
                   </series>
                </biblStruct>
				<bibl>Впервые опубликовано в ПТ, № 59. Год определяется содержанием и сопоставлением с письмами №№ 114 и 138.</bibl>
             </sourceDesc>
          </fileDesc>
          <encodingDesc>
             <tagsDecl> </tagsDecl>
          </encodingDesc>
          <profileDesc>
             <correspDesc>
                <correspAction type="sending">
                   <persName ref="PersonList.xml#L_N_Tolstoy">Л. Н. Толстой</persName>
                   <placeName ref="PlacesListxml#PLACE">Я. П.</placeName>
                   <date when="1865-11-14">1865 г. Ноября 14.</date>            </correspAction>
                <correspAction type="receiving">
                   <persName ref="PersonList.xml#RECEIVER">А. А. Толстой</persName>
                </correspAction>
                <correspContext>
                   <ref type="prev"></ref>
                </correspContext>
             </correspDesc>
          </profileDesc>
       </teiHeader>
       <xenoData><number type="in a volume">149</number></xenoData>

              <text xml:id="A__A__Tolstoj_149">
	<body><div>
		<opener index="false">
149. А. А. Толстой.
1865 г. Ноября 14. Я. П.</opener>
<p rend="left">Очень благодарю вас, любезный друг, за ваше последнее письмо и разговор с Долгоруким. —</p>
<p rend="left">Я послал ваше письмо и брульон<note xml:id="note1" resp="volume_editor" index="false"> От французского brouillon — черновик.</note> письма Долгорукому к Машиньке. Мне кажется, что дело может быть выиграно. Люди, в руках которых векселя, очень робки, чувствуя себя виноватыми. Они сдадутся перед первым угрозительным увещанием. А Машинька очень жалка с своим неумением вести дела и с запутанными долгами имениями. Вам будет на душе еще приятное доброе дело.<note xml:id="note2" resp="volume_editor" index="false"> «Дело» было выиграно, хотя тянулось оно несколько лет. М. Н. Толстая с детьми получила все имения, оставшиеся после В. П. Толстого, но в правах наследства была утверждена лишь 13 июня 1872 г. Запрещение с имений снято было в 1873 г.</note> —</p>
<p rend="left">Ваше последнее письмо писано второпях. — Я и не имею никакого права ожидать другого; но все-таки мне страшно, что вы чем-нибудь недовольны мной. — Бог даст, нынешней зимой я побуду, поговорю и послушаю вас долго вечером за ширмами в комнате Лизы<note xml:id="note3" resp="volume_editor" index="false"> Елизавета Андреевна Толстая, сестра А. А. Толстой.</note> и утром в вашем верху, с которым у меня навсегда соединяется одно из самых дорогих воспоминаний — что-то такое — энергия, 107 ступенек, много впереди, дружба и 107 ступенек.<note xml:id="note4" resp="volume_editor" index="false"> А. А. Толстая жила в верхнем этаже (107 ступенек).</note> Так я говорю, — повидавшись с вами, я знаю, что я надолго запасусь освеженным доверием, исключающим страх быть ненужным другим, который бывает у меня с большинством людей — и даже с вами. Это должно быть оттого, что мне мало нужно людей. Пишите мне побольше о себе, а то вы всегда мне казались немного непонятной, — чуждой, а теперь, я боюсь, это будет еще больше и испортит наше свиданье, от которого я жду много радостного. Вы обо мне не можете сказать того же. Я думаю, я и всегда был понятен, а теперь еще более, теперь, как я вошел в ту колею семейной жизни, которая, несмотря на какую бы то ни было гордость и потребность самобытности,<note xml:id="note5" resp="volume_editor" index="false"> Далее зачеркнуты полторы строки.</note> ведет по одной битой дороге умеренности, долга и нравственного спокойствия. И прекрасно делает! — <hi style="opdelimiter">Никогда</hi><hi style="opnumber">114</hi> <hi style="npnumber">115</hi><hi style="npdelimiter">я</hi> так сильно не чувствовал всего себя, свою душу, как теперь, когда порывы и страсти знают свой предел. Я теперь уже знаю, что у меня есть душа и бессмертная (по крайней мере, часто я думаю знать это), и знаю, что есть бог. Вы интересовались моим внутренним воспитанием, и потому я вам говорю это.</p>
<p rend="left">Я вам признаюсь, что прежде, уже давно, я не верил и в это. Последнее время чаще и чаще во всем вижу доказательство и подтверждения этого. И рад этому. — Я не христианин и очень еще далек от этого; но опыт научил меня не верить в<hi> </hi>непогрешительность своих суждений, и всё может быть! Вы на это мне ничего не пишите и не говорите. Всё знание приходит людям путем неразумным. Я Сережу учу говорить: — Таня; он не может, а говорит <hi>губка</hi>, что гораздо труднее.</p>
<p rend="left">Почему вы говорите, что я поссорился с Катковым. Я и не думал. Во-первых, потому что не было причины, а во-вторых, потому что между мной и им столько же общего, сколько между вами и вашим водовозом. Я и не сочувствую тому, что запрещают полякам говорить по-польски, и не сержусь на них за это, и не обвиняю Муравьевых<note xml:id="note6" resp="volume_editor" index="false"> Михаил Николаевич Муравьев (1796—1866), прозванный «вешателем» — крайний реакционер, ярый противник освободительных реформ, виленский ген.-губернатор, жестоко подавлявший польское восстание.</note> и Черкасских,<note xml:id="note7" resp="volume_editor" index="false"> Владимир Александрович Черкасский (1824—1878), старый знакомый Толстого, деятель крестьянской реформы 1861 г., славянофил (см. т. 47, стр. 409, и т. 48), с 1863 г., после подавления польского восстания, служил в Привислянском крае.</note> а мне совершенно всё равно, кто бы ни душил поляков<note xml:id="note8" resp="volume_editor" index="false"> Впоследствии Толстой резко изменил свое отношение к польскому вопросу. В повести 1906 г. «За что?» он высказал сочувствие полякам и гневно осудил царское правительство.</note> или ни взял Шлезвиг-Голшт[ейн]<note xml:id="note9" resp="volume_editor" index="false"> Шлезвиг-Голштиния — прусская провинция.</note> или произнес речь в собрании земск[их] учреждений. —</p>
<p rend="left">И мясники бьют быков, к[отор]ых мы едим, и я не обязан обвинять их или сочувствовать.</p>
<p rend="left">Романа моего написана только 3-я часть, к[отор]ую я не буду печатать до тех пор, пока не напишу еще 6 частей, и тогда — лет через пять — издам всё отдельным сочинением.<note xml:id="note10" resp="volume_editor" index="false"> Толстой изменил это решение. Вторая часть романа «1805 год» печаталась в 1866 г. в «Русском вестнике».</note> Островский — писатель, к[отор]ого я очень люблю — мне сказал раз очень умную вещь. Я написал два года тому назад комедию<note xml:id="note11" resp="volume_editor" index="false"> «Зараженное семейство».</note> (к[отор]ую не напечатал) и спрашивал у Островского, как бы успеть поставить комедию на Моск[овском] театре до поста. Он говорит: «Куда торопиться, поставь лучше на будущий год». Я говорю: «Нет, мне бы хотелось теперь, потому что комедия очень современна и к будущему году не будет иметь того успеха».</p>
<p rend="left">— <hi>«Ты боишься</hi>, <hi>что скоро очень поумнеют?»</hi> —</p>
<p rend="left">Так я этого не боюсь в отношении своего романа. А работать, не имея в виду хлопающей или свистящей публики (через 5 лет будешь ли жив сам, будет ли жива та публика?) гораздо приятнее и работа достойнее <hi style="opdelimiter">(dignité).</hi><hi style="opnumber">115</hi></p>
<p rend="left"><hi style="npnumber">116</hi><hi style="npdelimiter">Теперь</hi> поздняя осень; охота, отвлекающая меня, кончилась, и я много пишу и много вперед обдумываю будущих работ, к[отор]ым, вероятно, никогда не придется осуществиться, и всё это с верой в себя и убеждением, что я делаю дело. А в этом главное. Много у нас — писателей, есть тяжелых сторон труда, но зато есть эта, верно вам неизвестная, volupté<note xml:id="note12" resp="volume_editor" index="false"> <hi style="opdelimiter">[наслаждение]</hi><hi style="opnumber">117</hi></note> мысли — читать что-нибудь, понимать одной стороной ума, а другой — думать и в самых общих чертах представлять себе целые поэмы, романы, теории философии. Я всё много думаю о воспитании, жду с нетерпением времени, когда начну учить своих детей, собираюсь тогда открыть новую школу и собираюсь написать résumé всего того, что я знаю о воспитании, и чего никто не знает, или с чем никто не согласен.<note xml:id="note13" resp="volume_editor" index="false"> В 1872 г. Толстой возобновил занятия с крестьянскими детьми и тогда же принялся за работу над «Азбукой».</note> —</p>
<p rend="left">Видите, с какой трогательной наивностью я пишу вам с удовольствием о себе. Это или эгоизм, или доверие, или и то и другое. Берите с меня пример. Вы скажете: что я хочу знать о вас? То, что я бы хотел знать о себе, и то, что я сейчас написал, т. е. все мои задушевные мысли, планы — внутренняя работа.</p>
<p rend="left">Я пишу это письмо у тетеньки<note xml:id="note14" resp="volume_editor" index="false">Т. А. Ергольская.</note> на столе. Вы бы были тронуты, ежели бы видели, с какой любовной охотой она дала мне письменные материалы, для того, чтобы писать вам. Она вас очень, особенно любит. Она любит всех ваших, но вас особенно. Какое чудесное существо, но к[отор]ое, я сколько раз с вами ни говорил про нее, я знаю, что я вам не растолковал. Нечего расска[зы]вать, а надо знать эту простую и прекрасную душу, как я, 35 лет. Она была так больна нынче летом, что мы думали — кончено. Теперь ей лучше; но мы поняли, как она дорога нам. — Мы хотели ехать в Москву до праздников, но теперь выходит, что поедем после.<note xml:id="note15" resp="volume_editor" index="false">См. прим. 3 к письму № 140.</note> Это всегда так с нами выходит, когда мы сбираемся ехать куда-нибудь. Где мы, там и хорошо. Только чтобы это всегда так было! Итак, мы поедем все-таки для того, чтобы Соня увидала своих и показала им внучат. Я понимаю, какая это должна быть гордая радость. И оттуда, оставив детей у родных, на несколько дней приедем в П[етер]б[ург],<note xml:id="note16" resp="volume_editor" index="false">Намерение это осуществлено не было.</note> где я и буду иметь честь не без некоторого трепета и гордости представить вам свою жену. Ежели бы я не был нынче в духе полной искренности (иногда (даже всегда) желаешь быть искренним, но не можешь), я бы сказал вам, что она вас любит, <hi style="opdelimiter">но</hi><hi style="opnumber">116</hi> <hi style="npnumber">117</hi><hi style="npdelimiter">теперь</hi> скажу, что она готова любить вас, но находится в отношении вас в некотором недоумении, очень заинтересована, как она сама говорит, как никогда никакой женщиной, и, вместе с тем, я уверен, имеет в душе чувство, к[отор]ое Ларошфуко<note xml:id="note17" resp="volume_editor" index="false">Ларошфуко (1747—1827) — французский писатель, автор сборника афоризмов «Размышления и максимы», который Толстой высоко ценил.</note> заметил бы только, чувство немного враждебное, какое мы имеем всегда к людям, к[отор]ых мы не знаем и к[отор]ых все, начиная с мужа, чрезмерно хвалят. — Смотреть же глазами мужа она не может, так как хорошая жена смотрит на всё глазами мужа, исключая на женщин. —</p>
<p rend="left">Что делают и где все ваши?</p>
<p rend="left">Прощайте, до свиданья. Всё у вас ли страшный швейцар, к[отор]ого я испугал в 12 часов ночи?</p>
<p rend="left">14 ноября.</p>
<p rend="left">Где Алексей Толстой?<note xml:id="note18" resp="volume_editor" index="false">Алексей Константинович Толстой (1817—1875) — поэт, троюродный брат Л. Н. Толстого.</note> Кланяйтесь ему от меня, коли он в П[етер]б[ур]ге.</p>
<comments><p rend="Textpetit_otstup left">Впервые опубликовано в ПТ, № 59. Год определяется содержанием и сопоставлением с письмами №№ 114 и 138.</p>
<p rend="Textpetit_otstup left"><hi>1</hi> От французского brouillon — черновик.</p>
<p rend="petit left"><hi>2</hi> «Дело» было выиграно, хотя тянулось оно несколько лет. М. Н. Толстая с детьми получила все имения, оставшиеся после В. П. Толстого, но в правах наследства была утверждена лишь 13 июня 1872 г. Запрещение с имений снято было в 1873 г.</p>
<p rend="petit left"><hi>3</hi> Елизавета Андреевна Толстая, сестра А. А. Толстой.</p>
<p rend="petit left"><hi>4</hi> А. А. Толстая жила в верхнем этаже (107 ступенек).</p>
<p rend="petit left"><hi>5</hi> Далее зачеркнуты полторы строки.</p>
<p rend="petit left"><hi>6</hi> Михаил Николаевич Муравьев (1796—1866), прозванный «вешателем» — крайний реакционер, ярый противник освободительных реформ, виленский ген.-губернатор, жестоко подавлявший польское восстание.</p>
<p rend="petit left"><hi>7</hi> Владимир Александрович Черкасский (1824—1878), старый знакомый Толстого, деятель крестьянской реформы 1861 г., славянофил (см. т. 47, стр. 409, и т. 48), с 1863 г., после подавления польского восстания, служил в Привислянском крае.</p>
<p rend="petit left"><hi>8</hi> Впоследствии Толстой резко изменил свое отношение к польскому вопросу. В повести 1906 г. «За что?» он высказал сочувствие полякам и гневно осудил царское правительство.</p>
<p rend="petit left"><hi>9</hi> Шлезвиг-Голштиния — прусская провинция.</p>
<p rend="petit left"><hi>10</hi> Толстой изменил это решение. Вторая часть романа «1805 год» печаталась в 1866 г. в «Русском вестнике».</p>
<p rend="petit left"><hi>11</hi> «Зараженное семейство».</p>
<p rend="petit left"><hi>12</hi> <hi style="opdelimiter">[наслаждение]</hi><hi style="opnumber">117</hi></p>
<p rend="petit left"><hi>13</hi> В 1872 г. Толстой возобновил занятия с крестьянскими детьми и тогда же принялся за работу над «Азбукой».</p>
<p rend="petit left"><hi>14</hi>Т. А. Ергольская.</p>
<p rend="petit left"><hi>15</hi>См. прим. 3 к письму № 140.</p>
<p rend="petit left"><hi>16</hi>Намерение это осуществлено не было.</p>
<p rend="petit left"><hi>17</hi>Ларошфуко (1747—1827) — французский писатель, автор сборника афоризмов «Размышления и максимы», который Толстой высоко ценил.</p>
<p rend="petit left"><hi>18</hi>Алексей Константинович Толстой (1817—1875) — поэт, троюродный брат Л. Н. Толстого.</p>
</comments></div></body>
        </text>
        </TEI>