<?xml version="1.0" encoding="UTF-8"?>
    <!-- <?xml-stylesheet type="text/xsl" target="../resources/MJT/myletter.xsl"?> -->
    <?xml-stylesheet type="css" target="graves.css"?>
    <?xml-model target="http://www.tei-c.org/release/xml/tei/custom/schema/relaxng/tei_all.rng" type="application/xml" schematypens="http://relaxng.org/ns/structure/1.0"?>
    <?xml-model target="http://www.tei-c.org/release/xml/tei/custom/schema/relaxng/tei_all.rng" type="application/xml"
            schematypens="http://purl.oclc.org/dsdl/schematron"?>
    <TEI xmlns="http://www.tei-c.org/ns/1.0">
       <teiHeader>
          <fileDesc>
             <titleStmt>
                <title>Письмо №168. И. П. Борисову.</title>
             </titleStmt>
             <publicationStmt>
                <publisher>TolstoyLab</publisher>
                <date when="2015-09-14">14 September 2015</date>
             </publicationStmt>
             <sourceDesc>
                <biblStruct>
                   <analytic>
                      <author>Толстой Л.Н.</author>
                   </analytic>
                   <monogr>
                      <title level="m">Полное собрание сочинений. Том 60</title>
                      <imprint>
                         <pubPlace>Москва</pubPlace>
                         <publisher>Государственное издательство "Художественная литература"</publisher>
                         <date when="1949"/>
                      </imprint>
                   </monogr>
                   <series>
                      <title level="s">Л.Н. Толстой. Полное собрание сочинений</title>
                      <biblScope unit="vol">60</biblScope>
                   </series>
                </biblStruct>
             </sourceDesc>
          </fileDesc>
          <encodingDesc>
             <tagsDecl> </tagsDecl>
          </encodingDesc>
          <profileDesc>
             <correspDesc>
                <correspAction type="sending">
                   <persName ref="PersonList.xml#L_N_Tolstoy">Л. Н. Толстой</persName>
                   <placeName ref="PlacesListxml#PLACE">Я. П.</placeName>
                   <date when="1860-04-05">1860 г. Апреля 5.</date>            </correspAction>
                <correspAction type="receiving">
                   <persName ref="PersonList.xml#RECEIVER">И. П. Борисову</persName>
                </correspAction>
                <correspContext>
                   <ref type="prev"></ref>
                </correspContext>
             </correspDesc>
          </profileDesc>
       </teiHeader>
       <xenoData><number type="in a volume">168</number></xenoData>

              <text xml:id="I.P.Borisovu_168">
	<body><div>
		<opener index="false">
168. И. П. Борисову.
1860 г. Апреля 5. Я. П.</opener>
<p rend="right">5 Апреля.</p>
<p rend="left">Как я вам благодарен, любезный Иван Петрович, за ваши письма, только о самом интересном для меня вы всегда умалчиваете — о себе. Как больная, есть ли надежда вас увидать опять довольным в Козюлькине и в Ясной? — Брат<note xml:id="note1" resp="volume_editor" index="false"> Речь идет о H. Н. Толстом, который приехал из Москвы. Толстой, повидимому, ездил его встречать и доехал с ним по шоссе «до поворота» в Ясную Поляну, а Николай Николаевич поехал в Пирогово навестить М. Н. Толстую.</note> приехал благополучно до поворота с шоссе, я тоже, он в Пирогове, а я здесь, хочу ныне ехать и боюсь не доеду.<note xml:id="note2" resp="volume_editor" index="false"> Из-за весенней распутицы.</note> Реки проходят, вода везде, но не так велика, как ожидали. Весна дружная, теплая, с утреничками, вся птица прилетела, едим крапиву и цикорий, окна раскрыты. Решился ли наконец дядинька? Мне кажется, Серпуховское имение по условиям географическим превосходно.</p>
<p rend="left">Жму ваши руки и низко кланяюсь Марье Петровне. С юным астрономом,<note xml:id="note3" resp="volume_editor" index="false"> Толстой имеет в виду сына И. П. Борисова — Петю, которому в это время было год и четыре месяца.</note> узнающим рака от водолея, желаю познакомиться.</p>
<p rend="right">Ваш Л. Толстой.</p>
<comments><p rend="Textpetit_otstup left"><hi>1 </hi> Речь идет о H. Н. Толстом, который приехал из Москвы. Толстой, повидимому, ездил его встречать и доехал с ним по шоссе «до поворота» в Ясную Поляну, а Николай Николаевич поехал в Пирогово навестить М. Н. Толстую.</p>
<p rend="petit left"><hi>2</hi> Из-за весенней распутицы.</p>
<p rend="petit left"><hi>3</hi> Толстой имеет в виду сына И. П. Борисова — Петю, которому в это время было год и четыре месяца.</p>
</comments></div></body>
        </text>
        </TEI>