<?xml version="1.0" encoding="UTF-8"?>
    <!-- <?xml-stylesheet type="text/xsl" target="../resources/MJT/myletter.xsl"?> -->
    <?xml-stylesheet type="css" target="graves.css"?>
    <?xml-model target="http://www.tei-c.org/release/xml/tei/custom/schema/relaxng/tei_all.rng" type="application/xml" schematypens="http://relaxng.org/ns/structure/1.0"?>
    <?xml-model target="http://www.tei-c.org/release/xml/tei/custom/schema/relaxng/tei_all.rng" type="application/xml"
            schematypens="http://purl.oclc.org/dsdl/schematron"?>
    <TEI xmlns="http://www.tei-c.org/ns/1.0">
       <teiHeader>
          <fileDesc>
             <titleStmt>
                <title>Письмо №* 34. Гр. С. Н. Толстому.</title>
             </titleStmt>
             <publicationStmt>
                <publisher>TolstoyLab</publisher>
                <date when="2015-09-14">14 September 2015</date>
             </publicationStmt>
             <sourceDesc>
                <biblStruct>
                   <analytic>
                      <author>Толстой Л.Н.</author>
                   </analytic>
                   <monogr>
                      <title level="m">Полное собрание сочинений. Том 59</title>
                      <imprint>
                         <pubPlace>Москва</pubPlace>
                         <publisher>Государственное издательство "Художественная литература"</publisher>
                         <date when="1935"/>
                      </imprint>
                   </monogr>
                   <series>
                      <title level="s">Л.Н. Толстой. Полное собрание сочинений</title>
                      <biblScope unit="vol">59</biblScope>
                   </series>
                </biblStruct>
				<bibl>Печатается по автографу, хранящемуся в ГТМ. Публикуется впервые. Письмо является ответом на письмо гр. С. Н. Толстого от 11 декабря 1850 г.:</bibl>
             </sourceDesc>
          </fileDesc>
          <encodingDesc>
             <tagsDecl> </tagsDecl>
          </encodingDesc>
          <profileDesc>
             <correspDesc>
                <correspAction type="sending">
                   <persName ref="PersonList.xml#L_N_Tolstoy">Л. Н. Толстой</persName>
                   <placeName ref="PlacesListxml#PLACE">Москва.</placeName>
                   <date when="1850-12-15">1850 г. Декабря 15.</date>            </correspAction>
                <correspAction type="receiving">
                   <persName ref="PersonList.xml#RECEIVER">Гр. С. Н. Толстому</persName>
                </correspAction>
                <correspContext>
                   <ref type="prev"></ref>
                </correspContext>
             </correspDesc>
          </profileDesc>
       </teiHeader>
       <xenoData><number type="in a volume">34</number></xenoData>

              <text xml:id="Gr.S.N.Tolstomu_34">
	<body><div>
		<opener index="false">
* 34. Гр. С. Н. Толстому.
1850 г. Декабря 15. Москва.
</opener>
<p rend="Obrashenie left">Сережа!</p>
<p rend="left">1) Деньги взятые на продовольствіе и обсѣмененіе, къ капиталу причислены.<note xml:id="note1" resp="volume_editor" index="false">Об этом см. ответное письмо гр.С. Н. Толстого от 21 декабря 1850 г., приводимое нами ниже.</note> —</p>
<p rend="left">2) За Серебро проценты внесъ и билетъ для передачи тебѣ отдалъ Петру Евстратичу.<note xml:id="note2" resp="volume_editor" index="false">Об этом писал гр. С. Н. Толстой 5 декабря: «Не замедли уплатить зa серебро и пришли мне билет обратно».</note></p>
<p rend="left">3) У Крюкова сейчасъ былъ и наконецъ засталъ дома. — Онъ просилъ меня передать тебѣ слѣдующее: 1) долгъ, который остается отъ уплаты за рощу, онъ переписать болѣе не намѣренъ, говоря, что, зачѣмъ ты прежде не сдѣлалъ этаго. Главная же причина, по которой онъ этаго сдѣлать болѣе не хочетъ, та, что теперь вышло новое положеніе о поручительствѣ, по которому поручитель почти не отвѣтствуетъ за того, за кого поручался. — Ежели же ты хочешь перезакладывать, то бумагу, въ которой онъ изъявилъ свое согласіе на <hi style="opdelimiter">перезалогъ,</hi><hi style="opnumber">76</hi> <hi style="npnumber">77</hi><hi style="npdelimiter">съ</hi> тѣмъ, чтобы деньги эти были внесены въ опеку, онъ согласенъ дать. — Проценты проситъ прислать. Какой подлой человѣкъ! Я намѣренъ однако къ нему съѣздить еще и сказать: И. П.,<note xml:id="note3" resp="volume_editor" index="false">И. П. Крюков. См. прим. 2 к п. № 32.</note> отъ вашего запрещенія на наше имѣніе у насъ у всѣхъ руки связаны, и покуда оно не будетъ снято, мы будемъ терпѣть ущербъ, потому то и тому то, и вы не получите своихъ денегъ. — Поэтому я отъ себя и отъ всѣхъ братьевъ даю вамъ слово, что ежели вы не перепишите векселей послѣ послѣдней уплаты за лѣсъ, то вы денегъ вашихъ не получите и черезъ 10 лѣтъ; ежели же вы снимите запрещеніе, то, даю вамъ слово, что сумма будетъ заплочена сполна, черезъ годъ. Согласенъ ли ты на это? То есть предложить ему миръ или войну. — Совѣтовалъ бы я тебѣ во всякомъ случаѣ заняться подачею прошенія въ Ту[льскую] Гражд[анскую] палату слѣдующаго содержанія: Что долги мы принимаемъ на себя, a раздѣлъ просимъ утвердить.<hi>4 </hi>— 4) <hi>О Капнистѣ</hi>,<note xml:id="note4" resp="volume_editor" index="false"> Иван Васильевич Капнист (1794—1860), сын известного <hi style="opdelimiter">писателя,</hi><hi style="opnumber">78</hi> <hi style="npnumber">79</hi><hi style="npdelimiter">в</hi> 1842—1844 гг. смоленский, а в 1844—1856 гг. московский гражданский губернатор, в канцелярии которого служил или вернее числился гр. С. Н. Толстой.</note> Львова<note xml:id="note5" resp="volume_editor" index="false">Кн. Георгий Владимирович Львов. О нем см. вступ. прим. к п. № 94. В дневнике Толстого под 21 декабря записано: «У Львова узнать о службе Сережи».</note> не видалъ, которого хотѣлъ попросить узнать объ этомъ; а въ канцелярію не ѣздилъ, съ слѣдую- щей же почтой увѣдомлю. — 5) <hi>О прибавочныхъ душахъ</hi>. Не понимаю. — 6) Можно ли перезаложить по 8-й ревизіи? Можно. Совѣтъ деньги выдастъ по Свидѣтельству, какое бы оно ни было, и справокъ наводить не будетъ, для того что справки всѣ должны уже будут находиться въ Свидѣтельствѣ. — 7) Odontine и elexir посылаю съ Петромъ; 1—50 к. передержаны, которые ты отдай Петру. — Денегъ у меня становится мало, поэтому пришли мнѣ поскорѣе оныхъ. — Живу я себѣ ни хорошо, ни дурно — скромно, въ карты не играю, только по 2 коп. въ Ералашъ съ Анд. Ив. Горчак[овымъ] pour lui faire la cour.<hi>8 </hi>— Прощай, ежели тебѣ кажется темно, что я тебѣ пишу о прош[енiи], которое совѣтую подать, то Петръ тебѣ объяснить, въ чемъ дѣло; надо, разумѣется, дать денегъ секретарю, попросивъ его на квартиру, и подавать прошеніе поскорѣе, подписавшись подъ наши руки, разумѣется. Казариновъ<note xml:id="note6" resp="volume_editor" index="false">Николай Павлович Казаринов (р. в 1808 г.) в 1844—1861 гг. председатель Тульской палаты гражданского суда.</note> въ Москвѣ, слѣдовательно, Елагинъ<note xml:id="note7" resp="volume_editor" index="false">Николай Павлович Елагин (1801—1863) в 1844—1849 гг. товарищ председателя Тульской палаты гражданского суда.</note> правитъ должность и сдѣлаетъ все по прошенію. —</p>
<p rend="left">15 Декабря.</p>
<p rend="left">1850.</p>
<p rend="left">Петръ увѣряетъ, что подписаться подъ руки опасно, и мнѣ кажется, правда, выпиши лучше Митиньку и Валерьяна. Къ 1-мъ числамъ Генваря я буду.<note xml:id="note8" resp="volume_editor" index="false">Вырван край листа с несколькими словами.</note></p>
<p rend="left"><hi style="opnumber">77</hi> <hi style="npnumber">78</hi></p>
<p rend="left"><hi>Ha 4 странице:</hi></p>
<p rend="left">Его Сіятельству Графу Сергѣю Николаевичу Толстому.</p>
<p rend="left">Петру Евстратову безъ задержки дать лошадей до Пирагова. — Г. Л. Толстой.</p>
<comments><p rend="Textpetit_otstup left">Печатается по автографу, хранящемуся в ГТМ. Публикуется впервые. Письмо является ответом на письмо гр. С. Н. Толстого от 11 декабря 1850 г.:</p>
<p rend="petit left">«Лёва. Письмо твое почтенное от 7-го ноября получил, на которое отвечаю тебе следующее: «Сделай милость, напиши мне об всем поподробнее и на все пункты моих обоих писем первых отвечай не пропустя ничего: —</p>
<p rend="petit left">1) о деньгах, взятых на обсеменение и продовольствие.</p>
<p rend="petit left">2) о серебре. —</p>
<p rend="petit left">3) О Крюкове. —</p>
<p rend="petit left">4) О Капнисте. —</p>
<p rend="petit left">5) О прибавочных душах.</p>
<p rend="petit left">6) О перезалоге по 8-ой или 9-ой ревизии.</p>
<p rend="petit left">7) О Odontíne и elixir Peletier.</p>
<p rend="petit left">Петр Евстратов всё врет, узнай хорошенько сам, примет ли Совет по 8-ой и будет ли наводить справки. Естьли примет и справки наводить не будет, то это сделать будет можно, ибо в Гражданской Палате мне говорят, что свидетельство по 8-ой ревизии взять можно. — Естьли ты мне уже второе письмо подробнее написал и хорошенько про перезалог по 8-ой ревизии не узнал, то не поленись, хорошенько узнай и еще напиши. Я жду твоего ответа, чтобы начинать действовать, а время терять будет некогда, надо будет до Рождества выхлопотать свидетельство. Это уже мое второе письмо к тебе, не знаю, получил ли первое, где я пишу тебе о исполнении мною всех твоих поручений. Это письмо пошло к тебе с обозом, с которым прошу тебя переслать мне odontine. Естьли же обоз отправлен, то с почтой. Тетиньку еще не видал, поэтому не знаю содержания твоего письма к ней. Напиши мне об себе поподробнее как всё — <hi>шукр</hi> или! пашукр? <hi>требицы или на ловы</hi>? Очень рад что квартера не фризовая. Отвечай скорее на всё. С. Пирогово. Гр. С. Толстой». (Письмо неопубликовано; подлинник в АТБ.)</p>
<p rend="petit left">У гр. С. Н. Толстого явная ошибка: в ноябре Толстой был еще в Туле. <hi>Это уже второе письмо</hi>... <hi>получил ли первое</hi> — т. е. от 5 декабря 1850 г. В цыганских словах: ш<hi>укр</hi>, <hi>пашукр</hi>, <hi>требицы или на ловы</hi> гр. G. Н. Толстой что-то напутал, и перевести их не удалось.</p>
<p rend="Textpetit_otstup left"><hi>1 </hi>Об этом см. ответное письмо гр.С. Н. Толстого от 21 декабря 1850 г., приводимое нами ниже.</p>
<p rend="petit left"><hi>2 </hi>Об этом писал гр. С. Н. Толстой 5 декабря: «Не замедли уплатить зa серебро и пришли мне билет обратно».</p>
<p rend="petit left"><hi>3 </hi>И. П. Крюков. См. прим. 2 к п. № 32.</p>
<p rend="petit left"><hi>4 </hi>Тульская палата гражданского суда утвердила раздел имений между</p>
<p rend="petit left">Толстыми 8 февраля 1851 г.</p>
<p rend="petit left"><hi>6</hi> Иван Васильевич Капнист (1794—1860), сын известного <hi style="opdelimiter">писателя,</hi><hi style="opnumber">78</hi> <hi style="npnumber">79</hi><hi style="npdelimiter">в</hi> 1842—1844 гг. смоленский, а в 1844—1856 гг. московский гражданский губернатор, в канцелярии которого служил или вернее числился гр. С. Н. Толстой.</p>
<p rend="petit left"><hi>6 </hi>Кн. Георгий Владимирович Львов. О нем см. вступ. прим. к п. № 94. В дневнике Толстого под 21 декабря записано: «У Львова узнать о службе Сережи».</p>
<p rend="petit left"><hi>7 </hi>Кн. Андрей Иванович Горчаков. О нем см. прим. 1 к п. № 33.</p>
<p rend="petit left"><hi>8 </hi>чтобы за ним поухаживать.</p>
<p rend="petit left"><hi>9 </hi>Николай Павлович Казаринов (р. в 1808 г.) в 1844—1861 гг. председатель Тульской палаты гражданского суда.</p>
<p rend="petit left"><hi>10 </hi>Николай Павлович Елагин (1801—1863) в 1844—1849 гг. товарищ председателя Тульской палаты гражданского суда.</p>
<p rend="petit left"><hi>11 </hi>Вырван край листа с несколькими словами.</p>
<p rend="petit left">На это письмо гр. С. Н. Толстой ответил письмом от 21 декабря. Приводим его полностью:</p>
<p rend="petit left">«Леушка. Посылаю тебе 60 руб. серебром. Не знаю, дойдут ли до тебе письмо это и деньги, потому что Петр Евстратов мне говорил, что квартера твоя не в доме Львова, а в доме Ивановой. Это третье мое письмо к тебе. Об Аникееве я тебе уже писал и аттестаты послал. Его Сиятельство денег, разумеется, тебе не даст. Он у меня купил лошадь и насилу мог за нее отдать деньги. — Всё время живу я в деревне, тетинька у меня. Цыгане благодаря всевышнего создателя меня не забывают. Они были у меня в Пирогове, чему я даже, к моему удивлению, был не рад. Одному с ними быть в деревне невыносимо. Я собираюсь, кажется, им, как и ты, сказать Хамрабу. Я из писем твоих ко мне и к тетиньке мог заключить, что ты не играешь вовсе или играешь по маленькой, но по маленькой ведь тоже можно проиграть, и проиграть много. Дай бог, чтобы это с тобой не случилось. Авось либо ты уже стал поопытней. — Радуюсь, что у тебя не фризовая квартера. — Понравилась ли тебе меньшая Канивальская? Я исполнением моих комиссий не вполне доволен. Во-первых, я из слов Петра Евстратова мог заключить, что вы не узнали подробно, числится ли на нас долг <hi>продовольственных денег.</hi> Петр Евстратов спрашивал в Совете: <hi>не числится ли на нас долг денег</hi>, <hi>взятых во время голодного года.</hi> Ему сказали, что деньги, взятые в голодный год, причислены к капиталу, что и сделано действительно <hi>для семянных</hi>, но <hi>продовольственные</hi> даны на 10 лет, поэтому их по случаю окончания этих 10 лет еще не требуют, но есть ли они взяты, то их потребуют и, как говорят, с огромными процентами. Узнай, сделай милость это наверно. Это меня крайне мучает. — Петр Евстратов положительно мне на счет этого ничего не сказал; когда будешь узнавать, то узнай еще вот что: <hi>числится ли долг на Пирогове</hi>, ибо, так как Ясное и Никольское перезаложены после голодного года, то у нас эти деньги вычтены из суммы полученной за перезалог, в Пирогове же они вероятно не уплочены. Ради бога, узнай об этом поверней и напиши поскорей об оном, да не поленись, сходи сам в Совет, через других никогда ничего не узнаешь. Я ожидал, что Петр Евстратов мне об всем объяснит дельно, а он сам почти ничего не знает. — Еще раз прошу тебя, узнай о <hi>продовольственных деньгах собственно для Пирогова.</hi> 2) Ты говоришь, что не понимаешь, что такое <hi>надбавочные деньги</hi>, т. е. я желаю знать, во <hi style="opdelimiter">сколько</hi><hi style="opnumber">79</hi> <hi style="npnumber">80</hi><hi style="npdelimiter"><hi>у меня</hi></hi> <hi>заложены души в 70 или в 80 руб</hi>[<hi>лей</hi>]<hi> </hi>серебром, и могу ли я что нибудь еще получить надбавочных денег. Спроси об этом сам в Совете и напиши мне. 3) <hi>О Крюкове непременно ли нужно ему в наискорейшем времени вносить проценты</hi> или можно <hi>еще подождать.</hi> Мысль твоя объявить Крюкову <hi>мир или войну</hi> хороша, но как бы он естьли откроем войну, не подал ко взысканию моего <hi>векселя</hi>. Напиши мне, что он тебе еще говорил после твоего последнего предложения, т. е. <hi>мир или войну.</hi> 4) О <hi>Капнисте. Нужно ли мне ехать в Москву по случаю службы или можно отделаться</hi>. Уведомь об этом <hi>непременно.</hi> Прошение в палату о утверждении раздельного акта написано. Пишу об оном Митеньке. — Узнай утвержден ли я в 12-ом классе. Прощай <hi>моём то суто.</hi> Гр. С. Толстой. <hi>Одонтин и елексир разбили</hi>. Сделай милость, не забудь, пришли с почтой или оказией еще и того и другого. Деньги доставлю в контору». (Письмо не опубликовано; подлинник в АТБ.)</p>
<p rend="petit left"><hi>Его сиятельство</hi> — кн. Еникеев. <hi>Меньшая Канивальская</hi> — дочь Ивана Матвеевича Канивальского (см. о нем прим. 9 к п. № 33) Александра Ивановна. <hi>Деньги</hi>, <hi>взятые в голодный год</hi> — деньги, взятые на продовольствие крестьян и обсеменение во время неурожайного 1839—1840 года. В цыганских словах <hi>хамрабу</hi>, <hi>моём то суто</hi> гр. С. Н. Толстой что-то напутал, и они не поддаются переводу.</p>
</comments></div></body>
        </text>
        </TEI>