<?xml version="1.0" encoding="UTF-8"?>
    <!-- <?xml-stylesheet type="text/xsl" target="../resources/MJT/myletter.xsl"?> -->
    <?xml-stylesheet type="css" target="graves.css"?>
    <?xml-model target="http://www.tei-c.org/release/xml/tei/custom/schema/relaxng/tei_all.rng" type="application/xml" schematypens="http://relaxng.org/ns/structure/1.0"?>
    <?xml-model target="http://www.tei-c.org/release/xml/tei/custom/schema/relaxng/tei_all.rng" type="application/xml"
            schematypens="http://purl.oclc.org/dsdl/schematron"?>
    <TEI xmlns="http://www.tei-c.org/ns/1.0">
       <teiHeader>
          <fileDesc>
             <titleStmt>
                <title>Письмо №2. Ректору Казанского университета Н. И. Лобачевскому.</title>
             </titleStmt>
             <publicationStmt>
                <publisher>TolstoyLab</publisher>
                <date when="2015-09-14">14 September 2015</date>
             </publicationStmt>
             <sourceDesc>
                <biblStruct>
                   <analytic>
                      <author>Толстой Л.Н.</author>
                   </analytic>
                   <monogr>
                      <title level="m">Полное собрание сочинений. Том 59</title>
                      <imprint>
                         <pubPlace>Москва</pubPlace>
                         <publisher>Государственное издательство "Художественная литература"</publisher>
                         <date when="1935"/>
                      </imprint>
                   </monogr>
                   <series>
                      <title level="s">Л.Н. Толстой. Полное собрание сочинений</title>
                      <biblScope unit="vol">59</biblScope>
                   </series>
                </biblStruct>
				<bibl>Печатается по автографу, хранящемуся в архиве Казанского университета. Впервые опубликовано Н. П. Загоскиным в статье: «Граф Л. Н. Толстой и его студенческие <hi>годы</hi>» — «Исторический вестник» 1894, № 1, стр. 48—99.</bibl>
             </sourceDesc>
          </fileDesc>
          <encodingDesc>
             <tagsDecl> </tagsDecl>
          </encodingDesc>
          <profileDesc>
             <correspDesc>
                <correspAction type="sending">
                   <persName ref="PersonList.xml#L_N_Tolstoy">Л. Н. Толстой</persName>
                   <placeName ref="PlacesListxml#PLACE">Казань.</placeName>
                   <date when="1844-08-03">1844 г. Августа 3.</date>            </correspAction>
                <correspAction type="receiving">
                   <persName ref="PersonList.xml#RECEIVER">Ректору Казанского университета Н. И. Лобачевскому</persName>
                </correspAction>
                <correspContext>
                   <ref type="prev"></ref>
                </correspContext>
             </correspDesc>
          </profileDesc>
       </teiHeader>
       <xenoData><number type="in a volume">2</number></xenoData>

              <text xml:id="RektoruKazanskogouniversiteta._2">
	<body><div>
		<opener index="false">
2. Ректору Казанского университета Н. И. Лобачевскому.
1844 г. Августа 3. Казань.</opener>
<p rend="left">Его Превосходительству господину ректору Императорскаго Казанскаго университета, заслуженному профессору, дѣйствительному статскому совѣтнику Николаю Ивановичу Лобачевскому.<hi>1</hi></p>
<p rend="Shapka">Отъ Льва Николаевича графа</p>
<p rend="Shapka">Толстого</p>
<p rend="subtitle centerline">
Прошеніе.
</p>
<p rend="left">Въ маѣ мѣсяцѣ текущаго года я вмѣстѣ съ учениками первой и второй Казанской гимназіи подвергался испытанію, съ цѣлью поступить въ число студентовъ Казанскаго университета разряда арабско-турецкой словесности. Но какъ на этомъ испытаніи не оказалъ надлежащихъ свѣдѣній въ исторіи, статистикѣ, то и прошу покорнѣйше ваше превосходительство дозволить мнѣ нынѣ снова экзаменоваться въ этихъ предметахъ.<hi>2</hi></p>
<p rend="left">При семъ имѣю честь представить слѣдующіе документы:</p>
<p rend="left">1) метрическое свидѣтельство изъ Тульской консисторіи,<hi>3</hi></p>
<p rend="left">2) копіи<hi>4</hi> съ постановленія Тульскаго дворянскаго депутатскаго собранія. Августа 3 дня 1844 г. Къ сему прошенію означенный выше проситель графъ Левъ Николаевъ Толстой руку приложилъ.</p>
<comments><p rend="Textpetit_otstup left">Печатается по автографу, хранящемуся в архиве Казанского университета. Впервые опубликовано Н. П. Загоскиным в статье: «Граф Л. Н. Толстой и его студенческие <hi>годы</hi>» — «Исторический вестник» 1894, № 1, стр. 48—99.</p>
<p rend="petit left">На прошении рукой Лобачевского помечено: «Допустить к дополнительному испытанию. 4 августа 1844 г. Ректор Лобачевский». После текста прошения помечено: «Определено Толстого принять в университет студентом своекоштного содержания по разряду арабско-турецкой словесности, в 1-й курс, о чем уведомить Отделение Наук и инспектора студентов, подлинное за подписом гг. присутствующих и скрепою секретаря, верно за столоначальника Андроникова исполнено 20 сентября. В 1-ое отделение № 1189 Инспектору № 1138».</p>
<p rend="Textpetit_otstup left"><hi>1 </hi>О Н. И. Лобачевском см. вступ. прим. 1 к прошению № 1.</p>
<p rend="petit left"><hi>2 </hi>Результаты этих экзаменов нам неизвестны. В «Деле Канцелярии Правления № 109 о принятии в Университет Студентом Льва Николаева Толстого», хранящемся в архиве Казанского университета, <hi style="opdelimiter">никаких</hi><hi style="opnumber">5</hi> <hi style="npnumber">6</hi><hi style="npdelimiter">экзаменационных</hi> отметок, относящихся к августу 1844 г., не значится.</p>
<p rend="petit left"><hi>3</hi> В «Деле» о Толстом Казанского университета имеется 2-я копия этого свидетельства:</p>
<p rend="Textpetit_otstup left">«Свидетельство, по указу Его Императорского Величества из Тульской духовной консистории дано сие умершего подполковника графа Николая Ильина Толстого сыну Льву, на предмет помещения его в казенное учебное заведение в том, что день рождения его Льва по метрическим книгам крапивенской округи села Кочанов от священноцерковнослужителей за тысяча восемсот двадцать восьмой год по данным записанным значится того года августа двадцать осьмого дня следующим образом: сельца Ясной поляны у графа Николая Ильина Толстого родился сын Лев, крещен двадцать девятого числа священником Васильем Можайским с диаконом Архипом Ивановым с дьячком Александром Федоровым и пономарем Федором Григорьевым, при крещении восприемниками были: Белевского уезда помещик Семен Иванов Языков и графиня Пелагея Толстова. Генваря 23 дня 1841 г. Подлинное подписали: присутствующий протоиерей Михаил Прудовский, скрепил секретарь Бардовский, справил помощник столоначальник Субботин. С подлинным читал за столоначальника Андроников».</p>
<p rend="petit left"><hi>Гр. Николай Ильич Толстой</hi> (р. 26 июня 1795 г., ум. 21 июня 1837 г.), отец Льва Николаевича, сын гр. Ильи Андреевича (1757—1820) и Пелагеи Николаевны кж. Горчаковой (1762—1838). <hi>Кочаки </hi>— погост, к приходу которого принадлежит Ясная поляна, находится почти в 3 км от нее. Здесь, в церковной ограде, стоит склеп графов Толстых, где похоронены родители Льва Николаевича и гр. Дмитрий Николаевич Толстой; вне склепа похоронены Татьяна Александровна Ергольская, Пелагея Ильинична Юшкова и кн. Марья Львовна Оболенская, рожд. Толстая. <hi>Можайский Василий Давыдович</hi> (р. 1792, ум. 18..), — священник Кочаковской церкви в 1817—1859 гг.; <hi>Архип Иванов</hi> — дьякон Кочаковской церкви с 1804 г.; <hi>Александр Федорович Кочаковский</hi> (р. 1795 ум., 18..) — дьячок Кочаковской церкви с 1818 г.; <hi>Федор Григорьев</hi> (р. 1775, ум. 18..) — пономарь Кочаковской церкви с 1789 г. (сведения из клиросной ведомости за 1839 г., хранящейся в Тульском архивном бюро, извлеченные сотрудником Музея-усадьбы Ясная поляна С. А. Малых). <hi>Семен Иванович Языков</hi> (р. 1787 г., ум. 24 мая 1865 г), помещик Белевского уезда Тульской губ., владелец деревни Бутырок, товарищ по охоте гр. Николая Ильича Толстого, крестный отец Л. Н. Толстого. Выведен Толстым под именем Семена Ивановича Езыкова в одном из набросков романа «Декабристы». О нем пишет Толстой в III, VI и VII главах «Воспоминаний детства». <hi>Гр. Пелагея Николаевна Толстая</hi>, бабка Толстого по отцу; выведена Толстым в «Детстве» в лице «бабушки». Сведений о <hi>Михаиле Прудовском</hi>, <hi>Бардовском</hi>, <hi>Субботине</hi> и <hi>Андроникове</hi> не имеем.</p>
<p rend="petit left">1841 г. января 30 дня в журнале Тульского дворянского депутатского собрания записано : «Прошение опекунши малолетних детей умершего подполковника и кавалера графа Николая Ильича Толстого, сыновей: Николая, Сергея, Дмитрия, Льва и Марии, графини Александры Ильиной дочери фон-дер-Остен-Сакен, при коем, представляя о рождении и <hi style="opdelimiter">крещении</hi><hi style="opnumber">6</hi> <hi style="npnumber">7</hi><hi style="npdelimiter">оных</hi> детей метрические свидетельства Тульской духовной консистории, просит из числа тех детей Сергею, Дмитрию и Льву выдать с протокола, по коему они в 1832 г. внесены при отце их в родословную книгу, копию — каждому порознь, а дочери Марии свидетельство, на случай определения их в какие-либо казенные учебные заведения и потом сыновей в службу, и притом метрическое свидетельство возвратить обратно. А по справке в сем собрании оказалось: подполковник и кавалер граф Николай Ильич Толстой по представленным от него доказательствам и по состоявшемуся на оное 1832 г. марта 15 дня определению с показанными детьми его как об них в списке от Крапивенского уездного предводителя дворянства было тогда показание: Николаем 8, Сергеем 6, Дмитрием 4, Львом 3-х лет и Мариею 1<hi>1</hi>/<sub>2</sub> года внесенным состоит в дворянскую родословную Тульской губернии книгу в 5-ю ее часть; в представленных же ныне свидетельствах, выданных сего января 23 дня из Тульской духовной консистории за №№ 250, 251, 252 и 253, означено, что в метрических книгах Крапивенской округи села Качакова у подполковника графа Николая Толстого родившиеся дети записанными состоят: Сергей 1826 февраля 17, Дмитрий 1827 апреля 23, Лев 1828 августа 28 и дочь Мария 1830 годов марта 7-го числа. Приказали: списав с определения № 1832 года марта 15 и с сего журнала копии означенных малолетним графа Николая Ильича Толстого детям Сергею, Дмитрию, Льву, каждому порознь и дочери Марьи свидетельства выдать, причем и метрические свидетельства, оставя с них под дело копии, подлинные возвратить с распискою...</p>
<p rend="petit left">Дана сия копия из Тульского дворянского депутатского собрания умершего подполковника и кавалера графа Николая Ильича Толстого сыну недорослю Льву Толстому вследствие состоявшейся на поданное от опекунши графини Александры фон-дер-Остен-Сакен прошение резолюции апреля 19 дня 1841. Подлинное подписали правящий должность губернского тульского уездного предводителя дворянства Хрущев, скрепили секретарь и кавалер В. Либин; справил столоначальник Иван Елисеев. С подлинным читал за столоначальника Андроников».</p>
<p rend="petit left"><hi>Гр. Александра Ильинична Остен-Сакен</hi> (р. 1797 г., ум. 30 августа 1841 г. — старшая дочь гр. Ильи Андреевича Толстого, родная тетка Льва Николаевича; по смерти гр. Н. И. Толстого была опекуншей детей Толстых. Толстой в своих «Воспоминаниях детства» называет ее «важным для моего детства лицом». «Тетушка Александра Ильинична очень рано в Петербурге была выдана за остзейского богатого графа Остен-Сакен. Партия казалась очень блестящая, но кончившаяся в смысле супружества очень печально для тетушки, хотя может быть последствия этого брака были благотворны для ее души... Она заботилась о нас, когда была нашей опекуншей, но всё, что она делала, не поглощало ее душу, всё было подчинено служению богу, как она понимала это служение» («Воспоминания детства», гл. V). <hi>Иван Николаевич Хрущов</hi> — в 1838—1843 гг. Тульский уездный предводитель дворянства. <hi>Василий Иванович Либин</hi> (род. 1805 г.), титулярный советник, в 1835—1858 гг. секретарь Тульского дворянства.</p>
<p rend="Textpetit_otstup left"><hi>4</hi>. В «Деле» о Толстом, хранящемся в архиве Казанского университета, имеется эта копия с постановления Тульского дворянского <hi style="opdelimiter">депутатского</hi><hi style="opnumber">7</hi> <hi style="npnumber">8</hi><hi style="npdelimiter">собрания:</hi> «1832-го года марта 15-го дня в журнале Тульского дворянского депутатского собрания записано: прошение Крапивенской округи помещика, подполковника и кавалера Графа Николая Ильича сына Толстого, при коем представил на основании Высочайшей грамоты, пожалованной благородному Российскому Дворянству, доказательство на дворянское достоинство свое равно как по службе и увольнению от оной выданный ему 1825 г. Генваря 29 пашпорт, просит внести его с малолетними четырьмя сыновьями и одной дочерью в следующую часть дворянской родословной Тульской губернии книги и выдать ему на то грамоту, за которую и денег в <hi>дворянскую</hi> сумму 25 р. взнес».</p>
<p rend="Textpetit_otstup left">Будучи окончательно принят в университет, Толстой в ноябре 1844 г.. представил медицинское свидетельство. В деле о Толстом Казанского университета имеется подлинник свидетельства о здоровье:</p>
<p rend="petit left">«Дано сие студенту Казанского университета Льву Толстому в том, что он действительно корь и оспу имел натуральную, болезней заразительных и прилипчивых не имел и не имеет; в чем свидетельствую, 1844 г. ноября 10 дня. Адъюнкт Иван Дмитриевский».</p>
<p rend="petit left"><hi>Иван Степанович Дмитриевский</hi> учился в Казанском университете в 1819—1824 гг. и окончил университет лекарем; с 1828 г. — ординатор, в 1827—1852 гг. — секретарь врачебного отделения университета; в 1387—1854 гг. — адъюнкт-профессор.</p>
<p rend="petit left">Это свидетельство о здоровьи инспектор студентов 13 ноября препроводил в правление университета.</p>
</comments></div></body>
        </text>
        </TEI>