<?xml version='1.0' encoding='UTF-8' standalone='no'?>

<TEI xmlns="http://www.tei-c.org/ns/1.0">
       <teiHeader>
          <fileDesc>
             <titleStmt>
                <title>Письмо №* 2. Гр. А. И. Толстой.</title>
             </titleStmt>
             <publicationStmt>
                <publisher>TolstoyLab</publisher>
                <date when="2015-09-14">14 September 2015</date>
             </publicationStmt>
             <sourceDesc>
                <biblStruct>
                   <analytic>
                      <author>Толстой Л.Н.</author>
                   </analytic>
                   <monogr>
                      <title level="m">Полное собрание сочинений. Том 60</title>
                      <imprint>
                         <pubPlace>Москва</pubPlace>
                         <publisher>Государственное издательство "Художественная литература"</publisher>
                         <date when="1949"/>
                      </imprint>
                   </monogr>
                   <series>
                      <title level="s">Л.Н. Толстой. Полное собрание сочинений</title>
                      <biblScope unit="vol">60</biblScope>
                   </series>
                </biblStruct>
             </sourceDesc>
          </fileDesc>
          <encodingDesc>
             <tagsDecl> </tagsDecl>
          </encodingDesc>
          <profileDesc>
             <correspDesc>
                <correspAction type="sending">
                   <persName ref="PersonList.xml#L_N_Tolstoy">Л. Н. Толстой</persName>
                   <placeName ref="PlacesListxml#PLACE">Петербург.</placeName>
                   <date when="1856-02-07">1856 г. Февраля 7.</date>            </correspAction>
                <correspAction type="receiving">
                   <persName ref="PersonList.xml#RECEIVER">Гр. А. И. Толстой</persName>
                </correspAction>
                <correspContext>
                   <ref type="prev"/>
                </correspContext>
             </correspDesc>
          </profileDesc>
       </teiHeader>
       <xenoData><number type="in a volume">2</number></xenoData>

              <text xml:id="gr.Anast.Iv.Tolstoj_2">
	<body><div>
		<opener index="false">
* 2. Гр. А. И. Толстой.
1856 г. Февраля 7. Петербург.</opener>
<p rend="left">На беду мою, завтра я должен целый день дежурить по службе; я надеюсь вырваться на время обеда; но ежели не успею, то надеюсь Вы извините меня, многоуважаемая Графиня, и поверите, что меня могла лишить удовольствия быть у Вас только совершенная невозможность и что чувства уважения и преданности, с которыми имею честь быть Вашим покорнейшим слугою, совершенно искренни —</p>
<p rend="right">Гр. Л. Толстой.</p>
<p rend="left">7 Февраля.</p>
<lb/>
<p rend="left"><hi>На четвертой странице</hi>:</p>
<p rend="left">Ее Сиятельству Графине Толстой. В Академию Художеств.</p>
<comments><p rend="Textpetit_otstup left">Год определяется содержанием. В 1856 г. Толстой состоял на службе в Петербургском ракетном заведении.</p>
<p rend="petit left">Гр. Анастасия Ивановна Толстая, рожд. Иванова (1817—1889) — вторая жена двоюродного дяди Толстого — гр. Федора Петровича Толстого (1783—1873), художника-медальера, в 1828—1859 гг. вице-президента Академии художеств. Вечера у Толстых в Академии художеств, на которых бывали художники, артисты, писатели, музыканты, ученые, описаны в «Воспоминаниях» дочери Толстых Е. Ф. Юнге, изд. «Сфинкс», М., без обозначения года, стр. 68.</p>
</comments></div></body>
        </text>
        </TEI>