<?xml version='1.0' encoding='UTF-8' standalone='no'?>

<TEI xmlns="http://www.tei-c.org/ns/1.0">
       <teiHeader>
          <fileDesc>
             <titleStmt>
                <title>Письмо №361. А. Ф. Писемскому.</title>
             </titleStmt>
             <publicationStmt>
                <publisher>TolstoyLab</publisher>
                <date when="2015-09-14">14 September 2015</date>
             </publicationStmt>
             <sourceDesc>
                <biblStruct>
                   <analytic>
                      <author>Толстой Л.Н.</author>
                   </analytic>
                   <monogr>
                      <title level="m">Полное собрание сочинений. Том 61</title>
                      <imprint>
                         <pubPlace>Москва</pubPlace>
                         <publisher>Государственное издательство "Художественная литература"</publisher>
                         <date when="1953"/>
                      </imprint>
                   </monogr>
                   <series>
                      <title level="s">Л.Н. Толстой. Полное собрание сочинений</title>
                      <biblScope unit="vol">61</biblScope>
                   </series>
                </biblStruct>
				<bibl>Печатается по фотоснимку с автографа, воспроизведенному В. Русаковым в журнале «Новь», 1890, 7, стр. 124. Местонахождение автографа неизвестно. Год определяется выходом романа Писемского «В водовороте», за присылку которого Толстой благодарит автора.</bibl>
             </sourceDesc>
          </fileDesc>
          <encodingDesc>
             <tagsDecl> </tagsDecl>
          </encodingDesc>
          <profileDesc>
             <correspDesc>
                <correspAction type="sending">
                   <persName ref="PersonList.xml#L_N_Tolstoy">Л. Н. Толстой</persName>
                   <placeName ref="PlacesListxml#PLACE">Я. П.</placeName>
                   <date when="1872-03-03">1872 г. Марта 3.</date>            </correspAction>
                <correspAction type="receiving">
                   <persName ref="PersonList.xml#RECEIVER">А. Ф. Писемскому</persName>
                </correspAction>
                <correspContext>
                   <ref type="prev"/>
                </correspContext>
             </correspDesc>
          </profileDesc>
       </teiHeader>
       <xenoData><number type="in a volume">361</number></xenoData>

              <text xml:id="A__F__Pisemskomu_361">
	<body><div>
		<opener index="false">
361. А. Ф. Писемскому.
1872 г. Марта 3. Я. П.
</opener>
<p rend="Obrashenie left">Милостивой государь Алексей Феофилактович!</p>
<p rend="left">От всей души благодарю вас за ваше письмо<note xml:id="note1" resp="volume_editor" index="false"> Письмо неизвестно.</note> и присылку книги. Кроме удовольствия вашего письма, это сделало то, что я второй раз прочел ваш роман,<note xml:id="note2" resp="volume_editor" index="false"> Роман «В водовороте» впервые печатался в журнале «Беседа», 1871, №№ 1—6.</note> и второе чтение только усилило то впечатление, о котором я говорил вам. Третья часть, которой я еще не читал тогда, — так же прекрасна, как первые главы, которые меня при первом чтении привели в восторг. Одно только неприятное впечатление произвело на меня ваше письмо, это то, что мне стало совестно, что я не был у вас.</p>
<p rend="left">В первый раз, как буду, устроюсь, чтобы провести у вас вечер. Перфильев,<note xml:id="note3" resp="volume_editor" index="false"> В. С. Перфильев.</note> впрочем, знает, какой я всегда шальной в Москве. —</p>
<p rend="left">Искренно уважающий и <choice original_editorial_correction='преда[нный]'><sic>преда</sic><corr>преданный</corr></choice></p>
<p rend="right">гр. Л. Толстой.</p>
<p rend="left">3 марта.</p>
<comments><p rend="Textpetit_otstup left">Печатается по фотоснимку с автографа, воспроизведенному В. Русаковым в журнале «Новь», 1890, 7, стр. 124. Местонахождение автографа неизвестно. Год определяется выходом романа Писемского «В водовороте», за присылку которого Толстой благодарит автора.</p>
<p rend="petit left">Алексей Феофилактович Писемский (1820—1881) — беллетрист и драматург. Толстой познакомился с Писемским в бытность свою в Петербурге в 1856 г. См. запись в Дневнике за этот год от 20 ноября (т. 47, стр. 101).</p>
<p rend="Textpetit_otstup left"><hi>1</hi> Письмо неизвестно.</p>
<p rend="petit left"><hi>2</hi> Роман «В водовороте» впервые печатался в журнале «Беседа», 1871, №№ 1—6.</p>
<p rend="petit left"><hi>3</hi> В. С. Перфильев.</p>
<p rend="left"><hi style="opnumber">273</hi> <hi style="npnumber">274</hi></p>
</comments></div></body>
        </text>
        </TEI>