<?xml version='1.0' encoding='UTF-8' standalone='no'?>

<TEI xmlns="http://www.tei-c.org/ns/1.0">
       <teiHeader>
          <fileDesc>
             <titleStmt>
                <title>Письмо №* 17. Гр. С. Н. Толстому.</title>
             </titleStmt>
             <publicationStmt>
                <publisher>TolstoyLab</publisher>
                <date when="2015-09-14">14 September 2015</date>
             </publicationStmt>
             <sourceDesc>
                <biblStruct>
                   <analytic>
                      <author>Толстой Л.Н.</author>
                   </analytic>
                   <monogr>
                      <title level="m">Полное собрание сочинений. Том 59</title>
                      <imprint>
                         <pubPlace>Москва</pubPlace>
                         <publisher>Государственное издательство "Художественная литература"</publisher>
                         <date when="1935"/>
                      </imprint>
                   </monogr>
                   <series>
                      <title level="s">Л.Н. Толстой. Полное собрание сочинений</title>
                      <biblScope unit="vol">59</biblScope>
                   </series>
                </biblStruct>
				<bibl>Печатается по автографу, хранящемуся в ГТМ. Публикуется впервые. Письмо датируется содержанием: извинение в том, что «ничего не узнал о Щербачевке». О Щербачевке узнать просил гр. С. Н. Толстой в письме от 31 марта, на которое, таким образом, данное письмо является ответом. В письме этом речь идет о продаже леса Савин березняк.</bibl>
             </sourceDesc>
          </fileDesc>
          <encodingDesc>
             <tagsDecl> </tagsDecl>
          </encodingDesc>
          <profileDesc>
             <correspDesc>
                <correspAction type="sending">
                   <persName ref="PersonList.xml#L_N_Tolstoy">Л. Н. Толстой</persName>
                   <placeName ref="PlacesListxml#PLACE">Петербург.</placeName>
                   <date when="1849-04-01">1849 г. Апреля 1</date>            </correspAction>
                <correspAction type="receiving">
                   <persName ref="PersonList.xml#RECEIVER">Гр. С. Н. Толстому</persName>
                </correspAction>
                <correspContext>
                   <ref type="prev"/>
                </correspContext>
             </correspDesc>
          </profileDesc>
       </teiHeader>
       <xenoData><number type="in a volume">17</number></xenoData>

              <text xml:id="Gr.S.N.Tolstomu_17">
	<body><div>
		<opener index="false">
* 17. Гр. С. Н. Толстому.
1849 г. Апреля 1 ... 30. Петербург.</opener>
<p rend="left">Serge, je suis très occupé<note xml:id="note1" resp="volume_editor" index="false">Занят Толстой был приготовлением к экзаменам.</note> de quoi? je t’écrirai plus tard. C’est pourquoi je ne t’écris que quelques mots; viens à Ясное et parle toi même avec les marchands. — Je remarque d’après les lettres par trop éloquentes d’André, qu’il y a du louche dans toute l’affaire. Pour te mettre au fait je te dirai seulement: <hi><choice><reg>Капылов</reg><orig>Капыловъ</orig></choice> </hi>donne 250 r.<note xml:id="note2" resp="volume_editor" index="false"><hi>Зачеркнуто:</hi> arg</note> et m’a donné de l’argent d’avance, les autres marchands en donnaient 310 et encore plus d’argent d’avance; donc puisque c’est plus avantageux, on peut prendre ceux-la et payer <choice><reg>Капылов</reg><orig>Капыловъ</orig></choice>. Je lui ai écrit il est vrai, que je lui <choice original_editorial_correction='céd[ais]'><sic>céd</sic><corr>cédais</corr></choice> pour 275 mais puisqu’on en donne plus il faut qu’il fasse la même chose ou bien qu’il se retire. Au reste si tu trouves qu’il vaut mieux rendre à <choice><reg>Капылов</reg><orig>Капыловъ</orig></choice> même pour 270, fais-le. — Je tiens seulement à ce que cela finisse et sans ce fripon d’André.<note xml:id="note3" resp="volume_editor" index="false"> Сережа, я очень занят, чем? я тебе напишу после. Поэтому я тебе пишу всего несколько слов. Поезжай в Ясное и поговори сам с купцами. По письмам Андрея, слишком красноречивым, я замечаю, что дело нечисто. Чтоб ты был в курсе дела, я скажу только, что Копылов дает 250 р., и дал мне денег авансом, другие купцы дают 310 и еще больше аванса. Следовательно, так как это выгоднее, можно взять у этих и заплатить Капылову. Я ему написал, правда, что я уступаю ему за 275, но раз дают больше, надо чтобы и он сделал то же или бы убирался. Впрочем, если ты находишь, что лучше отдать Капылову даже за 270, то сделай так. Я только стою за то, чтобы поскорее всё это кончилось и без участия этого жулика Андрея.</note> <hi style="opdelimiter">—</hi><hi style="opnumber">41</hi></p>
<p rend="left"><hi style="npnumber">42</hi><hi style="npdelimiter"><choice><reg>Виноват</reg><orig>Виноватъ</orig></choice></hi> о <choice><reg>Щербачовке</reg><orig>Щербачовкѣ</orig></choice><note xml:id="note4" resp="volume_editor" index="false">Щербачевка — имение Курской губ. Суджанского уезда, доставшееся по разделу детей Толстых в 1847 г. гр. Дмитрию Николаевичу Толстому. При разделе в Щербачевке были 331 душа, 1000 десятин земли, лесные дачи и мукомольная мельница.</note> ничего не <choice><reg>узнал</reg><orig>узналъ</orig></choice>. <choice><reg>Оболенский</reg><orig>Оболенскiй</orig></choice><note xml:id="note5" resp="volume_editor" index="false"> Кн. Дм. Алдр. Оболенский. О нем см. прим. 7 к п. № 12.</note> <choice><reg>товорил</reg><orig>товорилъ</orig></choice>, что скоро кончится, но я подробно не <choice><reg>распросил</reg><orig>разпросилъ</orig></choice>. Митинька<note xml:id="note6" resp="volume_editor" index="false"> Гр. Дм. Ник. Толстой. О нем см. прим. 5 к п. № 84.</note> <choice><reg>написал</reg><orig>написалъ</orig></choice> ему еще письмо и <choice><reg>он</reg><orig>онъ</orig></choice> <choice><reg>хотел</reg><orig>хотѣлъ</orig></choice> нынче ко <choice><reg>мне</reg><orig>мнѣ</orig></choice> <choice><reg>заехать</reg><orig>заѣхать</orig></choice> за <choice><reg>объяснением</reg><orig>объясненiемъ</orig></choice>. Прощай, <choice><reg>поцелуй</reg><orig>поцѣлуй</orig></choice> <hi>ручку</hi> у т. Т. А.<note xml:id="note7" resp="volume_editor" index="false">Татьяна Александровна Ергольская.</note> — Очень <choice><reg>занят</reg><orig>занятъ</orig></choice>. Каковы <choice><reg>борзые</reg><orig>борзыя</orig></choice>, <choice original_editorial_correction='к[оторые]'><sic>к</sic><corr><choice><reg>которые</reg><orig>которыя</orig></choice></corr></choice> я <choice><reg>тебе</reg><orig>тебѣ</orig></choice> <choice><reg>приcлал</reg><orig>приcлалъ</orig></choice>. Прелесть! Хоть бы ты учтивость <choice><reg>соблюл</reg><orig>соблюлъ</orig></choice>, <choice><reg>поблагодарил</reg><orig>поблагодарилъ</orig></choice>..<note xml:id="note8" resp="volume_editor" index="false">Фраза со слов «хоть бы» приписана сбоку страницы.</note></p>
<comments><p rend="Textpetit_otstup left">Печатается по автографу, хранящемуся в ГТМ. Публикуется впервые. Письмо датируется содержанием: извинение в том, что «ничего не узнал о Щербачевке». О Щербачевке узнать просил гр. С. Н. Толстой в письме от 31 марта, на которое, таким образом, данное письмо является ответом. В письме этом речь идет о продаже леса Савин березняк.</p>
<p rend="Textpetit_otstup left"><hi>1 </hi>Занят Толстой был приготовлением к экзаменам.</p>
<p rend="petit left"><hi>2 </hi><hi>Зачеркнуто:</hi> arg</p>
<p rend="petit left"><hi>3</hi> Сережа, я очень занят, чем? я тебе напишу после. Поэтому я тебе пишу всего несколько слов. Поезжай в Ясное и поговори сам с купцами. По письмам Андрея, слишком красноречивым, я замечаю, что дело нечисто. Чтоб ты был в курсе дела, я скажу только, что Копылов дает 250 р., и дал мне денег авансом, другие купцы дают 310 и еще больше аванса. Следовательно, так как это выгоднее, можно взять у этих и заплатить Капылову. Я ему написал, правда, что я уступаю ему за 275, но раз дают больше, надо чтобы и он сделал то же или бы убирался. Впрочем, если ты находишь, что лучше отдать Капылову даже за 270, то сделай так. Я только стою за то, чтобы поскорее всё это кончилось и без участия этого жулика Андрея.</p>
<p rend="petit left"><hi>4 </hi>Щербачевка — имение Курской губ. Суджанского уезда, доставшееся по разделу детей Толстых в 1847 г. гр. Дмитрию Николаевичу Толстому. При разделе в Щербачевке были 331 душа, 1000 десятин земли, лесные дачи и мукомольная мельница.</p>
<p rend="petit left"><hi>5</hi> Кн. Дм. Алдр. Оболенский. О нем см. прим. 7 к п. № 12.</p>
<p rend="petit left"><hi>6</hi> Гр. Дм. Ник. Толстой. О нем см. прим. 5 к п. № 84.</p>
<p rend="petit left"><hi>7 </hi>Татьяна Александровна Ергольская.</p>
<p rend="petit left"><hi>8 </hi>Фраза со слов «хоть бы» приписана сбоку страницы.</p>
</comments></div></body>
        </text>
        </TEI>