<?xml version='1.0' encoding='UTF-8' standalone='no'?>

<TEI xmlns="http://www.tei-c.org/ns/1.0">
       <teiHeader>
          <fileDesc>
             <titleStmt>
                <title>Письмо №* 38. Т. А. Ергольской.</title>
             </titleStmt>
             <publicationStmt>
                <publisher>TolstoyLab</publisher>
                <date when="2015-09-14">14 September 2015</date>
             </publicationStmt>
             <sourceDesc>
                <biblStruct>
                   <analytic>
                      <author>Толстой Л.Н.</author>
                   </analytic>
                   <monogr>
                      <title level="m">Полное собрание сочинений. Том 59</title>
                      <imprint>
                         <pubPlace>Москва</pubPlace>
                         <publisher>Государственное издательство "Художественная литература"</publisher>
                         <date when="1935"/>
                      </imprint>
                   </monogr>
                   <series>
                      <title level="s">Л.Н. Толстой. Полное собрание сочинений</title>
                      <biblScope unit="vol">59</biblScope>
                   </series>
                </biblStruct>
				<bibl>Печатается по автографу, хранящемуся в АТБ. Публикуется впервые. Письмо датируется на основании пометы Т. А. Ергольской на конверте: «1-е марта 1851 год» и является ответом на ее письмо от 27 января 1851 г., приведенное нами в прим. к п. № 37.</bibl>
             </sourceDesc>
          </fileDesc>
          <encodingDesc>
             <tagsDecl> </tagsDecl>
          </encodingDesc>
          <profileDesc>
             <correspDesc>
                <correspAction type="sending">
                   <persName ref="PersonList.xml#L_N_Tolstoy">Л. Н. Толстой</persName>
                   <placeName ref="PlacesListxml#PLACE">Москва.</placeName>
                   <date when="1851-02">1851 г. Февраля</date>            </correspAction>
                <correspAction type="receiving">
                   <persName ref="PersonList.xml#RECEIVER">Т. А. Ергольской</persName>
                </correspAction>
                <correspContext>
                   <ref type="prev"/>
                </correspContext>
             </correspDesc>
          </profileDesc>
       </teiHeader>
       <xenoData><number type="in a volume">38</number></xenoData>

              <text xml:id="T.A.Ergolskoj_38">
	<body><div>
		<opener index="false">
* 38. Т. А. Ергольской.
1851 г. Февраля конец. Москва.
</opener>
<p rend="Obrashenie left">Chère Tante!</p>
<p rend="left">Vous avez à peu près deviné, que j’étais mécontant de moi même et que c’est cela qui a été la cause de mon silence. — Je me suis trop amusé et couru le monde tout ce <choice original_editorial_correction='tem[p]s'><sic>tems</sic><corr>temps</corr></choice> ce qui a fait, que j’ai négligé ma correspondance; pour ce qui est du <hi style="opdelimiter">jeu,</hi><hi style="opnumber">88</hi> <hi style="npnumber">89</hi><hi style="npdelimiter">il</hi> est vrai, que j’ai perdu mais très peu de chose. Je ne vous écris que pour vous tranquilliser <choice original_editorial_correction='s[u]r'><sic>sr</sic><corr>sur</corr></choice> mon compte et vous demander pardon de mon silence. Nicolas<note xml:id="note1" resp="volume_editor" index="false">Гр. Николай Николаевич Толстой. О нем см. вступ. прим. к п. № 50.</note> m’attend pour aller avec lui faire des courses et des achats. Adieu ou plutôt à revoir, demain je vous écrirai plus <choice original_editorial_correction='longuem[ent]'><sic>longuem</sic><corr>longuement</corr></choice>. Vous m’avez demandé les suites de mon entrevue avec Kireevsky et Языков,<note xml:id="note2" resp="volume_editor" index="false">Николай Васильевич Киреевский. О нем см. прим. 5 к п. № 37 и Семен Иванович Языков. О нем см. прим. 3 к п. №2.</note> elles n’ont <choice original_editorial_correction='était[é]'><sic>était</sic><corr>étaité</corr></choice> aucunes, nous avons parlé de l’état de leur santé et de la mienne, du Théatre et de fleurs; mais comme vous sentez bien, pas un mot sur votre lettre. —</p>
<p rend="left">Je vous baise les mains et embrasse bien tendrement Marie.<note xml:id="note3" resp="volume_editor" index="false">Гр. Марья Николаевна Толстая.</note> —</p>
<lb/>
<p rend="left"><hi>На конверте:</hi></p>
<p rend="left">Ея Высокоблагородію Татьянѣ Александровнѣ Ергольской. Въ Тульскую губернію въ городъ Чернь.</p>
<p rend="Obrashenie petit">
Дорогая тетенька!
</p>
<p rend="petit left">Вы почти угадали, что причина моего молчания та, что я собой недоволен. Я слишком много веселился, слишком много бывал в свете и запустил корреспонденцию; что касается игры, правда, я проиграл, но очень немного. Пишу вам только, чтобы успокоить вас насчет себя и чтобы просить вас меня простить за долгое мое молчание. Николенька<note xml:id="note4" resp="volume_editor" index="false">Гр. Николай Николаевич Толстой. О нем см. вступ. прим. к п. № 50.</note> ждет меня, чтобы ехать с ним по делам и покупкам. Прощайте, или, вернее, до свиданья, завтра напишу вам письмо длиннее. Вы спрашиваете, какие последствия моей встречи с Киреевским и *<choice><reg>Языковым</reg><orig>Языковымъ</orig></choice>*<note xml:id="note5" resp="volume_editor" index="false">Николай Васильевич Киреевский. О нем см. прим. 5 к п. № 37 и Семен Иванович Языков. О нем см. прим. 3 к п. №2.</note> — никаких. Разговор шел об их здоровье, о моем, о театре, о цветах. Разумеется, о вашем письме ни слова. —</p>
<p rend="petit left">Целую ваши ручки и нежно целую Машеньку.<note xml:id="note6" resp="volume_editor" index="false">Гр. Марья Николаевна Толстая.</note></p>
<comments><p rend="Textpetit_otstup left">Печатается по автографу, хранящемуся в АТБ. Публикуется впервые. Письмо датируется на основании пометы Т. А. Ергольской на конверте: «1-е марта 1851 год» и является ответом на ее письмо от 27 января 1851 г., приведенное нами в прим. к п. № 37.</p>
<p rend="Textpetit_otstup left"><hi>1 </hi>Гр. Николай Николаевич Толстой. О нем см. вступ. прим. к п. № 50.</p>
<p rend="petit left"><hi>2 </hi>Николай Васильевич Киреевский. О нем см. прим. 5 к п. № 37 и Семен Иванович Языков. О нем см. прим. 3 к п. №2.</p>
<p rend="petit left"><hi>3 </hi>Гр. Марья Николаевна Толстая.</p>
</comments></div></body>
        </text>
        </TEI>