<?xml version='1.0' encoding='UTF-8' standalone='no'?>

<TEI xmlns="http://www.tei-c.org/ns/1.0">
       <teiHeader>
          <fileDesc>
             <titleStmt>
                <title>Письмо №* 23. Т. А. Ергольской.</title>
             </titleStmt>
             <publicationStmt>
                <publisher>TolstoyLab</publisher>
                <date when="2015-09-14">14 September 2015</date>
             </publicationStmt>
             <sourceDesc>
                <biblStruct>
                   <analytic>
                      <author>Толстой Л.Н.</author>
                   </analytic>
                   <monogr>
                      <title level="m">Полное собрание сочинений. Том 59</title>
                      <imprint>
                         <pubPlace>Москва</pubPlace>
                         <publisher>Государственное издательство "Художественная литература"</publisher>
                         <date when="1935"/>
                      </imprint>
                   </monogr>
                   <series>
                      <title level="s">Л.Н. Толстой. Полное собрание сочинений</title>
                      <biblScope unit="vol">59</biblScope>
                   </series>
                </biblStruct>
				<bibl>Печатается по автографу, хранящемуся в АТБ. Публикуется впервые. Датируется содержанием: предстоят роды гр. М. Н. Толстой. Она родила 8 января 1850 г. дочь Варвару.</bibl>
             </sourceDesc>
          </fileDesc>
          <encodingDesc>
             <tagsDecl> </tagsDecl>
          </encodingDesc>
          <profileDesc>
             <correspDesc>
                <correspAction type="sending">
                   <persName ref="PersonList.xml#L_N_Tolstoy">Л. Н. Толстой</persName>
                   <placeName ref="PlacesListxml#PLACE">Тула.</placeName>
                   <date when="1849-12">1849 г. Декабря</date>            </correspAction>
                <correspAction type="receiving">
                   <persName ref="PersonList.xml#RECEIVER">Т. А. Ергольской</persName>
                </correspAction>
                <correspContext>
                   <ref type="prev"/>
                </correspContext>
             </correspDesc>
          </profileDesc>
       </teiHeader>
       <xenoData><number type="in a volume">23</number></xenoData>

              <text xml:id="T.A.Ergolskoj_23">
	<body><div>
		<opener index="false">
* 23. Т. А. Ергольской.
1849 г. Декабря конец. Тула.
</opener>
<p rend="Obrashenie left">Chère tante.</p>
<p rend="left">Le soir du même jour que vous êtes partie, revenu à <hi>Ясное </hi>j’appris votre départ,<note xml:id="note1" resp="volume_editor" index="false">Т. А. Ергольская уехала из Ясной поляны к Толстым в Покровское, чтобы присутствовать при родах гр. Марии Николаевны Толстой.</note> qui me causa beaucoup de peine; d’autant plus, que Gacha<note xml:id="note2" resp="volume_editor" index="false">Агафья Михайловна (1812—1896) была горничной бабки Толстого, гр. Пелагеи Николаевны, затем служила у Толстых в разных должностях и прожила всю свою жизнь в усадьбе Ясная поляна. Последние годы жизни получала пенсию от Толстого. Несмотря на то, что в молодости была красива, она осталась девушкой. Агафья Михайловна была своеобразно умна и талантливо рассказывала. У нее было пристрастие к животным, и одно время она заведывала овцами, а затем охотничьими собаками. Толстой вывел ее в «Детстве» и «Отрочестве» в лице горничной Гаши. Изображена она в «Дневнике помещика» и в «Анне Карениной». О ней см. Илья Толстой «Мои воспоминания»; Т. А. Кузминская «Моя жизнь дома и в Ясной поляне»; T. Л. Сухотина-Толстая «Друзья и гости Ясной поляны». М. 1923.</note> me raconte que vous étiez très-fâchée contre <hi style="opdelimiter">moi,</hi><hi style="opnumber">51</hi> <hi style="npnumber">52</hi><hi style="npdelimiter">et</hi> ce qui me fit encore plus de chagrin, très triste. — J’aurai pu m’excuser: vous dire que le dîner, auquel j’avais promis d’être présent me retint la veille, que le lendemain m’étant levé tard je suis resté dîner avec Arsenieff,<note xml:id="note3" resp="volume_editor" index="false"> Владимир Михайлович Арсеньев (1810—1853), гвардии поручик, тульский помещик, владелец имения Судаково в 7 в. от Ясной поляны, женат был на Евгении Львовне Щербатовой (1808—1856). После смерти В. М. Арсеньева Толстой был назначен опекуном оставшихся сирот: Валерии (1836—1909), Ольги (1838—1867), по мужу кн. Енгалычевой, Евгении (1845—1909) по мужу Липранди и Николая (1846—1907).</note> croyant toujours vous trouver, dans le cas où vous ne seriez pas partie le matin.</p>
<p rend="left">Quoique ce soient des raisons valables, j’aime mieux avoir recours à votre bonté, vous avouer franchement, que j’ai été inconséquent et vilain d’avoir pu causer du chagrin et vous demander pardon.</p>
<p rend="left">Je vous aurais suivi le même jour, si je n’avais quelques affaires assez sérieuses, qui me retiennent ici. Dites à Marie et à Valérien que je les embrasse bien tendrement et que je ne demande pas mieux que d’être le parrain de leur futur enfant; mais comme je ne peux ni ne veux être présent à <choice original_editorial_correction='l’ac[c]ouchement'><sic>l’acouchement</sic><corr>l’accouchement</corr></choice> de Marie je demande seulement qu’on m’informe dès <choice original_editorial_correction='qu’ell[e]'><sic>qu’ell</sic><corr>qu’elle</corr></choice> sera accouché et dans 12 heures je serais arrivé. — Comment se porte-t-elle?</p>
<p rend="left">Adieu, chère tante, je vous baise les mains et vous prie de ne plus être fâchée contre moi. Avez vous des nouvelles de la tante Pauline?</p>
<p rend="left">J’envoie le calendrier à tante Lise, je la félicite et lui baise les mains. —</p>
<p rend="left">Je vous remercie pour votre cadeau qui m’est d’une grande utilité — la robe de chambre. —</p>
<lb/>
<p rend="left"><hi>На конверте</hi>.</p>
<p rend="left">Ея Высокоблагородію Татьянѣ Александровнѣ <hi>Ерголъской</hi>. <hi><choice><reg>В</reg><orig>Въ</orig></choice> Покровское</hi>.</p>
<p rend="Obrashenie petit left">Дорогая тетенька.</p>
<p rend="petit left">Вечером, в самый день вашего отъезда,<note xml:id="note4" resp="volume_editor" index="false">Т. А. Ергольская уехала из Ясной поляны к Толстым в Покровское, чтобы присутствовать при родах гр. Марии Николаевны Толстой.</note> я вернулся в * <hi>Ясное *</hi> и глубоко огорчился, узнав, что вы уехали, тем более, что Гаша<note xml:id="note5" resp="volume_editor" index="false">Агафья Михайловна (1812—1896) была горничной бабки Толстого, гр. Пелагеи Николаевны, затем служила у Толстых в разных должностях и прожила всю свою жизнь в усадьбе Ясная поляна. Последние годы жизни получала пенсию от Толстого. Несмотря на то, что в молодости была красива, она осталась девушкой. Агафья Михайловна была своеобразно умна и талантливо рассказывала. У нее было пристрастие к животным, и одно время она заведывала овцами, а затем охотничьими собаками. Толстой вывел ее в «Детстве» и «Отрочестве» в лице горничной Гаши. Изображена она в «Дневнике помещика» и в «Анне Карениной». О ней см. Илья Толстой «Мои воспоминания»; Т. А. Кузминская «Моя жизнь дома и в Ясной поляне»; T. Л. Сухотина-Толстая «Друзья и гости Ясной поляны». М. 1923.</note> рассказывает, что вы очень сердились на меня, и что меня еще больше опечалило, были очень грустны. — Я мог бы себе в извинение сказать вам, что накануне меня задержал обед, на котором я обещался присутствовать, а что на другой день я встал поздно и остался обедать с Арсеньевым,<note xml:id="note6" resp="volume_editor" index="false"> Владимир Михайлович Арсеньев (1810—1853), гвардии поручик, тульский помещик, владелец имения Судаково в 7 в. от Ясной поляны, женат был на Евгении Львовне Щербатовой (1808—1856). После смерти В. М. Арсеньева Толстой был назначен опекуном оставшихся сирот: Валерии (1836—1909), Ольги (1838—1867), по мужу кн. Енгалычевой, Евгении (1845—1909) по мужу Липранди и Николая (1846—1907).</note> думая всё-таки вас застать, ежели вы не уехали утром.</p>
<p rend="petit left">Но хотя причины эти достаточны, я всё же предпочитаю обратиться прямо к вашей доброте, сознавшись откровенно, что, причинив вам огорчение, я поступил непоследовательно, дурно и прошу вас меня простить.</p>
<p rend="petit left">Я бы поехал вслед за вами, ежели бы меня не задерживали здесь кое-какие серьезные дела. Передайте Машеньке и Валерьяну, что я их нежно целую и что охотно буду крестным отцом их будущего ребенка; но, так как я не могу и не желаю присутствовать при Машенькиных родах, пусть они известят меня, когда она разрешится, и через 12 часов я явлюсь. Как ее здоровье? <hi style="opdelimiter">—</hi><hi style="opnumber">52</hi></p>
<p rend="petit left"><hi style="npnumber">53</hi><hi style="npdelimiter">Прощайте,</hi> дорогая тетенька, целую ваши ручки и прошу перестать на меня сердиться. Имеете ли вы известие о тете Полине?<note xml:id="note7" resp="volume_editor" index="false">Пелагея Ильинична Юшкова. О ней см. прим. 8 к п. № 4.</note></p>
<p rend="petit left">Посылаю календарь тете Лизе,<note xml:id="note8" resp="volume_editor" index="false">Елизавета Александровна Толстая. О ней см. прим. 7 к п. № 4.</note> поздравляю ее и целую ее ручки. —</p>
<p rend="petit left">Благодарю вас за подарок — халат. Он мне очень нужен.</p>
<comments><p rend="Textpetit_otstup left">Печатается по автографу, хранящемуся в АТБ. Публикуется впервые. Датируется содержанием: предстоят роды гр. М. Н. Толстой. Она родила 8 января 1850 г. дочь Варвару.</p>
<p rend="Textpetit_otstup left"><hi>1 </hi>Т. А. Ергольская уехала из Ясной поляны к Толстым в Покровское, чтобы присутствовать при родах гр. Марии Николаевны Толстой.</p>
<p rend="petit left"><hi>2 </hi>Агафья Михайловна (1812—1896) была горничной бабки Толстого, гр. Пелагеи Николаевны, затем служила у Толстых в разных должностях и прожила всю свою жизнь в усадьбе Ясная поляна. Последние годы жизни получала пенсию от Толстого. Несмотря на то, что в молодости была красива, она осталась девушкой. Агафья Михайловна была своеобразно умна и талантливо рассказывала. У нее было пристрастие к животным, и одно время она заведывала овцами, а затем охотничьими собаками. Толстой вывел ее в «Детстве» и «Отрочестве» в лице горничной Гаши. Изображена она в «Дневнике помещика» и в «Анне Карениной». О ней см. Илья Толстой «Мои воспоминания»; Т. А. Кузминская «Моя жизнь дома и в Ясной поляне»; T. Л. Сухотина-Толстая «Друзья и гости Ясной поляны». М. 1923.</p>
<p rend="petit left"><hi>3</hi> Владимир Михайлович Арсеньев (1810—1853), гвардии поручик, тульский помещик, владелец имения Судаково в 7 в. от Ясной поляны, женат был на Евгении Львовне Щербатовой (1808—1856). После смерти В. М. Арсеньева Толстой был назначен опекуном оставшихся сирот: Валерии (1836—1909), Ольги (1838—1867), по мужу кн. Енгалычевой, Евгении (1845—1909) по мужу Липранди и Николая (1846—1907).</p>
<p rend="petit left"><hi>4 </hi>Пелагея Ильинична Юшкова. О ней см. прим. 8 к п. № 4.</p>
<p rend="petit left"><hi>5 </hi>Елизавета Александровна Толстая. О ней см. прим. 7 к п. № 4.</p>
</comments></div></body>
        </text>
        </TEI>