<?xml version='1.0' encoding='UTF-8' standalone='no'?>

<TEI xmlns="http://www.tei-c.org/ns/1.0">
       <teiHeader>
          <fileDesc>
             <titleStmt>
                <title>Письмо №* 124. С. С. Громеке.</title>
             </titleStmt>
             <publicationStmt>
                <publisher>TolstoyLab</publisher>
                <date when="2015-09-14">14 September 2015</date>
             </publicationStmt>
             <sourceDesc>
                <biblStruct>
                   <analytic>
                      <author>Толстой Л.Н.</author>
                   </analytic>
                   <monogr>
                      <title level="m">Полное собрание сочинений. Том 60</title>
                      <imprint>
                         <pubPlace>Москва</pubPlace>
                         <publisher>Государственное издательство "Художественная литература"</publisher>
                         <date when="1949"/>
                      </imprint>
                   </monogr>
                   <series>
                      <title level="s">Л.Н. Толстой. Полное собрание сочинений</title>
                      <biblScope unit="vol">60</biblScope>
                   </series>
                </biblStruct>
             </sourceDesc>
          </fileDesc>
          <encodingDesc>
             <tagsDecl> </tagsDecl>
          </encodingDesc>
          <profileDesc>
             <correspDesc>
                <correspAction type="sending">
                   <persName ref="PersonList.xml#L_N_Tolstoy">Л. Н. Толстой</persName>
                   <placeName ref="PlacesListxml#PLACE">Петербург.</placeName>
                   <date when="1859-03-10">1859 г. Марта 10.</date>            </correspAction>
                <correspAction type="receiving">
                   <persName ref="PersonList.xml#RECEIVER">С. С. Громеке</persName>
                </correspAction>
                <correspContext>
                   <ref type="prev"/>
                </correspContext>
             </correspDesc>
          </profileDesc>
       </teiHeader>
       <xenoData><number type="in a volume">124</number></xenoData>

              <text xml:id="S.S.Gromeke_124">
	<body><div>
		<opener index="false">
* 124. С. С. Громеке.
1859 г. Марта 10. Петербург.</opener>
<p rend="left">Выручите меня, любезный Степан Степанович. Я с охоты поехал сюда и написал в Москву, чтоб мне прислали в Питер вещи на имя Александр Васильевича Дружинина. Вещи выслали, но без ярлыка и номера, а говорят, что есть, но не выдают. Окажите протекцию. Должен быть чемодан с французскими буквами LT. — Я пишу от Тургенева. Вам предлагают место на обеде Мартынова<note xml:id="note1" resp="volume_editor" index="false"> Александр Евстафьевич Мартынов (1816—1860) — один из крупнейших русских актеров. Толстой был восторженным поклонником его таланта. Толстой, Тургенев и другие литераторы устроили чествование Мартынова в литературной среде.</note> за 10 р. в половине пятого у Дюссо.<note xml:id="note2" resp="volume_editor" index="false"> Дюссо — ресторан в Петербурге на Большой Морской в доме б. Жако.</note> —</p>
<p rend="left">До свиданья.</p>
<p rend="right">Ваш Гр. Л. Толстой.</p>
<p rend="left">Я никуда выдти не могу без вещей. Спасите.</p>
<lb/>
<p rend="left"><hi>На четвертой странице:</hi></p>
<p rend="left">Его Высокоблагородию Степану Степановичу Громеке. На Невском, в доме Воронина, против Грязной, в квартире Полковника Щербатского.</p>
<comments><p rend="Textpetit_otstup left">Датируется содержанием: Толстой приехал в Петербург 10 марта, и в тот же день состоялся обед в честь Мартынова. См. Никитенко А. В., «Моя повесть о самом себе», т. I, изд. Пирожкова, Спб. 1904.</p>
<p rend="petit left">Степан Степанович Громека (1823—1877) — журналист, сотрудник «Современника», «Отечественных записок», «Петербургских ведомостей».</p>
<p rend="Textpetit_otstup left"><hi>1</hi> Александр Евстафьевич Мартынов (1816—1860) — один из крупнейших русских актеров. Толстой был восторженным поклонником его таланта. Толстой, Тургенев и другие литераторы устроили чествование Мартынова в литературной среде.</p>
<p rend="petit left">О Толстом и Мартынове см. А. А. Стахович, «Клочки воспоминаний», «Толстовский ежегодник 1912 года», стр. 22—31.</p>
<p rend="petit left"><hi>2</hi> Дюссо — ресторан в Петербурге на Большой Морской в доме б. Жако.</p>
</comments></div></body>
        </text>
        </TEI>