<?xml version='1.0' encoding='UTF-8' standalone='no'?>

<TEI xmlns="http://www.tei-c.org/ns/1.0">
       <teiHeader>
          <fileDesc>
             <titleStmt>
                <title>Письмо №* 108. Н. А. Крыжановскому (черновое).</title>
             </titleStmt>
             <publicationStmt>
                <publisher>TolstoyLab</publisher>
                <date when="2015-09-14">14 September 2015</date>
             </publicationStmt>
             <sourceDesc>
                <biblStruct>
                   <analytic>
                      <author>Толстой Л.Н.</author>
                   </analytic>
                   <monogr>
                      <title level="m">Полное собрание сочинений. Том 59</title>
                      <imprint>
                         <pubPlace>Москва</pubPlace>
                         <publisher>Государственное издательство "Художественная литература"</publisher>
                         <date when="1935"/>
                      </imprint>
                   </monogr>
                   <series>
                      <title level="s">Л.Н. Толстой. Полное собрание сочинений</title>
                      <biblScope unit="vol">59</biblScope>
                   </series>
                </biblStruct>
				<bibl>Печатается по автографу, хранящемуся в АТБ. Текст письма написан на обороте л. 5-го рукописи «Донесения о последней бомбардировке и взятии Севастополя союзными войсками» (4 т., стр. 79). Впервые опубликовано почти полностью В. И. Срезневским в примечании к «Донесению» в 4 т., стр. 418.</bibl>
             </sourceDesc>
          </fileDesc>
          <encodingDesc>
             <tagsDecl> </tagsDecl>
          </encodingDesc>
          <profileDesc>
             <correspDesc>
                <correspAction type="draft">
                   <persName ref="PersonList.xml#L_N_Tolstoy">Л. Н. Толстой</persName>
                   <placeName ref="PlacesListxml#PLACE">Севастополь.</placeName>
                   <date when="1855-09-03">1855 г. Сентября 3.</date>            </correspAction>
                <correspAction type="receiving">
                   <persName ref="PersonList.xml#RECEIVER">Н. А. Крыжановскому (черновое)</persName>
                </correspAction>
                <correspContext>
                   <ref type="prev"/>
                </correspContext>
             </correspDesc>
          </profileDesc>
       </teiHeader>
       <xenoData><number type="in a volume">108</number></xenoData>

              <text xml:id="N.A.Kryzhanovskomu_108">
	<body><div>
		<opener index="false">
* 108. Н. А. Крыжановскому (черновое).
1855 г. Сентября 3. Севастополь.
</opener>
<p rend="Obrashenie left">Ваше Превосходительство!</p>
<p rend="left">Весьма боюсь, что я взялся не за свое <choice><reg>дело</reg><orig>дѣло</orig></choice>, потому что не смотря на усердную <choice><reg>2-х</reg><orig>2-хъ</orig></choice> дневную работу то, что я <choice><reg>сделал</reg><orig>сдѣлалъ</orig></choice>, кажется <choice><reg>мне</reg><orig>мнѣ</orig></choice> <choice><reg>из</reg><orig>изъ</orig></choice> <choice><reg>рук</reg><orig>рукъ</orig></choice> <choice><reg>вон</reg><orig>вонъ</orig></choice> <choice><reg>плохим</reg><orig>плохимъ</orig></choice> и <choice><reg>недостаточным</reg><orig>недостаточнымъ</orig></choice>.</p>
<p rend="left"><choice><reg>Впрочем</reg><orig>Впрочемъ</orig></choice> <choice><reg>сведения</reg><orig>свѣденiя</orig></choice> о <choice><reg>бомбордировании</reg><orig>бомбордированiи</orig></choice> очень недостаточны, особенно <choice><reg>с</reg><orig>съ</orig></choice> <choice><reg>левого</reg><orig>лѣваго</orig></choice> фланга, а о <choice><reg>ходе</reg><orig>ходѣ</orig></choice> приступа часто <choice><reg>противоречат</reg><orig>противорѣчатъ</orig></choice> <choice><reg>друг</reg><orig>другъ</orig></choice> другу. <choice><reg>Мне</reg><orig>Мнѣ</orig></choice> много помогли <choice><reg>рассказы</reg><orig>разсказы</orig></choice> <choice><reg>очевидцев</reg><orig>очевидцевъ</orig></choice> {<choice><reg>полевых</reg><orig>полевыхъ</orig></choice> же <choice><reg>артилеристов</reg><orig>артилеристовъ</orig></choice>), <choice><reg>так</reg><orig>такъ</orig></choice> что <choice><reg>в</reg><orig>въ</orig></choice> <choice><reg>описании</reg><orig>описанiи</orig></choice> хода приступа собственно на <choice><reg>Малахов</reg><orig>Малаховъ</orig></choice> <choice><reg>Курган</reg><orig>Курганъ</orig></choice>,<note xml:id="note1" resp="volume_editor" index="false"> Одно из главнейших укреплений Севастополя, расположенное на восточной стороне оборонительной линии, между 2-м и 3-м бастионами.</note> <choice><reg>мне</reg><orig>мнѣ</orig></choice> кажется, что л не ошибаюсь. Вы сами <choice><reg>решите</reg><orig>рѣшите</orig></choice> это.</p>
<lb/>
<p rend="left">3 сентября.</p>
<p rend="center"><choice><reg>С</reg><orig>Съ</orig></choice> <choice><reg>истинным</reg><orig>истиннымъ</orig></choice> <choice><reg>уважением</reg><orig>уваженiемъ</orig></choice> и преданностью <choice><reg>имею</reg><orig>имѣю</orig></choice> честь быть Вашего Превосходительства <choice><reg>покорнейший</reg><orig>покорнѣйшiй</orig></choice> слуга Гр. Л. Толстой.</p>
<lb/>
<comments><p rend="Textpetit_otstup left">Печатается по автографу, хранящемуся в АТБ. Текст письма написан на обороте л. 5-го рукописи «Донесения о последней бомбардировке и взятии Севастополя союзными войсками» (4 т., стр. 79). Впервые опубликовано почти полностью В. И. Срезневским в примечании к «Донесению» в 4 т., стр. 418.</p>
<p rend="petit left">Николай Андреевич Крыжановский (р. 30 октября 1818 г., ум. 29 апреля 1888 г.) окончил артиллерийское училище в 1837 г. В 1842—1850 гг. находился в войсках Черноморской береговой линии. С начала Восточной войны 1853—1856 гг. занимал должность начальника артиллерии Южной армии и участвовал в осаде Силистрии. С открытием Крымской кампании Крыжановский отправился в Севастополь, где состоял начальником штаба артиллерии и где был сильно контужен. Принимал деятельное участие в сражении при Черной речке 4 августа 1855 г. В 1857—1860 гг. был начальником Михайловского артиллерийского училища и Артиллерийской академии. В 1865—1881 гг. Крыжановский был Оренбургским генерал-губернатором и командующим войсками <hi style="opdelimiter">округа.</hi><hi style="opnumber">333</hi></p>
<p rend="petit left"><hi style="npnumber">334</hi><hi style="npdelimiter">С</hi> последних должностей вследствие раскрытых сенаторской ревизией злоупотреблений по раздаче башкирских земель, совершенных подчиненными Крыжановского, он был уволен без прошения. Крыжановскому принадлежат ряд трудов по военному делу, по военной истории и роман.</p>
<p rend="petit left">В сентябре 1876 г. Толстой в бытность свою в Оренбурге посетил Крыжановского.</p>
<p rend="petit left">Письмо является сопроводительным при посланном начальнику штаба артиллерии Крымской армии Н. А. Крыжановскому «Донесении о последней бомбардировке и взятии Севастополя союзными войсками».</p>
<p rend="Textpetit_otstup left"><hi>1</hi> Одно из главнейших укреплений Севастополя, расположенное на восточной стороне оборонительной линии, между 2-м и 3-м бастионами.</p>
</comments></div></body>
        </text>
        </TEI>