<?xml version='1.0' encoding='UTF-8' standalone='no'?>

<TEI xmlns="http://www.tei-c.org/ns/1.0">
       <teiHeader>
          <fileDesc>
             <titleStmt>
                <title>Письмо №425. А. А. Толстой.</title>
             </titleStmt>
             <publicationStmt>
                <publisher>TolstoyLab</publisher>
                <date when="2015-09-14">14 September 2015</date>
             </publicationStmt>
             <sourceDesc>
                <biblStruct>
                   <analytic>
                      <author>Толстой Л.Н.</author>
                   </analytic>
                   <monogr>
                      <title level="m">Полное собрание сочинений. Том 61</title>
                      <imprint>
                         <pubPlace>Москва</pubPlace>
                         <publisher>Государственное издательство "Художественная литература"</publisher>
                         <date when="1953"/>
                      </imprint>
                   </monogr>
                   <series>
                      <title level="s">Л.Н. Толстой. Полное собрание сочинений</title>
                      <biblScope unit="vol">61</biblScope>
                   </series>
                </biblStruct>
				<bibl>Впервые опубликовано в ПТ, № 79. Год определяется сопоставлением с письмом к А. А. Толстой от 1 марта 1873 г. (см. т. 62.).</bibl>
             </sourceDesc>
          </fileDesc>
          <encodingDesc>
             <tagsDecl> </tagsDecl>
          </encodingDesc>
          <profileDesc>
             <correspDesc>
                <correspAction type="sending">
                   <persName ref="PersonList.xml#L_N_Tolstoy">Л. Н. Толстой</persName>
                   <placeName ref="PlacesListxml#PLACE">Я. П.</placeName>
                   <date when="1872-12-14">1872 г. Декабря 14.</date>            </correspAction>
                <correspAction type="receiving">
                   <persName ref="PersonList.xml#RECEIVER">А. А. Толстой</persName>
                </correspAction>
                <correspContext>
                   <ref type="prev"/>
                </correspContext>
             </correspDesc>
          </profileDesc>
       </teiHeader>
       <xenoData><number type="in a volume">425</number></xenoData>

              <text xml:id="A__A__Tolstoj_425">
	<body><div>
		<opener index="false">
425. А. А. Толстой.
1872 г. Декабря 14. Я. П.</opener>
<p rend="right">14 декабря.</p>
<p rend="Obrashenie">Любезный друг Alexandrine!</p>
<p rend="left">Как это ни неприятно мне, я должен писать вам с просьбой. — Вот как это случилось. У меня есть сосед А. Н. Бибиков — единственный сосед, с которым у нас 20 лет ведутся <hi style="opdelimiter">ненарушимо</hi><hi style="opnumber">344</hi> <hi style="npnumber">345</hi><hi style="npdelimiter">дружелюбные</hi> сношения, и он очень добрый человек. Он знал, что усыновление детей брата<note xml:id="note1" resp="volume_editor" index="false"> С. Н. Толстого.</note> сделалось через вас. Сам он и еще два брата его — незаконные дети Бибикова.<note xml:id="note2" resp="volume_editor" index="false"> Александр (1822—1886), Иван и Василий (1830—1899) — сыновья Николая Николаевича Бибикова и вольноотпущенной Анны Наумовны (ум. в 1875 г.).</note> Меньшой же брат из них законный, потому что отец их женился на матери.</p>
<p rend="left">Они до сих пор были довольны своей судьбой, но лет 5 назад все женились, и у них сыновья, и мой сосед — старший, взялся хлопотать через А. П. Бобринского<note xml:id="note3" resp="volume_editor" index="false"> Алексей Павлович Бобринский (1826—1894) — помещик Тульской губернии, Богородицкого уезда; в 1871—1874 гг. министр путей сообщения.</note> и для этого ездил в Петербург. Ему там сказали, что именно вы много делаете добра в этом роде (это его слова), и просил меня, чтобы я написал вам. Я имел слабость обещать. Если это indiscret,<note xml:id="note4" resp="volume_editor" index="false"> [нескромно,]</note> простите меня, а если нет, то вы очень меня обрадуете.</p>
<p rend="left">Целую вашу руку.</p>
<p rend="right">Ваш всей душой Л. Толстой.</p>
<p rend="left">Прошение его давно подано и находится, кажется, у Долгорукова.</p>
<comments><p rend="Textpetit_otstup left">Впервые опубликовано в ПТ, № 79. Год определяется сопоставлением с письмом к А. А. Толстой от 1 марта 1873 г. (см. т. 62.).</p>
<p rend="Textpetit_otstup left"><hi>1</hi> С. Н. Толстого.</p>
<p rend="petit left"><hi>2</hi> Александр (1822—1886), Иван и Василий (1830—1899) — сыновья Николая Николаевича Бибикова и вольноотпущенной Анны Наумовны (ум. в 1875 г.).</p>
<p rend="petit left"><hi>3</hi> Алексей Павлович Бобринский (1826—1894) — помещик Тульской губернии, Богородицкого уезда; в 1871—1874 гг. министр путей сообщения.</p>
<p rend="petit left"><hi>4</hi> [нескромно,]</p>
</comments></div></body>
        </text>
        </TEI>