<?xml version='1.0' encoding='UTF-8' standalone='no'?>

<TEI xmlns="http://www.tei-c.org/ns/1.0">
       <teiHeader>
          <fileDesc>
             <titleStmt>
                <title>Письмо №11. М. Н. Каткову.</title>
             </titleStmt>
             <publicationStmt>
                <publisher>TolstoyLab</publisher>
                <date when="2015-09-14">14 September 2015</date>
             </publicationStmt>
             <sourceDesc>
                <biblStruct>
                   <analytic>
                      <author>Толстой Л.Н.</author>
                   </analytic>
                   <monogr>
                      <title level="m">Полное собрание сочинений. Том 61</title>
                      <imprint>
                         <pubPlace>Москва</pubPlace>
                         <publisher>Государственное издательство "Художественная литература"</publisher>
                         <date when="1953"/>
                      </imprint>
                   </monogr>
                   <series>
                      <title level="s">Л.Н. Толстой. Полное собрание сочинений</title>
                      <biblScope unit="vol">61</biblScope>
                   </series>
                </biblStruct>
				<bibl>Печатается по рукописной копии, хранящейся в БЛ (архив Каткова, тетрадь № 21). Впервые опубликовано в «Литературном наследстве», № 37-38, изд. Академии наук СССР, стр. 200. На копии дата: «30 марта»; подтверждается письмом А. Е. Берса от 21 марта 1863 г. (см. прим. 1) и ответным письмом Каткова от 3 апреля.</bibl>
             </sourceDesc>
          </fileDesc>
          <encodingDesc>
             <tagsDecl> </tagsDecl>
          </encodingDesc>
          <profileDesc>
             <correspDesc>
                <correspAction type="sending">
                   <persName ref="PersonList.xml#L_N_Tolstoy">Л. Н. Толстой</persName>
                   <placeName ref="PlacesListxml#PLACE">Я. П.</placeName>
                   <date when="1863-03-30">1863 г. Марта 30.</date>            </correspAction>
                <correspAction type="receiving">
                   <persName ref="PersonList.xml#RECEIVER">М. Н. Каткову</persName>
                </correspAction>
                <correspContext>
                   <ref type="prev"/>
                </correspContext>
             </correspDesc>
          </profileDesc>
       </teiHeader>
       <xenoData><number type="in a volume">11</number></xenoData>

              <text xml:id="M__N__Katkovu_11">
	<body><div>
		<opener index="false">
11. М. Н. Каткову.
1863 г. Марта 30. Я. П.</opener>
<p rend="left">Я получил вчера, многоуважаемый <choice original_editorial_correction='М[ихаил]'><sic>М</sic><corr>Михаил</corr></choice> <choice original_editorial_correction='Н[икифорович]'><sic>Н</sic><corr>Никифорович</corr></choice>, отчет из вашей редакции,<note xml:id="note1" resp="volume_editor" index="false"> Отчет редакции «Русского вестника» Толстому прислал А. Е. Берс при письме от 21 марта.</note> которым я — откровенно говоря — не доволен. За взятые мною у вас [1000]<note xml:id="note2" resp="volume_editor" index="false"> Здесь в копии оставлено пустое место.</note> рублей<note xml:id="note3" resp="volume_editor" index="false"> 1000 рублей Толстой взял у Каткова в начале 1862 г., обещая ему за это отдать в «Русский вестник» повесть «Казаки». <ref target="file:///Volume_60_M.N.Katkovu_238.xml">См. т. 60, письмо № 238</ref>.</note> я считаю справедливым зачесть 7 листов с чем-нибудь, по условленной тогда цене. За остальные же листы я бы мог получить без сравнения больше и потому считаю справедливым получить за них по 200 рублей. Ежели вы со мной согласны, то прошу вас передать А. Е. Берс остальные деньги.</p>
<p rend="right">Готовый к услугам гр. Л. Толстой.</p>
<comments><p rend="Textpetit_otstup left">Печатается по рукописной копии, хранящейся в БЛ (архив Каткова, тетрадь № 21). Впервые опубликовано в «Литературном наследстве», № 37-38, изд. Академии наук СССР, стр. 200. На копии дата: «30 марта»; подтверждается письмом А. Е. Берса от 21 марта 1863 г. (см. прим. 1) и ответным письмом Каткова от 3 апреля.</p>
<p rend="Textpetit_otstup left"><hi>1</hi> Отчет редакции «Русского вестника» Толстому прислал А. Е. Берс при письме от 21 марта.</p>
<p rend="petit left"><hi>2</hi> Здесь в копии оставлено пустое место.</p>
<p rend="petit left"><hi>3</hi> 1000 рублей Толстой взял у Каткова в начале 1862 г., обещая ему за это отдать в «Русский вестник» повесть «Казаки». <ref target="file:///Volume_60_M.N.Katkovu_238.xml">См. т. 60, письмо № 238</ref>.</p>
<p rend="petit left">Катков отвечал письмом от 3 апреля, в котором, оправдываясь, выражал согласие на условия Толстого.</p>
</comments></div></body>
        </text>
        </TEI>