<?xml version='1.0' encoding='UTF-8' standalone='no'?>

<TEI xmlns="http://www.tei-c.org/ns/1.0">
       <teiHeader>
          <fileDesc>
             <titleStmt>
                <title>Письмо №26. А. А. Толстой.</title>
             </titleStmt>
             <publicationStmt>
                <publisher>TolstoyLab</publisher>
                <date when="2015-09-14">14 September 2015</date>
             </publicationStmt>
             <sourceDesc>
                <biblStruct>
                   <analytic>
                      <author>Толстой Л.Н.</author>
                   </analytic>
                   <monogr>
                      <title level="m">Полное собрание сочинений. Том 61</title>
                      <imprint>
                         <pubPlace>Москва</pubPlace>
                         <publisher>Государственное издательство "Художественная литература"</publisher>
                         <date when="1953"/>
                      </imprint>
                   </monogr>
                   <series>
                      <title level="s">Л.Н. Толстой. Полное собрание сочинений</title>
                      <biblScope unit="vol">61</biblScope>
                   </series>
                </biblStruct>
             </sourceDesc>
          </fileDesc>
          <encodingDesc>
             <tagsDecl> </tagsDecl>
          </encodingDesc>
          <profileDesc>
             <correspDesc>
                <correspAction type="sending">
                   <persName ref="PersonList.xml#L_N_Tolstoy">Л. Н. Толстой</persName>
                   <placeName ref="PlacesListxml#PLACE">Я. П.</placeName>
                   <date when="1863-10-17">1863 г. Октября 17.</date>            </correspAction>
                <correspAction type="receiving">
                   <persName ref="PersonList.xml#RECEIVER">А. А. Толстой</persName>
                </correspAction>
                <correspContext>
                   <ref type="prev"/>
                </correspContext>
             </correspDesc>
          </profileDesc>
       </teiHeader>
       <xenoData><number type="in a volume">26</number></xenoData>

              <text xml:id="A__A__Tolstoj_26">
	<body><div>
		<opener index="false">
26. А. А. Толстой.
1863 г. Октября 17...31? Я. П.</opener>
<p rend="left">Любезный друг Alexandrine. У меня лежит начатое на 4-х страницах письмо к вам, но я его не пошлю.<note xml:id="note1" resp="volume_editor" index="false"> Письмо неизвестно. См. записи о нем в ДСТ, I, стр. 78—79.</note> Я так потерял вас из вида и так виноват перед вами, что я вас боюсь. Но угроза потерять в вас друга слишком страшна для меня. — Вы узнаете мой почерк и мою подпись; но кто я теперь и что я, вы, верно, спросите себя. — Я муж и отец, довольный вполне своим положением и привыкнувший к нему так, что для того, чтобы почувствовать свое счастье, мне надо подумать о том, что бы было без него. Я не копаюсь в своем положении <hi>(grübeln</hi> оставлено) и в своих чувствах и только чувствую, а не думаю о своих семейных отношениях. Это состояние дает мне ужасно много умственного простора. Я никогда не чувствовал свои умственные и даже все нравственные силы столько свободными и столько способными к работе. И работа эта есть у меня. Работа эта — роман из времени 1810 и 20-х годов, который занимает меня вполне с осени.<note xml:id="note2" resp="volume_editor" index="false"> «Роман из времени 1810 и 20-х годов» был одним из звеньев в цепи замыслов Толстого, связывающей «Декабристов» и «Войну и мир». <ref target="file:///Volume_61_M__N__Tolstoj_7.xml">См. письмо № 7</ref>, прим. 5.</note> Доказывает ли это слабость характера или силу — я иногда думаю и то и другое — но я должен признаться, что взгляд мой на жизнь, на <hi>народ</hi> и на <hi>общество</hi> теперь совсем другой, чем тот, <choice original_editorial_correction='к[отор]ый'><sic>кый</sic><corr>который</corr></choice> у меня был в последний раз, как мы с вами виделись. Их можно жалеть, но любить, мне <hi style="opdelimiter">трудно</hi><hi style="opnumber">23</hi> <hi style="npnumber">24</hi><hi style="npdelimiter">понять,</hi> как я мог так сильно. Все-таки я рад, что прошел через эту школу; эта последняя моя любовница меня очень формировала. — Детей и педагогику я люблю, но мне трудно понять себя таким, каким я был год тому назад. Дети ходят ко мне по вечерам и приносят с собой для меня воспоминания о том учителе, <choice original_editorial_correction='к[отор]ый'><sic>кый</sic><corr>который</corr></choice> был во мне и которого уже не будет. Я теперь писатель <hi>всеми</hi> силами своей души, и пишу и обдумываю, как я еще никогда не писал и [не] <choice original_editorial_correction='обдум[ывал]'><sic>обдум</sic><corr>обдумывал</corr></choice>. Я счастливый и спокойный муж и отец, не имеющий ни перед кем тайны и никакого желания, кроме того, чтоб всё шло попрежнему. — Вас я люблю меньше, чем прежде, но все-таки достаточно для того, чтобы вы не оставляли меня, все-таки больше всех людей (а как их много было), с которыми я встречался в жизни. — За одно я всегда упрекал вас, и теперь этот упрек у меня в душе, и я довольно ясно чувствую и мыслю, чтоб высказать его. В наших отношениях вы всегда отдавали мне только <hi>общую</hi> (вы меня поймете) сторону своего ума и сердца, вы никогда не говорили мне о подробностях вашей жизни, о простых, ощутительных, частных случаях вашей жизни. Я теперь пишу вам о себе, а о вас я не знаю, что спросить, что думать, чего желать. — Я не знаю даже, что в вашей жизни ближе, дороже всего для вас, кроме общей любви к доброму и изящному в добре, что ваша главная черта. Мне бы хотелось, чтобы ввели меня не в sanctuaire,<note xml:id="note3" resp="volume_editor" index="false"> [святая святых,]</note> а в будничные интересы вашей жизни. Я боюсь, что вы меня не поймете. Я глупо выражаюсь. Я слаб характером, легко подчиняюсь влиянию людей, которых люблю, и потому подчинялся и подчиняюсь вашему. Как только я вхожу в сношения с вами, я надеваю белые перчатки и фрак (право, нравственный фрак); после вечера у вас, я помню, у меня всегда бывал arrièregout<note xml:id="note4" resp="volume_editor" index="false"> [осадок]</note> чего-то тонкого, свежего, душистого, но хотелось более существенного. Не за что было ухватиться. Это, может быть, так надо, и это хорошо было, но мне бы хотелось другого. Помните, раз вы хотели написать мне роман. Мне кажется, тогда мы вошли бы в эти более существенные отношения. Неужели это навсегда потеряно?<note xml:id="note5" resp="volume_editor" index="false"> <hi>После слова:</hi> потеряно <hi>две с половиной строки тщательно зачеркнуты.</hi></note> Я написал совсем не то, что хотел — но было бы опасно оставить и это письмо, не посылая; тогда бы уж я не решился писать еще. — Где вы? чтò вы? Какие ваши планы? Наши планы следующие: зимой, ежели здоровье Сережи (Сережа, это значит добрая, милая улыбка с светлыми глазками — больше ничего в нем нет) позволит, мы поедем на <hi style="opdelimiter">две</hi><hi style="opnumber">24</hi> <hi style="npnumber">25</hi><hi style="npdelimiter">недели</hi> в Москву. Лето в деревне, а на будущую зиму поедем жить куда-нибудь в город. Прощайте. Как институтки просят, и я прошу никому не показывать и разорвать это письмо.</p>
<p rend="left">Соня вас очень любит (это истина) и всё собиралась вам писать.<note xml:id="note6" resp="volume_editor" index="false"> Сохранились неопубликованные письма А. А. Толстой от 23 сентября 1862 г. к Л. Н. и С. А. Толстым порознь и от 10 ноября того же года к ним обоим (ГМТ).</note> Не знаю, что она напишет, но желал бы знать.</p>
<comments><p rend="Textpetit_otstup left">Впервые напечатано в ПТ, № 52. Датируется содержанием и сопоставлением с записью С. А. Толстой в ее дневнике 17 октября 1863 г.</p>
<p rend="petit left">Александра Андреевна Толстая (1817—1904) — двоюродная тетка Толстого. С Толстым находилась в долголетней дружеской переписке. Подробнее об А. А. Толстой см. т. 47, стр. 316—317.</p>
<p rend="Textpetit_otstup left"><hi>1</hi> Письмо неизвестно. См. записи о нем в ДСТ, I, стр. 78—79.</p>
<p rend="petit left"><hi>2</hi> «Роман из времени 1810 и 20-х годов» был одним из звеньев в цепи замыслов Толстого, связывающей «Декабристов» и «Войну и мир». <ref target="file:///Volume_61_M__N__Tolstoj_7.xml">См. письмо № 7</ref>, прим. 5.</p>
<p rend="petit left"><hi>3</hi> [святая святых,]</p>
<p rend="petit left"><hi>4</hi> [осадок]</p>
<p rend="petit left"><hi>5</hi> <hi>После слова:</hi> потеряно <hi>две с половиной строки тщательно зачеркнуты.</hi></p>
<p rend="petit left"><hi>6</hi> Сохранились неопубликованные письма А. А. Толстой от 23 сентября 1862 г. к Л. Н. и С. А. Толстым порознь и от 10 ноября того же года к ним обоим (ГМТ).</p>
</comments></div></body>
        </text>
        </TEI>