<?xml version='1.0' encoding='UTF-8' standalone='no'?>

<TEI xmlns="http://www.tei-c.org/ns/1.0">
       <teiHeader>
          <fileDesc>
             <titleStmt>
                <title>Письмо №* 278. Проект устройства в Москве музыкального общества.</title>
             </titleStmt>
             <publicationStmt>
                <publisher>TolstoyLab</publisher>
                <date when="2015-09-14">14 September 2015</date>
             </publicationStmt>
             <sourceDesc>
                <biblStruct>
                   <analytic>
                      <author>Толстой Л.Н.</author>
                   </analytic>
                   <monogr>
                      <title level="m">Полное собрание сочинений. Том 60</title>
                      <imprint>
                         <pubPlace>Москва</pubPlace>
                         <publisher>Государственное издательство "Художественная литература"</publisher>
                         <date when="1949"/>
                      </imprint>
                   </monogr>
                   <series>
                      <title level="s">Л.Н. Толстой. Полное собрание сочинений</title>
                      <biblScope unit="vol">60</biblScope>
                   </series>
                </biblStruct>
             </sourceDesc>
          </fileDesc>
          <encodingDesc>
             <tagsDecl> </tagsDecl>
          </encodingDesc>
          <profileDesc>
             <correspDesc>
                <correspAction type="sending">
                   <persName ref="PersonList.xml#L_N_Tolstoy">Л. Н. Толстой</persName>
                   <placeName ref="PlacesListxml#PLACE">Москва.</placeName>
                   <date when="1858-01">1858 г. Январь</date>            </correspAction>
                <correspAction type="receiving">
                   <persName ref="PersonList.xml#RECEIVER">Проект устройства в Москве музыкального общества</persName>
                </correspAction>
                <correspContext>
                   <ref type="prev"/>
                </correspContext>
             </correspDesc>
          </profileDesc>
       </teiHeader>
       <xenoData><number type="in a volume">278</number></xenoData>

              <text xml:id="ProektustrojstvavMoskvemuzykalnogoobshhestva_278">
	<body><div>
		<opener index="false">
* 278. Проект устройства в Москве музыкального общества.
1858 г. Январь до 5. Москва.</opener>
<p rend="left">Подписной лист для желающих участвовать в квартетном обществе.</p>
<p rend="subtitle centerline">
&lt;Условия участия:&gt;
</p>
<p rend="left">1) Взнос в зиму от 30 до 50 р. сер.</p>
<p rend="left">2) Члены избираются по балотированию первых подписавшихся 10 членов.</p>
<p rend="left">3) Квартеты, трио и квинтеты, септюоры, ежели средства позволят, исполняются только артистами за плату.</p>
<p rend="left">4) Исполнение сочинений любителей и любителями воспрещается.</p>
<p rend="left">5) Помещение для музыкальных вечеров не в частном доме, или в частном доме на основании публичном.</p>
<p rend="left">6) Выбор пьес зависит от общего согласия членов, производится с выбора комитета из 8 и директора.</p>
<p rend="left">7) Два &lt;и три&gt; лица &lt;однако семейства платят как за одного&gt; платят за полтора, 3 лица за два, 4 лица за 2 с половиной.</p>
<p rend="left">7) <note xml:id="note1" resp="volume_editor" index="false"> Так в автографе.</note>Устройство чая и ужина на музыкальном вечере зависят от желания и общего согласия членов.</p>
<p rend="left">8) Курить дозволяется.</p>
<p rend="left">9) Правила могут быть изменены и пополнены собранием <hi style="opdelimiter">членов.</hi><hi style="opnumber">471</hi></p>
<p rend="left"><hi style="npnumber">472</hi><hi style="npdelimiter">10)</hi> Гости &lt;изби&gt; допускаются с общего согласия.</p>
<p rend="left">20) <note xml:id="note2" resp="volume_editor" index="false"> Так в автографе.</note>Рояль Эрар.</p>
<comments><p rend="Textpetit_otstup left">Публикуемый текст является черновиком проекта, написанного собственноручно Толстым. Полностью публикуется впервые; пункты 3) и 4) были опубликованы в «Литературном наследстве», М. 1939, № 37/38, стр. 412, и пункты 1)—6) в книге Н. Родионова «Москва в жизни и творчестве Л. Н. Толстого», изд. «Московский рабочий», М. 1948, стр. 24—25. Дата определяется записью Толстого в Дневнике под 5 января 1858 г. («хлопоты о <choice original_editorial_correction='муз[ыкальном]'><sic>муз</sic><corr>музыкальном</corr></choice> обществе», т. 48) и письмом к В. П. Боткину от 4 января 1858 г., см. № 102.</p>
<p rend="petit left">Профессор Московской консерватории и музыкальной критик Н. Д. Кашкин рассказывает, что «Лев Николаевич всегда был очень большим любителем серьезной музыки, но в Москве ее приходилось слушать сравнительно редко». Поэтому он совместно с кн. Ю. А. Оболенским, также большим любителем музыки, в самом конце 50-х годов решил «основать музыкальный кружок с определенными членскими взносами, чтобы устраивать на эти деньги хорошие музыкальные вечера». Они обратились к «Л. Оноре, пользовавшемуся особенными симпатиями и уважением в артистическом обществе в Москве», и пригласили его быть музыкальным руководителем будущего общества, но Оноре им указал на Н. Г. Рубинштейна (Н. Д. Кашкин, «Русское музыкальное общество по личным воспоминаниям» — «Московский еженедельник», 1908, № 16, стр. 63—64). Из письма Толстого к Боткину от 4 января 1858 г. видно, что согласился взять на себя руководство музыкальным обществом московский музыкант Мортье (см. прим. 7 к п. № 19).</p>
<p rend="petit left">С. Л. Толстой в своей статье «Музыка в жизни Л. Н. Толстого» (юбилейный сборник «Лев Николаевич Толстой», Госиздат, М. — Л. 1928, стр. 303), пишет, что «к этому же времени относится знакомство Л. Н. с Н. Г. Рубинштейном, которого он высоко ценил как музыканта и вместе с которым он обсуждал учреждение музыкального общества в Москве. Эта мысль впоследствии была осуществлена братьями Рубинштейнами, основавшими императорское Музыкальное общество».</p>
<p rend="Textpetit_otstup left"><hi>1</hi> Так в автографе.</p>
</comments></div></body>
        </text>
        </TEI>