<?xml version='1.0' encoding='UTF-8' standalone='no'?>

<TEI xmlns="http://www.tei-c.org/ns/1.0">
       <teiHeader>
          <fileDesc>
             <titleStmt>
                <title>Письмо №52. A. Н. Островскому.</title>
             </titleStmt>
             <publicationStmt>
                <publisher>TolstoyLab</publisher>
                <date when="2015-09-14">14 September 2015</date>
             </publicationStmt>
             <sourceDesc>
                <biblStruct>
                   <analytic>
                      <author>Толстой Л.Н.</author>
                   </analytic>
                   <monogr>
                      <title level="m">Полное собрание сочинений. Том 60</title>
                      <imprint>
                         <pubPlace>Москва</pubPlace>
                         <publisher>Государственное издательство "Художественная литература"</publisher>
                         <date when="1949"/>
                      </imprint>
                   </monogr>
                   <series>
                      <title level="s">Л.Н. Толстой. Полное собрание сочинений</title>
                      <biblScope unit="vol">60</biblScope>
                   </series>
                </biblStruct>
				<bibl>Впервые опубликовано в сборнике «Неизданные письма к А. Н. Островскому», «Academia», М.—Л. 1932, стр. 327—328. На верху письма рукой Островского помета: «Пол. 10 янв. 1857. Ответил <hi style="opdelimiter">11».</hi><hi style="opnumber">148</hi></bibl>
             </sourceDesc>
          </fileDesc>
          <encodingDesc>
             <tagsDecl> </tagsDecl>
          </encodingDesc>
          <profileDesc>
             <correspDesc>
                <correspAction type="sending">
                   <persName ref="PersonList.xml#L_N_Tolstoy">Л. Н. Толстой</persName>
                   <placeName ref="PlacesListxml#PLACE">Петербург.</placeName>
                   <date when="1857-01-05">1857 г. Января 5.</date>            </correspAction>
                <correspAction type="receiving">
                   <persName ref="PersonList.xml#RECEIVER">A. Н. Островскому</persName>
                </correspAction>
                <correspContext>
                   <ref type="prev"/>
                </correspContext>
             </correspDesc>
          </profileDesc>
       </teiHeader>
       <xenoData><number type="in a volume">52</number></xenoData>

              <text xml:id="A.N.Ostrovskomu_52">
	<body><div>
		<opener index="false">
52. A. Н. Островскому.
1857 г. Января 5. Петербург.</opener>
<p rend="left"><hi>Рукой И</hi>. <hi>И</hi>. <hi>Панаева</hi>:</p>
<p rend="petit right">5 января 1857 год. —</p>
<p rend="petit left">Поздравляю Вас, любезный Александр Николаевич, с новым годом и воссылаю мольбы к богу о том, чтобы он ниспослал Вам в этом году здоровья и вдохновения. До нас дошли слухи о Вашей новой комедии, которую Вы читали. Говорят, что эта вещь необыкновенно замечательная — и все мы ожидаем ее с нетерпением...<note xml:id="note1" resp="volume_editor" index="false"> Речь идет о комедии А. Н. Островского «Доходное место». Впервые напечатана в «Русской беседе» за 1857 г., № 1.</note> Сегодня мы, толкуя об этом (с Толстым и Боткиным), пришли к такому заключению: если у Вас кроме нее нет ничего, — отдайте ее в Современник во 2-ю книжку. У нас печатать нечего, а «Русская беседа» <hi style="opdelimiter">может</hi><hi style="opnumber">147</hi> <hi style="npnumber">148</hi><hi style="npdelimiter">подождать.</hi> Если мы подгадим первые №№, то подписка, которая идет прекрасно, — может приостановиться — и вам и нам тогда худо. Надобно вывозить <choice original_editorial_correction='Совр[еменник]'><sic>Совр</sic><corr>Современник</corr></choice> — [<hi>1 неразобр.</hi>] Алекс. Николаевич, если бы Тургенев сдержал свое слово для — 2 №, я бы не мучил Вас, — но теперь — я повторяю Вам, что без Вас 2 № погибнет. Не обескураживайте редакцию, бога ради!..</p>
<p rend="petit left">Я не хочу отвлекать Вас от Вашего слова Беседе, но дело в том, что <choice original_editorial_correction='Совр[еменник]'><sic>Совр</sic><corr>Современник</corr></choice> сию минуту в критическом положении по недостатку материалов... и требует вашей помощи!.. Спасайте его — спасайте!..</p>
<p rend="petit left">Деньги, кажется, Вы уже получили, и <choice original_editorial_correction='Совр[еменник]'><sic>Совр</sic><corr>Современник</corr></choice> я велел выдавать Вам. Уведомьте все-таки о получении и тех и другого...</p>
<p rend="petit left">И бога ради — пишите скорей. Последняя надежда на Вас.<note xml:id="note2" resp="volume_editor" index="false"> В ответ на это письмо Островский писал Панаеву 11 января 1857 г.: «Доходное место» я уже отдал в «<choice original_editorial_correction='Р[усскую]'><sic>Р</sic><corr>Русскую</corr></choice> <choice original_editorial_correction='Б[еседу]'><sic>Б</sic><corr>Беседу</corr></choice>», и она набирается. Иначе я поступить не мог: мне надобно было сдержать слово и расквитаться с «<choice original_editorial_correction='Р[усскою]'><sic>Р</sic><corr>Русскою</corr></choice> <choice original_editorial_correction='Б[еседою]'><sic>Б</sic><corr>Беседою</corr></choice>», чтобы уж совершенно посвятить свой труд «Современнику». В лености меня упрекнуть нельзя: с ноября, когда я получил возможность работать, и до сих пор я не отхожу от стола».</note></p>
<p rend="petit right rightindent">Всей душой вам преданный </p>
<p rend="petit right">И. Панаев.</p>
<p rend="left"><hi>Рукой Толстого</hi>:</p>
<p rend="left">Не понимаю, за какое письмо, на которое я будто не ответил, ты упрекаешь меня, любезный друг Александр Николаевич; я ничего не получал. Но дело не в том. Мольбы Панаева совершенно основательны, и ежели ты не пришлешь ничего ко 2-й книжке, союз наш не только примет окончательно комический характер, но просто шлепнется во всех отношениях.<note xml:id="note3" resp="volume_editor" index="false"> О союзе группы писателей, решивших печататься только в «Современнике», см. прим. 5 к п. № 18.</note> Ежели насчет комедии, про которую мы слышали, да и от которой без слухов я ожидаю наверное прекрасного по эпохе твоей деятельности, ежели ты уж дал слово печальной <choice original_editorial_correction='Р[усской]'><sic>Р</sic><corr>Русской</corr></choice> <choice original_editorial_correction='Б[еседе]'><sic>Б</sic><corr>Беседе</corr></choice>, то просить тебя нечего, как ни грустно зарыть такую вещь в раскольничий журнал; но ежели есть возможность приготовить другое, не торопясь и не портя матерьяла, или ежели слово не дано, то в Современнике теперь больше, чем когда-нибудь, необходимо твое имя, а главное, твоя вещь. Прощай, любезный друг, может быть, я сам скоро буду в Москве, но во всяком случае, отвечай мне хоть несколько слов, как и что твое здоровье и твоя работа? Поздравляю тебя с новым годом.</p>
<p rend="right">Твой Гр. Л. Толстой.</p>
<p rend="left"><choice original_editorial_correction='Апол[лону]'><sic>Апол</sic><corr>Аполлону</corr></choice> <choice original_editorial_correction='Алекс[андровичу]'><sic>Алекс</sic><corr>Александровичу</corr></choice><note xml:id="note4" resp="volume_editor" index="false"> Аполлон Александрович Григорьев (1822—1864) — критик, поэт, переводчик; по воззрениям был близок к славянофилам.</note> от души кланяюсь и прошу не забывать меня. —</p>
<p rend="left">Писемский<note xml:id="note5" resp="volume_editor" index="false"> Алексей Феофилактович Писемский (1820—1881) — писатель-реалист. Знакомство Толстого с Писемским состоялось в Петербурге в 1856 г.</note> прочел вчера свою Старую Барыню.<note xml:id="note6" resp="volume_editor" index="false"> «Старая барыня» — повесть Писемского, впервые напечатана в февральском номере «Библиотеки для чтения» 1857 г.</note> Прелестная вещь, мне кажется лучшая из всех его прежних. —</p>
<comments><p rend="Textpetit_otstup left">Впервые опубликовано в сборнике «Неизданные письма к А. Н. Островскому», «Academia», М.—Л. 1932, стр. 327—328. На верху письма рукой Островского помета: «Пол. 10 янв. 1857. Ответил <hi style="opdelimiter">11».</hi><hi style="opnumber">148</hi></p>
<p rend="Textpetit_otstup left"><hi>1</hi> Речь идет о комедии А. Н. Островского «Доходное место». Впервые напечатана в «Русской беседе» за 1857 г., № 1.</p>
<p rend="petit left"><hi>2</hi> В ответ на это письмо Островский писал Панаеву 11 января 1857 г.: «Доходное место» я уже отдал в «<choice original_editorial_correction='Р[усскую]'><sic>Р</sic><corr>Русскую</corr></choice> <choice original_editorial_correction='Б[еседу]'><sic>Б</sic><corr>Беседу</corr></choice>», и она набирается. Иначе я поступить не мог: мне надобно было сдержать слово и расквитаться с «<choice original_editorial_correction='Р[усскою]'><sic>Р</sic><corr>Русскою</corr></choice> <choice original_editorial_correction='Б[еседою]'><sic>Б</sic><corr>Беседою</corr></choice>», чтобы уж совершенно посвятить свой труд «Современнику». В лености меня упрекнуть нельзя: с ноября, когда я получил возможность работать, и до сих пор я не отхожу от стола».</p>
<p rend="petit left"><hi>3</hi> О союзе группы писателей, решивших печататься только в «Современнике», см. прим. 5 к п. № 18.</p>
<p rend="petit left"><hi>4</hi> Аполлон Александрович Григорьев (1822—1864) — критик, поэт, переводчик; по воззрениям был близок к славянофилам.</p>
<p rend="petit left"><hi>5</hi> Алексей Феофилактович Писемский (1820—1881) — писатель-реалист. Знакомство Толстого с Писемским состоялось в Петербурге в 1856 г.</p>
<p rend="petit left"><hi>6</hi> «Старая барыня» — повесть Писемского, впервые напечатана в февральском номере «Библиотеки для чтения» 1857 г.</p>
</comments></div></body>
        </text>
        </TEI>