<?xml version='1.0' encoding='UTF-8' standalone='no'?>

<TEI xmlns="http://www.tei-c.org/ns/1.0">
       <teiHeader>
          <fileDesc>
             <titleStmt>
                <title>Письмо №125. А. А. Фету.</title>
             </titleStmt>
             <publicationStmt>
                <publisher>TolstoyLab</publisher>
                <date when="2015-09-14">14 September 2015</date>
             </publicationStmt>
             <sourceDesc>
                <biblStruct>
                   <analytic>
                      <author>Толстой Л.Н.</author>
                   </analytic>
                   <monogr>
                      <title level="m">Полное собрание сочинений. Том 61</title>
                      <imprint>
                         <pubPlace>Москва</pubPlace>
                         <publisher>Государственное издательство "Художественная литература"</publisher>
                         <date when="1953"/>
                      </imprint>
                   </monogr>
                   <series>
                      <title level="s">Л.Н. Толстой. Полное собрание сочинений</title>
                      <biblScope unit="vol">61</biblScope>
                   </series>
                </biblStruct>
             </sourceDesc>
          </fileDesc>
          <encodingDesc>
             <tagsDecl> </tagsDecl>
          </encodingDesc>
          <profileDesc>
             <correspDesc>
                <correspAction type="sending">
                   <persName ref="PersonList.xml#L_N_Tolstoy">Л. Н. Толстой</persName>
                   <placeName ref="PlacesListxml#PLACE">Никольское-Вяземское.</placeName>
                   <date when="1865-07-25">1865 г. Июля 25.</date>            </correspAction>
                <correspAction type="receiving">
                   <persName ref="PersonList.xml#RECEIVER">А. А. Фету</persName>
                </correspAction>
                <correspContext>
                   <ref type="prev"/>
                </correspContext>
             </correspDesc>
          </profileDesc>
       </teiHeader>
       <xenoData><number type="in a volume">125</number></xenoData>

              <text xml:id="A__A__Fetu_125">
	<body><div>
		<opener index="false">
125. А. А. Фету.
1865 г. Июля 25. Никольское-Вяземское.</opener>
<p rend="left">Любезный друг Афанасий Афанасьич. — Увы! я не могу к вам заехать. И нечего мне вам внушать, как мне это грустно. Не могу же я заехать потому, что нынче 25, а я еще не выезжал из дома. Желудочная боль, которая началась у меня еще при вас,<note xml:id="note1" resp="volume_editor" index="false"> Фет с женою приезжали в Никольское 16 июля. См. «Дневники С. А. Толстой», I, стр. 92.</note> до сих пор продолжается и делает меня неспособным быстро поворачиваться. Я, как и предполагал, с Дьяковым ездил к Шатилову, но вместо того, чтобы всё это сделать в три дня, проездил 5 и оттого опоздал. Поездка эта была — ежели бы не нездоровье — чрезвычайно приятна и поучительна. Многое вам расскажу при свиданьи. — Но когда же? Я предлагаю вам приехать к Киреевскому между 26 и 3-м августа. Мы бы там свиделись! Ежели же вы не приедете, то я заеду к вам на обратном пути. У нас овес весь в копнах, и рожь подкошена. Ежели так простоит, то на следующей неделе всё будет в гумне. Овес обходится меньше 7 копен. До свиданья.</p>
<p rend="right">Ваш Л. Толстой.</p>
<p rend="left">Жена, Таня и я душевно кланяемся Марье Петровне.</p>
<comments><p rend="Textpetit_otstup left">Опубликовано, с неверной датой: «25 июля 1866 г.», в «Русском обозрении», 1890, 4, стр. 93—94. Датируется сопоставлением с письмом № 124.</p>
<p rend="Textpetit_otstup left"><hi>1</hi> Фет с женою приезжали в Никольское 16 июля. См. «Дневники С. А. Толстой», I, стр. 92.</p>
</comments></div></body>
        </text>
        </TEI>