<?xml version='1.0' encoding='UTF-8' standalone='no'?>

<TEI xmlns="http://www.tei-c.org/ns/1.0">
       <teiHeader>
          <fileDesc>
             <titleStmt>
                <title>Письмо №154. А. А. Толстой.</title>
             </titleStmt>
             <publicationStmt>
                <publisher>TolstoyLab</publisher>
                <date when="2015-09-14">14 September 2015</date>
             </publicationStmt>
             <sourceDesc>
                <biblStruct>
                   <analytic>
                      <author>Толстой Л.Н.</author>
                   </analytic>
                   <monogr>
                      <title level="m">Полное собрание сочинений. Том 61</title>
                      <imprint>
                         <pubPlace>Москва</pubPlace>
                         <publisher>Государственное издательство "Художественная литература"</publisher>
                         <date when="1953"/>
                      </imprint>
                   </monogr>
                   <series>
                      <title level="s">Л.Н. Толстой. Полное собрание сочинений</title>
                      <biblScope unit="vol">61</biblScope>
                   </series>
                </biblStruct>
				<bibl>Впервые опубликовано, с датой: «Декабрь 1865 г.», в ПТ, № 62. Датируется по ответному письму А. А. Толстой от 20 декабря (ПТ, № 63).</bibl>
             </sourceDesc>
          </fileDesc>
          <encodingDesc>
             <tagsDecl> </tagsDecl>
          </encodingDesc>
          <profileDesc>
             <correspDesc>
                <correspAction type="sending">
                   <persName ref="PersonList.xml#L_N_Tolstoy">Л. Н. Толстой</persName>
                   <placeName ref="PlacesListxml#PLACE">Я. П.</placeName>
                   <date when="1865-12-15">1865 г. Декабря 15.</date>            </correspAction>
                <correspAction type="receiving">
                   <persName ref="PersonList.xml#RECEIVER">А. А. Толстой</persName>
                </correspAction>
                <correspContext>
                   <ref type="prev"/>
                </correspContext>
             </correspDesc>
          </profileDesc>
       </teiHeader>
       <xenoData><number type="in a volume">154</number></xenoData>

              <text xml:id="A__A__Tolstoj_154">
	<body><div>
		<opener index="false">
154. А. А. Толстой.
1865 г. Декабря 15...16. Я. П.</opener>
<p rend="left">Пишу вам несколько слов, милый друг, о деле Marie.<note xml:id="note1" resp="volume_editor" index="false"> См. письма №№ 138 и 149.</note> Вы так добры, что еще раз сами напомнили о том.<note xml:id="note2" resp="volume_editor" index="false"> Письмо А. А. Толстой от 23 ноября. См. ПТ, № 60.</note></p>
<p rend="left">Она получила ответ от 17-го Nоября за № 2227 от 3-го Отделения. — Ответ весьма краткий, в котором по поручению <choice original_editorial_correction='к[няз]я'><sic>кя</sic><corr>князя</corr></choice> Долгорукова ее уведомляют, чтобы она <hi>обращалась к судебным местам</hi>.</p>
<p rend="left">Соображая этот ответ, подписанный каким-то Лисевичем, а не <choice original_editorial_correction='к[нязем]'><sic>к</sic><corr>князем</corr></choice> Долгоруковым, и ваше письмо, в <choice original_editorial_correction='к[отор]ом'><sic>ком</sic><corr>котором</corr></choice> вы пишете, что князь <choice original_editorial_correction='Д[олгоруков]'><sic>Д</sic><corr>Долгоруков</corr></choice> обещал вам попытаться, я уверен, что или письмо сестры вовсе не было прочитано <choice original_editorial_correction='к[нязем]'><sic>к</sic><corr>князем</corr></choice> <choice original_editorial_correction='Д[олгоруковым]'><sic>Д</sic><corr>Долгоруковым</corr></choice>, или он забыл про вашу просьбу и про свое обещание. Только поэтому я пишу вам и прошу, ежели это так (и вы так же думаете), то напомните еще раз князю Долгорукову. Впрочем, этот ответ, как и все за №-ом бумаги, так глупо дерзок, что в наказание за этот ответ можно и быть importun.<note xml:id="note3" resp="volume_editor" index="false"> [назойливым.]</note> Точно без него не знают, что имеют право обращаться в присутственные места. Ежели бы та самая мещанка, <hi style="opdelimiter">Гольцова,</hi><hi style="opnumber">124</hi> <hi style="npnumber">125</hi><hi style="npdelimiter">на</hi> которую просят, написала жалобу <choice original_editorial_correction='к[нязю]'><sic>к</sic><corr>князю</corr></choice> <choice original_editorial_correction='Д[олгорукову]'><sic>Д</sic><corr>Долгорукову</corr></choice>, то меньше этого нельзя бы было и ей ответить. Я всё это говорю потому, что, наверное, князь Долгоруков не знал, что это письмо было то, о <choice original_editorial_correction='к[отор]ом'><sic>ком</sic><corr>котором</corr></choice> вы его просили.</p>
<p rend="left">Что вы? Что ваше новое дело?</p>
<p rend="left">Дай бог вам успеха. —</p>
<comments><p rend="Textpetit_otstup left">Впервые опубликовано, с датой: «Декабрь 1865 г.», в ПТ, № 62. Датируется по ответному письму А. А. Толстой от 20 декабря (ПТ, № 63).</p>
<p rend="Textpetit_otstup left"><hi>1</hi> См. письма №№ 138 и 149.</p>
<p rend="petit left"><hi>2</hi> Письмо А. А. Толстой от 23 ноября. См. ПТ, № 60.</p>
<p rend="petit left"><hi>3</hi> [назойливым.]</p>
</comments></div></body>
        </text>
        </TEI>