<?xml version='1.0' encoding='UTF-8' standalone='no'?>

<TEI xmlns="http://www.tei-c.org/ns/1.0">
       <teiHeader>
          <fileDesc>
             <titleStmt>
                <title>Письмо №* 68. Т. А. Ергольской.</title>
             </titleStmt>
             <publicationStmt>
                <publisher>TolstoyLab</publisher>
                <date when="2015-09-14">14 September 2015</date>
             </publicationStmt>
             <sourceDesc>
                <biblStruct>
                   <analytic>
                      <author>Толстой Л.Н.</author>
                   </analytic>
                   <monogr>
                      <title level="m">Полное собрание сочинений. Том 60</title>
                      <imprint>
                         <pubPlace>Москва</pubPlace>
                         <publisher>Государственное издательство "Художественная литература"</publisher>
                         <date when="1949"/>
                      </imprint>
                   </monogr>
                   <series>
                      <title level="s">Л.Н. Толстой. Полное собрание сочинений</title>
                      <biblScope unit="vol">60</biblScope>
                   </series>
                </biblStruct>
             </sourceDesc>
          </fileDesc>
          <encodingDesc>
             <tagsDecl> </tagsDecl>
          </encodingDesc>
          <profileDesc>
             <correspDesc>
                <correspAction type="sending">
                   <persName ref="PersonList.xml#L_N_Tolstoy">Л. Н. Толстой</persName>
                   <placeName ref="PlacesListxml#PLACE">Женева.</placeName>
                   <date when="1857-04-06">1857 г. Апреля 6</date>            </correspAction>
                <correspAction type="receiving">
                   <persName ref="PersonList.xml#RECEIVER">Т. А. Ергольской</persName>
                </correspAction>
                <correspContext>
                   <ref type="prev"/>
                </correspContext>
             </correspDesc>
          </profileDesc>
       </teiHeader>
       <xenoData><number type="in a volume">68</number></xenoData>

              <text xml:id="T.A.Ergolskoj_68">
	<body><div>
		<opener index="false">
* 68. Т. А. Ергольской.
1857 г. Апреля 6/18. Женева.
</opener><p rend="left">Hotel des Bergues.</p>

<p rend="Obrashenie left">Chère tante!</p>
<p rend="left">Aujourd’hui j’ai communie ici a Genève et hier j’ai reçu votre lettre adressée à Paris.<note xml:id="note1" resp="volume_editor" index="false"> Письмо Т. А. Ергольской не сохранилось.</note> Je n’ai pas besoin de vous dire combien vos lettres me sont toujours agréables et quel plaisir m’a fait celle-ci, que j’ai reçu le soir que je devais confesser. J’espére, que vous me pardonnez tous mes péchés envers vous. Je sais que j’en ai beaucoup et je prie Dieu à m’aider de ne plus y retomber. Comme je voudrais que Valérie et Vergani me pardonnent aussi et <hi>tout-à-fait</hi> sans y repenser jamais, le chagrin que je leur ais fait <hi>(je vous assure</hi>, <hi>bien involontairement).</hi> Vous dites, chère tante, qu’il y a longtemps que vous avez cessé de me comprendre. — Ce n’est pas ma faute je vous assure, dans cette affaire je me suis compris moi-même que plus tard; mais je vous jure que je vous aime trop, pour jamais vous avoir rien caché et que j’espére pouvoir vivre toujours de manière à ne pas avoir de secret pour vous. — Pour ce qui concerne Valérie, je ne l’ai jamais aimé d’un amour véritable, mais je me suis laissé entrainer au méchant plaisir d’inspirer l’amour ce qui me procurait une jouissance que je n’avais jamais eprouvé. Mais le temps que j’ai passé loin d’elle, m’a prouvé que je ne sentais aucun désir de la revoir non seulement de me marier avecelle. — J’avais peur seulement à l’idée des devoirs que je serais obligé de remplir envers elle sans l’aimer et c’est pour cela, que je me suis decidé à partir plutôt que je ne le pensais. J’ai très mal agis j’en ai demandé pardon à Dieu et j’en demande à tous ceux à qui j’ai fait du chagrin; mais reparer la chose est impossible. Et à présent rien au monde ne pourrait faire que la chose se renouvelle. Je désire beaucoup de bonheur à Olga, je suis enchanté de son mariage, mais je vous avoue, chère <hi style="opdelimiter">tante,</hi><hi style="opnumber">177</hi> <hi style="npnumber">178</hi><hi style="npdelimiter">que</hi> la chose au monde qui me ferait le plus de plaisir ce serait d’aprendre, que Valérie se marie avec un homme qu’elle aime et qui la vaut; parce que quoique je n’ai au fond du coeur pas un petit brin d’amour pour elle, je trouve toujours qu’elle est une très bonne et <hi>honnète</hi> demoiselle. Je vous félicite, chère tante, sur votre communion et sur la fête de Paques. Христос Воскресе! Я прошлого года встретил этот праздник с Толстыми<note xml:id="note2" resp="volume_editor" index="false"> А. А. и Е. А. Толстые.</note> в Петербурге и нынче вечером встречу с ними в Женеве. Они очень добрые и хорошие госпожи, просили меня кланяться — вам. — Ceci est la second lettre que je vous écrit de Genève, je le dis en cas que si l’une se perde vous ne doutiez pas de moi. Le pays est admirable, je me trouve si bien ici, sous tous les rapports, que je ne sais si je ne resterais ici jusqu’au mois de Septembre c. à. d. jusqu’à mon retour en Russie. Я начал здесь лечение серными ванными и чувствую себя прекрасно. — Занимаюсь, читаю, любуюсь природой, наблюдаю здешний свободный и милый народ и надеюсь, что всё это мне долго не наскучит и принесет пользу. Ежели Сережа приехал, поцелуйте его от меня и скажите, чтобы он затравил за меня 2-х лисиц, а осенью я сам затравлю. Вот бы он посмотрел здешнюю жизнь, уже он бы не мог не согласиться, что тут лучше нашего. Ежели Николинька приедет, велите ему, пожалуйста, написать мне хоть строчку. Я ему напишу уже в Тулу, а не на Кавказ, куда письма ходят 2 месяца, а отсюда в Тулу в 2 недели. «<hi>Сильфотоптень сиданси турбильон</hi>»... Это Николай Сергеичу.<note xml:id="note3" resp="volume_editor" index="false"> Н. С. Воейков.</note> Желаю ему всего лучшего, физического и нравственного здоровья и очень рад, что он нашелся, и я его увижу. —</p>
<p rend="left"><choice original_editorial_correction='Нат[алью]'><sic>Нат</sic><corr>Наталью</corr></choice> <choice original_editorial_correction='Петр[овну]'><sic>Петр</sic><corr>Петровну</corr></choice> обнимаю. Ваничка<note xml:id="note4" resp="volume_editor" index="false"> И. С. Тургенев. Охотницкая имела какое-то отношение к <hi style="opdelimiter">Тургеневым,</hi><hi style="opnumber">179</hi> <hi style="npnumber">180</hi><hi style="npdelimiter">чем,</hi> вероятно, объясняется, что после смерти Т. А. Ергольской она жила в богадельне в Спасском Тургенева.</note> ее мне пишет, мы с ним очень сошлись последнее время, и он точно золотой человек. Я воображаю, как Наташа за пасьянсом иногда обсуживает меня и ругает. Наташа! Не суди, да не осужден будеши.</p>
<p rend="left">Adieu, chère tante, je baise vos mains et vous souhaite toutle bonheur que vous désirez et que vous méritez<note xml:id="note5" resp="volume_editor" index="false"> [Прощайте, дорогая тетенька, целую ваши ручки и желаю вам того счастья, которого вы сами себе желаете и которого вы достойны. Гр. Лев Толстой.]</note>.</p>
<p rend="right">C. Léon Tolstoï.</p>
<lb/>
<p rend="left"><hi>На конверте:</hi></p>
<p rend="left"><hi>Russie</hi>. <hi>Par Berlin à Toula. </hi>A Mademoiselle Iergolsky.</p>
<p rend="left">Ее Высокоблагородию Татьяне Александровне <hi>Ергольской.</hi></p>
<p rend="left"><hi>В Тулу.</hi> <hi>В сельцо Ясные Поляны.</hi></p>
<p rend="left emptyline"><hi style="opnumber">178</hi> <hi style="npnumber">179</hi></p>
<p rend="Textpetit_otstup left"><hi>Швейцария. Женева. Гостиница Бергюе.</hi></p>
<p rend="petit right">Женева. 5/17 апреля.</p>
<p rend="Obrashenie petit left">Дорогая тетенька!</p>
<p rend="petit left">Сегодня я причастился здесь, в Женеве, а вчера получил ваше письмо, адресованное в Париж<note xml:id="note6" resp="volume_editor" index="false"> Письмо Т. А. Ергольской не сохранилось.</note>. Вы сами знаете, как я радуюсь всегда вашим письмам, но вчерашнее, полученное мною вечером перед исповедью, было особенно дорого. Надеюсь, что вы простите мне, чем я перед вами грешен. Я знаю, что грехов у меня много, и я молюсь, чтобы бог помог мне не впадать в прежние грехи. Как бы мне хотелось, чтобы Валерия и Вергани простили меня <hi>вполне</hi> и не поминали бы того огорчения, которое я (уверяю вас, невольно) им причинил. Вы говорите, дорогая тетенька, что вы уже давно перестали меня понимать. — Уверяю вас, что это не по моей вине, я сам слишком поздно понял себя и разобрался в этом деле; но клянусь, что при моей любви к вам, от вас я ничего не скрывал; и я надеюсь прожить всю жизнь так, чтобы не пришлось ничего от вас утаивать. — Что же касается Валерии, я никогда не любил ее настоящей любовью, а допустил себя до дурного наслаждения — возбуждать любовь к себе, что доставляло мне удовольствие, никогда ранее не испытанное. Время, проведенное вдали от нее, показало мне, что я не чувствовал ни малейшего желания ее видеть, не говоря уже о том, чтобы жениться на ней. — Я пугался при мысли об обязанностях, которые должен буду взять на себя, не любя ее, и тогда я решил уехать раньше, чем предполагал. Поступил я дурно, каюсь перед богом и прошу всех, кому я этим причинил горе, простить меня; но изменить то, что есть — невозможно. И ничто в мире не заставит меня возобновить то, что было. Желаю счастья Ольге и радуюсь ее свадьбе, но уверяю вас, милая тетенька, что я был бы несказанно больше счастлив, узнав, что Валерия выходит замуж за человека, которого она любит и который ее достоин; и, хотя у меня нет ни тени любви к ней, я знаю, что она хорошая и честная девушка. Поздравляю вас, дорогая тетенька, с принятием св. тайн и с светлым праздником. [<hi>Далее идет русский текст.</hi>]</p>
<p rend="petit left">Пишу вам во второй раз из Женевы и упоминаю об этом на случай, ежели письмо затерялось, чтобы вы не думали, что я не писал. Местность здесь очаровательная, и мне так хорошо живется во всех отношениях, что подумываю, не остаться ли тут до сентября, т. е. до возвращения в Россию. [<hi>Далее см. русский текст письма.</hi>]</p>
<comments><p rend="Textpetit_otstup left">Впервые почти полностью (только в переводе, с датой «17 апреля») напечатано в Бир. XXI, стр. 150. Дата определяется записью в Дневнике под 6/18 апреля и почтовым штемпелем дня отправления: «Genève, 18 avril, 57» [«Женева, 18 апреля, 57»].</p>
<p rend="petit left">На конверте рукой Т. А. Ергольской помечено: «Получила 21 апреля 3-me lettre de Genève» [«3-е письмо из Женевы»].</p>
<p rend="Textpetit_otstup left"><hi>1</hi> Письмо Т. А. Ергольской не сохранилось.</p>
<p rend="petit left"><hi>2</hi> А. А. и Е. А. Толстые.</p>
<p rend="petit left"><hi>3</hi> Н. С. Воейков.</p>
<p rend="petit left"><hi>4</hi> И. С. Тургенев. Охотницкая имела какое-то отношение к <hi style="opdelimiter">Тургеневым,</hi><hi style="opnumber">179</hi> <hi style="npnumber">180</hi><hi style="npdelimiter">чем,</hi> вероятно, объясняется, что после смерти Т. А. Ергольской она жила в богадельне в Спасском Тургенева.</p>
<p rend="petit left"><hi>5</hi> [Прощайте, дорогая тетенька, целую ваши ручки и желаю вам того счастья, которого вы сами себе желаете и которого вы достойны. Гр. Лев Толстой.]</p>
</comments></div></body>
        </text>
        </TEI>