<?xml version='1.0' encoding='UTF-8' standalone='no'?>

<TEI xmlns="http://www.tei-c.org/ns/1.0">
       <teiHeader>
          <fileDesc>
             <titleStmt>
                <title>Письмо №120. Гр. A. A. Толстой.</title>
             </titleStmt>
             <publicationStmt>
                <publisher>TolstoyLab</publisher>
                <date when="2015-09-14">14 September 2015</date>
             </publicationStmt>
             <sourceDesc>
                <biblStruct>
                   <analytic>
                      <author>Толстой Л.Н.</author>
                   </analytic>
                   <monogr>
                      <title level="m">Полное собрание сочинений. Том 60</title>
                      <imprint>
                         <pubPlace>Москва</pubPlace>
                         <publisher>Государственное издательство "Художественная литература"</publisher>
                         <date when="1949"/>
                      </imprint>
                   </monogr>
                   <series>
                      <title level="s">Л.Н. Толстой. Полное собрание сочинений</title>
                      <biblScope unit="vol">60</biblScope>
                   </series>
                </biblStruct>
				<bibl>Впервые опубликовано в ПТ, стр. 113—114, с редакторской датой «[Август 1858 г.]». Ввиду близости содержания к предыдущему письму Б. Н. Чичерину письмо условно датируется 23 августа 1858 <hi style="opdelimiter">г.</hi><hi style="opnumber">274</hi></bibl>
             </sourceDesc>
          </fileDesc>
          <encodingDesc>
             <tagsDecl> </tagsDecl>
          </encodingDesc>
          <profileDesc>
             <correspDesc>
                <correspAction type="sending">
                   <persName ref="PersonList.xml#L_N_Tolstoy">Л. Н. Толстой</persName>
                   <placeName ref="PlacesListxml#PLACE">Я. П.</placeName>
                   <date when="1858-08-23">1858 г. Августа 23?</date>            </correspAction>
                <correspAction type="receiving">
                   <persName ref="PersonList.xml#RECEIVER">Гр. A. A. Толстой</persName>
                </correspAction>
                <correspContext>
                   <ref type="prev"/>
                </correspContext>
             </correspDesc>
          </profileDesc>
       </teiHeader>
       <xenoData><number type="in a volume">120</number></xenoData>

              <text xml:id="gr.A.A.Tolstoj_120">
	<body><div>
		<opener index="false">
120. Гр. A. A. Толстой.
1858 г. Августа 23? Я. П.
</opener>
<p rend="Obrashenie left">Милая бабушка!</p>
<p rend="left">Всё, что я могу сказать в свое оправданье, это то, что я скотина, мерзкая скотина, животное! как говорят у вас при <hi style="opdelimiter">дворе.</hi><hi style="opnumber">273</hi></p>
<p rend="left"><hi style="npnumber">274</hi><hi style="npdelimiter">Правда,</hi> что целое лето я с утра до вечера пахал, сеял, косил и т. д., но это не резон, чтобы не писать, кому же? бабушке, за строчку которой я готов отдать все убранные моими трудами скирды и т. п. Как это случилось? Бог знает. Нет, без шуток, я стал грубое животное в это лето: я ел, спал, работал; но думать, любоваться чужой душой, презирать себя, желать чего-то я совсем было разучился. Теперь с осенью это возвращается. Впрочем, напрасно я прикидываюсь таким развязным; в душе я очень, очень боюсь, не рассердил ли я вас своим молчанием, еще хуже не сделал ли, может, вы и не заметили его. Это письмо я пишу робким шопотом: «Бабушка! а, бабушка!» И что как у вас продолжает быть строгое лицо? Про себя говорить не достоин, про вас не смею, — буду писать про ваших, про которых еще не писал вам.<note xml:id="note1" resp="volume_editor" index="false"> Числа 18 или 19 мая (как пишет А. А. Толстая в письме от 9 мая Толстому), по пути в Лубянки, должна была заехать в Ясную Поляну на несколько часов мать А. А. Толстой «со всей своей многочисленной свитой», т. е. с двумя дочерьми, сыном (Ильей Андреевичем) и его дочерью Пашей.</note> Я чуть было не уехал с ними, и потом как мне часто хотелось в их Горелки.<note xml:id="note2" resp="volume_editor" index="false"> Горелки — имение Толстых.</note> Как-то так славно пахнет от них толстовско-барыковско-твердо-родственным,<note xml:id="note3" resp="volume_editor" index="false"> Мать А. А. Толстой, Прасковья Васильевна Толстая, была рожд. Барыкова.</note> приятным духом. Теперь сестра Маша живет у меня, и она и тетинька льстят себя надеждой скоро насладиться этим запахом. Но опять я резвлюсь, а в душе трушу, и не могу усвоить себе ровного тона. Бабушка! только напишите одно слово: прощаю; тогда я совсем поправлюсь. Тетинька и сестра очень, очень вам кланяются... а я нерешительно выставляю руку; но так мало, что ежели ваша не двинется, я краснею и притворяюсь, что хотел отогнать муху. — Читали ли вы и Труба вообще (видите — труба Т большое) переписку Станкевича? Ежели нет, ради Бога прочтите. Никогда никакая книга не производила на меня такого впечатления. Никогда никого я так не любил, как этого человека, которого никогда не видал. Что за чистота, что за нежность! что за любовь, которыми он весь проникнут, и такой человек мучался всю жизнь и умер в мученьях; а мы с Вавилом<note xml:id="note4" resp="volume_editor" index="false"> Судя по письму А. А. Толстой от 30 марта 1858 г., «m-me Vavila» — какая-то знакомая Толстых. См. ПТ, стр. 96.</note> пользуемся прекрасным здоровьем и очень довольны собой. После этого и рассуждай, что хорошо, что дурно. Ах, бабушка, плохо жить на свете, когда убедился, что одна возможность счастия есть добро, а добрым быть нет силы. Бедный Кутлер,<note xml:id="note5" resp="volume_editor" index="false"> Федор Федорович Кутлер (1828—1858) — бывший офицер Куринского полка на Кавказе, а затем офицер того же полка под Севастополем. Толстой был с ним близок и изобразил его в «Хаджи-Мурате» под именем Бутлера. Его портрет имеется в ГТМ.</note> тоже какой бы мог быть прекрасный человек.<note xml:id="note6" resp="volume_editor" index="false"> Письмо, очевидно, не кончено. Конец его утрачен.</note></p>
<comments><p rend="Textpetit_otstup left">Впервые опубликовано в ПТ, стр. 113—114, с редакторской датой «[Август 1858 г.]». Ввиду близости содержания к предыдущему письму Б. Н. Чичерину письмо условно датируется 23 августа 1858 <hi style="opdelimiter">г.</hi><hi style="opnumber">274</hi></p>
<p rend="Textpetit_otstup left"><hi>1</hi> Числа 18 или 19 мая (как пишет А. А. Толстая в письме от 9 мая Толстому), по пути в Лубянки, должна была заехать в Ясную Поляну на несколько часов мать А. А. Толстой «со всей своей многочисленной свитой», т. е. с двумя дочерьми, сыном (Ильей Андреевичем) и его дочерью Пашей.</p>
<p rend="petit left"><hi>2</hi> Горелки — имение Толстых.</p>
<p rend="petit left"><hi>3</hi> Мать А. А. Толстой, Прасковья Васильевна Толстая, была рожд. Барыкова.</p>
<p rend="petit left"><hi>4</hi> Судя по письму А. А. Толстой от 30 марта 1858 г., «m-me Vavila» — какая-то знакомая Толстых. См. ПТ, стр. 96.</p>
<p rend="petit left"><hi>5</hi> Федор Федорович Кутлер (1828—1858) — бывший офицер Куринского полка на Кавказе, а затем офицер того же полка под Севастополем. Толстой был с ним близок и изобразил его в «Хаджи-Мурате» под именем Бутлера. Его портрет имеется в ГТМ.</p>
<p rend="petit left"><hi>6</hi> Письмо, очевидно, не кончено. Конец его утрачен.</p>
</comments></div></body>
        </text>
        </TEI>