<?xml version='1.0' encoding='UTF-8' standalone='no'?>

<TEI xmlns="http://www.tei-c.org/ns/1.0">
       <teiHeader>
          <fileDesc>
             <titleStmt>
                <title>Письмо №* 178. Е. П. Ковалевскому.</title>
             </titleStmt>
             <publicationStmt>
                <publisher>TolstoyLab</publisher>
                <date when="2015-09-14">14 September 2015</date>
             </publicationStmt>
             <sourceDesc>
                <biblStruct>
                   <analytic>
                      <author>Толстой Л.Н.</author>
                   </analytic>
                   <monogr>
                      <title level="m">Полное собрание сочинений. Том 60</title>
                      <imprint>
                         <pubPlace>Москва</pubPlace>
                         <publisher>Государственное издательство "Художественная литература"</publisher>
                         <date when="1949"/>
                      </imprint>
                   </monogr>
                   <series>
                      <title level="s">Л.Н. Толстой. Полное собрание сочинений</title>
                      <biblScope unit="vol">60</biblScope>
                   </series>
                </biblStruct>
				<bibl>Печатается по автографу, хранящемуся в Центральном архиве. Год определяется содержанием. На первой странице письма чернилами наверху рукой Ковалевского написано: «Отвечать, что согласен на то, чтобы книги были доставлены по моему адресу». Внизу второй страницы под подписью Толстого карандашом написано: «Лев Николаевич».</bibl>
             </sourceDesc>
          </fileDesc>
          <encodingDesc>
             <tagsDecl> </tagsDecl>
          </encodingDesc>
          <profileDesc>
             <correspDesc>
                <correspAction type="sending">
                   <persName ref="PersonList.xml#L_N_Tolstoy">Л. Н. Толстой</persName>
                   <placeName ref="PlacesListxml#PLACE">Киссинген.</placeName>
                   <date when="1860-08-13">1860 г. Августа 13</date>            </correspAction>
                <correspAction type="receiving">
                   <persName ref="PersonList.xml#RECEIVER">Е. П. Ковалевскому</persName>
                </correspAction>
                <correspContext>
                   <ref type="prev"/>
                </correspContext>
             </correspDesc>
          </profileDesc>
       </teiHeader>
       <xenoData><number type="in a volume">178</number></xenoData>

              <text xml:id="Evgr.P.Kovalevskomu_178">
	<body><div>
		<opener index="false">
* 178. Е. П. Ковалевскому.
1860 г. Августа 13/25. Киссинген.
</opener>
<p rend="Obrashenie left">Милостивейший Государь </p>
<p rend="Obrashenie__ left">Евграф Петрович!</p>
<p rend="left">Для педагогического труда, которым я занят, кроме матерьялов, собранных мною в Европе, мне необходимы были: программы, педагогические издания и руководства Северо-Американских Штатов. Некто M-r Hardenbergh обещал мне, через Американское правительство, выслать все эти матерьялы в Россию. Я позволил себе дать ему Ваш адрес. Расчитывая на пользу самого дела и на Ваше доброе расположение ко мне, я надеюсь, что Вы простите мне эту вольность и будете так добры приказать уведомить меня (poste restante) во <choice original_editorial_correction='Франкфурте-н[а]-М[айне'><sic>Франкфурте-н-М[айне</sic><corr>Франкфурте-на-Майне</corr></choice>], могу ли я ожидать получения этих книг через министерство, или должен написать о перемене <hi style="opdelimiter">адреса.</hi><hi style="opnumber">348</hi></p>
<p rend="left"><hi style="npnumber">349</hi><hi style="npdelimiter">Во</hi> всяком случае, осенью проездом через Петербург, я позволю себе явиться к Вам, и просить Ваших советов и помощи в некоторых педагогических предприятиях.</p>
<p rend="left">С истинно глубоким уважением имею честь быть, </p>
<p rend="right rightindent1">Милостивейший Государь, </p>
<p rend="right rightindent">Ваш покорнейший слуга </p>
<p rend="right">Граф Л. Н. Толстой.</p>
<p rend="left">13/25 августа.</p>
<p rend="left">Киссинген.</p>
<comments><p rend="Textpetit_otstup left">Печатается по автографу, хранящемуся в Центральном архиве. Год определяется содержанием. На первой странице письма чернилами наверху рукой Ковалевского написано: «Отвечать, что согласен на то, чтобы книги были доставлены по моему адресу». Внизу второй страницы под подписью Толстого карандашом написано: «Лев Николаевич».</p>
<p rend="petit left">Евграф Петрович Ковалевский (1790—1886) — министр народного просвещения в 1858—1861 гг., брат Егора Петровича (см. п. № 26), по образованию горный инженер. В последние годы своей жизни Ковалевский был членом Государственного совета и президентом Вольного экономического общества.</p>
<p rend="petit left">Е. П. Ковалевский отвечал Толстому следующим письмом из Петербурга от 26 августа 1860 г.:</p>
<p rend="petit left">«Милостивый государь, граф Лев Николаевич. Спешу уверить Ваше С-во, что я не только не встречаю никакого препятствия, чтобы выписанные Вами из Северо-Американских Соединенных Штатов педагогические издания и другие материалы для предпринятого Вами педагогического труда, были высланы в С.-Петербург на мое имя, но мне особенно приятно оказать Вам при этом случае содействие в нашем общем благом деле. Посылка, по получении, будет храниться у меня в М-ве до личного с Вами свидания, которого ожидаю с удовольствием.</p>
<p rend="petit left">Примите, Милостивый Государь, уверение в истинном моем почтении и преданности. Е. Ковалевский».</p>
</comments></div></body>
        </text>
        </TEI>