<?xml version='1.0' encoding='UTF-8' standalone='no'?>

<TEI xmlns="http://www.tei-c.org/ns/1.0">
       <teiHeader>
          <fileDesc>
             <titleStmt>
                <title>Письмо №186. Д. А. Дьякову.</title>
             </titleStmt>
             <publicationStmt>
                <publisher>TolstoyLab</publisher>
                <date when="2015-09-14">14 September 2015</date>
             </publicationStmt>
             <sourceDesc>
                <biblStruct>
                   <analytic>
                      <author>Толстой Л.Н.</author>
                   </analytic>
                   <monogr>
                      <title level="m">Полное собрание сочинений. Том 60</title>
                      <imprint>
                         <pubPlace>Москва</pubPlace>
                         <publisher>Государственное издательство "Художественная литература"</publisher>
                         <date when="1949"/>
                      </imprint>
                   </monogr>
                   <series>
                      <title level="s">Л.Н. Толстой. Полное собрание сочинений</title>
                      <biblScope unit="vol">60</biblScope>
                   </series>
                </biblStruct>
				<bibl>Впервые опубликовано (факсимиле) в Б. I, 1, стр. 377. Датируется содержанием и почтовыми штемпелями: «Hyères 25 Nov. 1860; Hyères 26 Nov. 1860; Paris 27 Nov. 1860» [«Гиер 25 ноября; 26 ноября; Париж 27 ноября 1860»].</bibl>
             </sourceDesc>
          </fileDesc>
          <encodingDesc>
             <tagsDecl> </tagsDecl>
          </encodingDesc>
          <profileDesc>
             <correspDesc>
                <correspAction type="sending">
                   <persName ref="PersonList.xml#L_N_Tolstoy">Л. Н. Толстой</persName>
                   <placeName ref="PlacesListxml#PLACE">Гиер.</placeName>
                   <date when="1860-11-13">1860 г. Ноябрь 13</date>            </correspAction>
                <correspAction type="receiving">
                   <persName ref="PersonList.xml#RECEIVER">Д. А. Дьякову</persName>
                </correspAction>
                <correspContext>
                   <ref type="prev"/>
                </correspContext>
             </correspDesc>
          </profileDesc>
       </teiHeader>
       <xenoData><number type="in a volume">186</number></xenoData>

              <text xml:id="D.A.Dyakovu_186">
	<body><div>
		<opener index="false">
186. Д. А. Дьякову.
1860 г. Ноябрь 13/25? Гиер.</opener>
<p rend="left">Благодарствуй за каталог и за письмо,<note xml:id="note1" resp="volume_editor" index="false"> Письмо Д. А. Дьякова не сохранилось.</note> любезный друг. Всё прекрасно. Список журналов я сам составлю.<note xml:id="note2" resp="volume_editor" index="false"> Вероятно, список педагогических журналов.</note> Душевно радуемся мы с сестрой, что жену твою мучали не напрасно. Бог даст, я увижу ее здоровой, а то уж это слишком бы было скверно.<note xml:id="note3" resp="volume_editor" index="false"> Дарье Александровне Дьяковой в Париже делали операцию.</note> Я всё подумываю о поездке в Париж и Лондон, но кашель не проходит и задерживает меня. Машенька тебе очень кланяется, здоровье ее, кажется, получше, но едва ли она приедет в Париж. Чего ты, может быть, не знаешь и что мне хочется сказать тебе, это что [ты] — отличный человек и что ты только послушался своего сердца — приехал к нам, а ничего бы нельзя было выдумать для нас лучше. Я по Машеньке вижу и по себе чувствую, как ты — и никто бы другой не мог этого сделать — поднял нас. — Прощай, душа моя, всегда мысленно обнимаю тебя. —</p>
<p rend="right">Л. Толстой.</p>
<p rend="left">Ты любишь шляться. Зайди-ка когда нибудь в гутаперчевый магазин и узнай, что будут стоить гутаперчевые буквы на заказ. Ты знаешь, я говорил с тобой про них. Вот такой величины.<note xml:id="note4" resp="volume_editor" index="false"> Буквы азбуки для обучения грамоте.</note></p>
<div rend="image"><figure><graphic url="./img/b00003828.png"/></figure></div><lb/>
<p rend="left">Дарье Александровне от души жму руку и желаю <hi style="opdelimiter">поправляться.</hi><hi style="opnumber">360</hi></p>
<lb/>
<p rend="left"><hi style="npnumber">361</hi><hi style="npdelimiter"><hi>На</hi></hi> <hi>четвертой странице:</hi></p>
<p rend="left">Monsieur Dmitri Diakoff. Paris, 50. Rue neuve St. Augustine.<note xml:id="note5" resp="volume_editor" index="false"> [Господину Дмитрию Дьякову. Париж, 50. Новая улица св. Августина.]</note></p>
<comments><p rend="Textpetit_otstup left">Впервые опубликовано (факсимиле) в Б. I, 1, стр. 377. Датируется содержанием и почтовыми штемпелями: «Hyères 25 Nov. 1860; Hyères 26 Nov. 1860; Paris 27 Nov. 1860» [«Гиер 25 ноября; 26 ноября; Париж 27 ноября 1860»].</p>
<p rend="Textpetit_otstup left">Дмитрий Алексеевич Дьяков (1823—1891). Был женат первым браком на Дарье Александровне Тулубьевой (1830—1867).</p>
<p rend="petit left">Дьяков был приятелем Толстого с молодых лет. В примечании, при исправлении корректур своей биографии, составлявшейся Бирюковым, Толстой написал о дружбе Николеньки Иртеньева с Нехлюдовым: «Материал для этого описания дружбы дала мне позднейшая дружба с Дьяковым в первый год моего студенчества в Казани» (П. И. Бирюков, «Биография Л. Н. Толстого», т. I, Гиз, 1923, стр. 45). Кроме этого, Дьяков отчасти изображен в «Юности» в лице Дубкова. Дружба Толстого с Дьяковым не прерывалась до смерти Дьякова, несмотря на разницу их убеждений. В 1860-х гг., после женитьбы Льва Николаевича, Толстые и Дьяковы часто виделись друг с другом. См. о нем Илья Толстой, «Мои воспоминания», М. 1914, гл. V).</p>
<p rend="Textpetit_otstup left"><hi>1</hi> Письмо Д. А. Дьякова не сохранилось.</p>
<p rend="petit left"><hi>2</hi> Вероятно, список педагогических журналов.</p>
<p rend="petit left"><hi>3</hi> Дарье Александровне Дьяковой в Париже делали операцию.</p>
<p rend="petit left"><hi>4</hi> Буквы азбуки для обучения грамоте.</p>
<p rend="petit left"><hi>5</hi> [Господину Дмитрию Дьякову. Париж, 50. Новая улица св. Августина.]</p>
</comments></div></body>
        </text>
        </TEI>