<?xml version='1.0' encoding='UTF-8' standalone='no'?>

<TEI xmlns="http://www.tei-c.org/ns/1.0">
       <teiHeader>
          <fileDesc>
             <titleStmt>
                <title>Письмо №* 246. Гр. С. Н. Толстому.</title>
             </titleStmt>
             <publicationStmt>
                <publisher>TolstoyLab</publisher>
                <date when="2015-09-14">14 September 2015</date>
             </publicationStmt>
             <sourceDesc>
                <biblStruct>
                   <analytic>
                      <author>Толстой Л.Н.</author>
                   </analytic>
                   <monogr>
                      <title level="m">Полное собрание сочинений. Том 60</title>
                      <imprint>
                         <pubPlace>Москва</pubPlace>
                         <publisher>Государственное издательство "Художественная литература"</publisher>
                         <date when="1949"/>
                      </imprint>
                   </monogr>
                   <series>
                      <title level="s">Л.Н. Толстой. Полное собрание сочинений</title>
                      <biblScope unit="vol">60</biblScope>
                   </series>
                </biblStruct>
             </sourceDesc>
          </fileDesc>
          <encodingDesc>
             <tagsDecl> </tagsDecl>
          </encodingDesc>
          <profileDesc>
             <correspDesc>
                <correspAction type="sending">
                   <persName ref="PersonList.xml#L_N_Tolstoy">Л. Н. Толстой</persName>
                   <placeName ref="PlacesListxml#PLACE">Я. П.</placeName>
                   <date when="1862-08-06">1862 г. Августа 6.</date>            </correspAction>
                <correspAction type="receiving">
                   <persName ref="PersonList.xml#RECEIVER">Гр. С. Н. Толстому</persName>
                </correspAction>
                <correspContext>
                   <ref type="prev"/>
                </correspContext>
             </correspDesc>
          </profileDesc>
       </teiHeader>
       <xenoData><number type="in a volume">246</number></xenoData>

              <text xml:id="gr.S.N.Tolstomu_246">
	<body><div>
		<opener index="false">
* 246. Гр. С. Н. Толстому.
1862 г. Августа 6. Я. П.</opener>
<p rend="left">Я приехал недели две после твоего отъезда.<note xml:id="note1" resp="volume_editor" index="false"> С. Н. Толстой уехал за границу в Бе (Вех, Швейцария).</note> Маша же выехала из Вех в тот самый день, как ты выехал из Тулы. Она пробудет здесь до 17 <choice original_editorial_correction='Авг[уста]'><sic>Авг</sic><corr>Августа</corr></choice>. Кумыс чудес не делает, <hi style="opdelimiter">как</hi><hi style="opnumber">431</hi> <hi style="npnumber">432</hi><hi style="npdelimiter">и</hi> всякое лечение, но кашель мой прошел. Главное событие, случившееся у нас во время твоего отсутствия, это посещение <choice original_editorial_correction='Ясн[ой]'><sic>Ясн</sic><corr>Ясной</corr></choice> <choice original_editorial_correction='Пол[яны]'><sic>Пол</sic><corr>Поляны</corr></choice> жандармами. Это было без меня при Маше. Нарочно присланный из Петербурга <choice original_editorial_correction='Полковн[ик]'><sic>Полковн</sic><corr>Полковник</corr></choice> <choice original_editorial_correction='Жандарм[ский]'><sic>Жандарм</sic><corr>Жандармский</corr></choice> Дурново с исправником, Становым и каким то частным Приставом подкатили с колоколами на 3-х тройках. Все студенты были в Ясной: их арестовали во флигеле и стали <choice><reg>обыскивать</reg><orig>объискивать</orig></choice>, потом пошли в мой кабинет, где жила Маша, перерыли там всё, лазили в фотографию, в судно, в подвал, поднимали камни, ездили в Крыльцово и в Колпну, ездили в Никольское, всё перерыли и, разумеется, ничего не нашли. Искали, главное, типографию, в <choice original_editorial_correction='котор[ой]'><sic>котор</sic><corr>которой</corr></choice> я должен печатать воззвание. Должно быть какой нибудь Михаловский<note xml:id="note2" resp="volume_editor" index="false"> Валерьян Ильич Михаловский — помещик Крапивенского уезда. Его фамилия стоит первой под жалобой на Толстого крапивенских дворян, поданной уездному предводителю дворянства в августе 1861 г. Михаловский был выбран крапивенским дворянством в мировые посредники 4-го участка, но вместо него в посредники тульским губернатором был назначен Толстой. <ref target="file:///Volume_60_V.I.Mixalovskomu_216.xml">См. письмо к нему № 216</ref>.</note> так удружил мне доносом. Я еще ничего не предпринял по этому случаю, но намерен написать письмо Государю. — Студенты, Машинька и тетинька перепугались страшно и прятали разные письма, <choice original_editorial_correction='котор[ые]'><sic>котор</sic><corr>которые</corr></choice> не нужно было и нечего было прятать. — Жандарм объявил, что ничего не нашел подозрительного; но ежели можно нагрянуть в дом, то завтра можно нагрянуть и сковать меня и тетиньку без всякой причины. Когда я узнал про всё это по письму в Москве, мне это было только смешно, как и тебе, может быть, покажется, но чем дольше проходит времени, тем больше это злит и мучает. — Остальное у нас всё по старому — тетинька, студенты, коростовое хозяйство и т. д. Школы не начинались. Журнал отстал на 2 месяца почти, но идет и подписка и хорошее о нем мнение. У тебя, сколько я могу судить по письму Мещерского<note xml:id="note3" resp="volume_editor" index="false"> Мещерский — управляющий имением С. Н. Толстого.</note> и словам Михея,<note xml:id="note4" resp="volume_editor" index="false"> Михей — староста имения С. Н. Толстого.</note> всё идет — т. е. ничего особенно, <choice original_editorial_correction='след[овательно]'><sic>след</sic><corr>следовательно</corr></choice> дурного не случилось.</p>
<p rend="left">Машинька на мой взгляд действительно переменилась много к лучшему, стала спокойнее, проще, доверчивее. Нынче был управляющий, молодой немец, который мне очень понравился, я попросил его подождать тебя две недели, как ты хочешь приехать. Мне однако, по правде сказать, не хотелось бы, чтобы ты приезжал так скоро. Мне всё кажется, что тебе бы хорошо было пожить подольше вне милого отечества, <choice original_editorial_correction='кот[орое]'><sic>кот</sic><corr>которое</corr></choice> на тебя нехорошо действует. В Туле у тебя ничего особенного нет, по слухам, я сам не был, Петерсон<note xml:id="note5" resp="volume_editor" index="false"> Н. П. Петерсон.</note> ездит. Машенька без меня была у Маши<note xml:id="note6" resp="volume_editor" index="false"> Мария Михайловна Шишкина, жена С. Н. Толстого.</note> и привозила c собой Гришу,<note xml:id="note7" resp="volume_editor" index="false"> Григорий Сергеевич Толстой.</note> от него все наши пришли в радость, а <choice original_editorial_correction='Наталь[я]'><sic>Наталь</sic><corr>Наталья</corr></choice> <choice original_editorial_correction='Петр[овна]'><sic>Петр</sic><corr>Петровна</corr></choice><note xml:id="note8" resp="volume_editor" index="false"> Н. П. Охотницкая.</note> внушила ему, чтобы он целовал ручки и чувствовал. — Видел я в <hi style="opdelimiter">Казани</hi><hi style="opnumber">432</hi> <hi style="npnumber">433</hi><hi style="npdelimiter"><choice original_editorial_correction='Влад[имира]'><sic>Влад</sic><corr>Владимира</corr></choice></hi> <choice original_editorial_correction='Ив[ановича]'><sic>Ив</sic><corr>Ивановича</corr></choice><hi>9 </hi>— точно такой же, как был. Ну да об этом всё расскажу на словах. Деньги посылаются с сею же почтою 500 р. Ежели прошла неделя 6 дней с получения твоего письма, то право нельзя было иначе. От Михея только 300 р., остальные Машенькины. Михей еще не получал за землю. — Прощай, Машинька и тетинька тебя целуют. Письма и ведомость Мещерского посылаю, Михей приедет завтра, и я велю ему написать.</p>
<p rend="right">Л. Толстой.</p>
<p rend="left">6 Августа.</p>
<comments><p rend="Textpetit_otstup left"><hi>1 </hi> С. Н. Толстой уехал за границу в Бе (Вех, Швейцария).</p>
<p rend="petit left"><hi>2</hi> Валерьян Ильич Михаловский — помещик Крапивенского уезда. Его фамилия стоит первой под жалобой на Толстого крапивенских дворян, поданной уездному предводителю дворянства в августе 1861 г. Михаловский был выбран крапивенским дворянством в мировые посредники 4-го участка, но вместо него в посредники тульским губернатором был назначен Толстой. <ref target="file:///Volume_60_V.I.Mixalovskomu_216.xml">См. письмо к нему № 216</ref>.</p>
<p rend="petit left"><hi>3</hi> Мещерский — управляющий имением С. Н. Толстого.</p>
<p rend="petit left"><hi>4</hi> Михей — староста имения С. Н. Толстого.</p>
<p rend="petit left"><hi>5</hi> Н. П. Петерсон.</p>
<p rend="petit left"><hi>6</hi> Мария Михайловна Шишкина, жена С. Н. Толстого.</p>
<p rend="petit left"><hi>7</hi> Григорий Сергеевич Толстой.</p>
<p rend="petit left"><hi>8</hi> Н. П. Охотницкая.</p>
<p rend="petit left"><hi>9</hi> В. И. Юшков.</p>
</comments></div></body>
        </text>
        </TEI>