<?xml version='1.0' encoding='UTF-8' standalone='no'?>

<TEI xmlns="http://www.tei-c.org/ns/1.0">
       <teiHeader>
          <fileDesc>
             <titleStmt>
                <title>Письмо №* 139. И. П. Борисову.</title>
             </titleStmt>
             <publicationStmt>
                <publisher>TolstoyLab</publisher>
                <date when="2015-09-14">14 September 2015</date>
             </publicationStmt>
             <sourceDesc>
                <biblStruct>
                   <analytic>
                      <author>Толстой Л.Н.</author>
                   </analytic>
                   <monogr>
                      <title level="m">Полное собрание сочинений. Том 61</title>
                      <imprint>
                         <pubPlace>Москва</pubPlace>
                         <publisher>Государственное издательство "Художественная литература"</publisher>
                         <date when="1953"/>
                      </imprint>
                   </monogr>
                   <series>
                      <title level="s">Л.Н. Толстой. Полное собрание сочинений</title>
                      <biblScope unit="vol">61</biblScope>
                   </series>
                </biblStruct>
             </sourceDesc>
          </fileDesc>
          <encodingDesc>
             <tagsDecl> </tagsDecl>
          </encodingDesc>
          <profileDesc>
             <correspDesc>
                <correspAction type="sending">
                   <persName ref="PersonList.xml#L_N_Tolstoy">Л. Н. Толстой</persName>
                   <placeName ref="PlacesListxml#PLACE">Никольское-Вяземское.</placeName>
                   <date when="1865-09-19">1865 г. Сентября 19.</date>            </correspAction>
                <correspAction type="receiving">
                   <persName ref="PersonList.xml#RECEIVER">И. П. Борисову</persName>
                </correspAction>
                <correspContext>
                   <ref type="prev"/>
                </correspContext>
             </correspDesc>
          </profileDesc>
       </teiHeader>
       <xenoData><number type="in a volume">139</number></xenoData>

              <text xml:id="I__P__Borisovu_139">
	<body><div>
		<opener index="false">
* 139. И. П. Борисову.
1865 г. Сентября 19...20. Никольское-Вяземское.</opener>
<p rend="left">Очень вам благодарен, любезный Иван Петрович, за присылку лошади и за репки и груши. Я нынче накормил уже сырцом собак, а во вторник поеду к Дьякову и всю неделю там пробуду.<note xml:id="note1" resp="volume_editor" index="false"> Толстой уехал к Д. А. Дьякову в Черемошню 21 сентября, вернулся в Ясную Поляну 26 сентября.</note> Туда мне и дайте знать, ежели я вам еще не наскучил, когда и что вы предпринимаете. Кстати теперь и сухо; не скучно дома сидеть. —</p>
<p rend="Obrashenie">До свиданья,</p>
<p rend="right">ваш Л. Толстой.</p>
<p rend="left">Сеялки моей, разумеется, еще нет, потому что сказано к 25-му по новому. А завтра за ней посылаю.<note xml:id="note2" resp="volume_editor" index="false"> <ref target="file:///Volume_61_A__A__Fetu_144.xml">См. письмо № 144</ref>.</note></p>
<lb/>
<p rend="left"><hi>На четвертой странице:</hi></p>
<p rend="left">Е. В. Ивану Петровичу Борисову.</p>
<comments><p rend="Textpetit_otstup left">Датируется по записи в Дневнике от 19 сентября 1865 г.: «От Борисова получил Фетову лошадь» (т. 48, стр. 62).</p>
<p rend="Textpetit_otstup left"><hi>1</hi> Толстой уехал к Д. А. Дьякову в Черемошню 21 сентября, вернулся в Ясную Поляну 26 сентября.</p>
<p rend="petit left"><hi>2</hi> <ref target="file:///Volume_61_A__A__Fetu_144.xml">См. письмо № 144</ref>.</p>
<p rend="left"><hi style="opnumber">105</hi> <hi style="npnumber">106</hi></p>
</comments></div></body>
        </text>
        </TEI>