<?xml version='1.0' encoding='UTF-8' standalone='no'?>

<TEI xmlns="http://www.tei-c.org/ns/1.0">
       <teiHeader>
          <fileDesc>
             <titleStmt>
                <title>Письмо №* 235. A. A. Фету.</title>
             </titleStmt>
             <publicationStmt>
                <publisher>TolstoyLab</publisher>
                <date when="2015-09-14">14 September 2015</date>
             </publicationStmt>
             <sourceDesc>
                <biblStruct>
                   <analytic>
                      <author>Толстой Л.Н.</author>
                   </analytic>
                   <monogr>
                      <title level="m">Полное собрание сочинений. Том 61</title>
                      <imprint>
                         <pubPlace>Москва</pubPlace>
                         <publisher>Государственное издательство "Художественная литература"</publisher>
                         <date when="1953"/>
                      </imprint>
                   </monogr>
                   <series>
                      <title level="s">Л.Н. Толстой. Полное собрание сочинений</title>
                      <biblScope unit="vol">61</biblScope>
                   </series>
                </biblStruct>
             </sourceDesc>
          </fileDesc>
          <encodingDesc>
             <tagsDecl> </tagsDecl>
          </encodingDesc>
          <profileDesc>
             <correspDesc>
                <correspAction type="sending">
                   <persName ref="PersonList.xml#L_N_Tolstoy">Л. Н. Толстой</persName>
                   <placeName ref="PlacesListxml#PLACE">Я. П. (?)</placeName>
                   <date when="1867-11-06">1867 г. Ноября 6.</date>            </correspAction>
                <correspAction type="receiving">
                   <persName ref="PersonList.xml#RECEIVER">A. A. Фету</persName>
                </correspAction>
                <correspContext>
                   <ref type="prev"/>
                </correspContext>
             </correspDesc>
          </profileDesc>
       </teiHeader>
       <xenoData><number type="in a volume">235</number></xenoData>

              <text xml:id="A__A__Fetu_235">
	<body><div>
		<opener index="false">
* 235. A. A. Фету.
1867 г. Ноября 6...10. Я. П. (?)</opener>
<p rend="left">Je vous prends au mot.<note xml:id="note1" resp="volume_editor" index="false"> [Ловлю вас на слове.]</note> Дорога правильно ходит с 1-го ноября. Ждем вас с нетерпением и радостью к себе.</p>
<p rend="right">Толстой.</p>
<comments><p rend="Textpetit_otstup left">Датируется предположительно открытием регулярного железнодорожного сообщения между Тулой и Москвой, которое началось 5 ноября 1867 г.</p>
<p rend="Textpetit_otstup left"><hi>1</hi> [Ловлю вас на слове.]</p>
</comments></div></body>
        </text>
        </TEI>