<?xml version='1.0' encoding='UTF-8' standalone='no'?>

<TEI xmlns="http://www.tei-c.org/ns/1.0">
       <teiHeader>
          <fileDesc>
             <titleStmt>
                <title>Письмо №301. В Тульское губернское по крестьянским делам присутствие.</title>
             </titleStmt>
             <publicationStmt>
                <publisher>TolstoyLab</publisher>
                <date when="2015-09-14">14 September 2015</date>
             </publicationStmt>
             <sourceDesc>
                <biblStruct>
                   <analytic>
                      <author>Толстой Л.Н.</author>
                   </analytic>
                   <monogr>
                      <title level="m">Полное собрание сочинений. Том 60</title>
                      <imprint>
                         <pubPlace>Москва</pubPlace>
                         <publisher>Государственное издательство "Художественная литература"</publisher>
                         <date when="1949"/>
                      </imprint>
                   </monogr>
                   <series>
                      <title level="s">Л.Н. Толстой. Полное собрание сочинений</title>
                      <biblScope unit="vol">60</biblScope>
                   </series>
                </biblStruct>
				<bibl>Печатается по тексту, впервые опубликованному в новом сборнике писем Л. Н. Толстого, изд. «Окто», М. 1912, стр. 5—6.</bibl>
             </sourceDesc>
          </fileDesc>
          <encodingDesc>
             <tagsDecl> </tagsDecl>
          </encodingDesc>
          <profileDesc>
             <correspDesc>
                <correspAction type="sending">
                   <persName ref="PersonList.xml#L_N_Tolstoy">Л. Н. Толстой</persName>
                   <placeName ref="PlacesListxml#PLACE">Я. П.</placeName>
                   <date when="1861-12-30">1861 г. Декабря 30.</date>            </correspAction>
                <correspAction type="receiving">
                   <persName ref="PersonList.xml#RECEIVER">В Тульское губернское по крестьянским делам присутствие</persName>
                </correspAction>
                <correspContext>
                   <ref type="prev"/>
                </correspContext>
             </correspDesc>
          </profileDesc>
       </teiHeader>
       <xenoData><number type="in a volume">301</number></xenoData>

              <text xml:id="VTulskoegubernskoepokrestyanskimdelamprisutstvie_301">
	<body><div>
		<opener index="false">
301. В Тульское губернское по крестьянским делам присутствие.
1861 г. Декабря 30. Я. П.</opener>
<p rend="right">1861 г. Декабря 30.</p>
<p rend="left">На предъявленное мне отношение Губернского Присутствия от 10 октября, за № 1801, имею честь объяснить, что увольнительные акты мною выданы дворовым людям с. Никольского не в зимнее время, но еще в июле месяце, — но за отсутствием подписи свидетелей возвращены мне. Вторично посланы <choice><reg>тридцатого</reg><orig>тридцатаго</orig></choice> августа, но почему не переданы дворовым людям, мне неизвестно. Что же касается до мнимого оставления мною без крова и средств к жизни дворовых людей, то хотя сведение это и несправедливо, я имею честь уведомить, что не считаю нужным давать в отношении помещения дворовых людей никакого обязательства, предоставляя это дело, как зависящее от частной благотворительности и потому не подлежащее суждению мировых учреждений, — своему личному усмотрению. Вместе с тем покорно прошу губернское присутствие принять необходимые меры для выдачи увольнительных актов, ибо ежели в продолжение трех месяцев увольнительные акты могли быть <hi style="opdelimiter">не</hi><hi style="opnumber">504</hi> <hi style="npnumber">505</hi><hi style="npdelimiter">выданы</hi> дворовым людям, нет причины предполагать, чтобы выдача эта не оттянулась и до будущей зимы.</p>
<p rend="right">Гр. Л. Толстой.</p>
<comments><p rend="Textpetit_otstup left">Печатается по тексту, впервые опубликованному в новом сборнике писем Л. Н. Толстого, изд. «Окто», М. 1912, стр. 5—6.</p>
</comments></div></body>
        </text>
        </TEI>