<?xml version='1.0' encoding='UTF-8' standalone='no'?>

<TEI xmlns="http://www.tei-c.org/ns/1.0">
       <teiHeader>
          <fileDesc>
             <titleStmt>
                <title>Письмо №* 215. Т. А. Ергольской.</title>
             </titleStmt>
             <publicationStmt>
                <publisher>TolstoyLab</publisher>
                <date when="2015-09-14">14 September 2015</date>
             </publicationStmt>
             <sourceDesc>
                <biblStruct>
                   <analytic>
                      <author>Толстой Л.Н.</author>
                   </analytic>
                   <monogr>
                      <title level="m">Полное собрание сочинений. Том 60</title>
                      <imprint>
                         <pubPlace>Москва</pubPlace>
                         <publisher>Государственное издательство "Художественная литература"</publisher>
                         <date when="1949"/>
                      </imprint>
                   </monogr>
                   <series>
                      <title level="s">Л.Н. Толстой. Полное собрание сочинений</title>
                      <biblScope unit="vol">60</biblScope>
                   </series>
                </biblStruct>
             </sourceDesc>
          </fileDesc>
          <encodingDesc>
             <tagsDecl> </tagsDecl>
          </encodingDesc>
          <profileDesc>
             <correspDesc>
                <correspAction type="sending">
                   <persName ref="PersonList.xml#L_N_Tolstoy">Л. Н. Толстой</persName>
                   <placeName ref="PlacesListxml#PLACE">Я. П.</placeName>
                   <date when="1861-06">1861 г. Июнь</date>            </correspAction>
                <correspAction type="receiving">
                   <persName ref="PersonList.xml#RECEIVER">Т. А. Ергольской</persName>
                </correspAction>
                <correspContext>
                   <ref type="prev"/>
                </correspContext>
             </correspDesc>
          </profileDesc>
       </teiHeader>
       <xenoData><number type="in a volume">215</number></xenoData>

              <text xml:id="T.A.Ergolskoj_215">
	<body><div>
		<opener index="false">
* 215. Т. А. Ергольской.
1861 г. Июнь. Я. П.
</opener>
<p rend="Obrashenie left">Chère tante!</p>
<p rend="left">Я ошибся, вложив в письмо 37 рублей, нужно только 30, и адрес я надписал Михаилу &lt;Александ&gt; <hi>Николаевичу</hi>, а нужно <hi>Александровичу</hi>.<note xml:id="note1" resp="volume_editor" index="false"> Кто такой «Михаил Александрович», не установлено.</note> Выньте пожалуйста 7 рублей и велите переписать адрес. А еще пришлите мне письма и газеты, которые привезут из Тулы. Je vous baise les mains.<note xml:id="note2" resp="volume_editor" index="false"> [Целую ваши ручки.]</note></p>
<p rend="right">Л. Толстой.</p>
<comments><p rend="Textpetit_otstup left">Дата определяется предположительно по счету, сделанному на обороте письма рукой Ергольской с датой: «1 июля 1861 г.».</p>
<p rend="Textpetit_otstup left"><hi>1</hi> Кто такой «Михаил Александрович», не установлено.</p>
<p rend="petit left"><hi>2</hi> [Целую ваши ручки.]</p>
</comments></div></body>
        </text>
        </TEI>