<?xml version='1.0' encoding='UTF-8' standalone='no'?>

<TEI xmlns="http://www.tei-c.org/ns/1.0">
       <teiHeader>
          <fileDesc>
             <titleStmt>
                <title>Письмо №69. H. A. Некрасову (неотправленное).</title>
             </titleStmt>
             <publicationStmt>
                <publisher>TolstoyLab</publisher>
                <date when="2015-09-14">14 September 2015</date>
             </publicationStmt>
             <sourceDesc>
                <biblStruct>
                   <analytic>
                      <author>Толстой Л.Н.</author>
                   </analytic>
                   <monogr>
                      <title level="m">Полное собрание сочинений. Том 59</title>
                      <imprint>
                         <pubPlace>Москва</pubPlace>
                         <publisher>Государственное издательство "Художественная литература"</publisher>
                         <date when="1935"/>
                      </imprint>
                   </monogr>
                   <series>
                      <title level="s">Л.Н. Толстой. Полное собрание сочинений</title>
                      <biblScope unit="vol">59</biblScope>
                   </series>
                </biblStruct>
				<bibl>Печатается по автографу, хранящемуся в АТБ. Впервые напечатано М. А. Цявловским в жур. «Печать и революция» М. 1928, кн. 6, стр. 91—92.</bibl>
             </sourceDesc>
          </fileDesc>
          <encodingDesc>
             <tagsDecl> </tagsDecl>
          </encodingDesc>
          <profileDesc>
             <correspDesc>
                <correspAction type="unsent">
                   <persName ref="PersonList.xml#L_N_Tolstoy">Л. Н. Толстой</persName>
                   <placeName ref="PlacesListxml#PLACE">Станица Старогладковская.</placeName>
                   <date when="1852-11-18">1852 г. Ноября 18.</date>            </correspAction>
                <correspAction type="receiving">
                   <persName ref="PersonList.xml#RECEIVER">H. A. Некрасову (неотправленное)</persName>
                </correspAction>
                <correspContext>
                   <ref type="prev"/>
                </correspContext>
             </correspDesc>
          </profileDesc>
       </teiHeader>
       <xenoData><number type="in a volume">69</number></xenoData>

              <text xml:id="N.A.Nekrasovu_69">
	<body><div>
		<opener index="false">
69. H. A. Некрасову (неотправленное).
1852 г. Ноября 18. Станица Старогладковская.
</opener><p rend="right">1852.</p>

<p rend="Obrashenie left">Милостивый Государь!</p>
<p rend="left"><choice><reg>С</reg><orig>Съ</orig></choice> <choice><reg>крайним</reg><orig>крайнимъ</orig></choice> <choice><reg>неудовольствием</reg><orig>неудовольствiемъ</orig></choice> <choice><reg>прочел</reg><orig>прочелъ</orig></choice> я <choice><reg>в</reg><orig>въ</orig></choice> IX № «Современника» <hi><choice><reg>повњст</reg><orig>повњстъ</orig></choice></hi> <choice><reg>под</reg><orig>подъ</orig></choice> <choice><reg>заглавием</reg><orig>заглавiемъ</orig></choice> <hi><choice><reg>История</reg><orig>Исторiя</orig></choice> моего дњтства</hi> и <choice><reg>узнал</reg><orig>узналъ</orig></choice> <choice><reg>в</reg><orig>въ</orig></choice> ней <hi><choice><reg>роман</reg><orig>романъ</orig></choice> Дњтство</hi>, который я <choice><reg>послал</reg><orig>послалъ</orig></choice> <choice><reg>вам</reg><orig>вамъ</orig></choice>.<note xml:id="note1" resp="volume_editor" index="false">Толстой недоволен подзаголовком «Повесть», который был дан в журнале, но, не говоря уже о том, что «повестью» называет <hi style="opdelimiter">«Детство»</hi><hi style="opnumber">212</hi> <hi style="npnumber">213</hi><hi style="npdelimiter">сам</hi> Толстой в дневнике и письмах, названия «роман» нет и в издании 1856 г.</note> <choice><reg>Первым</reg><orig>Первымъ</orig></choice> <choice><reg>условием</reg><orig>условiемъ</orig></choice> <choice><reg>к</reg><orig>къ</orig></choice> <choice><reg>напечатанию</reg><orig>напечатанiю</orig></choice> <choice><reg>поставлял</reg><orig>поставлялъ</orig></choice> я, чтобы вы <hi>прежде оцњнили рукопись и выслали мнњ то, что она <choice><reg>стоит</reg><orig>стоитъ</orig></choice></hi>, <hi>по вашему <choice><reg>мнњнию</reg><orig>мнњнiю</orig></choice>.</hi> Это <choice><reg>условие</reg><orig>условiе</orig></choice> неисполнено. <choice><reg>Вторым</reg><orig>Вторымъ</orig></choice> <choice><reg>условием</reg><orig>условiемъ</orig></choice> — чтобы ничего не <choice><reg>изменять</reg><orig>измѣнять</orig></choice> <choice><reg>в</reg><orig>въ</orig></choice> ней. Это <choice><reg>условие</reg><orig>условiе</orig></choice> исполнено еще <choice><reg>менее</reg><orig>менѣе</orig></choice>, вы <choice><reg>изменили</reg><orig>измѣнили</orig></choice> все, начиная <choice><reg>с</reg><orig>съ</orig></choice> <choice><reg>заглавия</reg><orig>заглавiя</orig></choice>. <choice><reg>Прочитав</reg><orig>Прочитавъ</orig></choice> <choice><reg>с</reg><orig>съ</orig></choice> <choice><reg>самым</reg><orig>самымъ</orig></choice> <choice><reg>грустным</reg><orig>грустнымъ</orig></choice> <choice><reg>чувством</reg><orig>чувствомъ</orig></choice> эту жалкую изуродованную <choice><reg>повесть</reg><orig>повѣсть</orig></choice>, я старался открыть причины, <choice><reg>побудившия</reg><orig>побудившiя</orig></choice> <choice><reg>редакцию</reg><orig>редакцiю</orig></choice> <choice><reg>так</reg><orig>такъ</orig></choice> безжалостно поступить <choice><reg>с</reg><orig>съ</orig></choice> ней. Или <choice><reg>редакция</reg><orig>редакцiя</orig></choice> положила <choice><reg>себе</reg><orig>себѣ</orig></choice> задачею <choice><reg>как</reg><orig>какъ</orig></choice> можно хуже изуродовать <choice><reg>этот</reg><orig>этотъ</orig></choice> <choice><reg>роман</reg><orig>романъ</orig></choice>, или <choice><reg>бесконтрольно</reg><orig>безконтрольно</orig></choice> поручила корректуру его совершенно неграмотному Сотруднику. — <choice><reg>Заглавие</reg><orig>Заглавiе</orig></choice> <hi>Дњтство</hi> и <choice><reg>несколько</reg><orig>нѣсколько</orig></choice> <choice><reg>слов</reg><orig>словъ</orig></choice> <choice><reg>предисловия</reg><orig>предисловiя</orig></choice> объясняли мысль <choice><reg>сочинения</reg><orig>сочиненiя</orig></choice>; <choice><reg>заглавие же</reg><orig>заглавiе-же</orig></choice> <hi><choice><reg>История</reg><orig>Исторiя</orig></choice> моего дњтства</hi> <choice><reg>противоречит</reg><orig>противорѣчитъ</orig></choice> <choice><reg>с</reg><orig>съ</orig></choice> мыслью <choice><reg>сочинения</reg><orig>сочиненiя</orig></choice>. Кому какое <choice><reg>дело</reg><orig>дѣло</orig></choice> до <choice><reg>истории</reg><orig>исторiи</orig></choice> <hi>моего</hi> <choice><reg>детства</reg><orig>дѣтства</orig></choice>...<hi>2 </hi><hi><choice><reg>Портрет</reg><orig>Портретъ</orig></choice> моей маменьки</hi> <choice><reg>вместо</reg><orig>вмѣсто</orig></choice> <hi>образка моего ангела</hi> на 1-ой <choice><reg>странице</reg><orig>страницѣ</orig></choice> такая <choice><reg>перемена</reg><orig>перемѣна</orig></choice>, которая <choice><reg>заставит</reg><orig>заставитъ</orig></choice> всякого <choice><reg>порядочного</reg><orig>порядочнаго</orig></choice> читателя бросить книгу не читая <choice><reg>далее</reg><orig>далѣе</orig></choice>.<note xml:id="note2" resp="volume_editor" index="false">В действительно глупой замене «образка моего ангела» «портретом моей маменьки» Некрасов был неповинен: эта замена была сделана по требованию цензуры.</note> Перечесть <choice><reg>всех</reg><orig>всѣхъ</orig></choice> <choice><reg>перемен</reg><orig>перемѣнъ</orig></choice> такого рода <choice><reg>нет</reg><orig>нѣтъ</orig></choice> возможности и надобности; но не говоря о <choice><reg>бесчисленных</reg><orig>безчисленныхъ</orig></choice> <choice><reg>обрезках</reg><orig>обрѣзках</orig></choice> <choice><reg>фраз</reg><orig>фразъ</orig></choice> <choice><reg>без</reg><orig>безъ</orig></choice> <choice><reg>малейшего</reg><orig>малѣйшаго</orig></choice> смысла, <choice><reg>опечатках</reg><orig>опечаткахъ</orig></choice>, неправильно <choice><reg>переставленных</reg><orig>переставленныхъ</orig></choice> <choice><reg>знаках</reg><orig>знакахъ</orig></choice> <choice><reg>препинания</reg><orig>препинанiя</orig></choice>, дурной <choice><reg>орфографии</reg><orig>орфографiи</orig></choice>, <choice><reg>неудачных</reg><orig>неудачныхъ</orig></choice> <choice><reg>перемен</reg><orig>перемѣнъ</orig></choice> <choice><reg>слов</reg><orig>словъ</orig></choice> <hi>дышать</hi>, <choice><reg>вместо</reg><orig>вмѣсто</orig></choice> <hi><choice><reg>двошат</reg><orig>двошатъ</orig></choice></hi> (о <choice><reg>собаках</reg><orig>собакахъ</orig></choice>),<note xml:id="note3" resp="volume_editor" index="false">В XIV главе (в четвертом абзаце) в «Современнике» напечатано «Несколько борзых собак — одни тяжело дышали лежа на солнце...» Толстой указывает, что у него в рукописи было «не дышали», а «двошали», но «дышали» стоит и в издании 1856 г.: очевидно Толстой сам отказался от провинциализма «двошали».</note> <hi><choice><reg>в</reg><orig>въ</orig></choice> <choice><reg>слезах</reg><orig>слезахъ</orig></choice> <choice><reg>пал</reg><orig>палъ</orig></choice> на землю</hi>, <choice><reg>вместо</reg><orig>вмѣсто</orig></choice> <hi>повалился</hi> (<choice><reg>падает</reg><orig>падаетъ</orig></choice> скотина),<note xml:id="note4" resp="volume_editor" index="false">Слова «в слезах пал на землю» находятся в XII главе (в третьем от конца абзаце). В издании 1856 г. стоит, как и требовал Толстой, «повалился».</note> <choice><reg>доказывающих</reg><orig>доказывающихъ</orig></choice> <choice><reg>незнание</reg><orig>незнанiе</orig></choice> языка, <choice><reg>замечу</reg><orig>замѣчу</orig></choice> одну непостижимую для меня <choice><reg>перемену</reg><orig>перемѣну</orig></choice>. Для чего выпущена вся <choice><reg>история</reg><orig>исторiя</orig></choice> любви <hi>Натальи Савишны</hi>, <choice><reg>история</reg><orig>исторiя</orig></choice>, обрисовывавшая ее, <choice><reg>быт</reg><orig>бытъ</orig></choice> <choice><reg>старого</reg><orig>стараго</orig></choice> времени и придававшая важность и <choice><reg>человечность</reg><orig>человѣчность</orig></choice> этому лицу. <hi>Она даже подавила любовь <choice><reg>к</reg><orig>къ</orig></choice> <choice><reg>официянту</reg><orig>офицiянту</orig></choice> Фокњ.</hi> <choice><reg>Вот</reg><orig>Вотъ</orig></choice> <choice><reg>бессмысленная</reg><orig>безсмысленная</orig></choice> фраза, <choice><reg>заменяющая</reg><orig>замѣняющая</orig></choice> это место.<note xml:id="note5" resp="volume_editor" index="false">Возможно, что замена в главе XIII второй половины первого абзаца фразой «она даже подавила в сердце своем любовь к молодому официанту Фоке», вызвана цензурными требованиями.</note> Слово delire <choice><reg>в</reg><orig>въ</orig></choice> <choice><reg>записке</reg><orig>запискѣ</orig></choice> Мими переведено <hi>горячность</hi>.<note xml:id="note6" resp="volume_editor" index="false">Замечание Толстого, что слово delire в записке Мими переведено «горячность», указывает на то, что в посланной Толстым рукописи текст записки Мими был на французском языке. Некрасов же дал только русский перевод. Только русский текст дан в издании 1856 г., но здесь стоит «в бреду», как и требовал Толстой.</note> <hi>Чугунная доска,</hi> <choice><reg>в</reg><orig>въ</orig></choice> которую <choice><reg>бьет</reg><orig>бьетъ</orig></choice> <hi style="opdelimiter">караульщик,</hi><hi style="opnumber">211</hi> <hi style="npnumber">212</hi><hi style="npdelimiter"><choice><reg>заменена</reg><orig>замѣнена</orig></choice></hi> <hi>мњдной.</hi> Непостижимо.<note xml:id="note7" resp="volume_editor" index="false">«Чугунной» доске (глава XII, пятый абзац) вместо «медной» не повезло. «Медная» осталась в издании 1856 г. (и во всех последующих), и только в настоящем издании мы внесли эту конъектуру на основании печатаемого письма Толстого. См. 1 том, стр. 34.</note> — Скажу только, что, читая свое <choice><reg>произведение</reg><orig>произведенiе</orig></choice> <choice><reg>в</reg><orig>въ</orig></choice> печати, я <choice><reg>испытал</reg><orig>испыталъ</orig></choice> то <choice><reg>неприятное</reg><orig>непрiятное</orig></choice> чувство, которое <choice><reg>испытывает</reg><orig>испытываетъ</orig></choice> <choice><reg>отец</reg><orig>отецъ</orig></choice> при <choice><reg>виде</reg><orig>видѣ</orig></choice> своего <choice><reg>любимого</reg><orig>любимаго</orig></choice> сына, уродливо и неровно <choice><reg>обстриженного</reg><orig>обстриженнаго</orig></choice> <choice><reg>самоучкой-парикмахером</reg><orig>самоучкой-парикмахеромъ</orig></choice>. «Откуда взялись эти <choice><reg>плешины</reg><orig>плѣшины</orig></choice>, вихры, когда прежде <choice><reg>он</reg><orig>онъ</orig></choice> <choice><reg>был</reg><orig>былъ</orig></choice> <choice><reg>хорошенький</reg><orig>хорошенькiй</orig></choice> <choice><reg>мальчик</reg><orig>мальчикъ</orig></choice>». Но мое дитя и было не очень красиво, а его еще окорнали и изуродовали. — Я <choice><reg>утешаюсь</reg><orig>утѣшаюсь</orig></choice> только <choice><reg>тем</reg><orig>тѣмъ</orig></choice>, что <choice><reg>имею</reg><orig>имѣю</orig></choice> возможность напечатать <choice><reg>с</reg><orig>съ</orig></choice> своею <choice><reg>фамилиею</reg><orig>фамилiею</orig></choice> весь <choice><reg>роман</reg><orig>романъ</orig></choice> <choice><reg>отдельно</reg><orig>отдѣльно</orig></choice> и совершенно отказаться от <choice><reg>повести</reg><orig>повѣсти</orig></choice> <hi><choice><reg>История</reg><orig>Исторiя</orig></choice> моего дњтства</hi>, которая по справедливости <choice><reg>принадлежит</reg><orig>принадлежитъ</orig></choice> не <choice><reg>мне</reg><orig>мнѣ</orig></choice>, a <choice><reg>неизвестному</reg><orig>неизвѣстному</orig></choice> сотруднику вашей <choice><reg>редакции</reg><orig>редакцiи</orig></choice>.</p>
<p rend="left"><choice><reg>Имею</reg><orig>Имѣю</orig></choice> честь быть, Милостивый Государь, <choice><reg>Ваш</reg><orig>Вашъ</orig></choice> <choice><reg>покорнейший</reg><orig>покорнѣйшiй</orig></choice> слуга Л. Н.</p>
<comments><p rend="Textpetit_otstup left">Печатается по автографу, хранящемуся в АТБ. Впервые напечатано М. А. Цявловским в жур. «Печать и революция» М. 1928, кн. 6, стр. 91—92.</p>
<p rend="petit left">Не получив своевременно «Современник» с «Детством» (см. п. Н. А. Некрасова от 30 октября 1852 г. в прим. к п. № 66), Толстой прочел его лишь в конце октября. В дневнике под 31 октября записано: «Прочел свою повесть, изуродованную до крайности». Под 8 ноября: «Написал письмо редактору, которое успокоило меня, но которое не пошло». Эта редакция не сохранилась. Под 17 ноября снова: «Еще раз писал письма Дьякову и Редактору, которые опять не пошлю. Редактору слишком жестко».</p>
<p rend="petit left">Так как это письмо не было послано Некрасову, мы к сожалению, не имеем ответа последнего на ряд обвинений, предъявленных ему начинающим автором. Не дошла до нас и та рукопись «Детства», которая была послана Толстым, и по которой, вероятно, повесть и набиралась для «Современника». Отсутствие рукописи не позволяет нам судить, насколько был искажен в журнале текст, присланный Толстым. По его словам в тексте «Современника» оказались «бесчисленные обрезки фраз, без малейшего смысла, опечатки, неправильно переставленные знаки препинания, дурная орфография, неудачные перемены слов». Через четыре года (в первых числах октября 1856 г.) вышла в свет книга «Детство и отрочество» Толстого, изданная самим автором. Сличив текст «Детства» в этом издании с текстом «Современника», мы должны признать отзыв Толстого о журнальном тексте слишком суровым. Так, например, «бесчисленных обрезок фраз без малейшего смысла» в «Современнике» текст издания 1856 г. не вскрывает, не так уже много в «Современнике» и опечаток. Разночтения текста издания 1856 г. с текстом «Современника» даны нами в 1 томе.</p>
<p rend="Textpetit_otstup left"><hi>1 </hi>Толстой недоволен подзаголовком «Повесть», который был дан в журнале, но, не говоря уже о том, что «повестью» называет <hi style="opdelimiter">«Детство»</hi><hi style="opnumber">212</hi> <hi style="npnumber">213</hi><hi style="npdelimiter">сам</hi> Толстой в дневнике и письмах, названия «роман» нет и в издании 1856 г.</p>
<p rend="petit left"><hi>2 </hi>Непонятно, о каком «Предисловии» говорит здесь Толстой: имеет ли он в виду какое-то свое предисловие, не напечатанное Некрасовым и до нас не дошедшее, или говорит о том, что редактор мог бы сам прибавить предисловие к присланному тексту. Возможно, что Толстой имеет в виду обращение «К читателям», сохранившееся в АТБ в черновой редакции (см. I т. стр. 207—209). Если это обращение было в рукописи «Детства», посланной Толстым Некрасову (она не сохранилась), то оно было в сильно сокращенном виде, так как о тексте обращения черновой редакции никак нельзя сказать, что в нем «несколько слов». Так же неясен и вопрос о самом заглавии. Несмотря на то, что Толстой определенно был против заглавия «История моего детства», это заглавие имеется и в издании 1856 г., на шмуц-титуле, после заглавного, и на первой странице текста, и сделано это, надо думать, с согласия самого Толстого, так как Д. Я. Колбасин, ведавший издание 1856 г., в письме от 20 августа спрашивал у Толстого, какое печатать заглавие.</p>
<p rend="petit left"><hi>3 </hi>В действительно глупой замене «образка моего ангела» «портретом моей маменьки» Некрасов был неповинен: эта замена была сделана по требованию цензуры.</p>
<p rend="petit left"><hi>4 </hi>В XIV главе (в четвертом абзаце) в «Современнике» напечатано «Несколько борзых собак — одни тяжело дышали лежа на солнце...» Толстой указывает, что у него в рукописи было «не дышали», а «двошали», но «дышали» стоит и в издании 1856 г.: очевидно Толстой сам отказался от провинциализма «двошали».</p>
<p rend="petit left"><hi>5 </hi>Слова «в слезах пал на землю» находятся в XII главе (в третьем от конца абзаце). В издании 1856 г. стоит, как и требовал Толстой, «повалился».</p>
<p rend="petit left"><hi>6 </hi>Возможно, что замена в главе XIII второй половины первого абзаца фразой «она даже подавила в сердце своем любовь к молодому официанту Фоке», вызвана цензурными требованиями.</p>
<p rend="petit left"><hi>7 </hi>Замечание Толстого, что слово delire в записке Мими переведено «горячность», указывает на то, что в посланной Толстым рукописи текст записки Мими был на французском языке. Некрасов же дал только русский перевод. Только русский текст дан в издании 1856 г., но здесь стоит «в бреду», как и требовал Толстой.</p>
<p rend="petit left"><hi>8 </hi>«Чугунной» доске (глава XII, пятый абзац) вместо «медной» не повезло. «Медная» осталась в издании 1856 г. (и во всех последующих), и только в настоящем издании мы внесли эту конъектуру на основании печатаемого письма Толстого. См. 1 том, стр. 34.</p>
</comments></div></body>
        </text>
        </TEI>