<?xml version='1.0' encoding='UTF-8' standalone='no'?>

<TEI xmlns="http://www.tei-c.org/ns/1.0">
       <teiHeader>
          <fileDesc>
             <titleStmt>
                <title>Письмо №307. А. А. Фету.</title>
             </titleStmt>
             <publicationStmt>
                <publisher>TolstoyLab</publisher>
                <date when="2015-09-14">14 September 2015</date>
             </publicationStmt>
             <sourceDesc>
                <biblStruct>
                   <analytic>
                      <author>Толстой Л.Н.</author>
                   </analytic>
                   <monogr>
                      <title level="m">Полное собрание сочинений. Том 61</title>
                      <imprint>
                         <pubPlace>Москва</pubPlace>
                         <publisher>Государственное издательство "Художественная литература"</publisher>
                         <date when="1953"/>
                      </imprint>
                   </monogr>
                   <series>
                      <title level="s">Л.Н. Толстой. Полное собрание сочинений</title>
                      <biblScope unit="vol">61</biblScope>
                   </series>
                </biblStruct>
				<bibl>Впервые опубликовано, с пропуском отдельных слов, в «Русском обозрении», 1890, 7, стр. 13—14. Год определяется упоминанием о стихотворении Фета «Майская ночь», написанном в 1870 г.</bibl>
             </sourceDesc>
          </fileDesc>
          <encodingDesc>
             <tagsDecl> </tagsDecl>
          </encodingDesc>
          <profileDesc>
             <correspDesc>
                <correspAction type="sending">
                   <persName ref="PersonList.xml#L_N_Tolstoy">Л. Н. Толстой</persName>
                   <placeName ref="PlacesListxml#PLACE">Я. П.</placeName>
                   <date when="1870-05-11">1870 г. Мая 11.</date>            </correspAction>
                <correspAction type="receiving">
                   <persName ref="PersonList.xml#RECEIVER">А. А. Фету</persName>
                </correspAction>
                <correspContext>
                   <ref type="prev"/>
                </correspContext>
             </correspDesc>
          </profileDesc>
       </teiHeader>
       <xenoData><number type="in a volume">307</number></xenoData>

              <text xml:id="A__A__Fetu_307">
	<body><div>
		<opener index="false">
307. А. А. Фету.
1870 г. Мая 11. Я. П.</opener>
<p rend="left">Я получил ваше письмо,<note xml:id="note1" resp="volume_editor" index="false"> Письмо Фета неизвестно.</note> любезный друг Афанасий Афанасьич, возвращаясь потный с работы с топором и заступом, следовательно, за 1000 верст от всего искусственного, и в особенности от нашего дела. Развернув письмо, я — первое — прочел стихотворение, и у меня защипало в носу: я пришел к жене и хотел прочесть; но не мог от слез умиления. Стихотворение одно из тех редких, в <choice original_editorial_correction='кот[орых]'><sic>кот</sic><corr>которых</corr></choice> ни слова прибавить, убавить или изменить нельзя; оно живое <hi>само</hi> и прелестно. Оно так хорошо, что, мне кажется, это не случайное стихотворение, а что это первая струя давно задержанного потока.<note xml:id="note2" resp="volume_editor" index="false"> Стихотворение «Майская ночь». См. А. А. Фет, «Полное собрание стихотворений», изд. «Советский писатель», М. 1937 («Библиотека поэта», под ред. М. Горького), стр. 63.</note> Грустно подумать, что после того впечатления, <choice original_editorial_correction='кот[орое]'><sic>кот</sic><corr>которое</corr></choice> произвело на меня это <choice original_editorial_correction='ст[ихотворение]'><sic>ст</sic><corr>стихотворение</corr></choice>, оно будет напечатано на бумаге в каком-нибудь Вестнике, и его будут судить Сухотины и скажут: «А Фет все-таки мило пишет».</p>
<p rend="left">«Ты нежная», да и всё прелестно. Я не знаю у вас лучшего. Прелестно всё.</p>
<p rend="left">С этой почтой пишу <choice original_editorial_correction='Ив[ану]'><sic>Ив</sic><corr>Ивану</corr></choice> <choice original_editorial_correction='Ив[ановичу]'><sic>Ив</sic><corr>Ивановичу</corr></choice><note xml:id="note3" resp="volume_editor" index="false"> Письмо неизвестно.</note> в Никольское, чтобы он посылал за кобылой, и радуюсь и благодарю вас и Петра Афанасьича.<note xml:id="note4" resp="volume_editor" index="false"> Петр Афанасьевич Шеншин, брат А. А. Фета.</note> О цене все-таки вы напишите. Я только что отслужил неделю присяжным, и было очень, очень для меня интересно и поучительно.<note xml:id="note5" resp="volume_editor" index="false"> Толстой «отслужил неделю присяжным» в селе Сергиевском Крапивенского уезда (ныне город Плавск Тульской обл.), где с 1 по 8 мая была выездная сессия Тульского окружного суда с участием присяжных заседателей. См. «Тульские губернские ведомости», 1870, № 15-16 от 11 апреля.</note></p>
<p rend="left">15 мая я еду в Харьков,<note xml:id="note6" resp="volume_editor" index="false">Никаких сведений об этой поездке нет. Очевидно, она не состоялась.</note> а после устрою так, чтобы побывать у вас. Не оставляйте давать о себе знать. Передайте, пожалуйста, наши поклоны с женой Марье <hi style="opdelimiter">Петровне.</hi><hi style="opnumber">235</hi></p>
<p rend="left"><hi style="npnumber">236</hi><hi style="npdelimiter">Желаю</hi> вам только посещения музы. Вы спрашиваете моего мнения о стихотворении; но ведь я знаю то счастье, <choice original_editorial_correction='кот[орое]'><sic>кот</sic><corr>которое</corr></choice> оно вам дало сознанием того, что оно прекрасно, и что оно вылезло-таки из вас, что оно — вы.</p>
<p rend="left">Прощайте до свиданья.</p>
<p rend="right">Ваш Л. Толстой.</p>
<p rend="left">11 мая.</p>
<comments><p rend="Textpetit_otstup left">Впервые опубликовано, с пропуском отдельных слов, в «Русском обозрении», 1890, 7, стр. 13—14. Год определяется упоминанием о стихотворении Фета «Майская ночь», написанном в 1870 г.</p>
<p rend="Textpetit_otstup left"><hi>1</hi> Письмо Фета неизвестно.</p>
<p rend="petit left"><hi>2</hi> Стихотворение «Майская ночь». См. А. А. Фет, «Полное собрание стихотворений», изд. «Советский писатель», М. 1937 («Библиотека поэта», под ред. М. Горького), стр. 63.</p>
<p rend="petit left"><hi>3</hi> Письмо неизвестно.</p>
<p rend="petit left"><hi>4</hi> Петр Афанасьевич Шеншин, брат А. А. Фета.</p>
<p rend="petit left"><hi>5</hi> Толстой «отслужил неделю присяжным» в селе Сергиевском Крапивенского уезда (ныне город Плавск Тульской обл.), где с 1 по 8 мая была выездная сессия Тульского окружного суда с участием присяжных заседателей. См. «Тульские губернские ведомости», 1870, № 15-16 от 11 апреля.</p>
<p rend="petit left"><hi>6</hi>Никаких сведений об этой поездке нет. Очевидно, она не состоялась.</p>
</comments></div></body>
        </text>
        </TEI>