<?xml version='1.0' encoding='UTF-8' standalone='no'?>

<TEI xmlns="http://www.tei-c.org/ns/1.0">
       <teiHeader>
          <fileDesc>
             <titleStmt>
                <title>Письмо №* 429. Ф. В. Чижову.</title>
             </titleStmt>
             <publicationStmt>
                <publisher>TolstoyLab</publisher>
                <date when="2015-09-14">14 September 2015</date>
             </publicationStmt>
             <sourceDesc>
                <biblStruct>
                   <analytic>
                      <author>Толстой Л.Н.</author>
                   </analytic>
                   <monogr>
                      <title level="m">Полное собрание сочинений. Том 61</title>
                      <imprint>
                         <pubPlace>Москва</pubPlace>
                         <publisher>Государственное издательство "Художественная литература"</publisher>
                         <date when="1953"/>
                      </imprint>
                   </monogr>
                   <series>
                      <title level="s">Л.Н. Толстой. Полное собрание сочинений</title>
                      <biblScope unit="vol">61</biblScope>
                   </series>
                </biblStruct>
             </sourceDesc>
          </fileDesc>
          <encodingDesc>
             <tagsDecl> </tagsDecl>
          </encodingDesc>
          <profileDesc>
             <correspDesc>
                <correspAction type="sending">
                   <persName ref="PersonList.xml#L_N_Tolstoy">Л. Н. Толстой</persName>
                   <placeName ref="PlacesListxml#PLACE">Тула.</placeName>
                   <date when="1873-05-24">1873 г.? Мая 24.</date>            </correspAction>
                <correspAction type="receiving">
                   <persName ref="PersonList.xml#RECEIVER">Ф. В. Чижову</persName>
                </correspAction>
                <correspContext>
                   <ref type="prev"/>
                </correspContext>
             </correspDesc>
          </profileDesc>
       </teiHeader>
       <xenoData><number type="in a volume">429</number></xenoData>

              <text xml:id="F__V__CHizhovu_429">
	<body><div>
		<opener index="false">
* 429. Ф. В. Чижову.
1873 г.? Мая 24. Тула.</opener>
<p rend="right">Тула.</p>
<p rend="Obrashenie_">Милостивый государь</p>
<p rend="Obrashenie1_">Федор Васильевич!</p>
<p rend="left">Господа Личфорд и Смит — англичане, служащие на Московско-Курской железной дороге, изобрели новое устройство топки каменным тульским углем, при котором выгадывается от 25 до 30 сравнительно с топкой дровами. Дело это очень важное и для дороги и для всего края сбережением лесов. Я знаю это дело и знаю обоих господ за очень дельных и хороших людей. Они подали еще в сентябре прошение о выдаче им патента и разумеется, ничего не получили. На Московско-Курской дороге ходят уже 3 месяца несколько паровозов их устройства, подтверждая то, что выгода сравнительно с дровами такова, как они заявляют. Они предлагают правлению <choice original_editorial_correction='Моск[овско]-Курск[ой'><sic>Моск-Курск[ой</sic><corr>Московско-Курской</corr></choice>] дороги, как служащие на ней, бесплатную переделку паровозов по новой системе, надеясь в вознаграждение получить некоторую известность и помощь на получение патента для переделки паровозов на других <hi style="opdelimiter">дорогах.</hi><hi style="opnumber">351</hi></p>
<p rend="left"><hi style="npnumber">352</hi><hi style="npdelimiter">Передавая</hi> вам их предложение и просьбу, я пользуюсь случаем возобновить вам уверение в искренней преданности и глубоком уважении.</p>
<p rend="subtitle centerline">
Ваш покорный слуга
</p>
<p rend="left">24 мая. гр.</p>
<p rend="right">Лев Толстой.</p>
<comments><p rend="Textpetit_otstup left">Год определяется предположительно на том основании, что в 1873 г. Ф. В. Чижов вместе с другими капиталистами приобрел Московско-Курскую ж. д.</p>
<p rend="petit left">Федор Васильевич Чижов (1811—1877) — крупный предприниматель и финансист, активный участник строительства железных дорог. Автор ряда статей по истории искусства и литературы, публицист славянофильского направления. Перу Чижова принадлежат ценные воспоминания о Гоголе.</p>
</comments></div></body>
        </text>
        </TEI>