<?xml version='1.0' encoding='UTF-8' standalone='no'?>

<TEI xmlns="http://www.tei-c.org/ns/1.0">
       <teiHeader>
          <fileDesc>
             <titleStmt>
                <title>Письмо №175. А. А. Фету.</title>
             </titleStmt>
             <publicationStmt>
                <publisher>TolstoyLab</publisher>
                <date when="2015-09-14">14 September 2015</date>
             </publicationStmt>
             <sourceDesc>
                <biblStruct>
                   <analytic>
                      <author>Толстой Л.Н.</author>
                   </analytic>
                   <monogr>
                      <title level="m">Полное собрание сочинений. Том 60</title>
                      <imprint>
                         <pubPlace>Москва</pubPlace>
                         <publisher>Государственное издательство "Художественная литература"</publisher>
                         <date when="1949"/>
                      </imprint>
                   </monogr>
                   <series>
                      <title level="s">Л.Н. Толстой. Полное собрание сочинений</title>
                      <biblScope unit="vol">60</biblScope>
                   </series>
                </biblStruct>
				<bibl>Впервые опубликовано А. А. Фетом в «Русском обозрении», 1890, I, стр. 34, а затем им же в «Моих воспоминаниях», I, стр. 331 (без приписки о Сердобинской). Год определяется содержанием.</bibl>
             </sourceDesc>
          </fileDesc>
          <encodingDesc>
             <tagsDecl> </tagsDecl>
          </encodingDesc>
          <profileDesc>
             <correspDesc>
                <correspAction type="sending">
                   <persName ref="PersonList.xml#L_N_Tolstoy">Л. Н. Толстой</persName>
                   <placeName ref="PlacesListxml#PLACE">Москва.</placeName>
                   <date when="1860-06-28">1860 г. Июня 28.</date>            </correspAction>
                <correspAction type="receiving">
                   <persName ref="PersonList.xml#RECEIVER">А. А. Фету</persName>
                </correspAction>
                <correspContext>
                   <ref type="prev"/>
                </correspContext>
             </correspDesc>
          </profileDesc>
       </teiHeader>
       <xenoData><number type="in a volume">175</number></xenoData>

              <text xml:id="A.A.Fetu_175">
	<body><div>
		<opener index="false">
175. А. А. Фету.
1860 г. Июня 28. Москва.</opener>
<p rend="left">Любезный друг Афанасий Афанасиевич! я позволил себе без вашего позволенья попросить от вашего имени хозяйку г-жу Сердобинскую<note xml:id="note1" resp="volume_editor" index="false"> Елизавета Николаевна Сердобинская — владелица дома № 3 по Малой Полянке в Москве, где жили Фет и Борисов.</note> поместить наши две кареты до зимы, или до того времени, когда будет случай. —</p>
<p rend="left">Я, кажется поеду с сестрой за границу. От братьев со времени отъезда нет писем.<note xml:id="note2" resp="volume_editor" index="false"> H. Н. и С. Н. Толстые выехали из Петербурга в Штетин 28 мая 1860 г.</note> — Обнимаю вас и Ивана Петровича, кланяюсь Марье Петровне. Я напишу вам из за границы, и вы пишите, ежели скоро, то в Соден. — Ежели будете писать Сердобинской, то подтвердите ей о каретах.</p>
<p rend="right">Л. Толстой.</p>
<p rend="left">28 Июня.</p>
<p rend="left">Сердобинская отказалась поставить кареты без письма от вас или Боткина, я взял таковое от Петра Петровича<note xml:id="note3" resp="volume_editor" index="false"> Петр Петрович Боткин (1831—1907) — брат Василия Петровича, член товарищества чайной торговли «Петра Боткина сыновья».</note>, и напишите ей, в августе же я увезу их. —</p>
<comments><p rend="Textpetit_otstup left">Впервые опубликовано А. А. Фетом в «Русском обозрении», 1890, I, стр. 34, а затем им же в «Моих воспоминаниях», I, стр. 331 (без приписки о Сердобинской). Год определяется содержанием.</p>
<p rend="Textpetit_otstup left"><hi>1</hi> Елизавета Николаевна Сердобинская — владелица дома № 3 по Малой Полянке в Москве, где жили Фет и Борисов.</p>
<p rend="petit left"><hi>2</hi> H. Н. и С. Н. Толстые выехали из Петербурга в Штетин 28 мая 1860 г.</p>
<p rend="petit left"><hi>3</hi> Петр Петрович Боткин (1831—1907) — брат Василия Петровича, член товарищества чайной торговли «Петра Боткина сыновья».</p>
<p rend="emptyline left"><hi style="opnumber">344</hi> <hi style="npnumber">345</hi></p>
</comments></div></body>
        </text>
        </TEI>