<?xml version='1.0' encoding='UTF-8' standalone='no'?>

<TEI xmlns="http://www.tei-c.org/ns/1.0">
       <teiHeader>
          <fileDesc>
             <titleStmt>
                <title>Письмо №* 72. Т. А. Ергольской.</title>
             </titleStmt>
             <publicationStmt>
                <publisher>TolstoyLab</publisher>
                <date when="2015-09-14">14 September 2015</date>
             </publicationStmt>
             <sourceDesc>
                <biblStruct>
                   <analytic>
                      <author>Толстой Л.Н.</author>
                   </analytic>
                   <monogr>
                      <title level="m">Полное собрание сочинений. Том 60</title>
                      <imprint>
                         <pubPlace>Москва</pubPlace>
                         <publisher>Государственное издательство "Художественная литература"</publisher>
                         <date when="1949"/>
                      </imprint>
                   </monogr>
                   <series>
                      <title level="s">Л.Н. Толстой. Полное собрание сочинений</title>
                      <biblScope unit="vol">60</biblScope>
                   </series>
                </biblStruct>
             </sourceDesc>
          </fileDesc>
          <encodingDesc>
             <tagsDecl> </tagsDecl>
          </encodingDesc>
          <profileDesc>
             <correspDesc>
                <correspAction type="sending">
                   <persName ref="PersonList.xml#L_N_Tolstoy">Л. Н. Толстой</persName>
                   <placeName ref="PlacesListxml#PLACE">Кларан.</placeName>
                   <date when="1857-04-27">1857 г. Апреля 27</date>            </correspAction>
                <correspAction type="receiving">
                   <persName ref="PersonList.xml#RECEIVER">Т. А. Ергольской</persName>
                </correspAction>
                <correspContext>
                   <ref type="prev"/>
                </correspContext>
             </correspDesc>
          </profileDesc>
       </teiHeader>
       <xenoData><number type="in a volume">72</number></xenoData>

              <text xml:id="T.A.Ergolskoj_72">
	<body><div>
		<opener index="false">
* 72. Т. А. Ергольской.
1857 г. Апреля 27/мая 9. Кларан.</opener>

<lb/>
<p rend="center">9 Мая</p>
<lb/>
<hr/>
<p rend="center">27 Апреля. <hi>Clarens</hi>.—</p>

<p rend="left">Il у a peu de jours que je vous ai écrit, chère tante, mais je profite de l’occasion pour vous écrire encore quelques mots. L’occasion c’est des ordres que j’ai à donner à Basile et que je vous prierais, chère tante, de lui transmettre. — Mon traitement dont je vous ai parlé je crois va finir demain, je me porte parfaitement <hi style="opdelimiter">bien,</hi><hi style="opnumber">185</hi> <hi style="npnumber">186</hi><hi style="npdelimiter">le</hi> printemps est dans toute sa beauté. Je loge dans la même maison avec plusieurs Russes, entre autre les Poustchines mari et femme. Ce sont des gens de 50 à 60 ans tous les deux et les meilleurs gens du monde. И мы очень полюбили друг друга. Mes occupations ne vont pas aussi bien comme je l’espérais car le pays et la saison sont tellement belles, qu’il est impossible de rester à la maison. Et nous faisons tous les jours deux ou trois promenades à pied et en bateau et en voiture. — Несмотря на то, что здесь хорошо, souvent je pense à Ясное et je vous assure, que je regrette de ne pas y être. В нашем флигеле сирени, березы, соловьи. Ici le pays et surtout le lac de Genève qui est d’un bleu superbe sont admirables, mais le printemps n’est nulle part aussi beau que chez nous. Как мои перемены перед домом — не гадко? по правде? Adieu, chère tante, целую ваши ручки; в Сентябре ежели буду жив, то буду с вами. Dites à Serge, s’il est avec vous, que j’ai chargé Nekrassoff, qui est chasseur et qui est allé à Londres, de m’acheter des chiens, qu’il m’envoie de l’argent, j’en ferais acheter pour lui.</p>
<p rend="left">На гончих пару 100 p. сер., a борзые очень дорого. Ежели он хочет и может, то пусть пришлет 300 р.; я столько же от себя положил, потом мы разделим. — J’embrasse Serge et je le prie de penser à Щербачовка et d’engager Nicolas à la vendre. — Si en revenant en automne, je pouvais avoir l’argent, qui me reviendra de la vente, cela aurait été parfait pour moi. Autrement tous mes plans seraient renversé de nouveau.</p>
<lb/>
<p rend="left"><hi>На конверте</hi>:</p>
<p rend="left">Russie. Toula. Mademoiselle Iergolsky. В город Тулу.</p>
<p rend="left">Ее Высокоблагородию Татьяне Александровне Ергольской.</p>
<comments><p rend="Textpetit_otstup left">Несколько дней тому назад я писал вам, дорогая тетенька, теперь пользуюсь случаем, чтобы написать еще несколько слов. Случай этот — мои приказания Василию, которые прошу вас, милая тетенька, ему передать. — Лечение мое, о котором я, кажется, вам говорил, кончится завтра, я совершенно здоров, весна во всей своей красе. Живу в одном доме с несколькими русскими, между прочим, муж и жена Пущины. Обоим лет между 50-ю и 60-ю, и они милейшие люди на свете. И мы очень полюбили друг друга. Занятия мои идут не так хорошо, как я надеялся, но и край этот и время года так прекрасны, что не усидишь дома. Каждый день мы совершаем по две, три прогулки пешком, в лодке и в экипаже. — Несмотря на то, что здесь хорошо, часто вспоминаю Ясное и, уверяю вас, жалею, что я не там. В нашем флигеле сирени, березы, соловьи. Здешний край и в особенности удивительно синее Женевское озеро очаровательны, <hi style="opdelimiter">но</hi><hi style="opnumber">186</hi> <hi style="npnumber">187</hi><hi style="npdelimiter">нигде</hi> нет такой хорошей весны, как наша. Как мои перемены перед домом — не гадко? по правде? Прощайте, дорогая тетенька, целую ваши ручки, в сентябре, ежели буду жив, то буду с вами. Ежели Сережа с вами, скажите ему, что я поручил Некрасову, который поехал в Лондон, он сам охотник, купить мне собак; пусть он мне вышлет деньги, я поручу купить и ему. [<hi>Далее русский текст.</hi>]<hi> — </hi>Целую Сережу и прошу подумать о Щербачовке и уговорить Николеньку ее продать. — Ежели по возвращении осенью я получил бы деньги от продажи, было бы прекрасно. Иначе все мои планы опять рухнут.</p>
<p rend="petit left">На конверте почтовый штемпель «10 mai, 57» [«10 мая, 57»]. На обороте конверта рукой Т. А. Ергольской написано: «4-ème lettre de Clarens» [«4-с письмо из Кларана»].</p>
</comments></div></body>
        </text>
        </TEI>