<?xml version='1.0' encoding='UTF-8' standalone='no'?>

<TEI xmlns="http://www.tei-c.org/ns/1.0">
       <teiHeader>
          <fileDesc>
             <titleStmt>
                <title>Письмо №262. М. Н. Каткову.</title>
             </titleStmt>
             <publicationStmt>
                <publisher>TolstoyLab</publisher>
                <date when="2015-09-14">14 September 2015</date>
             </publicationStmt>
             <sourceDesc>
                <biblStruct>
                   <analytic>
                      <author>Толстой Л.Н.</author>
                   </analytic>
                   <monogr>
                      <title level="m">Полное собрание сочинений. Том 60</title>
                      <imprint>
                         <pubPlace>Москва</pubPlace>
                         <publisher>Государственное издательство "Художественная литература"</publisher>
                         <date when="1949"/>
                      </imprint>
                   </monogr>
                   <series>
                      <title level="s">Л.Н. Толстой. Полное собрание сочинений</title>
                      <biblScope unit="vol">60</biblScope>
                   </series>
                </biblStruct>
				<bibl>Впервые опубликовано в № 37/38 «Литературного наследства», стр. 197—198. Месяц и число проставлены на копии; год определяется содержанием.</bibl>
				<bibl>Печатается по рукописной копии писарской рукой из архива М. Н. Каткова (тетрадь № 21), хранящейся в БЛ.</bibl>
             </sourceDesc>
          </fileDesc>
          <encodingDesc>
             <tagsDecl> </tagsDecl>
          </encodingDesc>
          <profileDesc>
             <correspDesc>
                <correspAction type="sending">
                   <persName ref="PersonList.xml#L_N_Tolstoy">Л. Н. Толстой</persName>
                   <placeName ref="PlacesListxml#PLACE">Я. П.</placeName>
                   <date when="1862-10-09">1862 г. Октября 9.</date>            </correspAction>
                <correspAction type="receiving">
                   <persName ref="PersonList.xml#RECEIVER">М. Н. Каткову</persName>
                </correspAction>
                <correspContext>
                   <ref type="prev"/>
                </correspContext>
             </correspDesc>
          </profileDesc>
       </teiHeader>
       <xenoData><number type="in a volume">262</number></xenoData>

              <text xml:id="M.N.Katkovu_262">
	<body><div>
		<opener index="false">
262. М. Н. Каткову.
1862 г. Октября 9. Я. П.
</opener><p rend="left">9 Октября.</p>

<p rend="Obrashenie left">М. Г. Михаил Никифорович!</p>
<p rend="left">Вы, может быть, слышали уже о том, что я женился, и потому, верно, понимаете, как на это время изменились мои занятия и предположения. Романа своего<note xml:id="note1" resp="volume_editor" index="false"> «Казаки».</note> я в этом году кончить не могу. Могу, однако, напечатать его первую часть, составляющую больше 5 листов, но это мне было бы неприятно. Желал бы я вот чего. Позвольте мне возвратить вам 1000 р. в Ноябре и прислать вам повесть листа в 3, написанную мною года полтора тому назад,<note xml:id="note2" resp="volume_editor" index="false"> «Поликушка».</note> и которую, ежели она вам понравится, я бы просил вас напечатать, когда вы хотите, без всяких условий. А меня бы я просил бы вас освободить от своего обещания, что не мешало бы мне напечатать мой роман, когда он будет кончен, опять таки в вашем журнале,<note xml:id="note3" resp="volume_editor" index="false"> «Русский вестник».</note> ежели бы мне захотелось печатать его в каком нибудь журнале. — Одним словом, я бы желал, чтобы вы освободили меня от данного слова и <hi>главное, </hi>чтобы притом мы остались в хороших отношениях друг к другу. Я ими особенно дорожу теперь. <hi style="opdelimiter">—</hi><hi style="opnumber">453</hi></p>
<p rend="left"><hi style="npnumber">454</hi><hi style="npdelimiter">Согласившись</hi> на мое предложение, вы меня очень обяжете. Во всяком случае очень прошу вас откровенно высказать мне ваши желания и сделаю всё от меня зависящее, <choice original_editorial_correction='что[бы]'><sic>что</sic><corr>чтобы</corr></choice> удовлетворить им, и тем отплатить за оказанную мне услугу. Приятнее бы всего было, ежели бы вы согласились на мою просьбу. Буду ожидать ответа, чтобы скорей решить, что мне делать.</p>
<p rend="right">Ваш покорный слуга Гр. Л. Толстой.</p>
<comments><p rend="Textpetit_otstup left">Печатается по рукописной копии писарской рукой из архива М. Н. Каткова (тетрадь № 21), хранящейся в БЛ.</p>
<p rend="petit left">Впервые опубликовано в № 37/38 «Литературного наследства», стр. 197—198. Месяц и число проставлены на копии; год определяется содержанием.</p>
<p rend="Textpetit_otstup left"><hi>1</hi> «Казаки».</p>
<p rend="petit left"><hi>2</hi> «Поликушка».</p>
<p rend="petit left"><hi>3</hi> «Русский вестник».</p>
<p rend="petit left">Ответ Каткова на это письмо неизвестен. Но, судя по тому, что Толстой, как это видно из следующего его письма к Каткову, принялся за работу над «Казаками», Катков в своем ответе не соглашался получить с Толстого долг деньгами, а настаивал на присылке романа.</p>
</comments></div></body>
        </text>
        </TEI>