<?xml version='1.0' encoding='UTF-8' standalone='no'?>

<TEI xmlns="http://www.tei-c.org/ns/1.0">
       <teiHeader>
          <fileDesc>
             <titleStmt>
                <title>Письмо №* 16. А. И. Соболеву (черновое).</title>
             </titleStmt>
             <publicationStmt>
                <publisher>TolstoyLab</publisher>
                <date when="2015-09-14">14 September 2015</date>
             </publicationStmt>
             <sourceDesc>
                <biblStruct>
                   <analytic>
                      <author>Толстой Л.Н.</author>
                   </analytic>
                   <monogr>
                      <title level="m">Полное собрание сочинений. Том 59</title>
                      <imprint>
                         <pubPlace>Москва</pubPlace>
                         <publisher>Государственное издательство "Художественная литература"</publisher>
                         <date when="1935"/>
                      </imprint>
                   </monogr>
                   <series>
                      <title level="s">Л.Н. Толстой. Полное собрание сочинений</title>
                      <biblScope unit="vol">59</biblScope>
                   </series>
                </biblStruct>
				<bibl>Печатается по черновому наброску, сделанному Толстым поперек письма гр. С. Н. Толстого ко Льву Николаевичу от 9 марта 1849 г. Публикуется впервые. Датируется письмом гр. С. Н. Толстого.</bibl>
             </sourceDesc>
          </fileDesc>
          <encodingDesc>
             <tagsDecl> </tagsDecl>
          </encodingDesc>
          <profileDesc>
             <correspDesc>
                <correspAction type="draft">
                   <persName ref="PersonList.xml#L_N_Tolstoy">Л. Н. Толстой</persName>
                   <placeName ref="PlacesListxml#PLACE">Петербург.</placeName>
                   <date when="1849-03-15">1849 г. Марта 15.</date>            </correspAction>
                <correspAction type="receiving">
                   <persName ref="PersonList.xml#RECEIVER">А. И. Соболеву (черновое)</persName>
                </correspAction>
                <correspContext>
                   <ref type="prev"/>
                </correspContext>
             </correspDesc>
          </profileDesc>
       </teiHeader>
       <xenoData><number type="in a volume">16</number></xenoData>

              <text xml:id="A.I.Sobolevuchernovoe_16">
	<body><div>
		<opener index="false">
* 16. А. И. Соболеву (черновое).
1849 г. Марта 15... 31? Петербург.
</opener>
<p rend="Obrashenie left">Андрей <choice><reg>Ильич</reg><orig>Ильичъ</orig></choice></p>
<p rend="left">Ты <choice><reg>делаешь</reg><orig>дѣлаешь</orig></choice> все не <choice><reg>дело</reg><orig>дѣло</orig></choice>. — Скажи на милость, <choice><reg>с</reg><orig>съ</orig></choice> какой стати буду я продавать Копылову <choice><reg>лес</reg><orig>лѣсъ</orig></choice> <choice><reg>огулом</reg><orig>огуломъ</orig></choice>, когда вдвое <choice><reg>выгоднее</reg><orig>выгоднѣе</orig></choice> продать его по <choice><reg>десятинам</reg><orig>десятинамъ</orig></choice>. <choice><reg>Как</reg><orig>Какъ</orig></choice> ты <choice><reg>там</reg><orig>тамъ</orig></choice> не клянись, что нибудь да не то. — посылку при <choice><reg>сем</reg><orig>семъ</orig></choice> приложенную доставь <choice><reg>Сергею</reg><orig>Сергѣю</orig></choice> Николаевичу.</p>
<comments><p rend="Textpetit_otstup left">Печатается по черновому наброску, сделанному Толстым поперек письма гр. С. Н. Толстого ко Льву Николаевичу от 9 марта 1849 г. Публикуется впервые. Датируется письмом гр. С. Н. Толстого.</p>
<p rend="petit left">Андрей Ильич Соболев — вероятно вольноотпущенный, так как уже в 1830-ых годах в официальных бумагах называется <hi style="opdelimiter">«служителем»Толстых.</hi><hi style="opnumber">40</hi></p>
<p rend="petit left"><hi style="npnumber">41</hi><hi style="npdelimiter">В</hi> черновом наброске, относящемся в «Роману русского помещика» и носящем название «Характеры и лица», Толстой дает характеристику А. И. Соболеву. «Он мастер ходить по судам, пишет Толстой, ему доставляло большое удовольствие запутать ясное дело, глубокомысленно потолковать с секретарем о смысле 365 статьи... Зато уж когда запьет — беда! Он раздевается до гола и отправляется — зимой или летом всё равно — в одну известную клумбу в саду, ложится там на живот и плачет... В делах по хозяйству помещика, семейных и общественных Андрей Ильич в сущности мот, деспот, жесток и вообще большой подлец, но он добр и умен». (См. 4 том, стр. 377—378). А. И. Соболев еще упоминается Толстым в III гл. «Воспоминаний детства». Управляющим Ясной поляны Соболев был до июля-августа 1852 г., когда за пьянство был уволен.</p>
<p rend="petit left">На этом же письме гр. С. Н. Толстого, на ряду с рисунками и пробами пера рукой Толстого написано:</p>
<p rend="petit left">«Chère Tante vous ne sauriez croire combien vous me faite de peine par votre silence. [Милая тетенька, вы не представляете, как вы огорчаете меня своим молчанием]</p>
<p rend="petit left">&lt;Catilina secundum omnibusqui&gt; [Катилина, во-вторых, всеми, которые]</p>
<p rend="petit left">Студенту — тетради узнать</p>
<p rend="petit left"><choice><reg>Гирганзан</reg><orig>Гирганзанъ</orig></choice> [?] Пушкину Костень спровад. <choice><reg>к</reg><orig>къ</orig></choice> Андрееву Написать письмо Вас. Милютину</p>
<p rend="petit left">Ферзену — о <choice><reg>службе</reg><orig>службѣ</orig></choice> <choice><reg>Герцен</reg><orig>Герценъ</orig></choice> <choice><reg>Ферзен</reg><orig>Ферзенъ</orig></choice> <choice><reg>Ферзен</reg><orig>Ферзенъ</orig></choice> <choice><reg>Герцен</reg><orig>Герценъ</orig></choice> Костинька <choice><reg>Поливанов</reg><orig>Поливановъ</orig></choice> <choice><reg>Пушкин</reg><orig>Пушкинъ</orig></choice> <choice><reg>Сазанов</reg><orig>Сазановъ</orig></choice> <choice><reg>Сафонов</reg><orig>Сафоновъ</orig></choice> <choice><reg>Петр</reg><orig>Петръ</orig></choice> первый Екат Ек Екатерина II»</p>
<p rend="petit left"><hi>Пушкин</hi> — вероятно Михаил Николаевич Мусин-Пушкин. <hi>Ферзен</hi> — приятель Толстого, бар. Г. Е. Ферзен. <hi>Костинька</hi> — К. А. Иславин.</p>
</comments></div></body>
        </text>
        </TEI>