<?xml version='1.0' encoding='UTF-8' standalone='no'?>

<TEI xmlns="http://www.tei-c.org/ns/1.0">
       <teiHeader>
          <fileDesc>
             <titleStmt>
                <title>Письмо №* 285. А. А. Фету.</title>
             </titleStmt>
             <publicationStmt>
                <publisher>TolstoyLab</publisher>
                <date when="2015-09-14">14 September 2015</date>
             </publicationStmt>
             <sourceDesc>
                <biblStruct>
                   <analytic>
                      <author>Толстой Л.Н.</author>
                   </analytic>
                   <monogr>
                      <title level="m">Полное собрание сочинений. Том 61</title>
                      <imprint>
                         <pubPlace>Москва</pubPlace>
                         <publisher>Государственное издательство "Художественная литература"</publisher>
                         <date when="1953"/>
                      </imprint>
                   </monogr>
                   <series>
                      <title level="s">Л.Н. Толстой. Полное собрание сочинений</title>
                      <biblScope unit="vol">61</biblScope>
                   </series>
                </biblStruct>
             </sourceDesc>
          </fileDesc>
          <encodingDesc>
             <tagsDecl> </tagsDecl>
          </encodingDesc>
          <profileDesc>
             <correspDesc>
                <correspAction type="sending">
                   <persName ref="PersonList.xml#L_N_Tolstoy">Л. Н. Толстой</persName>
                   <placeName ref="PlacesListxml#PLACE">Я. П</placeName>
                   <date when="1869-05-10">1869 г. Мая 10.</date>            </correspAction>
                <correspAction type="receiving">
                   <persName ref="PersonList.xml#RECEIVER">А. А. Фету</persName>
                </correspAction>
                <correspContext>
                   <ref type="prev"/>
                </correspContext>
             </correspDesc>
          </profileDesc>
       </teiHeader>
       <xenoData><number type="in a volume">285</number></xenoData>

              <text xml:id="A__A__Fetu_285">
	<body><div>
		<opener index="false">
* 285. А. А. Фету.
1869 г. Мая 10. Я. П 
</opener>10 мая.<note xml:id="note1" resp="volume_editor" index="false"> Дата написана рукой С. А. Толстой.</note>

<p rend="Obrashenie left">Любезный друг!</p>
<p rend="left">Получил ваши книги и письмо,<note xml:id="note2" resp="volume_editor" index="false"> Письмо Фета неизвестно.</note> и за то и другое очень благодарю. О Третьякове — не знаю, никого не хочется.<note xml:id="note3" resp="volume_editor" index="false"> Павел Михайлович Третьяков (1832—1898) при посредстве Фета обратился к Толстому с просьбой разрешить художнику И. Н. Крамскому написать его портрет. Получив отказ, Фет вторично обращался к Толстому (<ref target="file:///Volume_61_A__A__Fetu_292.xml">см. письмо № 292</ref>), но Толстой дал свое согласие Крамскому лишь в 1873 г. См. т. 62.</note> Участие ваше к моему эпилогу<note xml:id="note4" resp="volume_editor" index="false"> Толстой давал Фету читать рукопись шестого тома романа «Война и мир».</note> меня тронуло. Юркевичу<note xml:id="note5" resp="volume_editor" index="false"> Памфил Данилович Юркевич (1827—1874) — профессор философии Киевской духовной академии и Московского университета, идеалист.</note> я читал, и <hi style="opdelimiter">он</hi><hi style="opnumber">216</hi> <hi style="npnumber">217</hi><hi style="npdelimiter">на</hi> мои речи ничего не сказал мне, кроме отрывка из своей лекции. Главное же, почему я не бо[юсь?],<note xml:id="note6" resp="volume_editor" index="false"> Нижний край письма оборван.</note> потому, что то, что я написал, особенно в эпилоге, не выдумано мной, а выворочено с болью из моей утробы. Еще поддержка то, что Шопенгауер в своей Wille<note xml:id="note7" resp="volume_editor" index="false"> «Die Welt als Wille und Vorstellung» («Мир как воля и представление»).</note> говорит, подходя с другой стороны, то же, что я. Я жду каждую минуту родов жены. Если бог даст благополучно, то, так как вы меня знать не хотите, я к вам непременно приеду.</p>
<p rend="right">Ваш Л. Толстой.</p>
<comments><p rend="Textpetit_otstup left">Одна фраза опубликована, с датой: «май 1869», в Г, II, стр. 76. Год определяется содержанием (ср. письмо № 284).</p>
<p rend="Textpetit_otstup left"><hi>1</hi> Дата написана рукой С. А. Толстой.</p>
<p rend="petit left"><hi>2</hi> Письмо Фета неизвестно.</p>
<p rend="petit left"><hi>3</hi> Павел Михайлович Третьяков (1832—1898) при посредстве Фета обратился к Толстому с просьбой разрешить художнику И. Н. Крамскому написать его портрет. Получив отказ, Фет вторично обращался к Толстому (<ref target="file:///Volume_61_A__A__Fetu_292.xml">см. письмо № 292</ref>), но Толстой дал свое согласие Крамскому лишь в 1873 г. См. т. 62.</p>
<p rend="petit left"><hi>4</hi> Толстой давал Фету читать рукопись шестого тома романа «Война и мир».</p>
<p rend="petit left"><hi>5</hi> Памфил Данилович Юркевич (1827—1874) — профессор философии Киевской духовной академии и Московского университета, идеалист.</p>
<p rend="petit left"><hi>6</hi> Нижний край письма оборван.</p>
<p rend="petit left"><hi>7</hi> «Die Welt als Wille und Vorstellung» («Мир как воля и представление»).</p>
</comments></div></body>
        </text>
        </TEI>