<?xml version='1.0' encoding='UTF-8' standalone='no'?>

<TEI xmlns="http://www.tei-c.org/ns/1.0">
       <teiHeader>
          <fileDesc>
             <titleStmt>
                <title>Письмо №161. Гр. М. Н. Толстой.</title>
             </titleStmt>
             <publicationStmt>
                <publisher>TolstoyLab</publisher>
                <date when="2015-09-14">14 September 2015</date>
             </publicationStmt>
             <sourceDesc>
                <biblStruct>
                   <analytic>
                      <author>Толстой Л.Н.</author>
                   </analytic>
                   <monogr>
                      <title level="m">Полное собрание сочинений. Том 60</title>
                      <imprint>
                         <pubPlace>Москва</pubPlace>
                         <publisher>Государственное издательство "Художественная литература"</publisher>
                         <date when="1949"/>
                      </imprint>
                   </monogr>
                   <series>
                      <title level="s">Л.Н. Толстой. Полное собрание сочинений</title>
                      <biblScope unit="vol">60</biblScope>
                   </series>
                </biblStruct>
				<bibl>Впервые опубликовано в сборнике «Толстой 1850—1860. Материалы, статьи», изд. Академии наук СССР, Л. 1927, стр. 19. Датируется содержанием: занятиями в школе с крестьянскими детьми и указанием на близость масленицы. Время перед масленицей Толстой проводил в Ясной Поляне только в 1860 г.</bibl>
             </sourceDesc>
          </fileDesc>
          <encodingDesc>
             <tagsDecl> </tagsDecl>
          </encodingDesc>
          <profileDesc>
             <correspDesc>
                <correspAction type="sending">
                   <persName ref="PersonList.xml#L_N_Tolstoy">Л. Н. Толстой</persName>
                   <placeName ref="PlacesListxml#PLACE">Я. П.</placeName>
                   <date when="1860-01">1860 г. Январь</date>            </correspAction>
                <correspAction type="receiving">
                   <persName ref="PersonList.xml#RECEIVER">Гр. М. Н. Толстой</persName>
                </correspAction>
                <correspContext>
                   <ref type="prev"/>
                </correspContext>
             </correspDesc>
          </profileDesc>
       </teiHeader>
       <xenoData><number type="in a volume">161</number></xenoData>

              <text xml:id="gr.M.N.Tolstoj_161">
	<body><div>
		<opener index="false">
161. Гр. М. Н. Толстой.
1860 г. Январь. Я. П.</opener>
<p rend="left">Как вы поживаете, любезные друзья Машинька с чадами? Всё сбирался я к вам, но задержал меня ушиб на руке, который прикинулся болеть. О Николиньке имею я известие от Борисова, он только недавно поехал с Раевским<note xml:id="note1" resp="volume_editor" index="false"> Иван Иванович Раевский (1835—1891) — помещик Данковского уезда Рязанской губернии, впоследствии сблизившийся с Толстым на почве общей работы на голоде в 1891 г. О нем см. Л. Н. Толстой, «Памяти Ив. Ив. Раевского» — «Огонек», 1924, апрель, № 17; «Письма к жене», М. 1913, стр. 359—377; ПТ, стр. 370—371; «Воспоминания гр. А. А. Толстой», ПТ, стр. 66—70.</note> на медведя. О Сереже еще ничего не знаю. — На маслянице<note xml:id="note2" resp="volume_editor" index="false"> В 1860 г. первый день масленицы (понедельник) приходился на 8 февраля.</note> однако я почти наверно приеду к вам. —</p>
<p rend="left">Я всё занимаюсь в школе и теперь пишу среди гаму ребят.<note xml:id="note3" resp="volume_editor" index="false"> Толстой приступил к школьным занятиям с детьми яснополянских крестьян с осени 1859 г. Впервые Толстой начал заниматься с <hi style="opdelimiter">крестьянскими</hi><hi style="opnumber">321</hi> <hi style="npnumber">322</hi><hi style="npdelimiter">детьми</hi> еще до своей поездки на Кавказ (в конце 1840-х гг.). Особенно сильно развернулась школьная деятельность Толстого после освобождения крестьян, в бытность его мировым посредником в 1862 г. См. об этом подробнее в т. 8. Школа просуществовала до начала 1863 г.</note> — До свиданью. M-lle Morel<note xml:id="note4" resp="volume_editor" index="false"> Морель — француженка, гувернантка дочерей М. Н. Толстой.</note> и <choice original_editorial_correction='М[арье]'><sic>М</sic><corr>Марье</corr></choice> <choice original_editorial_correction='И[вановне]'><sic>И</sic><corr>Ивановне</corr></choice><note xml:id="note5" resp="volume_editor" index="false"> Мария Ивановна Зейде — немка, гувернантка детей М. Н. Толстой.</note> кланяюсь.</p>
<p rend="right">Твой Л. Толстой.</p>
<lb/>
<p rend="left"><hi>На обороте листа:</hi></p>
<p rend="left">Ее Сиятельству Марье <choice original_editorial_correction='Николаев[не]'><sic>Николаев</sic><corr>Николаевне</corr></choice> Толстой.</p>
<comments><p rend="Textpetit_otstup left">Впервые опубликовано в сборнике «Толстой 1850—1860. Материалы, статьи», изд. Академии наук СССР, Л. 1927, стр. 19. Датируется содержанием: занятиями в школе с крестьянскими детьми и указанием на близость масленицы. Время перед масленицей Толстой проводил в Ясной Поляне только в 1860 г.</p>
<p rend="Textpetit_otstup left"><hi>1</hi> Иван Иванович Раевский (1835—1891) — помещик Данковского уезда Рязанской губернии, впоследствии сблизившийся с Толстым на почве общей работы на голоде в 1891 г. О нем см. Л. Н. Толстой, «Памяти Ив. Ив. Раевского» — «Огонек», 1924, апрель, № 17; «Письма к жене», М. 1913, стр. 359—377; ПТ, стр. 370—371; «Воспоминания гр. А. А. Толстой», ПТ, стр. 66—70.</p>
<p rend="petit left"><hi>2</hi> В 1860 г. первый день масленицы (понедельник) приходился на 8 февраля.</p>
<p rend="petit left"><hi>3</hi> Толстой приступил к школьным занятиям с детьми яснополянских крестьян с осени 1859 г. Впервые Толстой начал заниматься с <hi style="opdelimiter">крестьянскими</hi><hi style="opnumber">321</hi> <hi style="npnumber">322</hi><hi style="npdelimiter">детьми</hi> еще до своей поездки на Кавказ (в конце 1840-х гг.). Особенно сильно развернулась школьная деятельность Толстого после освобождения крестьян, в бытность его мировым посредником в 1862 г. См. об этом подробнее в т. 8. Школа просуществовала до начала 1863 г.</p>
<p rend="petit left"><hi>4</hi> Морель — француженка, гувернантка дочерей М. Н. Толстой.</p>
<p rend="petit left"><hi>5</hi> Мария Ивановна Зейде — немка, гувернантка детей М. Н. Толстой.</p>
</comments></div></body>
        </text>
        </TEI>