<?xml version='1.0' encoding='UTF-8' standalone='no'?>

<TEI xmlns="http://www.tei-c.org/ns/1.0">
       <teiHeader>
          <fileDesc>
             <titleStmt>
                <title>Письмо №* 61 Гр. С. Н. Толстому.</title>
             </titleStmt>
             <publicationStmt>
                <publisher>TolstoyLab</publisher>
                <date when="2015-09-14">14 September 2015</date>
             </publicationStmt>
             <sourceDesc>
                <biblStruct>
                   <analytic>
                      <author>Толстой Л.Н.</author>
                   </analytic>
                   <monogr>
                      <title level="m">Полное собрание сочинений. Том 59</title>
                      <imprint>
                         <pubPlace>Москва</pubPlace>
                         <publisher>Государственное издательство "Художественная литература"</publisher>
                         <date when="1935"/>
                      </imprint>
                   </monogr>
                   <series>
                      <title level="s">Л.Н. Толстой. Полное собрание сочинений</title>
                      <biblScope unit="vol">59</biblScope>
                   </series>
                </biblStruct>
				<bibl>Печатается по автографу, хранящемуся в ГТМ. Впервые напечатан отрывок из письма П. И. Бирюковым в Б, I, 1906, стр. 206—208. Год определяется содержанием: Толстой упоминает о письме Дмитрия Николаевича Толстого: — «нынче он писал мне, что хочет ехать на Кавказ или в Крым», — датированном 29 марта 1852 г. См. прим. 2 к п. № 59. Об этом письме записано в дневнике Толстого от 24 июня:. «Написал порядочное письмо Сереже».</bibl>
             </sourceDesc>
          </fileDesc>
          <encodingDesc>
             <tagsDecl> </tagsDecl>
          </encodingDesc>
          <profileDesc>
             <correspDesc>
                <correspAction type="sending">
                   <persName ref="PersonList.xml#L_N_Tolstoy">Л. Н. Толстой</persName>
                   <placeName ref="PlacesListxml#PLACE">Пятигорск.</placeName>
                   <date when="1852-06-24">1852 г. Июня 24.</date>            </correspAction>
                <correspAction type="receiving">
                   <persName ref="PersonList.xml#RECEIVER">Гр. С. Н. Толстому</persName>
                </correspAction>
                <correspContext>
                   <ref type="prev"/>
                </correspContext>
             </correspDesc>
          </profileDesc>
       </teiHeader>
       <xenoData><number type="in a volume">61</number></xenoData>

              <text xml:id="S.N.Tolstomu_61">
	<body><div>
		<opener index="false">
* 61 Гр. С. Н. Толстому.
1852 г. Июня 24. Пятигорск.</opener>
<p rend="right">24 Іюня.</p>
<p rend="right"><hi><choice><reg>Пятигорск</reg><orig>Пятигорскъ</orig></choice></hi>.</p>
<p rend="left"><choice><reg>Как</reg><orig>Какъ</orig></choice> <choice><reg>тебе</reg><orig>тебѣ</orig></choice> не <choice><reg>совестно</reg><orig>совѣстно</orig></choice>, Сережа, не <choice><reg>отвечать</reg><orig>отвѣчать</orig></choice> на письмо, <choice><reg>ответ</reg><orig>отвѣтъ</orig></choice> на которое очень <choice><reg>интересует</reg><orig>интересуетъ</orig></choice> меня? <choice><reg>Надеюсь</reg><orig>Надѣюсь</orig></choice>, что теперь <choice><reg>ответ</reg><orig>отвѣтъ</orig></choice> <choice><reg>этот</reg><orig>этотъ</orig></choice> тобою уже <choice><reg>отправлен</reg><orig>отправленъ</orig></choice>, поэтому не буду больше говорить о <choice><reg>нем</reg><orig>немъ</orig></choice>. — Лошади мои не продаются несмотря на <choice><reg>участие</reg><orig>участiе</orig></choice>, которое ты <choice><reg>в</reg><orig>въ</orig></choice> <choice><reg>этом</reg><orig>этомъ</orig></choice> <choice><reg>принималъ—как</reg><orig>принималъ—какъ</orig></choice> <choice><reg>пишет</reg><orig>пишетъ</orig></choice> <choice><reg>мне</reg><orig>мнѣ</orig></choice> Андрей. Не дорого ли за <choice><reg>них</reg><orig>нихъ</orig></choice> ты <choice><reg>назначал</reg><orig>назначалъ</orig></choice> <choice><reg>цену</reg><orig>цѣну</orig></choice>? —</p>
<p rend="left">Я очень хорошо знаю, что, ежели бы я <choice><reg>сам</reg><orig>самъ</orig></choice> взялся продавать <choice><reg>их</reg><orig>ихъ</orig></choice>, то я бы непременно дорожился и также <choice><reg>как</reg><orig>какъ</orig></choice> Андрей <choice><reg>никогда бы</reg><orig>никогда-бы</orig></choice> не <choice><reg>продал</reg><orig>продалъ</orig></choice> <choice><reg>их</reg><orig>ихъ</orig></choice>; но <choice><reg>так</reg><orig>такъ</orig></choice> <choice><reg>как</reg><orig>какъ</orig></choice> я лошадей не вижу и не могу увлекаться ими, я вижу только <choice><reg>убыток</reg><orig>убытокъ</orig></choice> и нахожу, что лучше продать <choice><reg>их</reg><orig>ихъ</orig></choice> <choice><reg>всех</reg><orig>всѣхъ</orig></choice> за сто р. асс. <choice><reg>чем</reg><orig>чѣмъ</orig></choice> держать дальше — <choice><reg>даром</reg><orig>даромъ</orig></choice> кормить, давать <choice><reg>им</reg><orig>имъ</orig></choice> <choice><reg>стареться</reg><orig>старѣться</orig></choice> и терять <choice><reg>какие бы</reg><orig>какiе-бы</orig></choice> то ни были проценты на сумму, которую за <choice><reg>них</reg><orig>нихъ</orig></choice> можно взять. — <choice><reg>Сделай</reg><orig>Сдѣлай</orig></choice> же <choice><reg>одолжение</reg><orig>одолженiе</orig></choice>, продай <choice><reg>их</reg><orig>ихъ</orig></choice> за то, что <choice><reg>дадут</reg><orig>дадутъ</orig></choice>. Деньги <choice><reg>с</reg><orig>съ</orig></choice> лошадей я <choice><reg>назначил</reg><orig>назначилъ</orig></choice> для уплаты <choice><reg>Беерше</reg><orig>Беершѣ</orig></choice><note xml:id="note1" resp="volume_editor" index="false"> О Нат. Андр. Беэр см. прим. 5 к п. № 64</note> и не <choice><reg>переменяю</reg><orig>перемѣняю</orig></choice> <choice><reg>этого</reg><orig>этаго</orig></choice> <choice><reg>распоряжения</reg><orig>распоряженiя</orig></choice>. —</p>
<p rend="left"><choice><reg>Нет</reg><orig>Нѣтъ</orig></choice> ли у тебя <choice><reg>в</reg><orig>въ</orig></choice> <choice><reg>Пирогове</reg><orig>Пироговѣ</orig></choice> 1-го тома Nouvelle Heloise? Я смутно помню, что во времена моего <choice><reg>жокейского</reg><orig>жокейскаго</orig></choice> костюма и твоего <choice><reg>Карповского</reg><orig>Карповскаго</orig></choice> соперничества <choice><reg>с</reg><orig>съ</orig></choice> <choice><reg>Чулковым</reg><orig>Чулковымъ</orig></choice><note xml:id="note2" resp="volume_editor" index="false">Эти слова очевидно нужно понимать в том смысле, что гр. Сергей Николаевич Толстой и Николай Алексеевич Чулков ухаживали за одной из барышень Карповых, дочерей Николая Алексеевича (р. в 1802 г.) и Марьи Евстафьевны Карповых. Их было три: Елизавета, Екатерина (р. 4 октября 1832 г.) и Марья (р. 28 мая 1835 г.).</note> эта книга играла <choice><reg>тут</reg><orig>тутъ</orig></choice> какую-то роль. Не <choice><reg>забыта ли</reg><orig>забыта-ли</orig></choice> она <note xml:id="note3" resp="volume_editor" index="false"><hi style="opdelimiter"><choice><reg>в</reg><orig>въ</orig></choice></hi><hi style="opnumber">182</hi> <hi style="npnumber">183</hi><hi style="npdelimiter"><choice><reg>Казачьем</reg><orig>Казачьемъ</orig></choice>?</hi> Имение Н. А. Чулкова Крапивенского уезда.</note> Пожалуйста наведи справки, у себя поищи хорошенько и, ежели окажется, вышли <choice><reg>мне</reg><orig>мнѣ</orig></choice>,<note xml:id="note4" resp="volume_editor" index="false"> <hi>В автографе ошибочно:</hi> меня.</note> Что <choice><reg>тебе</reg><orig>тебѣ</orig></choice> сказать о <choice><reg>своем</reg><orig>своемъ</orig></choice> <choice><reg>житье</reg><orig>житьѣ</orig></choice>? Я <choice><reg>писал</reg><orig>писалъ</orig></choice> три письма и <choice><reg>в</reg><orig>въ</orig></choice> <choice><reg>каждом</reg><orig>каждомъ</orig></choice> <choice><reg>описывал</reg><orig>описывалъ</orig></choice> <choice><reg>то же</reg><orig>то-же</orig></choice> самое.<note xml:id="note5" resp="volume_editor" index="false"> Из этих трех писем известно лишь одно к Т. А. Ергольской № 60.</note> <choice><reg>Желал</reg><orig>Желалъ</orig></choice> бы я <choice><reg>тебе</reg><orig>тебѣ</orig></choice> описать <hi><choice><reg>дух</reg><orig>духъ</orig></choice></hi> <choice><reg>Пятигорский</reg><orig>Пятигорскiй</orig></choice>, да это также трудно, <choice><reg>как</reg><orig>какъ</orig></choice> <choice><reg>рассказать</reg><orig>разсказать</orig></choice> новому <choice><reg>человеку</reg><orig>человѣку</orig></choice>, <choice><reg>в</reg><orig>въ</orig></choice> <choice><reg>чем</reg><orig>чемъ</orig></choice> <choice><reg>состоит</reg><orig>состоитъ</orig></choice> — <hi>Тула</hi>, а мы это кнесчастью отлично <choice><reg>понимаем</reg><orig>понимаемъ</orig></choice>. <choice><reg>Пятигорск</reg><orig>Пятигорскъ</orig></choice> то же немножко <hi>Тула</hi>, но <choice><reg>особенного</reg><orig>особеннаго</orig></choice> рода — Кавказская. <choice original_editorial_correction='Н[а]'><sic>Н</sic><corr>На</corr></choice> <choice original_editorial_correction='п[ример]'><sic>п</sic><corr><choice><reg>пример</reg><orig>примѣръ</orig></choice></corr></choice> <choice><reg>здесь</reg><orig>здѣсь</orig></choice> главную роль <choice><reg>играют</reg><orig>играютъ</orig></choice> <hi>семейные дома и <choice><reg>публичные</reg><orig>публичныя</orig></choice> <choice><reg>места</reg><orig>мѣста</orig></choice></hi>. Общество <choice><reg>состоит</reg><orig>состоитъ</orig></choice> <choice><reg>из</reg><orig>изъ</orig></choice> <hi>по</hi><choice><reg>мещиков</reg><orig>мѣщиковъ</orig></choice> (<choice><reg>как</reg><orig>какъ</orig></choice> технически называются <choice><reg>все</reg><orig>всѣ</orig></choice> <choice><reg>приезжие</reg><orig>приѣзжiе</orig></choice>), которые <choice><reg>смотрят</reg><orig>смотрятъ</orig></choice> на <choice><reg>здешнюю</reg><orig>здѣшнюю</orig></choice> <choice><reg>цивилизацию</reg><orig>цивилизацiю</orig></choice> презрительно и <choice original_editorial_correction='Г[оспо]д'><sic>Гд</sic><corr>Господ</corr></choice> <choice><reg>Офицеров</reg><orig>Офицеровъ</orig></choice>, которые <choice><reg>смотрят</reg><orig>смотрятъ</orig></choice> на <choice><reg>здешния</reg><orig>здѣшнiя</orig></choice> <choice><reg>увеселения</reg><orig>увеселенiя</orig></choice> <choice><reg>как</reg><orig>какъ</orig></choice> на <choice><reg>верх</reg><orig>верхъ</orig></choice> блаженства. — Со мною <choice><reg>из</reg><orig>изъ</orig></choice> Штаба <choice><reg>приехал</reg><orig>приѣхалъ</orig></choice> <choice><reg>офицер</reg><orig>офицеръ</orig></choice> нашей батареи.<note xml:id="note6" resp="volume_editor" index="false"> Ник. Ив. Буемский. О нем см. прим. 6 к п. № 45.</note> Надо было <choice><reg>видеть</reg><orig>видѣть</orig></choice> его <choice><reg>восторг</reg><orig>восторгъ</orig></choice> и <choice><reg>беспокойство</reg><orig>безпокойство</orig></choice>, когда мы <choice><reg>въезжали</reg><orig>въѣзжали</orig></choice> <choice><reg>в</reg><orig>въ</orig></choice> <choice><reg>город</reg><orig>городъ</orig></choice>! Еще прежде <choice><reg>он</reg><orig>онъ</orig></choice> <choice><reg>мне</reg><orig>мнѣ</orig></choice> много <choice><reg>говорил</reg><orig>говорилъ</orig></choice> о <choice><reg>том</reg><orig>томъ</orig></choice>, <choice><reg>как</reg><orig>какъ</orig></choice> весело <choice><reg>бывает</reg><orig>бываетъ</orig></choice> на <choice><reg>водах</reg><orig>водахъ</orig></choice>, о <choice><reg>том</reg><orig>томъ</orig></choice>, <choice><reg>как</reg><orig>какъ</orig></choice> <choice><reg>под</reg><orig>подъ</orig></choice> музыку <choice><reg>ходят</reg><orig>ходятъ</orig></choice> по бульвару и <choice><reg>потом</reg><orig>потомъ</orig></choice>, будто <choice><reg>все</reg><orig>всѣ</orig></choice> <choice><reg>идут</reg><orig>идутъ</orig></choice> <choice><reg>в</reg><orig>въ</orig></choice> кондитерскую и <choice><reg>там</reg><orig>тамъ</orig></choice> знакомятся — даже <choice><reg>с</reg><orig>съ</orig></choice> семейными домами, <choice><reg>театр</reg><orig>театръ</orig></choice>, собранье, <choice><reg>всякий</reg><orig>всякiй</orig></choice> <choice><reg>год</reg><orig>годъ</orig></choice> <choice><reg>бывают</reg><orig>бываютъ</orig></choice> <choice><reg>свадьбы</reg><orig>сватьбы</orig></choice>, дуэли... <hi>ну <choice><reg>одним</reg><orig>однимъ</orig></choice> <choice><reg>словом</reg><orig>словомъ</orig></choice></hi>, <hi>чисто парижская жисть.</hi> <choice><reg>Как</reg><orig>Какъ</orig></choice> только мы вышли <choice><reg>из</reg><orig>изъ</orig></choice> тарантаса, мой <choice><reg>офицер</reg><orig>офицеръ</orig></choice> <choice><reg>надел</reg><orig>надѣлъ</orig></choice> голубые панталоны <choice><reg>с</reg><orig>съ</orig></choice> ужасно натянутыми штрипками, сапоги <choice><reg>с</reg><orig>съ</orig></choice> огромными шпорами, эполеты, обчистился и <choice><reg>пошел</reg><orig>пошелъ</orig></choice> <choice><reg>под</reg><orig>подъ</orig></choice> музыку ходить по бульвару, <choice><reg>потом</reg><orig>потомъ</orig></choice> <choice><reg>в</reg><orig>въ</orig></choice> кондитерскую, <choice><reg>в</reg><orig>въ</orig></choice> <choice><reg>театр</reg><orig>театръ</orig></choice> и <choice><reg>в</reg><orig>въ</orig></choice> <choice><reg>собрание</reg><orig>собранiе</orig></choice>. Но сколько <choice><reg>мне</reg><orig>мнѣ</orig></choice> <choice><reg>известно</reg><orig>извѣстно</orig></choice>, <choice><reg>вместо</reg><orig>вмѣсто</orig></choice> <choice><reg>ожидаемых</reg><orig>ожидаемыхъ</orig></choice> <choice><reg>знакомств</reg><orig>знакомствъ</orig></choice> <choice><reg>с</reg><orig>съ</orig></choice> семейными домами и <choice><reg>невесты</reg><orig>невѣсты</orig></choice> <choice><reg>помещицы</reg><orig>помѣщицы</orig></choice> <choice><reg>с</reg><orig>съ</orig></choice> 1,000 душами, <choice><reg>он</reg><orig>онъ</orig></choice> <choice><reg>в</reg><orig>въ</orig></choice> <choice><reg>целый</reg><orig>цѣлый</orig></choice> <choice><reg>месяц</reg><orig>мѣсяцъ</orig></choice> познакомился только <choice><reg>с</reg><orig>съ</orig></choice> тремя оборванными офицерами, которые <choice><reg>обыграли</reg><orig>объиграли</orig></choice> его до тла и <choice><reg>с</reg><orig>съ</orig></choice> <choice><reg>одним</reg><orig>однимъ</orig></choice> <choice><reg>семейным</reg><orig>семейнымъ</orig></choice> <choice><reg>домом</reg><orig>домомъ</orig></choice>, но <choice><reg>в</reg><orig>въ</orig></choice> <choice><reg>котором</reg><orig>которомъ</orig></choice> два семейства <choice><reg>живут</reg><orig>живутъ</orig></choice> <choice><reg>в</reg><orig>въ</orig></choice> одной <choice><reg>комнате</reg><orig>комнатѣ</orig></choice> и <choice><reg>подают</reg><orig>подаютъ</orig></choice> чай <choice><reg>в</reg><orig>въ</orig></choice> прикуску. <choice><reg>Кроме</reg><orig>Кромѣ</orig></choice> <choice><reg>этого</reg><orig>этаго</orig></choice> <choice><reg>офицер</reg><orig>офицеръ</orig></choice> <choice><reg>этот</reg><orig>этотъ</orig></choice> <choice><reg>в</reg><orig>въ</orig></choice> <choice><reg>этот</reg><orig>этотъ</orig></choice> <choice><reg>месяц</reg><orig>мѣсяцъ</orig></choice> <choice><reg>издержал</reg><orig>издержалъ</orig></choice> рублей 20 на <choice><reg>портер</reg><orig>портеръ</orig></choice> и на конфеты и <choice><reg>купил</reg><orig>купилъ</orig></choice> <choice><reg>себе</reg><orig>себѣ</orig></choice> бронзовое зеркало для <hi><choice><reg>настолъного</reg><orig>настолънаго</orig></choice> прибора</hi>. Теперь <choice><reg>он</reg><orig>онъ</orig></choice> ходить <choice><reg>в</reg><orig>въ</orig></choice> <choice><reg>старом</reg><orig>старомъ</orig></choice> <choice><reg>сертуке</reg><orig>сертукѣ</orig></choice> <choice><reg>без</reg><orig>безъ</orig></choice> <choice><reg>эполет</reg><orig>эполетъ</orig></choice>, <choice><reg>пьет</reg><orig>пьетъ</orig></choice> серную воду изо <choice><reg>всех</reg><orig>всѣхъ</orig></choice> <choice><reg>сил</reg><orig>силъ</orig></choice>, <choice><reg>как</reg><orig>какъ</orig></choice> будто серьезно лечится, и удивляется, что <choice><reg>никак</reg><orig>никакъ</orig></choice> не <choice><reg>мог</reg><orig>могъ</orig></choice> познакомиться, несмотря на то, что <choice><reg>всякий</reg><orig>всякiй</orig></choice> день <choice><reg>ходил</reg><orig>ходилъ</orig></choice> по бульвару и <choice><reg>в</reg><orig>въ</orig></choice> кондитерскую и не <choice><reg>жалел</reg><orig>жалѣлъ</orig></choice> <choice><reg>денег</reg><orig>денегъ</orig></choice> на <choice><reg>театр</reg><orig>театръ</orig></choice>, <choice><reg>извощиков</reg><orig>извощиковъ</orig></choice> и перчатки, <choice><reg>с</reg><orig>съ</orig></choice> <hi><choice><reg>аристократией</reg><orig>аристократiей</orig></choice></hi> (<choice><reg>здесь</reg><orig>здѣсь</orig></choice> во всякой гавенной <choice><reg>крепостченке</reg><orig>крѣпостченкѣ</orig></choice> есть <choice><reg>аристократия</reg><orig>аристократiя</orig></choice>), a <choice><reg>аристократия</reg><orig>аристократiя</orig></choice> <choice><reg>как</reg><orig>какъ</orig></choice> на зло <choice><reg>устраивает</reg><orig>устраиваетъ</orig></choice> <hi style="opdelimiter">кавалькады,</hi><hi style="opnumber">183</hi> <hi style="npnumber">184</hi><hi style="npdelimiter">пикники,</hi> и его никуда не пускают.<note xml:id="note7" resp="volume_editor" index="false"> В дневнике Толстого под 24 июня записано: «Прочел Буемскому то, что писал о нем, и он взбешенный убежал от меня».</note> — Почти <choice><reg>всех</reg><orig>всѣхъ</orig></choice> <choice><reg>офицеров</reg><orig>офицеровъ</orig></choice>, которые <choice><reg>приезжают</reg><orig>приѣзжаютъ</orig></choice> сюда, <choice><reg>постигает</reg><orig>постигаетъ</orig></choice> таже участь, и они притворяются, будто только <choice><reg>приехали</reg><orig>приѣхали</orig></choice> <choice><reg>лечиться</reg><orig>лѣчиться</orig></choice>, <choice><reg>хромают</reg><orig>хромаютъ</orig></choice> <choice><reg>с</reg><orig>съ</orig></choice> костылями, <choice><reg>носят</reg><orig>носятъ</orig></choice> повязки, перевязки, <choice><reg>пьянствуют</reg><orig>пьянствуютъ</orig></choice> и <choice><reg>рассказывают</reg><orig>разсказываютъ</orig></choice> <choice><reg>страшные</reg><orig>страшныя</orig></choice> <choice><reg>истории</reg><orig>исторiи</orig></choice> про <choice><reg>Черкессов</reg><orig>Черкессовъ</orig></choice>. Между <choice><reg>тем</reg><orig>тѣмъ</orig></choice> <choice><reg>в</reg><orig>въ</orig></choice> Штабу они опять <choice><reg>будут</reg><orig>будутъ</orig></choice> <choice><reg>рассказывать</reg><orig>разсказывать</orig></choice>, что были знакомы <choice><reg>с</reg><orig>съ</orig></choice> <hi>семейными домами</hi> и веселились на славу; и <choice><reg>всякий</reg><orig>всякiй</orig></choice> <choice><reg>курс</reg><orig>курсъ</orig></choice> со <choice><reg>всех</reg><orig>всѣхъ</orig></choice> <choice><reg>сторон</reg><orig>сторонъ</orig></choice> кучами <choice><reg>едут</reg><orig>ѣдутъ</orig></choice> на воды — повеселиться.</p>
<p rend="left">Я очень удивился <choice><reg>встретив</reg><orig>встрѣтивъ</orig></choice> <choice><reg>здесь</reg><orig>здѣсь</orig></choice> на <choice><reg>днях</reg><orig>дняхъ</orig></choice> <choice><reg>Еремеева-младшего</reg><orig>Еремѣева-младшаго</orig></choice>. <choice><reg>Он</reg><orig>Онъ</orig></choice> ужасно <choice><reg>болен</reg><orig>болѣнъ</orig></choice> и <choice><reg>женат</reg><orig>женатъ</orig></choice> на Скуратовой.<note xml:id="note8" resp="volume_editor" index="false"> Об этом Еремееве есть записи в дневнике под 17 июня: «встретил Еремеева, слишком обрадовался» и под 22 июня: «Еремеев так же глуп и безалаберен, как был всегда. Забавляет тем, что знал московских высших чиновников и т. д. и тем, что здешние господа обыгрывают его, и. тем, что у него есть не свои деньги и глупая жена, а я мог ему завидовать!» <hi>Еремеевы</hi> — родственники Молоствовым. Сестра деда Зинаиды Модестовны, Марья Львовна Молоствова была замужем за Ив. Фед. Еремеевым.</note> Они <choice><reg>здесь</reg><orig>здѣсь</orig></choice> <hi><choice><reg>задают</reg><orig>задаютъ</orig></choice> тот</hi>, но несмотря на это я <choice><reg>редко</reg><orig>рѣдко</orig></choice> вижусь <choice><reg>с</reg><orig>съ</orig></choice> ними: она очень глупа, а <choice><reg>он</reg><orig>онъ</orig></choice> — <choice><reg>Еремеев</reg><orig>Еремѣевъ</orig></choice>. — <choice><reg>Притом же</reg><orig>Притомъ-же</orig></choice> у <choice><reg>них</reg><orig>нихъ</orig></choice> <choice><reg>беспрестанный</reg><orig>безпрестанный</orig></choice> <choice><reg>картеж</reg><orig>картежъ</orig></choice>, а <choice><reg>он</reg><orig>онъ</orig></choice> <choice><reg>мне</reg><orig>мнѣ</orig></choice> <choice><reg>вот</reg><orig>вотъ</orig></choice> <choice><reg>где</reg><orig>гдѣ</orig></choice> <choice><reg>сидит</reg><orig>сидитъ</orig></choice>. — Время производства моего <choice><reg>будет</reg><orig>будетъ</orig></choice> еще очень не скоро; со <choice><reg>всеми</reg><orig>всѣми</orig></choice> проволочками, <choice><reg>никак</reg><orig>никакъ</orig></choice> не раньше 53-го года. —</p>
<p rend="left">Ты <choice><reg>был</reg><orig>былъ</orig></choice> <choice><reg>в</reg><orig>въ</orig></choice> <choice><reg>Москве</reg><orig>Москвѣ</orig></choice>, <choice><reg>в</reg><orig>въ</orig></choice> <choice><reg>Петербурге</reg><orig>Петербургѣ</orig></choice>, пожалуйста <choice><reg>расскажи</reg><orig>разскажи</orig></choice> <choice><reg>мне</reg><orig>мнѣ</orig></choice> про наших <choice><reg>знакомых</reg><orig>знакомыхъ</orig></choice>: <choice><reg>Дьяков</reg><orig>Дьяковъ</orig></choice>,<note xml:id="note9" resp="volume_editor" index="false"> Дм. Алекс. Дьяков. О нем см. прим. 4 к п. № 9.</note> <choice><reg>Ферзен</reg><orig>Ферзенъ</orig></choice>,<note xml:id="note10" resp="volume_editor" index="false"> Бар. Герман Егор. Ферзен. О нем см. прим. 2 к п. № 12.</note> <choice><reg>Львов</reg><orig>Львовъ</orig></choice>,<note xml:id="note11" resp="volume_editor" index="false"> Кн. Георг. Влад. Львов. О нем см. вступ. прим. к п. № 94.</note> <choice><reg>Озеров</reg><orig>Озеровъ</orig></choice>,<note xml:id="note12" resp="volume_editor" index="false"> Борис Сем. Озеров. О нем см. прим. 3 к п. № <hi style="opdelimiter">12.</hi><hi style="opnumber">185</hi></note> Иславины,<note xml:id="note13" resp="volume_editor" index="false"> Влад. Алдр., Мих. Алдр. и Конст. Алдр. Иславины. О них см. прим. 10 к п. № 12.</note> <choice><reg>Волконские</reg><orig>Волконскiе</orig></choice>,<note xml:id="note14" resp="volume_editor" index="false"> Кн. Алдр. Алекс. и Луиза Ив. Волконские. О них см. прим. 3 к п. № 41.</note> даже Горчаковы —?<note xml:id="note15" resp="volume_editor" index="false">Семья кн. Серг. Дмитр. и Анны Алдр. Горчаковых. О них см. прим. 1 к п. № 7.</note></p>
<p rend="left"><choice><reg>Связывают ли</reg><orig>Связываютъ-ли</orig></choice> тебя теперь <choice><reg>какие</reg><orig>какiя</orig></choice> нибудь узы <choice><reg>с</reg><orig>съ</orig></choice> Машей, и <choice><reg>какие</reg><orig>какiе</orig></choice> это узы? Митинька <choice><reg>прошлого</reg><orig>прошлаго</orig></choice> года <choice><reg>хотел</reg><orig>хотѣлъ</orig></choice> <choice><reg>ехать</reg><orig>ѣхать</orig></choice> на <choice original_editorial_correction='Лонд[онскую]'><sic>Лонд</sic><corr>Лондонскую</corr></choice> выставку и <choice><reg>уехал</reg><orig>уѣхалъ</orig></choice> <choice><reg>в</reg><orig>въ</orig></choice> Москву, нынче <choice><reg>он</reg><orig>онъ</orig></choice> <choice><reg>писал</reg><orig>писалъ</orig></choice> <choice><reg>мне</reg><orig>мнѣ</orig></choice>, что <choice><reg>хочет</reg><orig>хочетъ</orig></choice> <choice><reg>ехать</reg><orig>ѣхать</orig></choice> на <choice><reg>Кавказ</reg><orig>Кавказъ</orig></choice>, или <choice><reg>в</reg><orig>въ</orig></choice> <choice><reg>Крым</reg><orig>Крымъ</orig></choice>,<note xml:id="note16" resp="volume_editor" index="false">Толстой имеет в виду письмо гр. Д. Н. Толстого от 29 марта 1852 г., которое см. в прим. к п. № 59.</note> <choice><reg>так</reg><orig>такъ</orig></choice> не <choice><reg>уехал ли</reg><orig>уѣхалъ-ли</orig></choice> <choice><reg>он</reg><orig>онъ</orig></choice> <choice><reg>в</reg><orig>въ</orig></choice> Полтаву?</p>
<p rend="left">Прощай, <choice><reg>я бы</reg><orig>я-бы</orig></choice> <choice><reg>писал</reg><orig>писалъ</orig></choice> больше, но очень <choice><reg>устал</reg><orig>усталъ</orig></choice>, а <choice><reg>устал</reg><orig>усталъ</orig></choice> <choice><reg>от</reg><orig>отъ</orig></choice> того, что не <choice><reg>спал</reg><orig>спалъ</orig></choice> всю эту ночь. — Вчера <choice><reg>в</reg><orig>въ</orig></choice> <choice><reg>первом</reg><orig>первомъ</orig></choice> часу меня <choice><reg>разбудил</reg><orig>разбудилъ</orig></choice> на <choice><reg>моем</reg><orig>моемъ</orig></choice> <choice><reg>дворе</reg><orig>дворѣ</orig></choice> плачь, <choice><reg>писк</reg><orig>пискъ</orig></choice>, крики и страшный <choice><reg>шум</reg><orig>шумъ</orig></choice>. — Мой <choice><reg>хозяин</reg><orig>хозяинъ</orig></choice> <choice><reg>ехал</reg><orig>ѣхалъ</orig></choice> ночью <choice><reg>с</reg><orig>съ</orig></choice> ярмарки, <choice><reg>с</reg><orig>съ</orig></choice> <choice><reg>ним</reg><orig>нимъ</orig></choice> <choice><reg>повстречался</reg><orig>повстрѣчался</orig></choice> <choice><reg>Татарин</reg><orig>Татаринъ</orig></choice> — пьяный и <choice><reg>в</reg><orig>въ</orig></choice> <choice><reg>виде</reg><orig>видѣ</orig></choice> шутки <choice><reg>выстрелил</reg><orig>выстрѣлилъ</orig></choice> <choice><reg>в</reg><orig>въ</orig></choice> него <choice><reg>из</reg><orig>изъ</orig></choice> пистолета. Его привезли, посадили на землю посереди двора, <choice><reg>сбежались</reg><orig>сбѣжались</orig></choice> бабы, пьяные родственники, окружили его, и никто не <choice><reg>помогал</reg><orig>помогалъ</orig></choice> ему. Пуля пробила ему <choice><reg>левую</reg><orig>лѣвую</orig></choice> грудь и правую руку. Сцена была трогательная и <choice><reg>смешная</reg><orig>смѣшная</orig></choice>. Посереди двора весь <choice><reg>в</reg><orig>въ</orig></choice> крови <choice><reg>сидит</reg><orig>сидитъ</orig></choice> <choice><reg>человек</reg><orig>человѣкъ</orig></choice>, а <choice><reg>кругом</reg><orig>кругомъ</orig></choice> него столпилась огромная пьяная <choice><reg>компания</reg><orig>компанiя</orig></choice>. <choice><reg>Один</reg><orig>Одинъ</orig></choice> какой-то пьяный <choice><reg>офицер</reg><orig>офицеръ</orig></choice> <choice><reg>рассказывает</reg><orig>разсказываетъ</orig></choice>, <choice><reg>как</reg><orig>какъ</orig></choice> <choice><reg>он</reg><orig>онъ</orig></choice> <choice><reg>сам</reg><orig>самъ</orig></choice> <choice><reg>был</reg><orig>былъ</orig></choice> два paзa <choice><reg>ранен</reg><orig>раненъ</orig></choice> и какой <choice><reg>он</reg><orig>онъ</orig></choice> <choice><reg>молодец</reg><orig>молодецъ</orig></choice>, баба <choice><reg>орет</reg><orig>оретъ</orig></choice> во все горло, <hi>что </hi>Шамиль<note xml:id="note17" resp="volume_editor" index="false"> О Шамиле см. прим. 29 к п. № 52.</note> <choice><reg>пришел</reg><orig>пришелъ</orig></choice>, другая, что она теперь ни за что по воду ночью ходить не <choice><reg>будет</reg><orig>будетъ</orig></choice> и т. д. и т. д. <choice><reg>Наконец</reg><orig>Наконецъ</orig></choice> <choice><reg>уж</reg><orig>ужъ</orig></choice> я <choice><reg>послал</reg><orig>послалъ</orig></choice> за <choice><reg>Доктором</reg><orig>Докторомъ</orig></choice> и <choice><reg>сам</reg><orig>самъ</orig></choice> <choice><reg>перевязал</reg><orig>перевязалъ</orig></choice> рану. <choice><reg>Тут</reg><orig>Тутъ</orig></choice> <choice><reg>прибежал</reg><orig>прибѣжалъ</orig></choice> мертвецки пьяный <choice><reg>фершел</reg><orig>фершелъ</orig></choice>, <choice><reg>сорвал</reg><orig>сорвалъ</orig></choice> мою повязку и еще <hi style="opdelimiter"><choice><reg>разъразбередил</reg><orig>разъразбередилъ</orig></choice></hi><hi style="opnumber">184</hi> <hi style="npnumber">185</hi><hi style="npdelimiter">рану,</hi> <choice><reg>наконец</reg><orig>наконецъ</orig></choice> <choice><reg>приехал</reg><orig>приѣхалъ</orig></choice> <choice><reg>Доктор</reg><orig>Докторъ</orig></choice> и еще <choice><reg>раз</reg><orig>разъ</orig></choice> <choice><reg>перевязал</reg><orig>перевязалъ</orig></choice>. — Раненый — <choice><reg>человек</reg><orig>человѣкъ</orig></choice> <choice><reg>лет</reg><orig>лѣтъ</orig></choice> 50 <choice><reg>из</reg><orig>изъ</orig></choice> <choice><reg>хохлов</reg><orig>хохловъ</orig></choice>, <choice><reg>красавец</reg><orig>красавецъ</orig></choice> собой и удивительный <choice><reg>молодец</reg><orig>молодецъ</orig></choice>. Я никогда не <choice><reg>видал</reg><orig>видалъ</orig></choice>, чтобы <choice><reg>так</reg><orig>такъ</orig></choice> <choice><reg>терпеливо</reg><orig>терпѣливо</orig></choice> переносили <choice><reg>страдания</reg><orig>страданiя</orig></choice>. — Однако кажется мы <choice><reg>вместе</reg><orig>вмѣстѣ</orig></choice> <choice><reg>с</reg><orig>съ</orig></choice> <choice><reg>Доктором</reg><orig>Докторомъ</orig></choice>, который все <choice><reg>шутит</reg><orig>шутитъ</orig></choice>, уморили его. Я <choice><reg>сейчас</reg><orig>сейчасъ</orig></choice> <choice><reg>заходил</reg><orig>заходилъ</orig></choice> <choice><reg>к</reg><orig>къ</orig></choice> нему и <choice><reg>никак</reg><orig>никакъ</orig></choice> не <choice><reg>мог</reg><orig>могъ</orig></choice> <choice><reg>разуверить</reg><orig>разувѣрить</orig></choice> его, что <choice><reg>он</reg><orig>онъ</orig></choice> <choice><reg>умрет</reg><orig>умретъ</orig></choice>. <choice><reg>Он</reg><orig>Онъ</orig></choice> очень <choice><reg>плох</reg><orig>плохъ</orig></choice>, <choice><reg>харкает</reg><orig>харкаетъ</orig></choice> кровью, это <choice><reg>верный</reg><orig>вѣрный</orig></choice> <choice><reg>признак</reg><orig>признакъ</orig></choice> смерти, но <choice><reg>говорит</reg><orig>говоритъ</orig></choice> и только морщится. Я пишу подробно о вещи, до которой <choice><reg>тебе</reg><orig>тебѣ</orig></choice> <choice><reg>нет</reg><orig>нѣтъ</orig></choice> никакого <choice><reg>дела</reg><orig>дѣла</orig></choice> потому, что <choice><reg>сам</reg><orig>самъ</orig></choice> нахожусь еще <choice><reg>под</reg><orig>подъ</orig></choice> <choice><reg>этим</reg><orig>этимъ</orig></choice> <choice><reg>впечатлением</reg><orig>впечатлѣнiемъ</orig></choice>.<note xml:id="note18" resp="volume_editor" index="false"> Об этой истории записано в дневнике Толстого под этим же числом: «В 1-м часу ночи разбудил меня Буемский и крики у соседей. Старика ранили; я вел себя необдуманно и слабо, но не неприлично».</note> <choice><reg>Кроме</reg><orig>Кромѣ</orig></choice> <choice><reg>этого</reg><orig>этаго</orig></choice> старика <choice><reg>в</reg><orig>въ</orig></choice> моей <choice><reg>квартире</reg><orig>квартирѣ</orig></choice> <choice><reg>лежит</reg><orig>лежитъ</orig></choice> Ванюшка — при смерти больной. У него fièvre lente.<hi>2 </hi>— </p>
<comments><p rend="Textpetit_otstup left">Печатается по автографу, хранящемуся в ГТМ. Впервые напечатан отрывок из письма П. И. Бирюковым в Б, I, 1906, стр. 206—208. Год определяется содержанием: Толстой упоминает о письме Дмитрия Николаевича Толстого: — «нынче он писал мне, что хочет ехать на Кавказ или в Крым», — датированном 29 марта 1852 г. См. прим. 2 к п. № 59. Об этом письме записано в дневнике Толстого от 24 июня:. «Написал порядочное письмо Сереже».</p>
<p rend="Textpetit_otstup left"><hi>1</hi> Это письмо не сохранилось.</p>
<p rend="petit left"><hi>2</hi> О Нат. Андр. Беэр см. прим. 5 к п. № 64</p>
<p rend="petit left"><hi>3 </hi>Эти слова очевидно нужно понимать в том смысле, что гр. Сергей Николаевич Толстой и Николай Алексеевич Чулков ухаживали за одной из барышень Карповых, дочерей Николая Алексеевича (р. в 1802 г.) и Марьи Евстафьевны Карповых. Их было три: Елизавета, Екатерина (р. 4 октября 1832 г.) и Марья (р. 28 мая 1835 г.).</p>
<p rend="petit left"><hi>4</hi> Имение Н. А. Чулкова Крапивенского уезда.</p>
<p rend="petit left"><hi>5</hi> <hi>В автографе ошибочно:</hi> меня.</p>
<p rend="petit left"><hi>6</hi> Из этих трех писем известно лишь одно к Т. А. Ергольской № 60.</p>
<p rend="petit left"><hi>7</hi> Ник. Ив. Буемский. О нем см. прим. 6 к п. № 45.</p>
<p rend="petit left"><hi>8</hi> В дневнике Толстого под 24 июня записано: «Прочел Буемскому то, что писал о нем, и он взбешенный убежал от меня».</p>
<p rend="petit left"><hi>9</hi> Об этом Еремееве есть записи в дневнике под 17 июня: «встретил Еремеева, слишком обрадовался» и под 22 июня: «Еремеев так же глуп и безалаберен, как был всегда. Забавляет тем, что знал московских высших чиновников и т. д. и тем, что здешние господа обыгрывают его, и. тем, что у него есть не свои деньги и глупая жена, а я мог ему завидовать!» <hi>Еремеевы</hi> — родственники Молоствовым. Сестра деда Зинаиды Модестовны, Марья Львовна Молоствова была замужем за Ив. Фед. Еремеевым.</p>
<p rend="petit left"><hi>10</hi> Дм. Алекс. Дьяков. О нем см. прим. 4 к п. № 9.</p>
<p rend="petit left"><hi>11</hi> Бар. Герман Егор. Ферзен. О нем см. прим. 2 к п. № 12.</p>
<p rend="petit left"><hi>12</hi> Кн. Георг. Влад. Львов. О нем см. вступ. прим. к п. № 94.</p>
<p rend="petit left"><hi>13</hi> Борис Сем. Озеров. О нем см. прим. 3 к п. № <hi style="opdelimiter">12.</hi><hi style="opnumber">185</hi></p>
<p rend="petit left"><hi>14</hi> Влад. Алдр., Мих. Алдр. и Конст. Алдр. Иславины. О них см. прим. 10 к п. № 12.</p>
<p rend="petit left"><hi>15</hi> Кн. Алдр. Алекс. и Луиза Ив. Волконские. О них см. прим. 3 к п. № 41.</p>
<p rend="petit left"><hi>16 </hi>Семья кн. Серг. Дмитр. и Анны Алдр. Горчаковых. О них см. прим. 1 к п. № 7.</p>
<p rend="petit left"><hi>17 </hi>Толстой имеет в виду письмо гр. Д. Н. Толстого от 29 марта 1852 г., которое см. в прим. к п. № 59.</p>
<p rend="petit left"><hi>18</hi> О Шамиле см. прим. 29 к п. № 52.</p>
<p rend="petit left"><hi>19</hi> Об этой истории записано в дневнике Толстого под этим же числом: «В 1-м часу ночи разбудил меня Буемский и крики у соседей. Старика ранили; я вел себя необдуманно и слабо, но не неприлично».</p>
<p rend="petit left"><hi>20</hi> Продолжительная лихорадка.</p>
<p rend="petit left">Записи о болезни Ванюшки идут в дневнике Толстого с 9 июня. Под 23 июня записано: «Ванюшка плох», под 25 июня: «Ванюшке лучше».</p>
<p rend="petit left">На это письмо гр. C. Н. Толстой ответил таким письмом из Пирогова от 14 июля 1852 г.</p>
<p rend="petit left">«Любезный Леон! Левон! Ты укоряешь меня в том, что я долго не отвечал на твое письмо, виноват в этом частью ты сам, потому что ты в одно и то же время пишешь и мне и Валериану об одном и том же предмете, и мы могли бы, естьли бы мы не видались бы перед этим, наделать у тебя разные беспорядки, но так как письма твои к нам обоим пришли почти в одно и то же время, то я и предоставил бразды правления Валериану, а почему я их ему оставил, увидишь из нижеследующего. Нет, не подумай пожалуйста из начала моего письма, что я не сурьезно подумал о твоих мне поручениях, напротив, я от того тебе долго и не отвечал, потому что я всё был в нерешимости, взять ли на себя управление Ясною, или нет, но когда приехал Валериан за 100 верст для ревизии Андрея, то я решился в это не входить, потому что он, естьли не сведущей меня в хозяйском деле, то уже наверно гораздо терпеливее, что по моему нужнее, и он, естьли ты пришлешь ему доверенность (что между прочим вещь необходимая), вероятно, не устроив тебе никакого заправского хозяйства, по крайней мере не допустит Андрея или его преемника, естьли таковой будет, тебя, как ты справедливо выражаешься, <hi>бессовество грабить.</hi> Поэтому (обращаюсь опять к началу моего письма), зная, что Валериан тебе обо всем писал и начал, сколько мог, твоими делами заниматься, и что от замедления мною ответа на твое письмо никакого ущерба тебе произойти не может, я и предался по сие время столь нам Толстым обычной и приятной лени, ни мало не упираясь на оную, ни мало не думая, чтобы ты за это стал на меня претендовать, но медиатор наш — тётинька — Татьяна Александровна, как мне не <choice><reg>безызвестно</reg><orig>безъизвестно</orig></choice>, писала тебе письмо с целью меня оправдать и в котором письме, как мне то же не <choice><reg>безызвестно</reg><orig>безъизвестно</orig></choice>, ma tante a abusé des mots [тетенька злоупотребила словами] <hi>доверенность</hi>, <hi>опекунский совет</hi>, <hi>долги</hi> etc. (и т. д.).</p>
<p rend="petit left">Сережа, по врожденной ему деликатности où Valerien a bien lavé la tête à André qui a pourtant beaucoup pleuré et s’est repentit [где Валериан хорошо намылил голову Андрею, который много плакал и раскаялся] и т. д. слов и фраз, которые, как дошли до меня слухи через самую <hi style="opdelimiter">же</hi><hi style="opnumber">186</hi> <hi style="npnumber">187</hi><hi style="npdelimiter">тетеньку</hi> (ибо я этого письма не читал, но выведал содержание оного третрёзным образом) стояли в этом письме без всякой видимой связи и цели. Но кстати, хороши же и ты ей <hi>цедулъки</hi> пишешь. Я одну из последних как то видел. Я не говорю, чтобы вовсе не надо было выписывать тирад из М-me de Genlis и ей подобных, но не следует этого употреблять во зло, и, хотя ты это делаешь с похвальной целью и сделать удовольствие на твои дусёры (до-усёру) sont jusqu’à un tel point cousus à fil blanc [до такой степени шиты белыми нитками], что, смотри, как бы она этого не раскусила. Ты просишь меня прислать тебе 1-й том <hi>Новой Елоизы; </hi>зачем она тебе? Из писем твоих к тетеньке видно, что ты ее помнишь наизусть. Послушай, я право люблю старуху тетку, но, убей меня бог, Тэмар ман девело [убей меня бог], как говорят цыгане, в экстаз прийти от нее не могу; не знаю, разве расстояние производит такое странное действие, что можно шестидесятилетней женщине писать письма вроде тех, которые писывали в осмьнадцатом веке друг другу страстные любовники, ибо теперь этак и любимой особе не напишешь просто вот что: [нарисовано сердце, пронзенное стрелой, и купидон с луком]. Ну, брат, видно Николенька правду сказал, что у вас здесь в Азии голодуха на женщин. Тебя просто за 5000 верст [<hi>1 неразобр</hi>.] берет. (Знаешь что? я так тебя однако мало знаю, и ты такой странный и переменчивый человек, что мне приходит в голову, не обиделся бы ты за это, что я тебе теперь пишу, и не скажешь ли ты, что я профанирую твое возвышенное чувство к тетке, но знай же, что я сам ее очень люблю.) Не думай, что я всё буду тебе писать о пустяках. Я сел с тем, чтобы писать тебе о деле и дать тебе еще несколько советов, не зная, вкусишь ли ты их или нет. Письмо мое будет, естьли не помешает Маша (которая еще у меня, и <hi>о </hi>которой я буду писать после обстоятельно, и которая терпеть не может, когда пишут или вообще что-нибудь делают) бесконечное: я сегодня в таком писательном расположении духа, что готов уничтожить, кажется, всю попавшуюся мне почтовую бумагу, но всё-таки не изолью всех толпящихся на моем челе (vieux style [старый стиль]) мыслей. — Знаешь ли, что несмотря на неудобство письма я (то есть, говоря собственно о себе) никогда изустно не разговорился бы с тобой так, как я это теперь делаю. — Знаешь ли, отчего я тебе долго не писал? Причиною тому были твои письма зимой ко мне, Митиньке, Дьякову, Перфильевым и еще кажется кому-то; все эти письма пришли с одной почтой, все были одного формата, одним манером свернуты, слог в них был почти во всех один и тот же, обороты фраз одинакие, и я, прочитав сперва мое письмо, с большим удовольствием хотел вслед же отвечать (но ты был в Москве), увидав другие письма, подобные моему, заметил, что это было вовсе не письмо, а какой то циркуляр (вроде тех, которые Щелин посылает дворянам), написанный, вероятно, тобою в то время, когда с тобой делаются припадки оригинальности. Может, впрочем, это мне так показалось, и во всех этих письмах не было ничего необыкновенного, но однако я невольно, сам не зная почему, замедлил к тебе ответом. Главное сделало на меня странное впечатление твое письмо к Митеньке. Он получил и читал его при мне; письмо (естьли ты помнишь его и помнишь Митеньку), было вовсе не в его духе, и Митенька, прочитав это письмо, <hi style="opdelimiter">посмотрел</hi><hi style="opnumber">187</hi> <hi style="npnumber">188</hi><hi style="npdelimiter">на</hi> меня очень пристально, сделал головой и шеей известное тебе движение и кликнул. Продолжение впредь». (Письмо не опубликовано; подлинник в АТБ.)</p>
<p rend="petit left"><hi>Андрей</hi> — Андр. Ил. Соболев. <hi>Жанлис</hi>— Стефания Фелисита (1746—1831) — французская писательница. <hi>Щелин</hi> — Дмитрий Матвеевич. О нем. см. прим. 10 к п. № 56. <hi>Письмо к гр. Д. Н. Толстому</hi> не сохранилось.</p>
</comments></div></body>
        </text>
        </TEI>