<?xml version='1.0' encoding='UTF-8' standalone='no'?>

<TEI xmlns="http://www.tei-c.org/ns/1.0">
       <teiHeader>
          <fileDesc>
             <titleStmt>
                <title>Письмо №* 185. Т. А. Ергольской.</title>
             </titleStmt>
             <publicationStmt>
                <publisher>TolstoyLab</publisher>
                <date when="2015-09-14">14 September 2015</date>
             </publicationStmt>
             <sourceDesc>
                <biblStruct>
                   <analytic>
                      <author>Толстой Л.Н.</author>
                   </analytic>
                   <monogr>
                      <title level="m">Полное собрание сочинений. Том 60</title>
                      <imprint>
                         <pubPlace>Москва</pubPlace>
                         <publisher>Государственное издательство "Художественная литература"</publisher>
                         <date when="1949"/>
                      </imprint>
                   </monogr>
                   <series>
                      <title level="s">Л.Н. Толстой. Полное собрание сочинений</title>
                      <biblScope unit="vol">60</biblScope>
                   </series>
                </biblStruct>
             </sourceDesc>
          </fileDesc>
          <encodingDesc>
             <tagsDecl> </tagsDecl>
          </encodingDesc>
          <profileDesc>
             <correspDesc>
                <correspAction type="sending">
                   <persName ref="PersonList.xml#L_N_Tolstoy">Л. Н. Толстой</persName>
                   <placeName ref="PlacesListxml#PLACE">Гиер.</placeName>
                   <date when="1860-11">1860 г. Ноября</date>            </correspAction>
                <correspAction type="receiving">
                   <persName ref="PersonList.xml#RECEIVER">Т. А. Ергольской</persName>
                </correspAction>
                <correspContext>
                   <ref type="prev"/>
                </correspContext>
             </correspDesc>
          </profileDesc>
       </teiHeader>
       <xenoData><number type="in a volume">185</number></xenoData>

              <text xml:id="T.A.Ergolskoj_185">
	<body><div>
		<opener index="false">
* 185. Т. А. Ергольской.
1860 г. Ноября середина. Гиер.
</opener>
<p rend="Obrashenie left">Chère tante!</p>
<p rend="left">Несколько дней тому назад мы получили ваше письмо в ответ на известие; я не тотчас отвечал, потому что нечего было. Мы все в Гиере. Машенька лечится, но здоровье и вид здесь скорее лучше, чем в России. Я живу здесь и думаю съездить в Париж, Лондон, после, но большую часть зимы проведу здесь. Дети здоровы и милы. Николиньку<note xml:id="note1" resp="volume_editor" index="false"> Н. В. Толстой — сын М. Н. Толстой.</note> Маша хотела всё отдать в пансион, но теперь раздумала, и хорошо, потому что, ежели летом она вернется в Россию, то не к чему, а при том новая гувернантка немочка очень старательная и хорошо смотрит за детьми. M-llе Mоrеl<note xml:id="note2" resp="volume_editor" index="false"> См. прим. 4 к п. № 161.</note> заплатили уже и отказали с месяц тому назад, а она всё не уезжает, что для Машеньки неприятно, во-первых, потому что это рассчет, а главное, потому что это путает детей, они не знают, кого слушаться. Что вы, chère tante; как ваше здоровье? Что вы не прогоните монаха,<note xml:id="note3" resp="volume_editor" index="false"> Николай Сергеевич Воейков.</note> ежели он вам скучен? Что Сережа? Приедет ли он сюда? Мне теперь кажется, что лучше бы он сделал, ежели бы не приезжал. Тогда я сгоряча написал, звал его. А обдумав хорошенько, решил, что это совершенно бесполезно. Особенно в Иере я бы не желал его видеть. Мрачнее этого города ничего нельзя представить. Он набит безнадежными чахоточными больными, и каждый день умирают. — Другой листок передайте старосте.<note xml:id="note4" resp="volume_editor" index="false"> «Листка» старосте не сохранилось.</note> Прощайте, целую ваши руки. Пишите нам почаще и поподробнее. Княгиня Голицына не хороша и не молода, но отличная женщина. Она урожденная Дундукова (княжна), зовут ее Елена Александровна.</p>
<comments><p rend="Textpetit_otstup left">Датируется содержанием. Толстой отвечает на не дошедшее до нас письмо Т. А. Ергольской, являвшееся ответом на письмо Толстого от 20 сентября/2 октября и 24—25 сентября/6—7 октября 1860 г.</p>
<p rend="Textpetit_otstup left"><hi>1</hi> Н. В. Толстой — сын М. Н. Толстой.</p>
<p rend="petit left"><hi>2</hi> См. прим. 4 к п. № 161.</p>
<p rend="petit left"><hi>3</hi> Николай Сергеевич Воейков.</p>
<p rend="petit left"><hi>4</hi> «Листка» старосте не сохранилось.</p>
<p rend="petit left">Вторая половина листа письма, адресованная, по всей вероятности, старосте, оторвана.</p>
<p rend="emptyline left"><hi style="opnumber">359</hi> <hi style="npnumber">360</hi></p>
</comments></div></body>
        </text>
        </TEI>