<?xml version='1.0' encoding='UTF-8' standalone='no'?>

<TEI xmlns="http://www.tei-c.org/ns/1.0">
       <teiHeader>
          <fileDesc>
             <titleStmt>
                <title>Письмо №* 306. Военному губернатору г. Тулы и тульскому гражданскому губернатору П. М. Дарагану.</title>
             </titleStmt>
             <publicationStmt>
                <publisher>TolstoyLab</publisher>
                <date when="2015-09-14">14 September 2015</date>
             </publicationStmt>
             <sourceDesc>
                <biblStruct>
                   <analytic>
                      <author>Толстой Л.Н.</author>
                   </analytic>
                   <monogr>
                      <title level="m">Полное собрание сочинений. Том 60</title>
                      <imprint>
                         <pubPlace>Москва</pubPlace>
                         <publisher>Государственное издательство "Художественная литература"</publisher>
                         <date when="1949"/>
                      </imprint>
                   </monogr>
                   <series>
                      <title level="s">Л.Н. Толстой. Полное собрание сочинений</title>
                      <biblScope unit="vol">60</biblScope>
                   </series>
                </biblStruct>
				<bibl>Печатается по автографу, хранящемуся в Тульском архивном бюро, в деле начальника Тульской губернии. «Началось 24 декабря 1862 года, окончено 28 февраля 1863 года». Датируется предположительно.</bibl>
             </sourceDesc>
          </fileDesc>
          <encodingDesc>
             <tagsDecl> </tagsDecl>
          </encodingDesc>
          <profileDesc>
             <correspDesc>
                <correspAction type="sending">
                   <persName ref="PersonList.xml#L_N_Tolstoy">Л. Н. Толстой</persName>
                   <placeName ref="PlacesListxml#PLACE">Я. П.</placeName>
                   <date when="1862-12-24">1862 г. Декабря 24?</date>            </correspAction>
                <correspAction type="receiving">
                   <persName ref="PersonList.xml#RECEIVER">Военному губернатору г. Тулы и тульскому гражданскому губернатору П. М. Дарагану</persName>
                </correspAction>
                <correspContext>
                   <ref type="prev"/>
                </correspContext>
             </correspDesc>
          </profileDesc>
       </teiHeader>
       <xenoData><number type="in a volume">306</number></xenoData>

              <text xml:id="Voennomugubernatorug.TulyitulskomugrazhdanskomugubernatoruDaraganuP.M._306">
	<body><div>
		<opener index="false">
* 306. Военному губернатору г. Тулы и тульскому гражданскому губернатору П. М. Дарагану.
1862 г. Декабря 24? Я. П.</opener>
<lb/>
<p rend="left">№ 407.</p>
<p rend="right">24 декабря.</p>
<p rend="subtitle centerline">
<hi rend="Razradka">Докладная записка.</hi>
</p>
<p rend="left">Его превосходительству господину Военному Губернатору г. Тулы и Тульскому Гражданскому Губернатору и <hi style="opdelimiter">кавалеру</hi><hi style="opnumber">509</hi> <hi style="npnumber">510</hi><hi style="npdelimiter">Артиллерии</hi> Поручика Графа Льва Николаевича Толстого. Декабря дня 1862 года. С. Ясная Поляна Крапивенского уезда.</p>
<p rend="left">На земле моей 7-мь лет тому назад, в мое отсутствие построен был питейный дом. И несмотря на неоднократное ходатайство мое о снятии питейного дома и на подаваемые прошения в Крапивенский Уездный Суд и Тульскую Гражданскую Палату, питейный дом оставался на моей земле, не платя мне никакого вознаграждения за пользование ею.</p>
<p rend="left">В настоящее время я вновь просил Крапивенский Земский Суд о снесении с моей земли, без всякого законного основания построенного на ней питейного дома. Земский Суд, вместо распоряжения по моему прошению, сообщил мне справку о том, что питейный дом числится казенным. На каком же основании числится дом казенный, построенный на моей земле и не отчужденный от меня никаким актом, Земский Суд не уведомил меня. Ежели дом зачислен казенным, то это очевидно или злоупотребление или ошибка.</p>
<p rend="left">При новом положении о акцизном сборе злоупотребление или ошибка эта еще более ощутительнее, так как в доме, построенном на моей земле, никто кроме меня не имеет права брать патента на торговлю; а дом этот, как казенный, сдается с торгов частным лицам, а потому покорно прошу Ваше Превосходительство сделать распоряжение об остановке торгов на означенный дом и о исключении его из списка казенных питейных домов Тульской губернии.<note xml:id="note1" resp="volume_editor" index="false"> Как видно из дальнейших документов, хранящихся в Тульском архивном бюро, начальник губернии П. М. Дараган 28 декабря 1862 г. препроводил записку Толстого управляющему питейно-акцизными сборами в Тульской губернии, предложив «доставить по содержанию сведение и заключение». В ответном отношении от 31 декабря 1862 г. управляющий питейно-акцизными сборами М. Языков писал: «Из имеющихся во вверенном мне Акцизном управлении сведений видно: «1. На 6 верст по Тульскому Орловскому шоссе от Ясенковской станции находится строение казенного питейного дома, под названием Яснопольского». В трех следующих затем пунктах отношения делаются ссылки на соответствующие узаконения по вопросу о питейных домах. Смысл этих указаний сводится к тому, что казне предоставлено право строить <hi style="opdelimiter">и</hi><hi style="opnumber">510</hi> <hi style="npnumber">511</hi><hi style="npdelimiter">открывать</hi> кабаки на любой земле, казенной, удельной или помещичьей, «а владельцы оной никакого притязания или препятствия в том делать не должны».</note></p>
<p rend="left">Граф Лев Николаевич Толстой, Поручик Артиллерии.</p>
<comments><p rend="Textpetit_otstup left">Печатается по автографу, хранящемуся в Тульском архивном бюро, в деле начальника Тульской губернии. «Началось 24 декабря 1862 года, окончено 28 февраля 1863 года». Датируется предположительно.</p>
<p rend="Textpetit_otstup left"><hi>1</hi> Как видно из дальнейших документов, хранящихся в Тульском архивном бюро, начальник губернии П. М. Дараган 28 декабря 1862 г. препроводил записку Толстого управляющему питейно-акцизными сборами в Тульской губернии, предложив «доставить по содержанию сведение и заключение». В ответном отношении от 31 декабря 1862 г. управляющий питейно-акцизными сборами М. Языков писал: «Из имеющихся во вверенном мне Акцизном управлении сведений видно: «1. На 6 верст по Тульскому Орловскому шоссе от Ясенковской станции находится строение казенного питейного дома, под названием Яснопольского». В трех следующих затем пунктах отношения делаются ссылки на соответствующие узаконения по вопросу о питейных домах. Смысл этих указаний сводится к тому, что казне предоставлено право строить <hi style="opdelimiter">и</hi><hi style="opnumber">510</hi> <hi style="npnumber">511</hi><hi style="npdelimiter">открывать</hi> кабаки на любой земле, казенной, удельной или помещичьей, «а владельцы оной никакого притязания или препятствия в том делать не должны».</p>
<p rend="petit left">Отношение заканчивается следующим заключением: «На основании вышеприведенных узаконений строение казенного питейного дома, под названием <hi>Яснопольского</hi> [курсив подлинника], должно поступить в ведение акцизного управления, без всякого платежа владельцу за землю, на которой построен этот дом».</p>
<p rend="petit left">В записках С. А. Толстой есть указание, что в 1866 г. Толстой сделал первую пристройку к яснополянскому дому из «упраздненного кабака». В 1889 г., когда Толстой уж не имел отношения к хозяйству, С. А. Толстая заменила ее новой, а часть строительных материалов бывшего кабака употребила на одноэтажную небольшую пристройку нового входа в дом. Эта пристройка к дому существует и теперь.</p>
<p rend="petit left">На основании этих данных можно заключить, что кабак просуществовал с 1855 по 1866 г., оставив по себе настолько крепкую память в потомстве, что гора, на которой он стоял, долго называлась «Кабацкой».</p>
<p rend="petit left">В 1928 г. ко дню столетия Л. Н. Толстого на этом месте была открыта школа-десятилетка имени Толстого, разгромленная в декабре 1941 г. немецкими фашистами при бегстве их из Ясной Поляны и восстановленная в 1948 г.</p>
</comments></div></body>
        </text>
        </TEI>