<?xml version='1.0' encoding='UTF-8' standalone='no'?>

<TEI xmlns="http://www.tei-c.org/ns/1.0">
       <teiHeader>
          <fileDesc>
             <titleStmt>
                <title>Письмо №* 296. Приставу 2 стана Крапивенского уезда.</title>
             </titleStmt>
             <publicationStmt>
                <publisher>TolstoyLab</publisher>
                <date when="2015-09-14">14 September 2015</date>
             </publicationStmt>
             <sourceDesc>
                <biblStruct>
                   <analytic>
                      <author>Толстой Л.Н.</author>
                   </analytic>
                   <monogr>
                      <title level="m">Полное собрание сочинений. Том 60</title>
                      <imprint>
                         <pubPlace>Москва</pubPlace>
                         <publisher>Государственное издательство "Художественная литература"</publisher>
                         <date when="1949"/>
                      </imprint>
                   </monogr>
                   <series>
                      <title level="s">Л.Н. Толстой. Полное собрание сочинений</title>
                      <biblScope unit="vol">60</biblScope>
                   </series>
                </biblStruct>
				<bibl>Печатается по подлиннику, хранящемуся в Тульском архивном бюро, в фонде Тульского губернского по крестьянским делам присутствия. Дело на 9 страницах. «Сведение» написано чужой рукой; Толстому принадлежит только подпись.</bibl>
             </sourceDesc>
          </fileDesc>
          <encodingDesc>
             <tagsDecl> </tagsDecl>
          </encodingDesc>
          <profileDesc>
             <correspDesc>
                <correspAction type="sending">
                   <persName ref="PersonList.xml#L_N_Tolstoy">Л. Н. Толстой</persName>
                   <placeName ref="PlacesListxml#PLACE">Я. П.</placeName>
                   <date when="1861-11-10">1861 г. Ноября 10.</date>            </correspAction>
                <correspAction type="receiving">
                   <persName ref="PersonList.xml#RECEIVER">Приставу 2 стана Крапивенского уезда</persName>
                </correspAction>
                <correspContext>
                   <ref type="prev"/>
                </correspContext>
             </correspDesc>
          </profileDesc>
       </teiHeader>
       <xenoData><number type="in a volume">296</number></xenoData>

              <text xml:id="Pristavu2stanaKrapivenskogouezda_296">
	<body><div>
		<opener index="false">
* 296. Приставу 2 стана Крапивенского уезда.
1861 г. Ноября 10. Я. П.</opener>
<p rend="left">Приставу 2 стана Крапивенского уезда.</p>
<p rend="right">Артиллерии Поручика </p>
<p rend="right">графа Льва Николаевича </p>
<p rend="right"><hi style="Razradka">Толстого.</hi></p>
<p rend="subtitle centerline">
<hi rend="Razradka">Сведение.</hi>
</p>
<p rend="left">На предъявленное мне отношение Тульского Губернского Присутствия от 10 октября за № 1801 имею честь объяснить, что увольнительные акты мною выданы дворовым людям села Никольского не в зимнее время, но еще в июле месяце, но за отсутствием подписи свидетелей возвращены мне. Вторично посланы 30 августа, но почему не переданы дворовым людям, мне неизвестно. Что же касается до мнимого оставления мною без крова и средств к жизни дворовых людей, то хотя Сведение это и несправедливо, я имею честь уведомить, что не считаю нужным давать в отношении помещения дворовых людей никакого обязательства, предоставляя это дело, как зависящее от частной благотворительности и потому не подлежащее суждению мировых учреждений, своему личному усмотрению. Вместе с тем покорно прошу Губернское Присутствие принять необходимые меры для выдачи увольнительных актов, ибо ежели в продолжении трех месяцев увольнительные акты могли быть не выданы дворовым людям, нет <hi style="opdelimiter">причины</hi><hi style="opnumber">497</hi> <hi style="npnumber">498</hi><hi style="npdelimiter">предполагать,</hi> чтобы выдача эта не оттянулась и до будущей зимы.</p>
<p rend="left">10 ноября 1861 г.</p>
<p rend="right">Гр. Л. Толстой.</p>
<comments><p rend="Textpetit_otstup left">Печатается по подлиннику, хранящемуся в Тульском архивном бюро, в фонде Тульского губернского по крестьянским делам присутствия. Дело на 9 страницах. «Сведение» написано чужой рукой; Толстому принадлежит только подпись.</p>
<p rend="petit left">Дело началось рапортом чернского исправника начальнику губернии от 28 сентября 1861 г. за 625, в котором он просил указаний относительно того, как поступить с бывшими дворовыми гр. Л. Н. Толстого по селу Никольскому-Вяземскому, упорно отказывающимися принять от помещика увольнительные акты. (Всего двадцать пять семейств, в количестве ста девятнадцати человек.) Губернатор направил рапорт в Тульское губернское по крестьянским делам присутствие для получения отзыва Толстого и принятия законных мер. В ответ на этот запрос Толстой дал печатаемое «сведение». Тульское губернское по крестьянским делам присутствие в заседании 30 декабря 1861 г. установило, что помещики имеют право увольнять своих дворовых до истечения двухгодичного срока после их освобождения от крепостной зависимости и что Толстой выполнил все требования, связанные с этим досрочным увольнением, и постановлено выдать дворовым людям увольнительные акты через Чернский земский суд.</p>
</comments></div></body>
        </text>
        </TEI>