<?xml version='1.0' encoding='UTF-8' standalone='no'?>

<TEI xmlns="http://www.tei-c.org/ns/1.0">
       <teiHeader>
          <fileDesc>
             <titleStmt>
                <title>Письмо №* 78. Гр. С. Н. Толстому.</title>
             </titleStmt>
             <publicationStmt>
                <publisher>TolstoyLab</publisher>
                <date when="2015-09-14">14 September 2015</date>
             </publicationStmt>
             <sourceDesc>
                <biblStruct>
                   <analytic>
                      <author>Толстой Л.Н.</author>
                   </analytic>
                   <monogr>
                      <title level="m">Полное собрание сочинений. Том 59</title>
                      <imprint>
                         <pubPlace>Москва</pubPlace>
                         <publisher>Государственное издательство "Художественная литература"</publisher>
                         <date when="1935"/>
                      </imprint>
                   </monogr>
                   <series>
                      <title level="s">Л.Н. Толстой. Полное собрание сочинений</title>
                      <biblScope unit="vol">59</biblScope>
                   </series>
                </biblStruct>
				<bibl>Печатается полностью по автографу, хранящемуся в ГТМ. Впервые отрывок из письма напечатан П. И. Бирюковым в Б, 1906, стр. 224; несколько <hi>больше</hi> дано П. А. Сергеенко в ПТС, 1, стр. 32.</bibl>
             </sourceDesc>
          </fileDesc>
          <encodingDesc>
             <tagsDecl> </tagsDecl>
          </encodingDesc>
          <profileDesc>
             <correspDesc>
                <correspAction type="sending">
                   <persName ref="PersonList.xml#L_N_Tolstoy">Л. Н. Толстой</persName>
                   <placeName ref="PlacesListxml#PLACE">Пятигорск.</placeName>
                   <date when="1853-07-20">1853 г. Июля 20.</date>            </correspAction>
                <correspAction type="receiving">
                   <persName ref="PersonList.xml#RECEIVER">Гр. С. Н. Толстому</persName>
                </correspAction>
                <correspContext>
                   <ref type="prev"/>
                </correspContext>
             </correspDesc>
          </profileDesc>
       </teiHeader>
       <xenoData><number type="in a volume">78</number></xenoData>

              <text xml:id="Gr.S.N.Tolstomu_78">
	<body><div>
		<opener index="false">
* 78. Гр. С. Н. Толстому.
1853 г. Июля 20. Пятигорск.</opener>
<p rend="right">20 Іюля.</p>
<p rend="left">Я уже <choice><reg>писал</reg><orig>писалъ</orig></choice> <choice><reg>тебе</reg><orig>тебѣ</orig></choice>, кажется, что я <choice><reg>подал</reg><orig>подалъ</orig></choice> <choice><reg>в</reg><orig>въ</orig></choice> отставку. <choice><reg>Бог</reg><orig>Богъ</orig></choice> <choice><reg>знает</reg><orig>знаетъ</orig></choice>, однако, <choice><reg>выйдет</reg><orig>выйдетъ</orig></choice> ли и когда она <choice><reg>выйдет</reg><orig>выйдетъ</orig></choice> теперь, по случаю войны <choice><reg>с</reg><orig>съ</orig></choice> <choice><reg>Турцией</reg><orig>Турцiей</orig></choice>.<note xml:id="note1" resp="volume_editor" index="false">Гр. Мар. Ник. и Валер. Петр. Толстые.</note> — Это очень <choice><reg>беспокоит</reg><orig>безпокоитъ</orig></choice> меня, потому что теперь я уже <choice><reg>так</reg><orig>такъ</orig></choice> <choice><reg>привык</reg><orig>привыкъ</orig></choice> <choice><reg>к</reg><orig>къ</orig></choice> счастливой мысли поселиться скоро <choice><reg>в</reg><orig>въ</orig></choice> <choice><reg>деревне</reg><orig>деревнѣ</orig></choice>, что вернуться опять <choice><reg>в</reg><orig>въ</orig></choice> <choice original_editorial_correction='Староглад[ковскую]'><sic>Староглад</sic><corr>Старогладковскую</corr></choice> и ожидать до <choice><reg>бесконечности</reg><orig>безконечности</orig></choice> — <choice><reg>так</reg><orig>такъ</orig></choice>, <choice><reg>как</reg><orig>какъ</orig></choice> я ожидаю всего касающагося моей службы — очень <choice><reg>неприятно</reg><orig>непрiятно</orig></choice>. — Недели 1 <hi>1</hi>/<sub>2</sub> тому <choice><reg>назад</reg><orig>назадъ</orig></choice> я <choice><reg>приехал</reg><orig>прiѣхалъ</orig></choice> <choice><reg>в</reg><orig>въ</orig></choice> <choice><reg>Пятигорск</reg><orig>Пятигорскъ</orig></choice> и <choice><reg>должен</reg><orig>долженъ</orig></choice> признаться, что я <choice><reg>ожидал</reg><orig>ожидалъ</orig></choice> гораздо больше <choice><reg>удовольствия</reg><orig>удовольствiя</orig></choice> <choice><reg>от</reg><orig>отъ</orig></choice> <choice><reg>свидания</reg><orig>свиданiя</orig></choice> <choice><reg>с</reg><orig>съ</orig></choice> <choice original_editorial_correction='М[ашей]'><sic>М</sic><corr>Машей</corr></choice> и <choice original_editorial_correction='В[алерьяном]'><sic>В</sic><corr><choice><reg>Валерьяном</reg><orig>Валерьяномъ</orig></choice></corr></choice>,<note xml:id="note3" resp="volume_editor" index="false">обидчивый;</note> <choice><reg>чем</reg><orig>чѣмъ</orig></choice> вышло <choice><reg>в</reg><orig>въ</orig></choice> <choice><reg>действительности</reg><orig>дѣйствительности</orig></choice>. — <choice><reg>Бедная</reg><orig>Бѣдная</orig></choice> Маша <choice><reg>ездит</reg><orig>ѣздитъ</orig></choice> по <choice><reg>здешним</reg><orig>здѣшнимъ</orig></choice> <choice><reg>собраньям</reg><orig>собраньямъ</orig></choice> и <choice><reg>находит</reg><orig>находитъ</orig></choice>, что это очень весело, а я, <choice><reg>как</reg><orig>какъ</orig></choice> ты можешь <choice><reg>себе</reg><orig>себѣ</orig></choice> представить, нахожу, <choice><reg>напротив</reg><orig>напротивъ</orig></choice>, что это очень грустно. Грустно, <choice><reg>вопервых</reg><orig>вопервыхъ</orig></choice>, то, что она <choice><reg>находит</reg><orig>находитъ</orig></choice> <choice><reg>удовольствие</reg><orig>удовольствiе</orig></choice> <choice><reg>в</reg><orig>въ</orig></choice> <choice><reg>дурном</reg><orig>дурномъ</orig></choice> <choice><reg>обществе</reg><orig>обществѣ</orig></choice>, а еще <choice><reg>грустнее</reg><orig>грустнѣе</orig></choice> то, что она <choice><reg>так</reg><orig>такъ</orig></choice> занята этими <choice><reg>удовольствиями</reg><orig>удовольствiями</orig></choice>, что <choice><reg>предпочитает</reg><orig>предпочитаетъ</orig></choice> <choice><reg>их</reg><orig>ихъ</orig></choice> обществу брата, <choice><reg>которого</reg><orig>котораго</orig></choice> не видала 2 года. Но несмотря на это я не могу все таки не радоваться на нее: <choice><reg>как</reg><orig>какъ</orig></choice> она мило, просто и благородно <choice><reg>умеет</reg><orig>умѣетъ</orig></choice> себя держать <choice><reg>везде</reg><orig>вездѣ</orig></choice>. <choice original_editorial_correction='Валер[ьян]'><sic>Валер</sic><corr><choice><reg>Валерьян</reg><orig>Валерьянъ</orig></choice></corr></choice>, <choice><reg>разумеется</reg><orig>разумѣется</orig></choice>, ужасно <choice><reg>крепко</reg><orig>крѣпко</orig></choice> <choice><reg>целовал</reg><orig>цѣловалъ</orig></choice> и <choice><reg>обнимал</reg><orig>обнималъ</orig></choice> меня и <choice><reg>сейчас</reg><orig>сейчасъ</orig></choice> же <choice><reg>после</reg><orig>послѣ</orig></choice> <choice><reg>этих</reg><orig>этихъ</orig></choice> <choice><reg>объятий</reg><orig>объятiй</orig></choice> <choice><reg>замолчал</reg><orig>замолчалъ</orig></choice> и не <choice><reg>знал</reg><orig>зналъ</orig></choice>, что говорить со мной. — Надобно знать, <choice><reg>как</reg><orig>какъ</orig></choice> я <choice><reg>был</reg><orig>былъ</orig></choice> <choice><reg>экзальтирован</reg><orig>экзальтированъ</orig></choice> и <choice><reg>как</reg><orig>какъ</orig></choice> много <choice><reg>ожидал</reg><orig>ожидалъ</orig></choice> <choice><reg>от</reg><orig>отъ</orig></choice> <choice><reg>свидания</reg><orig>свиданiя</orig></choice> <choice><reg>с</reg><orig>съ</orig></choice> <hi style="opdelimiter"><choice original_editorial_correction='В[алерьяном]'><sic>В</sic><corr><choice><reg>Валерьяном</reg><orig>Валерьяномъ</orig></choice></corr></choice></hi><hi style="opnumber">241</hi> <hi style="npnumber">242</hi><hi style="npdelimiter">и</hi> <choice original_editorial_correction='М[ашей]'><sic>М</sic><corr>Машей</corr></choice>, чтобы понять, <choice><reg>как</reg><orig>какъ</orig></choice> сильно я разочаровался. <choice><reg>Может</reg><orig>Можетъ</orig></choice> быть я, <choice><reg>как</reg><orig>какъ</orig></choice> и всегда, <choice><reg>был</reg><orig>былъ</orig></choice> <choice><reg>слишком</reg><orig>слишкомъ</orig></choice> susceptible;<note xml:id="note4" resp="volume_editor" index="false">В дневнике Толстого под 9—15 июля записано: «Уехал из Старогладковской без малейшего сожаления... Приехав в Пятигорск, нашел Машу, пустившуюся в здешний свет. Мне было больно видеть это — не думаю, чтобы от зависти, но неприятно было расстаться с убеждением, что она исключительно мать семейства. Впрочем она так наивно мила, что в скверном здешнем обществе остается благородной... Как не достает у Валериана и Николеньки такта, чтобы не смеяться над наружностью и манерами людей, когда сами они так плохи в этих отношениях. Вообще мне было тяжело и грустно. Этого чувства я не испытаю, я уверен, свидевшись с Сережей, а еще более с Татьяной Александровной». Под 18 июля: «Холодность ко мне моих родных мучает меня».</note> но <choice><reg>действительно</reg><orig>дѣйствительно</orig></choice> <choice><reg>в</reg><orig>въ</orig></choice> <choice><reg>две</reg><orig>двѣ</orig></choice> <choice><reg>недели</reg><orig>недѣли</orig></choice>, <choice><reg>которые</reg><orig>которыя</orig></choice> я <choice><reg>с</reg><orig>съ</orig></choice> ними, я не <choice><reg>слыхал</reg><orig>слыхалъ</orig></choice> ни <choice><reg>от</reg><orig>отъ</orig></choice> того ни <choice><reg>от</reg><orig>отъ</orig></choice> <choice><reg>другого</reg><orig>другаго</orig></choice> ни <choice><reg>одного</reg><orig>однаго</orig></choice> не <choice><reg>нежного</reg><orig>нѣжного</orig></choice> — (<choice><reg>нежности</reg><orig>нѣжности</orig></choice> пожалуй), но <choice><reg>душевного</reg><orig>душевнаго</orig></choice> слова, которое бы доказывало, что меня <choice><reg>любят</reg><orig>любятъ</orig></choice>, что я что нибудь значу <choice><reg>в</reg><orig>въ</orig></choice> <choice><reg>их</reg><orig>ихъ</orig></choice> жизни. Все это я пишу <choice><reg>тебе</reg><orig>тебѣ</orig></choice> <choice><reg>смело</reg><orig>смѣло</orig></choice>, не боясь, чтобы при <choice><reg>моем</reg><orig>моемъ</orig></choice> <choice><reg>свидании</reg><orig>свиданiи</orig></choice> <choice><reg>с</reg><orig>съ</orig></choice> тобой, случилось тоже самое. Мы уже это испытывали <choice><reg>нераз</reg><orig>неразъ</orig></choice>, и не <choice><reg>может</reg><orig>можетъ</orig></choice> быть иначе, потому что ни между <choice><reg>кем</reg><orig>кѣмъ</orig></choice> <choice><reg>из</reg><orig>изъ</orig></choice> <choice><reg>братьев</reg><orig>братьевъ</orig></choice> <choice><reg>нет</reg><orig>нѣтъ</orig></choice> <choice><reg>так</reg><orig>такъ</orig></choice> много <choice><reg>общего</reg><orig>общаго</orig></choice>, <choice><reg>как</reg><orig>какъ</orig></choice> между нами <choice><reg>с</reg><orig>съ</orig></choice> тобой, и никто <choice><reg>друг</reg><orig>другъ</orig></choice> друга <choice><reg>так</reg><orig>такъ</orig></choice> хорошо не <choice><reg>понимает</reg><orig>понимаетъ</orig></choice>. <choice><reg>Вот</reg><orig>Вотъ</orig></choice> тоже <choice original_editorial_correction='тет[енька]'><sic>тет</sic><corr>тетенька</corr></choice> <choice original_editorial_correction='Т[атьяна]'><sic>Т</sic><corr>Татьяна</corr></choice> <choice original_editorial_correction='А[лександровна]'><sic>А</sic><corr>Александровна</corr></choice> я <choice><reg>уверен</reg><orig>увѣренъ</orig></choice>, что, ежелибы я <choice><reg>с</reg><orig>съ</orig></choice> ней 2 <choice><reg>века</reg><orig>вѣка</orig></choice> не видался, я нисколько не ошибся бы <choice><reg>в</reg><orig>въ</orig></choice> <choice><reg>наслаждении</reg><orig>наслажденiи</orig></choice>, которое я ожидаю <choice><reg>от</reg><orig>отъ</orig></choice> свиданья <choice><reg>с</reg><orig>съ</orig></choice> ней.<hi>4</hi> — Благодарю тебя за твои <choice><reg>распоряжения</reg><orig>распоряженiя</orig></choice> по Ясному. Я <choice><reg>уверен</reg><orig>увѣренъ</orig></choice>, что, ежели ты <choice><reg>раз</reg><orig>разъ</orig></choice> принялся, то они <choice><reg>будут</reg><orig>будутъ</orig></choice> не только хороши, но отличны. — Я <choice><reg>просил</reg><orig>просилъ</orig></choice> прислать <choice><reg>в</reg><orig>въ</orig></choice> <choice><reg>разных</reg><orig>разныхъ</orig></choice> <choice><reg>письмах</reg><orig>письмахъ</orig></choice> 200 р. с.; прикажи это <choice><reg>сделать</reg><orig>сдѣлать</orig></choice>. — </p>
<p rend="left"><choice original_editorial_correction='Валер[ян]'><sic>Валер</sic><corr><choice><reg>Валерян</reg><orig>Валерянъ</orig></choice></corr></choice> <choice><reg>говорил</reg><orig>говорилъ</orig></choice> <choice><reg>мне</reg><orig>мнѣ</orig></choice>, что за <choice><reg>дом</reg><orig>домъ</orig></choice> можно взять тысячи 2 сер.; <choice><reg>сделай</reg><orig>сдѣлай</orig></choice> <choice><reg>одолжение</reg><orig>одолженiе</orig></choice>, узнай настоящую <choice><reg>цену</reg><orig>цѣну</orig></choice> <choice><reg>от</reg><orig>отъ</orig></choice> <choice><reg>покупщиков</reg><orig>покупщиковъ</orig></choice>, ежели таковые есть — я бы <choice><reg>желал</reg><orig>желалъ</orig></choice> продать <choice><reg>дом</reg><orig>домъ</orig></choice> <choice><reg>без</reg><orig>безъ</orig></choice> себя. — Прощай, о <choice><reg>себе</reg><orig>себѣ</orig></choice> ничего не пишу, потому что нахожусь <choice><reg>в</reg><orig>въ</orig></choice> <choice><reg>самом</reg><orig>самомъ</orig></choice> <choice><reg>неприятном</reg><orig>непрiятномъ</orig></choice> <choice><reg>положении</reg><orig>положенiи</orig></choice> <choice><reg>кеизвестности</reg><orig>кеизвѣстности</orig></choice> <choice><reg>насчет</reg><orig>насчетъ</orig></choice> моей отставки, которая для меня теперь <choice><reg>составляет</reg><orig>составляетъ</orig></choice> <choice><reg>важнейший</reg><orig>важнѣйшiй</orig></choice> <choice><reg>интерес</reg><orig>интересъ</orig></choice> <choice><reg>в</reg><orig>въ</orig></choice> жизни. Толковать <choice><reg>тебе</reg><orig>тебѣ</orig></choice> все было бы долго, <choice><reg>дело</reg><orig>дѣло</orig></choice> <choice><reg>в</reg><orig>въ</orig></choice> <choice><reg>том</reg><orig>томъ</orig></choice>, что или очень скоро, или очень не скоро я буду <choice><reg>свободен</reg><orig>свободенъ</orig></choice>. <choice><reg>От</reg><orig>Отъ</orig></choice> <choice original_editorial_correction='Мит[иньки]'><sic>Мит</sic><corr>Митиньки</corr></choice> я <choice><reg>получил</reg><orig>получилъ</orig></choice> письмо, <choice><reg>в</reg><orig>въ</orig></choice> <choice><reg>котором</reg><orig>которомъ</orig></choice> <choice><reg>он</reg><orig>онъ</orig></choice> <choice><reg>просит</reg><orig>проситъ</orig></choice> меня рекомендовать <choice><reg>какие-то</reg><orig>какiе-то</orig></choice> <choice><reg>химические</reg><orig>химическiе</orig></choice> припасы <choice><reg>из</reg><orig>изъ</orig></choice> его лавки. Очень грустно. Все пишу, но мало и дурно; для того, чтобы писать хорошо, нужно душевное <choice><reg>спокойствие</reg><orig>спокойствiе</orig></choice>, <choice><reg>которого</reg><orig>котораго</orig></choice> у меня <choice><reg>нет</reg><orig>нѣтъ</orig></choice>. <choice><reg>В</reg><orig>Въ</orig></choice> карты я не играю, и <choice><reg>долгов</reg><orig>долговъ</orig></choice> у меня <choice original_editorial_correction='нак[онец]'><sic>нак</sic><corr><choice><reg>наконец</reg><orig>наконецъ</orig></choice></corr></choice> 50 ц. <choice><reg>Алексееву</reg><orig>Алексѣеву</orig></choice>. — </p>
<comments><p rend="Textpetit_otstup left">Печатается полностью по автографу, хранящемуся в ГТМ. Впервые отрывок из письма напечатан П. И. Бирюковым в Б, 1906, стр. 224; несколько <hi>больше</hi> дано П. А. Сергеенко в ПТС, 1, стр. 32.</p>
<p rend="petit left">Высочайший манифест о занятии русскими войсками Дунайских княжеств был издан 14 июня 1853 г. Поводом к войне между Россией и Турцией (1853—1856) в союзе с Англией, Францией и Сардинским королевством послужил восточный вопрос. Военные действия происходили на Дунае, Балтийском море и в Малой Азии, но главным образом в <hi style="opdelimiter">Крыму.</hi><hi style="opnumber">242</hi></p>
<p rend="petit left"><hi style="npnumber">243</hi><hi style="npdelimiter">Относительно</hi> отставки Толстого Мооро писал ему 6 июля 1853 г.: «Милостивый государь Лев Николаевич. От генерала дано согласие на представление вас в офицеры полевой артиллерии, и может быть вас произведут без экзаменов, а представление выйдет не скоро. — Теперь Эдуард Владимирович приостановил вашу отставку, и спрашивает, будете ли вы ожидать производство или представить вас к увольнению от службы? Если вам придется ехать на экзамен в Петербург, то это выгоднее для вас, чем ехать на дом в резервную дивизию — что неизбежно с представлением вас к производству в пехоту. Потрудитесь уведомить скорее о решении вашем для доклада генералу, и дальнейшее распоряжение относительно отставки. — С истинным почтением имею честь быть милостивый государь вашим покорным слугою Г. Мооро».</p>
<p rend="petit left"><hi>Эдуард Владимирович — </hi>Бриммер. О нем см. прим. 2 к п. № 49.</p>
<p rend="petit left">Об этом письме Мооро в дневнике Толстого под 24 июля записано: «Получил письмо от Мооро: Бриммер задержал мою отставку».</p>
<p rend="petit left">Из письма Мооро видно, что Толстой в решении своем выйти в отставку уже поколебался. Под 4 июля в дневнике записано: «Алексеев пришел и заговорил о моей службе; это так взволновало меня, что я целый день писал письмо к Бриммеру и кажется написал хорошо». Письмо это неизвестно. Под 9—15 июля в дневнике записано: «Послал письмо... Бриммеру — порядочное и Мооро — скверное». Вероятно, эти письма были еще не об отставке, а об отпуске. Писал об этом Толстой и Н. П. Алексееву. Последний ответил письмом: «Милостивый государь Лев Николаевич. Я не могу вам дать отпуска до отставки вашей, а потому просил бригадного командира Левина, чтоб показывать вас в командировке в Москве за покупкою амуниции, но полковник не согласился на это; но просил передать вам просить отсрочки. Пишите Мооро и просите генерала, — всё будет по вашему желанию. Очень жалею, что не могу исполнить вашего желания. Примите уверения в искреннем почтении к вам вашего покорного слуги Н. Алексеева. 6 июля, 1853 г.». (Письмо не опубликовано; подлинник в АТБ.)</p>
<p rend="petit left">Вероятно, по получении этого письма Толстой записал в дневнике 4 сентября: «... ни отставки, ни отпуска мне нельзя дать».</p>
<p rend="petit left"><hi>2 </hi>Гр. Мар. Ник. и Валер. Петр. Толстые.</p>
<p rend="petit left"><hi>3 </hi>обидчивый;</p>
<p rend="petit left"><hi>4 </hi>В дневнике Толстого под 9—15 июля записано: «Уехал из Старогладковской без малейшего сожаления... Приехав в Пятигорск, нашел Машу, пустившуюся в здешний свет. Мне было больно видеть это — не думаю, чтобы от зависти, но неприятно было расстаться с убеждением, что она исключительно мать семейства. Впрочем она так наивно мила, что в скверном здешнем обществе остается благородной... Как не достает у Валериана и Николеньки такта, чтобы не смеяться над наружностью и манерами людей, когда сами они так плохи в этих отношениях. Вообще мне было тяжело и грустно. Этого чувства я не испытаю, я уверен, свидевшись с Сережей, а еще более с Татьяной Александровной». Под 18 июля: «Холодность ко мне моих родных мучает меня».</p>
<p rend="left secend"><hi style="opnumber">243</hi> <hi style="npnumber">244</hi></p>
</comments></div></body>
        </text>
        </TEI>