<?xml version='1.0' encoding='UTF-8' standalone='no'?>

<TEI xmlns="http://www.tei-c.org/ns/1.0">
       <teiHeader>
          <fileDesc>
             <titleStmt>
                <title>Письмо №* 383. H. Н. Страхову.</title>
             </titleStmt>
             <publicationStmt>
                <publisher>TolstoyLab</publisher>
                <date when="2015-09-14">14 September 2015</date>
             </publicationStmt>
             <sourceDesc>
                <biblStruct>
                   <analytic>
                      <author>Толстой Л.Н.</author>
                   </analytic>
                   <monogr>
                      <title level="m">Полное собрание сочинений. Том 61</title>
                      <imprint>
                         <pubPlace>Москва</pubPlace>
                         <publisher>Государственное издательство "Художественная литература"</publisher>
                         <date when="1953"/>
                      </imprint>
                   </monogr>
                   <series>
                      <title level="s">Л.Н. Толстой. Полное собрание сочинений</title>
                      <biblScope unit="vol">61</biblScope>
                   </series>
                </biblStruct>
             </sourceDesc>
          </fileDesc>
          <encodingDesc>
             <tagsDecl> </tagsDecl>
          </encodingDesc>
          <profileDesc>
             <correspDesc>
                <correspAction type="sending">
                   <persName ref="PersonList.xml#L_N_Tolstoy">Л. Н. Толстой</persName>
                   <placeName ref="PlacesListxml#PLACE">Я. П.</placeName>
                   <date when="1872-07-02">1872 г. Июля 2.</date>            </correspAction>
                <correspAction type="receiving">
                   <persName ref="PersonList.xml#RECEIVER">H. Н. Страхову</persName>
                </correspAction>
                <correspContext>
                   <ref type="prev">Ответ на неизвестное письмо H. Н. Страхова.</ref>
                </correspContext>
             </correspDesc>
          </profileDesc>
       </teiHeader>
       <xenoData><number type="in a volume">383</number></xenoData>

              <text xml:id="H__N__Straxovu_383">
	<body><div>
		<opener index="false">
* 383. H. Н. Страхову.
1872 г. Июля 2. Я. П.</opener>
<p rend="left">Я послал телеграмму,<note xml:id="note1" resp="volume_editor" index="false">В журнале «Всемирная иллюстрация», № 181 от 17 июня 1872г., была напечатана анонимная статья «Литературное обозрение», посвященная разбору вновь вышедших художественных произведений. На первое место среди них автор статьи ставит «Кавказского пленника» за «доведенную до апогея» художественную простоту рассказа. «Дальше итти некуда, — пишет он, — и перед этой величественной простотой совершенно исчезают и стушевываются самые талантливые попытки в том же роде западных писателей... «Кавказским пленником» окончательно разрешен вопрос о том, как следует писать для народа, вопрос, который и доныне еще не разрешен и на Западе, несмотря на бесчисленное множество более или менее удачных попыток его разрешения. Граф Толстой не признает необходимости каких бы то ни было подделок под простонародный язык, но в то же время явно высказывается за необходимость особого <hi style="opdelimiter">слога</hi><hi style="opnumber">300</hi> <hi style="npnumber">301</hi><hi style="npdelimiter">в</hi> рассказах, предназначенных для простолюдинов... «Кавказский пленник» написан совершенно особым, новым языком. Простота изложения поставлена в нем на первом плане. Нет ни одного лишнего слова, ни одной стилистической прикрасы... невольно изумляешься этой невероятной, небывалой сдержанности, этому аскетически строгому исполнению, этой взятой на себя задаче рассказать народу интересные для него события, «не мудрствуя лукаво». Это — подвиг, который, пожалуй, окажется не под силу ни одному из прочих корифеев нашей современной литературы». Автором этой статьи Страхов считал поэта К. К. Случевского (см. ПС, письмо от 4—5 мая 1875 г.).</note> что на всё согласен, и в письме относительно типографских условий могу только повторить то же. Больше — меньше на 100 р. не делают никакой разницы. Теперь ответы на ваши вопросы и новые вопросы. Экземпляров 3600. Я бы печатал и больше, но прежде выручки не хотелось бы делать большой затраты на бумагу. Заинтересовать Лемана можно тем, что если он сделает работу хорошо и в срок, то 2-е издание буду делать у него же. Бумагу можно взять получше.</p>
<p rend="left">В <choice original_editorial_correction='Азб[уке]'><sic>Азб</sic><corr>Азбуке</corr></choice> с картинками я не нашел на <hi>И</hi> лучше иголки. Если найдете лучше, то сделайте, а нет, то перерисовать и получше. На <hi>О</hi> значит ось. Крестьянские мальчики узнавали; но нельзя ли пояснее перерисовать. Я не мог найти на <hi>О</hi> кроме облака невозможные и ось, a то всё выговаривается <hi>а.</hi> Арбуз перерисовать. —</p>
<p rend="left">Эзоп и вообще все орфографические сомнения разрешите, как хотите.<hi>2</hi></p>
<p rend="left">Вопросы: 1) не пугает вас скучная работа в славянском? В 3-й книге есть житие, не конченное переводом. Только начато и отмечено по оригиналу, откуда докуда перевести. Можно ли так вам прислать? 2) Есть кое-где выноски непонятных слов для <choice original_editorial_correction='крестьян[ских]'><sic>крестьян</sic><corr>крестьянских</corr></choice> детей, <choice original_editorial_correction='н[а]п[ример'><sic>нп[ример</sic><corr>например</corr></choice>]: <hi>питания</hi>; мне хотелось сделать выноски непонятных для <choice original_editorial_correction='госп[одских]'><sic>госп</sic><corr>господских</corr></choice> детей слов. Советуете ли вы? Я не сделал потому, что не знаю хорошенько, что может быть непонятно. Как скажете? 3) Не задержит ли Азбука — изображения? Я 5-го еду в Москву и пришлю оттуда доски и вылитое; но то, что вновь надо резать, как-то <hi>к</hi> и др., не задержало бы? 4) Не можете ли вы сделать <hi style="opdelimiter">приблизительную</hi><hi style="opnumber">299</hi> <hi style="npnumber">300</hi><hi style="npdelimiter">смету,</hi> когда сколько денег нужно высылать? 5) Когда понадобятся 3-я и 4-я книги? Они сейчас готовы; но я всё вожусь с ними. И на днях 5-го еду на 3 недели в Самару и хотел их взять с собой. Если может быть нужно для успеха типографии сразу набирать и дальнейшие книги, то я пришлю сейчас. Вы пишете, что не будете мне мешать и советовать. Я этого-то и боюсь. Если бы книга вышла без вас в Москве, я бы просил вашего совета. Пожалуйста замечайте мне всё, что неприятно поразит вас. Если бы я писал сразу и был очень доволен тем, что написал, то я никому бы не верил и не изменял; а я всё пишу и это писал и составлял с трудом и сомнениями и переделывал всё по 10 раз; поэтому всегда и готов изменить и выкинуть как только мне укажут, что и почему нехорошо. Очень благодарен за иллюстрацию. К стыду своему признаюсь, что она меня очень порадовала. Я так готовился, что никто не поймет, что принимаю это как сюрприз.<hi>3</hi> —</p>
<p rend="left">Не могу вам выразить, как я вам благодарен за то чувство спокойствия, <choice original_editorial_correction='кот[орое]'><sic>кот</sic><corr>которое</corr></choice> испытываю, зная, что книга в ваших руках.</p>
<p rend="left">Когда поеду в Самару, разумеется напишу и дам адрес. Деньги будут в Ясной у жены, и она вышлет по вашему требованию. Пишите на мое имя. Мой адрес будет: <hi>в Самару.</hi> Впрочем может случиться, что я и не уеду. Перед самым отъездом я напишу вам из Москвы.</p>
<p rend="right">Ваш Л. Толстой.</p>
<comments><p rend="Textpetit_otstup left">На автографе пометка Страхова: «2 июля 1872».</p>
<p rend="petit left">Два небольших отрывка опубликованы в Г, II, стр. 131 и 141. Ответ на неизвестное письмо H. Н. Страхова.</p>
<p rend="Textpetit_otstup left"><hi>1</hi> Телеграмма неизвестна.</p>
<p rend="petit left"><hi>2</hi> В оглавлении к «Азбуке» написано «Езоп».</p>
<p rend="Textpetit_otstup left"><hi>3</hi>В журнале «Всемирная иллюстрация», № 181 от 17 июня 1872г., была напечатана анонимная статья «Литературное обозрение», посвященная разбору вновь вышедших художественных произведений. На первое место среди них автор статьи ставит «Кавказского пленника» за «доведенную до апогея» художественную простоту рассказа. «Дальше итти некуда, — пишет он, — и перед этой величественной простотой совершенно исчезают и стушевываются самые талантливые попытки в том же роде западных писателей... «Кавказским пленником» окончательно разрешен вопрос о том, как следует писать для народа, вопрос, который и доныне еще не разрешен и на Западе, несмотря на бесчисленное множество более или менее удачных попыток его разрешения. Граф Толстой не признает необходимости каких бы то ни было подделок под простонародный язык, но в то же время явно высказывается за необходимость особого <hi style="opdelimiter">слога</hi><hi style="opnumber">300</hi> <hi style="npnumber">301</hi><hi style="npdelimiter">в</hi> рассказах, предназначенных для простолюдинов... «Кавказский пленник» написан совершенно особым, новым языком. Простота изложения поставлена в нем на первом плане. Нет ни одного лишнего слова, ни одной стилистической прикрасы... невольно изумляешься этой невероятной, небывалой сдержанности, этому аскетически строгому исполнению, этой взятой на себя задаче рассказать народу интересные для него события, «не мудрствуя лукаво». Это — подвиг, который, пожалуй, окажется не под силу ни одному из прочих корифеев нашей современной литературы». Автором этой статьи Страхов считал поэта К. К. Случевского (см. ПС, письмо от 4—5 мая 1875 г.).</p>
</comments></div></body>
        </text>
        </TEI>