<?xml version='1.0' encoding='UTF-8' standalone='no'?>

<TEI xmlns="http://www.tei-c.org/ns/1.0">
       <teiHeader>
          <fileDesc>
             <titleStmt>
                <title>Письмо №* 7. Т. А. Ергольской и гр. Е. А. Толстой.</title>
             </titleStmt>
             <publicationStmt>
                <publisher>TolstoyLab</publisher>
                <date when="2015-09-14">14 September 2015</date>
             </publicationStmt>
             <sourceDesc>
                <biblStruct>
                   <analytic>
                      <author>Толстой Л.Н.</author>
                   </analytic>
                   <monogr>
                      <title level="m">Полное собрание сочинений. Том 59</title>
                      <imprint>
                         <pubPlace>Москва</pubPlace>
                         <publisher>Государственное издательство "Художественная литература"</publisher>
                         <date when="1935"/>
                      </imprint>
                   </monogr>
                   <series>
                      <title level="s">Л.Н. Толстой. Полное собрание сочинений</title>
                      <biblScope unit="vol">59</biblScope>
                   </series>
                </biblStruct>
				<bibl>Печатается по автографу, хранящемуся в АТБ. Публикуется впервые. Судя по содержанию, письмо было написано между письмом от 18 октября и письмом от 27 октября 1848 г.</bibl>
             </sourceDesc>
          </fileDesc>
          <encodingDesc>
             <tagsDecl> </tagsDecl>
          </encodingDesc>
          <profileDesc>
             <correspDesc>
                <correspAction type="sending">
                   <persName ref="PersonList.xml#L_N_Tolstoy">Л. Н. Толстой</persName>
                   <placeName ref="PlacesListxml#PLACE">Москва.</placeName>
                   <date when="1848-10-19">1848 г. Октября 19.</date>            </correspAction>
                <correspAction type="receiving">
                   <persName ref="PersonList.xml#RECEIVER">Т. А. Ергольской и гр. Е. А. Толстой</persName>
                </correspAction>
                <correspContext>
                   <ref type="prev"/>
                </correspContext>
             </correspDesc>
          </profileDesc>
       </teiHeader>
       <xenoData><number type="in a volume">7</number></xenoData>

              <text xml:id="T.A.Ergolskoj_7">
	<body><div>
		<opener index="false">
* 7. Т. А. Ергольской и гр. Е. А. Толстой.
1848 г. Октября 19...26. Москва.</opener>
<p rend="left">La nouvelle qu’on m’a donnée à la Banque est <choice original_editorial_correction='vrai[e]'><sic>vrai</sic><corr>vraie</corr></choice> je ne puis concevoir quelle est la cause de cette méprise. Dites, je vous prie, mes chères tantes, à André qu’il m’envoie les quittances des payements faits l’année 1848. — Dites aussi à Valérien qu’il tâche de se procurer de l’argent pour payer au moins quelque partie de la somme de 1195 roub. arg. d’arriérés qu’il nous reste à payer à tout deux. — Je me porte assez bien et me traite de même. Je n’ai pas encore commencé mes occupations par ce que j’ai trop peu de temps à moi; tantôt ce sont les affaires, tantôt ce sont les personnes qui viennent qui me dérangent.</p>
<p rend="left">Adieu. Que faites vous?</p>
<p rend="left">Gomment va la santé de Marie. Où est Serge? Pourquoi ne m’écrivez vous pas?</p>
<p rend="left">La Princesse Serge<note xml:id="note1" resp="volume_editor" index="false">Кн. Анна Александровна Горчакова, рожд. Шереметева (р. 14 апреля 1800 г., ум. 12 апреля 1882 г.), жена троюродного дяди Толстого кн. Сергея Дмитриевича Горчакова (1794—1873), в 1844—1849 гг. бывшего директором 1-го отделения Экспедиции сохранной казны. У них было шесть дочерей и три сына. Толстой был близок с семьей кн. Горчаковых, живших до 1853 (?) г. на Сивцевом Вражке (теперь дом № 29). В «Детстве» и «Юности» кн. Горчаковы изображены в лице «князей Карнаковых». Гр. Сергей Николаевич Толстой писал Льву Николаевичу в 1852 г., что кн. Горчакова «или себя не узнает или показывает, что не узнает» в кн. Карнаковой.</note> est tout entichée de Dmitri<note xml:id="note2" resp="volume_editor" index="false">Гр. Дмитрий Николаевич Толстой. О нем см. прим. 5 к п. № 84.</note> d’après ce que je lui ai raconté et elle m’a absolument recommandé de lui dire qu’elle l’aime beaucoup et qu’elle a grande envie de le voir.</p>
<p rend="left">Dans l’armoire qui reste chez Marie il y a 4 volumes reliés du Dictionaire<note xml:id="note3" resp="volume_editor" index="false"> О каком словаре идет речь, сказать невозможно.</note> Enciclopédique que vous aurez la bonté de m’envoyer.</p>
<p rend="left">Je baise les mains à ma <choice original_editorial_correction='t[ante]'><sic>t</sic><corr>tante</corr></choice> Lise,<note xml:id="note4" resp="volume_editor" index="false">Гр. Елизавета Александровна Толстая. О ней см. прим. 7 к п. № 4.</note> embrasse Mar. et Valérien. Никол. Cepг.<note xml:id="note5" resp="volume_editor" index="false"> Николай Сергеевич Воейков (1803—18..), сын тульского помещика, брат опекуна малолетних Толстых Александра Сергеевича Воейкова (о нем см. прим. 5 к п. № 45), в молодости служил в гусарах, потом был монахом, но за пьянство из монастыря был выгнан, опустился и жил приживальщиком главным образом у гр. H. Н. Толстого, часто бывая в Ясной поляне и Пирогове. Фет так описывает его внешность в 1859 г.: «красивый старик с белыми, как лунь, вьющимися волосами и такою же бородою пышным веером, одетый в безукоризненно белую парусинную рясу». Юродствовавший алкоголик, немилосердно вравший, Воейков производил впечатление не совсем нормального человека, да может быть и был таким. В 1905 г. (2 августа) Толстой с сестрой Марьей Николаевной вспоминали Воейкова, и на вопрос Марьи Николаевны, почему Лев Николаевич не описал его, Толстой ответил: «Бывают в жизни события и люди, как в природе картины, которых описать нельзя: они слишком исключительны и кажутся неправдоподобными. Воейков был такой. Диккенс таких описывал». Тем не менее в наброске «Два спутника», относящемся к 1870-ым годам, Толстой в лице «Николая Петровича» несомненно изобразил Воейкова. В архиве Толстого сохранилось письмо Н. С. Воейкова (с приписками гр. Сергея Николаевича) от 6 января 1852 г. О Н. С. Воейкове см. А. Фет «Мои воспоминания», М. 1890 г., т. I, стр. 295—297; Кузминская Т. А. «Моя жизнь дома и в Ясной поляне»; Гольденвейзер А. Б. «Вблизи Толстого», М. 1922, т. I, стр. 161.</note> кланяюсь.</p>
<comments><p rend="Textpetit_otstup left">Известие, которое я получил в банке, верно, я не могу представить себе причину этого недоразумения. Пожалуйста, милые тетеньки, скажите Андрею, чтобы он выслал мне все квитанции платежей за 1848 г. — Скажите тоже Валерьяну, чтобы он постарался добыть денег для уплаты, хотя части просроченной суммы 1195 руб. сер., которые нам двоим остается уплатить. — Здоровье мое недурно, и лечение тоже. Заниматься еще не начинал, потому что не располагаю своим временем: то — дела, то приходящие мне метают.</p>
<p rend="petit left">Прощайте. Что вы поделываете?</p>
<p rend="petit left">Как здоровье Машеньки? Где Сережа? Почему вы мне не пишете?</p>
<p rend="petit left">Жена кн. Сергея<note xml:id="note6" resp="volume_editor" index="false">Кн. Анна Александровна Горчакова, рожд. Шереметева (р. 14 апреля 1800 г., ум. 12 апреля 1882 г.), жена троюродного дяди Толстого кн. Сергея Дмитриевича Горчакова (1794—1873), в 1844—1849 гг. бывшего директором 1-го отделения Экспедиции сохранной казны. У них было шесть дочерей и три сына. Толстой был близок с семьей кн. Горчаковых, живших до 1853 (?) г. на Сивцевом Вражке (теперь дом № 29). В «Детстве» и «Юности» кн. Горчаковы изображены в лице «князей Карнаковых». Гр. Сергей Николаевич Толстой писал Льву Николаевичу в 1852 г., что кн. Горчакова «или себя не узнает или показывает, что не узнает» в кн. Карнаковой.</note> увлеклась Митей<note xml:id="note7" resp="volume_editor" index="false">Гр. Дмитрий Николаевич Толстой. О нем см. прим. 5 к п. № 84.</note> по моим рассказам и настоятельно поручила мне сказать ему, что она его очень любит и хочет видеть. <hi style="opdelimiter">—</hi><hi style="opnumber">21</hi></p>
<p rend="petit left"><hi style="npnumber">22</hi><hi style="npdelimiter">В</hi> шкапу, который стоит у Машеньки, находятся 4 переплетенных тома энциклопедического словаря.<note xml:id="note8" resp="volume_editor" index="false"> О каком словаре идет речь, сказать невозможно.</note> Пришлите мне его, пожалуйста. —</p>
<p rend="petit left">Целую руки тетеньке Лизе<note xml:id="note9" resp="volume_editor" index="false">Гр. Елизавета Александровна Толстая. О ней см. прим. 7 к п. № 4.</note> и. целую Машеньку и Валерьяна. * Никол. Серг.<note xml:id="note10" resp="volume_editor" index="false"> Николай Сергеевич Воейков (1803—18..), сын тульского помещика, брат опекуна малолетних Толстых Александра Сергеевича Воейкова (о нем см. прим. 5 к п. № 45), в молодости служил в гусарах, потом был монахом, но за пьянство из монастыря был выгнан, опустился и жил приживальщиком главным образом у гр. H. Н. Толстого, часто бывая в Ясной поляне и Пирогове. Фет так описывает его внешность в 1859 г.: «красивый старик с белыми, как лунь, вьющимися волосами и такою же бородою пышным веером, одетый в безукоризненно белую парусинную рясу». Юродствовавший алкоголик, немилосердно вравший, Воейков производил впечатление не совсем нормального человека, да может быть и был таким. В 1905 г. (2 августа) Толстой с сестрой Марьей Николаевной вспоминали Воейкова, и на вопрос Марьи Николаевны, почему Лев Николаевич не описал его, Толстой ответил: «Бывают в жизни события и люди, как в природе картины, которых описать нельзя: они слишком исключительны и кажутся неправдоподобными. Воейков был такой. Диккенс таких описывал». Тем не менее в наброске «Два спутника», относящемся к 1870-ым годам, Толстой в лице «Николая Петровича» несомненно изобразил Воейкова. В архиве Толстого сохранилось письмо Н. С. Воейкова (с приписками гр. Сергея Николаевича) от 6 января 1852 г. О Н. С. Воейкове см. А. Фет «Мои воспоминания», М. 1890 г., т. I, стр. 295—297; Кузминская Т. А. «Моя жизнь дома и в Ясной поляне»; Гольденвейзер А. Б. «Вблизи Толстого», М. 1922, т. I, стр. 161.</note> кланяюсь.*</p>
<p rend="Textpetit_otstup left">Печатается по автографу, хранящемуся в АТБ. Публикуется впервые. Судя по содержанию, письмо было написано между письмом от 18 октября и письмом от 27 октября 1848 г.</p>
<p rend="Textpetit_otstup left"><hi>1 </hi>Кн. Анна Александровна Горчакова, рожд. Шереметева (р. 14 апреля 1800 г., ум. 12 апреля 1882 г.), жена троюродного дяди Толстого кн. Сергея Дмитриевича Горчакова (1794—1873), в 1844—1849 гг. бывшего директором 1-го отделения Экспедиции сохранной казны. У них было шесть дочерей и три сына. Толстой был близок с семьей кн. Горчаковых, живших до 1853 (?) г. на Сивцевом Вражке (теперь дом № 29). В «Детстве» и «Юности» кн. Горчаковы изображены в лице «князей Карнаковых». Гр. Сергей Николаевич Толстой писал Льву Николаевичу в 1852 г., что кн. Горчакова «или себя не узнает или показывает, что не узнает» в кн. Карнаковой.</p>
<p rend="petit left"><hi>2 </hi>Гр. Дмитрий Николаевич Толстой. О нем см. прим. 5 к п. № 84.</p>
<p rend="petit left"><hi>3</hi> О каком словаре идет речь, сказать невозможно.</p>
<p rend="petit left"><hi>4 </hi>Гр. Елизавета Александровна Толстая. О ней см. прим. 7 к п. № 4.</p>
<p rend="petit left"><hi>5</hi> Николай Сергеевич Воейков (1803—18..), сын тульского помещика, брат опекуна малолетних Толстых Александра Сергеевича Воейкова (о нем см. прим. 5 к п. № 45), в молодости служил в гусарах, потом был монахом, но за пьянство из монастыря был выгнан, опустился и жил приживальщиком главным образом у гр. H. Н. Толстого, часто бывая в Ясной поляне и Пирогове. Фет так описывает его внешность в 1859 г.: «красивый старик с белыми, как лунь, вьющимися волосами и такою же бородою пышным веером, одетый в безукоризненно белую парусинную рясу». Юродствовавший алкоголик, немилосердно вравший, Воейков производил впечатление не совсем нормального человека, да может быть и был таким. В 1905 г. (2 августа) Толстой с сестрой Марьей Николаевной вспоминали Воейкова, и на вопрос Марьи Николаевны, почему Лев Николаевич не описал его, Толстой ответил: «Бывают в жизни события и люди, как в природе картины, которых описать нельзя: они слишком исключительны и кажутся неправдоподобными. Воейков был такой. Диккенс таких описывал». Тем не менее в наброске «Два спутника», относящемся к 1870-ым годам, Толстой в лице «Николая Петровича» несомненно изобразил Воейкова. В архиве Толстого сохранилось письмо Н. С. Воейкова (с приписками гр. Сергея Николаевича) от 6 января 1852 г. О Н. С. Воейкове см. А. Фет «Мои воспоминания», М. 1890 г., т. I, стр. 295—297; Кузминская Т. А. «Моя жизнь дома и в Ясной поляне»; Гольденвейзер А. Б. «Вблизи Толстого», М. 1922, т. I, стр. 161.</p>
</comments></div></body>
        </text>
        </TEI>