<?xml version='1.0' encoding='UTF-8' standalone='no'?>

<TEI xmlns="http://www.tei-c.org/ns/1.0">
       <teiHeader>
          <fileDesc>
             <titleStmt>
                <title>Письмо №* 392. H. Н. Страхову.</title>
             </titleStmt>
             <publicationStmt>
                <publisher>TolstoyLab</publisher>
                <date when="2015-09-14">14 September 2015</date>
             </publicationStmt>
             <sourceDesc>
                <biblStruct>
                   <analytic>
                      <author>Толстой Л.Н.</author>
                   </analytic>
                   <monogr>
                      <title level="m">Полное собрание сочинений. Том 61</title>
                      <imprint>
                         <pubPlace>Москва</pubPlace>
                         <publisher>Государственное издательство "Художественная литература"</publisher>
                         <date when="1953"/>
                      </imprint>
                   </monogr>
                   <series>
                      <title level="s">Л.Н. Толстой. Полное собрание сочинений</title>
                      <biblScope unit="vol">61</biblScope>
                   </series>
                </biblStruct>
             </sourceDesc>
          </fileDesc>
          <encodingDesc>
             <tagsDecl> </tagsDecl>
          </encodingDesc>
          <profileDesc>
             <correspDesc>
                <correspAction type="sending">
                   <persName ref="PersonList.xml#L_N_Tolstoy">Л. Н. Толстой</persName>
                   <placeName ref="PlacesListxml#PLACE">Тула.</placeName>
                   <date when="1872-08-06">1872 г. Августа 6.</date>            </correspAction>
                <correspAction type="receiving">
                   <persName ref="PersonList.xml#RECEIVER">H. Н. Страхову</persName>
                </correspAction>
                <correspContext>
                   <ref type="prev">Ответ на несохранившееся письмо H. Н. Страхова, присланное вместе с первыми корректурами «Азбуки».</ref>
                </correspContext>
             </correspDesc>
          </profileDesc>
       </teiHeader>
       <xenoData><number type="in a volume">392</number></xenoData>

              <text xml:id="H__N__Straxovu_392">
	<body><div>
		<opener index="false">
* 392. H. Н. Страхову.
1872 г. Августа 6...7. Тула.</opener>
<p rend="left">Радостное письмо ваше и три печатных листа получил вчера и спешу послать вам 230 р. денег и ответы на ваши вопросы. —</p>
<p rend="left">1) Отделы не называйте, а сделайте так, как вы предлагаете.<note xml:id="note1" resp="volume_editor" index="false"> Отделы в «Азбуке» обозначены римскими цифрами.</note> 2) Море выпустите.<note xml:id="note2" resp="volume_editor" index="false"> В первой книге «Азбуки» есть рассказы «Море», стр. 72, и «Куда девается вода из моря», стр. 98.</note> А какие объяснения из научного вы выпустили, пожалуйста, напишите мне. Я всё помню и пойму с намека.</p>
<p rend="left">3) Исправление перевода летописи предоставляю вам и, как и во всем другом, вполне на вас полагаюсь.</p>
<p rend="left">4) <hi>Ледянки</hi><note xml:id="note3" resp="volume_editor" index="false"> См. рассказ «Как меня не взяли в город», там же, стр. 77—78.</note> — это обмазанные и замороженные скамейки и корытцы, на <choice original_editorial_correction='кот[орых]'><sic>кот</sic><corr>которых</corr></choice> катаются. <hi>Попясться</hi> для меня обыкновенное слово, и сильнее, чем <hi>попятиться</hi>.</p>
<p rend="left">5) То, что вы говорите, что выноски к славянскому будут хороши, меня ужасно радует. Я за них боялся.</p>
<p rend="left">6) Отступление в шрифте несть важность. —</p>
<p rend="left">А издание и отчетливость работы удивительны. Я никогда не мечтал, чтобы было так хорошо. Радуюсь тому, что вы полюбили это мое дельцо, потому что без любви нельзя так всего понять до малейших тонкостей, радуюсь потому, что это доказывает, что вы меня любите. А это-то мне дорого. Только не хвалите меня так, это мне вредно от вас, потому что я вам верю. —</p>
<p rend="left">Вы меня поощрили Ермаком,<note xml:id="note4" resp="volume_editor" index="false"> Рассказ «Ермак» — «Азбука», II, стр. 47—56.</note> и я постараюсь прислать к 3-й или 4-й части заброшенную было историческую статейку. Но да не задерживает она ни на час ход работы. Я до одурения занимаюсь эти дни окончанием арифметики. Умножение и деление кончены в III части и кончаю дроби.<note xml:id="note5" resp="volume_editor" index="false"> Дроби были закончены лишь в начале октября (<ref target="file:///Volume_61_H__N__Straxovu_405.xml">см. письмо № 405</ref>).</note> Вы будете <hi style="opdelimiter">смеяться</hi><hi style="opnumber">304</hi> <hi style="npnumber">305</hi><hi style="npdelimiter">надо</hi> мной, что я взялся но за свое дело; но мне кажется, что арифметика будет лучшее в книге.</p>
<p rend="left">Деньги за бумагу остальные 320 р. пришлю не позже 20-го августа. —</p>
<p rend="left">Надеюсь, что здоровье ваше опять хорошо и что вы не тяготитесь этой скучной работой — для вас. Я утешаюсь тем только, что дело летом, и вы не стали бы и так работать серьезное.</p>
<p rend="right">До свиданья. Ваш Л. Толстой.</p>
<comments><p rend="Textpetit_otstup left">Небольшой отрывок опубликован в ПТС, № 76. На автографе пометка Страхова: «7 авг. 1872».</p>
<p rend="petit left">Ответ на несохранившееся письмо H. Н. Страхова, присланное вместе с первыми корректурами «Азбуки».</p>
<p rend="Textpetit_otstup left"><hi>1</hi> Отделы в «Азбуке» обозначены римскими цифрами.</p>
<p rend="petit left"><hi>2</hi> В первой книге «Азбуки» есть рассказы «Море», стр. 72, и «Куда девается вода из моря», стр. 98.</p>
<p rend="petit left"><hi>3</hi> См. рассказ «Как меня не взяли в город», там же, стр. 77—78.</p>
<p rend="petit left"><hi>4</hi> Рассказ «Ермак» — «Азбука», II, стр. 47—56.</p>
<p rend="petit left"><hi>5</hi> Дроби были закончены лишь в начале октября (<ref target="file:///Volume_61_H__N__Straxovu_405.xml">см. письмо № 405</ref>).</p>
</comments></div></body>
        </text>
        </TEI>