<?xml version='1.0' encoding='UTF-8' standalone='no'?>

<TEI xmlns="http://www.tei-c.org/ns/1.0">
       <teiHeader>
          <fileDesc>
             <titleStmt>
                <title>Письмо №* 174. Д. К. Рихау.</title>
             </titleStmt>
             <publicationStmt>
                <publisher>TolstoyLab</publisher>
                <date when="2015-09-14">14 September 2015</date>
             </publicationStmt>
             <sourceDesc>
                <biblStruct>
                   <analytic>
                      <author>Толстой Л.Н.</author>
                   </analytic>
                   <monogr>
                      <title level="m">Полное собрание сочинений. Том 61</title>
                      <imprint>
                         <pubPlace>Москва</pubPlace>
                         <publisher>Государственное издательство "Художественная литература"</publisher>
                         <date when="1953"/>
                      </imprint>
                   </monogr>
                   <series>
                      <title level="s">Л.Н. Толстой. Полное собрание сочинений</title>
                      <biblScope unit="vol">61</biblScope>
                   </series>
                </biblStruct>
             </sourceDesc>
          </fileDesc>
          <encodingDesc>
             <tagsDecl> </tagsDecl>
          </encodingDesc>
          <profileDesc>
             <correspDesc>
                <correspAction type="sending">
                   <persName ref="PersonList.xml#L_N_Tolstoy">Л. Н. Толстой</persName>
                   <placeName ref="PlacesListxml#PLACE">Я. П.</placeName>
                   <date when="1866-08-07">1866 г. Августа 7.</date>            </correspAction>
                <correspAction type="receiving">
                   <persName ref="PersonList.xml#RECEIVER">Д. К. Рихау</persName>
                </correspAction>
                <correspContext>
                   <ref type="prev"/>
                </correspContext>
             </correspDesc>
          </profileDesc>
       </teiHeader>
       <xenoData><number type="in a volume">174</number></xenoData>

              <text xml:id="D__K__Rixau_174">
	<body><div>
		<opener index="false">
* 174. Д. К. Рихау.
1866 г. Августа 7. Я. П.
</opener>
<p rend="Obrashenie left">Милостивый государь!</p>
<p rend="left">Весьма сожалею, что по исполнению политипажей к моему роману явились затруднения. —</p>
<p rend="left">Так как я лично не могу следить и потому судить об этом деле, то я и просил и продолжаю просить М. С. Башилова взять на себя этот труд. Одно, что я могу сказать, это то, что для меня бы было очень прискорбно лишиться вашего добросовестного и искусного <hi style="opdelimiter">содействия.</hi><hi style="opnumber">145</hi></p>
<p rend="left"><hi style="npnumber">146</hi><hi style="npdelimiter">С</hi> этою же почтою я пишу <choice original_editorial_correction='М[ихаилу]'><sic>М</sic><corr>Михаилу</corr></choice> <choice original_editorial_correction='С[ергеевичу]'><sic>С</sic><corr>Сергеевичу</corr></choice>, прося его решить это дело, как он найдет лучшим. Но позвольте вам заметить, милостивый государь, что ежели два рисунка по большому количеству фигур показались для вас требующими большого труда, то было и будет еще много рисунков простых, которые наверстают эту сложность и, что, вообще, в заказе довольно значительном — около 1000 р. — нам надо взаимно сделать друг другу уступки для того, чтобы вам удержать за собою заказ, а мне не лишиться содействия лучшего нашего гравера.</p>
<p rend="left">Поэтому, не говоря о упоминаемых вами двух рисунках, нам надо решить окончательно вопрос о цене для всего заказа, о чем я и прошу <choice original_editorial_correction='М[ихаила]'><sic>М</sic><corr>Михаила</corr></choice> <choice original_editorial_correction='С[ергеевича]'><sic>С</sic><corr>Сергеевича</corr></choice>.</p>
<p rend="left">Что касается до денег, то я могу вас уверить, что в них, в случае нашего согласия в ценах, не будете иметь ни минутной задержки и по условию будете их получать от А. Е. Берс.</p>
<p rend="left">С совершенным почтением</p>
<p rend="center">остаюсь ваш покорный слуга</p>
<p rend="right">гр. Л. Толстой.</p>
<p rend="left">7 августа.</p>
<comments><p rend="Textpetit_otstup left">Год определяется содержанием (ср. письмо № 172).</p>
<p rend="petit left">Даниель-Карл (Карл Иванович) Рихау (1827—1883) — гравер.</p>
</comments></div></body>
        </text>
        </TEI>