<?xml version='1.0' encoding='UTF-8' standalone='no'?>

<TEI xmlns="http://www.tei-c.org/ns/1.0">
       <teiHeader>
          <fileDesc>
             <titleStmt>
                <title>Письмо №297. В Тульское губернское по крестьянским делам присутствие.</title>
             </titleStmt>
             <publicationStmt>
                <publisher>TolstoyLab</publisher>
                <date when="2015-09-14">14 September 2015</date>
             </publicationStmt>
             <sourceDesc>
                <biblStruct>
                   <analytic>
                      <author>Толстой Л.Н.</author>
                   </analytic>
                   <monogr>
                      <title level="m">Полное собрание сочинений. Том 60</title>
                      <imprint>
                         <pubPlace>Москва</pubPlace>
                         <publisher>Государственное издательство "Художественная литература"</publisher>
                         <date when="1949"/>
                      </imprint>
                   </monogr>
                   <series>
                      <title level="s">Л.Н. Толстой. Полное собрание сочинений</title>
                      <biblScope unit="vol">60</biblScope>
                   </series>
                </biblStruct>
             </sourceDesc>
          </fileDesc>
          <encodingDesc>
             <tagsDecl> </tagsDecl>
          </encodingDesc>
          <profileDesc>
             <correspDesc>
                <correspAction type="sending">
                   <persName ref="PersonList.xml#L_N_Tolstoy">Л. Н. Толстой</persName>
                   <placeName ref="PlacesListxml#PLACE">Я. П.</placeName>
                   <date when="1861-11-12">1861 г. Ноября 12.</date>            </correspAction>
                <correspAction type="receiving">
                   <persName ref="PersonList.xml#RECEIVER">В Тульское губернское по крестьянским делам присутствие</persName>
                </correspAction>
                <correspContext>
                   <ref type="prev"/>
                </correspContext>
             </correspDesc>
          </profileDesc>
       </teiHeader>
       <xenoData><number type="in a volume">297</number></xenoData>

              <text xml:id="VTulskoegubernskoepokrestyanskimdelamprisutstvie_297">
	<body><div>
		<opener index="false">
297. В Тульское губернское по крестьянским делам присутствие.
1861 г. Ноября 12. Я. П.</opener>
<p rend="left">№ 373.</p>
<p rend="left">Некоторые сельские общества крестьян<hi>1</hi> заведываемого мною участка изъявили желание открыть сельские школы по прилагаемому уставу, а так как по 8 пункту 51 статьи Общего Положения им, хотя и предоставляется право на совещание об обучении грамоте, но могут ли они основывать такие школы — из Положения не видно; а потому, представляя вопрос этот на разрешение Тульского губернского по крестьянским делам присутствия, покорно прошу о постановлении своем меня уведомить.</p>
<comments><p rend="Textpetit_otstup left">Настоящее отношение и приводимый в примечании устав сельских школ печатается по тексту, опубликованному в «Русской мысли», 1903, IX, стр. 99—100. Местонахождение автографов не установлено. Дата первой <hi style="opdelimiter">публикации.</hi><hi style="opnumber">498</hi></p>
<p rend="Textpetit_otstup left"><hi style="npnumber">499</hi><hi style="npdelimiter"><hi>1</hi> Эти</hi> общества перечислены Толстым в отношении на имя губернского присутствия от 29 ноября 1861 г.</p>
<p rend="petit left">При отношении Толстым был приложен следующий школьный устав:</p>
<lb/>
<p rend="subtitle centerline">
<hi rend="Razradka">Устав сельских школ.</hi>
</p>
<p rend="left">1. Для первоначального устройства школы общество делает сбор от 10 до 15 коп. серебр. с тягла.</p>
<p rend="left">2. За право учения каждого мальчика или девочки назначается плата 80 коп. сер. в месяц.</p>
<p rend="left">3. Плата за учение вносится в первую половину месяца.</p>
<p rend="left">4. Родители могут отдавать детей на месяц и более, но никак не менее одного месяца.</p>
<p rend="left">5. Родители, желающие отдать детей на год, платят в год 4<hi>1</hi>/<sub>2</sub> р. серебром или 1<hi>1</hi>/<sub>2</sub> руб. в треть.</p>
<p rend="left">6. Дети учатся Закону Божию, правильно писать и читать гражданскую и церковную печать, считать на цифрах и на счетах, линейному рисованию и церковному пению — там, где учитель будет иметь необходимые для того познания или священнослужители пожелают принять на себя эту обязанность.</p>
<p rend="left">7. Преподавание Закона Божия поручается местному священнику бесплатно, по распоряжению епархиального начальства, или за вознаграждение, какое назначит само общество.</p>
<p rend="left">8. Ежели в обществе 10 человек взрослых изъявят желание учиться, то два раза в неделю по вечерам в школе будет преподавание Закона Божия, объяснение вопросов, которые будут делать учащиеся, и вообще чтение.</p>
<p rend="left">9. Плата, как общественного сбора, так и учеников, вносится учителю.</p>
<p rend="left">10. Учитель все расходы по содержанию школы принимает на себя, исключая постройки и отопления.</p>
<p rend="Textpetit_otstup left">По постановлению от 20 ноября 1861 г. Тульское губернское присутствие уведомило Толстого: «Порядок открытия училищ для образования детей временно обязанных крестьян указан в общем циркуляре Министерства внутренних дел от 4 ноября сего года, за № 11, расходы же по учреждению обществами или волостями должны быть произведены, согласно п. 10 и 11 ст. 51 и п. 3—5 ст. 78 Общего положения».</p>
<p rend="petit left">29 ноября Толстой вновь обратился по этому же делу в губернское присутствие.</p>
<p rend="emptyline left"><hi style="opnumber">499</hi> <hi style="npnumber">500</hi></p>
</comments></div></body>
        </text>
        </TEI>