<?xml version='1.0' encoding='UTF-8' standalone='no'?>

<TEI xmlns="http://www.tei-c.org/ns/1.0">
       <teiHeader>
          <fileDesc>
             <titleStmt>
                <title>Письмо №* 88. Т. А. Ергольской.</title>
             </titleStmt>
             <publicationStmt>
                <publisher>TolstoyLab</publisher>
                <date when="2015-09-14">14 September 2015</date>
             </publicationStmt>
             <sourceDesc>
                <biblStruct>
                   <analytic>
                      <author>Толстой Л.Н.</author>
                   </analytic>
                   <monogr>
                      <title level="m">Полное собрание сочинений. Том 59</title>
                      <imprint>
                         <pubPlace>Москва</pubPlace>
                         <publisher>Государственное издательство "Художественная литература"</publisher>
                         <date when="1935"/>
                      </imprint>
                   </monogr>
                   <series>
                      <title level="s">Л.Н. Толстой. Полное собрание сочинений</title>
                      <biblScope unit="vol">59</biblScope>
                   </series>
                </biblStruct>
				<bibl>Печатается по автографу, хранящемуся в АТБ. Впервые отрывок из письма напечатан (по-французски и в переводе) П. И. Бирюковым в Б, I, 1906, стр. 233—237; в несколько большем виде (только в переводе) дано П. А. Сергеенко в ПТС, I, стр. 37—41 (с неверной датой «июль 4»). Год определяется почтовым штемпелем: «Тула 1855. февраля 8» и «получено 1855». и пометой на конверте рукой Т. А. Ергольской: «Получила 18 февраля 1855 года»; рукой неизвестного на конверте написано: «За <hi>выездом в Чернь</hi> в сельцо Покровское графа Толстого». На обороте конверта неизвестной рукой: «В Симферополь».</bibl>
             </sourceDesc>
          </fileDesc>
          <encodingDesc>
             <tagsDecl> </tagsDecl>
          </encodingDesc>
          <profileDesc>
             <correspDesc>
                <correspAction type="sending">
                   <persName ref="PersonList.xml#L_N_Tolstoy">Л. Н. Толстой</persName>
                   <placeName ref="PlacesListxml#PLACE">Бухарест.</placeName>
                   <date when="1854-07-05">1854 г. Июля 5.</date>            </correspAction>
                <correspAction type="receiving">
                   <persName ref="PersonList.xml#RECEIVER">Т. А. Ергольской</persName>
                </correspAction>
                <correspContext>
                   <ref type="prev"/>
                </correspContext>
             </correspDesc>
          </profileDesc>
       </teiHeader>
       <xenoData><number type="in a volume">88</number></xenoData>

              <text xml:id="T.A.Ergolskoj_88">
	<body><div>
		<opener index="false">
* 88. Т. А. Ергольской.
1854 г. Июля 5. Бухарест.
</opener>
<p rend="Obrashenie left">Chère et excellente tante!</p>
<p rend="left">Figurez vous, que ce n’est que hier j’ai reçu votre lettre e celle de Dmitri du 14 Avril et écrites encore de Koursk.<note xml:id="note1" resp="volume_editor" index="false"> Письма эти не сохранились.</note> Ré pondre à toutes les lettres que je reçois est devenu pour moi une habitude et répondre aux votres c. à d. penser à vous, causer avec vous est pour moi l’un des plus grands plaisirs. Comme je v-s ai écris, je crois dans ma dernière lettre, je suis pour le moment à Bucharest et y mène une vie tranquille et agréable. Je vais vous parler donc du passé — de mes souvenirs de Silistrie. J’y ai vu tant de choses intéressantes, poétiques et touchantes que le tems que j’y ai passé ne s’effacera jamais de ma mémoire. Notre camp était disposé de l’autre côté du Danube c. à d. sur sa rive droite, sur un terrain très élevé au milieu de superbes jardins apartenant à Moustafa-Pacha, le gouverneur de Silistrie. La vue de cet endroi est non seulement magnifique; mais pour nous tous du plus grand intérêt. Sans parler du Danube, de ses iles et de ses rivages, les uns occupés par nous les autres par les Turcs, on voyait la ville, la forteresse et les petits forts de <hi style="opdelimiter">Silistrie</hi><hi style="opnumber">269</hi> <hi style="npnumber">270</hi><hi style="npdelimiter">comme</hi> sur la main. On entendait les coups de canons et de fusils, qui ne cessaient ni jour ni nuits et avec une lunette d’aproche on pouvait distinguer les soldats Turcs. Il est vrai que c’est un drôle de plaisir que de voir des gens s’entretuer et cependant tous les soirs et matins je me mettais sur ma <hi>повозки</hi> et je restait des heures entières à regarder et ce n’est pas moi seul qui le faisait. Le spectacle était vraiment beau, et surtout la nuit. Les nuits ordinairement nos soldats se mettaient aux travaux des tranchées et les Turcs se jettaient sur eux pour les en empêcher, alors il fallait voir et entendre, cette fusillade. La première nuit que j’ai passé au camp ce bruit terrible m’a réveillé et effrayé, je croyais qu’on allait à l’assaut et j’ai bien vite fait seller mon cheval; mais ceux qui avaient déjà passé quelque tems au camp me dirent que je n’avais qu’à me tenir tranquille, que cette canonade et fusillade était une chose ordinaire et qu’on appelait en plaisantant «Allah». — Alors je me suis recouché, mais ne pouvant m’endormir je me suis amusé ma montre à la main, à compter les coups de canons que j’entendais et j’ai compté 100 explosions dans l’espace d’une minute. Et cependant tout ceci n’a pas du tout de près l’air aussi effrayant que cela le parait. La nuit quand on n’y voyait rien, c’était à qui brulerait le plus de poudre et avec ces milliers de coup de canons on tuait tout au plus une 30-ne d’hommes de part et d’autre. Vous me permettrez chère tante de m’adresser dans cette lettre à Nicolas; car une fois que je me suis mis à donner des détails de la guerre je voudrais continuer et m’adresser à un homme qui me comprenne et vous puisse donner des explications sur ce que vous paraitra obscure. — Ceci donc est le spectacle ordinaire que nous avions tous les jours et dans lesquels quand on m’envoyait avec des ordres dans les tranchées je prenais aussi ma part; mais nous avions aussi des spectacles extraordinaires, comme celui de la veille de l’assaut, quand on a fait sauter une mine de 240 poudes des poudres<note xml:id="note2" resp="volume_editor" index="false"> Толстой, очевидно, имеет в виду взрыв 7 июня в 5<hi>1</hi>/<sub>2</sub> ч. дня бруствера Арабского форта, но у М. И. Богдановича в «Восточной войне 1853—1856 гг.» сказано, что в первой группе зарядов было 105 пудов пороха, <hi>во</hi> второй — 48 пудов и в третьей — 15 (т. II, изд. 2, стр. 97).</note> sous l’un des bastions de l’ennemi. Le matin de cette journée le Prince<note xml:id="note3" resp="volume_editor" index="false"> Кн. Мих. Дм. Горчаков.</note> avait été aux tranchées avec tout son état major (comme le Général<note xml:id="note4" resp="volume_editor" index="false"> Адам Осип. Сержпутовский. См. о нем прим. 3 к п. № 86.</note> auprès du quel je suis en fait partie j’y ai aussi été) pour faire les dispositions définitives pour l’assaut du lendemain<note xml:id="note5" resp="volume_editor" index="false"> Штурм укреплений Араб-Табия и Песчаное был назначен в ночь с 8 на 9 июня. Об отмене штурма Богданович так рассказывает: «Все приготовления к штурму были окончены, и войска уже двинулись на указанные им места, как вдруг около полуночи прибыл адъютант кн. Варшавского, гвардии ротмистр Протасов с предписанием фельдмаршала — немедленно снять осаду и перейти со всеми силами на левую сторону Дуная. Каруца (местная повозка), на которой он мчался под Силистрию, сломалась, и он был принужден пройти пешком несколько верст, отчего приказание об отмене приступа было получено некоторыми войсками только за четверть часа до ракеты — сигнала кровопролитной сечи. Никогда вестник самого бедственного события не был встречен так неприветливо, как встретили наши офицеры и солдаты Протасова. Конечно, отменою штурма были сохранены тысячи храбрых, но они, не помышляя о себе, изъявляли сожаление о товарищах своих, павших в продолжение осады и не отмщенных покорением Силистрии» (т. II, изд. 2, стр. 98—99).</note> le plan — trop long pour que je puisse l’expliquer ici — était si bien fait tout était si bien prévu que personne ne doutait de la réussite. A propos de cela il faut que je vous dise encore que je commence à avoir une admiration pour le prince (au reste <hi style="opdelimiter">il</hi><hi style="opnumber">270</hi> <hi style="npnumber">271</hi><hi style="npdelimiter">faut</hi> en entendre parler parmi les officiers et les soldats — non seulement je n’ai jamais entendu dire du mal de lui mais il est généralement adoré). Je l’ai vu au feu pour la première fois pendant cette matinée. Il faut voir cette figure un peu ridicule avec sa grande taille, ses mains derrière le dos, sa casquette en arrière, ses lunettes et sa manière de parler comme un dindon. — On voit qu’il est tellement occupé de la marche générale des affaires que les balles et les boulets n’existent pas pour lui; il s’expose au danger avec tant de simplicité qu’on dirait qu’il n’en a pas l’idée et qu’involontairement l’on a plus peur pour lui que pour soi même et puis donnant ses ordres avec tant de clarté et de précision et avec ça toujours affable avec chacun. C’est un grand homme c. à d. un homme capable et <hi>honnête</hi> comme je comprends ce mot, un homme qui a voué toute sa vie au service de sa patrie et pas par l’ambition mais par le devoir. Je vais v-s raconter un trait de lui qui se lie à l’histoire de cet assaut manqué que j’ai commencé à raconter; l’après diner du même jour on a fait sauter la mine et près de 500 pieus d’artilerie ont fait feu sur le fort qu’on voulait prendre et ont continué ce feu pendant toute la nuit, ceci était un de ces coups d’oeil et une de ces émotions qu’on n’oublie jamais. Le soir de nouveau le Prince avec tout le tremblement est allé coucher aux tranchées pour diriger soi même l’assaut qui devait commencer à 3 heures de la nuit. — Nous étions tous là et comme toujours à la veille d’une bataille nous faisions tous semblant de ne pas plus penser à la journée de demain qu’à une journée ordinaire et tous j’en suis sûr au fond du coeur ressentaient un petit serrement de coeur (et pas même un petit mais un grand) à l’idée de l’assaut. Comme tu sais Nicolas que le tems qui précède une affaire est le tems le plus désagreable, c’est le seul où on a le tems d’avoir peur et la peur est un sentiment des plus désagreables. Vers le matin plus le moment approchait plus le sentiment diminuait et vers trois heures quand nous attendions tous à voir partir le bouquet de fusées qui était le signal de l’attaque, j’étais si bien disposé que si on venait me dire que l’assaut n’aurait pas lieu cela m’aurait fait beaucoup de peine. Et voila que juste une heure avant le moment de l’assaut arrive un aide de camp du Maréchal avec l’ordre d’ôter le siège de Silistrie. Je puis dire sans craindre de me tromper que cette nouvelle a été reçu par tous — soldats officiers et généraux — comme un vrai malheur, d’autant plus qu’on savait par les <hi style="opdelimiter">espions,</hi><hi style="opnumber">271</hi> <hi style="npnumber">272</hi><hi style="npdelimiter">qui</hi> nous venaient très souvent de Silistrie et avec lesquels j’avais très souvent l’occasion de causer moi-même — on savait que ce fort pris — chose dont personne ne doutait — Silistrie ne pouvait tenir plus de 2, 3 jours. N’est ce pas que si cette nouvelle devait faire de la peine à quelqu’un ce devait être au Prince, qui pendant toute cette campagne ayant fait toutes choses pour le mieux au beau milieu de l’action a venu [?] venir le maréchal sur son dos pour gater les affaires et puis ayant la seule chance de réparer nos revers par cet assaut il reçoit un contre ordre du Maréchal au moment de la commencer. Eh bien le Prince n’a pas eu un moment de mauvaise humeur, lui qui est si impressionable, au contraire il a été content de pouvoir éviter cette boucherie dont il devait porter la responsabilité et tout le tems de la retraite qu’il a dirigé lui même ne voulant passer qu’avec le dernier des soldats qui s’est faite avec un ordre et une exactitude remarquable il a été plus gai qu’il ne l’a jamais été. — Ce qui contribuait beaucoup à sa bonne humeur c’était l’emigration de près de 7 000 familles Bolgars que nous prenions avec pour les sauver de la férocité des Turcs, férocité à laquelle malgré mon incrédulité j’ai été obligé de croire. Dès que nous avons quitté les différents villages Bolgars que nous occupions les Turcs y sont venus et excepté les femmes assez jeunes pour un harem ils ont fait main basse sur tous ce qu’il y avait. Il y a un village dans lequel je suis allé du camp pour y prendre du lait et des fruits qui a été exterminé de la sorte. — Alors dès que le Prince avait fait savoir aux Bolgars que ceux qui le voulaient pouvaient avec l’armée passer le Danube et devenir sujets Russes, tout le pays s’est soulevé et tous avec leur femmes, enfants, chevaux, bétail arrivaient au pont, mais comme il était impossible de les prendre tous le Prince a été obligé de refuser à ceux qui sont venus les derniers et il fallait voir comme cela le chagrinait; il recevait toutes les députations qui venaient de ces pauvres gens, il causait avec chacun d’eux, tâchait de leur expliquer l’impossibilité de la chose, leur proposait de passer sans leur chariots et leur bétails et en se chargeant de leur moyens de subsistance jusqu’à ce qu’il arrivassent en Russie, payait de sa propre bourse des vaisseaux particuliers pour les transporter, en un mot faisant tout son possible pour faire du bien à ces gens. Oui chère tante je voudrais bien que votre prophetie se réalise. La chose que j’ambitionne le plus est d’être l’aide de camp d’un homme comme lui <hi style="opdelimiter">qui</hi><hi style="opnumber">272</hi> <hi style="npnumber">273</hi><hi style="npdelimiter">j’aime</hi> et qui j’estime du plus profond de mon coeur. Adieu chère <hi>et</hi> bonne tante, je baise vos mains. Dites je vous prie à Valérien que je le prie d’ecrire à Пятигорск, au Docteur Drosdoff chez lequel j’ai laissé mon télescope pour le prier de me l’envoyer ici. Je le prie aussi de joindre à cette lettre celle que je lui ai laissé pour Drosdoff<note xml:id="note6" resp="volume_editor" index="false">Иван Ефремович Дроздов (ум. в 1868 г.), штаб-лекарь, помощник главного врача в Пятигорске. В воспоминаниях сына его И. М. Дроздова говорится, что Толстой часто бывал у Дроздовых и, уезжая в Севастополь, в знак памяти, оставил подзорную трубу, которая долго у них хранилась («Русский архив» 1896, № 10, стр. 223).</note> et l’argent que peuvent couter les frais de poste.</p>
<p rend="left">5 Juillet. Bucarest.</p>
<p rend="left">Je félicite Serge sur son jour de naissance. Dites lui je vous prie que c’est mal à lui de ne m’avoir écrit jusqu’à présent. Quoique jusqu’à présent j’ai fait la même chose, je suis plus excusable. 1) parceque je suis seul à écrire à tous et 2) parceque quoique je ne lui écrive pas à lui il lit toujours mes lettres, à vous, à Nicolas ou à Valérien tandis que moi je n’ai de lui d’autres nouvelles qu’il se porte bien et qu’il est allé à Lébédiane. Au reste j’espère, que Nic. Serge et Basil<note xml:id="note7" resp="volume_editor" index="false"> Вас. Степ. Перфильев. О нем см. прим. 4 к п. № 6.</note> penseront à moi quand ils seront ensemble à Béresovka<note xml:id="note8" resp="volume_editor" index="false"> Березовка — имение Перфильевых Тамбовской губ., Лебедянского уезда.</note> et que je recevrai d’eux tous une lettre de là. —</p>
<lb/>
<p rend="left"><hi>На конверте:</hi></p>
<p rend="left">Eя <choice><reg>Высокоблагородию</reg><orig>Высокоблагородiю</orig></choice> <choice><reg>Татьяне</reg><orig>Татьянѣ</orig></choice> <choice><reg>Александровне</reg><orig>Александровнѣ</orig></choice> Ергольской <choice><reg>в</reg><orig>въ</orig></choice> </p>
<p rend="subtitle centerline">
г. Тулу.
</p>
<p rend="Obrashenie petit">
Дорогая и чудесная тетенька!
</p>
<p rend="petit left">Представьте себе, что я только вчера получил ваше и Митенькино письмо от 14-го апреля, писанное еще из Курска.<note xml:id="note9" resp="volume_editor" index="false"> Письма эти не сохранились.</note> Отвечать на все получаемые мною письма, вошло в мою привычку; но отвечать на ваши — т. е. думать о вас, с вами беседовать, одно из величайших моих удовольствий. Как я уже писал вам кажется в своем последнем письме, я в Бухаресте живу покойно и приятно. Итак, рассказывать я буду о прошедшем — свои воспоминании о Силистрии. Столько я видел интересного, поэтического и трогательного, что время, проведенное мною там, никогда не изгладится из моей памяти. Лагерь наш был расположен по ту сторону Дуная, т. е. на правом берегу, на возвышенной местности, среди великолепных садов, принадлежащих Мустафа-Паше, губернатору Силистрии. Расстилающаяся перед глазами местность, не только великолепна, она представляла для всех нас огромный интерес. Не говоря о Дунае, его островах и берегах, одних занятых нами, других турками, как на ладони видны были город, крепость и малые форты Силистрии. Слышна была пушечная пальба и ружейная, не перестающие ни днем, ни ночью, и в подзорную трубу можно было различить турецких солдат. По правде сказать, странное удовольствие глядеть, как люди друг друга убивают, а между тем и утром и вечером я со своей *повозки* целыми часами смотрел на это. И не я один. Зрелище было поистине замечательное, и, в особенности, ночью. Обыкновенно ночью наши солдаты работали на траншеях, турки нападали, чтобы препятствовать этим работам, и надо было видеть и слышать <hi style="opdelimiter">эту</hi><hi style="opnumber">273</hi> <hi style="npnumber">274</hi><hi style="npdelimiter">стрельбу!</hi> В первую ночь, которую я провел в лагере, этот страшный шум разбудил и напугал меня; думая, что это нападение, я поспешил велеть оседлать свою лошадь; но люди, проведшие уже некоторое время в лагере, сказали мне, что беспокоиться нечего, что и канонада такая, и ружейная стрельба вещь обычная, прозванная в шутку «Аллах». — Я лег, но не мог заснуть и стал забавляться тем, что, с часами в руках, считал пушечные выстрелы; насчитал я 100 взрывов в минуту. Вблизи однако всё это не так страшно, как кажется, ночью в полной темноте точно соревновались между собой, кто больше потратит пороха и тысячами пушечных выстрелов убито было самое большое человек 30 с той и другой стороны.</p>
<p rend="petit left">Вы мне позволите, милая тетенька, обратиться в этом письме к Николеньке; начав рассказывать о подробностях войны, я хотел бы продолжать обращаться к мужчине, который поймет меня и сможет разъяснить то, что вам покажется неясным. — Итак, вот что происходило перед нашими глазами ежедневно, а когда меня посылали с приказами в траншеи, и я принимал в нем участие; но бывали у нас и необычайные зрелища, как например, накануне штурма, когда при одном из неприятельских батальонов взорвали мину в 240 пудов пороха.<note xml:id="note10" resp="volume_editor" index="false"> Толстой, очевидно, имеет в виду взрыв 7 июня в 5<hi>1</hi>/<sub>2</sub> ч. дня бруствера Арабского форта, но у М. И. Богдановича в «Восточной войне 1853—1856 гг.» сказано, что в первой группе зарядов было 105 пудов пороха, <hi>во</hi> второй — 48 пудов и в третьей — 15 (т. II, изд. 2, стр. 97).</note> В этот день, поутру, князь<note xml:id="note11" resp="volume_editor" index="false"> Кн. Мих. Дм. Горчаков.</note> был в траншеях со всем генеральным штабом (так как генерал,<note xml:id="note12" resp="volume_editor" index="false"> Адам Осип. Сержпутовский. См. о нем прим. 3 к п. № 86.</note> к которому я прикомандирован, состоит в генеральном штабе, то и я был там) и делал окончательные распоряжения для штурма на следующий день;<note xml:id="note13" resp="volume_editor" index="false"> Штурм укреплений Араб-Табия и Песчаное был назначен в ночь с 8 на 9 июня. Об отмене штурма Богданович так рассказывает: «Все приготовления к штурму были окончены, и войска уже двинулись на указанные им места, как вдруг около полуночи прибыл адъютант кн. Варшавского, гвардии ротмистр Протасов с предписанием фельдмаршала — немедленно снять осаду и перейти со всеми силами на левую сторону Дуная. Каруца (местная повозка), на которой он мчался под Силистрию, сломалась, и он был принужден пройти пешком несколько верст, отчего приказание об отмене приступа было получено некоторыми войсками только за четверть часа до ракеты — сигнала кровопролитной сечи. Никогда вестник самого бедственного события не был встречен так неприветливо, как встретили наши офицеры и солдаты Протасова. Конечно, отменою штурма были сохранены тысячи храбрых, но они, не помышляя о себе, изъявляли сожаление о товарищах своих, павших в продолжение осады и не отмщенных покорением Силистрии» (т. II, изд. 2, стр. 98—99).</note> план — было бы слишком длинно его здесь описывать — был так хорошо составлен, и всё в нем было предусмотрено, что никто не сомневался в успехе. По поводу этого должен вам сказать, что я становлюсь поклонником князя (впрочем, надо послушать, как говорят о нем офицеры и солдаты, — не только я никогда не слышал о нем плохого слова, но все его обожают). Под огнем я его видел впервые в это утро. Надо видеть эту слегка комичную фигуру — большого роста, с руками за спиной, фуражкой на затылке, в очках и с чем-то от индюка в манере говорить. Видно, что он так погружен в общий ход дела, что ни пули, ни бомбы для него не существуют, он подвергается опасности с такой простотой, точно он ее не сознает, и невольно делается страшнее зa него, чем за себя; приказания отдает ясные, точные и при этом всегда приветлив со всеми и с каждым. Это великий человек, т. е. способный и честный, как я понимаю это слово — человек, который всю свою жизнь посвятил службе отечеству и не из честолюбия, а по долгу. Расскажу вам одну подробность о нем, в связи с историей этого неудавшегося штурма, о котором я начал рассказывать. После обеда того же дня, взорвали мину и около 500 артиллерийских орудий [?] стреляли в форт, который собирались взять. Стрельба продолжалась всю ночь напролет; этого зрелища и испытанного волнения забыть невозможно. Ночевать князь отправился со всей свитой [?] в траншеи, чтобы лично распоряжаться штурмом, назначенным на три [часа] ночи. — Мы все были там и, как всегда накануне сражения, делали вид, что завтрашний день озабочивает нас не более, чем обычный, но я уверен, что у всех сердце немножко сжималось (и даже не немножко, а очень сильно), при мысли о штурме. Ты знаешь, Николенька, что время, предшествующее сражению, самое неприятное, это единственное время, когда есть досуг для страха, а страх — одно из самых неприятных чувств. <hi style="opdelimiter">К</hi><hi style="opnumber">274</hi> <hi style="npnumber">275</hi><hi style="npdelimiter">утру,</hi> с приближением момента действия, страх ослабевал, а к трем часам, когда ожидалась ракета, как сигнал к атаке, я был в таком хорошем настроении, что ежели бы пришло известие, что штурма не будет, я бы очень огорчился. И вдруг, как раз за час до назначения штурма, приезжает адъютант фельдмаршала, с приказом снять осаду Силистрии. Могу сказать, что это было принято всеми — солдатами, офицерами, генералами, как настоящее несчастие, тем более, что было известно от шпионов, которые часто являлись к нам из Силистрии и с которыми мне самому приходилось говорить — было известно, что когда овладеют фортом, — а в этом никто не сомневался — Силистрия не сможет продержаться более 2, 3 дней. Полученный приказ должен был больше всех других огорчить князя, не так ли? Во время всей кампании он сделал, что мог, для успеха дела и вдруг в разгар действий является фельдмаршал, который всё разрушает; к тому же, этот штурм был единственной возможностью исправить наши неудачи, а приказ его отменяющий явился за минуту до его исполнения. И что же? Князь не выказал и тени раздражения, а он так впечатлителен, наоборот, он был доволен, что избежал бойни, за которую ответственность ложилась бы на него, и во всё отступление, которым он сам распоряжался, объявив, что двинется лишь за последним солдатом, порядок и замечательная точность были не нарушены, и он казался веселее, чем когда-либо. — Его радовала в особенности — эмиграция 7000 болгарских семей, которых мы уводили с собой, чтобы спасти от жестокости турок, жестокости, которой и при моей недоверчивости мне пришлось поверить. По мере того, как мы покидали болгарские селения, являлись турки и, кроме молодых женщин, которые годились в гарем, они уничтожали всех. Я ездил из лагеря в одну деревню за молоком и фруктами, так и там было вырезано все население. — И только что князь дал знать болгарам, что желающие могут с нашей армией перейти Дунай и стать русскими подданными, весь край поднялся и с женами, детьми, лошадьми и скотиной двинулись к мосту. Вести всех было немыслимо; князь был принужден отказать тем, которые подходили последними. И надо было видеть, как это его огорчило, он принял все депутации от этих несчастных и лично говорил с каждым из них, старался втолковать им, что это невозможно, предлагал им бросить телеги и скотину, обеспечивая им пропитание до прихода их в Россию, оплачивал из собственных денег частные суда для их переправы, словом делал, что мог, в помощь этим несчастным. Милая тетенька, хотелось бы, чтобы ваше предсказанье сбылось. Мое сильнейшее желание быть адъютантом человека, как он, которого я люблю и почитаю от глубины души. Прощайте, дорогая и добрая тетенька, целую ваши ручки. Скажите, пожалуйста, Валерьяну, что я прошу его написать в Пятигорск доктору Дроздову, у которого я оставил мой телескоп, чтобы просить его выслать мне телескоп сюда. Прошу его также отправить и то мое письмо Дроздову,<note xml:id="note14" resp="volume_editor" index="false">Иван Ефремович Дроздов (ум. в 1868 г.), штаб-лекарь, помощник главного врача в Пятигорске. В воспоминаниях сына его И. М. Дроздова говорится, что Толстой часто бывал у Дроздовых и, уезжая в Севастополь, в знак памяти, оставил подзорную трубу, которая долго у них хранилась («Русский архив» 1896, № 10, стр. 223).</note> которое я ему раньше передал, приложив деньги на почтовые расходы.</p>
<p rend="petit left">5 июля. Бухарест.</p>
<p rend="petit left">Поздравляю Сережу со днем его рождения. Попеняйте ему за то, что он не написал мне до сих пор. Положим, что и я не писал, но мне это <hi style="opdelimiter">извинительно.</hi><hi style="opnumber">275</hi></p>
<p rend="petit left"><hi style="npnumber">276</hi><hi style="npdelimiter">Во</hi> 1-х) потому, что я один пишу всем, а во 2-х) потому, что, хотя я ему и не пишу, он читает всегда мои письма к вам, к Николеньке или Валерьяну, я же о нем знаю только, что он здоров и поехал в Лебедянь. Впрочем, я надеюсь, что Ник., Сережа и Васенька<note xml:id="note15" resp="volume_editor" index="false"> Вас. Степ. Перфильев. О нем см. прим. 4 к п. № 6.</note> вспомнят обо мне, когда они соберутся в Березовке,<note xml:id="note16" resp="volume_editor" index="false"> Березовка — имение Перфильевых Тамбовской губ., Лебедянского уезда.</note> и оттуда я от них от всех получу письмо. —</p>
<comments><p rend="Textpetit_otstup left">Печатается по автографу, хранящемуся в АТБ. Впервые отрывок из письма напечатан (по-французски и в переводе) П. И. Бирюковым в Б, I, 1906, стр. 233—237; в несколько большем виде (только в переводе) дано П. А. Сергеенко в ПТС, I, стр. 37—41 (с неверной датой «июль 4»). Год определяется почтовым штемпелем: «Тула 1855. февраля 8» и «получено 1855». и пометой на конверте рукой Т. А. Ергольской: «Получила 18 февраля 1855 года»; рукой неизвестного на конверте написано: «За <hi>выездом в Чернь</hi> в сельцо Покровское графа Толстого». На обороте конверта неизвестной рукой: «В Симферополь».</p>
<p rend="Textpetit_otstup left"><hi>1</hi> Письма эти не сохранились.</p>
<p rend="petit left"><hi>2</hi> Толстой, очевидно, имеет в виду взрыв 7 июня в 5 <hi>1</hi>/<sub>2</sub> ч. дня бруствера Арабского форта, но у М. И. Богдановича в «Восточной войне 1853—1856 гг.» сказано, что в первой группе зарядов было 105 пудов пороха, <hi>во</hi> второй — 48 пудов и в третьей — 15 (т. II, изд. 2, стр. 97).</p>
<p rend="petit left"><hi>3</hi> Кн. Мих. Дм. Горчаков.</p>
<p rend="petit left"><hi>4</hi> Адам Осип. Сержпутовский. См. о нем прим. 3 к п. № 86.</p>
<p rend="petit left"><hi>5</hi> Штурм укреплений Араб-Табия и Песчаное был назначен в ночь с 8 на 9 июня. Об отмене штурма Богданович так рассказывает: «Все приготовления к штурму были окончены, и войска уже двинулись на указанные им места, как вдруг около полуночи прибыл адъютант кн. Варшавского, гвардии ротмистр Протасов с предписанием фельдмаршала — немедленно снять осаду и перейти со всеми силами на левую сторону Дуная. Каруца (местная повозка), на которой он мчался под Силистрию, сломалась, и он был принужден пройти пешком несколько верст, отчего приказание об отмене приступа было получено некоторыми войсками только за четверть часа до ракеты — сигнала кровопролитной сечи. Никогда вестник самого бедственного события не был встречен так неприветливо, как встретили наши офицеры и солдаты Протасова. Конечно, отменою штурма были сохранены тысячи храбрых, но они, не помышляя о себе, изъявляли сожаление о товарищах своих, павших в продолжение осады и не отмщенных покорением Силистрии» (т. II, изд. 2, стр. 98—99).</p>
<p rend="petit left"><hi>6 </hi>Иван Ефремович Дроздов (ум. в 1868 г.), штаб-лекарь, помощник главного врача в Пятигорске. В воспоминаниях сына его И. М. Дроздова говорится, что Толстой часто бывал у Дроздовых и, уезжая в Севастополь, в знак памяти, оставил подзорную трубу, которая долго у них хранилась («Русский архив» 1896, № 10, стр. 223).</p>
<p rend="petit left"><hi>7</hi> Вас. Степ. Перфильев. О нем см. прим. 4 к п. № 6.</p>
<p rend="petit left"><hi>8</hi> Березовка — имение Перфильевых Тамбовской губ., Лебедянского уезда.</p>
<p rend="petit left">На это письмо Т. А. Ергольская отвечала в приписке от 26 июля в письме, начатом 20 июля.</p>
<p rend="left secend"><hi style="opnumber">276</hi> <hi style="npnumber">277</hi></p>
</comments></div></body>
        </text>
        </TEI>