<?xml version='1.0' encoding='UTF-8' standalone='no'?>

<TEI xmlns="http://www.tei-c.org/ns/1.0">
       <teiHeader>
          <fileDesc>
             <titleStmt>
                <title>Письмо №417. H. H. Страхову.</title>
             </titleStmt>
             <publicationStmt>
                <publisher>TolstoyLab</publisher>
                <date when="2015-09-14">14 September 2015</date>
             </publicationStmt>
             <sourceDesc>
                <biblStruct>
                   <analytic>
                      <author>Толстой Л.Н.</author>
                   </analytic>
                   <monogr>
                      <title level="m">Полное собрание сочинений. Том 61</title>
                      <imprint>
                         <pubPlace>Москва</pubPlace>
                         <publisher>Государственное издательство "Художественная литература"</publisher>
                         <date when="1953"/>
                      </imprint>
                   </monogr>
                   <series>
                      <title level="s">Л.Н. Толстой. Полное собрание сочинений</title>
                      <biblScope unit="vol">61</biblScope>
                   </series>
                </biblStruct>
				<bibl>Впервые опубликовано в книге «Лев Николаевич Толстой. Сборник статей и материалов», изд. АН СССР, М. 1951, стр. 648. Год определяется сопоставлением с письмом № 416.</bibl>
             </sourceDesc>
          </fileDesc>
          <encodingDesc>
             <tagsDecl> </tagsDecl>
          </encodingDesc>
          <profileDesc>
             <correspDesc>
                <correspAction type="sending">
                   <persName ref="PersonList.xml#L_N_Tolstoy">Л. Н. Толстой</persName>
                   <placeName ref="PlacesListxml#PLACE">Москва.</placeName>
                   <date when="1872-10-30">1872 г. Октября 30.</date>            </correspAction>
                <correspAction type="receiving">
                   <persName ref="PersonList.xml#RECEIVER">H. H. Страхову</persName>
                </correspAction>
                <correspContext>
                   <ref type="prev"/>
                </correspContext>
             </correspDesc>
          </profileDesc>
       </teiHeader>
       <xenoData><number type="in a volume">417</number></xenoData>

              <text xml:id="H__N__Straxovu_417">
	<body><div>
		<opener index="false">
417. H. H. Страхову.
1872 г. Октября 30. Москва.</opener>
<p rend="left">Сейчас получил ваше письмо и радуюсь мысли вас увидать. Радуюсь тоже тому, что могу вам послать 500 р. типографщику и 200 р. в счет моего долга вам.</p>
<p rend="left">Телеграфируйте мне в Козловку-Засеку — когда вы приедете, чтобы выслать за вами лошадей. Это выгоднее и покойнее, чем нанимать извощика из Тулы.</p>
<p rend="right">Ваш Л. Толстой.</p>
<p rend="left">30 октября.</p>
<comments><p rend="Textpetit_otstup left">Впервые опубликовано в книге «Лев Николаевич Толстой. Сборник статей и материалов», изд. АН СССР, М. 1951, стр. 648. Год определяется сопоставлением с письмом № 416.</p>
<p rend="petit left">Письмо Страхова, на которое Толстой отвечает, неизвестно.</p>
</comments></div></body>
        </text>
        </TEI>