<?xml version='1.0' encoding='UTF-8' standalone='no'?>

<TEI xmlns="http://www.tei-c.org/ns/1.0">
       <teiHeader>
          <fileDesc>
             <titleStmt>
                <title>Письмо №* 51. Т. А. Ергольской.</title>
             </titleStmt>
             <publicationStmt>
                <publisher>TolstoyLab</publisher>
                <date when="2015-09-14">14 September 2015</date>
             </publicationStmt>
             <sourceDesc>
                <biblStruct>
                   <analytic>
                      <author>Толстой Л.Н.</author>
                   </analytic>
                   <monogr>
                      <title level="m">Полное собрание сочинений. Том 59</title>
                      <imprint>
                         <pubPlace>Москва</pubPlace>
                         <publisher>Государственное издательство "Художественная литература"</publisher>
                         <date when="1935"/>
                      </imprint>
                   </monogr>
                   <series>
                      <title level="s">Л.Н. Толстой. Полное собрание сочинений</title>
                      <biblScope unit="vol">59</biblScope>
                   </series>
                </biblStruct>
				<bibl>Печатается по автографу, хранящемуся в АТБ. Публикуется впервые. Год определяется почтовым штемпелем: «получено 1851 декабр. 31». На конверте рукой Т. А. Ергольской: «Получила 13 <hi>Генваря 1852».</hi></bibl>
             </sourceDesc>
          </fileDesc>
          <encodingDesc>
             <tagsDecl> </tagsDecl>
          </encodingDesc>
          <profileDesc>
             <correspDesc>
                <correspAction type="sending">
                   <persName ref="PersonList.xml#L_N_Tolstoy">Л. Н. Толстой</persName>
                   <placeName ref="PlacesListxml#PLACE">Тифлис.</placeName>
                   <date when="1851-12-15">1851 г. Декабря 15.</date>            </correspAction>
                <correspAction type="receiving">
                   <persName ref="PersonList.xml#RECEIVER">Т. А. Ергольской</persName>
                </correspAction>
                <correspContext>
                   <ref type="prev"/>
                </correspContext>
             </correspDesc>
          </profileDesc>
       </teiHeader>
       <xenoData><number type="in a volume">51</number></xenoData>

              <text xml:id="T.A.Ergolskoj_51">
	<body><div>
		<opener index="false">
* 51. Т. А. Ергольской.
1851 г. Декабря 15. Тифлис.</opener>
<p rend="right">15 Décembre. Tiffliss.</p>
<p rend="left">Je viens de recevoir votre lettre,<note xml:id="note1" resp="volume_editor" index="false">Это письмо не сохранилось.</note> chère tante, et pour vous dire le plaisir que j’ai éprouvé en la recevant après 4 mois de <hi style="opdelimiter">silence,</hi><hi style="opnumber">125</hi> <hi style="npnumber">126</hi><hi style="npdelimiter">je</hi> vous dirai seulement, que j’ai pleuré comme un enfant de bonheur. — Il est vrai, que l’état dans lequel je me trouve a contribué beaucoup à cette faiblesse. — I-mo je croyais, qu’ou bien il vous était arrivé quelque malheur, ou vous étiez fâchée contre moi, 2 do c’est qu’en arrivant à Tiffliss je suis tombé malade d’une espèce de fièvre chaude et j’ai été alité pendant 3 semaines (avec cela complètement seul et presque sans argent) à présent je suis tout à fait bien portant quoiqu’un peu faible. Le reproche que vous me faites, excellente tante, pour mes trop grandes dépenses n’est pas mérité, je vous assure; pendant 8 mois j’ai dépensé 1000 r. arg. y compté le voyage de Russie et à Tiffliss. Si, Dieu aidant, je continue à mener ce train, j’éspère vers la fin de l’année avoir fait quelques économies et pouvoir payer quelques dettes, excepté celle de la banque. — Le retard de mes papiers m’a placé dans une position des plus désagréables; et mon plus ardent désir, est de les recevoir le plus tôt possible pour pouvoir suivre votre conseil et désir et entrer au service militaire. Vos conseils sont pour moi plus que des lois. — Je ne sais si le Caucase est un pays d’inspiration; mais bien sûr c’est un pays d’amour; puisque depuis que j’y suis non seulement j’ai commencé à aimer <choice original_editorial_correction='N[icol]as'><sic>Nas</sic><corr>Nicolas</corr></choice> comme il le mérite; mais aussi Marie, les frères et surtout vous, à laquelle je pense nuit et jour et que j’aime plus qu’un fils peut aimer une mère.</p>
<p rend="left">L’argent que m’envoie André ne me sera pas suffisant pour aller rejoindre mes pénates à Старогладовская, pénates, qui me sont devenus encore plus attrayants par l’arrivée de mes gens, que je n’ai pas encore vus. De manière ou d’autre cependant, je compte emprunter ici, mais partir un de ces jours, ainsi adressez vos lettres à <choice><reg>Кизляр</reg><orig>Кизляръ</orig></choice>. — Si mes papiers arrivent il ne m’est plus nécessaire d’être présent ici; je puis être reçu sans cela. — Pour ce qui concerne Serge vous avez mille et mille fois raison, son état me cause de la peine. — Il restera pour sa vie ce qu’il est à présent. — C’était gentil à l’âge de 20, 22 ans, mais rester pour le reste de ses jours un <choice><reg>помещик</reg><orig>помѣщикъ</orig></choice>, enrouiller avec force chiens et chevaux, une amante Bohémienne<note xml:id="note2" resp="volume_editor" index="false">Марья Михайловна Шишкина. О ней см. прим. 15 к п. № 12.</note> et rien de plus, n’est pas un avenir bien désirable pour un Comte Tolstoi. Au reste, qui sait, peut être que tout changera. La nouvelle que vous me donnez de Dmitri m’est très agréable, j’espère le trouver bien changé, quand je le reverrai. — Dieu donne seulement qu’il ne donne pas dans l’écart contraire de la <hi style="opdelimiter">dévotion,</hi><hi style="opnumber">126</hi> <hi style="npnumber">127</hi><hi style="npdelimiter">c’est</hi> une chose que je crains pour lui, connaissant son caractère violent et vif. — Donnez moi je vous prie son adresse je voudrais lui écrire. — Nous lui avons écrit une lettre,<note xml:id="note3" resp="volume_editor" index="false"> Это письмо не сохранилось.</note> avec <choice original_editorial_correction='N[icol]as'><sic>Nas</sic><corr>Nicolas</corr></choice> à une Station en Géorgie, et dont nous avons chargé un Prince Géorgien, qui allait à Koursk. Il est probable que cette lettre ne lui parviendra pas. — J’ai reçu il y a quelque jours une lettre de Val. et Marie datée du 30 Août.<note xml:id="note4" resp="volume_editor" index="false"> Это письмо не сохранилось.</note> — C’est étonnant comme les postes vont mal de <choice><reg>Кизляр</reg><orig>Кизляръ</orig></choice> et bien de Tiffliss. Ici j’ai reçu dans 30 jours une réponse et là très souvent je n’en reçois pas dans deux mois. Ecrivez moi, chaque poste, chère tante. — Adieu je baise vos mains.</p>
<p rend="left">Ванюшка <choice><reg>сейчас</reg><orig>сейчасъ</orig></choice>, <choice><reg>с</reg><orig>съ</orig></choice> глупой улыбкой, <choice><reg>говорит</reg><orig>говоритъ</orig></choice> <choice><reg>мне</reg><orig>мнѣ</orig></choice>, «извольте написать, пожалуйста Т. А., что я у <choice><reg>них</reg><orig>нихъ</orig></choice> ручку <choice><reg>целую</reg><orig>цѣлую</orig></choice>». «Они <choice><reg>мне</reg><orig>мнѣ</orig></choice> приказывали», говорить, «помнить» и меня очень <choice><reg>любят</reg><orig>любятъ</orig></choice>» — Ne montrez pas cette lettre à Serge; quoiqu’il me paraisse que c’est la pure vérité, que je dis de ce qui le concerne, cependant c’est une de ces choses, que je ne voudrais pas lui dire en face sans dorer la pillule. — J’ai un piano chez moi et pendant le tems de ma convalescence je me suis occupé de musique avec beaucoup de plaisir. Il y avait six mois que je n’avais pas touché une note. Bientôt il me faudra m’en séparer de nouveau, et c’est la seule privation qui m’est sensible, en menant à Старогл. un genre de vie, privé de toute espèce de comfort.</p>
<p rend="left">Le moine H. C.<note xml:id="note5" resp="volume_editor" index="false"> Николай Сергеевич Воейков. О нем см. прим. 5 к п. № 7.</note> est-il en vie? et quel genre de vie mène-t-il?</p>
<p rend="left">Vous ne me dites rien de vous-même, chère tante; ce n’est que d’après le cachet de poste que je conjecture, que vous êtes à Ясное. Quand vous verrez Marie et Valérien dites leur je vous prie, que je les prie de ne pas se défaire du petit vieux piano; mais que j’aurais voulu qu’ils le fassent transporter à Ясное, pour qu’il y ait toujours un instrument.</p>
<p rend="left">Le temps ici est très beau — il n’y a pas un brin de neige et il ne gèle un peu que la nuit, tandis que le jour on a chaud en paletot d’été.</p>
<lb/>
<p rend="left"><hi>На конверте:</hi></p>
<p rend="left">Eя <choice><reg>Высокоблагородию</reg><orig>Высокоблагородiю</orig></choice> <choice><reg>Татьяне</reg><orig>Татьянѣ</orig></choice> <choice><reg>Александровне</reg><orig>Александровнѣ</orig></choice> Ергольской <choice><reg>В</reg><orig>Въ</orig></choice> Г. Тулу. <choice><reg>В</reg><orig>Въ</orig></choice> сельцо Ясную Поляну.</p>
<p rend="petit right">15 декабря.</p>
<p rend="petit right">Тифлис.</p>
<p rend="petit left">Только что получил ваше письмо, дорогая тетенька, и, чтобы выразить вам, какую радость я испытал, получив его после 4 месяцев вашего <hi style="opdelimiter">молчания,</hi><hi style="opnumber">127</hi> <hi style="npnumber">128</hi><hi style="npdelimiter">скажу,</hi> что от счастья я плакал, как ребенок. — Правда, мое душевное состояние способствовало проявлению слабости. — Во 1-х, я думал, что, либо с вами случилось какое-нибудь несчастье, либо вы сердитесь на меня, во 2-x, по приезде в Тифлис я заболел чем-то в роде горячки и пролежал в постели 3 недели (при этом в полном одиночестве и почти без денег); теперь же я совершенно здоров, хотя еще слаб. Ваш упрек, чудесная тетенька, за большие траты мною не заслужен, уверяю вас; я истратил 1000 р. сер. за 8 месяцев, считая и путешествие по России и Тифлис. Ежели, с божьей помощью, я буду продолжать жить так же, надеюсь в конце года из сбережений уплатить некоторые долги, кроме банковского. — Задержка с моими бумагами поставила меня в пренеприятное положение, и я горячо желаю получить их как можно скорее, чтобы последовать вашему совету и поступить на военную службу. Ваши советы для меня сильнее закона. — Не знаю, является ли Кавказ страной вдохновения, но он несомненно страна любви, так как с тех пор, что я здесь, я не только полюбил Николеньку той любовью, какую он заслуживает, но также и Машеньку и братьев, главное же вас; о вас я думаю день и ночь и люблю сильнее, чем сын может любить мать. —</p>
<p rend="petit left">Денег, посланных мне Андреем, мне не хватит, чтобы вернуться к своим пенатам в *Старогладовскую*, а пенаты эти особенно теперь меня привлекают, с тех пор как приехали мои люди, которых я еще не видел. Так или иначе, рассчитываю занять денег здесь и выехать непременно, так что письма ваши адресуйте в *<choice><reg>Кизляр</reg><orig>Кизляръ</orig></choice>*. — Если прибудут мои бумаги, мое присутствие здесь не необходимо, я и так буду принят. — Относительно Сережи, вы тысячу раз правы, и положение его меня огорчает. — Чем он есть теперь, тем на всю жизнь останется. — Это мило в 20, 22 года, но до конца дней оставаться *<choice><reg>помещиком</reg><orig>помѣщикомъ</orig></choice>* здесь, опуститься, иметь многочисленных собак и лошадей, любовницу-цыганку<note xml:id="note6" resp="volume_editor" index="false">Марья Михайловна Шишкина. О ней см. прим. 15 к п. № 12.</note> и больше ничего, незавидная это будущность для графа Толстого. А, впрочем, как знать, может быть всё это изменится. То, что вы пишете о Митеньке, меня радует, и я надеюсь увидеть в нем большую перемену. Дай бог только, чтобы он не вдался в крайность противоположную набожности, этого я боюсь, зная его горячий и необузданный нрав. — Сообщите мне пожалуйста его адрес, я бы хотел ему написать. Мы с Николенькой написали ему на одной станции в Грузии письмо<note xml:id="note7" resp="volume_editor" index="false"> Это письмо не сохранилось.</note> и передали его некоему грузинскому князю, ехавшему в Курск. Возможно, что это письмо не дойдет до него. — Несколько дней тому назад я получил письмо от Валерьяна и Машеньки от 30 августа. — Удивительно, как из Кизляра почта плохо ходит, а из Тифлиса хорошо. Здесь я получил ответ на 30-й день, а там и через два месяца не дождешься. Пишите мне с каждой почтой, дорогая тетенька. — Прощайте, целую ваши ручки.</p>
<p rend="petit left">*Ванюшка <choice><reg>сейчас</reg><orig>сейчасъ</orig></choice>, <choice><reg>с</reg><orig>съ</orig></choice> глупой улыбкой, говорить <choice><reg>мне</reg><orig>мнѣ</orig></choice>, «извольте написать, пожалуйста Т. А., что я у <choice><reg>них</reg><orig>нихъ</orig></choice> ручку <choice><reg>целую</reg><orig>цѣлую</orig></choice>»... «Они <choice><reg>мне</reg><orig>мнѣ</orig></choice> приказывали», говорить, «помнить» и меня очень <choice><reg>любят</reg><orig>любятъ</orig></choice>»*. — Не показывайте этого письма Сереже, хотя то, что я говорю о нем, кажется мне истинной правдой, но это одна из тех вещей, которых я не хотел бы сказать ему в лицо, не позолотив пилюли. — У меня есть фортепьяно и выздоравливая я с удовольствием занимался музыкой. До этого я шесть месяцев не <hi style="opdelimiter">притрогивался</hi><hi style="opnumber">128</hi> <hi style="npnumber">129</hi><hi style="npdelimiter">к</hi> клавишам. Скоро придется опять бросать музыку, это единственное чувствительное для меня лишение в том образе жизни, который я веду в *Старогладковской* при полном отсутствии комфорта. —</p>
<p rend="petit left">Монах Н. С.<hi>6</hi> жив? Как он живет?</p>
<p rend="petit left">О себе вы ничего не пишете, дорогая тетенька, и только по почтовому штемпелю я догадываюсь, что вы в *Ясном*. Когда увидите Машеньку и Валерьяна, передайте им пожалуйста, что я прошу их не сбывать куда-нибудь старенького фортепьяно; пусть они доставят его в *Ясное*, чтобы там был инструмент.</p>
<p rend="petit left">Тут чудесная погода — снега совсем нет, и только ночью легкий морозец, а днем жарко и в летнем пальто. —</p>
<comments><p rend="Textpetit_otstup left">Печатается по автографу, хранящемуся в АТБ. Публикуется впервые. Год определяется почтовым штемпелем: «получено 1851 декабр. 31». На конверте рукой Т. А. Ергольской: «Получила 13 <hi>Генваря 1852».</hi></p>
<p rend="Textpetit_otstup left"><hi>1 </hi>Это письмо не сохранилось.</p>
<p rend="petit left"><hi>2 </hi>Марья Михайловна Шишкина. О ней см. прим. 15 к п. № 12.</p>
<p rend="petit left"><hi>3</hi> Это письмо не сохранилось.</p>
<p rend="petit left"><hi>4</hi> Это письмо не сохранилось.</p>
<p rend="petit left"><hi>5</hi> Николай Сергеевич Воейков. О нем см. прим. 5 к п. № 7.</p>
</comments></div></body>
        </text>
        </TEI>