<?xml version='1.0' encoding='UTF-8' standalone='no'?>

<TEI xmlns="http://www.tei-c.org/ns/1.0">
       <teiHeader>
          <fileDesc>
             <titleStmt>
                <title>Письмо №152. А. А. Толстой.</title>
             </titleStmt>
             <publicationStmt>
                <publisher>TolstoyLab</publisher>
                <date when="2015-09-14">14 September 2015</date>
             </publicationStmt>
             <sourceDesc>
                <biblStruct>
                   <analytic>
                      <author>Толстой Л.Н.</author>
                   </analytic>
                   <monogr>
                      <title level="m">Полное собрание сочинений. Том 61</title>
                      <imprint>
                         <pubPlace>Москва</pubPlace>
                         <publisher>Государственное издательство "Художественная литература"</publisher>
                         <date when="1953"/>
                      </imprint>
                   </monogr>
                   <series>
                      <title level="s">Л.Н. Толстой. Полное собрание сочинений</title>
                      <biblScope unit="vol">61</biblScope>
                   </series>
                </biblStruct>
				<bibl>Впервые опубликовано в ПТ, № 61. Датируется письмом А. А. Толстой от 23 ноября 1865 г. (ПТ, № 60), на которое Толстой отвечает.</bibl>
             </sourceDesc>
          </fileDesc>
          <encodingDesc>
             <tagsDecl> </tagsDecl>
          </encodingDesc>
          <profileDesc>
             <correspDesc>
                <correspAction type="sending">
                   <persName ref="PersonList.xml#L_N_Tolstoy">Л. Н. Толстой</persName>
                   <placeName ref="PlacesListxml#PLACE">Я. П.</placeName>
                   <date when="1865-11-26">1865 г. Ноября 26.</date>            </correspAction>
                <correspAction type="receiving">
                   <persName ref="PersonList.xml#RECEIVER">А. А. Толстой</persName>
                </correspAction>
                <correspContext>
                   <ref type="prev"/>
                </correspContext>
             </correspDesc>
          </profileDesc>
       </teiHeader>
       <xenoData><number type="in a volume">152</number></xenoData>

              <text xml:id="A__A__Tolstoj_152">
	<body><div>
		<opener index="false">
152. А. А. Толстой.
1865 г. Ноября 26...27. Я. П.</opener>
<p rend="left">Сейчас получил ваше милое, доброе, ясное письмо и говорил себе: отвечу завтра; но не могу удержаться — не дают мне покоя все те мысли, <choice original_editorial_correction='кот[орые]'><sic>кот</sic><corr>которые</corr></choice> пришли по случаю этого письма, и пишу сейчас же. Третьего дня я был в Туле, видел М. Лонгинова и он, между прочими новостями, равнодушно сказал мне о замужестве Тютчевой<note xml:id="note1" resp="volume_editor" index="false"> Анна Федоровна Тютчева (1829—1889) — дочь поэта Ф. И. Тютчева, была воспитательницей младших детей Александра II. В 1866 г. вышла замуж за И. С. Аксакова. Была одной из активных деятельниц славянофильских кругов. Автор мемуаров, выдержки из которых изданы под заглавием «При дворе двух императоров», изд. Сабашниковых, М. 1928.</note> и вашем назначении.<note xml:id="note2" resp="volume_editor" index="false"> А. А. Толстая была назначена на место Тютчевой.</note> Хотя он вас не знает, кажется, вам будет интересно знать, в каких выражениях он сказал мне это: «Анна Тютчева так надоела им всем, что они рады были отвязаться от нее, а лучше Толстой они не могли, т. е. нельзя найти на ее место». Новость эта меня ужасно поразила. Для меня это был выстрел из двухствольного ружья. Во-первых, брак (не брак, а это надо назвать как-нибудь иначе, надо приискать или придумать слово), пока — брак А. Тютчевой с Аксаковым<note xml:id="note3" resp="volume_editor" index="false"> Иван Сергеевич Аксаков (1823—1886) — поэт, публицист-славянофил. Знакомый Толстого с 1856 г. См. т. 47, стр. 313.</note> поразил меня, как одно из самых странных психологических явлений. Я думаю, что ежели от них родится плод мужеского рода, то это будет тропарь или кондак,<note xml:id="note4" resp="volume_editor" index="false"> Виды церковных песнопений.</note> а ежели женского рода, то российская мысль, а, может быть, родится существо среднего рода — воззвание или т. п. —</p>
<p rend="left">Как их будут венчать? и где? В скиту? в Грановитой палате или в Софийском соборе в Царьграде? Прежде венчания они должны будут трижды надеть мурмолку<note xml:id="note5" resp="volume_editor" index="false"> Высокая шапка с меховыми отворотами, носилась преимущественно боярами.</note> и, протянув руки на сочинения Хомякова,<note xml:id="note6" resp="volume_editor" index="false"> Алексей Степанович Хомяков (1804—1860) — писатель, славянофил.</note> при всех депутатах от славянских <hi style="opdelimiter">земель</hi><hi style="opnumber">120</hi> <hi style="npnumber">121</hi><hi style="npdelimiter">произнести</hi> клятву на славянском языке. Нет, без шуток, что-то неприятное, противуестественное и жалкое представляется для меня в этом сочетании. Я люблю Аксакова. Его порок и несчастье — гордость, гордость (как и всегда), основанная на отрешении от жизни, на умственных спекуляциях. Но он еще был живой человек. Я помню, прошлого года он пришел ко мне и неожиданно застал нас за чайным столом с моими belles soeurs.<note xml:id="note7" resp="volume_editor" index="false"> [свояченицами] — Елизаветой и Татьяной Андреевной Берс.</note> Он покраснел. Я очень был рад этому. Человек, который краснеет, может любить, а человек, который может любить, — всё может. После этого я разговорился с ним с глазу на глаз. Он жаловался на сознание тщеты и пустоты своего газетного труда. Я ему сказал: «Женитесь. Не в обиду вам будь сказано, я опытом убедился, что человек неженатый до конца дней мальчишка. Новый свет открывается женатому». Вот он и женился. Теперь я готов бежать за ним и кричать: я не то, совсем не то говорил. Для счастья и для нравственности жизни нужна плоть и кровь. Ум хорошо, а два лучше, говорит пословица: а я говорю: одна душа в кринолине нехорошо, а две души, одна в кринолине, а другая в панталонах еще хуже. Посмотрите, что какая-нибудь страшная нравственная monstruosité<note xml:id="note8" resp="volume_editor" index="false"> [уродство]</note> выйдет из этрго брака. Я знаю, что вы рассердитесь на меня за то, что я так говорю о вашей предшественнице, которую вы теперь стараетесь любить еще больше, чем прежде; но я не мог. С тех пор как я узнал эту новость, я каждый день по нескольку раз думаю об этом — не браке, а слиянии двух — не душ, а направлений, и я не могу успокоиться и говорить с вами о вас, пока не выскажу всего. Простите, ежели я вас огорчил.</p>
<p rend="left">Соня удивилась тому, что вы так боитесь того, что вам предстоит, но я и не ждал иначе. Страшно — я это очень понимаю. Я воспитывал своих Яснополянских мальчиков смело. Я знал, что каков бы я ни был, — наверное мое влияние для них будет лучше того, какому бы они могли подчиниться без меня; но здесь, я понимаю, что государыня могла и желала иметь наилучшую воспитательницу чуть не во всем свете. И вдруг эта самая лучшая воспитательница — я, Александра <choice original_editorial_correction='Андр[еевна]'><sic>Андр</sic><corr>Андреевна</corr></choice> Толстая. Я понимаю, что это страшно. Но вам бояться нечего, сколько я вас знаю и сколько ни стараюсь смотреть на вас самым непристрастным взглядом. И вот отчего, как мне кажется. Что вы умная, образованная и добрая женщина, это <hi style="opdelimiter">знают</hi><hi style="opnumber">121</hi> <hi style="npnumber">122</hi><hi style="npdelimiter">другие;</hi> я знаю то, что кроме всего этого, вы, противно вашей предшественнице, не одна душа в cage,<note xml:id="note9" resp="volume_editor" index="false"> [кринолин,]</note> а в вас плоть и кровь — в вас были, есть и будут людские страсти. Приготавливаться, рассуждать, обдумывать вы будете и молиться будете, а действовать будете только по инстинкту и без колебания, без выбора, а потому, что вы не в состоянии будете поступить иначе. А такое человеческое страстное влияние полезно, воспитательно действует на человеческих детей, а разумное, логическое влияние действует вредно. Это мое убеждение не придуманное, а выжитое. В воспитании всегда, везде, у всех была и есть одна ошибка: хотят воспитывать разумом, одним разумом, как будто у ребенка только и есть один разум. И воспитывают один разум, а всё остальное, т. е. всё главное, идет, как оно хочет. Обдумают систему воспитания разумом опять, и по ней хотят вести всё, не соображая того, что воспитатели сами люди и беспрестанно отступают от разума. В школах учителя сидят на кафедрах и <hi>не могут</hi> ошибаться. Воспитатели тоже становятся перед воспитанниками на кафедру и стараются быть непогрешимыми.</p>
<p rend="left">Но детей не обманешь, они умнее нас. Мы им хотим доказать, что мы разумны, а они этим вовсе не интересуются, а хотят знать, честны ли мы, правдивы ли, добры ли, сострадательны, есть ли у нас совесть, и к несчастию, за нашим стараньем выказаться только непогрешимо разумными, видят, что другого ничего нет.</p>
<p rend="left">Сделать ошибку перед ребенком, увлечься, сделать глупость, человеческую глупость, даже дурной поступок и покраснеть перед ребенком и сознаться, гораздо воспитательнее действует, чем 100 раз заставить покраснеть перед собой ребенка и быть непогрешимым. Ребенок знает, что мы тверже, опытнее его и всегда сумеем удержать перед ним эту ореолу непогрешимости, но он знает, что для этого мало нужно, и он не ценит этой ловкости, а ценит краску стыда, <choice original_editorial_correction='к[отор]ая'><sic>кая</sic><corr>которая</corr></choice> выступила против моей воли на лицо и говорит ему про всё самое тайное, хорошее в моей душе. Я помню, как передо мной покраснел раз Карл Иваныч.<note xml:id="note10" resp="volume_editor" index="false"> Карлом Ивановичем Толстой называет здесь своего бывшего гувернера, немца Федора Ивановича Рёсселя, изображенного под именем Карла Ивановича в «Детстве» и <hi style="opdelimiter">«Отрочестве».</hi><hi style="opnumber">123</hi></note> Ежели бы в самом деле могла быть душа или скорее разум в кринолине, тогда бы всё было прекрасно; но к несчастью в душе этой было настолько земного лимона (limon), что она пошла за Аксакова. И дети смотрят на воспитателя не как на разум, а как на человека. Воспитатель <hi style="opdelimiter">есть</hi><hi style="opnumber">122</hi> <hi style="npnumber">123</hi><hi style="npdelimiter">первый</hi> ближайший человек, над которым они делают свои наблюдения и выводы, которые они потом прикладывают ко всему человечеству. И чем больше этот человек одарен человеческими страстями, тем богаче и плодотворнее эти наблюдения. И вы такой человек. В вас есть общая нам толстовская дикость. Не даром <choice original_editorial_correction='Фед[ор]'><sic>Фед</sic><corr>Федор</corr></choice> <choice original_editorial_correction='Иван[ович]'><sic>Иван</sic><corr>Иванович</corr></choice><note xml:id="note11" resp="volume_editor" index="false"> Федор Иванович Толстой (1782—1846), прозванный «Американцем», — двоюродный дядя Толстого. Черты его характера Толстой придал в «Двух гусарах» гр. Турбину-отцу (см. т. 3, стр. 328—329) и Долохову в «Войне и мире». См. о нем «Воспоминания» Л. Н. Толстого, т. 34, и книгу C. Л. Толстого «Федор Толстой — Американец», изд. Гахн, М. 1926.</note> татуировался. Я жду того, что вас будет любить ваша воспитанница так же, как любят вас ваши друзья, и тогда всё будет хорошо. У женщин есть одно только нравственное орудие вместо всего нашего мужского арсенала — это любовь. И этим только орудием успешно ведется женское воспитание. Будет оно у вас, то вы не будете ни учиться, ни думать, ни приготавливаться; — не будет, так вы откажетесь. —</p>
<p rend="left">Вы охотница до моего сумбура; вот вам целые четыре страницы. Тетинька и Соня целуют вас, я вас ужасно люблю и желаю вам счастья и успеха. Не желая даже, я вперед радуюсь за ваше счастье в сознании действительного дела, — одного из лучших в жизни — которому вы отдались все.</p>
<p rend="right">Прощайте. До свидания, бог даст.</p>
<comments><p rend="Textpetit_otstup left">Впервые опубликовано в ПТ, № 61. Датируется письмом А. А. Толстой от 23 ноября 1865 г. (ПТ, № 60), на которое Толстой отвечает.</p>
<p rend="Textpetit_otstup left"><hi>1</hi> Анна Федоровна Тютчева (1829—1889) — дочь поэта Ф. И. Тютчева, была воспитательницей младших детей Александра II. В 1866 г. вышла замуж за И. С. Аксакова. Была одной из активных деятельниц славянофильских кругов. Автор мемуаров, выдержки из которых изданы под заглавием «При дворе двух императоров», изд. Сабашниковых, М. 1928.</p>
<p rend="petit left"><hi>2</hi> А. А. Толстая была назначена на место Тютчевой.</p>
<p rend="petit left"><hi>3</hi> Иван Сергеевич Аксаков (1823—1886) — поэт, публицист-славянофил. Знакомый Толстого с 1856 г. См. т. 47, стр. 313.</p>
<p rend="petit left">В ГМТ сохранились два письма И. С. Аксакова к Толстому: 1861 и 1880 гг., в которых он просил его участвовать в своих изданиях.</p>
<p rend="petit left"><hi>4</hi> Виды церковных песнопений.</p>
<p rend="petit left"><hi>5</hi> Высокая шапка с меховыми отворотами, носилась преимущественно боярами.</p>
<p rend="petit left"><hi>6</hi> Алексей Степанович Хомяков (1804—1860) — писатель, славянофил.</p>
<p rend="petit left"><hi>7</hi> [свояченицами] — Елизаветой и Татьяной Андреевной Берс.</p>
<p rend="petit left"><hi>8</hi> [уродство]</p>
<p rend="petit left"><hi>9</hi> [кринолин,]</p>
<p rend="petit left"><hi>10</hi> Карлом Ивановичем Толстой называет здесь своего бывшего гувернера, немца Федора Ивановича Рёсселя, изображенного под именем Карла Ивановича в «Детстве» и <hi style="opdelimiter">«Отрочестве».</hi><hi style="opnumber">123</hi></p>
<p rend="petit left"><hi>11</hi> Федор Иванович Толстой (1782—1846), прозванный «Американцем», — двоюродный дядя Толстого. Черты его характера Толстой придал в «Двух гусарах» гр. Турбину-отцу (см. т. 3, стр. 328—329) и Долохову в «Войне и мире». См. о нем «Воспоминания» Л. Н. Толстого, т. 34, и книгу C. Л. Толстого «Федор Толстой — Американец», изд. Гахн, М. 1926.</p>
</comments></div></body>
        </text>
        </TEI>