<?xml version='1.0' encoding='UTF-8' standalone='no'?>

<TEI xmlns="http://www.tei-c.org/ns/1.0">
       <teiHeader>
          <fileDesc>
             <titleStmt>
                <title>Письмо №* 59. И. П. Борисову.</title>
             </titleStmt>
             <publicationStmt>
                <publisher>TolstoyLab</publisher>
                <date when="2015-09-14">14 September 2015</date>
             </publicationStmt>
             <sourceDesc>
                <biblStruct>
                   <analytic>
                      <author>Толстой Л.Н.</author>
                   </analytic>
                   <monogr>
                      <title level="m">Полное собрание сочинений. Том 61</title>
                      <imprint>
                         <pubPlace>Москва</pubPlace>
                         <publisher>Государственное издательство "Художественная литература"</publisher>
                         <date when="1953"/>
                      </imprint>
                   </monogr>
                   <series>
                      <title level="s">Л.Н. Толстой. Полное собрание сочинений</title>
                      <biblScope unit="vol">61</biblScope>
                   </series>
                </biblStruct>
             </sourceDesc>
          </fileDesc>
          <encodingDesc>
             <tagsDecl> </tagsDecl>
          </encodingDesc>
          <profileDesc>
             <correspDesc>
                <correspAction type="sending">
                   <persName ref="PersonList.xml#L_N_Tolstoy">Л. Н. Толстой</persName>
                   <placeName ref="PlacesListxml#PLACE">Никольское-Вяземское.</placeName>
                   <date when="1864-08-12">1864 г. Августа 12.</date>            </correspAction>
                <correspAction type="receiving">
                   <persName ref="PersonList.xml#RECEIVER">И. П. Борисову</persName>
                </correspAction>
                <correspContext>
                   <ref type="prev"/>
                </correspContext>
             </correspDesc>
          </profileDesc>
       </teiHeader>
       <xenoData><number type="in a volume">59</number></xenoData>

              <text xml:id="I__P__Borisovu_59">
	<body><div>
		<opener index="false">
* 59. И. П. Борисову.
1864 г. Августа 12. Никольское-Вяземское.</opener>
<p rend="left">Приехав в Никольское,<note xml:id="note1" resp="volume_editor" index="false"> 11 августа Толстой был у Борисова в Новоселках.</note> получил письмо от Чулкова,<note xml:id="note2" resp="volume_editor" index="false"> Один из братьев Чулковых, Василий или Николай Алексеевичи — тульские помещики, знакомые Толстого (см. тт. 59 и 83).</note> <choice original_editorial_correction='к[отор]ый'><sic>кый</sic><corr>который</corr></choice> продает всех собак. Но его нет дома теперь. Не знаю, сойдемся ли с ним; а потому я решил вот что: оставьте собак у себя. До Успения у меня не будет посылки в Ясную, а до того времени я решусь с Чулковым. Ежели нет, то я попрошу вас быть вполне благодетелем и прислать мне, как вы предлагали, обеих, с возвратом одной, а ежели куплю, то мне не нужно их, что не помешает мне прислать вам щенка. За корешками венгерок я поручил <choice original_editorial_correction='Ив[ану]'><sic>Ив</sic><corr>Ивану</corr></choice> <choice original_editorial_correction='Ив[анович]у'><sic>Иву</sic><corr>Ивановичу</corr></choice><note xml:id="note3" resp="volume_editor" index="false"> Иван Иванович Орлов.</note> прислать к вам, когда будет время. Пожалуйста дайте. Доехал я вчера чудесно и нынче надеюсь всё переделать и ехать к своим пенатам. Христос с вами. Не забывайте же обещания заехать ко мне зимой.</p>
<p rend="right">Ваш Л. Толстой.</p>
<p rend="left">А впрочем, нет, пришлите <hi>черную сучку</hi>. Ежели куплю, то возвращу, а до того времени, может, придется потравить.</p>
<p rend="left"><hi>На четвертой странице:</hi></p>
<p rend="left">Его высокоблагородию Ивану Петровичу <hi style="opdelimiter">Борисову.</hi><hi style="opnumber">51</hi></p>
<comments><p rend="Textpetit_otstup left"><hi style="npnumber">52</hi><hi style="npdelimiter">Датируется</hi> сопоставлением с письмом к С. А. Толстой от 11 августа 1864 г. (см. т. 83, № 17).</p>
<p rend="Textpetit_otstup left"><hi>1</hi> 11 августа Толстой был у Борисова в Новоселках.</p>
<p rend="petit left"><hi>2</hi> Один из братьев Чулковых, Василий или Николай Алексеевичи — тульские помещики, знакомые Толстого (см. тт. 59 и 83).</p>
<p rend="petit left"><hi>3</hi> Иван Иванович Орлов.</p>
</comments></div></body>
        </text>
        </TEI>