<?xml version='1.0' encoding='UTF-8' standalone='no'?>

<TEI xmlns="http://www.tei-c.org/ns/1.0">
       <teiHeader>
          <fileDesc>
             <titleStmt>
                <title>Письмо №203. Гр. А. А. Толстой.</title>
             </titleStmt>
             <publicationStmt>
                <publisher>TolstoyLab</publisher>
                <date when="2015-09-14">14 September 2015</date>
             </publicationStmt>
             <sourceDesc>
                <biblStruct>
                   <analytic>
                      <author>Толстой Л.Н.</author>
                   </analytic>
                   <monogr>
                      <title level="m">Полное собрание сочинений. Том 60</title>
                      <imprint>
                         <pubPlace>Москва</pubPlace>
                         <publisher>Государственное издательство "Художественная литература"</publisher>
                         <date when="1949"/>
                      </imprint>
                   </monogr>
                   <series>
                      <title level="s">Л.Н. Толстой. Полное собрание сочинений</title>
                      <biblScope unit="vol">60</biblScope>
                   </series>
                </biblStruct>
             </sourceDesc>
          </fileDesc>
          <encodingDesc>
             <tagsDecl> </tagsDecl>
          </encodingDesc>
          <profileDesc>
             <correspDesc>
                <correspAction type="sending">
                   <persName ref="PersonList.xml#L_N_Tolstoy">Л. Н. Толстой</persName>
                   <placeName ref="PlacesListxml#PLACE">Петербург.</placeName>
                   <date from="1861-04-17" to="1861-04-20">1861 г. Апреля 17 — 20?</date>            </correspAction>
                <correspAction type="receiving">
                   <persName ref="PersonList.xml#RECEIVER">Гр. А. А. Толстой</persName>
                </correspAction>
                <correspContext>
                   <ref type="prev"/>
                </correspContext>
             </correspDesc>
          </profileDesc>
       </teiHeader>
       <xenoData><number type="in a volume">203</number></xenoData>

              <text xml:id="gr.A.A.Tolstoj_203">
	<body><div>
		<opener index="false">
203. Гр. А. А. Толстой.
1861 г. Апреля 17—20? Петербург.
</opener><p rend="left">Какой-то злой дух преследует меня и лишает тех коротких часов, которые бы я мог провести с вами. Не только зубы, но голова и лихорадка совсем свалили меня вчера, и нынче, боюсь, не выпустят меня. Я еще не знаю, буду ли в состоянии нынче приехать к вам, потому не ждите меня. Ежели я выеду, то приеду к вам и буду сидеть целый день, пользуясь теми минутами, которые вам можно будет дать мне.</p>
<p rend="right">Л. <hi style="opdelimiter">Толстой.</hi><hi style="opnumber">385</hi></p>
<comments><p rend="Textpetit_otstup left"><hi style="npnumber">386</hi><hi style="npdelimiter">Впервые</hi> опубликовано в ПТ, № 32. Дата определяется записями в Дневнике (см. т. 48, записи под 14, 15, 16, 17—20 и 21 апреля 1861 г.).</p>
</comments></div></body>
        </text>
        </TEI>