<?xml version='1.0' encoding='UTF-8' standalone='no'?>

<TEI xmlns="http://www.tei-c.org/ns/1.0">
       <teiHeader>
          <fileDesc>
             <titleStmt>
                <title>Письмо №* 404. Н. Н. Страхову.</title>
             </titleStmt>
             <publicationStmt>
                <publisher>TolstoyLab</publisher>
                <date when="2015-09-14">14 September 2015</date>
             </publicationStmt>
             <sourceDesc>
                <biblStruct>
                   <analytic>
                      <author>Толстой Л.Н.</author>
                   </analytic>
                   <monogr>
                      <title level="m">Полное собрание сочинений. Том 61</title>
                      <imprint>
                         <pubPlace>Москва</pubPlace>
                         <publisher>Государственное издательство "Художественная литература"</publisher>
                         <date when="1953"/>
                      </imprint>
                   </monogr>
                   <series>
                      <title level="s">Л.Н. Толстой. Полное собрание сочинений</title>
                      <biblScope unit="vol">61</biblScope>
                   </series>
                </biblStruct>
             </sourceDesc>
          </fileDesc>
          <encodingDesc>
             <tagsDecl> </tagsDecl>
          </encodingDesc>
          <profileDesc>
             <correspDesc>
                <correspAction type="sending">
                   <persName ref="PersonList.xml#L_N_Tolstoy">Л. Н. Толстой</persName>
                   <placeName ref="PlacesListxml#PLACE">Я. П.</placeName>
                   <date when="1872-09-23">1872 г. Сентября 23.</date>            </correspAction>
                <correspAction type="receiving">
                   <persName ref="PersonList.xml#RECEIVER">Н. Н. Страхову</persName>
                </correspAction>
                <correspContext>
                   <ref type="prev"/>
                </correspContext>
             </correspDesc>
          </profileDesc>
       </teiHeader>
       <xenoData><number type="in a volume">404</number></xenoData>

              <text xml:id="H__N__Straxovu_404">
	<body><div>
		<opener index="false">
* 404. Н. Н. Страхову.
1872 г. Сентября 23. Я. П.</opener>
<p rend="left">23 сентября.</p>
<p rend="left">Тревога моя понемногу утихла. Я могу уже без злости любоваться на полноту того безобразия, которое называют <hi>самая жизнь</hi>. Можете себе представить, что меня промучали месяц, и до сих пор подписка о невыезде не снята, и нашли, что кто-то (следователь) ошибся, что точно это дело до меня не касается, и что вместо того, чтобы по закону кончить всякое дело в 7-дневный срок, идет дело 2-й месяц и еще не начиналось, то это «маленькое несовершенство, свойственное всему человеческому».</p>
<p rend="left">Точно, как если бы приставленный дворник убил бы своего хозяина, и все дворники побили бы тех, кого они приставлены беречь, и сказали бы: «что же делать, <choice original_editorial_correction='человеческ[ое]'><sic>человеческ</sic><corr>человеческое</corr></choice> несовершенство». Я было начал писать статью,<note xml:id="note1" resp="volume_editor" index="false"> В архиве Толстого сохранился набросок, озаглавленный «Новый суд в его приложении» и три небольших отрывка к нему (см. т. 17).</note> но бросил, совестно сердиться на такую очевидно сознательно и самодовольно-глупую и смешную штуку, т. е. всё это правосудие. В Англию тоже не еду; потому что дело не дошло до суда. А я решил, что в случае суда уеду, и уехал бы. Всё расскажу вам, бог даст. Вы не поверите, как мне на совести лежит ваше пребывание в Петербурге в эти прелестные осенние дни. Но понимаю, что нельзя бросить; но чувствую, чем я вам обязан.</p>
<p rend="left">Деньги я приготовлю, без запродажи книг, только напишите, сколько именно нужно в октябре и какого числа. Запродавать книги я не хочу с тем, чтобы при продаже как можно выгоднейшие выговорить условия. По какой цене? Я думаю по 5 к. за печатный лист. Как вы думаете?</p>
<p rend="left">На комиссию я никому не отдавал, да и не знаю, отдавать ли? Не нанять ли склад и конторщика и продавать. Я попрошу одного из моих шуринов,<note xml:id="note2" resp="volume_editor" index="false"> Петра Андреевича Берса, который 28 сентября писал Толстому о своих переговорах с Н. Н. Страховым.</note> очень практического человека, побывать у вас и обо всем переговорить. — А то велик книгопродавческий процент. Я бы согласился, если бы они взяли на 15 или 20. Объявления, я думаю, надо печатать как можно больше, впрочем, вы узнаете это лучше моего, но я не жалею на это денег. Боюсь неприличия. В редакции я думаю надо послать. И я от себя пошлю двум министрам, Милютину<note xml:id="note3" resp="volume_editor" index="false"> Дмитрий Алексеевич Милютин (1816—1912) — военный министр. Толстой имел в виду распространение своей «Азбуки» и в военных училищах (<ref target="file:///Volume_61_D__A__Tolstomu_419.xml">см. письмо № 419</ref>). Письмо Толстого к нему неизвестно.</note> и Толстому.<note xml:id="note4" resp="volume_editor" index="false"> Дмитрий Андреевич Толстой. <ref target="file:///Volume_61_D__A__Tolstomu_419.xml">См. письмо к нему, № 419</ref>.</note> — Вообще вот всё, что я думаю об этой стороне дела. Если же вы так добры, что и об этом подумали и хотите мне помочь, то я могу только благодарить и просить <hi style="opdelimiter">делать,</hi><hi style="opnumber">320</hi> <hi style="npnumber">321</hi><hi style="npdelimiter">как</hi> вы знаете, а вы знаете лучше меня. — Если Берс возьмется за это дело (руководить им), то склад в Петербурге, если нет, то в Москве. До 28 сентября кончу дроби. Всё переписываю. До свиданья.</p>
<p rend="right">Ваш Л. Толстой.</p>
<p rend="left">Я предложил Салаеву<note xml:id="note5" resp="volume_editor" index="false"> Федор Иванович Салаев (1820—1879) — московский книготорговец и издатель. Письмо Толстого к нему неизвестно.</note> комиссию из 10. — Сообщу, что он ответит.</p>
<comments><p rend="Textpetit_otstup left">Отрывки впервые опубликованы в Б, II, стр. 239—240, и в ПТС, II, № 306. Год определяется сопоставлением с письмами №№ 402 и 403.</p>
<p rend="Textpetit_otstup left"><hi>1</hi> В архиве Толстого сохранился набросок, озаглавленный «Новый суд в его приложении» и три небольших отрывка к нему (см. т. 17).</p>
<p rend="petit left"><hi>2</hi> Петра Андреевича Берса, который 28 сентября писал Толстому о своих переговорах с Н. Н. Страховым.</p>
<p rend="petit left"><hi>3</hi> Дмитрий Алексеевич Милютин (1816—1912) — военный министр. Толстой имел в виду распространение своей «Азбуки» и в военных училищах (<ref target="file:///Volume_61_D__A__Tolstomu_419.xml">см. письмо № 419</ref>). Письмо Толстого к нему неизвестно.</p>
<p rend="petit left"><hi>4</hi> Дмитрий Андреевич Толстой. <ref target="file:///Volume_61_D__A__Tolstomu_419.xml">См. письмо к нему, № 419</ref>.</p>
<p rend="petit left"><hi>5</hi> Федор Иванович Салаев (1820—1879) — московский книготорговец и издатель. Письмо Толстого к нему неизвестно.</p>
</comments></div></body>
        </text>
        </TEI>