<?xml version='1.0' encoding='UTF-8' standalone='no'?>

<TEI xmlns="http://www.tei-c.org/ns/1.0">
       <teiHeader>
          <fileDesc>
             <titleStmt>
                <title>Письмо №* 41. Т. А. Ергольской.</title>
             </titleStmt>
             <publicationStmt>
                <publisher>TolstoyLab</publisher>
                <date when="2015-09-14">14 September 2015</date>
             </publicationStmt>
             <sourceDesc>
                <biblStruct>
                   <analytic>
                      <author>Толстой Л.Н.</author>
                   </analytic>
                   <monogr>
                      <title level="m">Полное собрание сочинений. Том 59</title>
                      <imprint>
                         <pubPlace>Москва</pubPlace>
                         <publisher>Государственное издательство "Художественная литература"</publisher>
                         <date when="1935"/>
                      </imprint>
                   </monogr>
                   <series>
                      <title level="s">Л.Н. Толстой. Полное собрание сочинений</title>
                      <biblScope unit="vol">59</biblScope>
                   </series>
                </biblStruct>
				<bibl>Печатается по автографу, хранящемуся в АТБ. Впервые опубликованы отрывки из письма (по-французски и в переводе) П. И. Бирюковым в Б, I, 1906, стр. 166; несколько бòльшие отрывки (только в переводе) опубликованы П. А. Сергеенко в ПТС, I, стр. 7—8; впервые полностью (только в переводе) в Бир., XX, 1913, стр. 11—12. Письмо датируется словами, что «после завтра» будет 10-е. Написано оно в Казани, куда из Москвы приехал Толстой с гр. Николаем Николаевичем в первых числах мая.</bibl>
             </sourceDesc>
          </fileDesc>
          <encodingDesc>
             <tagsDecl> </tagsDecl>
          </encodingDesc>
          <profileDesc>
             <correspDesc>
                <correspAction type="sending">
                   <persName ref="PersonList.xml#L_N_Tolstoy">Л. Н. Толстой</persName>
                   <placeName ref="PlacesListxml#PLACE">Казань.</placeName>
                   <date when="1851-05-08">1851 г. Мая 8.</date>            </correspAction>
                <correspAction type="receiving">
                   <persName ref="PersonList.xml#RECEIVER">Т. А. Ергольской</persName>
                </correspAction>
                <correspContext>
                   <ref type="prev"/>
                </correspContext>
             </correspDesc>
          </profileDesc>
       </teiHeader>
       <xenoData><number type="in a volume">41</number></xenoData>

              <text xml:id="T.A.Ergolskoj_41">
	<body><div>
		<opener index="false">
* 41. Т. А. Ергольской.
1851 г. Мая 8. Казань.
</opener>
<p rend="Obrashenie left">Chère tante!</p>
<p rend="left">Voilà de nouveau ces deux mots placés au-dessus d’une feuille de papier et me voilà de nouveau dans l’embarras. Qu’irais-je vous écrire? Cependant j’ai tant à vous dire. — Notre voyage a été des plus heureux, pour ce qui est du tems et de la route. — Nous avons passé deux jours à Moscou, j’y ai été chez les Gortshakoffs, André<note xml:id="note1" resp="volume_editor" index="false">Кн. Андрей Иванович Горчаков. О нем см. прим. 1 к п. № 33.</note> et Serge,<note xml:id="note2" resp="volume_editor" index="false">Кн. Сергей Дмитриевич Горчаков. О нем см. прим. 1 к п. № 7.</note> chez les Volkonsky,<note xml:id="note3" resp="volume_editor" index="false">Волконские — вероятно троюродный брат Толстого кн. Александр Алексеевич Волконский (1818—1865), в 1857—1858 гг. бывший Вологодским предводителем дворянства, и его жена Луиза Ивановна Трузсон (1825—1890), изображенные в отрывке, написанном в марте 1851 г.: «История вчерашнего дня». Кроме этого, кн. Л. И. Волконская изображена в «Войне и Мире» в лице маленькой княгини Болконской.</note> j’ai vu Lwoff,<note xml:id="note4" resp="volume_editor" index="false">Кн. Георгий Владимирович Львов. О нем см. вступ. прим. к п. № 94.</note> Calochine,<note xml:id="note5" resp="volume_editor" index="false">Вероятно Сергей Павлович Калошин. О нем см. прим. 15 к п. № 31.</note> Kostinka<note xml:id="note6" resp="volume_editor" index="false">Константин Александрович Иславин. О нем см. прим. 25 к п. № 12.</note> et tous ceux que j’aime à voir.</p>
<p rend="left">J’ai été à la promenade de Sokolniki<note xml:id="note7" resp="volume_editor" index="false">Сокольники — парк под Москвой.</note> par un temps détestable, c’est pourquoi je n’ai rencontré personne des dames de la société, que j’avais <choice original_editorial_correction='envie[vi]'><sic>envie</sic><corr>envievi</corr></choice> de voir. Comme vous prétendez, que je <hi>suis un homme à épreuve,</hi> je suis allé parmi le plebs, dans les tentes bohémiennes. Vous pouvez aisément vous figurer le combat intérieur, qui s’engagea là-bas pour et contre; au reste j’en sortis victorieux, c. à d. n’ayant rien donné que ma bénédiction aux joyeux descendants des illustres Pharaons. —</p>
<p rend="left">Nicolas trouve que je suis un compagnon de voyage très agréable si ce n’était ma propreté, il se fâche, de ce que, comme il le dit, je change de linge 12 fois par jour. Moi je le trouve aussi compagnon très-agréable, si ce n’était sa saleté.</p>
<p rend="left">Je ne sais lequel de nous deux a raison. —</p>
<p rend="left">J’ai écrit à Valérien<note xml:id="note8" resp="volume_editor" index="false">Письмо это не сохранилось.</note> de Moscou, que j’avais gagné 400 r.: je crains que cela ne vous donne l’alarme, vous croirez, que je joue et <choice original_editorial_correction='jouerais[ai]'><sic>jouerais</sic><corr>joueraisai</corr></choice> de nouveau. — Tranquillisez-vous, c’est une exception, que je me suis permise, seulement avec M-r Zoubkoff.<hi>9 </hi>— Ce n’est que depuis mon arrivée à Cazan, que je commence à reprendre ma bonne humeur et j’en profite pour vous écrire. — Tout ce temps ce n’est pas que j’ai été de mauvaise humeur mais je n’était pas gai. —Vous en devinerez facilement la <hi style="opdelimiter">cause.</hi><hi style="opnumber">93</hi></p>
<p rend="left"><hi style="npnumber">94</hi><hi style="npdelimiter">Vous</hi> avez tâché de paraître peu chagrinée, à notre départ; je l’ai remarqué et je vous en remercie. —</p>
<p rend="left">Avez-vous reçu les portraits — et en etes vous contente. — J’ai tout à fait oublié</p>
<lb/>
<p rend="left"><hi>Рукой гр</hi>. <hi>H</hi>. <hi>H</hi>. <hi>Толстого:</hi></p>
<p rend="petit left">le porte monnaie pour Mad. Verganie.<note xml:id="note9" resp="volume_editor" index="false">О Вергани см. прим. 1 к п. № 27.</note> Léon vien de partir pour aller chez Mad. Zagoskine<note xml:id="note10" resp="volume_editor" index="false">Екатерина Дмитриевна Загоскина, рожд. Мертваго (р. 10 октября 1807 г., ум. 6 мая 1885 г.), начальница Казанского Родионовского института в 1836—1861 гг. Ее гостиная, по свидетельству П. Д. <hi style="opdelimiter">Боборыкина,</hi><hi style="opnumber">95</hi> <hi style="npnumber">96</hi><hi style="npdelimiter">«по</hi> типу стояла почти на одном уровне с губернаторской». («За полвека» — «Русская мысль» 1906, № 25, стр. 9; статья К. С. Шохор-Троцкого «Казанские знакомства Толстого» (гл. III — Е. Д. Загоскина, ее гостиная и Родионовский институт) в сб. «Великой памяти Л. Н. Толстого Казанский университет. 1828—1928», Казань, 1928, стр. 96—101.)</note> et j’achève sa lettre. Demain nous allons à Panovo<note xml:id="note11" resp="volume_editor" index="false">Паново — имение мужа тетки Толстого Влад. Ив. Юшкова, сельцо Астраханской волости, Лаишевского уезда, Казанской губ., в 29 в. от Казани по Оренбургскому тракту.</note> et ensuite nous allons continuer notre voyage, dès que nous trouverons un bateau à vapeur. C’est la grande question pour nous maintenant! à I'heure qu’il est il n’y a pas de bateau à Cazan, mais il doit en arriver un le 10 c. à d. après demain, comme je ne peux pas rester longtemps à Cazan il peut arriver que nous partirons par terre ce qui sera un peu désagréable pour nous. Adieu, ma bonne tante, je vous baise les mains bien tendrement, portez vous bien, soyez heureuse et croyez à l’amour que vous porte votre affectionné et reconnaissant Nicol. G. Tolstoy.</p>
<p rend="Obrashenie petit">
Дорогая тетенька!
</p>
<p rend="petit left">Вот опять эти два слова во главе листа, и опять я в затруднении, о чем вам писать. А так много есть чего вам рассказать. — Путешествие наше было самое удачное в смысле погоды и дороги. — В Москве мы пробыли два дня; я был у Горчаковых, Андрея<note xml:id="note12" resp="volume_editor" index="false">Кн. Андрей Иванович Горчаков. О нем см. прим. 1 к п. № 33.</note> и Сергея,<note xml:id="note13" resp="volume_editor" index="false">Кн. Сергей Дмитриевич Горчаков. О нем см. прим. 1 к п. № 7.</note> у Волконских,<note xml:id="note14" resp="volume_editor" index="false">Волконские — вероятно троюродный брат Толстого кн. Александр Алексеевич Волконский (1818—1865), в 1857—1858 гг. бывший Вологодским предводителем дворянства, и его жена Луиза Ивановна Трузсон (1825—1890), изображенные в отрывке, написанном в марте 1851 г.: «История вчерашнего дня». Кроме этого, кн. Л. И. Волконская изображена в «Войне и Мире» в лице маленькой княгини Болконской.</note> видел Львова,<note xml:id="note15" resp="volume_editor" index="false">Кн. Георгий Владимирович Львов. О нем см. вступ. прим. к п. № 94.</note> Калошина,<note xml:id="note16" resp="volume_editor" index="false">Вероятно Сергей Павлович Калошин. О нем см. прим. 15 к п. № 31.</note> Костиньку<note xml:id="note17" resp="volume_editor" index="false">Константин Александрович Иславин. О нем см. прим. 25 к п. № 12.</note> и всех тех, кого мне приятно встречать.</p>
<p rend="petit left">Был на гулянье в Сокольниках<note xml:id="note18" resp="volume_editor" index="false">Сокольники — парк под Москвой.</note> при отвратительной погоде, поэтому никого из дам общества, кого хотелось видеть, не встретил. По вашим словам, что я <hi>человек</hi>, <hi>испытывающий себя</hi>, я отправился к плебсу, в цыганские палатки. Вам легко себе представить, какая внутренняя борьба поднялась там во мне за и против, но я вышел оттуда победителем, т.е. ничего не дал, кроме своего благословения веселым потомкам славных фараонов. —</p>
<p rend="petit left">Николенька находит, что я очень приятный спутник, кабы не моя чистоплотность; он сердится, что, по его словам, я 12 раз в день меняю белье. Я же нахожу его очень приятным спутником, кабы не его неопрятность.</p>
<p rend="petit left">Не знаю, кто из нас двух прав. —</p>
<p rend="petit left">Из Москвы я писал Валерьяну,<note xml:id="note19" resp="volume_editor" index="false">Письмо это не сохранилось.</note> что выиграл 400 р.; боюсь, что это вас растревожит, что вы подумаете, что я опять играю и буду играть. — Не беспокойтесь; как исключение я разрешил себе это только с г. Зубковым.<note xml:id="note20" resp="volume_editor" index="false">Владимир Васильевич Зубков (р. 1828 г.), сын приятеля Пушкина Василия Петровича Зубкова (1799—1862), в 1839—1851 гг. служившего в московском Сенате.</note> — Только по приезде в Казань вернулось мое хорошее расположение духа; пользуясь этим, я вам пишу. — А всё это время не то, чтобы я был в дурном настроении, но я был не весел. — Вы догадываетесь почему. —</p>
<p rend="petit left">Вы старались не выказать грусти при нашем отъезде, я это заметил и благодарю вас. <hi style="opdelimiter">—</hi><hi style="opnumber">94</hi></p>
<p rend="petit left"><hi style="npnumber">95</hi><hi style="npdelimiter">Получили</hi> ли вы портреты<note xml:id="note21" resp="volume_editor" index="false">Лев Николаевич снялся в Москве в мастерской Мазера перед отъездом на Кавказ с гр. Ник. Ник. Толстым. Этот дагеротип в настоящее время находится в АТБ. На обороте его имеется помета, сделанная точно бы рукой Т. А. Ергольской: «1851, 1 Мая». Впервые полностью воспроизведен в 46 томе настоящего издания (при «Дневниках» за 1847—1854 гг.). Один Лев Николаевич многократно воспроизводился, см. напр. I т. восьмого издания собрания сочинений Толстого 1893 г. и I т. полного собрания сочинений Толстого под ред. П. И. Бирюкова, изд. Сытина, 1913 г.</note> и нравятся ли они вам. — Я совершенно забыл <hi>(рукой гр. H.H. Толстого:)</hi> кошелек для М-ль Вергани.<note xml:id="note22" resp="volume_editor" index="false">О Вергани см. прим. 1 к п. № 27.</note> Левочка уехал к г-же Загоскиной,<note xml:id="note23" resp="volume_editor" index="false">Екатерина Дмитриевна Загоскина, рожд. Мертваго (р. 10 октября 1807 г., ум. 6 мая 1885 г.), начальница Казанского Родионовского института в 1836—1861 гг. Ее гостиная, по свидетельству П. Д. <hi style="opdelimiter">Боборыкина,</hi><hi style="opnumber">95</hi> <hi style="npnumber">96</hi><hi style="npdelimiter">«по</hi> типу стояла почти на одном уровне с губернаторской». («За полвека» — «Русская мысль» 1906, № 25, стр. 9; статья К. С. Шохор-Троцкого «Казанские знакомства Толстого» (гл. III — Е. Д. Загоскина, ее гостиная и Родионовский институт) в сб. «Великой памяти Л. Н. Толстого Казанский университет. 1828—1928», Казань, 1928, стр. 96—101.)</note> и я заканчиваю его письмо. Завтра мы едем в Паново,<note xml:id="note24" resp="volume_editor" index="false">Паново — имение мужа тетки Толстого Влад. Ив. Юшкова, сельцо Астраханской волости, Лаишевского уезда, Казанской губ., в 29 в. от Казани по Оренбургскому тракту.</note> а затем пустимся в путь, как будет пароход. Для нас — это большой вопрос; сейчас в Казани парохода нет, но обещают прибытие одного 10 числа, т. е. после завтра, а так как мне нельзя долго задерживаться в Казани, может случиться, что мы поедем на лошадях, что будет для нас не совсем приятно. Прощайте, добрая тетенька, нежно целую ваши ручки, будьте здоровы, будьте счастливы и верьте привязанности вашего любящего и благодарного Николая Гр. Толстого.</p>
<comments><p rend="Textpetit_otstup left">Печатается по автографу, хранящемуся в АТБ. Впервые опубликованы отрывки из письма (по-французски и в переводе) П. И. Бирюковым в Б, I, 1906, стр. 166; несколько бòльшие отрывки (только в переводе) опубликованы П. А. Сергеенко в ПТС, I, стр. 7—8; впервые полностью (только в переводе) в Бир., XX, 1913, стр. 11—12. Письмо датируется словами, что «после завтра» будет 10-е. Написано оно в Казани, куда из Москвы приехал Толстой с гр. Николаем Николаевичем в первых числах мая.</p>
<p rend="Textpetit_otstup left"><hi>1 </hi>Кн. Андрей Иванович Горчаков. О нем см. прим. 1 к п. № 33.</p>
<p rend="petit left"><hi>2 </hi>Кн. Сергей Дмитриевич Горчаков. О нем см. прим. 1 к п. № 7.</p>
<p rend="petit left"><hi>3 </hi>Волконские — вероятно троюродный брат Толстого кн. Александр Алексеевич Волконский (1818—1865), в 1857—1858 гг. бывший Вологодским предводителем дворянства, и его жена Луиза Ивановна Трузсон (1825—1890), изображенные в отрывке, написанном в марте 1851 г.: «История вчерашнего дня». Кроме этого, кн. Л. И. Волконская изображена в «Войне и Мире» в лице маленькой княгини Болконской.</p>
<p rend="petit left"><hi>4 </hi>Кн. Георгий Владимирович Львов. О нем см. вступ. прим. к п. № 94.</p>
<p rend="petit left"><hi>5 </hi>Вероятно Сергей Павлович Калошин. О нем см. прим. 15 к п. № 31.</p>
<p rend="petit left"><hi>6 </hi>Константин Александрович Иславин. О нем см. прим. 25 к п. № 12.</p>
<p rend="petit left"><hi>7 </hi>Сокольники — парк под Москвой.</p>
<p rend="petit left"><hi>8 </hi>Письмо это не сохранилось.</p>
<p rend="petit left"><hi>9 </hi>Владимир Васильевич Зубков (р. 1828 г.), сын приятеля Пушкина Василия Петровича Зубкова (1799—1862), в 1839—1851 гг. служившего в московском Сенате.</p>
<p rend="petit left"><hi>10 </hi>Лев Николаевич снялся в Москве в мастерской Мазера перед отъездом на Кавказ с гр. Ник. Ник. Толстым. Этот дагеротип в настоящее время находится в АТБ. На обороте его имеется помета, сделанная точно бы рукой Т. А. Ергольской: «1851, 1 Мая». Впервые полностью воспроизведен в 46 томе настоящего издания (при «Дневниках» за 1847—1854 гг.). Один Лев Николаевич многократно воспроизводился, см. напр. I т. восьмого издания собрания сочинений Толстого 1893 г. и I т. полного собрания сочинений Толстого под ред. П. И. Бирюкова, изд. Сытина, 1913 г.</p>
<p rend="petit left"><hi>11 </hi>О Вергани см. прим. 1 к п. № 27.</p>
<p rend="petit left"><hi>12 </hi>Екатерина Дмитриевна Загоскина, рожд. Мертваго (р. 10 октября 1807 г., ум. 6 мая 1885 г.), начальница Казанского Родионовского института в 1836—1861 гг. Ее гостиная, по свидетельству П. Д. <hi style="opdelimiter">Боборыкина,</hi><hi style="opnumber">95</hi> <hi style="npnumber">96</hi><hi style="npdelimiter">«по</hi> типу стояла почти на одном уровне с губернаторской». («За полвека» — «Русская мысль» 1906, № 25, стр. 9; статья К. С. Шохор-Троцкого «Казанские знакомства Толстого» (гл. III — Е. Д. Загоскина, ее гостиная и Родионовский институт) в сб. «Великой памяти Л. Н. Толстого Казанский университет. 1828—1928», Казань, 1928, стр. 96—101.)</p>
<p rend="petit left"><hi>13 </hi>Паново — имение мужа тетки Толстого Влад. Ив. Юшкова, сельцо Астраханской волости, Лаишевского уезда, Казанской губ., в 29 в. от Казани по Оренбургскому тракту.</p>
</comments></div></body>
        </text>
        </TEI>