<?xml version='1.0' encoding='UTF-8' standalone='no'?>

<TEI xmlns="http://www.tei-c.org/ns/1.0">
       <teiHeader>
          <fileDesc>
             <titleStmt>
                <title>Письмо №258. А. А. Толстой.</title>
             </titleStmt>
             <publicationStmt>
                <publisher>TolstoyLab</publisher>
                <date when="2015-09-14">14 September 2015</date>
             </publicationStmt>
             <sourceDesc>
                <biblStruct>
                   <analytic>
                      <author>Толстой Л.Н.</author>
                   </analytic>
                   <monogr>
                      <title level="m">Полное собрание сочинений. Том 61</title>
                      <imprint>
                         <pubPlace>Москва</pubPlace>
                         <publisher>Государственное издательство "Художественная литература"</publisher>
                         <date when="1953"/>
                      </imprint>
                   </monogr>
                   <series>
                      <title level="s">Л.Н. Толстой. Полное собрание сочинений</title>
                      <biblScope unit="vol">61</biblScope>
                   </series>
                </biblStruct>
				<bibl>Впервые опубликовано в ПТ, № 68. Год определяется содержанием: С. Н. Толстой обвенчался с М. М. Шишкиной 7 июня 1867 г.</bibl>
             </sourceDesc>
          </fileDesc>
          <encodingDesc>
             <tagsDecl> </tagsDecl>
          </encodingDesc>
          <profileDesc>
             <correspDesc>
                <correspAction type="sending">
                   <persName ref="PersonList.xml#L_N_Tolstoy">Л. Н. Толстой</persName>
                   <placeName ref="PlacesListxml#PLACE">Москва.</placeName>
                   <date when="1868-04-16">1868 г. Апреля 16.</date>            </correspAction>
                <correspAction type="receiving">
                   <persName ref="PersonList.xml#RECEIVER">А. А. Толстой</persName>
                </correspAction>
                <correspContext>
                   <ref type="prev"/>
                </correspContext>
             </correspDesc>
          </profileDesc>
       </teiHeader>
       <xenoData><number type="in a volume">258</number></xenoData>

              <text xml:id="A__A__Tolstoj_258">
	<body><div>
		<opener index="false">
258. А. А. Толстой.
1868 г. Апреля 16. Москва.</opener>
<p rend="left">Любезный друг Alexandrine. Цель моего письма просьба. Я уверен, что вы сделаете, что можете, для меня и для того, чтобы сделать добро. Вот в чем дело. Брат мой Сергей женился на женщине, которая была матерью его трех детей. В начале нынешнего года он подал просьбу государю об усыновлении этих детей. По письму, которое он получил на днях от своего адвоката, дело его подвигается плохо (дело зависит от какого-то Долгорукова — секретаря кого-то)<note xml:id="note1" resp="volume_editor" index="false"> С. А. Долгоруков, статс-секретарь по принятию прошений на «высочайшее имя».</note> и имеет мало надежды на успех. Детей законных у него нет и, кажется, нет надежды иметь. От успеха или неуспеха его дела зависит, кроме счастья детей, спокойствие и прочность его семейной жизни. Если вы можете сказать, кому нужно, нужное слово, вы сделаете добро ему — его семье, и мне большое добро, которое я запишу у себя в сердце на большой счет, который записан там на ваше имя.</p>
<p rend="left">Мне всё кажется, что, несмотря на то, что мы <hi>годами</hi> не знаем ничего друг про друга, мы остались с вами теми же друзьями, которыми были прежде. Если вы мне напишете, то напишите, что это так. —</p>
<p rend="left">Как вы живете? Какие ваши интересы — не внешние, а внутренние, задушевные? Я не знаю и не могу узнать, пока <hi style="opdelimiter">не</hi><hi style="opnumber">198</hi> <hi style="npnumber">199</hi><hi style="npdelimiter">увижусь</hi> с вами; и бог знает, придется ли когда-нибудь, потому что Петербург мне кажется дальше, чем город на луне, а для вас так же далека наша глушь. —</p>
<p rend="left">Про себя могу сказать, что я спокоен и счастлив, как только можно, и внешними условиями жизни, и своим трудом, и, главное, семьей.</p>
<p rend="left">Прощайте, вперед благодарю вас за то, что вы захотите сделать для меня. Напомните обо мне вашим. Я каждое лето надеюсь на проезд ваших к Вадбольским. Рука не ходит писать вам: так странно далеким и вместе близким я чувствую себя вам.</p>
<p rend="right">Л. Толстой.</p>
<p rend="left">16 апреля.</p>
<comments><p rend="Textpetit_otstup left">Впервые опубликовано в ПТ, № 68. Год определяется содержанием: С. Н. Толстой обвенчался с М. М. Шишкиной 7 июня 1867 г.</p>
<p rend="Textpetit_otstup left"><hi>1</hi> С. А. Долгоруков, статс-секретарь по принятию прошений на «высочайшее имя».</p>
</comments></div></body>
        </text>
        </TEI>