<?xml version='1.0' encoding='UTF-8' standalone='no'?>

<TEI xmlns="http://www.tei-c.org/ns/1.0">
       <teiHeader>
          <fileDesc>
             <titleStmt>
                <title>Письмо №* 67. А. А. Берсу.</title>
             </titleStmt>
             <publicationStmt>
                <publisher>TolstoyLab</publisher>
                <date when="2015-09-14">14 September 2015</date>
             </publicationStmt>
             <sourceDesc>
                <biblStruct>
                   <analytic>
                      <author>Толстой Л.Н.</author>
                   </analytic>
                   <monogr>
                      <title level="m">Полное собрание сочинений. Том 61</title>
                      <imprint>
                         <pubPlace>Москва</pubPlace>
                         <publisher>Государственное издательство "Художественная литература"</publisher>
                         <date when="1953"/>
                      </imprint>
                   </monogr>
                   <series>
                      <title level="s">Л.Н. Толстой. Полное собрание сочинений</title>
                      <biblScope unit="vol">61</biblScope>
                   </series>
                </biblStruct>
             </sourceDesc>
          </fileDesc>
          <encodingDesc>
             <tagsDecl> </tagsDecl>
          </encodingDesc>
          <profileDesc>
             <correspDesc>
                <correspAction type="sending">
                   <persName ref="PersonList.xml#L_N_Tolstoy">Л. Н. Толстой</persName>
                   <placeName ref="PlacesListxml#PLACE">Я. П.</placeName>
                   <date when="1864-10-28">1864 г. Октября 28.</date>            </correspAction>
                <correspAction type="receiving">
                   <persName ref="PersonList.xml#RECEIVER">А. А. Берсу</persName>
                </correspAction>
                <correspContext>
                   <ref type="prev"/>
                </correspContext>
             </correspDesc>
          </profileDesc>
       </teiHeader>
       <xenoData><number type="in a volume">67</number></xenoData>

              <text xml:id="A__A__Bersu_67">
	<body><div>
		<opener index="false">
* 67. А. А. Берсу.
1864 г. Октября 28. Я. П.
</opener><p rend="left">Моя рука еще плохо ходит, но не могу не приписать тебе. Врет Соня, что ей стало совестно.<note xml:id="note1" resp="volume_editor" index="false"> С. А. Толстая писала: «Стало мне нынче очень совестно, что мы тебе не писали до сих пор».</note> Не ей, а мне. Я пришел и говорю: знаешь, мы свиньи, что не пишем Саше. Она <hi style="opdelimiter">говорит:</hi><hi style="opnumber">56</hi> <hi style="npnumber">57</hi><hi style="npdelimiter">и</hi> я тоже думала. Вот как было дело. У нас хорошо, весело. Соня перешла вниз, бывший мой кабинет,<note xml:id="note2" resp="volume_editor" index="false"> Комната со сводами в нижнем этаже яснополянского дома.</note> с обеими детьми, и мы там сидим целые дни. Мы — это сестры Маши девочки, <choice original_editorial_correction='к[отор]ые'><sic>кые</sic><corr>которые</corr></choice> живут у нас. Чудные, милые девочки. Совсем хорошо стало, особенно с тех пор, как получили известие, что <choice original_editorial_correction='А[ндрею]'><sic>А</sic><corr>Андрею</corr></choice> <choice original_editorial_correction='Е[встафьевичу]'><sic>Е</sic><corr>Евстафьевичу</corr></choice> лучше. Ты описываешь свою жизнь в жидовском местечке и поверишь ли, мне завидно. Ох, как это хорошо в твоих годах посидеть одному с собой глазу на глаз и именно в артиллерийском кружку офицеров. Не много, как в полку, и дряни нет, и не один, а с людьми, <choice original_editorial_correction='к[отор]ых'><sic>кых</sic><corr>которых</corr></choice> уже так насквозь изучишь и с <choice original_editorial_correction='к[отор]ыми'><sic>кыми</sic><corr>которыми</corr></choice> сблизишься хорошо. А это-то и приятно, и полезно. Играешь ли ты в шахматы? Я не могу представить себе эту жизнь без шахмат, книг и охоты. Ежели бы еще война при этом, тогда бы совсем хорошо. Я очень счастлив, но когда представишь себе твою жизнь, то кажется, что самое-то счастье состоит в том, чтоб было 19 лет, ехать верхом мимо взвода артилерии, закуривать папироску, тыкая в пальник,<note xml:id="note3" resp="volume_editor" index="false"> Пальник — род палки со щипцами, в которых зажимался фитиль для воспламенения заряда.</note> <choice original_editorial_correction='к[отор]ый'><sic>кый</sic><corr>который</corr></choice> подает 4-й № Захарченко<note xml:id="note4" resp="volume_editor" index="false"> В «Войне и мире» фамилию Захарченко носит фельдфебель капитана Тушина (т. I, ч. II, гл. ХVІІ).</note> какой-нибудь и думать: коли бы только все знали, какой я молодец! Прощай, милый друг. Пиши пожалуйста почаще.</p>
<comments><p rend="Textpetit_otstup left">Отрывок, без даты, опубликован Т. А. Кузминской в ее книге «Моя жизнь дома и в Ясной Поляне», I, стр. 146.</p>
<p rend="petit left">Датируется по письму С. А. Толстой от 28 октября 1864 г., к которому является припиской. Адресовано в местечко Варку Варшавской губ., где стоял полк, в котором служил А. А. Берс.</p>
<p rend="petit left">Александр Андреевич Берс (1845—1918) — старший брат С. А. Толстой. См. т. 83, стр. 29—30.</p>
<p rend="Textpetit_otstup left"><hi>1</hi> С. А. Толстая писала: «Стало мне нынче очень совестно, что мы тебе не писали до сих пор».</p>
<p rend="petit left"><hi>2</hi> Комната со сводами в нижнем этаже яснополянского дома.</p>
<p rend="petit left"><hi>3</hi> Пальник — род палки со щипцами, в которых зажимался фитиль для воспламенения заряда.</p>
<p rend="petit left"><hi>4</hi> В «Войне и мире» фамилию Захарченко носит фельдфебель капитана Тушина (т. I, ч. II, гл. ХVІІ).</p>
</comments></div></body>
        </text>
        </TEI>