<?xml version='1.0' encoding='UTF-8' standalone='no'?>

<TEI xmlns="http://www.tei-c.org/ns/1.0">
       <teiHeader>
          <fileDesc>
             <titleStmt>
                <title>Письмо №217. В. И. Михаловскому.</title>
             </titleStmt>
             <publicationStmt>
                <publisher>TolstoyLab</publisher>
                <date when="2015-09-14">14 September 2015</date>
             </publicationStmt>
             <sourceDesc>
                <biblStruct>
                   <analytic>
                      <author>Толстой Л.Н.</author>
                   </analytic>
                   <monogr>
                      <title level="m">Полное собрание сочинений. Том 60</title>
                      <imprint>
                         <pubPlace>Москва</pubPlace>
                         <publisher>Государственное издательство "Художественная литература"</publisher>
                         <date when="1949"/>
                      </imprint>
                   </monogr>
                   <series>
                      <title level="s">Л.Н. Толстой. Полное собрание сочинений</title>
                      <biblScope unit="vol">60</biblScope>
                   </series>
                </biblStruct>
             </sourceDesc>
          </fileDesc>
          <encodingDesc>
             <tagsDecl> </tagsDecl>
          </encodingDesc>
          <profileDesc>
             <correspDesc>
                <correspAction type="sending">
                   <persName ref="PersonList.xml#L_N_Tolstoy">Л. Н. Толстой</persName>
                   <placeName ref="PlacesListxml#PLACE">Я. П.</placeName>
                   <date when="1861-07-12">1861 г. Июля 12.</date>            </correspAction>
                <correspAction type="receiving">
                   <persName ref="PersonList.xml#RECEIVER">В. И. Михаловскому</persName>
                </correspAction>
                <correspContext>
                   <ref type="prev"/>
                </correspContext>
             </correspDesc>
          </profileDesc>
       </teiHeader>
       <xenoData><number type="in a volume">217</number></xenoData>

              <text xml:id="V.I.Mixalovskomu_217">
	<body><div>
		<opener index="false">
217. В. И. Михаловскому.
1861 г. Июля 12. Я. П.</opener>
<p rend="left">1) Прохору Леонову по болезни следует 75 коп. в месяц; Марье и Анне 1 руб. 20 коп. в месяц; 2) Ивану Ефимову следует 3 руб. в месяц, и он может быть отпущен только один. Рассчеты Александра Иванова и Алексея Андреева<note xml:id="note1" resp="volume_editor" index="false"> Все упоминаемые здесь лица являются крепостными дворовыми людьми помещицы М. А. Михаловской.</note> верны, и увольнительные акты их могут быть утверждены при представлении денег и самих увольняемых людей.</p>
<comments><p rend="Textpetit_otstup left">Опубликовано в «Русской мысли», 1903, IX, стр. 81. Текст этого расчета приведен в жалобе В. И. Михаловского, хранящейся в Тульском архиве. Местонахождение автографа Толстого неизвестно. Датируется содержанием и жалобой В. И. Михаловского, в которой этот расчет помечен 12 июля 1861 г.</p>
<p rend="Textpetit_otstup left"><hi>1</hi> Все упоминаемые здесь лица являются крепостными дворовыми людьми помещицы М. А. Михаловской.</p>
<p rend="petit left">В. И. Михаловский в прошении на имя губернского присутствия писал, что гр. Толстой возвратил ему четыре увольнительных акта, составленных на дворовых людей его жены, причем оказалось, что «один акт, на Александра Иванова, оставлен без всяких отметок, а остальные три акта на другие семейства дворовых людей возвращены были с <hi style="opdelimiter">своеручными</hi><hi style="opnumber">401</hi> <hi style="npnumber">402</hi><hi style="npdelimiter">гр.</hi> Толстого отметками карандашом. Так, акт Прохора Леонова заключает в себе следующие отметки: 75 — 1 — 20 + 150 — 85; акт Ивана Ефимова с отметкой — 3; — 75 + 3 = 75 и, наконец, акт Алексея Андреева Варварина с 75 или 3 руб.». Столь странный способ письмоводства карандашом и формулами, говорит Михаловский, поставил его в необходимость снова представить эти акты на утверждение Толстого. «В ответ на это гр. Толстой вторично возвратил мне акты при письменном отзыве, в 5 пункте коего объясняет...» Далее Михаловский приводит текст 5 пункта — см. № 216.</p>
<p rend="petit left">28 июля 1861 г. Толстым был сделан другой расчет (см. список недошедших писем и документов № 145), где он просил прислать деньги и за сына Андрея Андреева Варварина и указывал на то, что Александр Иванов объявил ему о совершенной неспособности к работе и о болезненности жены его, почему акт не может быть утвержден впредь до удостоверения справедливости его показания. Этот второй перерасчет вызвал неудовольствие и недоверие со стороны Михаловского. В своей жалобе на посредника Толстого, поданной на имя губернского присутствия, Михаловский говорит, что, «видя непостоянство и разноречие заключений гр. Толстого об одном и том же предмете, считаю себя в праве в изложенном деле не полагаться более на медицинские показания его сиятельства для определения степени болезненности дворовых людей, вымогающих способом притворства и вымышленными болезнями не следуемые им на содержание деньги».</p>
<p rend="petit left">Губернское присутствие, выслушав прошение Михаловского, постановило: «Для прекращения недоразумений, возникших при засвидетельствовании актов, выдаваемых г. Михаловским дворовым людям, увольняемым от обязательных отношений, поручить гр. Толстому постановить вновь решение о суммах вспомоществования, следуемых увольняемым дворовым людям, и объявить это решение г. Михаловскому; затем, буде г. Михаловский изъявит на решение неудовольствие, то представить как решение, так и возражение на оное в губернское присутствие для дальнейших распоряжений. При сем пояснить г. мировому посреднику, что сумма вспомоществования на детей моложе 12 лет должна назначаться только до полного 12-летнего возраста».</p>
</comments></div></body>
        </text>
        </TEI>