<?xml version='1.0' encoding='UTF-8' standalone='no'?>

<TEI xmlns="http://www.tei-c.org/ns/1.0">
       <teiHeader>
          <fileDesc>
             <titleStmt>
                <title>Письмо №98. H. A. Некрасову.</title>
             </titleStmt>
             <publicationStmt>
                <publisher>TolstoyLab</publisher>
                <date when="2015-09-14">14 September 2015</date>
             </publicationStmt>
             <sourceDesc>
                <biblStruct>
                   <analytic>
                      <author>Толстой Л.Н.</author>
                   </analytic>
                   <monogr>
                      <title level="m">Полное собрание сочинений. Том 59</title>
                      <imprint>
                         <pubPlace>Москва</pubPlace>
                         <publisher>Государственное издательство "Художественная литература"</publisher>
                         <date when="1935"/>
                      </imprint>
                   </monogr>
                   <series>
                      <title level="s">Л.Н. Толстой. Полное собрание сочинений</title>
                      <biblScope unit="vol">59</biblScope>
                   </series>
                </biblStruct>
				<bibl>Печатается по автографу, хранящемуся в ИРЛИ. Впервые опубликовано в кн.: И. И. Панаев. «Литературные воспоминания с приложением писем разных лиц». Спб. 1888 стр. 414—415.</bibl>
             </sourceDesc>
          </fileDesc>
          <encodingDesc>
             <tagsDecl> </tagsDecl>
          </encodingDesc>
          <profileDesc>
             <correspDesc>
                <correspAction type="sending">
                   <persName ref="PersonList.xml#L_N_Tolstoy">Л. Н. Толстой</persName>
                   <placeName ref="PlacesListxml#PLACE">Севастополь.</placeName>
                   <date when="1855-04-30">1855 г. Апреля 30.</date>            </correspAction>
                <correspAction type="receiving">
                   <persName ref="PersonList.xml#RECEIVER">H. A. Некрасову</persName>
                </correspAction>
                <correspContext>
                   <ref type="prev"/>
                </correspContext>
             </correspDesc>
          </profileDesc>
       </teiHeader>
       <xenoData><number type="in a volume">98</number></xenoData>

              <text xml:id="N.A.Nekrasovu_98">
	<body><div>
		<opener index="false">
98. H. A. Некрасову.
1855 г. Апреля 30. Севастополь.
</opener>
<p rend="Obrashenie left">Милостивый государь Николай <choice><reg>Алексеевич</reg><orig>Алексѣевичъ</orig></choice>.</p>
<p rend="left">Вы уже должны были получить статью мою «Севастополь <choice><reg>в</reg><orig>въ</orig></choice> <choice><reg>декабре</reg><orig>декабрѣ</orig></choice>»<note xml:id="note1" resp="volume_editor" index="false"> Работа над «Севастополем в декабре» шла с 20 марта по 25 апреля. Последняя дата стоит в конце печатного текста. Рассказ был послан Некрасову между 25 и 30 апреля, судя по начальным словам этого письма.</note> и <choice><reg>обещание</reg><orig>обѣщанiе</orig></choice> статьи Столыпина. <choice><reg>Вот</reg><orig>Вотъ</orig></choice> она.<note xml:id="note2" resp="volume_editor" index="false"> Статья А. Д. Столыпина «Ночная вылазка в Севастополе. Рассказ участвовавшего в ней» напечатана в № 7 «Современника» за 1855 г. с примечанием редакции: «Сообщением этой статьи мы обязаны г. Л. H. Т.» Об Арк. Дмитр. Столыпине см. прим. 8 к п. № 90.</note> Несмотря на дикую <choice><reg>орфографию</reg><orig>орфографiю</orig></choice> этой рукописи, которую вы уже сами распорядитесь исправить, ежели она <choice><reg>будет</reg><orig>будетъ</orig></choice> напечатана <choice><reg>без</reg><orig>безъ</orig></choice> <choice><reg>цензурных</reg><orig>цензурныхъ</orig></choice> <choice><reg>вырезок</reg><orig>вырѣзокъ</orig></choice>, чего старался <choice><reg>всеми</reg><orig>всѣми</orig></choice> силами <choice><reg>избежать</reg><orig>избѣжать</orig></choice> <choice><reg>автор</reg><orig>авторъ</orig></choice>, вы согласитесь, я <choice><reg>надеюсь</reg><orig>надѣюсь</orig></choice>, что статей <choice><reg>таких</reg><orig>такихъ</orig></choice> <choice><reg>военных</reg><orig>военныхъ</orig></choice> или очень мало или вовсе не печатается у <choice><reg>нас</reg><orig>насъ</orig></choice>, <choice><reg>к</reg><orig>къ</orig></choice> несчастью. Можеть-быть, <choice><reg>с</reg><orig>съ</orig></choice> <choice><reg>этим</reg><orig>этимъ</orig></choice> же <choice><reg>курьером</reg><orig>курьеромъ</orig></choice> пошлется статья Сакэна,<note xml:id="note3" resp="volume_editor" index="false"> Барон (с 10 августа 1855 г. граф) Дмитрий Ерофеевич <hi style="opdelimiter">Остен-Сакен</hi><hi style="opnumber">309</hi> <hi style="npnumber">310</hi><hi style="npdelimiter">1789—1881)</hi> поступил на службу юнкером в 1804 г., участвовал во всех кампаниях, начиная с кампании 1805—1807 гг. и кончая Восточной войной 1853—1856 гг. В качестве начальника севастопольского гарнизона, Остен-Сакен принимал деятельное участие в обороне. В солдатской песне о сражении 4 августа, сочиненной Толстым, о Д. Е. Остен-Сакене сказано: «А там Сакен генерал всё акафисты читал богородице». Гр. Д. Е. Остен-Сакену принадлежит ряд статей по военному делу и очерков мемуарного характера. О нем см. «Русский биографический словарь» и в ст. М. Нечкиной «О Пушкине, декабристах и их общих друзьях» — «Каторга и ссылка» 1930, кн. 4 (65).</note> о которой ничего не говорю, и которую, <choice><reg>надеюсь</reg><orig>надѣюсь</orig></choice>, вы не напечатаете. Поправки <choice><reg>в</reg><orig>въ</orig></choice> <choice><reg>статье</reg><orig>статьѣ</orig></choice> Столыпина <choice><reg>сделаны</reg><orig>сдѣланы</orig></choice> черными чернилами <choice><reg>Хрулевым</reg><orig>Хрулевымъ</orig></choice>,<note xml:id="note4" resp="volume_editor" index="false"> Степан Александрович Хрулев (1807—1870), участник Польской кампании 1830—1831 гг., Венгерской кампании 1849 г. и Ак-Мечетской экспедиции 1853 г. Честь завоевания крепости Ак-Мечеть («Форт Перовский») принадлежит Хрулеву. В начале 1854 г. Хрулев прибыл на Дунай и поступил в распоряжение начальника инженеров Шильдера. Здесь, а затем в Севастополе, где он с декабря 1854 г. состоял при главнокомандующем, Хрулев заявил себя выдающимся военачальником. Войска очень любили его и называли «храбрым солдатским генералом». Назначаемый на самые опасные места, Хрулев, никогда не терявший присутствия духа, личным примером увлекал солдат на самые отчаянные предприятия. Раненый в день сдачи Севастополя 27 августа 1855 г., он в ноябре был уволен в Петербург для лечения и через два месяца назначен состоять в распоряжении главнокомандующего Отдельным кавказским корпусом, а с 1862 г. до своей смерти числился в запасных войсках.</note> <choice><reg>левой</reg><orig>лѣвой</orig></choice> рукой, потому что правая ранена. <choice><reg>Столыпин</reg><orig>Столыпинъ</orig></choice> <choice><reg>просит</reg><orig>проситъ</orig></choice> <choice><reg>поместить</reg><orig>помѣстить</orig></choice> <choice><reg>их</reg><orig>ихъ</orig></choice> <choice><reg>в</reg><orig>въ</orig></choice> <choice><reg>выносках</reg><orig>выноскахъ</orig></choice>. Пожалуйста, ежели можно, <choice><reg>поместите</reg><orig>помѣстите</orig></choice>, <choice><reg>как</reg><orig>какъ</orig></choice> мою, <choice><reg>так</reg><orig>такъ</orig></choice> и Столыпинскую <choice><reg>в</reg><orig>въ</orig></choice> <choice><reg>июльской</reg><orig>iюльской</orig></choice> <choice><reg>книжке</reg><orig>книжкѣ</orig></choice>. Теперь мы <choice><reg>все</reg><orig>всѣ</orig></choice> собрались, и литературное общество <choice><reg>падшего</reg><orig>падшаго</orig></choice> журнала <choice><reg>начинает</reg><orig>начинаетъ</orig></choice> организоваться и, <choice><reg>как</reg><orig>какъ</orig></choice> я <choice><reg>вам</reg><orig>вамъ</orig></choice> <choice><reg>писал</reg><orig>писалъ</orig></choice>, <choice><reg>ежемесячно</reg><orig>ежемѣсячно</orig></choice> вы будете получать <choice><reg>от</reg><orig>отъ</orig></choice> меня <choice><reg>две</reg><orig>двѣ</orig></choice>, 3 или 4 статьи <hi>современнаго</hi> <choice><reg>военного</reg><orig>военнаго</orig></choice> <choice><reg>содержания</reg><orig>содержанiя</orig></choice>. <choice><reg>Лучшие</reg><orig>Лучшiе</orig></choice> два сотрудника <choice><reg>Бакунин</reg><orig>Бакунинъ</orig></choice><note xml:id="note5" resp="volume_editor" index="false"> Александр Александрович Бакунин (р. 10 ноября 1821 г., ум, 1908 г.), родной брат известного революционера, пятый сын Александра Михайловича Бакунина (176...—1854) и Варвары Алдр. Муравьевой (1791—1864). Окончил московский университет. В марте 1854 г. поступил юнкером в Тобольский полк, с которым проделал Восточную кампанию сначала в Румынии, затем в Севастополе, где познакомился с Толстым. Об этом знакомстве см. рассказ вдовы А. А. Бакунина Елиз. Алдр. Бакуниной в «Голосе минувшего» 1916, № 11, стр. 201—203. Впоследствии Бакунин выдающийся земский деятель, участник движения за освобождение Италии, «до конца своей жизни сохранивший физическую крепость и душевную бодрость, мыслитель, выработавший свою оригинальную философскую систему». (Н. П. Чулков «Генеалогия декабристов Муравьевых» — «Русский евгенический журнал», т. V, в. I. М. 1927, стр. 15.)</note> и <choice><reg>Ростовцев</reg><orig>Ростовцевъ</orig></choice><note xml:id="note6" resp="volume_editor" index="false"> Николай Яковлевич Ростовцев. См. о нем прим. 10 к п. № 90. В ответ писал И. И. Панаев 31 мая. Приводим его письмо полностью. </note> еще не <choice><reg>успели</reg><orig>успѣли</orig></choice> кончить <choice><reg>своих</reg><orig>своихъ</orig></choice> статей. Будьте <choice><reg>так</reg><orig>такъ</orig></choice> добры, <choice><reg>отвечайте</reg><orig>отвѣчайте</orig></choice> <choice><reg>мне</reg><orig>мнѣ</orig></choice> и пишите вообще <choice><reg>с</reg><orig>съ</orig></choice> <choice><reg>этим</reg><orig>этимъ</orig></choice> <choice><reg>курьером</reg><orig>курьеромъ</orig></choice>, <choice><reg>адъютантом</reg><orig>адъютантомъ</orig></choice> Горчакова, и <choice><reg>с</reg><orig>съ</orig></choice> будущими, которые <choice><reg>беспрестанно</reg><orig>безпрестанно</orig></choice> <choice><reg>снуют</reg><orig>снуютъ</orig></choice> <choice><reg>от</reg><orig>отъ</orig></choice> <choice><reg>вас</reg><orig>васъ</orig></choice> и сюда. <choice><reg>Затем</reg><orig>Затѣмъ</orig></choice> <choice><reg>с</reg><orig>съ</orig></choice> <choice><reg>совершенным</reg><orig>совершеннымъ</orig></choice> <choice><reg>уважением</reg><orig>уваженiемъ</orig></choice> <choice><reg>имею</reg><orig>имѣю</orig></choice> честь быть покорный слуга.</p>
<p rend="right">Гр. Л. Толстой.</p>
<p rend="left">Севастополь 1855 г., апр. 30.</p>
<comments><p rend="Textpetit_otstup left">Печатается по автографу, хранящемуся в ИРЛИ. Впервые опубликовано в кн.: И. И. Панаев. «Литературные воспоминания с приложением писем разных лиц». Спб. 1888 стр. 414—415.</p>
<p rend="Textpetit_otstup left"><hi>1</hi> Работа над «Севастополем в декабре» шла с 20 марта по 25 апреля. Последняя дата стоит в конце печатного текста. Рассказ был послан Некрасову между 25 и 30 апреля, судя по начальным словам этого письма.</p>
<p rend="petit left"><hi>2</hi> Статья А. Д. Столыпина «Ночная вылазка в Севастополе. Рассказ участвовавшего в ней» напечатана в № 7 «Современника» за 1855 г. с примечанием редакции: «Сообщением этой статьи мы обязаны г. Л. H. Т.» Об Арк. Дмитр. Столыпине см. прим. 8 к п. № 90.</p>
<p rend="petit left"><hi>3</hi> Барон (с 10 августа 1855 г. граф) Дмитрий Ерофеевич <hi style="opdelimiter">Остен-Сакен</hi><hi style="opnumber">309</hi> <hi style="npnumber">310</hi><hi style="npdelimiter">1789—1881)</hi> поступил на службу юнкером в 1804 г., участвовал во всех кампаниях, начиная с кампании 1805—1807 гг. и кончая Восточной войной 1853—1856 гг. В качестве начальника севастопольского гарнизона, Остен-Сакен принимал деятельное участие в обороне. В солдатской песне о сражении 4 августа, сочиненной Толстым, о Д. Е. Остен-Сакене сказано: «А там Сакен генерал всё акафисты читал богородице». Гр. Д. Е. Остен-Сакену принадлежит ряд статей по военному делу и очерков мемуарного характера. О нем см. «Русский биографический словарь» и в ст. М. Нечкиной «О Пушкине, декабристах и их общих друзьях» — «Каторга и ссылка» 1930, кн. 4 (65).</p>
<p rend="petit left"><hi>4</hi> Степан Александрович Хрулев (1807—1870), участник Польской кампании 1830—1831 гг., Венгерской кампании 1849 г. и Ак-Мечетской экспедиции 1853 г. Честь завоевания крепости Ак-Мечеть («Форт Перовский») принадлежит Хрулеву. В начале 1854 г. Хрулев прибыл на Дунай и поступил в распоряжение начальника инженеров Шильдера. Здесь, а затем в Севастополе, где он с декабря 1854 г. состоял при главнокомандующем, Хрулев заявил себя выдающимся военачальником. Войска очень любили его и называли «храбрым солдатским генералом». Назначаемый на самые опасные места, Хрулев, никогда не терявший присутствия духа, личным примером увлекал солдат на самые отчаянные предприятия. Раненый в день сдачи Севастополя 27 августа 1855 г., он в ноябре был уволен в Петербург для лечения и через два месяца назначен состоять в распоряжении главнокомандующего Отдельным кавказским корпусом, а с 1862 г. до своей смерти числился в запасных войсках.</p>
<p rend="petit left"><hi>5</hi> Александр Александрович Бакунин (р. 10 ноября 1821 г., ум, 1908 г.), родной брат известного революционера, пятый сын Александра Михайловича Бакунина (176...—1854) и Варвары Алдр. Муравьевой (1791—1864). Окончил московский университет. В марте 1854 г. поступил юнкером в Тобольский полк, с которым проделал Восточную кампанию сначала в Румынии, затем в Севастополе, где познакомился с Толстым. Об этом знакомстве см. рассказ вдовы А. А. Бакунина Елиз. Алдр. Бакуниной в «Голосе минувшего» 1916, № 11, стр. 201—203. Впоследствии Бакунин выдающийся земский деятель, участник движения за освобождение Италии, «до конца своей жизни сохранивший физическую крепость и душевную бодрость, мыслитель, выработавший свою оригинальную философскую систему». (Н. П. Чулков «Генеалогия декабристов Муравьевых» — «Русский евгенический журнал», т. V, в. I. М. 1927, стр. 15.)</p>
<p rend="petit left"><hi>6</hi> Николай Яковлевич Ростовцев. См. о нем прим. 10 к п. № 90. В ответ писал И. И. Панаев 31 мая. Приводим его письмо полностью. </p>
<p rend="petit left">«Милостивый государь граф Лев Николаевич. Статья ваша «Севастополь в декабре» напечатана в 6 книжке «Современника» (отдельную брошюру я посылаю к вам при сем). — Статья эта с жадностью прочлась здесь всеми. От нее все в восторге — и между прочим Плетнев, который отдельный ее оттиск имел счастие представить государю императору на сих днях. Тысячу раз благодарю вас за эту статью. Мы все здесь молимся, да хранит вас бог для чести и славы русской литературы! — Статья Столыпина была исправлена редакцией, — она очень интересна и должна была быть напечатана также в 6 книжке, но <hi style="opdelimiter">председатель</hi><hi style="opnumber">310</hi> <hi style="npnumber">311</hi><hi style="npdelimiter">ценсурного</hi> комитета (известный вам по Казани Пушкин) вдруг остановил ее — говоря, что в этой статье описываются военные действия, а Современнику не дозволено писать об этом; но я уже протестовал против этого; был вчера у министра и подал ему записку о произвольном толковании Мусина-Пушкина и объявил ему, между прочим, что, если нам будут запрещать подобные статьи, то оставаться теперь редактором литературного журнала постыдно. Кажется, дело обойдется, и статейка Столыпина будет напечатана в 7 книжке... Жду с нетерпением статей Ростовцева, Бакунина и ваших. Сейчас еду к Анненкову — вице-директору инспекторского департамента, чтобы посредством него завести постоянные сношения с вами через курьеров. Алексею Столыпину я показывал уже в корректурах статью Арк. Столыпина. Пишите и шлите всё скорей сюда... Мы ждем вас из Севастополя с нетерпением страшным. Преданный вам И. Панаев». («Красная новь» 1928, 9, стр. 217.)</p>
<p rend="petit left">Об <hi>Ив. Ив. Панаеве</hi> см. прим. к п. № 101. Под <hi>отдельной брошюрой </hi>статьи Панаев разумеет отдельный оттиск. Петр Александрович <hi>Плетнев </hi>(1792—1865) друг Пушкина, профессор и ректор Петербургского университета, академик. Л. 1927. Арк. Дм. <hi>Столыпин.</hi> О нем см. прим. 8 к п. № 90. <hi>Пушкин</hi> — Михаил Николаевич Мусин-Пушкин. О нем см. прим. 8 к п. № 12. <hi>Министром</hi> Народного Просвещения был в 1854— 1858 гг. Абрам Сергеевич Норов (1794—1869). <hi>Ростовцев</hi> — гр. Николай Яковлевич. О нем см. прим. 10 к п. № 90. <hi>Бакунин </hi>— Александр Александрович. О нем см. прим. 5 к этому письму. <hi>Анненков</hi> — Иван Васильевич. Анненков (1814—1887), брат писателя, в 1833—1852 гг. служил в л.-гв. конном полку, в 1853—1855 гг. был вице-директором Инспекторского департамента Военного министерства; в 1860—1862 г. начальником 1 округа корпуса жандармов; в 1862—1867 гг. — петербургским обер- полицеймейстером. Алексей Аркадьевич <hi>Столыпин</hi> (1816—1858) —двоюродный брат приятеля Толстого Арк. Дм. Столыпина, приятель Лермонтова, известный под именем «Монго».</p>
</comments></div></body>
        </text>
        </TEI>