<?xml version='1.0' encoding='UTF-8' standalone='no'?>

<TEI xmlns="http://www.tei-c.org/ns/1.0">
       <teiHeader>
          <fileDesc>
             <titleStmt>
                <title>Письмо №* 415. Н. Н. Страхову.</title>
             </titleStmt>
             <publicationStmt>
                <publisher>TolstoyLab</publisher>
                <date when="2015-09-14">14 September 2015</date>
             </publicationStmt>
             <sourceDesc>
                <biblStruct>
                   <analytic>
                      <author>Толстой Л.Н.</author>
                   </analytic>
                   <monogr>
                      <title level="m">Полное собрание сочинений. Том 61</title>
                      <imprint>
                         <pubPlace>Москва</pubPlace>
                         <publisher>Государственное издательство "Художественная литература"</publisher>
                         <date when="1953"/>
                      </imprint>
                   </monogr>
                   <series>
                      <title level="s">Л.Н. Толстой. Полное собрание сочинений</title>
                      <biblScope unit="vol">61</biblScope>
                   </series>
                </biblStruct>
             </sourceDesc>
          </fileDesc>
          <encodingDesc>
             <tagsDecl> </tagsDecl>
          </encodingDesc>
          <profileDesc>
             <correspDesc>
                <correspAction type="sending">
                   <persName ref="PersonList.xml#L_N_Tolstoy">Л. Н. Толстой</persName>
                   <placeName ref="PlacesListxml#PLACE">Я. П.</placeName>
                   <date from="1872-10-26" to="1872-10-27">1872 г. Октября 26 — 27</date>            </correspAction>
                <correspAction type="receiving">
                   <persName ref="PersonList.xml#RECEIVER">Н. Н. Страхову</persName>
                </correspAction>
                <correspContext>
                   <ref type="prev"/>
                </correspContext>
             </correspDesc>
          </profileDesc>
       </teiHeader>
       <xenoData><number type="in a volume">415</number></xenoData>

              <text xml:id="H__N__Straxovu_415">
	<body><div>
		<opener index="false">
* 415. Н. Н. Страхову.
1872 г. Октября 26—27. Я. П.
</opener><p rend="left">Как дела, дорогой Николай Николаич? Нынче не получил с почты письма и листков и думаю, уж не кончено ли и не едете ли вы сами. — Как бы нам не разъехаться! Это было бы ужасно обидно. Я завтра еду в Москву и пробуду три дня. В Москве стою в гостинице «Россия» на Кузнецком Мосту.</p>
<p rend="left">Вот главная цель этого письма. Второстепенная цель следующая: Вы писали: не попытаться ли получить деньги от Кашпирева?<note xml:id="note1" resp="volume_editor" index="false"> <ref target="file:///Volume_61_H__N__Straxovu_379.xml">См. письмо № 379</ref> и там же прим. 3.</note></p>
<p rend="left">Для меня это очень бы было желательно, но если это для вас хоть немного неприятно, то ничего не говорите. Пожалуйста, в самом точном смысле понимайте эти слова. Так не хочется писать, когда жду, что вот-вот увижу вас.<note xml:id="note2" resp="volume_editor" index="false"> Н. Н. Страхов приехал в Ясную Поляну в начале ноября и прожил там пять дней.</note> До свиданья. Ваш</p>
<p rend="right">Л. Толстой.</p>
<p rend="left">Сейчас получил от управляющего письмо, что деньги, которые я велел прислать для отъезда в Москву и отсылки вам, не могут быть присланы. Пшеница упала в цене, и он ждет <hi style="opdelimiter">приказанья;</hi><hi style="opnumber">335</hi> <hi style="npnumber">336</hi><hi style="npdelimiter">так</hi> что протянется неделю, да и очень невыгодно продавать. — Это не изменяет того, что касается Кашпирева; но если бы типографщик мог подождать до первого сбора за книгу, то это было бы очень хорошо. Я уверен, что в первые две-три недели получится рублей 1000.<note xml:id="note3" resp="volume_editor" index="false"> Продажа «Азбуки» затянулась. П. А. Берс 8 декабря писал, что с 29 ноября им продано всего 60 экземпляров <ref target="file:///Volume_61_H__N__Straxovu_426.xml">См. письмо № 426</ref>.</note> — Я так бы и просил Берса.<note xml:id="note4" resp="volume_editor" index="false">Петр Андреевич Берс.</note></p>
<p rend="left">Тоже и про себя напишите мне, сколько вам нужно будет теперь.</p>
<p rend="left">Я в Москве думаю занять, что мне не затруднительно нисколько. Напишите мне, пожалуйста, в Москву, в «Россию» на <choice original_editorial_correction='Кузнецк[ом]'><sic>Кузнецк</sic><corr>Кузнецком</corr></choice> Мосту, сколько мне приготовить денег. Нынешний год мне особенно несчастлив в денежном отношении. Самарское мое предприятие свело только концы с концами, но денег не дало. И с разных сторон были потери. Два купца обманули, и еще разные мелочи, так что я временно стеснен. —</p>
<p rend="left">————————————————————————————————————</p>
<p rend="left">Сейчас стал пересматривать листки и увидел, что опечатку или описку на 144 стр. трудно будет поправить наклейкой,<note xml:id="note5" resp="volume_editor" index="false">Ср. письмо № 413. Третья книга «Азбуки» уже была готова к печати, и опечатка, указанная Толстым, могла быть оговорена лишь на последней, 228-й, странице четвертой книги.</note> потому что, поставив 4 вместо 8, надо будет 8 линеек вместо 4-х. Надо будет выпустить цифры вычитанья, тогда поместятся 8 линеек.</p>
<p rend="left">Напечатано:</p>
<p rend="left">Из 32-х разложи на 8 <choice original_editorial_correction='ч[астей]'><sic>ч</sic><corr>частей</corr></choice> по 1 (1×8=8). Вычти 8, останется</p>
<div rend="image"><figure><graphic url="./img/b00004773.png"/></figure></div><p class="left">Напечатать:</p>
<p rend="left">Из 32-х разложи на 4 <choice original_editorial_correction='ч[асти]'><sic>ч</sic><corr>части</corr></choice> по 1 (1×4=4). Вычти 4, останется 28.</p>
<p rend="left">Из 28-и разложи на 4 <choice original_editorial_correction='ч[асти]'><sic>ч</sic><corr>части</corr></choice> по 1 (1×4=4). Вычти 4, <choice original_editorial_correction='остан[ется]'><sic>остан</sic><corr>останется</corr></choice> 24 и т. д.</p>
<p rend="left">На 149 стр. 3 книги означьте в опечатки вместо: 35 сложить 12 <choice original_editorial_correction='р[аз]'><sic>р</sic><corr>раз</corr></choice> — 12 сложить 35 раз.</p>
<p rend="left">Распечатываю на <choice original_editorial_correction='железн[ой]'><sic>железн</sic><corr>железной</corr></choice> дороге, получив ваше письмо. Непременно, как здесь написано, т. е.</p>
<p rend="left">32 : 4 —</p>
<p rend="left">Не конфузьте меня, спрашивая, разрешаю ли я вам уехать. — Жду вас с нетерпением.</p>
<comments><p rend="Textpetit_otstup left">Датируется на основании слов: «Я завтра еду в Москву». Толстой уехал в Москву 27 октября и в тот же день, как видно по тексту, дописывал <hi style="opdelimiter">письмо.</hi><hi style="opnumber">336</hi></p>
<p rend="Textpetit_otstup left"><hi>1</hi> <ref target="file:///Volume_61_H__N__Straxovu_379.xml">См. письмо № 379</ref> и там же прим. 3.</p>
<p rend="petit left"><hi>2</hi> Н. Н. Страхов приехал в Ясную Поляну в начале ноября и прожил там пять дней.</p>
<p rend="petit left"><hi>3</hi> Продажа «Азбуки» затянулась. П. А. Берс 8 декабря писал, что с 29 ноября им продано всего 60 экземпляров <ref target="file:///Volume_61_H__N__Straxovu_426.xml">См. письмо № 426</ref>.</p>
<p rend="petit left"><hi>4</hi>Петр Андреевич Берс.</p>
<p rend="petit left"><hi>5</hi>Ср. письмо № 413. Третья книга «Азбуки» уже была готова к печати, и опечатка, указанная Толстым, могла быть оговорена лишь на последней, 228-й, странице четвертой книги.</p>
</comments></div></body>
        </text>
        </TEI>