<?xml version='1.0' encoding='UTF-8' standalone='no'?>

<TEI xmlns="http://www.tei-c.org/ns/1.0">
       <teiHeader>
          <fileDesc>
             <titleStmt>
                <title>Письмо №* 379. Н. Н. Страхову.</title>
             </titleStmt>
             <publicationStmt>
                <publisher>TolstoyLab</publisher>
                <date when="2015-09-14">14 September 2015</date>
             </publicationStmt>
             <sourceDesc>
                <biblStruct>
                   <analytic>
                      <author>Толстой Л.Н.</author>
                   </analytic>
                   <monogr>
                      <title level="m">Полное собрание сочинений. Том 61</title>
                      <imprint>
                         <pubPlace>Москва</pubPlace>
                         <publisher>Государственное издательство "Художественная литература"</publisher>
                         <date when="1953"/>
                      </imprint>
                   </monogr>
                   <series>
                      <title level="s">Л.Н. Толстой. Полное собрание сочинений</title>
                      <biblScope unit="vol">61</biblScope>
                   </series>
                </biblStruct>
             </sourceDesc>
          </fileDesc>
          <encodingDesc>
             <tagsDecl> </tagsDecl>
          </encodingDesc>
          <profileDesc>
             <correspDesc>
                <correspAction type="sending">
                   <persName ref="PersonList.xml#L_N_Tolstoy">Л. Н. Толстой</persName>
                   <placeName ref="PlacesListxml#PLACE">Я. П.</placeName>
                   <date when="1872-06-06">1872 г. Июня 6.</date>            </correspAction>
                <correspAction type="receiving">
                   <persName ref="PersonList.xml#RECEIVER">Н. Н. Страхову</persName>
                </correspAction>
                <correspContext>
                   <ref type="prev">Ответ на неизвестное письмо Н. Н. Страхова.</ref>
                </correspContext>
             </correspDesc>
          </profileDesc>
       </teiHeader>
       <xenoData><number type="in a volume">379</number></xenoData>

              <text xml:id="H__N__Straxovu_379">
	<body><div>
		<opener index="false">
* 379. Н. Н. Страхову.
1872 г. Июня 6. Я. П.</opener>
<p rend="left">Видно, мне не судьба издать эту книжку, стоившую мне трудов больше, чем какая-нибудь работа, и которой я так дорожил. В Москве ни одна типография не берется, Рис украл 600 р. и условия делать не хочет. Работа самая скучная, тяжелая для меня — приводить в порядок рукопись, <hi style="opdelimiter">переписывать,</hi><hi style="opnumber">291</hi> <hi style="npnumber">292</hi><hi style="npdelimiter">отмечать</hi> последовательность упражнений — предстоит мне сначала потому, что рукопись вернулась в страшном беспорядке. Послать ее вам в таком виде невозможно; а самому поехать в Петербург, чтобы повидаться с вами, я теперь не могу.</p>
<p rend="left">Кроме того, я так напуган Рисом, что не решусь послать рукописи, пока не буду знать, возьмется ли <choice original_editorial_correction='петерб[ургская]'><sic>петерб</sic><corr>петербургская</corr></choice> типография и как скоро кончит работу. (Цена в Москве была, кажется, 11 р. набор и печать, но цена не имеет никакого для меня значения.)</p>
<p rend="left">Итак, хотя мне и кажется, что не судьба издать эту книгу, я думаю делать вот что: подожду от вас ответа о типографии (сколько нужно денег и когда?) и буду приводить в порядок рукопись. Недели через две, если бог позволит, привезу к вам рукопись в Петербург,<note xml:id="note1" resp="volume_editor" index="false"> В Петербург Толстой не ездил.</note> обо всем переговорю и уеду свободным, благословляя вас.</p>
<p rend="left">Письмо ваше произвело на меня грустное впечатление. Мне кажется, что вы мной недовольны. А я так дорожу вами, что чорт с ними, со всеми делами, если они могут расстроить нас. Напишите мне, если это неправда, ваши условия вознаграждения за два месяца работы, как надо полагать. Если всё сделается, как я мечтаю, то работы вам будет много. Кроме практической работы с типографией, в 4-х книжках азбуки, в каждой есть славянский отдел с переводом en regard.<note xml:id="note2" resp="volume_editor" index="false"> [рядом.]</note> Почти весь перевод сделан, но выноски грамматических форм не сделаны. Потом исправления языка, порядка, всё это уж делали бы вы.</p>
<p rend="left">Итак, ожидаю ответа на все вопросы и привожу в порядок рукопись.</p>
<p rend="left">Что касается до Кашперева, то я не только давать что-нибудь в Вечера не намерен,<note xml:id="note3" resp="volume_editor" index="false"> Василий Владимирович Кашпирев (1836—1875) — историк, издатель журнала «Заря», прекратившегося на втором номере в 1872 г. Жена его Софья Сергеевна Кашпирева с 1870 по 1891 г. издавала детский журнал «Семейные вечера». Вероятно, Кашпирев, не заплатив за «Кавказского пленника», просил Толстого дать еще какой-нибудь рассказ в «Семейные вечера», предлагая 400 р. за лист.</note> чтоб выручать свои деньги <hi>по 400 р. за лист</hi>, но только радуюсь уроку никогда не отвечать на редакторские письма и прятать бумажник и серебряные ложки в присутствии редакторов. Не обвиняйте меня за раздражение. Я раздражен на себя за то, что изменил своему правилу не иметь дела с журналами и <hi>литературой</hi>. Я жду и желаю для полного своего пристыжения, чтобы оба рассказа,<note xml:id="note4" resp="volume_editor" index="false"> «Бог правду видит, да не скоро скажет» и «Кавказский пленник», которые Толстой дал в журналы «Заря» и «Беседа». Об этом см. в письмах №№ 358 и 365.</note> которыми я дал повод рассуждать о себе умникам журналистам<note xml:id="note5" resp="volume_editor" index="false"> Раздражение Толстого было вызвано бранными отзывами о рассказе «Бог правду видит, да не скоро скажет», появившимися в обзорах новой литературы в газетах «Русский мир», № 104 от 29 апреля, и «С.-Петербургские ведомости», № 123 от 6 мая. Первый из них, подписанный инициалами «А. О.», был написан публицистом реакционного направления, автором романов из чиновничье-светской жизни В. Г. Авсеенко (1842—1913), второй, за подписью «Z» — реакционным фельетонистом В. П. Бурениным (1841—1926).</note> и за которые я ничего не получил, были бы напечатаны в хрестоматиях, а моя бы Азбука не вышла. Так и будет. Итак, жду от вас ответа.</p>
<p rend="right">Вас искренно любящий <hi style="opdelimiter">Толстой.</hi><hi style="opnumber">292</hi></p>
<comments><p rend="Textpetit_otstup left"><hi style="npnumber">293</hi><hi style="npdelimiter">На</hi> автографе пометка Страхова: «6 июня 1872». Конец письма, с датой: «1872 г. Апрель», впервые опубликован в Б, II, стр. 115—116; отрывок — с той же датой в ПТС, № 304.</p>
<p rend="petit left">Ответ на неизвестное письмо Н. Н. Страхова.</p>
<p rend="Textpetit_otstup left"><hi>1</hi> В Петербург Толстой не ездил.</p>
<p rend="petit left"><hi>2</hi> [рядом.]</p>
<p rend="petit left"><hi>3</hi> Василий Владимирович Кашпирев (1836—1875) — историк, издатель журнала «Заря», прекратившегося на втором номере в 1872 г. Жена его Софья Сергеевна Кашпирева с 1870 по 1891 г. издавала детский журнал «Семейные вечера». Вероятно, Кашпирев, не заплатив за «Кавказского пленника», просил Толстого дать еще какой-нибудь рассказ в «Семейные вечера», предлагая 400 р. за лист.</p>
<p rend="petit left"><hi>4</hi> «Бог правду видит, да не скоро скажет» и «Кавказский пленник», которые Толстой дал в журналы «Заря» и «Беседа». Об этом см. в письмах №№ 358 и 365.</p>
<p rend="petit left"><hi>5</hi> Раздражение Толстого было вызвано бранными отзывами о рассказе «Бог правду видит, да не скоро скажет», появившимися в обзорах новой литературы в газетах «Русский мир», № 104 от 29 апреля, и «С.-Петербургские ведомости», № 123 от 6 мая. Первый из них, подписанный инициалами «А. О.», был написан публицистом реакционного направления, автором романов из чиновничье-светской жизни В. Г. Авсеенко (1842—1913), второй, за подписью «Z» — реакционным фельетонистом В. П. Бурениным (1841—1926).</p>
</comments></div></body>
        </text>
        </TEI>