<?xml version='1.0' encoding='UTF-8' standalone='no'?>

<TEI xmlns="http://www.tei-c.org/ns/1.0">
       <teiHeader>
          <fileDesc>
             <titleStmt>
                <title>Письмо №* 27. Т. А. Ергольской.</title>
             </titleStmt>
             <publicationStmt>
                <publisher>TolstoyLab</publisher>
                <date when="2015-09-14">14 September 2015</date>
             </publicationStmt>
             <sourceDesc>
                <biblStruct>
                   <analytic>
                      <author>Толстой Л.Н.</author>
                   </analytic>
                   <monogr>
                      <title level="m">Полное собрание сочинений. Том 59</title>
                      <imprint>
                         <pubPlace>Москва</pubPlace>
                         <publisher>Государственное издательство "Художественная литература"</publisher>
                         <date when="1935"/>
                      </imprint>
                   </monogr>
                   <series>
                      <title level="s">Л.Н. Толстой. Полное собрание сочинений</title>
                      <biblScope unit="vol">59</biblScope>
                   </series>
                </biblStruct>
				<bibl>Печатается по автографу, хранящемуся в АТБ. Публикуется впервые. Год определяется содержанием: Толстой поздравляет с праздником Пасхи, которая была в 1850 г. 23 апреля.</bibl>
             </sourceDesc>
          </fileDesc>
          <encodingDesc>
             <tagsDecl> </tagsDecl>
          </encodingDesc>
          <profileDesc>
             <correspDesc>
                <correspAction type="sending">
                   <persName ref="PersonList.xml#L_N_Tolstoy">Л. Н. Толстой</persName>
                   <placeName ref="PlacesListxml#PLACE">Пирогово.</placeName>
                   <date when="1850-04-20">1850 г. Апреля 20.</date>            </correspAction>
                <correspAction type="receiving">
                   <persName ref="PersonList.xml#RECEIVER">Т. А. Ергольской</persName>
                </correspAction>
                <correspContext>
                   <ref type="prev"/>
                </correspContext>
             </correspDesc>
          </profileDesc>
       </teiHeader>
       <xenoData><number type="in a volume">27</number></xenoData>

              <text xml:id="T.A.Ergolskoj_27">
	<body><div>
		<opener index="false">
* 27. Т. А. Ергольской.
1850 г. Апреля 20. Пирогово.</opener>
<p rend="left">Il у a bien longtems, que je n’ai de vos nouvelles, chère tante, et c’est à mon tour de m’inquiéter à votre sujet; moi et Serge nous nous portons tous les deux bien: il est à Piragovo où je <choice original_editorial_correction='n’ai[pu]'><sic>n’ai</sic><corr>n’aipu</corr></choice> le rejoindre aujourd’hui pour finir de faire mes dévotions. Je vous félicite ainsi que Marie, Valérien et la tante Lise au sujet des fêtes de Pâques. <choice original_editorial_correction='Comme[nt]'><sic>Comme</sic><corr>Comment</corr></choice> se porte la tante Lise? Mes compliments à M-lle Vergani.<note xml:id="note1" resp="volume_editor" index="false">Француженка Вергани служила гувернанткой у гр. М. Н. Толстой, а потом перешла к Арсеньевым.</note></p>
<p rend="left">Les Arsénieffs<note xml:id="note2" resp="volume_editor" index="false">О семье Арсеньевых см. прим. 3 к п. № 23.</note> desirent excessivement [de] l’avoir chez eux et m’ont chargé de lui demander ses conditions. — Ils consentiront à toutes celles qu’elle voudra proposer. Moi je lui conseille si nulement d’entrer dans cette maison sans parler du plaisir que nous aurons à la <hi>[1 нрзбр.]</hi> souvent les Arsenieffs sont au fond de très braves gens.</p>
<p rend="left">Adieu je baise vos mains. Quand <choice original_editorial_correction='viend[r]ez'><sic>viendez</sic><corr>viendrez</corr></choice> vous?</p>
<p rend="right">C. L. Tolstoy.</p>
<p rend="left">20 April</p>
<p rend="left">18</p>
<comments><p rend="Textpetit_otstup left">Уже давно я ничего о вас не знаю, дорогая тетенька, и мой черед о вас беспокоиться. Мы с Сережей здоровы; он в Пирогове; я туда не поехал <hi style="opdelimiter">с</hi><hi style="opnumber">56</hi> <hi style="npnumber">57</hi><hi style="npdelimiter">ним</hi> сегодня, чтобы окончить говенье. Поздравляю вас, Машеньку, Валерьяна и тетю Лизу с праздником Пасхи. Как здоровье тети Лизы? Кланяюсь М-ль Вергани.<note xml:id="note3" resp="volume_editor" index="false">Француженка Вергани служила гувернанткой у гр. М. Н. Толстой, а потом перешла к Арсеньевым.</note> — Арсеньевы<note xml:id="note4" resp="volume_editor" index="false">О семье Арсеньевых см. прим. 3 к п. № 23.</note> очень желают, чтобы она к ним поступила и просили меня узнать ее условия. — Они согласятся на всё, что она потребует. Я советую ей поступить к ним. Не говоря об удовольствии для нас часто ее видеть, Арсеньевы в сущности хорошие люди.</p>
<p rend="petit left">Прощайте, целую ваши ручки. Когда вы приедете?</p>
<p rend="petit right">Г. Л. Толстой.</p>
<p rend="petit left">20 апреля.</p>
<p rend="Textpetit_otstup left">Печатается по автографу, хранящемуся в АТБ. Публикуется впервые. Год определяется содержанием: Толстой поздравляет с праздником Пасхи, которая была в 1850 г. 23 апреля.</p>
<p rend="Textpetit_otstup left"><hi>1 </hi>Француженка Вергани служила гувернанткой у гр. М. Н. Толстой, а потом перешла к Арсеньевым.</p>
<p rend="petit left"><hi>2 </hi>О семье Арсеньевых см. прим. 3 к п. № 23.</p>
</comments></div></body>
        </text>
        </TEI>