<?xml version='1.0' encoding='UTF-8' standalone='no'?>

<TEI xmlns="http://www.tei-c.org/ns/1.0">
       <teiHeader>
          <fileDesc>
             <titleStmt>
                <title>Письмо №* 5. Гр. С. Н. Толстому.</title>
             </titleStmt>
             <publicationStmt>
                <publisher>TolstoyLab</publisher>
                <date when="2015-09-14">14 September 2015</date>
             </publicationStmt>
             <sourceDesc>
                <biblStruct>
                   <analytic>
                      <author>Толстой Л.Н.</author>
                   </analytic>
                   <monogr>
                      <title level="m">Полное собрание сочинений. Том 60</title>
                      <imprint>
                         <pubPlace>Москва</pubPlace>
                         <publisher>Государственное издательство "Художественная литература"</publisher>
                         <date when="1949"/>
                      </imprint>
                   </monogr>
                   <series>
                      <title level="s">Л.Н. Толстой. Полное собрание сочинений</title>
                      <biblScope unit="vol">60</biblScope>
                   </series>
                </biblStruct>
             </sourceDesc>
          </fileDesc>
          <encodingDesc>
             <tagsDecl> </tagsDecl>
          </encodingDesc>
          <profileDesc>
             <correspDesc>
                <correspAction type="sending">
                   <persName ref="PersonList.xml#L_N_Tolstoy">Л. Н. Толстой</persName>
                   <placeName ref="PlacesListxml#PLACE">Петербург.</placeName>
                   <date when="1856-03-25">1856 г. Марта 25.</date>            </correspAction>
                <correspAction type="receiving">
                   <persName ref="PersonList.xml#RECEIVER">Гр. С. Н. Толстому</persName>
                </correspAction>
                <correspContext>
                   <ref type="prev"/>
                </correspContext>
             </correspDesc>
          </profileDesc>
       </teiHeader>
       <xenoData><number type="in a volume">5</number></xenoData>

              <text xml:id="gr.S.N.Tolstomu_5">
	<body><div>
		<opener index="false">
* 5. Гр. С. Н. Толстому.
1856 г. Марта 25. Петербург.</opener>
<p rend="left">О мире тебе нечего и говорить, уж ты знаешь.<note xml:id="note1" resp="volume_editor" index="false"> 18/30 марта был подписан Парижский мирный договор, закончивший Восточную войну (1853—1856).</note> Насчет твоего полка<note xml:id="note2" resp="volume_editor" index="false"> В марте 1855 г. С. Н. Толстой поступил в Стрелковый полк императорской фамилии, сформированный 20 июля 1855 г. 11 сентября 1855 г. полк выступил из Москвы в Одессу через Тулу—Орел—Курск—Николаев. В начале декабря 1855 г. полк прибыл в Одессу. За полтора месяца стоянки полка под Одессой от тифа умерло больше 1000 человек. 14 апреля 1856 г. полк выступил обратно тем же маршрутом в Москву, назначенный участвовать при коронации Александра II, бывшей 26 августа. 19 сентября 1856 г. полк был распущен. В марте 1856 г. С. Н. Толстой находился в отпуску.</note> — что с ним будет, я ничего еще не узнал, но узнаю и напишу. — Впрочем, ежели ты намерен, как я полагаю, выдти в отставку, то тебе всё равно. — Как вам не совестно было с Васинькой<note xml:id="note3" resp="volume_editor" index="false"> Василий Степанович Перфильев (1826—1890) — товарищ братьев Толстых. О нем см. т. 59, стр. 20.</note> не написать мне, что вы не приедете — я вас всё ждал, а то бы я сам приехал. — Волконского<note xml:id="note4" resp="volume_editor" index="false"> Кн. Александр Алексеевич Волконский — троюродный брат Толстого по матери, камер-юнкер. Изображен Толстым в «Истории вчерашнего дня» (см. т. I, стр. 279).</note> тут нет, и я, признаюсь, не помню, как наши счеты. Я был должен ему 230, ежели ты взял еще 200 и прислал 230, следовательно еще ему остаемся должны 200, которые, ежели ты можешь, пожалуйста, заплати. — Я, не беря карты в руки и умеряя себя во всём, не могу проживать меньше 200 р. в месяц. Но дело в том, что издание моих рассказов военных<note xml:id="note5" resp="volume_editor" index="false"> «Военные рассказы» Толстого вышли отдельным изданием в начале октября 1856 г. Сюда вошли «Набег», «Рубка леса» и три севастопольских рассказа.</note> и <choice original_editorial_correction='Дет[ство]'><sic>Дет</sic><corr>Детство</corr></choice> и <choice original_editorial_correction='Отр[очество]'><sic>Отр</sic><corr>Отрочество</corr></choice>,<note xml:id="note6" resp="volume_editor" index="false"> Печатание «Детства и отрочества» отдельной книгой Толстой передал Д. Я. Колбасину. Вышло «Детство и отрочество» в начале октября 1856 г.</note> которые мне могут принести, ежели я сам их издам, тысячи четыре, не дадут мне больше 1,000 р., ежели я их продам; поэтому мне теперь хотелось бы не <hi style="opdelimiter">только</hi><hi style="opnumber">54</hi> <hi style="npnumber">55</hi><hi style="npdelimiter">поменьше</hi> издерживать, но и занять, ежели бы можно было. Я прошусь за границу на 8 <choice original_editorial_correction='мес[яцев]'><sic>мес</sic><corr>месяцев</corr></choice>, ежели пустят, то поеду. Я писал об этом <choice original_editorial_correction='Ник[оленьке]'><sic>Ник</sic><corr>Николеньке</corr></choice><note xml:id="note7" resp="volume_editor" index="false"> Гр. Николай Николаевич Толстой — старший брат Толстого. О нем см. т. 59, стр. 121—122. Письмо к нему Толстого не сохранялось.</note> и звал его ехать. Ежели бы мы все три устроились ехать вместе, — это было бы отлично. Ежели каждый возьмет по 1000 руб., то можно съездить отлично. — Пиши пожалуйста мне. Как понравилась тебе Метель? Я ей недоволен — серьезно. А теперь писать многое хочется, но решительно некогда в этом проклятом Петербурге. Во всяком случае, пустят ли меня или нет за границу, а в Апреле намерен взять отпуск и быть в деревне. — Боюсь только, что тебе нельзя будет еще продолжить отпуск и придется ехать к полку. Это было бы скверно. — Прощай, до свиданья, пожалуйста напиши поскорее и поподробнее.</p>
<p rend="right">Твой брат Г. Л. Толстой.</p>
<p rend="left">25 Марта.</p>
<comments><p rend="Textpetit_otstup left">Отрывок из письма напечатан в Б. I, 1, стр. 291—292. Год определяется содержанием.</p>
<p rend="petit left">Гр. Сергей Николаевич Толстой (1826—1904) — брат Льва Николаевича. О нем см. т. 59, стр. 31—32.</p>
<p rend="Textpetit_otstup left"><hi>1</hi> 18/30 марта был подписан Парижский мирный договор, закончивший Восточную войну (1853—1856).</p>
<p rend="petit left"><hi>2</hi> В марте 1855 г. С. Н. Толстой поступил в Стрелковый полк императорской фамилии, сформированный 20 июля 1855 г. 11 сентября 1855 г. полк выступил из Москвы в Одессу через Тулу—Орел—Курск—Николаев. В начале декабря 1855 г. полк прибыл в Одессу. За полтора месяца стоянки полка под Одессой от тифа умерло больше 1000 человек. 14 апреля 1856 г. полк выступил обратно тем же маршрутом в Москву, назначенный участвовать при коронации Александра II, бывшей 26 августа. 19 сентября 1856 г. полк был распущен. В марте 1856 г. С. Н. Толстой находился в отпуску.</p>
<p rend="petit left"><hi>3</hi> Василий Степанович Перфильев (1826—1890) — товарищ братьев Толстых. О нем см. т. 59, стр. 20.</p>
<p rend="petit left"><hi>4</hi> Кн. Александр Алексеевич Волконский — троюродный брат Толстого по матери, камер-юнкер. Изображен Толстым в «Истории вчерашнего дня» (см. т. I, стр. 279).</p>
<p rend="petit left"><hi>5</hi> «Военные рассказы» Толстого вышли отдельным изданием в начале октября 1856 г. Сюда вошли «Набег», «Рубка леса» и три севастопольских рассказа.</p>
<p rend="petit left"><hi>6</hi> Печатание «Детства и отрочества» отдельной книгой Толстой передал Д. Я. Колбасину. Вышло «Детство и отрочество» в начале октября 1856 г.</p>
<p rend="petit left"><hi>7</hi> Гр. Николай Николаевич Толстой — старший брат Толстого. О нем см. т. 59, стр. 121—122. Письмо к нему Толстого не сохранялось.</p>
<p rend="emptyline left"><hi style="opnumber">55</hi> <hi style="npnumber">56</hi></p>
</comments></div></body>
        </text>
        </TEI>