<?xml version='1.0' encoding='UTF-8' standalone='no'?>

<TEI xmlns="http://www.tei-c.org/ns/1.0">
       <teiHeader>
          <fileDesc>
             <titleStmt>
                <title>Письмо №252. Гр. А. А. Толстой.</title>
             </titleStmt>
             <publicationStmt>
                <publisher>TolstoyLab</publisher>
                <date when="2015-09-14">14 September 2015</date>
             </publicationStmt>
             <sourceDesc>
                <biblStruct>
                   <analytic>
                      <author>Толстой Л.Н.</author>
                   </analytic>
                   <monogr>
                      <title level="m">Полное собрание сочинений. Том 60</title>
                      <imprint>
                         <pubPlace>Москва</pubPlace>
                         <publisher>Государственное издательство "Художественная литература"</publisher>
                         <date when="1949"/>
                      </imprint>
                   </monogr>
                   <series>
                      <title level="s">Л.Н. Толстой. Полное собрание сочинений</title>
                      <biblScope unit="vol">60</biblScope>
                   </series>
                </biblStruct>
             </sourceDesc>
          </fileDesc>
          <encodingDesc>
             <tagsDecl> </tagsDecl>
          </encodingDesc>
          <profileDesc>
             <correspDesc>
                <correspAction type="sending">
                   <persName ref="PersonList.xml#L_N_Tolstoy">Л. Н. Толстой</persName>
                   <placeName ref="PlacesListxml#PLACE">Москва.</placeName>
                   <date when="1862-09-07">1862 г. Сентября 7.</date>            </correspAction>
                <correspAction type="receiving">
                   <persName ref="PersonList.xml#RECEIVER">Гр. А. А. Толстой</persName>
                </correspAction>
                <correspContext>
                   <ref type="prev"/>
                </correspContext>
             </correspDesc>
          </profileDesc>
       </teiHeader>
       <xenoData><number type="in a volume">252</number></xenoData>

              <text xml:id="gr.A.A.Tolstoj_252">
	<body><div>
		<opener index="false">
252. Гр. А. А. Толстой.
1862 г. Сентября 7. Москва.
</opener>
<p rend="Obrashenie left">Милый друг Alexandrine.</p>
<p rend="left">Какой я счастливый человек, что у меня есть такие друзья, как вы! Ваше письмо<note xml:id="note1" resp="volume_editor" index="false"> От 18 августа 1862 г. См. ПТ, № 43.</note> так обрадовало и утешило меня! А на меня все несчастья в последнее время: жандармы, цензура такая на мой журнал, что завтра только я выпускаю Июнь и без моей статьи, которая послана зачем то в Петербург,<note xml:id="note2" resp="volume_editor" index="false"> О статье Толстого см. прим. 2 к п. № 251.</note> и 3-е главное несчастье или счастье, как хотите, судите. Я, старый, беззубый дурак, влюбился.<note xml:id="note3" resp="volume_editor" index="false"> Толстой влюбился в С. А. Берс.</note> Да. Я написал это слово и не знаю, правду ли я сказал и так ли я сказал. Не следовало бы этого писать, но вам мне хочется объяснить, почему я ко всему тому, что со мной было, не то, что равнодушен, — но далек от всего, — как будто с тех пор прошло уж много, много времени. Не следовало же вам писать, потому что, должно быть, на днях я так или иначе выйду из того запутанного, тяжелого и вместе с тем счастливого положенья, в котором я нахожусь. Вы сами знаете, что это бывает всегда не так, как пишется и рассказывается, всегда так сложно, запутанно, так много такого, чего рассказать нельзя. Когда-нибудь с радостью или с грустью воспоминанья расскажу вам всё. Однако боишься, как бы не быть виноватым перед собою. И правил никаких нет и быть не может, а есть одно чувство; и его-то и боишься.</p>
<p rend="left">Письмо я подал здесь Государю через флигель <choice original_editorial_correction='адъют[анта]'><sic>адъют</sic><corr>адъютанта</corr></choice>, кажется, Шереметева.<note xml:id="note4" resp="volume_editor" index="false"> Сергей Алексеевич Шереметев (1836—1896) — в 1862 г. флигель-адъютант, ротмистр лейб-гвардии Конногренадерского полка. Впоследствии генерал-адъютант, главноначальствующий на Кавказе.</note> Я просил позаботиться о участи этого письма Крыжановского.<note xml:id="note5" resp="volume_editor" index="false"> Николай Андреевич Крыжановский (1818—1888). В первый период Восточной войны был начальником штаба артиллерии Южной армии; потом ту же должность занимал в Севастополе. 1 и 2 сентября 1855 г., после взятия Севастополя, Крыжановский поручил Толстому написать общий отчет о действиях русской артиллерии во время последней бомбардировки (см. т. 4, стр. 299—306). Знакомство Толстого с Крыжановским продолжалось и после: в 1876 г., во время поездки в самарские степи, Толстой заезжал в Оренбург для свидания с Крыжановским, который в то время был оренбургским генерал-губернатором.</note> Я нахожусь в положении человека, которому<note xml:id="note6" resp="volume_editor" index="false"> <hi>В подлиннике</hi>: которыми</note> наступили на ногу и который не может выгнать от себя впечатления умышленного оскорбления и непременно хочет узнать, нарочно ли это сделали или нет, и желает или удовлетворенья, или только чтобы ему сказали: pardon. Я в себе теперь уж замечаю все скверные инстинкты, <hi style="opdelimiter"><choice original_editorial_correction='к[отор]ые'><sic>кые</sic><corr>которые</corr></choice></hi><hi style="opnumber">444</hi> <hi style="npnumber">445</hi><hi style="npdelimiter">мне</hi> так противны бывали в других. Цензура испортит мне статью, на почте пропадет письмо, мужики придут жаловаться, что у них отрезали землю, я не так, как прежде, стараюсь, чтоб [статью] пропускали, чтобы письма не пропадали, чтоб мужикам возвратить землю, а думаю: ну, так и есть, разве может быть у нас что бы нибудь другое? чорт с ними, надо бежать из такого государства, надо всё бросить и т. п. Всё это глупо, гадко, есть признак слабости и ничтожества, и я это знаю и теперь больше, чем когда нибудь, хочу любовно, и, главное, спокойно смотреть на всё и на всех. Я хотел написать только две строчки в ответ на ваше письмо; а напишу всё, когда буду на берегу, на том или на этом.</p>
<p rend="left">Прощайте, милый, дорогой друг, дай Бог вам того спокойствия, <choice original_editorial_correction='к[отор]ое'><sic>кое</sic><corr>которое</corr></choice> я теперь так ясно и всей душой для себя ищу и желаю.</p>
<p rend="right">Л. Толстой.</p>
<p rend="left">7 Сентября.</p>
<p rend="left">Отличному Борису Алексеевичу<note xml:id="note7" resp="volume_editor" index="false"> Б. А. Перовский, об участии которого в деле подачи прошения Александру II писала в письме от 18 августа А. А. Толстая.</note> пожмите от меня руку и благодарите за участие, <choice original_editorial_correction='к[отор]ое'><sic>кое</sic><corr>которое</corr></choice> он во мне принимает. —</p>
<comments><p rend="Textpetit_otstup left">Впервые полностью опубликовано в ПТ, стр. 174—175.</p>
<p rend="Textpetit_otstup left"><hi>1</hi> От 18 августа 1862 г. См. ПТ, № 43.</p>
<p rend="petit left"><hi>2</hi> О статье Толстого см. прим. 2 к п. № 251.</p>
<p rend="petit left"><hi>3</hi> Толстой влюбился в С. А. Берс.</p>
<p rend="petit left"><hi>4</hi> Сергей Алексеевич Шереметев (1836—1896) — в 1862 г. флигель-адъютант, ротмистр лейб-гвардии Конногренадерского полка. Впоследствии генерал-адъютант, главноначальствующий на Кавказе.</p>
<p rend="petit left"><hi>5</hi> Николай Андреевич Крыжановский (1818—1888). В первый период Восточной войны был начальником штаба артиллерии Южной армии; потом ту же должность занимал в Севастополе. 1 и 2 сентября 1855 г., после взятия Севастополя, Крыжановский поручил Толстому написать общий отчет о действиях русской артиллерии во время последней бомбардировки (см. т. 4, стр. 299—306). Знакомство Толстого с Крыжановским продолжалось и после: в 1876 г., во время поездки в самарские степи, Толстой заезжал в Оренбург для свидания с Крыжановским, который в то время был оренбургским генерал-губернатором.</p>
<p rend="petit left"><hi>6</hi> <hi>В подлиннике</hi>: которыми</p>
<p rend="petit left"><hi>7</hi> Б. А. Перовский, об участии которого в деле подачи прошения Александру II писала в письме от 18 августа А. А. Толстая.</p>
</comments></div></body>
        </text>
        </TEI>