<?xml version='1.0' encoding='UTF-8' standalone='no'?>

<TEI xmlns="http://www.tei-c.org/ns/1.0">
       <teiHeader>
          <fileDesc>
             <titleStmt>
                <title>Письмо №406. H. H. Страхову.</title>
             </titleStmt>
             <publicationStmt>
                <publisher>TolstoyLab</publisher>
                <date when="2015-09-14">14 September 2015</date>
             </publicationStmt>
             <sourceDesc>
                <biblStruct>
                   <analytic>
                      <author>Толстой Л.Н.</author>
                   </analytic>
                   <monogr>
                      <title level="m">Полное собрание сочинений. Том 61</title>
                      <imprint>
                         <pubPlace>Москва</pubPlace>
                         <publisher>Государственное издательство "Художественная литература"</publisher>
                         <date when="1953"/>
                      </imprint>
                   </monogr>
                   <series>
                      <title level="s">Л.Н. Толстой. Полное собрание сочинений</title>
                      <biblScope unit="vol">61</biblScope>
                   </series>
                </biblStruct>
				<bibl>Впервые опубликовано в ПТС, II, № 307. Год определяется содержанием: послано, по всей вероятности, вместе с рукописью последней части арифметики для четвертой книги.</bibl>
             </sourceDesc>
          </fileDesc>
          <encodingDesc>
             <tagsDecl> </tagsDecl>
          </encodingDesc>
          <profileDesc>
             <correspDesc>
                <correspAction type="sending">
                   <persName ref="PersonList.xml#L_N_Tolstoy">Л. Н. Толстой</persName>
                   <placeName ref="PlacesListxml#PLACE">Я. П.</placeName>
                   <date when="1872-09-30">1872 г. Сентября 30.</date>            </correspAction>
                <correspAction type="receiving">
                   <persName ref="PersonList.xml#RECEIVER">H. H. Страхову</persName>
                </correspAction>
                <correspContext>
                   <ref type="prev"/>
                </correspContext>
             </correspDesc>
          </profileDesc>
       </teiHeader>
       <xenoData><number type="in a volume">406</number></xenoData>

              <text xml:id="H__N__Straxovu_406">
	<body><div>
		<opener index="false">
406. H. H. Страхову.
1872 г. Сентября 30. Я. П.</opener>
<p rend="left">Послал вам телеграмму,<note xml:id="note1" resp="volume_editor" index="false"> Телеграмма не сохранилась.</note> прося прощенья, и теперь повторяю то же.</p>
<p rend="left">Опоздал я немного; но чувствую за вас, и сердце болит. И опоздал, право, не по своей вине. Вы не можете себе представить, как я счастлив теперь, спихнув с шеи эту работу, казавшуюся мне столь важною.</p>
<p rend="left">Боюсь, что покажется вам длинно. Как мне ни жалко, даю вам carte blanche сократить в отделе примеров сложения и вычитания.<note xml:id="note2" resp="volume_editor" index="false"> «Азбука», II, стр. 134—152.</note> —</p>
<p rend="left">Напишите, как и когда теперь кончится всё, и вы будете свободны, меня не будет мучить совесть за вас, и я — главное — вас увижу.</p>
<p rend="left">Дня не проходит, чтобы я по несколько раз не благословлял вас за то, что вы для меня делаете. Особенно теперь, когда я все эти последние дни насилу, насилу удерживал потребность начать свою настоящую работу.<note xml:id="note3" resp="volume_editor" index="false"> Работу над романом из эпохи Петра I.</note> Теперь, благодаря вам, я могу начать и забыть про Азбуку.</p>
<p rend="left">Верно, от вас лежат письма в Туле и листы, мы давно не посылали. Как получу, отвечу. Если найдете нужным в языке <hi>дробей</hi> и <hi>для учителя</hi> поправить, изменить, выпустить что-либо, — делайте, но известите.</p>
<p rend="right">Ваш Л. Толстой.</p>
<p rend="left">30 сентября.</p>
<comments><p rend="Textpetit_otstup left">Впервые опубликовано в ПТС, II, № 307. Год определяется содержанием: послано, по всей вероятности, вместе с рукописью последней части арифметики для четвертой книги.</p>
<p rend="Textpetit_otstup left"><hi>1</hi> Телеграмма не сохранилась.</p>
<p rend="petit left"><hi>2</hi> «Азбука», II, стр. 134—152.</p>
<p rend="petit left"><hi>3</hi> Работу над романом из эпохи Петра I.</p>
</comments></div></body>
        </text>
        </TEI>