<?xml version='1.0' encoding='UTF-8' standalone='no'?>

<TEI xmlns="http://www.tei-c.org/ns/1.0">
       <teiHeader>
          <fileDesc>
             <titleStmt>
                <title>Письмо №* 34. Гр. С. Н. Толстому.</title>
             </titleStmt>
             <publicationStmt>
                <publisher>TolstoyLab</publisher>
                <date when="2015-09-14">14 September 2015</date>
             </publicationStmt>
             <sourceDesc>
                <biblStruct>
                   <analytic>
                      <author>Толстой Л.Н.</author>
                   </analytic>
                   <monogr>
                      <title level="m">Полное собрание сочинений. Том 59</title>
                      <imprint>
                         <pubPlace>Москва</pubPlace>
                         <publisher>Государственное издательство "Художественная литература"</publisher>
                         <date when="1935"/>
                      </imprint>
                   </monogr>
                   <series>
                      <title level="s">Л.Н. Толстой. Полное собрание сочинений</title>
                      <biblScope unit="vol">59</biblScope>
                   </series>
                </biblStruct>
				<bibl>Печатается по автографу, хранящемуся в ГТМ. Публикуется впервые. Письмо является ответом на письмо гр. С. Н. Толстого от 11 декабря 1850 г.:</bibl>
             </sourceDesc>
          </fileDesc>
          <encodingDesc>
             <tagsDecl> </tagsDecl>
          </encodingDesc>
          <profileDesc>
             <correspDesc>
                <correspAction type="sending">
                   <persName ref="PersonList.xml#L_N_Tolstoy">Л. Н. Толстой</persName>
                   <placeName ref="PlacesListxml#PLACE">Москва.</placeName>
                   <date when="1850-12-15">1850 г. Декабря 15.</date>            </correspAction>
                <correspAction type="receiving">
                   <persName ref="PersonList.xml#RECEIVER">Гр. С. Н. Толстому</persName>
                </correspAction>
                <correspContext>
                   <ref type="prev"/>
                </correspContext>
             </correspDesc>
          </profileDesc>
       </teiHeader>
       <xenoData><number type="in a volume">34</number></xenoData>

              <text xml:id="Gr.S.N.Tolstomu_34">
	<body><div>
		<opener index="false">
* 34. Гр. С. Н. Толстому.
1850 г. Декабря 15. Москва.
</opener>
<p rend="Obrashenie left">Сережа!</p>
<p rend="left">1) Деньги взятые на <choice><reg>продовольствие</reg><orig>продовольствiе</orig></choice> и <choice><reg>обсеменение</reg><orig>обсѣмененiе</orig></choice>, <choice><reg>к</reg><orig>къ</orig></choice> капиталу причислены.<note xml:id="note1" resp="volume_editor" index="false">Об этом см. ответное письмо гр.С. Н. Толстого от 21 декабря 1850 г., приводимое нами ниже.</note> —</p>
<p rend="left">2) За Серебро проценты <choice><reg>внес</reg><orig>внесъ</orig></choice> и <choice><reg>билет</reg><orig>билетъ</orig></choice> для передачи <choice><reg>тебе</reg><orig>тебѣ</orig></choice> <choice><reg>отдал</reg><orig>отдалъ</orig></choice> Петру Евстратичу.<note xml:id="note2" resp="volume_editor" index="false">Об этом писал гр. С. Н. Толстой 5 декабря: «Не замедли уплатить зa серебро и пришли мне билет обратно».</note></p>
<p rend="left">3) У Крюкова <choice><reg>сейчас</reg><orig>сейчасъ</orig></choice> <choice><reg>был</reg><orig>былъ</orig></choice> и <choice><reg>наконец</reg><orig>наконецъ</orig></choice> <choice><reg>застал</reg><orig>засталъ</orig></choice> дома. — <choice><reg>Он</reg><orig>Онъ</orig></choice> <choice><reg>просил</reg><orig>просилъ</orig></choice> меня передать <choice><reg>тебе</reg><orig>тебѣ</orig></choice> <choice><reg>следующее</reg><orig>слѣдующее</orig></choice>: 1) <choice><reg>долг</reg><orig>долгъ</orig></choice>, который остается <choice><reg>от</reg><orig>отъ</orig></choice> уплаты за рощу, <choice><reg>он</reg><orig>онъ</orig></choice> переписать <choice><reg>более</reg><orig>болѣе</orig></choice> не <choice><reg>намерен</reg><orig>намѣренъ</orig></choice>, говоря, что, <choice><reg>зачем</reg><orig>зачѣмъ</orig></choice> ты прежде не <choice><reg>сделал</reg><orig>сдѣлалъ</orig></choice> <choice><reg>этого</reg><orig>этаго</orig></choice>. Главная же причина, по которой <choice><reg>он</reg><orig>онъ</orig></choice> <choice><reg>этого</reg><orig>этаго</orig></choice> <choice><reg>сделать</reg><orig>сдѣлать</orig></choice> <choice><reg>более</reg><orig>болѣе</orig></choice> не <choice><reg>хочет</reg><orig>хочетъ</orig></choice>, та, что теперь вышло новое <choice><reg>положение</reg><orig>положенiе</orig></choice> о <choice><reg>поручительстве</reg><orig>поручительствѣ</orig></choice>, по которому поручитель почти не <choice><reg>ответствует</reg><orig>отвѣтствуетъ</orig></choice> за того, за кого поручался. — Ежели же ты хочешь перезакладывать, то бумагу, <choice><reg>в</reg><orig>въ</orig></choice> которой <choice><reg>он</reg><orig>онъ</orig></choice> <choice><reg>изъявил</reg><orig>изъявилъ</orig></choice> свое <choice><reg>согласие</reg><orig>согласiе</orig></choice> на <hi style="opdelimiter"><choice><reg>перезалог</reg><orig>перезалогъ</orig></choice>,</hi><hi style="opnumber">76</hi> <hi style="npnumber">77</hi><hi style="npdelimiter"><choice><reg>с</reg><orig>съ</orig></choice></hi> <choice><reg>тем</reg><orig>тѣмъ</orig></choice>, чтобы деньги эти были внесены <choice><reg>в</reg><orig>въ</orig></choice> опеку, <choice><reg>он</reg><orig>онъ</orig></choice> <choice><reg>согласен</reg><orig>согласенъ</orig></choice> дать. — Проценты <choice><reg>просит</reg><orig>проситъ</orig></choice> прислать. Какой подлой <choice><reg>человек</reg><orig>человѣкъ</orig></choice>! Я <choice><reg>намерен</reg><orig>намѣренъ</orig></choice> однако <choice><reg>к</reg><orig>къ</orig></choice> нему <choice><reg>съездить</reg><orig>съѣздить</orig></choice> еще и сказать: И. П.,<note xml:id="note3" resp="volume_editor" index="false">И. П. Крюков. См. прим. 2 к п. № 32.</note> <choice><reg>от</reg><orig>отъ</orig></choice> вашего <choice><reg>запрещения</reg><orig>запрещенiя</orig></choice> на наше <choice><reg>имение</reg><orig>имѣнiе</orig></choice> у <choice><reg>нас</reg><orig>насъ</orig></choice> у <choice><reg>всех</reg><orig>всѣхъ</orig></choice> руки связаны, и покуда оно не <choice><reg>будет</reg><orig>будетъ</orig></choice> снято, мы <choice><reg>будем</reg><orig>будемъ</orig></choice> <choice><reg>терпеть</reg><orig>терпѣть</orig></choice> <choice><reg>ущерб</reg><orig>ущербъ</orig></choice>, потому то и тому то, и вы не получите <choice><reg>своих</reg><orig>своихъ</orig></choice> <choice><reg>денег</reg><orig>денегъ</orig></choice>. — Поэтому я <choice><reg>от</reg><orig>отъ</orig></choice> себя и <choice><reg>от</reg><orig>отъ</orig></choice> <choice><reg>всех</reg><orig>всѣхъ</orig></choice> <choice><reg>братьев</reg><orig>братьевъ</orig></choice> даю <choice><reg>вам</reg><orig>вамъ</orig></choice> слово, что ежели вы не перепишите векселей <choice><reg>после</reg><orig>послѣ</orig></choice> <choice><reg>последней</reg><orig>послѣдней</orig></choice> уплаты за <choice><reg>лес</reg><orig>лѣсъ</orig></choice>, то вы <choice><reg>денег</reg><orig>денегъ</orig></choice> <choice><reg>ваших</reg><orig>вашихъ</orig></choice> не получите и <choice><reg>через</reg><orig>черезъ</orig></choice> 10 <choice><reg>лет</reg><orig>лѣтъ</orig></choice>; ежели же вы снимите <choice><reg>запрещение</reg><orig>запрещенiе</orig></choice>, то, даю <choice><reg>вам</reg><orig>вамъ</orig></choice> слово, что сумма <choice><reg>будет</reg><orig>будетъ</orig></choice> заплочена сполна, <choice><reg>через</reg><orig>черезъ</orig></choice> <choice><reg>год</reg><orig>годъ</orig></choice>. <choice><reg>Согласен</reg><orig>Согласенъ</orig></choice> ли ты на это? То есть предложить ему <choice><reg>мир</reg><orig>миръ</orig></choice> или войну. — <choice><reg>Советовал</reg><orig>Совѣтовалъ</orig></choice> бы я <choice><reg>тебе</reg><orig>тебѣ</orig></choice> во <choice><reg>всяком</reg><orig>всякомъ</orig></choice> <choice><reg>случае</reg><orig>случаѣ</orig></choice> заняться подачею <choice><reg>прошения</reg><orig>прошенiя</orig></choice> <choice><reg>в</reg><orig>въ</orig></choice> <choice original_editorial_correction='Ту[льскую]'><sic>Ту</sic><corr>Тульскую</corr></choice> <choice original_editorial_correction='Гражд[анскую]'><sic>Гражд</sic><corr>Гражданскую</corr></choice> палату <choice><reg>следующего</reg><orig>слѣдующаго</orig></choice> <choice><reg>содержания</reg><orig>содержанiя</orig></choice>: Что долги мы <choice><reg>принимаем</reg><orig>принимаемъ</orig></choice> на себя, a <choice><reg>раздел</reg><orig>раздѣлъ</orig></choice> <choice><reg>просим</reg><orig>просимъ</orig></choice> утвердить.<hi>4 </hi>— 4) <hi>О <choice><reg>Капнисте</reg><orig>Капнистѣ</orig></choice></hi>,<note xml:id="note4" resp="volume_editor" index="false"> Иван Васильевич Капнист (1794—1860), сын известного <hi style="opdelimiter">писателя,</hi><hi style="opnumber">78</hi> <hi style="npnumber">79</hi><hi style="npdelimiter">в</hi> 1842—1844 гг. смоленский, а в 1844—1856 гг. московский гражданский губернатор, в канцелярии которого служил или вернее числился гр. С. Н. Толстой.</note> Львова<note xml:id="note5" resp="volume_editor" index="false">Кн. Георгий Владимирович Львов. О нем см. вступ. прим. к п. № 94. В дневнике Толстого под 21 декабря записано: «У Львова узнать о службе Сережи».</note> не <choice><reg>видал</reg><orig>видалъ</orig></choice>, которого <choice><reg>хотел</reg><orig>хотѣлъ</orig></choice> попросить узнать <choice><reg>об</reg><orig>объ</orig></choice> <choice><reg>этом</reg><orig>этомъ</orig></choice>; а <choice><reg>в</reg><orig>въ</orig></choice> <choice><reg>канцелярию</reg><orig>канцелярiю</orig></choice> не <choice><reg>ездил</reg><orig>ѣздилъ</orig></choice>, <choice><reg>с</reg><orig>съ</orig></choice> <choice><reg>следую</reg><orig>слѣдую</orig></choice>- щей же почтой <choice><reg>уведомлю</reg><orig>увѣдомлю</orig></choice>. — 5) <hi>О <choice><reg>прибавочных</reg><orig>прибавочныхъ</orig></choice> <choice><reg>душах</reg><orig>душахъ</orig></choice></hi>. Не понимаю. — 6) Можно ли перезаложить по 8-й <choice><reg>ревизии</reg><orig>ревизiи</orig></choice>? Можно. <choice><reg>Совет</reg><orig>Совѣтъ</orig></choice> деньги <choice><reg>выдаст</reg><orig>выдастъ</orig></choice> по <choice><reg>Свидетельству</reg><orig>Свидѣтельству</orig></choice>, какое бы оно ни было, и <choice><reg>справок</reg><orig>справокъ</orig></choice> наводить не <choice><reg>будет</reg><orig>будетъ</orig></choice>, для того что справки <choice><reg>все</reg><orig>всѣ</orig></choice> должны уже будут находиться <choice><reg>в</reg><orig>въ</orig></choice> <choice><reg>Свидетельстве</reg><orig>Свидѣтельствѣ</orig></choice>. — 7) Odontine и elexir посылаю <choice><reg>с</reg><orig>съ</orig></choice> <choice><reg>Петром</reg><orig>Петромъ</orig></choice>; 1—50 к. передержаны, которые ты отдай Петру. — <choice><reg>Денег</reg><orig>Денегъ</orig></choice> у меня становится мало, поэтому пришли <choice><reg>мне</reg><orig>мнѣ</orig></choice> <choice><reg>поскорее</reg><orig>поскорѣе</orig></choice> <choice><reg>оных</reg><orig>оныхъ</orig></choice>. — Живу я <choice><reg>себе</reg><orig>себѣ</orig></choice> ни хорошо, ни дурно — скромно, <choice><reg>в</reg><orig>въ</orig></choice> карты не играю, только по 2 коп. <choice><reg>в</reg><orig>въ</orig></choice> <choice><reg>Ералаш</reg><orig>Ералашъ</orig></choice> <choice><reg>с</reg><orig>съ</orig></choice> Анд. Ив. <choice original_editorial_correction='Горчак[овым]'><sic>Горчак</sic><corr><choice><reg>Горчаковым</reg><orig>Горчаковымъ</orig></choice></corr></choice> pour lui faire la cour.<hi>8 </hi>— Прощай, ежели <choice><reg>тебе</reg><orig>тебѣ</orig></choice> кажется темно, что я <choice><reg>тебе</reg><orig>тебѣ</orig></choice> пишу о <choice original_editorial_correction='прош[ении]'><sic>прош</sic><corr><choice><reg>прошении</reg><orig>прошенiи</orig></choice></corr></choice>, которое <choice><reg>советую</reg><orig>совѣтую</orig></choice> подать, то <choice><reg>Петр</reg><orig>Петръ</orig></choice> <choice><reg>тебе</reg><orig>тебѣ</orig></choice> объяснить, <choice><reg>в</reg><orig>въ</orig></choice> <choice><reg>чем</reg><orig>чемъ</orig></choice> <choice><reg>дело</reg><orig>дѣло</orig></choice>; надо, <choice><reg>разумеется</reg><orig>разумѣется</orig></choice>, дать <choice><reg>денег</reg><orig>денегъ</orig></choice> секретарю, <choice><reg>попросив</reg><orig>попросивъ</orig></choice> его на квартиру, и подавать <choice><reg>прошение</reg><orig>прошенiе</orig></choice> <choice><reg>поскорее</reg><orig>поскорѣе</orig></choice>, подписавшись <choice><reg>под</reg><orig>подъ</orig></choice> наши руки, <choice><reg>разумеется</reg><orig>разумѣется</orig></choice>. <choice><reg>Казаринов</reg><orig>Казариновъ</orig></choice><note xml:id="note6" resp="volume_editor" index="false">Николай Павлович Казаринов (р. в 1808 г.) в 1844—1861 гг. председатель Тульской палаты гражданского суда.</note> <choice><reg>в</reg><orig>въ</orig></choice> <choice><reg>Москве</reg><orig>Москвѣ</orig></choice>, <choice><reg>следовательно</reg><orig>слѣдовательно</orig></choice>, <choice><reg>Елагин</reg><orig>Елагинъ</orig></choice><note xml:id="note7" resp="volume_editor" index="false">Николай Павлович Елагин (1801—1863) в 1844—1849 гг. товарищ председателя Тульской палаты гражданского суда.</note> <choice><reg>правит</reg><orig>правитъ</orig></choice> должность и <choice><reg>сделает</reg><orig>сдѣлаетъ</orig></choice> все по <choice><reg>прошению</reg><orig>прошенiю</orig></choice>. —</p>
<p rend="left">15 Декабря.</p>
<p rend="left">1850.</p>
<p rend="left"><choice><reg>Петр</reg><orig>Петръ</orig></choice> <choice><reg>уверяет</reg><orig>увѣряетъ</orig></choice>, что подписаться <choice><reg>под</reg><orig>подъ</orig></choice> руки опасно, и <choice><reg>мне</reg><orig>мнѣ</orig></choice> кажется, правда, выпиши лучше Митиньку и Валерьяна. <choice><reg>К</reg><orig>Къ</orig></choice> <choice><reg>1-м</reg><orig>1-мъ</orig></choice> <choice><reg>числам</reg><orig>числамъ</orig></choice> Генваря я буду.<note xml:id="note8" resp="volume_editor" index="false">Вырван край листа с несколькими словами.</note></p>
<p rend="left"><hi style="opnumber">77</hi> <hi style="npnumber">78</hi></p>
<p rend="left"><hi>Ha 4 странице:</hi></p>
<p rend="left">Его <choice><reg>Сиятельству</reg><orig>Сiятельству</orig></choice> Графу <choice><reg>Сергею</reg><orig>Сергѣю</orig></choice> Николаевичу Толстому.</p>
<p rend="left">Петру Евстратову <choice><reg>без</reg><orig>безъ</orig></choice> задержки дать лошадей до Пирагова. — Г. Л. Толстой.</p>
<comments><p rend="Textpetit_otstup left">Печатается по автографу, хранящемуся в ГТМ. Публикуется впервые. Письмо является ответом на письмо гр. С. Н. Толстого от 11 декабря 1850 г.:</p>
<p rend="petit left">«Лёва. Письмо твое почтенное от 7-го ноября получил, на которое отвечаю тебе следующее: «Сделай милость, напиши мне об всем поподробнее и на все пункты моих обоих писем первых отвечай не пропустя ничего: —</p>
<p rend="petit left">1) о деньгах, взятых на обсеменение и продовольствие.</p>
<p rend="petit left">2) о серебре. —</p>
<p rend="petit left">3) О Крюкове. —</p>
<p rend="petit left">4) О Капнисте. —</p>
<p rend="petit left">5) О прибавочных душах.</p>
<p rend="petit left">6) О перезалоге по 8-ой или 9-ой ревизии.</p>
<p rend="petit left">7) О Odontíne и elixir Peletier.</p>
<p rend="petit left">Петр Евстратов всё врет, узнай хорошенько сам, примет ли Совет по 8-ой и будет ли наводить справки. Естьли примет и справки наводить не будет, то это сделать будет можно, ибо в Гражданской Палате мне говорят, что свидетельство по 8-ой ревизии взять можно. — Естьли ты мне уже второе письмо подробнее написал и хорошенько про перезалог по 8-ой ревизии не узнал, то не поленись, хорошенько узнай и еще напиши. Я жду твоего ответа, чтобы начинать действовать, а время терять будет некогда, надо будет до Рождества выхлопотать свидетельство. Это уже мое второе письмо к тебе, не знаю, получил ли первое, где я пишу тебе о исполнении мною всех твоих поручений. Это письмо пошло к тебе с обозом, с которым прошу тебя переслать мне odontine. Естьли же обоз отправлен, то с почтой. Тетиньку еще не видал, поэтому не знаю содержания твоего письма к ней. Напиши мне об себе поподробнее как всё — <hi>шукр</hi> или! пашукр? <hi>требицы или на ловы</hi>? Очень рад что квартера не фризовая. Отвечай скорее на всё. С. Пирогово. Гр. С. Толстой». (Письмо неопубликовано; подлинник в АТБ.)</p>
<p rend="petit left">У гр. С. Н. Толстого явная ошибка: в ноябре Толстой был еще в Туле. <hi>Это уже второе письмо</hi>... <hi>получил ли первое</hi> — т. е. от 5 декабря 1850 г. В цыганских словах: ш<hi>укр</hi>, <hi>пашукр</hi>, <hi>требицы или на ловы</hi> гр. G. Н. Толстой что-то напутал, и перевести их не удалось.</p>
<p rend="Textpetit_otstup left"><hi>1 </hi>Об этом см. ответное письмо гр.С. Н. Толстого от 21 декабря 1850 г., приводимое нами ниже.</p>
<p rend="petit left"><hi>2 </hi>Об этом писал гр. С. Н. Толстой 5 декабря: «Не замедли уплатить зa серебро и пришли мне билет обратно».</p>
<p rend="petit left"><hi>3 </hi>И. П. Крюков. См. прим. 2 к п. № 32.</p>
<p rend="petit left"><hi>4 </hi>Тульская палата гражданского суда утвердила раздел имений между</p>
<p rend="petit left">Толстыми 8 февраля 1851 г.</p>
<p rend="petit left"><hi>6</hi> Иван Васильевич Капнист (1794—1860), сын известного <hi style="opdelimiter">писателя,</hi><hi style="opnumber">78</hi> <hi style="npnumber">79</hi><hi style="npdelimiter">в</hi> 1842—1844 гг. смоленский, а в 1844—1856 гг. московский гражданский губернатор, в канцелярии которого служил или вернее числился гр. С. Н. Толстой.</p>
<p rend="petit left"><hi>6 </hi>Кн. Георгий Владимирович Львов. О нем см. вступ. прим. к п. № 94. В дневнике Толстого под 21 декабря записано: «У Львова узнать о службе Сережи».</p>
<p rend="petit left"><hi>7 </hi>Кн. Андрей Иванович Горчаков. О нем см. прим. 1 к п. № 33.</p>
<p rend="petit left"><hi>8 </hi>чтобы за ним поухаживать.</p>
<p rend="petit left"><hi>9 </hi>Николай Павлович Казаринов (р. в 1808 г.) в 1844—1861 гг. председатель Тульской палаты гражданского суда.</p>
<p rend="petit left"><hi>10 </hi>Николай Павлович Елагин (1801—1863) в 1844—1849 гг. товарищ председателя Тульской палаты гражданского суда.</p>
<p rend="petit left"><hi>11 </hi>Вырван край листа с несколькими словами.</p>
<p rend="petit left">На это письмо гр. С. Н. Толстой ответил письмом от 21 декабря. Приводим его полностью:</p>
<p rend="petit left">«Леушка. Посылаю тебе 60 руб. серебром. Не знаю, дойдут ли до тебе письмо это и деньги, потому что Петр Евстратов мне говорил, что квартера твоя не в доме Львова, а в доме Ивановой. Это третье мое письмо к тебе. Об Аникееве я тебе уже писал и аттестаты послал. Его Сиятельство денег, разумеется, тебе не даст. Он у меня купил лошадь и насилу мог за нее отдать деньги. — Всё время живу я в деревне, тетинька у меня. Цыгане благодаря всевышнего создателя меня не забывают. Они были у меня в Пирогове, чему я даже, к моему удивлению, был не рад. Одному с ними быть в деревне невыносимо. Я собираюсь, кажется, им, как и ты, сказать Хамрабу. Я из писем твоих ко мне и к тетиньке мог заключить, что ты не играешь вовсе или играешь по маленькой, но по маленькой ведь тоже можно проиграть, и проиграть много. Дай бог, чтобы это с тобой не случилось. Авось либо ты уже стал поопытней. — Радуюсь, что у тебя не фризовая квартера. — Понравилась ли тебе меньшая Канивальская? Я исполнением моих комиссий не вполне доволен. Во-первых, я из слов Петра Евстратова мог заключить, что вы не узнали подробно, числится ли на нас долг <hi>продовольственных денег.</hi> Петр Евстратов спрашивал в Совете: <hi>не числится ли на нас долг денег</hi>, <hi>взятых во время голодного года.</hi> Ему сказали, что деньги, взятые в голодный год, причислены к капиталу, что и сделано действительно <hi>для семянных</hi>, но <hi>продовольственные</hi> даны на 10 лет, поэтому их по случаю окончания этих 10 лет еще не требуют, но есть ли они взяты, то их потребуют и, как говорят, с огромными процентами. Узнай, сделай милость это наверно. Это меня крайне мучает. — Петр Евстратов положительно мне на счет этого ничего не сказал; когда будешь узнавать, то узнай еще вот что: <hi>числится ли долг на Пирогове</hi>, ибо, так как Ясное и Никольское перезаложены после голодного года, то у нас эти деньги вычтены из суммы полученной за перезалог, в Пирогове же они вероятно не уплочены. Ради бога, узнай об этом поверней и напиши поскорей об оном, да не поленись, сходи сам в Совет, через других никогда ничего не узнаешь. Я ожидал, что Петр Евстратов мне об всем объяснит дельно, а он сам почти ничего не знает. — Еще раз прошу тебя, узнай о <hi>продовольственных деньгах собственно для Пирогова.</hi> 2) Ты говоришь, что не понимаешь, что такое <hi>надбавочные деньги</hi>, т. е. я желаю знать, во <hi style="opdelimiter">сколько</hi><hi style="opnumber">79</hi> <hi style="npnumber">80</hi><hi style="npdelimiter"><hi>у меня</hi></hi> <hi>заложены души в 70 или в 80 руб</hi>[<hi>лей</hi>]<hi> </hi>серебром, и могу ли я что нибудь еще получить надбавочных денег. Спроси об этом сам в Совете и напиши мне. 3) <hi>О Крюкове непременно ли нужно ему в наискорейшем времени вносить проценты</hi> или можно <hi>еще подождать.</hi> Мысль твоя объявить Крюкову <hi>мир или войну</hi> хороша, но как бы он естьли откроем войну, не подал ко взысканию моего <hi>векселя</hi>. Напиши мне, что он тебе еще говорил после твоего последнего предложения, т. е. <hi>мир или войну.</hi> 4) О <hi>Капнисте. Нужно ли мне ехать в Москву по случаю службы или можно отделаться</hi>. Уведомь об этом <hi>непременно.</hi> Прошение в палату о утверждении раздельного акта написано. Пишу об оном Митеньке. — Узнай утвержден ли я в 12-ом классе. Прощай <hi>моём то суто.</hi> Гр. С. Толстой. <hi>Одонтин и елексир разбили</hi>. Сделай милость, не забудь, пришли с почтой или оказией еще и того и другого. Деньги доставлю в контору». (Письмо не опубликовано; подлинник в АТБ.)</p>
<p rend="petit left"><hi>Его сиятельство</hi> — кн. Еникеев. <hi>Меньшая Канивальская</hi> — дочь Ивана Матвеевича Канивальского (см. о нем прим. 9 к п. № 33) Александра Ивановна. <hi>Деньги</hi>, <hi>взятые в голодный год</hi> — деньги, взятые на продовольствие крестьян и обсеменение во время неурожайного 1839—1840 года. В цыганских словах <hi>хамрабу</hi>, <hi>моём то суто</hi> гр. С. Н. Толстой что-то напутал, и они не поддаются переводу.</p>
</comments></div></body>
        </text>
        </TEI>