<?xml version='1.0' encoding='UTF-8' standalone='no'?>

<TEI xmlns="http://www.tei-c.org/ns/1.0">
       <teiHeader>
          <fileDesc>
             <titleStmt>
                <title>Письмо №* 266. Т. А. Берс.</title>
             </titleStmt>
             <publicationStmt>
                <publisher>TolstoyLab</publisher>
                <date when="2015-09-14">14 September 2015</date>
             </publicationStmt>
             <sourceDesc>
                <biblStruct>
                   <analytic>
                      <author>Толстой Л.Н.</author>
                   </analytic>
                   <monogr>
                      <title level="m">Полное собрание сочинений. Том 60</title>
                      <imprint>
                         <pubPlace>Москва</pubPlace>
                         <publisher>Государственное издательство "Художественная литература"</publisher>
                         <date when="1949"/>
                      </imprint>
                   </monogr>
                   <series>
                      <title level="s">Л.Н. Толстой. Полное собрание сочинений</title>
                      <biblScope unit="vol">60</biblScope>
                   </series>
                </biblStruct>
             </sourceDesc>
          </fileDesc>
          <encodingDesc>
             <tagsDecl> </tagsDecl>
          </encodingDesc>
          <profileDesc>
             <correspDesc>
                <correspAction type="sending">
                   <persName ref="PersonList.xml#L_N_Tolstoy">Л. Н. Толстой</persName>
                   <placeName ref="PlacesListxml#PLACE">Я. П.</placeName>
                   <date when="1862-10-21">1862 г. Октября 21.</date>            </correspAction>
                <correspAction type="receiving">
                   <persName ref="PersonList.xml#RECEIVER">Т. А. Берс</persName>
                </correspAction>
                <correspContext>
                   <ref type="prev"/>
                </correspContext>
             </correspDesc>
          </profileDesc>
       </teiHeader>
       <xenoData><number type="in a volume">266</number></xenoData>

              <text xml:id="T.A.Bers_266">
	<body><div>
		<opener index="false">
* 266. Т. А. Берс.
1862 г. Октября 21. Я. П.</opener>
<p rend="left">Вижу, милая Татьяна, что вся ты погрузилась в Лаборд,<note xml:id="note1" resp="volume_editor" index="false"> Лаборд — учительница пения Т. А. Берс.</note> в а... а... и проч. Дай Бог тебе успеха, а всетаки спасибо, что написала мне. Письмо твое немножко натянуто, немножко неискренно. Правда. Знаю я, что ты сказать всё можешь, а написать — нет не напишешь.</p>
<p rend="left">Ты распишись — особенно по вечерам. Хотя бы ты черкнула мне что-нибудь, что делается в девичьем вашем ci devant<note xml:id="note2" resp="volume_editor" index="false"> [бывшем раньше]</note> и моем кружке, где Зайковские<note xml:id="note3" resp="volume_editor" index="false"> Ольга Дмитриевна Зайковская (1844—1919) — дочь штаб-лекаря, инспектора студентов Московского университета Дмитрия Ефимовича Зайковского (1807—1885).</note> играют главную роль, что Лиза<note xml:id="note4" resp="volume_editor" index="false"> Е. А. Берс.</note> поделывает, черкни и про это. Она что-то помалкивает, нам не хочет отвечать. Или с пеньем ты отрешилась от всего мира и ни во что не входишь? Входи хоть к нам. Что Зенгер? и главное Анеточка. Главное Анеточка.<note xml:id="note5" resp="volume_editor" index="false"> Анна Карловна Зенгер — дочь содержателя Старополянской аптеки.</note> Очень нужно ей Анеточка, чорт ее возьми. Это она сама думает. Я знаю. Видели ли вы их? Левочка тебе не пишет, потому что некогда, писать надо, да и ты плохо ему пишешь. Вот поездишь у него на спине — это гораздо лучше. А вот нашел же время. Коли она пишет, значит и я тут. Вот он я. А я постараюсь потолстеть, чтоб спина мягче была. А то за глаза я вижу ты его немножко дичишься, глупая девочка. Я с Левочкой всякий день шествую верст по 5 или 6. Он на кранолин злится. Купил мне коричневое суконное платье, чтоб сшить его коротеньким, без кринолина, потом шубу на лисьем меху с мерлушкой — <hi style="opdelimiter">воротником,</hi><hi style="opnumber">457</hi> <hi style="npnumber">458</hi><hi style="npdelimiter">черного</hi> драпа и шапку меховую, такую, какая у меня была летняя Гарибальдинка. Костюм славный, удобный и красивый. Я еще не надевала, ничего не готово. Тебе бы очень шла меховая шапочка. Ему я не говорю, что мне нравится, отчасти par esprit de contradiction,<note xml:id="note6" resp="volume_editor" index="false"> [из духа противоречия,]</note> отчасти оттого, что он пожалуй заладит всегда водить меня в коротеньких платьях.</p>
<p rend="left">Вот дурака нашла! С кем ты, Татьянка, кокетничаешь теперь? Где Дубровин, за что с Сашей в ссоре? Я ужасно хочу знать за что? Если будешь ему писать, скажи, что я ему кланяюсь и что он был мне особенно мил последнее время. Дрянь ты Татьяна, что мало пишешь. Милая, прелестная дрянь.</p>
<p rend="left">Пиши, дурочка, милая, больше, да попроще, откровеннее; Татьянин чтоб так и залил всё письмо. Прощай, голубчик, нам слишком хорошо. Целуем тебя оба. Няне кланяйся, да и я ей сама черкну. И черкает. Твой друг Соня.</p>
<comments><p rend="Textpetit_otstup left">Совместное письмо С. А. и Л. Н. Толстых. Корпусом печатаются слова Толстого.</p>
<p rend="petit left">Датируется письмом А. Е. Берса от 2 ноября 1862 г.</p>
<p rend="Textpetit_otstup left"><hi>1</hi> Лаборд — учительница пения Т. А. Берс.</p>
<p rend="petit left"><hi>2</hi> [бывшем раньше]</p>
<p rend="petit left"><hi>3</hi> Ольга Дмитриевна Зайковская (1844—1919) — дочь штаб-лекаря, инспектора студентов Московского университета Дмитрия Ефимовича Зайковского (1807—1885).</p>
<p rend="petit left"><hi>4</hi> Е. А. Берс.</p>
<p rend="petit left"><hi>5</hi> Анна Карловна Зенгер — дочь содержателя Старополянской аптеки.</p>
<p rend="petit left"><hi>6</hi> [из духа противоречия,]</p>
</comments></div></body>
        </text>
        </TEI>