<?xml version='1.0' encoding='UTF-8' standalone='no'?>

<TEI xmlns="http://www.tei-c.org/ns/1.0">
       <teiHeader>
          <fileDesc>
             <titleStmt>
                <title>Письмо №* 416. Н. Н. Страхову.</title>
             </titleStmt>
             <publicationStmt>
                <publisher>TolstoyLab</publisher>
                <date when="2015-09-14">14 September 2015</date>
             </publicationStmt>
             <sourceDesc>
                <biblStruct>
                   <analytic>
                      <author>Толстой Л.Н.</author>
                   </analytic>
                   <monogr>
                      <title level="m">Полное собрание сочинений. Том 61</title>
                      <imprint>
                         <pubPlace>Москва</pubPlace>
                         <publisher>Государственное издательство "Художественная литература"</publisher>
                         <date when="1953"/>
                      </imprint>
                   </monogr>
                   <series>
                      <title level="s">Л.Н. Толстой. Полное собрание сочинений</title>
                      <biblScope unit="vol">61</biblScope>
                   </series>
                </biblStruct>
             </sourceDesc>
          </fileDesc>
          <encodingDesc>
             <tagsDecl> </tagsDecl>
          </encodingDesc>
          <profileDesc>
             <correspDesc>
                <correspAction type="sending">
                   <persName ref="PersonList.xml#L_N_Tolstoy">Л. Н. Толстой</persName>
                   <placeName ref="PlacesListxml#PLACE">Москва.</placeName>
                   <date when="1872-10-30">1872 г. Октября 30.</date>            </correspAction>
                <correspAction type="receiving">
                   <persName ref="PersonList.xml#RECEIVER">Н. Н. Страхову</persName>
                </correspAction>
                <correspContext>
                   <ref type="prev"/>
                </correspContext>
             </correspDesc>
          </profileDesc>
       </teiHeader>
       <xenoData><number type="in a volume">416</number></xenoData>

              <text xml:id="H__N__Straxovu_416">
	<body><div>
		<opener index="false">
* 416. Н. Н. Страхову.
1872 г. Октября 30. Москва.</opener>
<p rend="right">30 октября.</p>
<p rend="left">Пишу перед отъездом из Москвы. Перед отъездом в Москву я послал вам письмо и просил вас ответить в Москву; но так как случай, с <choice original_editorial_correction='кот[орым]'><sic>кот</sic><corr>которым</corr></choice> я послал на почту, был не совсем верный, и ответа я от вас не получил, то повторю главное, бывшее в письме. Поправку на 144-й <choice original_editorial_correction='стр[анице]'><sic>стр</sic><corr>странице</corr></choice> надо сделать так:</p>
<p rend="left">из 32-х <choice original_editorial_correction='разложен[ных]'><sic>разложен</sic><corr>разложенных</corr></choice> на 4 части по 1 (1×4=4). Вычти, останется 28.</p>
<p rend="left">Из 28 — и т. д.</p>
<p rend="left">Непременно 32:4, а не на 8. Для того, чтобы поместилось на листке, можно выпустить столбцы вычитания:</p>
<p rend="center"><figure><graphic url="./img/i000047950000.png"/></figure>и т. д.</p>
<p rend="left">В том письме я вам писал тоже о деньгах, что нельзя ли типографщику подождать до продажи. Теперь же в Москве я занял деньги и оставил их у князя Леонида Дмитриевича Оболенского<note xml:id="note1" resp="volume_editor" index="false"> Л. Д. Оболенский — муж племянницы Толстого.</note> (в Хлебном переулке, в доме Миллера). По вашему или Берса требованию, письменному или словесному, деньги будут выданы или высланы. Теперь только одно — приезжайте поскорее, дайте наговориться с вами.</p>
<p rend="right">Ваш Л. Толстой.</p>
<comments><p rend="Textpetit_otstup left">Год определяется сопоставлением с письмами №№ 413 и 415.</p>
<p rend="Textpetit_otstup left"><hi>1</hi> Л. Д. Оболенский — муж племянницы Толстого.</p>
<p rend="left"><hi style="opnumber">337</hi> <hi style="npnumber">338</hi></p>
</comments></div></body>
        </text>
        </TEI>