<?xml version='1.0' encoding='UTF-8' standalone='no'?>

<TEI xmlns="http://www.tei-c.org/ns/1.0">
       <teiHeader>
          <fileDesc>
             <titleStmt>
                <title>Письмо №58. A. H. Островскому.</title>
             </titleStmt>
             <publicationStmt>
                <publisher>TolstoyLab</publisher>
                <date when="2015-09-14">14 September 2015</date>
             </publicationStmt>
             <sourceDesc>
                <biblStruct>
                   <analytic>
                      <author>Толстой Л.Н.</author>
                   </analytic>
                   <monogr>
                      <title level="m">Полное собрание сочинений. Том 60</title>
                      <imprint>
                         <pubPlace>Москва</pubPlace>
                         <publisher>Государственное издательство "Художественная литература"</publisher>
                         <date when="1949"/>
                      </imprint>
                   </monogr>
                   <series>
                      <title level="s">Л.Н. Толстой. Полное собрание сочинений</title>
                      <biblScope unit="vol">60</biblScope>
                   </series>
                </biblStruct>
             </sourceDesc>
          </fileDesc>
          <encodingDesc>
             <tagsDecl> </tagsDecl>
          </encodingDesc>
          <profileDesc>
             <correspDesc>
                <correspAction type="sending">
                   <persName ref="PersonList.xml#L_N_Tolstoy">Л. Н. Толстой</persName>
                   <placeName ref="PlacesListxml#PLACE">Москва.</placeName>
                   <date when="1857-01-29">1857 г. Января 29?</date>            </correspAction>
                <correspAction type="receiving">
                   <persName ref="PersonList.xml#RECEIVER">A. H. Островскому</persName>
                </correspAction>
                <correspContext>
                   <ref type="prev"/>
                </correspContext>
             </correspDesc>
          </profileDesc>
       </teiHeader>
       <xenoData><number type="in a volume">58</number></xenoData>

              <text xml:id="A.N.Ostrovskomu_58">
	<body><div>
		<opener index="false">
58. A. H. Островскому.
1857 г. Января 29? Москва.</opener>
<p rend="left">Очень жалею, любезный друг <choice original_editorial_correction='А[лекеандр]'><sic>А</sic><corr>Алекеандр</corr></choice> <choice original_editorial_correction='Н[иколаевич]'><sic>Н</sic><corr>Николаевич</corr></choice>, что не успел проститься с тобой еще раз.<note xml:id="note1" resp="volume_editor" index="false"> Толстой выехал за границу из Москвы 29 января 1857 г. в мальпосте, т. е. на почтовых, до Варшавы, а оттуда, уже по железной дороге в Париж, куда прибыл 9/21 февраля.</note> Выздоравливай скорее и приезжай в Петербург и напиши мне оттуда. Благодарствуй за комедию.<note xml:id="note2" resp="volume_editor" index="false"> «Доходное место» Островского.</note> В публике, где мы читали, она имела успех огромный. Мое впечатление в отношении сильных мест и лиц усилилось, в отношении фальшивых также. По-моему их немного — только интрига Вишневских и еще кое-какие мелочи. Ежели бы этих пятнушек не было, это было бы совершенство, но и теперь это огромная вещь по глубине, силе, верности современного значения и по безукоризненному лицу Юсова.</p>
<p rend="left">Мне на душе было сказать тебе это. Ежели ты за это рассердишься, тем хуже для тебя, а я никогда не перестану любить тебя и как автора и как человека.</p>
<p rend="right">Твой Гр. Л. Толстой.</p>
<comments><p rend="Textpetit_otstup left">Полностью впервые опубликовано в кн. «Неизданные письма к А. Н. Островскому», «Academia», М.—Л. 1932, стр. 566. Дата на основании пометки Островского на письме: «Пол. 30 янв. 1857 г.».</p>
<p rend="Textpetit_otstup left"><hi>1</hi> Толстой выехал за границу из Москвы 29 января 1857 г. в мальпосте, т. е. на почтовых, до Варшавы, а оттуда, уже по железной дороге в Париж, куда прибыл 9/21 февраля.</p>
<p rend="petit left"><hi>2</hi> «Доходное место» Островского.</p>
</comments></div></body>
        </text>
        </TEI>