<?xml version='1.0' encoding='UTF-8' standalone='no'?>

<TEI xmlns="http://www.tei-c.org/ns/1.0">
       <teiHeader>
          <fileDesc>
             <titleStmt>
                <title>Письмо №* 20. Гр. С. Н. Толстому.</title>
             </titleStmt>
             <publicationStmt>
                <publisher>TolstoyLab</publisher>
                <date when="2015-09-14">14 September 2015</date>
             </publicationStmt>
             <sourceDesc>
                <biblStruct>
                   <analytic>
                      <author>Толстой Л.Н.</author>
                   </analytic>
                   <monogr>
                      <title level="m">Полное собрание сочинений. Том 59</title>
                      <imprint>
                         <pubPlace>Москва</pubPlace>
                         <publisher>Государственное издательство "Художественная литература"</publisher>
                         <date when="1935"/>
                      </imprint>
                   </monogr>
                   <series>
                      <title level="s">Л.Н. Толстой. Полное собрание сочинений</title>
                      <biblScope unit="vol">59</biblScope>
                   </series>
                </biblStruct>
				<bibl>Печатается по автографу, хранящемуся в ГТМ. Впервые опубликован отрывок из письма П. И. Бирюковым в Б, I, 1906, стр. 155. Год письма определяется почтовыми штемпелями: «С. Петербург, 13 мая, 1849» <hi style="opdelimiter">и</hi><hi style="opnumber">49</hi> <hi style="npnumber">50</hi><hi style="npdelimiter">«получено</hi> 1849 мая 17». Письмо является ответом на письмо гр. С. Н. Толстого от второй половины апреля 1849 г.</bibl>
             </sourceDesc>
          </fileDesc>
          <encodingDesc>
             <tagsDecl> </tagsDecl>
          </encodingDesc>
          <profileDesc>
             <correspDesc>
                <correspAction type="sending">
                   <persName ref="PersonList.xml#L_N_Tolstoy">Л. Н. Толстой</persName>
                   <placeName ref="PlacesListxml#PLACE">Петербург.</placeName>
                   <date when="1849-05-11">1849 г. Мая 11.</date>            </correspAction>
                <correspAction type="receiving">
                   <persName ref="PersonList.xml#RECEIVER">Гр. С. Н. Толстому</persName>
                </correspAction>
                <correspContext>
                   <ref type="prev"/>
                </correspContext>
             </correspDesc>
          </profileDesc>
       </teiHeader>
       <xenoData><number type="in a volume">20</number></xenoData>

              <text xml:id="Gr.S.N.Tolstomu_20">
	<body><div>
		<opener index="false">
* 20. Гр. С. Н. Толстому.
1849 г. Мая 11. Петербург.
</opener>
<p rend="right">11 Мая.</p>
<p rend="left"><choice><reg>Отвечаю</reg><orig>Отвѣчаю</orig></choice> <choice><reg>тебе</reg><orig>тебѣ</orig></choice> на твои четыре пункта <choice><reg>следующее</reg><orig>слѣдующее</orig></choice>: 1) <choice><reg>Один</reg><orig>Одинъ</orig></choice> <choice><reg>экзамен</reg><orig>экзаменъ</orig></choice> я <choice><reg>держал</reg><orig>держалъ</orig></choice> и <choice><reg>выдержал</reg><orig>выдержалъ</orig></choice>,<note xml:id="note1" resp="volume_editor" index="false">Об экзаменах см. предыдущее письмо.</note> но <choice><reg>сделался</reg><orig>сдѣлался</orig></choice> <choice><reg>болен</reg><orig>боленъ</orig></choice> и не <choice><reg>мог</reg><orig>могъ</orig></choice> продолжать, не знаю, <choice><reg>позволют ли</reg><orig>позволютъ-ли</orig></choice> <choice><reg>мне</reg><orig>мнѣ</orig></choice> или <choice><reg>нет</reg><orig>нѣтъ</orig></choice> держать остальные <choice><reg>в</reg><orig>въ</orig></choice> <choice><reg>августе</reg><orig>августѣ</orig></choice> — я <choice><reg>об</reg><orig>объ</orig></choice> <choice><reg>этом</reg><orig>этомъ</orig></choice> хлопочу и <choice><reg>надеюсь</reg><orig>надѣюсь</orig></choice>, что <choice><reg>позволют</reg><orig>позволютъ</orig></choice>, <choice><reg>в</reg><orig>въ</orig></choice> <choice><reg>этом</reg><orig>этомъ</orig></choice> <choice><reg>случае</reg><orig>случаѣ</orig></choice> <choice><reg>мне</reg><orig>мнѣ</orig></choice> нужно <choice><reg>будет</reg><orig>будетъ</orig></choice> писать еще <choice><reg>диссертацию</reg><orig>диссертацiю</orig></choice>. — 2) <choice><reg>В</reg><orig>Въ</orig></choice> деревню я <choice><reg>приеду</reg><orig>приѣду</orig></choice> нынче <choice><reg>летом</reg><orig>лѣтомъ</orig></choice> только <choice><reg>в</reg><orig>въ</orig></choice> <choice><reg>том</reg><orig>томъ</orig></choice> <choice><reg>случае</reg><orig>случаѣ</orig></choice>, ежели <choice><reg>мне</reg><orig>мнѣ</orig></choice> не <choice><reg>позволят</reg><orig>позволятъ</orig></choice> додерживать <choice><reg>экзаменов</reg><orig>экзаменовъ</orig></choice> (и то не думаю, потому что <choice><reg>в</reg><orig>въ</orig></choice> <choice><reg>этом</reg><orig>этомъ</orig></choice> <choice><reg>случае</reg><orig>случаѣ</orig></choice> я вступлю <choice><reg>в</reg><orig>въ</orig></choice> военную службу, <choice><reg>как</reg><orig>какъ</orig></choice> я уже <choice><reg>тебе</reg><orig>тебѣ</orig></choice> и <choice><reg>писал</reg><orig>писалъ</orig></choice>) и когда заплачу <choice><reg>все</reg><orig>всѣ</orig></choice> долги. — 3) О <choice><reg>Щербачовке</reg><orig>Щербачовкѣ</orig></choice> я <choice><reg>тебе</reg><orig>тебѣ</orig></choice> уже <choice><reg>писал</reg><orig>писалъ</orig></choice> и <choice><reg>писал</reg><orig>писалъ</orig></choice> <choice><reg>Митиньке</reg><orig>Митинькѣ</orig></choice>; <choice><reg>сейчас</reg><orig>сейчасъ</orig></choice> <choice><reg>еду</reg><orig>ѣду</orig></choice> <choice><reg>обедать</reg><orig>обѣдать</orig></choice> <choice><reg>к</reg><orig>къ</orig></choice> Оболенскому и узнаю еще <choice><reg>подробнее</reg><orig>подробнѣе</orig></choice>. 4) Письма твои <choice><reg>получил</reg><orig>получилъ</orig></choice> и всегда <choice><reg>с</reg><orig>съ</orig></choice> <choice><reg>большим</reg><orig>большимъ</orig></choice> <choice><reg>удовольствием</reg><orig>удовольствiемъ</orig></choice>, почему и прошу тебя писать почаще. —</p>
<p rend="left"><choice><reg>В</reg><orig>Въ</orig></choice> <choice><reg>последнем</reg><orig>послѣднемъ</orig></choice> <choice><reg>письме</reg><orig>письмѣ</orig></choice> <choice><reg>моем</reg><orig>моемъ</orig></choice> я <choice><reg>писал</reg><orig>писалъ</orig></choice> <choice><reg>тебе</reg><orig>тебѣ</orig></choice> <choice><reg>разные</reg><orig>разныя</orig></choice> глупости, <choice><reg>из</reg><orig>изъ</orig></choice> <choice><reg>которых</reg><orig>которыхъ</orig></choice> главная та, что я <choice><reg>был</reg><orig>былъ</orig></choice> <choice><reg>намерен</reg><orig>намѣренъ</orig></choice> вступить <choice><reg>в</reg><orig>въ</orig></choice> <choice><reg>конно-гвардию</reg><orig>конно-гвардiю</orig></choice>; теперь же я <choice><reg>этот</reg><orig>этотъ</orig></choice> <choice><reg>план</reg><orig>планъ</orig></choice> оставляю только <choice><reg>в</reg><orig>въ</orig></choice> <choice><reg>том</reg><orig>томъ</orig></choice> <choice><reg>случае</reg><orig>случаѣ</orig></choice>, ежели экзамена не выдержу, и война <choice><reg>будет</reg><orig>будетъ</orig></choice> сурьезная. — За продажу <choice><reg>леса</reg><orig>лѣса</orig></choice> я <choice><reg>тебе</reg><orig>тебѣ</orig></choice> очень <choice><reg>благодарен</reg><orig>благодаренъ</orig></choice>; одно только что <choice><reg>мне</reg><orig>мнѣ</orig></choice> не нравится, это то, что полученные мною 400 р. с. <choice><reg>в</reg><orig>въ</orig></choice> <choice original_editorial_correction='Петерб[урге]'><sic>Петерб</sic><corr><choice><reg>Петербурге</reg><orig>Петербургѣ</orig></choice></corr></choice> я <choice><reg>хотел</reg><orig>хотѣлъ</orig></choice> бы считать по прежнему контракту, а 1000 р. с. получить сполна. Скажи <choice><reg>об</reg><orig>объ</orig></choice> <choice><reg>этом</reg><orig>этомъ</orig></choice> Андрею или Копылову. — <choice><reg>Надеюсь</reg><orig>Надѣюсь</orig></choice>, что ты также скоро и хорошо кончишь <choice><reg>с</reg><orig>съ</orig></choice> продажей Воротынки; хотя и жалко, но нечего <choice><reg>делать</reg><orig>дѣлать</orig></choice>. — Я <choice><reg>от</reg><orig>отъ</orig></choice> <choice><reg>своих</reg><orig>своихъ</orig></choice> глупостей теперь <choice><reg>в</reg><orig>въ</orig></choice> <choice><reg>самом</reg><orig>самомъ</orig></choice> <choice><reg>неприятном</reg><orig>непрiятномъ</orig></choice> <choice><reg>положении</reg><orig>положенiи</orig></choice>; ты <choice><reg>испытал</reg><orig>испыталъ</orig></choice> его <choice><reg>в</reg><orig>въ</orig></choice> <choice><reg>Москве</reg><orig>Москвѣ</orig></choice>, поэтому и постараешься <choice><reg>верно</reg><orig>вѣрно</orig></choice> меня выручить. Dis à tante Toinette, que je lui demande pardon de mon étourderie et dis à André <hi style="opdelimiter">qu’il</hi><hi style="opnumber">48</hi> <hi style="npnumber">49</hi><hi style="npdelimiter">remette</hi> à tante T. les 150 r. arg. Je n’écris pas à la tante parceque je me sens trop fautif envers elle. Je lui ai commencé trois lettres que j’ai déchiré. Prie la de m’écrire. Je lui baise les mains.<note xml:id="note2" resp="volume_editor" index="false">Скажи тетеньке, что я прошу извинения моей ветренности и проси Андрея передать ей 150 р. сер. Я не пишу тетеньке, так как чувствую себя слишком перед ней виноватым. Я начал ей три письма, которые разорвал. Проси ее написать мне. Целую ее ручки.</note></p>
<p rend="left">О <choice><reg>собаках</reg><orig>собакахъ</orig></choice> я <choice><reg>тебе</reg><orig>тебѣ</orig></choice> <choice><reg>писал</reg><orig>писалъ</orig></choice> не о <choice><reg>живых</reg><orig>живыхъ</orig></choice>, а о <choice><reg>гипсовых</reg><orig>гипсовыхъ</orig></choice>, <choice><reg>которых</reg><orig>которыхъ</orig></choice> я <choice><reg>тебе</reg><orig>тебѣ</orig></choice> <choice><reg>прислал</reg><orig>прислалъ</orig></choice>. Скажи пожалуйста А И.,<note xml:id="note3" resp="volume_editor" index="false">Андрей Ильич Соболев.</note> что <choice><reg>мне</reg><orig>мнѣ</orig></choice> прислали <choice><reg>вместо</reg><orig>вмѣсто</orig></choice> <choice><reg>нужных</reg><orig>нужныхъ</orig></choice> <choice><reg>вещей</reg><orig>вѣщей</orig></choice> ненужные: <choice><reg>как</reg><orig>какъ</orig></choice> то разные <choice><reg>меховые</reg><orig>мѣховые</orig></choice> пальты и т. д., а сертука <choice><reg>летнего</reg><orig>лѣтняго</orig></choice> и <choice><reg>зимнего</reg><orig>зимняго</orig></choice>, <choice><reg>панталон</reg><orig>панталонъ</orig></choice>, <choice><reg>косынок</reg><orig>косынокъ</orig></choice> <choice><reg>летних</reg><orig>лѣтнихъ</orig></choice>, <choice><reg>платков</reg><orig>платковъ</orig></choice> <choice><reg>фуляровых</reg><orig>фуляровыхъ</orig></choice>, <choice><reg>ложек</reg><orig>ложекъ</orig></choice> <choice original_editorial_correction='серебрян[ых]'><sic>серебрян</sic><corr><choice><reg>серебряных</reg><orig>серебряныхъ</orig></choice></corr></choice>, <choice><reg>носков</reg><orig>носковъ</orig></choice>, простынь, <choice><reg>полотенец</reg><orig>полотенецъ</orig></choice>, <choice><reg>салфеток</reg><orig>салфетокъ</orig></choice>, печатей н<hi>е</hi> прислали. <choice><reg>Вели</reg><orig>Вѣли</orig></choice> прислать и узнать, <choice><reg>пропил</reg><orig>пропилъ</orig></choice> ли эти <choice><reg>вещи</reg><orig>вѣщи</orig></choice> <choice><reg>Федор</reg><orig>Федоръ</orig></choice><note xml:id="note4" resp="volume_editor" index="false">Слуга Толстого.</note> или <choice><reg>их</reg><orig>ихъ</orig></choice> забыли. <choice><reg>Отвечай</reg><orig>Отвѣчай</orig></choice> <choice><reg>поскорей</reg><orig>поскорѣй</orig></choice> и <choice><reg>подробнее</reg><orig>подробнѣе</orig></choice>. Прощай.</p>
<p rend="left">Деньги, которые <choice><reg>получит</reg><orig>получитъ</orig></choice> Андрей за <choice><reg>лес</reg><orig>лѣсъ</orig></choice>, <choice><reg>хлеб</reg><orig>хлѣбъ</orig></choice>, за лошадей, <choice><reg>вели</reg><orig>вѣли</orig></choice> присылать <choice><reg>мне</reg><orig>мнѣ</orig></choice>. <choice><reg>Опекунский</reg><orig>Опекунскiй</orig></choice> <choice><reg>совет</reg><orig>совѣтъ</orig></choice> я <choice><reg>намерен</reg><orig>намѣренъ</orig></choice> удовлетворить деньгами <choice><reg>от</reg><orig>отъ</orig></choice> продажи Воротынки,<note xml:id="note5" resp="volume_editor" index="false">Малая Воротынка.</note> которую, повторяю еще <choice><reg>раз</reg><orig>разъ</orig></choice>, <hi>нужно</hi> продать; жалко! А нечего <choice><reg>делать</reg><orig>дѣлать</orig></choice>; мало того, что надо <choice><reg>жалеть</reg><orig>жалѣть</orig></choice>, надо и поправлять зло, которое уже <choice><reg>сделано</reg><orig>сдѣлано</orig></choice>. —</p>
<p rend="left">Ты бы <choice><reg>мог</reg><orig>могъ</orig></choice> <choice><reg>мне</reg><orig>мнѣ</orig></choice> <choice><reg>сделать</reg><orig>сдѣлать</orig></choice> большое <choice><reg>благодеяние</reg><orig>благодѣянiе</orig></choice>, ежели бы <choice><reg>отпустил</reg><orig>отпустилъ</orig></choice> ко <choice><reg>мне</reg><orig>мнѣ</orig></choice> <choice><reg>Алексея</reg><orig>Алексѣя</orig></choice> <choice><reg>Петухова</reg><orig>Пѣтухова</orig></choice>;<note xml:id="note6" resp="volume_editor" index="false">Сведениями об Алексее Петухове мы не располагаем.</note> я знаю, что ты не откажешься; <choice><reg>тем</reg><orig>тѣмъ</orig></choice> <choice><reg>более</reg><orig>болѣе</orig></choice>, что <choice><reg>в</reg><orig>въ</orig></choice> <choice><reg>этом</reg><orig>этомъ</orig></choice> <choice><reg>случае</reg><orig>случаѣ</orig></choice> я буду кормить его семейство и пришлю <choice><reg>тебе</reg><orig>тебѣ</orig></choice> <choice><reg>в</reg><orig>въ</orig></choice> <choice><reg>замен</reg><orig>замѣнъ</orig></choice> <choice><reg>старого</reg><orig>стараго</orig></choice> <choice><reg>Исленьевского</reg><orig>Исленьевскаго</orig></choice> буфетчика и охотника, который теперь <choice><reg>мне</reg><orig>мнѣ</orig></choice> <choice><reg>служит</reg><orig>служитъ</orig></choice>, <choice><reg>хороший</reg><orig>хорошiй</orig></choice> <choice><reg>человек</reg><orig>человѣкъ</orig></choice>, хотя и <choice><reg>любит</reg><orig>любитъ</orig></choice> выпить; <choice><reg>притом</reg><orig>притомъ</orig></choice> <choice><reg>без</reg><orig>безъ</orig></choice> семейства; но <choice><reg>дело</reg><orig>дѣло</orig></choice> <choice><reg>в</reg><orig>въ</orig></choice> <choice><reg>том</reg><orig>томъ</orig></choice>, согласится ли <choice><reg>Петухов</reg><orig>Пѣтуховъ</orig></choice>. Скажи ему, что я ему предлагаю 10 р. с. <choice><reg>в</reg><orig>въ</orig></choice> <choice><reg>месяц</reg><orig>мѣсяцъ</orig></choice> жалованье на своей <choice><reg>пище</reg><orig>пищѣ</orig></choice>, и что не оставлю его семейство. — Я очень <choice><reg>здесь</reg><orig>здѣсь</orig></choice> чувствую необходимость <choice><reg>в</reg><orig>въ</orig></choice> <choice><reg>хорошем</reg><orig>хорошемъ</orig></choice> <choice><reg>слуге</reg><orig>слугѣ</orig></choice>. — <choice><reg>Итак</reg><orig>Итакъ</orig></choice>, ежели <choice><reg>Петухов</reg><orig>Пѣтуховъ</orig></choice> <choice><reg>согласен</reg><orig>согласенъ</orig></choice>, то <choice><reg>вели</reg><orig>вѣли</orig></choice> Андрею дать ему на дорогу <choice><reg>денег</reg><orig>денегъ</orig></choice>, и пускай <choice><reg>он</reg><orig>онъ</orig></choice> <choice><reg>едет</reg><orig>ѣдетъ</orig></choice>; <choice><reg>чем</reg><orig>чѣмъ</orig></choice> <choice><reg>скорей</reg><orig>скорѣй</orig></choice>, <choice><reg>тем</reg><orig>тѣмъ</orig></choice> лучше.</p>
<p rend="left">Я пишу <choice><reg>тебе</reg><orig>тебѣ</orig></choice>, а не Андрею, потому что <choice><reg>он</reg><orig>онъ</orig></choice> своими <choice><reg>рассуждениями</reg><orig>разсужденiями</orig></choice> <choice><reg>вывел</reg><orig>вывелъ</orig></choice> <choice><reg>из</reg><orig>изъ</orig></choice> <choice><reg>терпения</reg><orig>терпѣнiя</orig></choice>; скажи ему, что я очень <choice><reg>недоволен</reg><orig>недоволенъ</orig></choice> его письмами, <choice><reg>советами</reg><orig>совѣтами</orig></choice> и <choice><reg>переменою</reg><orig>перемѣною</orig></choice> старость, но чтобы не <choice><reg>менее</reg><orig>менѣе</orig></choice> того не <choice><reg>переставал</reg><orig>переставалъ</orig></choice> писать <choice><reg>с</reg><orig>съ</orig></choice> каждой почтой.</p>
<lb/>
<p rend="left"><hi>На конверте:</hi></p>
<p rend="left"><choice><reg>В</reg><orig>Въ</orig></choice> <hi>Тулу</hi>. Андрею Ильичу Соболеву. <hi>Передать Графу <choice><reg>Сергею</reg><orig>Сергѣю</orig></choice> Николаевичу Толстому <choice><reg>без</reg><orig>безъ</orig></choice> задержки</hi>.</p>
<comments><p rend="Textpetit_otstup left">Печатается по автографу, хранящемуся в ГТМ. Впервые опубликован отрывок из письма П. И. Бирюковым в Б, I, 1906, стр. 155. Год письма определяется почтовыми штемпелями: «С. Петербург, 13 мая, 1849» <hi style="opdelimiter">и</hi><hi style="opnumber">49</hi> <hi style="npnumber">50</hi><hi style="npdelimiter">«получено</hi> 1849 мая 17». Письмо является ответом на письмо гр. С. Н. Толстого от второй половины апреля 1849 г.</p>
<p rend="Textpetit_otstup left"><hi>1 </hi>Об экзаменах см. предыдущее письмо.</p>
<p rend="petit left"><hi>2 </hi>Скажи тетеньке, что я прошу извинения моей ветренности и проси Андрея передать ей 150 р. сер. Я не пишу тетеньке, так как чувствую себя слишком перед ней виноватым. Я начал ей три письма, которые разорвал. Проси ее написать мне. Целую ее ручки.</p>
<p rend="petit left"><hi>3 </hi>Андрей Ильич Соболев.</p>
<p rend="petit left"><hi>4 </hi>Слуга Толстого.</p>
<p rend="petit left"><hi>5 </hi>Малая Воротынка.</p>
<p rend="petit left"><hi>6 </hi>Сведениями об Алексее Петухове мы не располагаем.</p>
</comments></div></body>
        </text>
        </TEI>