<?xml version='1.0' encoding='UTF-8' standalone='no'?>

<TEI xmlns="http://www.tei-c.org/ns/1.0">
       <teiHeader>
          <fileDesc>
             <titleStmt>
                <title>Письмо №256. Гр. А. А. Толстой.</title>
             </titleStmt>
             <publicationStmt>
                <publisher>TolstoyLab</publisher>
                <date when="2015-09-14">14 September 2015</date>
             </publicationStmt>
             <sourceDesc>
                <biblStruct>
                   <analytic>
                      <author>Толстой Л.Н.</author>
                   </analytic>
                   <monogr>
                      <title level="m">Полное собрание сочинений. Том 60</title>
                      <imprint>
                         <pubPlace>Москва</pubPlace>
                         <publisher>Государственное издательство "Художественная литература"</publisher>
                         <date when="1949"/>
                      </imprint>
                   </monogr>
                   <series>
                      <title level="s">Л.Н. Толстой. Полное собрание сочинений</title>
                      <biblScope unit="vol">60</biblScope>
                   </series>
                </biblStruct>
             </sourceDesc>
          </fileDesc>
          <encodingDesc>
             <tagsDecl> </tagsDecl>
          </encodingDesc>
          <profileDesc>
             <correspDesc>
                <correspAction type="sending">
                   <persName ref="PersonList.xml#L_N_Tolstoy">Л. Н. Толстой</persName>
                   <placeName ref="PlacesListxml#PLACE">Москва.</placeName>
                   <date from="1862-09-17" to="1862-09-20">1862 г. Сентября 17 — 20?</date>            </correspAction>
                <correspAction type="receiving">
                   <persName ref="PersonList.xml#RECEIVER">Гр. А. А. Толстой</persName>
                </correspAction>
                <correspContext>
                   <ref type="prev"/>
                </correspContext>
             </correspDesc>
          </profileDesc>
       </teiHeader>
       <xenoData><number type="in a volume">256</number></xenoData>

              <text xml:id="gr.A.A.Tolstoj_256">
	<body><div>
		<opener index="false">
256. Гр. А. А. Толстой.
1862 г. Сентября 17—20? Москва.
</opener><p rend="left">Помните ли, любезный, дорогой друг Alexandrine, вы мне говорили: когда то вы так же [напишете], как Вл. Иславин<note xml:id="note1" resp="volume_editor" index="false"> Владимир Александрович Иславин (1810—1895) — брат матери С. А. Толстой.</note> написал <choice original_editorial_correction='Кат[ерине]'><sic>Кат</sic><corr>Катерине</corr></choice> <choice original_editorial_correction='Ник[олаевне]'><sic>Ник</sic><corr>Николаевне</corr></choice>,<note xml:id="note2" resp="volume_editor" index="false"> Е. Н. Шостак, приходилась двоюродной сестрой по отцу В. А. Иславину.</note> что вы любите и <hi style="opdelimiter">женитесь?</hi><hi style="opnumber">446</hi> <hi style="npnumber">447</hi><hi style="npdelimiter">Теперь</hi> я пишу: в воскресенье 23-го сентября я женюсь на Софье Берс, дочери моего друга детства Любочки Исленьевой. Для того, чтобы дать вам понятие о том, что она такое, надо бы было писать томы; я счастлив, как не был с тех пор, как родился. — Разумеется, она вас уже знает и любит. Как я буду счастлив еще, когда привезу ее к вам и с замиранием сердца, хотя и с уверенностью, буду наблюдать за впечатлением, которое она произведет на вас. Пишите мне пожалуйста в Ясную. О письме и жандармах я только желаю одного, чтобы меня забыли все, кроме близких друзей. Целую ваши руки.</p>
<p rend="right">Ваш Л. Толстой.</p>
<comments><p rend="Textpetit_otstup left">Впервые полностью опубликовано в ПТ, № 45.</p>
<p rend="petit left">Дата определяется предположительно на основании слов письма: «в воскресенье 23-го сентября я женюсь...»</p>
<p rend="Textpetit_otstup left"><hi>1</hi> Владимир Александрович Иславин (1810—1895) — брат матери С. А. Толстой.</p>
<p rend="petit left"><hi>2</hi> Е. Н. Шостак, приходилась двоюродной сестрой по отцу В. А. Иславину.</p>
<p rend="petit left">А. А. Толстая ответила 23 сентября 1862 г. (см. ПТ, стр. 176—177).</p>
</comments></div></body>
        </text>
        </TEI>