<?xml version='1.0' encoding='UTF-8' standalone='no'?>

<TEI xmlns="http://www.tei-c.org/ns/1.0">
       <teiHeader>
          <fileDesc>
             <titleStmt>
                <title>Письмо №277. Начальнику С.-Петербургского ракетного заведения К. И. Константинову.</title>
             </titleStmt>
             <publicationStmt>
                <publisher>TolstoyLab</publisher>
                <date when="2015-09-14">14 September 2015</date>
             </publicationStmt>
             <sourceDesc>
                <biblStruct>
                   <analytic>
                      <author>Толстой Л.Н.</author>
                   </analytic>
                   <monogr>
                      <title level="m">Полное собрание сочинений. Том 60</title>
                      <imprint>
                         <pubPlace>Москва</pubPlace>
                         <publisher>Государственное издательство "Художественная литература"</publisher>
                         <date when="1949"/>
                      </imprint>
                   </monogr>
                   <series>
                      <title level="s">Л.Н. Толстой. Полное собрание сочинений</title>
                      <biblScope unit="vol">60</biblScope>
                   </series>
                </biblStruct>
				<bibl>Печатается по тексту, опубликованному Н. С. в «Одесском листке» в номере от 30 марта 1913 г. Автограф Толстого, по словам газеты, был найден в начале 1913 г. в г. Николаеве при ликвидации ракетного завода и передан в городской музей. Настоящий рапорт Толстого написан из Петербурга на другой день после получения свидетельства об отставке от военной службы, а не в тот же день, как указано в тексте. В Дневнике Толстого 28 декабря 1856 г. отмечено: «Получил свидетельство» (т. 47, стр. 107).</bibl>
             </sourceDesc>
          </fileDesc>
          <encodingDesc>
             <tagsDecl> </tagsDecl>
          </encodingDesc>
          <profileDesc>
             <correspDesc>
                <correspAction type="sending">
                   <persName ref="PersonList.xml#L_N_Tolstoy">Л. Н. Толстой</persName>
                   <placeName ref="PlacesListxml#PLACE">Петербург.</placeName>
                   <date when="1856-12-29">1856 г. Декабря 29.</date>            </correspAction>
                <correspAction type="receiving">
                   <persName ref="PersonList.xml#RECEIVER">Начальнику С.-Петербургского ракетного заведения К. И. Константинову</persName>
                </correspAction>
                <correspContext>
                   <ref type="prev"/>
                </correspContext>
             </correspDesc>
          </profileDesc>
       </teiHeader>
       <xenoData><number type="in a volume">277</number></xenoData>

              <text xml:id="NachalnikuS.-PeterburgskogoraketnogozavedeniyaKonstantinovuK.I._277">
	<body><div>
		<opener index="false">
277. Начальнику С.-Петербургского ракетного заведения К. И. Константинову.
1856 г. Декабря 29. Петербург.</opener>
<p rend="left">Его Превосходительству г. начальнику С.-Петербургского ракетного заведения, генерал майору и кавалеру Константинову.</p>
<p rend="right rightindent">Уволенного от службы </p>
<p rend="right">поручика графа Толстого.</p>
<p rend="subtitle centerline">
<hi rend="Razradka">Рапорт.</hi>
</p>
<p rend="left">Имею честь довести, что свидетельство, присланное при подписании вашего превосходительства от 28 сего декабря за № 2569 для свободного жительства в России и <hi style="opdelimiter">заграницей,</hi><hi style="opnumber">470</hi> <hi style="npnumber">471</hi><hi style="npdelimiter">впредь</hi> до получения указа об отставке, мною 29 числа сего же декабря получено.</p>
<p rend="right">Поручик граф Толстой.</p>
<p rend="left">№ 59.</p>
<p rend="left">29 декабря 1856 г.</p>
<comments><p rend="Textpetit_otstup left">Печатается по тексту, опубликованному Н. С. в «Одесском листке» в номере от 30 марта 1913 г. Автограф Толстого, по словам газеты, был найден в начале 1913 г. в г. Николаеве при ликвидации ракетного завода и передан в городской музей. Настоящий рапорт Толстого написан из Петербурга на другой день после получения свидетельства об отставке от военной службы, а не в тот же день, как указано в тексте. В Дневнике Толстого 28 декабря 1856 г. отмечено: «Получил свидетельство» (т. 47, стр. 107).</p>
</comments></div></body>
        </text>
        </TEI>