<?xml version='1.0' encoding='UTF-8' standalone='no'?>

<TEI xmlns="http://www.tei-c.org/ns/1.0">
       <teiHeader>
          <fileDesc>
             <titleStmt>
                <title>Письмо №* 166. А. А. Фету и И. П. Борисову.</title>
             </titleStmt>
             <publicationStmt>
                <publisher>TolstoyLab</publisher>
                <date when="2015-09-14">14 September 2015</date>
             </publicationStmt>
             <sourceDesc>
                <biblStruct>
                   <analytic>
                      <author>Толстой Л.Н.</author>
                   </analytic>
                   <monogr>
                      <title level="m">Полное собрание сочинений. Том 60</title>
                      <imprint>
                         <pubPlace>Москва</pubPlace>
                         <publisher>Государственное издательство "Художественная литература"</publisher>
                         <date when="1949"/>
                      </imprint>
                   </monogr>
                   <series>
                      <title level="s">Л.Н. Толстой. Полное собрание сочинений</title>
                      <biblScope unit="vol">60</biblScope>
                   </series>
                </biblStruct>
             </sourceDesc>
          </fileDesc>
          <encodingDesc>
             <tagsDecl> </tagsDecl>
          </encodingDesc>
          <profileDesc>
             <correspDesc>
                <correspAction type="sending">
                   <persName ref="PersonList.xml#L_N_Tolstoy">Л. Н. Толстой</persName>
                   <placeName ref="PlacesListxml#PLACE">Я. П.</placeName>
                   <date when="1860-03-23">1860 г. Марта 23.</date>            </correspAction>
                <correspAction type="receiving">
                   <persName ref="PersonList.xml#RECEIVER">А. А. Фету и И. П. Борисову</persName>
                </correspAction>
                <correspContext>
                   <ref type="prev"/>
                </correspContext>
             </correspDesc>
          </profileDesc>
       </teiHeader>
       <xenoData><number type="in a volume">166</number></xenoData>

              <text xml:id="A.A.FetuiI.P.Borisovu_166">
	<body><div>
		<opener index="false">
* 166. А. А. Фету и И. П. Борисову.
1860 г. Марта 23. Я. П.</opener>
<p rend="right">23 Марта.</p>
<p rend="left">Чувствую, что я в отношении вас свинья, любезный дядинька Афанасий Афанасьевичь и Иван Петровичь. На письмо не отвечаю акуратно, а когда мне нужно, пишу; но что станешь делать? То дело, то лень помешают, а приспичит дело, к вам обращаешься. Успокоивает меня одно, что, будь я на вашем месте, я бы не рассердился. Я осмелился послать на ваше имя мешки с семенами <choice original_editorial_correction='Тимоф[еевской]'><sic>Тимоф</sic><corr>Тимофеевской</corr></choice> травы 54 пуда. Получив их, велите сложить их где-нибудь в сарай, а то и просто на дворе и пошлите образчики оной в семенные лавки, к Финтельману,<note xml:id="note1" resp="volume_editor" index="false"> Федор Васильевич Финтельман (ум. в 1861 г.) — ученый садовник, известный распланированием Петровского парка в Москве.</note> Мееру на Лубянку и в Русские лавки против Василья Блаженного. Кто больше даст, тому велите отдать и взять деньги и на деньги купите мне ланцет, коновальский инструмент, банки с настойками, а остальные привезите. Продажу эту, дабы она вам не надоела, поручите какому-нибудь сводчику или просто своему дворнику, обещав и дав ему за эти хлопоты от 5 до 10 р. сер.</p>
<p rend="left">Всё это я пишу в случае, ежели сам не приеду. Имею же я намеренье, под предлогом Тимофеевой травы, приехать сам в конце этого месяца. Мои занятия школой принимают в моей голове большие размеры. Об этом поговорю с вами при свиданьи. — До свиданья, жму ваши руки и Марье Петровне низко кланяюсь. Решительно вам нельзя поручать брата, в Козюлькине ли, в Москве ли — вы завладеваете им. —</p>
<p rend="right">Ваш Л. Толстой.</p>
<p rend="left">Напишите, пожалуйста, словечко про Николиньку. Что он? и приедет ли когда нибудь?</p>
<comments><p rend="Textpetit_otstup left"><hi>1 </hi>Федор Васильевич Финтельман (ум. в 1861 г.) — ученый садовник, известный распланированием Петровского парка в Москве.</p>
<p rend="emptyline left"><hi style="opnumber">333</hi> <hi style="npnumber">334</hi></p>
</comments></div></body>
        </text>
        </TEI>