<?xml version='1.0' encoding='UTF-8' standalone='no'?>

<TEI xmlns="http://www.tei-c.org/ns/1.0">
       <teiHeader>
          <fileDesc>
             <titleStmt>
                <title>Письмо №* 182. Т. А. Ергольской.</title>
             </titleStmt>
             <publicationStmt>
                <publisher>TolstoyLab</publisher>
                <date when="2015-09-14">14 September 2015</date>
             </publicationStmt>
             <sourceDesc>
                <biblStruct>
                   <analytic>
                      <author>Толстой Л.Н.</author>
                   </analytic>
                   <monogr>
                      <title level="m">Полное собрание сочинений. Том 60</title>
                      <imprint>
                         <pubPlace>Москва</pubPlace>
                         <publisher>Государственное издательство "Художественная литература"</publisher>
                         <date when="1949"/>
                      </imprint>
                   </monogr>
                   <series>
                      <title level="s">Л.Н. Толстой. Полное собрание сочинений</title>
                      <biblScope unit="vol">60</biblScope>
                   </series>
                </biblStruct>
             </sourceDesc>
          </fileDesc>
          <encodingDesc>
             <tagsDecl> </tagsDecl>
          </encodingDesc>
          <profileDesc>
             <correspDesc>
                <correspAction type="sending">
                   <persName ref="PersonList.xml#L_N_Tolstoy">Л. Н. Толстой</persName>
                   <placeName ref="PlacesListxml#PLACE">Гиер.</placeName>
                   <date when="1860-09-24">1860 г. Сентября 24</date>            </correspAction>
                <correspAction type="receiving">
                   <persName ref="PersonList.xml#RECEIVER">Т. А. Ергольской</persName>
                </correspAction>
                <correspContext>
                   <ref type="prev"/>
                </correspContext>
             </correspDesc>
          </profileDesc>
       </teiHeader>
       <xenoData><number type="in a volume">182</number></xenoData>

              <text xml:id="T.A.Ergolskoj_182">
	<body><div>
		<opener index="false">
* 182. Т. А. Ергольской.
1860 г. Сентября 24 и 25/октября 6 и 7. Гиер.
</opener>
<p rend="Obrashenie left">Милый друг тетинька!</p>
<p rend="left">Вот письмо Сереже, которое я посылаю на ваше имя, вы прочтете всё. Посреди нашего горя верьте, что мы с Машенькой каждую минуту вспоминали вас и думали о том, как тяжело вам будет перенести еще этот удар. Утешений нет никаких как для вас, так и для меня, одно, что он умер так, как я бы желал умереть, спокойно, кротко и прекрасно. Тут не было священника, и я уверен, что он бы причастился, ежели бы это можно было. Никто, впрочем, не думал, что это будет так скоро. Доктор, который видел его за несколько часов, потом говорил, что он никак не ожидал этого. Впрочем, такой кротости и доброты, как последние его дни, трудно вообразить себе. Да и вся жизнь его! Присылайте к нам Сережу, ma tante, письмо это верно тотчас же вызовет его из Курска. А когда он приедет сюда, я приеду к вам. — Берегите себя, милый друг тетинька, теперь <hi style="opdelimiter">ваша</hi><hi style="opnumber">355</hi> <hi style="npnumber">356</hi><hi style="npdelimiter">любовь</hi> нам всем еще в 10 раз нужнее. Прощайте, целую ваши руки. — Поскорее перешлите это письмо Сереже.</p>
<lb/>
<p rend="left"><hi>На конверте:</hi></p>
<p rend="left"><hi>Russie</hi>. <hi>Toula</hi>. Mademoiselle Ergolsky. Ее Высокоблагородию Татьяне Александровне Ергольской. <hi>В Тулу</hi>.</p>
<comments><p rend="Textpetit_otstup left">Дата определяется письмом к С. Н. Толстому, посланным одновременно с этим письмом.</p>
</comments></div></body>
        </text>
        </TEI>