<?xml version='1.0' encoding='UTF-8' standalone='no'?>

<TEI xmlns="http://www.tei-c.org/ns/1.0">
       <teiHeader>
          <fileDesc>
             <titleStmt>
                <title>Письмо №* 10. А. Е. и Л. А. Берсам.</title>
             </titleStmt>
             <publicationStmt>
                <publisher>TolstoyLab</publisher>
                <date when="2015-09-14">14 September 2015</date>
             </publicationStmt>
             <sourceDesc>
                <biblStruct>
                   <analytic>
                      <author>Толстой Л.Н.</author>
                   </analytic>
                   <monogr>
                      <title level="m">Полное собрание сочинений. Том 61</title>
                      <imprint>
                         <pubPlace>Москва</pubPlace>
                         <publisher>Государственное издательство "Художественная литература"</publisher>
                         <date when="1953"/>
                      </imprint>
                   </monogr>
                   <series>
                      <title level="s">Л.Н. Толстой. Полное собрание сочинений</title>
                      <biblScope unit="vol">61</biblScope>
                   </series>
                </biblStruct>
             </sourceDesc>
          </fileDesc>
          <encodingDesc>
             <tagsDecl> </tagsDecl>
          </encodingDesc>
          <profileDesc>
             <correspDesc>
                <correspAction type="sending">
                   <persName ref="PersonList.xml#L_N_Tolstoy">Л. Н. Толстой</persName>
                   <placeName ref="PlacesListxml#PLACE">Я. П.</placeName>
                   <date when="1863-03-27">1863 г. Марта 27.</date>            </correspAction>
                <correspAction type="receiving">
                   <persName ref="PersonList.xml#RECEIVER">А. Е. и Л. А. Берсам</persName>
                </correspAction>
                <correspContext>
                   <ref type="prev"/>
                </correspContext>
             </correspDesc>
          </profileDesc>
       </teiHeader>
       <xenoData><number type="in a volume">10</number></xenoData>

              <text xml:id="A__E__i_L__A__Bersam_10">
	<body><div>
		<opener index="false">
* 10. А. Е. и Л. А. Берсам.
1863 г. Марта 27. Я. П.</opener>
<p rend="left">Христос воскресе! милые, дорогие друзья! Хоть и в самом деле устал страшно, и в голове ничего нет, кроме паровиков, кубов и градусов,<note xml:id="note1" resp="volume_editor" index="false"> Толстой в то время был занят проектом постройки винокуренного завода. См. прим. 2 к письму № 3.</note> и потому кроме этой мерзости из оной ничего выйти не может, а хочется собственноручно написать и поздравить вас. Мы эти три дня отдавали дань весне, и все были нездоровы (немного), кажется, теперь прошло. — Прощайте, дай бог, чтоб у вас всё было по-старому, по-хорошему.</p>
<p rend="right">Ваш Левон.</p>
<p rend="left">Не правда ли, <hi style="opdelimiter">складно?</hi><hi style="opnumber">13</hi></p>
<p rend="petit left"><hi style="npnumber">14</hi><hi style="npdelimiter">Приписка</hi> к письму С. А. Толстой от 27 марта 1863 г.</p>
<comments><p rend="Textpetit_otstup left"><hi>1 </hi> Толстой в то время был занят проектом постройки винокуренного завода. См. прим. 2 к письму № 3.</p>
</comments></div></body>
        </text>
        </TEI>