<?xml version='1.0' encoding='UTF-8' standalone='no'?>

<TEI xmlns="http://www.tei-c.org/ns/1.0">
       <teiHeader>
          <fileDesc>
             <titleStmt>
                <title>Письмо №212. М. Н. Каткову.</title>
             </titleStmt>
             <publicationStmt>
                <publisher>TolstoyLab</publisher>
                <date when="2015-09-14">14 September 2015</date>
             </publicationStmt>
             <sourceDesc>
                <biblStruct>
                   <analytic>
                      <author>Толстой Л.Н.</author>
                   </analytic>
                   <monogr>
                      <title level="m">Полное собрание сочинений. Том 60</title>
                      <imprint>
                         <pubPlace>Москва</pubPlace>
                         <publisher>Государственное издательство "Художественная литература"</publisher>
                         <date when="1949"/>
                      </imprint>
                   </monogr>
                   <series>
                      <title level="s">Л.Н. Толстой. Полное собрание сочинений</title>
                      <biblScope unit="vol">60</biblScope>
                   </series>
                </biblStruct>
				<bibl>Печатается по рукописной копии писарской рукой из архива Каткова (тетрадь № 21), хранящейся в БЛ. Впервые опубликовано в «Литературном наследстве», М. 1939, № 37/38, стр. 194.</bibl>
             </sourceDesc>
          </fileDesc>
          <encodingDesc>
             <tagsDecl> </tagsDecl>
          </encodingDesc>
          <profileDesc>
             <correspDesc>
                <correspAction type="sending">
                   <persName ref="PersonList.xml#L_N_Tolstoy">Л. Н. Толстой</persName>
                   <placeName ref="PlacesListxml#PLACE">Я. П.</placeName>
                   <date when="1861-06-29">1861 г. Июня 29.</date>            </correspAction>
                <correspAction type="receiving">
                   <persName ref="PersonList.xml#RECEIVER">М. Н. Каткову</persName>
                </correspAction>
                <correspContext>
                   <ref type="prev"/>
                </correspContext>
             </correspDesc>
          </profileDesc>
       </teiHeader>
       <xenoData><number type="in a volume">212</number></xenoData>

              <text xml:id="M.N.Katkovu_212">
	<body><div>
		<opener index="false">
212. М. Н. Каткову.
1861 г. Июня 29. Я. П.
</opener><p rend="right">29 Июня. <choice original_editorial_correction='Ясн[ая]'><sic>Ясн</sic><corr>Ясная</corr></choice> <choice original_editorial_correction='П[оляна]'><sic>П</sic><corr>Поляна</corr></choice>.</p>

<p rend="Obrashenie left">Любезный <choice original_editorial_correction='М[ихаил]'><sic>М</sic><corr>Михаил</corr></choice> <choice original_editorial_correction='Н[икифорович]'><sic>Н</sic><corr>Никифорович</corr></choice>!</p>
<p rend="left">Посылаю вам программу моего журнала<note xml:id="note1" resp="volume_editor" index="false"> «Ясная Поляна». «Программу» эту см. в т. 8, стр. 370—372.</note> и прошу вас ее велеть напечатать и разослать.<note xml:id="note2" resp="volume_editor" index="false"> Объявление об «Ясной Поляне» было напечатано в № 31 (август) «Современной летописи» «Русского вестника». См. ниже ответ Каткова на письмо Толстого.</note> Т. е. поручить это дело кому-нибудь и кому-нибудь прислать мне отчет издержек, по которому я тотчас вышлю деньги. — Вы мне, кажется, обещали, и очень меня одолжили, во всяком случае, [прошу] тотчас мне ответить. Разрешение журнала предписано о...<note xml:id="note3" resp="volume_editor" index="false"> Пропуски в копии.</note> Московскому цензурному Комитету, дано 16 мая.<note xml:id="note4" resp="volume_editor" index="false"> Прошение Толстого министру народного просвещения Е. П. Ковалевскому о разрешении ему издания журнала «Ясная Поляна», поданное 20 апреля 1861 г., рассматривалось Главным управлением цензуры 6 мая, постановившим: «Разрешить, если не будет препятствия от 3-го отделения, с цензированием в московском цензурном комитете». 8 мая Главное управление по делам цензуры запросило начальника III отделения, «не встречает ли он препятствий к разрешению отставному поручику артиллерии гр. Л. Н. Толстому издавать журнал «Ясная Поляна». 11 мая начальник III отделения кн. Долгоруков уведомил Главное управление цензуры: «К разрешению отставному поручику графу Льву Толстому быть редактором предполагаемого им к изданию журнала «Ясная Поляна» по делам вверенного мне управления препятствий нет». 16 мая Главным управлением цензуры были отправлены два отношения: одно в Московский цензурный комитет и другое — Толстому с сообщением о разрешении журнала. См. Дело Главного управления цензуры 1861 г. № 176 (Ленинград, Архив Главного управления цензуры Министерства народного просвещения).</note> О числе оттисков и объявлений я решительно не знаю и опять вас прошу распорядиться как лучше. —</p>
<p rend="left">Повесть, которую я вам обещал,<note xml:id="note5" resp="volume_editor" index="false"> «Казаки».</note> до сих пор лежит нетронутою за кучею дел, заваливших меня со дня приезда, —<note xml:id="note6" resp="volume_editor" index="false"> Толстой вернулся в Ясную Поляну из заграничного путешествия в первых числах мая 1861 г.</note> хозяйство, школы, будущий журнал и <choice original_editorial_correction='Мир[овое]'><sic>Мир</sic><corr>Мировое</corr></choice> Посредничество. Теперь я сдал должность кандидату, по болезни.<note xml:id="note7" resp="volume_editor" index="false"> Болезнь Толстого, по-видимому, была кратковременна. Как видно из следующего письма, 30 июня он уже занимался посредническими делами, и других материалов о замещении его в должности мирового посредника летом 1861 г. пока не найдено.</note> Пользуясь болезнью, принимаюсь за кабинетные работы. — Обещать не люблю положительно, но самому хочется спихнуть с шеи неоконченную работу, а что печатать негде, кроме в Русском Вестнике, в этом вы сами виноваты. — Ежели бы возможно всё печатать, что здесь делается моими милыми товарищами <choice original_editorial_correction='М[ировыми]'><sic>М</sic><corr>Мировыми</corr></choice> <choice original_editorial_correction='Поср[едниками]'><sic>Поср</sic><corr>Посредниками</corr></choice>, волос бы стал дыбом у всей публики, а [вместе]<note xml:id="note8" resp="volume_editor" index="false"> Пропущенные в копии слова условно восстанавливаем по смыслу.</note> с тем, благодаря здравому смыслу народа, [дело]<note xml:id="note9" resp="volume_editor" index="false"> Пропущенные в копии слова условно восстанавливаем по смыслу.</note> идет и в других участках хорошо. —</p>
<p rend="left">Прощайте, жму вашу руку и ожидаю ответа. —</p>
<p rend="right">Ваш Л. Толстой.</p>
<comments><p rend="Textpetit_otstup left">Печатается по рукописной копии писарской рукой из архива Каткова (тетрадь № 21), хранящейся в БЛ. Впервые опубликовано в «Литературном наследстве», М. 1939, № 37/38, стр. 194.</p>
<p rend="petit left">Год определяется содержанием: упоминанием о «программе» журнала «Ясная Поляна» и о службе Толстого мировым <hi style="opdelimiter">посредником.</hi><hi style="opnumber">395</hi></p>
<p rend="Textpetit_otstup left"><hi>1</hi> «Ясная Поляна». «Программу» эту см. в т. 8, стр. 370—372.</p>
<p rend="petit left"><hi>2</hi> Объявление об «Ясной Поляне» было напечатано в № 31 (август) «Современной летописи» «Русского вестника». См. ниже ответ Каткова на письмо Толстого.</p>
<p rend="petit left"><hi>3</hi> Пропуски в копии.</p>
<p rend="petit left"><hi>4</hi> Прошение Толстого министру народного просвещения Е. П. Ковалевскому о разрешении ему издания журнала «Ясная Поляна», поданное 20 апреля 1861 г., рассматривалось Главным управлением цензуры 6 мая, постановившим: «Разрешить, если не будет препятствия от 3-го отделения, с цензированием в московском цензурном комитете». 8 мая Главное управление по делам цензуры запросило начальника III отделения, «не встречает ли он препятствий к разрешению отставному поручику артиллерии гр. Л. Н. Толстому издавать журнал «Ясная Поляна». 11 мая начальник III отделения кн. Долгоруков уведомил Главное управление цензуры: «К разрешению отставному поручику графу Льву Толстому быть редактором предполагаемого им к изданию журнала «Ясная Поляна» по делам вверенного мне управления препятствий нет». 16 мая Главным управлением цензуры были отправлены два отношения: одно в Московский цензурный комитет и другое — Толстому с сообщением о разрешении журнала. См. Дело Главного управления цензуры 1861 г. № 176 (Ленинград, Архив Главного управления цензуры Министерства народного просвещения).</p>
<p rend="petit left"><hi>5</hi> «Казаки».</p>
<p rend="petit left"><hi>6</hi> Толстой вернулся в Ясную Поляну из заграничного путешествия в первых числах мая 1861 г.</p>
<p rend="petit left"><hi>7</hi> Болезнь Толстого, по-видимому, была кратковременна. Как видно из следующего письма, 30 июня он уже занимался посредническими делами, и других материалов о замещении его в должности мирового посредника летом 1861 г. пока не найдено.</p>
<p rend="petit left"><hi>8</hi> Пропущенные в копии слова условно восстанавливаем по смыслу.</p>
<p rend="petit left">На письмо Толстого Катков ответил письмом от 30 июля 1861 г. Письмо Каткова напечатано в № 37/38 «Литературного наследства», стр. 195.</p>
</comments></div></body>
        </text>
        </TEI>