<?xml version='1.0' encoding='UTF-8' standalone='no'?>

<TEI xmlns="http://www.tei-c.org/ns/1.0">
       <teiHeader>
          <fileDesc>
             <titleStmt>
                <title>Письмо №124. А. Е. Берсу.</title>
             </titleStmt>
             <publicationStmt>
                <publisher>TolstoyLab</publisher>
                <date when="2015-09-14">14 September 2015</date>
             </publicationStmt>
             <sourceDesc>
                <biblStruct>
                   <analytic>
                      <author>Толстой Л.Н.</author>
                   </analytic>
                   <monogr>
                      <title level="m">Полное собрание сочинений. Том 61</title>
                      <imprint>
                         <pubPlace>Москва</pubPlace>
                         <publisher>Государственное издательство "Художественная литература"</publisher>
                         <date when="1953"/>
                      </imprint>
                   </monogr>
                   <series>
                      <title level="s">Л.Н. Толстой. Полное собрание сочинений</title>
                      <biblScope unit="vol">61</biblScope>
                   </series>
                </biblStruct>
				<bibl>Впервые опубликовано в газете «Новое время», иллюстрированное приложение, 1916, № 14427 от 7 мая, стр. 9—10. Датируется сопоставлением слов: «завтра отвезу всех к Машеньке» с упоминанием о том же в письме С. А. Толстой к А. Е. Берсу от 24 июля.</bibl>
             </sourceDesc>
          </fileDesc>
          <encodingDesc>
             <tagsDecl> </tagsDecl>
          </encodingDesc>
          <profileDesc>
             <correspDesc>
                <correspAction type="sending">
                   <persName ref="PersonList.xml#L_N_Tolstoy">Л. Н. Толстой</persName>
                   <placeName ref="PlacesListxml#PLACE">Никольское-Вяземское.</placeName>
                   <date when="1865-07-24">1865 г. Июля 24.</date>            </correspAction>
                <correspAction type="receiving">
                   <persName ref="PersonList.xml#RECEIVER">А. Е. Берсу</persName>
                </correspAction>
                <correspContext>
                   <ref type="prev"/>
                </correspContext>
             </correspDesc>
          </profileDesc>
       </teiHeader>
       <xenoData><number type="in a volume">124</number></xenoData>

              <text xml:id="A__E__Bersu_124">
	<body><div>
		<opener index="false">
124. А. Е. Берсу.
1865 г. Июля 24. Никольское-Вяземское.
</opener>
<p rend="Obrashenie left">Любезный, дорогой друг Андрей Евстафьич.</p>
<p rend="left">Много интересного и много приятного хотелось бы тебе писать о нашей жизни; но наша бедная Таня и у тебя и у меня на первом плане. — Она всё тоже печальна, молчалива, не оживлена и живет в одном этом страшном для нее прошедшем. Я так понимаю ее, что она беспрестанно воспроизводит в своем воспоминании те минуты, которые казались для нее счастием, и потом всякий раз спрашивает себя: неужели это всё кончилось? И колеблется между любовью и озлоблением. Вытеснить из ее сердца эту любовь может только новая любовь. А как и когда она придет? Это бог знает. Тут помочь нельзя, а <hi style="opdelimiter">надо</hi><hi style="opnumber">94</hi> <hi style="npnumber">95</hi><hi style="npdelimiter">ждать</hi> терпеливо, что мы и делаем. Она добра, кротка, покорна и тем более ее жалко, желал бы всё сделать, чтоб помочь ей, а помочь нечем. За гитару и пение она редко, почти никогда не берется. И то ежели к ней пристанут с просьбами, то она немного попоет вполголоса и тотчас бросит. Утешительно то, что здоровье ее еще хорошо, хотя она и переменилась, что особенно поражает тех, которые не видят ее, как мы, каждый день.</p>
<p rend="left">Я жду многого от осени. — Во-первых, чтоб прошло лето, нынешнее знойное тяжелое лето — располагающее к мечтательности, и, во-вторых, охота и, в 3-х, перемена совершенная места, ежели сбудутся наши планы поездки за границу. Ежели известия, которые я тебе даю о ней, не радостны, то утешайся тем, что я скорее вижу всё в черном свете, чем в розовом, и что ты знаешь всю правду. Ежели бы не это наше общее семейное горе, мы бы все были очень довольны нашим летом.</p>
<p rend="left">Я после вод начал свои экскурсии. Первая была к Дьякову и с ним к Шатилову в Маховое.<note xml:id="note1" resp="volume_editor" index="false"> Иосиф Николаевич Шатилов (1824—1889) — помещик; его имение Моховое Тульской губ. Новосильского уезда славилось образцовым хозяйством; известно своим «шатиловским овсом». Подробное описание этого имения дано в книге «Описания отдельных русских хозяйств. Вып. I. Тульская губерния», изд. Министерства земледелия и государственных имуществ, Спб. 1897, стр. 7.</note> Это, наверное, самое замечательное хозяйство в России, и он сам один из самых милых по простоте, уму и знанию людей. Он нас принял прекрасно, и эта поездка еще более разогрела меня в моих хозяйственных предприятиях. К 25 июля меня звал к себе Киреевский<note xml:id="note2" resp="volume_editor" index="false"> Николай Васильевич Киреевский (1797—1870) — владелец имения Шаблыкино Карачевского уезда Орловской губ. У Киреевского была одна из лучших в России псовых охот. Толстой пробыл у Киреевского с 28 июля по 1 августа. О Н. В. Киреевском см. т. 60, стр. 80.</note> в отъезд, но нездоровье (у меня после вод 2 недели расстройство желудка) задержало меня, и я завтра отвезу всех к Машеньке и попаду к Киреевскому не раньше 27.</p>
<p rend="left">Прощай, целую тебя и всех.</p>
<comments><p rend="Textpetit_otstup left">Впервые опубликовано в газете «Новое время», иллюстрированное приложение, 1916, № 14427 от 7 мая, стр. 9—10. Датируется сопоставлением слов: «завтра отвезу всех к Машеньке» с упоминанием о том же в письме С. А. Толстой к А. Е. Берсу от 24 июля.</p>
<p rend="Textpetit_otstup left"><hi>1</hi> Иосиф Николаевич Шатилов (1824—1889) — помещик; его имение Моховое Тульской губ. Новосильского уезда славилось образцовым хозяйством; известно своим «шатиловским овсом». Подробное описание этого имения дано в книге «Описания отдельных русских хозяйств. Вып. I. Тульская губерния», изд. Министерства земледелия и государственных имуществ, Спб. 1897, стр. 7.</p>
<p rend="petit left">Толстой бывал в Моховом в 1857 г., о чем свидетельствует запись в его Дневнике. См. т. 47, стр. 158. В 1865 г. он пробыл в Черемошне у Д. А. Дьякова и затем в Моховом пять дней — с 18 по 23 <hi style="opdelimiter">июля.</hi><hi style="opnumber">95</hi></p>
<p rend="petit left"><hi>2</hi> Николай Васильевич Киреевский (1797—1870) — владелец имения Шаблыкино Карачевского уезда Орловской губ. У Киреевского была одна из лучших в России псовых охот. Толстой пробыл у Киреевского с 28 июля по 1 августа. О Н. В. Киреевском см. т. 60, стр. 80.</p>
</comments></div></body>
        </text>
        </TEI>