<?xml version='1.0' encoding='UTF-8' standalone='no'?>

<TEI xmlns="http://www.tei-c.org/ns/1.0">
       <teiHeader>
          <fileDesc>
             <titleStmt>
                <title>Письмо №* 96. Гр. В. П. Толстому.</title>
             </titleStmt>
             <publicationStmt>
                <publisher>TolstoyLab</publisher>
                <date when="2015-09-14">14 September 2015</date>
             </publicationStmt>
             <sourceDesc>
                <biblStruct>
                   <analytic>
                      <author>Толстой Л.Н.</author>
                   </analytic>
                   <monogr>
                      <title level="m">Полное собрание сочинений. Том 59</title>
                      <imprint>
                         <pubPlace>Москва</pubPlace>
                         <publisher>Государственное издательство "Художественная литература"</publisher>
                         <date when="1935"/>
                      </imprint>
                   </monogr>
                   <series>
                      <title level="s">Л.Н. Толстой. Полное собрание сочинений</title>
                      <biblScope unit="vol">59</biblScope>
                   </series>
                </biblStruct>
				<bibl>Печатается по автографу, хранящемуся в АТБ. Публикуется впервые.</bibl>
             </sourceDesc>
          </fileDesc>
          <encodingDesc>
             <tagsDecl> </tagsDecl>
          </encodingDesc>
          <profileDesc>
             <correspDesc>
                <correspAction type="sending">
                   <persName ref="PersonList.xml#L_N_Tolstoy">Л. Н. Толстой</persName>
                   <placeName ref="PlacesListxml#PLACE">Белъбек.</placeName>
                   <date when="1855-02-24">1855 г. Февраля 24.</date>            </correspAction>
                <correspAction type="receiving">
                   <persName ref="PersonList.xml#RECEIVER">Гр. В. П. Толстому</persName>
                </correspAction>
                <correspContext>
                   <ref type="prev"/>
                </correspContext>
             </correspDesc>
          </profileDesc>
       </teiHeader>
       <xenoData><number type="in a volume">96</number></xenoData>

              <text xml:id="Gr.V.P.Tolstomu_96">
	<body><div>
		<opener index="false">
* 96. Гр. В. П. Толстому.

1855г. Февраля 24. Позиция на р. Белъбек.
</opener>
<p rend="Obrashenie left">Любезный <choice><reg>друг</reg><orig>другъ</orig></choice>!</p>
<p rend="left"><choice><reg>Как</reg><orig>Какъ</orig></choice> <choice><reg>тебе</reg><orig>тебѣ</orig></choice>,я думаю, <choice><reg>известно</reg><orig>извѣстно</orig></choice> и<hi><choice><reg>з</reg><orig>зъ</orig></choice></hi> моего письма <choice><reg>Николиньке</reg><orig>Николинькѣ</orig></choice>, я <choice><reg>проиграл</reg><orig>проигралъ</orig></choice> 1,500 р., которые были присланы <choice><reg>мне</reg><orig>мнѣ</orig></choice>; но <hi style="opdelimiter">что</hi><hi style="opnumber">300</hi> <hi style="npnumber">301</hi><hi style="npdelimiter">еще</hi> хуже, я <choice><reg>проиграл</reg><orig>проигралъ</orig></choice> еще 575 р. сер. <choice><reg>в</reg><orig>въ</orig></choice> <choice><reg>долг</reg><orig>долгъ</orig></choice>.<note xml:id="note1" resp="volume_editor" index="false">О проигрышах в карты есть такие записи в дневнике: 2 февраля: «Мне мало было проиграть всё, что у меня было. Я проиграл еще на слово Мещерскому 150 р., которых у меня нет»; 6—8 февраля: «Опять играл в карты и проиграл еще 200 р. серебром. Не могу дать себе слова перестать, хочется отыграться, и вместе могу страшно запутаться»; 12 февраля: «Опять проиграл 75 р. Бог еще милует меня, что не было неприятностей, но что будет дальше? Одна надежда на него!»; 15—16 февраля: «Проиграл вчера еще 20 р. сер. и больше играть <hi>не</hi>—<hi>буду».</hi></note> Деньги эти <hi>необходимо</hi> выслать <choice><reg>мне</reg><orig>мнѣ</orig></choice> <choice><reg>в</reg><orig>въ</orig></choice> <choice><reg>самом</reg><orig>самомъ</orig></choice> <choice><reg>скором</reg><orig>скоромъ</orig></choice> времени, поэтому будь <choice><reg>так</reg><orig>такъ</orig></choice> <choice><reg>добр</reg><orig>добръ</orig></choice>, распорядись <choice><reg>в</reg><orig>въ</orig></choice> Ясной <choice><reg>Поляне</reg><orig>Полянѣ</orig></choice>, чтобы продали <choice><reg>хлеба</reg><orig>хлѣба</orig></choice> то число, которое <choice><reg>недостает</reg><orig>недостаетъ</orig></choice>, и выслали <choice><reg>их</reg><orig>ихъ</orig></choice> <choice><reg>мне</reg><orig>мнѣ</orig></choice> <choice><reg>в</reg><orig>въ</orig></choice> Севастополь. — Ежели <choice><reg>в</reg><orig>въ</orig></choice> опекунской <choice><reg>совет</reg><orig>совѣтъ</orig></choice> не посланы еще деньги, то эти 575 р. я прошу прислать прежде, <choice><reg>чем</reg><orig>чѣмъ</orig></choice> посылать <choice><reg>в</reg><orig>въ</orig></choice> <choice><reg>Совет</reg><orig>Совѣтъ</orig></choice>. —</p>
<p rend="left">Стыдно и больно писать. Пожалуйста не показывай письма <choice><reg>всем</reg><orig>всѣмъ</orig></choice>. Играть я <choice><reg>перестал</reg><orig>пересталъ</orig></choice>. Я, слава Богу, <choice><reg>жив</reg><orig>живъ</orig></choice> и <choice><reg>здоров</reg><orig>здоровъ</orig></choice> <choice><reg>в</reg><orig>въ</orig></choice> <choice><reg>лагере</reg><orig>лагерѣ</orig></choice> на <choice><reg>Бельбеке</reg><orig>Бельбекѣ</orig></choice> около Севастополя. —</p>
<p rend="right"><choice><reg>Целуй</reg><orig>Цѣлуй</orig></choice> жену и <choice><reg>детей</reg><orig>дѣтей</orig></choice>.</p>
<p rend="right">Истинный <choice><reg>друг</reg><orig>другъ</orig></choice> и <choice><reg>брат</reg><orig>братъ</orig></choice></p>
<p rend="right">Гр. Л. Толстой.</p>
<p rend="left">1855, 24 Февраля.</p>
<p rend="left"><choice><reg>Бельбек</reg><orig>Бельбекъ</orig></choice>.</p>
<comments><p rend="Textpetit_otstup left">Печатается по автографу, хранящемуся в АТБ. Публикуется впервые.</p>
<p rend="petit left">Гр. Валериан Петрович Толстой (р. 19 октября 1813 г., ум. 6 января 1865 г.), сын гр. Петра Ивановича (1785—1834) и Елизаветы Александровны Ергольской (1790—1851). Служил в гусарском принца Оранского полку и был адъютантом отдельного сибирского корпуса. Перед женитьбой, 3 ноября 1847 г., вышел в отставку с чином майора. Женат на своей троюродной сестре гр. Марии Николаевне Толстой. О гр. В. П. Толстом см. еще в прим. о гр. М. Н. Толстой, п. № 42.</p>
<p rend="Textpetit_otstup left"><hi>1 </hi>О проигрышах в карты есть такие записи в дневнике: 2 февраля: «Мне мало было проиграть всё, что у меня было. Я проиграл еще на слово Мещерскому 150 р., которых у меня нет»; 6—8 февраля: «Опять играл в карты и проиграл еще 200 р. серебром. Не могу дать себе слова перестать, хочется отыграться, и вместе могу страшно запутаться»; 12 февраля: «Опять проиграл 75 р. Бог еще милует меня, что не было неприятностей, но что будет дальше? Одна надежда на него!»; 15—16 февраля: «Проиграл вчера еще 20 р. сер. и больше играть <hi>не</hi>—<hi>буду».</hi></p>
</comments></div></body>
        </text>
        </TEI>