<?xml version='1.0' encoding='UTF-8' standalone='no'?>

<TEI xmlns="http://www.tei-c.org/ns/1.0">
       <teiHeader>
          <fileDesc>
             <titleStmt>
                <title>Письмо №74. Гр. А. А. и Е. А. Толстым.</title>
             </titleStmt>
             <publicationStmt>
                <publisher>TolstoyLab</publisher>
                <date when="2015-09-14">14 September 2015</date>
             </publicationStmt>
             <sourceDesc>
                <biblStruct>
                   <analytic>
                      <author>Толстой Л.Н.</author>
                   </analytic>
                   <monogr>
                      <title level="m">Полное собрание сочинений. Том 60</title>
                      <imprint>
                         <pubPlace>Москва</pubPlace>
                         <publisher>Государственное издательство "Художественная литература"</publisher>
                         <date when="1949"/>
                      </imprint>
                   </monogr>
                   <series>
                      <title level="s">Л.Н. Толстой. Полное собрание сочинений</title>
                      <biblScope unit="vol">60</biblScope>
                   </series>
                </biblStruct>
             </sourceDesc>
          </fileDesc>
          <encodingDesc>
             <tagsDecl> </tagsDecl>
          </encodingDesc>
          <profileDesc>
             <correspDesc>
                <correspAction type="sending">
                   <persName ref="PersonList.xml#L_N_Tolstoy">Л. Н. Толстой</persName>
                   <placeName ref="PlacesListxml#PLACE">Кларан.</placeName>
                   <date when="1857-05-01">1857 г. Мая 1</date>            </correspAction>
                <correspAction type="receiving">
                   <persName ref="PersonList.xml#RECEIVER">Гр. А. А. и Е. А. Толстым</persName>
                </correspAction>
                <correspContext>
                   <ref type="prev"/>
                </correspContext>
             </correspDesc>
          </profileDesc>
       </teiHeader>
       <xenoData><number type="in a volume">74</number></xenoData>

              <text xml:id="A.A.iE.A.Tolstym_74">
	<body><div>
		<opener index="false">
74. Гр. А. А. и Е. А. Толстым. Неотправленное.
1857 г. Мая 1/13. Кларан.</opener>
<p rend="left">Виноват, милые бабушки, что не простился с вами. — Беда связаться с молодыми людьми! Мы сделали с <choice original_editorial_correction='М[ихаилом]'><sic>М</sic><corr>Михаилом</corr></choice> <choice original_editorial_correction='И[вановичем]'><sic>И</sic><corr>Ивановичем</corr></choice><note xml:id="note1" resp="volume_editor" index="false"> М. И. Пущин.</note> восхитительную прогулку вчера и нынче.<note xml:id="note2" resp="volume_editor" index="false"> Об этом путешествии см. предыдущее письмо, прим. 3.</note> Мы шли до позднего вечера этими душистыми, задумчивыми савойскими дорогами. Два мальчугана несли наши практические мешки, и всю дорогу, распевая, лепетали нам про разные предания и привидения в замках и т. п. А мы себе молчали, нюхали, слушали и дышали. Природа больше всего дает это высшее наслаждение жизни, забвение своей несносной персоны. Не слышишь, как живешь, нет ни прошедшего, ни будущего, только одно настоящее, как клубок<note xml:id="note3" resp="volume_editor" index="false"> <hi>Зачеркнуто:</hi> медленно</note> плавно разматывается и исчезает. — Уж совсем темно мы пришли в Amphion и думали, что придется ночевать в какой-нибудь вонючей харчевне, и вдруг открываем на самом берегу озера, в полумраке, прелестный сад и величественный дом, — а вместе живописный, грациозный — прелесть! У крыльца нас встретили в темноте 3 огромные белые тернёва<note xml:id="note4" resp="volume_editor" index="false"> Тернев — крупная порода собак, известная у нас более под именем ньюфаундлендских.</note> и одна служанка. Что за вид <hi style="opdelimiter">ночью</hi><hi style="opnumber">188</hi> <hi style="npnumber">189</hi><hi style="npdelimiter">при</hi> сумрачном небе, сквозь щелки которого кое-где вырывается свет месяца, над озером, с терасы — чудо! Мы с <choice original_editorial_correction='М[ихаилом]'><sic>М</sic><corr>Михаилом</corr></choice> <choice original_editorial_correction='И[вановичем]'><sic>И</sic><corr>Ивановичем</corr></choice> поужинали, выпили, помузицировали и решили, что мы просто счастливые люди. Поезжайте туда, когда только будет возможность, и дайте нам rendez vous туда — непременно. — </p>
<p rend="left">Ваш Калам,<note xml:id="note5" resp="volume_editor" index="false"> Калам (1810—1864) — швейцарский художник-пейзажист, изображавший в своих многочисленных картинах преимущественно виды родной природы.</note> бабушка Лиза, показался мне ограниченный человек, и даже с некоторою тупизною; но чрезвычайно почтенный и талант громадный, который я не умел ценить прежде. Поэзии во всех его вещах бездна, и поэзии гармонической. Вообще, или у него ума мало отпущено на талант, или талант задавил ум, — он себя определить не может. Но этих людей только и можно любить. От этого-то и вы его любите.</p>
<p rend="left">Прощайте, милые бабушки, от души жму ваши руки, напишите словечко.</p>
<p rend="right">Ваш Гр. Л. Толстой.</p>
<p rend="left">1/13 Мая.</p>
<comments><p rend="Textpetit_otstup left">Впервые напечатано в ПТ, стр. 74—75.</p>
<p rend="Textpetit_otstup left"><hi>1</hi> М. И. Пущин.</p>
<p rend="petit left"><hi>2</hi> Об этом путешествии см. предыдущее письмо, прим. 3.</p>
<p rend="petit left"><hi>3</hi> <hi>Зачеркнуто:</hi> медленно</p>
<p rend="petit left"><hi>4</hi> Тернев — крупная порода собак, известная у нас более под именем ньюфаундлендских.</p>
<p rend="petit left"><hi>5</hi> Калам (1810—1864) — швейцарский художник-пейзажист, изображавший в своих многочисленных картинах преимущественно виды родной природы.</p>
</comments></div></body>
        </text>
        </TEI>