<?xml version='1.0' encoding='UTF-8' standalone='no'?>

<TEI xmlns="http://www.tei-c.org/ns/1.0">
       <teiHeader>
          <fileDesc>
             <titleStmt>
                <title>Письмо №* 250. А. М. Кузминскому.</title>
             </titleStmt>
             <publicationStmt>
                <publisher>TolstoyLab</publisher>
                <date when="2015-09-14">14 September 2015</date>
             </publicationStmt>
             <sourceDesc>
                <biblStruct>
                   <analytic>
                      <author>Толстой Л.Н.</author>
                   </analytic>
                   <monogr>
                      <title level="m">Полное собрание сочинений. Том 61</title>
                      <imprint>
                         <pubPlace>Москва</pubPlace>
                         <publisher>Государственное издательство "Художественная литература"</publisher>
                         <date when="1953"/>
                      </imprint>
                   </monogr>
                   <series>
                      <title level="s">Л.Н. Толстой. Полное собрание сочинений</title>
                      <biblScope unit="vol">61</biblScope>
                   </series>
                </biblStruct>
             </sourceDesc>
          </fileDesc>
          <encodingDesc>
             <tagsDecl> </tagsDecl>
          </encodingDesc>
          <profileDesc>
             <correspDesc>
                <correspAction type="sending">
                   <persName ref="PersonList.xml#L_N_Tolstoy">Л. Н. Толстой</persName>
                   <placeName ref="PlacesListxml#PLACE">Москва</placeName>
                   <date when="1867-12-28">1867 г. Декабря 28</date>            </correspAction>
                <correspAction type="receiving">
                   <persName ref="PersonList.xml#RECEIVER">А. М. Кузминскому</persName>
                </correspAction>
                <correspContext>
                   <ref type="prev"/>
                </correspContext>
             </correspDesc>
          </profileDesc>
       </teiHeader>
       <xenoData><number type="in a volume">250</number></xenoData>

              <text xml:id="A__M__Kuzminskomu_250">
	<body><div>
		<opener index="false">
* 250. А. М. Кузминскому.
1867 г. Декабря 28. Москва.
</opener><p rend="left">Телеграф в Туле. Из Москвы. Тула. Кузминскому.</p>
<p rend="left">Нервный удар.<note xml:id="note1" resp="volume_editor" index="false"> У А. Е. Берса. См. прим. 1 к письму № 251.</note> Умом совершенно свеж. Кроток, добр. Когда приподнимают с постели, впадает в бесчувствие. Может жить три года и день. Два Саши выезжают завтра утром в Тулу.</p>
<p rend="right">Толстой.</p>
<p rend="petit left">Телеграмма. Печатается по телеграфному бланку.</p>
<comments><p rend="Textpetit_otstup left"><hi>1 </hi> У А. Е. Берса. См. прим. 1 к письму № 251.</p>
</comments></div></body>
        </text>
        </TEI>