<?xml version='1.0' encoding='UTF-8' standalone='no'?>

<TEI xmlns="http://www.tei-c.org/ns/1.0">
       <teiHeader>
          <fileDesc>
             <titleStmt>
                <title>Письмо №167. A. A. Фету.</title>
             </titleStmt>
             <publicationStmt>
                <publisher>TolstoyLab</publisher>
                <date when="2015-09-14">14 September 2015</date>
             </publicationStmt>
             <sourceDesc>
                <biblStruct>
                   <analytic>
                      <author>Толстой Л.Н.</author>
                   </analytic>
                   <monogr>
                      <title level="m">Полное собрание сочинений. Том 60</title>
                      <imprint>
                         <pubPlace>Москва</pubPlace>
                         <publisher>Государственное издательство "Художественная литература"</publisher>
                         <date when="1949"/>
                      </imprint>
                   </monogr>
                   <series>
                      <title level="s">Л.Н. Толстой. Полное собрание сочинений</title>
                      <biblScope unit="vol">60</biblScope>
                   </series>
                </biblStruct>
				<bibl>Впервые опубликовано А. А. Фетом в «Русском обозрении», 1890, I, стр. 28, и затем в «Моих воспоминаниях», I, стр. 324—325.</bibl>
             </sourceDesc>
          </fileDesc>
          <encodingDesc>
             <tagsDecl> </tagsDecl>
          </encodingDesc>
          <profileDesc>
             <correspDesc>
                <correspAction type="sending">
                   <persName ref="PersonList.xml#L_N_Tolstoy">Л. Н. Толстой</persName>
                   <placeName ref="PlacesListxml#PLACE">Я. П.</placeName>
                   <date when="1860-03-27">1860 г. Марта 27.</date>            </correspAction>
                <correspAction type="receiving">
                   <persName ref="PersonList.xml#RECEIVER">A. A. Фету</persName>
                </correspAction>
                <correspContext>
                   <ref type="prev"/>
                </correspContext>
             </correspDesc>
          </profileDesc>
       </teiHeader>
       <xenoData><number type="in a volume">167</number></xenoData>

              <text xml:id="A.A.Fetu_167">
	<body><div>
		<opener index="false">
167. A. A. Фету.
1860 г. Марта 27. Я. П.</opener>
<p rend="right">27 Марта.</p>
<p rend="left">Как вы обрадовали меня вашими планами, любезный дядинька, не могу вам сказать. Но обрадовали не одного меня, но и всех наших, начиная от тетушки до пьяного монаха.<note xml:id="note1" resp="volume_editor" index="false"> Николай Сергеевич Воейков.</note> — Трепещу только об одном, чтобы из-за какого-нибудь вздора это не расстроилось. Вещественные условия возможности вашего пребывания в Ясной все, мне кажется, — есть — желание мое, чтобы оно было, так сильно, что я бы сделал эти условия — ежели бы их не было, пробил бы еще три стены и сам бы жил на трубе, стало быть, это должно быть. Разумеется, тут пропасть маленьких условий, которые нужно определить. В каком доме и в каких комнатах лучше захочет [жить] Марья Петровна, куда будет входить и выходить Марьюшка<note xml:id="note2" resp="volume_editor" index="false"> Марьюшка — горничная у Фетов.</note> и т. д. Да еще, куда поставить лошадей, в особую ли конюшню, на двор ли к мужику за три версты, или к брату в Пирогово. Короста еще есть, и хотя я своих чистых лошадей ставлю в Ясной, ваших лошадей надо будет устроить иначе. Но вообще обо всем надо переговорить. Приезжайте непременно, когда поедете в Серпухов.<note xml:id="note3" resp="volume_editor" index="false"> Фет хотел приобрести под Серпуховом небольшое именье и уже платил жалованье будущему приказчику, но покупка эта не состоялась.</note> Как мы будем гулять с Марьей Петровной — она останется довольна садом. — Как и о каких славных делах, как-то: педагогии, хозяйстве и пускай хоть и поэзии — мы будем беседовать с вами и Фирдуси.<note xml:id="note4" resp="volume_editor" index="false"> H. Н. Толстой.</note> Но ничего, ничего, молчание...<note xml:id="note5" resp="volume_editor" index="false"> Фраза из «Записок сумасшедшего» <hi style="opdelimiter">Гоголя.</hi><hi style="opnumber">334</hi></note> Жду вас или вашего ответа.<note xml:id="note6" resp="volume_editor" index="false"> Возвращаясь на лошадях из Москвы в Новоселки, Фет с женой обещали заехать к Толстому в Ясную Поляну, что и выполнили. Пробыв в Ясной Поляне два дня, Фет продолжал свой путь, пригласив с собой и H. Н. Толстого (А. Фет, «Мои воспоминания», I, М. 1890, стр. 325).</note> Целую руку Марьи Петровны и прошу ее в случае затруднений разрешать их на манер Гордиевых узлов, по женски. В Москву теперь я, должно быть, не приеду. До <choice original_editorial_correction='свидан[ия]'><sic>свидан</sic><corr>свидания</corr></choice>.</p>
<p rend="right">Л. Толстой.</p>
<comments><p rend="Textpetit_otstup left">Впервые опубликовано А. А. Фетом в «Русском обозрении», 1890, I, стр. 28, и затем в «Моих воспоминаниях», I, стр. 324—325.</p>
<p rend="Textpetit_otstup left"><hi>1</hi> Николай Сергеевич Воейков.</p>
<p rend="petit left"><hi>2</hi> Марьюшка — горничная у Фетов.</p>
<p rend="petit left"><hi>3</hi> Фет хотел приобрести под Серпуховом небольшое именье и уже платил жалованье будущему приказчику, но покупка эта не состоялась.</p>
<p rend="petit left"><hi>4</hi> H. Н. Толстой.</p>
<p rend="petit left"><hi>5</hi> Фраза из «Записок сумасшедшего» <hi style="opdelimiter">Гоголя.</hi><hi style="opnumber">334</hi></p>
<p rend="petit left"><hi>6</hi> Возвращаясь на лошадях из Москвы в Новоселки, Фет с женой обещали заехать к Толстому в Ясную Поляну, что и выполнили. Пробыв в Ясной Поляне два дня, Фет продолжал свой путь, пригласив с собой и H. Н. Толстого (А. Фет, «Мои воспоминания», I, М. 1890, стр. 325).</p>
</comments></div></body>
        </text>
        </TEI>