<?xml version='1.0' encoding='UTF-8' standalone='no'?>

<TEI xmlns="http://www.tei-c.org/ns/1.0">
       <teiHeader>
          <fileDesc>
             <titleStmt>
                <title>Письмо №* 391. H. Н. Страхову.</title>
             </titleStmt>
             <publicationStmt>
                <publisher>TolstoyLab</publisher>
                <date when="2015-09-14">14 September 2015</date>
             </publicationStmt>
             <sourceDesc>
                <biblStruct>
                   <analytic>
                      <author>Толстой Л.Н.</author>
                   </analytic>
                   <monogr>
                      <title level="m">Полное собрание сочинений. Том 61</title>
                      <imprint>
                         <pubPlace>Москва</pubPlace>
                         <publisher>Государственное издательство "Художественная литература"</publisher>
                         <date when="1953"/>
                      </imprint>
                   </monogr>
                   <series>
                      <title level="s">Л.Н. Толстой. Полное собрание сочинений</title>
                      <biblScope unit="vol">61</biblScope>
                   </series>
                </biblStruct>
             </sourceDesc>
          </fileDesc>
          <encodingDesc>
             <tagsDecl> </tagsDecl>
          </encodingDesc>
          <profileDesc>
             <correspDesc>
                <correspAction type="sending">
                   <persName ref="PersonList.xml#L_N_Tolstoy">Л. Н. Толстой</persName>
                   <placeName ref="PlacesListxml#PLACE">Я. П.</placeName>
                   <date when="1872-07-29">1872 г. Июля 29.</date>            </correspAction>
                <correspAction type="receiving">
                   <persName ref="PersonList.xml#RECEIVER">H. Н. Страхову</persName>
                </correspAction>
                <correspContext>
                   <ref type="prev"/>
                </correspContext>
             </correspDesc>
          </profileDesc>
       </teiHeader>
       <xenoData><number type="in a volume">391</number></xenoData>

              <text xml:id="H__N__Straxovu_391">
	<body><div>
		<opener index="false">
* 391. H. Н. Страхову.
1872 г. Июля 29...30. Я. П.</opener>
<p rend="left">Спешу хоть двумя словами уведомить вас, что я не прожил предполагаемого и вернулся. Боюсь, что (судя по письму вашему) вы писали мне в Самару подробно о деле; а я <hi style="opdelimiter">разъехался</hi><hi style="opnumber">303</hi> <hi style="npnumber">304</hi><hi style="npdelimiter">с</hi> этим письмом. Если что нужно, пишите в Тулу. Надеюсь, что не задержу вас ничем.</p>
<p rend="left">Как идет дело? Как вы сами переносите лето в Петербурге?</p>
<p rend="left">Я вернулся здоровый и свежий, но начинаю слишком рано работать и хочу удержаться и не могу. Как будто подгоняет меня невидимая сила, и неохотно покоряешься. Ваш всей душой</p>
<p rend="right">гр. Л. Толстой.</p>
<comments><p rend="Textpetit_otstup left">Отрывок опубликован без даты в Г, II, стр. 131. На автографе пометка Страхова: «30 июл. 1872».</p>
</comments></div></body>
        </text>
        </TEI>