<?xml version='1.0' encoding='UTF-8' standalone='no'?>

<TEI xmlns="http://www.tei-c.org/ns/1.0">
       <teiHeader>
          <fileDesc>
             <titleStmt>
                <title>Письмо №* 276. Командиру ракетного заведения К. И. Константинову.</title>
             </titleStmt>
             <publicationStmt>
                <publisher>TolstoyLab</publisher>
                <date when="2015-09-14">14 September 2015</date>
             </publicationStmt>
             <sourceDesc>
                <biblStruct>
                   <analytic>
                      <author>Толстой Л.Н.</author>
                   </analytic>
                   <monogr>
                      <title level="m">Полное собрание сочинений. Том 60</title>
                      <imprint>
                         <pubPlace>Москва</pubPlace>
                         <publisher>Государственное издательство "Художественная литература"</publisher>
                         <date when="1949"/>
                      </imprint>
                   </monogr>
                   <series>
                      <title level="s">Л.Н. Толстой. Полное собрание сочинений</title>
                      <biblScope unit="vol">60</biblScope>
                   </series>
                </biblStruct>
				<bibl>Печатается по подлиннику, хранящемуся в Военно-историческом архиве (в Москве).</bibl>
             </sourceDesc>
          </fileDesc>
          <encodingDesc>
             <tagsDecl> </tagsDecl>
          </encodingDesc>
          <profileDesc>
             <correspDesc>
                <correspAction type="sending">
                   <persName ref="PersonList.xml#L_N_Tolstoy">Л. Н. Толстой</persName>
                   <placeName ref="PlacesListxml#PLACE">Тула.</placeName>
                   <date when="1856-10-19">1856 г. Октября 19.</date>            </correspAction>
                <correspAction type="receiving">
                   <persName ref="PersonList.xml#RECEIVER">Командиру ракетного заведения К. И. Константинову</persName>
                </correspAction>
                <correspContext>
                   <ref type="prev"/>
                </correspContext>
             </correspDesc>
          </profileDesc>
       </teiHeader>
       <xenoData><number type="in a volume">276</number></xenoData>

              <text xml:id="KomandiruraketnogozavedeniyaKonstantinovuK.I._276">
	<body><div>
		<opener index="false">
* 276. Командиру ракетного заведения К. И. Константинову.
1856 г. Октября 19. Тула.</opener>
<p rend="subtitle centerline">
<hi rend="Razradka">Реверс.</hi>
</p>
<p rend="left">Я, нижеподписавшийся, даю сей реверс в том, что если по всеподданнейшей моей просьбе разрешите мне увольнение от службы по расстроенному здоровью, то о казенном пропитании просить нигде не буду. Жительство по отставке буду иметь в С. Петербурге. — Октября 19 дня 1856 года г. Тула.</p>
<p rend="left">Прикомандированный к С. Петербургскому ракетному заведению Поручик 12-й артиллерийской бригады Лев Николаев сын Толстой.</p>
<comments><p rend="Textpetit_otstup left">Печатается по подлиннику, хранящемуся в Военно-историческом архиве (в Москве).</p>
<p rend="petit left">Настоящий реверс был отправлен Толстым К. И. Константинову вместе с рапортом 19 октября (см. № 275), написан рукою переписчика и только со слова: «Прикомандированный» — рукой Толстого.</p>
</comments></div></body>
        </text>
        </TEI>