<?xml version='1.0' encoding='UTF-8' standalone='no'?>

<TEI xmlns="http://www.tei-c.org/ns/1.0">
       <teiHeader>
          <fileDesc>
             <titleStmt>
                <title>Письмо №* 412. H. H. Страхову.</title>
             </titleStmt>
             <publicationStmt>
                <publisher>TolstoyLab</publisher>
                <date when="2015-09-14">14 September 2015</date>
             </publicationStmt>
             <sourceDesc>
                <biblStruct>
                   <analytic>
                      <author>Толстой Л.Н.</author>
                   </analytic>
                   <monogr>
                      <title level="m">Полное собрание сочинений. Том 61</title>
                      <imprint>
                         <pubPlace>Москва</pubPlace>
                         <publisher>Государственное издательство "Художественная литература"</publisher>
                         <date when="1953"/>
                      </imprint>
                   </monogr>
                   <series>
                      <title level="s">Л.Н. Толстой. Полное собрание сочинений</title>
                      <biblScope unit="vol">61</biblScope>
                   </series>
                </biblStruct>
             </sourceDesc>
          </fileDesc>
          <encodingDesc>
             <tagsDecl> </tagsDecl>
          </encodingDesc>
          <profileDesc>
             <correspDesc>
                <correspAction type="sending">
                   <persName ref="PersonList.xml#L_N_Tolstoy">Л. Н. Толстой</persName>
                   <placeName ref="PlacesListxml#PLACE">Я. П.</placeName>
                   <date when="1872-10-20">1872 г. Октября 20.</date>            </correspAction>
                <correspAction type="receiving">
                   <persName ref="PersonList.xml#RECEIVER">H. H. Страхову</persName>
                </correspAction>
                <correspContext>
                   <ref type="prev">Ответ на несохранившееся письмо H. Н. <hi style="opdelimiter">Страхова.</hi><hi style="opnumber">330</hi></ref>
                </correspContext>
             </correspDesc>
          </profileDesc>
       </teiHeader>
       <xenoData><number type="in a volume">412</number></xenoData>

              <text xml:id="H__N__Straxovu_412">
	<body><div>
		<opener index="false">
* 412. H. H. Страхову.
1872 г. Октября 20...21. Я. П.</opener>
<p rend="left">Два товарища (с медведями басня?) Езопа,</p>
<p rend="left">Лев, Волк и лисица — Езопа,</p>
<p rend="left">Волк и мужик — народная,</p>
<p rend="left">Отчего зло на свете — с индейского. Дуб и орешник, Наседка и цыплята, Корова и козел, Лисий хвост, Дергач и самка — мое.</p>
<p rend="left">Объявление я послал с Фетом, в <choice original_editorial_correction='М[осковские]'><sic>М</sic><corr>Московские</corr></choice> <choice original_editorial_correction='в[едомости]'><sic>в</sic><corr>ведомости</corr></choice>,<note xml:id="note1" resp="volume_editor" index="false"> <ref target="file:///Volume_61_A__A__Fetu_420.xml">См. письмо к Фету, № 420</ref>.</note> но вчера получил от него письмо. Он всё перепутал, и объявление не напечатано. Посылаю другое и прошу вас изменить, если будете так добры придумать лучшее, или сократить и печатать. 1-го ноября выйдет Азбука графа Л. Н. Толстого в 4-х отдельных книгах в 160—180 страниц каждая, содержащая 1) Азбуку и руководство для обучения чтению и письму, 2) статьи для русского чтения: басни, описания, рассказы, сказки, повести и статьи научного содержания. (За исключением новых переводов Езопа и Геродота и некоторых басен, рассказов и сказок, содержание которых заимствовано с индийского, арабского, немецкого, английского и народного, все статьи русского чтения написаны автором для настоящей книги.)</p>
<p rend="left">3) Руководство к правописанию и грамматике посредством напечатания особым шрифтом различных грамматических форм.</p>
<p rend="left">4) Некоторые былины изложены правильным, по мнению составителя, русским стихом.</p>
<p rend="left">5) Руководство для обучения славянскому языку с объяснением главных грамматических форм. — 6) Статьи для славянского чтения с русским переводом: выбранные места из летописи, жития из Четий-Миней Макария и Дмитрия Ростовского и из священного писания.</p>
<p rend="left">7) Арифметику от счисления до дробей включительно.</p>
<p rend="left">и 8) Руководство для учителя.</p>
<p rend="left">Потом прибавить, к кому и куда обращаться за книгами. Я думаю, что мало одной квартиры. Надо, чтоб П. Берс, если берется, выставил имя чье-нибудь, к кому обращаться. Я думаю, можно то же сказать и во всех книжных лавках, <choice original_editorial_correction='кот[орые]'><sic>кот</sic><corr>которые</corr></choice> будут брать с уступкой 20.<note xml:id="note2" resp="volume_editor" index="false"> В № 275 «Московских ведомостей» от 31 октября 1872 г. было напечатано: «В первых числах ноября поступит в продажу «Азбука» графа Л. Н. Толстого. В четырех отдельных книгах, каждая от 160 до 200 страниц, в 8-ю долю. Содержание: 1) Азбука — руководство для начального обучения чтению и письму. 2) Статьи для чтения: басни, описания, сказки, рассказы, повести, изложение научных сведений; большая часть этих статей принадлежит автору и написана для настоящей книги; остальные или переведены (из Езопа и Геродота), или пересказаны, а по содержанию заимствованы из разных источников. 3) Руководство к правописанию и изучению грамматических форм, для чего буквы, на которые должно быть обращено внимание, и окончания форм обозначены особыми шрифтами. 4) Былины, изложенные правильным русским стихом. 5) Руководство к начальному изучению славянского языка и его главных грамматических форм. 6) Статьи для чтения по-славянски: выбранные места из летописи, из Четьи-Минеи Макария и Дмитрия Ростовского, из священного писания; при всех статьях русский перевод. 7) Арифметика от счисления до дробей включительно. 8) Руководство для учителя. Цена каждой книги 50 коп. Цена всех четырех книг 2 руб. С требованиями обращаться в С.-Петербург, в Кирочную улицу, дом № 38, кв. № 2 к Петру Андреевичу Берс. Книгопродавцам делается уступка 20».</note></p>
<comments><p rend="Textpetit_otstup left">На автографе пометка Страхова: «21 октября 1872».</p>
<p rend="petit left">Ответ на несохранившееся письмо H. Н. <hi style="opdelimiter">Страхова.</hi><hi style="opnumber">330</hi></p>
<p rend="Textpetit_otstup left"><hi>1</hi> <ref target="file:///Volume_61_A__A__Fetu_420.xml">См. письмо к Фету, № 420</ref>.</p>
<p rend="petit left"><hi>2</hi> В № 275 «Московских ведомостей» от 31 октября 1872 г. было напечатано: «В первых числах ноября поступит в продажу «Азбука» графа Л. Н. Толстого. В четырех отдельных книгах, каждая от 160 до 200 страниц, в 8-ю долю. Содержание: 1) Азбука — руководство для начального обучения чтению и письму. 2) Статьи для чтения: басни, описания, сказки, рассказы, повести, изложение научных сведений; большая часть этих статей принадлежит автору и написана для настоящей книги; остальные или переведены (из Езопа и Геродота), или пересказаны, а по содержанию заимствованы из разных источников. 3) Руководство к правописанию и изучению грамматических форм, для чего буквы, на которые должно быть обращено внимание, и окончания форм обозначены особыми шрифтами. 4) Былины, изложенные правильным русским стихом. 5) Руководство к начальному изучению славянского языка и его главных грамматических форм. 6) Статьи для чтения по-славянски: выбранные места из летописи, из Четьи-Минеи Макария и Дмитрия Ростовского, из священного писания; при всех статьях русский перевод. 7) Арифметика от счисления до дробей включительно. 8) Руководство для учителя. Цена каждой книги 50 коп. Цена всех четырех книг 2 руб. С требованиями обращаться в С.-Петербург, в Кирочную улицу, дом № 38, кв. № 2 к Петру Андреевичу Берс. Книгопродавцам делается уступка 20».</p>
<p rend="petit left">Объявления были повторены в той же газете 1 и 3 ноября, №№ 276 и 278. В других газетах объявлений об «Азбуке» не было, так же как не было упоминаний о ней в объявлениях от книжных магазинов, извещающих обычно о поступивших в продажу книгах.</p>
</comments></div></body>
        </text>
        </TEI>