<?xml version='1.0' encoding='UTF-8' standalone='no'?>

<TEI xmlns="http://www.tei-c.org/ns/1.0">
       <teiHeader>
          <fileDesc>
             <titleStmt>
                <title>Письмо №* 177. Т. А. Ергольской.</title>
             </titleStmt>
             <publicationStmt>
                <publisher>TolstoyLab</publisher>
                <date when="2015-09-14">14 September 2015</date>
             </publicationStmt>
             <sourceDesc>
                <biblStruct>
                   <analytic>
                      <author>Толстой Л.Н.</author>
                   </analytic>
                   <monogr>
                      <title level="m">Полное собрание сочинений. Том 60</title>
                      <imprint>
                         <pubPlace>Москва</pubPlace>
                         <publisher>Государственное издательство "Художественная литература"</publisher>
                         <date when="1949"/>
                      </imprint>
                   </monogr>
                   <series>
                      <title level="s">Л.Н. Толстой. Полное собрание сочинений</title>
                      <biblScope unit="vol">60</biblScope>
                   </series>
                </biblStruct>
             </sourceDesc>
          </fileDesc>
          <encodingDesc>
             <tagsDecl> </tagsDecl>
          </encodingDesc>
          <profileDesc>
             <correspDesc>
                <correspAction type="sending">
                   <persName ref="PersonList.xml#L_N_Tolstoy">Л. Н. Толстой</persName>
                   <placeName ref="PlacesListxml#PLACE">Киссинген.</placeName>
                   <date when="1860-07-24">1860 г. Июля 24</date>            </correspAction>
                <correspAction type="receiving">
                   <persName ref="PersonList.xml#RECEIVER">Т. А. Ергольской</persName>
                </correspAction>
                <correspContext>
                   <ref type="prev"/>
                </correspContext>
             </correspDesc>
          </profileDesc>
       </teiHeader>
       <xenoData><number type="in a volume">177</number></xenoData>

              <text xml:id="T.A.Ergolskoj_177">
	<body><div>
		<opener index="false">
* 177. Т. А. Ергольской.
1860 г. Июля 24/августа 5. Киссинген.</opener>
<p rend="left">Не писал я вам так долго, chère tante, потому что хотелось вам сообщить известия не об одном себе, но о всех наших. Но вот уж 10 дней напрасно жду от них писем.<note xml:id="note1" resp="volume_editor" index="false"> Толстой имеет в виду братьев H. Н. и С. Н. Толстых.</note> Мы с Машенькой доехали благополучно до Берлина.<note xml:id="note2" resp="volume_editor" index="false"> 2 июля Толстой вместе с сестрой морем отправился в Германию. Высадившись в Штетине 5/17 июля, Толстой, не останавливаясь, приехал в Берлин, где пробыл 10 дней (5/17—14/26 июля). Из Берлина выехал уже без сестры (которая 9/21 июля уехала в Соден) в Лейпциг, где провел только день, осматривая некоторые школы, а оттуда 15/27 июля — в Киссинген. В Киссингене Толстой пробыл четыре недели (до 14/26 августа).</note> Покачало и порвало нас только один день. В Берлине были мы с <choice original_editorial_correction='Маш[енькой]'><sic>Маш</sic><corr>Машенькой</corr></choice> и Варинькой<note xml:id="note3" resp="volume_editor" index="false"> Варвара Валериановна Толстая — старшая дочь М. Н. Толстой.</note> у знаменитого доктора Траубе.<note xml:id="note4" resp="volume_editor" index="false"> Людвиг Траубе (1818—1876) — немецкий профессор-патолог и клиницист.</note> Он здоровье <choice original_editorial_correction='Маш[еньки]'><sic>Маш</sic><corr>Машеньки</corr></choice> нашел хорошим и послал её только для руки в Соден. Вариньке велел морские купанья и тоже нашел, что ее сердце и легкие невредимы. Мне посоветовал Киссинген,<note xml:id="note5" resp="volume_editor" index="false"> Киссинген — город в Баварии на р. Заале, курорт с минеральными источниками, железистыми и сернистыми.</note> где я и нахожусь. В Берлине у меня сделалась страшная зубная боль, так что <choice original_editorial_correction='Маш[енька]'><sic>Маш</sic><corr>Машенька</corr></choice>, пробыв 4 дня, поехала в Соден, а я остался. В Берлине мы имели письмо от братьев, в котором <choice original_editorial_correction='Ник[оленька]'><sic>Ник</sic><corr>Николенька</corr></choice> пишет, что ему Соден, <hi>кажется</hi>, помог. Вот всё, что я о них знаю. В Берлине я пробыл дней 10 очень приятно и полезно для себя.<note xml:id="note6" resp="volume_editor" index="false"> Приехав в Берлин 5/17 июля, проводив сестру в Соден 9/21 июля, Толстой 10/22 июля посетил в университете лекцию профессора истории Иоганна-Густава Дройзена и осмотрел музей; 11/23 июля еще раз <hi style="opdelimiter">слушал</hi><hi style="opnumber">347</hi> <hi style="npnumber">348</hi><hi style="npdelimiter">Дройзена,</hi> а 12/24 июля посетил лекцию берлинского профессора-физиолога Дюбуа-Реймона, где познакомился с молодым доктором юриспруденции Френкелем, который свел его в клуб ремесленников, где он прослушал научную лекцию. Здесь он видел открытие «вопросного ящика» — форма народного образования, очень ему понравившаяся. 12/24 же июля осмотрел Моабитскую тюрьму.</note> Зубная боль промучала меня 4 дня. Киссинген, как можно судить по 9 дням, кажется, мне очень поможет от моих мигреней и гимороидальных припадков. Здесь нашел я Ауербаха с страшными глазами, которому я очень рад, и его пискливую жену,<note xml:id="note7" resp="volume_editor" index="false"> О Г. А. и Ю. Ф. Ауэрбахах см. прим. 5 к п. № 170.</note> которой я не рад. Адрес мой <hi style="opdelimiter"><hi>En Bavière Kissingen</hi>.<note xml:id="note8" resp="volume_editor" index="false"> [В Баварию Киссинген.]</note></hi><hi style="opnumber">346</hi></p>
<p rend="left"><hi style="npnumber">347</hi><hi style="npdelimiter">Надеюсь,</hi> что вы напишете мне. Прощайте, целую ваши руки. Старосте велите мне наиподробнейшим образом написать о работах, уборке и о лошадях и болезни. Учителю<note xml:id="note9" resp="volume_editor" index="false"> Петр Васильевич Морозов — учитель Яснополянской школы до конца ее существования (1863 г.). После ее закрытия долгое время учительствовал в селе Колпне, в 9 км. от Ясной Поляны, где и умер.</note> велите написать о школе: сколько учеников ходят и хорошо ли учатся.</p>
<p rend="left">Я вернусь осенью непременно и больше, чем когда нибудь, займусь школой, поэтому желал бы, чтобы без меня не пропала репутация школы, и чтоб побольше с разных сторон было школьников. <choice original_editorial_correction='Мавр[а]'><sic>Мавр</sic><corr>Мавра</corr></choice> <choice original_editorial_correction='Андр[еевна]'><sic>Андр</sic><corr>Андреевна</corr></choice><note xml:id="note10" resp="volume_editor" index="false"> В письме от 26 сентября 1860 г. Т. А. Ергольская писала Толстому: «Мавра Андреевна набрала уже десять девочек и неусыпно старается об них, учит их начальным правилам, еще вновь прибавляются ученики. Школа со временем будет огромная. Слава ее распространилась во многих местах».</note> пусть хлопочет. <choice original_editorial_correction='Нат[алье]'><sic>Нат</sic><corr>Наталье</corr></choice> <choice original_editorial_correction='Петро[вне]'><sic>Петро</sic><corr>Петровне</corr></choice> кляняюсь. Что Дуняша,<note xml:id="note11" resp="volume_editor" index="false"> Евдокия Николаевна Орехова, рожд. Банникова (Дуняша) (ум. в 1879 г.), дочь дядьки братьев Толстых — Николая Дмитриевича Банникова, описанного в «Детстве».</note> здоровье? и сестра<note xml:id="note12" resp="volume_editor" index="false"> Варвара Николаевна Банникова.</note> пришла ли? Мне не верится, чтоб Сережа уехал, не видавшись со мной<note xml:id="note13" resp="volume_editor" index="false"> Судя по записи Дневника, С. Н. Толстой приехал в Киссинген на следующий день, о чем Толстой отметил под 6 августа н. с.</note>, но ежели он дома, то попросите его поскорей написать мне и хоть немножко притвориться в Ясном, что он наблюдает за моим хозяйством. Мне ему пропасть нужно сказать, спросить, попросить. Я забыл у себя бумаги, мной писанные, о школах: это листов шесть серой бумаги во весь лист.<note xml:id="note14" resp="volume_editor" index="false"> Речь идет о рукописи-автографе под заглавием «Педагогические заметки» с авторской датой 5 марта 1860 г., легшей в последующем в основу статьи о народном образовании. См. т. 8, стр. 377—381.</note> Ежели бы было возможно их найти и прислать мне, или по почте или через кого-нибудь, отъезжающего за границу.</p>
<p rend="left">5 Августа н. с.</p>
<lb/>
<p rend="left"><hi>На конверте:</hi></p>
<p rend="left"><hi>En Russie. Toula</hi>. Madame Iergolsky.<note xml:id="note15" resp="volume_editor" index="false"> [В Россию. Тула. Госпоже Ергольской.]</note> Ее Высокоблагородию Татьяне Александровне Ергольской.</p>
<p rend="left"><hi>В Тулу.</hi> Сельцо Ясные Поляны.</p>
<comments><p rend="Textpetit_otstup left">Впервые отрывок опубликован в Б. I, 1, стр. 367—368. Год определяется содержанием. Письмо написано из Киссингена, куда Толстой приехал из Лейпцига 15/27 июля, о чем под 20 июля (2 августа) 1860 г. отметил в Дневнике.</p>
<p rend="Textpetit_otstup left"><hi>1</hi> Толстой имеет в виду братьев H. Н. и С. Н. Толстых.</p>
<p rend="petit left"><hi>2</hi> 2 июля Толстой вместе с сестрой морем отправился в Германию. Высадившись в Штетине 5/17 июля, Толстой, не останавливаясь, приехал в Берлин, где пробыл 10 дней (5/17—14/26 июля). Из Берлина выехал уже без сестры (которая 9/21 июля уехала в Соден) в Лейпциг, где провел только день, осматривая некоторые школы, а оттуда 15/27 июля — в Киссинген. В Киссингене Толстой пробыл четыре недели (до 14/26 августа).</p>
<p rend="petit left"><hi>3</hi> Варвара Валериановна Толстая — старшая дочь М. Н. Толстой.</p>
<p rend="petit left"><hi>4</hi> Людвиг Траубе (1818—1876) — немецкий профессор-патолог и клиницист.</p>
<p rend="petit left"><hi>5</hi> Киссинген — город в Баварии на р. Заале, курорт с минеральными источниками, железистыми и сернистыми.</p>
<p rend="petit left"><hi>6</hi> Приехав в Берлин 5/17 июля, проводив сестру в Соден 9/21 июля, Толстой 10/22 июля посетил в университете лекцию профессора истории Иоганна-Густава Дройзена и осмотрел музей; 11/23 июля еще раз <hi style="opdelimiter">слушал</hi><hi style="opnumber">347</hi> <hi style="npnumber">348</hi><hi style="npdelimiter">Дройзена,</hi> а 12/24 июля посетил лекцию берлинского профессора-физиолога Дюбуа-Реймона, где познакомился с молодым доктором юриспруденции Френкелем, который свел его в клуб ремесленников, где он прослушал научную лекцию. Здесь он видел открытие «вопросного ящика» — форма народного образования, очень ему понравившаяся. 12/24 же июля осмотрел Моабитскую тюрьму.</p>
<p rend="petit left"><hi>7</hi> О Г. А. и Ю. Ф. Ауэрбахах см. прим. 5 к п. № 170.</p>
<p rend="petit left"><hi>8</hi> [В Баварию Киссинген.]</p>
<p rend="petit left"><hi>9</hi> Петр Васильевич Морозов — учитель Яснополянской школы до конца ее существования (1863 г.). После ее закрытия долгое время учительствовал в селе Колпне, в 9 км. от Ясной Поляны, где и умер.</p>
<p rend="petit left"><hi>10</hi> В письме от 26 сентября 1860 г. Т. А. Ергольская писала Толстому: «Мавра Андреевна набрала уже десять девочек и неусыпно старается об них, учит их начальным правилам, еще вновь прибавляются ученики. Школа со временем будет огромная. Слава ее распространилась во многих местах».</p>
<p rend="petit left"><hi>11</hi> Евдокия Николаевна Орехова, рожд. Банникова (Дуняша) (ум. в 1879 г.), дочь дядьки братьев Толстых — Николая Дмитриевича Банникова, описанного в «Детстве».</p>
<p rend="petit left"><hi>12</hi> Варвара Николаевна Банникова.</p>
<p rend="petit left"><hi>13</hi> Судя по записи Дневника, С. Н. Толстой приехал в Киссинген на следующий день, о чем Толстой отметил под 6 августа н. с.</p>
<p rend="petit left"><hi>14</hi> Речь идет о рукописи-автографе под заглавием «Педагогические заметки» с авторской датой 5 марта 1860 г., легшей в последующем в основу статьи о народном образовании. См. т. 8, стр. 377—381.</p>
<p rend="petit left"><hi>15</hi> [В Россию. Тула. Госпоже Ергольской.]</p>
</comments></div></body>
        </text>
        </TEI>