<?xml version='1.0' encoding='UTF-8' standalone='no'?>

<TEI xmlns="http://www.tei-c.org/ns/1.0">
       <teiHeader>
          <fileDesc>
             <titleStmt>
                <title>Письмо №* 79. T. A. Ергольской.</title>
             </titleStmt>
             <publicationStmt>
                <publisher>TolstoyLab</publisher>
                <date when="2015-09-14">14 September 2015</date>
             </publicationStmt>
             <sourceDesc>
                <biblStruct>
                   <analytic>
                      <author>Толстой Л.Н.</author>
                   </analytic>
                   <monogr>
                      <title level="m">Полное собрание сочинений. Том 59</title>
                      <imprint>
                         <pubPlace>Москва</pubPlace>
                         <publisher>Государственное издательство "Художественная литература"</publisher>
                         <date when="1935"/>
                      </imprint>
                   </monogr>
                   <series>
                      <title level="s">Л.Н. Толстой. Полное собрание сочинений</title>
                      <biblScope unit="vol">59</biblScope>
                   </series>
                </biblStruct>
				<bibl>Печатается по автографу, хранящемуся в АТБ. Публикуется впервые. Письмо датируется содержанием: «Николенька на отъезде. Валерьян и Машенька скоро соберутся за ним». Гр. H. Н. Толстой уехал в. Тульскую губернию из Пятигорска 1 сентября, а гр. Валер. Петр. и Мар. Ник. Толстые — в начале октября.</bibl>
             </sourceDesc>
          </fileDesc>
          <encodingDesc>
             <tagsDecl> </tagsDecl>
          </encodingDesc>
          <profileDesc>
             <correspDesc>
                <correspAction type="sending">
                   <persName ref="PersonList.xml#L_N_Tolstoy">Л. Н. Толстой</persName>
                   <placeName ref="PlacesListxml#PLACE">Пятигорск.</placeName>
                   <date when="1853-08">1853 г. Августа</date>            </correspAction>
                <correspAction type="receiving">
                   <persName ref="PersonList.xml#RECEIVER">T. A. Ергольской</persName>
                </correspAction>
                <correspContext>
                   <ref type="prev"/>
                </correspContext>
             </correspDesc>
          </profileDesc>
       </teiHeader>
       <xenoData><number type="in a volume">79</number></xenoData>

              <text xml:id="T.A.Ergolskoj_79">
	<body><div>
		<opener index="false">
* 79. T. A. Ергольской.
1853 г. Августа вторая половина. Пятигорск.
</opener>
<p rend="Obrashenie left">Chère tante!</p>
<p rend="left">Il m’arrive assez souvent, que pendant plusieurs semaines je suis à ne pas recevoir de lettres. Je suis pour le moment dans une position pareille; j’attends des lettres de toutes parts et des lettres, qui doivent décider de mon sort c’e. à d. décider si je puis retourner en Russie ou non, et vous pouvez juger de mon impatience? Mais votre silence me fait encore plus de peine. Je ne sais pourquoi notre corespondance, qui me donnait tant de jouissance est devenu plus lente et plus inexacte depuis quelque temps. Si mes lettres dépendaient de mon affection pour vous au contraire elles auraient du devenir plus fréquentes qu’avant puisque jamais je n’ai senti à un tel point, combien je vous aime et désire être auprès de vous, qu’à présent depuis que j’ai quelque espoir de voir se réaliser mes projets les plus chers. — </p>
<p rend="left">Que vous dire de mon service? C’est un sujet trop désagréable pour que je puisse avoir du plaisir à vous en parler. Il serait trop long, et trop ennuyeux de vous expliquer touts les désagréables retards qui m’arrivent, je vous dirai seulement, que j’en ai bien assez et tout ce que je désire est de pouvoir quitter le service aussi tôt que possible. — </p>
<p rend="left">Ma santé est bonne et c’est cela qui me console de voir le mal de Marie qui jusqu’à présent n’a pas cédé de beaucoup. J’ai eu l’année passée tout-à-fait le même mal qu’elle et ce sont les eaux, qui m’ont rétabli complètement. J’espère donc qu’elles lui feront le même bien. — </p>
<p rend="left">Mes occupations littéraires vont mal ou pour mieux dire ne vont pas du tout. Cet état d’incertitude de crainte et d’espérance dans lequel je me trouve dérange trop l’égalité d’humeur indispensable pour pouvoir travailler avec fruit et plaisir. — </p>
<p rend="left">Voila Nicolas au point de partir, Valérien et Marie ne tarderont pas à les suivre, ce qui est à désirer; car s’ils restent ce ne sera qu’à cause du mauvais état de la santé de Marie. Je resterai complètement seul ce qui me sera d’autant plus sensible après la vie de famille, que j’ai mené ces deux mois. Les consolations que me donnent vos excellentes lettres me seront plus nécessaires que jamais. Elles me rapellent si bien le rare bonheur que <hi style="opdelimiter">j’ai</hi><hi style="opnumber">244</hi> <hi style="npnumber">245</hi><hi style="npdelimiter">d’avoir</hi> en vous une amie véritable à laquelle je puis toujours confier mes peines et mes joies.</p>
<p rend="left">Je baise vos mains chère tante</p>
<p rend="right">Léon.</p>
<lb/>
<p rend="left"><hi>Ha 4 странице:</hi></p>
<p rend="left">Ея Высокоблагородію Татьянѣ Александрович <hi>Ерголъской. </hi>—</p>
<p rend="Obrashenie petit left">Дорогая тетенька!</p>
<p rend="petit left">Со мной довольно часто случается, что по нескольку недель под ряд я не получаю писем. Сейчас я в подобном положении; отовсюду я жду писем, которые должны решить мою судьбу, т. е. решить, могу ли я вернуться в Россию или нет, и вы можете судить о моем нетерпении? Но ваше молчание еще более огорчает меня. Не знаю почему в нашей переписке, которой я так наслаждался, в последнее время наступил перерыв, она стала не так последовательна. Ежели бы мои письма зависели от моей привязанности к вам, я бы писал гораздо чаще потому, что никогда так сильно не тянуло меня к вам, как теперь, с тех пор, как появилась надежда, что сбудется то, что я так горячо желаю. —</p>
<p rend="petit left">Что вам рассказать о моей службе? Не хочется говорить о том, что неприятно. И скучно и длинно описывать все неприятные задержки, скажу вам лишь, что всё это мне надоело и хочется как можно скорее бросить службу. —</p>
<p rend="petit left">Здоровье мое хорошо, и это меня успокаивает по отношению к Машеньке, болезнь которой не поддается лечению. В прошлом году я болел тем же, и воды меня вполне поправили. И ей они также помогут, надеюсь. —</p>
<p rend="petit left">Мои литературные занятия плохо подвигаются или, лучше сказать, не подвигаются вовсе. Состояние неуверенности, и опасений, и надежды, в котором я нахожусь, нарушают ровность и спокойствие духа, необходимые для того, чтобы работать с успехом и охотою.</p>
<p rend="petit left">Николенька уезжает, Валерьян и Машенька скоро соберутся за ним, чего желаю; ежели они останутся, стало быть, Машеньке будет хуже. И я останусь в одиночестве, что мне будет особенно чувствительно после двух месяцев жизни в семье. Больше, чем когда-либо буду ждать утешения от ваших чудесных писем, постоянно напоминающих мне о том, какое редкое счастье иметь такого друга, которому я могу поверять и горести и радости.</p>
<p rend="petit left">Целую ваши ручки, дорогая тетенька.</p>
<p rend="petit right">Лев.</p>
<comments><p rend="Textpetit_otstup left">Печатается по автографу, хранящемуся в АТБ. Публикуется впервые. Письмо датируется содержанием: «Николенька на отъезде. Валерьян и Машенька скоро соберутся за ним». Гр. H. Н. Толстой уехал в. Тульскую губернию из Пятигорска 1 сентября, а гр. Валер. Петр. и Мар. Ник. Толстые — в начале октября.</p>
<p rend="left secend"><hi style="opnumber">245</hi> <hi style="npnumber">246</hi></p>
</comments></div></body>
        </text>
        </TEI>