<?xml version='1.0' encoding='UTF-8' standalone='no'?>

<TEI xmlns="http://www.tei-c.org/ns/1.0">
       <teiHeader>
          <fileDesc>
             <titleStmt>
                <title>Письмо №* 275. Командиру ракетного заведения К. И. Константинову</title>
             </titleStmt>
             <publicationStmt>
                <publisher>TolstoyLab</publisher>
                <date when="2015-09-14">14 September 2015</date>
             </publicationStmt>
             <sourceDesc>
                <biblStruct>
                   <analytic>
                      <author>Толстой Л.Н.</author>
                   </analytic>
                   <monogr>
                      <title level="m">Полное собрание сочинений. Том 60</title>
                      <imprint>
                         <pubPlace>Москва</pubPlace>
                         <publisher>Государственное издательство "Художественная литература"</publisher>
                         <date when="1949"/>
                      </imprint>
                   </monogr>
                   <series>
                      <title level="s">Л.Н. Толстой. Полное собрание сочинений</title>
                      <biblScope unit="vol">60</biblScope>
                   </series>
                </biblStruct>
				<bibl>Печатается по подлиннику, хранящемуся в Военно-историческом архиве (в Москве). Публикуется впервые. Рапорт написан рукою коллежского регистратора И. И. Сахарова на специальном бланке с печатным заголовком: «Всепресветлейший, державнейший великий государь...» и т. д. В левом углу рукой неизвестного помечено: «По отношению его императорского высочества генерал-фельдцейхместера об увольвении от службы поручика графа Толстого, штабс-капитана Бриммера и поручика Яковлева 2-го».</bibl>
             </sourceDesc>
          </fileDesc>
          <encodingDesc>
             <tagsDecl> </tagsDecl>
          </encodingDesc>
          <profileDesc>
             <correspDesc>
                <correspAction type="sending">
                   <persName ref="PersonList.xml#L_N_Tolstoy">Л. Н. Толстой</persName>
                   <placeName ref="PlacesListxml#PLACE">Тула.</placeName>
                   <date when="1856-10-19">1856 г. Октября 19.</date>            </correspAction>
                <correspAction type="receiving">
                   <persName ref="PersonList.xml#RECEIVER">Командиру ракетного заведения К. И. Константинову</persName>
                </correspAction>
                <correspContext>
                   <ref type="prev"/>
                </correspContext>
             </correspDesc>
          </profileDesc>
       </teiHeader>
       <xenoData><number type="in a volume">275</number></xenoData>

              <text xml:id="KomandiruraketnogozavedeniyaKonstantinovuK.I._275">
	<body><div>
		<opener index="false">
* 275. Командиру ракетного заведения К. И. Константинову
1856 г. Октября 19. Тула.</opener>
<p rend="left">Всепресветлейший, Державнейший Великий Государь Император Александр Николаевич, самодержец всероссийский, государь всемилостивейший!</p>
<p rend="left">Просит прикомандированный к С.Петербургскому Ракетному Заведению Поручик 12-й Артиллерийской бригады Лев Николаев сын Граф Толстой о нижеследующем:</p>
<p rend="left">В службу Вашего Императорского Величества вступил в 1852-м году и продолжая оную и находясь в делах противу неприятеля на Кавказе и под Севастополем<note xml:id="note1" resp="volume_editor" index="false"> Толстой был зачислен на военную службу на Кавказе, согласно формулярному списку, 13 февраля 1852 г. фейерверкером 4-го класса с старшинством с 14 января. С конца февраля до 3 сентября 1854 г. Толстой находился на службе в Дунайской армии; с конца сентября 1854 г. — в Крыму. С 27 декабря 1855 г. прикомандирован к С.-Петербургскому ракетному заведению.</note> расстроил свое здоровье до того, что при всем желании продолжать далее не могу, а потому, представляя при сем реверс<note xml:id="note2" resp="volume_editor" index="false"> См. следующий документ, № 276.</note> и медицинское свидетельство,<note xml:id="note3" resp="volume_editor" index="false"> К настоящему рапорту приложено следующее медицинское свидетельство тульского врача А. Троицкого:</note> всеподданнейше прошу к сему.</p>
<p rend="left">Дабы повелено было сие мое прошение принять и меня именованного по болезни от службы уволить. Г. Тула. Октябрь</p>
<p rend="left">19 дня<note xml:id="note4" resp="volume_editor" index="false"> Число месяца вписано рукой Толстого.</note> 1856 года. К поданию надлежит Командиру Ракетного Заведения Генерал Маиору Константинову в С. Петербурге. Прошение сие с чернового на бело переписывал Коллежский Регистратор Иван Иванович Сахаров, прошение мною сочиненному Поручик 12-й артиллерийской бригады Лев Николаев сын Граф Толстой руку приложил.<note xml:id="note5" resp="volume_editor" index="false"> Со слов: «прошение мною сочиненному» написано рукой Толстого.</note></p>
<comments><p rend="Textpetit_otstup left">Печатается по подлиннику, хранящемуся в Военно-историческом архиве (в Москве). Публикуется впервые. Рапорт написан рукою коллежского регистратора И. И. Сахарова на специальном бланке с печатным заголовком: «Всепресветлейший, державнейший великий государь...» и т. д. В левом углу рукой неизвестного помечено: «По отношению его императорского высочества генерал-фельдцейхместера об увольвении от службы поручика графа Толстого, штабс-капитана Бриммера и поручика Яковлева 2-го».</p>
<p rend="petit left">Константин Иванович Константинов (1819—1871) — артиллерийский генерал. См. т. 47, прим. <hi style="opdelimiter">674.</hi><hi style="opnumber">468</hi></p>
<p rend="Textpetit_otstup left"><hi>1</hi> Толстой был зачислен на военную службу на Кавказе, согласно формулярному списку, 13 февраля 1852 г. фейерверкером 4-го класса с старшинством с 14 января. С конца февраля до 3 сентября 1854 г. Толстой находился на службе в Дунайской армии; с конца сентября 1854 г. — в Крыму. С 27 декабря 1855 г. прикомандирован к С.-Петербургскому ракетному заведению.</p>
<p rend="petit left"><hi>2</hi> См. следующий документ, № 276.</p>
<p rend="petit left"><hi>3</hi> К настоящему рапорту приложено следующее медицинское свидетельство тульского врача А. Троицкого:</p>
<p rend="petit left">«Дано сие прикомандированному к С.-Петербургскому Ракетному заведению г. поручику 12-й артиллерийской бригады графу Льву Николаевичу Толстому в том, что от роду ему 27 лет, телосложения среднего, сухощав, — находясь во время военных действий против неприятеля на Кавказе и под Севастополем при бивачной жизни, подвергаясь влиянию сырой и холодной погоды, несколько раз был болен воспалением легких с ревматическим страданием в руках и ногах, при врачебном пособии и обильными кровопусканиями болезнь уничтожалась; кроме сего был одержим крымскою лихорадкою, после коей осталась отверделость печени, обнаруживающаяся тупою болью в правом боку с расстройством пищеварения. В сентябре месяце текущего года возобновилось жестокое воспаление в легких с поражением сердечной сумки (plevropnevmonia cum pericarditite rheumatica), каковое болезненное состояние обнаруживалось сильным жаром в теле, тяжким дыханием с стреляющею болью по преимуществу в левом боку груди, кашлем, беспокойством, тоскою, обмороками и сухим треском маскирующим дыхание; при предпринятом мною деятельном медицинском пособии, как то: обильном кровопусканием, пьявками и врачебными внутренними и наружными средствами, скоротечная его болезнь была побеждена; но осталось биение сердца, сопровождаемое одышкою, особенно ожесточающееся при возмущении и движении; сверх сего вследствие отверделости печени, оставшейся после крымской лихорадки — аппетит его слабый, пищеварение неправильное с упорными запорами, сопровождаемыми приливами крови к голове и кружением в оной; при сырой же погоде появляются летучие ревматические боли в конечностях. Для поправления расстроенного здоровья необходимо продолжительное лечение при покойном образе жизни и употребление натуральных минеральных вод; почему он по настоящему болезненному состоянию не может продолжать службы. — В чем сим удостоверяю моим подписом с приложением печати. Город Тула. Октября 19 дня 1856 г.</p>
<p rend="petit left">Тульский губернский врач ведомства государственных имуществ коллежский советник и кавалер А. Троицкий».</p>
<p rend="petit left">Рукой Троицкого написана только подпись.</p>
<p rend="petit left"><hi>4</hi> Число месяца вписано рукой Толстого.</p>
<p rend="petit left"><hi>5</hi> Со слов: «прошение мною сочиненному» написано рукой Толстого.</p>
<p rend="petit left">Это второй рапорт Толстого об отставке от военной службы; первый не сохранился. Он был написан 30 сентября 1856 г., о чем отмечено в Дневнике 1 октября 1856 г. (т. 47, стр. 93). См. п. № 26.</p>
<p rend="petit left">18 октября в Дневнике отмечено: «Отставку воротили» (т. 47, стр. <hi style="opdelimiter">95).</hi><hi style="opnumber">469</hi></p>
<p rend="petit left"><hi style="npnumber">470</hi><hi style="npdelimiter">Получив</hi> отказ, Толстой на другой же день поехал в Тулу и отправил вторичный рапорт об отставке от военной службы с приложением медицинского свидетельства о болезни. В Дневнике 28 ноября Толстой отметил: «Отставка вышла» (т. 47, стр. 102). По формулярному списку отставка Толстому была дана 26 ноября 1856 г.</p>
</comments></div></body>
        </text>
        </TEI>