<?xml version='1.0' encoding='UTF-8' standalone='no'?>

<TEI xmlns="http://www.tei-c.org/ns/1.0">
       <teiHeader>
          <fileDesc>
             <titleStmt>
                <title>Письмо №94. Кн. Г. В. Львову.</title>
             </titleStmt>
             <publicationStmt>
                <publisher>TolstoyLab</publisher>
                <date when="2015-09-14">14 September 2015</date>
             </publicationStmt>
             <sourceDesc>
                <biblStruct>
                   <analytic>
                      <author>Толстой Л.Н.</author>
                   </analytic>
                   <monogr>
                      <title level="m">Полное собрание сочинений. Том 59</title>
                      <imprint>
                         <pubPlace>Москва</pubPlace>
                         <publisher>Государственное издательство "Художественная литература"</publisher>
                         <date when="1935"/>
                      </imprint>
                   </monogr>
                   <series>
                      <title level="s">Л.Н. Толстой. Полное собрание сочинений</title>
                      <biblScope unit="vol">59</biblScope>
                   </series>
                </biblStruct>
				<bibl>Печатается по фотографии, хранящейся в ГТМ. Местонахождение автографа неизвестно. Впервые напечатано М. А. Цявловским в «Л. Н. Толстой. Юбилейный сборник», изд. ГИЗ, М. Л., 1928, стр. 56.</bibl>
             </sourceDesc>
          </fileDesc>
          <encodingDesc>
             <tagsDecl> </tagsDecl>
          </encodingDesc>
          <profileDesc>
             <correspDesc>
                <correspAction type="sending">
                   <persName ref="PersonList.xml#L_N_Tolstoy">Л. Н. Толстой</persName>
                   <placeName ref="PlacesListxml#PLACE">Симферополь.</placeName>
                   <date when="1855-01-15">1855 г. Января 15.</date>            </correspAction>
                <correspAction type="receiving">
                   <persName ref="PersonList.xml#RECEIVER">Кн. Г. В. Львову</persName>
                </correspAction>
                <correspContext>
                   <ref type="prev"/>
                </correspContext>
             </correspDesc>
          </profileDesc>
       </teiHeader>
       <xenoData><number type="in a volume">94</number></xenoData>

              <text xml:id="Kn.G.V.Lvovu_94">
	<body><div>
		<opener index="false">
94. Кн. Г. В. Львову.
1855 г. Января 15. Симферополь.
</opener>
<p rend="Obrashenie left">Любезный <choice><reg>Львов</reg><orig>Львовъ</orig></choice>!</p>
<p rend="left">Записку эту <choice><reg>передаст</reg><orig>передастъ</orig></choice> <choice><reg>тебе</reg><orig>тебѣ</orig></choice> <choice><reg>Бауер</reg><orig>Бауеръ</orig></choice>,<note xml:id="note1" resp="volume_editor" index="false">О Бауере нам ничего неизвестно.</note> музыкальный учитель <choice><reg>из</reg><orig>изъ</orig></choice> Симферополя, очень <choice><reg>хороший</reg><orig>хорошiй</orig></choice> <choice><reg>человек</reg><orig>человѣкъ</orig></choice> и учитель и <choice><reg>пианист</reg><orig>пiанистъ</orig></choice> порядочный. Помоги ему <choice><reg>в</reg><orig>въ</orig></choice> <choice><reg>Москве</reg><orig>Москвѣ</orig></choice> — <choice><reg>он</reg><orig>онъ</orig></choice> не хуже <choice><reg>московских</reg><orig>московскихъ</orig></choice> учителей и <choice><reg>человек</reg><orig>человѣкъ</orig></choice> чрезвычайно <choice><reg>кроткий</reg><orig>кроткiй</orig></choice> и милый. — Прощай, добрый <choice><reg>друг</reg><orig>другъ</orig></choice>, ежели бы ты <choice><reg>написал</reg><orig>написалъ</orig></choice> <choice><reg>мне</reg><orig>мнѣ</orig></choice> словечко, я бы <choice><reg>ответил</reg><orig>отвѣтилъ</orig></choice> <choice><reg>длинным</reg><orig>длиннымъ</orig></choice> и <choice><reg>интересным</reg><orig>интереснымъ</orig></choice> <choice><reg>письмом</reg><orig>письмомъ</orig></choice>. <choice><reg>Интересным</reg><orig>Интереснымъ</orig></choice> уже потому, что <choice><reg>адрес</reg><orig>адресъ</orig></choice> мой <choice><reg>в</reg><orig>въ</orig></choice> <choice><reg>Севастополе</reg><orig>Севастополѣ</orig></choice> — Подпоручику 12-ой <choice><reg>артиллерийской</reg><orig>артиллерiйской</orig></choice> бригады. Пожалуйста не забывай <choice><reg>совсем</reg><orig>совсѣмъ</orig></choice> искренне<note xml:id="note2" resp="volume_editor" index="false">П<hi>ереправлено</hi> из: искренняго.</note> <choice><reg>любящего</reg><orig>любящаго</orig></choice> тебя. <choice><reg>Граф</reg><orig>Графъ</orig></choice> Л. Толстой.</p>
<p rend="left">15 Января. 1855</p>
<p rend="left">Симферополь.</p>
<lb/>
<p rend="left"><hi>На 4-й странице:</hi></p>
<p rend="left">На Мал. <choice><reg>Дмитровке</reg><orig>Дмитровкѣ</orig></choice> <choice><reg>в</reg><orig>въ</orig></choice> <choice><reg>доме</reg><orig>домѣ</orig></choice> Хомякова Его <choice><reg>Сиятельству</reg><orig>Сiятельству</orig></choice></p>
<p rend="subtitle centerline">
Князю <choice><reg>Георгию</reg><orig>Георгiю</orig></choice> <choice><reg>Владимировичу</reg><orig>Владимiровичу</orig></choice> <hi>Львову</hi>.
</p>
<comments><p rend="Textpetit_otstup left">Печатается по фотографии, хранящейся в ГТМ. Местонахождение автографа неизвестно. Впервые напечатано М. А. Цявловским в «Л. Н. Толстой. Юбилейный сборник», изд. ГИЗ, М. Л., 1928, стр. 56.</p>
<p rend="petit left">Кн. Георгий Владимирович Львов (1821—1873), к которому адресовано письмо, был в дружеских отношениях со Львом Николаевичем. В дневнике 1850-х гг. Толстой часто упоминает Г. В. Львова. Кн. Г. В. Львов по окончании Училища правоведения в 1842 г. служил в Сенате, затем находился при сенаторе гр. Толстом, командированном в <hi style="opdelimiter">Восточную</hi><hi style="opnumber">298</hi> <hi style="npnumber">299</hi><hi style="npdelimiter">Сибирь</hi> для ревизии. В 1855 г. Львов перешел в морское ведомство, где в то время по почину либерального в. к. Константина Николаевича производились преобразования. На основании составленной Львовым записки о быте военных и морских кантонистов было уничтожено это, своего рода, сословие. Позднее Георгий Владимирович служил в Москве и входил в кружок чиновников, поставивших целью службы проводить в жизнь либеральные начала. Последние годы жизни Львов провел в Париже, где и умер.</p>
<p rend="Textpetit_otstup left"><hi>1 </hi>О Бауере нам ничего неизвестно.</p>
<p rend="petit left"><hi>2 </hi>П<hi>ереправлено</hi> из: искренняго.</p>
</comments></div></body>
        </text>
        </TEI>