<?xml version='1.0' encoding='UTF-8' standalone='no'?>

<TEI xmlns="http://www.tei-c.org/ns/1.0">
       <teiHeader>
          <fileDesc>
             <titleStmt>
                <title>Письмо №283. Министру народного просвещения Е. П. Ковалевскому.</title>
             </titleStmt>
             <publicationStmt>
                <publisher>TolstoyLab</publisher>
                <date when="2015-09-14">14 September 2015</date>
             </publicationStmt>
             <sourceDesc>
                <biblStruct>
                   <analytic>
                      <author>Толстой Л.Н.</author>
                   </analytic>
                   <monogr>
                      <title level="m">Полное собрание сочинений. Том 60</title>
                      <imprint>
                         <pubPlace>Москва</pubPlace>
                         <publisher>Государственное издательство "Художественная литература"</publisher>
                         <date when="1949"/>
                      </imprint>
                   </monogr>
                   <series>
                      <title level="s">Л.Н. Толстой. Полное собрание сочинений</title>
                      <biblScope unit="vol">60</biblScope>
                   </series>
                </biblStruct>
				<bibl>Печатается по автографу, хранящемуся в Ленинграде в Деле главного управления цензуры 1861 г. № 176 «по прошению отставного артиллерии поручика, графа Толстого, о разрешении ему издавать журнал Ясная Поляна (нач. апр. 21 1861 г. — оконч. мая 16 1861 г.)». Впервые опубликовано В. Евгеньевым в статье «Новые данные об «Ясной Поляне» Л. Н. Толстого» — «Биржевые ведомости», 3 февраля 1917, № 16078, стр. 5. Текст написан рукою неизвестного, а Толстому принадлежит подпись: «Гр. Лев Николаевич Толстой» и приписка, начиная со слов: «Жительство имею». На подлиннике неизвестной рукой надпись: «Главное Управление Цензуры постановило: Разрешить, если не будет препятствия от III Отделения — с цензированием в Московском цензурном комитете. 6 мая 1861».</bibl>
             </sourceDesc>
          </fileDesc>
          <encodingDesc>
             <tagsDecl> </tagsDecl>
          </encodingDesc>
          <profileDesc>
             <correspDesc>
                <correspAction type="sending">
                   <persName ref="PersonList.xml#L_N_Tolstoy">Л. Н. Толстой</persName>
                   <placeName ref="PlacesListxml#PLACE">Петербург.</placeName>
                   <date when="1861-04-20">1861 г. Апреля 20.</date>            </correspAction>
                <correspAction type="receiving">
                   <persName ref="PersonList.xml#RECEIVER">Министру народного просвещения Е. П. Ковалевскому</persName>
                </correspAction>
                <correspContext>
                   <ref type="prev"/>
                </correspContext>
             </correspDesc>
          </profileDesc>
       </teiHeader>
       <xenoData><number type="in a volume">283</number></xenoData>

              <text xml:id="MinistrunarodnogoprosveshheniyaKovalevskomuEvgr.P._283">
	<body><div>
		<opener index="false">
283. Министру народного просвещения Е. П. Ковалевскому.
1861 г. Апреля 20. Петербург.</opener>
<p rend="left">Его высокопревосходительству г. министру народного просвещения, Евграфу Петровичу Ковалевскому </p>
<p rend="left">Отставного Артиллерии Поручика Графа Льва Николаевича </p>
<p rend="right">Толстого</p>
<p rend="subtitle centerline">
<hi rend="Razradka">Прошение.</hi>
</p>
<p rend="left">Прилагая при сем программу журнала Ясная Поляна, имею честь покорнейше просить Ваше Высокопревосходительство о разрешении мне означенного издания.</p>
<p rend="right">Гр. Лев Николаев Толстой.</p>
<p rend="left">20-го апреля 1861 <hi style="opdelimiter">г.</hi><hi style="opnumber">477</hi></p>
<p rend="left"><hi style="npnumber">478</hi><hi style="npdelimiter">Жительство</hi> имею Крапивенского уезда Тульской губернии в сельце Ясной Поляне.</p>
<p rend="subtitle centerline">
Программа журнала 
</p>
<p rend="subtitle centerline">
«Ясная Поляна».
</p>
<p rend="left">Журнал «Ясная Поляна» будет выходить с 1 июля 1861 года, в сельце Ясной Поляне, Тульской Губернии, Крапивенского уезда, <hi>ежемесячно двумя отдельными выпусками</hi>:</p>
<p rend="left">Журнал выходит не в столице и не в губернском городе, а в сельце Ясной Поляне, потому, что всё значение его и содержание должна составлять частная школа для детей и для взрослых обоих полов, основанная в 1859 году в сельце Ясной Поляне.</p>
<p rend="left">Цель журнала — педагогическая; но с тою особенностью, что для того чтобы сделаться наукой, и плодотворной наукой, педагогике, по нашему убеждению, нужно перестать основываться на абстрактных теориях, а принять за основание путь опыта и выводить свои положения от частных к общим, а не наоборот. Поэтому-то журнал наш, чтобы не впасть в отрешенность от жизни и от потребностей народа, и в неприложимые отвлеченные педагогические теории, должен постоянно руководиться живою действительностию, не терять из вида тех, с кем он имеет дело, и для этого должен издаваться в деревне и при деревенской школе. Собственно же школа Ясной Поляны избрана нами потому, что по свойствам народонаселения этой местности и по материальным средствам, которыми владеет школа, школа эта одна из таких, в которых результаты опытов могут быть применимы к большинству числу местностей.</p>
<p rend="left">Один отдел журнала будет называться <hi>школа Ясной Поляны</hi>, другой — <hi>Книжка Ясной Поляны.</hi></p>
<p rend="left">Ежемесячный отдел <hi>Школы</hi> будет заключать в себе:</p>
<p rend="left">1) Отчет о ходе Яснополянской школы: описание опытов, неудач и удач приемов преподавания и замечательнейших явлений между учителями, родителями учеников и самими учениками.</p>
<p rend="left">2) Отчет и мнения наши, поверенные опытами учеников о всех книгах и журналах, назначаемых для народа.</p>
<p rend="left">3) Педагогические статьи, как отечественные, так и иностранные, но только такие, которые будут вносить в науку новые факты, взятые из опыта, а не новые воззрения, взятые из отвлеченного <hi style="opdelimiter">мышления.</hi><hi style="opnumber">478</hi></p>
<p rend="left"><hi style="npnumber">479</hi><hi style="npdelimiter">Ежемесячный</hi> отдел Книжки будет заключать в себе статьи оригинальные, переделанные и переводные по всем частям литературы, ученой и изящной, начиная от пословицы и сказки до популярной химии и механики, но только такие статьи, которые с одной стороны будут удовлетворять нашим требованиям от народной литературы нравственного или научного содержания; с другой стороны — и главное условие — только такие, которые еще в рукописи пройдут через испытания наших учеников, т. е. такие, которые без учителя и толкователя в состоянии будет понимать и читать с интересом человек или ребенок, стоящий на первой степени образования.</p>
<p rend="left">Цена всему изданию будет 9 рублей. <hi>Книжкам</hi> отдельно по 25 коп. за выпуск.</p>
<p rend="left">Сотрудники Господа: Гаярин,<note xml:id="note1" resp="volume_editor" index="false"> Иван Федорович Гаярин — педагог, директор тульской гимназии.</note> Марков,<note xml:id="note2" resp="volume_editor" index="false"> Евгений Львович Марков (1835—1903) — педагог и писатель, в то время учитель тульской гимназии.</note> Ауэрбах,<note xml:id="note3" resp="volume_editor" index="false"> Герман Андреевич Ауэрбах.</note> Скопин<note xml:id="note4" resp="volume_editor" index="false"> Владимир Петрович Скопин — учитель русского языка и словесности в тульской гимназии.</note> и Головачев.<note xml:id="note5" resp="volume_editor" index="false">Григорий Филиппович Головачев (1818—1880) — сотрудник «Русского вестника» и «Детского чтения».</note></p>
<p rend="left">Объем издания, в обоих выпусках, будет от 15 до 20 листов, ежемесячно.</p>
<p rend="left">Редактор: Граф Лев Николаевич Толстой.</p>
<comments><p rend="Textpetit_otstup left">Печатается по автографу, хранящемуся в Ленинграде в Деле главного управления цензуры 1861 г. № 176 «по прошению отставного артиллерии поручика, графа Толстого, о разрешении ему издавать журнал Ясная Поляна (нач. апр. 21 1861 г. — оконч. мая 16 1861 г.)». Впервые опубликовано В. Евгеньевым в статье «Новые данные об «Ясной Поляне» Л. Н. Толстого» — «Биржевые ведомости», 3 февраля 1917, № 16078, стр. 5. Текст написан рукою неизвестного, а Толстому принадлежит подпись: «Гр. Лев Николаевич Толстой» и приписка, начиная со слов: «Жительство имею». На подлиннике неизвестной рукой надпись: «Главное Управление Цензуры постановило: Разрешить, если не будет препятствия от III Отделения — с цензированием в Московском цензурном комитете. 6 мая 1861».</p>
<p rend="petit left">Программа переписана писарской рукой и только подписана Толстым. Была впервые напечатана в «Деле (1862 года. 1-й экспедиции. № 230) ІІІ-го отделения собственной его императорского величества канцелярии. О графе Льве Толстом». Отдельный оттиск июньской книжки журнала «Всемирный вестник», Спб. 1906, стр. 14—15. Кроме того, повторена В. Евгеньевым в «Биржевых ведомостях».</p>
<p rend="Textpetit_otstup left"><hi>1</hi> Иван Федорович Гаярин — педагог, директор тульской гимназии.</p>
<p rend="petit left"><hi>2</hi> Евгений Львович Марков (1835—1903) — педагог и писатель, в то время учитель тульской гимназии.</p>
<p rend="petit left"><hi>3</hi> Герман Андреевич Ауэрбах.</p>
<p rend="petit left"><hi>4</hi> Владимир Петрович Скопин — учитель русского языка и словесности в тульской гимназии.</p>
<p rend="petit left"><hi>5 </hi>Григорий Филиппович Головачев (1818—1880) — сотрудник «Русского вестника» и «Детского чтения».</p>
<p rend="emptyline left"><hi style="opnumber">479</hi> <hi style="npnumber">480</hi></p>
</comments></div></body>
        </text>
        </TEI>