<?xml version='1.0' encoding='UTF-8' standalone='no'?>

<TEI xmlns="http://www.tei-c.org/ns/1.0">
       <teiHeader>
          <fileDesc>
             <titleStmt>
                <title>Письмо №* 194. Гр. С. Н. Толстому.</title>
             </titleStmt>
             <publicationStmt>
                <publisher>TolstoyLab</publisher>
                <date when="2015-09-14">14 September 2015</date>
             </publicationStmt>
             <sourceDesc>
                <biblStruct>
                   <analytic>
                      <author>Толстой Л.Н.</author>
                   </analytic>
                   <monogr>
                      <title level="m">Полное собрание сочинений. Том 60</title>
                      <imprint>
                         <pubPlace>Москва</pubPlace>
                         <publisher>Государственное издательство "Художественная литература"</publisher>
                         <date when="1949"/>
                      </imprint>
                   </monogr>
                   <series>
                      <title level="s">Л.Н. Толстой. Полное собрание сочинений</title>
                      <biblScope unit="vol">60</biblScope>
                   </series>
                </biblStruct>
             </sourceDesc>
          </fileDesc>
          <encodingDesc>
             <tagsDecl> </tagsDecl>
          </encodingDesc>
          <profileDesc>
             <correspDesc>
                <correspAction type="sending">
                   <persName ref="PersonList.xml#L_N_Tolstoy">Л. Н. Толстой</persName>
                   <placeName ref="PlacesListxml#PLACE">Брюссель.</placeName>
                   <date when="1861-03-12">1861 г. Марта 12</date>            </correspAction>
                <correspAction type="receiving">
                   <persName ref="PersonList.xml#RECEIVER">Гр. С. Н. Толстому</persName>
                </correspAction>
                <correspContext>
                   <ref type="prev"/>
                </correspContext>
             </correspDesc>
          </profileDesc>
       </teiHeader>
       <xenoData><number type="in a volume">194</number></xenoData>

              <text xml:id="gr.S.N.TolstomuiT.A.Ergolskoj_194">
	<body><div>
		<opener index="false">
* 194. Гр. С. Н. Толстому.
1861 г. Марта 12/24. Брюссель.</opener>
<p rend="right">24 Марта. Брюссель.</p>
<p rend="left">Каждый день я пишу письма всем, исключая тебе, именно от того, что слишком много нужно сказать и что на письменном языке не умею сказать всё, что бы хотел. Впечатлений <hi style="opdelimiter">Рима,</hi><hi style="opnumber">371</hi> <hi style="npnumber">372</hi><hi style="npdelimiter">Парижа,</hi> Лондона и людей, <choice original_editorial_correction='к[оторых]'><sic>к</sic><corr>которых</corr></choice> видел мильоны, но как и к чему писать, когда через 3 недели думаю видеть тебя. Я с неделю уже живу в Брюсселе, ожидаю ответа на мое письмо из Лондона и «вложения», но дальше 18/30 дожидаться не стану и, заняв деньги, еду; поэтому отвечай пожалуйста в Дрезден (post restante),<note xml:id="note1" resp="volume_editor" index="false"> [до востребования]</note> отвечай именно хоть вкратце на следующие вопросы: 1) Здоровье твое, как и каковы твои мысли о здоровье? 2) Что Эмансипация?<note xml:id="note2" resp="volume_editor" index="false"> Крестьянская реформа 19 февраля 1861 г.</note> Как ее приняли мужики и как землю наделяют? Я тебе не писал еще, кажется, что я возвращаюсь с планом издания журнала при школе Ясной Поляны и что в Петербурге я беру разрешение и начинаю тотчас по приезде.<note xml:id="note3" resp="volume_editor" index="false"> Педагогический журнал «Ясная Поляна» Толстой начал издавать с января 1862 г.</note> —</p>
<p rend="left">Ты, должно быть, видел Дьякова, он тебе рассказал, что и как. Мое же здоровье ничего. Т. е., исключая громового удара и т. п., зависит от меня самого, равно и твое. С Тургеневым я, к удовольствию моему, кажется сошелся, и эти мальчики в глазах перестали бегать. В Лондоне я пробыл всего 20 дней и был в тумане и в положительном и в переносном смысле от нездоровья и пропасти дел, которые нужно было сделать. Здесь я, напротив, живу очень тихо, это уездный городок в сравнении с Лондоном и здесь у меня знакомые Дундуковы, старик, старуха,<note xml:id="note4" resp="volume_editor" index="false"> Михаил Александрович и Мария Никитична Дондуковы-Корсаковы.</note> две больные дочери<note xml:id="note5" resp="volume_editor" index="false"> Кж. Софья Михайловна и Ольга (или Мария) Михайловна Дондуковы-Корсаковы.</note> и одна 15 лет,<note xml:id="note6" resp="volume_editor" index="false"> Надежда Михайловна Дондукова-Корсакова.</note> стало быть ничего нет по части Гименея. Впрочем по этой части уж очень плоха надежда, так как последние зубы поломались. Но дух бодр. Особенно нынче, окно отворено, и просто летний жаркий день. С Машенькой я регулярно переписываюсь, у ней, кажется, всё благополучно, исключая ее планов отдать Николеньку<note xml:id="note7" resp="volume_editor" index="false"> Николай Валерьянович Толстой.</note> в Париж к брату ее гувернантки. Но план этот рушился. Вообще она так пришлась к кн. Голицыной, <choice original_editorial_correction='к[оторая]'><sic>к</sic><corr>которая</corr></choice> там, что лучше требовать нельзя. Это еще говорил Николинька.<note xml:id="note8" resp="volume_editor" index="false"> Умерший брат Толстого Николай Николаевич.</note> Коли бы летом они поехали вместе на воды, это бы было превосходно. — Прощай, напиши пожалуйста и в Дрезден и в Петербург (Давыдову).<note xml:id="note9" resp="volume_editor" index="false"> Книгопродавец в Петербурге.</note></p>
<p rend="left">Je vous baise les mains, chère tante, et vous prie de me pardonner si je ne vous écris pas aujourd’hui, mais vous saurez tout d’après la lettre de Serge. Si vous m’écriviez un mot à Dresden vous me feriez un grand plaisir. Comment allez vous et comment vont toutes les choses<note xml:id="note10" resp="volume_editor" index="false"> [Целую ваши ручки, дорогая тетенька, и прошу вас простить мне, что я не пишу вам сегодня, но вы узнаете всё из письма к Сереже. Если бы вы написали мне словечко в Дрезден, вы сделали бы мне большое удовольствие. Как вы поживаете и как идут дела]</note> à Ясная. Как вы помирились с эмансипацией? И не правда ли, что ничего страшного нет. Tante Pauline<note xml:id="note11" resp="volume_editor" index="false"> [Тетушке Полине]</note> целую руки.</p>
<p rend="left emptyline"><hi style="opnumber">372</hi> <hi style="npnumber">373</hi></p>
<lb/>
<p rend="left"><hi>На конверте</hi>:</p>
<p rend="left">Russie Toula.<note xml:id="note12" resp="volume_editor" index="false"> [Россия Тула.]</note> Его Сиятельству Графу Сергею Николаевичу Толстому. <hi>В Тулу.</hi></p>
<comments><p rend="Textpetit_otstup left"><hi>1 </hi> [до востребования]</p>
<p rend="petit left"><hi>2</hi> Крестьянская реформа 19 февраля 1861 г.</p>
<p rend="petit left"><hi>3</hi> Педагогический журнал «Ясная Поляна» Толстой начал издавать с января 1862 г.</p>
<p rend="petit left"><hi>4</hi> Михаил Александрович и Мария Никитична Дондуковы-Корсаковы.</p>
<p rend="petit left"><hi>5</hi> Кж. Софья Михайловна и Ольга (или Мария) Михайловна Дондуковы-Корсаковы.</p>
<p rend="petit left"><hi>6</hi> Надежда Михайловна Дондукова-Корсакова.</p>
<p rend="petit left"><hi>7</hi> Николай Валерьянович Толстой.</p>
<p rend="petit left"><hi>8</hi> Умерший брат Толстого Николай Николаевич.</p>
<p rend="petit left"><hi>9</hi> Книгопродавец в Петербурге.</p>
<p rend="petit left"><hi>10</hi> [Целую ваши ручки, дорогая тетенька, и прошу вас простить мне, что я не пишу вам сегодня, но вы узнаете всё из письма к Сереже. Если бы вы написали мне словечко в Дрезден, вы сделали бы мне большое удовольствие. Как вы поживаете и как идут дела]</p>
<p rend="petit left"><hi>11</hi> [Тетушке Полине]</p>
<p rend="petit left">На письмо Толстого С. Н. Толстой отвечал 23 марта.</p>
<p rend="petit left"><hi>12</hi> [Россия Тула.]</p>
</comments></div></body>
        </text>
        </TEI>