<?xml version='1.0' encoding='UTF-8' standalone='no'?>

<TEI xmlns="http://www.tei-c.org/ns/1.0">
       <teiHeader>
          <fileDesc>
             <titleStmt>
                <title>Письмо №98. А. А. Фету.</title>
             </titleStmt>
             <publicationStmt>
                <publisher>TolstoyLab</publisher>
                <date when="2015-09-14">14 September 2015</date>
             </publicationStmt>
             <sourceDesc>
                <biblStruct>
                   <analytic>
                      <author>Толстой Л.Н.</author>
                   </analytic>
                   <monogr>
                      <title level="m">Полное собрание сочинений. Том 61</title>
                      <imprint>
                         <pubPlace>Москва</pubPlace>
                         <publisher>Государственное издательство "Художественная литература"</publisher>
                         <date when="1953"/>
                      </imprint>
                   </monogr>
                   <series>
                      <title level="s">Л.Н. Толстой. Полное собрание сочинений</title>
                      <biblScope unit="vol">61</biblScope>
                   </series>
                </biblStruct>
             </sourceDesc>
          </fileDesc>
          <encodingDesc>
             <tagsDecl> </tagsDecl>
          </encodingDesc>
          <profileDesc>
             <correspDesc>
                <correspAction type="sending">
                   <persName ref="PersonList.xml#L_N_Tolstoy">Л. Н. Толстой</persName>
                   <placeName ref="PlacesListxml#PLACE">Я. П.</placeName>
                   <date when="1865-01-23">1865 г. Января 23.</date>            </correspAction>
                <correspAction type="receiving">
                   <persName ref="PersonList.xml#RECEIVER">А. А. Фету</persName>
                </correspAction>
                <correspContext>
                   <ref type="prev"/>
                </correspContext>
             </correspDesc>
          </profileDesc>
       </teiHeader>
       <xenoData><number type="in a volume">98</number></xenoData>

              <text xml:id="A__A__Fetu_98">
	<body><div>
		<opener index="false">
98. А. А. Фету.
1865 г. Января 23. Я. П.</opener>
<p rend="left">Как вам не совестно, милый мой друг Фет, так жить со мной, как будто вы меня не любите или как будто все мы проживем Мафусаиловы года. Зачем вы никогда не заезжаете ко <hi style="opdelimiter">мне?</hi><hi style="opnumber">71</hi> <hi style="npnumber">72</hi><hi style="npdelimiter">И</hi> не заезжаете так, чтоб прожить два, три дня, спокойно пожить. Так хорошо поступать с другими. Ну, не увиделись в Ясной, встретимся где-нибудь на Подновинске.<note xml:id="note1" resp="volume_editor" index="false"> Подновинское (Новинский бульвар) — одно из мест в Москве, где устраивались народные гулянья.</note> А со мной не встретитесь на Подновинске. Я тем счастлив, что прикован цепями, составленными из детского жидкого, густого, зеленого и желтого г...., к Ясной Поляне. А вы свободный человек. А глядишь, умрет кто-нибудь из нас, вот как умер на днях <choice original_editorial_correction='Вал[ерьян]'><sic>Вал</sic><corr>Валерьян</corr></choice> <choice original_editorial_correction='Петр[ович]'><sic>Петр</sic><corr>Петрович</corr></choice>, сестрин муж, тогда и скажете: что это я, дурак, всё об мельнице хлопотал, а к Толстому не заехал. Мы бы с ним поговорили. Право, это всё не шутка. — Вы писали: «и оплеуха тут была»<note xml:id="note2" resp="volume_editor" index="false"> По словам А. А. Фета, выражение это принадлежало старому ротмистру-охотнику и относилось к денщику, у которого кремневое ружье дало несколько осечек по сидящему перед ним зайцу. См. «Русское обозрение», 1890, 3, стр. 34. Письмо А. А. Фета, о котором упоминает Толстой, неизвестно.</note> и, верно, написали уже. Мне страшно хочется прочесть, но страшно боюсь, что вы многим <hi>значительным</hi> пренебрегли и многим незначительным увлеклись. Мне очень интересно.</p>
<p rend="left">А знаете, какой я вам про себя скажу сюрприз: как меня стукнула об землю лошадь и сломала руку, когда я после дурмана очнулся, я сказал себе, что я — литератор. И я литератор, но уединенный, потихонечку литератор. На днях выйдет первая половина 1-й части 1805 года. Пожалуйста, подробнее напишите свое мнение. Ваше мнение да еще мнение человека, <choice original_editorial_correction='к[отор]ого'><sic>кого</sic><corr>которого</corr></choice> я не люблю, тем более, чем более я выростаю большой, мне дорого — Тургенева. Он <hi><choice><reg>поймет</reg><orig>пойметъ</orig></choice></hi>.<note xml:id="note3" resp="volume_editor" index="false"> Толстой часто употреблял подчеркивание вместо кавычек, выделяя таким образом чужие слова.</note></p>
<p rend="left">Печатанное мною прежде я считаю только пробой пера и op[us’oм?] черн[овым]; печатаемое теперь мне хоть и нравится более прежнего, но слабо кажется, без чего не может быть вступление. Но что дальше будет — бяда!!!. Напишите, что будут говорить в знакомых вам различных местах и, главное, как на массу. Верно, пройдет незамеченно. Я жду этого и желаю. Только б не ругали, а то ругательства расстроивают ход этой длинной сосиски, которая у нас, нелириков, так туго и густо лезет. Прощайте, бывайте у наших. Вас от души любят. Мар[ье] Петровне мой поклон.</p>
<p rend="left">Я рад очень, что вы любите мою жену, хотя я ее и меньше люблю моего романа, а всё-таки, вы знаете — жена. Ходит. — Кто такой? Жена. —</p>
<p rend="left">23 января.</p>
<p rend="left">Приезжайте же ко мне. А ежели не заедете из Москвы с <choice original_editorial_correction='М[арьей]'><sic>М</sic><corr>Марьей</corr></choice> <choice original_editorial_correction='П[етровной]'><sic>П</sic><corr>Петровной</corr></choice>, право, без шуток, это будет очень <hi style="opdelimiter">глупо.</hi><hi style="opnumber">72</hi></p>
<p rend="left"><hi style="npnumber">73</hi><hi style="npdelimiter">Впервые</hi> опубликовано с пропусками в «Русском обозрении», 1890, 3, стр. 34—35. Пропущенные места опубликованы в ТТ, 3, стр. 136—137, и в Г, II, стр. 41—42. Полностью публикуется впервые. Год определяется упоминанием о смерти В. П. Толстого.</p>
<comments><p rend="Textpetit_otstup left"><hi>1 </hi> Подновинское (Новинский бульвар) — одно из мест в Москве, где устраивались народные гулянья.</p>
<p rend="petit left"><hi>2</hi> По словам А. А. Фета, выражение это принадлежало старому ротмистру-охотнику и относилось к денщику, у которого кремневое ружье дало несколько осечек по сидящему перед ним зайцу. См. «Русское обозрение», 1890, 3, стр. 34. Письмо А. А. Фета, о котором упоминает Толстой, неизвестно.</p>
<p rend="petit left"><hi>3</hi> Толстой часто употреблял подчеркивание вместо кавычек, выделяя таким образом чужие слова.</p>
</comments></div></body>
        </text>
        </TEI>