<?xml version='1.0' encoding='UTF-8' standalone='no'?>

<TEI xmlns="http://www.tei-c.org/ns/1.0">
       <teiHeader>
          <fileDesc>
             <titleStmt>
                <title>Письмо №* 143. И. П. Борисову.</title>
             </titleStmt>
             <publicationStmt>
                <publisher>TolstoyLab</publisher>
                <date when="2015-09-14">14 September 2015</date>
             </publicationStmt>
             <sourceDesc>
                <biblStruct>
                   <analytic>
                      <author>Толстой Л.Н.</author>
                   </analytic>
                   <monogr>
                      <title level="m">Полное собрание сочинений. Том 61</title>
                      <imprint>
                         <pubPlace>Москва</pubPlace>
                         <publisher>Государственное издательство "Художественная литература"</publisher>
                         <date when="1953"/>
                      </imprint>
                   </monogr>
                   <series>
                      <title level="s">Л.Н. Толстой. Полное собрание сочинений</title>
                      <biblScope unit="vol">61</biblScope>
                   </series>
                </biblStruct>
             </sourceDesc>
          </fileDesc>
          <encodingDesc>
             <tagsDecl> </tagsDecl>
          </encodingDesc>
          <profileDesc>
             <correspDesc>
                <correspAction type="sending">
                   <persName ref="PersonList.xml#L_N_Tolstoy">Л. Н. Толстой</persName>
                   <placeName ref="PlacesListxml#PLACE">Никольское-Вяземское.</placeName>
                   <date when="1865-10-07">1865 г. Октября 7.</date>            </correspAction>
                <correspAction type="receiving">
                   <persName ref="PersonList.xml#RECEIVER">И. П. Борисову</persName>
                </correspAction>
                <correspContext>
                   <ref type="prev"/>
                </correspContext>
             </correspDesc>
          </profileDesc>
       </teiHeader>
       <xenoData><number type="in a volume">143</number></xenoData>

              <text xml:id="I__P__Borisovu_143">
	<body><div>
		<opener index="false">
* 143. И. П. Борисову.
1865 г. Октября 7. Никольское-Вяземское.
</opener>
<p rend="Obrashenie left">Любезный Иван Петрович.</p>
<p rend="left">Я вам не отвечал тогда потому, что посланный <choice original_editorial_correction='б[ыл]'><sic>б</sic><corr>был</corr></choice> не ваш, а случайный, а не поехал, потому что <choice original_editorial_correction='б[ыл]'><sic>б</sic><corr>был</corr></choice> болен. Очень рад, что вы повеселились в Ломцах.<note xml:id="note1" resp="volume_editor" index="false"> Село Ломцы Новосильского уезда Тульской губ.</note> Про себя горького и не говорю. При случае перешлите эту записку Фету.<note xml:id="note2" resp="volume_editor" index="false"> <ref target="file:///Volume_61_A__A__Fetu_144.xml">См. письмо № 144</ref>.</note> — Мы нынче едем домой и потому до свиданья в Ясной, <choice original_editorial_correction='к[отор]ая'><sic>кая</sic><corr>которая</corr></choice> всем по дороге. Дружески жму вам руку.</p>
<p rend="right">Л. Толстой.</p>
<comments><p rend="Textpetit_otstup left">Датируется на основании слов: «Мы нынче едем домой» (см. прим. 4 к письму № 140).</p>
<p rend="Textpetit_otstup left"><hi>1</hi> Село Ломцы Новосильского уезда Тульской губ.</p>
<p rend="petit left"><hi>2</hi> <ref target="file:///Volume_61_A__A__Fetu_144.xml">См. письмо № 144</ref>.</p>
</comments></div></body>
        </text>
        </TEI>