<?xml version='1.0' encoding='UTF-8' standalone='no'?>

<TEI xmlns="http://www.tei-c.org/ns/1.0">
       <teiHeader>
          <fileDesc>
             <titleStmt>
               <title>Письмо №42. Гр. М. Н. Толстой.</title>
             </titleStmt>
             <publicationStmt>
                <publisher>TolstoyLab</publisher>
                <date when="2015-09-14">14 September 2015</date>
             </publicationStmt>
             <sourceDesc>
                <biblStruct>
                   <analytic>
                      <author>Толстой Л.Н.</author>
                   </analytic>
                   <monogr>
                      <title level="m">Полное собрание сочинений. Том 59</title>
                      <imprint>
                         <pubPlace>Москва</pubPlace>
                         <publisher>Государственное издательство "Художественная литература"</publisher>
                         <date when="1935"/>
                      </imprint>
                   </monogr>
                   <series>
                      <title level="s">Л.Н. Толстой. Полное собрание сочинений</title>
                      <biblScope unit="vol">59</biblScope>
                   </series>
                </biblStruct>
             </sourceDesc>
          </fileDesc>
          <encodingDesc>
             <tagsDecl> </tagsDecl>
          </encodingDesc>
          <profileDesc>
             <correspDesc>
                <correspAction type="sending">
                   <persName ref="PersonList.xml#L_N_Tolstoy">Л. Н. Толстой</persName>
                   <placeName ref="PlacesListxml#PLACE">Астрахань.</placeName>
                   <date when="1851-05-26">1851 г. Мая 26.</date>            </correspAction>
                <correspAction type="receiving">
                   <persName ref="PersonList.xml#RECEIVER">Гр. М. Н. Толстой</persName>
                </correspAction>
                <correspContext>
                   <ref type="prev"/>
                </correspContext>
             </correspDesc>
          </profileDesc>
       </teiHeader>
       <xenoData><number type="in a volume">42</number></xenoData>

              <text xml:id="Gr.M.N.Tolstojotryvok_42">
	<body><div>
		<opener index="false">
42. Гр. М. Н. Толстой.
1851 г Мая 26. Астрахань.
</opener><p rend="left">chez V. I.<note xml:id="note1" resp="volume_editor" index="false">Владимир Иванович Юшков. О нем см. прим. 4 к п. № 46. Толстой провел у В. И. Юшкова в Панове утро 9 мая, после последнего бала в Казани у Мертваго.</note> la matinée était superbe et sous l’impression du bal et du champagne j’ai passé quelques heures délicieuses; M-me <choice original_editorial_correction='Zagoskin[e]'><sic>Zagoskin</sic><corr>Zagoskine</corr></choice><note xml:id="note2" resp="volume_editor" index="false">Екатерина Дмитриевна Загоскина. О ней см. прим. 12 к п. №41.</note> arrangeait tous les jours des parties sur l’eau tantôt à Zilantieff,<note xml:id="note3" resp="volume_editor" index="false">Зилантьево — Старинный Зилантьев монастырь в 4 1/2 в. от Казани, живописно расположенный на высоком берегу Волги, недалеко от места впадения в Волгу речки Казанки.</note> tantôt à Suisses et. cet. où j’ai eu l’occasion de voir toujours Zénaide.<note xml:id="note4" resp="volume_editor" index="false">Зинаида Модестовна Молоствова. О ней см. прим. 1 к п. № 44.</note> Pouchnikoff<note xml:id="note5" resp="volume_editor" index="false">Пушникова вероятно сестра Владимира Семеновича Пушникова, в 1846—1850 гг. студента казанского университета, с которым Толстой вероятно был знаком.</note> est dame de classe et très jolie. Les demoiselles Tchulkoff<note xml:id="note6" resp="volume_editor" index="false">О Чулковых см. прим. 5 к п. № 30.</note> sont dégoutantes et néanmoins dames de classe. Je suis tellement ivre de Zinaide que j’ai eu même la hardiesse de faire des vers:</p>
<div rend="poem">
<div rend="stanza">
<p rend="v">
Лишь <choice><reg>подъехавши</reg><orig>подъѣхавши</orig></choice> <choice><reg>к</reg><orig>къ</orig></choice> Сызрану*
</p>
<p rend="v">
Я <choice><reg>ощупал</reg><orig>ощупалъ</orig></choice> свою рану, и т. д.
</p>
</div>
</div>
<p rend="left">*<choice><reg>Сызран</reg><orig>Сызранъ</orig></choice> <choice><reg>станция</reg><orig>станцiя</orig></choice> Симбирской Губер.</p>
<p rend="left"><choice><reg>Сейчас</reg><orig>Сейчасъ</orig></choice> <choice><reg>пришел</reg><orig>пришелъ</orig></choice> Алешка<note xml:id="note7" resp="volume_editor" index="false">Алексей Степанович Орехов. О нем см. прим. 4 к п. № 4.</note> <choice><reg>с</reg><orig>съ</orig></choice> <choice><reg>чаем</reg><orig>чаемъ</orig></choice> и <choice><reg>оборвал</reg><orig>оборвалъ</orig></choice> нить <choice><reg>моих</reg><orig>моихъ</orig></choice> мыслей. Прощай, <choice><reg>целую</reg><orig>цѣлую</orig></choice> тебя сто <choice><reg>раз</reg><orig>разъ</orig></choice>.</p>
<lb/>
<p rend="left"><hi>Рукой гр. H. Н. Толстого:</hi></p>
<p rend="petit left">Léon vous a écrit une si longue épitre que je me dispense de vous écrire beaucoup, j'ai envie de ne vous dire que deux mots: que je vous embrasse de tout mon coeur! d'après nos deux lettres, si vous le voulez mieux, d'après notre lettre, vous voyez bien que nous [nous] portons bien et que nous sommes tous les deux de très bonne humeur. Adieu, donc mes bons amis, une fois <choice original_editorial_correction='arrivé[e]'><sic>arrivé</sic><corr>arrivée</corr></choice> à Kislar, ce sera mon tour de vous écrire; maintenant contentez vous de ce P. S. Tandis que Léon vous écriva, j'étais à la fenetre à admirer la belle nuit et à écouter les grenouilles, que tu aimes toi aussi ma bonne Ш<hi>ушка</hi>.<note xml:id="note8" resp="volume_editor" index="false">Шушка (или «Шушки») — так в детстве братья Толстые называли, ласково дразня, не выговаривавшую <hi>с</hi> («шушки» вместо: сушки) свою младшую сестру гр. М. Н. Толстую.</note> Quand il t'arrivera d'écouter cette musique, ma bonne Marie, pense à moi, tu peut être (sûre) à peu près sûre, que moi aussi je serai occupé à faire la meme chose, par ce qu'il y a des grenouilles partout même au Caucase, <choice original_editorial_correction='mai[s]'><sic>mai</sic><corr>mais</corr></choice> il n'y a qu'a Pocrowskoe, une si bonne petite personne que toi, ma bonne et chère soeur. Léon vien de commencer <choice original_editorial_correction='un[e]'><sic>un</sic><corr>une</corr></choice> <choice original_editorial_correction='nouvel[le]'><sic>nouvel</sic><corr>nouvelle</corr></choice> épitre, si je ne finis pas <choice original_editorial_correction='le[a]'><sic>le</sic><corr>lea</corr></choice> <choice original_editorial_correction='mie[nne]'><sic>mie</sic><corr>mienne</corr></choice>, ça n'aura pas de fin. Adieu donc encore une fois mes bons amis, je vous embrasse tous tendrement.</p>
<p rend="left"><hi style="opnumber">96</hi> <hi style="npnumber">97</hi></p>
<p rend="left"><hi>Приписка сбоку 2 страницы рукой Л</hi>. Н. <hi>Толстого:</hi></p>
<p rend="left">Si vous voyez Dmitri,<note xml:id="note9" resp="volume_editor" index="false">Гр. Дмитрий Николаевич Толстой. О нем см. прим. 5 к п. № 84.</note> dites lui, qu’il feroit bien de nous écrire. Moi, je n’attendrai pas sa lettre pour lui écrire et je l’adresserai chez vous.</p>
<comments><p rend="Textpetit_otstup left">y В. И.<note xml:id="note10" resp="volume_editor" index="false">Владимир Иванович Юшков. О нем см. прим. 4 к п. № 46. Толстой провел у В. И. Юшкова в Панове утро 9 мая, после последнего бала в Казани у Мертваго.</note> утро было великолепное, и под впечатлением бала и шампанского я очаровательно провел несколько часов. Г-жа Загоскина<hi>2 </hi>устраивала каждый день катания в лодке то в Зилантьево,<hi>3 </hi>то в Швейцарию и т. д., где я имел часто случай встречать Зинаиду.<note xml:id="note11" resp="volume_editor" index="false">Зинаида Модестовна Молоствова. О ней см. прим. 1 к п. № 44.</note> Пушникова<note xml:id="note12" resp="volume_editor" index="false">Пушникова вероятно сестра Владимира Семеновича Пушникова, в 1846—1850 гг. студента казанского университета, с которым Толстой вероятно был знаком.</note> — классная дама и прехорошенькая. Барышни Чулковы<note xml:id="note13" resp="volume_editor" index="false">О Чулковых см. прим. 5 к п. № 30.</note> отвратительны и всё-таки классные дамы. Я так опьянен Зинаидой, что возымел смелость написать стихи:</p>
<div rend="poem petit">
<div rend="stanza">
<p rend="v petit">
*Лишь <choice><reg>подъехавши</reg><orig>подъѣхавши</orig></choice> <choice><reg>к</reg><orig>къ</orig></choice> Сызрану*
</p>
<p rend="v petit">
Я <choice><reg>ощупал</reg><orig>ощупалъ</orig></choice> свою рану, и т. д.
</p>
</div>
</div>
<p rend="petit left">*<choice><reg>Сызран</reg><orig>Сызранъ</orig></choice> <choice><reg>станция</reg><orig>станцiя</orig></choice> Симбирской Губер.</p>
<p rend="petit left"><choice><reg>Сейчас</reg><orig>Сейчасъ</orig></choice> <choice><reg>пришел</reg><orig>пришелъ</orig></choice> Алешка<note xml:id="note14" resp="volume_editor" index="false">Алексей Степанович Орехов. О нем см. прим. 4 к п. № 4.</note> <choice><reg>с</reg><orig>съ</orig></choice> <choice><reg>чаем</reg><orig>чаемъ</orig></choice> и <choice><reg>оборвал</reg><orig>оборвалъ</orig></choice> нить <choice><reg>моих</reg><orig>моихъ</orig></choice> мыслей. Прощай, <choice><reg>целую</reg><orig>цѣлую</orig></choice> тебя сто <choice><reg>раз</reg><orig>разъ</orig></choice>.*</p>
<lb/>
<p rend="petit left"><hi>Рукой гр</hi>. Н. <hi>Н. Толстого:</hi></p>
<p rend="petit left">Левочка написал вам такое огромное послание, что я могу и не писать много; хочу только сказать вам два слова, что я сердечно вас целую! По двум нашим письмам, вернее, по нашему общему письму, вы видите, что мы здоровы и оба в очень хорошем расположении духа. Итак, прощайте, добрые друзья мои; мой черед вам писать будет из Кизляра; пока будьте довольны и этой припиской. В то время, как Левочка вам писал, я, стоя у окна, любовался красотой ночи и слушал лягушек, которых и ты любишь, милая моя <hi>*Шушка</hi>*.<note xml:id="note15" resp="volume_editor" index="false">Шушка (или «Шушки») — так в детстве братья Толстые называли, ласково дразня, не выговаривавшую <hi>с</hi> («шушки» вместо: сушки) свою младшую сестру гр. М. Н. Толстую.</note> Когда тебе придется слушать эту музыку, милая Маша, подумай обо мне и ты можешь быть уверена, почти уверена, что и я буду занят тем же, потому что лягушки везде есть, даже на Кавказе, а добрая и дорогая сестрица у меня одна и только в Покровском. Левочка принялся за другое длинное послание; ежели я не прерву своего, конца этому не будет. Итак, еще раз прощайте, добрые друзья мои, целую вас всех нежно.</p>
<lb/>
<p rend="petit left"><hi>Приписка Л</hi>. <hi>Н. Толстого сбоку 2 страницы</hi>:</p>
<p rend="Textpetit_otstup left">Ежели увидите Митеньку,<note xml:id="note16" resp="volume_editor" index="false">Гр. Дмитрий Николаевич Толстой. О нем см. прим. 5 к п. № 84.</note> скажите ему, что хорошо бы ему нам написать. Я не буду дожидаться его письма, напишу сам и адресую на вас.</p>
<p rend="Textpetit_otstup left">Начало письма, почтовый лист в четыре страницы, утрачено. Сохранившийся листок имеет цифру 5, означающую номер страницы. Печатается по автографу, находящемуся у К. С. Шохор-Троцкого. Впервые опубликовано почти полностью в виде цитат К. С. Шохор-Троцким в сб. «Великой памяти Л. Н. Толстого. Казанский университет 1828—1928». Казань, 1928, стр. 112, 114, 115. Датируется словами письма к Т. А. Ергольской от 27 мая 1851 г.: «Вчера я послал длинное письмо Машеньке».</p>
<p rend="petit left">Гр. Марья Николаевна Толстая (р. 1 марта 1830 г., ум. 6 апреля 1912 г.), сестра Толстого, некоторое время училась в Казанском Родионовском <hi style="opdelimiter">институте;</hi><hi style="opnumber">97</hi> <hi style="npnumber">98</hi><hi style="npdelimiter">3</hi> ноября 1847 г. вышла замуж за троюродного брата, гр. Валерьяна Петровича Толстого (1813—1865). Жила она с мужем в имении его матери, Покровском Чернского уезда, Тульской губ. (в 80 в. от Ясной поляны). От брака с гр. В. П. Толстым у Марьи Николаевны было четверо детей: Петр, умерший в раннем детстве (р. и ум. в 1849 г.), Варвара (1850—1921) по мужу Нагорнова, Николай (1850—1879) и ныне здравствующая Елизавета (р. 1852), по мужу Оболенская. Покровское находится в 20 в. от имения И. С. Тургенева Спасского. Знакомство Тургенева с Марьей Николаевной, начавшееся 24 октября 1854 г., скоро повело к дружеским отношениям между ними. Весьма неравнодушный к гр. М. Н. Толстой, Тургенев некоторые черты ее придал героине своей повести «Фауст», Вере Николаевне. Повесть эта писалась в 1855 году и посвящена была Марье Николаевне. И в фабуле повести есть черты действительности. По семейному преданию, передаваемому Елиз. Вал. Оболенской в неопубликованных воспоминаниях, Тургенев так же, как герой его повести, читал с Марьей Николаевной в беседке, но только не «Фауста», а «Евгения Онегина». Уехав из Спасского в середине ноября 1854 г. Тургенев встречался с гр. М. Н. Толстой в 1855—1856 гг. и в Москве и в Спасском. В I книге «Звеньев» [1932 г.] опубликованы В. И. Срезневским шестнадцать писем Тургенева к Марье Николаевне (хранятся в ИРЛИ). Брак М. Н. Толстой был несчастлив. Валерьян Петрович, до брака с Марьей Николаевной имевший детей от крепостной, и будучи мужем Марьи Николаевны продолжал эту связь и вообще вел весьма распущенный образ жизни. В 1857 г. Марья Николаевна оставила его, не желая, по ее выражению, «быть первой султаншей в его гареме». Разойдясь с мужем, Толстая жила по зимам в Москве с братьями, а летом (с 1859 г.), в Пирогове. По раздельному акту детей Толстых 1847 г. Марье Николаевне в Пирогове досталось 904 дес. земли. Здесь она выстроила дом на реке Упе. В июле 1860 г. Марья Николаевна, страдавшая легкими, с детьми и Львом Николаевичем выехала из Петербурга морем за границу, куда незадолго до этого уехал Сергей Николаевич, повезший больного чахоткой Николая Николаевича. Проведя осень и зиму 1860/1861 гг. в Гиере, где 20 сентября умер Николай Николаевич, Марья Николаевна в июне 1861 г. переехала с детьми в Швейцарию (в Веве). Оставив здесь детей, Толстая летом проходила курс лечения в Aix les Bains, где познакомилась со шведом, виконтом Виктором-Гектором де-Кленом (р. в 1831 г., ум. в 1873 г.), ставшим ее гражданским мужем. С ним и детьми Марья Николаевна зимы 1861/1862 и 1862/1863 гг. провела в Алжире. 8 сентября 1863 г. в Женеве у нее родилась дочь, ныне здравствующая Елена Сергеевна Денисенко. Вернулась из-за границы Марья Николаевна в июне 1864 г. В 1870-ых годах М. Н. Толстая подолгу живала за границей. В 1889 г. она поселилась в Шамардинском монастыре (близ Оптиной пустыни), где приняла монашество и где скончалась. Всю свою жизнь Толстой был связан с Марьей Николаевной глубоким чувством братской любви и, уходя перед смертью из Ясной поляны, Толстой поехал к ней в Шамардино. Из большого, надо думать, числа писем Толстого к сестре сохранилось только двадцать четыре.</p>
<p rend="petit left">О гр. М.Н. Толстой см. в биографиях Толстого П. И. Бирюкова и H. Н. Гусева, Т. А. Кузминская «Мои воспоминания о М. Н. Толстой» <hi style="opdelimiter">(иллюстр.</hi><hi style="opnumber">98</hi></p>
<p rend="petit left"><hi style="npnumber">99</hi><hi style="npdelimiter">прилож.</hi> к «Новому времени» 1913, №№ 13543 и 13550); ее же воспоминания «Моя жизнь дома и в Ясной поляне»; М. С. Бибикова «Мои воспоминания» в юбилейном сборнике Московского Толстовского Музея «Лев Николаевич Толстой» под ред. H. Н. Гусева, М. 1928; А. М. Хирьяков «М. Н. Толстая» в газ. «Речь», 1912, № 95 от 8 апреля.</p>
<p rend="Textpetit_otstup left"><hi>1 </hi>Владимир Иванович Юшков. О нем см. прим. 4 к п. № 46. Толстой провел у В. И. Юшкова в Панове утро 9 мая, после последнего бала в Казани у Мертваго.</p>
<p rend="petit left"><hi>2 </hi>Екатерина Дмитриевна Загоскина. О ней см. прим. 12 к п. №41.</p>
<p rend="petit left"><hi>3 </hi>Зилантьево — Старинный Зилантьев монастырь в 4 1/2 в. от Казани, живописно расположенный на высоком берегу Волги, недалеко от места впадения в Волгу речки Казанки.</p>
<p rend="petit left"><hi>4 </hi>Зинаида Модестовна Молоствова. О ней см. прим. 1 к п. № 44.</p>
<p rend="petit left"><hi>5 </hi>Пушникова вероятно сестра Владимира Семеновича Пушникова, в 1846—1850 гг. студента казанского университета, с которым Толстой вероятно был знаком.</p>
<p rend="petit left"><hi>6 </hi>О Чулковых см. прим. 5 к п. № 30.</p>
<p rend="petit left"><hi>7 </hi>Алексей Степанович Орехов. О нем см. прим. 4 к п. № 4.</p>
<p rend="petit left"><hi>8 </hi>Шушка (или «Шушки») — так в детстве братья Толстые называли, ласково дразня, не выговаривавшую <hi>с</hi> («шушки» вместо: сушки) свою младшую сестру гр. М. Н. Толстую.</p>
<p rend="petit left"><hi>9 </hi>Гр. Дмитрий Николаевич Толстой. О нем см. прим. 5 к п. № 84.</p>
</comments></div></body>
        </text>
        </TEI>