<?xml version='1.0' encoding='UTF-8' standalone='no'?>

<TEI xmlns="http://www.tei-c.org/ns/1.0">
       <teiHeader>
          <fileDesc>
             <titleStmt>
                <title>Письмо №288. Постановление по делу о смене сельского старосты села Панина по жалобе В. П. Михаловского.</title>
             </titleStmt>
             <publicationStmt>
                <publisher>TolstoyLab</publisher>
                <date when="2015-09-14">14 September 2015</date>
             </publicationStmt>
             <sourceDesc>
                <biblStruct>
                   <analytic>
                      <author>Толстой Л.Н.</author>
                   </analytic>
                   <monogr>
                      <title level="m">Полное собрание сочинений. Том 60</title>
                      <imprint>
                         <pubPlace>Москва</pubPlace>
                         <publisher>Государственное издательство "Художественная литература"</publisher>
                         <date when="1949"/>
                      </imprint>
                   </monogr>
                   <series>
                      <title level="s">Л.Н. Толстой. Полное собрание сочинений</title>
                      <biblScope unit="vol">60</biblScope>
                   </series>
                </biblStruct>
				<bibl>Печатается по тексту, опубликованному в «Русской мысли», 1903, IX, стр. 84. Настоящее постановление Толстого хранилось в Тульском архиве (дело это погибло). Датируется содержанием и постановлением по этому делу губернского присутствия от 17 августа 1861 г.</bibl>
             </sourceDesc>
          </fileDesc>
          <encodingDesc>
             <tagsDecl> </tagsDecl>
          </encodingDesc>
          <profileDesc>
             <correspDesc>
                <correspAction type="sending">
                   <persName ref="PersonList.xml#L_N_Tolstoy">Л. Н. Толстой</persName>
                   <placeName ref="PlacesListxml#PLACE">Я. П.</placeName>
                   <date when="1861-07">1861 г. Июля</date>            </correspAction>
                <correspAction type="receiving">
                   <persName ref="PersonList.xml#RECEIVER">Постановление по делу о смене сельского старосты села Панина по жалобе В. П. Михаловского</persName>
                </correspAction>
                <correspContext>
                   <ref type="prev"/>
                </correspContext>
             </correspDesc>
          </profileDesc>
       </teiHeader>
       <xenoData><number type="in a volume">288</number></xenoData>

              <text xml:id="PostanovleniepodeluosmeneselskogostarostyselaPaninapozhalobeV.I.Mixalovskogo_288">
	<body><div>
		<opener index="false">
288. Постановление по делу о смене сельского старосты села Панина по жалобе В. П. Михаловского.
1861 г. Июля конец — августа начало. Я. П.</opener>
<p rend="left">Имения помещицы Михаловской, с сельского старосты с. Панина, Ивана Иванова,<note xml:id="note1" resp="volume_editor" index="false"> Иван Иванов — крестьянин, сельский староста села Панина, Крапивенского уезда Тульской губернии, впоследствии волостной старшина, уволенный с этой должности по жалобе В. И. Михаловского в августе 1861 г.</note> вследствие принесенных на него жалоб доверителем помещицы Марьи Александровны Михаловской, заключено: старосту Иванова за беспорядки, допущенные им в обществе, именно: за неотбывание работ как следует, несвоевременное взыскание с крестьян за подмен муки землею и за побитый луг, — взыскать в общественные суммы штраф три рубля серебром с тем, чтобы упущенные им работы были исполнены и исправлены. К смене же его достаточных причин не найдено тем более, что из этого сельского общества кандидата в виду не имелось.</p>
<comments><p rend="Textpetit_otstup left">Печатается по тексту, опубликованному в «Русской мысли», 1903, IX, стр. 84. Настоящее постановление Толстого хранилось в Тульском архиве (дело это погибло). Датируется содержанием и постановлением по этому делу губернского присутствия от 17 августа 1861 г.</p>
<p rend="Textpetit_otstup left"><hi>1</hi> Иван Иванов — крестьянин, сельский староста села Панина, Крапивенского уезда Тульской губернии, впоследствии волостной старшина, уволенный с этой должности по жалобе В. И. Михаловского в августе 1861 г.</p>
<p rend="petit left">Михаловский остался недоволен постановлением мирового посредника Толстого, так как Иван Иванов вскоре был избран в волостные старшины, т. е., вместо наказания в виде отстранения от занимаемой им должности, он получил повышение. На просьбу Михаловского не утверждать крестьянина Иванова в волостные старшины как человека недостойного. Толстой, по словам Михаловского, ответил: «До назначения и смены волостного старшины помещикам нет никакого дела». Выбранный же на его место новый сельский староста, «видя в предместнике своем пример награждения противозаконных действий — служение свое повел тем же путем разорительных для помещика беззаконий, коим следовал крестьянин Иван Иванов». В своей жалобе Михаловский писал губернскому присутствию, что гр. Толстой своими действиями окончательно разрушил «патриархальные отношения» помещицы Михаловской «с ее крестьянами» и «поселил в крестьянах уверенность в поощрении всяких отступлений с их стороны от требований закона», просил губернское присутствие как сельского старосту, так и волостного старшину Ивана Иванова от занимаемых ими должностей удалить. При слушании настоящего дела губернским присутствием, в заседании от 17 августа 1861 г., Толстой объявил, что «о сменении Иванова по новой жалобе г. Михаловского им представлено уже крапивенскому мировому съезду». Губернское присутствие постановило: «О сем объявить г. Михаловскому, а дело почислить конченным» (см. там же, стр. 84—85).</p>
<p rend="emptyline left"><hi style="opnumber">488</hi> <hi style="npnumber">489</hi></p>
</comments></div></body>
        </text>
        </TEI>