<?xml version='1.0' encoding='UTF-8' standalone='no'?>

<TEI xmlns="http://www.tei-c.org/ns/1.0">
       <teiHeader>
          <fileDesc>
             <titleStmt>
                <title>Письмо №* 191. Гр. С. Н. Толстому.</title>
             </titleStmt>
             <publicationStmt>
                <publisher>TolstoyLab</publisher>
                <date when="2015-09-14">14 September 2015</date>
             </publicationStmt>
             <sourceDesc>
                <biblStruct>
                   <analytic>
                      <author>Толстой Л.Н.</author>
                   </analytic>
                   <monogr>
                      <title level="m">Полное собрание сочинений. Том 60</title>
                      <imprint>
                         <pubPlace>Москва</pubPlace>
                         <publisher>Государственное издательство "Художественная литература"</publisher>
                         <date when="1949"/>
                      </imprint>
                   </monogr>
                   <series>
                      <title level="s">Л.Н. Толстой. Полное собрание сочинений</title>
                      <biblScope unit="vol">60</biblScope>
                   </series>
                </biblStruct>
             </sourceDesc>
          </fileDesc>
          <encodingDesc>
             <tagsDecl> </tagsDecl>
          </encodingDesc>
          <profileDesc>
             <correspDesc>
                <correspAction type="sending">
                   <persName ref="PersonList.xml#L_N_Tolstoy">Л. Н. Толстой</persName>
                   <placeName ref="PlacesListxml#PLACE">Лондон.</placeName>
                   <date when="1861-02-20">1861 г. Февраля 20</date>            </correspAction>
                <correspAction type="receiving">
                   <persName ref="PersonList.xml#RECEIVER">Гр. С. Н. Толстому</persName>
                </correspAction>
                <correspContext>
                   <ref type="prev"/>
                </correspContext>
             </correspDesc>
          </profileDesc>
       </teiHeader>
       <xenoData><number type="in a volume">191</number></xenoData>

              <text xml:id="gr.S.N.Tolstomu_191">
	<body><div>
		<opener index="false">
* 191. Гр. С. Н. Толстому.
1861 г. Февраля 20/марта 9. Лондон.</opener>
<p rend="left">9 Марта. Лондон.</p>
<p rend="left">Я с неделю тому назад приехал в Лондон, где мне пропасть дела, и со дня моего приезда мучаюсь зубами, как давно не мучался — должно быть, нарыв где-нибудь. Так что во всю эту неделю я не пересмотрел и не перечитал того, что бы я сделал в день, ежели бы был здоров. Остальное мое здоровье хорошо, т. е. как может быть хорошо с бессонными <hi style="opdelimiter">ночами</hi><hi style="opnumber">367</hi> <hi style="npnumber">368</hi><hi style="npdelimiter">и</hi> жаром. — И в Париже я пробыл дольше, чем думал,<note xml:id="note1" resp="volume_editor" index="false"> Толстой приехал в Париж за несколько дней до 15 (27) февраля 1861 г. См. письмо Тургенева к П. В. Анненкову от 15 (27) февраля 1861 г. (П. Анненков, «Литературные воспоминания», Спб. 1909, стр. 533— 534). На другой день, 16 (28) февраля, Тургенев писал гр. Е. Е. Ламберт: «Здесь был проездом Лев Толстой, писатель» («Письма И. С. Тургенева к графине Е. Е. Ламберт», стр. 113).</note> и в Лондоне еще дольше. Всё это делает, что я с моими деньгами не доеду, не говоря уж о книгах и инструментах, которые я покупаю. Потому распорядись пожалуйста выслать мне сколько можно денег — не менее 500 и не более 1000 р. и поскорее пожалуйста. По последним письмам из Ясной я вижу, что там ничего нет, потому ссуди, ежели у тебя есть, или займи у Капылова<note xml:id="note2" resp="volume_editor" index="false"> Копылов — тульский купец, которому Толстой продавал лес. См. т. 59.</note> или Ауербаха.<note xml:id="note3" resp="volume_editor" index="false"> Г. А. Ауэрбах.</note> Весной я расплачусь продажей лошадей и леса, которую я намерен сделать. Деньги вышли, т. е. адресуй в Брюссель в Посольство для передачи мне. — Ежели бы не зубы — и теперь рвут и ноят, что мочи нет — много бы было здесь приятно. Sirecourt,<note xml:id="note4" resp="volume_editor" index="false"> Граф Адольф де Сиркур (1801—1879), муж А. С. Хлюстиной.</note> муж Хлюстиной,<note xml:id="note5" resp="volume_editor" index="false"> Анастасия Семеновна Хлюстина (1813—1863) — троюродная сестра Толстого, племянница Ф. И. Толстого-американца. Вращалась в литературных кругах. В бытность в Италии часто видалась с Мицкевичем. Живя в Париже, имела салон.</note> дал мне рекомендательные письма, которые меня ввели в самый центр аристократического и литературного круга, так что интересно многое; но теперь всё противно. Целуй руки у тетенек. Прощай, напиши мне в Брюссель поподробнее и напиши тотчас же, прежде отсылки, можешь ли, нет ли, как и сколько, с тем чтобы, не дождавшись твоего письма, я мог там занять, дав доверенность на получение тех денег, которые ты вышлешь. — Третьего дня, 6 Марта, я видел о тебе сон, который по моему суеверию означает, что в этот день с тобой что-нибудь случилось. Только хорошее или дурное? вот это то хочется знать. —</p>
<lb/>
<p rend="left"><hi>На конверте</hi>:</p>
<p rend="left">Russie. Monsieur Tolstoy. Toula.<note xml:id="note6" resp="volume_editor" index="false">См. прим. 10 к п. № 190.</note> Его Сиятельству Графу Сергею Николаевичу Толстому. В Тулу.</p>
<comments><p rend="Textpetit_otstup left"><hi>1 </hi> Толстой приехал в Париж за несколько дней до 15 (27) февраля 1861 г. См. письмо Тургенева к П. В. Анненкову от 15 (27) февраля 1861 г. (П. Анненков, «Литературные воспоминания», Спб. 1909, стр. 533— 534). На другой день, 16 (28) февраля, Тургенев писал гр. Е. Е. Ламберт: «Здесь был проездом Лев Толстой, писатель» («Письма И. С. Тургенева к графине Е. Е. Ламберт», стр. 113).</p>
<p rend="petit left"><hi>2</hi> Копылов — тульский купец, которому Толстой продавал лес. См. т. 59.</p>
<p rend="petit left"><hi>3</hi> Г. А. Ауэрбах.</p>
<p rend="petit left"><hi>4</hi> Граф Адольф де Сиркур (1801—1879), муж А. С. Хлюстиной.</p>
<p rend="petit left"><hi>5</hi> Анастасия Семеновна Хлюстина (1813—1863) — троюродная сестра Толстого, племянница Ф. И. Толстого-американца. Вращалась в литературных кругах. В бытность в Италии часто видалась с Мицкевичем. Живя в Париже, имела салон.</p>
<p rend="petit left"><hi>6 </hi>См. прим. 10 к п. № 190.</p>
<p rend="emptyline left"><hi style="opnumber">368</hi> <hi style="npnumber">369</hi></p>
</comments></div></body>
        </text>
        </TEI>