<?xml version='1.0' encoding='UTF-8' standalone='no'?>

<TEI xmlns="http://www.tei-c.org/ns/1.0">
       <teiHeader>
          <fileDesc>
             <titleStmt>
                <title>Письмо №* 366. H. Н. Страхову.</title>
             </titleStmt>
             <publicationStmt>
                <publisher>TolstoyLab</publisher>
                <date when="2015-09-14">14 September 2015</date>
             </publicationStmt>
             <sourceDesc>
                <biblStruct>
                   <analytic>
                      <author>Толстой Л.Н.</author>
                   </analytic>
                   <monogr>
                      <title level="m">Полное собрание сочинений. Том 61</title>
                      <imprint>
                         <pubPlace>Москва</pubPlace>
                         <publisher>Государственное издательство "Художественная литература"</publisher>
                         <date when="1953"/>
                      </imprint>
                   </monogr>
                   <series>
                      <title level="s">Л.Н. Толстой. Полное собрание сочинений</title>
                      <biblScope unit="vol">61</biblScope>
                   </series>
                </biblStruct>
             </sourceDesc>
          </fileDesc>
          <encodingDesc>
             <tagsDecl> </tagsDecl>
          </encodingDesc>
          <profileDesc>
             <correspDesc>
                <correspAction type="sending">
                   <persName ref="PersonList.xml#L_N_Tolstoy">Л. Н. Толстой</persName>
                   <placeName ref="PlacesListxml#PLACE">Москва.</placeName>
                   <date when="1872-03-28">1872 г. Марта 28.</date>            </correspAction>
                <correspAction type="receiving">
                   <persName ref="PersonList.xml#RECEIVER">H. Н. Страхову</persName>
                </correspAction>
                <correspContext>
                   <ref type="prev"/>
                </correspContext>
             </correspDesc>
          </profileDesc>
       </teiHeader>
       <xenoData><number type="in a volume">366</number></xenoData>

              <text xml:id="H__N__Straxovu_366">
	<body><div>
		<opener index="false">
* 366. H. Н. Страхову.
1872 г. Марта 28. Москва.</opener>
<p rend="left">Посылаю свою статейку<note xml:id="note1" resp="volume_editor" index="false"> «Статейкой» Толстой назвал здесь свой рассказ «Кавказский пленник». Был напечатан в № 2 журнала «Заря» за 1872 г.</note> для Зари вам, потому что здесь в Москве у меня нет Зари, и забыл ее адрес, а ваш уж помню.</p>
<p rend="left">Боюсь, что она так дурно написана, что нужно будет прислать коректуры. Впрочем, вы взялись; а я бессовестно ловлю вас на слове и препоручаю вполне вам. — Как найдете нужным, так и сделайте. Если примете коректуру, то сделайте свои замечания.</p>
<p rend="right">Ваш Л. Толстой.</p>
<p rend="left">28 <hi style="opdelimiter">марта.</hi><hi style="opnumber">279</hi></p>
<comments><p rend="Textpetit_otstup left"><hi style="npnumber">280</hi><hi style="npdelimiter">На</hi> автографе пометка Н. Н. Страхова: «28 марта 1872 г.».</p>
<p rend="Textpetit_otstup left"><hi>1</hi> «Статейкой» Толстой назвал здесь свой рассказ «Кавказский пленник». Был напечатан в № 2 журнала «Заря» за 1872 г.</p>
</comments></div></body>
        </text>
        </TEI>