<?xml version='1.0' encoding='UTF-8' standalone='no'?>

<TEI xmlns="http://www.tei-c.org/ns/1.0">
       <teiHeader>
          <fileDesc>
             <titleStmt>
                <title>Письмо №* 241. И. П. Борисову.</title>
             </titleStmt>
             <publicationStmt>
                <publisher>TolstoyLab</publisher>
                <date when="2015-09-14">14 September 2015</date>
             </publicationStmt>
             <sourceDesc>
                <biblStruct>
                   <analytic>
                      <author>Толстой Л.Н.</author>
                   </analytic>
                   <monogr>
                      <title level="m">Полное собрание сочинений. Том 61</title>
                      <imprint>
                         <pubPlace>Москва</pubPlace>
                         <publisher>Государственное издательство "Художественная литература"</publisher>
                         <date when="1953"/>
                      </imprint>
                   </monogr>
                   <series>
                      <title level="s">Л.Н. Толстой. Полное собрание сочинений</title>
                      <biblScope unit="vol">61</biblScope>
                   </series>
                </biblStruct>
             </sourceDesc>
          </fileDesc>
          <encodingDesc>
             <tagsDecl> </tagsDecl>
          </encodingDesc>
          <profileDesc>
             <correspDesc>
                <correspAction type="sending">
                   <persName ref="PersonList.xml#L_N_Tolstoy">Л. Н. Толстой</persName>
                   <placeName ref="PlacesListxml#PLACE">Я. П.</placeName>
                   <date when="1867-11-29">1867 г. Ноября 29.</date>            </correspAction>
                <correspAction type="receiving">
                   <persName ref="PersonList.xml#RECEIVER">И. П. Борисову</persName>
                </correspAction>
                <correspContext>
                   <ref type="prev"/>
                </correspContext>
             </correspDesc>
          </profileDesc>
       </teiHeader>
       <xenoData><number type="in a volume">241</number></xenoData>

              <text xml:id="I__P__Borisovu__241">
	<body><div>
		<opener index="false">
* 241. И. П. Борисову.
1867 г. Ноября 29...30. Я. П.</opener>
<p rend="left">Очень благодарен за ваше письмо,<note xml:id="note1" resp="volume_editor" index="false"> Письмо И. П. Борисова неизвестно.</note> любезный Иван Петрович. У нас, слава богу, теперь всё хорошо. А я опять весь погружен в свою работу, которая не дает мне минуты отдыха и досуга, разумеется, кроме порош, которые я не могу пропустить, и травлю. Меня сразило то, что я до сих пор вам не отдал книг, тогда как я думал, что я уж давно их отдал. Рад этому случаю, чтобы исполнить ваше желание и при первом выходе пришлю вам «Войну и <choice original_editorial_correction='м[ир]'><sic>м</sic><corr>мир</corr></choice>». Фет к нам не заехал.</p>
<p rend="left">Дружески жму вам руку.</p>
<p rend="right">Ваш Л. Толстой.</p>
<comments><p rend="Textpetit_otstup left">Одна фраза опубликована в Г, II, стр. 46. При датировке принята во внимание дата, проставленная на письме рукой Борисова: «30 Но. 67».</p>
<p rend="Textpetit_otstup left"><hi>1</hi> Письмо И. П. Борисова неизвестно.</p>
<p rend="left"><hi style="opnumber">185</hi> <hi style="npnumber">186</hi></p>
</comments></div></body>
        </text>
        </TEI>