<?xml version='1.0' encoding='UTF-8' standalone='no'?>

<TEI xmlns="http://www.tei-c.org/ns/1.0">
       <teiHeader>
          <fileDesc>
             <titleStmt>
                <title>Письмо №93. Гр. А. А. Толстой.</title>
             </titleStmt>
             <publicationStmt>
                <publisher>TolstoyLab</publisher>
                <date when="2015-09-14">14 September 2015</date>
             </publicationStmt>
             <sourceDesc>
                <biblStruct>
                   <analytic>
                      <author>Толстой Л.Н.</author>
                   </analytic>
                   <monogr>
                      <title level="m">Полное собрание сочинений. Том 60</title>
                      <imprint>
                         <pubPlace>Москва</pubPlace>
                         <publisher>Государственное издательство "Художественная литература"</publisher>
                         <date when="1949"/>
                      </imprint>
                   </monogr>
                   <series>
                      <title level="s">Л.Н. Толстой. Полное собрание сочинений</title>
                      <biblScope unit="vol">60</biblScope>
                   </series>
                </biblStruct>
				<bibl>Впервые опубликовано в ПТ, стр. 91—94. Письмо датируется 18— 20? октября 1857 г., так как оно, судя по содержанию, написано из Москвы, куда Толстой приехал 17-го и откуда выехал в Петербург 21-го.</bibl>
             </sourceDesc>
          </fileDesc>
          <encodingDesc>
             <tagsDecl> </tagsDecl>
          </encodingDesc>
          <profileDesc>
             <correspDesc>
                <correspAction type="sending">
                   <persName ref="PersonList.xml#L_N_Tolstoy">Л. Н. Толстой</persName>
                   <placeName ref="PlacesListxml#PLACE">Москва.</placeName>
                   <date from="1857-10-18" to="1857-10-20">1857 г. Октября 18 — 20?</date>            </correspAction>
                <correspAction type="receiving">
                   <persName ref="PersonList.xml#RECEIVER">Гр. А. А. Толстой</persName>
                </correspAction>
                <correspContext>
                   <ref type="prev"/>
                </correspContext>
             </correspDesc>
          </profileDesc>
       </teiHeader>
       <xenoData><number type="in a volume">93</number></xenoData>

              <text xml:id="gr.A.A.Tolstoj_93">
	<body><div>
		<opener index="false">
93. Гр. А. А. Толстой.
1857 г. Октября 18—20? Москва.
</opener>
<p rend="Obrashenie left">Милая бабушка!</p>
<p rend="left">Лень, постыдная лень сделала то, что на последнее ваше письмо вы не получили ответа в то время, когда вы его писали. Опять бы была симпатия.<note xml:id="note1" resp="volume_editor" index="false"> Под «последним письмом» Толстой разумеет письмо А. А. Толстой от 7 октября 1857 г.</note> — Я всё жил в деревне и с утра до вечера был занят навозом, лошадьми, мужиками и занятия, хоть нехорошо, но шли. Деятельностью своей обязан немного и вам. Вы писали, что не любите пустых болтунов и боитесь за внука, и я стал бояться, и старался получить право похвастаться перед вами.<note xml:id="note2" resp="volume_editor" index="false"> Толстой отвечает здесь на письмо А. А. Толстой от 29 августа.</note> При этом должен сказать, что письмо ваше из Остенда произвело на меня не только радость, но гордость. Что вот, мол, хоть меня и считает и староста и тетушка пустяшным малым, а ко мне вот какой человек письмо пишет, да еще дружеское, да еще умное, милое и поучительное. В то самое число, когда вы писали из Петербурга, я ездил по хозяйству. День был счастливый, всё шло хорошо, кстати все мужики сделались вдруг необыкновенно умные и добрые, и я, возвращаясь верхом домой (славный был, яркий, холодный и осенний вечер), испытал чувство радости в том, что Лев Николаич жив и дышит, и чувство благодарности к кому-то, что он <hi style="opdelimiter">позволил</hi><hi style="opnumber">228</hi> <hi style="npnumber">229</hi><hi style="npdelimiter">дышать</hi> <choice original_editorial_correction='Л[ьву]'><sic>Л</sic><corr>Льву</corr></choice> <choice original_editorial_correction='Н[иколаевичу]'><sic>Н</sic><corr>Николаевичу</corr></choice>. Это очень приятное чувство, которое я редко испытываю и которое вы, я думаю, знаете. Все хорошие мысли и воспоминания вдруг полезли в голову и загородили весь коридор, так что ящики с неприятными мыслями и воспоминаниями уж не могли выдвигаться. Голова ведь устроена вот как: à vol d’oiseau<note xml:id="note3" resp="volume_editor" index="false"> [с птичьего полета]</note> череп:</p>
<lb/>
<div rend="image"><figure><graphic url="./img/b00002367.png"/></figure></div><p class="left">Все ящики выдвигаются в коридор.</p>
<p rend="left">Ящики могут выдвигаться по несколько с каждой стороны, оставляя проход в коридоре. Когда же, посредством хорошей погоды, лести, пищеваренья и т. п. пожата правая пружина, то все ящики сразу выскакивают, и весь коридор занимается ящиками правой стороны, вот так:</p>
<div rend="image"><figure><graphic url="./img/b00002370.png"/></figure></div><lb/>
<p rend="left">и наоборот, когда дождик, дурной желудок, правда пожмут левую, тоже коридор весь загораживается.</p>
<p rend="left">А вот рисунок нормального положения, когда выдвигаются то те, то другие:</p>
<div rend="image"><figure><graphic url="./img/b00002374.png"/></figure></div><lb/>
<p rend="left emptyline"><hi style="opnumber">229</hi> <hi style="npnumber">230</hi></p>
<p rend="left">Кроме того надо знать, что каждый ящик имеет пропасть подразделений. Подразделения зависят от человека. У одного делятся на придворные и не придворные; у другого на красивые и не красивые; у третьего на умные и глупые и т. д., и т. д., и т. д. У меня разделяются на воспоминания о хороших, очень хороших и серьезно хороших и людях ничего. В разрезе и большом маштабе вот так:</p>
<div rend="image"><figure><graphic url="./img/b00002378.png"/></figure></div><lb/>
<p rend="left">Итак, едучи верхом, пружина хорошего расположения пожалась, и ящики выскочили все. В том числе и ваш ящик. Потом стали убираться понемногу, а ваш ящик, Бог знает по какому праву, выскочил весь, — стал поперек в коридоре и загородил всю дорогу. Так что весьма долго я им одним занимался и всё ехал и мысленно писал вам предлинное письмо. Но, приехав домой, в коридор надо было пропустить новые штуки, именно вопрос о том, как рассудить подравшегося мужика с женой, вопрос о покупке лесу и т. п., и эти вопросы самым грубым манером полезли напролом в коридор. Ежели бы я не успел запрятать в свое место ваш ящик, они бы сломали его. Одним словом, в этот же день я начал писать вам письмо, но уж не писалось, и я так и бросил его.</p>
<p rend="left">На ваше письмо я не отвечал тотчас же, потому что сам думал скоро быть в Петербурге, и теперь думаю, но всё откладывается, и уж мне становится совестно. Сестре нужно было ехать в Москву, и я поехал с ней. За границу она зимой не должна ехать, в Петербург тоже; поэтому и я остаюсь в России эту зиму, но в Петербург приеду очень скоро. Много и много хочется поговорить с вами. Вы спрашиваете у меня совета успокоительного; а я к вам приеду за этим, и оба мы не найдем, чего ищем. Вечная тревога, труд, борьба, лишения — это необходимые условия, из которых не должен сметь думать выдти хоть на секунду ни один человек. Только честная тревога, борьба и труд, основанные на любви, есть то, что называют счастьем. — Да что счастие — глупое слово; несчастье, а <hi>хорошо;</hi> а бесчестная <hi style="opdelimiter">тревога,</hi><hi style="opnumber">230</hi> <hi style="npnumber">231</hi><hi style="npdelimiter">основанная</hi> на любви к себе — это, — несчастье. Вот вам в самой сжатой форме перемена во взгляде на жизнь, происшедшая во мне в последнее время. Мне смешно вспомнить, как я думывал и как вы, кажется, думаете, что можно себе устроить счастливый и честный мирок, в котором спокойно, без ошибок, без раскаянья, без путаницы жить себе потихоньку и делать не торопясь, акуратно всё только хорошее. Смешно! <hi>Нельзя</hi>, бабушка. Всё равно, как <hi>нельзя</hi>, не двигаясь, не делая моциона, быть здоровым. Чтоб жить честно, надо рваться, путаться, биться, ошибаться, начинать и бросать, и опять начинать и опять бросать, и вечно бороться и лишаться. А спокойствие — душевная подлость. От этого-то дурная сторона нашей души и желает спокойствия, не предчувствуя, что достижение его сопряжено с потерей всего, что есть в нас прекрасного, не человеческого, а <hi>оттуда.</hi></p>
<p rend="left">Вот вам и проповедь, бабушка. Да нет, это я написал очень не шутя. И чем больше думаю, тем больше вижу, что это так.</p>
<p rend="left">Прощайте, от души жму вашу руку и всех ваших, которых надеюсь увидеть дня через два. Скажите Катерине Николаевне,<note xml:id="note4" resp="volume_editor" index="false"> Е. Н. Шостак.</note> что В. Иславин<note xml:id="note5" resp="volume_editor" index="false"> Владимир Александрович Иславин (1810—1895), был женат на Юлии Михайловне Кирьяковой (1840?—1919?). О них см. т. 59, стр. 33.</note> женится на Кирьяковой какой-то.</p>
<comments><p rend="Textpetit_otstup left">Впервые опубликовано в ПТ, стр. 91—94. Письмо датируется 18— 20? октября 1857 г., так как оно, судя по содержанию, написано из Москвы, куда Толстой приехал 17-го и откуда выехал в Петербург 21-го.</p>
<p rend="Textpetit_otstup left"><hi>1</hi> Под «последним письмом» Толстой разумеет письмо А. А. Толстой от 7 октября 1857 г.</p>
<p rend="petit left"><hi>2</hi> Толстой отвечает здесь на письмо А. А. Толстой от 29 августа.</p>
<p rend="petit left"><hi>3</hi> [с птичьего полета]</p>
<p rend="petit left"><hi>4</hi> Е. Н. Шостак.</p>
<p rend="petit left"><hi>5</hi> Владимир Александрович Иславин (1810—1895), был женат на Юлии Михайловне Кирьяковой (1840?—1919?). О них см. т. 59, стр. 33.</p>
</comments></div></body>
        </text>
        </TEI>