<?xml version='1.0' encoding='UTF-8' standalone='no'?>

<TEI xmlns="http://www.tei-c.org/ns/1.0">
       <teiHeader>
          <fileDesc>
             <titleStmt>
                <title>Письмо №* 56. Гр. С. Н. Толстому.</title>
             </titleStmt>
             <publicationStmt>
                <publisher>TolstoyLab</publisher>
                <date when="2015-09-14">14 September 2015</date>
             </publicationStmt>
             <sourceDesc>
                <biblStruct>
                   <analytic>
                      <author>Толстой Л.Н.</author>
                   </analytic>
                   <monogr>
                      <title level="m">Полное собрание сочинений. Том 59</title>
                      <imprint>
                         <pubPlace>Москва</pubPlace>
                         <publisher>Государственное издательство "Художественная литература"</publisher>
                         <date when="1935"/>
                      </imprint>
                   </monogr>
                   <series>
                      <title level="s">Л.Н. Толстой. Полное собрание сочинений</title>
                      <biblScope unit="vol">59</biblScope>
                   </series>
                </biblStruct>
				<bibl>Печатается по автографу, хранящемуся в ГТМ. Публикуется впервые.</bibl>
             </sourceDesc>
          </fileDesc>
          <encodingDesc>
             <tagsDecl> </tagsDecl>
          </encodingDesc>
          <profileDesc>
             <correspDesc>
                <correspAction type="sending">
                   <persName ref="PersonList.xml#L_N_Tolstoy">Л. Н. Толстой</persName>
                   <placeName ref="PlacesListxml#PLACE">Тифлис.</placeName>
                   <date when="1852-01-07">1852 г. Января 7.</date>            </correspAction>
                <correspAction type="receiving">
                   <persName ref="PersonList.xml#RECEIVER">Гр. С. Н. Толстому</persName>
                </correspAction>
                <correspContext>
                   <ref type="prev"/>
                </correspContext>
             </correspDesc>
          </profileDesc>
       </teiHeader>
       <xenoData><number type="in a volume">56</number></xenoData>

              <text xml:id="Gr.S.N.Tolstomu_56">
	<body><div>
		<opener index="false">
* 56. Гр. С. Н. Толстому.
1852 г. Января 7. Тифлис.
</opener><p rend="right"><choice><reg>Тифлис</reg><orig>Тифлисъ</orig></choice>.</p>

<p rend="Obrashenie left">Милый <choice><reg>друг</reg><orig>другъ</orig></choice> Сережа!</p>
<p rend="left">По моему письму <choice><reg>от</reg><orig>отъ</orig></choice> 24 Декабря ты можешь заключить, <choice><reg>как</reg><orig>какъ</orig></choice> поздно я <choice><reg>получил</reg><orig>получилъ</orig></choice> твое письмо <choice><reg>от</reg><orig>отъ</orig></choice> 12 Ноября<note xml:id="note1" resp="volume_editor" index="false"><note xml:id="note2" resp="volume_editor" index="false"><hi> </hi>Это, конечно, письмо № 52, датированное 23 декабря.</note> — я его <choice><reg>получил</reg><orig>получилъ</orig></choice> вчера 6 Генваря. — Пожалуйста не засни на <choice><reg>лаврах</reg><orig>лаврахъ</orig></choice>, которыми ты можешь воображать, что <choice><reg>увенчался</reg><orig>увѣнчался</orig></choice>, <choice><reg>написав</reg><orig>написавъ</orig></choice> <choice><reg>мне</reg><orig>мнѣ</orig></choice> письмо <choice><reg>в</reg><orig>въ</orig></choice> <hi>3</hi>/<sub>4</sub>Это письмо не <hi style="opdelimiter">сохранилось.</hi><hi style="opnumber">156</hi></note> <choice><reg>почтового</reg><orig>почтоваго</orig></choice> листа, а продолжай <choice><reg>мне</reg><orig>мнѣ</orig></choice> писать почаще и <choice><reg>подлинее</reg><orig>подлинѣе</orig></choice>; когда я получаю письмо <choice><reg>от</reg><orig>отъ</orig></choice> кого нибудь <choice><reg>из</reg><orig>изъ</orig></choice> <choice><reg>наших</reg><orig>нашихъ</orig></choice>, то я бываю до того <choice><reg>рад</reg><orig>радъ</orig></choice>, что <choice><reg>краснею</reg><orig>краснѣю</orig></choice>, конфужусь <choice><reg>от</reg><orig>отъ</orig></choice> радости, не знаю <choice><reg>как</reg><orig>какъ</orig></choice> держать письмо, <choice><reg>с</reg><orig>съ</orig></choice> которой стороны начинать, и когда прочту, то начинаю <choice><reg>смеятся</reg><orig>смѣятся</orig></choice> <choice><reg>от</reg><orig>отъ</orig></choice> радости, <choice><reg>так</reg><orig>такъ</orig></choice> же, <choice><reg>как</reg><orig>какъ</orig></choice> <choice><reg>Подъемщиков</reg><orig>Подъемщиковъ</orig></choice> <choice><reg>смеялся</reg><orig>смѣялся</orig></choice>, когда <choice><reg>увидал</reg><orig>увидалъ</orig></choice>, <choice><reg>как</reg><orig>какъ</orig></choice> затравили зайца; <choice><reg>потом</reg><orig>потомъ</orig></choice> я начинаю ходить <choice><reg>взад</reg><orig>взадъ</orig></choice> и <choice><reg>вперед</reg><orig>впередъ</orig></choice> по <choice><reg>комнате</reg><orig>комнатѣ</orig></choice>, <choice><reg>как</reg><orig>какъ</orig></choice> <choice><reg>Гимбуд</reg><orig>Гимбудъ</orig></choice><note xml:id="note3" resp="volume_editor" index="false"> Карл Фердинандович Гимбут (р. в 1815 г., ум. 27 мая 1881 г.), служил лесничим подгородного лесничества (в чине штабс-капитана в 1851 г.) близ Ясной поляны, в отставку вышел в 1863 г. На сельско-хозяйственной выставке в Туле в 1851 г. он получил серебряную медаль большого размера «за первоначальное введение в Тульской губ. шелководства и за 11 пород древесных растений, разведенных им от семян». В сохранившемся в АТБ письме к Толстому от 6 декабря 1852 г. К. Ф. Гимбут просит продать ему деревню Мостовую. К. Ф. Гимбут часто упоминается в дневнике Толстого 1856—1858 гг.</note> и <choice><reg>делать</reg><orig>дѣлать</orig></choice> разные <choice><reg>дикие</reg><orig>дикiе</orig></choice> жесты и говорить <choice><reg>вслух</reg><orig>вслухъ</orig></choice> <choice><reg>непонятные</reg><orig>непонятныя</orig></choice> слова. — Ежели <choice><reg>в</reg><orig>въ</orig></choice> это время <choice><reg>мне</reg><orig>мнѣ</orig></choice> попадается какой нибудь <choice><reg>человек</reg><orig>человѣкъ</orig></choice>, я начинаю ему все <choice><reg>рассказывать</reg><orig>разсказывать</orig></choice> не заботясь о <choice><reg>том</reg><orig>томъ</orig></choice>, нужно ли ему, и <choice><reg>хочет</reg><orig>хочетъ</orig></choice> ли <choice><reg>он</reg><orig>онъ</orig></choice> знать <choice><reg>об</reg><orig>объ</orig></choice> <choice><reg>этом</reg><orig>этомъ</orig></choice>; ежели никого <choice><reg>нет</reg><orig>нѣтъ</orig></choice>, je me rabats sur<note xml:id="note4" resp="volume_editor" index="false">Я обращаюсь к</note> Ванюшка и тоже ему все <choice><reg>рассказываю</reg><orig>разсказываю</orig></choice> и <choice><reg>расспрашиваю</reg><orig>разспрашиваю</orig></choice>, <choice><reg>как</reg><orig>какъ</orig></choice> <choice original_editorial_correction='Влад[имир]'><sic>Влад</sic><corr><choice><reg>Владимир</reg><orig>Владимиръ</orig></choice></corr></choice> <choice original_editorial_correction='Ив[анович]'><sic>Ив</sic><corr><choice><reg>Иванович</reg><orig>Ивановичъ</orig></choice></corr></choice><note xml:id="note5" resp="volume_editor" index="false">Влад. Ив. Юшков. О нем см. прим. 4 к п. № 46.</note> «а? каково?» и долго не могу успокоится. — Можно бы было сказать, что письмо <choice><reg>в</reg><orig>въ</orig></choice> <hi>3</hi>/<sub>4</sub> листа не коротко, ежели бы было писано по людски; а то у тебя <choice><reg>от</reg><orig>отъ</orig></choice> буквы до буквы, <choice><reg>от</reg><orig>отъ</orig></choice> слова до слова <choice><reg>от</reg><orig>отъ</orig></choice> <choice><reg>линейки</reg><orig>линѣйки</orig></choice> до <choice><reg>линейки</reg><orig>линѣйки</orig></choice> <choice><reg>такие</reg><orig>такiя</orig></choice> перемычки, что всякое слово <choice><reg>как</reg><orig>какъ</orig></choice> отъемный <choice><reg>остров</reg><orig>островъ</orig></choice>. — <choice><reg>Насчет</reg><orig>Насчетъ</orig></choice> лошадей, <choice><reg>в</reg><orig>въ</orig></choice> <choice><reg>том</reg><orig>томъ</orig></choice> <choice><reg>числе</reg><orig>числѣ</orig></choice> и <choice><reg>Кривого</reg><orig>Криваго</orig></choice> Усана я <choice><reg>предписал</reg><orig>предписалъ</orig></choice> Андрею продать и <choice><reg>назначил</reg><orig>назначилъ</orig></choice> minimum <choice><reg>цены</reg><orig>цѣны</orig></choice>, но <choice><reg>так</reg><orig>такъ</orig></choice> <choice><reg>как</reg><orig>какъ</orig></choice> я распорядился этой продажей для уплаты <choice><reg>долгов</reg><orig>долговъ</orig></choice>, то ты можешь, <choice><reg>заплатив</reg><orig>заплативъ</orig></choice> Андрею за него <choice><reg>известную</reg><orig>извѣстную</orig></choice> <choice><reg>цену</reg><orig>цѣну</orig></choice> <hi>звонкой монетой,</hi> взять лошадь. — Предлагая <choice><reg>тебе</reg><orig>тебѣ</orig></choice> <choice><reg>экипаж</reg><orig>экипажъ</orig></choice>, я желаю только, чтобы <choice><reg>он</reg><orig>онъ</orig></choice> не <choice><reg>стоял</reg><orig>стоялъ</orig></choice> <choice><reg>без</reg><orig>безъ</orig></choice> всякой пользы, а деньги вычтешь <choice><reg>из</reg><orig>изъ</orig></choice> того, что я <choice><reg>тебе</reg><orig>тебѣ</orig></choice> <choice><reg>должен</reg><orig>долженъ</orig></choice>, и за сколько хочешь. —</p>
<p rend="left"><choice><reg>Как</reg><orig>Какъ</orig></choice> я тебя знаю, когда <choice><reg>писал</reg><orig>писалъ</orig></choice> <choice><reg>тебе</reg><orig>тебѣ</orig></choice>, «что, зная твою слабость, пишу <choice><reg>тебе</reg><orig>тебѣ</orig></choice> о <choice><reg>наших</reg><orig>нашихъ</orig></choice> <choice><reg>знакомствах</reg><orig>знакомствахъ</orig></choice>» — ты понятно <choice><reg>об</reg><orig>объ</orig></choice> <choice><reg>этом</reg><orig>этомъ</orig></choice> спрашиваешь <choice><reg>в</reg><orig>въ</orig></choice> <choice><reg>своем</reg><orig>своемъ</orig></choice> <choice><reg>письме</reg><orig>письмѣ</orig></choice>. <choice><reg>Об</reg><orig>Объ</orig></choice> <choice><reg>охоте</reg><orig>охотѣ</orig></choice> я тоже тебя <choice><reg>удовлетворил</reg><orig>удовлетворилъ</orig></choice>; <choice><reg>дальнейших</reg><orig>дальнѣйшихъ</orig></choice> <choice><reg>известий</reg><orig>извѣстiй</orig></choice> дать нe могу, потому что я все еще <choice><reg>в</reg><orig>въ</orig></choice> <choice><reg>Тифлисе</reg><orig>Тифлисѣ</orig></choice> сижу и дожидаюсь <choice><reg>денег</reg><orig>денегъ</orig></choice>. — Это <hi style="opdelimiter">одно</hi><hi style="opnumber">153</hi> <hi style="npnumber">154</hi><hi style="npdelimiter">меня</hi> <choice><reg>задерживает</reg><orig>задерживаетъ</orig></choice>, потому что <choice><reg>наконец</reg><orig>наконецъ</orig></choice> я <choice><reg>принят</reg><orig>принятъ</orig></choice> на службу. — Ты спрашиваешь о <choice><reg>том</reg><orig>томъ</orig></choice>, когда я буду <choice><reg>офицером</reg><orig>офицеромъ</orig></choice>? По <choice><reg>правам</reg><orig>правамъ</orig></choice> <choice><reg>всех</reg><orig>всѣхъ</orig></choice> <choice><reg>имеющих</reg><orig>имѣющихъ</orig></choice> <choice><reg>чин</reg><orig>чинъ</orig></choice> (гражданской) <choice><reg>через</reg><orig>черезъ</orig></choice> 6 <choice><reg>месяцев</reg><orig>мѣсяцевъ</orig></choice> я буду <choice><reg>иметь</reg><orig>имѣть</orig></choice> <choice><reg>удовольствие</reg><orig>удовольствiе</orig></choice> быть представлену <choice><reg>в</reg><orig>въ</orig></choice> прапорщики. — Зимнюю <choice><reg>экспедицию</reg><orig>экспедицiю</orig></choice> я <choice><reg>с</reg><orig>съ</orig></choice> проклятыми <choice><reg>затруднениями</reg><orig>затрудненiями</orig></choice>, <choice original_editorial_correction='к[отор]ые'><sic>кые</sic><corr>которые</corr></choice> <choice><reg>мне</reg><orig>мнѣ</orig></choice> <choice><reg>здесь</reg><orig>здѣсь</orig></choice> <choice><reg>делали</reg><orig>дѣлали</orig></choice>, <choice><reg>прогулял</reg><orig>прогулялъ</orig></choice>, потому что она уже началась. — <choice><reg>Может</reg><orig>Можетъ</orig></choice> случиться однако, что и меня <choice><reg>пошлют</reg><orig>пошлютъ</orig></choice>. — Еще <choice><reg>в</reg><orig>въ</orig></choice> <choice><reg>Июле</reg><orig>Июлѣ</orig></choice> <choice><reg>месяце</reg><orig>мѣсяцѣ</orig></choice> <choice><reg>получил</reg><orig>получилъ</orig></choice> я <choice><reg>от</reg><orig>отъ</orig></choice> Андрея письмо, <choice><reg>в</reg><orig>въ</orig></choice> <choice><reg>котором</reg><orig>которомъ</orig></choice> <choice><reg>он</reg><orig>онъ</orig></choice> <choice><reg>пишет</reg><orig>пишетъ</orig></choice> <choice><reg>мне</reg><orig>мнѣ</orig></choice>: «<choice original_editorial_correction='С[ергей]'><sic>С</sic><corr><choice><reg>Сергей</reg><orig>Сергѣй</orig></choice></corr></choice> <choice original_editorial_correction='Н[иколаевич]'><sic>Н</sic><corr><choice><reg>Николаевич</reg><orig>Николаевичъ</orig></choice></corr></choice><note xml:id="note7" resp="volume_editor" index="false">Гр. Сергей Ник. Толстой.</note> изволили скакать <choice><reg>с</reg><orig>съ</orig></choice> какими-то князьями», и больше ничего. — Долго мы <choice><reg>с</reg><orig>съ</orig></choice> <choice original_editorial_correction='Н[иколиньк]ой'><sic>Ной</sic><corr>Николинькой</corr></choice> ломали <choice><reg>себе</reg><orig>себѣ</orig></choice> голову <choice><reg>над</reg><orig>надъ</orig></choice> этой фразой и <choice><reg>наконец</reg><orig>наконецъ</orig></choice> <choice><reg>решили</reg><orig>рѣшили</orig></choice>, что это <choice original_editorial_correction='А[ндрей]'><sic>А</sic><corr>Андрей</corr></choice> <choice><reg>загадал</reg><orig>загадалъ</orig></choice> <choice><reg>нам</reg><orig>намъ</orig></choice> загадку — теперь ты <choice><reg>разгадал</reg><orig>разгадалъ</orig></choice> ее. — Поздравляю тебя <choice><reg>с</reg><orig>съ</orig></choice> прошедшими и будущими призами, <choice><reg>с</reg><orig>съ</orig></choice> <choice><reg>праздником</reg><orig>праздникомъ</orig></choice>, <choice><reg>с</reg><orig>съ</orig></choice> <choice><reg>новым</reg><orig>новымъ</orig></choice> <choice><reg>годом</reg><orig>годомъ</orig></choice>, <choice><reg>с</reg><orig>съ</orig></choice> <choice><reg>сыном</reg><orig>сыномъ</orig></choice> (хотя и <choice><reg>выблядок</reg><orig>выблядокъ</orig></choice>, но всетаки <choice><reg>сын</reg><orig>сынъ</orig></choice>)<note xml:id="note8" resp="volume_editor" index="false">Умерший в раннем детстве сын Сергея Николаевича, Николай.</note> и <choice><reg>с</reg><orig>съ</orig></choice> будущей женитьбой. На <choice><reg>ком</reg><orig>комъ</orig></choice>? не на Канивальской ли?<note xml:id="note9" resp="volume_editor" index="false">У Ив. Матв. Канивальского (о нем см. прим. 9 к п. № 33) было три дочери: Софья, Елизавета и Александра. О которой из них идет речь, выяснить не удалось.</note> — <choice><reg>Вот</reg><orig>Вотъ</orig></choice> <choice><reg>какие</reg><orig>какiя</orig></choice> мысли <choice><reg>приходят</reg><orig>приходятъ</orig></choice> <choice><reg>мне</reg><orig>мнѣ</orig></choice> <choice><reg>насчет</reg><orig>насчетъ</orig></choice> твоей женитьбы. <choice><reg>Вопервых</reg><orig>Вопервыхъ</orig></choice>, всякая <choice><reg>перемена</reg><orig>перемѣна</orig></choice> <choice><reg>нам</reg><orig>намъ</orig></choice> мила, и я <choice><reg>с</reg><orig>съ</orig></choice> <choice><reg>больщим</reg><orig>больщимъ</orig></choice> <choice><reg>удовольствием</reg><orig>удовольствiемъ</orig></choice> воображаю <choice><reg>себе</reg><orig>себѣ</orig></choice> хорошенькую добрую <choice><reg>невестку</reg><orig>невѣстку</orig></choice>, твои <choice><reg>дела</reg><orig>дѣла</orig></choice> <choice><reg>в</reg><orig>въ</orig></choice> <choice><reg>цветущем</reg><orig>цвѣтущемъ</orig></choice> <choice><reg>состоянии</reg><orig>состоянiи</orig></choice>, Пироговской <choice><reg>дом</reg><orig>домъ</orig></choice> <choice><reg>отделанный</reg><orig>отдѣланный</orig></choice> за ново, Никифора <choice><reg>в</reg><orig>въ</orig></choice> <choice><reg>новом</reg><orig>новомъ</orig></choice> <choice><reg>фраке</reg><orig>фракѣ</orig></choice> <choice><reg>с</reg><orig>съ</orig></choice> гербовыми пуговицами <choice><reg>первого</reg><orig>перваго</orig></choice> разбора, воображаю <choice><reg>себе</reg><orig>себѣ</orig></choice>, <choice><reg>как</reg><orig>какъ</orig></choice> я <choice><reg>приезжаю</reg><orig>приѣзжаю</orig></choice> <choice><reg>к</reg><orig>къ</orig></choice> <choice><reg>тебе</reg><orig>тебѣ</orig></choice>, <choice><reg>как</reg><orig>какъ</orig></choice> все <choice><reg>мне</reg><orig>мнѣ</orig></choice> <hi>у <choice><reg>вас</reg><orig>васъ</orig></choice></hi> нравится и <choice><reg>невестка</reg><orig>невѣстка</orig></choice>, и <choice><reg>самовар</reg><orig>самоваръ</orig></choice>, и <choice><reg>все</reg><orig>всѣ</orig></choice> ваши <choice><reg>семейные</reg><orig>семейныя</orig></choice> <choice><reg>удовольствия</reg><orig>удовольствiя</orig></choice>, и <choice><reg>воркование</reg><orig>воркованiе</orig></choice>, <choice><reg>одним</reg><orig>однимъ</orig></choice> <choice><reg>словом</reg><orig>словомъ</orig></choice>, я воображаю <choice><reg>себе</reg><orig>себѣ</orig></choice> мой <choice><reg>приезд</reg><orig>приѣздъ</orig></choice> <choice><reg>к</reg><orig>къ</orig></choice> <choice><reg>тебе</reg><orig>тебѣ</orig></choice> <choice><reg>в</reg><orig>въ</orig></choice> Страстную пятницу 1851 года, только, новое исправленное <choice><reg>издание</reg><orig>изданiе</orig></choice> — на веленевой <choice><reg>бумаге</reg><orig>бумагѣ</orig></choice> — очень <choice><reg>приятная</reg><orig>прiятная</orig></choice> картина, теперь другая. — Опять я <choice><reg>приезжаю</reg><orig>приѣзжаю</orig></choice> — иду <choice><reg>с</reg><orig>съ</orig></choice> дороги <choice><reg>раздеваться</reg><orig>раздѣваться</orig></choice> <choice><reg>в</reg><orig>въ</orig></choice> комнату Венеры, какой то незнакомый <choice><reg>человек</reg><orig>человѣкъ</orig></choice> <choice><reg>говорит</reg><orig>говоритъ</orig></choice> <choice><reg>мне</reg><orig>мнѣ</orig></choice> «нельзя, <choice><reg>генерал</reg><orig>генералъ</orig></choice> еще <choice><reg>почивают</reg><orig>почиваютъ</orig></choice>». (<choice><reg>Генерал</reg><orig>Генералъ</orig></choice> это твой тесть), иду <choice><reg>в</reg><orig>въ</orig></choice> другую комнату, <choice><reg>там</reg><orig>тамъ</orig></choice> теща. — <choice><reg>Наконец</reg><orig>Наконецъ</orig></choice> <choice><reg>раздеваюсь</reg><orig>раздѣваюсь</orig></choice>, схожу <choice><reg>вниз</reg><orig>внизъ</orig></choice>; <choice><reg>сидит</reg><orig>сидитъ</orig></choice> <choice><reg>целая</reg><orig>цѣлая</orig></choice> куча <choice><reg>родственников</reg><orig>родственниковъ</orig></choice> — все незнакомый и <choice><reg>глупые</reg><orig>глупыя</orig></choice> лица — <choice><reg>наших</reg><orig>нашихъ</orig></choice> никого <choice><reg>нет</reg><orig>нѣтъ</orig></choice>. — <choice><reg>Приезжают</reg><orig>Приѣзжаютъ</orig></choice> гости <choice><reg>соседи</reg><orig>сосѣди</orig></choice> — Тула, Крапивна — <choice><reg>Щелин</reg><orig>Щелинъ</orig></choice>,<note xml:id="note10" resp="volume_editor" index="false"> Вероятно, Дмитрий Матвеевич Щелин (1801—18..), в 1850—1866 гг. бывший Крапивенским предводителем дворянства.</note> <choice><reg>Чулков</reg><orig>Чулковъ</orig></choice>,<note xml:id="note11" resp="volume_editor" index="false">Николай Алексеевич (о нем см. прим. 18 к п. № 52) или Василий Алексеевич (о нем см. прим. 5 к п. № 36) Чулков.</note> <choice><reg>Председатель</reg><orig>Предсѣдатель</orig></choice>, <choice><reg>Советники</reg><orig>Совѣтники</orig></choice>. <choice><reg>В</reg><orig>Въ</orig></choice> <choice><reg>доме</reg><orig>домѣ</orig></choice> <choice><reg>царствует</reg><orig>царствуетъ</orig></choice> деревенское — Щелино-Чулковское <choice><reg>великолепие</reg><orig>вѣликолѣпiе</orig></choice>. — Начинается <choice><reg>разговор</reg><orig>разговоръ</orig></choice> о <choice><reg>дворянах</reg><orig>дворянахъ</orig></choice>, <choice><reg>выборах</reg><orig>выборахъ</orig></choice> — <choice><reg>тот</reg><orig>тотъ</orig></choice> <choice><reg>подлец</reg><orig>подлецъ</orig></choice>, <choice><reg>тот</reg><orig>тотъ</orig></choice> <choice><reg>мерзавец</reg><orig>мерзавецъ</orig></choice>, <choice><reg>тот</reg><orig>тотъ</orig></choice> — черный <choice><reg>человек</reg><orig>человѣкъ</orig></choice>. — <choice><reg>Одним</reg><orig>Однимъ</orig></choice> <choice><reg>словом</reg><orig>словомъ</orig></choice> картина эта <choice><reg>представляет</reg><orig>представляетъ</orig></choice> <choice><reg>мне</reg><orig>мнѣ</orig></choice> тебя <hi><choice><reg>отрезанным</reg><orig>отрѣзаннымъ</orig></choice> <choice><reg>ломтем</reg><orig>ломтемъ</orig></choice></hi> <choice><reg>с</reg><orig>съ</orig></choice> <choice><reg>духом</reg><orig>духомъ</orig></choice> <choice><reg>родственников</reg><orig>родственниковъ</orig></choice> <choice><reg>женинных</reg><orig>женинныхъ</orig></choice> и <choice><reg>в</reg><orig>въ</orig></choice> <choice><reg>самом</reg><orig>самомъ</orig></choice> <choice><reg>разгаре</reg><orig>разгарѣ</orig></choice> всей Губернской жизни — скверная картина. — <hi style="opdelimiter">Третья</hi><hi style="opnumber">154</hi> <hi style="npnumber">155</hi><hi style="npdelimiter">картина.</hi> Маша<note xml:id="note12" resp="volume_editor" index="false">Мар. Мих. Шишкина. О ней см. прим. 16 к п. № 12.</note> <choice><reg>сидит</reg><orig>сидитъ</orig></choice> <choice><reg>в</reg><orig>въ</orig></choice> <choice><reg>известном</reg><orig>извѣстномъ</orig></choice> <choice><reg>переулке</reg><orig>переулкѣ</orig></choice> <choice><reg>в</reg><orig>въ</orig></choice> <choice><reg>Туле</reg><orig>Тулѣ</orig></choice> <choice><reg>с</reg><orig>съ</orig></choice> М. В.,<note xml:id="note13" resp="volume_editor" index="false">Кого разумел Толстой под этими инициалами, сказать не можем.</note> Сережей и всей кликою — голосу и молодости у нее <choice><reg>уж</reg><orig>ужъ</orig></choice> <choice><reg>нет</reg><orig>нѣтъ</orig></choice>, но есть <choice><reg>сын</reg><orig>сынъ</orig></choice> <choice original_editorial_correction='Н[икол]ай'><sic>Най</sic><corr>Николай</corr></choice> <choice><reg>Сергеич</reg><orig>Сергѣичъ</orig></choice> и 3 т. сер. — Несмотря на это она тебя <choice><reg>продолжает</reg><orig>продолжаетъ</orig></choice> любить и заливается горькими слезами. — 4-я картина. — Ты вырвался <choice><reg>от</reg><orig>отъ</orig></choice> жены и <choice><reg>прикатил</reg><orig>прикатилъ</orig></choice> <choice><reg>в</reg><orig>въ</orig></choice> Тулу <choice><reg>в</reg><orig>въ</orig></choice> <choice><reg>известной</reg><orig>извѣстной</orig></choice> <choice><reg>переулочек</reg><orig>переулочекъ</orig></choice>. Ты вспоминаешь старину, щупаешь Машу, а Финашка <choice><reg>прискакал</reg><orig>прискакалъ</orig></choice> <choice><reg>верхом</reg><orig>верхомъ</orig></choice> на рыженькой и приносить <choice><reg>тебе</reg><orig>тебѣ</orig></choice> записочку <choice><reg>от</reg><orig>отъ</orig></choice> Графини. Она <choice><reg>пишет</reg><orig>пишетъ</orig></choice>, что больна и <choice><reg>просит</reg><orig>проситъ</orig></choice> тебя <choice><reg>скорее</reg><orig>скорѣе</orig></choice> вернуться. «<choice><reg>Ах</reg><orig>Ахъ</orig></choice> какая тоска!» ты говоришь. — 5-ая картина. <choice original_editorial_correction='С[ергей]'><sic>С</sic><corr><choice><reg>Сергей</reg><orig>Сергѣй</orig></choice></corr></choice> <choice original_editorial_correction='Н[иколаевич]'><sic>Н</sic><corr><choice><reg>Николаевич</reg><orig>Николаевичъ</orig></choice></corr></choice> <choice><reg>в</reg><orig>въ</orig></choice> <choice><reg>Москве</reg><orig>Москвѣ</orig></choice> <choice><reg>с</reg><orig>съ</orig></choice> молодой хорошенькой Графиней <choice><reg>живет</reg><orig>живетъ</orig></choice> открыто. За графиней волочатся; они <choice><reg>ездят</reg><orig>ѣздятъ</orig></choice> по <choice><reg>балам</reg><orig>баламъ</orig></choice> <choice original_editorial_correction='С[ергей]'><sic>С</sic><corr><choice><reg>Сергей</reg><orig>Сергѣй</orig></choice></corr></choice> <choice original_editorial_correction='Н[иколаевич]'><sic>Н</sic><corr><choice><reg>Николаевич</reg><orig>Николаевичъ</orig></choice></corr></choice> <choice><reg>ревнует</reg><orig>ревнуетъ</orig></choice> и <choice><reg>проживает</reg><orig>проживаетъ</orig></choice> больше <choice><reg>своих</reg><orig>своихъ</orig></choice> <choice><reg>доходов</reg><orig>доходовъ</orig></choice>.<choice><reg>—Мало ли</reg><orig>—Мало-ли</orig></choice> <choice><reg>может</reg><orig>можетъ</orig></choice> быть <choice><reg>приятных</reg><orig>прiятныхъ</orig></choice> и <choice><reg>неприятных</reg><orig>непрiятныхъ</orig></choice> <choice><reg>картин</reg><orig>картинъ</orig></choice>, но <choice><reg>из</reg><orig>изъ</orig></choice> <choice><reg>тех</reg><orig>тѣхъ</orig></choice>, <choice><reg>которые</reg><orig>которыя</orig></choice> я <choice><reg>себе</reg><orig>себѣ</orig></choice> рисую, <choice><reg>мне</reg><orig>мнѣ</orig></choice> нравится только 1-ая, остальные <choice><reg>все</reg><orig>всѣ</orig></choice> гадки. — У меня есть однако <choice><reg>предчувствие</reg><orig>предчувствiе</orig></choice>, что <choice><reg>к</reg><orig>къ</orig></choice> моему <choice><reg>приезду</reg><orig>приѣзду</orig></choice> (который <choice><reg>впрочем</reg><orig>впрочемъ</orig></choice> я не могу определить) ты будешь <choice><reg>женат</reg><orig>женатъ</orig></choice>. Я <choice><reg>был</reg><orig>былъ</orig></choice> <choice><reg>уверен</reg><orig>увѣренъ</orig></choice>, что <choice><reg>монах</reg><orig>монахъ</orig></choice><note xml:id="note14" resp="volume_editor" index="false"> Ник. Серг. Воейков. О нем см. прим. 5 к п. № 7.</note> <choice><reg>живет</reg><orig>живетъ</orig></choice> <choice><reg>в</reg><orig>въ</orig></choice> <hi>Бозњ</hi>,<note xml:id="note15" resp="volume_editor" index="false">Славянское выражение: «В бозе почил», т. е. умер.</note> а <choice><reg>он</reg><orig>онъ</orig></choice> «un peu»,<note xml:id="note16" resp="volume_editor" index="false">немного</note> я <choice><reg>хотел</reg><orig>хотѣлъ</orig></choice> было ему написать серьезно <choice><reg>несколько</reg><orig>нѣсколько</orig></choice> <choice><reg>слов</reg><orig>словъ</orig></choice>, ежели бы <choice><reg>знал</reg><orig>зналъ</orig></choice>, <choice><reg>где</reg><orig>гдѣ</orig></choice> <choice><reg>он</reg><orig>онъ</orig></choice>, но теперь, ежели <choice><reg>он</reg><orig>онъ</orig></choice> <choice><reg>пьян</reg><orig>пьянъ</orig></choice>, скажи ему, что <choice><reg>он</reg><orig>онъ</orig></choice> <choice><reg>презренная</reg><orig>презрѣнная</orig></choice> тварь; ежели не <choice><reg>пьян</reg><orig>пьянъ</orig></choice>, что пора ему умирать и подумать <choice><reg>об</reg><orig>объ</orig></choice> смерти. — Не заботься о <choice><reg>том</reg><orig>томъ</orig></choice>, чтобы я не проигрался и не бойся этого. — <choice><reg>Вопервых</reg><orig>Вопервыхъ</orig></choice>, я 6 <choice><reg>месяцев</reg><orig>месяцевъ</orig></choice> не играю и играть не <choice><reg>намерен</reg><orig>намеренъ</orig></choice>, а вовторых, ежели бы можно было <choice><reg>тебе</reg><orig>тебѣ</orig></choice> объяснить <choice><reg>образ</reg><orig>образъ</orig></choice> жизни, который я <choice><reg>здесь</reg><orig>здѣсь</orig></choice> <choice><reg>веду</reg><orig>вѣду</orig></choice>, и <choice><reg>общий</reg><orig>общiй</orig></choice> <choice><reg>господетвующий</reg><orig>господетвующiй</orig></choice> genre<note xml:id="note17" resp="volume_editor" index="false">дух</note> на <choice><reg>Кавказе</reg><orig>Кавказѣ</orig></choice> (есть совершенно особенный genre у <choice><reg>всех</reg><orig>всѣхъ</orig></choice> <choice><reg>Кавказцев</reg><orig>Кавказцевъ</orig></choice>, который трудно объяснить) ты бы <choice><reg>понял</reg><orig>понялъ</orig></choice>, что я <choice><reg>никак</reg><orig>никакъ</orig></choice> не рискую <choice><reg>здесь</reg><orig>здѣсь</orig></choice> проиграться. — Дружба Митиньки<note xml:id="note18" resp="volume_editor" index="false"> Гр. Дм. Ник. Толстой. О нем см. прим. 5 к п. № 84.</note> <choice><reg>с</reg><orig>съ</orig></choice> Костинькой<note xml:id="note19" resp="volume_editor" index="false">Конст. Александрович Иславин. О нем см. прим. 10 и 25к п. № 12.</note> и его шанкера и бобоны — два <choice><reg>известия</reg><orig>извѣстiя</orig></choice>, <choice><reg>которые</reg><orig>которыя</orig></choice> одинаково для меня <choice><reg>неприятны</reg><orig>непрiятны</orig></choice>. Костинькина дружба и близкое знакомство <choice><reg>с</reg><orig>съ</orig></choice> <choice><reg>ним</reg><orig>нимъ</orig></choice> <choice><reg>может</reg><orig>можетъ</orig></choice> оставить <choice><reg>следы</reg><orig>слѣды</orig></choice> не хуже венерической <choice><reg>болезни</reg><orig>болѣзни</orig></choice>. — Митинька, <choice><reg>как</reg><orig>какъ</orig></choice> <choice><reg>мне</reg><orig>мнѣ</orig></choice> кажется (я его 2 года не <choice><reg>видал</reg><orig>видалъ</orig></choice>), выйдя на <choice><reg>свет</reg><orig>свѣтъ</orig></choice> <choice><reg>Божий</reg><orig>Божiй</orig></choice>, <choice><reg>после</reg><orig>послѣ</orig></choice> своей жизни <choice><reg>с</reg><orig>съ</orig></choice> Любовь <choice><reg>Сергеевной</reg><orig>Сергѣевной</orig></choice>,<note xml:id="note20" resp="volume_editor" index="false">О Любови Сергеевне Толстой пишет в «Воспоминаниях детства» (гл. IX): «К нашему семейству как-то пристроена, взята была из жалости, самое странное и жалкое существо, некто Любовь Сергеевна, девушка; не знаю, какую ей дали фамилию. Любовь Сергеевна была плод кровосмешения Протасова (из тех Протасовых, от которых Жуковский). Как она попала к нам, — не знаю. Слышал, что ее жалели, ласкали, хотели пристроить даже, выдать замуж за Федора Ивановича, но всё это не удалось. Она жила сначала у нас, — я этого не помню, а потом ее взяла тетенька Пелагея Ильинишна в Казань, и она жила у нее. Так что узнал я ее в Казани. Это было жалкое, кроткое, забитое существо. У нее была комнатка, и девочка ей прислуживала. Когда я узнал ее, она была не только жалка, но отвратительна. Не знаю, какая была у нее болезнь, но лицо ее было всё распухлое так, как бывают запухлые лица, искусанные пчелами. Глаза виднелись в узеньких щелках между двумя запухшими глянцевитыми без бровей подушками. Также распухшие, глянцевитые желтые были щеки, нос, губы, рот. И говорила она с трудом, так как и во рту, вероятно, была та же опухоль. Летом на лицо ее садились мухи, и она не чувствовала их, и это было особенно неприятно видеть. Волоса у ней были еще <hi style="opdelimiter">черные,</hi><hi style="opnumber">157</hi> <hi style="npnumber">158</hi><hi style="npdelimiter">но</hi> редкие, не скрывавшие голый череп. Владимир Иванович Юшков, муж тетеньки, недобрый шутник, не скрывал своего отвращения к ней. От нее всегда дурно пахло. А в комнате ее, где никогда не открывались окна и форточки, был удушливый запах. Вот эта-то Любовь Сергеевна сделалась другом Митеньки. Он стал ходить к ней, слушать ее, говорить с ней, читать ей. И — удивительное дело! — мы так были нравственно тупы, что только смеялись над этим; Митенька же был так нравственно высок, так независим от заботы о людском мнении, что никогда ни словом, ни намеком не показывал, что он считает хорошим то, что делает. Он только делал. И это был не порыв, а это продолжалось всё время, пока мы жили в Казани». Любовь Сергеевну изобразил Толстой и в «Юности». См. 2 том, стр. 389.</note> <choice><reg>с</reg><orig>съ</orig></choice> <choice><reg>Полубояриновым</reg><orig>Полубояриновымъ</orig></choice>,<note xml:id="note21" resp="volume_editor" index="false">Алексей Иванович Полубояринов, однокурсник гр. Д. Н. и С. Н. Толстых. О нем Толстой пишет в «Воспоминаниях детства» (гл. IX): «Мы, главное Сережа, водили знакомство с аристократическими товарищами и молодыми людьми; Митенька, напротив, из всех товарищей выбрал жалкого, оборванного, бедного студента, Полубояринова (которого наш приятель-шутник называл Полубезобедовым, и мы, жалкие ребята, находили это забавным и смеялись над Митенькой). Он только с Полубояриновым дружил и с ним готовился к экзаменам». Алексей Иванович Полубояринов поступил в Казанский университет осенью 1843 г. и вышел из него (по прошению) осенью 1845 г.</note> <choice><reg>с</reg><orig>съ</orig></choice> Лукою<note xml:id="note22" resp="volume_editor" index="false">Об этом Луке Толстой пишет в «Воспоминаниях детства» (гл. IX): Митенька «очень сблизился с очень оригинальным человеком, жившим у нашего опекуна, Воейкова, происхождение которого никто не знал. Звали его отцом Лукою. Он ходил в подряснике, был очень безобразен: маленький ростом, косой, черный, но очень чистоплотный и необыкновенно сильный. Он жал руку, как клещами, и говорил всегда как-то значительно и загадочно. Жил он у Воейкова подле мельницы, где построил маленький дом и развел необыкновенный цветник. Этого отца Луку Митенька и водил с собой». Из письма бурмистра Василия Трубецкого гр. Н. Н. Толстому от 4 февраля 1850 г. видно, что у Луки был вексель, выданный ему гр. Дмитрием Николаевичем на 2700 руб.</note> и т. д., <choice><reg>должен</reg><orig>долженъ</orig></choice> быть совершенной <choice><reg>ребенок</reg><orig>ребенокъ</orig></choice>. — <hi>Наши умишки мягки <choice><reg>как</reg><orig>какъ</orig></choice> <choice><reg>воск</reg><orig>воскъ</orig></choice></hi>, поэтому его <choice><reg>всякий</reg><orig>всякiй</orig></choice> <choice><reg>может</reg><orig>можетъ</orig></choice> сбить <choice><reg>с</reg><orig>съ</orig></choice> толку, <choice original_editorial_correction='Кост[инька]'><sic>Кост</sic><corr>Костинька</corr></choice> же, всю жизнь пресмыкаясь <choice><reg>в</reg><orig>въ</orig></choice> <choice><reg>разных</reg><orig>разныхъ</orig></choice> <choice><reg>общеcтвах</reg><orig>общеcтвахъ</orig></choice>, <choice><reg>посвятил</reg><orig>посвятилъ</orig></choice> себя и не <choice><reg>знает</reg><orig>знаетъ</orig></choice> больше <choice><reg>удовольствия</reg><orig>удовольствiя</orig></choice>, <choice><reg>как</reg><orig>какъ</orig></choice> поймать какого нибудь <choice><reg>неопытного</reg><orig>неопытнаго</orig></choice> <choice><reg>провинциала</reg><orig>провинцiала</orig></choice> и <choice><reg>под</reg><orig>подъ</orig></choice> <hi style="opdelimiter"><choice><reg>предлогом</reg><orig>предлогомъ</orig></choice></hi><hi style="opnumber">155</hi> <hi style="npnumber">156</hi><hi style="npdelimiter">руководить</hi> его — сбить его <choice><reg>совсем</reg><orig>совсѣмъ</orig></choice> <choice><reg>с</reg><orig>съ</orig></choice> толку, — <choice><reg>он</reg><orig>онъ</orig></choice> его <choice><reg>доконает</reg><orig>доконаетъ</orig></choice>. — Я говорю это по опыту. Несмотря на мое огромное <choice><reg>самолюбие</reg><orig>самолюбiе</orig></choice>, <choice><reg>в</reg><orig>въ</orig></choice> <choice><reg>Петербурге</reg><orig>Петербургѣ</orig></choice> <choice><reg>он</reg><orig>онъ</orig></choice> <choice><reg>имел</reg><orig>имѣлъ</orig></choice> на меня большое <choice><reg>влияние</reg><orig>влiянiе</orig></choice> и <choice><reg>умел</reg><orig>умѣлъ</orig></choice> испортить <choice><reg>мне</reg><orig>мнѣ</orig></choice> <choice><reg>так</reg><orig>такъ</orig></choice> эти 8 <choice><reg>месяцев</reg><orig>мѣсяцевъ</orig></choice>, которые я <choice><reg>провел</reg><orig>провелъ</orig></choice> <choice><reg>там</reg><orig>тамъ</orig></choice>, что у меня <choice><reg>нет</reg><orig>нѣтъ</orig></choice> <choice><reg>воспоминаний</reg><orig>воспоминанiй</orig></choice> <choice><reg>неприятнее</reg><orig>непрiятнѣе</orig></choice>. <choice><reg>Он</reg><orig>Онъ</orig></choice> <choice><reg>умел</reg><orig>умѣлъ</orig></choice> меня <choice><reg>убедить</reg><orig>убѣдить</orig></choice> <choice><reg>в</reg><orig>въ</orig></choice> <choice><reg>том</reg><orig>томъ</orig></choice>, что Кочубей, Несельроды<note xml:id="note23" resp="volume_editor" index="false">Фамилии Кочубеев и Нессельроде названы, вероятно, как «громкие» аристократические фамилии. «Известность» фамилии Кочубеев придал государственный канцлер внутренних дел кн. Виктор Павлович (1768—1834), а Нессельроде — гр. Карл Васильевич (1780—1862), с 1844 г. государственный канцлер.</note> и <choice><reg>все</reg><orig>всѣ</orig></choice> эти <choice original_editorial_correction='Г[оспо]да'><sic>Гда</sic><corr>Господа</corr></choice> <choice><reg>такие</reg><orig>такiе</orig></choice> люди, что я <choice><reg>должен</reg><orig>долженъ</orig></choice> пасть <choice><reg>ниц</reg><orig>ницъ</orig></choice> <choice><reg>перед</reg><orig>передъ</orig></choice> ними, когда увижу, и что я <choice><reg>с</reg><orig>съ</orig></choice> <choice original_editorial_correction='К[остенькой]'><sic>К</sic><corr>Костенькой</corr></choice>,<note xml:id="note24" resp="volume_editor" index="false">Конст. Алдр. Иславин.</note> <choice><reg>с</reg><orig>съ</orig></choice> Михалковым<note xml:id="note25" resp="volume_editor" index="false">Кто такой Михалков, узнать не удалось.</note> еще могу кое <choice><reg>как</reg><orig>какъ</orig></choice> разговаривать, но что <choice><reg>в</reg><orig>въ</orig></choice> <choice><reg>сравнении</reg><orig>сравненiи</orig></choice> <choice><reg>с</reg><orig>съ</orig></choice> этими тузами я ровно нуль — <choice><reg>погибший</reg><orig>погибшiй</orig></choice> <choice><reg>человек</reg><orig>человѣкъ</orig></choice> и <choice><reg>должен</reg><orig>долженъ</orig></choice> бояться <choice><reg>их</reg><orig>ихъ</orig></choice> и скрывать <choice><reg>от</reg><orig>отъ</orig></choice> <choice><reg>них</reg><orig>нихъ</orig></choice> свое ничтожество. А <choice><reg>впрочем</reg><orig>впрочемъ</orig></choice>, жалкое <choice><reg>создание</reg><orig>созданiе</orig></choice> <choice><reg>этот</reg><orig>этотъ</orig></choice> <choice original_editorial_correction='Кост[инька]'><sic>Кост</sic><corr>Костинька</corr></choice>. <choice><reg>Чем</reg><orig>Чѣмъ</orig></choice> <choice><reg>он</reg><orig>онъ</orig></choice> <choice><reg>кончит</reg><orig>кончитъ</orig></choice>? Мы <choice><reg>раз</reg><orig>разъ</orig></choice> <choice><reg>с</reg><orig>съ</orig></choice> <choice original_editorial_correction='Н[иколиньк]ой'><sic>Ной</sic><corr>Николинькой</corr></choice> говорили о <choice><reg>нем</reg><orig>немъ</orig></choice> и придумали, что для него ничего не <choice><reg>может</reg><orig>можетъ</orig></choice> быть лучше, ежели <choice><reg>он</reg><orig>онъ</orig></choice> <choice><reg>чувствует</reg><orig>чувствуетъ</orig></choice> <choice><reg>в</reg><orig>въ</orig></choice> <choice><reg>себе</reg><orig>себѣ</orig></choice> довольно силы, <choice><reg>как</reg><orig>какъ</orig></choice> служить <choice><reg>в</reg><orig>въ</orig></choice> полку на <choice><reg>Кавказе</reg><orig>Кавказѣ</orig></choice>. — Можно <choice><reg>отвечать</reg><orig>отвѣчать</orig></choice>, что <choice><reg>в</reg><orig>въ</orig></choice> 3,4 года <choice><reg>он</reg><orig>онъ</orig></choice> <choice><reg>из</reg><orig>изъ</orig></choice> <choice><reg>солдат</reg><orig>солдатъ</orig></choice> <choice><reg>будет</reg><orig>будетъ</orig></choice> <choice><reg>офицером</reg><orig>офицеромъ</orig></choice> и <choice><reg>сверх</reg><orig>сверхъ</orig></choice> того <choice><reg>здесь</reg><orig>здѣсь</orig></choice> <choice><reg>он</reg><orig>онъ</orig></choice> <choice><reg>может</reg><orig>можетъ</orig></choice> <choice><reg>иметь</reg><orig>имѣть</orig></choice> chance<note xml:id="note26" resp="volume_editor" index="false">возможность</note> очень скоро получить родовое дворянство, <choice><reg>получив</reg><orig>получивъ</orig></choice> <choice><reg>Владимира</reg><orig>Владимiра</orig></choice>, и <choice><reg>он</reg><orig>онъ</orig></choice> <choice><reg>мог</reg><orig>могъ</orig></choice> бы обогнать своего брата <choice original_editorial_correction='бедно[го]'><sic>бедно</sic><corr>бедного</corr></choice> Вольдемара,<note xml:id="note27" resp="volume_editor" index="false">О Влад. Александр. Иславине см. прим. 10 к п. № 12. Как «незаконнорожденные», Иславины были «купеческого звания», а чтобы получить «потомственное дворянство» нужно было иметь орден св. Владимира.</note> (<choice><reg>которого</reg><orig>котораго</orig></choice> я очень люблю),который трудится <choice><reg>из</reg><orig>изъ</orig></choice> <choice><reg>этого</reg><orig>этаго</orig></choice>, <choice><reg>Бог</reg><orig>Богъ</orig></choice> <choice><reg>знает</reg><orig>знаетъ</orig></choice>, сколько <choice><reg>лет</reg><orig>лѣтъ</orig></choice>. — Ежели ты его увидишь, то скажи ему, что мы <choice><reg>с</reg><orig>съ</orig></choice> <choice original_editorial_correction='Н[иколеньк]ой'><sic>Ной</sic><corr>Николенькой</corr></choice> для него придумали. — О <choice><reg>себе</reg><orig>себѣ</orig></choice> нечего писать <choice><reg>мне</reg><orig>мнѣ</orig></choice>, потому что <choice><reg>с</reg><orig>съ</orig></choice> того дня, <choice><reg>как</reg><orig>какъ</orig></choice> <choice><reg>тебе</reg><orig>тебѣ</orig></choice> <choice><reg>писал</reg><orig>писалъ</orig></choice>, веду жизнь самую спокойную и однообразную. Сначала по <choice><reg>целым</reg><orig>цѣлымъ</orig></choice> <choice><reg>дням</reg><orig>днямъ</orig></choice> <choice><reg>хлопотал</reg><orig>хлопоталъ</orig></choice> о <choice><reg>своем</reg><orig>своемъ</orig></choice> <choice><reg>зачислении</reg><orig>зачисленiи</orig></choice> па службу, <choice><reg>обегал</reg><orig>обѣгалъ</orig></choice> <choice><reg>всех</reg><orig>всѣхъ</orig></choice> <choice><reg>генералов</reg><orig>генераловъ</orig></choice> и могу сказать, что <choice><reg>поступил</reg><orig>поступилъ</orig></choice> геройски — <choice><reg>взял</reg><orig>взялъ</orig></choice> <choice><reg>с</reg><orig>съ</orig></choice> бою свой <choice><reg>приказ</reg><orig>приказъ</orig></choice> о <choice><reg>зачислении</reg><orig>зачисленiи</orig></choice> — теперь сижу <choice><reg>целый</reg><orig>цѣлый</orig></choice> день дома, читаю, пишу и дожидаюсь <choice><reg>денег</reg><orig>денегъ</orig></choice>. — Я совершенно <choice><reg>здоров</reg><orig>здоровъ</orig></choice> и <choice><reg>спокоен</reg><orig>спокоенъ</orig></choice>, но ужасно хочется <choice><reg>поскорее</reg><orig>поскорѣе</orig></choice> <choice><reg>съехаться</reg><orig>съѣхаться</orig></choice> <choice><reg>с</reg><orig>съ</orig></choice> <choice original_editorial_correction='Н[иколиньк]ой'><sic>Ной</sic><corr>Николинькой</corr></choice>. Можешь узнать еще <choice><reg>многия</reg><orig>многiя</orig></choice> подробности обо <choice><reg>мне</reg><orig>мнѣ</orig></choice> <choice><reg>из</reg><orig>изъ</orig></choice> <choice><reg>писем</reg><orig>писемъ</orig></choice> <choice><reg>к</reg><orig>къ</orig></choice> <choice><reg>тетиньке</reg><orig>тетинькѣ</orig></choice> Toinette;<note xml:id="note28" resp="volume_editor" index="false">Татьяна Александровна Ергольская.</note> я много пишу <choice><reg>всем</reg><orig>всѣмъ</orig></choice>, но ей <choice><reg>в</reg><orig>въ</orig></choice> особенности, потому что ее больше <choice><reg>всех</reg><orig>всѣхъ</orig></choice> люблю, и она чаще <choice><reg>всех</reg><orig>всѣхъ</orig></choice> <choice><reg>мне</reg><orig>мнѣ</orig></choice> <choice><reg>пишет</reg><orig>пишетъ</orig></choice>. — Она <choice><reg>тебе</reg><orig>тебѣ</orig></choice> <choice><reg>объяснит</reg><orig>объяснитъ</orig></choice>, почему, когда я вернусь <choice><reg>в</reg><orig>въ</orig></choice> <choice><reg>Россию</reg><orig>Россiю</orig></choice>, тебя <choice><reg>ожидает</reg><orig>ожидаетъ</orig></choice> <choice><reg>подарок</reg><orig>подарокъ</orig></choice> — прекрасной Кабардинской лошади <choice><reg>от</reg><orig>отъ</orig></choice> <choice><reg>незнакомого</reg><orig>незнакомаго</orig></choice> <choice><reg>тебе</reg><orig>тебѣ</orig></choice> <choice><reg>человека</reg><orig>человѣка</orig></choice>.<note xml:id="note29" resp="volume_editor" index="false">См. прим. к п. № 55 о Садо, который, зная о страсти гр. С. Н. Толстого к лошадям, обещал «выкрасть в горах какого ни на есть лучшего коня» и подарить ему, когда приедет в Россию.</note> — О <choice><reg>портрете</reg><orig>портретѣ</orig></choice> не забудь. — Прощай. —</p>
<comments><p rend="Textpetit_otstup left">Печатается по автографу, хранящемуся в ГТМ. Публикуется впервые.</p>
<p rend="Textpetit_otstup left"><hi>1</hi><hi> </hi>Это, конечно, письмо № 52, датированное 23 декабря.</p>
<p rend="petit left"><hi>2 </hi>Это письмо не <hi style="opdelimiter">сохранилось.</hi><hi style="opnumber">156</hi></p>
<p rend="petit left"><hi>3</hi> О том, как смеялся купец Подъемщиков на охоте, рассказывает Толстой в восьмой главе III редакции «Детства». См. 1 том, стр. 170.</p>
<p rend="petit left"><hi>4</hi> Карл Фердинандович Гимбут (р. в 1815 г., ум. 27 мая 1881 г.), служил лесничим подгородного лесничества (в чине штабс-капитана в 1851 г.) близ Ясной поляны, в отставку вышел в 1863 г. На сельско-хозяйственной выставке в Туле в 1851 г. он получил серебряную медаль большого размера «за первоначальное введение в Тульской губ. шелководства и за 11 пород древесных растений, разведенных им от семян». В сохранившемся в АТБ письме к Толстому от 6 декабря 1852 г. К. Ф. Гимбут просит продать ему деревню Мостовую. К. Ф. Гимбут часто упоминается в дневнике Толстого 1856—1858 гг.</p>
<p rend="petit left"><hi>5 </hi>Я обращаюсь к</p>
<p rend="petit left"><hi>6 </hi>Влад. Ив. Юшков. О нем см. прим. 4 к п. № 46.</p>
<p rend="petit left"><hi>7 </hi>Гр. Сергей Ник. Толстой.</p>
<p rend="petit left"><hi>8 </hi>Умерший в раннем детстве сын Сергея Николаевича, Николай.</p>
<p rend="petit left"><hi>9 </hi>У Ив. Матв. Канивальского (о нем см. прим. 9 к п. № 33) было три дочери: Софья, Елизавета и Александра. О которой из них идет речь, выяснить не удалось.</p>
<p rend="petit left"><hi>10</hi> Вероятно, Дмитрий Матвеевич Щелин (1801—18..), в 1850—1866 гг. бывший Крапивенским предводителем дворянства.</p>
<p rend="petit left"><hi>11 </hi>Николай Алексеевич (о нем см. прим. 18 к п. № 52) или Василий Алексеевич (о нем см. прим. 5 к п. № 36) Чулков.</p>
<p rend="petit left"><hi>12 </hi>Мар. Мих. Шишкина. О ней см. прим. 16 к п. № 12.</p>
<p rend="petit left"><hi>13 </hi>Кого разумел Толстой под этими инициалами, сказать не можем.</p>
<p rend="petit left"><hi>14</hi> Ник. Серг. Воейков. О нем см. прим. 5 к п. № 7.</p>
<p rend="petit left"><hi>15 </hi>Славянское выражение: «В бозе почил», т. е. умер.</p>
<p rend="petit left"><hi>16 </hi>немного</p>
<p rend="petit left"><hi>17 </hi>дух</p>
<p rend="petit left"><hi>18</hi> Гр. Дм. Ник. Толстой. О нем см. прим. 5 к п. № 84.</p>
<p rend="petit left"><hi>19 </hi>Конст. Александрович Иславин. О нем см. прим. 10 и 25к п. № 12.</p>
<p rend="petit left"><hi>20 </hi>О Любови Сергеевне Толстой пишет в «Воспоминаниях детства» (гл. IX): «К нашему семейству как-то пристроена, взята была из жалости, самое странное и жалкое существо, некто Любовь Сергеевна, девушка; не знаю, какую ей дали фамилию. Любовь Сергеевна была плод кровосмешения Протасова (из тех Протасовых, от которых Жуковский). Как она попала к нам, — не знаю. Слышал, что ее жалели, ласкали, хотели пристроить даже, выдать замуж за Федора Ивановича, но всё это не удалось. Она жила сначала у нас, — я этого не помню, а потом ее взяла тетенька Пелагея Ильинишна в Казань, и она жила у нее. Так что узнал я ее в Казани. Это было жалкое, кроткое, забитое существо. У нее была комнатка, и девочка ей прислуживала. Когда я узнал ее, она была не только жалка, но отвратительна. Не знаю, какая была у нее болезнь, но лицо ее было всё распухлое так, как бывают запухлые лица, искусанные пчелами. Глаза виднелись в узеньких щелках между двумя запухшими глянцевитыми без бровей подушками. Также распухшие, глянцевитые желтые были щеки, нос, губы, рот. И говорила она с трудом, так как и во рту, вероятно, была та же опухоль. Летом на лицо ее садились мухи, и она не чувствовала их, и это было особенно неприятно видеть. Волоса у ней были еще <hi style="opdelimiter">черные,</hi><hi style="opnumber">157</hi> <hi style="npnumber">158</hi><hi style="npdelimiter">но</hi> редкие, не скрывавшие голый череп. Владимир Иванович Юшков, муж тетеньки, недобрый шутник, не скрывал своего отвращения к ней. От нее всегда дурно пахло. А в комнате ее, где никогда не открывались окна и форточки, был удушливый запах. Вот эта-то Любовь Сергеевна сделалась другом Митеньки. Он стал ходить к ней, слушать ее, говорить с ней, читать ей. И — удивительное дело! — мы так были нравственно тупы, что только смеялись над этим; Митенька же был так нравственно высок, так независим от заботы о людском мнении, что никогда ни словом, ни намеком не показывал, что он считает хорошим то, что делает. Он только делал. И это был не порыв, а это продолжалось всё время, пока мы жили в Казани». Любовь Сергеевну изобразил Толстой и в «Юности». См. 2 том, стр. 389.</p>
<p rend="petit left"><hi>21 </hi>Алексей Иванович Полубояринов, однокурсник гр. Д. Н. и С. Н. Толстых. О нем Толстой пишет в «Воспоминаниях детства» (гл. IX): «Мы, главное Сережа, водили знакомство с аристократическими товарищами и молодыми людьми; Митенька, напротив, из всех товарищей выбрал жалкого, оборванного, бедного студента, Полубояринова (которого наш приятель-шутник называл Полубезобедовым, и мы, жалкие ребята, находили это забавным и смеялись над Митенькой). Он только с Полубояриновым дружил и с ним готовился к экзаменам». Алексей Иванович Полубояринов поступил в Казанский университет осенью 1843 г. и вышел из него (по прошению) осенью 1845 г.</p>
<p rend="petit left"><hi>22 </hi>Об этом Луке Толстой пишет в «Воспоминаниях детства» (гл. IX): Митенька «очень сблизился с очень оригинальным человеком, жившим у нашего опекуна, Воейкова, происхождение которого никто не знал. Звали его отцом Лукою. Он ходил в подряснике, был очень безобразен: маленький ростом, косой, черный, но очень чистоплотный и необыкновенно сильный. Он жал руку, как клещами, и говорил всегда как-то значительно и загадочно. Жил он у Воейкова подле мельницы, где построил маленький дом и развел необыкновенный цветник. Этого отца Луку Митенька и водил с собой». Из письма бурмистра Василия Трубецкого гр. Н. Н. Толстому от 4 февраля 1850 г. видно, что у Луки был вексель, выданный ему гр. Дмитрием Николаевичем на 2700 руб.</p>
<p rend="petit left"><hi>23 </hi>Фамилии Кочубеев и Нессельроде названы, вероятно, как «громкие» аристократические фамилии. «Известность» фамилии Кочубеев придал государственный канцлер внутренних дел кн. Виктор Павлович (1768—1834), а Нессельроде — гр. Карл Васильевич (1780—1862), с 1844 г. государственный канцлер.</p>
<p rend="petit left"><hi>24 </hi>Конст. Алдр. Иславин.</p>
<p rend="petit left"><hi>25 </hi>Кто такой Михалков, узнать не удалось.</p>
<p rend="petit left"><hi>26 </hi>возможность</p>
<p rend="petit left"><hi>27 </hi>О Влад. Александр. Иславине см. прим. 10 к п. № 12. Как «незаконнорожденные», Иславины были «купеческого звания», а чтобы получить «потомственное дворянство» нужно было иметь орден св. Владимира.</p>
<p rend="petit left"><hi>28 </hi>Татьяна Александровна Ергольская.</p>
<p rend="petit left"><hi>29 </hi>См. прим. к п. № 55 о Садо, который, зная о страсти гр. С. Н. Толстого к лошадям, обещал «выкрасть в горах какого ни на есть лучшего коня» и подарить ему, когда приедет в Россию.</p>
<p rend="left secend"><hi style="opnumber">158</hi> <hi style="npnumber">159</hi></p>
</comments></div></body>
        </text>
        </TEI>