<?xml version='1.0' encoding='UTF-8' standalone='no'?>

<TEI xmlns="http://www.tei-c.org/ns/1.0">
       <teiHeader>
          <fileDesc>
             <titleStmt>
                <title>Письмо №257. Т. А. Берс.</title>
             </titleStmt>
             <publicationStmt>
                <publisher>TolstoyLab</publisher>
                <date when="2015-09-14">14 September 2015</date>
             </publicationStmt>
             <sourceDesc>
                <biblStruct>
                   <analytic>
                      <author>Толстой Л.Н.</author>
                   </analytic>
                   <monogr>
                      <title level="m">Полное собрание сочинений. Том 60</title>
                      <imprint>
                         <pubPlace>Москва</pubPlace>
                         <publisher>Государственное издательство "Художественная литература"</publisher>
                         <date when="1949"/>
                      </imprint>
                   </monogr>
                   <series>
                      <title level="s">Л.Н. Толстой. Полное собрание сочинений</title>
                      <biblScope unit="vol">60</biblScope>
                   </series>
                </biblStruct>
				<bibl>Впервые опубликовано Т. А. Кузминской в ее воспоминаниях «Моя жизнь дома и в Ясной Поляне», I, М. 1925, стр. 144. На письме рукой Т. А. Кузминской помечено: «25 сентября 1862 г. (1-е письмо после свадьбы)».</bibl>
             </sourceDesc>
          </fileDesc>
          <encodingDesc>
             <tagsDecl> </tagsDecl>
          </encodingDesc>
          <profileDesc>
             <correspDesc>
                <correspAction type="sending">
                   <persName ref="PersonList.xml#L_N_Tolstoy">Л. Н. Толстой</persName>
                   <placeName ref="PlacesListxml#PLACE">Я. П.</placeName>
                   <date when="1862-09-25">1862 г. Сентября 25.</date>            </correspAction>
                <correspAction type="receiving">
                   <persName ref="PersonList.xml#RECEIVER">Т. А. Берс</persName>
                </correspAction>
                <correspContext>
                   <ref type="prev"/>
                </correspContext>
             </correspDesc>
          </profileDesc>
       </teiHeader>
       <xenoData><number type="in a volume">257</number></xenoData>

              <text xml:id="T.A.Bers_257">
	<body><div>
		<opener index="false">
257. Т. А. Берс.
1862 г. Сентября 25. Я. П.</opener>
<p rend="left">Ежели ты потеряешь когда нибудь это письмо, прелесть наша Таничка, то я тебе век не прощу. А сделай милость, прочти это письмо и пришли мне его назад. Ты вникни, как всё это хорошо и трогательно, и мысли о будущем и пудра.<note xml:id="note1" resp="volume_editor" index="false"> С. А. Толстая писала сестре: «Да пудру я свою забыла, тут негде взять...»</note> Мне жаль, что это кусочек ее, который от меня ушел. Ну да в ней есть большой кусок, не принадлежащий мне — это любовь ко всем вам, и особенно к тебе. И я не ревную, мне самому удивительно. Должно быть, оттого, что я знаю, как мамашу и тебя необходимо нужно любить. Прощай, голубчик, дай Бог тебе такого же счастья, какое я испытываю, больше не бывает. — Она нынче в чепце с малиновыми — ничего. И как она утром играла в большую и в барыню, похоже и отлично. Прощай. По этому письму чувствую, как мне весело и легко тебе писать, я тебе буду писать много. Я тебя очень люблю, очень. Я знаю, что ты, как и <choice original_editorial_correction='С[оня]'><sic>С</sic><corr>Соня</corr></choice>, любишь, чтоб любили, оттого и пишу.</p>
<p rend="right">Л. <hi style="opdelimiter">Толстой.</hi><hi style="opnumber">447</hi></p>
<comments><p rend="Textpetit_otstup left"><hi style="npnumber">448</hi><hi style="npdelimiter">Приписка</hi> к письму С. А. Толстой от 25 сентября 1862 г.</p>
<p rend="Textpetit_otstup left">Впервые опубликовано Т. А. Кузминской в ее воспоминаниях «Моя жизнь дома и в Ясной Поляне», I, М. 1925, стр. 144. На письме рукой Т. А. Кузминской помечено: «25 сентября 1862 г. (1-е письмо после свадьбы)».</p>
<p rend="petit left">Татьяна Андреевна Берс (1846—1925) — младшая сестра С. А. Толстой. В 1867 г. вышла замуж за своего двоюродного брата, впоследствии сенатора, Александра Михайловича Кузминского (1843—1917). Почти ежегодно в течение двадцати пяти лет, сначала девушкой, а потом с мужем и детьми, проводила лето в Ясной Поляне у Толстых. Автор воспоминаний «Моя жизнь дома и в Ясной Поляне», в трех частях, 1846— 1868, изд. Сабашниковых, М. 1925—1926. Подробнее см. т. 83, стр. 15—16.</p>
<p rend="Textpetit_otstup left"><hi>1</hi> С. А. Толстая писала сестре: «Да пудру я свою забыла, тут негде взять...»</p>
</comments></div></body>
        </text>
        </TEI>