<?xml version='1.0' encoding='UTF-8' standalone='no'?>

<TEI xmlns="http://www.tei-c.org/ns/1.0">
       <teiHeader>
          <fileDesc>
             <titleStmt>
                <title>Письмо №232. В. П. Боткину.</title>
             </titleStmt>
             <publicationStmt>
                <publisher>TolstoyLab</publisher>
                <date when="2015-09-14">14 September 2015</date>
             </publicationStmt>
             <sourceDesc>
                <biblStruct>
                   <analytic>
                      <author>Толстой Л.Н.</author>
                   </analytic>
                   <monogr>
                      <title level="m">Полное собрание сочинений. Том 60</title>
                      <imprint>
                         <pubPlace>Москва</pubPlace>
                         <publisher>Государственное издательство "Художественная литература"</publisher>
                         <date when="1949"/>
                      </imprint>
                   </monogr>
                   <series>
                      <title level="s">Л.Н. Толстой. Полное собрание сочинений</title>
                      <biblScope unit="vol">60</biblScope>
                   </series>
                </biblStruct>
             </sourceDesc>
          </fileDesc>
          <encodingDesc>
             <tagsDecl> </tagsDecl>
          </encodingDesc>
          <profileDesc>
             <correspDesc>
                <correspAction type="sending">
                   <persName ref="PersonList.xml#L_N_Tolstoy">Л. Н. Толстой</persName>
                   <placeName ref="PlacesListxml#PLACE">Москва.</placeName>
                   <date when="1862-02-07">1862 г. Февраля 7.</date>            </correspAction>
                <correspAction type="receiving">
                   <persName ref="PersonList.xml#RECEIVER">В. П. Боткину</persName>
                </correspAction>
                <correspContext>
                   <ref type="prev"/>
                </correspContext>
             </correspDesc>
          </profileDesc>
       </teiHeader>
       <xenoData><number type="in a volume">232</number></xenoData>

              <text xml:id="V.P.Botkinu_232">
	<body><div>
		<opener index="false">
232. В. П. Боткину.
1862 г. Февраля 7. Москва.</opener>
<p rend="left">Посылаю вам записку вашего брата, по которой он обещал выслать вам деньги.<note xml:id="note1" resp="volume_editor" index="false"> Записка Д. П. Боткина неизвестна.</note> Пожалуйста, помогите мне <choice><reg>разыскать</reg><orig>разъискать</orig></choice> те 600 фр.<note xml:id="note2" resp="volume_editor" index="false"> См. пп. №№ 230 и 304.</note> Адресуйте, ежели будете писать — в Тулу. — Нынче я получил известие об одном из самых по моему мнению серьезных событий за последнее время; хотя событие это наверно останется незамеченным. Тверское дворянство постановило — отказаться от своих прав — выборов более не производить — и только — и посредникам по выбору дворянства и Правительства не служить. Сила!<note xml:id="note3" resp="volume_editor" index="false"> Тринадцать тверских дворян (член губернского присутствия А. А. Бакунин, два уездных предводителя дворянства, несколько мировых посредников) в феврале 1862 г. выступили с протестом, поданным в Тверское губернское по крестьянским делам присутствие, против Положения 19 февраля. Они были заключены в Петропавловскую крепость и преданы суду Сената. Это так называемое «Тверское дело» произвело в кругу интеллигенции большое впечатление (см. А. В. Никитенко, «Записки и дневник», Спб. 1904, т. II, стр. 69—70).</note></p>
<p rend="left">Я здесь — в Москве — отдал всегдашнюю дань своей страсти к игре и проиграл столько, что стеснил себя; вследствие чего, чтобы наказать себя и поправить дело, взял у Каткова 1000 руб. и обещал ему в нынешнем году дать свой роман — Кавказской.<note xml:id="note4" resp="volume_editor" index="false"> Толстой обещал Каткову цредоставить ему для «Русского вестника» свой «роман», впоследствии озаглавленный «Казаки». Первая часть повести появилась в первой книге «Русского вестника» за 1863 г.</note> Чему я, подумавши здраво, очень рад, ибо иначе роман бы этот, написанный гораздо более половины, пролежал бы вечно и употребился бы на оклейку окон. Что было бы лучше, вы мне скажете в Апреле. Прощайте, жму вашу руку и желаю вам всего лучшего.</p>
<p rend="right">Л. Толстой.</p>
<p rend="left">7 <hi style="opdelimiter">Февраля.</hi><hi style="opnumber">417</hi></p>
<comments><p rend="Textpetit_otstup left"><hi style="npnumber">418</hi><hi style="npdelimiter">Впервые</hi> опубликовано в ТПТ, 4, стр. 86.</p>
<p rend="Textpetit_otstup left"><hi>1</hi> Записка Д. П. Боткина неизвестна.</p>
<p rend="petit left"><hi>2</hi> См. пп. №№ 230 и 304.</p>
<p rend="petit left"><hi>3</hi> Тринадцать тверских дворян (член губернского присутствия А. А. Бакунин, два уездных предводителя дворянства, несколько мировых посредников) в феврале 1862 г. выступили с протестом, поданным в Тверское губернское по крестьянским делам присутствие, против Положения 19 февраля. Они были заключены в Петропавловскую крепость и преданы суду Сената. Это так называемое «Тверское дело» произвело в кругу интеллигенции большое впечатление (см. А. В. Никитенко, «Записки и дневник», Спб. 1904, т. II, стр. 69—70).</p>
<p rend="petit left"><hi>4</hi> Толстой обещал Каткову цредоставить ему для «Русского вестника» свой «роман», впоследствии озаглавленный «Казаки». Первая часть повести появилась в первой книге «Русского вестника» за 1863 г.</p>
</comments></div></body>
        </text>
        </TEI>