<?xml version='1.0' encoding='UTF-8' standalone='no'?>

<TEI xmlns="http://www.tei-c.org/ns/1.0">
       <teiHeader>
          <fileDesc>
             <titleStmt>
                <title>Письмо №68. М. Н. Каткову.</title>
             </titleStmt>
             <publicationStmt>
                <publisher>TolstoyLab</publisher>
                <date when="2015-09-14">14 September 2015</date>
             </publicationStmt>
             <sourceDesc>
                <biblStruct>
                   <analytic>
                      <author>Толстой Л.Н.</author>
                   </analytic>
                   <monogr>
                      <title level="m">Полное собрание сочинений. Том 61</title>
                      <imprint>
                         <pubPlace>Москва</pubPlace>
                         <publisher>Государственное издательство "Художественная литература"</publisher>
                         <date when="1953"/>
                      </imprint>
                   </monogr>
                   <series>
                      <title level="s">Л.Н. Толстой. Полное собрание сочинений</title>
                      <biblScope unit="vol">61</biblScope>
                   </series>
                </biblStruct>
				<bibl>Печатается по рукописной копии (архив Каткова, тетрадь № 21). Впервые опубликовано в «Литературном наследстве», № 37-38, изд. Академии наук СССР, стр. 200—201. Датируется упоминанием о пяти неделях, прошедших после перелома руки (см. прим. 1 к письму № 66) и сопоставлением упоминаний о статье Фохта в этом письме и в письме к Т. А. Берс от 29 октября (№ 69).</bibl>
             </sourceDesc>
          </fileDesc>
          <encodingDesc>
             <tagsDecl> </tagsDecl>
          </encodingDesc>
          <profileDesc>
             <correspDesc>
                <correspAction type="sending">
                   <persName ref="PersonList.xml#L_N_Tolstoy">Л. Н. Толстой</persName>
                   <placeName ref="PlacesListxml#PLACE">Я. П.</placeName>
                   <date when="1864-10-28">1864 г. Октября 28.</date>            </correspAction>
                <correspAction type="receiving">
                   <persName ref="PersonList.xml#RECEIVER">М. Н. Каткову</persName>
                </correspAction>
                <correspContext>
                   <ref type="prev"/>
                </correspContext>
             </correspDesc>
          </profileDesc>
       </teiHeader>
       <xenoData><number type="in a volume">68</number></xenoData>

              <text xml:id="M__N__Katkovu_68">
	<body><div>
		<opener index="false">
68. М. Н. Каткову.
1864 г. Октября 28...29. Я. П.</opener>
<p rend="left">Посылаю вам, уважаемый <choice original_editorial_correction='М[ихаил]'><sic>М</sic><corr>Михаил</corr></choice> <choice original_editorial_correction='Н[икифорович]'><sic>Н</sic><corr>Никифорович</corr></choice>, перевод статьи Фохта (Карла) о пчелах,<note xml:id="note1" resp="volume_editor" index="false">Карл Фохт (1817—1895) — немецкий естествоиспытатель. Толстой имеет в виду статью Фохта «Bienenstaat», которая составляла одну из глав его книги: «Altes und neues aus Thier- und Menschenleben» («Старое и новое о жизни животных и людей»), Bd. I, 1859, S. <hi style="opdelimiter">37—126.</hi><hi style="opnumber">58</hi></note> сделанный по моему совету. Статья эта в подлиннике испорчена политическими <hi style="opdelimiter">иллюзиями.</hi><hi style="opnumber">57</hi></p>
<p rend="left"><hi style="npnumber">58</hi><hi style="npdelimiter">В</hi> переводе осталось только необыкновенно живое изложение естественной истории пчелы, замечательное и с художественной и с научной стороны. Я сделался страстным пчеловодом и потому могу судить об этом. Ежели вы захотите напечатать эту статью, то перешлите через меня переводчику тот гонорарий, который вы платите. Особа, переделывавшая эту статью,<note xml:id="note2" resp="volume_editor" index="false"> «Переделывала статью» Е. А. Берс (<ref target="file:///Volume_61_T__A__Bers_69.xml">см. письмо № 69</ref>). Статья в «Русском вестнике» напечатана не была.</note> желала бы иметь работу — переводы и переделки с французского, немецкого или английского. Ежели бы вы дали ей работу, вы бы меня этим очень обязали и приобрели бы образованного и <hi>добросовестного</hi> переводчика. — Я кончаю на днях первую часть романа из времен первых войн Александра с Наполеоном<note xml:id="note3" resp="volume_editor" index="false"> «1805 год».</note> и нахожусь в раздумьи, где и как ее печатать. Из журналов я бы лучше всего желал напечатать в <choice original_editorial_correction='Р[усском]'><sic>Р</sic><corr>Русском</corr></choice> вестнике по той причине, что это один журнал, который я читаю и получаю. Дело в том, что мне хочется получить как можно больше денег за это писанье, <choice original_editorial_correction='к[оторое]'><sic>к</sic><corr>которое</corr></choice> я особенно люблю и <choice original_editorial_correction='к[оторое]'><sic>к</sic><corr>которое</corr></choice> мне стоило большого труда. Для того, чтобы напечатать в журнале (вам первым и, верно, последним я делаю это предложение), я хочу получить 300 р. за лист, в противном случае я буду печатать отдельными книжками.<note xml:id="note4" resp="volume_editor" index="false"> Ответное письмо Каткова неизвестно, но 27 ноября, когда Толстой временно жил в Москве, он передал секретарю «Русского вестника» Любимову тридцать восемь глав (первую часть) романа, по 300 р. за лист. <ref target="file:///Volume_83_a27_25.xml">См. т. 83, письмо № 25</ref>.</note> Пожалуйста ответьте мне несколько слов и об участи перевода Фохта и об этом моем предложении, нисколько не стесняясь прямым отказом, так как отказ или согласие ваше, очевидно, зависят не от вкуса или симпатий, а денежного расчета. —Я на охоте разбил и вывихнул себе так правую руку, что после 5 недель нынче в первый раз пишу так длинно своей рукой. —</p>
<p rend="Obrashenie">Душевно преданный и уважающий</p>
<p rend="right">гр. Л. Толстой.</p>
<p rend="left">P. S. В первой части, которую я намерен напечатать нынешней зимой, должно быть листов 10.</p>
<comments><p rend="Textpetit_otstup left">Печатается по рукописной копии (архив Каткова, тетрадь № 21). Впервые опубликовано в «Литературном наследстве», № 37-38, изд. Академии наук СССР, стр. 200—201. Датируется упоминанием о пяти неделях, прошедших после перелома руки (см. прим. 1 к письму № 66) и сопоставлением упоминаний о статье Фохта в этом письме и в письме к Т. А. Берс от 29 октября (№ 69).</p>
<p rend="Textpetit_otstup left"><hi>1</hi>Карл Фохт (1817—1895) — немецкий естествоиспытатель. Толстой имеет в виду статью Фохта «Bienenstaat», которая составляла одну из глав его книги: «Altes und neues aus Thier- und Menschenleben» («Старое и новое о жизни животных и людей»), Bd. I, 1859, S. <hi style="opdelimiter">37—126.</hi><hi style="opnumber">58</hi></p>
<p rend="petit left"><hi>2</hi> «Переделывала статью» Е. А. Берс (<ref target="file:///Volume_61_T__A__Bers_69.xml">см. письмо № 69</ref>). Статья в «Русском вестнике» напечатана не была.</p>
<p rend="petit left"><hi>3</hi> «1805 год».</p>
<p rend="petit left"><hi>4</hi> Ответное письмо Каткова неизвестно, но 27 ноября, когда Толстой временно жил в Москве, он передал секретарю «Русского вестника» Любимову тридцать восемь глав (первую часть) романа, по 300 р. за лист. <ref target="file:///Volume_83_a27_25.xml">См. т. 83, письмо № 25</ref>.</p>
</comments></div></body>
        </text>
        </TEI>