<?xml version='1.0' encoding='UTF-8' standalone='no'?>

<TEI xmlns="http://www.tei-c.org/ns/1.0">
       <teiHeader>
          <fileDesc>
             <titleStmt>
                <title>Письмо №31. A. E. и Л. A. Берсам.</title>
             </titleStmt>
             <publicationStmt>
                <publisher>TolstoyLab</publisher>
                <date when="2015-09-14">14 September 2015</date>
             </publicationStmt>
             <sourceDesc>
                <biblStruct>
                   <analytic>
                      <author>Толстой Л.Н.</author>
                   </analytic>
                   <monogr>
                      <title level="m">Полное собрание сочинений. Том 61</title>
                      <imprint>
                         <pubPlace>Москва</pubPlace>
                         <publisher>Государственное издательство "Художественная литература"</publisher>
                         <date when="1953"/>
                      </imprint>
                   </monogr>
                   <series>
                      <title level="s">Л.Н. Толстой. Полное собрание сочинений</title>
                      <biblScope unit="vol">61</biblScope>
                   </series>
                </biblStruct>
				<bibl>Впервые опубликовано Т. А. Кузминской в ее книге «Моя жизнь дома и в Ясной Поляне», II, стр. 145. Датируется по письму С. А. Толстой, к которому является припиской.</bibl>
             </sourceDesc>
          </fileDesc>
          <encodingDesc>
             <tagsDecl> </tagsDecl>
          </encodingDesc>
          <profileDesc>
             <correspDesc>
                <correspAction type="sending">
                   <persName ref="PersonList.xml#L_N_Tolstoy">Л. Н. Толстой</persName>
                   <placeName ref="PlacesListxml#PLACE">Я. П.</placeName>
                   <date when="1863-12-16">1863 г. Декабря 16.</date>            </correspAction>
                <correspAction type="receiving">
                   <persName ref="PersonList.xml#RECEIVER">A. E. и Л. A. Берсам</persName>
                </correspAction>
                <correspContext>
                   <ref type="prev"/>
                </correspContext>
             </correspDesc>
          </profileDesc>
       </teiHeader>
       <xenoData><number type="in a volume">31</number></xenoData>

              <text xml:id="A__E__i_L__A__Bersam_31">
	<body><div>
		<opener index="false">
31. A. E. и Л. A. Берсам.
1863 г. Декабря 16. Я. П.</opener>
<p rend="left">Я так доволен своей акуратностью в сроке пребывания в Москве<note xml:id="note1" resp="volume_editor" index="false"> В начале декабря 1863 г. Толстые поехали в Москву и пробыли там до 15 числа. В Москве Толстой работал в библиотеках, изучая материалы для начатого романа, рукопись которого он привозил с собой. <ref target="file:///Volume_61_M__P__Pogodinu_65.xml">См. письмо № 65</ref>.</note>, что намерен во всем быть акуратен и писать вам так же акуратно, как М. А.<note xml:id="note2" resp="volume_editor" index="false"> Имеется в виду фрейлина двора императрицы Марии, Мария Аполлоновна Волкова (1766—1859), переписку которой с В. А. Ланской Толстой в то время читал. Материал этот он получил от Н. С. Перфильевой через А. Е. Берса (см. письма А. Е. Берса к Толстому от 19 и 20 октября и 3 декабря 1863 г., ГМТ). Переписка Волковой с Ланской послужила Толстому источником некоторых сведений при создании «Войны и мира». Часть ее была напечатана в «Русском архиве», 1872, полностью же, в переводе М. П. Свистуновой — в «Вестнике Европы», 1874, №№8—12, под заглавием: «Грибоедовская Москва в письмах М. А. В. к В. А. Л.».</note> Нынче хоть поздно, но приписываю только подтверждение <hi>всего</hi>, что пишет Соня.<note xml:id="note3" resp="volume_editor" index="false"> С. А. Толстая писала о приятном впечатлении от поездки в Москву и заканчивала словами: «Лева перевел опять кабинет вниз и целый день пишет. Он свою рукопись оставил у папа в кабинете. Просит сберечь и переслать к нам поскорее». Последнее слово вписано рукой Толстого.</note> Только с Горскиной<note xml:id="note4" resp="volume_editor" index="false"> Софья Михайловна Горсткина (1842—1891), сестра А. М. Кузминского. Была замужем за пензенским помещиком Львом Ивановичем Горсткиным.</note> мы не сошлись в том, что нужно мужей ревновать, зато сошлись в том, что она прелесть какая милая. Я очень рад Сониным р..... Я уверен, что это будет знак конца ее болезням. Целую вас крепко.</p>
<comments><p rend="Textpetit_otstup left">Впервые опубликовано Т. А. Кузминской в ее книге «Моя жизнь дома и в Ясной Поляне», II, стр. 145. Датируется по письму С. А. Толстой, к которому является припиской.</p>
<p rend="Textpetit_otstup left"><hi>1</hi> В начале декабря 1863 г. Толстые поехали в Москву и пробыли там до 15 числа. В Москве Толстой работал в библиотеках, изучая материалы для начатого романа, рукопись которого он привозил с собой. <ref target="file:///Volume_61_M__P__Pogodinu_65.xml">См. письмо № 65</ref>.</p>
<p rend="petit left"><hi>2</hi> Имеется в виду фрейлина двора императрицы Марии, Мария Аполлоновна Волкова (1766—1859), переписку которой с В. А. Ланской Толстой в то время читал. Материал этот он получил от Н. С. Перфильевой через А. Е. Берса (см. письма А. Е. Берса к Толстому от 19 и 20 октября и 3 декабря 1863 г., ГМТ). Переписка Волковой с Ланской послужила Толстому источником некоторых сведений при создании «Войны и мира». Часть ее была напечатана в «Русском архиве», 1872, полностью же, в переводе М. П. Свистуновой — в «Вестнике Европы», 1874, №№8—12, под заглавием: «Грибоедовская Москва в письмах М. А. В. к В. А. Л.».</p>
<p rend="petit left"><hi>3</hi> С. А. Толстая писала о приятном впечатлении от поездки в Москву и заканчивала словами: «Лева перевел опять кабинет вниз и целый день пишет. Он свою рукопись оставил у папа в кабинете. Просит сберечь и переслать к нам поскорее». Последнее слово вписано рукой Толстого.</p>
<p rend="petit left"><hi>4</hi> Софья Михайловна Горсткина (1842—1891), сестра А. М. Кузминского. Была замужем за пензенским помещиком Львом Ивановичем Горсткиным.</p>
</comments></div></body>
        </text>
        </TEI>