<?xml version='1.0' encoding='UTF-8' standalone='no'?>

<TEI xmlns="http://www.tei-c.org/ns/1.0">
       <teiHeader>
          <fileDesc>
             <titleStmt>
                <title>Письмо №* 146. Т. А. Ергольской.</title>
             </titleStmt>
             <publicationStmt>
                <publisher>TolstoyLab</publisher>
                <date when="2015-09-14">14 September 2015</date>
             </publicationStmt>
             <sourceDesc>
                <biblStruct>
                   <analytic>
                      <author>Толстой Л.Н.</author>
                   </analytic>
                   <monogr>
                      <title level="m">Полное собрание сочинений. Том 60</title>
                      <imprint>
                         <pubPlace>Москва</pubPlace>
                         <publisher>Государственное издательство "Художественная литература"</publisher>
                         <date when="1949"/>
                      </imprint>
                   </monogr>
                   <series>
                      <title level="s">Л.Н. Толстой. Полное собрание сочинений</title>
                      <biblScope unit="vol">60</biblScope>
                   </series>
                </biblStruct>
             </sourceDesc>
          </fileDesc>
          <encodingDesc>
             <tagsDecl> </tagsDecl>
          </encodingDesc>
          <profileDesc>
             <correspDesc>
                <correspAction type="sending">
                   <persName ref="PersonList.xml#L_N_Tolstoy">Л. Н. Толстой</persName>
                   <placeName ref="PlacesListxml#PLACE">Новоселки.</placeName>
                   <date when="1859-09">1859 г. Сентября</date>            </correspAction>
                <correspAction type="receiving">
                   <persName ref="PersonList.xml#RECEIVER">Т. А. Ергольской</persName>
                </correspAction>
                <correspContext>
                   <ref type="prev"/>
                </correspContext>
             </correspDesc>
          </profileDesc>
       </teiHeader>
       <xenoData><number type="in a volume">146</number></xenoData>

              <text xml:id="T.A.Ergolskoj_146">
	<body><div>
		<opener index="false">
* 146. Т. А. Ергольской.
1859 г. Сентября первая половина. Новоселки.</opener>
<p rend="left">Я нанял управляющего, chère tante,<note xml:id="note1" resp="volume_editor" index="false"> [дорогая тетенька,]</note> немца, которого посылаю на место без себя. Жалованья я ему положил 300 р. сер. и покамест, до моего приезда, содержание от стола и квартиру на дворне.</p>
<p rend="left">Ежели, в случае, он окажется пьяницей, то пожалуйста моим именем сгоните его.</p>
<p rend="left">Я завтра еду с Машей в Чернь. Она к баронесам,<note xml:id="note2" resp="volume_editor" index="false"> Сестры Александра Антоновича Дельвига (1818—1882), соседа по имению М. Н. Толстой и младшего брата поэта Антона Антоновича Дельвига, друга А. С. Пушкина.</note> я — к Борисову. Старуха умерла.<note xml:id="note3" resp="volume_editor" index="false"> Варвара Сергеевна Сухотина.</note> — Adieu, je baise vos mains.<note xml:id="note4" resp="volume_editor" index="false"> [Прощайте, целую ваши ручки.]</note></p>
<p rend="right">Ваш Гр. Л. Толстой.</p>
<comments><p rend="Textpetit_otstup left">Датируется содержанием. Очевидно, немец был приглашен Толстым во время его охоты в отъезжем поле в Мценском и Новосильском уездах. Оттуда об этом же немце управляющем Толстой писал H. Н. и С. Н. Толстым.</p>
<p rend="Textpetit_otstup left"><hi>1</hi> [дорогая тетенька,]</p>
<p rend="petit left"><hi>2</hi> Сестры Александра Антоновича Дельвига (1818—1882), соседа по имению М. Н. Толстой и младшего брата поэта Антона Антоновича Дельвига, друга А. С. Пушкина.</p>
<p rend="petit left"><hi>3</hi> Варвара Сергеевна Сухотина.</p>
<p rend="petit left"><hi>4</hi> [Прощайте, целую ваши ручки.]</p>
<p rend="emptyline left"><hi style="opnumber">304</hi> <hi style="npnumber">305</hi></p>
</comments></div></body>
        </text>
        </TEI>