<?xml version='1.0' encoding='UTF-8' standalone='no'?>

<TEI xmlns="http://www.tei-c.org/ns/1.0">
       <teiHeader>
          <fileDesc>
             <titleStmt>
                <title>Письмо №* 156. Д. А., Д. А. и М. Д. Дьяковым, С. Р. Войткевич и Т. А. Берс.</title>
             </titleStmt>
             <publicationStmt>
                <publisher>TolstoyLab</publisher>
                <date when="2015-09-14">14 September 2015</date>
             </publicationStmt>
             <sourceDesc>
                <biblStruct>
                   <analytic>
                      <author>Толстой Л.Н.</author>
                   </analytic>
                   <monogr>
                      <title level="m">Полное собрание сочинений. Том 61</title>
                      <imprint>
                         <pubPlace>Москва</pubPlace>
                         <publisher>Государственное издательство "Художественная литература"</publisher>
                         <date when="1953"/>
                      </imprint>
                   </monogr>
                   <series>
                      <title level="s">Л.Н. Толстой. Полное собрание сочинений</title>
                      <biblScope unit="vol">61</biblScope>
                   </series>
                </biblStruct>
             </sourceDesc>
          </fileDesc>
          <encodingDesc>
             <tagsDecl> </tagsDecl>
          </encodingDesc>
          <profileDesc>
             <correspDesc>
                <correspAction type="sending">
                   <persName ref="PersonList.xml#L_N_Tolstoy">Л. Н. Толстой</persName>
                   <placeName ref="PlacesListxml#PLACE">Я. П.</placeName>
                   <date when="1865-12-21">1865 г. Декабря 21.</date>            </correspAction>
                <correspAction type="receiving">
                   <persName ref="PersonList.xml#RECEIVER">Д. А., Д. А. и М. Д. Дьяковым, С. Р. Войткевич и Т. А. Берс</persName>
                </correspAction>
                <correspContext>
                   <ref type="prev"/>
                </correspContext>
             </correspDesc>
          </profileDesc>
       </teiHeader>
       <xenoData><number type="in a volume">156</number></xenoData>

              <text xml:id="l_156">
	<body><div>
		<opener index="false">
* 156. Д. А., Д. А. и М. Д. Дьяковым, С. Р. Войткевич и Т. А. Берс.
1865 г. Декабря 21. Я. П.</opener>
<p rend="left">Одно только могу прибавить ко всем словам Сони,<note xml:id="note1" resp="volume_editor" index="false"> С. А. Толстая звала Дьяковых приехать на рождество в Ясную Поляну.</note> которые подтверждаю и повторяю — именно, что помещение ваше не сделает никаких затруднений. Мы с тобой с Дмитрием поместимся (для ночлега только, разумеется) во флигеле, где уже теперь топится, так что дамам не будет тесно. — И всегда, а теперь особенно желаю вам здоровья, <choice original_editorial_correction='Дар[ья]'><sic>Дар</sic><corr>Дарья</corr></choice> <choice original_editorial_correction='Алек[сандровна]'><sic>Алек</sic><corr>Александровна</corr></choice>.</p>
<p rend="left">Милая Таня! Очень благодарю тебя за твой ответ<note xml:id="note2" resp="volume_editor" index="false"> Письмо от 25 ноября, см. в воспоминаниях Т. А. Кузминской «Моя жизнь дома и в Ясной Поляне», III, стр. 87—88.</note> на мое письмо<note xml:id="note3" resp="volume_editor" index="false"> <ref target="file:///Volume_61_T__A__Bers_150.xml">См. письмо № 150</ref>.</note>. Я именно такого и ждал и очень был ему рад. Крепись и подкрепляй Дьяковых в их намереньи.</p>
<comments><p rend="Textpetit_otstup left">Приписка к письму С. А. Толстой от 21 декабря 1865 г.</p>
<p rend="Textpetit_otstup left"><hi>1</hi> С. А. Толстая звала Дьяковых приехать на рождество в Ясную Поляну.</p>
<p rend="petit left"><hi>2</hi> Письмо от 25 ноября, см. в воспоминаниях Т. А. Кузминской «Моя жизнь дома и в Ясной Поляне», III, стр. 87—88.</p>
<p rend="petit left"><hi>3</hi> <ref target="file:///Volume_61_T__A__Bers_150.xml">См. письмо № 150</ref>.</p>
</comments></div></body>
        </text>
        </TEI>