<?xml version='1.0' encoding='UTF-8' standalone='no'?>

<TEI xmlns="http://www.tei-c.org/ns/1.0">
       <teiHeader>
          <fileDesc>
             <titleStmt>
                <title>Письмо №208. Е. В. Липранди.</title>
             </titleStmt>
             <publicationStmt>
                <publisher>TolstoyLab</publisher>
                <date when="2015-09-14">14 September 2015</date>
             </publicationStmt>
             <sourceDesc>
                <biblStruct>
                   <analytic>
                      <author>Толстой Л.Н.</author>
                   </analytic>
                   <monogr>
                      <title level="m">Полное собрание сочинений. Том 61</title>
                      <imprint>
                         <pubPlace>Москва</pubPlace>
                         <publisher>Государственное издательство "Художественная литература"</publisher>
                         <date when="1953"/>
                      </imprint>
                   </monogr>
                   <series>
                      <title level="s">Л.Н. Толстой. Полное собрание сочинений</title>
                      <biblScope unit="vol">61</biblScope>
                   </series>
                </biblStruct>
				<bibl>Впервые опубликовано в юбилейном сборнике «Лев Николаевич Толстой», М. 1928, стр. 57—59. Год определяется содержанием.</bibl>
             </sourceDesc>
          </fileDesc>
          <encodingDesc>
             <tagsDecl> </tagsDecl>
          </encodingDesc>
          <profileDesc>
             <correspDesc>
                <correspAction type="sending">
                   <persName ref="PersonList.xml#L_N_Tolstoy">Л. Н. Толстой</persName>
                   <placeName ref="PlacesListxml#PLACE">Я. П.</placeName>
                   <date when="1867-04-23">1867 г. Апреля 23.</date>            </correspAction>
                <correspAction type="receiving">
                   <persName ref="PersonList.xml#RECEIVER">Е. В. Липранди</persName>
                </correspAction>
                <correspContext>
                   <ref type="prev"/>
                </correspContext>
             </correspDesc>
          </profileDesc>
       </teiHeader>
       <xenoData><number type="in a volume">208</number></xenoData>

              <text xml:id="E__V__Liprandi_208">
	<body><div>
		<opener index="false">
208. Е. В. Липранди.
1867 г. Апреля 23. Я. П.
</opener>
<p rend="Obrashenie left">Милостивая государыня</p>
<p rend="Obrashenie1_">Евгения Владимировна!</p>
<p rend="left">Спешу ответить на письмо Ваше. Ольга Владимировна<note xml:id="note1" resp="volume_editor" index="false"> О. В. Енгалычева, рожд. Арсеньева (1838—1867) — сестра Е. В. Липранди. В 1857 г. она вышла замуж за офицера, Петра Гавриловича Енгалычева, с которым впоследствии разошлась.</note> скончалась от чахотки, чрезвычайно быстро развившейся в ней. Я видел ее за три недели до ее кончины и нашел ее даже пополневшей и никак не мог думать, чтобы конец ее был так близок. Через две недели Наталья Петровна<note xml:id="note2" resp="volume_editor" index="false"> Наталья Петровна Охотницкая.</note> (Вы, я думаю, помните ее) была у ней и сообщила, что ее здоровье хуже, но мы никак не думали, чтобы она была в опасности. Неожиданно 4-го утром к нам приехал посланный с известием о ее кончине. Я тотчас же поехал в Судаково<note xml:id="note3" resp="volume_editor" index="false"> Имение Арсеньевых, в 7 км. от Ясной Поляны.</note> и там узнал следующее: С неделю она чувствовала себя слабой, мало ела, но всё ходила и собиралась ехать в Москву. В ночь с 3-го на 4-ое она играла в карты с девушками и женой Ивана. В 12-м часу, как мне рассказывала жена Ивана, к ним прибежали с известием, что она кончается. Они застали ее уже мертвой. Перед самой смертью она велела сделать себе чаю, но, не успев выпить его, сама подошла к постели, легла на нее и скончалась. — Несколько раз она собиралась говеть этим постом, но чувствовала себя слишком слабой и не могла избавиться от тошноты. — Впрочем, вся жизнь ее была так несчастна, и она была такая добрая по сердцу женщина, что, вероятно, несмотря на то, что она не успела исполнить этот христианский долг, она там будет счастливее, чем здесь. —</p>
<p rend="left">Перед кончиной она почти не страдала — только чувствовала слабость и отсутствие аппетита; и конец ее был самый легкий. — Я нашел ее на столе в зале (которую вы знаете) в зеленом шелковом платье. Она была необычайно худа. Все внешние условия и религиозные обряды были исполнены над нею с большим приличием и внимательностью, благодаря заботам Ивана и его жены. —</p>
<p rend="left">Похоронена она в Рудакове<note xml:id="note4" resp="volume_editor" index="false"> Село, в приходе которого было Судаково.</note> в нарочно сделанном склепе. Николаю<note xml:id="note5" resp="volume_editor" index="false"> Николай Владимирович Арсеньев, брат О. В. Енгалычевой.</note> телеграфировали, и он мог по времени успеть приехать к похоронам, но он не нашел нужным этого сделать. И признаюсь, мне вчуже было очень грустно думать, что она умерла и похоронена одна среди только слуг. Письмо ваше, любезная Евгения Владимировна, мне было очень приятно получить <hi style="opdelimiter">и</hi><hi style="opnumber">168</hi> <hi style="npnumber">169</hi><hi style="npdelimiter">как-то</hi> утешительно было видеть из него Вашу искреннюю любовь и печаль о Вашей, справедливо названной вами, несчастной и покинутой сестре. Ежели Вам может быть сколько-нибудь то утешительно, то знайте, что я от души поплакал над гробом Вашей сестры. Как только я увидал ее в гробу, я совершенно забыл Ольгу Владимировну, которую я изредка видал последнее время, а помнил только одну миленькую, добрую и жалкую, нелюбимую белокурую девочку Олиньку, которую я всегда любил. —</p>
<p rend="left">Желаю, чтобы передаваемые мною сведения были для вас утешительны, пользуюсь случаем уверить Вас в моей искренней к Вам преданности и уважении.</p>
<p rend="right">Гр. Л. Толстой.</p>
<p rend="left">23 апреля.</p>
<p rend="left">Ясная Поляна.</p>
<p rend="left">P. S. Доверенность я получил и постараюсь исполнить ваше поручение.<note xml:id="note6" resp="volume_editor" index="false"> О какой доверенности упоминает Толстой, не установлено.</note></p>
<comments><p rend="Textpetit_otstup left">Впервые опубликовано в юбилейном сборнике «Лев Николаевич Толстой», М. 1928, стр. 57—59. Год определяется содержанием.</p>
<p rend="petit left">На письме карандашом, вероятно рукой Е. В. Липранди, надпись: «Как хорошо это написано!»</p>
<p rend="petit left">Евгения Владимировна Липранди, рожд. Арсеньева (1845—1909) — одна из трех сестер Арсеньевых, опекуном которых был Толстой. См. тт. 47, 59 и 60.</p>
<p rend="Textpetit_otstup left"><hi>1</hi> О. В. Енгалычева, рожд. Арсеньева (1838—1867) — сестра Е. В. Липранди. В 1857 г. она вышла замуж за офицера, Петра Гавриловича Енгалычева, с которым впоследствии разошлась.</p>
<p rend="petit left"><hi>2</hi> Наталья Петровна Охотницкая.</p>
<p rend="petit left"><hi>3</hi> Имение Арсеньевых, в 7 км. от Ясной Поляны.</p>
<p rend="petit left"><hi>4</hi> Село, в приходе которого было Судаково.</p>
<p rend="petit left"><hi>5</hi> Николай Владимирович Арсеньев, брат О. В. Енгалычевой.</p>
<p rend="petit left"><hi>6</hi> О какой доверенности упоминает Толстой, не установлено.</p>
</comments></div></body>
        </text>
        </TEI>