<?xml version='1.0' encoding='UTF-8' standalone='no'?>

<TEI xmlns="http://www.tei-c.org/ns/1.0">
       <teiHeader>
          <fileDesc>
             <titleStmt>
                <title>Письмо №* 305. Д. А. Дьякову.</title>
             </titleStmt>
             <publicationStmt>
                <publisher>TolstoyLab</publisher>
                <date when="2015-09-14">14 September 2015</date>
             </publicationStmt>
             <sourceDesc>
                <biblStruct>
                   <analytic>
                      <author>Толстой Л.Н.</author>
                   </analytic>
                   <monogr>
                      <title level="m">Полное собрание сочинений. Том 61</title>
                      <imprint>
                         <pubPlace>Москва</pubPlace>
                         <publisher>Государственное издательство "Художественная литература"</publisher>
                         <date when="1953"/>
                      </imprint>
                   </monogr>
                   <series>
                      <title level="s">Л.Н. Толстой. Полное собрание сочинений</title>
                      <biblScope unit="vol">61</biblScope>
                   </series>
                </biblStruct>
             </sourceDesc>
          </fileDesc>
          <encodingDesc>
             <tagsDecl> </tagsDecl>
          </encodingDesc>
          <profileDesc>
             <correspDesc>
                <correspAction type="sending">
                   <persName ref="PersonList.xml#L_N_Tolstoy">Л. Н. Толстой</persName>
                   <placeName ref="PlacesListxml#PLACE">Я. П.</placeName>
                   <date when="1870-03">1870 г. Марта</date>            </correspAction>
                <correspAction type="receiving">
                   <persName ref="PersonList.xml#RECEIVER">Д. А. Дьякову</persName>
                </correspAction>
                <correspContext>
                   <ref type="prev"/>
                </correspContext>
             </correspDesc>
          </profileDesc>
       </teiHeader>
       <xenoData><number type="in a volume">305</number></xenoData>

              <text xml:id="D__A__Dyakovu_305">
	<body><div>
		<opener index="false">
* 305. Д. А. Дьякову.
1870 г. Марта первая половина. Я. П.
</opener>
<p rend="Obrashenie left">Любезный друг!</p>
<p rend="left">Я получил перед отъездом от прикащика Соловьева<note xml:id="note1" resp="volume_editor" index="false"> Книготорговец И. Г. Соловьев.</note> билет на 2000 р., поэтому 13-го ты получи только билет в 10 <choice original_editorial_correction='т[ысяч]'><sic>т</sic><corr>тысяч</corr></choice> на имя Лизы.<note xml:id="note2" resp="volume_editor" index="false"> С. А. Толстая в автобиографии «Моя жизнь» пишет, что из гонорара, полученного за «Войну и мир», Толстой подарил Елизавете и Варваре Валериановнам по 10 тысяч рублей.</note></p>
<p rend="left">Еще сделай милость, пошли в гостиницу Россия спросить, не оставил ли я там (я наверное оставил) детский ботинок и пришли мне его.<note xml:id="note3" resp="volume_editor" index="false"> В ГМТ сохранился обрывок доверенности Толстого на этот предмет следующего содержания:</note></p>
<p rend="left">Как ты поживаешь и Маша?<note xml:id="note4" resp="volume_editor" index="false"> Дочь Д. А. Дьякова.</note> Что наши?<note xml:id="note5" resp="volume_editor" index="false"> Семья М. Н. Толстой. См. прим. 2 к письму № 296.</note> Не приедешь ли к нам еще раз до общего отъезда в деревню?</p>
<p rend="left">Когда же совсем поедешь в деревню, это уж дело решенное, что ты с Машей и Софеш погостишь у нас. Соня иначе <hi style="opdelimiter">очень</hi><hi style="opnumber">230</hi> <hi style="npnumber">231</hi><hi style="npdelimiter">огорчится.</hi> У нас теперь всё слава богу, только вчера Илюша заболел, кажется, несерьезно. —</p>
<p rend="left">Ханна<note xml:id="note6" resp="volume_editor" index="false"> Англичанка, жившая у Толстых в качестве гувернантки.</note> уехала, но, по всем вероятиям, вернется. Мы ей предложили следующее: Вот мол вам 50 руб. на дорогу англичанке, которую вы пришлете, и вот вам еще за два месяца вперед жалованья. Если вы вздумаете сами вернуться через два месяца, то оставьте себе эти 110 рублей, если нет, то отдайте их другой. Она очень желает вернуться, и мы надеемся. Дети скучают по ней, особенно Таня. —</p>
<p rend="left">Мои занятия за это время составляют коньки. Сережа со мной уже катается порядочно. Прощай, до свидания.</p>
<p rend="right">Твой Л. Толстой.</p>
<p rend="left">Прилагаю контрамарку на недостающие до 10 <choice original_editorial_correction='т[ысяч]'><sic>т</sic><corr>тысяч</corr></choice> 449 р. Может быть, ее нужно возвратить. —</p>
<comments><p rend="Textpetit_otstup left">Датируется временем возвращения Толстого из Москвы.</p>
<p rend="Textpetit_otstup left"><hi>1</hi> Книготорговец И. Г. Соловьев.</p>
<p rend="petit left"><hi>2</hi> С. А. Толстая в автобиографии «Моя жизнь» пишет, что из гонорара, полученного за «Войну и мир», Толстой подарил Елизавете и Варваре Валериановнам по 10 тысяч рублей.</p>
<p rend="petit left"><hi>3</hi> В ГМТ сохранился обрывок доверенности Толстого на этот предмет следующего содержания:</p>
<p rend="subtitle centerline">
В гостиницу «Россия».
</p>
<p rend="left">нице России в первых числах марта забыт детский башмак шагреневой кожи. Прошу передать его сему подателю. —</p>
<p rend="right">Граф Лев Толстой.</p>
<p rend="petit left"><hi>4</hi> Дочь Д. А. Дьякова.</p>
<p rend="petit left"><hi>5</hi> Семья М. Н. Толстой. См. прим. 2 к письму № 296.</p>
<p rend="petit left"><hi>6</hi> Англичанка, жившая у Толстых в качестве гувернантки.</p>
</comments></div></body>
        </text>
        </TEI>