<?xml version='1.0' encoding='UTF-8' standalone='no'?>

<TEI xmlns="http://www.tei-c.org/ns/1.0">
       <teiHeader>
          <fileDesc>
             <titleStmt>
                <title>Письмо №272. Товарищу министра внутренних дел А. И. Левшину.</title>
             </titleStmt>
             <publicationStmt>
                <publisher>TolstoyLab</publisher>
                <date when="2015-09-14">14 September 2015</date>
             </publicationStmt>
             <sourceDesc>
                <biblStruct>
                   <analytic>
                      <author>Толстой Л.Н.</author>
                   </analytic>
                   <monogr>
                      <title level="m">Полное собрание сочинений. Том 60</title>
                      <imprint>
                         <pubPlace>Москва</pubPlace>
                         <publisher>Государственное издательство "Художественная литература"</publisher>
                         <date when="1949"/>
                      </imprint>
                   </monogr>
                   <series>
                      <title level="s">Л.Н. Толстой. Полное собрание сочинений</title>
                      <biblScope unit="vol">60</biblScope>
                   </series>
                </biblStruct>
             </sourceDesc>
          </fileDesc>
          <encodingDesc>
             <tagsDecl> </tagsDecl>
          </encodingDesc>
          <profileDesc>
             <correspDesc>
                <correspAction type="sending">
                   <persName ref="PersonList.xml#L_N_Tolstoy">Л. Н. Толстой</persName>
                   <placeName ref="PlacesListxml#PLACE">Петербург.</placeName>
                   <date when="1856-05-10">1856 г. Мая 10.</date>            </correspAction>
                <correspAction type="receiving">
                   <persName ref="PersonList.xml#RECEIVER">Товарищу министра внутренних дел А. И. Левшину</persName>
                </correspAction>
                <correspContext>
                   <ref type="prev"/>
                </correspContext>
             </correspDesc>
          </profileDesc>
       </teiHeader>
       <xenoData><number type="in a volume">272</number></xenoData>

              <text xml:id="LevshinuA.I._272">
	<body><div>
		<opener index="false">
272. Товарищу министра внутренних дел А. И. Левшину. Черновое.
1856 г. Мая 10. Петербург.
</opener>
<p rend="Obrashenie left">Г-ну Товарищу Министра Внутренних дел Левшину.<note xml:id="note1" resp="volume_editor" index="false"> <hi>В подлиннике</hi>: Левшина,</note></p>
<p rend="right">От помещика Тульской губернии </p>
<p rend="right">Поручика Артиллерии, </p>
<p rend="right">Графа Толстого.</p>
<p rend="subtitle centerline">
Докладная записка.
</p>
<p rend="left">Имея желание уволить в свободные хлебопашцы крестьян, полученных мною по наследству от отца, в имении моем Тульской губернии Крапивенского уезда, сельце Ясной Поляне, имею честь представить на рассмотрение Вашего Превосходительства следующий проэкт контракта, основанный на статьях 760, 761, 762 и 763 из Свода законов о состояниях.</p>
<p rend="left">«Мы, нижеподписавшиеся, крестьяне и помещик, заключаем сие условие в том, что, 1) я, помещик, со дня совершения условия, освобождаю крестьян и дворовых от всех ко мне повинностей: сборов, оброков, барщины и т. д.; 2) отдаю крестьянам и дворовым по полдесятины на душу в полную и вечную собственность всей общины; 3) отдаю в полную собственность общины всю ту землю в пахатных полях и лугах находящуюся, которой в настоящее время пользуются крестьяне.</p>
<p rend="left">Мы, крестьяне, обязываемся: 1) платить помещику с той земли пахотной и сенокосной, которой мы пользуемся в настоящее время, ежегодно по 4 рубля серебром наемной платы с <hi style="opdelimiter">десятины,</hi><hi style="opnumber">463</hi> <hi style="npnumber">464</hi><hi style="npdelimiter">что</hi> по ценности земель составляет 10 процентов с капитала. —</p>
<p rend="left">2) Крестьянская община обязана выкупить землю.</p>
<p rend="left">3) &lt;Выкуп сей зависит от воли крестьян. Они могут выкупить ее единовременно или на года, с соблюдением того рассчета, что, какая бы ни была сумма и через сколько бы то ни было времени взнесена помещику сверх 10-процентной платы, сумма эта вычитается из суммы капитала земли, рассчитывая по 40 р. за десятину, а на остаток продолжается 10-процентная плата. Так что ежели бы крестьяне вносили по 5 р. с десятины ежегодно, то в первый год они бы уплатили по 1 с капитала, в 2-й — 110, в 3 — 121, 4 — 132, 5 — 147, 6 — 162, 7 — 178, 8 — 195, 9 — 215, 10 — 236, 11 — 260, 12 — 286, 13 — 315, 14 — 346, 15 — 381, 16 — 419 и наконец в 17 год они бы заплатили всего 397, из которых 358 на погашение остального капитала, и получили бы в полную собственность землю.</p>
<p rend="left">(<hi>Прим.</hi> Процент выкупа должен быть больше процента залога. 10 проц. есть средний употребительный в гражданских сделках процент.)&gt;<note xml:id="note2" resp="volume_editor" index="false"> Пункт 3 зачеркнут, кончая словами: «Сумма эта вычитается», которыми заканчивается первая страница, продолжение же фразы, перенесенное на оборот листа, очевидно, ошибочно осталось незачеркнутым.</note></p>
<p rend="left">4) Выход с земли разрешается помещиком. —</p>
<p rend="left">5) В случае недоплаты процентов крестьянской общиной, она обязана по справочной цене выставлять для заработков означенной суммы работников по требованию помещика.</p>
<p rend="left">6) Крестьянская община сама принимает меры для прокормления старых и бездомных.</p>
<p rend="left">7) Повинности правительству: подати, рекрутчина справляются общиной.</p>
<p rend="left">8) <choice original_editorial_correction='К[рестьяне]'><sic>К</sic><corr>Крестьяне</corr></choice> поступают в ведение <choice original_editorial_correction='М[инистерства]'><sic>М</sic><corr>Министерства</corr></choice> <choice original_editorial_correction='В[нутренних]'><sic>В</sic><corr>Внутренних</corr></choice> <choice original_editorial_correction='Д[ел]'><sic>Д</sic><corr>Дел</corr></choice>».<note xml:id="note3" resp="volume_editor" index="false"> Пункт 8 вписан между строк, причем вся фраза осталась незаконченной.</note></p>
<p rend="left">Так как имение мое состоит в залоге [в] <choice original_editorial_correction='М[осковском]'><sic>М</sic><corr>Московском</corr></choice> <choice original_editorial_correction='О[пекунском]'><sic>О</sic><corr>Опекунском</corr></choice> <choice original_editorial_correction='С[овете]'><sic>С</sic><corr>Совете</corr></choice> — то осмеливаюсь просить <choice original_editorial_correction='В[аше]'><sic>В</sic><corr>Ваше</corr></choice> <choice original_editorial_correction='П[ревосходительство]'><sic>П</sic><corr>Превосходительство</corr></choice> о <choice original_editorial_correction='исхода[тай]ствовании'><sic>исходаствовании</sic><corr>исходатайствовании</corr></choice> посредничества Правительства <choice original_editorial_correction='М[инистерства]'><sic>М</sic><corr>Министерства</corr></choice> <choice original_editorial_correction='В[нутренних]'><sic>В</sic><corr>Внутренних</corr></choice> <choice original_editorial_correction='Д[ел]'><sic>Д</sic><corr>Дел</corr></choice> между мной и Кредитным установлением. —</p>
<p rend="left">Долг состоящий на имении пусть по числу земли будет разделен на крестьянскую и мою землю. — Плату, как наемную, так и выкупную, с крестьян я предоставляю всю сполна, ежели она не будет превышать долга, получать прямо Правительству. <hi style="opdelimiter">—</hi><hi style="opnumber">464</hi></p>
<comments><p rend="Textpetit_otstup left"><hi style="npnumber">465</hi><hi style="npdelimiter">Впервые</hi> опубликовано в т. 5 настоящего издания, стр. 247—248. Дата определяется записью в Дневнике под 11 мая 1856 г. См. т. 48 и прим. 1 к п. № 14.</p>
<p rend="petit left">Алексей Ираклиевич Левшин (1798—1879). В 1823—1826 гг. служил в Одессе (одно время вместе с Пушкиным) секретарем генерал-губернатора гр. М. С. Воронцова. В январе 1856 г. вступил в должность товарища министра внутренних дел, в которой находился до 1859 г. По мысли Левшина в 1857 г. был образован особый секретный комитет, названный потом Главным комитетом по крестьянскому делу. Им же был составлен для Александра II исторический обзор крепостного права в России. Историю своего участия в деле крестьянской реформы Левшин изложил в записке «Достопамятные минуты в моей жизни» («Русский архив», 1885, № 8).</p>
<p rend="Textpetit_otstup left"><hi>1</hi> <hi>В подлиннике</hi>: Левшина,</p>
<p rend="petit left"><hi>2</hi> Пункт 3 зачеркнут, кончая словами: «Сумма эта вычитается», которыми заканчивается первая страница, продолжение же фразы, перенесенное на оборот листа, очевидно, ошибочно осталось незачеркнутым.</p>
<p rend="petit left"><hi>3</hi> Пункт 8 вписан между строк, причем вся фраза осталась незаконченной.</p>
<p rend="petit left">Повидимому, записка эта в перебеленном виде была вручена Толстым А. И. Левшину при его посещении Министерства внутренних дел 11 мая 1856 г.</p>
</comments></div></body>
        </text>
        </TEI>