<?xml version='1.0' encoding='UTF-8' standalone='no'?>

<TEI xmlns="http://www.tei-c.org/ns/1.0">
       <teiHeader>
          <fileDesc>
             <titleStmt>
                <title>Письмо №13. Гр. М. Н. Толстой.</title>
             </titleStmt>
             <publicationStmt>
                <publisher>TolstoyLab</publisher>
                <date when="2015-09-14">14 September 2015</date>
             </publicationStmt>
             <sourceDesc>
                <biblStruct>
                   <analytic>
                      <author>Толстой Л.Н.</author>
                   </analytic>
                   <monogr>
                      <title level="m">Полное собрание сочинений. Том 60</title>
                      <imprint>
                         <pubPlace>Москва</pubPlace>
                         <publisher>Государственное издательство "Художественная литература"</publisher>
                         <date when="1949"/>
                      </imprint>
                   </monogr>
                   <series>
                      <title level="s">Л.Н. Толстой. Полное собрание сочинений</title>
                      <biblScope unit="vol">60</biblScope>
                   </series>
                </biblStruct>
				<bibl>Впервые опубликовано в книге «Лев Николаевич Толстой. Юбилейный сборник», Гиз, 1929, стр. 40―41. Год определяется содержанием и записью в Дневнике под 3 июня 1856 г. (т. 47, стр. 78).</bibl>
             </sourceDesc>
          </fileDesc>
          <encodingDesc>
             <tagsDecl> </tagsDecl>
          </encodingDesc>
          <profileDesc>
             <correspDesc>
                <correspAction type="sending">
                   <persName ref="PersonList.xml#L_N_Tolstoy">Л. Н. Толстой</persName>
                   <placeName ref="PlacesListxml#PLACE">Я. П.</placeName>
                   <date when="1856-06-05">1856 г. Июня 5.</date>            </correspAction>
                <correspAction type="receiving">
                   <persName ref="PersonList.xml#RECEIVER">Гр. М. Н. Толстой</persName>
                </correspAction>
                <correspContext>
                   <ref type="prev"/>
                </correspContext>
             </correspDesc>
          </profileDesc>
       </teiHeader>
       <xenoData><number type="in a volume">13</number></xenoData>

              <text xml:id="gr.M.N.Tolstoj_13">
	<body><div>
		<opener index="false">
13. Гр. М. Н. Толстой.
1856 г. Июня 5. Я. П.</opener>
<p rend="left">Посылаю тебе фортепьяно, пришли мне рояль и Дон-Жуана,<note xml:id="note1" resp="volume_editor" index="false"> «Дон-Жуан» ― опера Моцарта.</note> как ты обещала, и еще что-нибудь из Бетховенских или Моцартовских вещей, которые может быть тебе не нужны. Да еще я помню, что проездом с Кавказа<note xml:id="note2" resp="volume_editor" index="false"> В последних числах февраля ― первых числах марта 1854 г. Толстой был в Покровском, откуда поехал в Бухарест.</note> или из Крыма<note xml:id="note3" resp="volume_editor" index="false"> О том, что Толстой заезжал в Ясную Поляну проездом из Крыма в Петербург в ноябре 1855 г., свидетельствует запись в Дневнике под 21 ноября 1855 г.</note> я оставил у тебя мое старое писанье, ежели оно действительно у тебя, то пришли его мне. ― Я слова своего не изменю и после Петрова дня<note xml:id="note4" resp="volume_editor" index="false"> Толстой приехал в Покровское 3 июля.</note> приеду, но не лучше ли бы вам вздумать и приехать ко мне теперь на несколько дней, а потом опять можно. В Ясном до того хорошо, что невозможно выехать. Купанье на реке отличное, я только что оттуда приехал. Я бы тебе тоже устроил там купальню. Подумайте. Может, и <choice original_editorial_correction='Ив[ан]'><sic>Ив</sic><corr>Иван</corr></choice> <choice original_editorial_correction='Серг[еевич]'><sic>Серг</sic><corr>Сергеевич</corr></choice><note xml:id="note5" resp="volume_editor" index="false"> И. С. Тургенев в Ясную Поляну не приезжал.</note> тоже с вами приедет? Тетинька<note xml:id="note6" resp="volume_editor" index="false"> Т. А. Ергольская.</note> и я целуем всех вас и не отчаиваемся, что вы приедете. ―</p>
<p rend="left">Вариньке скажи от меня Уаааа! А Николиньке скажи Уииии! а преступнице скажи Уууу ― а!<note xml:id="note7" resp="volume_editor" index="false"> Маленькие дети М. Н. Толстой.</note></p>
<p rend="left">Пожалуйста до скорого свиданья. Дело мое с мужиками идет плохо,<note xml:id="note8" resp="volume_editor" index="false"> Речь идет о деле освобождения крестьян. 29 мая, в первый же день по приезде в Ясную Поляну из Петербурга, Толстой созвал сходку крестьян и произнес речь, объявив те условия, на которых предлагал крестьянам выйти на волю. Черновик этой речи был написан еще в Петербурге. Речь эта не произвела на крестьян того действия, которого ожидал Толстой. См. запись в Дневнике под 3 июня (т. 47, стр. 78) и 9 июня (т. 47, стр. 80), а также п. № 26.</note> тем более, я не могу уехать. Я приехал домой в 4 часа утра,<note xml:id="note9" resp="volume_editor" index="false"> 31 мая 1856 г. в 5 часов утра Толстой поехал верхом к Тургеневу в Спасское-Лутовиново (Орловской губ., Мценского уезда). В тот же день вечером Толстой вместе с Тургеневым поехали в Покровское. 3 июня «в 5-м часу» утра Толстой вернулся в Ясную Поляну (Дневник под 31 мая ― 3 июня 1856 г., т. 47, стр. 77―78).</note> все спали, и я, усевшись на балкон, прочел Пушкинского ДонЖуана<note xml:id="note10" resp="volume_editor" index="false"> Дон-Жуан ― «Каменный гость» Пушкина, текст которого Толстой читал в IV т. Собрания сочинений Пушкина под редакцией П. В. Анненкова, 1855 г.</note> и до того был в восторге, что хотел тотчас писать Тургеневу об своем впечатлении.</p>
<p rend="right rightindent">Целую тебя. Твой брат </p>
<p rend="right">Гр. Л. Толстой.</p>
<p rend="left">5 <hi style="opdelimiter">Июня.<note xml:id="note11" resp="volume_editor" index="false"> Цифра 5 переправлена из 4.</note></hi><hi style="opnumber">63</hi></p>
<lb/>
<p rend="left"><hi style="npnumber">64</hi><hi style="npdelimiter"><hi>На</hi></hi> <hi>четвертой странице:</hi></p>
<p rend="left">Ее Сиятельству Графине Марье Николаевне Толстой.</p>
<comments><p rend="Textpetit_otstup left">Впервые опубликовано в книге «Лев Николаевич Толстой. Юбилейный сборник», Гиз, 1929, стр. 40―41. Год определяется содержанием и записью в Дневнике под 3 июня 1856 г. (т. 47, стр. 78).</p>
<p rend="petit left">Гр. Мария Николаевна Толстая (1830―1912) ― cестра Толстого. Была замужем за своим троюродным братом гр. Валерианом Петровичем Толстым (1813―1865). См. т. 59, стр. 97 ― 98.</p>
<p rend="Textpetit_otstup left"><hi>1</hi> «Дон-Жуан» ― опера Моцарта.</p>
<p rend="petit left"><hi>2</hi> В последних числах февраля ― первых числах марта 1854 г. Толстой был в Покровском, откуда поехал в Бухарест.</p>
<p rend="petit left"><hi>3</hi> О том, что Толстой заезжал в Ясную Поляну проездом из Крыма в Петербург в ноябре 1855 г., свидетельствует запись в Дневнике под 21 ноября 1855 г.</p>
<p rend="petit left"><hi>4</hi> Толстой приехал в Покровское 3 июля.</p>
<p rend="petit left"><hi>5</hi> И. С. Тургенев в Ясную Поляну не приезжал.</p>
<p rend="petit left"><hi>6</hi> Т. А. Ергольская.</p>
<p rend="petit left"><hi>7</hi> Маленькие дети М. Н. Толстой.</p>
<p rend="petit left"><hi>8</hi> Речь идет о деле освобождения крестьян. 29 мая, в первый же день по приезде в Ясную Поляну из Петербурга, Толстой созвал сходку крестьян и произнес речь, объявив те условия, на которых предлагал крестьянам выйти на волю. Черновик этой речи был написан еще в Петербурге. Речь эта не произвела на крестьян того действия, которого ожидал Толстой. См. запись в Дневнике под 3 июня (т. 47, стр. 78) и 9 июня (т. 47, стр. 80), а также п. № 26.</p>
<p rend="petit left"><hi>9</hi> 31 мая 1856 г. в 5 часов утра Толстой поехал верхом к Тургеневу в Спасское-Лутовиново (Орловской губ., Мценского уезда). В тот же день вечером Толстой вместе с Тургеневым поехали в Покровское. 3 июня «в 5-м часу» утра Толстой вернулся в Ясную Поляну (Дневник под 31 мая ― 3 июня 1856 г., т. 47, стр. 77―78).</p>
<p rend="petit left"><hi>10</hi> Дон-Жуан ― «Каменный гость» Пушкина, текст которого Толстой читал в IV т. Собрания сочинений Пушкина под редакцией П. В. Анненкова, 1855 г.</p>
<p rend="petit left"><hi>11</hi> Цифра 5 переправлена из 4.</p>
</comments></div></body>
        </text>
        </TEI>