<?xml version='1.0' encoding='UTF-8' standalone='no'?>

<TEI xmlns="http://www.tei-c.org/ns/1.0">
       <teiHeader>
          <fileDesc>
             <titleStmt>
                <title>Письмо №* 284. Доверенность В. И. Трубецкому.</title>
             </titleStmt>
             <publicationStmt>
                <publisher>TolstoyLab</publisher>
                <date when="2015-09-14">14 September 2015</date>
             </publicationStmt>
             <sourceDesc>
                <biblStruct>
                   <analytic>
                      <author>Толстой Л.Н.</author>
                   </analytic>
                   <monogr>
                      <title level="m">Полное собрание сочинений. Том 60</title>
                      <imprint>
                         <pubPlace>Москва</pubPlace>
                         <publisher>Государственное издательство "Художественная литература"</publisher>
                         <date when="1949"/>
                      </imprint>
                   </monogr>
                   <series>
                      <title level="s">Л.Н. Толстой. Полное собрание сочинений</title>
                      <biblScope unit="vol">60</biblScope>
                   </series>
                </biblStruct>
				<bibl>Печатается по подлиннику, хранящемуся в Курском архивном бюро, в фонде № 68, дело Курского губернского по крестьянским делам присутствия за № 45 «Уставная грамота по имению Курской губернии Суджанского уезда сельца Щербачевки, Ржава тож, помещиков графов Толстых». Доверенность написана писарской рукой; подпись Толстого собственноручная.</bibl>
             </sourceDesc>
          </fileDesc>
          <encodingDesc>
             <tagsDecl> </tagsDecl>
          </encodingDesc>
          <profileDesc>
             <correspDesc>
                <correspAction type="sending">
                   <persName ref="PersonList.xml#L_N_Tolstoy">Л. Н. Толстой</persName>
                   <placeName ref="PlacesListxml#PLACE">Я. П.</placeName>
                   <date when="1861-07-02">1861 г. Июля 2.</date>            </correspAction>
                <correspAction type="receiving">
                   <persName ref="PersonList.xml#RECEIVER">Доверенность В. И. Трубецкому</persName>
                </correspAction>
                <correspContext>
                   <ref type="prev"/>
                </correspContext>
             </correspDesc>
          </profileDesc>
       </teiHeader>
       <xenoData><number type="in a volume">284</number></xenoData>

              <text xml:id="DoverennostV.I.Trubeckomu_284">
	<body><div>
		<opener index="false">
* 284. Доверенность В. И. Трубецкому.
1861 г. Июля 2. Я. П.
</opener>
<p rend="Obrashenie left">Василий Иванович,</p>
<p rend="left">Так как мы по делам нашим не можем сами лично подать уставную грамоту, по имению нашему, Курской губернии, Суджанского уезда Сельцу Щербачевке, а время окончательного представления грамот должно скоро окончиться, то на основании 24 статьи правил о порядке приведения в действие Положения о крестьянах, сим верющим письмом доверяем тебе уставную грамоту по вышеписанному имению нашему за нас составить, куда следует представить и вообще иметь хождение по этому делу, почему и подавать за нас от себя, куда следовать будет, все какие потребуются, бумаги и отзывы, и всё, что ты по этому делу законно учинишь, мы в том спорить и прекословить не будем; верющее письмо сие удостоверяем подписом нашим при удостовереньи двух свидетелей.</p>
<p rend="left">1861 года, июля 2 дня.</p>
<p rend="left">Штабс-капитан граф Сергей Николаев сын Толстой. Поручик граф Лев Николаевич Толстой, коллежский регистратор Иосиф Александров Воейков. При даче сего верющего письма свидетелем был и руку приложил Суджанский помещик поручик Петр Матвеев сын Самойлов.</p>
<p rend="Textpetit_otstup left">Доверенность сия принадлежит временно обязанному дворовому человеку Тульской губернии Крапивенского уезда села Пирогова штабс-капитана графа Сергея Николаевича Толстого Василию Иванову Трубецкому.</p>
<comments><p rend="Textpetit_otstup left">Печатается по подлиннику, хранящемуся в Курском архивном бюро, в фонде № 68, дело Курского губернского по крестьянским делам присутствия за № 45 «Уставная грамота по имению Курской губернии Суджанского уезда сельца Щербачевки, Ржава тож, помещиков графов Толстых». Доверенность написана писарской рукой; подпись Толстого собственноручная.</p>
<p rend="petit left">Василий Иванович Трубецкой — дворовый отца Толстого. Был буфетчиком в Ясной Поляне; еще во времена раннего детства Толстого переведен приказчиком в Щербачевку. Толстой рассказывает о нем в своих «Воспоминаниях» (см. т. 34). Письмо Трубецкого к H. Н. Толстому от 4 февраля 1850 г. сохранилось.</p>
<p rend="emptyline left"><hi style="opnumber">480</hi> <hi style="npnumber">481</hi></p>
</comments></div></body>
        </text>
        </TEI>