<?xml version='1.0' encoding='UTF-8' standalone='no'?>

<TEI xmlns="http://www.tei-c.org/ns/1.0">
       <teiHeader>
          <fileDesc>
             <titleStmt>
                <title>Письмо №* 305. Доверенность П. Е. Воробьеву.</title>
             </titleStmt>
             <publicationStmt>
                <publisher>TolstoyLab</publisher>
                <date when="2015-09-14">14 September 2015</date>
             </publicationStmt>
             <sourceDesc>
                <biblStruct>
                   <analytic>
                      <author>Толстой Л.Н.</author>
                   </analytic>
                   <monogr>
                      <title level="m">Полное собрание сочинений. Том 60</title>
                      <imprint>
                         <pubPlace>Москва</pubPlace>
                         <publisher>Государственное издательство "Художественная литература"</publisher>
                         <date when="1949"/>
                      </imprint>
                   </monogr>
                   <series>
                      <title level="s">Л.Н. Толстой. Полное собрание сочинений</title>
                      <biblScope unit="vol">60</biblScope>
                   </series>
                </biblStruct>
             </sourceDesc>
          </fileDesc>
          <encodingDesc>
             <tagsDecl> </tagsDecl>
          </encodingDesc>
          <profileDesc>
             <correspDesc>
                <correspAction type="sending">
                   <persName ref="PersonList.xml#L_N_Tolstoy">Л. Н. Толстой</persName>
                   <placeName ref="PlacesListxml#PLACE">Я. П.</placeName>
                   <date when="1862-12">1862 г. Декабрь</date>            </correspAction>
                <correspAction type="receiving">
                   <persName ref="PersonList.xml#RECEIVER">Доверенность П. Е. Воробьеву</persName>
                </correspAction>
                <correspContext>
                   <ref type="prev"/>
                </correspContext>
             </correspDesc>
          </profileDesc>
       </teiHeader>
       <xenoData><number type="in a volume">305</number></xenoData>

              <text xml:id="DoverennostVorobevuP.E._305">
	<body><div>
		<opener index="false">
* 305. Доверенность П. Е. Воробьеву.
1862 г. Декабрь до 17. Я. П.
</opener>
<p rend="Obrashenie left">Петр Евстратов!</p>
<p rend="left">Брат мой Штабс-Капитан Граф Сергей Николаевич Толстой уполномочил меня двумя доверенностями, засвидетельствованными в Тульской Гражданской Палате — 1-ая 1861 года, 18 июля, записанной в книгу под № 54, 2-я того ж года Июля 19-го, записанная в книгу под № 58, с правом передоверия другому лицу на управление и распоряжением имением общим нашим Тульской Губернии, Чернского уезда, в селе Никольском с деревнями, доставшееся нам по наследству после покойного родного брата нашего, Штабс-Капитана Графа Николая Николаевича Толстого, заложенное в Московском Опекунском Совете; а потому доверяю тебе наше имение принять в твое управление и распоряжение, собирать с имения оброк и прочие доходы доставлять ко мне и во всем руководствоваться вновь изданными Высочайше утвержденными правилами о даровании прав крестьянам и дворовым людям, вышедшим из крепостной зависимости, заключать с лицами всех сословий и крестьянами, как ныне живущими на нашей земле, так и сторонними, всякого рода в отношении выкупа, найма и обработки земли условия, письменные обязательства; иметь письменные и словесные сношения с мировыми посредниками и другими учреждениями, по случаю изменения прав крестьян установленными или могущими образоваться; вообще заключать и совершать по имению нашему всякие требуемые сими правилами сделки или обязательства. Одним словом, вступая во все права и исполняя все обязанности, из новых правил истекающие, действовать так, как бы я сам и доверитель мой, а равно доверяю тебе по вышеозначенному имению нашему учинить разверстание земель крестьянских, следующих им в надел, а также <hi style="opdelimiter">и</hi><hi style="opnumber">508</hi> <hi style="npnumber">509</hi><hi style="npdelimiter">господских,</hi> оставшихся излишними за наделом, в случае надобности переселить крестьян в другие места, как это признаешь за лучшее. Сверх сего, составить выкупной договор о выкупе крестьянами их усадебной оседлости и всего надела земли, договоры вместо нас подписать и представить на утверждение к Мировому Посреднику, а также доверяю тебе представленные уставные грамоты по нашему имению дополнять и исправлять оные, не упуская пользы и выгод наших, и какие по нашему имению могут встретиться дела может во все присутственные места и к начальствующим лицам всякого рода прошения, объяснения, частные и апелляционные жалобы подавать, решения по оным выслушивать, подписывать удовольствия и неудовольствия, с соблюдением апелляционного порядка, и дела переносить из низших в высшие инстанции и в Правительствующий Сенат. В чем я тебе верю, и что ты по сему законно учинишь, я и доверитель мой спорить и прекословить не будем.</p>
<p rend="right">Поручик Граф Лев Николаев Толстой.</p>
<p rend="left">Декабря 1862 г.</p>
<p rend="Textpetit_otstup left">Сия доверенность принадлежит временно обязанному дворовому человеку Воробьеву.</p>
<p rend="petit left">1862 года Декабря 17 дня Тульская Палата Гражданского Суда на основании св. зак. Гражд. X т. изд. 1857 г. 2308 ст. свидетельствует, что сия доверенность действительно подписана рукою Поручика Графа Льва Николаева Толстого и дана временно обязанному дворовому человеку Петру Евстратову Воробьеву.</p>
<p rend="petit right">Председатель П. Маслов.</p>
<p rend="petit right">Заседатель Минин.</p>
<p rend="petit right">Заседатель (подпись).</p>
<p rend="petit right">Секретарь (подпись).</p>
<p rend="petit right">Регистратор Лазарев.</p>
<comments><p rend="Textpetit_otstup left">Весь текст доверенности написан писарской рукой; подпись Толстого собственноручная.</p>
</comments></div></body>
        </text>
        </TEI>