<?xml version='1.0' encoding='UTF-8' standalone='no'?>

<TEI xmlns="http://www.tei-c.org/ns/1.0">
       <teiHeader>
          <fileDesc>
             <titleStmt>
                <title>Письмо №* 380. А. А. Фету.</title>
             </titleStmt>
             <publicationStmt>
                <publisher>TolstoyLab</publisher>
                <date when="2015-09-14">14 September 2015</date>
             </publicationStmt>
             <sourceDesc>
                <biblStruct>
                   <analytic>
                      <author>Толстой Л.Н.</author>
                   </analytic>
                   <monogr>
                      <title level="m">Полное собрание сочинений. Том 61</title>
                      <imprint>
                         <pubPlace>Москва</pubPlace>
                         <publisher>Государственное издательство "Художественная литература"</publisher>
                         <date when="1953"/>
                      </imprint>
                   </monogr>
                   <series>
                      <title level="s">Л.Н. Толстой. Полное собрание сочинений</title>
                      <biblScope unit="vol">61</biblScope>
                   </series>
                </biblStruct>
             </sourceDesc>
          </fileDesc>
          <encodingDesc>
             <tagsDecl> </tagsDecl>
          </encodingDesc>
          <profileDesc>
             <correspDesc>
                <correspAction type="sending">
                   <persName ref="PersonList.xml#L_N_Tolstoy">Л. Н. Толстой</persName>
                   <placeName ref="PlacesListxml#PLACE">Я. П.</placeName>
                   <date when="1872-06-08">1872 г. Июня 8.</date>            </correspAction>
                <correspAction type="receiving">
                   <persName ref="PersonList.xml#RECEIVER">А. А. Фету</persName>
                </correspAction>
                <correspContext>
                   <ref type="prev">Ответ на неизвестное письмо А. А. Фета, написанное стихами.</ref>
                </correspContext>
             </correspDesc>
          </profileDesc>
       </teiHeader>
       <xenoData><number type="in a volume">380</number></xenoData>

              <text xml:id="A__A__Fetu_380">
	<body><div>
		<opener index="false">
* 380. А. А. Фету.
1872 г. Июня 8...10? Я. П.</opener>
<div rend="poem">
<div rend="stanza">
<p rend="v">
Как стыдно луку перед розой,
</p>
<p rend="v">
Хотя стыда причины нет,
</p>
<p rend="v">
Так стыдно мне ответить прозой
</p>
<p rend="v">
На вызов ваш, любезный Фет.
</p>
<p rend="v">
Итак, пишу впервой стихами,
</p>
<p rend="v">
Но не без робости, ответ. —
</p>
<p rend="v">
Когда? Куда? решайте сами,
</p>
<p rend="v">
Но заезжайте к нам, о Фет!
</p>
<p rend="v">
Хотя весь дом наш в перекраске,
</p>
<p rend="v">
Народу столько, сколь в участке,
</p>
<p rend="v">
Которым управляет Фет;<note xml:id="note1" resp="volume_editor" index="false"> А. А. Фет занимал должность мирового судьи.</note>
</p>
<p rend="v">
Но в тесноте обиды нету,
</p>
<p rend="v">
Реченье русское гласит,
</p>
<p rend="v">
Итак, мы рады будем Фету,
</p>
<p rend="v">
И так жена сказать велит.
</p>
</div>
</div>
<p rend="left poembtw"><hi style="opnumber">293</hi> <hi style="npnumber">294</hi></p>
<div rend="poem">
<div rend="stanza">
<p rend="v">
В урочный час будет карета
</p>
<p rend="v">
Стоять на станцьи Ясенки,
</p>
<p rend="v">
Я поищу в вагонах Фета
</p>
<p rend="v">
И огляжу все уголки...
</p>
<p rend="v">
Так<note xml:id="note2" resp="volume_editor" index="false"> <hi>В автографе</hi>: Там</note> мало умных на сем свете,
</p>
<p rend="v">
А дураков так много тут,
</p>
<p rend="v">
Что, как подумаю о Фете,
</p>
<p rend="v">
От мысли слюнки потекут.
</p>
<p rend="v">
Сухим доволен буду летом,
</p>
<p rend="v">
Пусть погибают рожь, ячмень,
</p>
<p rend="v">
Коль побеседовать мне с Фетом
</p>
<p rend="v">
Удастся вволю целый день.
</p>
<p rend="v">
Заботливы мы слишком оба,
</p>
<p rend="v">
Пускай в грядущем много бед,
</p>
<p rend="v">
Довлеет дневи его злоба,
</p>
<p rend="v">
Так лучше жить, любезный Фет...
</p>
</div>
</div>
<p rend="left">Без шуток, пишите поскорей, чтоб знать, когда выслать.</p>
<p rend="left">Жена родит <hi>на днях</hi>.<note xml:id="note3" resp="volume_editor" index="false"> 13 июня родился Петр Львович Толстой.</note> Но если бы я по случаю ее родов не мог принять вас, я во всяком случае вышлю вам весть на станцию. Ужасно хочется вас видеть.</p>
<p rend="right">Ваш Толстой.</p>
<comments><p rend="Textpetit_otstup left">Отрывок, с датой: «12 ноября 1872 г.», впервые опубликован в «Русском обозрении», 1890, 7, стр. 26—27. Датируется упоминанием о предстоящих родах С. А. Толстой и сопоставлением с письмом № 386.</p>
<p rend="petit left">Ответ на неизвестное письмо А. А. Фета, написанное стихами.</p>
<p rend="Textpetit_otstup left"><hi>1</hi> А. А. Фет занимал должность мирового судьи.</p>
<p rend="petit left"><hi>2</hi> <hi>В автографе</hi>: Там</p>
<p rend="petit left"><hi>3</hi> 13 июня родился Петр Львович Толстой.</p>
</comments></div></body>
        </text>
        </TEI>