<?xml version='1.0' encoding='UTF-8' standalone='no'?>

<TEI xmlns="http://www.tei-c.org/ns/1.0">
       <teiHeader>
          <fileDesc>
             <titleStmt>
                <title>Письмо №* 148. А. С. Ивановой.</title>
             </titleStmt>
             <publicationStmt>
                <publisher>TolstoyLab</publisher>
                <date when="2015-09-14">14 September 2015</date>
             </publicationStmt>
             <sourceDesc>
                <biblStruct>
                   <analytic>
                      <author>Толстой Л.Н.</author>
                   </analytic>
                   <monogr>
                      <title level="m">Полное собрание сочинений. Том 61</title>
                      <imprint>
                         <pubPlace>Москва</pubPlace>
                         <publisher>Государственное издательство "Художественная литература"</publisher>
                         <date when="1953"/>
                      </imprint>
                   </monogr>
                   <series>
                      <title level="s">Л.Н. Толстой. Полное собрание сочинений</title>
                      <biblScope unit="vol">61</biblScope>
                   </series>
                </biblStruct>
             </sourceDesc>
          </fileDesc>
          <encodingDesc>
             <tagsDecl> </tagsDecl>
          </encodingDesc>
          <profileDesc>
             <correspDesc>
                <correspAction type="sending">
                   <persName ref="PersonList.xml#L_N_Tolstoy">Л. Н. Толстой</persName>
                   <placeName ref="PlacesListxml#PLACE">Я. П.</placeName>
                   <date when="1865-11-10">1865 г. Ноября 10.</date>            </correspAction>
                <correspAction type="receiving">
                   <persName ref="PersonList.xml#RECEIVER">А. С. Ивановой</persName>
                </correspAction>
                <correspContext>
                   <ref type="prev"/>
                </correspContext>
             </correspDesc>
          </profileDesc>
       </teiHeader>
       <xenoData><number type="in a volume">148</number></xenoData>

              <text xml:id="A__S__Ivanovoj_148">
	<body><div>
		<opener index="false">
* 148. А. С. Ивановой.
1865 г. Ноября 10. Я. П.</opener>
<p rend="left">Очень рад был получить ваше письмо,<note xml:id="note1" resp="volume_editor" index="false"> Письмо А. С. Ивановой, на которое отвечает Толстой, не сохранилось.</note> любезная Александра Сергевна, и пользуюсь случаем возобновить наши сношения. Я сделаю всё, что могу, для того, чтобы исполнить, но вперед должен сказать, что в последнее время я прервал все личные сношения со всеми журналистами, и потому, при помещении вашего романа,<note xml:id="note2" resp="volume_editor" index="false">Роман этот неизвестен.</note> не могу ожидать выгод личного знакомства и связанного с ним снисхождения. Я уверен, что ваше сочинение и не нуждается в нем. Ежели вы пришлете мне свою рукопись, то я обещаю вам следующее: во-первых, — самое откровенное, ничем не скрашенное мнение (и даже прошу вашего на это согласия); во-вторых, то, что ежели роман, по моему мнению, хорош, то я с письмом от себя пошлю его в редакцию <choice original_editorial_correction='Р[усского]'><sic>Р</sic><corr>Русского</corr></choice> <choice original_editorial_correction='в[естника]'><sic>в</sic><corr>вестника</corr></choice> или <choice original_editorial_correction='О[течественных]'><sic>О</sic><corr>Отечественных</corr></choice> <choice original_editorial_correction='з[аписок]'><sic>з</sic><corr>записок</corr></choice> и буду стараться на выгоднейших для вас условиях, minimum которых прошу вас определить — поместить его. —</p>
<p rend="left">Адрес мой: <hi>в Тулу</hi>.</p>
<p rend="left">Последнее время мы — родные — ничего не знали про вас, и тем приятнее было мне узнать, что вы заняты делом, которое я считаю лучшим в мире, и что вы довольны своим положением. Сестра Маша — вдова с двумя дочерьми и сыном, к которому она на днях из своей Тульской деревни едет в Женеву, где он в школе. Мы часто вспоминаем о вас и о том приятном впечатлении, которое вы оставили всем нам. Я не видал еще сестры после получения вашего письма, но передаю вам ее душевный привет и благодарность за память. Целую вашу руку и, ожидая интересную рукопись, остаюсь душевно преданный родной</p>
<p rend="left">10 <choice original_editorial_correction='ноябр[я]'><sic>ноябр</sic><corr>ноября</corr></choice>. </p>
<p rend="right">гр. Лев Толстой.</p>
<comments><p rend="Textpetit_otstup left">Год определяется упоминанием о поездке М. Н. Толстой в Женеву к сыну, который учился там в 1865 г.</p>
<p rend="petit left">Александра Сергеевна Иванова, рожд. Толстая (р. 1817) — троюродная сестра Толстого (см. т. 46, стр. 491), с 1841 г. была замужем <hi style="opdelimiter">за</hi><hi style="opnumber">113</hi> <hi style="npnumber">114</hi><hi style="npdelimiter">профессором</hi> истории Казанского университета Н. А. Ивановым (1813—1869). В первый год пребывания в Казани Толстой жил у Ивановых. А. С. Ивановой принадлежат «Рассказы из виденного и слышанного», напечатанные в № 6 «Отечественных записок» за 1861 г.</p>
<p rend="Textpetit_otstup left"><hi>1</hi> Письмо А. С. Ивановой, на которое отвечает Толстой, не сохранилось.</p>
<p rend="petit left"><hi>2</hi>Роман этот неизвестен.</p>
</comments></div></body>
        </text>
        </TEI>