<?xml version='1.0' encoding='UTF-8' standalone='no'?>

<TEI xmlns="http://www.tei-c.org/ns/1.0">
       <teiHeader>
          <fileDesc>
             <titleStmt>
                <title>Письмо №* 147. Гр. И. Н. и С. Н. Толстым.</title>
             </titleStmt>
             <publicationStmt>
                <publisher>TolstoyLab</publisher>
                <date when="2015-09-14">14 September 2015</date>
             </publicationStmt>
             <sourceDesc>
                <biblStruct>
                   <analytic>
                      <author>Толстой Л.Н.</author>
                   </analytic>
                   <monogr>
                      <title level="m">Полное собрание сочинений. Том 60</title>
                      <imprint>
                         <pubPlace>Москва</pubPlace>
                         <publisher>Государственное издательство "Художественная литература"</publisher>
                         <date when="1949"/>
                      </imprint>
                   </monogr>
                   <series>
                      <title level="s">Л.Н. Толстой. Полное собрание сочинений</title>
                      <biblScope unit="vol">60</biblScope>
                   </series>
                </biblStruct>
             </sourceDesc>
          </fileDesc>
          <encodingDesc>
             <tagsDecl> </tagsDecl>
          </encodingDesc>
          <profileDesc>
             <correspDesc>
                <correspAction type="sending">
                   <persName ref="PersonList.xml#L_N_Tolstoy">Л. Н. Толстой</persName>
                   <placeName ref="PlacesListxml#PLACE">Новоселки.</placeName>
                   <date from="1859-15-09" to="1859-17-09">1859 г. Сентября 15—17</date>            </correspAction>
                <correspAction type="receiving">
                   <persName ref="PersonList.xml#RECEIVER">Гр. И. Н. и С. Н. Толстым</persName>
                </correspAction>
                <correspContext>
                   <ref type="prev"/>
                </correspContext>
             </correspDesc>
          </profileDesc>
       </teiHeader>
       <xenoData><number type="in a volume">147</number></xenoData>

              <text xml:id="gr.N.N.iS.N.Tolstym_147">
	<body><div>
		<opener index="false">
* 147. Гр. И. Н. и С. Н. Толстым.
1859 г. Сентября 15—17: Новоселки.</opener>
<p rend="petit right">15-го <choice original_editorial_correction='сен[тября]'><sic>сен</sic><corr>сентября</corr></choice> 59. Новоселки.</p>
<p rend="left">У нас ничего особенного нового. Я нанял Немца прикащика. У тебя в Пирогове всё благополучно, я протравил там 2 волков и двух лисиц. Зову <choice original_editorial_correction='Ив[ана]'><sic>Ив</sic><corr>Ивана</corr></choice> <choice original_editorial_correction='Петр[овича]'><sic>Петр</sic><corr>Петровича</corr></choice> идти к вам, но он не хочет — прощайте.</p>
<p rend="right">Л. Толстой.</p>
<comments><p rend="Textpetit_otstup left">Приписка к совместному письму И. П. Борисова и А. А. Фета к H. Н. и С. Н. Толстым с охоты.</p>
</comments></div></body>
        </text>
        </TEI>