<?xml version='1.0' encoding='UTF-8' standalone='no'?>

<TEI xmlns="http://www.tei-c.org/ns/1.0">
       <teiHeader>
          <fileDesc>
             <titleStmt>
                <title>Письмо №* 327. Д. А. Дьякову.</title>
             </titleStmt>
             <publicationStmt>
                <publisher>TolstoyLab</publisher>
                <date when="2015-09-14">14 September 2015</date>
             </publicationStmt>
             <sourceDesc>
                <biblStruct>
                   <analytic>
                      <author>Толстой Л.Н.</author>
                   </analytic>
                   <monogr>
                      <title level="m">Полное собрание сочинений. Том 61</title>
                      <imprint>
                         <pubPlace>Москва</pubPlace>
                         <publisher>Государственное издательство "Художественная литература"</publisher>
                         <date when="1953"/>
                      </imprint>
                   </monogr>
                   <series>
                      <title level="s">Л.Н. Толстой. Полное собрание сочинений</title>
                      <biblScope unit="vol">61</biblScope>
                   </series>
                </biblStruct>
             </sourceDesc>
          </fileDesc>
          <encodingDesc>
             <tagsDecl> </tagsDecl>
          </encodingDesc>
          <profileDesc>
             <correspDesc>
                <correspAction type="sending">
                   <persName ref="PersonList.xml#L_N_Tolstoy">Л. Н. Толстой</persName>
                   <placeName ref="PlacesListxml#PLACE">Я. П.</placeName>
                   <date when="1871-03-10">1871 г. Марта 10?</date>            </correspAction>
                <correspAction type="receiving">
                   <persName ref="PersonList.xml#RECEIVER">Д. А. Дьякову</persName>
                </correspAction>
                <correspContext>
                   <ref type="prev"/>
                </correspContext>
             </correspDesc>
          </profileDesc>
       </teiHeader>
       <xenoData><number type="in a volume">327</number></xenoData>

              <text xml:id="D__A__Dyakovu_327">
	<body><div>
		<opener index="false">
* 327. Д. А. Дьякову.
1871 г. Марта 10? Я. П.
</opener>
<p rend="Obrashenie left">Любезный друг!</p>
<p rend="left">Я, кажется, злоупотребляю твоим участием, написав тебе последнее бестолковое письмо. Здоровье Сони теперь, кажется, вне опасности. Она встала и еле ходит по комнатам, но следов болезни, кроме худобы и чрезвычайной слабости, никаких нет. Посылаю тебе деньги 1000 р. и 1000 раз благодарю тебя за них. Поцелуй за нас Машу.<note xml:id="note1" resp="volume_editor" index="false"> Дочь Д. А. Дьякова.</note> До свиданья. Не заедешь ли взглянуть на нас и на себя дать взглянуть, как поедешь в Чермошню? Книги, если взял, пришли с Алексеем.<note xml:id="note2" resp="volume_editor" index="false"> А. С. Орехов. <ref target="file:///Volume_61_D__A__Dyakovu_326.xml">См. письмо № 326</ref>.</note> Да если есть Геродот с переводом, то еще возьми.</p>
<p rend="right">Твой Л. Толстой</p>
<p rend="left">Четьи Минеи,<note xml:id="note3" resp="volume_editor" index="false"> О чтении Толстым в марте 1871 г. Четьих-Миней см. в дневнике С. А. Толстой запись от 28 марта.</note> если не взял, возьми у или через Соловьева.</p>
<comments><p rend="Textpetit_otstup left">Датируется предположительно сопоставлением с письмом № 326.</p>
<p rend="Textpetit_otstup left"><hi>1</hi> Дочь Д. А. Дьякова.</p>
<p rend="petit left"><hi>2</hi> А. С. Орехов. <ref target="file:///Volume_61_D__A__Dyakovu_326.xml">См. письмо № 326</ref>.</p>
<p rend="petit left"><hi>3</hi> О чтении Толстым в марте 1871 г. Четьих-Миней см. в дневнике С. А. Толстой запись от 28 марта.</p>
</comments></div></body>
        </text>
        </TEI>