<?xml version='1.0' encoding='UTF-8' standalone='no'?>

<TEI xmlns="http://www.tei-c.org/ns/1.0">
       <teiHeader>
          <fileDesc>
             <titleStmt>
                <title>Письмо №* 418. H. Н. Страхову.</title>
             </titleStmt>
             <publicationStmt>
                <publisher>TolstoyLab</publisher>
                <date when="2015-09-14">14 September 2015</date>
             </publicationStmt>
             <sourceDesc>
                <biblStruct>
                   <analytic>
                      <author>Толстой Л.Н.</author>
                   </analytic>
                   <monogr>
                      <title level="m">Полное собрание сочинений. Том 61</title>
                      <imprint>
                         <pubPlace>Москва</pubPlace>
                         <publisher>Государственное издательство "Художественная литература"</publisher>
                         <date when="1953"/>
                      </imprint>
                   </monogr>
                   <series>
                      <title level="s">Л.Н. Толстой. Полное собрание сочинений</title>
                      <biblScope unit="vol">61</biblScope>
                   </series>
                </biblStruct>
             </sourceDesc>
          </fileDesc>
          <encodingDesc>
             <tagsDecl> </tagsDecl>
          </encodingDesc>
          <profileDesc>
             <correspDesc>
                <correspAction type="sending">
                   <persName ref="PersonList.xml#L_N_Tolstoy">Л. Н. Толстой</persName>
                   <placeName ref="PlacesListxml#PLACE">Я. П.</placeName>
                   <date when="1872-10">1872 г. Октябрь?</date>            </correspAction>
                <correspAction type="receiving">
                   <persName ref="PersonList.xml#RECEIVER">H. Н. Страхову</persName>
                </correspAction>
                <correspContext>
                   <ref type="prev"/>
                </correspContext>
             </correspDesc>
          </profileDesc>
       </teiHeader>
       <xenoData><number type="in a volume">418</number></xenoData>

              <text xml:id="H__N__Straxovu_418">
	<body><div>
		<opener index="false">
* 418. H. Н. Страхову. Черновое, неотправленное.
1872 г. Октябрь? Я. П.</opener>
<p rend="left">Ради бога, если есть неясность в чем-нибудь, то напишите или телеграфируйте: потому что неясности не должно быть в смысле (я так долго работал), неясность должна быть в письме.</p>
<p rend="left">Простите 1000 раз за труд излишний от дурного письма и вообще. Я знаю, труд большой в <choice original_editorial_correction='пересмотр[е]'><sic>пересмотр</sic><corr>пересмотре</corr></choice> этого отдела.</p>
<comments><p rend="Textpetit_otstup left">Датируется на основании предположения, что письмо написано во время печатания «Арифметики». (Ср. с письмом № 406.)</p>
</comments></div></body>
        </text>
        </TEI>