<?xml version='1.0' encoding='UTF-8' standalone='no'?>

<TEI xmlns="http://www.tei-c.org/ns/1.0">
       <teiHeader>
          <fileDesc>
             <titleStmt>
                <title>Письмо №302. В Тульское губернское по крестьянским делам присутствие.</title>
             </titleStmt>
             <publicationStmt>
                <publisher>TolstoyLab</publisher>
                <date when="2015-09-14">14 September 2015</date>
             </publicationStmt>
             <sourceDesc>
                <biblStruct>
                   <analytic>
                      <author>Толстой Л.Н.</author>
                   </analytic>
                   <monogr>
                      <title level="m">Полное собрание сочинений. Том 60</title>
                      <imprint>
                         <pubPlace>Москва</pubPlace>
                         <publisher>Государственное издательство "Художественная литература"</publisher>
                         <date when="1949"/>
                      </imprint>
                   </monogr>
                   <series>
                      <title level="s">Л.Н. Толстой. Полное собрание сочинений</title>
                      <biblScope unit="vol">60</biblScope>
                   </series>
                </biblStruct>
				<bibl>Печатается по тексту, опубликованному в «Русской мысли», 1903, IX, стр. 105—106. Дата первой публикации.</bibl>
             </sourceDesc>
          </fileDesc>
          <encodingDesc>
             <tagsDecl> </tagsDecl>
          </encodingDesc>
          <profileDesc>
             <correspDesc>
                <correspAction type="sending">
                   <persName ref="PersonList.xml#L_N_Tolstoy">Л. Н. Толстой</persName>
                   <placeName ref="PlacesListxml#PLACE">Я. П.</placeName>
                   <date when="1862-02-12">1862 г. Февраля 12.</date>            </correspAction>
                <correspAction type="receiving">
                   <persName ref="PersonList.xml#RECEIVER">В Тульское губернское по крестьянским делам присутствие</persName>
                </correspAction>
                <correspContext>
                   <ref type="prev"/>
                </correspContext>
             </correspDesc>
          </profileDesc>
       </teiHeader>
       <xenoData><number type="in a volume">302</number></xenoData>

              <text xml:id="VTulskoegubernskoepokrestyanskimdelamprisutstvie_302">
	<body><div>
		<opener index="false">
302. В Тульское губернское по крестьянским делам присутствие.
1862 г. Февраля 12. Я. П.</opener>
<p rend="left">№ 34.</p>
<p rend="left">Так как представленные на меня в губернское присутствие жалобы: г. Костомарова о перечислении его людей в крестьяне, г. Заслонина о невведении в действие его уставных грамот, г. Банд и г-жи Артюховой о магазейном хлебе<note xml:id="note1" resp="volume_editor" index="false"> Дело это не сохранилось.</note> и купца Борхунова о проданном быке<note xml:id="note2" resp="volume_editor" index="false"> Дело это не сохранилось.</note> и другие — не имеют никакого законного основания, а вместе с тем дела эти и многие другие продолжают быть решенными противно моим постановлениям, так что почти каждое постановление во вверенном мне участке отменяется, и даже старшины сменяются мировым съездом,<note xml:id="note3" resp="volume_editor" index="false"> Толстой имеет в виду дело о смене старшины села Панина Ивана Иванова.</note> и так как, при таких условиях, возбуждающих недоверие к мировому посреднику, как крестьян, так и помещиков, деятельность мирового посредника не только не может быть успешна, но становится невозможна, я покорно прошу губернское присутствие поспешить произведением дознания через одного из своих членов о вышеупомянутых жалобах и вместе с тем считаю нужным уведомить губернское присутствие, что до произведения такового дознания я не считаю удобным вступать в исправление сданной старшему кандидату должности.<note xml:id="note4" resp="volume_editor" index="false"> Старшим кандидатом мирового посредника по 4-му участку был С. Н. Толстой. Хотя Толстой 9 марта снова вступил в исправление должности мирового посредника, но исправлял таковую только до 30 апреля 1862 г., передав исправление своей должности, под предлогом <hi style="opdelimiter">болезни,</hi><hi style="opnumber">505</hi> <hi style="npnumber">506</hi><hi style="npdelimiter">старшему</hi> кандидату. 26 мая, за № 24124, Правительствующий сенат дал знать тульскому губернатору, что «он определил артиллерии поручика графа Льва Толстого по болезни уволить от представленной ему по утверждении Правительствующего сената должности мирового посредника Крапивенского уезда».</note></p>
<comments><p rend="Textpetit_otstup left">Печатается по тексту, опубликованному в «Русской мысли», 1903, IX, стр. 105—106. Дата первой публикации.</p>
<p rend="Textpetit_otstup left"><hi>1</hi> Дело это не сохранилось.</p>
<p rend="petit left"><hi>2</hi> Дело это не сохранилось.</p>
<p rend="petit left"><hi>3</hi> Толстой имеет в виду дело о смене старшины села Панина Ивана Иванова.</p>
<p rend="petit left"><hi>4</hi> Старшим кандидатом мирового посредника по 4-му участку был С. Н. Толстой. Хотя Толстой 9 марта снова вступил в исправление должности мирового посредника, но исправлял таковую только до 30 апреля 1862 г., передав исправление своей должности, под предлогом <hi style="opdelimiter">болезни,</hi><hi style="opnumber">505</hi> <hi style="npnumber">506</hi><hi style="npdelimiter">старшему</hi> кандидату. 26 мая, за № 24124, Правительствующий сенат дал знать тульскому губернатору, что «он определил артиллерии поручика графа Льва Толстого по болезни уволить от представленной ему по утверждении Правительствующего сената должности мирового посредника Крапивенского уезда».</p>
</comments></div></body>
        </text>
        </TEI>