<?xml version='1.0' encoding='UTF-8' standalone='no'?>

<TEI xmlns="http://www.tei-c.org/ns/1.0">
       <teiHeader>
          <fileDesc>
             <titleStmt>
                <title>Письмо №* 68. T. A. Ергольской.</title>
             </titleStmt>
             <publicationStmt>
                <publisher>TolstoyLab</publisher>
                <date when="2015-09-14">14 September 2015</date>
             </publicationStmt>
             <sourceDesc>
                <biblStruct>
                   <analytic>
                      <author>Толстой Л.Н.</author>
                   </analytic>
                   <monogr>
                      <title level="m">Полное собрание сочинений. Том 59</title>
                      <imprint>
                         <pubPlace>Москва</pubPlace>
                         <publisher>Государственное издательство "Художественная литература"</publisher>
                         <date when="1935"/>
                      </imprint>
                   </monogr>
                   <series>
                      <title level="s">Л.Н. Толстой. Полное собрание сочинений</title>
                      <biblScope unit="vol">59</biblScope>
                   </series>
                </biblStruct>
				<bibl>Печатается по автографу, хранящемуся в АТБ. Впервые напечатан отрывок из письма (по-французски и в переводе) П. И. Бирюковым в Б, I, 1906, стр. 212—213 (с неверной датой «28 окт.»); несколько большие отрывки (только в переводе) даны П. А. Сергеенко в ПТС, I, стр. 30—32 (с неверной датой: «20 окт.»). Впервые полностью (только в переводе, без приписки гр. Н. Н. Толстого) напечатано в Бир., XX, 1913, стр. 33—34 (с неверной датой «20 окт.»).</bibl>
             </sourceDesc>
          </fileDesc>
          <encodingDesc>
             <tagsDecl> </tagsDecl>
          </encodingDesc>
          <profileDesc>
             <correspDesc>
                <correspAction type="sending">
                   <persName ref="PersonList.xml#L_N_Tolstoy">Л. Н. Толстой</persName>
                   <placeName ref="PlacesListxml#PLACE">Станица Старогладковская.</placeName>
                   <date when="1852-10-02">1852 г. Октября 2.</date>            </correspAction>
                <correspAction type="receiving">
                   <persName ref="PersonList.xml#RECEIVER">T. A. Ергольской</persName>
                </correspAction>
                <correspContext>
                   <ref type="prev"/>
                </correspContext>
             </correspDesc>
          </profileDesc>
       </teiHeader>
       <xenoData><number type="in a volume">67</number></xenoData>

              <text xml:id="T.A.Ergolskoj_67">
	<body><div>
		<opener index="false">
* 67. Т. А. Ергольской.
1852 г. Октября 2. Станица Старогладковская.
</opener><p rend="right">Старогладовская.</p>

<p rend="Obrashenie left">Chère tante!</p>
<p rend="left">Il у a assez longtems que je n’ai eu de vos bonnes lettres. Dieu donne, comme je l’espère que ce silence ne soit causé par rien de grave. — Ce retard peut-être n’est causé que par l’inexactitude de la poste; mais je sens le besoin de vous écrire: cela me tranquillisera. — Arrivé des eaux, j’ai passé un mois assez désagréablement, à cause de la revue, que devait faire le Général. Маршированье и разный <choice><reg>стрелянья</reg><orig>стрѣлянья</orig></choice> <choice><reg>из</reg><orig>изъ</orig></choice> <choice><reg>пушек</reg><orig>пушекъ</orig></choice> не очень <choice><reg>приятно</reg><orig>прiятно</orig></choice>, особенно потому, что это <choice><reg>расстраивало</reg><orig>разстраивало</orig></choice> регулярность моей жизни. — Heureusement cela n’a pas duré longtems et j’ai de nouveau repris mon genre de vie, qui consiste: dans la chasse, l’écriture, la lecture et les conversations avec Nicolas. — J’ai pris du goût à la chasse au fusil et comme il s’est trouvé que je tire passablement, cette occupation me prend 2 ou 3 heures par jour. On n’a pas d’idée en Russie, combien et quel excellent gibier on trouve ici. A 100 pas de chez moi je trouve des faisans et dans l’espace d’une demi-heure j’en tue 2, 3, 4. — Excepté le plaisir, cet exercice est excellent pour ma santé, qui malgré les eaux n’est pas en très bon état. Je ne suis pas malade; mais je souffre très souvent des refroidissements; tantôt des maux de gorge, tantôt des maux de dents (qui durent toujours), tantôt des rhumatismes; de sorte que au moins 2 jours la semaine je garde la chambre. Ne pensez pas que je vous cache quelque chose: je suis comme j’ai toujours été, d’une complexion forte, mais d’une santé faible. Je compte passer l’été suivant encore aux eaux. Si elles ne m’ont pas rétabli elles m’ont fait du bien. <choice><reg>Нет</reg><orig>Нѣтъ</orig></choice> худа <choice><reg>без</reg><orig>безъ</orig></choice> добра. Quand je suis indisposé, je m’occupe avec moins de distraction à écrire un autre roman, que j’ai commencé,<note xml:id="note1" resp="volume_editor" index="false"> Речь идет о «Романе русского помещика». Записи в дневнике о работе над этим произведением начинаются с 10 мая 1852 г. Самое писание началось 23 сентября и продолжалось без значительных перебоев в течение двух месяцев. Рукопись работы этого времени сохранилась. См. т. 4.</note> Celui que j’ai envoyé a P—g, est imprimé dans le livre du <hi style="opdelimiter">mois</hi><hi style="opnumber">205</hi> <hi style="npnumber">206</hi><hi style="npdelimiter">de</hi> Septembre Современника 1852 г. sous le titre <hi><choice><reg>Детство</reg><orig>Дѣтство</orig></choice></hi>. Je l’ai signé Л. <hi>H.</hi> et personne excepté Nicolas n’en connait l’auteur. Je ne voudrais pas aussi qu’on le sache. Mon avancement n’avance pas. Serai-je officier et irai-je à P—g cette année? C’est ce que je ne sais pas: peut être oui, peut-être non. Il serait trop long de vous expliquer pourquoi; mais la pure vérité est que cela dépend des circonstances. Je vous assure, que cela m’est indifférent, je n’ai pas fait de plans ambitieux en allant au Caucase et je n’en fais pas; n’en faites pas pour moi. — Je ne sais même pas où vous êtes; mais en adressant à Ясное, je suis sûr que cette lettre vous parviendra. Si vous êtes avec Serge, dites lui que je me sens très fautif envers lui et que la poste suivante je réparerai ma faute en lui écrivant une longue lettre. L’état de ses affaires d’argent et d’amour m’intéressent vivement. Si vous êtes avec Marie, embrassez la de ma part et dites à Valérien, que je l’aime et le remercie de tout mon coeur. — Adieu chère tante, je baise vos mains, Nicolas fait de même. Il a grande envie de vous écrire, mais vous connaissez son mal. Peut-être que ce reste de papier blanc le tentera. —</p>
<lb/>
<p rend="left"><hi>Рукой H</hi>. <hi>H</hi>. <hi>Толстого:</hi></p>
<p rend="petit left">Ce n’est pas ce reste de papier blanc qui me tente, mais bien mon amour pour vous, Léon est une méchante langue, mais un bon coeur. Je suis sûr, ma bonne Tante, que vous excusez mon silence <hi>inexcusable!</hi> Voila pourquoi je me permets de ne pas vous écrire, c’est vilain! mais vous ne doutez pas de mon amour et vous faites très bien! —</p>
<p rend="petit right">2 октября.</p>
<p rend="petit right"><hi>*Старогладовская</hi>*.</p>
<p rend="Obrashenie petit">
Дорогая тетенька!
</p>
<p rend="petit left">Уже давно нет от вас писем. Дай бог, и я надеюсь, что ничего особенноважного не случилось — может быть, просто неаккуратность почты; я же чувствую потребность вам писать, это меня успокоит. — По возвращении моем с вод месяц был пренеприятный из-за ожидаемого смотра генерала. *<choice><reg>Марширования</reg><orig>Маршированiя</orig></choice> и <choice><reg>разные</reg><orig>разныя</orig></choice> <choice><reg>стреляния</reg><orig>стрелянiя</orig></choice> <choice><reg>из</reg><orig>изъ</orig></choice> <choice><reg>пушек</reg><orig>пушекъ</orig></choice> не очень <choice><reg>приятно</reg><orig>прiятно</orig></choice>, особенно потому, что это <choice><reg>расстраивало</reg><orig>разстраивало</orig></choice> регулярность моей жизни*. — К счастью, это продолжалось не долго, и я вернулся в свою колею, т. е. охота, писанье, чтение и разговоры с Николенькой. — Я пристрастился к ружейной охоте; оказалось, что я стреляю порядочно. Это занятие берет у меня часа 2-3 в день. В России и понятия не имеют какое здесь множество и какой великолепной дичи. Фазаны в 100 шагах отсюда и за полчаса я застреливаю 2, 3, 4 штуки. Кроме удовольствия, мне и движение полезно; не взирая на воды, мое здоровье не в блестящем состоянии. Я не болен, <hi style="opdelimiter">но</hi><hi style="opnumber">206</hi> <hi style="npnumber">207</hi><hi style="npdelimiter">постоянно</hi> болею, то простудами, то горлом, то зубной болью (всегда: продолжительною), то ревматизмами, так что дня 2 в неделю не выхожу из своей комнаты. Не думайте, что я от вас что-нибудь скрываю: по прежнему, я крепкого сложения, но слабого здоровья. Следующее лето я собираюсь опять ехать на воды. Если они и не вылечили меня совсем, то всё же принесли мне пользу. *<choice><reg>Нет</reg><orig>Нѣтъ</orig></choice> худа <choice><reg>без</reg><orig>безъ</orig></choice> добра*. Когда мне нездоровится, я менее рассеянно работаю над другим романом, который начал.<note xml:id="note2" resp="volume_editor" index="false"> Речь идет о «Романе русского помещика». Записи в дневнике о работе над этим произведением начинаются с 10 мая 1852 г. Самое писание началось 23 сентября и продолжалось без значительных перебоев в течение двух месяцев. Рукопись работы этого времени сохранилась. См. т. 4.</note> Тот, который я отослал в <choice original_editorial_correction='П[етербур]г'><sic>Пг</sic><corr>Петербург</corr></choice>, вышел в: сентябрьской книжке Современника, 1852 г., под заглавием <hi>*<choice><reg>Детство</reg><orig>Дѣтство</orig></choice>*. </hi>Подписан он <hi>*Л</hi>. Н.* и, кроме Николеньки, автора никто не знает. Я желаю, чтобы никто этого и не знал. С производством дело мое не продвигается. Буду ли я произведен в офицеры, поеду ли я в <choice original_editorial_correction='П[етербур]г'><sic>Пг</sic><corr>Петербург</corr></choice>, в нынешнем году? Ничего не знаю: может быть да, может быть, нет. Долго вам объяснять почему; это зависит от обстоятельств, говорю истинную правду. Уверяю вас, что я к этому равнодушен. Уезжая на Кавказ, я не строил честолюбивых планов, и теперь их у меня нет; и вы за меня не 2стройте. — Я даже не знаю, где вы теперь; но адресую письмо в Ясное, уверен, что вам его доставят. Ежели вы с Сережей, скажите ему, что я очень виноват перед ним, но с следующей же почтой искуплю свою вину длинным письмом. Его денежные и любовные дела меня очень интересуют. Ежели вы с Машенькой, поцелуйте ее от меня и скажите Валерьяну, что я его люблю и благодарен ему сердечно. — Прощайте, дорогая тетенька, мы с Николенькой целуем ваши руки. Ему очень хочется самому написать, но ведь вы знаете его болезнь. Может быть, он соблазнится остаточком страницы. </p>
<p rend="petit left"><hi>Рукой Н. Н. Толстого:</hi></p>
<p rend="petit left">Совсем не недописанная страница меня соблазняет писать вам, а моя привязанность. Левочка зол на язык, хотя сердце у него доброе. Я уверен, добрая тетенька, что вы простите мне мое <hi>непростительное</hi> молчание? Поэтому то я и позволяю себе вам не писать, это дурно. Но в любви моей вы не сомневаетесь и прекрасно делаете.</p>
<comments><p rend="Textpetit_otstup left">Печатается по автографу, хранящемуся в АТБ. Впервые напечатан отрывок из письма (по-французски и в переводе) П. И. Бирюковым в Б, I, 1906, стр. 212—213 (с неверной датой «28 окт.»); несколько большие отрывки (только в переводе) даны П. А. Сергеенко в ПТС, I, стр. 30—32 (с неверной датой: «20 окт.»). Впервые полностью (только в переводе, без приписки гр. Н. Н. Толстого) напечатано в Бир., XX, 1913, стр. 33—34 (с неверной датой «20 окт.»).</p>
<p rend="petit left">Об этом письме есть запись в дневнике Толстого под 2 октября: «написал письмо Татьяне Александровне».</p>
<p rend="Textpetit_otstup left"><hi>1</hi> Речь идет о «Романе русского помещика». Записи в дневнике о работе над этим произведением начинаются с 10 мая 1852 г. Самое писание началось 23 сентября и продолжалось без значительных перебоев в течение двух месяцев. Рукопись работы этого времени сохранилась. См. т. 4.</p>
<p rend="left secend"><hi style="opnumber">207</hi> <hi style="npnumber">208</hi></p>
</comments></div></body>
        </text>
        </TEI>