<?xml version='1.0' encoding='UTF-8' standalone='no'?>

<TEI xmlns="http://www.tei-c.org/ns/1.0">
       <teiHeader>
          <fileDesc>
             <titleStmt>
                <title>Письмо №* 320. А. А. Фету.</title>
             </titleStmt>
             <publicationStmt>
                <publisher>TolstoyLab</publisher>
                <date when="2015-09-14">14 September 2015</date>
             </publicationStmt>
             <sourceDesc>
                <biblStruct>
                   <analytic>
                      <author>Толстой Л.Н.</author>
                   </analytic>
                   <monogr>
                      <title level="m">Полное собрание сочинений. Том 61</title>
                      <imprint>
                         <pubPlace>Москва</pubPlace>
                         <publisher>Государственное издательство "Художественная литература"</publisher>
                         <date when="1953"/>
                      </imprint>
                   </monogr>
                   <series>
                      <title level="s">Л.Н. Толстой. Полное собрание сочинений</title>
                      <biblScope unit="vol">61</biblScope>
                   </series>
                </biblStruct>
             </sourceDesc>
          </fileDesc>
          <encodingDesc>
             <tagsDecl> </tagsDecl>
          </encodingDesc>
          <profileDesc>
             <correspDesc>
                <correspAction type="sending">
                   <persName ref="PersonList.xml#L_N_Tolstoy">Л. Н. Толстой</persName>
                   <placeName ref="PlacesListxml#PLACE">Я. П.?</placeName>
                   <date from="1863" to="1870">1863…1870 гг</date>            </correspAction>
                <correspAction type="receiving">
                   <persName ref="PersonList.xml#RECEIVER">А. А. Фету</persName>
                </correspAction>
                <correspContext>
                   <ref type="prev"/>
                </correspContext>
             </correspDesc>
          </profileDesc>
       </teiHeader>
       <xenoData><number type="in a volume">320</number></xenoData>

              <text xml:id="A__A__Fetu_320">
	<body><div>
		<opener index="false">
* 320. А. А. Фету.
1863…1870 гг. Я. П.?</opener>
<p rend="left">Любезный друг Афанасий Афанасьевич. Мы, в особенности Соня, в отчаянии, что вы с Иван Петровичем только подразнили ее и меня. Она была в кофточке и только побежала накинуть халат, как услыхала звук отъезжающего экипажа. Я же в то утро вернулся из Москвы. Нескоро дождешься таких дорогих гостей. Ради бога, заезжайте вы и Иван Петрович назад, мне так радостно и нужно вас видеть обоих. А ежели вы не заедете, я убью Алексея,<note xml:id="note1" resp="volume_editor" index="false"> А. С. Орехов — слуга Толстого.</note> который всё переврал и так отпустил вас. Ничего не пишу, потому что уверен, что увижу вас. —</p>
<p rend="right">Л. Толстой.</p>
<comments><p rend="Textpetit_otstup left">Основание датировки: письмо написано в промежуток между первым годом женитьбы Толстого (1863) и последним годом жизни упоминаемого в письме И. П. Борисова (ум. в начале мая 1871 г.).</p>
<p rend="Textpetit_otstup left"><hi>1</hi> А. С. Орехов — слуга Толстого.</p>
</comments></div></body>
        </text>
        </TEI>