<?xml version='1.0' encoding='UTF-8' standalone='no'?>

<TEI xmlns="http://www.tei-c.org/ns/1.0">
       <teiHeader>
          <fileDesc>
             <titleStmt>
                <title>Письмо №* 251. Т. А. Ергольской.</title>
             </titleStmt>
             <publicationStmt>
                <publisher>TolstoyLab</publisher>
                <date when="2015-09-14">14 September 2015</date>
             </publicationStmt>
             <sourceDesc>
                <biblStruct>
                   <analytic>
                      <author>Толстой Л.Н.</author>
                   </analytic>
                   <monogr>
                      <title level="m">Полное собрание сочинений. Том 60</title>
                      <imprint>
                         <pubPlace>Москва</pubPlace>
                         <publisher>Государственное издательство "Художественная литература"</publisher>
                         <date when="1949"/>
                      </imprint>
                   </monogr>
                   <series>
                      <title level="s">Л.Н. Толстой. Полное собрание сочинений</title>
                      <biblScope unit="vol">60</biblScope>
                   </series>
                </biblStruct>
             </sourceDesc>
          </fileDesc>
          <encodingDesc>
             <tagsDecl> </tagsDecl>
          </encodingDesc>
          <profileDesc>
             <correspDesc>
                <correspAction type="sending">
                   <persName ref="PersonList.xml#L_N_Tolstoy">Л. Н. Толстой</persName>
                   <placeName ref="PlacesListxml#PLACE">Москва.</placeName>
                   <date when="1862-09-05">1862 г. Сентября 5.</date>            </correspAction>
                <correspAction type="receiving">
                   <persName ref="PersonList.xml#RECEIVER">Т. А. Ергольской</persName>
                </correspAction>
                <correspContext>
                   <ref type="prev"/>
                </correspContext>
             </correspDesc>
          </profileDesc>
       </teiHeader>
       <xenoData><number type="in a volume">251</number></xenoData>

              <text xml:id="T.A.Ergolskoj_251">
	<body><div>
		<opener index="false">
* 251. Т. А. Ергольской.
1862 г. Сентября 5. Москва.
</opener>
<p rend="Obrashenie left">Chère tante!<note xml:id="note1" resp="volume_editor" index="false"> [Дорогая тетенька!]</note></p>
<p rend="left">Я пробуду еще около недели. Цензор не пропустил статьи, и я написал другую.<note xml:id="note2" resp="volume_editor" index="false"> Статья Толстого, вызвавшая цензурные трения, — «Воспитание и образование», напечатанная в июльской книжке журнала «Ясная Поляна». См. т. 8, стр. 555—563. Другая педагогическая статья, написанная Толстым, — «Об общественной деятельности на поприще народного образования».</note> К концу недели выйдут оба номера.<note xml:id="note3" resp="volume_editor" index="false"> Номера журнала «Ясная Поляна» за июль и август имеют одинаковую цензурную дату: 20 сентября <hi style="opdelimiter">1862 г.</hi><hi style="opnumber">443</hi></note> Письмо Государю я подал чрез Флигель-адъютанта — ни ответа ни привета. Кумыс и кобыл прекратить.<note xml:id="note4" resp="volume_editor" index="false"> Очевидно, Толстой привез в Ясную Поляну из Самарской губернии кобыл для изготовления кумыса.</note> Василья я ждал, так и он может подождать.<note xml:id="note5" resp="volume_editor" index="false"> В. Е. Зябрев. В письме от 28 августа 1862 г. Т. А. Ергольская сообщала Толстому: «Василий <choice original_editorial_correction='Ермил[ович]'><sic>Ермил</sic><corr>Ермилович</corr></choice> вернулся дней 8 тому назад, но, бедный, не знает, какую линию ему занять. Его положение затруднительное».</note> — Здоровье мое хорошо, надеюсь, что и ваше лучше, о чем вы не пишете.</p>
<p rend="left">Целую ваши руки и всем кланяюсь.</p>
<p rend="right">Л. Толстой.</p>
<p rend="left">5 Сентября.</p>
<p rend="left">Васинька и Полинька<note xml:id="note6" resp="volume_editor" index="false"> В. С. и П. Ф. Перфильевы.</note> здесь, целуют ваши руки и будут, может быть, в Ясной и возьмут Келлера.</p>
<comments><p rend="Textpetit_otstup left"><hi>1 </hi> [Дорогая тетенька!]</p>
<p rend="petit left"><hi>2</hi> Статья Толстого, вызвавшая цензурные трения, — «Воспитание и образование», напечатанная в июльской книжке журнала «Ясная Поляна». См. т. 8, стр. 555—563. Другая педагогическая статья, написанная Толстым, — «Об общественной деятельности на поприще народного образования».</p>
<p rend="petit left"><hi>3</hi> Номера журнала «Ясная Поляна» за июль и август имеют одинаковую цензурную дату: 20 сентября <hi style="opdelimiter">1862 г.</hi><hi style="opnumber">443</hi></p>
<p rend="petit left"><hi>4</hi> Очевидно, Толстой привез в Ясную Поляну из Самарской губернии кобыл для изготовления кумыса.</p>
<p rend="petit left"><hi>5</hi> В. Е. Зябрев. В письме от 28 августа 1862 г. Т. А. Ергольская сообщала Толстому: «Василий <choice original_editorial_correction='Ермил[ович]'><sic>Ермил</sic><corr>Ермилович</corr></choice> вернулся дней 8 тому назад, но, бедный, не знает, какую линию ему занять. Его положение затруднительное».</p>
<p rend="petit left"><hi>6</hi> В. С. и П. Ф. Перфильевы.</p>
</comments></div></body>
        </text>
        </TEI>