<?xml version='1.0' encoding='UTF-8' standalone='no'?>

<TEI xmlns="http://www.tei-c.org/ns/1.0">
       <teiHeader>
          <fileDesc>
             <titleStmt>
                <title>Письмо №* 4. Т. А. Ергольской.</title>
             </titleStmt>
             <publicationStmt>
                <publisher>TolstoyLab</publisher>
                <date when="2015-09-14">14 September 2015</date>
             </publicationStmt>
             <sourceDesc>
                <biblStruct>
                   <analytic>
                      <author>Толстой Л.Н.</author>
                   </analytic>
                   <monogr>
                      <title level="m">Полное собрание сочинений. Том 59</title>
                      <imprint>
                         <pubPlace>Москва</pubPlace>
                         <publisher>Государственное издательство "Художественная литература"</publisher>
                         <date when="1935"/>
                      </imprint>
                   </monogr>
                   <series>
                      <title level="s">Л.Н. Толстой. Полное собрание сочинений</title>
                      <biblScope unit="vol">59</biblScope>
                   </series>
                </biblStruct>
				<bibl>Печатается по автографу, хранящемуся в АТБ. Публикуется впервые. Письмо датируется на основании содержания: три дня, как приехал в Казань и переменил факультет. Прошение о перемене факультета подано Толстым 25 августа 1845 г.</bibl>
             </sourceDesc>
          </fileDesc>
          <encodingDesc>
             <tagsDecl> </tagsDecl>
          </encodingDesc>
          <profileDesc>
             <correspDesc>
                <correspAction type="sending">
                   <persName ref="PersonList.xml#L_N_Tolstoy">Л. Н. Толстой</persName>
                   <placeName ref="PlacesListxml#PLACE">Казань.</placeName>
                   <date when="1845-08-25">1845 г. Августа 25</date>            </correspAction>
                <correspAction type="receiving">
                   <persName ref="PersonList.xml#RECEIVER">Т. А. Ергольской</persName>
                </correspAction>
                <correspContext>
                   <ref type="prev"/>
                </correspContext>
             </correspDesc>
          </profileDesc>
       </teiHeader>
       <xenoData><number type="in a volume">4</number></xenoData>

              <text xml:id="T.A.Ergolskoj_4">
	<body><div>
		<opener index="false">
* 4. Т. А. Ергольской.
1845 г. Августа 25 ... 28 Казань.</opener>
<p rend="left">Quoique j’aye un peu tardé à vous écrire mais néanmoins je vous écris; j’aurais pu vous faire une quantité de mensonges à ce sujet en guise d’excuses; mais je ne ferai pas cela; mais je vous dirai tout bonnement que je suis un mauvais sujet qui ne mérite pas l’amour que vous lui portez. Parceque quoiqu’il le sente bien et qu’il vous aime aussi de tout son coeur; mais il a tant de défauts, il est si paresseux, — qu’il ne sait vous le témoigner. Mais pardonnez le en faveur de l’amour qu’il a pour vous. — Nous voilà depuis trois jours à Casan,<note xml:id="note1" resp="volume_editor" index="false">Толстой прожил в Казани с осени (сентябрь—октябрь) 1841 г. <hi style="opdelimiter">по</hi><hi style="opnumber">13</hi> <hi style="npnumber">14</hi><hi style="npdelimiter">23</hi> апреля 1847 г. За это время он со всей семьей не менее трех раз уезжал в Ясную поляну: на лето 1844 г., на лето 1845 г. и на лето 1846 г.</note> je ne sais si cela vous plaira ou non. J’ai changé de faculté, je suis devenu étudiant des droits.<note xml:id="note2" resp="volume_editor" index="false">О переходе Толстого с Факультета восточной словесности на Юридический см. прошение № 3.</note> Pour moi je trouve que l’application de cette science <choice original_editorial_correction='e[s]t'><sic>et</sic><corr>est</corr></choice> plus facile et plus naturelle que toute autre à notre vie privée; et par conséquent je suis très content de ce changement. Je m’en <choice original_editorial_correction='vai[s]'><sic>vai</sic><corr>vais</corr></choice> vous mettre au fait à présent de <choice original_editorial_correction='me[s]'><sic>me</sic><corr>mes</corr></choice> plans et quel genre de vie je veux mener. Je n’irai pas en société du tout. Je m’occuperai également de musique, de dessin, de langues et de mes leçons de l’université. — Dieu donne que j’aye assez de fermeté pour persister dans mes desseins. — J’ai une prière à vous faire, ma chère petite tante, que je n’aurais pas fait à une autre; mais je vous connais bonne et indulgente. Je me suis <hi style="opdelimiter">promis</hi><hi style="opnumber">10</hi> <hi style="npnumber">11</hi><hi style="npdelimiter">de</hi> vous écrire deux fois par semaine, vous <choice original_editorial_correction='m’écrirai[ez]'><sic>m’écrirai</sic><corr>m’écriraiez</corr></choice> aussi sans doute le même nombre de lettres; si je manque à ma promesse ne me punissez pas, écrivez moi toujours, <hi>пожалуйста</hi>. — Puisque je calcule nous n’aurons que deux petites conversations par semaines et pas de conversations suivies; comme nous en avions à <choice original_editorial_correction='Ясно[е]'><sic>Ясно</sic><corr>Ясное</corr></choice><note xml:id="note3" resp="volume_editor" index="false">Ясная поляна.</note> quand mon domestique<note xml:id="note4" resp="volume_editor" index="false">Алексей Степанович Орехов (ум. в апреле 1882 г.), из яснополянских, крепостных Толстых — камердинер Толстого, бывший с ним и в Севастополе. Впоследствии был управляющим в Ясной поляне. Женат был на дочери дядьки братьев Толстых, Николая Дмитриевича, изображенного в «Детстве» — Евдокии Николаевне Банниковой (ум. 15 ноября 1879 г.). Об A. С. Орехове см. в кн. И. Л. Толстого: «Мои воспоминания», М. 1914, стр. 18, 22-23.</note> soupait, et si vous me privez de chaque lettre que je n’aurai <choice original_editorial_correction='pa[s]'><sic>pa</sic><corr>pas</corr></choice> méritée — mais non vous ne ferai pas cela, <choice original_editorial_correction='vou[s]'><sic>vou</sic><corr>vous</corr></choice> m’écrirai toujours. — De mon côté je vous informe de tout ce qui me concerne, ce sera à votre tour. L’état de la chère <hi>Пашинька</hi><hi>5 </hi>m’intéresse beaucoup. J’ai eu une compensation pour le chagrin que j’ai eu de vous quitter, c’était la satisfaction que j’ai eue à revoir Nicolas.<note xml:id="note5" resp="volume_editor" index="false">Старший брат Толстого — гр. Николай Николаевич Толстой (1823—1860). О нем <ref target="file:///Volume_59_Gr.H.N.Tolstomu_50.xml">см. письмо к нему № 50</ref>. По окончании весной 1844 г. Математического факультета Казанского университета Николай Николаевич в декабре этого года поступил на службу в № 7 батарею 14-й артиллерийской бригады.</note> — Le <choice original_editorial_correction='pauvr[e]'><sic>pauvr</sic><corr>pauvre</corr></choice> garçon comme il est mal au camp, surtout sans un sou d’argent on doit se trouver extrêmement gêné. Et les camarades. Ah Dieu, des manans comme s’il en fut jamais. — Il faut voir un peu cette vie du camp pour être dégoûté du service militaire. Si vous êtes à Ясное, chère tante, envoyez moi je vous prie <choice original_editorial_correction='tout[e]s'><sic>touts</sic><corr>toutes</corr></choice> les vieilles notes qu’il y a là avec les chevaux et l’obose. Je baise mille fois les mains à ma tante Lise<note xml:id="note6" resp="volume_editor" index="false">Гр. Елизавета Александровна Толстая, рожд. Ергольская (р. 1790 г., ум. 14 сентября 1851 г.), дочь А. С. Ергольского, сестра Т. А. Ергольской, троюродная тетка Льва Николаевича. Оставшись круглой сиротой в детстве, воспитывалась у чернской помещицы Татьяны Семеновны Скуратовой. Елизавета Александровна вышла замуж за мичмана в отставке гр. Петра Ивановича Толстого (1785—1834), двоюродного дядю Толстого. Ее сын гр. Валериан Петрович был женат (с 1847 г.) на сестре Толстого, гр. М. Н. Толстой, а дочь гр. Александра Петровна была замужем за бар. Ив. Ант. Дельвигом, братом поэта. По предположению Софьи Андреевны Толстой, Елизавета Александровна изображена Толстым в лице барыни в рассказе «Поликушка».</note> et embrasse Pauline.<note xml:id="note7" resp="volume_editor" index="false">Пелагея Ильинична Юшкова, рожд. гр. Толстая (р. 1801 г., ум. 22 декабря 1875 г.), сестра отца Льва Николаевича, дочь гр. Ильи Андреевича Толстого и кж. Пелагеи Николаевны Горчаковой. Замужем (с 1817 г.) за В. И. Юшковым (1789—1869). О нем см. прим. 4 к п. № 46. О П. И. Юшковой см. в 60 томе.</note> Adieu малинькая тетинька.</p>
<p rend="right">Léon Tolstoï.</p>
<comments><p rend="Textpetit_otstup left">Хотя и с опозданием, а всё-таки я вам пишу; себе в оправдание я мог бы много наврать, но я этого не сделаю, а просто сознаюсь, что я негодяй, не заслуживающий вашей любви. И хотя он сознает это и также всем сердцем вас любит, но у него столько недостатков, притом он такой лентяй, что не умеет доказать вам своей любви. А за нее простите его. Вот уже три дня, что мы в Казани.<note xml:id="note8" resp="volume_editor" index="false">Толстой прожил в Казани с осени (сентябрь—октябрь) 1841 г. <hi style="opdelimiter">по</hi><hi style="opnumber">13</hi> <hi style="npnumber">14</hi><hi style="npdelimiter">23</hi> апреля 1847 г. За это время он со всей семьей не менее трех раз уезжал в Ясную поляну: на лето 1844 г., на лето 1845 г. и на лето 1846 г.</note> Не знаю, одобрите ли вы это, но я переменил факультет и перешел на юридический.<note xml:id="note9" resp="volume_editor" index="false">О переходе Толстого с Факультета восточной словесности на Юридический см. прошение № 3.</note> Нахожу, что применение этой науки легче и более подходяще к нашей частной жизни, нежели другие; поэтому я и доволен переменой. Сообщу теперь свои планы и какую я намереваюсь вести жизнь. Выезжать в свет не буду совсем. Буду поровну заниматься музыкой, рисованьем, языками и лекциями в университете. Дай бог, чтобы у меня хватило твердости привести эти намерения в исполнение. У меня к вам просьба, милая моя тетенька, с которой я ни к кому не обратился бы. Но я знаю, как вы добры и снисходительны. Я обещал себе писать вам два раза в неделю; конечно, и вы будете столько же мне писать. Но ежели мне случится не выполнить своего обещания, не наказывайте меня, продолжайте писать, * <hi>пожалуйста</hi> *. Я рассчитываю, что таким образом у нас будет только две коротеньких беседы в неделю — это не то, что наши продолжительные разговоры в Ясном,<note xml:id="note10" resp="volume_editor" index="false">Ясная поляна.</note> когда мой камердинер<note xml:id="note11" resp="volume_editor" index="false">Алексей Степанович Орехов (ум. в апреле 1882 г.), из яснополянских, крепостных Толстых — камердинер Толстого, бывший с ним и в Севастополе. Впоследствии был управляющим в Ясной поляне. Женат был на дочери дядьки братьев Толстых, Николая Дмитриевича, изображенного в «Детстве» — Евдокии Николаевне Банниковой (ум. 15 ноября 1879 г.). Об A. С. Орехове см. в кн. И. Л. Толстого: «Мои воспоминания», М. 1914, стр. 18, 22-23.</note> уходил ужинать! А ежели вы будете лишать меня своего письма каждый раз, как я это буду заслуживать... Нет, вы этого не сделаете, вы всё-таки будете мне писать. Вы видите, что о себе я всё вам <hi style="opdelimiter">сообщаю,</hi><hi style="opnumber">11</hi> <hi style="npnumber">12</hi><hi style="npdelimiter">теперь</hi> очередь за вами. Состояние милой * <hi>Пашиньки</hi> *<note xml:id="note12" resp="volume_editor" index="false">Пашенька — приемная дочь тетки Толстого гр. А. И. Остен-Сакен (1797—1841), бывшей замужем за душевно-больным гр. Карлом Ивановичем Остен-Сакеном, покушавшимся на жизнь гр. Александры Ильиничны. В «Воспоминаниях детства» Толстой писал, что после покушения на Александру Ильиничну ее мужа, «она родила уже мертвого ребенка. Боясь последствий от огорчений от смерти ребенка, ей сказали, что ребенок ее жив, и взяли родившуюся в то же время у знакомой прислуги, жены придворного повара, девочку. Эта девочка — Пашенька, которая жила у нас и была уже взрослой девушкой, когда я стал помнить себя. Не знаю, когда была открыта Пашеньке история ее рождения, но когда я знал ее, она уже знала, что она не была дочь тетушки». («Воспоминания детства», гл. V.) О Пашеньке упоминается в семейных письмах гр. Толстых 1820-ых гг., опубликованных С. Л. Толстым в кн.: «Мать и дед Л. Н. Толстого. Очерки жизни, записи и письма по неизданным материалам». Изд. «Федерация». М. 1928, стр. 124, 127, 130, 140, 144, 168.</note> меня очень интересует. За горе, вызванное расставаньем с вами, я был вознагражден встречей с Николенькой.<note xml:id="note13" resp="volume_editor" index="false">Старший брат Толстого — гр. Николай Николаевич Толстой (1823—1860). О нем <ref target="file:///Volume_59_Gr.H.N.Tolstomu_50.xml">см. письмо к нему № 50</ref>. По окончании весной 1844 г. Математического факультета Казанского университета Николай Николаевич в декабре этого года поступил на службу в № 7 батарею 14-й артиллерийской бригады.</note> Бедный малый, ему плохо в лагере и особенно должно быть тяжело без копейки денег. А товарищи его... Бог мой! что за грубые люди. — Как посмотришь на эту лагерную жизнь, получишь отвращение к военной службе. Ежели вы в Ясном, милая тетенька, соберите, пожалуйста, все старые записки и пришлите их с лошадьми и обозом. Тысячу раз целую ручки тете Лизе<note xml:id="note14" resp="volume_editor" index="false">Гр. Елизавета Александровна Толстая, рожд. Ергольская (р. 1790 г., ум. 14 сентября 1851 г.), дочь А. С. Ергольского, сестра Т. А. Ергольской, троюродная тетка Льва Николаевича. Оставшись круглой сиротой в детстве, воспитывалась у чернской помещицы Татьяны Семеновны Скуратовой. Елизавета Александровна вышла замуж за мичмана в отставке гр. Петра Ивановича Толстого (1785—1834), двоюродного дядю Толстого. Ее сын гр. Валериан Петрович был женат (с 1847 г.) на сестре Толстого, гр. М. Н. Толстой, а дочь гр. Александра Петровна была замужем за бар. Ив. Ант. Дельвигом, братом поэта. По предположению Софьи Андреевны Толстой, Елизавета Александровна изображена Толстым в лице барыни в рассказе «Поликушка».</note> и целую Полину.<note xml:id="note15" resp="volume_editor" index="false">Пелагея Ильинична Юшкова, рожд. гр. Толстая (р. 1801 г., ум. 22 декабря 1875 г.), сестра отца Льва Николаевича, дочь гр. Ильи Андреевича Толстого и кж. Пелагеи Николаевны Горчаковой. Замужем (с 1817 г.) за В. И. Юшковым (1789—1869). О нем см. прим. 4 к п. № 46. О П. И. Юшковой см. в 60 томе.</note> Прощайте, * маленькая тетенька *.</p>
<p rend="petit right">Лев Толстой.</p>
<p rend="Textpetit_otstup left">Печатается по автографу, хранящемуся в АТБ. Публикуется впервые. Письмо датируется на основании содержания: три дня, как приехал в Казань и переменил факультет. Прошение о перемене факультета подано Толстым 25 августа 1845 г.</p>
<p rend="petit left">Татьяна Александровна Ергольская (р. в 1792 г.,<ref target="#n1" xml:id="backn1" type="note">[1]</ref> ум. 20 июня 1874 г.), по словам Толстого, «третье, после отца и матери и самое важное лицо в смысле влияния на жизнь его» («Воспоминания детства», гл. VI), была дочь майора Александра Семеновича Ергольского (р. в 1758 г.), сына Екатерины Ивановны Ергольской (р. в 1728 г.), рожд. кж. Горчаковой, сестры кн. Николая Ивановича Горчакова (1725—1811), прадеда (по отцу) Толстого. Таким образом Татьяна Александровна приходилась Толстому троюродной теткой.</p>
<p rend="petit left">У А. С. Ергольского (кто была его жена, неизвестно) было шесть сыновей и две дочери. После смерти отца и матери сирот разобрали родные. Танечка была взята на воспитание своей двоюродной теткой, бабкой Толстого, гр. Пелагеей Николаевной Толстой, рожд. кж. Горчаковой. В «Воспоминаниях детства» (гл. VI) Толстой говорит, что Татьяна Александровна «воспитывалась совершенно наравне с моими тетками и была всеми нежно любима, как и нельзя было не любить ее за ее твердый, решительный, энергичный и вместе с тем самоотверженный характер». Об этом свидетельствуют письма к ней 1820-ых годов бабки, матери, отца и теток Толстого, опубликованные С. Л. Толстым в его книге: «Мать и дед Л. Н. Толстого» (изд. «Федерация». М. 1928). «Должно быть», пишет Толстой, «она была очень привлекательная с своей жесткой, черной, курчавой, огромной косой и агатово-черными глазами и оживленным энергическим выражением. В. И. Юшков, муж тетки Пелагеи Ильиничны, большой волокита, часто уже стариком с тем чувством, с которым говорят влюбленные про прежний предмет любви, — вспоминал про нее: «Toinette, oh, elle était charmante!» [Танечка, о, она была восхитительна!]...</p>
<p rend="petit left">Должно быть она любила отца, и отец любил ее, но она не пошла за него в молодости, для того чтобы он мог жениться на богатой моей матери. Впоследствии же она не пошла зa него потому, что не хотела портить своих чистых поэтических отношений с ним и с нами. В ее бумагах, в бисерном портфельчике, лежит следующая, написанная в 1836 г., 6 лет после смерти моей матери, <hi style="opdelimiter">записка:</hi><hi style="opnumber">12</hi></p>
<p rend="petit left"><hi style="npnumber">13</hi><hi style="npdelimiter">«16</hi> août 1836. Nicolas m'a fait aujourd’hui une étrange proposition — celle de l'épouser, de servir de mère à ses enfants et de ne jamais les quitter. J’ai refusé la première proposition, j’ai promis de remplir l’autre tant que je vivrai». [6 августа 1836. Николай сделал мне сегодня странное предложение — выйти за него замуж, заменить мать его детям и никогда их более не оставлять. В первом предложении я отказала, второе я обещалась исполнять, пока я буду жива.] Так она записала; но никогда ни нам, никому не говорила об этом.</p>
<p rend="petit left">После смерти отца она исполнила второе его желание. У нас были две родные тетки и бабушка. Все они имели на нас больше прав, чем Татьяна Александровна, которую мы называли тетушкой только по привычке, так как родство наше было так далеко, что я никогда не мог запомнить его, но она по праву любви к нам, как Будда с раненым лебедем, заняла в нашем воспитании первое место. И мы чувствовали это... Она была воспитана барышней богатого дома — говорила и писала по-французски лучше, чем по-русски, прекрасно играла на фортепьяно, но лет 30 не дотрагивалась до него... Она стала играть только уже тогда, когда я взрослым учился играть, и иногда, играя в четыре руки, удивляла меня правильностью и изяществом своей игры. К прислуге она была добра, никогда сердито не говорила с нею, не могла переносить мысли о побоях и розгах, но считала, что крепостные — крепостные, и обращалась с ними, как барыня. Но несмотря на то, ее отличали от других, любили все люди. Когда она скончалась и ее несли по деревне, из всех домов выходили крестьяне и заказывали панихиду. Главная черта ее была любовь, но как бы я не хотел, чтобы это так было, — любовь к одному человеку — к моему отцу. Только уже исходя из этого центра, любовь ее разливалась на всех людей. Чувствовалось, что она и нас любила за него, через него и всех любила, потому что вся жизнь ее была любовь. Она имела по своей любви к нам наибольшее право на нас, но родные тетушки, особенно Пелагея Ильинична, когда она нас увезла в Казань, имели внешние права, и она покорилась им, но любовь от этого не ослабевала. Она жила у сестры гр. Е. А. Толстой, но жила душою с нами, и как только можно было, возвращалась к нам. То, что она последние годы своей жизни, около 20 лет, прожила со мной в Ясной поляне, — было для меня большим счастьем... Я сказал, что тетенька Татьяна Александровна имела самое большое влияние на мою жизнь. Влияние это было, во-первых, в том, что еще в детстве она научила меня духовному наслаждению любви. Она не словами учила меня этому, а всем своим существом заражала меня любовью. Я видел, чувствовал, как хорошо ей было любить, и понял счастье любви. Это — первое; второе — то, что она научила меня прелести неторопливой, одинокой жизни... Умирала она, почти никого не узнавая. Меня она узнавала всегда, улыбаясь, просиявала, как электрическая лампочка, когда нажмешь кнопку, и иногда шевелила губами и старалась произнесть Nicolas, перед смертью уже совсем нераздельно соединив меня с тем, кого она любила всю жизнь».</p>
<p rend="petit left">Из переписки Татьяны Александровны с Толстым сохранилось сто писем Льва Николаевича за 1845—1866 гг. и сорок два письма Ергольской за 1851—1865 гг.</p>
<p rend="petit left"><hi>1</hi>Толстой прожил в Казани с осени (сентябрь—октябрь) 1841 г. <hi style="opdelimiter">по</hi><hi style="opnumber">13</hi> <hi style="npnumber">14</hi><hi style="npdelimiter">23</hi> апреля 1847 г. За это время он со всей семьей не менее трех раз уезжал в Ясную поляну: на лето 1844 г., на лето 1845 г. и на лето 1846 г.</p>
<p rend="petit left"><hi>2 </hi>О переходе Толстого с Факультета восточной словесности на Юридический см. прошение № 3.</p>
<p rend="petit left"><hi>3 </hi>Ясная поляна.</p>
<p rend="petit left"><hi>4 </hi>Алексей Степанович Орехов (ум. в апреле 1882 г.), из яснополянских, крепостных Толстых — камердинер Толстого, бывший с ним и в Севастополе. Впоследствии был управляющим в Ясной поляне. Женат был на дочери дядьки братьев Толстых, Николая Дмитриевича, изображенного в «Детстве» — Евдокии Николаевне Банниковой (ум. 15 ноября 1879 г.). Об A. С. Орехове см. в кн. И. Л. Толстого: «Мои воспоминания», М. 1914, стр. 18, 22-23.</p>
<p rend="petit left"><hi>5 </hi>Пашенька — приемная дочь тетки Толстого гр. А. И. Остен-Сакен (1797—1841), бывшей замужем за душевно-больным гр. Карлом Ивановичем Остен-Сакеном, покушавшимся на жизнь гр. Александры Ильиничны. В «Воспоминаниях детства» Толстой писал, что после покушения на Александру Ильиничну ее мужа, «она родила уже мертвого ребенка. Боясь последствий от огорчений от смерти ребенка, ей сказали, что ребенок ее жив, и взяли родившуюся в то же время у знакомой прислуги, жены придворного повара, девочку. Эта девочка — Пашенька, которая жила у нас и была уже взрослой девушкой, когда я стал помнить себя. Не знаю, когда была открыта Пашеньке история ее рождения, но когда я знал ее, она уже знала, что она не была дочь тетушки». («Воспоминания детства», гл. V.) О Пашеньке упоминается в семейных письмах гр. Толстых 1820-ых гг., опубликованных С. Л. Толстым в кн.: «Мать и дед Л. Н. Толстого. Очерки жизни, записи и письма по неизданным материалам». Изд. «Федерация». М. 1928, стр. 124, 127, 130, 140, 144, 168.</p>
<p rend="petit left"><hi>6 </hi>Старший брат Толстого — гр. Николай Николаевич Толстой (1823—1860). О нем <ref target="file:///Volume_59_Gr.H.N.Tolstomu_50.xml">см. письмо к нему № 50</ref>. По окончании весной 1844 г. Математического факультета Казанского университета Николай Николаевич в декабре этого года поступил на службу в № 7 батарею 14-й артиллерийской бригады.</p>
<p rend="petit left"><hi>7 </hi>Гр. Елизавета Александровна Толстая, рожд. Ергольская (р. 1790 г., ум. 14 сентября 1851 г.), дочь А. С. Ергольского, сестра Т. А. Ергольской, троюродная тетка Льва Николаевича. Оставшись круглой сиротой в детстве, воспитывалась у чернской помещицы Татьяны Семеновны Скуратовой. Елизавета Александровна вышла замуж за мичмана в отставке гр. Петра Ивановича Толстого (1785—1834), двоюродного дядю Толстого. Ее сын гр. Валериан Петрович был женат (с 1847 г.) на сестре Толстого, гр. М. Н. Толстой, а дочь гр. Александра Петровна была замужем за бар. Ив. Ант. Дельвигом, братом поэта. По предположению Софьи Андреевны Толстой, Елизавета Александровна изображена Толстым в лице барыни в рассказе «Поликушка».</p>
<p rend="petit left"><hi>8 </hi>Пелагея Ильинична Юшкова, рожд. гр. Толстая (р. 1801 г., ум. 22 декабря 1875 г.), сестра отца Льва Николаевича, дочь гр. Ильи Андреевича Толстого и кж. Пелагеи Николаевны Горчаковой. Замужем (с 1817 г.) за В. И. Юшковым (1789—1869). О нем см. прим. 4 к п. № 46. О П. И. Юшковой см. в 60 томе.</p>
<p rend="left secend"><hi style="opnumber">14</hi> <hi style="npnumber">15</hi></p>
</comments></div></body>
        </text>
        </TEI>