<?xml version='1.0' encoding='UTF-8' standalone='no'?>

<TEI xmlns="http://www.tei-c.org/ns/1.0">
       <teiHeader>
          <fileDesc>
             <titleStmt>
                <title>Письмо №403. А. А. Толстой.</title>
             </titleStmt>
             <publicationStmt>
                <publisher>TolstoyLab</publisher>
                <date when="2015-09-14">14 September 2015</date>
             </publicationStmt>
             <sourceDesc>
                <biblStruct>
                   <analytic>
                      <author>Толстой Л.Н.</author>
                   </analytic>
                   <monogr>
                      <title level="m">Полное собрание сочинений. Том 61</title>
                      <imprint>
                         <pubPlace>Москва</pubPlace>
                         <publisher>Государственное издательство "Художественная литература"</publisher>
                         <date when="1953"/>
                      </imprint>
                   </monogr>
                   <series>
                      <title level="s">Л.Н. Толстой. Полное собрание сочинений</title>
                      <biblScope unit="vol">61</biblScope>
                   </series>
                </biblStruct>
				<bibl>Впервые опубликовано в ПТ, № 76. Датируется сопоставлением с письмами к А. А. Толстой от 15 и 19 сентября, №№ 401 и 402.</bibl>
             </sourceDesc>
          </fileDesc>
          <encodingDesc>
             <tagsDecl> </tagsDecl>
          </encodingDesc>
          <profileDesc>
             <correspDesc>
                <correspAction type="sending">
                   <persName ref="PersonList.xml#L_N_Tolstoy">Л. Н. Толстой</persName>
                   <placeName ref="PlacesListxml#PLACE">Я. П.</placeName>
                   <date when="1872-09-20">1872 г. Сентября 20.</date>            </correspAction>
                <correspAction type="receiving">
                   <persName ref="PersonList.xml#RECEIVER">А. А. Толстой</persName>
                </correspAction>
                <correspContext>
                   <ref type="prev">Ответ на несохранившееся письмо А. А. Толстой.</ref>
                </correspContext>
             </correspDesc>
          </profileDesc>
       </teiHeader>
       <xenoData><number type="in a volume">403</number></xenoData>

              <text xml:id="A__A__Tolstoj_403">
	<body><div>
		<opener index="false">
403. А. А. Толстой.
1872 г. Сентября 20...21? Я. П.
</opener>
<p rend="Obrashenie left">Любезный друг Alexandrine!</p>
<p rend="left">Вы пишете: «si j’ai dit quelque chose qui vous irrite...»<note xml:id="note1" resp="volume_editor" index="false"> [«если я сказала что-нибудь такое, что вас раздражило...»]</note> Всё ваше письмо произвело на меня это действие, и я благодарю бога за то, что я получил его тогда, когда я уже кое-как успокоился.</p>
<p rend="left">Понять рассудком положение другого человека нельзя, и этого я не ждал; но понять сердцем можно, и этого я ждал и ошибся. Я нашел и нахожу, что если попал в муравьиную кочку, то следует уйти для того, чтобы перестать визжать и биться; а вы не находите и говорите, что нужно мужаться, не быть эгоистом и быть христианином. Мужаться можно там, где есть враг, где есть опасность; а там, где борьба лжи и притворства, по-моему надо покоряться. Для того, чтобы не быть эгоистом и быть полезным другим, надо прежде всего перестать страдать и биться, надо прежде всего выскочить из муравьиной кочки. Для того, чтобы по-христиански <hi style="opdelimiter">принять</hi><hi style="opnumber">318</hi> <hi style="npnumber">319</hi><hi style="npdelimiter">всё,</hi> что послано богом, надо прежде всего чувствовать себя самим собою, а в то время, как вас обсыпают и жалят муравьи, нельзя ни о чем другом думать, как об избавлении. Принять же, как посланное свыше испытание, зуд, производимый во всем вашем существе насекомыми, облепившими вас — невозможно. Всё дело в том, не как ум, а как сердце посмотрит на человека (ребенка или старика), который бьется в муравьиной кочке. Многим это покажется смешно, другим глупо, некоторым жалко и оскорбительно. Я понимаю, что многих людей, возвышенно утонченных, можно высечь, и они только оглянутся, — не видал ли кто-нибудь, и сделаются еще приятнее, чем прежде, и их не жалко; и понимаю тоже, для других людей, приносящих всё в жертву соблюдению своего достоинства, для которых малейшее унижение есть физическое страдание, и этих жалко. Всё дело в том, что вы не поняли, что та злоба, которую я испытывал и от которой страдал, была не произведение моей воли, а такое же несомненное последствие того, что я испытал, как опухоль и боль после укуса пчелы. Одно, что вы мне не говорите, но что я говорю себе, это то, что зачем я написал вам. Когда я вспомню, что я написал вам с задней мыслью (теперь для меня ясной) о том, что вы разгласите то, что со мной случилось, в той среде, в которой вы живете, — я краснею от стыда, особенно когда вспомню ваш ответ. Очень жалею о том, что потревожил вас, и наверно вперед не буду. А более, чем когда-нибудь, остаюсь при своем мнении, что лучшее, что может сделать человек, уважающий себя, это уехать от того безобразного моря самоуверенной пошлости, развратной праздности и лжи, лжи, лжи, которая со всех сторон затопляет тот крошечный островок честной и трудовой жизни, <choice original_editorial_correction='кот[орый]'><sic>кот</sic><corr>который</corr></choice> себе устроил. И уехать в Англию, потому что только там свобода личности обеспечена — обеспечена для всякой уродливости и для независимой и тихой жизни.</p>
<p rend="left">Прощайте, целую вашу руку и прошу простить меня за тревогу.</p>
<comments><p rend="Textpetit_otstup left">Впервые опубликовано в ПТ, № 76. Датируется сопоставлением с письмами к А. А. Толстой от 15 и 19 сентября, №№ 401 и 402.</p>
<p rend="petit left">Ответ на несохранившееся письмо А. А. Толстой.</p>
<p rend="Textpetit_otstup left"><hi>1</hi> [«если я сказала что-нибудь такое, что вас раздражило...»]</p>
<p rend="left"><hi style="opnumber">319</hi> <hi style="npnumber">320</hi></p>
</comments></div></body>
        </text>
        </TEI>