<?xml version='1.0' encoding='UTF-8' standalone='no'?>

<TEI xmlns="http://www.tei-c.org/ns/1.0">
       <teiHeader>
          <fileDesc>
             <titleStmt>
                <title>Письмо №110. Гр. А. А. Толстой.</title>
             </titleStmt>
             <publicationStmt>
                <publisher>TolstoyLab</publisher>
                <date when="2015-09-14">14 September 2015</date>
             </publicationStmt>
             <sourceDesc>
                <biblStruct>
                   <analytic>
                      <author>Толстой Л.Н.</author>
                   </analytic>
                   <monogr>
                      <title level="m">Полное собрание сочинений. Том 60</title>
                      <imprint>
                         <pubPlace>Москва</pubPlace>
                         <publisher>Государственное издательство "Художественная литература"</publisher>
                         <date when="1949"/>
                      </imprint>
                   </monogr>
                   <series>
                      <title level="s">Л.Н. Толстой. Полное собрание сочинений</title>
                      <biblScope unit="vol">60</biblScope>
                   </series>
                </biblStruct>
             </sourceDesc>
          </fileDesc>
          <encodingDesc>
             <tagsDecl> </tagsDecl>
          </encodingDesc>
          <profileDesc>
             <correspDesc>
                <correspAction type="sending">
                   <persName ref="PersonList.xml#L_N_Tolstoy">Л. Н. Толстой</persName>
                   <placeName ref="PlacesListxml#PLACE">Я. П.</placeName>
                   <date when="1858-04-14">1858 г. Апреля 14.</date>            </correspAction>
                <correspAction type="receiving">
                   <persName ref="PersonList.xml#RECEIVER">Гр. А. А. Толстой</persName>
                </correspAction>
                <correspContext>
                   <ref type="prev"/>
                </correspContext>
             </correspDesc>
          </profileDesc>
       </teiHeader>
       <xenoData><number type="in a volume">110</number></xenoData>

              <text xml:id="gr.A.A.Tolstoj_110">
	<body><div>
		<opener index="false">
110. Гр. А. А. Толстой.
1858 г. Апреля 14. Я. П.
</opener>
<p rend="Obrashenie left">Бабушка! Весна!</p>
<p rend="left">Отлично жить на свете хорошим людям; даже и таким, как я, хорошо бывает. В природе, в воздухе, во всем надежда, будущность и прелестная будущность. —</p>
<p rend="left">Иногда ошибаешься и думаешь, что не одну природу ждет будущность счастья, а и тебя тоже; и хорошо бывает. — Я теперь в таком состоянии и с свойственным мне эгоизмом тороплюсь писать вам о предметах только для меня интересных. — Я очень хорошо знаю, когда обсужу здраво, что я — старая, промерзлая, гнилая и еще под соусом свареная картофелина, но весна так действует на меня, что иногда застаю себя в полном разгаре мечтаний о том, что я растение, которое распустится вот только теперь вместе с другими и станет просто, спокойно и радостно рости на свете Божьем. — По этому случаю к этому времени идет такая внутренняя переборка, очищение и порядок, какой никто, не испытавший этого чувства, не может себе представить. Всё старое прочь, все условия света, всю лень, весь эгоизм, все пороки, все запутанные, неясные привязанности, все сожаленья, даже раскаянье, — всё прочь! Дайте место необыкновенному цветку, который надувает почки и выростет вместе с весной! — Грустно вспомнить, сколько раз я тщетно делывал то же самое, как кухарка по субботам, — а всё радуюсь своему обману, и иногда серьезно верю в новый цвет и жду его. <hi style="opdelimiter">—</hi><hi style="opnumber">259</hi></p>
<p rend="left"><hi style="npnumber">260</hi><hi style="npdelimiter">—</hi> Вот уж с неделю, как я в деревне один, и мне хорошо.<note xml:id="note1" resp="volume_editor" index="false"> Толстой приехал в Ясную Поляну из Москвы в ночь на 10 апреля 1858 г.</note> Счёты за московское житье, за всё сведены, и я квит со всеми, в приходе и в расходе ровно. —</p>
<p rend="left">Странное чувство я испытал, уезжая в деревню, в тех же условиях жизни, в каких и приехал. Первое чувство было радостное сознание свободы, возможность сейчас же вылезть из коляски и пойти пешком в Астрахань, или повернуть лошадей и ехать в Париж, или остаться навсегда жить на первой станции. Это чувство славное, и женщины не знают его. Но потом, чем ближе я подъезжал к деревне, тем мне всё грустнее и грустнее становилось мое будущее одиночество. Так что, приехав в деревню, мне показалось, что я вдовец, что недавно жило тут целое семейство, которое я потерял. И действительно, это семейство моего воображения жило там. И какое прелестное семейство! Особенно жалко мне старшего сына! И жена была славная, хотя и странная женщина. Вот, бабушка, научите, что делать с собой, когда воспоминания и мечты вместе составят такой идеал жизни, под которой ничто не подходит, всё становится <hi>не то</hi>, и не радуешься и не благодаришь Бога за те блага, которые он дал, а в душе вечное недовольство и грусть. Бросить этот идеал — скажете вы. — Нельзя. Этот идеал не выдумка, а самое дорогое, что есть для меня в жизни. Без него я жить не хочу. Помните вы «Мадону» Пушкина?<note xml:id="note2" resp="volume_editor" index="false"> Стихотворение Пушкина «Мадонна» («Не множеством картин старинных мастеров») 1830 г.</note> Ваша Мадона висит у меня и радует,<note xml:id="note3" resp="volume_editor" index="false"> Сикстинская мадонна в нескольких больших гравюрах висела в кабинете у <hi style="opdelimiter">Толстого.</hi><hi style="opnumber">260</hi></note> а последние стихи мучают.<note xml:id="note4" resp="volume_editor" index="false"> Толстой разумеет последние строки стихотворения Пушкина, обращенные к невесте:</note> Иногда приходит в голову отслужить по всему панафиду, да тогда уж и других молитв в душе не останется. Прощайте, милая бабушка, не сердитесь на меня за этот вздор, а ответьте умное и пропитанное добротой и христианской мудростью словечко.</p>
<p rend="left">Я давно хотел написать вам, что вам удобнее писать по-французски, а мне женская мысль понятнее по-французски.</p>
<comments><p rend="Textpetit_otstup left">Впервые полностью опубликовано в ПТ, стр. 98—100, с датой «Апрель 1858 г.». Дата определяется записью в Дневнике Толстого под 14 апреля 1858 г.</p>
<p rend="Textpetit_otstup left"><hi>1</hi> Толстой приехал в Ясную Поляну из Москвы в ночь на 10 апреля 1858 г.</p>
<p rend="petit left"><hi>2</hi> Стихотворение Пушкина «Мадонна» («Не множеством картин старинных мастеров») 1830 г.</p>
<p rend="petit left"><hi>3</hi> Сикстинская мадонна в нескольких больших гравюрах висела в кабинете у <hi style="opdelimiter">Толстого.</hi><hi style="opnumber">260</hi></p>
<p rend="petit left"><hi>4</hi> Толстой разумеет последние строки стихотворения Пушкина, обращенные к невесте:</p>
<div rend="poem petit">
<div rend="stanza">
<p rend="v">
Исполнились мои желания. Творец
</p>
<p rend="v">
Тебя мне ниспослал, тебя, моя Мадонна,
</p>
<p rend="v">
Чистейшей прелести чистейший образец.
</p>
</div>
</div>
</comments></div></body>
        </text>
        </TEI>