<?xml version='1.0' encoding='UTF-8' standalone='no'?>

<TEI xmlns="http://www.tei-c.org/ns/1.0">
       <teiHeader>
          <fileDesc>
             <titleStmt>
                <title>Письмо №139. Гр. А. А. Толстой.</title>
             </titleStmt>
             <publicationStmt>
                <publisher>TolstoyLab</publisher>
                <date when="2015-09-14">14 September 2015</date>
             </publicationStmt>
             <sourceDesc>
                <biblStruct>
                   <analytic>
                      <author>Толстой Л.Н.</author>
                   </analytic>
                   <monogr>
                      <title level="m">Полное собрание сочинений. Том 60</title>
                      <imprint>
                         <pubPlace>Москва</pubPlace>
                         <publisher>Государственное издательство "Художественная литература"</publisher>
                         <date when="1949"/>
                      </imprint>
                   </monogr>
                   <series>
                      <title level="s">Л.Н. Толстой. Полное собрание сочинений</title>
                      <biblScope unit="vol">60</biblScope>
                   </series>
                </biblStruct>
				<bibl>Впервые опубликовано в ПТ, № 25, стр. 134.</bibl>
             </sourceDesc>
          </fileDesc>
          <encodingDesc>
             <tagsDecl> </tagsDecl>
          </encodingDesc>
          <profileDesc>
             <correspDesc>
                <correspAction type="sending">
                   <persName ref="PersonList.xml#L_N_Tolstoy">Л. Н. Толстой</persName>
                   <placeName ref="PlacesListxml#PLACE">Я. П.</placeName>
                   <date when="1859-05-16">1859 г. Мая 16.</date>            </correspAction>
                <correspAction type="receiving">
                   <persName ref="PersonList.xml#RECEIVER">Гр. А. А. Толстой</persName>
                </correspAction>
                <correspContext>
                   <ref type="prev"/>
                </correspContext>
             </correspDesc>
          </profileDesc>
       </teiHeader>
       <xenoData><number type="in a volume">139</number></xenoData>

              <text xml:id="gr.A.A.Tolstoj_139">
	<body><div>
		<opener index="false">
139. Гр. А. А. Толстой.
1859 г. Мая 16. Я. П.</opener>
<p rend="left">А я все-таки пишу вам. Но пишу неспокоен. Не провинился ли я? Или, что гораздо хуже, нет ли у вас горя какого? Не больны ли кто из ваших или вы сами? Пожалуйста, напишите, что всё обстоит благополучно, и я успокоюсь и не стану надоедать вам. — Уж не уехали ли вы за границу, не написав мне строчки? это было бы дурно. Тогда бы я был сразу квит с вами за все мои грехи. А как бы мне теперь нужно, радостно бы было получить письмецо от вас, так грустно, сухо, холодно. Весна, а плохо жить на свете — в первый раз со мной случается. Я вас вызываю возможностью сделать доброе дело. Прощайте. Жму вашу добрую руку и все-таки жду письма.</p>
<p rend="right">Ваш Л. Толстой.</p>
<p rend="left">16 Мая.</p>
<comments><p rend="Textpetit_otstup left">Впервые опубликовано в ПТ, № 25, стр. 134.</p>
</comments></div></body>
        </text>
        </TEI>