<?xml version='1.0' encoding='UTF-8' standalone='no'?>

<TEI xmlns="http://www.tei-c.org/ns/1.0">
       <teiHeader>
          <fileDesc>
             <titleStmt>
                <title>Письмо №* 153. И. П. Борисову.</title>
             </titleStmt>
             <publicationStmt>
                <publisher>TolstoyLab</publisher>
                <date when="2015-09-14">14 September 2015</date>
             </publicationStmt>
             <sourceDesc>
                <biblStruct>
                   <analytic>
                      <author>Толстой Л.Н.</author>
                   </analytic>
                   <monogr>
                      <title level="m">Полное собрание сочинений. Том 60</title>
                      <imprint>
                         <pubPlace>Москва</pubPlace>
                         <publisher>Государственное издательство "Художественная литература"</publisher>
                         <date when="1949"/>
                      </imprint>
                   </monogr>
                   <series>
                      <title level="s">Л.Н. Толстой. Полное собрание сочинений</title>
                      <biblScope unit="vol">60</biblScope>
                   </series>
                </biblStruct>
             </sourceDesc>
          </fileDesc>
          <encodingDesc>
             <tagsDecl> </tagsDecl>
          </encodingDesc>
          <profileDesc>
             <correspDesc>
                <correspAction type="sending">
                   <persName ref="PersonList.xml#L_N_Tolstoy">Л. Н. Толстой</persName>
                   <placeName ref="PlacesListxml#PLACE">Я. П.</placeName>
                   <date when="1859-10-09">1859 г. Октября 9?</date>            </correspAction>
                <correspAction type="receiving">
                   <persName ref="PersonList.xml#RECEIVER">И. П. Борисову</persName>
                </correspAction>
                <correspContext>
                   <ref type="prev"/>
                </correspContext>
             </correspDesc>
          </profileDesc>
       </teiHeader>
       <xenoData><number type="in a volume">153</number></xenoData>

              <text xml:id="I.P.Borisovu_153">
	<body><div>
		<opener index="false">
* 153. И. П. Борисову.
1859 г. Октября 9? Я. П.</opener>
<p rend="left">Еще теперь вижу ваше доброе и милое лицо, любезный Иван Петрович, когда пришли ко мне весело увлекать меня на охоту, и я должен был делать вам операцию, и мне щемит сердце, как вспомню. Так, кажется, и следовало бы вам отвесить на жизнь ровно столько счастья, сколько нужно хорошему человеку, а тут такое злое, <choice><reg>изысканное</reg><orig>изъисканное</orig></choice> горе обрушилось на вас.<note xml:id="note1" resp="volume_editor" index="false"> Толстой вспоминает тяжелый момент, когда во время охоты пришло от Фета извещение о психическом заболевании жены Борисова, благодаря чему Борисов немедленно должен был выехать в Москву. См. описание этого случая в письме Толстого к А. А. Толстой, № 155, и прим. к нему.</note> Что делать, любезный друг? Лучшее утешенье, и я знаю, что оно у вас есть, это мысль, что и в этом скверном положеньи постараюсь делать всё, что следует делать хорошему человеку. Без вас я притворялся еще дня три, что охочусь, но было скучно и грустно. Ничего не затравил и пришел в Ясную. Гончие ваши у меня и Прокофий. Что велите с ними делать? <hi style="opdelimiter">Теперь</hi><hi style="opnumber">309</hi> <hi style="npnumber">310</hi><hi style="npdelimiter">погода</hi> скверная, и я дня три отдохну, а потом поезжу, хотя не тянет нисколько. — Подъезжая домой, я думал: дай напишу <choice original_editorial_correction='Ив[ану]'><sic>Ив</sic><corr>Ивану</corr></choice> <choice original_editorial_correction='Петр[овичу]'><sic>Петр</sic><corr>Петровичу</corr></choice> и тоже думал: чорта ему во мне. Поэтому письмо ваше было мне очень приятно.<note xml:id="note2" resp="volume_editor" index="false"> Письмо И. П. Борисова к Толстому неизвестно.</note> Прощайте, крепко обнимаю вас. Дай вам Бог терпенья и силы, а может и счастья. — Она хитра, мудрена — жизнь человеческая.</p>
<p rend="right">Ваш Л. Толстой.</p>
<comments><p rend="Textpetit_otstup left">Повидимому, письмо было написано 9 октября, вскоре по возвращении Толстого с охоты в Ясную Поляну, как указано в письме.</p>
<p rend="Textpetit_otstup left"><hi>1</hi> Толстой вспоминает тяжелый момент, когда во время охоты пришло от Фета извещение о психическом заболевании жены Борисова, благодаря чему Борисов немедленно должен был выехать в Москву. См. описание этого случая в письме Толстого к А. А. Толстой, № 155, и прим. к нему.</p>
<p rend="petit left"><hi>2</hi> Письмо И. П. Борисова к Толстому неизвестно.</p>
</comments></div></body>
        </text>
        </TEI>