<?xml version='1.0' encoding='UTF-8' standalone='no'?>

<TEI xmlns="http://www.tei-c.org/ns/1.0">
       <teiHeader>
          <fileDesc>
             <titleStmt>
                <title>Письмо №* 12. Гр. C. Н. Толстому.</title>
             </titleStmt>
             <publicationStmt>
                <publisher>TolstoyLab</publisher>
                <date when="2015-09-14">14 September 2015</date>
             </publicationStmt>
             <sourceDesc>
                <biblStruct>
                   <analytic>
                      <author>Толстой Л.Н.</author>
                   </analytic>
                   <monogr>
                      <title level="m">Полное собрание сочинений. Том 60</title>
                      <imprint>
                         <pubPlace>Москва</pubPlace>
                         <publisher>Государственное издательство "Художественная литература"</publisher>
                         <date when="1949"/>
                      </imprint>
                   </monogr>
                   <series>
                      <title level="s">Л.Н. Толстой. Полное собрание сочинений</title>
                      <biblScope unit="vol">60</biblScope>
                   </series>
                </biblStruct>
             </sourceDesc>
          </fileDesc>
          <encodingDesc>
             <tagsDecl> </tagsDecl>
          </encodingDesc>
          <profileDesc>
             <correspDesc>
                <correspAction type="sending">
                   <persName ref="PersonList.xml#L_N_Tolstoy">Л. Н. Толстой</persName>
                   <placeName ref="PlacesListxml#PLACE">Я. П.</placeName>
                   <date when="1856-05-29">1856 г. Мая 29.</date>            </correspAction>
                <correspAction type="receiving">
                   <persName ref="PersonList.xml#RECEIVER">Гр. C. Н. Толстому</persName>
                </correspAction>
                <correspContext>
                   <ref type="prev"/>
                </correspContext>
             </correspDesc>
          </profileDesc>
       </teiHeader>
       <xenoData><number type="in a volume">12</number></xenoData>

              <text xml:id="gr.S.N.Tolstomu_12">
	<body><div>
		<opener index="false">
* 12. Гр. C. Н. Толстому.
1856 г. Мая 29. Я. П.</opener>
<p rend="left">Я пишу несколько слов из Ясной, куда приехал вчера. Надо такое несчастье. <choice original_editorial_correction='Нат[алья]'><sic>Нат</sic><corr>Наталья</corr></choice> <choice original_editorial_correction='Петр[овна]'><sic>Петр</sic><corr>Петровна</corr></choice><note xml:id="note1" resp="volume_editor" index="false"> Наталья Петровна Охотницкая ― обедневшая дворянка, проживавшая у Толстых.</note> еще больше заставляет меня жалеть рассказами про тебя: как будто ты говоришь: что, Наташа, разложи-ка карты: «приедет Левочка или нет?» Дело в том, что ты на меня не сердись. Я получил только и то посредством разных ухищрений отпуск в половине Мая, несмотря на то, что мне его обещали каждый [день]. В Москве же я пробыл 10 дней уже по своей вине, но за то чрезвычайно приятно ― без шампанского и цыган, а немножко влюбленный ― в кого, расскажу тебе после.<note xml:id="note2" resp="volume_editor" index="false"> Толстой имеет в виду свое увлечение кн. Александрой Алексеевной Оболенской, рожд. Дьяковой ― сестрой своего приятеля Д. А. Дьякова.</note> Я пробуду в Ясной до Августа, следовательно, встречу и провожу тебя.<note xml:id="note3" resp="volume_editor" index="false"> См. прим. 6 к п. № 17.</note> ― В Августе же, ежели будут деньги (отпуск уж вышел теперь), поеду за границу. ―</p>
<p rend="left">Я пишу тебе в Курск и, признаюсь, главная цель моего письма ― Щербачовка,<note xml:id="note4" resp="volume_editor" index="false"> Щербачевка ― имение Д. Н. Толстого, Курской губ., Суджанского уезда, доставшееся ему по раздельному акту 1847 г. и перешедшее после его смерти его братьям: Николаю, Сергею и Льву.</note> что вы намерены делать с ней? Я намерен непременно продать свою часть и хоть на 10 <choice original_editorial_correction='пр[оцентов]'><sic>пр</sic><corr>процентов</corr></choice> дешевле, но чтобы получить поскорее деньги. Желал бы и надеюсь, что и ты будешь согласен. Из нас никто купить не в состоянии, управлять тоже за 500 верст, а денег у нас тоже никогда ни у кого не было. Я особенно желаю этого не для того, чтобы платить долги ― у меня их почти нету, чтоб проживать тоже не желаю, но чтобы быть в независимом и не стесненном положении. Хотел я хоть от тетиньки узнать твое мнение о моих «гусарах», но говорят ты не читал еще. Напиши, сколько ты мне ставишь за это: 1, 2, 3, 4 или 5. Я нынче поеду к Маше,<note xml:id="note5" resp="volume_editor" index="false"> М. Н. Толстая жила с мужем гр. В. П. Толстым в имении его матери Покровском, Чернского уезда Тульской губернии, в 90 километрах от Ясной Поляны.</note> вернусь к Троицыну дню и безвыездно 2 месяца сижу в Ясной.―</p>
<p rend="left">Пожалуйста отвечай. До свиданья, милый друг. ―</p>
<p rend="right">Твой Гр. Л. Толстой.</p>
<p rend="left">29 <hi style="opdelimiter">Мая.</hi><hi style="opnumber">62</hi></p>
<comments><p rend="Textpetit_otstup left"><hi style="npnumber">63</hi><hi style="npdelimiter">Впервые</hi> отрывок из письма напечатан в Б. I, 1, стр. 294; несколько полнее напечатано в ПТС, I, стр. 53. Год определяется содержанием: Толстой приехал в Ясную Поляну «вчера», то есть 28 мая.</p>
<p rend="Textpetit_otstup left"><hi>1</hi> Наталья Петровна Охотницкая ― обедневшая дворянка, проживавшая у Толстых.</p>
<p rend="petit left"><hi>2</hi> Толстой имеет в виду свое увлечение кн. Александрой Алексеевной Оболенской, рожд. Дьяковой ― сестрой своего приятеля Д. А. Дьякова.</p>
<p rend="petit left"><hi>3</hi> См. прим. 6 к п. № 17.</p>
<p rend="petit left"><hi>4</hi> Щербачевка ― имение Д. Н. Толстого, Курской губ., Суджанского уезда, доставшееся ему по раздельному акту 1847 г. и перешедшее после его смерти его братьям: Николаю, Сергею и Льву.</p>
<p rend="petit left"><hi>5</hi> М. Н. Толстая жила с мужем гр. В. П. Толстым в имении его матери Покровском, Чернского уезда Тульской губернии, в 90 километрах от Ясной Поляны.</p>
</comments></div></body>
        </text>
        </TEI>