<?xml version='1.0' encoding='UTF-8' standalone='no'?>

<TEI xmlns="http://www.tei-c.org/ns/1.0">
       <teiHeader>
          <fileDesc>
             <titleStmt>
                <title>Письмо №315. А. А. Фету.</title>
             </titleStmt>
             <publicationStmt>
                <publisher>TolstoyLab</publisher>
                <date when="2015-09-14">14 September 2015</date>
             </publicationStmt>
             <sourceDesc>
                <biblStruct>
                   <analytic>
                      <author>Толстой Л.Н.</author>
                   </analytic>
                   <monogr>
                      <title level="m">Полное собрание сочинений. Том 61</title>
                      <imprint>
                         <pubPlace>Москва</pubPlace>
                         <publisher>Государственное издательство "Художественная литература"</publisher>
                         <date when="1953"/>
                      </imprint>
                   </monogr>
                   <series>
                      <title level="s">Л.Н. Толстой. Полное собрание сочинений</title>
                      <biblScope unit="vol">61</biblScope>
                   </series>
                </biblStruct>
				<bibl>Впервые опубликовано в «Русском обозрении», 1890, 7, стр. 15. Год определяется сопоставлением с письмом № 313.</bibl>
             </sourceDesc>
          </fileDesc>
          <encodingDesc>
             <tagsDecl> </tagsDecl>
          </encodingDesc>
          <profileDesc>
             <correspDesc>
                <correspAction type="sending">
                   <persName ref="PersonList.xml#L_N_Tolstoy">Л. Н. Толстой</persName>
                   <placeName ref="PlacesListxml#PLACE">Я. П.</placeName>
                   <date when="1870-11-26">1870 г. Ноября 26.</date>            </correspAction>
                <correspAction type="receiving">
                   <persName ref="PersonList.xml#RECEIVER">А. А. Фету</persName>
                </correspAction>
                <correspContext>
                   <ref type="prev"/>
                </correspContext>
             </correspDesc>
          </profileDesc>
       </teiHeader>
       <xenoData><number type="in a volume">315</number></xenoData>

              <text xml:id="A__A__Fetu_315">
	<body><div>
		<opener index="false">
315. А. А. Фету.
1870 г. Ноября 26. Я. П.</opener>
<p rend="left">Сейчас получил ваше и печальное, но более радостное для нас письмо.<note xml:id="note1" resp="volume_editor" index="false"> Письмо неизвестно.</note> Мы от Кузминского<note xml:id="note2" resp="volume_editor" index="false"> Александр Михайлович Кузминский.</note> знали о болезни Марьи Петровны, и оба с женою беспрестанно ахали и мучились беспокойством о вас. Получив ваше письмо, я сейчас же решил ехать к вам и теперь бы сбирался на <choice original_editorial_correction='желез[ную]'><sic>желез</sic><corr>железную</corr></choice> <choice original_editorial_correction='дор[огу]'><sic>дор</sic><corr>дорогу</corr></choice>, если бы не Урусов, которого я вызвал к себе для поездки в Оптину пустынь и который может приехать завтра. Если он не приедет или после нашей поездки я непременно приеду к вам. Благодарю вас, что вы мне так написали. Я всё понял, что вы мне писали, и много того, что вы не писали. Я знаю вас и Марью Петровну и потому понимаю, что такое для вас угроза разлуки с нею. <hi style="opdelimiter">—</hi><hi style="opnumber">243</hi></p>
<p rend="left"><hi style="npnumber">244</hi><hi style="npdelimiter">Удивляюсь,</hi> как вы решились уехать в Москву,<note xml:id="note3" resp="volume_editor" index="false"> Фет ездил в Москву за доктором для опасно заболевшей жены.</note> и радуюсь тому, что это вам так удалось. Пожалуйста, пишите об ее состоянии. Из вашего письма еще не видно, вполне ли миновалась опасность. По этому страшному слуху, сообщенному нам Кузминским, мы оба с женой удивились, узнав, как много мы любим вас и ее.</p>
<p rend="left">Помогай вам бог.</p>
<p rend="right">Ваш Л. Толстой.</p>
<p rend="left">26 Nоября.</p>
<comments><p rend="Textpetit_otstup left">Впервые опубликовано в «Русском обозрении», 1890, 7, стр. 15. Год определяется сопоставлением с письмом № 313.</p>
<p rend="Textpetit_otstup left"><hi>1</hi> Письмо неизвестно.</p>
<p rend="petit left"><hi>2</hi> Александр Михайлович Кузминский.</p>
<p rend="petit left"><hi>3</hi> Фет ездил в Москву за доктором для опасно заболевшей жены.</p>
</comments></div></body>
        </text>
        </TEI>