<?xml version='1.0' encoding='UTF-8' standalone='no'?>

<TEI xmlns="http://www.tei-c.org/ns/1.0">
       <teiHeader>
          <fileDesc>
             <titleStmt>
                <title>Письмо №300. А. А. Фету.</title>
             </titleStmt>
             <publicationStmt>
                <publisher>TolstoyLab</publisher>
                <date when="2015-09-14">14 September 2015</date>
             </publicationStmt>
             <sourceDesc>
                <biblStruct>
                   <analytic>
                      <author>Толстой Л.Н.</author>
                   </analytic>
                   <monogr>
                      <title level="m">Полное собрание сочинений. Том 61</title>
                      <imprint>
                         <pubPlace>Москва</pubPlace>
                         <publisher>Государственное издательство "Художественная литература"</publisher>
                         <date when="1953"/>
                      </imprint>
                   </monogr>
                   <series>
                      <title level="s">Л.Н. Толстой. Полное собрание сочинений</title>
                      <biblScope unit="vol">61</biblScope>
                   </series>
                </biblStruct>
				<bibl>Впервые опубликовано в «Русском обозрении», 1890, 7, стр. 10. Год определяется содержанием: «четвертый грудной», о котором пишет Толстой, это Лев Львович, родившийся 20 мая 1869 г.</bibl>
             </sourceDesc>
          </fileDesc>
          <encodingDesc>
             <tagsDecl> </tagsDecl>
          </encodingDesc>
          <profileDesc>
             <correspDesc>
                <correspAction type="sending">
                   <persName ref="PersonList.xml#L_N_Tolstoy">Л. Н. Толстой</persName>
                   <placeName ref="PlacesListxml#PLACE">Я. П.</placeName>
                   <date when="1870-02-04">1870 г. Февраля 4.</date>            </correspAction>
                <correspAction type="receiving">
                   <persName ref="PersonList.xml#RECEIVER">А. А. Фету</persName>
                </correspAction>
                <correspContext>
                   <ref type="prev"/>
                </correspContext>
             </correspDesc>
          </profileDesc>
       </teiHeader>
       <xenoData><number type="in a volume">300</number></xenoData>

              <text xml:id="A__A__Fetu_300">
	<body><div>
		<opener index="false">
300. А. А. Фету.
1870 г. Февраля 4. Я. П.
</opener>
<p rend="right">4-го февраля.</p>
<p rend="left">Письмо ваше, любезный Афанасий Афанасьевич, получил я 1-го февраля.<note xml:id="note1" resp="volume_editor" index="false"> Письмо неизвестно.</note> Но даже если бы получил и несколько прежде, я не мог бы ехать. —</p>
<p rend="left">Вы мне пишете «<hi>я один, один!!!</hi>» А я читаю и думаю: вот счастливец — <hi>один</hi>. А у меня жена, трое детей, четвертый грудной, две старухи тетки,<note xml:id="note2" resp="volume_editor" index="false"> Т. А. Ергольская и П. И. Юшкова.</note> нянька и две горничные; и всё это вместе больно лихорадкой, жар, слабость, головная боль, кашель. В таком положении застало меня ваше письмо. Теперь начинают поправляться; но за столом еще обедаю я с старухой Н. П.<note xml:id="note3" resp="volume_editor" index="false"> Наталья Петровна Охотницкая.</note> из 10<note xml:id="note4" resp="volume_editor" index="false"> <hi>Первоначально было</hi>: 12.</note> человек. Да и я второй день болен — грудью и боком. Как только поправимся, то приеду к вам. Многое, очень многое хочется вам сообщить. Я очень много читал<note xml:id="note5" resp="volume_editor" index="false"> <hi>Первоначально было</hi>: читаю</note> Шекспира, Гёте, Пушкина, Гоголя, Мольера<note xml:id="note6" resp="volume_editor" index="false"> См. об этом в «Дневниках С. А. Толстой. 1860—1891», М. 1928, записи от 14—15 февраля 1870 г.</note> и обо всем этом многое <hi style="opdelimiter">хочется</hi><hi style="opnumber">226</hi> <hi style="npnumber">227</hi><hi style="npdelimiter">вам</hi> сказать. Я нынешний год не получаю ни одного журнала и ни одной газеты<note xml:id="note7" resp="volume_editor" index="false"> Из «Записей разных для справок» С. А. Толстой известно, что в 1870 г. в Ясной Поляне выписывали «Revue des deux mondes» и получали «Зарю» и «Moskauer Deutsche Zeitung», бесплатно высылаемые редакциями этих изданий. Ср. письмо № 310.</note> и нахожу, что это очень полезно. Пожалуйста, пишите мне изредка, чтобы мне знать, можно ли застать вас дома.</p>
<p rend="right">Ваш Толстой.</p>
<comments><p rend="Textpetit_otstup left">Впервые опубликовано в «Русском обозрении», 1890, 7, стр. 10. Год определяется содержанием: «четвертый грудной», о котором пишет Толстой, это Лев Львович, родившийся 20 мая 1869 г.</p>
<p rend="Textpetit_otstup left"><hi>1</hi> Письмо неизвестно.</p>
<p rend="petit left"><hi>2</hi> Т. А. Ергольская и П. И. Юшкова.</p>
<p rend="petit left"><hi>3</hi> Наталья Петровна Охотницкая.</p>
<p rend="petit left"><hi>4</hi> <hi>Первоначально было</hi>: 12.</p>
<p rend="petit left"><hi>5</hi> <hi>Первоначально было</hi>: читаю</p>
<p rend="petit left"><hi>6</hi> См. об этом в «Дневниках С. А. Толстой. 1860—1891», М. 1928, записи от 14—15 февраля 1870 г.</p>
<p rend="petit left"><hi>7</hi> Из «Записей разных для справок» С. А. Толстой известно, что в 1870 г. в Ясной Поляне выписывали «Revue des deux mondes» и получали «Зарю» и «Moskauer Deutsche Zeitung», бесплатно высылаемые редакциями этих изданий. Ср. письмо № 310.</p>
</comments></div></body>
        </text>
        </TEI>