<?xml version='1.0' encoding='UTF-8' standalone='no'?>

<TEI xmlns="http://www.tei-c.org/ns/1.0">
       <teiHeader>
          <fileDesc>
             <titleStmt>
                <title>Письмо №104. И. И. Панаеву.</title>
             </titleStmt>
             <publicationStmt>
                <publisher>TolstoyLab</publisher>
                <date when="2015-09-14">14 September 2015</date>
             </publicationStmt>
             <sourceDesc>
                <biblStruct>
                   <analytic>
                      <author>Толстой Л.Н.</author>
                   </analytic>
                   <monogr>
                      <title level="m">Полное собрание сочинений. Том 59</title>
                      <imprint>
                         <pubPlace>Москва</pubPlace>
                         <publisher>Государственное издательство "Художественная литература"</publisher>
                         <date when="1935"/>
                      </imprint>
                   </monogr>
                   <series>
                      <title level="s">Л.Н. Толстой. Полное собрание сочинений</title>
                      <biblScope unit="vol">59</biblScope>
                   </series>
                </biblStruct>
				<bibl>Печатается по автографу, хранящемуся в ИРЛИ. Впервые опубликовано М. А. Цявловским в «Красной нови», 1928, 9, стр. <hi style="opdelimiter">219—220.</hi><hi style="opnumber">324</hi></bibl>
             </sourceDesc>
          </fileDesc>
          <encodingDesc>
             <tagsDecl> </tagsDecl>
          </encodingDesc>
          <profileDesc>
             <correspDesc>
                <correspAction type="sending">
                   <persName ref="PersonList.xml#L_N_Tolstoy">Л. Н. Толстой</persName>
                   <placeName ref="PlacesListxml#PLACE">Белъбек.</placeName>
                   <date when="1855-07-04">1855 г. Июля 4.</date>            </correspAction>
                <correspAction type="receiving">
                   <persName ref="PersonList.xml#RECEIVER">И. И. Панаеву</persName>
                </correspAction>
                <correspContext>
                   <ref type="prev"/>
                </correspContext>
             </correspDesc>
          </profileDesc>
       </teiHeader>
       <xenoData><number type="in a volume">104</number></xenoData>

              <text xml:id="I.I.Panaevu_104">
	<body><div>
		<opener index="false">
104. И. И. Панаеву.

1855г. Июля 4. Позиция на р. Белъбек.
</opener>
<p rend="Obrashenie left">Милостивый Государь</p>
<p rend="Obrashenie1 left">Ивань Ивановичь!</p>
<p rend="left">Посылаю <choice><reg>Вам</reg><orig>Вамъ</orig></choice> Севастопольскую статью.<note xml:id="note1" resp="volume_editor" index="false">«Севастополь в мае», писавшийся 18—26 июня.</note> Хотя я <choice><reg>убежден</reg><orig>убѣжденъ</orig></choice>,. что она <choice><reg>без</reg><orig>безъ</orig></choice> сравненья лучше первой, она не понравится, <hi style="opdelimiter"><choice><reg>в</reg><orig>въ</orig></choice></hi><hi style="opnumber">323</hi> <hi style="npnumber">324</hi><hi style="npdelimiter"><choice><reg>этом</reg><orig>этомъ</orig></choice></hi> я увѣренъ. И даже боюсь, какъ бы ее совсѣмъ не пропустили. Насчетъ того, чтобы ея не изуродовали, какъ Вы сами увидите, я принялъ всевозможныя предосторожности.<note xml:id="note2" resp="volume_editor" index="false">Посланная Толстым рукопись в настоящее время находится в ЛБ. По этой рукописи рассказ впервые напечатан лишь в настоящем издании (см. 4 т., стр. 18—59 и 387—392).</note> Во <choice><reg>всех</reg><orig>всѣхъ</orig></choice> <choice><reg>местах</reg><orig>мѣстахъ</orig></choice>, <choice><reg>которые</reg><orig>которыя</orig></choice> показались <choice><reg>мне</reg><orig>мнѣ</orig></choice> опасными, я <choice><reg>сделал</reg><orig>сдѣлалъ</orig></choice> <choice><reg>вариянты</reg><orig>варiянты</orig></choice> <choice><reg>с</reg><orig>съ</orig></choice> такого рода знаками (в) или скобками <choice><reg>означил</reg><orig>означилъ</orig></choice>, что выключить <choice><reg>в</reg><orig>въ</orig></choice> <choice><reg>том</reg><orig>томъ</orig></choice> <choice><reg>случае</reg><orig>случаѣ</orig></choice>, ежели не понравятся <choice><reg>цензуре</reg><orig>цензурѣ</orig></choice>.</p>
<p rend="left">— Ежели же <choice><reg>сверх</reg><orig>сверхъ</orig></choice> того, что я <choice><reg>отметил</reg><orig>отмѣтилъ</orig></choice>, стали бы вымарывать что-нибудь, <choice><reg>решительно</reg><orig>рѣшительно</orig></choice> не печатайте. <choice><reg>В</reg><orig>Въ</orig></choice> <choice><reg>противном</reg><orig>противномъ</orig></choice> <choice><reg>случае</reg><orig>случаѣ</orig></choice> это очень <choice><reg>огорчит</reg><orig>огорчитъ</orig></choice> меня. Для <choice><reg>заглавия</reg><orig>заглавiя</orig></choice> я <choice><reg>сделал</reg><orig>сдѣлалъ</orig></choice> <choice><reg>вариант</reg><orig>варiантъ</orig></choice>,<note xml:id="note3" resp="volume_editor" index="false">Вариант был: «Ночь весною в Севастополе».</note> потому что «Севастополь <choice><reg>в</reg><orig>въ</orig></choice> <choice><reg>Мае</reg><orig>Маѣ</orig></choice>» <choice><reg>слишком</reg><orig>слишкомъ</orig></choice> явно <choice><reg>указывает</reg><orig>указываетъ</orig></choice> на <choice><reg>дело</reg><orig>дѣло</orig></choice> 10 Мая,<note xml:id="note4" resp="volume_editor" index="false">В ночь с 10 на 11 мая происходило сражение на правом фланге оборонительной линии за наши контр-апроши у кладбища и у карантинной бухты. У кладбища после пятичасового боя неприятельские войска заняли часть контр-апрошей, а у бухты траншеи и ложементы три раза переходили из рук в руки и, наконец, около часа пополуночи были окончательно заняты французами. За ночь у нас выбыло из фронта 2516 человек, а у неприятеля — 2303 чел.</note> а <choice><reg>в</reg><orig>въ</orig></choice> <choice original_editorial_correction='Совр[еменнике]'><sic>Совр</sic><corr><choice><reg>Современнике</reg><orig>Современникѣ</orig></choice></corr></choice> не позволено печатать о военных <choice><reg>делах</reg><orig>дѣлахъ</orig></choice>. <hi>Напшисецкаго я</hi> <choice><reg>заменил</reg><orig>замѣнилъ</orig></choice> <hi><choice><reg>Гнилокишкиным</reg><orig>Гнилокишкинымъ</orig></choice></hi> на <choice><reg>тот</reg><orig>тотъ</orig></choice> случай, ежели цензура <choice><reg>скажет</reg><orig>скажетъ</orig></choice>, что <choice><reg>офицер</reg><orig>офицеръ</orig></choice> не <choice><reg>может</reg><orig>можетъ</orig></choice> <choice><reg>от</reg><orig>отъ</orig></choice> флюса отказываться <choice><reg>от</reg><orig>отъ</orig></choice> службы; тогда это 2 различные офицера.<note xml:id="note5" resp="volume_editor" index="false">См. стр. 25 и 192 4 тома.</note> Польскую фразу, ежели можно <choice><reg>поместить</reg><orig>помѣстить</orig></choice>, то <choice><reg>с</reg><orig>съ</orig></choice> <choice><reg>переводом</reg><orig>переводомъ</orig></choice> <choice><reg>в</reg><orig>въ</orig></choice> <choice><reg>выноске</reg><orig>выноскѣ</orig></choice>, ежели нельзя, то русскую, которая <choice><reg>под</reg><orig>подъ</orig></choice> <choice><reg>знаком</reg><orig>знакомъ</orig></choice> (+).<note xml:id="note6" resp="volume_editor" index="false">См. там же стр. 36 и 204.</note> И еще ругательства <choice><reg>Русския</reg><orig>Русскiя</orig></choice> и <choice><reg>французския</reg><orig>французскiя</orig></choice> нельзя ли означить точками, хотя <choice><reg>без</reg><orig>безъ</orig></choice> <choice><reg>начальных</reg><orig>начальныхъ</orig></choice> <choice><reg>букв</reg><orig>буквъ</orig></choice>, ежели нельзя, но они необходимы.<note xml:id="note7" resp="volume_editor" index="false">См. там же стр. 45, 55, 57 и 214.</note></p>
<p rend="left">Вообще надѣюсь, что Вы будете такъ добры защитить сколько можно мой разсказъ — зная лучше взглядъ цензуры, вставите ужъ впередъ нѣкоторые варіанты, чтобы не разсердить ея и какія-нибудь незначительныя, непредвидѣнныя измѣненія сдѣлаете такъ, чтобы не пострадалъ смыслъ. Очень ожидая отвѣта Вашего на 2 письма моихъ<note xml:id="note8" resp="volume_editor" index="false">Письма от 14 и 16 июня.</note> и еще <choice><reg>раз</reg><orig>разъ</orig></choice> повторяя покорную просьбу покровительствовать и защитить <choice><reg>этот</reg><orig>этотъ</orig></choice> <choice><reg>последний</reg><orig>послѣднiй</orig></choice> <choice><reg>рассказ</reg><orig>разсказъ</orig></choice>,</p>
<p rend="right"><choice><reg>имею</reg><orig>имѣю</orig></choice> честь быть</p>
<p rend="right"><choice><reg>Ваш</reg><orig>Вашъ</orig></choice> <choice><reg>покорнейший</reg><orig>покорнѣйшiй</orig></choice> слуга</p>
<p rend="right">Гр. Л. Толстой.</p>
<p rend="left">4 Іюля 1855 </p>
<p rend="left"><choice><reg>Бельбек</reg><orig>Бельбекъ</orig></choice>.</p>
<p rend="left">№-а <choice><reg>подразделения</reg><orig>подраздѣленiя</orig></choice> и черточки, пожалуйста, также оставьте, <choice><reg>как</reg><orig>какъ</orig></choice> они у меня <choice><reg>в</reg><orig>въ</orig></choice> рукописи.</p>
<lb/>
<p rend="left"><hi>На 1 странице:</hi></p>
<p rend="left">Его <choice><reg>Высокоблагородию</reg><orig>Высокоблагородiю</orig></choice> Ивану Ивановичу Панаеву.</p>
<comments><p rend="Textpetit_otstup left">Печатается по автографу, хранящемуся в ИРЛИ. Впервые опубликовано М. А. Цявловским в «Красной нови», 1928, 9, стр. <hi style="opdelimiter">219—220.</hi><hi style="opnumber">324</hi></p>
<p rend="Textpetit_otstup left"><hi style="npnumber">325</hi><hi style="npdelimiter"><hi>1 </hi>«Севастополь</hi> в мае», писавшийся 18—26 июня.</p>
<p rend="petit left"><hi>2 </hi>Посланная Толстым рукопись в настоящее время находится в ЛБ. По этой рукописи рассказ впервые напечатан лишь в настоящем издании (см. 4 т., стр. 18—59 и 387—392).</p>
<p rend="petit left"><hi>3 </hi>Вариант был: «Ночь весною в Севастополе».</p>
<p rend="petit left"><hi>4 </hi>В ночь с 10 на 11 мая происходило сражение на правом фланге оборонительной линии за наши контр-апроши у кладбища и у карантинной бухты. У кладбища после пятичасового боя неприятельские войска заняли часть контр-апрошей, а у бухты траншеи и ложементы три раза переходили из рук в руки и, наконец, около часа пополуночи были окончательно заняты французами. За ночь у нас выбыло из фронта 2516 человек, а у неприятеля — 2303 чел.</p>
<p rend="petit left"><hi>5 </hi>См. стр. 25 и 192 4 тома.</p>
<p rend="petit left"><hi>6 </hi>См. там же стр. 36 и 204.</p>
<p rend="petit left"><hi>7 </hi>См. там же стр. 45, 55, 57 и 214.</p>
<p rend="petit left"><hi>8 </hi>Письма от 14 и 16 июня.</p>
<p rend="petit left">На это письмо Панаев ответил письмом от 18 июля, которое см. в прим. к п. № 107.</p>
</comments></div></body>
        </text>
        </TEI>