<?xml version='1.0' encoding='UTF-8' standalone='no'?>

<TEI xmlns="http://www.tei-c.org/ns/1.0">
       <teiHeader>
          <fileDesc>
             <titleStmt>
                <title>Письмо №213. Н. А. Костомарову.</title>
             </titleStmt>
             <publicationStmt>
                <publisher>TolstoyLab</publisher>
                <date when="2015-09-14">14 September 2015</date>
             </publicationStmt>
             <sourceDesc>
                <biblStruct>
                   <analytic>
                      <author>Толстой Л.Н.</author>
                   </analytic>
                   <monogr>
                      <title level="m">Полное собрание сочинений. Том 60</title>
                      <imprint>
                         <pubPlace>Москва</pubPlace>
                         <publisher>Государственное издательство "Художественная литература"</publisher>
                         <date when="1949"/>
                      </imprint>
                   </monogr>
                   <series>
                      <title level="s">Л.Н. Толстой. Полное собрание сочинений</title>
                      <biblScope unit="vol">60</biblScope>
                   </series>
                </biblStruct>
				<bibl>Печатается по тексту, опубликованному в статье Д. Успенского «Архивные материалы для биографии Л. Н. Толстого», «Русская мысль», кн. IX, М. 1903, стр. 97, по материалам, хранившимся в Тульском архивном бюро (дело это погибло). Дата указана в статье Успенского, очевидно, по датировке настоящего письма самим Толстым.</bibl>
             </sourceDesc>
          </fileDesc>
          <encodingDesc>
             <tagsDecl> </tagsDecl>
          </encodingDesc>
          <profileDesc>
             <correspDesc>
                <correspAction type="sending">
                   <persName ref="PersonList.xml#L_N_Tolstoy">Л. Н. Толстой</persName>
                   <placeName ref="PlacesListxml#PLACE">Я. П.</placeName>
                   <date when="1861-06-30">1861 г. Июня 30.</date>            </correspAction>
                <correspAction type="receiving">
                   <persName ref="PersonList.xml#RECEIVER">Н. А. Костомарову</persName>
                </correspAction>
                <correspContext>
                   <ref type="prev"/>
                </correspContext>
             </correspDesc>
          </profileDesc>
       </teiHeader>
       <xenoData><number type="in a volume">213</number></xenoData>

              <text xml:id="N.A.Kostomarovu_213">
	<body><div>
		<opener index="false">
213. Н. А. Костомарову.
1861 г. Июня 30. Я. П.</opener>
<p rend="left">Милостивый Государь, Николай Андреевич! ваши люди Алексей Филиппов и Никита Моисеев объявили мне сегодня, что вы хотите, отобрав у них землю, которою они пользовались, взять их на барский двор. Поэтому уведомляю вас, что, согласно Положению об устройстве дворовых людей § 6, они имеют право на надел земли наравне с крестьянами, и, следовательно, вы не можете взять их к себе.<note xml:id="note1" resp="volume_editor" index="false"> По этому делу, вследствие ходатайства Н. А. Костомарова, мировым съездом было постановлено поручить мировому посреднику 3-го участка Фере произвести «дознание на месте о мере справедливости изложенных в письме г. Костомарова обстоятельств». Оказалось, что крестьяне Моисеев и Алексеев по последней ревизии значились дворовыми людьми, а следовательно, надела земли не имеют. Женившись (Моисеев весной 1860 г., Алексеев в январе 1861 г.), они поступили в дом своих тестей и по слабости здоровья последних, с разрешения помещика, отрабатывали за них полевую барщину. Мировой съезд в заседании 3 сентября 1861 г. постановил: «Филипп Алексеев и Никита Моисеев, как дворовые люди, должны быть возвращены к прежним их занятиям с предоставлением помещику их г. Костомарову права, если он пожелает, перевести их на жительство в другое имение; убытки же, понесенные г. Костомаровым, представить ему отыскивать порядком, изложенным в гражданских законах». Настоящее постановление 8 сентября было сообщено крапивенскому исправнику для приведения в исполнение. Но вследствие представления Толстого от 28 октября 1861 г. за № 343 на имя начальника губернии и уездного съезда от 10 января 1861 г. за № 6 настоящее дело перешло на рассмотрение в губернское присутствие.</note> Примите уверение в моем к вам уважении. Гр. Лев <hi style="opdelimiter">Толстой.</hi><hi style="opnumber">396</hi></p>
<p rend="left"><hi style="npnumber">397</hi><hi style="npdelimiter">P.</hi> S. Крестьянин ваш Николай Семенов просил меня о даровании ему льготы для перенесения оставшихся его строений на прежнем месте. Ежели справедливо его показание, что оно перенесено нынешнею весною, то я бы покорнейше просил вас, милостивый государь, исполнить его желание; в противном случае удостоить меня уведомлением о сущности этого дела. С совершенным почтением имею честь быть, ваше превосходительство, покорный слуга гр. Л. Толстой.</p>
<comments><p rend="Textpetit_otstup left">Печатается по тексту, опубликованному в статье Д. Успенского «Архивные материалы для биографии Л. Н. Толстого», «Русская мысль», кн. IX, М. 1903, стр. 97, по материалам, хранившимся в Тульском архивном бюро (дело это погибло). Дата указана в статье Успенского, очевидно, по датировке настоящего письма самим Толстым.</p>
<p rend="petit left">Николай Андреевич Костомаров (ум. в 1863 г.) — генерал-майор, владелец деревни Харинки, Крапивенского уезда Тульской губернии.</p>
<p rend="Textpetit_otstup left"><hi>1</hi> По этому делу, вследствие ходатайства Н. А. Костомарова, мировым съездом было постановлено поручить мировому посреднику 3-го участка Фере произвести «дознание на месте о мере справедливости изложенных в письме г. Костомарова обстоятельств». Оказалось, что крестьяне Моисеев и Алексеев по последней ревизии значились дворовыми людьми, а следовательно, надела земли не имеют. Женившись (Моисеев весной 1860 г., Алексеев в январе 1861 г.), они поступили в дом своих тестей и по слабости здоровья последних, с разрешения помещика, отрабатывали за них полевую барщину. Мировой съезд в заседании 3 сентября 1861 г. постановил: «Филипп Алексеев и Никита Моисеев, как дворовые люди, должны быть возвращены к прежним их занятиям с предоставлением помещику их г. Костомарову права, если он пожелает, перевести их на жительство в другое имение; убытки же, понесенные г. Костомаровым, представить ему отыскивать порядком, изложенным в гражданских законах». Настоящее постановление 8 сентября было сообщено крапивенскому исправнику для приведения в исполнение. Но вследствие представления Толстого от 28 октября 1861 г. за № 343 на имя начальника губернии и уездного съезда от 10 января 1861 г. за № 6 настоящее дело перешло на рассмотрение в губернское присутствие.</p>
</comments></div></body>
        </text>
        </TEI>