<?xml version='1.0' encoding='UTF-8' standalone='no'?>

<TEI xmlns="http://www.tei-c.org/ns/1.0">
       <teiHeader>
          <fileDesc>
             <titleStmt>
                <title>Письмо №163. A. A. Фету.</title>
             </titleStmt>
             <publicationStmt>
                <publisher>TolstoyLab</publisher>
                <date when="2015-09-14">14 September 2015</date>
             </publicationStmt>
             <sourceDesc>
                <biblStruct>
                   <analytic>
                      <author>Толстой Л.Н.</author>
                   </analytic>
                   <monogr>
                      <title level="m">Полное собрание сочинений. Том 60</title>
                      <imprint>
                         <pubPlace>Москва</pubPlace>
                         <publisher>Государственное издательство "Художественная литература"</publisher>
                         <date when="1949"/>
                      </imprint>
                   </monogr>
                   <series>
                      <title level="s">Л.Н. Толстой. Полное собрание сочинений</title>
                      <biblScope unit="vol">60</biblScope>
                   </series>
                </biblStruct>
				<bibl>Впервые опубликовано А. А. Фетом в «Русском обозрении», 1890, I, стр. 20—23, а затем им же в «Моих воспоминаниях», I, стр. 316—318.</bibl>
             </sourceDesc>
          </fileDesc>
          <encodingDesc>
             <tagsDecl> </tagsDecl>
          </encodingDesc>
          <profileDesc>
             <correspDesc>
                <correspAction type="sending">
                   <persName ref="PersonList.xml#L_N_Tolstoy">Л. Н. Толстой</persName>
                   <placeName ref="PlacesListxml#PLACE">Я. П.</placeName>
                   <date when="1860-02-23">1860 г. Февраля 23.</date>            </correspAction>
                <correspAction type="receiving">
                   <persName ref="PersonList.xml#RECEIVER">A. A. Фету</persName>
                </correspAction>
                <correspContext>
                   <ref type="prev"/>
                </correspContext>
             </correspDesc>
          </profileDesc>
       </teiHeader>
       <xenoData><number type="in a volume">163</number></xenoData>

              <text xml:id="A.A.Fetu_163">
	<body><div>
		<opener index="false">
163. A. A. Фету.
1860 г. Февраля 23. Я. П.</opener>
<p rend="right">23 <choice original_editorial_correction='Ф[евраля]'><sic>Ф</sic><corr>Февраля</corr></choice>.</p>
<p rend="left">Ваше письмо ужасно обрадовало меня, любезный друг Афанасий Афанасьевич. Нашему полку прибудет, и прибудет отличный солдат. Я уверен, что вы будете отличный хозяин. Но дело в том, что вам купить?<note xml:id="note1" resp="volume_editor" index="false"> А. А. Фет писал Толстому с просьбой приискать ему землю для фермы (письмо это неизвестно). Об этом же писал и И. П. Борисов в письме от 21—22 января 1860 г.</note> Ферма, о которой я говорил, под Мценском, далеко от меня, и, сколько помню, продавалась за 16 т. Больше ничего о ней не знаю. А есть рядом со мной, межа с межой, продающееся именье в 400 дес. хорошей земли и к несчастью еще с 70 душами скверных крестьян.<note xml:id="note2" resp="volume_editor" index="false"> Речь идет о продававшемся имении Телятинки, расположенном в 3 км. от Ясной Поляны и принадлежавшем тогда А. Н. Бибикову.</note> Но это не беда, крестьяне охотно будут платить оброк, как у меня, 30 р. с тягла; с 23 т. — 660 и не менее ежели не более должно <choice original_editorial_correction='получи[ться]'><sic>получи</sic><corr>получиться</corr></choice> при <choice original_editorial_correction='освобожден[ии]'><sic>освобожден</sic><corr>освобождении</corr></choice>, и у вас останется 40 дес. в поле, в 4-х полях неистощенной земли и лугов около 20 дес., что должно давать около 2000 р. дохода, итого 2500, а за именье просят 24000, без вычета долга, которого должно быть около 5000. Местоположение и по живописности, и по близости шоссе и Тулы очень хорошо, грунт хороший суглинок. Именье расстроенное, т. е. усадьба старая, разломанная, однако есть дом и сад. Всё это надо сделать заново. Во всяком случае за 20 т. купить это именье выгодно. Для вас же выгода особенная та, что у вас во мне есть вечный надсмотрщик. Об остальном не говорю. Ежели же вам это не понравится, я вам своей земли продам десятин сто, или спросите у брата Николая, не продаст ли он Александровку.<note xml:id="note3" resp="volume_editor" index="false"> Александровка — выселки села Никольского.</note> Но, право, стараясь забыть совершенно личные выгоды, лучше всего вам купить Телятинки (то, что продается рядом со мной). Продавец разорившийся старик,<note xml:id="note4" resp="volume_editor" index="false"> Александр Николаевич Бибиков (1827—1886) — помещик, сосед Толстых. Жил в своем имении Телятинки.</note> который хочет продать поскорее, чтобы избавиться от зятя,<note xml:id="note5" resp="volume_editor" index="false"> Зять — Семен Николаевич Морсошников, брат первой жены Бибикова Натальи Николаевны. Женат на сестре Бибикова — Ольге Николаевне.</note> и два раза присылал ко мне. Расчет, который я сделал вначале, есть расчет того, что даст это именье, ежели положить на него тысяч 5 капитала и года два труда; но в теперешнем положеньи все-таки можно отвечать за 1500 р., следовательно более 7. Есть еще мой хутор в 10 вер. от меня, 120 дес., но там жить нехорошо, нет воды и леса. Отвечайте мне поскорей и подробнее, сколько денег вы намерены употребить на именье? Это главное. — Прочел я Накануне.<note xml:id="note6" resp="volume_editor" index="false"> «Накануне» — роман И. С. Тургенева, напечатанный в № 1 «Русского вестника» 1860 г.</note> Вот мое мнение: писать повести вообще напрасно, а еще более таким людям, которым грустно, и которые не знают хорошенько, <hi style="opdelimiter">чего</hi><hi style="opnumber">324</hi> <hi style="npnumber">325</hi><hi style="npdelimiter">они</hi> хотят от жизни. Впрочем «Накануне» много лучше «<choice original_editorial_correction='Дв[орянского]'><sic>Дв</sic><corr>Дворянского</corr></choice> Гнезда»,<note xml:id="note7" resp="volume_editor" index="false"> «Дворянское гнездо» — роман И. С. Тургенева, напечатанный в № 1 «Современника» 1859 г.</note> и есть в нем отрицательные лица превосходные — художник и отец. Другие же не только не типы, но даже замысел их, положение их не типическое, или уж они совсем пошлы. Впрочем, это всегдашняя ошибка Тургенева. Девица — из рук вон плоха<note xml:id="note8" resp="volume_editor" index="false"> Героиня романа Елена.</note> — <hi>ах, как я тебя люблю</hi>... <hi>у ней ресницы были длинные</hi>... Вообще меня всегда удивляет в Тургеневе, как он с своим умом и поэтическим чутьем не умеет удержаться от банальности, даже до приемов. — Больше всего этой банальности в отрицательных приемах, напоминающих Гоголя. Нет человечности и участия к лицам, а представляются уроды, которых автор бранит, а не жалеет. Это как-то больно жюрирует с тоном и смыслом либерализма всего остального. Это хорошо было при Царе Горохе и при Гоголе (да и еще надо сказать, что, ежели не жалеть своих самых ничтожных лиц, надо их уж ругать так, чтобы небу жарко было, или смеяться над ними так, чтобы животики подвело), а не так, как одержимый хандрою и диспепсией Тургенев. — Вообще же сказать, никому не написать теперь такой повести, несмотря на то, что она успеха<note xml:id="note9" resp="volume_editor" index="false"><hi> Слова</hi>: она успеха <hi>переделены из</hi>: по тупости</note> иметь не будет. Гроза Островского<note xml:id="note10" resp="volume_editor" index="false"> «Гроза» — драма A. H. Островского; была напечатана в январской книге «Библиотеки для чтения».</note> же есть по моему плачевное сочинение, а будет иметь успех. — Не Островский и не Тургенев виноваты, а время. Теперь долго не родится тот человек, который бы сделал в поэтическом мире то, что сделал Булгарин.<note xml:id="note11" resp="volume_editor" index="false"> Фаддей Венедиктович Булгарин (1789—1859) — реакционный журналист и беллетрист эпохи Николая I, издатель совместно с Гречем и редактор единственной частной ежедневной газеты «Северная пчела» — органа крепостнического дворянства, высшей бюрократии и III отделения. Идеолог воинствующей реакции, агент полиции, доносчик и грязный пасквилянт, Булгарин справедливо заслужил глубокое презрение и ненависть в радикальных слоях русской интеллигенции. Будучи близок к группам передовой молодежи 20-х гг., Булгарин после разгрома революционных кружков и 14 декабря 1825 г. сделался ренегатом, смыл «вину» выдачей декабриста Кюхельбекера и служение николаевской монархии превратил в цель и программу своей литературно-общественной деятельности.</note> А любителям антиков, к которым и я принадлежу, никто не мешает читать серьезно стихи и повести и серьезно толковать о них. Другое теперь нужно. Не нам нужно учиться, а нам нужно Марфутку и Тараску выучить хоть немножко того, что мы знаем. Прощайте, любезный друг. Миллион просьб. Забыл я, как зовут немецкой libraire<note xml:id="note12" resp="volume_editor" index="false"> [книгопродавец]. Речь идет о книгопродавце Дейбнере, см. т. 48.</note> на Кузнецком мосту, налево снизу наверху. Он мне посылает книги, зайдите к нему и спросите: 1) что я ему должен,</p>
<p rend="left">2) отчего он давно не посылает мне ничего нового? и выберите у него и пришлите мне, посоветовавшись с Пикулиным,<note xml:id="note13" resp="volume_editor" index="false"> Павел Лукич Пикулин (1822—1885) — адъюнкт терапевтического отделения Госпитальной клиники при Московском университете.</note> что есть хорошего из лечебников людских для невежд, и еще лечебников ветеринарных (до 10 р. с.). Спросите у брата Сергея, заказал ли он мне плуги, ежели нет, то зайдите к машинисту Вильсону<note xml:id="note14" resp="volume_editor" index="false"> См. прим. 1 к п. № 140.</note> и спросите, есть ли или когда могут быть готовы 6 плугов Старбука?<note xml:id="note15" resp="volume_editor" index="false"> Старбук — система плугов.</note></p>
<p rend="left">Спросите в магазине семянном Меера<note xml:id="note16" resp="volume_editor" index="false"> Мейера — семенная торговля.</note> на Лубянке, почем семена клевера и Тимофеевой травы. Я хочу <hi style="opdelimiter">продать.</hi><hi style="opnumber">325</hi></p>
<p rend="left"><hi style="npnumber">326</hi><hi style="npdelimiter">Что</hi> стоит коновальской лучший инструмент? —</p>
<p rend="left">Что стоят пара ланцетов людских и банки?</p>
<p rend="left">Кое что из этого может возьмет на себя труд сделать милейший <choice original_editorial_correction='И[ван]'><sic>И</sic><corr>Иван</corr></choice> <choice original_editorial_correction='П[етрович]'><sic>П</sic><corr>Петрович</corr></choice>,<note xml:id="note17" resp="volume_editor" index="false"> И. П. Борисов.</note> которого обнимаю. <choice original_editorial_correction='М[арье]'><sic>М</sic><corr>Марье</corr></choice> <choice original_editorial_correction='П[етровне]'><sic>П</sic><corr>Петровне</corr></choice> целую руку. Тетушка благодарит за память и кланяется.</p>
<comments><p rend="Textpetit_otstup left">Впервые опубликовано А. А. Фетом в «Русском обозрении», 1890, I, стр. 20—23, а затем им же в «Моих воспоминаниях», I, стр. 316—318.</p>
<p rend="Textpetit_otstup left"><hi>1</hi> А. А. Фет писал Толстому с просьбой приискать ему землю для фермы (письмо это неизвестно). Об этом же писал и И. П. Борисов в письме от 21—22 января 1860 г.</p>
<p rend="petit left"><hi>2</hi> Речь идет о продававшемся имении Телятинки, расположенном в 3 км. от Ясной Поляны и принадлежавшем тогда А. Н. Бибикову.</p>
<p rend="petit left"><hi>3</hi> Александровка — выселки села Никольского.</p>
<p rend="petit left"><hi>4</hi> Александр Николаевич Бибиков (1827—1886) — помещик, сосед Толстых. Жил в своем имении Телятинки.</p>
<p rend="petit left"><hi>5</hi> Зять — Семен Николаевич Морсошников, брат первой жены Бибикова Натальи Николаевны. Женат на сестре Бибикова — Ольге Николаевне.</p>
<p rend="petit left"><hi>6</hi> «Накануне» — роман И. С. Тургенева, напечатанный в № 1 «Русского вестника» 1860 г.</p>
<p rend="petit left"><hi>7</hi> «Дворянское гнездо» — роман И. С. Тургенева, напечатанный в № 1 «Современника» 1859 г.</p>
<p rend="petit left"><hi>8</hi> Героиня романа Елена.</p>
<p rend="petit left"><hi>9</hi><hi> Слова</hi>: она успеха <hi>переделены из</hi>: по тупости</p>
<p rend="petit left"><hi>10</hi> «Гроза» — драма A. H. Островского; была напечатана в январской книге «Библиотеки для чтения».</p>
<p rend="petit left"><hi>11</hi> Фаддей Венедиктович Булгарин (1789—1859) — реакционный журналист и беллетрист эпохи Николая I, издатель совместно с Гречем и редактор единственной частной ежедневной газеты «Северная пчела» — органа крепостнического дворянства, высшей бюрократии и III отделения. Идеолог воинствующей реакции, агент полиции, доносчик и грязный пасквилянт, Булгарин справедливо заслужил глубокое презрение и ненависть в радикальных слоях русской интеллигенции. Будучи близок к группам передовой молодежи 20-х гг., Булгарин после разгрома революционных кружков и 14 декабря 1825 г. сделался ренегатом, смыл «вину» выдачей декабриста Кюхельбекера и служение николаевской монархии превратил в цель и программу своей литературно-общественной деятельности.</p>
<p rend="petit left"><hi>12</hi> [книгопродавец]. Речь идет о книгопродавце Дейбнере, см. т. 48.</p>
<p rend="petit left"><hi>13</hi> Павел Лукич Пикулин (1822—1885) — адъюнкт терапевтического отделения Госпитальной клиники при Московском университете.</p>
<p rend="petit left"><hi>14</hi> См. прим. 1 к п. № 140.</p>
<p rend="petit left"><hi>15</hi> Старбук — система плугов.</p>
<p rend="petit left"><hi>16</hi> Мейера — семенная торговля.</p>
<p rend="petit left"><hi>17</hi> И. П. Борисов.</p>
<p rend="emptyline left"><hi style="opnumber">326</hi> <hi style="npnumber">327</hi></p>
</comments></div></body>
        </text>
        </TEI>