<?xml version='1.0' encoding='UTF-8' standalone='no'?>

<TEI xmlns="http://www.tei-c.org/ns/1.0">
       <teiHeader>
          <fileDesc>
             <titleStmt>
                <title>Письмо №* 358. Н. Н. Страхову.</title>
             </titleStmt>
             <publicationStmt>
                <publisher>TolstoyLab</publisher>
                <date when="2015-09-14">14 September 2015</date>
             </publicationStmt>
             <sourceDesc>
                <biblStruct>
                   <analytic>
                      <author>Толстой Л.Н.</author>
                   </analytic>
                   <monogr>
                      <title level="m">Полное собрание сочинений. Том 61</title>
                      <imprint>
                         <pubPlace>Москва</pubPlace>
                         <publisher>Государственное издательство "Художественная литература"</publisher>
                         <date when="1953"/>
                      </imprint>
                   </monogr>
                   <series>
                      <title level="s">Л.Н. Толстой. Полное собрание сочинений</title>
                      <biblScope unit="vol">61</biblScope>
                   </series>
                </biblStruct>
             </sourceDesc>
          </fileDesc>
          <encodingDesc>
             <tagsDecl> </tagsDecl>
          </encodingDesc>
          <profileDesc>
             <correspDesc>
                <correspAction type="sending">
                   <persName ref="PersonList.xml#L_N_Tolstoy">Л. Н. Толстой</persName>
                   <placeName ref="PlacesListxml#PLACE">Я. П.</placeName>
                   <date when="1872-01-16">1872 г. Января 16.</date>            </correspAction>
                <correspAction type="receiving">
                   <persName ref="PersonList.xml#RECEIVER">Н. Н. Страхову</persName>
                </correspAction>
                <correspContext>
                   <ref type="prev"/>
                </correspContext>
             </correspDesc>
          </profileDesc>
       </teiHeader>
       <xenoData><number type="in a volume">358</number></xenoData>

              <text xml:id="H__N__Straxovu_358">
	<body><div>
		<opener index="false">
* 358. Н. Н. Страхову.
1872 г. Января 16...17. Я. П.
</opener>
<p rend="Obrashenie left">Многоуважаемый Николай Николаич!</p>
<p rend="left">Я написал азбуку или книжку для чтения и печатаю. Редактор Беседы — Юрьев просит меня дать ему для напечатания одну повесть.<note xml:id="note1" resp="volume_editor" index="false"> В середине января 1872 г. в Ясную Поляну приезжал секретарь «Беседы», Н. В. Лысцов, с письмом от редактора журнала, С. А. Юрьева, в котором тот просил Толстого дать обещанную в журнал статью (см. статью Лысцова «Из литературных воспоминаний» — «Русские ведомости», 1903, № 20 от 20 января).</note> Я отвечал, что не могу дать прежде чем в Зарю: я так обещал. Будьте так добры, напишите мне, нужно ли вам в Зарю повесть или рассказ из Азбуки и, если нужно, то я пришлю вам, и вы, если вам годится — возьмете.<note xml:id="note2" resp="volume_editor" index="false"> Речь идет о рассказе, представляющем собою переделку отрывка «Войны и мира» (рассказ Каратаева) (см. «Война и мир», т. <hi style="opdelimiter">VI,</hi><hi style="opnumber">270</hi> <hi style="npnumber">271</hi><hi style="npdelimiter">ч.</hi> I, гл. XIII первого и т. IV, ч. III, гл. XIII настоящего издания). Толстой озаглавил свой рассказ «Бог правду видит, да не скоро скажет».</note></p>
<p rend="left">Давно не видал, не слыхал и не читал вас, о чем очень жалею. Напишите, что вы делаете? Я очень занят и доволен работой. —</p>
<p rend="right">Ваш Л. Толстой.</p>
<comments><p rend="Textpetit_otstup left">Одна фраза опубликована в Г, II, стр. 130.</p>
<p rend="petit left">На автографе пометка Н. Н. Страхова: «17 янв. 1872 г.».</p>
<p rend="Textpetit_otstup left"><hi>1</hi> В середине января 1872 г. в Ясную Поляну приезжал секретарь «Беседы», Н. В. Лысцов, с письмом от редактора журнала, С. А. Юрьева, в котором тот просил Толстого дать обещанную в журнал статью (см. статью Лысцова «Из литературных воспоминаний» — «Русские ведомости», 1903, № 20 от 20 января).</p>
<p rend="petit left"><hi>2</hi> Речь идет о рассказе, представляющем собою переделку отрывка «Войны и мира» (рассказ Каратаева) (см. «Война и мир», т. <hi style="opdelimiter">VI,</hi><hi style="opnumber">270</hi> <hi style="npnumber">271</hi><hi style="npdelimiter">ч.</hi> I, гл. XIII первого и т. IV, ч. III, гл. XIII настоящего издания). Толстой озаглавил свой рассказ «Бог правду видит, да не скоро скажет».</p>
<p rend="petit left">Рассказ был напечатан в «Беседе», 1872, 3, стр. 5—12.</p>
</comments></div></body>
        </text>
        </TEI>