<?xml version='1.0' encoding='UTF-8' standalone='no'?>

<TEI xmlns="http://www.tei-c.org/ns/1.0">
       <teiHeader>
          <fileDesc>
             <titleStmt>
                <title>Письмо №* 229. Т. А. Ергольской.</title>
             </titleStmt>
             <publicationStmt>
                <publisher>TolstoyLab</publisher>
                <date when="2015-09-14">14 September 2015</date>
             </publicationStmt>
             <sourceDesc>
                <biblStruct>
                   <analytic>
                      <author>Толстой Л.Н.</author>
                   </analytic>
                   <monogr>
                      <title level="m">Полное собрание сочинений. Том 60</title>
                      <imprint>
                         <pubPlace>Москва</pubPlace>
                         <publisher>Государственное издательство "Художественная литература"</publisher>
                         <date when="1949"/>
                      </imprint>
                   </monogr>
                   <series>
                      <title level="s">Л.Н. Толстой. Полное собрание сочинений</title>
                      <biblScope unit="vol">60</biblScope>
                   </series>
                </biblStruct>
             </sourceDesc>
          </fileDesc>
          <encodingDesc>
             <tagsDecl> </tagsDecl>
          </encodingDesc>
          <profileDesc>
             <correspDesc>
                <correspAction type="sending">
                   <persName ref="PersonList.xml#L_N_Tolstoy">Л. Н. Толстой</persName>
                   <placeName ref="PlacesListxml#PLACE">Москва.</placeName>
                   <date when="1862-01-18">1862 г. Января 18.</date>            </correspAction>
                <correspAction type="receiving">
                   <persName ref="PersonList.xml#RECEIVER">Т. А. Ергольской</persName>
                </correspAction>
                <correspContext>
                   <ref type="prev"/>
                </correspContext>
             </correspDesc>
          </profileDesc>
       </teiHeader>
       <xenoData><number type="in a volume">229</number></xenoData>

              <text xml:id="T.A.Ergolskoj_229">
	<body><div>
		<opener index="false">
* 229. Т. А. Ергольской.
1862 г. Января 18. Москва.
</opener><p rend="right">18 Января.</p>

<p rend="Obrashenie left">Chère tante!<note xml:id="note1" resp="volume_editor" index="false"> [Дорогая тетенька!]</note></p>
<p rend="left">Дела всё задерживают меня, и я едва ли успею закончить издание раньше половины будущей недели. — Цензура, кажется, много помешает и испортит. Здоровье мое хорошо; <hi style="opdelimiter">но</hi><hi style="opnumber">413</hi> <hi style="npnumber">414</hi><hi style="npdelimiter">скучно</hi> ужасно, и хочется домой. Скажите пожалуйста, чтобы Воейков дал новым учителям рублей 15 денег. <choice original_editorial_correction='Ал[ексею]'><sic>Ал</sic><corr>Алексею</corr></choice> <choice original_editorial_correction='П[авлович]у'><sic>Пу</sic><corr>Павловичу</corr></choice><note xml:id="note2" resp="volume_editor" index="false"> А. П. Соколов.</note> скажите пожалуйста, что описать я ему всего не успею, а умоляю его и всех приготавливать статьи ко 2-му №-у. Письмо ваше я получил вчера. Что Сережа и посредничество?<note xml:id="note3" resp="volume_editor" index="false"> В отсутствие Л. Н. Толстого его замещал, в качестве кандидата мирового посредника, его брат Сергей Николаевич.</note> Напишите мне еще пожалуйста. Всем кланяюсь и целую ваши руки.</p>
<p rend="right">Л. Толстой.</p>
<comments><p rend="Textpetit_otstup left">Год определяется содержанием: Толстой приехал в Москву хлопотать о цензурном разрешении первого номера журнала «Ясная Поляна».</p>
<p rend="Textpetit_otstup left"><hi>1</hi> [Дорогая тетенька!]</p>
<p rend="petit left"><hi>2</hi> А. П. Соколов.</p>
<p rend="petit left"><hi>3</hi> В отсутствие Л. Н. Толстого его замещал, в качестве кандидата мирового посредника, его брат Сергей Николаевич.</p>
</comments></div></body>
        </text>
        </TEI>