<?xml version='1.0' encoding='UTF-8' standalone='no'?>

<TEI xmlns="http://www.tei-c.org/ns/1.0">
       <teiHeader>
          <fileDesc>
             <titleStmt>
                <title>Письмо №129. В. П. Боткину.</title>
             </titleStmt>
             <publicationStmt>
                <publisher>TolstoyLab</publisher>
                <date when="2015-09-14">14 September 2015</date>
             </publicationStmt>
             <sourceDesc>
                <biblStruct>
                   <analytic>
                      <author>Толстой Л.Н.</author>
                   </analytic>
                   <monogr>
                      <title level="m">Полное собрание сочинений. Том 60</title>
                      <imprint>
                         <pubPlace>Москва</pubPlace>
                         <publisher>Государственное издательство "Художественная литература"</publisher>
                         <date when="1949"/>
                      </imprint>
                   </monogr>
                   <series>
                      <title level="s">Л.Н. Толстой. Полное собрание сочинений</title>
                      <biblScope unit="vol">60</biblScope>
                   </series>
                </biblStruct>
				<bibl>Впервые опубликовано в ТПТ, 5, стр. 64—65. Датируется предположительно «5—8? апреля», так как 5 апреля Толстой кончил «Семейное счастье», а 9-го уехал в Ясную Поляну (см. след. письмо).</bibl>
             </sourceDesc>
          </fileDesc>
          <encodingDesc>
             <tagsDecl> </tagsDecl>
          </encodingDesc>
          <profileDesc>
             <correspDesc>
                <correspAction type="sending">
                   <persName ref="PersonList.xml#L_N_Tolstoy">Л. Н. Толстой</persName>
                   <placeName ref="PlacesListxml#PLACE">Москва.</placeName>
                   <date from="1859-04-05" to="1859-04-08">1859 г. Апреля 5 — 8?</date>            </correspAction>
                <correspAction type="receiving">
                   <persName ref="PersonList.xml#RECEIVER">В. П. Боткину</persName>
                </correspAction>
                <correspContext>
                   <ref type="prev"/>
                </correspContext>
             </correspDesc>
          </profileDesc>
       </teiHeader>
       <xenoData><number type="in a volume">129</number></xenoData>

              <text xml:id="V.P.Botkinu_129">
	<body><div>
		<opener index="false">
129. В. П. Боткину.
1859 г. Апреля 5—8? Москва.
</opener><p rend="left">Обдумав здраво, я вижу, что решительно неприлично мне отдавать на оценку свою вещь Каткову,<note xml:id="note1" resp="volume_editor" index="false"> Речь идет о «Семейном счастье», предназначавшемся для журнала М. Н. Каткова «Русский вестник».</note> а потому не пишите ему ничего. А ежели уже хотите писать, то напишите, <hi style="opdelimiter">что</hi><hi style="opnumber">284</hi> <hi style="npnumber">285</hi><hi style="npdelimiter">я</hi> желаю знать: желает ли он, да или нет, иметь мою повесть по 250 р. за лист? Не считайте меня ветренником, любезный Василий Петрович; я не хватился у вас, а теперь только обдумал, что это решительно ни на что не похоже и <hi>невозможно</hi>.</p>
<p rend="right">Ваш Л. Толстой.</p>
<p rend="left">Вам я приеду читать ее завтра, но ежели Катков хочет слышать или прочесть ее, то или он должен прежде согласиться на мои условия, или отказаться от повести.</p>
<comments><p rend="Textpetit_otstup left">Впервые опубликовано в ТПТ, 5, стр. 64—65. Датируется предположительно «5—8? апреля», так как 5 апреля Толстой кончил «Семейное счастье», а 9-го уехал в Ясную Поляну (см. след. письмо).</p>
<p rend="Textpetit_otstup left"><hi>1</hi> Речь идет о «Семейном счастье», предназначавшемся для журнала М. Н. Каткова «Русский вестник».</p>
</comments></div></body>
        </text>
        </TEI>