<?xml version='1.0' encoding='UTF-8' standalone='no'?>

<TEI xmlns="http://www.tei-c.org/ns/1.0">
       <teiHeader>
          <fileDesc>
             <titleStmt>
                <title>Письмо №183. Гр. А. А. Толстой.</title>
             </titleStmt>
             <publicationStmt>
                <publisher>TolstoyLab</publisher>
                <date when="2015-09-14">14 September 2015</date>
             </publicationStmt>
             <sourceDesc>
                <biblStruct>
                   <analytic>
                      <author>Толстой Л.Н.</author>
                   </analytic>
                   <monogr>
                      <title level="m">Полное собрание сочинений. Том 60</title>
                      <imprint>
                         <pubPlace>Москва</pubPlace>
                         <publisher>Государственное издательство "Художественная литература"</publisher>
                         <date when="1949"/>
                      </imprint>
                   </monogr>
                   <series>
                      <title level="s">Л.Н. Толстой. Полное собрание сочинений</title>
                      <biblScope unit="vol">60</biblScope>
                   </series>
                </biblStruct>
				<bibl>Впервые опубликовано в ПТ, № 29.</bibl>
             </sourceDesc>
          </fileDesc>
          <encodingDesc>
             <tagsDecl> </tagsDecl>
          </encodingDesc>
          <profileDesc>
             <correspDesc>
                <correspAction type="sending">
                   <persName ref="PersonList.xml#L_N_Tolstoy">Л. Н. Толстой</persName>
                   <placeName ref="PlacesListxml#PLACE">Гиер.</placeName>
                   <date when="1860-10-17">1860 г. Октября 17</date>            </correspAction>
                <correspAction type="receiving">
                   <persName ref="PersonList.xml#RECEIVER">Гр. А. А. Толстой</persName>
                </correspAction>
                <correspContext>
                   <ref type="prev"/>
                </correspContext>
             </correspDesc>
          </profileDesc>
       </teiHeader>
       <xenoData><number type="in a volume">183</number></xenoData>

              <text xml:id="gr.A.A.Tolstoj_183">
	<body><div>
		<opener index="false">
183. Гр. А. А. Толстой.
1860 г. Октября 17/29. Гиер.</opener>
<p rend="right">17/29 Октября.</p>
<p rend="left">Я вас потерял из виду, любезный друг Alexandrine, потому что уехал за границу с сестрой, и главное, за братом Николаем, который осенью заболел, и вот скоро месяц, что умер. А никогда мне так нужно вас не было, как это время. Два месяца я час за часом следил за его погасанием, и он умер буквально на моих руках. Мало того, что это один из лучших людей, которых я встречал в жизни, что он был брат, что с ним связаны лучшие воспоминания моей жизни, — это был лучший мой друг. Тут разговаривать нечего; вы, может быть, это знаете, но не так, как я; не то, что половина жизни оторвана, но вся энергия жизни с ним похоронена. Не зачем жить, коли он умер — и умер мучительно; так что же тебе будет? — Еще хуже. — Вам хорошо, ваши мертвые живут там, вы свидитесь с ними (хотя мне всегда кажется, что искренно нельзя этому верить — было бы слишком хорошо); а мои мертвые исчезли, как сгоревшее дерево. Вот уж месяц, я стараюсь работать, опять писать, что я было бросил, но самому смешно. В Россию ехать не зачем. Тут я живу, тут могу и жить. Кстати сестра здесь с детьми. Я вам пишу не для того, чтобы вы утешали меня. Пожалуйста, не пишите мне ничего обо мне; пожалуйста, ничего не пишите. Пишите о себе, о России, о делах наших, о вашей матушке, сестре, княжнах.</p>
<p rend="left">Я говорил сестре, как в горе узнаются друзья, — не так, как это думают, что они помогают, но потому что в горе только воспоминанья о лучших людях всплывают наружу. Не было дня, чтобы я не вспоминал про вас, и что бы я дал, чтобы последние дни на секундочку увидать <hi style="opdelimiter">вас.</hi><hi style="opnumber">356</hi></p>
<p rend="left"><hi style="npnumber">357</hi><hi style="npdelimiter">Прощайте.</hi> Тетушка мне пишет, что получила ваше письмо, но не посылает его ко мне.</p>
<p rend="left">Адрес мой: France. Hyères, maison Sénéquier.<note xml:id="note1" resp="volume_editor" index="false"> [Франция. Гиер, дом Сенекье.]</note></p>
<p rend="right">Л. Толстой.</p>
<comments><p rend="Textpetit_otstup left">Впервые опубликовано в ПТ, № 29.</p>
<p rend="Textpetit_otstup left"><hi>1</hi> [Франция. Гиер, дом Сенекье.]</p>
<p rend="petit left">А. А. Толстая отвечала письмом от 31 октября 1860 г. (см. ПТ, стр. 142).</p>
</comments></div></body>
        </text>
        </TEI>