<?xml version='1.0' encoding='UTF-8' standalone='no'?>

<TEI xmlns="http://www.tei-c.org/ns/1.0">
       <teiHeader>
          <fileDesc>
             <titleStmt>
                <title>Письмо №* 299. A. A. Фету.</title>
             </titleStmt>
             <publicationStmt>
                <publisher>TolstoyLab</publisher>
                <date when="2015-09-14">14 September 2015</date>
             </publicationStmt>
             <sourceDesc>
                <biblStruct>
                   <analytic>
                      <author>Толстой Л.Н.</author>
                   </analytic>
                   <monogr>
                      <title level="m">Полное собрание сочинений. Том 61</title>
                      <imprint>
                         <pubPlace>Москва</pubPlace>
                         <publisher>Государственное издательство "Художественная литература"</publisher>
                         <date when="1953"/>
                      </imprint>
                   </monogr>
                   <series>
                      <title level="s">Л.Н. Толстой. Полное собрание сочинений</title>
                      <biblScope unit="vol">61</biblScope>
                   </series>
                </biblStruct>
             </sourceDesc>
          </fileDesc>
          <encodingDesc>
             <tagsDecl> </tagsDecl>
          </encodingDesc>
          <profileDesc>
             <correspDesc>
                <correspAction type="sending">
                   <persName ref="PersonList.xml#L_N_Tolstoy">Л. Н. Толстой</persName>
                   <placeName ref="PlacesListxml#PLACE">Я. П.</placeName>
                   <date when="1870-01-14">1870 г. Января 14.</date>            </correspAction>
                <correspAction type="receiving">
                   <persName ref="PersonList.xml#RECEIVER">A. A. Фету</persName>
                </correspAction>
                <correspContext>
                   <ref type="prev"/>
                </correspContext>
             </correspDesc>
          </profileDesc>
       </teiHeader>
       <xenoData><number type="in a volume">299</number></xenoData>

              <text xml:id="A__A__Fetu_299">
	<body><div>
		<opener index="false">
* 299. A. A. Фету.
1870 г. Января 14. Я. П.</opener>
<p rend="left">Вы опять, злой человек, не заехали ко мне. Хотя это так легко было сделать. Получил ваше длинное и славное письмо и душою радовался, читая его,<note xml:id="note1" resp="volume_editor" index="false"> В письме от 1 января Фет восторженно отзывался о романе «Война и мир». Отрицательно отнесся он лишь к «натурализму» в изображении Наташи.</note> и еще более возгорел желанием вас видеть. На днях Дьяков сказал мне, что вы проехали, и теперь уж я непременно приеду к вам. —</p>
<p rend="left">Мне так много надо говорить с вами, что писать ничего не хочется. Если вы дома, и оба здоровы, т. е. можете принять меня, то напишите мне, когда вы хотите, чтобы я приехал, и тогда я приеду. У меня нет нового расписания поездов, поэтому сообразите выезд и приезд мои, как хотите, и так напишите. —</p>
<p rend="left">Жена посылает поклон Марье <choice original_editorial_correction='Петров[не]'><sic>Петров</sic><corr>Петровне</corr></choice>, а я говорю: до <choice original_editorial_correction='свидан[ья]'><sic>свидан</sic><corr>свиданья</corr></choice>.</p>
<p rend="right">Ваш Л. Толстой.</p>
<p rend="left">14 января.</p>
<comments><p rend="Textpetit_otstup left">Год определяется письмом Фета от 1 января 1870 г., на которое отвечает Толстой.</p>
<p rend="Textpetit_otstup left"><hi>1</hi> В письме от 1 января Фет восторженно отзывался о романе «Война и мир». Отрицательно отнесся он лишь к «натурализму» в изображении Наташи.</p>
</comments></div></body>
        </text>
        </TEI>