<?xml version='1.0' encoding='UTF-8' standalone='no'?>

<TEI xmlns="http://www.tei-c.org/ns/1.0">
       <teiHeader>
          <fileDesc>
             <titleStmt>
                <title>Письмо №443. М. H., В. П. и H. Н. Толстым.</title>
             </titleStmt>
             <publicationStmt>
                <publisher>TolstoyLab</publisher>
                <date when="2015-09-14">14 September 2015</date>
             </publicationStmt>
             <sourceDesc>
                <biblStruct>
                   <analytic>
                      <author>Толстой Л.Н.</author>
                   </analytic>
                   <monogr>
                      <title level="m">Полное собрание сочинений. Том 61</title>
                      <imprint>
                         <pubPlace>Москва</pubPlace>
                         <publisher>Государственное издательство "Художественная литература"</publisher>
                         <date when="1953"/>
                      </imprint>
                   </monogr>
                   <series>
                      <title level="s">Л.Н. Толстой. Полное собрание сочинений</title>
                      <biblScope unit="vol">61</biblScope>
                   </series>
                </biblStruct>
             </sourceDesc>
          </fileDesc>
          <encodingDesc>
             <tagsDecl> </tagsDecl>
          </encodingDesc>
          <profileDesc>
             <correspDesc>
                <correspAction type="sending">
                   <persName ref="PersonList.xml#L_N_Tolstoy">Л. Н. Толстой</persName>
                   <placeName ref="PlacesListxml#PLACE">Петербург.</placeName>
                   <date when="1855-11-30">1855 г. Ноября 30.</date>            </correspAction>
                <correspAction type="receiving">
                   <persName ref="PersonList.xml#RECEIVER">М. H., В. П. и H. Н. Толстым</persName>
                </correspAction>
                <correspContext>
                   <ref type="prev"/>
                </correspContext>
             </correspDesc>
          </profileDesc>
       </teiHeader>
       <xenoData><number type="in a volume">443</number></xenoData>

              <text xml:id="l_443">
	<body><div>
		<opener index="false">
443. М. H., В. П. и H. Н. Толстым.
1855 г. Ноября 30. Петербург.</opener>
<p rend="right">30 Nоября. Петербург.</p>
<p rend="left">Получив ваши письма, милые друзья, я тотчас же было собрался, с тем, чтобы, увидав Николиньку,<hi>1</hi> потолковав с ним до полусыта, съездив с ним к Мите в Орел<hi>2</hi> и проводив его <hi style="opdelimiter">на</hi><hi style="opnumber">370</hi> <hi style="npnumber">371</hi><hi style="npdelimiter">Кавказ,</hi> вернуться в Петербург; но первый день задержала меня одна приятная и нужная беседа с литераторами, которую я не хотел пропустить, а на 2-й день случилось такое обстоятельство, которое, хотя не слишком важное, сделало мой отъезд дней на 9 совершенно невозможным, и я решился подождать эти 9 дней и потом совершенно распроститься с Петербургом. — Как вам не стыдно, милые друзья, так небрежно написать мне про Митю. Что и как, чем он болен? Ради бога с первой же почтой успокойте меня на его счет. И 2) к тебе, Николинька. Где ты был? Зачем ты приехал? Когда ты уже непременно должен уехать? Признаюсь вам откровенно, что мне здесь очень хорошо. Я наслаждаюсь двумя вещами, которых я долго был лишен и которые здесь нашел — удобства жизни и умную беседу. — Но, к несчастью, я чувствую, что я уж <hi>слишком</hi> отстал от них — в гостиной мне хочется развалиться, снять ш.... и сморкаться в руку, а в умной беседе хочется соврать глупость. — Лучшее средство узнавать себя и даже единственное — примерять к разным обществам, только по этому узнаешь собственный рост. — Прощайте, до свиданья, милые друзья. <hi>В карты я не играл!</hi> Кум<hi>3</hi> твой, Маша, сам пишет,<hi>4</hi> потому про него ничего не пишу, а рассказывать буду много.</p>
<p rend="left">Не думайте ради бога, чтобы обстоятельство, задержавшее меня на 9 дней, было выдумано, или было что-нибудь очень важное. <choice original_editorial_correction='Никол[енька]'><sic>Никол</sic><corr>Николенька</corr></choice>, я знаю, не усумнится и, может быть, догадается, что такое, <choice original_editorial_correction='Вал[ерьян]'><sic>Вал</sic><corr>Валерьян</corr></choice>, я боюсь, скажет, что я выдумываю. Пожалуйста, не говори и не думай этого, милый друг. Денег по сию пору, заплатив <hi>все</hi>, исключая Капелю, долги и сделав покупок рублей на 200, я издержал 1000 рублей.</p>
<comments><p rend="Textpetit_otstup left"><hi>1 </hi> Николай Николаевич Толстой, в то время артиллерийский офицер, перед отъездом на Кавказ, видимо, приезжал в свое имение Никольское-Вяземское или Покровское, имение М. Н. и В. П. Толстых.</p>
<p rend="petit left"><hi>2</hi> Брат Толстого Дмитрий Николаевич (1827—1856), больной туберкулезом, жил в Орле. См. о нем т. 46, стр. 386—387. Толстой ездил к нему 9—10 января 1856 г. См. об этом запись в Дневнике, т. 47, стр. 65.</p>
<p rend="petit left"><hi>3</hi> Тургенев называл М. Н. Толстую кумой, так как 30 ноября 1854 г. крестил с нею «у тургеневского попа» (см. письмо Тургенева Некрасову от 29 ноября 1854 г. и письма Тургенева к М. Н. Толстой и В. П. Толстому, опубликованные в «Звеньях»).</p>
<p rend="left"><hi>4</hi> На четвертой странице письма собственноручная приписка Тургенева: «Любезные друзья! Прежде всего извините меня, что я не <hi style="opdelimiter">ответил</hi><hi style="opnumber">371</hi> <hi style="npnumber">372</hi><hi style="npdelimiter">на</hi> Ваше письмо, милая графиня, — а теперь скажу только 2 слова: Лев Николаевич у Вас такой отличный брат, какого, я думаю, нет другого — т. е. я хочу сказать, он милейший человек — и я его полюбил от души. — Но другой раз напишу письмо к Вам, графиня, — а это — не письмо, а только восклицание.</p>
<p rend="petit left">Обнимаю вас всех</p>
<p rend="petit left">Ваш Тургенев».</p>
<p rend="Textpetit_otstup left">Приписка Тургенева публикуется впервые.</p>
</comments></div></body>
        </text>
        </TEI>