<?xml version='1.0' encoding='UTF-8' standalone='no'?>

<TEI xmlns="http://www.tei-c.org/ns/1.0">
       <teiHeader>
          <fileDesc>
             <titleStmt>
                <title>Письмо №* 97. H. A. Некрасову.</title>
             </titleStmt>
             <publicationStmt>
                <publisher>TolstoyLab</publisher>
                <date when="2015-09-14">14 September 2015</date>
             </publicationStmt>
             <sourceDesc>
                <biblStruct>
                   <analytic>
                      <author>Толстой Л.Н.</author>
                   </analytic>
                   <monogr>
                      <title level="m">Полное собрание сочинений. Том 60</title>
                      <imprint>
                         <pubPlace>Москва</pubPlace>
                         <publisher>Государственное издательство "Художественная литература"</publisher>
                         <date when="1949"/>
                      </imprint>
                   </monogr>
                   <series>
                      <title level="s">Л.Н. Толстой. Полное собрание сочинений</title>
                      <biblScope unit="vol">60</biblScope>
                   </series>
                </biblStruct>
             </sourceDesc>
          </fileDesc>
          <encodingDesc>
             <tagsDecl> </tagsDecl>
          </encodingDesc>
          <profileDesc>
             <correspDesc>
                <correspAction type="sending">
                   <persName ref="PersonList.xml#L_N_Tolstoy">Л. Н. Толстой</persName>
                   <placeName ref="PlacesListxml#PLACE">Москва.</placeName>
                   <date when="1857-11-27">1857 г. Ноября 27?</date>            </correspAction>
                <correspAction type="receiving">
                   <persName ref="PersonList.xml#RECEIVER">H. A. Некрасову</persName>
                </correspAction>
                <correspContext>
                   <ref type="prev"/>
                </correspContext>
             </correspDesc>
          </profileDesc>
       </teiHeader>
       <xenoData><number type="in a volume">97</number></xenoData>

              <text xml:id="N.A.Nekrasovu_97">
	<body><div>
		<opener index="false">
* 97. H. A. Некрасову. Неотправленное.
1857 г. Ноября 27? Москва.</opener>
<p rend="left">Только что я послал вам «<choice original_editorial_correction='Погибш[его]'><sic>Погибш</sic><corr>Погибшего</corr></choice>», любезный Некрасов, как я вспомнил и понял, что в ней есть места из рук вон плохие, которые необходимо переделать. Боюсь, что ежели вы будете печатать ее в Декабре, то не успеете прислать мне коректуры; поэтому посылаю — <choice original_editorial_correction='след[ующий]'><sic>след</sic><corr>следующий</corr></choice> варьянт необходимейший. — Вставьте вместо начала <hi>10 отд</hi>[<hi>ела</hi>] следующее:</p>
<p rend="left">В конце <hi>9 отд</hi>[<hi>ела</hi>] вместо: вот те и музыкальный вечер. — Делесов испытал не отвращение, не досаду при виде Алберта, но то чувство любви и глубокого сожаления, которое он испытал в первый вечер, обхватило его. — Боже мой! за что он так несчастен? подумал он.</p>
<lb/>
<p rend="subtitle centerline">
10.
</p>
<p rend="left">Через несколько времени стали приезжать гости. Алберт всё спал.</p>
<p rend="left">Ну что ваше необыкновенное создание? сказал сын министра, вместе с французом Пишо входя в комнату.</p>
<p rend="left">Вот он, здесь, с радостью отвечал Делесов, я боялся, что он не придет сначала, но нет добыл таки его... Вы увидите, что это за необыкновенное существо. Только вот несчастье, в ужасном положении, может быть и не услышите его нынче вечером.</p>
<p rend="left">Ничего; велите содовой воды принести, это освежит его, да и я выпью кстати.</p>
<p rend="left">Славное лицо! сказал Француз, сверху глядя на спящего немца.</p>
<p rend="left">Так это-то вами открытый гений, сказал Аленин, входя в комнату и недоверчиво оглядывая грязную и развращенную фигуру Алберта. Постарайтесь же, пожалуйста, как нибудь привести его в память, мне очень, очень хочется его послушать, прибавил он.—</p>
<p rend="left">(Как в 9-м отделе, так и в 10-м и следующих, везде, где есть художник — выбросить его.)</p>
<p rend="left">Дальше, после игры Алберта, со слов: Ну конечно, сказал Аленин, вставить следующее:</p>
<p rend="left">Ну, конечно, сказал Аленин, Веницьянской карнавал,<note xml:id="note1" resp="volume_editor" index="false"> <hi>Зачеркнуто</hi>: эту пошлость</note> эту вечную пошлость, значит что дрянь. Да и играет очень плохо, прибавил он, послушав внимательно несколько <hi style="opdelimiter">времени.</hi><hi style="opnumber">239</hi></p>
<p rend="left"><hi style="npnumber">240</hi><hi style="npdelimiter">Ведь</hi> он способен по пустякам восторгаться, я его давно знаю, заметил сын министра, подмигивая на Делесова.</p>
<p rend="left">Делесов сделал как будто не слышит. Ему становилось неприятно, что гости его как бы преднамеренно не хотели оценить Алберта.<note xml:id="note2" resp="volume_editor" index="false"> <hi>Зачеркнуто</hi>: Однако он верил в авторитет Аленина и его слова заставили</note></p>
<p rend="left">(Тут выпустить художника). Далее всё так, как в рукописи до слов: «Делесову было совестно». —</p>
<p rend="left">Делесову было совестно, он не решался оспаривать авторитет Аленина; но думал совершенно иначе. — Он нынче совсем не в духе<note xml:id="note3" resp="volume_editor" index="false"> <hi>Зачеркнуто</hi>: да</note> сказал он. Сообразите, что это умирающий человек теперь, а ведь все таки талант<note xml:id="note4" resp="volume_editor" index="false"> <hi>Зачеркнуто</hi>: да и просто</note>.......</p>
<p rend="left">Никакого... (и т. д. до слов «и быть подленьким, прибавил он». Все засмеялись.</p>
<p rend="left">Нет, извините меня, Михаил Андреич, сказал Делесов с маленькой досадой, я его знаю ближе, чем вы, это не такой человек. И особенно теперь. Теперь страшно и больно смотреть на него, прибавил он, одушевляясь.</p>
<lb/>
<p rend="subtitle centerline">
11.
</p>
<p rend="left">Что жалок он — это так, возразил Аленин, но ничего тут особенного нет. Вы главное разубедитесь, пожалуйста, что он гений. Уверяю вас, что я люблю артистов и, <choice original_editorial_correction='про[во]зившись'><sic>прозившись</sic><corr>провозившись</corr></choice> с ними всю свою жизнь, приобрел некоторую опытность, поверьте же мне, что это вовсе не гений, а что таких несчастных бездна — везде и что ими вовсе не восхищаться надо, а в исправительные дома сажать их.</p>
<p rend="left">Да отчего же вы так думаете?</p>
<p rend="left">А оттого, что эти господа — язва для серьезного искусства.</p>
<p rend="left">Ну, извините меня, горячо возразил Делесов, я его совсем не так понимаю. В ваших глазах он грязный, спившийся немец, а в моих он совсем другое. —</p>
<p rend="left">Вам никто не может мешать поэтизировать его сколько угодно, сказал Аленин, я ж вижу в нем то, что есть. —</p>
<p rend="left">И я вижу то, что есть, я изучил его, продолжал Делесов, по-вашему это негодяй, а по-моему это гений, погибший гений. Это человек, сгоревший весь от того священного огня, которому мы все служим. Этот огонь поэзии жжет других, так трудно не сгореть <hi style="opdelimiter">самому.<note xml:id="note5" resp="volume_editor" index="false"> Эти исправления относятся к третьей редакции повести «Альберт». См. т. 5, стр. 287—299.</note></hi><hi style="opnumber">240</hi></p>
<comments><p rend="Textpetit_otstup left"><hi style="npnumber">241</hi><hi style="npdelimiter">Публикуется</hi> впервые. Рукопись повести была отправлена Некрасову 26 ноября, а на следующий день Толстой начал настоящее письмо Некрасову с указанием всех исправлений, но не кончил.</p>
<p rend="petit left">Настоящее письмо не было отправлено Некрасову, а 28 ноября Толстой написал другое (см. п. № 98).</p>
<p rend="Textpetit_otstup left"><hi>1</hi> <hi>Зачеркнуто</hi>: эту пошлость</p>
<p rend="petit left"><hi>2</hi> <hi>Зачеркнуто</hi>: Однако он верил в авторитет Аленина и его слова заставили</p>
<p rend="petit left"><hi>3</hi> <hi>Зачеркнуто</hi>: да</p>
<p rend="petit left"><hi>4</hi> <hi>Зачеркнуто</hi>: да и просто</p>
<p rend="petit left"><hi>5</hi> Эти исправления относятся к третьей редакции повести «Альберт». См. т. 5, стр. 287—299.</p>
</comments></div></body>
        </text>
        </TEI>