<?xml version='1.0' encoding='UTF-8' standalone='no'?>

<TEI xmlns="http://www.tei-c.org/ns/1.0">
       <teiHeader>
          <fileDesc>
             <titleStmt>
                <title>Письмо №69. Гр. М. Н. Толстой.</title>
             </titleStmt>
             <publicationStmt>
                <publisher>TolstoyLab</publisher>
                <date when="2015-09-14">14 September 2015</date>
             </publicationStmt>
             <sourceDesc>
                <biblStruct>
                   <analytic>
                      <author>Толстой Л.Н.</author>
                   </analytic>
                   <monogr>
                      <title level="m">Полное собрание сочинений. Том 60</title>
                      <imprint>
                         <pubPlace>Москва</pubPlace>
                         <publisher>Государственное издательство "Художественная литература"</publisher>
                         <date when="1949"/>
                      </imprint>
                   </monogr>
                   <series>
                      <title level="s">Л.Н. Толстой. Полное собрание сочинений</title>
                      <biblScope unit="vol">60</biblScope>
                   </series>
                </biblStruct>
				<bibl>Печатается по первопечатному тексту, опубликованному С. П. Спиро в «Русском слове», 1911, № 134, от 12 июня (с неверной датой: «1858 или 59 г.»). Год определяется содержанием. Местонахождение автографа неизвестно.</bibl>
             </sourceDesc>
          </fileDesc>
          <encodingDesc>
             <tagsDecl> </tagsDecl>
          </encodingDesc>
          <profileDesc>
             <correspDesc>
                <correspAction type="sending">
                   <persName ref="PersonList.xml#L_N_Tolstoy">Л. Н. Толстой</persName>
                   <placeName ref="PlacesListxml#PLACE">Кларан.</placeName>
                   <date when="1857-04-20">1857 г. Апреля 20</date>            </correspAction>
                <correspAction type="receiving">
                   <persName ref="PersonList.xml#RECEIVER">Гр. М. Н. Толстой</persName>
                </correspAction>
                <correspContext>
                   <ref type="prev"/>
                </correspContext>
             </correspDesc>
          </profileDesc>
       </teiHeader>
       <xenoData><number type="in a volume">69</number></xenoData>

              <text xml:id="gr.M.N.Tolstoj_69">
	<body><div>
		<opener index="false">
69. Гр. М. Н. Толстой.
1857 г. Апреля 20/мая 2. Кларан.</opener>
<p rend="left">Пишу тебе несколько слов, милый друг Маша, во-первых, чтобы выговорить, за что ты мне ни словечка не отвечала на мои письма,<note xml:id="note1" resp="volume_editor" index="false"> Письма эти Толстого к М. Н. Толстой из-за границы неизвестны.</note> во-вторых, чтобы рассказать тебе про себя, что я после двух месяцев парижской жизни так устал от изучения всего нового и интересного, что я нашел там, что почувствовал потребность отдохнуть, особенно после ужасного зрелища гильотинирования, которое мне пришлось видеть и которое так подействовало на меня, что я ночи не спал.<note xml:id="note2" resp="volume_editor" index="false"> См. п. № 64.</note> Я решился уехать куда-нибудь в уединенное место. В. К. Марья Николаевна в Женеве, следовательно, там и Толстые, которых я люблю, и там чудный край, — и я решился поехать туда.</p>
<p rend="left">В Женеву я приехал на 6-й неделе поста, там говел, потом переехал в Clarens, в Canton de Vaud.<note xml:id="note3" resp="volume_editor" index="false"> [Кларан, в кантон де Воо.]</note> Это — деревня на берегу Женевского озера, в прелестном местоположении, и живу тут вот скоро месяц (т. е. вообще в Швейцарии).<note xml:id="note4" resp="volume_editor" index="false"> В Женеву Толстой приехал 28 марта/9 апреля, а 9/21 апреля он, вместе с А. А. Толстой, поехал в Кларан, где у них было много общих знакомых (Мещерские, Е. И. Карамзина, Пущины, Рябинины). О поездке в Кларан есть интересные подробности в воспоминаниях А. А. Толстой (ПТ, стр. 6—9). См. т. 47, стр. 445, прим. 1667.</note></p>
<p rend="left">Природа прелестна, жизнь дешева, есть кое-кто русские, добрые люди, между прочим, М. Рябинин,<note xml:id="note5" resp="volume_editor" index="false"> Михаил Андреевич Рябинин (1814—1867), принадлежал к богатой московской семье, родственник декабриста М. И. Пущина. См. т. 47, стр. 450, прим. 1704.</note> который просит тебе кланяться; уединение и занятия идут порядочно.</p>
<p rend="left">Третье же главное дело, зачем я тебе пишу, это — средство, которое мне рассказывали в Париже, для твоей руки. Взять молодых березовых листьев, насыпать в мешок и из мешка этого сделать муфту на всю руку, и так спать в этой муфте каждую ночь. Средство это не может повредить, но, говорят, помогает удивительно против всякого рода местных страданий, против простуд, онемений, даже вывихов и ран.</p>
<p rend="left">Тургенев бедный болен и нравственно болен. Теперь Некрасов должен быть в Париже.<note xml:id="note6" resp="volume_editor" index="false"> 2/14 или 3/15 марта Некрасов выехал из Рима в Неаполь, откуда вернулся в Рим 25 марта/6 апреля, а 11/23 апреля выехал из Рима во Флоренцию; 5/17 мая Некрасов был в Париже, а из Парижа отправился прямо в Петербург, куда приехал 28 июня/10 июля.</note> Я же пробуду здесь, думаю, долго, тем более, что и не могу ехать, пока не получу денег; поэтому скажи Валерьяну, что, ежели ему из деревни и от Сережи пришлют деньги для доставления мне через банкира, чтобы он это сделал как можно скорее, а то ужасно страшно остаться <hi style="opdelimiter">здесь</hi><hi style="opnumber">180</hi> <hi style="npnumber">181</hi><hi style="npdelimiter">без</hi> средств, а у меня уж очень тонко. Что твое здоровье, твое расположение духа, твои занятия, музыка, что.....?<note xml:id="note7" resp="volume_editor" index="false"> Многоточие в первопечатном тексте, поставлено, вероятно, на месте неразобранного публикатором слова.</note></p>
<p rend="left">Пожалуйста пиши, милый дружок, я буду, особенно отсюда, отвечать очень аккуратно. Обнимаю Валериана и детей.</p>
<p rend="left">Прощайте, милые друзья, до свиданья. Планы моего путешествия могут измениться, но ежели Бог даст буду жив здоров, то в Сентябре все-таки буду в Покровском.</p>
<p rend="right">Ваш друг и брат Граф Л. Толстой.</p>
<p rend="left">2-го Мая.</p>
<p rend="left">Адрес: Suisse, Canton de Vaud, Clarens, Pension Ketterer.</p>
<comments><p rend="Textpetit_otstup left">Печатается по первопечатному тексту, опубликованному С. П. Спиро в «Русском слове», 1911, № 134, от 12 июня (с неверной датой: «1858 или 59 г.»). Год определяется содержанием. Местонахождение автографа неизвестно.</p>
<p rend="Textpetit_otstup left"><hi>1</hi> Письма эти Толстого к М. Н. Толстой из-за границы неизвестны.</p>
<p rend="left"><note xml:id="note8" resp="volume_editor" index="false"> См. п. № 64.</note> См. п. № 64.</p>
<p rend="petit left"><hi>3</hi> [Кларан, в кантон де Воо.]</p>
<p rend="petit left"><hi>4</hi> В Женеву Толстой приехал 28 марта/9 апреля, а 9/21 апреля он, вместе с А. А. Толстой, поехал в Кларан, где у них было много общих знакомых (Мещерские, Е. И. Карамзина, Пущины, Рябинины). О поездке в Кларан есть интересные подробности в воспоминаниях А. А. Толстой (ПТ, стр. 6—9). См. т. 47, стр. 445, прим. 1667.</p>
<p rend="petit left">Толстой, поселившись в пансионе, сперва Perret, а потом Кетерера, оставался в Кларане до 11/23 июня, совершая прогулки (в которых часто принимала участие и А. А. Толстая) и путешествия по Швейцарии. Одно из таких пешеходных путешествий описано Толстым в «Путевых заметках», см. т. 5, стр. 192—213.</p>
<p rend="petit left"><hi>5</hi> Михаил Андреевич Рябинин (1814—1867), принадлежал к богатой московской семье, родственник декабриста М. И. Пущина. См. т. 47, стр. 450, прим. 1704.</p>
<p rend="petit left"><hi>6</hi> 2/14 или 3/15 марта Некрасов выехал из Рима в Неаполь, откуда вернулся в Рим 25 марта/6 апреля, а 11/23 апреля выехал из Рима во Флоренцию; 5/17 мая Некрасов был в Париже, а из Парижа отправился прямо в Петербург, куда приехал 28 июня/10 июля.</p>
<p rend="petit left"><hi>7</hi> Многоточие в первопечатном тексте, поставлено, вероятно, на месте неразобранного публикатором слова.</p>
</comments></div></body>
        </text>
        </TEI>