<?xml version='1.0' encoding='UTF-8' standalone='no'?>

<TEI xmlns="http://www.tei-c.org/ns/1.0">
       <teiHeader>
          <fileDesc>
             <titleStmt>
                <title>Письмо №1. М. Н. Каткову.</title>
             </titleStmt>
             <publicationStmt>
                <publisher>TolstoyLab</publisher>
                <date when="2015-09-14">14 September 2015</date>
             </publicationStmt>
             <sourceDesc>
                <biblStruct>
                   <analytic>
                      <author>Толстой Л.Н.</author>
                   </analytic>
                   <monogr>
                      <title level="m">Полное собрание сочинений. Том 61</title>
                      <imprint>
                         <pubPlace>Москва</pubPlace>
                         <publisher>Государственное издательство "Художественная литература"</publisher>
                         <date when="1953"/>
                      </imprint>
                   </monogr>
                   <series>
                      <title level="s">Л.Н. Толстой. Полное собрание сочинений</title>
                      <biblScope unit="vol">61</biblScope>
                   </series>
                </biblStruct>
				<bibl>Печатается по рукописной копии, хранящейся в БЛ (архив Каткова, тетрадь № 21). Впервые опубликовано в «Литературном наследстве», № 37-38, изд. Академии наук СССР, М. 1939, стр. 200. На копии дата: «1875 г. Января 1», явно ошибочная, так как рукопись повести «Казаки», которая упоминается в письме, была послана Каткову 28 ноября 1862 г. (см. т. 60, № 269), а вышла в свет повесть 24 февраля 1863 г. в<hi> </hi>журнале Каткова «Русский вестник», № 1. О Каткове см. т. 60, стр. 134.</bibl>
             </sourceDesc>
          </fileDesc>
          <encodingDesc>
             <tagsDecl> </tagsDecl>
          </encodingDesc>
          <profileDesc>
             <correspDesc>
                <correspAction type="sending">
                   <persName ref="PersonList.xml#L_N_Tolstoy">Л. Н. Толстой</persName>
                   <placeName ref="PlacesListxml#PLACE">Москва.</placeName>
                   <date when="1863-01">1863 г. Января</date>            </correspAction>
                <correspAction type="receiving">
                   <persName ref="PersonList.xml#RECEIVER">М. Н. Каткову</persName>
                </correspAction>
                <correspContext>
                   <ref type="prev"/>
                </correspContext>
             </correspDesc>
          </profileDesc>
       </teiHeader>
       <xenoData><number type="in a volume">1</number></xenoData>

              <text xml:id="M__N__Katkovu_1">
	<body><div>
		<opener index="false">
1. М. Н. Каткову.
1863 г. Января первая половина. Москва.
</opener>
<p rend="Obrashenie left">Любезный <choice original_editorial_correction='М[ихаил]'><sic>М</sic><corr>Михаил</corr></choice> <choice original_editorial_correction='Н[икифорович]'><sic>Н</sic><corr>Никифорович</corr></choice>,</p>
<p rend="left">ежели для вас не затруднительно, то пришлите мне, пожалуйста, нынче же рублей 400 в счет того, что я должен буду получить за «Казаков». Я не знаю, сколько выйдет листов, а то в счет другой повести.<note xml:id="note1" resp="volume_editor" index="false">Повесть «Поликушка», была напечатана в № 2 «Русского вестника» за 1863 г.</note> Мне особенно нужны деньги именно теперь, и вы меня бы очень одолжили.</p>
<p rend="right">Гр. Л. Толстой.</p>
<comments><p rend="Textpetit_otstup left">Печатается по рукописной копии, хранящейся в БЛ (архив Каткова, тетрадь № 21). Впервые опубликовано в «Литературном наследстве», № 37-38, изд. Академии наук СССР, М. 1939, стр. 200. На копии дата: «1875 г. Января 1», явно ошибочная, так как рукопись повести «Казаки», которая упоминается в письме, была послана Каткову 28 ноября 1862 г. (см. т. 60, № 269), а вышла в свет повесть 24 февраля 1863 г. в<hi> </hi>журнале Каткова «Русский вестник», № 1. О Каткове см. т. 60, стр. 134.</p>
<p rend="Textpetit_otstup left"><hi>1</hi>Повесть «Поликушка», была напечатана в № 2 «Русского вестника» за 1863 г.</p>
</comments></div></body>
        </text>
        </TEI>