<?xml version='1.0' encoding='UTF-8' standalone='no'?>

<TEI xmlns="http://www.tei-c.org/ns/1.0">
       <teiHeader>
          <fileDesc>
             <titleStmt>
                <title>Письмо №398. А. А. Фету.</title>
             </titleStmt>
             <publicationStmt>
                <publisher>TolstoyLab</publisher>
                <date when="2015-09-14">14 September 2015</date>
             </publicationStmt>
             <sourceDesc>
                <biblStruct>
                   <analytic>
                      <author>Толстой Л.Н.</author>
                   </analytic>
                   <monogr>
                      <title level="m">Полное собрание сочинений. Том 61</title>
                      <imprint>
                         <pubPlace>Москва</pubPlace>
                         <publisher>Государственное издательство "Художественная литература"</publisher>
                         <date when="1953"/>
                      </imprint>
                   </monogr>
                   <series>
                      <title level="s">Л.Н. Толстой. Полное собрание сочинений</title>
                      <biblScope unit="vol">61</biblScope>
                   </series>
                </biblStruct>
				<bibl>Впервые опубликовано, с датой: «15 октября 1872 г.», с пропуском нескольких фраз и с присоединением части письма от 1...3 ноября 1872 г., в «Русском обозрении», 1890, 8, стр. 25. Год и месяц определяются на основании упоминания о Кауфмане, который в октябре 1872 г. уже служил у Толстых; число — временем выездной сессии Тульского окружного суда, с 7 по 13 сентября (<ref target="file:///Volume_61_A__A__Tolstoj_402.xml">см. письмо № 402</ref>). Письмо к Фету было написано до этих событий.</bibl>
             </sourceDesc>
          </fileDesc>
          <encodingDesc>
             <tagsDecl> </tagsDecl>
          </encodingDesc>
          <profileDesc>
             <correspDesc>
                <correspAction type="sending">
                   <persName ref="PersonList.xml#L_N_Tolstoy">Л. Н. Толстой</persName>
                   <placeName ref="PlacesListxml#PLACE">Я. П.</placeName>
                   <date when="1872-09-01">1872 г. Сентября 1.</date>            </correspAction>
                <correspAction type="receiving">
                   <persName ref="PersonList.xml#RECEIVER">А. А. Фету</persName>
                </correspAction>
                <correspContext>
                   <ref type="prev"/>
                </correspContext>
             </correspDesc>
          </profileDesc>
       </teiHeader>
       <xenoData><number type="in a volume">398</number></xenoData>

              <text xml:id="A__A__Fetu_398">
	<body><div>
		<opener index="false">
398. А. А. Фету.
1872 г. Сентября 1...4? Я. П.</opener>
<p rend="left">Я был в нерешительности на первое письмо ваше<note xml:id="note1" resp="volume_editor" index="false"> Упоминаемые письма Фета неизвестны.</note> — ехать или нет, но Кузминские отложили свой отъезд, и мне уже стало невозможно. И так, до другого раза, если пригласите. Очень благодарен вам за Федор Федорыча. Он был у меня и обещал приехать совсем 16-го. Он мне очень нравится, и попал ко мне в то самое время, когда нужнее всего. Ганна едет с Кузминскими в Кутаис, и мы остались без никого при детях в ожидании англичанки из Англии.</p>
<p rend="left">Пришла дурная погода, и дух работы и тишины приближается, и я ему радуюсь. — Немножко охоты и хозяйственной заботы, и потом жизнь с собой и семьей — только. Я с радостью думаю об этом и потому верю, что я счастлив. Я побываю у вас, если вы пригласите; а вы не проезжайте, пожалуйста, мимо, не заехав, если возможно.</p>
<p rend="right">Ваш Л. Толстой.</p>
<comments><p rend="Textpetit_otstup left">Впервые опубликовано, с датой: «15 октября 1872 г.», с пропуском нескольких фраз и с присоединением части письма от 1...3 ноября 1872 г., в «Русском обозрении», 1890, 8, стр. 25. Год и месяц определяются на основании упоминания о Кауфмане, который в октябре 1872 г. уже служил у Толстых; число — временем выездной сессии Тульского окружного суда, с 7 по 13 сентября (<ref target="file:///Volume_61_A__A__Tolstoj_402.xml">см. письмо № 402</ref>). Письмо к Фету было написано до этих событий.</p>
<p rend="Textpetit_otstup left"><hi>1</hi> Упоминаемые письма Фета неизвестны.</p>
</comments></div></body>
        </text>
        </TEI>