<?xml version='1.0' encoding='UTF-8' standalone='no'?>

<TEI xmlns="http://www.tei-c.org/ns/1.0">
       <teiHeader>
          <fileDesc>
             <titleStmt>
                <title>Письмо №* 86. Т. А. Ергольской.</title>
             </titleStmt>
             <publicationStmt>
                <publisher>TolstoyLab</publisher>
                <date when="2015-09-14">14 September 2015</date>
             </publicationStmt>
             <sourceDesc>
                <biblStruct>
                   <analytic>
                      <author>Толстой Л.Н.</author>
                   </analytic>
                   <monogr>
                      <title level="m">Полное собрание сочинений. Том 59</title>
                      <imprint>
                         <pubPlace>Москва</pubPlace>
                         <publisher>Государственное издательство "Художественная литература"</publisher>
                         <date when="1935"/>
                      </imprint>
                   </monogr>
                   <series>
                      <title level="s">Л.Н. Толстой. Полное собрание сочинений</title>
                      <biblScope unit="vol">59</biblScope>
                   </series>
                </biblStruct>
				<bibl>Печатается по автографу, хранящемуся в АТБ. Впервые отрывок из письма напечатан (по-французски и в переводе) П. И. Бирюковым в Б, I, 1906, стр. 231—232, несколько бòльшие отрывки (только в переводе) даны П. А. Сергеенко в ПТС, I, стр. 35—37. Почтовый штемпель: «Получено 1854 июня 7». На конверте рукой Т. А. Ергольской написано: <hi>«Получила 12 июня» 1 [неразобр.]</hi> 24 Mai.</bibl>
             </sourceDesc>
          </fileDesc>
          <encodingDesc>
             <tagsDecl> </tagsDecl>
          </encodingDesc>
          <profileDesc>
             <correspDesc>
                <correspAction type="sending">
                   <persName ref="PersonList.xml#L_N_Tolstoy">Л. Н. Толстой</persName>
                   <placeName ref="PlacesListxml#PLACE">Бухарест.</placeName>
                   <date when="1854-05-24">1854 г. Мая 24.</date>            </correspAction>
                <correspAction type="receiving">
                   <persName ref="PersonList.xml#RECEIVER">Т. А. Ергольской</persName>
                </correspAction>
                <correspContext>
                   <ref type="prev"/>
                </correspContext>
             </correspDesc>
          </profileDesc>
       </teiHeader>
       <xenoData><number type="in a volume">86</number></xenoData>

              <text xml:id="T.A.Ergolskoj_86">
	<body><div>
		<opener index="false">
* 86. Т. А. Ергольской.
1854 г. Мая 24. Бухарест.</opener>
<p rend="right">24 Mai 1854. Bucarest. —</p>
<p rend="left">Figurez vous, chère tante, que jusqu’à présent — près de 3 mois, que je suis ici — je n’ai pas reçu une seule petite lettre de vous. Quoique je suis convaincu que vous m’avez écrit et que votre ou vos lettres doivent être perdues, ce silence extraordinaire m’étonne et me chagrine beaucoup. Si par hasard la lettre que je vous ai écrite en arrivant,<note xml:id="note1" resp="volume_editor" index="false">Имеется в виду письмо от 13—22 марта № 84.</note> a subi le même sort, cela serait encore plus désagréable. Quoique malgré votre silence, j’aurais du vous écrire encore, je ne l’ai pas fait, moitié parceque d’un jour [à] l’autre j’attendais de vos nouvelles, moitié parceque je suis un vilain ce que j’avoue franchement et vous en demande pardon. Je me figure l’inquiétude que vous a causé mon silence surtout si vous êtes encore à Щербачовка (car j’ai écrit assez souvent<note xml:id="note2" resp="volume_editor" index="false">Эти письма не сохранились.</note> à Marie et Valér. les seuls dont j’ai reçu des nouvelles) et j’ai consience en pensant que tandis que vous me croyez exposé à tous les dangers de la guerre, je n’ai pas encore senti la poudre Turque et je suis très tranquillement à Boucarest à me promener à faire de la musique et à manger des glaces. En effet, tout ce tems, excepté 2 semaines que j’ai passé à Olteniza, où j’ai été attaché à une batterie, et une semaine que j’ai passé en courses par la Moldavie, Valachie et Bessarabie par ordre de Général Serjpoutovsky<note xml:id="note3" resp="volume_editor" index="false">Адам Осипович Сержпутовский — ген.-лейт., начальник артиллерии Дунайской <hi style="opdelimiter">армии.</hi><hi style="opnumber">265</hi></note> auprès duquel je suis à présent <hi>по <choice><reg>особым</reg><orig>особымъ</orig></choice> <choice><reg>порученьям</reg><orig>порученьямъ</orig></choice></hi>, je suis resté à Bucarest; et à vous avouer franchement, ce genre de vie un peu dissipé, tout à fait oisif et très couteux que je mène ici, me déplait infiniment. Auparavant c’était le service qui m’y retenait; mais à présent j’y suis resté <hi style="opdelimiter">pendant</hi><hi style="opnumber">262</hi> <hi style="npnumber">263</hi><hi style="npdelimiter">près</hi> de 3 semaines à cause d’une fièvre que j’ai attrapé pendant mon voyage, mais dont, Dieu merci, je suis pour le moment assez rétabli pour rejoindre dans 2 ou 3 jours mon Général, qui est au camp près de Silistrie. A propos de mon Général, il a l’air d’être un très brave homme et parait, quoique nous nous connaissons fort peu, être bien disposé à mon égard. Ce qui est encore agréable c’est que son état-major est composé pour la plupart de gens comme il faut. Les deux fils du Prince Serge<note xml:id="note4" resp="volume_editor" index="false"> Кн. Серг. Дм. Горчаков.</note> que j’ai trouvé ici sont de bons garçons surtout le cadet, qui, quoique n’ayant pas à lui seul inventé la poudre a beaucoup<note xml:id="note5" resp="volume_editor" index="false"> <hi>Зачеркнуто:</hi> de bonnes qualités.</note> de noblesse dans le charactère et un très bon coeur; je l’aime beaucoup.<note xml:id="note6" resp="volume_editor" index="false"> Кн. Дм. Серг. и Алдр. Серг. Горчаковы. О них см. прим. 4 к п. № 84.</note> —</p>
<p rend="left">Pour le vieux Prince,<note xml:id="note7" resp="volume_editor" index="false"> Кн. Мих. Дм. Горчаков. О нем см. прим. к п. № 84.</note> il y a déjà longtems que je ne l’ai vu. Vous sentez bien qu’il a d’autres occupations que de penser à ma personne et que moi comme vous savez, je n’aime pas à chercher les occasions à me rappeler au souvenir des hommes comme lui, je n’ai pas trop profité de son engagement à venir tous les jours chez lui. Au reste il a été si bon pour moi et c’est un homme qui m’a inspiré tant de respect, que si jamais, dans quelque cas j’avais besoin d’un protecteur je m’adresserai directement à lui. En général, je me trouve sous tous les rapports dans une position assez agréable et il ne dépend que de moi, en me conduisant bien, (c. à d. ne faisant pas le paresseux comme je l’ait fait pendant tout ce tems) d’en être tout-à-fait content. Les seuls désagréments que j’ai eu sont ceux d’avoir été malade et en même tems à court d’argent, à présent ceux-là même n’existent plus, car je suis tout à fait bien portant et l’argent, que Valérien m’a envoyé, m’a tiré d’embarras. Je ne veux pas m’excuser d’avoir dépenser beaucoup d’argent (car excepté l’argent qui m’est resté de la route et celui que m’a envoyé Val., j’ai reçu déjà plus de 300 r. arg. de gages) j’avoue donc que je n’ai pas été très économe, mais aussi la vie ici est abominablement chère. Si vous êtes déjà à <hi>Ясное</hi>, comme je suppose, et qu’on y connait les dispositions que j’ai faites pour l’envoi des chevaux et des gens, aidez moi, chère tante, de vos conseils, surtout au sujet du cuisinier. Qui faut-il envoyer ? J’ai conscience de séparer Nicolas<note xml:id="note8" resp="volume_editor" index="false"> Вероятно, Николай Дмитриевич Банников, бывший дядька братьев Толстых, выведенный в «Детстве».</note> de sa famille et puis en effet il est faible de santé; mais je ne sais décidément qui pourait le remplacer. — Quoiqu’à la rigueur, je n’ai pas besoin d’un bon cuisinier et même du tout d’un cuisinier, mais il faut absolument qu’il y ait quelqu’un pour aider Dmitri à soigner les. chevaux pendant le voyage et que ce quelqu’un <hi style="opdelimiter">puisse</hi><hi style="opnumber">263</hi> <hi style="npnumber">264</hi><hi style="npdelimiter">m’être</hi> utile en arrivant ici. — Si ce n’était cela je n’aurais fait expédier que Dmitri seul. Que faites-vous, chère et excellente tante? Comment avez vous passé tout ce tems chez Dmitri? L’avez vous trouvé changé? Quels sont ses plans? Au reste, à en juger d’après la bienfaisante influence que non seulement votre presence, mais vos lettres ont toujours eu sur moi, je suis sûr que votre séjour chez lui n’a pas été sans fruit pour lui. — Si même je ne vous écrivais pas (ce qui ne peut arriver que dans le cas le plus extraordinaire), ne me punissez pas, chère tante, par votre silence, vous ne sauriez croire [comme] il m’est pénible, combien de fois je vais à la poste pour voir s’il n’y a pas pour moi une petite lettre avec une adresse, написанное <hi><choice><reg>старинным</reg><orig>стариннымъ</orig></choice> <choice><reg>почерком</reg><orig>почеркомъ</orig></choice></hi>. Adieu, chère tante, je baise vos mains, vous souhaite beaucoup de bonheur et attands toujours une longue lettre de vous. —</p>
<lb/>
<p rend="left"><hi>На конверте:</hi></p>
<p rend="left">Ея Высокоблагородію Татьянѣ Александровнѣ Ергольской въ.</p>
<p rend="left">г. Тулу. Сельцо Ясные Поляны.</p>
<p rend="petit right">24 мая 1854. Бухарест. —</p>
<p rend="petit left">Представьте себе, дорогая тетенька, что почти за 3 месяца, что я здесь, я до сих пор не получил от вас ни единого письмеца; хотя я и уверен, что вы мне писали и что ваше письмо или ваши письма затерялись, но необычайное ваше молчание меня и удивляет и очень огорчает. А ежели случайно мое письмо, написанное по приезде,<note xml:id="note9" resp="volume_editor" index="false">Имеется в виду письмо от 13—22 марта № 84.</note> тоже до вас не дошло, то это еще хуже. Мне следовало всё-таки самому писать вам еще, несмотря на ваше молчание но я не исполнил этого, отчасти потому, что ждал от вас известий, а отчасти потому, что я негодяй — сознаюсь в этом откровенно и прошу прощения. Воображаю, как вас беспокоит мое молчание, особенно, ежели вы еще в *<choice><reg>Щербачевке</reg><orig>Щербачевкѣ</orig></choice>* (<choice><reg>Машеньке</reg><orig>Машенькѣ</orig></choice> и <choice original_editorial_correction='Валерь[яну]'><sic>Валерь</sic><corr>Валерьяну</corr></choice> я писал довольно часто,<note xml:id="note10" resp="volume_editor" index="false">Эти письма не сохранились.</note> и я только от них одних получал известия), и мне совестно, что вы думаете, что я подвергался всем опасностям войны, а я еще и не понюхал турецкого пороха, а преспокойно живу в Бухаресте, прогуливаюсь, занимаюсь музыкой и ем мороженое. Кроме 2 недель, которые я провел в Ольтенице, прикомандированный к батарее, и одной недели, проведенной в проездах по Молдавии, Валахии и Бессарабии по приказу генерала Сержпутовского,<note xml:id="note11" resp="volume_editor" index="false">Адам Осипович Сержпутовский — ген.-лейт., начальник артиллерии Дунайской <hi style="opdelimiter">армии.</hi><hi style="opnumber">265</hi></note> я состою при нем <hi>*по <choice><reg>особым</reg><orig>особымъ</orig></choice> <choice><reg>порученьям</reg><orig>порученьямъ</orig></choice></hi>*, я жил в Бухаресте; откровенно сознаюсь, что этот несколько рассеянный образ жизни, совершенно праздный и дорого стоящий, мне страшно не по душе. Сначала меня задерживала служба, теперь же я пробыл в нем около 3 недель из-за лихорадки, которую я захватил во время своих поездок. Слава богу, теперь <hi>я </hi>настолько поправился, что могу выехать через 2 или 3 дня к моему генералу, который в лагере под Силистрией. Он, мне кажется, хороший человек и, хотя мы мало знакомы, я думаю, что он хорошо ко мне расположен. Что еще приятно, это то, что его главный штаб состоит большей <hi style="opdelimiter">частью</hi><hi style="opnumber">264</hi> <hi style="npnumber">265</hi><hi style="npdelimiter">из</hi> порядочных людей. Я застал здесь обоих сыновей князя Сергея;<note xml:id="note12" resp="volume_editor" index="false"> Кн. Серг. Дм. Горчаков.</note> они славные малые, особенно младший из них; пороха он не выдумал, но в нем много благородства<note xml:id="note13" resp="volume_editor" index="false"> <hi>Зачеркнуто:</hi> de bonnes qualités.</note> и сердечной доброты. Я его очень люблю.<note xml:id="note14" resp="volume_editor" index="false"> Кн. Дм. Серг. и Алдр. Серг. Горчаковы. О них см. прим. 4 к п. № 84.</note></p>
<p rend="petit left">Старого князя<note xml:id="note15" resp="volume_editor" index="false"> Кн. Мих. Дм. Горчаков. О нем см. прим. к п. № 84.</note> я давно не видел. Вы понимаете, что при его занятиях ему некогда помнить обо мне, я же, как вам известно, не ищу случаев напоминать о себе человеку с его положением и редко пользуюсь его приглашением бывать у него каждый день. Но он был так добр ко мне и возбудил во мне такое уважение, что, ежели бы мне понадобилась помощь, я обратился бы прямо к нему. Вообще же положение, которое я здесь занимаю, мне нравится во всех отношениях, и от меня самого зависит, чтобы я им был вполне доволен (т. е. ежели я не буду бездельничать, как всё это время). Единственные неприятности, которые я здесь испытал, были нездоровье и недостача денег; то и другое прошло — я совершенно поправился, а деньги, присланные Валерьяном, меня вывели из затруднения. Не буду оправдываться в том, что много тратил (ведь, кроме оставшихся от дороги денег и присланных <choice original_editorial_correction='Валер[ьяном]'><sic>Валер</sic><corr>Валерьяном</corr></choice>, я получил уже более 300 р. сер. жалованья), сознаюсь, что я не очень экономил, но ведь и здешняя жизнь ужасно дорога. Ежели вы уже в <hi>*<choice><reg>Ясном</reg><orig>Ясномъ</orig></choice></hi>*, как я предполагаю, и ежели там получены мои распоряжения об отправке лошадей и людей, помогите мне, милая тетенька, вашим советом и, главным образом, относительно повара. Кого послать? Мне совестно разлучать Николая<note xml:id="note16" resp="volume_editor" index="false"> Вероятно, Николай Дмитриевич Банников, бывший дядька братьев Толстых, выведенный в «Детстве».</note> с его семьей; к тому же он действительно слаб здоровьем; но не придумаю, кем можно его заменить. — Мне собственно не нужен хороший повар, пожалуй, я и вовсе обойдусь без повара, но лишний человек необходим в помощь Дмитрию для ухода за лошадьми в дороге, и чтобы по приезде он мог здесь мне быть полезным. — Ежели бы не это, я велел бы выслать Дмитрия одного. Что вы поделываете, милая и чудесная тетенька? Как вы провели время у Митеньки? Нашли вы в нем перемену? Каковы его планы? Впрочем, судя по благотворному влиянию не только вашего присутствия, но и писем ваших на меня, я не сомневаюсь в пользе, которую вы принесли ему своим пребыванием. — Ежели и случится, что от меня долго не будет писем (это может быть вызвано только какой-нибудь необычайной причиной), не наказывайте меня, дорогая тетенька, своим молчанием; вы не поверите, как мне это тяжело, сколько раз я хожу на почту справляться, нет ли мне письмеца с адресом, *написаннаго <hi><choice><reg>старинным</reg><orig>стариннымъ</orig></choice> <choice><reg>почерком</reg><orig>почеркомъ</orig></choice></hi>*. Прощайте, дорогая тетенька, целую ваши ручки, желаю вам счастья и всё жду от вас длинного письма. —</p>
<comments><p rend="Textpetit_otstup left">Печатается по автографу, хранящемуся в АТБ. Впервые отрывок из письма напечатан (по-французски и в переводе) П. И. Бирюковым в Б, I, 1906, стр. 231—232, несколько бòльшие отрывки (только в переводе) даны П. А. Сергеенко в ПТС, I, стр. 35—37. Почтовый штемпель: «Получено 1854 июня 7». На конверте рукой Т. А. Ергольской написано: <hi>«Получила 12 июня» 1 [неразобр.]</hi> 24 Mai.</p>
<p rend="Textpetit_otstup left"><hi>1 </hi>Имеется в виду письмо от 13—22 марта № 84.</p>
<p rend="petit left"><hi>2 </hi>Эти письма не сохранились.</p>
<p rend="petit left"><hi>3 </hi>Адам Осипович Сержпутовский — ген.-лейт., начальник артиллерии Дунайской <hi style="opdelimiter">армии.</hi><hi style="opnumber">265</hi></p>
<p rend="petit left"><hi>4</hi> Кн. Серг. Дм. Горчаков.</p>
<p rend="petit left"><hi>5</hi> <hi>Зачеркнуто:</hi> de bonnes qualités.</p>
<p rend="petit left"><hi>6</hi> Кн. Дм. Серг. и Алдр. Серг. Горчаковы. О них см. прим. 4 к п. № 84.</p>
<p rend="petit left"><hi>7</hi> Кн. Мих. Дм. Горчаков. О нем см. прим. к п. № 84.</p>
<p rend="petit left"><hi>8</hi> Вероятно, Николай Дмитриевич Банников, бывший дядька братьев Толстых, выведенный в «Детстве».</p>
</comments></div></body>
        </text>
        </TEI>