<?xml version='1.0' encoding='UTF-8' standalone='no'?>

<TEI xmlns="http://www.tei-c.org/ns/1.0">
       <teiHeader>
          <fileDesc>
             <titleStmt>
                <title>Письмо №214. А. П. Артюховой.</title>
             </titleStmt>
             <publicationStmt>
                <publisher>TolstoyLab</publisher>
                <date when="2015-09-14">14 September 2015</date>
             </publicationStmt>
             <sourceDesc>
                <biblStruct>
                   <analytic>
                      <author>Толстой Л.Н.</author>
                   </analytic>
                   <monogr>
                      <title level="m">Полное собрание сочинений. Том 60</title>
                      <imprint>
                         <pubPlace>Москва</pubPlace>
                         <publisher>Государственное издательство "Художественная литература"</publisher>
                         <date when="1949"/>
                      </imprint>
                   </monogr>
                   <series>
                      <title level="s">Л.Н. Толстой. Полное собрание сочинений</title>
                      <biblScope unit="vol">60</biblScope>
                   </series>
                </biblStruct>
				<bibl>Печатается по тексту, опубликованному в «Русской мысли», 1903, IX, стр. 77. Автограф хранился в Тульском архиве (дело это погибло). Дата определяется содержанием и состоявшимся постановлением по этому делу мирового съезда на заседании от 3 июля 1861 г.</bibl>
             </sourceDesc>
          </fileDesc>
          <encodingDesc>
             <tagsDecl> </tagsDecl>
          </encodingDesc>
          <profileDesc>
             <correspDesc>
                <correspAction type="sending">
                   <persName ref="PersonList.xml#L_N_Tolstoy">Л. Н. Толстой</persName>
                   <placeName ref="PlacesListxml#PLACE">Я. П.</placeName>
                   <date when="1861-06">1861 г. Июнь</date>            </correspAction>
                <correspAction type="receiving">
                   <persName ref="PersonList.xml#RECEIVER">А. П. Артюховой</persName>
                </correspAction>
                <correspContext>
                   <ref type="prev"/>
                </correspContext>
             </correspDesc>
          </profileDesc>
       </teiHeader>
       <xenoData><number type="in a volume">214</number></xenoData>

              <text xml:id="A.P.Artyuxovoj_214">
	<body><div>
		<opener index="false">
214. А. П. Артюховой.
1861 г. Июнь. Я. П.</opener>
<p rend="left">Милостивая государыня Александра Павловна! Статья 232 мне давно известна; она говорит о тягольных, — заглавие ее: О особых видах издельной повинности (барщины), и потому не относится к Марке.<note xml:id="note1" resp="volume_editor" index="false"> Марк Григорьев — крестьянин, садовник в имении Артюховой.</note> К Марке же и его жене<note xml:id="note2" resp="volume_editor" index="false"> Григорьева — жена Марка, ключница помещицы Артюховой.</note> <hi style="opdelimiter">относится</hi><hi style="opnumber">397</hi> <hi style="npnumber">398</hi><hi style="npdelimiter">следующее:</hi> Марк немедленно, по моему приказанию, уйдет с женою, куда ему угодно. Вас же я покорнейше прошу: 1) удовлетворить его за прослуженные у вас противозаконно со времени объявления Положения три месяца с половиной и 2) за побои, нанесенные его жене, еще более противозаконно. Ежели вам не нравится мое решение, то вы имеете право жаловаться на мировой съезд и в губернское присутствие.<note xml:id="note3" resp="volume_editor" index="false"> В ответ на распоряжение Толстого Артюхова подала в Крапивенский уездный мировой съезд прошение, в котором заявляла об уходе от нее, «по внушению и приказанию гр. Толстого», садовника Марка Григорьева, утверждавшего, что теперь он «совершенно свободный», ссылаясь на ст. 8 Местного положения, а затем на письменное ее указание на ст. 232 того же Положения. По заявлению жалобщицы, Толстой, толкуя по-своему и непонятно для нее статью эту, берет уже самовольно роль судьи над нею, штрафует и присуждает ее. Артюхова отрицает факт нанесения побоев жене Марка, а также указывает на неприменимость к Марку Григорьеву ст. 8 и нарушение Толстым ст. 58 Правил о порядке приведения в действие Положения о крестьянах, так как он «мерами своими произвел волнение и между прочими дворовыми людьми ее и людьми опекаемого ею имения г-жи Лопатиной», просит «рассмотреть дело и права Марки Григорьева и сделать распоряжение, чтобы впредь по всем делам, до мирового посредника касающимся, она подлежала бы не гр. Толстому, а кому-либо из других посредников Крапивенского уезда», так как она убеждена, что все действия гр. Толстого, до нее касающиеся, будут враждебны.</note> Я же по этому предмету более объясняться не буду.</p>
<p rend="left">С совершенным почтением имею честь быть ваш покорный слуга гр. Л. Толстой.</p>
<comments><p rend="Textpetit_otstup left">Печатается по тексту, опубликованному в «Русской мысли», 1903, IX, стр. 77. Автограф хранился в Тульском архиве (дело это погибло). Дата определяется содержанием и состоявшимся постановлением по этому делу мирового съезда на заседании от 3 июля 1861 г.</p>
<p rend="petit left">Александра Павловна Артюхова — помещица Крапивенского уезда Тульской губернии.</p>
<p rend="Textpetit_otstup left"><hi>1</hi> Марк Григорьев — крестьянин, садовник в имении Артюховой.</p>
<p rend="petit left"><hi>2</hi> Григорьева — жена Марка, ключница помещицы Артюховой.</p>
<p rend="petit left"><hi>3</hi> В ответ на распоряжение Толстого Артюхова подала в Крапивенский уездный мировой съезд прошение, в котором заявляла об уходе от нее, «по внушению и приказанию гр. Толстого», садовника Марка Григорьева, утверждавшего, что теперь он «совершенно свободный», ссылаясь на ст. 8 Местного положения, а затем на письменное ее указание на ст. 232 того же Положения. По заявлению жалобщицы, Толстой, толкуя по-своему и непонятно для нее статью эту, берет уже самовольно роль судьи над нею, штрафует и присуждает ее. Артюхова отрицает факт нанесения побоев жене Марка, а также указывает на неприменимость к Марку Григорьеву ст. 8 и нарушение Толстым ст. 58 Правил о порядке приведения в действие Положения о крестьянах, так как он «мерами своими произвел волнение и между прочими дворовыми людьми ее и людьми опекаемого ею имения г-жи Лопатиной», просит «рассмотреть дело и права Марки Григорьева и сделать распоряжение, чтобы впредь по всем делам, до мирового посредника касающимся, она подлежала бы не гр. Толстому, а кому-либо из других посредников Крапивенского уезда», так как она убеждена, что все действия гр. Толстого, до нее касающиеся, будут враждебны.</p>
<p rend="petit left">Мировой съезд, рассмотрев жалобу Артюховой, не одобрил действия посредника. Толстой же объявил, что, несмотря на несогласие мирового съезда, решение свое приведет в исполнение. В заседании от 3 июля 1861 г. мировой съезд постановил: «Представить об изложенном губернскому по крестьянским делам присутствию и просить оное войти в рассмотрение действий мирового посредника гр. Толстого и принять во внимание, что подобные действия должны иметь весьма вредные последствия, ослабляя доверенность крестьян к прочим мировым посредникам, не решающимся действовать самопроизвольно, а поступающим — выслушав обе <hi style="opdelimiter">стороны,</hi><hi style="opnumber">398</hi> <hi style="npnumber">399</hi><hi style="npdelimiter">примирительно</hi> и во всем согласно с высочайше утвержденным Положением о крестьянах».</p>
<p rend="petit left">Губернское присутствие определило: «Решение мирового посредника, по которому крестьянин Марк Григорьев и жена его уволены от исполнения прежних обязанностей, утвердить; заключение же мирового съезда, как последовавшее по делу, не подлежащему его ведомству, отменить со всеми его последствиями. Относительно же вопроса об удовлетворении Марка Григорьева за прослуженные со времени обнародования Положения 3 <hi>1</hi>/<sub>2 </sub>месяца и за побои, будто бы нанесенные его жене, губернское присутствие заявило, что такого рода вопросы не подлежат его рассмотрению, а относятся к тому разряду дел, которые представлены ведомству мировых посредников, под названием дел «по спорам, жалобам и недоразумениям» (ст. 24). По этим делам решения мировых посредников или приводятся в исполнение (ст. 77), или поступают на рассмотрение мировых съездов (ст. 73 и 106)». Вопрос о причислении имения Артюховой к другому ближайшему мировому посреднику губернское присутствие нашло неосновательным.</p>
</comments></div></body>
        </text>
        </TEI>