<?xml version='1.0' encoding='UTF-8' standalone='no'?>

<TEI xmlns="http://www.tei-c.org/ns/1.0">
       <teiHeader>
          <fileDesc>
             <titleStmt>
                <title>Письмо №367. А. А. Толстой.</title>
             </titleStmt>
             <publicationStmt>
                <publisher>TolstoyLab</publisher>
                <date when="2015-09-14">14 September 2015</date>
             </publicationStmt>
             <sourceDesc>
                <biblStruct>
                   <analytic>
                      <author>Толстой Л.Н.</author>
                   </analytic>
                   <monogr>
                      <title level="m">Полное собрание сочинений. Том 61</title>
                      <imprint>
                         <pubPlace>Москва</pubPlace>
                         <publisher>Государственное издательство "Художественная литература"</publisher>
                         <date when="1953"/>
                      </imprint>
                   </monogr>
                   <series>
                      <title level="s">Л.Н. Толстой. Полное собрание сочинений</title>
                      <biblScope unit="vol">61</biblScope>
                   </series>
                </biblStruct>
				<bibl>Впервые опубликовано, с датой: «Март? 1872 г.», в ПТ, № 71. Датируется: 1) упоминанием о работе над «Азбукой»; 2) записью в дневнике</bibl>
             </sourceDesc>
          </fileDesc>
          <encodingDesc>
             <tagsDecl> </tagsDecl>
          </encodingDesc>
          <profileDesc>
             <correspDesc>
                <correspAction type="sending">
                   <persName ref="PersonList.xml#L_N_Tolstoy">Л. Н. Толстой</persName>
                   <placeName ref="PlacesListxml#PLACE">Я. П.</placeName>
                   <date when="1872-03-31">1872 г. Марта 31.</date>            </correspAction>
                <correspAction type="receiving">
                   <persName ref="PersonList.xml#RECEIVER">А. А. Толстой</persName>
                </correspAction>
                <correspContext>
                   <ref type="prev"/>
                </correspContext>
             </correspDesc>
          </profileDesc>
       </teiHeader>
       <xenoData><number type="in a volume">367</number></xenoData>

              <text xml:id="A__A__Tolstoj_367">
	<body><div>
		<opener index="false">
367. А. А. Толстой.
1872 г. Марта 31. Я. П.</opener>
<p rend="left">Когда я вам написал письмо, любезный друг Alexandrine, и долго не получал ответа, я ни минуты не сомневался в том, что какая-нибудь причина мешает вам писать, но когда я получил ваше письмо,<note xml:id="note1" resp="volume_editor" index="false"> Письмо А. А. Толстой неизвестно.</note> я вдруг понял, что на вашем месте я бы не стал писать. И мне стало совестно, в особенности оттого, что вы были больны. Я могу по годам не переписываться с людьми, которых я люблю, но только бы знать, что эти люди хоть не счастливы, но не несчастливы — не больны. А думать, что я ничего не знаю, а близкий мне человек страдает физически или нравственно, очень неприятно; и потому я с нынешнего дня исправился и начинаю, если вы хотите, правильную переписку. Не пугайтесь — если я получу от вас в год три письма — это довольно. Одно нехорошо, это то, что — не знаю, как вы с другими друзьями, — но со мной вы не ровны — в том смысле, что общий наш интерес всегда составлял — большая часть меня, и маленькая часть ваша, т. е. что вы всегда больше интересуетесь мною, чем позволяете мне интересоваться вами. А это мне неловко. Я эгоист в своей умственной деятельности, т. е. что мои мысли, мне кажется, всегда должны быть интересны для всех, и я готов навязывать их всем; но свою персону я считаю за очень малое и для самого себя, не только ни для кого другого неинтересною. —</p>
<p rend="left">Что ваше здоровье? Об этом непременно напишите мне; а если вы прибавите к этому коротенький хоть bulletin о вашем нравственном, душевном состоянии, то это будет мне сюрприз, — подарок. Когда я был молод и смотрел на таких седых беззубых стариков, как я, как твердо я был уверен, что если есть интересная душевная жизнь, движение, то ее надо искать в молодых, а что эти старики засохли, как мощи, и снутри и снаружи, и всё такие же; а теперь вижу, что дальше вперед, то больше, круче ступени, — так и обрываешься под них, не ожидая. Это я к тому говорю, что хоть краткой bulletin о вашем душевном <hi style="opdelimiter">состоянии</hi><hi style="opnumber">280</hi> <hi style="npnumber">281</hi><hi style="npdelimiter">мне</hi> интересен. Моя жизнь всё та же, т. е. лучше не могу желать. Немножко есть умных и больших радостей, ровно сколько в силах испытывать, и толстый фон <hi>глупых радостей</hi>, как то: учить грамоте крестьянских детей, выезжать лошадь молодую, любоваться на вновь пристроенную большую комнату, рассчитывать будущие доходы с новокупленного имения, хорошо переделанная басня Эзопа,<note xml:id="note2" resp="volume_editor" index="false"> Переделки басен Эзопа Толстой включал в «Азбуку».</note> отбарабаненная в 4 руки симфония с племянницею, хорошие телята — всё телки и т. п. Большие же радости это семья, <hi>страшно</hi> благополучная, все дети живы, здоровы, и, почти уверен, умны и неиспорченны, и занятия. Прошлого года это был греческий язык, нынешний год — это была азбука до сих пор, и теперь я начинаю новый, большой труд,<note xml:id="note3" resp="volume_editor" index="false"> Роман из эпохи Петра I. См. т. 17.</note> в котором будет кое-что из того, что я говорил вам, но всё другое, чего я никогда и не думал. Я теперь вообще чувствую себя отдохнувшим от прежнего труда и освободившимся совсем от влияния на самого себя своего сочинения и, главное, освобожденным от гордости, от похвал. Я берусь за работу с радостью, робостью и сомнениями, как и в первый раз.</p>
<p rend="left">В Москву на выставку<note xml:id="note4" resp="volume_editor" index="false"> 30 мая, в день празднования 200-летия со дня рождения Петра I, в Москве была открыта в Александровском саду Политехническая выставка, продолжавшаяся до 4 сентября. Среди многих других разделов <hi style="opdelimiter">был</hi><hi style="opnumber">281</hi> <hi style="npnumber">282</hi><hi style="npdelimiter">отдел</hi> педагогический, в котором Толстой предполагал выставить свою «Азбуку». 8 июля Толстой осматривал эту выставку. <ref target="file:///Volume_83_iyulya9_100.xml">См. т. 83, письмо № 100</ref>.</note> я не только не думаю ехать, но вчера я вернулся из Москвы, где я заболел, с таким отвращением ко всей этой праздности, роскоши, к нечестно приобретенным и мужчинами и женщинами средствам, к этому разврату, проникшему во все слои общества, к этой нетвердости общественных правил, что решился никогда не ездить в Москву. Со страхом думаю о будущем, когда вырастут дочери. —</p>
<p rend="left">Целую вашу руку. Соня благодарит за память и целует вас.</p>
<p rend="right">Ваш старый и верный друг Л. Толстой.</p>
<p rend="left">Если вы видите ваших, передайте им мой душевный привет. Я ничего не знаю про них, напишите про них словечко.</p>
<comments><p rend="Textpetit_otstup left">Впервые опубликовано, с датой: «Март? 1872 г.», в ПТ, № 71. Датируется: 1) упоминанием о работе над «Азбукой»; 2) записью в дневнике</p>
<p rend="petit left">С. А. Толстой 30 марта 1872 г.: «30 марта Левочка вернулся из Москвы».</p>
<p rend="Textpetit_otstup left"><hi>1</hi> Письмо А. А. Толстой неизвестно.</p>
<p rend="petit left"><hi>2</hi> Переделки басен Эзопа Толстой включал в «Азбуку».</p>
<p rend="petit left"><hi>3</hi> Роман из эпохи Петра I. См. т. 17.</p>
<p rend="left"><note xml:id="note5" resp="volume_editor" index="false"> 30 мая, в день празднования 200-летия со дня рождения Петра I, в Москве была открыта в Александровском саду Политехническая выставка, продолжавшаяся до 4 сентября. Среди многих других разделов <hi style="opdelimiter">был</hi><hi style="opnumber">281</hi> <hi style="npnumber">282</hi><hi style="npdelimiter">отдел</hi> педагогический, в котором Толстой предполагал выставить свою «Азбуку». 8 июля Толстой осматривал эту выставку. <ref target="file:///Volume_83_iyulya9_100.xml">См. т. 83, письмо № 100</ref>.</note> 30 мая, в день празднования 200-летия со дня рождения Петра I, в Москве была открыта в Александровском саду Политехническая выставка, продолжавшаяся до 4 сентября. Среди многих других разделов <hi style="opdelimiter">был</hi><hi style="opnumber">281</hi> <hi style="npnumber">282</hi><hi style="npdelimiter">отдел</hi> педагогический, в котором Толстой предполагал выставить свою «Азбуку». 8 июля Толстой осматривал эту выставку. <ref target="file:///Volume_83_iyulya9_100.xml">См. т. 83, письмо № 100</ref>.</p>
</comments></div></body>
        </text>
        </TEI>