<?xml version='1.0' encoding='UTF-8' standalone='no'?>

<TEI xmlns="http://www.tei-c.org/ns/1.0">
       <teiHeader>
          <fileDesc>
             <titleStmt>
                <title>Письмо №* 111. А. А. Зеленому.</title>
             </titleStmt>
             <publicationStmt>
                <publisher>TolstoyLab</publisher>
                <date when="2015-09-14">14 September 2015</date>
             </publicationStmt>
             <sourceDesc>
                <biblStruct>
                   <analytic>
                      <author>Толстой Л.Н.</author>
                   </analytic>
                   <monogr>
                      <title level="m">Полное собрание сочинений. Том 60</title>
                      <imprint>
                         <pubPlace>Москва</pubPlace>
                         <publisher>Государственное издательство "Художественная литература"</publisher>
                         <date when="1949"/>
                      </imprint>
                   </monogr>
                   <series>
                      <title level="s">Л.Н. Толстой. Полное собрание сочинений</title>
                      <biblScope unit="vol">60</biblScope>
                   </series>
                </biblStruct>
             </sourceDesc>
          </fileDesc>
          <encodingDesc>
             <tagsDecl> </tagsDecl>
          </encodingDesc>
          <profileDesc>
             <correspDesc>
                <correspAction type="sending">
                   <persName ref="PersonList.xml#L_N_Tolstoy">Л. Н. Толстой</persName>
                   <placeName ref="PlacesListxml#PLACE">Я. П.</placeName>
                   <date when="1858-04-16">1858 г. Апреля 16.</date>            </correspAction>
                <correspAction type="receiving">
                   <persName ref="PersonList.xml#RECEIVER">А. А. Зеленому</persName>
                </correspAction>
                <correspContext>
                   <ref type="prev"/>
                </correspContext>
             </correspDesc>
          </profileDesc>
       </teiHeader>
       <xenoData><number type="in a volume">111</number></xenoData>

              <text xml:id="A.A.Zelenomu_111">
	<body><div>
		<opener index="false">
* 111. А. А. Зеленому. Неотправленное.
1858 г. Апреля 16. Я. П.
</opener>
<p rend="Obrashenie left">Милостивый Государь </p>
<p rend="Obrashenie1_ left">Александр Алексеевич.</p>
<p rend="left">Лесной Комитет решил, что проэкт мой<note xml:id="note1" resp="volume_editor" index="false"> О лесном проекте Толстого см. т. 5, стр. 259.</note> невыгоден для казны в денежном отношении потому, что, считая стоимость десятины через 90 лет в 150 р. сер., казна при шестилетнем пользовании землей теряет 9 р. 90 к. на культуру десятины, тогда как при теперешнем порядке она расходует только 6 р. 17к. на десятину; потом доказывается, что на очищенной десятине культуры будут хуже, и, наконец, говорится, что представленные обеспечения были бы недостаточны для покрытия потерь казны при неудачности культур. Не отвечая на эти возражения, которые никогда бы не могли быть сделаны, ежели бы Вам угодно было пригласить меня в Комитет, я только желаю сообщить Вам некоторые выводы, вытекающие из ответа Лесного Комитета.</p>
<p rend="left"><hi>Казна получает через 90 лет 150</hi> р. <hi>сер</hi>. <hi>с десятины</hi>, на которую употреблено 6 р. 17 коп. — Какая же цыфра представляет стоимость этой десятины в продолжение 90 лет? Деньги по существу своему подчиняются везде общему закону процента. Каждая сумма удваивается через 15—17 лет. Через 90 лет какую сумму составляет 6 р. 17 коп. в фондах или акциях? От 400 до 600 руб. сер. В лесах же они дают 150 руб. сер., следовательно от 250 до 450 р. сер. убытка на десятину, кроме расходов, употребленных на содержание корпуса лесничих. — Каким же образом может быть речь о денежном убытке казны при вольном лесонасаждении без платы, когда нормальное положение лесохозяйства казенного есть чистый убыток 400 р. с десятины? Мне скажут, <hi>что казна несет эти убытки в видах общей государственной пользы сохранения лесов</hi>. Рассмотрим это предложение. В записке своей я говорил, что лесных культур нет и не может быть без очищения земли, и в действительности чистых лесных культур нигде нет, исключая на бумаге. <hi style="opdelimiter">Леса</hi><hi style="opnumber">261</hi> <hi style="npnumber">262</hi><hi style="npdelimiter">возобновляются</hi> только природою, без содействия тех 6 р. 17 к., которые составляют чистый убыток казны на каждую десятину уже не 400, а 600 р. сер. Кроме того, ежели главная цель правительства есть только сохранение лесов, то гораздо удобнее бы было, оценив леса корабельщиками, запретить в них рубки и уничтожить убыточные культуры. Правительство по крайней мере не несло бы убытков с самого капитала, хотя и не получало бы процентов.</p>
<p rend="left">Но при теперешнем положении далеко не достигается и общая государственная цель. Старые леса вырубаются, новые не засаждаются, а ежели засаждаются, то с огромным ущербом. Правительство содержит целый корпус лесничих, огромный капитал, находящийся в земле и лесах, приносит убыток, и выхода из этого положения не предвидится никакого. Естественно представляются вопросы, отчего такое положение? Отчего лесной капитал, приносящий равные всякому другому капиталу проценты и во многих местах Германии, где лес дешевле нашего, и у самих нас в вольных руках, отчего этот капитал не приносит разве никакого процента или убыток при культурах, или самый жалкий процент при природном насаждении? Отчего в тех местах, где помещики находят выгодным засаживать поля лесами, казенные леса уменьшаются? и вся земля, находящаяся под лесами, остается без пользы? &lt;На все эти вопросы я отвечаю одним словом: монополия — самая вредная и безнравственная монополия казны, основанная не на знании дела, не на комерческом обороте, а на власти. До тех пор, пока будет существовать эта монополия, до тех пор пока казенные леса не перейдут в руки вольных промышленников, до тех пор лесное хозяйство не пойдет успешно в России. Единственно&gt;<note xml:id="note2" resp="volume_editor" index="false"> Заключенное в угловые скобки перечеркнуто Толстым крестом. Далее в автографе один лист утерян.</note>.... промышленник развести лес на десятине тем более, что в этом будет состоять его прямая выгода, особенно когда ему будет запрещено иметь после 6 или 7 лет покосы и поля на лесосеках. — Мне скажут еще, что с общей государственной точки зрения никто не поручится за не истребление всех лесов в России. На это отвечу, что лучшее ручательство в успешном ходе общего дела есть выгода каждого лица в общем деле. — Кроме того, могут быть оставлены ревизоры для наблюдения за откупщиками, которые и без залогов лишатся значительной выгоды при отобрании у них участков. Ежели рассчет мой верен, то я полагаю, что казне было бы весьма выгодно, разочтя тот ежегодный доход, который она <hi style="opdelimiter">получает</hi><hi style="opnumber">262</hi> <hi style="npnumber">263</hi><hi style="npdelimiter">с</hi> известного леса,<note xml:id="note3" resp="volume_editor" index="false"> <hi>Зачеркнуто</hi>: разложить его.</note> разложить по десятинно кругом всего и крупного, и мелкого, и срубленного леса и сдать его хоть на 100 лет, за ежегодную плату вольной компании, обязав её при том известными условиями. Кроме целого устава, который может и должен быть написан по этому предмету, главным условием должно быть обязательство со стороны компании не<note xml:id="note4" resp="volume_editor" index="false"> <hi>Зачеркнуто</hi>: не производить</note> пользоваться землей после известного срока по срубке ни как покосами, ни как<note xml:id="note5" resp="volume_editor" index="false"> <hi>Зачеркнуто</hi>: пастбищем</note> полем. Тогда разведение лучших нужнейших в краю и полезнейших пород леса будет составлять выгоду промышленников. Не говорю о громадных выгодах для целого края, вытекающих из такого порядка, о выгодах финансовых для казны и нравственных для всего государства в упразднении корпуса лесничих. Весьма сожалею, что сам, бывши в Петербурге, не успел изложить подробно всех вытекающих выгод из такого преобразования. — Даже приступить к этому делу я полагаю очень легким и удобным. Написать устав для компании conditio sine qua non,<note xml:id="note6" resp="volume_editor" index="false"> [условие, без которого что-либо не может существовать,]</note> публиковать его и пригласить к торгам на целые засеки, начиная с ближайших, находящихся в более населенных местах.</p>
<comments><p rend="Textpetit_otstup left">Дата определяется записью в Дневнике под 17 апреля 1858 г., т. 48. Письмо является ответом на выписку из журнала специального по лесной части комитета от 17 января 1858 г. Судя по тому, что оно не окончено и сохранилось среди бумаг Толстого, оно отправлено не было.</p>
<p rend="petit left">Александр Алексеевич Зеленой (1818—1880) — генерал-адъютант, был в то время товарищем министра государственных имуществ. В 1862— 1872 гг. был министром государственных имуществ.</p>
<p rend="Textpetit_otstup left"><hi>1</hi> О лесном проекте Толстого см. т. 5, стр. 259.</p>
<p rend="petit left"><hi>2</hi> Заключенное в угловые скобки перечеркнуто Толстым крестом. Далее в автографе один лист утерян.</p>
<p rend="petit left"><hi>3</hi> <hi>Зачеркнуто</hi>: разложить его.</p>
<p rend="petit left"><hi>4</hi> <hi>Зачеркнуто</hi>: не производить</p>
<p rend="petit left"><hi>5</hi> <hi>Зачеркнуто</hi>: пастбищем</p>
<p rend="petit left"><hi>6</hi> [условие, без которого что-либо не может существовать,]</p>
</comments></div></body>
        </text>
        </TEI>