<?xml version='1.0' encoding='UTF-8' standalone='no'?>

<TEI xmlns="http://www.tei-c.org/ns/1.0">
       <teiHeader>
          <fileDesc>
             <titleStmt>
                <title>Письмо №8. Министру внутренних дел С. С. Ланскому.</title>
             </titleStmt>
             <publicationStmt>
                <publisher>TolstoyLab</publisher>
                <date when="2015-09-14">14 September 2015</date>
             </publicationStmt>
             <sourceDesc>
                <biblStruct>
                   <analytic>
                      <author>Толстой Л.Н.</author>
                   </analytic>
                   <monogr>
                      <title level="m">Полное собрание сочинений. Том 60</title>
                      <imprint>
                         <pubPlace>Москва</pubPlace>
                         <publisher>Государственное издательство "Художественная литература"</publisher>
                         <date when="1949"/>
                      </imprint>
                   </monogr>
                   <series>
                      <title level="s">Л.Н. Толстой. Полное собрание сочинений</title>
                      <biblScope unit="vol">60</biblScope>
                   </series>
                </biblStruct>
				<bibl>Впервые опубликовано в т. 5 настоящего издания, стр. 245―247. Дата определяется содержанием. См. Дневник, т. 47, записи от 22 до 25 апреля, стр. 69.</bibl>
             </sourceDesc>
          </fileDesc>
          <encodingDesc>
             <tagsDecl> </tagsDecl>
          </encodingDesc>
          <profileDesc>
             <correspDesc>
                <correspAction type="sending">
                   <persName ref="PersonList.xml#L_N_Tolstoy">Л. Н. Толстой</persName>
                   <placeName ref="PlacesListxml#PLACE">Петербург.</placeName>
                   <date when="1856-04-25">1856 г. Апреля 25.</date>            </correspAction>
                <correspAction type="receiving">
                   <persName ref="PersonList.xml#RECEIVER">Министру внутренних дел С. С. Ланскому</persName>
                </correspAction>
                <correspContext>
                   <ref type="prev"/>
                </correspContext>
             </correspDesc>
          </profileDesc>
       </teiHeader>
       <xenoData><number type="in a volume">8</number></xenoData>

              <text xml:id="S.S.Lanskomuministrvnutr.del_8">
	<body><div>
		<opener index="false">
8. Министру внутренних дел С. С. Ланскому. Черновое.
1856 г. Апреля 25. Петербург.
</opener>
<p rend="Obrashenie left">Г-ну Министру Ланскому.</p>
<p rend="left">Желая выпустить на волю крестьян моих в имении, заложенном в Опекунском Совете, я избрал способ выкупа за землю, которой они владеют, и который продолжится 30 лет, срок необходимый для выплаты долга Опекунского Совета.<note xml:id="note1" resp="volume_editor" index="false"> В Опекунском совете было заложено имение Ясная Поляна на сумму около 20 000 р.</note> —</p>
<p rend="left">С этой целью я написал проект условия между мною и крестьянами или обязательства с моей стороны, которое ставило бы тотчас же крестьян в положение свободного сословия, не уничтожая вместе с тем связи между землею и ими.<note xml:id="note2" resp="volume_editor" index="false"> См. т. 47, стр. 50, и т. 5, стр. 243―245.</note> —</p>
<p rend="left">Осмеливаясь предложить сей проект на рассмотрение Вашего <choice original_editorial_correction='Высокопр[евосходительства]'><sic>Высокопр</sic><corr>Высокопревосходительства</corr></choice>, имею честь покорнейше просить, по новизне этого случая, о разрешении составления и утверждения у крепостных дел<note xml:id="note3" resp="volume_editor" index="false"> «У крепостных дел» ― то есть в крепостной экспедиции гражданской палаты.</note> такового условия. —</p>
<p rend="left"><hi>Вопросы</hi>. От <choice original_editorial_correction='Опек[унского]'><sic>Опек</sic><corr>Опекунского</corr></choice> <choice original_editorial_correction='С[овета]'><sic>С</sic><corr>Совета</corr></choice>: Можно ли выпустить без земли, оставив долг на земле? Moжно ли выкупаться <hi style="opdelimiter">нескольким:</hi><hi style="opnumber">57</hi> <hi style="npnumber">58</hi><hi style="npdelimiter">с</hi> землею, взнося свою часть Опекунскому Совету? Можно ли выпустить всех со всею землею на волю с переводом на них долга? И по сколько для того должно быть при каждой душе земли?</p>
<p rend="left">От <choice original_editorial_correction='Мин[истерства]'><sic>Мин</sic><corr>Министерства</corr></choice> <choice original_editorial_correction='В[нутренних]'><sic>В</sic><corr>Внутренних</corr></choice> <choice original_editorial_correction='Д[ел]'><sic>Д</sic><corr>Дел</corr></choice>: Можно ли заключить условие с мужиками? Можно ли завещать волю и завещать одному?<note xml:id="note4" resp="volume_editor" index="false"> На следующей странице Толстым сделана выписка из IX тома «Свода законов», относящаяся к «Положению об обязанных крестьянах» (статьи 761 и 764 законов о состояниях); за этой выпиской следует продолжение вопросов Министерству внутренних дел и Опекунскому совету.</note> ―</p>
<p rend="left">Вопросы в <choice original_editorial_correction='М[инистерство]'><sic>М</sic><corr>Министерство</corr></choice> <choice original_editorial_correction='В[нутренних]'><sic>В</sic><corr>Внутренних</corr></choice> <choice original_editorial_correction='Д[ел]'><sic>Д</sic><corr>Дел</corr></choice>:</p>
<p rend="left">Можно ли заключить контракт с крестьянами и дворовыми в именьи, находящемся в залоге, состоящий в том, что, со дня заключения контракта, я отпускаю крестьян и дворовых от всех повинностей к помещику, отдаю им в полное распоряжение общины по 4 <hi>1</hi>/<sub>2</sub> <choice original_editorial_correction='дес[ятины]'><sic>дес</sic><corr>десятины</corr></choice> земли на тягло и обязую их платить мне в продолжении 30 лет по 5 рублей с десятины? В продолжении этих 30 лет имение выходит из залога, и я обязуюсь не перезакладывать его. По истечении же 30 лет крестьяне свободны и поступают в государственные с землею. ― Можно ли при заключении контракта написать вольную, действительную по истечении 30 лет ― или в контракте только положить условием, что по истечении срока, крестьяне свободны? ―</p>
<p rend="left">В случае недоимки, имение может быть продано только в государственные имущества.</p>
<p rend="left">Можно ли, ежели нельзя заключить контракта у крепостных дел, совершить таковое же домашнее условие и утвердить его завещанием?</p>
<p rend="left">Ежели это новый вопрос, то можно ли о том подать докладную записку <choice original_editorial_correction='М[инистр]у'><sic>Му</sic><corr>Министру</corr></choice> <choice original_editorial_correction='В[нутренних]'><sic>В</sic><corr>Внутренних</corr></choice> <choice original_editorial_correction='Д[ел]'><sic>Д</sic><corr>Дел</corr></choice>? ―</p>
<p rend="left"><hi>Вопросы <choice original_editorial_correction='Оп[екунскому]'><sic>Оп</sic><corr>Опекунскому</corr></choice> <choice original_editorial_correction='С[овету]'><sic>С</sic><corr>Совету</corr></choice>.</hi></p>
<p rend="left">Можно ли разделить долг: часть на крестьян, часть на землю, <choice original_editorial_correction='к[оторая]'><sic>к</sic><corr>которая</corr></choice> останется у помещика?</p>
<p rend="left">Можно ли выкупаться отдельно крестьянам с землею, выплачивая за себя отдельно долг Совету? ―</p>
<p rend="left">Можно ли всех отпустить с переводом на них долга, и какой для того minimum земли? ―</p>
<comments><p rend="Textpetit_otstup left">Впервые опубликовано в т. 5 настоящего издания, стр. 245―247. Дата определяется содержанием. См. Дневник, т. 47, записи от 22 до 25 апреля, стр. 69.</p>
<p rend="petit left">Гр. Сергей Степанович Ланской (1787―1862) ― сначала губернатор во Владимире и Костроме, в 1850 г. член Государственного совета, в 1855 г. министр внутренних дел; занимал этот пост до апреля 1861 <hi style="opdelimiter">г.</hi><hi style="opnumber">58</hi></p>
<p rend="Textpetit_otstup left"><hi>1</hi> В Опекунском совете было заложено имение Ясная Поляна на сумму около 20 000 р.</p>
<p rend="petit left"><hi>2</hi> См. т. 47, стр. 50, и т. 5, стр. 243―245.</p>
<p rend="petit left"><hi>3</hi> «У крепостных дел» ― то есть в крепостной экспедиции гражданской палаты.</p>
<p rend="petit left"><hi>4</hi> На следующей странице Толстым сделана выписка из IX тома «Свода законов», относящаяся к «Положению об обязанных крестьянах» (статьи 761 и 764 законов о состояниях); за этой выпиской следует продолжение вопросов Министерству внутренних дел и Опекунскому совету.</p>
</comments></div></body>
        </text>
        </TEI>