<?xml version='1.0' encoding='UTF-8' standalone='no'?>

<TEI xmlns="http://www.tei-c.org/ns/1.0">
       <teiHeader>
          <fileDesc>
             <titleStmt>
                <title>Письмо №* 410. H. Н. Страхову.</title>
             </titleStmt>
             <publicationStmt>
                <publisher>TolstoyLab</publisher>
                <date when="2015-09-14">14 September 2015</date>
             </publicationStmt>
             <sourceDesc>
                <biblStruct>
                   <analytic>
                      <author>Толстой Л.Н.</author>
                   </analytic>
                   <monogr>
                      <title level="m">Полное собрание сочинений. Том 61</title>
                      <imprint>
                         <pubPlace>Москва</pubPlace>
                         <publisher>Государственное издательство "Художественная литература"</publisher>
                         <date when="1953"/>
                      </imprint>
                   </monogr>
                   <series>
                      <title level="s">Л.Н. Толстой. Полное собрание сочинений</title>
                      <biblScope unit="vol">61</biblScope>
                   </series>
                </biblStruct>
             </sourceDesc>
          </fileDesc>
          <encodingDesc>
             <tagsDecl> </tagsDecl>
          </encodingDesc>
          <profileDesc>
             <correspDesc>
                <correspAction type="sending">
                   <persName ref="PersonList.xml#L_N_Tolstoy">Л. Н. Толстой</persName>
                   <placeName ref="PlacesListxml#PLACE">Я. П.</placeName>
                   <date when="1872-10-16">1872 г. Октября 16.</date>            </correspAction>
                <correspAction type="receiving">
                   <persName ref="PersonList.xml#RECEIVER">H. Н. Страхову</persName>
                </correspAction>
                <correspContext>
                   <ref type="prev"/>
                </correspContext>
             </correspDesc>
          </profileDesc>
       </teiHeader>
       <xenoData><number type="in a volume">410</number></xenoData>

              <text xml:id="H__N__Straxovu_410">
	<body><div>
		<opener index="false">
* 410. H. Н. Страхову.
1872 г. Октября 16...17. Я. П.</opener>
<p rend="left">Мы с вами искренно уважаем друг друга, что не так часто бывает, как это говорится, и оттого-то мы так боимся огорчить один другого. Мне и про опечатки совестно писать вам, потому что знаю, что это вас огорчит, а вы меня боитесь огорчить. —</p>
<p rend="left">2 вместо 8, пожалуй, не перепечатывайте,<note xml:id="note1" resp="volume_editor" index="false"> См. письмо от 9...10 октября, № 408.</note> а в опечатках означьте.</p>
<p rend="left">Объявленье я послал в <choice original_editorial_correction='Моск[овские]'><sic>Моск</sic><corr>Московские</corr></choice> <choice original_editorial_correction='вед[омости]'><sic>вед</sic><corr>ведомости</corr></choice>.<note xml:id="note2" resp="volume_editor" index="false"> См. письма №№ 412 и 420.</note> Я написал: выйдет 1-го Nоября (ошибся ли я?). Если вы одобрите объявление, то напишите такое же или измените. Надо прибавить то, что, при требовании стольких-то <choice original_editorial_correction='экземпл[яров]'><sic>экземпл</sic><corr>экземпляров</corr></choice>, делается столько-то уступки (так, как обыкновенно делается, я не знаю, сколько). Деньги 500 р. для типографщика будут готовы; но, извините меня, я ничего не помню, ни сколько месяцев вы занимались, ни сколько вы взяли; пришлите мне счет. Приблизительно я вам должен рублей 1000. Вы выдумываете, что вам моя работа была приятна и полезна, а я не выдумываю, что денежное вознаграждение нисколько не снимает с меня сознания того, что я вам обязан, так что не могу быть достаточно благодарен. Хотелось бы узнать, что вы делаете. По тону писем ваших мне кажется, что вы чем-то заняты, но расспрошу обо всем при свиданьи.</p>
<p rend="right">Ваш Л. <hi style="opdelimiter">Толстой.</hi><hi style="opnumber">328</hi></p>
<p rend="petit left"><hi style="npnumber">329</hi><hi style="npdelimiter">На</hi> автографе пометка Страхова: «17 октября 1872».</p>
<comments><p rend="Textpetit_otstup left"><hi>1 </hi> См. письмо от 9...10 октября, № 408.</p>
<p rend="petit left"><hi>2</hi> См. письма №№ 412 и 420.</p>
</comments></div></body>
        </text>
        </TEI>