<?xml version='1.0' encoding='UTF-8' standalone='no'?>

<TEI xmlns="http://www.tei-c.org/ns/1.0">
       <teiHeader>
          <fileDesc>
             <titleStmt>
                <title>Письмо №93. H. A. Некрасову</title>
             </titleStmt>
             <publicationStmt>
                <publisher>TolstoyLab</publisher>
                <date when="2015-09-14">14 September 2015</date>
             </publicationStmt>
             <sourceDesc>
                <biblStruct>
                   <analytic>
                      <author>Толстой Л.Н.</author>
                   </analytic>
                   <monogr>
                      <title level="m">Полное собрание сочинений. Том 59</title>
                      <imprint>
                         <pubPlace>Москва</pubPlace>
                         <publisher>Государственное издательство "Художественная литература"</publisher>
                         <date when="1935"/>
                      </imprint>
                   </monogr>
                   <series>
                      <title level="s">Л.Н. Толстой. Полное собрание сочинений</title>
                      <biblScope unit="vol">59</biblScope>
                   </series>
                </biblStruct>
				<bibl>Печатается по автографу, хранящемуся в ЛБ. Впервые напечатано Н. С. Ашукиным в АК, стр. 190—193.</bibl>
             </sourceDesc>
          </fileDesc>
          <encodingDesc>
             <tagsDecl> </tagsDecl>
          </encodingDesc>
          <profileDesc>
             <correspDesc>
                <correspAction type="sending">
                   <persName ref="PersonList.xml#L_N_Tolstoy">Л. Н. Толстой</persName>
                   <placeName ref="PlacesListxml#PLACE">Эски-Орда.</placeName>
                   <date when="1855-01-11">1855 г. Января 11.</date>            </correspAction>
                <correspAction type="receiving">
                   <persName ref="PersonList.xml#RECEIVER">H. A. Некрасову</persName>
                </correspAction>
                <correspContext>
                   <ref type="prev"/>
                </correspContext>
             </correspDesc>
          </profileDesc>
       </teiHeader>
       <xenoData><number type="in a volume">93</number></xenoData>

              <text xml:id="N.A.Nekrasovu_93">
	<body><div>
		<opener index="false">
93. H. A. Некрасову
1855 г. Января 11. Эски-Орда.
</opener>
<p rend="Obrashenie left">Милостивый Государь</p>
<p rend="Obrashenie1 left">Николай <choice><reg>Алексеевичь</reg><orig>Алексѣевичь</orig></choice>!</p>
<p rend="left"><choice><reg>В</reg><orig>Въ</orig></choice> <choice><reg>предыдущем</reg><orig>предыдущемъ</orig></choice> <choice><reg>письме</reg><orig>письмѣ</orig></choice> <choice><reg>моем</reg><orig>моемъ</orig></choice><note xml:id="note1" resp="volume_editor" index="false"><ref target="file:///Volume_59_N.A.Nekrasovu_91.xml">См. письмо № 91</ref>.</note> я <choice><reg>мельком</reg><orig>мелькомъ</orig></choice> <choice><reg>писал</reg><orig>писалъ</orig></choice> <choice><reg>Вам</reg><orig>Вамъ</orig></choice> о <choice><reg>матерьялах</reg><orig>матерьялахъ</orig></choice>, набравшихся у меня для <choice><reg>военного</reg><orig>военнаго</orig></choice> журнала, который предполагалось издавать при <choice><reg>армии</reg><orig>армiи</orig></choice>, и которые — матерьялы — я <choice><reg>предлагал</reg><orig>предлагалъ</orig></choice> <choice><reg>Вам</reg><orig>Вамъ</orig></choice> <choice><reg>поместить</reg><orig>помѣстить</orig></choice> <choice><reg>в</reg><orig>въ</orig></choice> <choice><reg>Вашем</reg><orig>Вашемъ</orig></choice> <choice><reg>журнале</reg><orig>журналѣ</orig></choice>; теперь <choice><reg>подробнее</reg><orig>подробнѣе</orig></choice> поговорю <choice><reg>об</reg><orig>объ</orig></choice> <choice><reg>этом</reg><orig>этомъ</orig></choice> <choice><reg>предмете</reg><orig>предметѣ</orig></choice>. <choice><reg>В</reg><orig>Въ</orig></choice> <choice><reg>неудаче</reg><orig>неудачѣ</orig></choice> <choice><reg>этого</reg><orig>этаго</orig></choice> Журнала <choice><reg>мне</reg><orig>мнѣ</orig></choice> не столько жалко <choice><reg>даром</reg><orig>даромъ</orig></choice> <choice><reg>пропавших</reg><orig>пропавшихъ</orig></choice> <choice><reg>трудов</reg><orig>трудовъ</orig></choice> и <choice><reg>матерьялов</reg><orig>матерьяловъ</orig></choice>, сколько мысли <choice><reg>этого</reg><orig>этаго</orig></choice> журнала, которая <choice><reg>стоит</reg><orig>стоитъ</orig></choice> того, чтобы быть осуществленной, хотя отчасти, ежели невозможно было осуществить ее <choice><reg>вполне</reg><orig>вполнѣ</orig></choice>.</p>
<p rend="left">Основная мысль <choice><reg>этого</reg><orig>этаго</orig></choice> журнала заключалась в <choice><reg>том</reg><orig>томъ</orig></choice>, что ежели не бòльшая часть, то <choice><reg>верно</reg><orig>вѣрно</orig></choice> бòльшая половина читающей публики <choice><reg>состоит</reg><orig>состоитъ</orig></choice> <choice><reg>из</reg><orig>изъ</orig></choice> <choice><reg>военных</reg><orig>военныхъ</orig></choice>, а у <choice><reg>нас</reg><orig>насъ</orig></choice> <choice><reg>нет</reg><orig>нѣтъ</orig></choice> военной литературы, исключая <choice><reg>официяльной</reg><orig>офицiяльной</orig></choice> военной литературы, почему-то не пользующейся <choice><reg>доверием</reg><orig>довѣрiемъ</orig></choice> публики и потому не могущей ни давать, ни выражать <choice><reg>направления</reg><orig>направленiя</orig></choice> нашего <choice><reg>военного</reg><orig>военнаго</orig></choice> общества. Мы <choice><reg>хотели</reg><orig>хотѣли</orig></choice> основать <hi><choice><reg>листок</reg><orig>листокъ</orig></choice></hi>, по <choice><reg>цене</reg><orig>цѣнѣ</orig></choice> и по <choice><reg>содержанию</reg><orig>содержанiю</orig></choice> доступный в<hi><choice><reg>сем</reg><orig>сѣмъ</orig></choice></hi> <choice><reg>сословиям</reg><orig>сословiямъ</orig></choice> <choice><reg>военного</reg><orig>военнаго</orig></choice> общества, <choice><reg>который бы</reg><orig>который-бы</orig></choice>, <choice><reg>избегая</reg><orig>избѣгая</orig></choice> <choice><reg>всякого</reg><orig>всякаго</orig></choice> <choice><reg>столкновения</reg><orig>столкновенiя</orig></choice> <choice><reg>с</reg><orig>съ</orig></choice> существующими у <choice><reg>нас</reg><orig>насъ</orig></choice> <choice><reg>военно-официальными</reg><orig>военно-офицiальными</orig></choice> журналами, <choice><reg>служил</reg><orig>служилъ</orig></choice> бы только <choice><reg>выражением</reg><orig>выраженiемъ</orig></choice> духа войска. —</p>
<p rend="left"><choice><reg>Журнал бы</reg><orig>Журналъ-бы</orig></choice> <choice><reg>разделялся</reg><orig>раздѣлялся</orig></choice> на <choice><reg>официальную</reg><orig>офицiальную</orig></choice> и неофициальную часть. <choice><reg>В</reg><orig>Въ</orig></choice> 1-й <choice><reg>помещались бы</reg><orig>помѣщались-бы</orig></choice> 1) <choice><reg>Известия</reg><orig>Извѣстiя</orig></choice> о <choice><reg>военных</reg><orig>военныхъ</orig></choice> <choice><reg>событиях</reg><orig>событiяхъ</orig></choice> со <choice><reg>всех</reg><orig>всѣхъ</orig></choice> <choice><reg>театров</reg><orig>театровъ</orig></choice> войны, 2) Приказы о <choice><reg>наградах</reg><orig>наградахъ</orig></choice> за заслуги, <choice><reg>выходящия</reg><orig>выходящiя</orig></choice> <choice><reg>из</reg><orig>изъ</orig></choice> <choice><reg>общего</reg><orig>общаго</orig></choice> разряда <choice><reg>отличий</reg><orig>отличiй</orig></choice>, 3) <choice><reg>сентенции</reg><orig>сентенцiи</orig></choice> <choice><reg>военного</reg><orig>военнаго</orig></choice> суда за постыдные поступки. <choice><reg>В</reg><orig>Въ</orig></choice> <choice><reg>неофицияльной</reg><orig>неофицiяльной</orig></choice> — <choice><reg>помещалисьбы</reg><orig>помѣщалисьбы</orig></choice>: 1) Современные и <choice><reg>исторические</reg><orig>историческiе</orig></choice> <choice><reg>рассказы</reg><orig>разсказы</orig></choice> <choice><reg>из</reg><orig>изъ</orig></choice> <choice><reg>военного</reg><orig>военнаго</orig></choice> быта. 2) <choice><reg>Биография</reg><orig>Бiографiя</orig></choice> и некрологи <choice><reg>важных</reg><orig>важныхъ</orig></choice> <choice><reg>лиц</reg><orig>лицъ</orig></choice> <choice><reg>всех</reg><orig>всѣхъ</orig></choice> <choice><reg>сословий</reg><orig>сословiй</orig></choice>. — 3) <choice><reg>Солдатския</reg><orig>Солдатскiя</orig></choice> <choice><reg>песни</reg><orig>пѣсни</orig></choice>. 4) <choice><reg>Популярные</reg><orig>Популярныя</orig></choice> статьи о <choice><reg>ученых</reg><orig>ученыхъ</orig></choice> <choice><reg>предметах</reg><orig>предметахъ</orig></choice> <choice><reg>военного</reg><orig>военнаго</orig></choice> <choice><reg>искусства</reg><orig>искуства</orig></choice> (тактики, <choice><reg>артиллерии</reg><orig>артиллерiи</orig></choice>, <choice><reg>инженерного</reg><orig>инженернаго</orig></choice> <choice><reg>искусства</reg><orig>искуства</orig></choice>). — <choice><reg>Из</reg><orig>Изъ</orig></choice> <choice><reg>военного</reg><orig>военнаго</orig></choice> министерства — <choice><reg>где</reg><orig>гдѣ</orig></choice> вы можете найти и подробный <choice><reg>проэкт</reg><orig>проэктъ</orig></choice> и пробный <choice><reg>листок</reg><orig>листокъ</orig></choice> <choice><reg>наш</reg><orig>нашъ</orig></choice> — <choice><reg>ответили</reg><orig>отвѣтили</orig></choice> <choice><reg>нам</reg><orig>намъ</orig></choice>, что мы <choice><reg>можем</reg><orig>можемъ</orig></choice> печатать статьи свои <choice><reg>в</reg><orig>въ</orig></choice> <choice><reg>Инвалиде</reg><orig>Инвалидѣ</orig></choice>. Но по духу <choice><reg>этого</reg><orig>этаго</orig></choice> предполагавшагося журнала вы поймете, что статьи, <choice><reg>приготовленные</reg><orig>приготовленныя</orig></choice> для него, <choice><reg>скорее</reg><orig>скорѣе</orig></choice> <choice><reg>могут</reg><orig>могутъ</orig></choice> найти <choice><reg>место</reg><orig>мѣсто</orig></choice> <choice><reg>в</reg><orig>въ</orig></choice> <choice><reg>Земледельческой</reg><orig>Земледѣльческой</orig></choice> <choice><reg>Газете</reg><orig>Газетѣ</orig></choice> или <choice><reg>в</reg><orig>въ</orig></choice> какой нибудь <choice><reg>Арабеске</reg><orig>Арабескѣ</orig></choice>, <choice><reg>чем</reg><orig>чѣмъ</orig></choice> <choice><reg>в</reg><orig>въ</orig></choice> <choice><reg>Инвалиде</reg><orig>Инвалидѣ</orig></choice>. Поэтому-то я и прошу <choice><reg>вас</reg><orig>васъ</orig></choice> дать <hi style="opdelimiter"><choice><reg>некоторым</reg><orig>нѣкоторымъ</orig></choice></hi><hi style="opnumber">296</hi> <hi style="npnumber">297</hi><hi style="npdelimiter"><choice><reg>отделам</reg><orig>отдѣламъ</orig></choice></hi> — почти всѣмъ неофиціяльнымъ мѣсто въ вашемъ журналѣ и не временное, а постоянное. Я бы ежемѣсячно взялся доставлять отъ 2 до 5 и болѣе печатныхъ листовъ статей военнаго содержанія литературнаго достоинства никакъ не ниже статей печатанныхъ въ нашемъ Журналѣ — (я смѣло говорю это — ибо статьи эти будутъ принадлежать не мнѣ) и направленія такого, что онѣ не доставятъ вамъ никакого затрудненія въ отношеніи цензуры.</p>
<p rend="left">Наши выгоды — ежели вы примите мои <choice><reg>предложения</reg><orig>предложенiя</orig></choice>, <choice><reg>будут</reg><orig>будутъ</orig></choice> состоять 1) <choice><reg>в</reg><orig>въ</orig></choice> <choice><reg>том</reg><orig>томъ</orig></choice>, что мысль наша основать литературу, служащую <choice><reg>выражением</reg><orig>выраженiемъ</orig></choice> <choice><reg>военного</reg><orig>военнаго</orig></choice> духа, <choice><reg>найдет</reg><orig>найдетъ</orig></choice> начало <choice><reg>осуществления</reg><orig>осуществленiя</orig></choice>, которое, <choice><reg>надеюсь</reg><orig>надѣюсь</orig></choice>, со <choice><reg>временем</reg><orig>временемъ</orig></choice> <choice><reg>примет</reg><orig>приметъ</orig></choice> <choice><reg>большие</reg><orig>большiе</orig></choice> <choice><reg>размеры</reg><orig>размѣры</orig></choice> и 2) <choice><reg>в</reg><orig>въ</orig></choice> <choice><reg>том</reg><orig>томъ</orig></choice>, что статьи наши <choice><reg>будут</reg><orig>будутъ</orig></choice> <choice><reg>помещаться</reg><orig>помѣщаться</orig></choice> <choice><reg>в</reg><orig>въ</orig></choice> <choice><reg>лучшем</reg><orig>лучшемъ</orig></choice> и пользующемся <choice><reg>наибольшим</reg><orig>наибольшимъ</orig></choice> <choice><reg>доверием</reg><orig>довѣрiемъ</orig></choice> публики — <choice><reg>журнале</reg><orig>журналѣ</orig></choice>.</p>
<p rend="left">Ваши выгоды <choice><reg>будут</reg><orig>будутъ</orig></choice> состоять 1) <choice><reg>в</reg><orig>въ</orig></choice> <choice><reg>приобретении</reg><orig>прiобрѣтенiи</orig></choice> <choice><reg>образованных</reg><orig>образованныхъ</orig></choice> и <choice><reg>даровитых</reg><orig>даровитыхъ</orig></choice> <choice><reg>сотрудников</reg><orig>сотрудниковъ</orig></choice>, 2) <choice><reg>в</reg><orig>въ</orig></choice> <choice><reg>увеличении</reg><orig>увеличенiи</orig></choice> интереса вашего журнала и 3) <choice><reg>в</reg><orig>въ</orig></choice> отчасти <choice><reg>обезпеченном</reg><orig>обезпеченномъ</orig></choice> <choice><reg>заготовлении</reg><orig>заготовленiи</orig></choice> <choice><reg>матерьялов</reg><orig>матерьяловъ</orig></choice> для него. Выгоды на вашей <choice><reg>стороне</reg><orig>сторонѣ</orig></choice>; поэтому и <choice><reg>условия</reg><orig>условiя</orig></choice>, <choice><reg>которые</reg><orig>которыя</orig></choice> я предложу <choice><reg>вам</reg><orig>вамъ</orig></choice>, <choice><reg>будут</reg><orig>будутъ</orig></choice> для <choice><reg>вас</reg><orig>васъ</orig></choice> тяжеле <choice><reg>тех</reg><orig>тѣхъ</orig></choice>, <choice><reg>которые</reg><orig>которыя</orig></choice> я возьму на себя. —</p>
<p rend="left">Я обязываюсь доставлять <choice><reg>вам</reg><orig>вамъ</orig></choice> <choice><reg>ежемесячно</reg><orig>ежемѣсячно</orig></choice> от 2 до 5 <choice><reg>листов</reg><orig>листовъ</orig></choice> статей <choice><reg>военного</reg><orig>военнаго</orig></choice> <choice><reg>содержания</reg><orig>содержанiя</orig></choice>, за <choice><reg>которые</reg><orig>которыя</orig></choice> вы <choice><reg>мне</reg><orig>мнѣ</orig></choice> платите, сколько хотите. Вы же обязываетесь печатать <choice><reg>тотчас же</reg><orig>тотчасъ-же</orig></choice> все, что я ни пошлю <choice><reg>вам</reg><orig>вамъ</orig></choice>. — Признаюсь, <choice><reg>условие</reg><orig>условiе</orig></choice> это кажется <choice><reg>слишком</reg><orig>слишкомъ</orig></choice> дерзко, и я боюсь, что вы не захотите принять его. Но ежели вы <choice><reg>поверите</reg><orig>повѣрите</orig></choice> тому, <choice><reg>как</reg><orig>какъ</orig></choice> много я дорожу <choice><reg>достоинством</reg><orig>достоинствомъ</orig></choice> Журнала, <choice><reg>которого</reg><orig>котораго</orig></choice> я <choice><reg>имею</reg><orig>имѣю</orig></choice> честь быть <choice><reg>сотрудником</reg><orig>сотрудникомъ</orig></choice>, и признаете во <choice><reg>мне</reg><orig>мнѣ</orig></choice> <choice><reg>несколько</reg><orig>нѣсколько</orig></choice> <choice><reg>литературного</reg><orig>литературнаго</orig></choice> вкуса, <choice><reg>надеюсь</reg><orig>надѣюсь</orig></choice>, вы не захотите <choice><reg>своим</reg><orig>своимъ</orig></choice> <choice><reg>несогласием</reg><orig>несогласiемъ</orig></choice> разрушить такую обоюдно-выгодную для <choice><reg>нас</reg><orig>насъ</orig></choice> <choice><reg>сделку</reg><orig>сдѣлку</orig></choice> и <choice><reg>предприятие</reg><orig>предпрiятiе</orig></choice>, не лишенное и общей пользы. —</p>
<p rend="left">Ежели <choice><reg>ответ</reg><orig>отвѣтъ</orig></choice> <choice><reg>ваш</reg><orig>вашъ</orig></choice> <choice><reg>будет</reg><orig>будетъ</orig></choice> <choice><reg>благоприятен</reg><orig>благопрiятенъ</orig></choice>, то на 1-й <choice><reg>месяц</reg><orig>мѣсяцъ</orig></choice> пришлю я <choice><reg>вам</reg><orig>вамъ</orig></choice> <hi>письмо о <choice><reg>сестрах</reg><orig>сестрахъ</orig></choice> <choice><reg>милосердия</reg><orig>милосердiя</orig></choice></hi>, <hi><choice><reg>Воспоминания</reg><orig>Воспоминанiя</orig></choice> о <choice><reg>осаде</reg><orig>осадѣ</orig></choice> <choice><reg>Силистрии</reg><orig>Силистрiи</orig></choice></hi>, <hi>Письмо солдата <choice><reg>из</reg><orig>изъ</orig></choice> Севастополя</hi>.</p>
<p rend="left"><choice><reg>Затем</reg><orig>Затѣмъ</orig></choice> <choice><reg>в</reg><orig>въ</orig></choice> <choice><reg>нетерпеливом</reg><orig>нетерпѣливомъ</orig></choice> <choice><reg>ожидании</reg><orig>ожиданiи</orig></choice> Вашего <choice><reg>ответа</reg><orig>отвѣта</orig></choice> и <choice><reg>согласия</reg><orig>согласiя</orig></choice> на мое <choice><reg>предложение</reg><orig>предложенiе</orig></choice> <choice><reg>имею</reg><orig>имѣю</orig></choice> честь быть</p>
<p rend="right"><choice><reg>Ваш</reg><orig>Вашъ</orig></choice> <choice><reg>покорнейший</reg><orig>покорнѣйшiй</orig></choice> слуга</p>
<p rend="right">Гр. Л. Толстой.</p>
<p rend="left">11 Января</p>
<p rend="left">1855</p>
<p rend="left">Эски-Орда.</p>
<p rend="left emptyline"><hi style="opnumber">297</hi> <hi style="npnumber">298</hi></p>
<comments><p rend="Textpetit_otstup left">Печатается по автографу, хранящемуся в ЛБ. Впервые напечатано Н. С. Ашукиным в АК, стр. 190—193.</p>
<p rend="petit left">Некрасов отвечал на это письмо письмом от 27 января: «Милостивый государь, Лев Николаевич. Письмо ваше с предложением военных статей получил и спешу вас уведомить, что не только готов, но и рад дать вам полный простор в Современнике — вкусу и таланту вашему верю больше, чем своему, а что касается до других соображений, то в настоящее время литературный журнал не может не желать такого рода материалов и не чаять себе от них пользы. Об условиях денежных напишу, когда получу первые статьи (я пробуду в Петербурге до конца февраля, а может и долее), пишите ко мне или к Панаеву, ибо Тургенев пропал (поехал в Москву на три дня и до сей поры его нет), и надежды мои на него начинают колебаться. Я в сию минуту не имею времени писать больше. Примите уверения в моем совершенном почтении и преданности. Н. Некрасов». («Круг» кн. шестая 1927, стр. 196—197).</p>
<p rend="petit left">Тургенев приехал из Москвы в Петербург 8 февраля.</p>
<p rend="Textpetit_otstup left"><hi>1 </hi><ref target="file:///Volume_59_N.A.Nekrasovu_91.xml">См. письмо № 91</ref>.</p>
</comments></div></body>
        </text>
        </TEI>