<?xml version='1.0' encoding='UTF-8' standalone='no'?>

<TEI xmlns="http://www.tei-c.org/ns/1.0">
       <teiHeader>
          <fileDesc>
             <titleStmt>
                <title>Письмо №* 12. Гр. С. Н. Толстому.</title>
             </titleStmt>
             <publicationStmt>
                <publisher>TolstoyLab</publisher>
                <date when="2015-09-14">14 September 2015</date>
             </publicationStmt>
             <sourceDesc>
                <biblStruct>
                   <analytic>
                      <author>Толстой Л.Н.</author>
                   </analytic>
                   <monogr>
                      <title level="m">Полное собрание сочинений. Том 59</title>
                      <imprint>
                         <pubPlace>Москва</pubPlace>
                         <publisher>Государственное издательство "Художественная литература"</publisher>
                         <date when="1935"/>
                      </imprint>
                   </monogr>
                   <series>
                      <title level="s">Л.Н. Толстой. Полное собрание сочинений</title>
                      <biblScope unit="vol">59</biblScope>
                   </series>
                </biblStruct>
				<bibl>Печатается по автографу, хранящемуся в АТБ. Впервые опубликованы отрывки из письма с неверной датой «1848 г.» П. И. Бирюковым в Б, I, 1906, стр. 153—154; впервые полностью опубликовано П. А. Сергеенко (без приписки А. Иславина и с той же неверной датой «1848 г.») в ПТС, 1, стр. 1—2. Год письма определяется содержанием: Савин лес еще не продан. Продан он был в апреле 1849 г.</bibl>
             </sourceDesc>
          </fileDesc>
          <encodingDesc>
             <tagsDecl> </tagsDecl>
          </encodingDesc>
          <profileDesc>
             <correspDesc>
                <correspAction type="sending">
                   <persName ref="PersonList.xml#L_N_Tolstoy">Л. Н. Толстой</persName>
                   <placeName ref="PlacesListxml#PLACE">Петербург.</placeName>
                   <date when="1849-02-13">1849 г. Февраля 13.</date>            </correspAction>
                <correspAction type="receiving">
                   <persName ref="PersonList.xml#RECEIVER">Гр. С. Н. Толстому</persName>
                </correspAction>
                <correspContext>
                   <ref type="prev"/>
                </correspContext>
             </correspDesc>
          </profileDesc>
       </teiHeader>
       <xenoData><number type="in a volume">12</number></xenoData>

              <text xml:id="Gr.S.N.Tolstomu_12">
	<body><div>
		<opener index="false">
* 12. Гр. С. Н. Толстому.
1849 г. Февраля 13. Петербург.
</opener><p rend="right">13-го Февраля.</p>

<p rend="Obrashenie left">Сережа!</p>
<p rend="left">Я пишу <choice><reg>тебе</reg><orig>тебѣ</orig></choice> это письмо <choice><reg>из</reg><orig>изъ</orig></choice> Петербурга, <choice><reg>где</reg><orig>гдѣ</orig></choice> я и <choice><reg>намерен</reg><orig>намѣренъ</orig></choice> остатся на <choice><reg>веки</reg><orig>вѣки</orig></choice>. — Планы мои и причины <choice><reg>этого</reg><orig>этаго</orig></choice> <choice><reg>решеиия</reg><orig>рѣшеиiя</orig></choice> <choice><reg>следующия</reg><orig>слѣдующiя</orig></choice>: — <choice><reg>Несколько</reg><orig>Нѣсколько</orig></choice> дней <choice><reg>после</reg><orig>послѣ</orig></choice> твоего <choice><reg>отъезда</reg><orig>отъѣзда</orig></choice><note xml:id="note1" resp="volume_editor" index="false">Гр. Сергей Николаевич приезжал из Пирогова в Москву.</note> мы отправились тоже <choice><reg>в</reg><orig>въ</orig></choice> противную сторону — мы т. е. <choice><reg>Ферзен</reg><orig>Ферзенъ</orig></choice>,<note xml:id="note2" resp="volume_editor" index="false"> Бар. Герман Егорович Ферзен в 1850—1852 гг. начальник отделения Хозяйственного департамента Министерства внутренних дел. В 1852 г. он женился на Иловайской, по первому мужу Левиной.</note> <choice><reg>Озеров</reg><orig>Озеровъ</orig></choice><note xml:id="note3" resp="volume_editor" index="false"> Борис Семенович Озеров (р. 9 апреля 1827 г., ум. в 1859 г.), сын сенатора в Москве, Семена Николаевича Озерова (1776—1844 ) и кж. Анастасии Борисовны Мещерской (1796—1841). Был в Училище правоведения, но курса не кончил, будучи исключен за какие-то «шалости». По возвращении в Москву, женился на «француженке с Кузнецкого моста» и вел весьма предосудительный образ жизни. Прожив свои 200 душ, Борис Семенович в 1857 г., по словам сестры своей, был «больным, оборванным, потерявшим совершенно даже наружность порядочного человека» («Русский архив», 1898, № 5, стр. 133). В дневнике Толстого за декабрь 1850 г. — март 1851 г. имеется ряд записей о встречах с Озеровым, с которым, видимо, Лев Николаевич был близок. О Б. С. Озерове см. в воспоминаниях его сестры: «Памятные записки игумении московского Страстного монастыря Евгении Озеровой» — «Русский архив», 1898, №№ 3 и 5.</note> и я. <choice><reg>Приехавши</reg><orig>Приѣхавши</orig></choice>, остановились я и <choice><reg>Озеров</reg><orig>Озеровъ</orig></choice> на углу Малой Морской и <choice><reg>Вознесенского</reg><orig>Вознесенскаго</orig></choice> Проспекта <choice><reg>в</reg><orig>въ</orig></choice> <choice><reg>гостиннице</reg><orig>гостинницѣ</orig></choice> Наполеона<note xml:id="note4" resp="volume_editor" index="false"> Гостиница «Наполеон» помещалась, вероятно, в угловом доме (теперь № 23) по М. Морской (№ 8 по Вознесенскому пр.). С 1880-ых годов до революции в этом доме помещалась гостиница «Париж» братьев Вайтенсон.</note> (я пишу это для того, чтобы <choice><reg>адрес</reg><orig>адресъ</orig></choice> <choice><reg>знал</reg><orig>зналъ</orig></choice>), я на другой день отправился <choice><reg>к</reg><orig>къ</orig></choice> <choice><reg>Лаптевым</reg><orig>Лаптевымъ</orig></choice>,<note xml:id="note5" resp="volume_editor" index="false"> Лаптевы — троюродная тетка Толстого Софья Дмитриевна Лаптева, рожд. кж. Горчакова (ум. в 1870 г.) была замужем за полковником Дмитрием Андреевичем Лаптевым (ум. в 1885 г.).</note> <choice><reg>к</reg><orig>къ</orig></choice> <choice><reg>Толстым</reg><orig>Толстымъ</orig></choice>,<note xml:id="note6" resp="volume_editor" index="false"> Толстые — м. б. гр. Ф. П. и А. И. Толстые. Гр. Федор Петрович Толстой (1783—1873) — двоюродный дядя Толстого, сын ген.-майора гр. Петра Андреевича (1746—1822) и Елизаветы Егоровны Барбо-де-Марни (1750—1802). В 1802 г. — мичман; с 1804 — отставной лейтенант; с 1806 г. состоял при Импер. Эрмитаже; в 1828—1859 гг. — вице-президент Императорской Академии художеств; 1853 г. — товарищ президента императорской Академии художеств; художник медальер. Женат (вторым браком) на Анастасии Ивановне Ивановой (1817—1889).</note> <choice><reg>к</reg><orig>къ</orig></choice> Оболенскому,<note xml:id="note7" resp="volume_editor" index="false"> Кн. Дмитрий Александрович Оболенский (р. 16 октября 1822 г., ум. 22 января 1881 г.), сын сенатора д. т. с. кн. Александра Петровича Оболенского (1780—1855) и кж. Аграфены Юрьевны Нелединской-Мелецкой (1789—1829). По окончании курса в Училище правоведения кн. Оболенский в 1842 г. определился во ІІ-й департамент Сената. С августа по ноябрь 1844 г. он был губернским уголовных дел стряпчим в Казани, где и познакомился с братьями Толстыми. С ноября 1844 г. по октябрь 1845 г. кн. Оболенский служил и. д. председателя Тульской палаты гражданского суда, а затем эту должность занимал в Петербурге до 25 июля 1851 г., когда был назначен председателем Петербургской палаты гражданского суда. В 1853—1863 гг. кн. Оболенский был директором Комиссариатского департамента Морского министерства, в это время самого передового ведомства. Деятельность кн. Оболенского здесь отмечена <hi style="opdelimiter">коренными</hi><hi style="opnumber">32</hi> <hi style="npnumber">33</hi><hi style="npdelimiter">реформами</hi> николаевских порядков и энергичной борьбой с злоупотреблениями интендантов. В качестве председателя комиссии 1862 г. для пересмотра постановлений о книгопечатании кн. Оболенский явился главным автором закона о печати 6 апреля 1865 г. В 1863—1870 гг. занимал должность директора Департамента таможенных сборов; в 1870—1872 гг. товарищ министра государственных имуществ. А. В. Никитенко характеризует Оболенского как человека «рассудительного, умного, образованного и чуждого всяких крайних увлечений». (А. В. Никитенко «Записки и дневник», 1905, СПБ, т. II, стр. 115). Либеральный чиновник эпохи «великих реформ» Оболенский близок был к славянофилам, дружа с Аксаковым и Самариным. Не чужд был Оболенский и литературы, издав в 1876 г. книгу «Хроника недавней старины (из архива кн. Оболенского-Нелединского-Мелецкого)» и поместив несколько статей в «Русской старине» и «Русском архиве». О кн. Д. А. Оболенском см. в «Русском биографическом словаре».</note> <choice><reg>к</reg><orig>къ</orig></choice> Пушкину,<note xml:id="note8" resp="volume_editor" index="false"> Пушкин — Михаил Николаевич Мусин-Пушкин (1795—1862), попечитель Казанского учебного округа в 1827—1845 гг. и Петербургского в 1845—1856 гг. С Толстым Мусин-Пушкин был знаком в Казани. О М. Н. Мусине-Пушкине Толстой вспоминал в I гл. своей «Исповеди». О Мусине-Пушкине, как цензоре «Севастополя в мае» Толстого см. в 4 томе.</note> Милютина<note xml:id="note9" resp="volume_editor" index="false"> Вероятно, Владимир Алексеевич Милютин (1821—1855) — сын Алексея Михайловича Милютина и Елизаветы Дмитриевны, рожд. Киселевой, младший брат военного министра (в 1861—1881 гг.) гр. (с 1878 г.) Дмитрия Алексеевича и Николая Алексеевича, деятеля крестьянской реформы, товарища министра внутренних дел (в 1860—1861 гг.). С Милютиными Толстой был близко знаком еще в детстве. В своей «Исповеди» Толстой вспоминает, что в 1838 г. Володенька Милютин, учившийся в московской гимназии, придя к Толстым на воскресенье «как последнюю новинку объявил открытие, сделанное в гимназии, что бога нет, и что всё, чему нас учат, одни выдумки».</note> <choice><reg>нашел</reg><orig>нашелъ</orig></choice>, <choice><reg>Иславиных</reg><orig>Иславиныхъ</orig></choice><note xml:id="note10" resp="volume_editor" index="false"> Иславины — сыновья приятеля отца Толстого, тульского помещика Александра Михайловича Исленьева (1794—1882) и кн. Софьи Петровны Козловской, рожд. гр. Завадовской (ум. в 1830 г.) (см. о них прим. 8 к п. № 31). Из детей Исленьева в Петербурге жили Владимир Александрович (р. 29 ноября 1818 г., ум. 27 мая 1895 г.), служивший в 1845—1846 гг. столоначальником в 1 департаменте Министерства государственных имуществ; в 1847—1854 гг. секретарем при министре, в 1855—1857 <hi style="opdelimiter">гг.</hi><hi style="opnumber">33</hi> <hi style="npnumber">34</hi><hi style="npdelimiter">чиновником</hi> особых поручений при министре, в 1858—1862 гг. директором канцелярии министра государственных имуществ, в 1863—1884 гг. — членом совета министра государственных имуществ; Михаил Александрович (1819—1905), с 1844 г. служивший в Министерстве государственных имуществ, и Константин Александрович, о котором см. ниже, прим. 25.</note> тоже<note xml:id="note11" resp="volume_editor" index="false"><hi>Зачеркнуто:</hi> так</note> и пр. представили меня<note xml:id="note12" resp="volume_editor" index="false"> <hi>В автографе ошибочно:</hi> <choice><reg>мне</reg><orig>мнѣ</orig></choice></note> <choice><reg>многим</reg><orig>многимъ</orig></choice> и <choice><reg>мне</reg><orig>мнѣ</orig></choice> <choice><reg>многих</reg><orig>многихъ</orig></choice>. <choice><reg>Одним</reg><orig>Однимъ</orig></choice> <choice><reg>словом</reg><orig>словомъ</orig></choice>, что <choice><reg>как</reg><orig>какъ</orig></choice> то <choice><reg>сделалось</reg><orig>сдѣлалось</orig></choice> <choice><reg>так</reg><orig>такъ</orig></choice>, что <choice><reg>знакомых</reg><orig>знакомыхъ</orig></choice> гораздо больше <choice><reg>здесь</reg><orig>здѣсь</orig></choice>,<note xml:id="note13" resp="volume_editor" index="false"> <hi>Зачеркнуто:</hi> нашлось</note> <choice><reg>чем</reg><orig>чѣмъ</orig></choice> <choice><reg>в</reg><orig>въ</orig></choice> <choice><reg>Москве</reg><orig>Москвѣ</orig></choice> и <hi><choice><reg>достоинством</reg><orig>достоинствомъ</orig></choice> выше.</hi></p>
<p rend="left"><choice><reg>Все</reg><orig>Всѣ</orig></choice> меня <choice><reg>уговаривают</reg><orig>уговариваютъ</orig></choice> остаться и служить, <choice><reg>кроме</reg><orig>кромѣ</orig></choice> Ферзена, Львова<note xml:id="note14" resp="volume_editor" index="false"> Кн. Георгий Владимирович Львов (1821—1873), приятель Толстого, бывший с ним на «ты». Сестра кн. Г. В. Львова кж. Екатерина Владимировна (1807—1880) была фрейлиной в. к. Елены Павловны и жила в ее дворце. О кн. Г. В. Львове в это время <ref target="file:///Volume_59_Kn.G.V.Lvovu_94.xml">см. письмо к нему № 94</ref>.</note> (<choice><reg>Ферзен</reg><orig>Ферзенъ</orig></choice>, <choice><reg>в</reg><orig>въ</orig></choice> <choice><reg>скобках</reg><orig>скобкахъ</orig></choice> буде сказано, <choice><reg>здесь</reg><orig>здѣсь</orig></choice> что-то <choice><reg>гадок</reg><orig>гадокъ</orig></choice>, <choice><reg>так</reg><orig>такъ</orig></choice> <choice><reg>себе</reg><orig>себѣ</orig></choice>, тише воды, ниже травы). <choice><reg>Львов</reg><orig>Львовъ</orig></choice> ничего, <choice><reg>тот</reg><orig>тотъ</orig></choice> у Великой <choice><reg>Княгине</reg><orig>Княгинѣ</orig></choice><note xml:id="note15" resp="volume_editor" index="false"> Великая княгиня Елена Павловна, рожд. принцесса Виртембергская (1806—1873), известная своим либерализмом, супруга в. к. Михаила Павловича (1798—1849).</note> <choice><reg>был</reg><orig>былъ</orig></choice> на <choice><reg>бале</reg><orig>балѣ</orig></choice> и <choice><reg>так</reg><orig>такъ</orig></choice> часто <choice><reg>бывает</reg><orig>бываетъ</orig></choice>, а все грустить по <choice><reg>Маше</reg><orig>Машѣ</orig></choice><note xml:id="note16" resp="volume_editor" index="false"> Маша, тульская цыганка Марья Михайловна Шишкина, в это время была в Москве, так как гр. С. Н. Толстой писал Льву Николаевичу 31 марта 1849 г.: «я пробыл масленицу и две недели великого поста в Москве, а затем вернулся влюбленный в Машу более обыкновенного, и Маша была более чем когда-либо очаровательна». (Оригинал по-французски.)</note> и завтра <choice><reg>едет</reg><orig>ѣдетъ</orig></choice> опять <choice><reg>в</reg><orig>въ</orig></choice> Москву.</p>
<p rend="left">Я и <choice><reg>решился</reg><orig>рѣшился</orig></choice> <choice><reg>здесь</reg><orig>здѣсь</orig></choice> остатся держать <choice><reg>экзамен</reg><orig>экзаменъ</orig></choice> и <choice><reg>потом</reg><orig>потомъ</orig></choice> служить, ежели же не выдержу (все может случиться) то и <choice><reg>с</reg><orig>съ</orig></choice> 14 класса начну служить, я много знаю <choice><reg>чиновников</reg><orig>чиновниковъ</orig></choice> 2-го разряда, которые не хуже и <choice><reg>вас</reg><orig>васъ</orig></choice> <choice><reg>перворазрядных</reg><orig>перворазрядныхъ</orig></choice> <choice><reg>служат</reg><orig>служатъ</orig></choice>. — Короче <choice><reg>тебе</reg><orig>тебѣ</orig></choice> скажу, что Петербургская [жизнь] на меня <choice><reg>имеет</reg><orig>имѣетъ</orig></choice> большое и доброе <choice><reg>влияние</reg><orig>влiянiе</orig></choice>, она меня <choice><reg>приучает</reg><orig>приучаетъ</orig></choice> <choice><reg>к</reg><orig>къ</orig></choice> <hi style="opdelimiter"><choice><reg>деятельности</reg><orig>дѣятельности</orig></choice></hi><hi style="opnumber">28</hi> <hi style="npnumber">29</hi><hi style="npdelimiter">и</hi> <choice><reg>заменяет</reg><orig>замѣняетъ</orig></choice> для меня невольно <choice><reg>росписание</reg><orig>росписанiе</orig></choice>; <choice><reg>как</reg><orig>какъ</orig></choice> то нельзя ничего не <choice><reg>делать</reg><orig>дѣлать</orig></choice>; <choice><reg>все</reg><orig>всѣ</orig></choice> заняты, <choice><reg>все</reg><orig>всѣ</orig></choice> <choice><reg>хлопочут</reg><orig>хлопочутъ</orig></choice>, да и не найдешь <choice><reg>человека</reg><orig>человѣка</orig></choice>, <choice><reg>с</reg><orig>съ</orig></choice> <choice><reg>которым</reg><orig>которымъ</orig></choice> бы можно было вести <choice><reg>беспутную</reg><orig>безпутную</orig></choice> жизнь — одному нельзя же. —</p>
<p rend="left">Я знаю, что ты <choice><reg>никак</reg><orig>никакъ</orig></choice> не <choice><reg>поверишь</reg><orig>повѣришь</orig></choice>, чтобы я <choice><reg>переменился</reg><orig>перемѣнился</orig></choice>, скажешь — «это уже <choice><reg>в</reg><orig>въ</orig></choice> 20-й <choice><reg>раз</reg><orig>разъ</orig></choice> и все пути <choice><reg>из</reg><orig>изъ</orig></choice> тебя <choice><reg>нет</reg><orig>нѣтъ</orig></choice>, самый пустяшной малой»; <choice><reg>нет</reg><orig>нѣтъ</orig></choice>, я теперь <choice><reg>совсем</reg><orig>совсѣмъ</orig></choice> иначе <choice><reg>перемеиился</reg><orig>перемѣиился</orig></choice>, <choice><reg>чем</reg><orig>чѣмъ</orig></choice> прежде <choice><reg>менялся</reg><orig>мѣнялся</orig></choice>: прежде я скажу <choice><reg>себе</reg><orig>себѣ</orig></choice>: «дай ка я <choice><reg>переменюсь</reg><orig>перемѣнюсь</orig></choice>», а теперь я вижу, что я <choice><reg>переменился</reg><orig>перемѣнился</orig></choice> и говорю: «я <choice><reg>переменился</reg><orig>перемѣнился</orig></choice>». —</p>
<p rend="left">Главное то, что я <choice><reg>вполне</reg><orig>вполнѣ</orig></choice> <choice><reg>убежден</reg><orig>убѣжденъ</orig></choice> теперь, что <choice><reg>умозрением</reg><orig>умозрѣнiемъ</orig></choice> и <choice><reg>философией</reg><orig>философiей</orig></choice> жить нельзя, а надо жить положительно, т. е. быть <choice><reg>практическим</reg><orig>практическимъ</orig></choice> <choice><reg>человеком</reg><orig>человѣкомъ</orig></choice>. Это большой <choice><reg>шаг</reg><orig>шагъ</orig></choice> и большая <choice><reg>перемена</reg><orig>перемѣна</orig></choice>, еще <choice><reg>этого</reg><orig>этаго</orig></choice> со мною ни разу не было. — Ежели же кто <choice><reg>хочет</reg><orig>хочетъ</orig></choice> жить и <choice><reg>молод</reg><orig>молодъ</orig></choice>, то <choice><reg>в</reg><orig>въ</orig></choice> <choice><reg>России</reg><orig>Россiи</orig></choice> <choice><reg>нет</reg><orig>нѣтъ</orig></choice> другого <choice><reg>места</reg><orig>мѣста</orig></choice>, <choice><reg>как</reg><orig>какъ</orig></choice> <choice><reg>Петербург</reg><orig>Петербургъ</orig></choice>; какое бы <choice><reg>направление</reg><orig>направленiе</orig></choice> кто не <choice><reg>имел</reg><orig>имѣлъ</orig></choice>, всему можно удовлетворить, все можно развить и легко, <choice><reg>без</reg><orig>безъ</orig></choice> <choice><reg>всякого</reg><orig>всякаго</orig></choice> труда. Что же касаяться до<note xml:id="note17" resp="volume_editor" index="false"> <hi>Зачеркнуто</hi>: ж <choice><reg>способов</reg><orig>способовъ</orig></choice></note> <choice><reg>средств</reg><orig>средствъ</orig></choice> жизни, то для <choice><reg>холостого</reg><orig>холостаго</orig></choice> жизнь <choice><reg>здесь</reg><orig>здѣсь</orig></choice> вовсе не дорога, все, <choice><reg>напротив</reg><orig>напротивъ</orig></choice>, дешевле и лучше Московская; <choice><reg>нипочем</reg><orig>нипочемъ</orig></choice> квартира. <choice><reg>Сейчас</reg><orig>Сейчасъ</orig></choice> <choice><reg>приезжал</reg><orig>приѣзжалъ</orig></choice> ко <choice><reg>мне</reg><orig>мнѣ</orig></choice> Оболенской и <choice><reg>привозил</reg><orig>привозилъ</orig></choice> письмо, только что полученное <choice><reg>им</reg><orig>имъ</orig></choice> <choice><reg>от</reg><orig>отъ</orig></choice> <hi>брата <choice><reg>Димитрия</reg><orig>Димитрiя</orig></choice>. <choice><reg>Ужас</reg><orig>Ужасъ</orig></choice></hi>. Я посылаю <choice><reg>тебе</reg><orig>тебѣ</orig></choice> это письмо, <choice><reg>сам</reg><orig>самъ</orig></choice> полюбуйся. Что ежели бы я <choice><reg>с</reg><orig>съ</orig></choice> <choice><reg>Оболенским</reg><orig>Оболенскимъ</orig></choice> не <choice><reg>был</reg><orig>былъ</orig></choice> также <choice><reg>хорош</reg><orig>хорошъ</orig></choice>, <choice><reg>как</reg><orig>какъ</orig></choice> <choice><reg>с</reg><orig>съ</orig></choice> <choice><reg>Львовым</reg><orig>Львовымъ</orig></choice> и этими <choice original_editorial_correction='Г[оспода]ми'><sic>Гми</sic><corr>Господами</corr></choice>, я бы <choice><reg>ускакал</reg><orig>ускакалъ</orig></choice> <choice><reg>из</reg><orig>изъ</orig></choice> Петербурга. Да <choice><reg>он</reg><orig>онъ</orig></choice> меня <choice><reg>выживет</reg><orig>выживетъ</orig></choice> отсюда, я только и жду, что <choice><reg>он</reg><orig>онъ</orig></choice> Шереметеву<note xml:id="note18" resp="volume_editor" index="false"> Какого Шереметева имеет в виду Толстой, сказать не можем.</note> такое же письмо <choice><reg>напишет</reg><orig>напишетъ</orig></choice>, <choice><reg>вот</reg><orig>вотъ</orig></choice> <choice><reg>допекает</reg><orig>допекаетъ</orig></choice> то. <choice><reg>Разрешение</reg><orig>Разрѣшенiе</orig></choice> <choice><reg>обещаются</reg><orig>обѣщаются</orig></choice> однако же на <choice><reg>днях</reg><orig>дняхъ</orig></choice> выслать. Теперь пишу <choice><reg>тебе</reg><orig>тебѣ</orig></choice> о <choice><reg>делах</reg><orig>дѣлахъ</orig></choice>. — <choice><reg>Сделай</reg><orig>Сдѣлай</orig></choice> милость, пошли за <choice><reg>Андреем</reg><orig>Андреемъ</orig></choice><note xml:id="note19" resp="volume_editor" index="false"> А. И. Соболев. См. о нем прим. к п. № 16.</note> и объясни ему, что <choice><reg>мне</reg><orig>мнѣ</orig></choice> деньги <choice><reg>как</reg><orig>какъ</orig></choice> можно больше нужно, во <choice><reg>первых</reg><orig>первыхъ</orig></choice>, чтобы жить <choice><reg>здесь</reg><orig>здѣсь</orig></choice>, во <choice><reg>вторых</reg><orig>вторыхъ</orig></choice>, чтобы расплатиться <choice><reg>с</reg><orig>съ</orig></choice> долгами <choice><reg>в</reg><orig>въ</orig></choice> <choice><reg>Москве</reg><orig>Москвѣ</orig></choice>, Ежели <choice><reg>хлеба</reg><orig>хлѣба</orig></choice> недостаточно, чтобы <choice><reg>мне</reg><orig>мнѣ</orig></choice> <choice><reg>в</reg><orig>въ</orig></choice> <choice><reg>скором</reg><orig>скоромъ</orig></choice> времени доставить <choice><reg>сверх</reg><orig>сверхъ</orig></choice> 250 и 500 р. сер., о <choice><reg>которых</reg><orig>которыхъ</orig></choice> я уже <choice><reg>писал</reg><orig>писалъ</orig></choice>, еще 800 р. сер. <choice><reg>так</reg><orig>такъ</orig></choice>, ради Бога, продай <choice><reg>Савин</reg><orig>Савинъ</orig></choice> <choice><reg>лес</reg><orig>лѣсъ</orig></choice> или,<note xml:id="note20" resp="volume_editor" index="false"> <hi>Зачеркнуто:</hi> <choice original_editorial_correction='Вор[отынку]'><sic>Вор</sic><corr>Воротынку</corr></choice>. Савин березняк — березовый лес в Ясной поляне, за р. Воронкой по дороге к деревне Груманту, невдалеке от места, где была купальня на р. Воронке.</note> ежели же и этого мало <choice><reg>будет</reg><orig>будетъ</orig></choice>, то у Копылова<note xml:id="note21" resp="volume_editor" index="false"> О Копылове см. прим. 7 к п. № 6.</note> за <choice><reg>вычетом</reg><orig>вычетомъ</orig></choice> <choice><reg>процентов</reg><orig>процентовъ</orig></choice> <choice><reg>вперед</reg><orig>впередъ</orig></choice> еще возьми; при <choice><reg>продаже</reg><orig>продажѣ</orig></choice> Савина <choice><reg>леса</reg><orig>лѣса</orig></choice> первое <choice><reg>условие</reg><orig>условiе</orig></choice>: <choice><reg>все</reg><orig>всѣ</orig></choice> деньги <choice><reg>вперед</reg><orig>впередъ</orig></choice>. — Деньги <choice><reg>мне</reg><orig>мнѣ</orig></choice> нужны не для житья моего <choice><reg>здесь</reg><orig>здѣсь</orig></choice>, но для уплаты <choice><reg>долгов</reg><orig>долговъ</orig></choice> <choice><reg>в</reg><orig>въ</orig></choice> <choice><reg>Москве</reg><orig>Москвѣ</orig></choice> и <choice><reg>здесь</reg><orig>здѣсь</orig></choice>, <choice><reg>которых</reg><orig>которыхъ</orig></choice> <choice><reg>с</reg><orig>съ</orig></choice> <choice><reg>Орловским</reg><orig>Орловскимъ</orig></choice> <choice><reg>проклятым</reg><orig>проклятымъ</orig></choice> <choice><reg>долгом</reg><orig>долгомъ</orig></choice><note xml:id="note22" resp="volume_editor" index="false"> Орловский долг — долг какому-то Орлову, которому проиграл в карты Толстой. Об этом Орлове писал Льву Николаевичу B. C. Перфильев 31 марта — 3 апреля 1844 г. См. прим. 2 к п. № 13.</note> оказалось 1200 р. сер. — <choice><reg>Надеюсь</reg><orig>Надѣюсь</orig></choice> на тебя, <hi>брать Сергњй</hi>, что ты <choice><reg>мне</reg><orig>мнѣ</orig></choice> все это <hi style="opdelimiter"><choice><reg>обделаешь</reg><orig>обдѣлаешь</orig></choice>,</hi><hi style="opnumber">29</hi> <hi style="npnumber">30</hi><hi style="npdelimiter">похлопочешь</hi> и <choice><reg>разрешение</reg><orig>разрѣшенiе</orig></choice> на <choice><reg>лес</reg><orig>лѣсъ</orig></choice> <choice><reg>из</reg><orig>изъ</orig></choice> <choice><reg>Опекунского</reg><orig>Опекунскаго</orig></choice> <choice original_editorial_correction='М[осковского]'><sic>М</sic><corr><choice><reg>Московского</reg><orig>Московскаго</orig></choice></corr></choice> <choice><reg>совета</reg><orig>совѣта</orig></choice>, да и поглядывай пожалуйста <choice><reg>изредка</reg><orig>изрѣдка</orig></choice> на Андрея Ильина и <choice><reg>в</reg><orig>въ</orig></choice> <choice><reg>Ясенския</reg><orig>Ясенскiя</orig></choice> <choice><reg>счетные</reg><orig>счетныя</orig></choice> и <choice><reg>хлебные</reg><orig>хлѣбныя</orig></choice> книги. <choice><reg>Всем</reg><orig>Всѣмъ</orig></choice> <choice><reg>нашим</reg><orig>нашимъ</orig></choice> передай, что я <choice><reg>всех</reg><orig>всѣхъ</orig></choice> <hi>цњлую и кланяюсь</hi> и что <choice><reg>летом</reg><orig>лѣтомъ</orig></choice> <choice><reg>в</reg><orig>въ</orig></choice> <choice><reg>деревне</reg><orig>деревнѣ</orig></choice> <choice><reg>может</reg><orig>можетъ</orig></choice> буду, может <choice><reg>нет</reg><orig>нѣтъ</orig></choice>; <choice><reg>мне</reg><orig>мнѣ</orig></choice> хочется <choice><reg>летом</reg><orig>лѣтомъ</orig></choice> взять <choice><reg>отпуск</reg><orig>отпускъ</orig></choice> и <choice><reg>поездить</reg><orig>поѣздить</orig></choice> по <choice><reg>окрестяостям</reg><orig>окрестяостямъ</orig></choice> Петербурга, <choice><reg>в</reg><orig>въ</orig></choice> <choice><reg>Гельзингфорс</reg><orig>Гельзингфорсъ</orig></choice> и <choice><reg>в</reg><orig>въ</orig></choice> Ревель тоже хочу <choice><reg>съездить</reg><orig>съѣздить</orig></choice>; напиши <choice><reg>мне</reg><orig>мнѣ</orig></choice>, ради Бога, хоть <choice><reg>раз</reg><orig>разъ</orig></choice> <choice><reg>в</reg><orig>въ</orig></choice> жизни; <choice><reg>мне</reg><orig>мнѣ</orig></choice> хочется знать, <choice><reg>как</reg><orig>какъ</orig></choice> ты и <choice><reg>все</reg><orig>всѣ</orig></choice> наши эту новость <choice><reg>примут</reg><orig>примутъ</orig></choice>, проси и <choice><reg>их</reg><orig>ихъ</orig></choice> <choice><reg>от</reg><orig>отъ</orig></choice> меня писать; я же писать <choice><reg>к</reg><orig>къ</orig></choice> <choice><reg>ним</reg><orig>нимъ</orig></choice> боюсь,<note xml:id="note23" resp="volume_editor" index="false"> <hi>Зачеркнуто:</hi> не знаю.</note> <choice><reg>так</reg><orig>такъ</orig></choice> давно не <choice><reg>писал</reg><orig>писалъ</orig></choice> я <choice><reg>к</reg><orig>къ</orig></choice> <choice><reg>ним</reg><orig>нимъ</orig></choice>, что они <choice><reg>верно</reg><orig>вѣрно</orig></choice> сердятся, особенно <choice><reg>перед</reg><orig>передъ</orig></choice> тетинькой Татьяной Александровной <choice><reg>мне</reg><orig>мнѣ</orig></choice> <choice><reg>совестно</reg><orig>совѣстно</orig></choice>, попроси у нее <choice><reg>от</reg><orig>отъ</orig></choice> меня <choice><reg>прощения</reg><orig>прощенiя</orig></choice>. <choice><reg>Оболенский</reg><orig>Оболенскiй</orig></choice> <choice><reg>тебе</reg><orig>тебѣ</orig></choice> кланяется. Можешь <choice><reg>себе</reg><orig>себѣ</orig></choice> представить, что Алеша <choice><reg>Пушкин</reg><orig>Пушкинъ</orig></choice><note xml:id="note24" resp="volume_editor" index="false"> Гр. Алексей Иванович Мусин-Пушкин (р. 19 мая 1825 г., ум. 7 ноября 1879 г.), сын гр. Ивана Алексеевича Мусина-Пушкина (1783—1836) и кж. Марьи Александровны Урусовой (1801—1853), товарищ детства Толстого, изображенный в «Детстве» в лице одного из братьев Ивиных. Впоследствии гофмаршал. Был женат на гр. Любови Александровне Кушелевой-Безбородко.</note> <choice><reg>здесь</reg><orig>здѣсь</orig></choice> <hi><choice><reg>лев</reg><orig>левъ</orig></choice></hi>, однако я его еще не <choice><reg>видал</reg><orig>видалъ</orig></choice>.</p>
<p rend="left">Скажи пожалуйста Андрею, чтобы <choice><reg>он</reg><orig>онъ</orig></choice> <choice><reg>мне</reg><orig>мнѣ</orig></choice> <choice><reg>писал</reg><orig>писалъ</orig></choice>; а то уже <choice><reg>месяц</reg><orig>мѣсяцъ</orig></choice>, <choice><reg>как</reg><orig>какъ</orig></choice> я <choice><reg>никаких</reg><orig>никакихъ</orig></choice> <choice><reg>известий</reg><orig>извѣстiй</orig></choice> ни <choice><reg>от</reg><orig>отъ</orig></choice> кого не получаю, не говоря уже [о] <choice><reg>чувствах</reg><orig>чувствахъ</orig></choice> любви и т. п., <choice><reg>денег</reg><orig>денегъ</orig></choice> то у меня <choice><reg>нет</reg><orig>нѣтъ</orig></choice> ни гроша.</p>
<p rend="left">Я все думаю, <choice><reg>как</reg><orig>какъ</orig></choice> это <hi><choice><reg>брат</reg><orig>братъ</orig></choice> <choice><reg>Дмитрий</reg><orig>Дмитрiй</orig></choice></hi> такое письмо <choice><reg>вздумал</reg><orig>вздумалъ</orig></choice> написать и <choice><reg>решительно</reg><orig>рѣшительно</orig></choice>, <choice><reg>кроме</reg><orig>кромѣ</orig></choice> того, что <choice><reg>он</reg><orig>онъ</orig></choice> <choice><reg>был</reg><orig>былъ</orig></choice> <choice><reg>пьян</reg><orig>пьянъ</orig></choice>, для его же чести придумать не могу. —</p>
<lb/>
<p rend="left"><hi>Рукой К</hi>. <hi>А</hi>. <hi>Иславина</hi>:<note xml:id="note25" resp="volume_editor" index="false"> Приписка сделана без всякого дела проживавшим в Петербурге младшим сыном Александра Михайловича Исленьева, Константином Александровичем Иславиным (р. в 1827 г., ум. 23 марта 1903 г.). С Костенькой Толстой был ближе, чем с кем-нибудь из Иславиных. В противоположность братьям, хорошим петербургским «службистам», беспечный и к работе неспособный, Константин Александрович никакой карьеры не сделал. Чрезвычайно музыкально одаренный, он и в музыке остался диллетантом. Хотя в старости в своих «Воспоминаниях детства» Толстой и называет Иславина «внешне привлекательным, но глубоко безнравственным человеком», отношения Льва Николаевича к нему всегда были благожелательные. Так Толстой устроил Иславина в 1876 г. на службу к М. Н. Каткову секретарем <hi style="opdelimiter">в</hi><hi style="opnumber">34</hi> <hi style="npnumber">35</hi><hi style="npdelimiter">«Московских</hi> ведомостях», а в 1881 (?) г. хлопотал у гр. А. С. Уварова об определении Иславина на службу в Исторический музей. «Дядю Костю» очень любили в семье Толстых, и он часто гащивал в Ясной поляне. О К. А. Иславине см. брошюру С. Д. Шереметева «Константин Александрович Иславин», М. 1903 и в воспоминаниях Т. А. Кузминской «Моя жизнь дома и в Ясной поляне» и Ильи Толстого «Мои воспоминания».</note></p>
<p rend="Textpetit_otstup left">Здраствуй Пироговский <choice><reg>помещик</reg><orig>помѣщикъ</orig></choice>, здраствуй грозный <choice><reg>владетель</reg><orig>владѣтель</orig></choice> 313 <choice><reg>Пироговских</reg><orig>Пироговскихъ</orig></choice> <choice><reg>невольников</reg><orig>невольниковъ</orig></choice>; что <choice><reg>поделываешь</reg><orig>подѣлываешь</orig></choice>? много ли вздыхаешь <hi>о </hi>своей возлюбленной <choice><reg>Маше</reg><orig>Машѣ</orig></choice>? Не понимаю, <choice><reg>как</reg><orig>какъ</orig></choice> можно закабалить себя зимою <choice><reg>в</reg><orig>въ</orig></choice> <choice><reg>деревне</reg><orig>деревнѣ</orig></choice> — <choice><reg>разве</reg><orig>развѣ</orig></choice> <choice><reg>с</reg><orig>съ</orig></choice> досады, что <choice><reg>строил</reg><orig>строилъ</orig></choice> куры — <choice><reg>курам</reg><orig>курамъ</orig></choice> на <choice><reg>смех</reg><orig>смѣхъ</orig></choice> — <choice><reg>без</reg><orig>безъ</orig></choice> <choice><reg>всякого</reg><orig>всякаго</orig></choice> <choice><reg>успеха</reg><orig>успѣха</orig></choice>. Когда <choice><reg>мне</reg><orig>мнѣ</orig></choice> молодежь расказывала про <hi>Ваши</hi> <choice><reg>амурные</reg><orig>амурныя</orig></choice> <choice><reg>проделки</reg><orig>продѣлки</orig></choice> — я ужаснулся, т. е. тому, что все это <choice><reg>делалось</reg><orig>дѣлалось</orig></choice> <choice><reg>так</reg><orig>такъ</orig></choice> <hi>непрактически</hi>, особенно <choice><reg>с</reg><orig>съ</orig></choice> твоей стороны. <choice><reg>Впрочем</reg><orig>Впрочемъ</orig></choice> полно <choice><reg>об</reg><orig>объ</orig></choice> <choice><reg>этом</reg><orig>этомъ</orig></choice>. Есть еще надежда что <choice><reg>летом</reg><orig>лѣтомъ</orig></choice> (<choice><reg>как</reg><orig>какъ</orig></choice> <choice><reg>обещает</reg><orig>обѣщаетъ</orig></choice> Лёвочка) все это общество <choice><reg>съедется</reg><orig>съѣдется</orig></choice> <choice><reg>в</reg><orig>въ</orig></choice> Ясное — и я <choice><reg>в</reg><orig>въ</orig></choice> <choice><reg>том</reg><orig>томъ</orig></choice> же <choice><reg>числе</reg><orig>числѣ</orig></choice>. — Тогда <choice><reg>увидим</reg><orig>увидимъ</orig></choice> — Левочку мы замкнули — остальное ты знаешь. Больше <choice><reg>места</reg><orig>мѣста</orig></choice> <choice><reg>нет</reg><orig>нѣтъ</orig></choice>. Adieu. Покорный <choice><reg>рап</reg><orig>рапъ</orig></choice>. Костенька.</p>
<comments><p rend="Textpetit_otstup left">Печатается по автографу, хранящемуся в АТБ. Впервые опубликованы отрывки из письма с неверной датой «1848 г.» П. И. Бирюковым в Б, I, 1906, стр. 153—154; впервые полностью опубликовано П. А. Сергеенко (без приписки А. Иславина и с той же неверной датой «1848 г.») в ПТС, 1, стр. 1—2. Год письма определяется содержанием: Савин лес еще не продан. Продан он был в апреле 1849 г.</p>
<p rend="petit left">Гр. Сергей Николаевич Толстой (р. 17 февраля 1826 г., ум. 23 августа 1904 г.), брат Льва Николаевича, сын гр. Николая Ильича. Осенью 1843 г. поступил на Математический факультет Казанского <hi style="opdelimiter">университета,</hi><hi style="opnumber">30</hi> <hi style="npnumber">31</hi><hi style="npdelimiter">который</hi> и окончил весной 1847 г. Получив по разделу имение Пирогово Крапивенского уезда Тульской губ., жил в нем, занимаясь хозяйством, и имел в 1850-ых гг. конский завод. В марте 1855 г. поступил поручиком в Стрелковый полк императорской фамилии, но в следующем же году вышел в отставку. В 1881—1885 гг. был Крапивенским предводителем дворянства. С 1850 г. состоял в гражданском браке с тульской цыганкой Марьей Михайловной Шишкиной (р. в 1829 г. или в 1832 г., ум. 1/14 марта 1919 г.), с которой повенчался 7 июня 1867 г. и от которой имел одиннадцать детей, из которых семеро умерло в детстве. В «Воспоминаниях детства» Толстой пишет о Сергее Николаевиче: «С Митенькой я был товарищем, Николеньку я уважал, но Сережей я восхищался и подражал ему, любил его, хотел быть им. Я восхищался его красивой наружностью, его пением, — он всегда пел, — его рисованием, его весельем, и в особенности, как ни странно это сказать, непосредственностью его эгоизма. Я всегда себя помнил, себя сознавал, всегда чуял, ошибочно или нет, то, что думают обо мне и чувствуют ко мне другие, и это портило мне радости жизни. От этого, вероятно, я особенно любил в других противоположное этому, непосредственность эгоизма. И за это любил особенно Сережу, слово «любил» неверно. Николеньку я любил, а Сережей восхищался, как чем-то совсем мне чуждым, непонятным. Это была жизнь человеческая, очень красивая, но совершенно непонятная для меня, таинственная и потому особенно привлекательная. Ha-днях он умер, и в предсмертной болезни и умирая он был также непостижим мне и так же дорог, как и в давнишние времена детства. В старости, в последнее время, он больше любил меня, дорожил моей привязанностью, гордился мной, желая быть со мной согласен, но не мог и оставался таким, каким был: совсем особенным, самим собою, красивым, породистым, гордым и, главное, до такой степени правдивым и искренним человеком, какого я никогда не встречал. Он был, что был, ничего не скрывал и ничем не хотел казаться». Фет так пишет о Сергее Николаевиче в своих воспоминаниях: «Со времени этого первого моего знакомства с графом Сергеем Николаевичем, судьба впоследствии нас сводила довольно часто, и наши характеры оказывались до того сходны, что я не помню никакого между нами спора, а напротив, мнение, высказанное одним, казалось другому у него подслушанным. Одного этого обстоятельства достаточно, чтобы удержать меня от всяких похвал или порицаний по адресу графа». В течение всей жизни Сергей Николаевич был связан с Толстым чувством глубокой дружбы. Будучи атеистом и долгое время не принимая вероучения Толстого, Сергей Николаевич в последние годы своей жизни относился к идеям последнего не без сочувствия. Из их переписки сохранилось сто семьдесят пять писем Толстого к гр. С. Н. Толстому и пятьдесят писем последнего к Толстому. Некоторые черты гр. Сергея Николаевича внесены Толстым в образ кн. Андрея Болконского в «Войне и мире», точно так же, как роман Сергея Николаевича с Татьяной Андреевной Берс (впоследствии Кузминской) дал материал Толстому для истории отношений кн. Андрея Болконского с Наташей Ростовой. Гр. Сергей Николаевич изображен Толстым еще в наброске «Что я видел во сне». О гр. С. Н. Толстом: Л. Толстой «Воспоминания детства» гл. IX; А. Фет «Мои воспоминания», ч. I, М. 1890, стр. 296; М. С. Бибикова (дочь гр. Сергея Николаевича) <hi style="opdelimiter">«Мои</hi><hi style="opnumber">31</hi> <hi style="npnumber">32</hi><hi style="npdelimiter">воспоминания»</hi> — Труды Толстовского Музея. Л. Н. Толстой. «Юбилейный сборник» М. 1928 г.; Илья Толстой «Мои воспоминания», М. 1914 г.; Т. А. Кузминская «Моя жизнь дома и в Ясной поляне», три части.</p>
<p rend="Textpetit_otstup left"><hi>1 </hi>Гр. Сергей Николаевич приезжал из Пирогова в Москву.</p>
<p rend="petit left"><hi>2</hi> Бар. Герман Егорович Ферзен в 1850—1852 гг. начальник отделения Хозяйственного департамента Министерства внутренних дел. В 1852 г. он женился на Иловайской, по первому мужу Левиной.</p>
<p rend="petit left"><hi>3</hi> Борис Семенович Озеров (р. 9 апреля 1827 г., ум. в 1859 г.), сын сенатора в Москве, Семена Николаевича Озерова (1776—1844 ) и кж. Анастасии Борисовны Мещерской (1796—1841). Был в Училище правоведения, но курса не кончил, будучи исключен за какие-то «шалости». По возвращении в Москву, женился на «француженке с Кузнецкого моста» и вел весьма предосудительный образ жизни. Прожив свои 200 душ, Борис Семенович в 1857 г., по словам сестры своей, был «больным, оборванным, потерявшим совершенно даже наружность порядочного человека» («Русский архив», 1898, № 5, стр. 133). В дневнике Толстого за декабрь 1850 г. — март 1851 г. имеется ряд записей о встречах с Озеровым, с которым, видимо, Лев Николаевич был близок. О Б. С. Озерове см. в воспоминаниях его сестры: «Памятные записки игумении московского Страстного монастыря Евгении Озеровой» — «Русский архив», 1898, №№ 3 и 5.</p>
<p rend="petit left"><hi>4</hi> Гостиница «Наполеон» помещалась, вероятно, в угловом доме (теперь № 23) по М. Морской (№ 8 по Вознесенскому пр.). С 1880-ых годов до революции в этом доме помещалась гостиница «Париж» братьев Вайтенсон.</p>
<p rend="petit left"><hi>5</hi> Лаптевы — троюродная тетка Толстого Софья Дмитриевна Лаптева, рожд. кж. Горчакова (ум. в 1870 г.) была замужем за полковником Дмитрием Андреевичем Лаптевым (ум. в 1885 г.).</p>
<p rend="petit left"><hi>6</hi> Толстые — м. б. гр. Ф. П. и А. И. Толстые. Гр. Федор Петрович Толстой (1783—1873) — двоюродный дядя Толстого, сын ген.-майора гр. Петра Андреевича (1746—1822) и Елизаветы Егоровны Барбо-де-Марни (1750—1802). В 1802 г. — мичман; с 1804 — отставной лейтенант; с 1806 г. состоял при Импер. Эрмитаже; в 1828—1859 гг. — вице-президент Императорской Академии художеств; 1853 г. — товарищ президента императорской Академии художеств; художник медальер. Женат (вторым браком) на Анастасии Ивановне Ивановой (1817—1889).</p>
<p rend="petit left"><hi>7</hi> Кн. Дмитрий Александрович Оболенский (р. 16 октября 1822 г., ум. 22 января 1881 г.), сын сенатора д. т. с. кн. Александра Петровича Оболенского (1780—1855) и кж. Аграфены Юрьевны Нелединской-Мелецкой (1789—1829). По окончании курса в Училище правоведения кн. Оболенский в 1842 г. определился во ІІ-й департамент Сената. С августа по ноябрь 1844 г. он был губернским уголовных дел стряпчим в Казани, где и познакомился с братьями Толстыми. С ноября 1844 г. по октябрь 1845 г. кн. Оболенский служил и. д. председателя Тульской палаты гражданского суда, а затем эту должность занимал в Петербурге до 25 июля 1851 г., когда был назначен председателем Петербургской палаты гражданского суда. В 1853—1863 гг. кн. Оболенский был директором Комиссариатского департамента Морского министерства, в это время самого передового ведомства. Деятельность кн. Оболенского здесь отмечена <hi style="opdelimiter">коренными</hi><hi style="opnumber">32</hi> <hi style="npnumber">33</hi><hi style="npdelimiter">реформами</hi> николаевских порядков и энергичной борьбой с злоупотреблениями интендантов. В качестве председателя комиссии 1862 г. для пересмотра постановлений о книгопечатании кн. Оболенский явился главным автором закона о печати 6 апреля 1865 г. В 1863—1870 гг. занимал должность директора Департамента таможенных сборов; в 1870—1872 гг. товарищ министра государственных имуществ. А. В. Никитенко характеризует Оболенского как человека «рассудительного, умного, образованного и чуждого всяких крайних увлечений». (А. В. Никитенко «Записки и дневник», 1905, СПБ, т. II, стр. 115). Либеральный чиновник эпохи «великих реформ» Оболенский близок был к славянофилам, дружа с Аксаковым и Самариным. Не чужд был Оболенский и литературы, издав в 1876 г. книгу «Хроника недавней старины (из архива кн. Оболенского-Нелединского-Мелецкого)» и поместив несколько статей в «Русской старине» и «Русском архиве». О кн. Д. А. Оболенском см. в «Русском биографическом словаре».</p>
<p rend="petit left"><hi>8</hi> Пушкин — Михаил Николаевич Мусин-Пушкин (1795—1862), попечитель Казанского учебного округа в 1827—1845 гг. и Петербургского в 1845—1856 гг. С Толстым Мусин-Пушкин был знаком в Казани. О М. Н. Мусине-Пушкине Толстой вспоминал в I гл. своей «Исповеди». О Мусине-Пушкине, как цензоре «Севастополя в мае» Толстого см. в 4 томе.</p>
<p rend="petit left"><hi>9</hi> Вероятно, Владимир Алексеевич Милютин (1821—1855) — сын Алексея Михайловича Милютина и Елизаветы Дмитриевны, рожд. Киселевой, младший брат военного министра (в 1861—1881 гг.) гр. (с 1878 г.) Дмитрия Алексеевича и Николая Алексеевича, деятеля крестьянской реформы, товарища министра внутренних дел (в 1860—1861 гг.). С Милютиными Толстой был близко знаком еще в детстве. В своей «Исповеди» Толстой вспоминает, что в 1838 г. Володенька Милютин, учившийся в московской гимназии, придя к Толстым на воскресенье «как последнюю новинку объявил открытие, сделанное в гимназии, что бога нет, и что всё, чему нас учат, одни выдумки».</p>
<p rend="petit left">По окончании Петербургского университета, В. А. Милютин в 1850 г. получил степень магистра государственного права за диссертацию «О недвижимых имуществах духовенства в России» и был назначен адъюнкт-профессором государственного права Петербургского университета; в 1853 г. перешел на кафедру полицейского права. Как профессор Милютин пользовался большой популярностью среди студентов. Несмотря на некоторую близость к кружку Петрашевского Милютин не сделался фурьеристом и в своих статьях по политической экономии, доставивших ему большую известность, являлся последователем Конта. Больной чахоткой, безнадежно влюбленный Милютин застрелился в Эмсе. О В. А . Милютине см. в кн. П. Н. Сакулина «Русская литература и социализм», ч. I, М. 1922.</p>
<p rend="petit left"><hi>10</hi> Иславины — сыновья приятеля отца Толстого, тульского помещика Александра Михайловича Исленьева (1794—1882) и кн. Софьи Петровны Козловской, рожд. гр. Завадовской (ум. в 1830 г.) (см. о них прим. 8 к п. № 31). Из детей Исленьева в Петербурге жили Владимир Александрович (р. 29 ноября 1818 г., ум. 27 мая 1895 г.), служивший в 1845—1846 гг. столоначальником в 1 департаменте Министерства государственных имуществ; в 1847—1854 гг. секретарем при министре, в 1855—1857 <hi style="opdelimiter">гг.</hi><hi style="opnumber">33</hi> <hi style="npnumber">34</hi><hi style="npdelimiter">чиновником</hi> особых поручений при министре, в 1858—1862 гг. директором канцелярии министра государственных имуществ, в 1863—1884 гг. — членом совета министра государственных имуществ; Михаил Александрович (1819—1905), с 1844 г. служивший в Министерстве государственных имуществ, и Константин Александрович, о котором см. ниже, прим. 25.</p>
<p rend="petit left"><hi>11 </hi><hi>Зачеркнуто:</hi> так</p>
<p rend="petit left"><hi>12</hi> <hi>В автографе ошибочно:</hi> <choice><reg>мне</reg><orig>мнѣ</orig></choice></p>
<p rend="petit left"><hi>13</hi> <hi>Зачеркнуто:</hi> нашлось</p>
<p rend="petit left"><hi>14</hi> Кн. Георгий Владимирович Львов (1821—1873), приятель Толстого, бывший с ним на «ты». Сестра кн. Г. В. Львова кж. Екатерина Владимировна (1807—1880) была фрейлиной в. к. Елены Павловны и жила в ее дворце. О кн. Г. В. Львове в это время <ref target="file:///Volume_59_Kn.G.V.Lvovu_94.xml">см. письмо к нему № 94</ref>.</p>
<p rend="petit left"><hi>15</hi> Великая княгиня Елена Павловна, рожд. принцесса Виртембергская (1806—1873), известная своим либерализмом, супруга в. к. Михаила Павловича (1798—1849).</p>
<p rend="petit left"><hi>16</hi> Маша, тульская цыганка Марья Михайловна Шишкина, в это время была в Москве, так как гр. С. Н. Толстой писал Льву Николаевичу 31 марта 1849 г.: «я пробыл масленицу и две недели великого поста в Москве, а затем вернулся влюбленный в Машу более обыкновенного, и Маша была более чем когда-либо очаровательна». (Оригинал по-французски.)</p>
<p rend="petit left"><hi>17</hi> <hi>Зачеркнуто</hi>: ж <choice><reg>способов</reg><orig>способовъ</orig></choice></p>
<p rend="petit left"><hi>18</hi> Какого Шереметева имеет в виду Толстой, сказать не можем.</p>
<p rend="petit left"><hi>19</hi> А. И. Соболев. См. о нем прим. к п. № 16.</p>
<p rend="petit left"><hi>20</hi> <hi>Зачеркнуто:</hi> <choice original_editorial_correction='Вор[отынку]'><sic>Вор</sic><corr>Воротынку</corr></choice>. Савин березняк — березовый лес в Ясной поляне, за р. Воронкой по дороге к деревне Груманту, невдалеке от места, где была купальня на р. Воронке.</p>
<p rend="petit left"><hi>21</hi> О Копылове см. прим. 7 к п. № 6.</p>
<p rend="petit left"><hi>22</hi> Орловский долг — долг какому-то Орлову, которому проиграл в карты Толстой. Об этом Орлове писал Льву Николаевичу B. C. Перфильев 31 марта — 3 апреля 1844 г. См. прим. 2 к п. № 13.</p>
<p rend="petit left"><hi>23</hi> <hi>Зачеркнуто:</hi> не знаю.</p>
<p rend="petit left"><hi>24</hi> Гр. Алексей Иванович Мусин-Пушкин (р. 19 мая 1825 г., ум. 7 ноября 1879 г.), сын гр. Ивана Алексеевича Мусина-Пушкина (1783—1836) и кж. Марьи Александровны Урусовой (1801—1853), товарищ детства Толстого, изображенный в «Детстве» в лице одного из братьев Ивиных. Впоследствии гофмаршал. Был женат на гр. Любови Александровне Кушелевой-Безбородко.</p>
<p rend="petit left"><hi>25</hi> Приписка сделана без всякого дела проживавшим в Петербурге младшим сыном Александра Михайловича Исленьева, Константином Александровичем Иславиным (р. в 1827 г., ум. 23 марта 1903 г.). С Костенькой Толстой был ближе, чем с кем-нибудь из Иславиных. В противоположность братьям, хорошим петербургским «службистам», беспечный и к работе неспособный, Константин Александрович никакой карьеры не сделал. Чрезвычайно музыкально одаренный, он и в музыке остался диллетантом. Хотя в старости в своих «Воспоминаниях детства» Толстой и называет Иславина «внешне привлекательным, но глубоко безнравственным человеком», отношения Льва Николаевича к нему всегда были благожелательные. Так Толстой устроил Иславина в 1876 г. на службу к М. Н. Каткову секретарем <hi style="opdelimiter">в</hi><hi style="opnumber">34</hi> <hi style="npnumber">35</hi><hi style="npdelimiter">«Московских</hi> ведомостях», а в 1881 (?) г. хлопотал у гр. А. С. Уварова об определении Иславина на службу в Исторический музей. «Дядю Костю» очень любили в семье Толстых, и он часто гащивал в Ясной поляне. О К. А. Иславине см. брошюру С. Д. Шереметева «Константин Александрович Иславин», М. 1903 и в воспоминаниях Т. А. Кузминской «Моя жизнь дома и в Ясной поляне» и Ильи Толстого «Мои воспоминания».</p>
<p rend="petit left">На это письмо гр. С. Н. Толстой отвечал 9 марта таким неизданным письмом: «Левушка! Сейчас получил твое письмо. Ты можешь себе представить, что оно приехало сперва в Пирогово, из Пирогово опять в Москву, из Москвы опять в Пирогово, и я уже получил его спустя месяц, после того как ты его писал. Я его прочел с большим удовольствием, во-первых, потому, что я был в деревне один, и мне было скучно, а, во-вторых, от того, что, мне кажется, ты точно не переменился. Живи же себе в Петербурге, служи, это будет еще лучше, но одно страшно мне, как бы тебя не подбили бы там в картишки; старик Перфильев говорит, что на счет этого Петербург очень опасен. Смотри же, там станут с тобой играть не <hi>Орловы и Ивановские</hi>, а действительно, так называемые порядочные люди. Я этого ужасно для тебя боюсь. С твоим презрением к деньгам ты пожалуй там проиграешь что-нибудь значительное. — На счет этого, что ты мне пишешь, чтобы присмотреть за Андреем, я непременно исполню. Что же касается до присылки денег, я с ним говорил об этом и до твоего письма. Он мне сказал, что денег нет, а что лес покупают, но дают меньше, чем ты хотел, но я боюсь, что всё это будет не так скоро, и что ты будешь нуждаться в деньгах, покуда это кончится. На счет же разрешения из Совета, я готов хлопотать, да я думаю, что деньги тебе можно будет получить до разрешения. Андрей тебе уже давно писал об лесе. Я думаю, что ты ему уже на это отвечал. Полученные же в Москве от корреспондента Копылова деньги доставлены тебе, исключая 50 целковых, из которых 15 я отдал за квартиру, заплатив сам 30, — а остальные получены <hi>Беклемишевым.</hi> Твой Федор делает ужасы, он украл у меня деньги, заложил без спроса серебряные ложки, я дал ему деньги эти ложки выкупить, он их пропил, и ложки эти канули в воду. Пьянствует он уже не с равными себе, а даже с <hi>маленьким Перфильевским Сенькой.</hi> Одним словом, он кутит; есть ли он у тебя в Петербурге, то советую тебе его велеть хорошенько посечь. Читал брата Дмитрия письмо и краснел, потел, бегал по комнате. Ужас, ужас, ужас, ужас одним словом. Беда, точно, не написал ли он Шереметеву что-нибудь в роде этого. Беда. Сейчас еду в Покровское и напишу тебе с первой почтой подробно оба всем. Прощай. С. Толстой. Скажи Костеньке, что грозный владетель 333 душ ему кланяется». (Письмо неопубликованно; подлинник в АТБ.)</p>
<p rend="petit left"><hi>Старик Перфильев</hi> — Степан Васильевич (р. 1796 г.; ум. 1 февраля 1878 г.), по окончании Пажеского корпуса выпущен в л.-г. гренадерский полк; участвовал в войне 1812 г., в 1823 г. вышел в отставку; в 1827 г. поступил в корпус жандармов; в 1831—1836 гг. был рязанским гражданским губернатором; в 1836 г. снова перешел в корпус жандармов и до 1874 г. был начальником 2 округа корпуса жандармов. Женат был вторым браком (с 15 июля 1832 г.) на кж. Анастасии Серг. Ланской (ум. 17 июня 1891 г.). С Перфильевыми Толстой был дружен. О <hi>проигрыше Орлову</hi> Толстым см. выше прим. 22. Кто такой <hi>Ивановский</hi>, выяснить не <hi style="opdelimiter">удалось.</hi><hi style="opnumber">35</hi></p>
<p rend="petit left"><hi style="npnumber">36</hi><hi style="npdelimiter"><hi>Беклемишев</hi></hi> — возможно, что это Григорий Алексеевич Беклемишев, штабс-капитан, помещик Новосильского уезда Тульской губ. Слуга Толстого, <hi>Федор</hi>, упоминается и в других письмах. <hi>Сенька</hi> — слуга Перфильевых. Четырежды повторенное слово <hi>ужас</hi> написано в четырех разных направлениях.</p>
</comments></div></body>
        </text>
        </TEI>