<?xml version='1.0' encoding='UTF-8' standalone='no'?>

<TEI xmlns="http://www.tei-c.org/ns/1.0">
       <teiHeader>
          <fileDesc>
             <titleStmt>
                <title>Письмо №369. A. A. Толстой.</title>
             </titleStmt>
             <publicationStmt>
                <publisher>TolstoyLab</publisher>
                <date when="2015-09-14">14 September 2015</date>
             </publicationStmt>
             <sourceDesc>
                <biblStruct>
                   <analytic>
                      <author>Толстой Л.Н.</author>
                   </analytic>
                   <monogr>
                      <title level="m">Полное собрание сочинений. Том 61</title>
                      <imprint>
                         <pubPlace>Москва</pubPlace>
                         <publisher>Государственное издательство "Художественная литература"</publisher>
                         <date when="1953"/>
                      </imprint>
                   </monogr>
                   <series>
                      <title level="s">Л.Н. Толстой. Полное собрание сочинений</title>
                      <biblScope unit="vol">61</biblScope>
                   </series>
                </biblStruct>
             </sourceDesc>
          </fileDesc>
          <encodingDesc>
             <tagsDecl> </tagsDecl>
          </encodingDesc>
          <profileDesc>
             <correspDesc>
                <correspAction type="sending">
                   <persName ref="PersonList.xml#L_N_Tolstoy">Л. Н. Толстой</persName>
                   <placeName ref="PlacesListxml#PLACE">Я. П.</placeName>
                   <date when="1872-04-06">1872 г. Апреля 6.</date>            </correspAction>
                <correspAction type="receiving">
                   <persName ref="PersonList.xml#RECEIVER">A. A. Толстой</persName>
                </correspAction>
                <correspContext>
                   <ref type="prev"/>
                </correspContext>
             </correspDesc>
          </profileDesc>
       </teiHeader>
       <xenoData><number type="in a volume">369</number></xenoData>

              <text xml:id="A__A__Tolstoj_369">
	<body><div>
		<opener index="false">
369. A. A. Толстой.
1872 г. Апреля 6...8? Я. П.</opener>
<p rend="left">Любезный друг! Вы посмеялись над моим исправлением и теперь верно подумали: так и есть, если обещался писать часто, то года через два напишет. А вы сами виноваты — велели мне адресовать в Петербург, а я знаю, что вы в Крыму, и это отбивает охоту писать. Приехать в Орел я не мог. Но мне очень хотелось вас видеть. Я от души сочувствовал вашему горю, нездоровью императрицы, и именно по этому случаю хотел особенно вас видеть. Я хотел внушить вам, что у нас в России есть необычайное средство против общего и неопределенного упадка сил — кумыс, но не в <choice original_editorial_correction='Петерб[урге]'><sic>Петерб</sic><corr>Петербурге</corr></choice>, не в Крыму, а в самарских степях. Я испытал его на себе, видел удивительные примеры и верю только в кумыс. — Разумеется, вы мне не поверите. Ваши доктора всё уже решили и всё знают, но мне хотелось сказать это вам и я сказал. — Впрочем, это и не нужно — я слышал, что здоровье императрицы совсем поправилось. Я говорю — слышал, потому что 3 года не читал и теперь не читаю ни одной газеты.</p>
<p rend="left">Я живу хорошо, только старость начинает чувствоваться — хвораю часто и тороплюсь работать. Работы всё больше и больше впереди. Если бы мне 20 лет тому назад сказали: придумай себе работу на 23 года, я бы все силы ума употребил и не придумал бы работы на три года. А теперь скажите мне, что я буду жить в 10 лицах по 100 лет, и мы все не успеем всего переделать, что <hi>необходимо</hi>. Азбука моя печатается с одного конца, а с другого всё пишется и прибавляется. Эта азбука одна может дать работы на 100 лет. Для нее нужно знание греческой, индийской, арабской литератур, нужны все <choice original_editorial_correction='естественн[ые]'><sic>естественн</sic><corr>естественные</corr></choice> науки, астрономия, физика, и работа над языком ужасная — надо, чтоб всё было красиво, коротко, просто и, главное, ясно.<note xml:id="note1" resp="volume_editor" index="false"> О необходимости красоты и ясности языка в «Азбуке» Толстой 22 марта писал и Н. Н. Страхову (<ref target="file:///Volume_61_H__N__Straxovu_365.xml">см. письмо № 365</ref>).</note> Как <choice original_editorial_correction='франц[уз]'><sic>франц</sic><corr>француз</corr></choice> какой-то сказал: «La clarté est la politesse de ceux qui veulent <choice original_editorial_correction='ensei[gner]'><sic>ensei</sic><corr>enseigner</corr></choice>, s’adressant au publice».<note xml:id="note2" resp="volume_editor" index="false"> [«Ясность — это вежливость желающего учить в отношении к слушателям.»]</note> — И что хуже всего, что за этот труд меня будут бранить, и вы — первая. В вашей среде вы наверно найдете мой язык vulgaire.<note xml:id="note3" resp="volume_editor" index="false"> [вульгарным.]</note> А я не могу пренебречь мнением и вашей среды, потому что я пишу для всех. Образец того языка, каким я пишу, вы увидите, если захотите, в двух журналах, Заре и Беседе, куда я, против воли, должен был дать две историйки из Азбуки.<note xml:id="note4" resp="volume_editor" index="false"> В № 2 журнала «Заря» был напечатан рассказ Толстого «Кавказский пленник», в № 3 «Беседы» — рассказ «Бог правду видит, да не скоро скажет».</note> Если вы их прочтете, напишите свое мнение.</p>
<p rend="right">Ваш Л. <hi style="opdelimiter">Толстой.</hi><hi style="opnumber">283</hi></p>
<comments><p rend="Textpetit_otstup left"><hi style="npnumber">284</hi><hi style="npdelimiter">Впервые</hi> опубликовано, с датой: «апрель 1872 г.», в ПТ, № 72. Основания датировки: сопоставление слов Толстого о количестве задуманной им работы с записью С. А. Толстой в дневнике от 8 апреля 1872 г. («Дневники С. А. Толстой», ч. I, М. 1928, стр. 102).</p>
<p rend="Textpetit_otstup left"><hi>1</hi> О необходимости красоты и ясности языка в «Азбуке» Толстой 22 марта писал и Н. Н. Страхову (<ref target="file:///Volume_61_H__N__Straxovu_365.xml">см. письмо № 365</ref>).</p>
<p rend="petit left"><hi>2</hi> [«Ясность — это вежливость желающего учить в отношении к слушателям.»]</p>
<p rend="petit left"><hi>3</hi> [вульгарным.]</p>
<p rend="petit left"><hi>4</hi> В № 2 журнала «Заря» был напечатан рассказ Толстого «Кавказский пленник», в № 3 «Беседы» — рассказ «Бог правду видит, да не скоро скажет».</p>
</comments></div></body>
        </text>
        </TEI>