<?xml version='1.0' encoding='UTF-8' standalone='no'?>

<TEI xmlns="http://www.tei-c.org/ns/1.0">
       <teiHeader>
          <fileDesc>
             <titleStmt>
                <title>Письмо №* 382. H. Н. Страхову.</title>
             </titleStmt>
             <publicationStmt>
                <publisher>TolstoyLab</publisher>
                <date when="2015-09-14">14 September 2015</date>
             </publicationStmt>
             <sourceDesc>
                <biblStruct>
                   <analytic>
                      <author>Толстой Л.Н.</author>
                   </analytic>
                   <monogr>
                      <title level="m">Полное собрание сочинений. Том 61</title>
                      <imprint>
                         <pubPlace>Москва</pubPlace>
                         <publisher>Государственное издательство "Художественная литература"</publisher>
                         <date when="1953"/>
                      </imprint>
                   </monogr>
                   <series>
                      <title level="s">Л.Н. Толстой. Полное собрание сочинений</title>
                      <biblScope unit="vol">61</biblScope>
                   </series>
                </biblStruct>
             </sourceDesc>
          </fileDesc>
          <encodingDesc>
             <tagsDecl> </tagsDecl>
          </encodingDesc>
          <profileDesc>
             <correspDesc>
                <correspAction type="sending">
                   <persName ref="PersonList.xml#L_N_Tolstoy">Л. Н. Толстой</persName>
                   <placeName ref="PlacesListxml#PLACE">Я. П.</placeName>
                   <date when="1872-06-19">1872 г. Июня 19.</date>            </correspAction>
                <correspAction type="receiving">
                   <persName ref="PersonList.xml#RECEIVER">H. Н. Страхову</persName>
                </correspAction>
                <correspContext>
                   <ref type="prev"/>
                </correspContext>
             </correspDesc>
          </profileDesc>
       </teiHeader>
       <xenoData><number type="in a volume">382</number></xenoData>

              <text xml:id="H__N__Straxovu_382">
	<body><div>
		<opener index="false">
* 382. H. Н. Страхову.
1872 г. Июня 19...20. Я. П.</opener>
<p rend="left">С трепетом приступаю, дорогой Николай Николаевич, к составлению письма, при котором намереваюсь послать рукопись первых двух книг. С трепетом потому, что боюсь, вы ужаснетесь предстоящей вам работы, а если и не ужаснетесь, то не поймете многого по безобразной рукописи. — Но к делу. —</p>
<p rend="left"><hi>Первая книга.</hi> Первый лист — оглавление. Куда его поставить — в конце или начале? ad libitum.<note xml:id="note1" resp="volume_editor" index="false"> [по желанию.] В окончательном тексте оглавление стоит в начале книги.</note> (Вообще во <hi style="opdelimiter">многом</hi><hi style="opnumber">295</hi> <hi style="npnumber">296</hi><hi style="npdelimiter">позвольте</hi> полагаться на ваш вкус и писать ad libitum). 2-й — это <hi>«для учителя».</hi> Вся первая книга разделена на 4 части. <hi>1 часть</hi> — это собственно Азбука: а) изображение букв, b) склады, с) упражнения в соединении складов, d) упражнение в правильном произношении. <hi>2-я часть</hi> — это русское чтение: а) басни, b) описания, рассказы, сказки, с) научное (не найдете ли вы для этого другое название?), d) песни. <hi>3-я часть</hi> — славянское, состоящее из а) летописи, b) житий, с) библии, d) молитв. <hi>4-я часть</hi> — счет «Для учителя». Я говорю, как обращаться с каждой частью и прибавляю общие замечания для учителя, относящиеся ко всем последующим частям. — Всё для учителя перемарано и частью перемарано для типографии с коректурными знаками, частью уже после, для вас. — Поставить ли для учителя в конце или начале книги? — ad libitum. Больше всего я боюсь за эту часть — так она безобразно перемарана. В <hi>для учителя</hi> о счете стоит такой знак = это означает, что нужно вставить звездочку * в этом роде, которую я употребил в счете для изображения 10 единиц. Общие замечания для учителя замараны, а потом замарки замараны, и на поле написано, что оставить. — Вообще, если в «для учителя» есть неясности и дурные обороты, поправьте, я не умею писать в этом роде. После <hi>для учителя</hi> буквы. Резанные доски я пришлю из Москвы. Пригнать надо буквы, на одном листе и <hi>к</hi> вырезать новое, не загнутое и прямое <hi>к. Азбука с картинками</hi> доски в Москве, и я пришлю. Но помещать ли ее вовсе или нет, вы решите.<note xml:id="note2" resp="volume_editor" index="false"> «Азбука с картинками» помещена вслед за буквами.</note> Очень она некрасива. — <hi>Склады </hi>надо непременно тем же шрифтом (они называют древним) и пригонять так, чтобы строки были полные. <hi>Упражнения на соединение слов</hi>. Надо вставить тире между складами (склад всегда кончается гласной) и поставить по номерам. Тут же идут пословицы, все выговариваемые так, как пишутся, где вставлены сначала три неизвестные ученику маленькие буквы а, б и с, и потом пословицы, где вставлены скорописные большие и маленькие. Шрифт должен быть крупный, склады отделены — и скорописные буквы самые простые без загогулин. (В Москве я не нашел проще.) На последней странице этих пословиц на <hi>Ю</hi> подчеркнутые строки должны быть набраны не скорописным, но печатным. — <hi>Ѣ и в этих пословицах и во всех 4-х книгах до конца должен быть набираем особенным крупным и черным шрифтом только в корнях слов</hi>. <hi>Упражнения</hi> <hi style="opdelimiter"><hi>произношения.</hi></hi><hi style="opnumber">296</hi> <hi style="npnumber">297</hi><hi style="npdelimiter">Выговаривающаяся</hi> буква ставится наверху волосным шрифтом. Когда же буква произносится, как пишется, то становится крупным шрифтом, но особенным от <hi>Ѣ</hi>. <hi><choice><reg>Ваороне</reg><orig>Ваоронѣ</orig></choice>. <choice><reg>Ворон</reg><orig>Воронъ</orig></choice>.</hi> Лучше бы было, если бы можно было печатать, как я видел в американских азбуках — одну букву, как пишется,<hi> </hi>черным шрифтом, а другую волосным в ней же — вот так<figure><graphic url="./img/i000042920009.png"/></figure>—<hi> </hi>но это не важно. В некоторых местах упражнение в произношении находится в отгадке загадки, тогда это слово надо печатать крупно, или [как] все отгадки. <hi>II часть. I отдел</hi>. <hi>Басни. </hi>Набрано было с надстрочными буквами — теперь не нужно, а только курсив везде, где буква выговаривается не так, как пишется. Шрифт, если возможно, немного мельче первого, но крупнее того, <choice original_editorial_correction='кот[орым]'><sic>кот</sic><corr>которым</corr></choice> напечатано. — <hi>ё во всей книге там</hi>, <hi>где выговаривается.</hi> В этот отдел попали статьи, набранные для упражнения на предлоги и знаки препинания — не обращать внимания на курсив предлогов и большие точки. <hi>II отдел. </hi>Точки надо поставить большие там, где несомненно следует быть точке. Двоеточия я старался поставить в двух смыслах. Точки с запятой тоже только в самых определенных для (;) смыслах, — запятые — перечисления и вводные предложения. Знаки надо ставить большим шрифтом только те, о <choice original_editorial_correction='кот[орых]'><sic>кот</sic><corr>которых</corr></choice> идет речь. <hi>III отдел.</hi> Предлоги надо набирать толстым шрифтом и далеко отставлять от последующего слова. <hi>IV отдел</hi> — <hi>песни </hi>печатать с ударением. V <hi>отдел</hi> — <hi>славянский</hi>.<note xml:id="note3" resp="volume_editor" index="false"> «Славянский отдел» составил особую «часть третью» книги.</note> О печатании летописи по-славянски у меня в Москве было бесчисленное количество разговоров. Бессонов<note xml:id="note4" resp="volume_editor" index="false"> Петр Алексеевич Бессонов. <ref target="file:///Volume_61_P__A__Bessonovu_399.xml">См. письмо № 399</ref>.</note> и Буслаев<note xml:id="note5" resp="volume_editor" index="false"> Федор Иванович Буслаев (1818—1897) — филолог, исследователь народного творчества, с 1860 г. <hi style="opdelimiter">академик.</hi><hi style="opnumber">298</hi></note> считают невозможным печатание летописи по-славянски, Юрьев, Елагин<note xml:id="note6" resp="volume_editor" index="false"> Василий Алексеевич Елагин (1818—1879) — племянник поэта В. А. Жуковского и брат по матери Ивана и Петра Васильевичей Киреевских. По рассказам Марии Васильевны Беэр, дочери В. А. Елагина, Толстой в начале 1870 гг., приезжая в Москву, часто бывал у ее отца.</note> и др. и я и другие не находят в этом никакого затруднения. Печатать тем самым шрифтом, каким напечатана библия, у и я<note xml:id="note7" resp="volume_editor" index="false"> Юс большой и юс малый старо-славянского алфавита.</note> употреблять всегда одно и то же, самое простое, надстрочных знаков — никаких. В летописи кое-что переменено для того, чтобы употребить все буквы. — В выносках грамматических форм я для образца отметил на 1-й странице, какие слова выносить. Если вы встретите трудности, то пропускайте такие слова. Главное, не советуйтесь с знатоками. Они будут путать. Как меня путали в Москве. Если в переводе есть неверности, напишите мне. Над переводом я много трудился.</p>
<p rend="left"><hi>О Филагрии Мнихе и Мурине Дровосечце</hi> взято из Макарьевских Миней.<note xml:id="note8" resp="volume_editor" index="false"> Макарий (1482—1563) — московский митрополит, составитель «Четьи минеи», книги житий святых.</note> Если у вас нет и нужно, то я пришлю. <hi style="opdelimiter">Печатать</hi><hi style="opnumber">297</hi> <hi style="npnumber">298</hi><hi style="npdelimiter">ее</hi> точно так же, как летопись, и с теми же выносками. Житие Давида с переводом en regard точно так же. (Лист из Чети Менеи пришлите назад, когда не нужно.)</p>
<p rend="left">В библии к обыкновенным выноскам присоединить выноски титлов.<note xml:id="note9" resp="volume_editor" index="false"> Титло — в старо-славянском языке знак, писавшийся над сокращенным словом.</note></p>
<p rend="left">Печатать прямо с синодального издания. Если нет у вас, я пришлю. Молитвы и заповеди по-славянски без перевода. <hi>IV-я часть</hi> — <hi>счет</hi>. Как расположить таблицу? должна придумать типография. Счеты вылиты, как шрифт, и делаются набором. Я пришлю их из Москвы. Замаранное карандашом красным — не нужно. Где начинается сложение, <hi>Счет на счетах и арабскими</hi>, там надо набирать слова против счетов. — Нумера листов (всякого разбора) поставлены синим карандашом. Вот и всё. Боюсь и что неясно, и что слишком я объясняю, что <hi>вода мокрая</hi>. Вторая книга гораздо яснее, и к ней нечего делать никаких объяснений, кроме того, что выносок грамматических никаких не нужно, и что для <hi>Ѣ</hi> в корнях слов, <choice original_editorial_correction='ко[торое]'><sic>ко</sic><corr>которое</corr></choice> будет во всех книгах, и <hi>Ѣ</hi> в падежах, местоимениях, <choice original_editorial_correction='сравн[ительной]'><sic>сравн</sic><corr>сравнительной</corr></choice> <choice original_editorial_correction='степ[ени]'><sic>степ</sic><corr>степени</corr></choice> и глаголах, нужны разные по шрифту и оба больше всего шрифта. Шрифт второй книги должен быть не мельче того, <choice original_editorial_correction='кот[орый]'><sic>кот</sic><corr>который</corr></choice> вы мне прислали. На бумагу я согласен 1-го №-а, но не посылаю денег, чтобы купить, потому что надеюсь еще выручить свою из Москвы. Итак, посылаю вам 2 части и жду с трепетом вашего ответа. Возможно ли? Если возможно, то велите набирать и переписывать, что нужно. Заключите ли вы условие с типографией о сроке? Ну, что бог даст. Ваш всей душою.</p>
<p rend="right">Л. Толстой.</p>
<p rend="left">Вообще всё, что вы найдете плоским и лишним, даю вам carte blanche<note xml:id="note10" resp="volume_editor" index="false"> [свободу действий]</note> выбросить и очень прошу об этом.</p>
<comments><p rend="Textpetit_otstup left">На автографе пометка Страхова: «20 июн. 1872».</p>
<p rend="petit left">Две фразы впервые опубликованы в Г, II, стр. 131 и 135.</p>
<p rend="petit left">Послано вместе с рукописью первых двух книг «Азбуки».</p>
<p rend="Textpetit_otstup left"><hi>1</hi> [по желанию.] В окончательном тексте оглавление стоит в начале книги.</p>
<p rend="petit left"><hi>2</hi> «Азбука с картинками» помещена вслед за буквами.</p>
<p rend="petit left"><hi>3</hi> «Славянский отдел» составил особую «часть третью» книги.</p>
<p rend="petit left"><hi>4</hi> Петр Алексеевич Бессонов. <ref target="file:///Volume_61_P__A__Bessonovu_399.xml">См. письмо № 399</ref>.</p>
<p rend="petit left"><hi>5</hi> Федор Иванович Буслаев (1818—1897) — филолог, исследователь народного творчества, с 1860 г. <hi style="opdelimiter">академик.</hi><hi style="opnumber">298</hi></p>
<p rend="petit left"><hi>6</hi> Василий Алексеевич Елагин (1818—1879) — племянник поэта В. А. Жуковского и брат по матери Ивана и Петра Васильевичей Киреевских. По рассказам Марии Васильевны Беэр, дочери В. А. Елагина, Толстой в начале 1870 гг., приезжая в Москву, часто бывал у ее отца.</p>
<p rend="petit left"><hi>7</hi> Юс большой и юс малый старо-славянского алфавита.</p>
<p rend="petit left"><hi>8</hi> Макарий (1482—1563) — московский митрополит, составитель «Четьи минеи», книги житий святых.</p>
<p rend="petit left"><hi>9</hi> Титло — в старо-славянском языке знак, писавшийся над сокращенным словом.</p>
<p rend="petit left"><hi>10</hi> [свободу действий]</p>
</comments></div></body>
        </text>
        </TEI>