<?xml version='1.0' encoding='UTF-8' standalone='no'?>

<TEI xmlns="http://www.tei-c.org/ns/1.0">
       <teiHeader>
          <fileDesc>
             <titleStmt>
                <title>Письмо №* 95. И. И. Орлову.</title>
             </titleStmt>
             <publicationStmt>
                <publisher>TolstoyLab</publisher>
                <date when="2015-09-14">14 September 2015</date>
             </publicationStmt>
             <sourceDesc>
                <biblStruct>
                   <analytic>
                      <author>Толстой Л.Н.</author>
                   </analytic>
                   <monogr>
                      <title level="m">Полное собрание сочинений. Том 61</title>
                      <imprint>
                         <pubPlace>Москва</pubPlace>
                         <publisher>Государственное издательство "Художественная литература"</publisher>
                         <date when="1953"/>
                      </imprint>
                   </monogr>
                   <series>
                      <title level="s">Л.Н. Толстой. Полное собрание сочинений</title>
                      <biblScope unit="vol">61</biblScope>
                   </series>
                </biblStruct>
             </sourceDesc>
          </fileDesc>
          <encodingDesc>
             <tagsDecl> </tagsDecl>
          </encodingDesc>
          <profileDesc>
             <correspDesc>
                <correspAction type="sending">
                   <persName ref="PersonList.xml#L_N_Tolstoy">Л. Н. Толстой</persName>
                   <placeName ref="PlacesListxml#PLACE">Я. П.</placeName>
                   <date when="1865-01-14">1865 г. Января 14.</date>            </correspAction>
                <correspAction type="receiving">
                   <persName ref="PersonList.xml#RECEIVER">И. И. Орлову</persName>
                </correspAction>
                <correspContext>
                   <ref type="prev"/>
                </correspContext>
             </correspDesc>
          </profileDesc>
       </teiHeader>
       <xenoData><number type="in a volume">95</number></xenoData>

              <text xml:id="I__I__Orlovu_95">
	<body><div>
		<opener index="false">
* 95. И. И. Орлову.
1865 г. Января 14. Я. П.
</opener>
<p rend="Obrashenie left">Иван Иванович,</p>
<p rend="left">Пишу вам второе и последнее письмо. Ежели на него не получу ответа, то значит с вами что-нибудь дурное случилось. — Я в большом беспокойстве. Порученные вам дела очень важны, и вы 2 месяца и на три письма оставляете меня без ответа. —</p>
<p rend="right">Гр. Л. Толстой.</p>
<p rend="left">14 января.</p>
<comments><p rend="Textpetit_otstup left">Год определяется сопоставлением с письмами №№ 94 и 96.</p>
</comments></div></body>
        </text>
        </TEI>