<?xml version='1.0' encoding='UTF-8' standalone='no'?>

<TEI xmlns="http://www.tei-c.org/ns/1.0">
       <teiHeader>
          <fileDesc>
             <titleStmt>
                <title>Письмо №226. М. Н. Каткову.</title>
             </titleStmt>
             <publicationStmt>
                <publisher>TolstoyLab</publisher>
                <date when="2015-09-14">14 September 2015</date>
             </publicationStmt>
             <sourceDesc>
                <biblStruct>
                   <analytic>
                      <author>Толстой Л.Н.</author>
                   </analytic>
                   <monogr>
                      <title level="m">Полное собрание сочинений. Том 60</title>
                      <imprint>
                         <pubPlace>Москва</pubPlace>
                         <publisher>Государственное издательство "Художественная литература"</publisher>
                         <date when="1949"/>
                      </imprint>
                   </monogr>
                   <series>
                      <title level="s">Л.Н. Толстой. Полное собрание сочинений</title>
                      <biblScope unit="vol">60</biblScope>
                   </series>
                </biblStruct>
				<bibl>Печатается по рукописной копии писарской рукой из архива М. Н. Каткова (тетрадь № 21), хранящейся в БЛ.</bibl>
             </sourceDesc>
          </fileDesc>
          <encodingDesc>
             <tagsDecl> </tagsDecl>
          </encodingDesc>
          <profileDesc>
             <correspDesc>
                <correspAction type="sending">
                   <persName ref="PersonList.xml#L_N_Tolstoy">Л. Н. Толстой</persName>
                   <placeName ref="PlacesListxml#PLACE">Москва.</placeName>
                   <date from="1861-11-23" to="1861-11-24">1861 г. Ноября 23 — 24?</date>            </correspAction>
                <correspAction type="receiving">
                   <persName ref="PersonList.xml#RECEIVER">М. Н. Каткову</persName>
                </correspAction>
                <correspContext>
                   <ref type="prev"/>
                </correspContext>
             </correspDesc>
          </profileDesc>
       </teiHeader>
       <xenoData><number type="in a volume">226</number></xenoData>

              <text xml:id="M.N.Katkovu_226">
	<body><div>
		<opener index="false">
226. М. Н. Каткову.
1861 г. Ноября 23—24? Москва.
</opener><p rend="left">Возвращаю Вам «Отцы и Дети»<note xml:id="note1" resp="volume_editor" index="false"> Катков дал Толстому прочесть роман в рукописи.</note> с великою благодарностью. Насчет же объявления<note xml:id="note2" resp="volume_editor" index="false"> Повидимому, вопрос о новом объявлении в журнале «Ясная Поляна» обсуждался Толстым с Катковым при личном свидании.</note> думаю так: напечатать новое объявление<note xml:id="note3" resp="volume_editor" index="false"> Первое объявление «Об издании нового журнала» было напечатано в № 31 «Современной летописи» (цензурное разрешение 2 августа). Здесь Толстой объявил об издании «Ясной Поляны» с 1 октября 1861 г. Второе объявление появилось в № 39 «Современной летописи»; текст его следующий:</note> со слов: «<hi>с 1-го Января по общему обычаю</hi>» включительно и продолжать прежним объявлением, пропустив первые пять строк, т. е. начиная со слов: «<hi>Ежемесячное издание</hi>» и т. д. — Очень Вам благодарен за Вашу обязательность и желаю Вам всего лучшего.</p>
<p rend="right">Л. Толстой.</p>
<p rend="left">Два №-а <choice original_editorial_correction='Совр[еменной]'><sic>Совр</sic><corr>Современной</corr></choice> <choice original_editorial_correction='Лет[описи]'><sic>Лет</sic><corr>Летописи</corr></choice> взяты мною у Фрейданга,<note xml:id="note4" resp="volume_editor" index="false"> Фрейданг — заведующий конторой «Русского вестника».</note> который обещал, но не заехал ко мне. —</p>
<comments><p rend="Textpetit_otstup left">Печатается по рукописной копии писарской рукой из архива М. Н. Каткова (тетрадь № 21), хранящейся в БЛ.</p>
<p rend="petit left">Опубликовано впервые в «Литературном наследстве», № 37/38, М. 1939, стр. 195.</p>
<p rend="petit left">Письмо в копии не датировано. По содержанию этого письма, имеющего характер записки, и по ответу Каткова от 26 ноября видно, что оно написано в Москве. Толстой был в Москве 23—24 ноября 1861 г. и останавливался в гостинице «Дрезден» на Тверской, угол Космодамианского переулка.</p>
<p rend="Textpetit_otstup left"><hi>1</hi> Катков дал Толстому прочесть роман в рукописи.</p>
<p rend="petit left"><hi>2</hi> Повидимому, вопрос о новом объявлении в журнале «Ясная Поляна» обсуждался Толстым с Катковым при личном свидании.</p>
<p rend="petit left"><hi>3</hi> Первое объявление «Об издании нового журнала» было напечатано в № 31 «Современной летописи» (цензурное разрешение 2 августа). Здесь Толстой объявил об издании «Ясной Поляны» с 1 октября 1861 г. Второе объявление появилось в № 39 «Современной летописи»; текст его следующий:</p>
<p rend="petit left">«От редакции «Ясной Поляны». Занятия по должности мирового посредника поставили меня, против моего ожидания, в необходимость открыть издание «Ясной Поляны» не с 1-го октября 1861 г., как <hi style="opdelimiter">предполагалось,</hi><hi style="opnumber">411</hi> <hi style="npnumber">412</hi><hi style="npdelimiter">а</hi> с 1-го января 1862 г., по общему обычаю. Подписка принимается там же и на тех же условиях, как было объявлено. Граф Л. Толстой».</p>
<p rend="petit left"><hi>4</hi> Фрейданг — заведующий конторой «Русского вестника».</p>
<p rend="petit left">Катков отвечал Толстому 26 ноября. Ответ его напечатан в «Литературном наследстве», № 37/38, стр. 195—196.</p>
</comments></div></body>
        </text>
        </TEI>