<?xml version='1.0' encoding='UTF-8' standalone='no'?>

<TEI xmlns="http://www.tei-c.org/ns/1.0">
       <teiHeader>
          <fileDesc>
             <titleStmt>
                <title>Письмо №* 405. Н. Н. Страхову.</title>
             </titleStmt>
             <publicationStmt>
                <publisher>TolstoyLab</publisher>
                <date when="2015-09-14">14 September 2015</date>
             </publicationStmt>
             <sourceDesc>
                <biblStruct>
                   <analytic>
                      <author>Толстой Л.Н.</author>
                   </analytic>
                   <monogr>
                      <title level="m">Полное собрание сочинений. Том 61</title>
                      <imprint>
                         <pubPlace>Москва</pubPlace>
                         <publisher>Государственное издательство "Художественная литература"</publisher>
                         <date when="1953"/>
                      </imprint>
                   </monogr>
                   <series>
                      <title level="s">Л.Н. Толстой. Полное собрание сочинений</title>
                      <biblScope unit="vol">61</biblScope>
                   </series>
                </biblStruct>
             </sourceDesc>
          </fileDesc>
          <encodingDesc>
             <tagsDecl> </tagsDecl>
          </encodingDesc>
          <profileDesc>
             <correspDesc>
                <correspAction type="sending">
                   <persName ref="PersonList.xml#L_N_Tolstoy">Л. Н. Толстой</persName>
                   <placeName ref="PlacesListxml#PLACE">Я. П.</placeName>
                   <date when="1872-09-29">1872 г. Сентября 29.</date>            </correspAction>
                <correspAction type="receiving">
                   <persName ref="PersonList.xml#RECEIVER">Н. Н. Страхову</persName>
                </correspAction>
                <correspContext>
                   <ref type="prev">Ответ на несохранившееся письмо Страхова.</ref>
                </correspContext>
             </correspDesc>
          </profileDesc>
       </teiHeader>
       <xenoData><number type="in a volume">405</number></xenoData>

              <text xml:id="H__N__Straxovu_405">
	<body><div>
		<opener index="false">
* 405. Н. Н. Страхову.
1872 г. Сентября 29. Я. П.</opener>
<p rend="left">Письмо ваше и порадовало меня и огорчило меня — правду говорю — порадовало, что дело кончится-таки, а огорчило за вас, что вы потеряете месяц лучшего времени.</p>
<p rend="left">Почему не будет выносок славянского во 2-й, 3-й и 4-й книге? Мне кажется, что нужно бы во всех. — Впрочем, как хотите.<note xml:id="note1" resp="volume_editor" index="false"> Сноски грамматических форм даны только во второй книге «Азбуки», в отрывке из летописи, см. стр. 81—87.</note> <hi>Для учителя</hi> вставить правила — очень хорошо,<note xml:id="note2" resp="volume_editor" index="false"> В окончательной редакции «Азбуки» отдел «Для учителя» содержит только общие методические указания, правил же никаких нет.</note> но чтобы коротко было. <hi>Иосиф Волоколамский</hi> правда, что длинен и скучноват, и сам святой не монах, а тщеславно самолюбивый добросовестный духовный чиновник; но есть в нем места наивно художественные — прелестные. Может быть, он нравится мне, как психологический матерьял, и я ошибочно назначил его, и потому уничтожьте, если вам не жалко своей работы. Но он много лучше житий Сергия и Михаила.</p>
<p rend="left">Псалмов ведь только по одному в каждой книге. Они необходимы, как приготовление к чтению любимой в народе книги Псалтыря. К ним надо, как можно поподробнее и поточнее, выноски. Перевод всё равно какой. Летопись не желал <hi style="opdelimiter">бы</hi><hi style="opnumber">321</hi> <hi style="npnumber">322</hi><hi style="npdelimiter">сокращать.</hi> Вообще исключать, по-моему, надо по следующему порядку: 1) Сергия, 2) Иосифа <choice original_editorial_correction='Волок[оламского]'><sic>Волок</sic><corr>Волоколамского</corr></choice>, 3) Михаила,</p>
<p rend="left">4) Иосифа <choice original_editorial_correction='библе[йского]'><sic>библе</sic><corr>библейского</corr></choice> и 5) летопись.</p>
<p rend="left">С размерами же, которые вы хотите дать книгам, я совершенно согласен. Деньги 100 р. вышлю на днях. Теперь нет; но не позже недели.</p>
<p rend="left">Сделать в конце объяснение ошибок и примечание — очень хорошо.<note xml:id="note3" resp="volume_editor" index="false"> В конце І, II и III книг «Азбуки» оговорены замеченные ошибки.</note></p>
<p rend="left">Ошибка: в статье «Тепло»; прибавлено (не мною) <hi>отчего тонкий стакан не лопается</hi>. Вопрос остается без ответа.<note xml:id="note4" resp="volume_editor" index="false"> Указанная Толстым ошибка так и осталась неисправленной. См. «Азбука», II, стр. 63—64.</note> Если возможно, пришлите мне статьи о газах, как вы их переделаете. Очень, очень меня одолжите. Я нынешнюю зиму страстно, но урывками, занимался <choice original_editorial_correction='естествен[ными]'><sic>естествен</sic><corr>естественными</corr></choice> науками, особенно физикой. Мне интересно знать, в чем я соврал. Но должен сказать, что из <choice original_editorial_correction='естеств[енных]'><sic>естеств</sic><corr>естественных</corr></choice> наук я выбирал не то, что попадалось в книгах, не то, что случайно знаю, не то, что мне кажется нужно знать, но то, что ясно и красиво, и когда мне казалось недостаточно ясно и красиво, я старался выразить по-своему. Мне очень интересно знать, что вы забраковали.</p>
<p rend="left">Дроби мои теперь готовы, только осталось переписать. Скажите, что вы думаете о первых частях арифметики. Ясно ли? Да и про 4-ю книгу; поставьте мне отметки за статьи: какие вам понравились — 4 и 5 и <choice original_editorial_correction='как[ие]'><sic>как</sic><corr>какие</corr></choice> не понравились — 2, 1 и 0.</p>
<p rend="left">Как я жду вас, вы не можете себе представить. Неужели вы едете на всю зиму в Крым? Как это хорошо! — Вам только одного не доставало — уехать из Петербурга и принимать к сердцу Петербургские дела (литературные особенно) так же мало, как Эдинбургские.</p>
<p rend="left">В каком положении теперь находится шрифт славянский, и как и что можно ожидать?</p>
<comments><p rend="Textpetit_otstup left">Две цитаты, с датой: «сентябрь 1872 г.», опубликованы в Г, II, стр. 131 и 134. Датируется содержанием.</p>
<p rend="petit left">Ответ на несохранившееся письмо Страхова.</p>
<p rend="Textpetit_otstup left"><hi>1</hi> Сноски грамматических форм даны только во второй книге «Азбуки», в отрывке из летописи, см. стр. 81—87.</p>
<p rend="petit left"><hi>2</hi> В окончательной редакции «Азбуки» отдел «Для учителя» содержит только общие методические указания, правил же никаких нет.</p>
<p rend="petit left"><hi>3</hi> В конце І, II и III книг «Азбуки» оговорены замеченные ошибки.</p>
<p rend="petit left"><hi>4</hi> Указанная Толстым ошибка так и осталась неисправленной. См. «Азбука», II, стр. 63—64.</p>
<p rend="left"><hi style="opnumber">322</hi> <hi style="npnumber">323</hi></p>
</comments></div></body>
        </text>
        </TEI>