<?xml version='1.0' encoding='UTF-8' standalone='no'?>

<TEI xmlns="http://www.tei-c.org/ns/1.0">
       <teiHeader>
          <fileDesc>
             <titleStmt>
                <title>Письмо №* 230. A. E. Берсу.</title>
             </titleStmt>
             <publicationStmt>
                <publisher>TolstoyLab</publisher>
                <date when="2015-09-14">14 September 2015</date>
             </publicationStmt>
             <sourceDesc>
                <biblStruct>
                   <analytic>
                      <author>Толстой Л.Н.</author>
                   </analytic>
                   <monogr>
                      <title level="m">Полное собрание сочинений. Том 61</title>
                      <imprint>
                         <pubPlace>Москва</pubPlace>
                         <publisher>Государственное издательство "Художественная литература"</publisher>
                         <date when="1953"/>
                      </imprint>
                   </monogr>
                   <series>
                      <title level="s">Л.Н. Толстой. Полное собрание сочинений</title>
                      <biblScope unit="vol">61</biblScope>
                   </series>
                </biblStruct>
             </sourceDesc>
          </fileDesc>
          <encodingDesc>
             <tagsDecl> </tagsDecl>
          </encodingDesc>
          <profileDesc>
             <correspDesc>
                <correspAction type="sending">
                   <persName ref="PersonList.xml#L_N_Tolstoy">Л. Н. Толстой</persName>
                   <placeName ref="PlacesListxml#PLACE">Я. П.</placeName>
                   <date when="1867-10">1867 г. Октября</date>            </correspAction>
                <correspAction type="receiving">
                   <persName ref="PersonList.xml#RECEIVER">A. E. Берсу</persName>
                </correspAction>
                <correspContext>
                   <ref type="prev"/>
                </correspContext>
             </correspDesc>
          </profileDesc>
       </teiHeader>
       <xenoData><number type="in a volume">230</number></xenoData>

              <text xml:id="A__E__Bersu_230">
	<body><div>
		<opener index="false">
* 230. A. E. Берсу.
1867 г. Октября конец. Я. П.</opener>
<p rend="left">Москва, Кремль. Берс.</p>
<p rend="left">23 поставили 25 пиявок. Тотчас облегчение. Сегодня совершенно здоров. Благодарю и жалею за вашу тревогу.</p>
<p rend="right">Толстой.</p>
<comments><p rend="Textpetit_otstup left">Черновик телеграммы. Датируется сопоставлением с письмом № 232 и письмом А. Е. Берса к С. А. Толстой от 27 октября.</p>
</comments></div></body>
        </text>
        </TEI>