<?xml version='1.0' encoding='UTF-8' standalone='no'?>

<TEI xmlns="http://www.tei-c.org/ns/1.0">
       <teiHeader>
          <fileDesc>
             <titleStmt>
                <title>Письмо №* 10. T. A. Ергольской.</title>
             </titleStmt>
             <publicationStmt>
                <publisher>TolstoyLab</publisher>
                <date when="2015-09-14">14 September 2015</date>
             </publicationStmt>
             <sourceDesc>
                <biblStruct>
                   <analytic>
                      <author>Толстой Л.Н.</author>
                   </analytic>
                   <monogr>
                      <title level="m">Полное собрание сочинений. Том 60</title>
                      <imprint>
                         <pubPlace>Москва</pubPlace>
                         <publisher>Государственное издательство "Художественная литература"</publisher>
                         <date when="1949"/>
                      </imprint>
                   </monogr>
                   <series>
                      <title level="s">Л.Н. Толстой. Полное собрание сочинений</title>
                      <biblScope unit="vol">60</biblScope>
                   </series>
                </biblStruct>
             </sourceDesc>
          </fileDesc>
          <encodingDesc>
             <tagsDecl> </tagsDecl>
          </encodingDesc>
          <profileDesc>
             <correspDesc>
                <correspAction type="sending">
                   <persName ref="PersonList.xml#L_N_Tolstoy">Л. Н. Толстой</persName>
                   <placeName ref="PlacesListxml#PLACE">Петербург.</placeName>
                   <date when="1856-05-10">1856 г. Мая 10.</date>            </correspAction>
                <correspAction type="receiving">
                   <persName ref="PersonList.xml#RECEIVER">T. A. Ергольской</persName>
                </correspAction>
                <correspContext>
                   <ref type="prev"/>
                </correspContext>
             </correspDesc>
          </profileDesc>
       </teiHeader>
       <xenoData><number type="in a volume">10</number></xenoData>

              <text xml:id="T.A.Ergolskoj_10">
	<body><div>
		<opener index="false">
* 10. T. A. Ергольской.
1856 г. Мая 10. Петербург.
</opener><p rend="right">10 Mai.</p>

<p rend="Obrashenie left">Chère tante!</p>
<p rend="left">Je crois que vous vous inquiétez déjà au sujet de mon silence et de ce que je n’arrive pas jusqu’à présent, ayant promis de venir la seconde semaine après Pâques. Figurez vous, que voilà plus de deux mois, que j’ai présenté mon rapport et que pendant un mois on m’assure, que dans quelques jours j’aurais mon congé et que je ne puis l’avoir jusqu’à présent. J’ai présenté avant hier un second rapport et je suppose que dans tous les cas je pourrais partir tout au plus dans une semaine; ce qui fait que dans deux semaines je serai chez vous à Ясное; car je compte passer quelques jours à Moscou et aller à Troitza.<note xml:id="note1" resp="volume_editor" index="false"> В Москве Толстой пробыл 10 дней ― с 18 по 28 мая (см. прим. 3 к п. №9). У тетки Пелагеи Ильиничны Юшковой, жившей в Сергиевом посаде, Толстой провел два дня: 19 и 20 мая.</note> Je ne puis vous dire combien ce retard m’est désagréable, à présent que commence la plus belle saison de l’été que je suis obligé de la passer ici. Я кончил своих <hi>гусаров</hi> (повесть) и ничего нового не начал, да и Тургенев уехал, которого я чувствую теперь, что очень полюбил, несмотря на то, что мы всё ссорились.<note xml:id="note2" resp="volume_editor" index="false"> И. С. Тургенев уехал из Петербурга 5 мая 1856 г. в Спасское.</note> Так что мне бывает ужасно скучно. Dans tous les cas au revoir, chère tante, et écrivez moi un petit mot où êtes-vous? Que font Marie et les frères?</p>
<p rend="right">Léon.</p>
<lb/>
<p rend="left"><hi>На конверте:</hi></p>
<p rend="left">Ее Высокоблагородию Татьяне Александровне <hi>Ергольской. В г. Тулу.</hi></p>
<p rend="left">10 мая.</p>
<p rend="Obrashenie petit left">Дорогая тетенька!</p>
<p rend="petit left">Вы, наверное, беспокоитесь, что я давно не пишу и не приезжаю, обещав быть на второй неделе после Пасхи. Представьте себе, уже более двух месяцев тому назад я подал рапорт, и целый месяц меня уверяют, что я получу отпуск через несколько дней, а его нет и до сих пор. Позавчера подал вторичный рапорт и думаю, что смогу уехать не позже, как через неделю; значит, через две недели я буду у вас в Ясном; в Москве собираюсь пробыть несколько дней и съездить к Троице.<note xml:id="note3" resp="volume_editor" index="false"> В Москве Толстой пробыл 10 дней ― с 18 по 28 мая (см. прим. 3 к п. №9). У тетки Пелагеи Ильиничны Юшковой, жившей в Сергиевом посаде, Толстой провел два дня: 19 и 20 мая.</note> Не сумею выразить, как неприятна мне эта задержка; начинается лучшая пора лета, а я принужден ее проводить здесь. Я кончил своих <hi>гусаров</hi> (повесть) и ничего нового не начал, да и Тургенев уехал, которого я чувствую теперь, что очень <hi style="opdelimiter">полюбил,</hi><hi style="opnumber">60</hi> <hi style="npnumber">61</hi><hi style="npdelimiter">несмотря</hi> на то, что мы всё ссорились.<note xml:id="note4" resp="volume_editor" index="false"> И. С. Тургенев уехал из Петербурга 5 мая 1856 г. в Спасское.</note> Так что мне бывает ужасно скучно. Во всяком случае, до свиданья, дорогая тетенька, и напишите мне несколько слов, где вы? Как поживает Машенька и братья? ― </p>
<p rend="petit right">Лев.</p>
<comments><p rend="Textpetit_otstup left">Цитата из письма (русский текст) впервые напечатана в Б. I, 1, стр. 291.</p>
<p rend="Textpetit_otstup left"><hi>1</hi> В Москве Толстой пробыл 10 дней ― с 18 по 28 мая (см. прим. 3 к п. №9). У тетки Пелагеи Ильиничны Юшковой, жившей в Сергиевом посаде, Толстой провел два дня: 19 и 20 мая.</p>
<p rend="petit left"><hi>2</hi> И. С. Тургенев уехал из Петербурга 5 мая 1856 г. в Спасское.</p>
</comments></div></body>
        </text>
        </TEI>