<?xml version='1.0' encoding='UTF-8' standalone='no'?>

<TEI xmlns="http://www.tei-c.org/ns/1.0">
       <teiHeader>
          <fileDesc>
             <titleStmt>
                <title>Письмо №* 265. A. A. Берсу.</title>
             </titleStmt>
             <publicationStmt>
                <publisher>TolstoyLab</publisher>
                <date when="2015-09-14">14 September 2015</date>
             </publicationStmt>
             <sourceDesc>
                <biblStruct>
                   <analytic>
                      <author>Толстой Л.Н.</author>
                   </analytic>
                   <monogr>
                      <title level="m">Полное собрание сочинений. Том 60</title>
                      <imprint>
                         <pubPlace>Москва</pubPlace>
                         <publisher>Государственное издательство "Художественная литература"</publisher>
                         <date when="1949"/>
                      </imprint>
                   </monogr>
                   <series>
                      <title level="s">Л.Н. Толстой. Полное собрание сочинений</title>
                      <biblScope unit="vol">60</biblScope>
                   </series>
                </biblStruct>
             </sourceDesc>
          </fileDesc>
          <encodingDesc>
             <tagsDecl> </tagsDecl>
          </encodingDesc>
          <profileDesc>
             <correspDesc>
                <correspAction type="sending">
                   <persName ref="PersonList.xml#L_N_Tolstoy">Л. Н. Толстой</persName>
                   <placeName ref="PlacesListxml#PLACE">Я. П.</placeName>
                   <date when="1862-10-19">1862 г. Октября 19.</date>            </correspAction>
                <correspAction type="receiving">
                   <persName ref="PersonList.xml#RECEIVER">A. A. Берсу</persName>
                </correspAction>
                <correspContext>
                   <ref type="prev"/>
                </correspContext>
             </correspDesc>
          </profileDesc>
       </teiHeader>
       <xenoData><number type="in a volume">265</number></xenoData>

              <text xml:id="A.A.Bersu_265">
	<body><div>
		<opener index="false">
* 265. A. A. Берсу.
1862 г. Октября 19. Я. П.</opener>
<p rend="left">Здравствуй, милый Саша. Часто, особенно гуляя — когда мы в поле, я почему-то живо вспоминаю о тебе; и так мне хочется, чтоб ты был с нами. Авось, Бог даст, летом это сбудется, то что мы с тобой верхом будем отмахывать верст по 30. — Напрасно ты в стихах пишешь. Пиши в прозе да побольше. Мы с Соней во всем сошлись и в особенной симпатии к тебе. Прощай, милый брат, обнимаю тебя. А коротко пишу, потому что спать хочется и поздно.</p>
<p rend="right">Л. Толстой.</p>
<comments><p rend="Textpetit_otstup left">Приписка к письму С. А. Толстой от 19 октября 1862 г.</p>
<p rend="petit left">Отрывок из части письма, написанной С. А. Толстой, опубликован Т. А. Кузминской в ее воспоминаниях «Моя жизнь дома и в Ясной Поляне. 1846—1862», М. 1925, стр. 150.</p>
<p rend="petit left">Александр Андреевич Берс (1845—1918) — старший брат С. А. Толстой, в 1890-х гг. орловский вице-губернатор.</p>
</comments></div></body>
        </text>
        </TEI>