<?xml version='1.0' encoding='UTF-8' standalone='no'?>

<TEI xmlns="http://www.tei-c.org/ns/1.0">
       <teiHeader>
          <fileDesc>
             <titleStmt>
                <title>Письмо №112. A. A. Фету.</title>
             </titleStmt>
             <publicationStmt>
                <publisher>TolstoyLab</publisher>
                <date when="2015-09-14">14 September 2015</date>
             </publicationStmt>
             <sourceDesc>
                <biblStruct>
                   <analytic>
                      <author>Толстой Л.Н.</author>
                   </analytic>
                   <monogr>
                      <title level="m">Полное собрание сочинений. Том 61</title>
                      <imprint>
                         <pubPlace>Москва</pubPlace>
                         <publisher>Государственное издательство "Художественная литература"</publisher>
                         <date when="1953"/>
                      </imprint>
                   </monogr>
                   <series>
                      <title level="s">Л.Н. Толстой. Полное собрание сочинений</title>
                      <biblScope unit="vol">61</biblScope>
                   </series>
                </biblStruct>
				<bibl>Впервые опубликовано, с пропуском слов: «и всех их проберет» и присоединением в конце двух фраз из письма Толстого к Фету от 7 октября 1865 г., в «Русском обозрении», 1890, 3, стр. 41—43. Датируется на основании пометки на письме, сделанной С. А. Толстой: «16 мая 1865 г.».</bibl>
             </sourceDesc>
          </fileDesc>
          <encodingDesc>
             <tagsDecl> </tagsDecl>
          </encodingDesc>
          <profileDesc>
             <correspDesc>
                <correspAction type="sending">
                   <persName ref="PersonList.xml#L_N_Tolstoy">Л. Н. Толстой</persName>
                   <placeName ref="PlacesListxml#PLACE">Я. П.</placeName>
                   <date when="1865-05-16">1865 г. Мая 16.</date>            </correspAction>
                <correspAction type="receiving">
                   <persName ref="PersonList.xml#RECEIVER">A. A. Фету</persName>
                </correspAction>
                <correspContext>
                   <ref type="prev"/>
                </correspContext>
             </correspDesc>
          </profileDesc>
       </teiHeader>
       <xenoData><number type="in a volume">112</number></xenoData>

              <text xml:id="A__A__Fetu_112">
	<body><div>
		<opener index="false">
112. A. A. Фету.
1865 г. Мая 16. Я. П.</opener>
<p rend="left">Простите меня, любезный друг Афанасий Афанасьич, за то, что долго не отвечал вам. Не знаю, как это случилось. Правда, в это время было больно одно из детей, и я сам едва удержался от сильной горячки и лежал 3 дня в постели. Теперь у нас всё хорошо и даже очень весело. У нас Таня,<note xml:id="note1" resp="volume_editor" index="false"> Т. А. Берс.</note> потом сестра с своими детьми, и наши дети здоровы и целый день на воздухе. Я всё пишу понемножку и доволен своей работой.<note xml:id="note2" resp="volume_editor" index="false"> Роман «1805 год».</note> Вальдшнепы всё еще тянут, и я каждый вечер стреляю <hi>по ним,</hi> т. е. преимущественно мимо. Хозяйство мое идет хорошо, т. е. мало тревожит меня, — всё, что я от него требую. — Вот всё про меня. На ваш вопрос упомянуть о Ясной Поляне — школе, я отвечаю отрицательно. — Хотя ваши доводы и справедливы, но про нее (Я. П. журнал) забыли, и мне не хочется напоминать, не потому, чтобы я отрекался от выраженного там, но, напротив, потому, что не перестаю думать об этом,<note xml:id="note3" resp="volume_editor" index="false"> О том, что Толстой не переставал интересоваться вопросами педагогики, свидетельствуют записи в его Дневнике 1865 г. от 10 апреля и 26 сентября (см. т. 48, стр. 62 и 63).</note> и, ежели бог даст жизни, надеюсь еще изо всего этого составить книги, с тем заключением, <choice original_editorial_correction='к[отор]ое'><sic>кое</sic><corr>которое</corr></choice> вышло для меня из моего 3-х-летнего страстного увлечения этим делом. Я не понял вполне то, что вы хотите сказать в статье, которую вы пишете;<note xml:id="note4" resp="volume_editor" index="false"> Какую статью писал Фет, неизвестно.</note> тем интереснее будет услышать от вас, когда свидимся. — Наше дело землевладельческое теперь подобно делам акционера, который бы имел акции, потерявшие цену и не имеющие хода на бирже. Дело очень плохо. Я для себя решаю его только так, чтобы оно не требовало от меня столько внимания и участия, чтобы это участие лишало меня моего спокойствия. Последнее время я своими делами доволен, но общий ход дел, т. е. предстоящее народное бедствие голода<note xml:id="note5" resp="volume_editor" index="false"> В 1865 г. в Тульской губ. был сильный неурожай. См. об этом «День», 1865, № 44 от 13 ноября, статью П. Громова.</note> с каждым днем мучает меня больше и больше. Так странно и даже хорошо и страшно. У нас за столом редиска розовая, желтое масло, подрумяненный мягкий хлеб на чистой скатерти, в саду зелень, молодые наши дамы в кисейных платьях рады, что жарко и тень, а там этот злой чорт голод делает уже свое дело, покрывает поля лебедой, разводит трещины по высохнувшей земле и обдирает мозольные пятки мужиков и баб и трескает копыты скотины и всех их проберет и расшевелит, пожалуй, так, что и нам под тенистыми липами в кисейных платьях и с желтым сливочным маслом на расписном блюде — достанется. — Право, страшная у нас погода, хлеба и <hi style="opdelimiter">луга.</hi><hi style="opnumber">82</hi></p>
<p rend="left"><hi style="npnumber">83</hi><hi style="npdelimiter">Как</hi> у вас? Напишите повернее и поподробнее. Боткин<note xml:id="note6" resp="volume_editor" index="false"> Василий Петрович Боткин. О нем см. т. 60.</note> у вас, пожмите ему от меня руку. Зачем он ко мне не заехал! Я на днях еду в Никольское еще один без семьи и потому не надолго и к вам не приеду; но то-то хорошо было, коли бы в это же время судьба принесла вас к Борисову.</p>
<p rend="left">Кланяюсь от себя и от жены Марье Петровне. Мы в июне намерены со всей семьей переехать в Никольское — тогда увидимся<note xml:id="note7" resp="volume_editor" index="false"> Толстые уехали в Никольское 26 июня и пробыли там, с поездками к М. Н. Толстой в Покровское и к соседям, до 12 октября. А. А. Фет с женой приезжал к ним 16 июля.</note> и я уже наверное буду у вас. —</p>
<p rend="left">Что за злая судьба на вас! Из ваших разговоров я всегда видел, что одна только в хозяйстве была сторона, которую вы сильно любили и <choice original_editorial_correction='к[отор]ая'><sic>кая</sic><corr>которая</corr></choice> радовала вас, — это коннозаводство, и на нее-то и обрушилась беда. Приходится вам опять перепрягать свою колесницу и юхванство перепречь из оглобель на пристяжку; а мысль и художество уж давно у вас <choice original_editorial_correction='п[е]реезжены'><sic>преезжены</sic><corr>переезжены</corr></choice> в корень. Я уж перепрег и гораздо покойнее поехал. —</p>
<comments><p rend="Textpetit_otstup left">Впервые опубликовано, с пропуском слов: «и всех их проберет» и присоединением в конце двух фраз из письма Толстого к Фету от 7 октября 1865 г., в «Русском обозрении», 1890, 3, стр. 41—43. Датируется на основании пометки на письме, сделанной С. А. Толстой: «16 мая 1865 г.».</p>
<p rend="Textpetit_otstup left"><hi>1</hi> Т. А. Берс.</p>
<p rend="petit left"><hi>2</hi> Роман «1805 год».</p>
<p rend="petit left"><hi>3</hi> О том, что Толстой не переставал интересоваться вопросами педагогики, свидетельствуют записи в его Дневнике 1865 г. от 10 апреля и 26 сентября (см. т. 48, стр. 62 и 63).</p>
<p rend="petit left"><hi>4</hi> Какую статью писал Фет, неизвестно.</p>
<p rend="petit left"><hi>5</hi> В 1865 г. в Тульской губ. был сильный неурожай. См. об этом «День», 1865, № 44 от 13 ноября, статью П. Громова.</p>
<p rend="petit left"><hi>6</hi> Василий Петрович Боткин. О нем см. т. 60.</p>
<p rend="petit left"><hi>7</hi> Толстые уехали в Никольское 26 июня и пробыли там, с поездками к М. Н. Толстой в Покровское и к соседям, до 12 октября. А. А. Фет с женой приезжал к ним 16 июля.</p>
</comments></div></body>
        </text>
        </TEI>