<?xml version='1.0' encoding='UTF-8' standalone='no'?>

<TEI xmlns="http://www.tei-c.org/ns/1.0">
       <teiHeader>
          <fileDesc>
             <titleStmt>
                <title>Письмо №* 12. Н. Л. Боолю.</title>
             </titleStmt>
             <publicationStmt>
                <publisher>TolstoyLab</publisher>
                <date when="2015-09-14">14 September 2015</date>
             </publicationStmt>
             <sourceDesc>
                <biblStruct>
                   <analytic>
                      <author>Толстой Л.Н.</author>
                   </analytic>
                   <monogr>
                      <title level="m">Полное собрание сочинений. Том 61</title>
                      <imprint>
                         <pubPlace>Москва</pubPlace>
                         <publisher>Государственное издательство "Художественная литература"</publisher>
                         <date when="1953"/>
                      </imprint>
                   </monogr>
                   <series>
                      <title level="s">Л.Н. Толстой. Полное собрание сочинений</title>
                      <biblScope unit="vol">61</biblScope>
                   </series>
                </biblStruct>
             </sourceDesc>
          </fileDesc>
          <encodingDesc>
             <tagsDecl> </tagsDecl>
          </encodingDesc>
          <profileDesc>
             <correspDesc>
                <correspAction type="sending">
                   <persName ref="PersonList.xml#L_N_Tolstoy">Л. Н. Толстой</persName>
                   <placeName ref="PlacesListxml#PLACE">Я. П.</placeName>
                   <date when="1863-04-08">1863 г. Апреля 8.</date>            </correspAction>
                <correspAction type="receiving">
                   <persName ref="PersonList.xml#RECEIVER">Н. Л. Боолю</persName>
                </correspAction>
                <correspContext>
                   <ref type="prev"/>
                </correspContext>
             </correspDesc>
          </profileDesc>
       </teiHeader>
       <xenoData><number type="in a volume">12</number></xenoData>

              <text xml:id="H__L__Boolyu_12">
	<body><div>
		<opener index="false">
* 12. Н. Л. Боолю.
1863 г. Апреля 8. Я. П.</opener>
<p rend="left">Сделайте мне дружбу, любезный Николай Львович, продайте мне присланный нынче в Москву клевер 23<hi>1</hi>/<sub>2</sub> пуда и сколько-то тимофеевой травы. Клевер придет и свалится в Москве у Берсов в Кремле в Комендантской. Сделайте одолжение, взяв из него образчики, продайте его за что дадут, не ниже 3<hi>1</hi>/<sub>2</sub>, а покупают и по 7 нынешний <hi style="opdelimiter">год.</hi><hi style="opnumber">14</hi></p>
<p rend="left"><hi style="npnumber">15</hi><hi style="npdelimiter">Продать</hi> можно в конторе Иммера на Мясницкой, в депо сельского хозяйства и в семянных лавках в рядах. Сделайте только пожалуйста так, чтобы клевер этот не стеснил Берсов, и, ежели не продадите в неделю, то перешлите его назад в Тулу Копылову. Ежели бы у вас не было денег, возьмите у Берса. Я бы вас желал иметь за тем, чтобы вы согласились быть управляющим в Никольском с условием 15 р. в месяц.</p>
<p rend="right">Ваш Л. Толстой.</p>
<p rend="left">8 апреля.</p>
<comments><p rend="Textpetit_otstup left">Год определяется письмами А. Е. Берса к Толстому от 18 и 21 апреля 1863 г., в которых он писал о продаже клевера и тимофеевки, привезенных Боолем. О Николае Львовиче фон-Бооле см. т. 60, стр. 446, и т. 83, стр. 227.</p>
</comments></div></body>
        </text>
        </TEI>