<?xml version='1.0' encoding='UTF-8' standalone='no'?>

<TEI xmlns="http://www.tei-c.org/ns/1.0">
       <teiHeader>
          <fileDesc>
             <titleStmt>
                <title>Письмо №* 91. А. Е. и Л. А. Берсам.</title>
             </titleStmt>
             <publicationStmt>
                <publisher>TolstoyLab</publisher>
                <date when="2015-09-14">14 September 2015</date>
             </publicationStmt>
             <sourceDesc>
                <biblStruct>
                   <analytic>
                      <author>Толстой Л.Н.</author>
                   </analytic>
                   <monogr>
                      <title level="m">Полное собрание сочинений. Том 61</title>
                      <imprint>
                         <pubPlace>Москва</pubPlace>
                         <publisher>Государственное издательство "Художественная литература"</publisher>
                         <date when="1953"/>
                      </imprint>
                   </monogr>
                   <series>
                      <title level="s">Л.Н. Толстой. Полное собрание сочинений</title>
                      <biblScope unit="vol">61</biblScope>
                   </series>
                </biblStruct>
             </sourceDesc>
          </fileDesc>
          <encodingDesc>
             <tagsDecl> </tagsDecl>
          </encodingDesc>
          <profileDesc>
             <correspDesc>
                <correspAction type="sending">
                   <persName ref="PersonList.xml#L_N_Tolstoy">Л. Н. Толстой</persName>
                   <placeName ref="PlacesListxml#PLACE">Я. П.</placeName>
                   <date when="1864-12-22">1864 г. Декабря 22.</date>            </correspAction>
                <correspAction type="receiving">
                   <persName ref="PersonList.xml#RECEIVER">А. Е. и Л. А. Берсам</persName>
                </correspAction>
                <correspContext>
                   <ref type="prev"/>
                </correspContext>
             </correspDesc>
          </profileDesc>
       </teiHeader>
       <xenoData><number type="in a volume">91</number></xenoData>

              <text xml:id="A__E__i_L__A_Bersam_91">
	<body><div>
		<opener index="false">
* 91. А. Е. и Л. А. Берсам.
1864 г. Декабря 22. Я. П.</opener>
<p rend="left">Поздравляю вас также,<note xml:id="note1" resp="volume_editor" index="false"> С праздником рождества.</note> милые друзья, и желаю, чтоб вам было так же хорошо, как мне всё это время. Соня напрасно жалуется на меня. Я о руке почти не думаю и верю в то, что она поправится. Я начал было писать Тане, но не успею нынче, главное я хотел ей и вам сказать: есть Рубинштейном<note xml:id="note2" resp="volume_editor" index="false"> Николай Григорьевич Рубинштейн (1835—1881) — композитор, пианист и педагог. В 1860 г. основал в Москве отделение Русского музыкального общества, в 1863 г. — классы пения при нем, а в 1866 г. — консерваторию, директором которой состоял до самой смерти. Толстой был лично знаком с Н. Г. Рубинштейном.</note> устроенные уроки пенья. Они, говорят, хороши. Тане надо ездить туда.</p>
<p rend="left">Одна из радостных для меня вещей в это время, это то, что Сережа так мил, весел, и мы с ним так хороши, просты и дружны, как не были со времени моей женитьбы. Совсем другой человек. Что твое здоровье? <choice original_editorial_correction='А[ндрей]'><sic>А</sic><corr>Андрей</corr></choice> <choice original_editorial_correction='Е[встафьевич]'><sic>Е</sic><corr>Евстафьевич</corr></choice>! Вот скоро две недели, а я не получил еще ни слова от тебя. Нынче послал Дорку к Офросимову,<note xml:id="note3" resp="volume_editor" index="false"> Павел Александрович Офросимов (1799—1877) — старый знакомый и товарищ Толстого по охоте.</note> вот будет тебе щенок, какого прикажешь.</p>
<comments><p rend="Textpetit_otstup left">Датируется по письму С. А. Толстой, к которому является припиской.</p>
<p rend="Textpetit_otstup left"><hi>1</hi> С праздником рождества.</p>
<p rend="petit left"><hi>2</hi> Николай Григорьевич Рубинштейн (1835—1881) — композитор, пианист и педагог. В 1860 г. основал в Москве отделение Русского музыкального общества, в 1863 г. — классы пения при нем, а в 1866 г. — консерваторию, директором которой состоял до самой смерти. Толстой был лично знаком с Н. Г. Рубинштейном.</p>
<p rend="petit left"><hi>3</hi> Павел Александрович Офросимов (1799—1877) — старый знакомый и товарищ Толстого по охоте.</p>
<p rend="left"><hi style="opnumber">64</hi> <hi style="npnumber">65</hi></p>
</comments></div></body>
        </text>
        </TEI>