<?xml version='1.0' encoding='UTF-8' standalone='no'?>

<TEI xmlns="http://www.tei-c.org/ns/1.0">
       <teiHeader>
          <fileDesc>
             <titleStmt>
                <title>Письмо №331. A. A. Фету.</title>
             </titleStmt>
             <publicationStmt>
                <publisher>TolstoyLab</publisher>
                <date when="2015-09-14">14 September 2015</date>
             </publicationStmt>
             <sourceDesc>
                <biblStruct>
                   <analytic>
                      <author>Толстой Л.Н.</author>
                   </analytic>
                   <monogr>
                      <title level="m">Полное собрание сочинений. Том 61</title>
                      <imprint>
                         <pubPlace>Москва</pubPlace>
                         <publisher>Государственное издательство "Художественная литература"</publisher>
                         <date when="1953"/>
                      </imprint>
                   </monogr>
                   <series>
                      <title level="s">Л.Н. Толстой. Полное собрание сочинений</title>
                      <biblScope unit="vol">61</biblScope>
                   </series>
                </biblStruct>
				<bibl>Впервые опубликовано, с датой: «1871 г. 10 июня», в «Русском обозрении», 1890, 7, стр. 18. Датируется днем отъезда Толстого в Москву.</bibl>
             </sourceDesc>
          </fileDesc>
          <encodingDesc>
             <tagsDecl> </tagsDecl>
          </encodingDesc>
          <profileDesc>
             <correspDesc>
                <correspAction type="sending">
                   <persName ref="PersonList.xml#L_N_Tolstoy">Л. Н. Толстой</persName>
                   <placeName ref="PlacesListxml#PLACE">Я. П.</placeName>
                   <date when="1871-06-09">1871 г. Июня 9.</date>            </correspAction>
                <correspAction type="receiving">
                   <persName ref="PersonList.xml#RECEIVER">A. A. Фету</persName>
                </correspAction>
                <correspContext>
                   <ref type="prev"/>
                </correspContext>
             </correspDesc>
          </profileDesc>
       </teiHeader>
       <xenoData><number type="in a volume">331</number></xenoData>

              <text xml:id="A__A__Fetu_331">
	<body><div>
		<opener index="false">
331. A. A. Фету.
1871 г. Июня 9. Я. П.
</opener>
<p rend="Obrashenie left">Любезный друг!</p>
<p rend="left">Не писал вам давно и не был у вас оттого, что был и есть болен, сам не знаю чем, но похоже что-то на дурное или хорошее — смотря по тому, как называть конец. —</p>
<p rend="left">Упадок сил, и ничего не нужно и не хочется, кроме спокойствия, которого нет. Жена посылает меня на кумыс в Самару или Саратов на два месяца. Нынче еду в Москву и там узнаю, куда.</p>
<p rend="left">Очень хотелось написать <hi>жаль</hi> о Борисове,<note xml:id="note1" resp="volume_editor" index="false"> И. П. Борисов умер в мае 1871 г. Воспитание его тринадцатилетнего сына Петра взял на себя Фет. См. С. М. Сухотин, «Воспоминания» — «Русский архив», 1894, 8, стр. 583.</note> но это совсем неверно, и завидно неверно, а тронуло меня это очень. Радуюсь, что мальчик у вас.</p>
<p rend="left">Я, может, напишу вам с места.</p>
<p rend="right">Ваш Толстой.</p>
<p rend="left">10<note xml:id="note2" resp="volume_editor" index="false"> Видимо, ошибка: 10 июня Толстой был уже в Москве, о чем свидетельствует письмо к нему С. А. Толстой от 10 июня. (См. С. А. Толстая, «Письма к Л. Н. Толстому», изд. «Academia», 1936, стр. 89.)</note> июня.</p>
<comments><p rend="Textpetit_otstup left">Впервые опубликовано, с датой: «1871 г. 10 июня», в «Русском обозрении», 1890, 7, стр. 18. Датируется днем отъезда Толстого в Москву.</p>
<p rend="petit left">9 июня Толстой уехал в Москву, а оттуда числа 11—12 — в Самарскую губернию, где поселился в деревне Каралык, близ Бузулука. Здесь он прожил шесть недель и 2 августа вернулся в Ясную Поляну.</p>
<p rend="petit left">О пребывании Толстого на кумысе см. С. А. Берс, «Воспоминания о гр. Л. Н. Толстом», Смоленск 1894.</p>
<p rend="Textpetit_otstup left"><hi>1</hi> И. П. Борисов умер в мае 1871 г. Воспитание его тринадцатилетнего сына Петра взял на себя Фет. См. С. М. Сухотин, «Воспоминания» — «Русский архив», 1894, 8, стр. 583.</p>
<p rend="petit left"><hi>2</hi> Видимо, ошибка: 10 июня Толстой был уже в Москве, о чем свидетельствует письмо к нему С. А. Толстой от 10 июня. (См. С. А. Толстая, «Письма к Л. Н. Толстому», изд. «Academia», 1936, стр. 89.)</p>
</comments></div></body>
        </text>
        </TEI>