<?xml version='1.0' encoding='UTF-8' standalone='no'?>

<TEI xmlns="http://www.tei-c.org/ns/1.0">
       <teiHeader>
          <fileDesc>
             <titleStmt>
                <title>Письмо №* 148. А. А. Фету.</title>
             </titleStmt>
             <publicationStmt>
                <publisher>TolstoyLab</publisher>
                <date when="2015-09-14">14 September 2015</date>
             </publicationStmt>
             <sourceDesc>
                <biblStruct>
                   <analytic>
                      <author>Толстой Л.Н.</author>
                   </analytic>
                   <monogr>
                      <title level="m">Полное собрание сочинений. Том 60</title>
                      <imprint>
                         <pubPlace>Москва</pubPlace>
                         <publisher>Государственное издательство "Художественная литература"</publisher>
                         <date when="1949"/>
                      </imprint>
                   </monogr>
                   <series>
                      <title level="s">Л.Н. Толстой. Полное собрание сочинений</title>
                      <biblScope unit="vol">60</biblScope>
                   </series>
                </biblStruct>
             </sourceDesc>
          </fileDesc>
          <encodingDesc>
             <tagsDecl> </tagsDecl>
          </encodingDesc>
          <profileDesc>
             <correspDesc>
                <correspAction type="sending">
                   <persName ref="PersonList.xml#L_N_Tolstoy">Л. Н. Толстой</persName>
                   <placeName ref="PlacesListxml#PLACE">Новоселки.</placeName>
                   <date when="1859-09-27">1859 г. Сентября 27.</date>            </correspAction>
                <correspAction type="receiving">
                   <persName ref="PersonList.xml#RECEIVER">А. А. Фету</persName>
                </correspAction>
                <correspContext>
                   <ref type="prev"/>
                </correspContext>
             </correspDesc>
          </profileDesc>
       </teiHeader>
       <xenoData><number type="in a volume">148</number></xenoData>

              <text xml:id="A.A.Fetu_148">
	<body><div>
		<opener index="false">
* 148. А. А. Фету.
1859 г. Сентября 27. Новоселки.</opener>
<p rend="left">Здравствуйте, дядинька Фетинька. Мы благоденствуем. Сундук стоит, но маленькой. А он меня мало любит. Как ваши дела? Всё ли благополучно? Дамы<note xml:id="note1" resp="volume_editor" index="false"> Н. А. Борисова и М. П. Фет.</note> и дитя<note xml:id="note2" resp="volume_editor" index="false"> Сын И. П. и Н. А. Борисовых — Петр Иванович Борисов.</note> сержант благополучно ли? Не попался ли сундук? Дай Бог вам его видеть всегда. А я сочиняю повесть, очень сочиняю — Уи!</p>
<p rend="right">Л. Толстой.</p>
<comments><p rend="Textpetit_otstup left">Текст Толстого является припиской к письму И. П. Борисова от 27 сентября 1859 г. к жене.</p>
<p rend="Textpetit_otstup left"><hi>1</hi> Н. А. Борисова и М. П. Фет.</p>
<p rend="petit left"><hi>2</hi> Сын И. П. и Н. А. Борисовых — Петр Иванович Борисов.</p>
</comments></div></body>
        </text>
        </TEI>