<?xml version='1.0' encoding='UTF-8' standalone='no'?>

<TEI xmlns="http://www.tei-c.org/ns/1.0">
       <teiHeader>
          <fileDesc>
             <titleStmt>
                <title>Письмо №249. Александру II.</title>
             </titleStmt>
             <publicationStmt>
                <publisher>TolstoyLab</publisher>
                <date when="2015-09-14">14 September 2015</date>
             </publicationStmt>
             <sourceDesc>
                <biblStruct>
                   <analytic>
                      <author>Толстой Л.Н.</author>
                   </analytic>
                   <monogr>
                      <title level="m">Полное собрание сочинений. Том 60</title>
                      <imprint>
                         <pubPlace>Москва</pubPlace>
                         <publisher>Государственное издательство "Художественная литература"</publisher>
                         <date when="1949"/>
                      </imprint>
                   </monogr>
                   <series>
                      <title level="s">Л.Н. Толстой. Полное собрание сочинений</title>
                      <biblScope unit="vol">60</biblScope>
                   </series>
                </biblStruct>
             </sourceDesc>
          </fileDesc>
          <encodingDesc>
             <tagsDecl> </tagsDecl>
          </encodingDesc>
          <profileDesc>
             <correspDesc>
                <correspAction type="sending">
                   <persName ref="PersonList.xml#L_N_Tolstoy">Л. Н. Толстой</persName>
                   <placeName ref="PlacesListxml#PLACE">Москва.</placeName>
                   <date when="1862-08-22">1862 г. Августа 22.</date>            </correspAction>
                <correspAction type="receiving">
                   <persName ref="PersonList.xml#RECEIVER">Александру II</persName>
                </correspAction>
                <correspContext>
                   <ref type="prev"/>
                </correspContext>
             </correspDesc>
          </profileDesc>
       </teiHeader>
       <xenoData><number type="in a volume">249</number></xenoData>

              <text xml:id="AleksandruII_249">
	<body><div>
		<opener index="false">
249. Александру II.

1862г. Августа 22. Москва.
</opener>
<p rend="Obrashenie left">Ваше Величество!</p>
<p rend="left">6-го Июля Жандармский Штаб-Офицер в сопровождении земских властей приехал во время моего отсутствия в мое имение. В доме моем жили во время вакации мои гости, студенты, сельские учителя мирового участка, которым я управлял, моя тетка и сестра моя. Жандармский офицер объявил учителям, что они арестованы, потребовал их вещи и бумаги. Обыск продолжался два дня; обысканы были: школа, подвалы и кладовые. Ничего подозрительного, по словам жандармского офицера, не было найдено.</p>
<p rend="left">Кроме оскорбления, нанесенного моим гостям, найдено было нужным нанести то же оскорбление мне, моей тетке и моей сестре. Жандармский офицер пошел обыскивать мой кабинет, в то время спальню моей сестры. На вопрос о том, на каком основании он поступает таким образом, жандармский офицер объявил словесно, что он действует по Высочайшему повелению. Присутствие сопровождавших жандармских солдат и чиновников подтверждали его слова. Чиновники явились в спальню сестры, не оставили ни одной переписки, ни одного дневника непрочитанным и, уезжая, объявили моим гостям и семейству, что они свободны и что ничего подозрительного не было найдено. Следовательно они были и наши судьи и от них зависело обвинить нас подозрительными и несвободными. Жандармский <hi style="opdelimiter">офицер</hi><hi style="opnumber">440</hi> <hi style="npnumber">441</hi><hi style="npdelimiter">прибавил,</hi> однако, что отъезд его еще не должен окончательно успокоивать нас, он сказал: каждый день мы можем опять приехать.</p>
<p rend="left">Я считаю недостойным уверять Ваше Величество в незаслуженности нанесенного мне оскорбления. Всё мое прошедшее, мои связи, моя открытая для всех деятельность по службе и народному образованию и наконец журнал, в котором выражены все мои задушевные убеждения, могли бы без употребления мер, разрушающих счастье и спокойствие людей, доказать каждому интересующемуся мною, что я не мог быть заговорщиком, составителем прокламаций, убийцей или поджигателем. Кроме оскорбления, подозрения в преступлении, кроме посрамления во мнении общества и того чувства вечной угрозы, под которой я принужден жить и действовать, посещение это совсем уронило меня во мнении народа, которым я дорожил, которого заслуживал годами и которое мне было необходимо по избранной мною деятельности — основанию народных школ.</p>
<p rend="left">По свойственному человеку чувству, я ищу, кого бы обвинить во всем случившемся со мною. Себя я не могу обвинять: я чувствую себя более правым, чем когда бы то ни было; ложного доносчика я не знаю; чиновников, судивших и оскорблявших меня, я тоже не могу обвинять: они повторяли несколько раз, что это делается не по их воле, а по Высочайшему повелению.</p>
<p rend="left">Для того чтобы быть всегда столь же правым в отношении моего Правительства и особы Вашего Величества, я не могу и не хочу этому верить. Я думаю, что не может быть волею Вашего Величества, чтобы безвинные были наказываемы и чтобы правые постоянно жили под страхом оскорбления и наказания.</p>
<p rend="left">Для того, чтобы знать, кого упрекать во всем случившемся со мною, я решаюсь обратиться прямо к Вашему Величеству. Я прошу только о том, чтобы с имени Вашего Величества была снята возможность укоризны в несправедливости и чтобы были, ежели не наказаны, то обличены виновные в злоупотреблении этого имени.</p>
<p rend="right rightindent1">Вашего Величества </p>
<p rend="right rightindent">верноподданный</p>
<p rend="right">Граф Лев Толстой.</p>
<p rend="left">22 Августа 1862 г.</p>
<p rend="left"><hi style="opdelimiter">Москва.</hi><hi style="opnumber">441</hi></p>
<comments><p rend="Textpetit_otstup left"><hi style="npnumber">442</hi><hi style="npdelimiter">Публикуется</hi> по автографу, хранящемуся в Центрархиве в «Деле III отделения собственной его императорского величества канцелярии. О графе Льве Толстом». Опубликовано впервые во «Всемирном вестнике», 1906, № 7, особое приложение, стр. 62—63.</p>
<p rend="petit left">Настоящее письмо Толстой передал через флигель-адъютанта С. А. Шереметева в Петровском дворце во время маневров войск на Ходынском поле в Москве 23 августа 1862 г. См. об этом «Дневник Софьи Андреевны Толстой», 1862—1891 гг., М. 1928, стр. 17, Дневник Толстого под 23 августа 1862 г. (т. 48) и Т. А. Кузминская, «Моя жизнь дома и в Ясной Поляне», изд. Сабашниковых, I, М. 1925, стр. 127. Александру II письмо Толстого было передано вместе с «всеподданнейшей справкой» шефа жандармов кн. В. А. Долгорукова от 31 августа 1862 г., где не упоминается ни о литографском камне, ни о манифесте, ни о потайных лестницах и дверях, а причина обыска в Ясной Поляне объясняется лишь тем, что в имении Толстого проживают «молодые люди» без «письменных видов на жительство» (см. «Дело III отделения. О графе Льве Толстом», Спб. 1906, стр. 65—66).</p>
<p rend="petit left">Александр II вполне удовлетворился объяснениями Долгорукова, а письмо Толстого имело своим последствием лишь то, что Долгоруков отправил тульскому губернатору П. М. Дарагану следующее письмо (от 7 сентября 1862 г.): «Государь император изволил получить от помещика Тульской губернии графа Толстого всеподданнейшее письмо, относительно обыска в июле месяце, произведенного в имении его Ясная Поляна. Мера эта была вынуждена разными неблагоприятными сведениями на счет лиц, у него проживающих, близких его с ними сношений и других обстоятельств, возбудивших сомнения, но хотя некоторые из тех лиц и оказались не имеющими для жительства законных видов, а у одного хранились запрещенные сочинения, его величеству благоугодно, чтобы помянутая мера не имела собственно для графа Толстого никаких последствий. Уведомляя Ваше превосходительство о таковой высочайшей воле, к надлежащему исполнению и представляя Вам сообщить оную графу Толстому при личном с ним свидании, прошу Вас вместе с тем передать графу, что если бы он во время пребывания полковника Дурново в Ясной Поляне находился там лично, то он, вероятно, убедился бы, что штаб-офицеры корпуса жандармов при всей затруднительности возлагаемых на них поручений стараются исполнить оные с той осторожностью, которая должна составлять непременное условие их звания» (там же, стр. 67—68).</p>
</comments></div></body>
        </text>
        </TEI>