<?xml version='1.0' encoding='UTF-8' standalone='no'?>

<TEI xmlns="http://www.tei-c.org/ns/1.0">
       <teiHeader>
          <fileDesc>
             <titleStmt>
                <title>Письмо №1. Ректору Казанского университета Н. И. Лобачевскому.</title>
             </titleStmt>
             <publicationStmt>
                <publisher>TolstoyLab</publisher>
                <date when="2015-09-14">14 September 2015</date>
             </publicationStmt>
             <sourceDesc>
                <biblStruct>
                   <analytic>
                      <author>Толстой Л.Н.</author>
                   </analytic>
                   <monogr>
                      <title level="m">Полное собрание сочинений. Том 59</title>
                      <imprint>
                         <pubPlace>Москва</pubPlace>
                         <publisher>Государственное издательство "Художественная литература"</publisher>
                         <date when="1935"/>
                      </imprint>
                   </monogr>
                   <series>
                      <title level="s">Л.Н. Толстой. Полное собрание сочинений</title>
                      <biblScope unit="vol">59</biblScope>
                   </series>
                </biblStruct>
				<bibl>Печатается по автографу, хранящемуся в ГТМ. Впервые опубликовано Н<hi>.</hi> П. Загоскиным в статье «Гр. Л. Н. Толстой и его студенческие годы» — «Исторический вестник» 1894. № 1, стр. 94—95.</bibl>
             </sourceDesc>
          </fileDesc>
          <encodingDesc>
             <tagsDecl> </tagsDecl>
          </encodingDesc>
          <profileDesc>
             <correspDesc>
                <correspAction type="sending">
                   <persName ref="PersonList.xml#L_N_Tolstoy">Л. Н. Толстой</persName>
                   <placeName ref="PlacesListxml#PLACE">Казань</placeName>
                   <date when="1844-05-29">1844 г. Мая 29.</date>            </correspAction>
                <correspAction type="receiving">
                   <persName ref="PersonList.xml#RECEIVER">Ректору Казанского университета Н. И. Лобачевскому</persName>
                </correspAction>
                <correspContext>
                   <ref type="prev"/>
                </correspContext>
             </correspDesc>
          </profileDesc>
       </teiHeader>
       <xenoData><number type="in a volume">1</number></xenoData>

              <text xml:id="RektoruKazanskogouniversiteta._1">
	<body><div>
		<opener index="false">
1. Ректору Казанского университета Н. И. Лобачевскому.
1844 г. Мая 29. Казань</opener>
<p rend="Shapka">Его Превосходительству Господину Ректору <choice><reg>Императорского</reg><orig>Императорскаго</orig></choice> <choice><reg>Казанского</reg><orig>Казанскаго</orig></choice> Университета <choice><reg>Действительному</reg><orig>Дѣйствительному</orig></choice> Статскому <choice><reg>Советнику</reg><orig>Совѣтнику</orig></choice> и Кавалеру Николаю Ивановичу Лобачевскому.</p>
<p rend="subtitle centerline">
<choice><reg>Прошение</reg><orig>Прошенiе</orig></choice>.
</p>
<p rend="left">Желая поступить <choice><reg>в</reg><orig>въ</orig></choice> число <choice><reg>Студентов</reg><orig>Студентовъ</orig></choice> по Восточному <choice><reg>отделению</reg><orig>отдѣленiю</orig></choice><hi>1</hi> Философскаго Факультета Императорскаго Казанскаго Университета,<hi>2</hi> прошу Ваше Превосходительство допустить меня <choice><reg>к</reg><orig>къ</orig></choice> <choice><reg>испытанию</reg><orig>испытанiю</orig></choice>. Акты мои: <choice><reg>Свидетельство</reg><orig>Свидѣтельство</orig></choice> о <choice><reg>рождении</reg><orig>рожденiи</orig></choice> <choice><reg>из</reg><orig>изъ</orig></choice> Тульской духовной <choice><reg>Консистории</reg><orig>Консисторiи</orig></choice> <choice><reg>под</reg><orig>подъ</orig></choice> № 252,<hi>3</hi> и Свидетельство о <choice><reg>моем</reg><orig>моемъ</orig></choice> <choice><reg>Дворянском</reg><orig>Дворянскомъ</orig></choice> <choice><reg>происхождении</reg><orig>происхожденiи</orig></choice><hi>4</hi> <choice><reg>из</reg><orig>изъ</orig></choice> <choice><reg>Тульского</reg><orig>Тульскаго</orig></choice> <choice><reg>Дворянского</reg><orig>Дворянскаго</orig></choice> <choice><reg>Депутатского</reg><orig>Депутатскаго</orig></choice> <choice><reg>Собрания</reg><orig>Собранiя</orig></choice> <choice><reg>под</reg><orig>подъ</orig></choice> № 267 при <choice><reg>сем</reg><orig>семъ</orig></choice> честь <choice><reg>имею</reg><orig>имѣю</orig></choice> представить.</p>
<p rend="right"><choice><reg>Граф</reg><orig>Графъ</orig></choice> <choice><reg>Лев</reg><orig>Левъ</orig></choice> Толстой.</p>
<p rend="left"><choice><reg>Свидетельство</reg><orig>Свидѣтельство</orig></choice> о здоровьи<hi>5</hi> <choice><reg>в</reg><orig>въ</orig></choice> <choice><reg>скором</reg><orig>скоромъ</orig></choice> времени<hi>6</hi> доставлю.</p>
<p rend="right">Л. Толстой. 1844 Мая 30.</p>
<comments><p rend="Textpetit_otstup left">Печатается по автографу, хранящемуся в ГТМ. Впервые опубликовано Н<hi>.</hi> П. Загоскиным в статье «Гр. Л. Н. Толстой и его студенческие годы» — «Исторический вестник» 1894. № 1, стр. 94—95.</p>
<p rend="petit left">На прошении пометы: «Под.[ано] 29 мая 1844» и «Нет лекарского свидетельства о здоровье, впрочем акты достаточны».</p>
<p rend="petit left">После текста прошения рукой Н. И. Лобачевского написано: «Льва Толстого допустить к испытанию во 2-м комитете, объявя <hi style="opdelimiter">просителю,</hi><hi style="opnumber">3</hi> <hi style="npnumber">4</hi><hi style="npdelimiter">чтобы</hi> доставил свидетельство о здоровье. 29 мая 1844 г. Ректор Лобачевский».</p>
<p rend="petit left">После кончины 30 августа 1841 г. опекунши Николая, Сергея, Дмитрия, Льва и Марии гр. Толстых, гр. Александры Ильиничны фон-дер-Остен-Сакен, опека перешла к другой их тетке, сестре их отца, Пелагее Ильиничне Юшковой, жене казанского помещика В. И. Юшкова, которая и перевезла детей Толстых в Казань осенью 1841 г. В том же 1841 г. гр. Николай Николаевич Толстой перевелся из Московского университета на третий курс Казанского университета, куда осенью 1843 г. поступили Сергей и Дмитрий Толстые. Лев Толстой 1842—1844 годы употребил на подготовку к вступительным экзаменам по турецко-арабскому разряду Философского факультета. Вступительные экзамены происходили 29 мая — 5 июня 1844 г. Толстой получил следующие отметки: 29 мая — закон божий — 4; 30 мая — история общая и русская — 1; 30 мая — статистика и география — 1; 31 мая — математика — 4; 1 июня — русская словесность — 4; 1 июня — логика — 4; 2 июня — латинский язык — 5; 5 июня — арабский язык — 5; 5 июня — турецко-татарский язык — 5; См. Н. П. Загоскин «Граф Л. Н. Толстой и его студенческие годы» — «Исторический вестник» 1894, № 1, стр. 78—124.</p>
<p rend="petit left">Николай Иванович Лобачевский (1793—1856), известный математик, гениальный создатель Неевклидовой системы геометрии, в 1816—1846 гг. — профессор Казанского университета, с 3 мая 1827 г. по 14 августа 1846 г. — ректор Казанского университета; с 18 апреля 1845 г. по август 1847 г. — управляющий Казанским учебным округом. Казанский университет многим обязан Лобачевскому в деле строительства университета, оборудования физических кабинетов, устройства библиотеки и преобразования печатного университетского органа.</p>
<p rend="Textpetit_otstup left"><hi>1 </hi><hi>После слов:</hi> Восточному отделению <hi>вписано между строк рукою Лобачевского:</hi> в разряд турецко-арабск.</p>
<p rend="petit left"><hi>2 </hi>Казанский университет основан 5 ноября 1804 г.</p>
<p rend="petit left"><hi>3</hi> Свидетельство о рождении из Тульской духовной консистории, см. прим. 3 к прошению № 2,</p>
<p rend="petit left"><hi>4</hi> Свидетельство о дворянском происхождении, см. там же прим. 4.</p>
<p rend="petit left"><hi>5</hi> Свидетельство о здоровье, см. там же в конце примечаний.</p>
<p rend="petit left"><hi>6 </hi><hi>Зачеркнуто:</hi> дост.</p>
<p rend="Textpetit_otstup left">При прошении Толстого имеется (в ГТМ) еще бумага такого содержания: «По рассмотрении актов графа Льва Толстого: 1. Метрического свидетельства, выданного из Тульской Духовной Консистории от 23 Генваря 1841 г. за № 252 о времени рождении и крещения его. 2. Копии с протокола Тульского Дворянского Депутатского Собрания от 19 Августа 1841 г. за № 267 экзаменовался по Отделению Восточной словесности, но принятия в Университет не удостоен. Определено: акты здесь поименованные возвратить Г. Инспектору студентов для обращения Графу Льву Толстому, так как он не удостоен к поступлению в Университет... Исполнено 13 Июня».</p>
<p rend="left"><hi style="opnumber">4</hi> <hi style="npnumber">5</hi></p>
<p rend="left" xml:id="loi2"> </p>
<div rend="image"><figure><graphic url="./img/b00000116.png"/></figure></div><lb/>
<p rend="subtitle centerline">
ПРОШЕНИЕ ТОЛСТОГО РЕКТОРУ КАЗАНСКОГО УНИВЕРСИТЕТА 1844 г.
</p>
<p rend="right"><hi>Размер подлинника</hi></p>
</comments></div></body>
        </text>
        </TEI>