<?xml version='1.0' encoding='UTF-8' standalone='no'?>

<TEI xmlns="http://www.tei-c.org/ns/1.0">
       <teiHeader>
          <fileDesc>
             <titleStmt>
                <title>Письмо №303. В Тульское губернское по крестьянским делам присутствие.</title>
             </titleStmt>
             <publicationStmt>
                <publisher>TolstoyLab</publisher>
                <date when="2015-09-14">14 September 2015</date>
             </publicationStmt>
             <sourceDesc>
                <biblStruct>
                   <analytic>
                      <author>Толстой Л.Н.</author>
                   </analytic>
                   <monogr>
                      <title level="m">Полное собрание сочинений. Том 60</title>
                      <imprint>
                         <pubPlace>Москва</pubPlace>
                         <publisher>Государственное издательство "Художественная литература"</publisher>
                         <date when="1949"/>
                      </imprint>
                   </monogr>
                   <series>
                      <title level="s">Л.Н. Толстой. Полное собрание сочинений</title>
                      <biblScope unit="vol">60</biblScope>
                   </series>
                </biblStruct>
				<bibl>Печатается по тексту, опубликованному в «Русской мысли», 1903, IX, стр. 101—102.</bibl>
             </sourceDesc>
          </fileDesc>
          <encodingDesc>
             <tagsDecl> </tagsDecl>
          </encodingDesc>
          <profileDesc>
             <correspDesc>
                <correspAction type="sending">
                   <persName ref="PersonList.xml#L_N_Tolstoy">Л. Н. Толстой</persName>
                   <placeName ref="PlacesListxml#PLACE">Я. П.</placeName>
                   <date when="1862-02-21">1862 г. Февраля 21.</date>            </correspAction>
                <correspAction type="receiving">
                   <persName ref="PersonList.xml#RECEIVER">В Тульское губернское по крестьянским делам присутствие</persName>
                </correspAction>
                <correspContext>
                   <ref type="prev"/>
                </correspContext>
             </correspDesc>
          </profileDesc>
       </teiHeader>
       <xenoData><number type="in a volume">303</number></xenoData>

              <text xml:id="VTulskoegubernskoepokrestyanskimdelamprisutstvie_303">
	<body><div>
		<opener index="false">
303. В Тульское губернское по крестьянским делам присутствие.
1862 г. Февраля 21. Я. П.</opener>
<p rend="left">№36.</p>
<p rend="left">Участка моего сельские общества: Колпенское, Городненское и Плехановское открыли училища, в которые учителями поступили: в Колпенское — окончивший курс в саратовской гимназии Анатолий Томашевский,<note xml:id="note1" resp="volume_editor" index="false"> Анатолий Константинович Томашевский (1842—1907) — сын землевладельца Саратовской губернии. В 1859 г. окончил гимназию в Саратове и поступил в Московский университет. За участие в московских студенческих беспорядках в 1861 г. 6 февраля 1862 г. был обязан подпискою подчиняться всем университетским правилам, в противном случае подлежал высылке из Москвы. Жил в Ясной Поляне, где был учителем в Бабуринской (с осени 1861 г.) и в Колпенской (с 2 января 1862 г. и до 1863 г.) школах. В журнале «Ясная Поляна», за подписью «А. Т.», напечатаны две статьи Томашевского: «Колпенская школа» (март) и «Колпенская школа» (декабрь). В 1863 г., когда школьная деятельность Толстого прекратилась, Томашевский остался в Ясной Поляне в качестве управляющего, но на очень недолгое время. По просьбе Толстого, А. Е. Берс, будучи в Петербурге в мае 1863 г., взял на себя хлопоты о предоставлении Томашевскому свободного жительства.</note> в Городненское — окончивший курс в пензенской гимназии Владимир Токашевич,<note xml:id="note2" resp="volume_editor" index="false"> Владимира Токашевича среди учителей толстовских школ не было. Возможно, что в статье Успенского опечатка и следует читать: «Лукашевич».</note> в Плехановское — окончивший курс в пензенском дворянском институте Николай Петерсон;<note xml:id="note3" resp="volume_editor" index="false"> Николай Павлович Петерсон (1844—1919) — окончил Пензенский дворянский институт (1862), был учителем в открытых Толстым школах Грецовской, затем Плехановской, а с января 1862 г. в Головине. Позднее был библиотекарем Чертковской библиотеки в Москве и доставлял Толстому материалы по «Войне и миру». Последние годы жизни служил по судебному ведомству. О Толстом вспоминал в статьях: «Из записок бывшего учителя» — «Международный толстовский альманах», составленный П. А. Сергеенко, изд. «Книга», М. 1909; «Мои сношения с великим писателем земли русской графом Л. Н. Толстым и мое к нему отношение» — «Н. Ф. Федоров и его книга «Философия общего дела», Верный 1912, стр. 83—93. Подробнее о нем см. тт. 8, 61 и 78.</note> Богучаровское же сельское общество в свое училище, вместо прежнего учителя Морозова,<note xml:id="note4" resp="volume_editor" index="false"> П. В. Морозов.</note> приняло бывшего студента Казанского университета Сергея Гудима.<note xml:id="note5" resp="volume_editor" index="false"> Сергей Леонтьевич Гудима — студент Казанского университета, был преподавателем у Толстого в Богучаровской и Пироговской (?) школах. Ему принадлежит статья: «Богучаровская школа за февраль и март» («Ясная Поляна», июнь).</note> О чем долгом считаю уведомить Тульское губернское по крестьянским делам присутствие.</p>
<comments><p rend="Textpetit_otstup left">Печатается по тексту, опубликованному в «Русской мысли», 1903, IX, стр. 101—102.</p>
<p rend="Textpetit_otstup left"><hi>1</hi> Анатолий Константинович Томашевский (1842—1907) — сын землевладельца Саратовской губернии. В 1859 г. окончил гимназию в Саратове и поступил в Московский университет. За участие в московских студенческих беспорядках в 1861 г. 6 февраля 1862 г. был обязан подпискою подчиняться всем университетским правилам, в противном случае подлежал высылке из Москвы. Жил в Ясной Поляне, где был учителем в Бабуринской (с осени 1861 г.) и в Колпенской (с 2 января 1862 г. и до 1863 г.) школах. В журнале «Ясная Поляна», за подписью «А. Т.», напечатаны две статьи Томашевского: «Колпенская школа» (март) и «Колпенская школа» (декабрь). В 1863 г., когда школьная деятельность Толстого прекратилась, Томашевский остался в Ясной Поляне в качестве управляющего, но на очень недолгое время. По просьбе Толстого, А. Е. Берс, будучи в Петербурге в мае 1863 г., взял на себя хлопоты о предоставлении Томашевскому свободного жительства.</p>
<p rend="petit left">В 1865 г. Томашевский снова был принят в Московский университет. В 1866 г. был арестован в связи с каракозовским делом. В январе 1867 г. получил разрешение выехать в Курск, где состоял под негласным надзором. В 1896 г. им была издана книга М. А. Антоновича «Чарльз <hi style="opdelimiter">Дарвин</hi><hi style="opnumber">506</hi> <hi style="npnumber">507</hi><hi style="npdelimiter">и</hi> его теория». Об А. К. Томашевском см. «Деятели революционного движения в России. Словарь», т. I; записки С. М. Сухотина — «Русский архив», 1894, 1, стр. 432; Т. А. Кузминская, «Моя жизнь дома и в Ясной Поляне», II, М. 1927, стр. 43—44, 48, 55.</p>
<p rend="petit left"><hi>2</hi> Владимира Токашевича среди учителей толстовских школ не было. Возможно, что в статье Успенского опечатка и следует читать: «Лукашевич».</p>
<p rend="petit left">Владимир Павлович Лукашевич — учитель Городненской школы. Ему принадлежит статья «О необходимости контроля общества над школами» («Ясная Поляна», апрель), подписанная «В. Л.».</p>
<p rend="petit left"><hi>3</hi> Николай Павлович Петерсон (1844—1919) — окончил Пензенский дворянский институт (1862), был учителем в открытых Толстым школах Грецовской, затем Плехановской, а с января 1862 г. в Головине. Позднее был библиотекарем Чертковской библиотеки в Москве и доставлял Толстому материалы по «Войне и миру». Последние годы жизни служил по судебному ведомству. О Толстом вспоминал в статьях: «Из записок бывшего учителя» — «Международный толстовский альманах», составленный П. А. Сергеенко, изд. «Книга», М. 1909; «Мои сношения с великим писателем земли русской графом Л. Н. Толстым и мое к нему отношение» — «Н. Ф. Федоров и его книга «Философия общего дела», Верный 1912, стр. 83—93. Подробнее о нем см. тт. 8, 61 и 78.</p>
<p rend="petit left"><hi>4</hi> П. В. Морозов.</p>
<p rend="petit left"><hi>5</hi> Сергей Леонтьевич Гудима — студент Казанского университета, был преподавателем у Толстого в Богучаровской и Пироговской (?) школах. Ему принадлежит статья: «Богучаровская школа за февраль и март» («Ясная Поляна», июнь).</p>
</comments></div></body>
        </text>
        </TEI>