<?xml version='1.0' encoding='UTF-8' standalone='no'?>

<TEI xmlns="http://www.tei-c.org/ns/1.0">
       <teiHeader>
          <fileDesc>
             <titleStmt>
                <title>Письмо №128. Гр. А. А. Толстой.</title>
             </titleStmt>
             <publicationStmt>
                <publisher>TolstoyLab</publisher>
                <date when="2015-09-14">14 September 2015</date>
             </publicationStmt>
             <sourceDesc>
                <biblStruct>
                   <analytic>
                      <author>Толстой Л.Н.</author>
                   </analytic>
                   <monogr>
                      <title level="m">Полное собрание сочинений. Том 60</title>
                      <imprint>
                         <pubPlace>Москва</pubPlace>
                         <publisher>Государственное издательство "Художественная литература"</publisher>
                         <date when="1949"/>
                      </imprint>
                   </monogr>
                   <series>
                      <title level="s">Л.Н. Толстой. Полное собрание сочинений</title>
                      <biblScope unit="vol">60</biblScope>
                   </series>
                </biblStruct>
				<bibl>Впервые опубликовано в ПТ, № 20, стр. 121.</bibl>
             </sourceDesc>
          </fileDesc>
          <encodingDesc>
             <tagsDecl> </tagsDecl>
          </encodingDesc>
          <profileDesc>
             <correspDesc>
                <correspAction type="sending">
                   <persName ref="PersonList.xml#L_N_Tolstoy">Л. Н. Толстой</persName>
                   <placeName ref="PlacesListxml#PLACE">Москва.</placeName>
                   <date when="1859-04-05">1859 г. Апреля 5.</date>            </correspAction>
                <correspAction type="receiving">
                   <persName ref="PersonList.xml#RECEIVER">Гр. А. А. Толстой</persName>
                </correspAction>
                <correspContext>
                   <ref type="prev"/>
                </correspContext>
             </correspDesc>
          </profileDesc>
       </teiHeader>
       <xenoData><number type="in a volume">128</number></xenoData>

              <text xml:id="gr.A.A.Tolstoj_128">
	<body><div>
		<opener index="false">
128. Гр. А. А. Толстой.
1859 г. Апреля 5. Москва.</opener>
<p rend="right">5 Апреля.</p>
<p rend="left">Работу кончил,<note xml:id="note1" resp="volume_editor" index="false"> Речь идет о «Семейном счастье».</note> милая покровительница моей души, и начинаю говеть, и буду стараться говеть<note xml:id="note2" resp="volume_editor" index="false"> О несостоявшемся говении Толстого см. далее, п. № 131.</note> так, чтобы не стыдно было перед собой, перед прежними моими требованиями и перед вашими. Нынче и погода такая, что в небе видно Бога, ежели присмотреться немного, и в себе слышно его. Когда вы причащаетесь? я желал бы поздравить вас. — Христос с вами, дай Бог, <choice original_editorial_correction='что[бы]'><sic>что</sic><corr>чтобы</corr></choice> не разрушался в вас никогда тот мир, который теперь в вашей душе. Благодарствуйте за ваше письмо, я после отвечу на него.<note xml:id="note3" resp="volume_editor" index="false"> Подразумевается письмо А. А. Толстой от 20-х чисел марта 1859 г. (ПТ, стр. 117—119).</note> — Хорошо ли, дурно ли, но я с Andacht<note xml:id="note4" resp="volume_editor" index="false"> [с благоговением]</note> читаю и буду читать ваши письма.</p>
<p rend="right">Л. Толстой.</p>
<comments><p rend="Textpetit_otstup left">Впервые опубликовано в ПТ, № 20, стр. 121.</p>
<p rend="Textpetit_otstup left"><hi>1</hi> Речь идет о «Семейном счастье».</p>
<p rend="petit left"><hi>2</hi> О несостоявшемся говении Толстого см. далее, п. № 131.</p>
<p rend="petit left"><hi>3</hi> Подразумевается письмо А. А. Толстой от 20-х чисел марта 1859 г. (ПТ, стр. 117—119).</p>
<p rend="petit left"><hi>4</hi> [с благоговением]</p>
</comments></div></body>
        </text>
        </TEI>