<?xml version='1.0' encoding='UTF-8' standalone='no'?>

<TEI xmlns="http://www.tei-c.org/ns/1.0">
       <teiHeader>
          <fileDesc>
             <titleStmt>
                <title>Письмо №* 162. И. П. Борисову и А. А. Фету.</title>
             </titleStmt>
             <publicationStmt>
                <publisher>TolstoyLab</publisher>
                <date when="2015-09-14">14 September 2015</date>
             </publicationStmt>
             <sourceDesc>
                <biblStruct>
                   <analytic>
                      <author>Толстой Л.Н.</author>
                   </analytic>
                   <monogr>
                      <title level="m">Полное собрание сочинений. Том 60</title>
                      <imprint>
                         <pubPlace>Москва</pubPlace>
                         <publisher>Государственное издательство "Художественная литература"</publisher>
                         <date when="1949"/>
                      </imprint>
                   </monogr>
                   <series>
                      <title level="s">Л.Н. Толстой. Полное собрание сочинений</title>
                      <biblScope unit="vol">60</biblScope>
                   </series>
                </biblStruct>
             </sourceDesc>
          </fileDesc>
          <encodingDesc>
             <tagsDecl> </tagsDecl>
          </encodingDesc>
          <profileDesc>
             <correspDesc>
                <correspAction type="sending">
                   <persName ref="PersonList.xml#L_N_Tolstoy">Л. Н. Толстой</persName>
                   <placeName ref="PlacesListxml#PLACE">Я. П.</placeName>
                   <date when="1860-02-15">1860 г. Февраля 15.</date>            </correspAction>
                <correspAction type="receiving">
                   <persName ref="PersonList.xml#RECEIVER">И. П. Борисову и А. А. Фету</persName>
                </correspAction>
                <correspContext>
                   <ref type="prev"/>
                </correspContext>
             </correspDesc>
          </profileDesc>
       </teiHeader>
       <xenoData><number type="in a volume">162</number></xenoData>

              <text xml:id="I.P.BorisovuiA.A.Fetu_162">
	<body><div>
		<opener index="false">
* 162. И. П. Борисову и А. А. Фету.
1860 г. Февраля 15. Я. П.</opener>
<p rend="right">15 Февраля.</p>
<p rend="left">Благодарствуйте за ваши милые письма, любезный Иван Петрович, и не пеняйте пожалуйста, что иногда не скоро отвечу.<note xml:id="note1" resp="volume_editor" index="false"> Последнее, дошедшее до нас, письмо Толстого к И. П. Борисову от 20 декабря 1859 г. (см. № 159).</note> Теперь сбираюсь быть акуратным, когда уж не к чему. Я думаю, у вас уж подумывают о Козюлькине и потому о Ясной Поляне. Как здоровье вашей больной? Уведомьте меня пожалуйста поподробнее. Авось опять приведется мне радоваться на ваше козюлькинское житье и бояться, чтобы что нибудь не испортилось. Я доживаю зиму хорошо. Занятий пропасть и занятия хорошие, не то, что писать повести.<note xml:id="note2" resp="volume_editor" index="false"> Толстой подразумевает свои школьные занятия.</note> Сообщенные вами сведения о чтениях очень были для меня интересны, но, по моему, эти чтения что-то не то. Что литература? я до сих пор ничего не получил из журналов. — Главное, что братья, мы уж и на картах и на кофею о них гадаем, и всё им не выходит антереса.<note xml:id="note3" resp="volume_editor" index="false"> С. Н. и H. Н. Толстые. Ответ И. П. Борисова см. в письме от 21 февраля 1860 г., приведенном ниже в заключительном примечании.</note> Без шуток, ежели против ожиданья они еще в Москве, то скажите им, что не пишу, рассчитывая, что письмо их не застанет, но умоляю их написать строчку, что и как и когда они приедут. Прощайте, обнимаю вас. —</p>
<p rend="right">Л. Толстой.</p>
<p rend="left">Дяденька!</p>
<div rend="poem">
<div rend="stanza">
<p rend="v">
Не искушай меня без нужды 
</p>
<p rend="v">
Лягушкой выдумки твоей.
</p>
<p rend="v">
Мне как учителю уж чужды 
</p>
<p rend="v">
Все сочиненья прежних дней.<note xml:id="note4" resp="volume_editor" index="false"> Стихи Толстого являются пародией начала стихотворения Е. А. Боратынского:</note>
</p>
</div>
</div>
<p rend="left">Показания Сережи несправедливы, никаких казаков<note xml:id="note5" resp="volume_editor" index="false"> О работе Толстого над повестью «Казаки» см. прим. 3 к п. № 70.</note> я не пишу и писать не намерен. Извините, что так, без приготовления, наношу вам этот удар. Впрочем больше <hi style="opdelimiter">надейтесь</hi><hi style="opnumber">322</hi> <hi style="npnumber">323</hi><hi style="npdelimiter">на</hi> Бога и вы утешитесь. А ожидать от меня великого я никому запретить не могу. Когда я увижу вас, драгоценный дядюшка — так мне брюхом иногда хочется подразнить вас, вызвать на закурдялены<note xml:id="note6" resp="volume_editor" index="false"> Закурдялены — так Толстой называл шутки и парадоксы Фета.</note> и посмотреть, как вы, отмочив пулю, открыв челюсти и подобрав язык под зубы, улыбаетесь и думаете: вот на-ка выкуси! Дружинин известил меня о предполагаемом журнале портного<note xml:id="note7" resp="volume_editor" index="false"> Толстой имеет в виду письмо к нему А. В. Дружинина от 31 декабря 1859 г.</note>, и тетинька думала, что я нездоров сделаюсь от беспрестанно повторяющегося хохота над этим письмом. Что ваши поэтические закурдяи, кроме Фирдуси?<note xml:id="note8" resp="volume_editor" index="false"> Фирдуси — Фирдоуси (Абиль Касим Тусский) (р. ок. 935 г., ум. после 1020 г.) — персидский поэт. В собрании стихотворений Фета переводов из Фирдоуси нет. Толстой или перепутал Гафиза и Фирдоуси, или нарочно в шутку вместо Гафиза назвал Фирдоуси.</note> Хотел было описать прелестное, нынче случившееся событие в моей школе, да не упишу хорошенько, лучше расскажу. — Вот другое маленькое. Мальчик богатый, сын дворника, видал попугая и рассказывает другим, которые не верят: «Да ты толкуй, как человек говорит. Ну!» — «Да он тебя так обсрамит, что и умному человеку так не обрезонить».<note xml:id="note9" resp="volume_editor" index="false"> В Записной книжке Толстого конца 1859 г. — начала 1860 г. записано: «Он тебя так обрезонит, что умный человек так не обстрамит» (т. 48).</note> — Прощайте. Обнимаю вас.</p>
<comments><p rend="Textpetit_otstup left">Письмо к Фету впервые опубликовано в журнале «Печать и революция», 1927, 6, стр. 62—63; письмо же к Борисову публикуется впервые.</p>
<p rend="Textpetit_otstup left"><hi>1</hi> Последнее, дошедшее до нас, письмо Толстого к И. П. Борисову от 20 декабря 1859 г. (см. № 159).</p>
<p rend="petit left"><hi>2</hi> Толстой подразумевает свои школьные занятия.</p>
<p rend="petit left"><hi>3</hi> С. Н. и H. Н. Толстые. Ответ И. П. Борисова см. в письме от 21 февраля 1860 г., приведенном ниже в заключительном примечании.</p>
<p rend="petit left"><hi>4</hi> Стихи Толстого являются пародией начала стихотворения Е. А. Боратынского:</p>
<p rend="Obrashenie petit left">Не искушай меня без нужды.</p>
<p rend="petit left"><hi>5</hi> О работе Толстого над повестью «Казаки» см. прим. 3 к п. № 70.</p>
<p rend="petit left"><hi>6</hi> Закурдялены — так Толстой называл шутки и парадоксы Фета.</p>
<p rend="petit left"><hi>7</hi> Толстой имеет в виду письмо к нему А. В. Дружинина от 31 декабря 1859 г.</p>
<p rend="petit left"><hi>8</hi> Фирдуси — Фирдоуси (Абиль Касим Тусский) (р. ок. 935 г., ум. после 1020 г.) — персидский поэт. В собрании стихотворений Фета переводов из Фирдоуси нет. Толстой или перепутал Гафиза и Фирдоуси, или нарочно в шутку вместо Гафиза назвал Фирдоуси.</p>
<p rend="petit left"><hi>9</hi> В Записной книжке Толстого конца 1859 г. — начала 1860 г. записано: «Он тебя так обрезонит, что умный человек так не обстрамит» (т. 48).</p>
<p rend="petit left">На это письмо Толстого И. П. Борисов ответил 21—22 февраля 1860 р., в котором подробно описывал времяпрепровождение обоих братьев Толстого.</p>
<p rend="emptyline left"><hi style="opnumber">323</hi> <hi style="npnumber">324</hi></p>
</comments></div></body>
        </text>
        </TEI>