<?xml version='1.0' encoding='UTF-8' standalone='no'?>

<TEI xmlns="http://www.tei-c.org/ns/1.0">
       <teiHeader>
          <fileDesc>
             <titleStmt>
                <title>Письмо №* 267. П. И. Бартеневу.</title>
             </titleStmt>
             <publicationStmt>
                <publisher>TolstoyLab</publisher>
                <date when="2015-09-14">14 September 2015</date>
             </publicationStmt>
             <sourceDesc>
                <biblStruct>
                   <analytic>
                      <author>Толстой Л.Н.</author>
                   </analytic>
                   <monogr>
                      <title level="m">Полное собрание сочинений. Том 61</title>
                      <imprint>
                         <pubPlace>Москва</pubPlace>
                         <publisher>Государственное издательство "Художественная литература"</publisher>
                         <date when="1953"/>
                      </imprint>
                   </monogr>
                   <series>
                      <title level="s">Л.Н. Толстой. Полное собрание сочинений</title>
                      <biblScope unit="vol">61</biblScope>
                   </series>
                </biblStruct>
             </sourceDesc>
          </fileDesc>
          <encodingDesc>
             <tagsDecl> </tagsDecl>
          </encodingDesc>
          <profileDesc>
             <correspDesc>
                <correspAction type="sending">
                   <persName ref="PersonList.xml#L_N_Tolstoy">Л. Н. Толстой</persName>
                   <placeName ref="PlacesListxml#PLACE">Я. П.</placeName>
                   <date when="1868-08-20">1868 г. Августа 20.</date>            </correspAction>
                <correspAction type="receiving">
                   <persName ref="PersonList.xml#RECEIVER">Бартенев Петр Иванович</persName>
                </correspAction>
                <correspContext>
                   <ref type="prev"/>
                </correspContext>
             </correspDesc>
          </profileDesc>
       </teiHeader>
       <xenoData><number type="in a volume">267</number></xenoData>

              <text xml:id="P__I__Bartenevu_267">
	<body><div>
		<opener index="false">
* 267. П. И. Бартеневу.
1868 г. Августа 20. Я. П.</opener>
<p rend="left">Мне с вами всё неудача, любезный Петр Иванович. В тот самый день и час, как я уезжал, вы приехали в Москву, и в Ясную вы так и не приехали. Это мне особенно досадно. Вы не можете себе представить, как мы ожидали вас. Мне <hi style="opdelimiter">совершенно</hi><hi style="opnumber">204</hi> <hi style="npnumber">205</hi><hi style="npdelimiter">бескорыстно,</hi> независимо от дел, хотелось и хочется увидать вас у себя в Ясной. —</p>
<p rend="left">Для других (Скайлер,<note xml:id="note1" resp="volume_editor" index="false"> Евгений Скайлер (1840—1890) — американский консул, живший в Москве. Познакомившись с Толстым у В. Ф. Одоевского, Скайлер бывал у него в Москве и приезжал в Ясную Поляну. Скайлеру принадлежит первый перевод на английский язык «Казаков»: L. Tolstoy, «The cossacks: a tale of the Caucasus in 1852». Translated from the Russian by E. Schuyler. New-York 1872. Второе издание в 1878 г., третье в 1887 г. Одновременно выходили и в Лондоне. Им же написан ряд статей о Толстом. См. «Гр. Лев Николаевич Толстой по воспоминаниям Е. Скайлера» — «Русская старина», 1890, 9, стр. 631—655; 10, стр. 261—277.</note> которому не говорите про меня) жена нездорова, и я не могу принять, но вас я продолжаю ждать. Погода прелестная, и после Москвы вы увидите, как хороша Ясная.</p>
<p rend="left">Я, кажется, опять принимаюсь за работу. Второе издание я отдам печатать Мамонтову 4-ю часть.<note xml:id="note2" resp="volume_editor" index="false"> Толстой отдал печатать второе издание «Войны и мира» в типографию Риса, повидимому, весной 1868 г.</note> Продажу — комиссию отдам Соловьеву.<note xml:id="note3" resp="volume_editor" index="false"> Иван Григорьевич Соловьев (1819—1881) — московский книготорговец, с 1867 г. комиссионер Толстого по продаже «Войны и мира». Сохранилось одно письмо Толстого к нему, относящееся к 1880 г. См. т. 63.</note></p>
<p rend="left">Пятый том начал понемногу подвигаться. —</p>
<p rend="left">А критическое чутье осеннее ужасается на то, что я пропустил и напечатал весною. Ужасно плохи эти первые 6 листов. —</p>
<p rend="right">Весь ваш Л. Толстой.</p>
<p rend="left">20 августа.</p>
<p rend="left">Сейчас Петя<note xml:id="note4" resp="volume_editor" index="false"> Петр Андреевич Берс.</note> мне говорит, что вы сердитесь на меня за то, что я якобы 2-е издание отдал печатать, не сказав вам. Это напрасно.</p>
<p rend="left">Приезжайте-ка ко мне, хоть посердитесь и рассердитесь. —</p>
<comments><p rend="Textpetit_otstup left">Год определяется упоминанием о пятом томе «Войны и мира».</p>
<p rend="Textpetit_otstup left"><hi>1</hi> Евгений Скайлер (1840—1890) — американский консул, живший в Москве. Познакомившись с Толстым у В. Ф. Одоевского, Скайлер бывал у него в Москве и приезжал в Ясную Поляну. Скайлеру принадлежит первый перевод на английский язык «Казаков»: L. Tolstoy, «The cossacks: a tale of the Caucasus in 1852». Translated from the Russian by E. Schuyler. New-York 1872. Второе издание в 1878 г., третье в 1887 г. Одновременно выходили и в Лондоне. Им же написан ряд статей о Толстом. См. «Гр. Лев Николаевич Толстой по воспоминаниям Е. Скайлера» — «Русская старина», 1890, 9, стр. 631—655; 10, стр. 261—277.</p>
<p rend="petit left"><hi>2</hi> Толстой отдал печатать второе издание «Войны и мира» в типографию Риса, повидимому, весной 1868 г.</p>
<p rend="petit left">Желая ускорить выход этого издания, он четвертый том сдал в типографию А. И. Мамонтова. Корректуру первых четырех томов держал знакомый С. С. Урусова, Н. М. Стромилов.</p>
<p rend="petit left">Первые четыре тома во втором издании вышли в начале октября 1868 г., что видно из объявления в № 218 «Московских ведомостей» от 10 октября.</p>
<p rend="petit left">Разница в тексте первого и второго изданий четырех томов незначительна. Пятый же и шестой томы печатались одновременно в двух изданиях, что подтверждается объявлениями в №№ 47 и 264 «Московских ведомостей» от 28 февраля и 4 декабря 1869 <hi style="opdelimiter">г.</hi><hi style="opnumber">205</hi></p>
<p rend="petit left"><hi>3</hi> Иван Григорьевич Соловьев (1819—1881) — московский книготорговец, с 1867 г. комиссионер Толстого по продаже «Войны и мира». Сохранилось одно письмо Толстого к нему, относящееся к 1880 г. См. т. 63.</p>
<p rend="petit left"><hi>4</hi> Петр Андреевич Берс.</p>
</comments></div></body>
        </text>
        </TEI>