<?xml version='1.0' encoding='UTF-8' standalone='no'?>

<TEI xmlns="http://www.tei-c.org/ns/1.0">
       <teiHeader>
          <fileDesc>
             <titleStmt>
                <title>Письмо №* 2. П. Е. Воробьеву.</title>
             </titleStmt>
             <publicationStmt>
                <publisher>TolstoyLab</publisher>
                <date when="2015-09-14">14 September 2015</date>
             </publicationStmt>
             <sourceDesc>
                <biblStruct>
                   <analytic>
                      <author>Толстой Л.Н.</author>
                   </analytic>
                   <monogr>
                      <title level="m">Полное собрание сочинений. Том 61</title>
                      <imprint>
                         <pubPlace>Москва</pubPlace>
                         <publisher>Государственное издательство "Художественная литература"</publisher>
                         <date when="1953"/>
                      </imprint>
                   </monogr>
                   <series>
                      <title level="s">Л.Н. Толстой. Полное собрание сочинений</title>
                      <biblScope unit="vol">61</biblScope>
                   </series>
                </biblStruct>
             </sourceDesc>
          </fileDesc>
          <encodingDesc>
             <tagsDecl> </tagsDecl>
          </encodingDesc>
          <profileDesc>
             <correspDesc>
                <correspAction type="sending">
                   <persName ref="PersonList.xml#L_N_Tolstoy">Л. Н. Толстой</persName>
                   <placeName ref="PlacesListxml#PLACE">Я. П.</placeName>
                   <date when="1863-02-16">1863 г. Февраля 16.</date>            </correspAction>
                <correspAction type="receiving">
                   <persName ref="PersonList.xml#RECEIVER">Воробьев Петр Евстратович</persName>
                </correspAction>
                <correspContext>
                   <ref type="prev"/>
                </correspContext>
             </correspDesc>
          </profileDesc>
       </teiHeader>
       <xenoData><number type="in a volume">2</number></xenoData>

              <text xml:id="P__E__Vorobevu_2">
	<body><div>
		<opener index="false">
* 2. П. Е. Воробьеву.
1863 г. Февраля 16. Я. П.
</opener>
<p rend="Obrashenie left">Петр Евстратьевич!</p>
<p rend="left">Прошу тебя: 1) узнать в Чернском земском суде, в сколько именно взысканий Дохтурова<note xml:id="note1" resp="volume_editor" index="false">Взыскание за долг умершего в 1856 г. брата Толстого Дмитрия Николаевича майору Федору Николаевичу Дохтурову. См. т. 83, стр. 47. Не желая допустить продажи имения, Толстой начал хлопоты об отмене постановления Тульского губернского правления, наложившего запрещение на Никольское-Вяземское. См. прошение Толстого в Тульское губернское правление от 21...24 февраля 1863 г. (№ 431).</note> и есть ли проценты (сколько я помню, вексель без процентов, и по нем была <hi style="opdelimiter">уплата).</hi><hi style="opnumber">3</hi></p>
<p rend="left"><hi style="npnumber">4</hi><hi style="npdelimiter">2)</hi> Уведомить меня письменно, сколько у тебя хлеба и сколько может быть выручено к 1-му марта.</p>
<p rend="left">3) Уведомить меня, как зовут нашего соседа Волкова<note xml:id="note2" resp="volume_editor" index="false">Николай Степанович Волков — помещик Чернского уезда, сосед Толстого по Никольскому, часть которого он в 1858 г. приобрел у старшего брата Толстого, Николая Николаевича.</note> и где он живет?</p>
<p rend="left">4) Подать прошение в <choice original_editorial_correction='Опек[унский]'><sic>Опек</sic><corr>Опекунский</corr></choice> <choice original_editorial_correction='сов[ет]'><sic>сов</sic><corr>совет</corr></choice> о разрешении продажи леса.<note xml:id="note3" resp="volume_editor" index="false">Никольское-Вяземское было заложено в Опекунском совете.</note></p>
<p rend="left">5) Узнать в суде, примется ли от меня в обеспечение долга Дохтурова заявление о выкупе<note xml:id="note4" resp="volume_editor" index="false"> Заявление о желании произвести выкупную операцию, введенную реформой 19 февраля 1861 г., по которой помещик получал от правительства 75—80 процентов выкупной суммы, определяемой размером годового оброка с выкупаемой земли.</note> и предоставлении части выкупной суммы в уплату. —</p>
<p rend="left">Отвечай, пожалуйста, поскорее на те пункты, на которые можешь ответить скоро, на другие после.</p>
<p rend="right">Гр. Л. Толстой.</p>
<p rend="left">16 февраля.</p>
<comments><p rend="Textpetit_otstup left">Год определяется упоминанием о долге Дохтурову (см. прим. 1). О П. Е. Воробьеве см. т. 60, стр. 320.</p>
<p rend="Textpetit_otstup left"><hi>1</hi>Взыскание за долг умершего в 1856 г. брата Толстого Дмитрия Николаевича майору Федору Николаевичу Дохтурову. См. т. 83, стр. 47. Не желая допустить продажи имения, Толстой начал хлопоты об отмене постановления Тульского губернского правления, наложившего запрещение на Никольское-Вяземское. См. прошение Толстого в Тульское губернское правление от 21...24 февраля 1863 г. (№ 431).</p>
<p rend="petit left"><hi>2</hi>Николай Степанович Волков — помещик Чернского уезда, сосед Толстого по Никольскому, часть которого он в 1858 г. приобрел у старшего брата Толстого, Николая Николаевича.</p>
<p rend="petit left"><hi>3</hi>Никольское-Вяземское было заложено в Опекунском совете.</p>
<p rend="petit left"><hi>4</hi> Заявление о желании произвести выкупную операцию, введенную реформой 19 февраля 1861 г., по которой помещик получал от правительства 75—80 процентов выкупной суммы, определяемой размером годового оброка с выкупаемой земли.</p>
</comments></div></body>
        </text>
        </TEI>