<?xml version='1.0' encoding='UTF-8' standalone='no'?>

<TEI xmlns="http://www.tei-c.org/ns/1.0">
       <teiHeader>
          <fileDesc>
             <titleStmt>
                <title>Письмо №43. С. А. Толстой</title>
             </titleStmt>
             <publicationStmt>
                <publisher>TolstoyLab</publisher>
                <date when="2015-09-14">14 September 2015</date>
             </publicationStmt>
             <sourceDesc>
                <biblStruct>
                   <analytic>
                      <author>Толстой Л.Н.</author>
                   </analytic>
                   <monogr>
                      <title level="m">Полное собрание сочинений. Том 83</title>
                      <imprint>
                         <pubPlace>Москва</pubPlace>
                         <publisher>Государственное издательство "Художественная литература"</publisher>
                         <date when="1938"/>
                      </imprint>
                   </monogr>
                   <series>
                      <title level="s">Л.Н. Толстой. Полное собрание сочинений</title>
                      <biblScope unit="vol">83</biblScope>
                   </series>
                </biblStruct>
				<bibl>Печатается по автографу, хранящемуся в АТБ. Впервые опубликовано по копии, сделанной С. А. Толстой, в ПЖ, стр. 45. Датируется 28 июля в виду следующих слов письма: «Выезжаем мы завтра и день [т. е. 29] будем в езде..... Стало быть, охоты для меня будет 30, 31 и 1». В соответствии с этим в следующем письме от 31 июля мы читаем: «29 мы поехали, после завтрака». В ПЖ датировано 28 июня.</bibl>
             </sourceDesc>
          </fileDesc>
          <encodingDesc>
             <tagsDecl> </tagsDecl>
          </encodingDesc>
          <profileDesc>
             <correspDesc>
                <correspAction type="sending">
                   <persName ref="PersonList.xml#L_N_Tolstoy">Л. Н. Толстой</persName>
                   <placeName ref="PlacesListxml#PLACE">Шаблыкино.</placeName>
                   <date when="1865-07-28">1865 г. Июля 28.</date>            </correspAction>
                <correspAction type="receiving">
                   <persName ref="PersonList.xml#RECEIVER">Толстая Софья Андреевна</persName>
                </correspAction>
                <correspContext>
                   <ref type="prev"/>
                </correspContext>
             </correspDesc>
          </profileDesc>
       </teiHeader>
       <xenoData><number type="in a volume">43</number></xenoData>

       <text xml:id="a28_43">
	<body><div>
		<opener index="false">
43.
1865 г. Июля 28. Шаблыкино.</opener>
<p rend="left">Пишу <choice><reg>тебе</reg><orig>тебѣ</orig></choice> <choice><reg>от</reg><orig>отъ</orig></choice> <choice><reg>Киреевского</reg><orig>Киреевскаго</orig></choice><note xml:id="note1" resp="volume_editor" index="false"> Николай Васильевич Киреевский. См. о нем прим. 4 к письму № 15.</note> <choice><reg>под</reg><orig>подъ</orig></choice> звуки органа, <choice><reg>играющего</reg><orig>играющаго</orig></choice> увертюру <choice><reg>Дон</reg><orig>Донъ</orig></choice> Жуана,<note xml:id="note2" resp="volume_editor" index="false"> Опера Моцарта. Прокудин-Горский описывает так обстановку и зал Киреевского: «большие окна зала были уставлены горшками <hi style="opdelimiter">свежей</hi><hi style="opnumber">104</hi> <hi style="npnumber">105</hi><hi style="npdelimiter">зелени</hi> и цветов. В правой стороне от двери, у внутренней стены стояла большая музыкальная машина. А налево в простенке окон, выходящих на двор, другая, также хорошей работы, но меньшего объема. Эта последняя заводилась всегда после обеда» («Поездка в Карачевские болота», стр. 51).</note> и <choice><reg>в</reg><orig>въ</orig></choice> столовой, <choice><reg>где</reg><orig>гдѣ</orig></choice> пропасть <choice><reg>разного</reg><orig>разнаго</orig></choice> <choice><reg>приживающего</reg><orig>приживающаго</orig></choice> народа. Я <choice><reg>приехал</reg><orig>прiѣхалъ</orig></choice> <choice><reg>утром</reg><orig>утромъ</orig></choice> 28, потому что <choice><reg>переночевал</reg><orig>переночевалъ</orig></choice> на <choice><reg>дороге</reg><orig>дорогѣ</orig></choice>. Киреевской не <choice><reg>уезжал</reg><orig>уѣзжалъ</orig></choice> еще, все ожидая дождя. <choice><reg>В</reg><orig>Въ</orig></choice> первый свой <choice><reg>отъезд</reg><orig>отъѣздъ</orig></choice> <choice><reg>он</reg><orig>онъ</orig></choice> ничего не <choice><reg>убил</reg><orig>убилъ</orig></choice> и, почти <choice><reg>как</reg><orig>какъ</orig></choice> <choice><reg>Фет</reg><orig>Фетъ</orig></choice>, <choice><reg>смотрит</reg><orig>смотритъ</orig></choice> безнадежно на воду, <choice><reg>исчезающую</reg><orig>изчезающую</orig></choice> <choice><reg>вместе</reg><orig>вмѣстѣ</orig></choice> <choice><reg>с</reg><orig>съ</orig></choice> дичью. Что за муаровый <choice><reg>жилет</reg><orig>жилетъ</orig></choice>.<note xml:id="note3" resp="volume_editor" index="false"> «Привычное Л. Н-чу изречение в смысле внешних качеств, благообразия, любезности и пр.» (н. п. С. А.).</note> Очень <choice><reg>любезен</reg><orig>любезенъ</orig></choice>, <choice><reg>учтив</reg><orig>учтивъ</orig></choice>, <choice><reg>ровен</reg><orig>ровенъ</orig></choice> со <choice><reg>всеми</reg><orig>всѣми</orig></choice> и <choice><reg>прост</reg><orig>простъ</orig></choice> во <choice><reg>всех</reg><orig>всѣхъ</orig></choice> <choice><reg>смыслах</reg><orig>смыслахъ</orig></choice>; но, видно, честный, добрый, <choice><reg>здравомыслящий</reg><orig>здравомыслящiй</orig></choice> <choice><reg>человек</reg><orig>человѣкъ</orig></choice>, которому и по характеру и по <choice><reg>положению</reg><orig>положенiю</orig></choice>, и по богатству легко было быть <choice><reg>честным</reg><orig>честнымъ</orig></choice>. <choice><reg>Он</reg><orig>Онъ</orig></choice> не <choice><reg>хотел</reg><orig>хотѣлъ</orig></choice> еще <choice><reg>ехать</reg><orig>ѣхать</orig></choice>, ожидая дождей, но для меня, зная, что я <choice><reg>приехал</reg><orig>прiѣхалъ</orig></choice> на три дня, <choice><reg>едет</reg><orig>ѣдетъ</orig></choice> завтра. Укладываются вина и <choice><reg>провизии</reg><orig>провизiи</orig></choice> <choice><reg>в</reg><orig>въ</orig></choice> огромный подвезенный <choice><reg>к</reg><orig>къ</orig></choice> дому <choice><reg>фургон</reg><orig>фургонъ</orig></choice>, <choice><reg>собирают</reg><orig>собираютъ</orig></choice> ружья, собаки и <choice><reg>человек</reg><orig>человѣкъ</orig></choice> 6 <choice><reg>охотников</reg><orig>охотниковъ</orig></choice>, <choice><reg>из</reg><orig>изъ</orig></choice> <choice original_editorial_correction='к[отор]ых'><sic>кых</sic><corr>которых</corr></choice> <choice><reg>внушающий</reg><orig>внушающiй</orig></choice> <choice><reg>мне</reg><orig>мнѣ</orig></choice> <choice><reg>страх</reg><orig>страхъ</orig></choice> и <choice><reg>уважение</reg><orig>уваженiе</orig></choice> <choice><reg>Костецкий</reg><orig>Костецкiй</orig></choice>,<note xml:id="note4" resp="volume_editor" index="false"> «Знакомый охотник Киреевского» (н. п. С. А.).</note> <choice><reg>с</reg><orig>съ</orig></choice> <choice original_editorial_correction='к[отор]ым'><sic>кым</sic><corr>которым</corr></choice> <choice><reg>Киреевский</reg><orig>Киреевскiй</orig></choice> <choice><reg>познакомил</reg><orig>познакомилъ</orig></choice> меня, <choice><reg>как</reg><orig>какъ</orig></choice> <choice><reg>с</reg><orig>съ</orig></choice> <choice><reg>первым</reg><orig>первымъ</orig></choice> <choice><reg>стрелком</reg><orig>стрѣлкомъ</orig></choice> <choice><reg>в</reg><orig>въ</orig></choice> <choice><reg>мире</reg><orig>мiрѣ</orig></choice>.</p>
<p rend="left"><choice><reg>Выезжаем</reg><orig>Выѣзжаемъ</orig></choice> мы завтра и, должно быть, <choice><reg>будем</reg><orig>будемъ</orig></choice> <choice><reg>в</reg><orig>въ</orig></choice> <choice><reg>езде</reg><orig>ѣздѣ</orig></choice>, потому что <choice><reg>едем</reg><orig>ѣдемъ</orig></choice> за 30 <choice><reg>верст</reg><orig>верстъ</orig></choice>. Стало быть, охоты для меня <choice><reg>будет</reg><orig>будетъ</orig></choice> 30, 31 и 1; ежели 2-го я вернусь <choice><reg>к</reg><orig>къ</orig></choice> Киреевскому, 3-го <choice><reg>выеду</reg><orig>выѣду</orig></choice>, 4-го <choice><reg>приеду</reg><orig>прiѣду</orig></choice>. Здоровье мое хорошо. Садятся ужинать. Напишу завтра. <choice><reg>Целую</reg><orig>Цѣлую</orig></choice> тебя. Прощай, <choice><reg>голубчик</reg><orig>голубчикъ</orig></choice>.</p>
<p rend="right">Л. Т.</p>
<comments><p rend="Textpetit_otstup left">Печатается по автографу, хранящемуся в АТБ. Впервые опубликовано по копии, сделанной С. А. Толстой, в ПЖ, стр. 45. Датируется 28 июля в виду следующих слов письма: «Выезжаем мы завтра и день [т. е. 29] будем в езде..... Стало быть, охоты для меня будет 30, 31 и 1». В соответствии с этим в следующем письме от 31 июля мы читаем: «29 мы поехали, после завтрака». В ПЖ датировано 28 июня.</p>
<p rend="Textpetit_otstup left"><hi>1</hi> Николай Васильевич Киреевский. См. о нем прим. 4 к письму № 15.</p>
<p rend="petit left"><hi>2</hi> Опера Моцарта. Прокудин-Горский описывает так обстановку и зал Киреевского: «большие окна зала были уставлены горшками <hi style="opdelimiter">свежей</hi><hi style="opnumber">104</hi> <hi style="npnumber">105</hi><hi style="npdelimiter">зелени</hi> и цветов. В правой стороне от двери, у внутренней стены стояла большая музыкальная машина. А налево в простенке окон, выходящих на двор, другая, также хорошей работы, но меньшего объема. Эта последняя заводилась всегда после обеда» («Поездка в Карачевские болота», стр. 51).</p>
<p rend="petit left"><hi>3</hi> «Привычное Л. Н-чу изречение в смысле внешних качеств, благообразия, любезности и пр.» (н. п. С. А.).</p>
<p rend="petit left"><hi>4</hi> «Знакомый охотник Киреевского» (н. п. С. А.).</p>
</comments></div></body>
        </text>
        </TEI>