<?xml version='1.0' encoding='UTF-8' standalone='no'?>

<TEI xmlns="http://www.tei-c.org/ns/1.0">
       <teiHeader>
          <fileDesc>
             <titleStmt>
                <title>Письмо №360. П. Д. Голохвастову.</title>
             </titleStmt>
             <publicationStmt>
                <publisher>TolstoyLab</publisher>
                <date when="2015-09-14">14 September 2015</date>
             </publicationStmt>
             <sourceDesc>
                <biblStruct>
                   <analytic>
                      <author>Толстой Л.Н.</author>
                   </analytic>
                   <monogr>
                      <title level="m">Полное собрание сочинений. Том 62</title>
                      <imprint>
                         <pubPlace>Москва</pubPlace>
                         <publisher>Государственное издательство "Художественная литература"</publisher>
                         <date when="1953"/>
                      </imprint>
                   </monogr>
                   <series>
                      <title level="s">Л.Н. Толстой. Полное собрание сочинений</title>
                      <biblScope unit="vol">62</biblScope>
                   </series>
                </biblStruct>
             </sourceDesc>
          </fileDesc>
          <encodingDesc>
             <tagsDecl> </tagsDecl>
          </encodingDesc>
          <profileDesc>
             <correspDesc>
                <correspAction type="sending">
                   <persName ref="PersonList.xml#L_N_Tolstoy">Л. Н. Толстой</persName>
                   <placeName ref="PlacesListxml#PLACE">Я. П.</placeName>
                   <date when="1877-11-23">1877 г. Ноября 23.</date>            </correspAction>
                <correspAction type="receiving">
                   <persName ref="PersonList.xml#RECEIVER">Голохвастов Павел Дмитриевич</persName>
                </correspAction>
                <correspContext>
                   <ref type="prev"/>
                </correspContext>
             </correspDesc>
          </profileDesc>
       </teiHeader>
       <xenoData><number type="in a volume">360</number></xenoData>

              <text xml:id="P.D.Goloxvastovu_360">
	<body><div>
		<opener index="false">
360. П. Д. Голохвастову.
1877 г. Ноября 23. Я. П.</opener>
<p rend="left">Очень рад был, Павел Дмитриевич, получить от вас весточку. Я часто поминаю вас и всегда с очень приятным чувством. Живем мы всё по-старому, только жена не совсем здорова, и я живу праздно.</p>
<p rend="left">Вам с вашей энергией и с теми запасами, которые в вас есть, грех лениться и откладывать. Статья Буслаева<note xml:id="note1" resp="volume_editor" index="false"> Федор Иванович Буслаев (1818—1897) — профессор Московского университета, член Академии наук, исследователь русского языка, древней русской литературы и искусства. — Толстому был прислан отдельный оттиск статьи Буслаева «О значении современного романа и его задачах», напечатанной сначала в «Газете А. Гатцука», 1877, № 5—8, и включенной затем в сборник «Мои досуги», ч. II, М. 1886, стр. 407—480.</note> мне очень нравится. Я пробежал ее и перечту еще, но писать об этом предмете не буду.</p>
<p rend="left">Передайте наш с женою поклон Ольге Андреевне. Дружески жму вашу руку.</p>
<p rend="right">Л. Толстой.</p>
<p rend="left">23 ноября.</p>
<comments><p rend="Textpetit_otstup left">О первой публикации см. стр. 3. Год определяется письмом П. Д. Голохвастова от 18 ноября 1877 г., на которое Толстой отвечает.</p>
<p rend="petit left">П. Д. Голохвастов писал: «Был я намедни в Москве у Фед. Ив. Буслаева... Застал его занятого всею душою и всеми помыслами вопросом о романе и драме; малая часть того, что его тут занимает, высказалась в книжке, которую по его просьбе и посылаю вам... Если бы вам вздумалось написать что-нибудь по этому вопросу, а еще бы лучше и не раз написать Ф. И. Буслаеву, он эту переписку с радостью бы принял. Меня поразило сходство его взглядов на роман и драму с вашими... Я не пишу ничего; все строюсь вот уже пятый месяц... К себе переехать, а затем и за работу приняться надеюсь в половине декабря...»</p>
<p rend="Textpetit_otstup left"><hi>1</hi> Федор Иванович Буслаев (1818—1897) — профессор Московского университета, член Академии наук, исследователь русского языка, древней русской литературы и искусства. — Толстому был прислан отдельный оттиск статьи Буслаева «О значении современного романа и его задачах», напечатанной сначала в «Газете А. Гатцука», 1877, № 5—8, и включенной затем в сборник «Мои досуги», ч. II, М. 1886, стр. 407—480.</p>
</comments></div></body>
        </text>
        </TEI>