<?xml version='1.0' encoding='UTF-8' standalone='no'?>

<TEI xmlns="http://www.tei-c.org/ns/1.0">
       <teiHeader>
          <fileDesc>
             <titleStmt>
                <title>Письмо №301. С. А. Толстой</title>
             </titleStmt>
             <publicationStmt>
                <publisher>TolstoyLab</publisher>
                <date when="2015-09-14">14 September 2015</date>
             </publicationStmt>
             <sourceDesc>
                <biblStruct>
                   <analytic>
                      <author>Толстой Л.Н.</author>
                   </analytic>
                   <monogr>
                      <title level="m">Полное собрание сочинений. Том 83</title>
                      <imprint>
                         <pubPlace>Москва</pubPlace>
                         <publisher>Государственное издательство "Художественная литература"</publisher>
                         <date when="1938"/>
                      </imprint>
                   </monogr>
                   <series>
                      <title level="s">Л.Н. Толстой. Полное собрание сочинений</title>
                      <biblScope unit="vol">83</biblScope>
                   </series>
                </biblStruct>
				<bibl>Печатается по автографу, хранящемуся в АТБ. Впервые опубликовано по копии, сделанной С. А. Толстой, в ПЖ, стр. 225. Датируется на основании почтовых штемпелей: «Москва. 23 февраля 1885; С.-Петербург. 24 февраля. 1885» и слов письма: «нынче, пятницу», которая падала на 22 февраля. В ПЖ датировано 26 <hi style="opdelimiter">февраля.</hi><hi style="opnumber">482</hi></bibl>
             </sourceDesc>
          </fileDesc>
          <encodingDesc>
             <tagsDecl> </tagsDecl>
          </encodingDesc>
          <profileDesc>
             <correspDesc>
                <correspAction type="sending">
                   <persName ref="PersonList.xml#L_N_Tolstoy">Л. Н. Толстой</persName>
                   <placeName ref="PlacesListxml#PLACE">Москва.</placeName>
                   <date when="1885-02-22">1885 г. Февраля 22.</date>            </correspAction>
                <correspAction type="receiving">
                   <persName ref="PersonList.xml#RECEIVER">Толстая Софья Андреевна</persName>
                </correspAction>
                <correspContext>
                   <ref type="prev"/>
                </correspContext>
             </correspDesc>
          </profileDesc>
       </teiHeader>
       <xenoData><number type="in a volume">301</number></xenoData>

       <text xml:id="a22_301">
	<body><div>
		<opener index="false">
301.
1885 г. Февраля 22. Москва.</opener>
<p rend="left"><choice><reg>Получил</reg><orig>Получилъ</orig></choice> нынче, пятницу, твое письмо о <choice><reg>твоем</reg><orig>твоемъ</orig></choice> свиданьи <choice><reg>с</reg><orig>съ</orig></choice> <choice original_editorial_correction='Имп[ератрицей]'><sic>Имп</sic><corr>Императрицей</corr></choice>.<note xml:id="note1" resp="volume_editor" index="false"> C. A. Толстая была с визитом у своей двоюродной тетки E. Н. Шостак. Внезапно к E. Н. Шостак приехала Мария Федоровна и пожелала познакомиться с С. А. Толстой. Письмо с описанием этого свиданья не датировано.</note> <choice><reg>Действительно</reg><orig>Дѣйствительно</orig></choice> удивительно твое счастье. Ты <choice><reg>ведь</reg><orig>вѣдь</orig></choice> <choice><reg>этого</reg><orig>этаго</orig></choice> очень желала. <choice><reg>Мне</reg><orig>Мнѣ</orig></choice> это было тщеславью лестно, но <choice><reg>скорее</reg><orig>скорѣе</orig></choice> <choice><reg>неприятно</reg><orig>непрiятно</orig></choice>. <choice><reg>Хорошего</reg><orig>Хорошаго</orig></choice> <choice><reg>от</reg><orig>отъ</orig></choice> <choice><reg>этого</reg><orig>этаго</orig></choice> не <choice><reg>бывает</reg><orig>бываетъ</orig></choice>. Я помню, <choice><reg>в</reg><orig>въ</orig></choice> <choice><reg>Павловске</reg><orig>Павловскѣ</orig></choice><note xml:id="note2" resp="volume_editor" index="false"> Безуездный город, в 25 верстах от Петербурга, где находился царский дворец и громадный (свыше 600 десятин) парк.</note> <choice><reg>был</reg><orig>былъ</orig></choice> <choice><reg>человек</reg><orig>человѣкъ</orig></choice>,<note xml:id="note3" resp="volume_editor" index="false"> Об этом «искусственном соловье» есть дневниковая запись Толстого под 14 мая 1856 г. С. А. Толстая писала в ответ (письмо от воскресенья — 24 февраля): «Я немного обиделась, что ты меня с щелкуном в Петергофе сравнил. На мне совсем не отразилось царское величие, даже, если б я сама стала царицей, то и тогда, пожалуй, не изменилась бы, уж такой у меня характер. Но меня утешила фраза, что ты считаешь дни до моего приезда» (ПСТ, стр. 297).</note> <choice><reg>сидевший</reg><orig>сидѣвшiй</orig></choice> всегда <choice><reg>в</reg><orig>въ</orig></choice> <choice><reg>кустах</reg><orig>кустахъ</orig></choice> и <choice><reg>щелкавший</reg><orig>щелкавшiй</orig></choice> <choice><reg>соловьем</reg><orig>соловьемъ</orig></choice>. Я <choice><reg>раз</reg><orig>разъ</orig></choice> <choice><reg>заговорил</reg><orig>заговорилъ</orig></choice> <choice><reg>с</reg><orig>съ</orig></choice> <choice><reg>ним</reg><orig>нимъ</orig></choice> и <choice><reg>тотчас</reg><orig>тотчасъ</orig></choice> по <choice><reg>неприятному</reg><orig>непрiятному</orig></choice> тону <choice><reg>угадал</reg><orig>угадалъ</orig></choice>, что <choice><reg>с</reg><orig>съ</orig></choice> <choice><reg>ним</reg><orig>нимъ</orig></choice> кто то <choice><reg>говорил</reg><orig>говорилъ</orig></choice> <choice><reg>из</reg><orig>изъ</orig></choice> царской <choice><reg>фамилии</reg><orig>фамилiи</orig></choice>. <choice><reg>Как</reg><orig>Какъ</orig></choice> бы <choice><reg>с</reg><orig>съ</orig></choice> тобой того же не было.<note xml:id="note4" resp="volume_editor" index="false"> Об этом «искусственном соловье» есть дневниковая запись Толстого под 14 мая 1856 г. С. А. Толстая писала в ответ (письмо от воскресенья — 24 февраля): «Я немного обиделась, что ты меня с щелкуном в Петергофе сравнил. На мне совсем не отразилось царское величие, даже, если б я сама стала царицей, то и тогда, пожалуй, не изменилась бы, уж такой у меня характер. Но меня утешила фраза, что ты считаешь дни до моего приезда» (ПСТ, стр. 297).</note> Вчера я <choice><reg>был</reg><orig>былъ</orig></choice> <choice><reg>плох</reg><orig>плохъ</orig></choice>, но нынче много лучше, хотя еще далеко не <choice><reg>в</reg><orig>въ</orig></choice> <choice><reg>нормальном</reg><orig>нормальномъ</orig></choice> <choice><reg>положении</reg><orig>положенiи</orig></choice>. Не могу писать. Все читаю Georg’a и много <choice><reg>поумнел</reg><orig>поумнѣлъ</orig></choice>. <choice><reg>Дети</reg><orig>Дѣти</orig></choice> <choice><reg>все</reg><orig>всѣ</orig></choice> здоровы и хороши — о <choice><reg>них</reg><orig>нихъ</orig></choice> Маша <choice><reg>напишет</reg><orig>напишетъ</orig></choice>.<note xml:id="note5" resp="volume_editor" index="false"> В приписке на третьей странице почтового листа М. Л. Толстая писала С. А. Толстой: «Малышам нельзя здоровее и веселее быть».</note> <choice><reg>Вечером</reg><orig>Вечеромъ</orig></choice> <choice><reg>пришел</reg><orig>пришелъ</orig></choice> <choice><reg>Орлов</reg><orig>Орловъ</orig></choice>,<note xml:id="note6" resp="volume_editor" index="false"> Владимир Федорович Орлов.</note> а <choice><reg>потом</reg><orig>потомъ</orig></choice> <choice><reg>Ширков</reg><orig>Ширковъ</orig></choice>,<note xml:id="note7" resp="volume_editor" index="false">Вероятно, Валериан Валерианович Ширков, сын Валериана Федоровича Ширкова (1805—1856), художника и либретиста. Были богатыми харьковскими помещиками.</note> и <choice><reg>засиделись</reg><orig>засидѣлись</orig></choice> до 2 <choice><reg>часов</reg><orig>часовъ</orig></choice>. Костинька<note xml:id="note8" resp="volume_editor" index="false"> К. А. Иславин.</note> <choice><reg>был</reg><orig>былъ</orig></choice> <choice><reg>утром</reg><orig>утромъ</orig></choice>, только что Леля <choice><reg>прочел</reg><orig>прочелъ</orig></choice> твое письмо, и Леля, <choice><reg>встречая</reg><orig>встрѣчая</orig></choice> его, <choice><reg>говорит</reg><orig>говоритъ</orig></choice>: Мама <choice><reg>с</reg><orig>съ</orig></choice> <choice original_editorial_correction='Импер[атрицей]'><sic>Импер</sic><corr>Императрицей</corr></choice> говорила. <choice original_editorial_correction='Кост[инька]'><sic>Кост</sic><corr>Костинька</corr></choice>, ни минуты не задумываясь, <choice><reg>сказал</reg><orig>сказалъ</orig></choice>: Теперь могу умереть. <choice><reg>Ныне</reg><orig>Нынѣ</orig></choice> отпущаеши раба твоего.<note xml:id="note9" resp="volume_editor" index="false"> Слова, приписываемые так называемому Симеону богоприимцу, который, будучи дряхлым старцем, якобы произнес их, взявши в руки младенца Иисуса Христа.</note> — <choice><reg>Целую</reg><orig>Цѣлую</orig></choice> тебя и <choice><reg>милых</reg><orig>милыхъ</orig></choice> <choice><reg>Кузминских</reg><orig>Кузминскихъ</orig></choice>. Отчего <choice><reg>ж</reg><orig>жъ</orig></choice> ты сказала не то, что я пишу, а что не пишу? <choice><reg>Заробела</reg><orig>Заробѣла</orig></choice>. Ну, прощай. Начинаю считать дни, когда ты вернешься.</p>
<comments><p rend="Textpetit_otstup left">Печатается по автографу, хранящемуся в АТБ. Впервые опубликовано по копии, сделанной С. А. Толстой, в ПЖ, стр. 225. Датируется на основании почтовых штемпелей: «Москва. 23 февраля 1885; С.-Петербург. 24 февраля. 1885» и слов письма: «нынче, пятницу», которая падала на 22 февраля. В ПЖ датировано 26 <hi style="opdelimiter">февраля.</hi><hi style="opnumber">482</hi></p>
<p rend="Textpetit_otstup left"><hi>1</hi> C. A. Толстая была с визитом у своей двоюродной тетки E. Н. Шостак. Внезапно к E. Н. Шостак приехала Мария Федоровна и пожелала познакомиться с С. А. Толстой. Письмо с описанием этого свиданья не датировано.</p>
<p rend="petit left"><hi>2</hi> Безуездный город, в 25 верстах от Петербурга, где находился царский дворец и громадный (свыше 600 десятин) парк.</p>
<p rend="petit left"><hi>3</hi> Об этом «искусственном соловье» есть дневниковая запись Толстого под 14 мая 1856 г. С. А. Толстая писала в ответ (письмо от воскресенья — 24 февраля): «Я немного обиделась, что ты меня с щелкуном в Петергофе сравнил. На мне совсем не отразилось царское величие, даже, если б я сама стала царицей, то и тогда, пожалуй, не изменилась бы, уж такой у меня характер. Но меня утешила фраза, что ты считаешь дни до моего приезда» (ПСТ, стр. 297).</p>
<p rend="petit left"><hi>4</hi> В приписке на третьей странице почтового листа М. Л. Толстая писала С. А. Толстой: «Малышам нельзя здоровее и веселее быть».</p>
<p rend="petit left"><hi>5</hi> Владимир Федорович Орлов.</p>
<p rend="petit left"><hi>6 </hi>Вероятно, Валериан Валерианович Ширков, сын Валериана Федоровича Ширкова (1805—1856), художника и либретиста. Были богатыми харьковскими помещиками.</p>
<p rend="petit left"><hi>7</hi> К. А. Иславин.</p>
<p rend="petit left"><hi>8</hi> Слова, приписываемые так называемому Симеону богоприимцу, который, будучи дряхлым старцем, якобы произнес их, взявши в руки младенца Иисуса Христа.</p>
</comments></div></body>
        </text>
        </TEI>