<?xml version='1.0' encoding='UTF-8' standalone='no'?>

<TEI xmlns="http://www.tei-c.org/ns/1.0">
       <teiHeader>
          <fileDesc>
             <titleStmt>
                <title>Письмо №194. С. А. Толстой</title>
             </titleStmt>
             <publicationStmt>
                <publisher>TolstoyLab</publisher>
                <date when="2015-09-14">14 September 2015</date>
             </publicationStmt>
             <sourceDesc>
                <biblStruct>
                   <analytic>
                      <author>Толстой Л.Н.</author>
                   </analytic>
                   <monogr>
                      <title level="m">Полное собрание сочинений. Том 83</title>
                      <imprint>
                         <pubPlace>Москва</pubPlace>
                         <publisher>Государственное издательство "Художественная литература"</publisher>
                         <date when="1938"/>
                      </imprint>
                   </monogr>
                   <series>
                      <title level="s">Л.Н. Толстой. Полное собрание сочинений</title>
                      <biblScope unit="vol">83</biblScope>
                   </series>
                </biblStruct>
				<bibl>Печатается по автографу, хранящемуся в АТБ. Впервые опубликовано по копии, сделанной С. А. Толстой, в ПЖ, стр. 152—153. Датируется на основании первых строк письма: «Вот 2-й день, что я в Ясной» и наличности предшествующего письма от 27 февраля, писанного по приезде. В ПЖ датировано первым марта.</bibl>
             </sourceDesc>
          </fileDesc>
          <encodingDesc>
             <tagsDecl> </tagsDecl>
          </encodingDesc>
          <profileDesc>
             <correspDesc>
                <correspAction type="sending">
                   <persName ref="PersonList.xml#L_N_Tolstoy">Л. Н. Толстой</persName>
                   <placeName ref="PlacesListxml#PLACE">Я. П.</placeName>
                   <date when="1882-02-28">1882 г. Февраля 28.</date>            </correspAction>
                <correspAction type="receiving">
                   <persName ref="PersonList.xml#RECEIVER">Толстая Софья Андреевна</persName>
                </correspAction>
                <correspContext>
                   <ref type="prev"/>
                </correspContext>
             </correspDesc>
          </profileDesc>
       </teiHeader>
       <xenoData><number type="in a volume">194</number></xenoData>

       <text xml:id="a28_194">
	<body><div>
		<opener index="false">
194.
1882 г. Февраля 28. Я. П.</opener>
<p rend="left"><choice><reg>Вот</reg><orig>Вотъ</orig></choice> 2-й день что я <choice><reg>в</reg><orig>въ</orig></choice> Ясной. Пишу <choice><reg>в</reg><orig>въ</orig></choice> 3 часа дня. Опять все утро ничего не <choice><reg>делал</reg><orig>дѣлалъ</orig></choice> и <choice><reg>был</reg><orig>былъ</orig></choice> <choice><reg>в</reg><orig>въ</orig></choice> <choice><reg>самом</reg><orig>самомъ</orig></choice> <choice><reg>унылом</reg><orig>уныломъ</orig></choice>, <choice><reg>подавленном</reg><orig>подавленномъ</orig></choice> <choice><reg>состоянии</reg><orig>состоянiи</orig></choice>; но не <choice><reg>жалею</reg><orig>жалѣю</orig></choice> <choice><reg>об</reg><orig>объ</orig></choice> <choice><reg>этом</reg><orig>этомъ</orig></choice> и не жалуюсь. <choice><reg>Как</reg><orig>Какъ</orig></choice> мерзлый <choice><reg>человек</reg><orig>человѣкъ</orig></choice> <choice><reg>отходит</reg><orig>отходитъ</orig></choice> и ему больно, <choice><reg>так</reg><orig>такъ</orig></choice> и я, <choice><reg>вероятно</reg><orig>вѣроятно</orig></choice>, нравственно <hi>отхожу</hi>, — переживаю <choice><reg>все</reg><orig>всѣ</orig></choice> <choice><reg>излишния</reg><orig>излишнiя</orig></choice> <choice><reg>впечатления</reg><orig>впечатлѣнiя</orig></choice> и возвращаюсь <choice><reg>к</reg><orig>къ</orig></choice> <choice><reg>обладанию</reg><orig>обладанiю</orig></choice> <choice><reg>самого</reg><orig>самаго</orig></choice> себя. — <choice><reg>Может</reg><orig>Можетъ</orig></choice> быть это временно, но я ужасно <choice><reg>устал</reg><orig>усталъ</orig></choice> <choice><reg>от</reg><orig>отъ</orig></choice> жизни, и <choice><reg>мне</reg><orig>мнѣ</orig></choice> хорошо отдохнуть.</p>
<p rend="left">Илюша, нынче опять <choice><reg>с</reg><orig>съ</orig></choice> Михайлой на <choice><reg>охоте</reg><orig>охотѣ</orig></choice>; — опять <choice><reg>видел</reg><orig>видѣлъ</orig></choice> и <choice><reg>стрелял</reg><orig>стрѣлялъ</orig></choice> зайца, и очень <choice><reg>доволен</reg><orig>доволенъ</orig></choice>. — Я читаю Revue, — статьи <choice><reg>религиозные</reg><orig>религiозныя</orig></choice> очень <choice><reg>интересные</reg><orig>интересныя</orig></choice> и <choice><reg>делаю</reg><orig>дѣлаю</orig></choice> <choice><reg>пасьянс</reg><orig>пасьянсъ</orig></choice>. <choice><reg>Сейчас</reg><orig>Сейчасъ</orig></choice> <choice><reg>в</reg><orig>въ</orig></choice> первый <choice><reg>раз</reg><orig>разъ</orig></choice> <choice><reg>раскрыл</reg><orig>раскрылъ</orig></choice> свои тетради и вижу возможность писать. — <choice><reg>Может</reg><orig>Можетъ</orig></choice> быть, завтра начну. Очень меня <choice><reg>мучает</reg><orig>мучаетъ</orig></choice> то, что вышло <choice><reg>так</reg><orig>такъ</orig></choice>, что я <choice><reg>тебе</reg><orig>тебѣ</orig></choice> <choice><reg>навалил</reg><orig>навалилъ</orig></choice> заботы о <choice><reg>лошадях</reg><orig>лошадяхъ</orig></choice> и <choice><reg>Филипе</reg><orig>Филипѣ</orig></choice>. Пожалуйста, прости меня за это. Это случилось невольно и, главное, не бери <choice><reg>к</reg><orig>къ</orig></choice> сердцу, если <choice><reg>выйдут</reg><orig>выйдутъ</orig></choice> <choice><reg>какие-нибудь</reg><orig>какiя-нибудь</orig></choice> <choice><reg>затруднения</reg><orig>затрудненiя</orig></choice>. —</p>
<p rend="left"><choice><reg>Как</reg><orig>Какъ</orig></choice> нарочно, это <choice><reg>так</reg><orig>такъ</orig></choice> случилось. Знаю, что если ты будешь здорова, то все <choice><reg>сойдет</reg><orig>сойдетъ</orig></choice> хорошо, а если <choice><reg>нет</reg><orig>нѣтъ</orig></choice>, то очень понимаю, что <choice><reg>тебе</reg><orig>тебѣ</orig></choice> <choice><reg>станет</reg><orig>станетъ</orig></choice> досадно, и совершенно справедливо упрекнешь меня, — ко <choice><reg>всем</reg><orig>всѣмъ</orig></choice> <choice><reg>твоим</reg><orig>твоимъ</orig></choice> <choice><reg>заботам</reg><orig>заботамъ</orig></choice> <choice><reg>навалил</reg><orig>навалилъ</orig></choice> <hi style="opdelimiter"><choice><reg>тебе</reg><orig>тебѣ</orig></choice></hi><hi style="opnumber">320</hi> <hi style="npnumber">321</hi><hi style="npdelimiter">еще</hi> заботу о <choice><reg>лошадях</reg><orig>лошадяхъ</orig></choice>, <choice original_editorial_correction='к[оторой]'><sic>к</sic><corr>которой</corr></choice> ты и не сочувствуешь. — Одно помни: что <choice><reg>как</reg><orig>какъ</orig></choice> бы что ни вышло и только бы ты не сердилась — все <choice><reg>будет</reg><orig>будетъ</orig></choice> прекрасно.</p>
<p rend="left">Комната очень хороша, тепла, постель прекрасна, пища — тоже, и я, <choice><reg>надеюсь</reg><orig>надѣюсь</orig></choice>, завтра напишу <choice><reg>тебе</reg><orig>тебѣ</orig></choice> бодрое письмо. —</p>
<p rend="left">Я <choice><reg>передумал</reg><orig>передумалъ</orig></choice> <choice><reg>насчет</reg><orig>насчетъ</orig></choice> адреса <choice><reg>твоих</reg><orig>твоихъ</orig></choice> <choice><reg>писем</reg><orig>писемъ</orig></choice> и прошу тебя писать <choice><reg>вперед</reg><orig>впередъ</orig></choice> на Козловку. Я <choice><reg>сейчас</reg><orig>сейчасъ</orig></choice> свезу это письмо <choice><reg>сам</reg><orig>самъ</orig></choice> и попрошу <choice><reg>любезного</reg><orig>любезнаго</orig></choice> <choice original_editorial_correction='Нач[альника]'><sic>Нач</sic><corr>Начальника</corr></choice> <choice original_editorial_correction='Ст[анции]'><sic>Ст</sic><corr><choice><reg>Станции</reg><orig>Станцiи</orig></choice></corr></choice>, и каждый день буду гулять на Козловку, отдавать свое и получать твое письмо. —</p>
<p rend="left">Прощай, душенька, <choice><reg>целую</reg><orig>цѣлую</orig></choice> тебя и <choice><reg>детей</reg><orig>дѣтей</orig></choice>.</p>
<p rend="right"><choice original_editorial_correction='Тв[ой]'><sic>Тв</sic><corr>Твой</corr></choice> Л.</p>
<comments><p rend="Textpetit_otstup left">Печатается по автографу, хранящемуся в АТБ. Впервые опубликовано по копии, сделанной С. А. Толстой, в ПЖ, стр. 152—153. Датируется на основании первых строк письма: «Вот 2-й день, что я в Ясной» и наличности предшествующего письма от 27 февраля, писанного по приезде. В ПЖ датировано первым марта.</p>
<p rend="petit left">На это письмо С. А. Толстая ответила следующей недатированной запиской [от 2 марта]: «Сейчас хотела посылать письмо, адресованное в Тулу, и распечатала, чтоб адресовать на Козловку и выразить тебе, главное, свое сочувствие, что ты независимо от своей воли <hi>замерз</hi> в Москве. Я знаю, что ты не мог иначе, если б даже хотел. Мои просьбы и надежды развеселить и осчастливить тебя — напрасны. Мне очень больно твое состояние, и мне очень трудно всё в жизни помирить. Зачем ты мне столько воли дал? За лошадей я ни капельки не сержусь, боюсь напутать и что-нибудь пропустить, за что извинишь..... Прощай; отдыхай, люби меня, не проклинай за то, что посредством Москвы привела тебя в такое положение» (ПСТ, стр. 184).</p>
</comments></div></body>
        </text>
        </TEI>