<?xml version='1.0' encoding='UTF-8' standalone='no'?>

<TEI xmlns="http://www.tei-c.org/ns/1.0">
       <teiHeader>
          <fileDesc>
             <titleStmt>
                <title>Письмо №288. С. А. Толстой</title>
             </titleStmt>
             <publicationStmt>
                <publisher>TolstoyLab</publisher>
                <date when="2015-09-14">14 September 2015</date>
             </publicationStmt>
             <sourceDesc>
                <biblStruct>
                   <analytic>
                      <author>Толстой Л.Н.</author>
                   </analytic>
                   <monogr>
                      <title level="m">Полное собрание сочинений. Том 83</title>
                      <imprint>
                         <pubPlace>Москва</pubPlace>
                         <publisher>Государственное издательство "Художественная литература"</publisher>
                         <date when="1938"/>
                      </imprint>
                   </monogr>
                   <series>
                      <title level="s">Л.Н. Толстой. Полное собрание сочинений</title>
                      <biblScope unit="vol">83</biblScope>
                   </series>
                </biblStruct>
				<bibl>Печатается по автографу, хранящемуся в АТБ. Отрывок из письма впервые опубликован в «Литературном наследстве», 19—21, стр. 706. Полностью публикуется впервые. Неотправленная открытка. Датируется по содержанию письма (баня, чтение евангелия на еврейском языке) <hi style="opdelimiter">и</hi><hi style="opnumber">465</hi> <hi style="npnumber">466</hi><hi style="npdelimiter">на</hi> основании относящихся к открытке слов следующего письма: «Сейчас написал письмо на карточке, но начал за здравие и свел за упокой и не посылаю».</bibl>
             </sourceDesc>
          </fileDesc>
          <encodingDesc>
             <tagsDecl> </tagsDecl>
          </encodingDesc>
          <profileDesc>
             <correspDesc>
                <correspAction type="sending">
                   <persName ref="PersonList.xml#L_N_Tolstoy">Л. Н. Толстой</persName>
                   <placeName ref="PlacesListxml#PLACE">Я. П.</placeName>
                   <date when="1884-12-13">1884 г. Декабря 13.</date>            </correspAction>
                <correspAction type="receiving">
                   <persName ref="PersonList.xml#RECEIVER">Толстая Софья Андреевна</persName>
                </correspAction>
                <correspContext>
                   <ref type="prev"/>
                </correspContext>
             </correspDesc>
          </profileDesc>
       </teiHeader>
       <xenoData><number type="in a volume">288</number></xenoData>

       <text xml:id="a13_288">
	<body><div>
		<opener index="false">
* 288. Неотправленное.
1884 г. Декабря 13. Я. П.</opener>
<p rend="left"><choice><reg>Получил</reg><orig>Получилъ</orig></choice> твое письмо<hi>1 </hi>— <choice><reg>приятное</reg><orig>прiятное</orig></choice>. <choice><reg>Встал</reg><orig>Всталъ</orig></choice> рано, печень не <choice><reg>болит</reg><orig>болитъ</orig></choice>. <choice><reg>Часов</reg><orig>Часовъ</orig></choice> 5 <choice><reg>работал</reg><orig>работалъ</orig></choice>. Бумаги <choice><reg>намарал</reg><orig>намаралъ</orig></choice> много, а есть ли <choice><reg>толк</reg><orig>толкъ</orig></choice> или <choice><reg>нет</reg><orig>нѣтъ</orig></choice> — не знаю. Но <choice><reg>как</reg><orig>какъ</orig></choice> будто <choice><reg>делал</reg><orig>дѣлалъ</orig></choice> <choice><reg>дело</reg><orig>дѣло</orig></choice>, и на <choice><reg>душе</reg><orig>душѣ</orig></choice> покойно. <choice><reg>Поехал</reg><orig>Поѣхалъ</orig></choice> <choice><reg>в</reg><orig>въ</orig></choice> Ясенки <choice><reg>верхом</reg><orig>верхомъ</orig></choice> — славная погода — тихо, <choice><reg>тает</reg><orig>таетъ</orig></choice> и <choice><reg>туман</reg><orig>туманъ</orig></choice>. <choice><reg>Потом</reg><orig>Потомъ</orig></choice> <choice><reg>сходил</reg><orig>сходилъ</orig></choice> <choice><reg>в</reg><orig>въ</orig></choice> баню, и <choice><reg>сейчас</reg><orig>сейчасъ</orig></choice> читаю по еврейски <choice><reg>Евангелие</reg><orig>Евангелiе</orig></choice>, пью чай и собираюсь раньше спать. Большое спасибо <choice><reg>Леле</reg><orig>Лелѣ</orig></choice> за письмо. Пускай <choice><reg>он</reg><orig>онъ</orig></choice> не стыдится быть <choice><reg>в</reg><orig>въ</orig></choice> <choice><reg>человеческих</reg><orig>человѣческихъ</orig></choice> <choice><reg>отношенениях</reg><orig>отношененiяхъ</orig></choice> <choice><reg>с</reg><orig>съ</orig></choice> <choice><reg>теми</reg><orig>тѣми</orig></choice>, кто его больше <choice><reg>всех</reg><orig>всѣхъ</orig></choice> <choice><reg>любит</reg><orig>любитъ</orig></choice>, т. е. больше, <choice><reg>чем</reg><orig>чѣмъ</orig></choice> кто либо другой, а стыдится жить <choice><reg>рядом</reg><orig>рядомъ</orig></choice> и быть столь же <choice><reg>более</reg><orig>болѣе</orig></choice> <choice><reg>далеким</reg><orig>далекимъ</orig></choice>, <choice><reg>чем</reg><orig>чѣмъ</orig></choice> <choice><reg>в</reg><orig>въ</orig></choice> Новой <choice><reg>Зеландии</reg><orig>Зеландiи</orig></choice>.<note xml:id="note1" resp="volume_editor" index="false"> Два острова в южной части Тихого океана, Британская колония.</note> Если ничего не случится, <choice><reg>приеду</reg><orig>прiѣду</orig></choice> <choice><reg>в</reg><orig>въ</orig></choice> воскресенье. Грустно <choice><reg>ехать</reg><orig>ѣхать</orig></choice>.</p>
<lb/>
<p rend="left"><hi>На обороте открытки:</hi> Москва. <choice><reg>Долгохамовнический</reg><orig>Долгохамовническiй</orig></choice> <choice><reg>переулок</reg><orig>переулокъ</orig></choice> <choice><reg>дом</reg><orig>домъ</orig></choice> Гр. <choice><reg>Толстого</reg><orig>Толстаго</orig></choice>. <choice><reg>Графине</reg><orig>Графинѣ</orig></choice> <choice><reg>Софье</reg><orig>Софьѣ</orig></choice> <choice><reg>Андревне</reg><orig>Андревнѣ</orig></choice> Толстой.</p>
<comments><p rend="Textpetit_otstup left">Печатается по автографу, хранящемуся в АТБ. Отрывок из письма впервые опубликован в «Литературном наследстве», 19—21, стр. 706. Полностью публикуется впервые. Неотправленная открытка. Датируется по содержанию письма (баня, чтение евангелия на еврейском языке) <hi style="opdelimiter">и</hi><hi style="opnumber">465</hi> <hi style="npnumber">466</hi><hi style="npdelimiter">на</hi> основании относящихся к открытке слов следующего письма: «Сейчас написал письмо на карточке, но начал за здравие и свел за упокой и не посылаю».</p>
<p rend="Textpetit_otstup left"><hi>1</hi> От 11 декабря.</p>
<p rend="petit left"><hi>2</hi> Два острова в южной части Тихого океана, Британская колония.</p>
</comments></div></body>
        </text>
        </TEI>