<?xml version='1.0' encoding='UTF-8' standalone='no'?>

<TEI xmlns="http://www.tei-c.org/ns/1.0">
       <teiHeader>
          <fileDesc>
             <titleStmt>
                <title>Письмо №255. С. А. Толстой</title>
             </titleStmt>
             <publicationStmt>
                <publisher>TolstoyLab</publisher>
                <date when="2015-09-14">14 September 2015</date>
             </publicationStmt>
             <sourceDesc>
                <biblStruct>
                   <analytic>
                      <author>Толстой Л.Н.</author>
                   </analytic>
                   <monogr>
                      <title level="m">Полное собрание сочинений. Том 83</title>
                      <imprint>
                         <pubPlace>Москва</pubPlace>
                         <publisher>Государственное издательство "Художественная литература"</publisher>
                         <date when="1938"/>
                      </imprint>
                   </monogr>
                   <series>
                      <title level="s">Л.Н. Толстой. Полное собрание сочинений</title>
                      <biblScope unit="vol">83</biblScope>
                   </series>
                </biblStruct>
				<bibl>Печатается по автографу, хранящемуся в АТБ. Впервые опубликовано по копии, сделанной С. А. Толстой, в ПЖ, стр. 209—210. Датируется на основании почтовых штемпелей: «почтовый вагон. 16 ноября. 1883; Москва. 16 ноября 1883» и фразы письма «после завтра, середа», которая падала на 16 ноября 1883 г.</bibl>
             </sourceDesc>
          </fileDesc>
          <encodingDesc>
             <tagsDecl> </tagsDecl>
          </encodingDesc>
          <profileDesc>
             <correspDesc>
                <correspAction type="sending">
                   <persName ref="PersonList.xml#L_N_Tolstoy">Л. Н. Толстой</persName>
                   <placeName ref="PlacesListxml#PLACE">Я. П.</placeName>
                   <date when="1883-11-14">1883 г. Ноября 14.</date>            </correspAction>
                <correspAction type="receiving">
                   <persName ref="PersonList.xml#RECEIVER">Толстая Софья Андреевна</persName>
                </correspAction>
                <correspContext>
                   <ref type="prev"/>
                </correspContext>
             </correspDesc>
          </profileDesc>
       </teiHeader>
       <xenoData><number type="in a volume">255</number></xenoData>

       <text xml:id="a14_255">
	<body><div>
		<opener index="false">
255.
1883 г. Ноября 14. Я. П.</opener>
<p rend="left">Не <choice><reg>получил</reg><orig>получилъ</orig></choice> нынче письма. <choice><reg>Верно</reg><orig>Вѣрно</orig></choice> ты <choice><reg>хотела</reg><orig>хотѣла</orig></choice> <choice><reg>с</reg><orig>съ</orig></choice> <choice><reg>Сергеем</reg><orig>Сергѣемъ</orig></choice> послать. <choice><reg>Сергей</reg><orig>Сергѣй</orig></choice> <choice><reg>приехал</reg><orig>прiѣхалъ</orig></choice>, но я его не <choice><reg>видал</reg><orig>видалъ</orig></choice>. <choice><reg>Он</reg><orig>Онъ</orig></choice> стыдится <choice><reg>верно</reg><orig>вѣрно</orig></choice>. Нынче <choice><reg>утром</reg><orig>утромъ</orig></choice> я было <choice><reg>встал</reg><orig>всталъ</orig></choice> рано для пороши, но пороши не было, — <choice><reg>снег</reg><orig>снѣгъ</orig></choice> <choice><reg>шел</reg><orig>шелъ</orig></choice>. <choice><reg>Головин</reg><orig>Головинъ</orig></choice> <choice><reg>приезжал</reg><orig>прiѣзжалъ</orig></choice> нынче <choice><reg>утром</reg><orig>утромъ</orig></choice>. <choice><reg>Привез</reg><orig>Привезъ</orig></choice> Ильи ружье — починенное. Собака <choice><reg>Илье</reg><orig>Ильѣ</orig></choice>, <choice original_editorial_correction='к[оторую]'><sic>к</sic><corr>которую</corr></choice> <choice><reg>подарил</reg><orig>подарилъ</orig></choice> <choice><reg>Офросимов</reg><orig>Офросимовъ</orig></choice>,<note xml:id="note1" resp="volume_editor" index="false"> Александр Павлович Офросимов (1846—1921?), губернский секретарь, охотник, коннозаводчик, помещик села Солосовки в 14 верстах от Ясной поляны. Ему же принадлежали земли села Сукромно Богородицкого уезда, Гранки-Епифанского уезда (свыше 2000 десятин) и в селении Богородицком, Сухое Жадомо тож, Чернского уезда Тульской губернии. Выведен Толстым в «Живом трупе» в лице Афремова.</note> — у Головина. <choice><reg>Он</reg><orig>Онъ</orig></choice> <choice><reg>приглашает</reg><orig>приглашаетъ</orig></choice> охотиться, но едва ли я <choice><reg>успею</reg><orig>успѣю</orig></choice>. Завтра <choice><reg>поеду</reg><orig>поѣду</orig></choice> на порошу, — если <choice><reg>будет</reg><orig>будетъ</orig></choice>. A <choice><reg>после</reg><orig>послѣ</orig></choice> завтра, середа, — <choice><reg>будет</reg><orig>будетъ</orig></choice> <choice><reg>неделя</reg><orig>недѣля</orig></choice>, что я <choice><reg>уехал</reg><orig>уѣхалъ</orig></choice>. И я <choice><reg>приеду</reg><orig>прiѣду</orig></choice> или <choice><reg>в</reg><orig>въ</orig></choice> середу или <choice><reg>в</reg><orig>въ</orig></choice> <choice><reg>четверг</reg><orig>четвергъ</orig></choice>. — Работа <choice><reg>нейдет</reg><orig>нейдетъ</orig></choice>. Нынче <choice><reg>встал</reg><orig>всталъ</orig></choice> рано и хочу раньше лечь. <choice><reg>Получил</reg><orig>Получилъ</orig></choice> <choice><reg>из</reg><orig>изъ</orig></choice> Тулы — письмо <choice><reg>от</reg><orig>отъ</orig></choice> <choice><reg>прочитавшего</reg><orig>прочитавшаго</orig></choice> статью <choice><reg>в</reg><orig>въ</orig></choice> Revue Nouvelle<note xml:id="note2" resp="volume_editor" index="false"> Вероятно, речь идет о статье «Pages inédites de Léon Tolstoi (Exposé de l’évangile)» с предисловием Juliette Lamber (м. Адан), напечатанной в двадцать третьем томе журнала за 1883 г., июль — август, стр. 241—256.</note> и <choice><reg>обращающего</reg><orig>обращающаго</orig></choice> меня не <choice><reg>без</reg><orig>безъ</orig></choice> <choice><reg>ругательств</reg><orig>ругательствъ</orig></choice> «<choice><reg>православного</reg><orig>православнаго</orig></choice> <choice><reg>мирянина</reg><orig>мiрянина</orig></choice>» и твое письмо,<note xml:id="note3" resp="volume_editor" index="false"> Вероятно от 2 июля.</note> возвратившееся <choice><reg>из</reg><orig>изъ</orig></choice> Самары. <choice><reg>Так</reg><orig>Такъ</orig></choice> что я нынче <choice><reg>получил</reg><orig>получилъ</orig></choice> <choice><reg>от</reg><orig>отъ</orig></choice> тебя письмо. <choice><reg>Надеюсь</reg><orig>Надѣюсь</orig></choice> завтра получить хорошее, длинное письмо. Нынче, чтобы себя<note xml:id="note4" resp="volume_editor" index="false"> <hi>В подлиннике:</hi> <choice><reg>себе</reg><orig>себѣ</orig></choice></note> уходить, <choice><reg>целый</reg><orig>цѣлый</orig></choice> день <choice><reg>ходил</reg><orig>ходилъ</orig></choice> <choice><reg>с</reg><orig>съ</orig></choice> <choice><reg>ружьем</reg><orig>ружьемъ</orig></choice> <choice><reg>тихим</reg><orig>тихимъ</orig></choice> <choice><reg>шагом</reg><orig>шагомъ</orig></choice>. Очень <choice><reg>приятно</reg><orig>прiятно</orig></choice>. Дома <choice original_editorial_correction='Агаф[ья]'><sic>Агаф</sic><corr>Агафья</corr></choice> <choice original_editorial_correction='Мих[айловна]'><sic>Мих</sic><corr>Михайловна</corr></choice> хорошо <choice><reg>рассказывала</reg><orig>разсказывала</orig></choice> про старину, — про меня то, что я <choice><reg>забыл</reg><orig>забылъ</orig></choice>, какой я <choice><reg>был</reg><orig>былъ</orig></choice> противный <choice><reg>барчук</reg><orig>барчукъ</orig></choice>, — и книги.</p>
<p rend="left">До свиданья. <choice><reg>Целую</reg><orig>Цѣлую</orig></choice> тебя и <choice><reg>детей</reg><orig>дѣтей</orig></choice>. — Хорошо ли у <choice><reg>вас</reg><orig>васъ</orig></choice>?</p>
<lb/>
<p rend="left"><hi>На конверте:</hi> Москва. Хамовники <choice><reg>дом</reg><orig>домъ</orig></choice> Гр. <choice><reg>Толстого</reg><orig>Толстаго</orig></choice>. <choice><reg>Графине</reg><orig>Графинѣ</orig></choice> <choice><reg>Софье</reg><orig>Софьѣ</orig></choice> <choice><reg>Андревне</reg><orig>Андревнѣ</orig></choice> Толстой.</p>
<comments><p rend="Textpetit_otstup left">Печатается по автографу, хранящемуся в АТБ. Впервые опубликовано по копии, сделанной С. А. Толстой, в ПЖ, стр. 209—210. Датируется на основании почтовых штемпелей: «почтовый вагон. 16 ноября. 1883; Москва. 16 ноября 1883» и фразы письма «после завтра, середа», которая падала на 16 ноября 1883 г.</p>
<p rend="Textpetit_otstup left"><hi>1</hi> Александр Павлович Офросимов (1846—1921?), губернский секретарь, охотник, коннозаводчик, помещик села Солосовки в 14 верстах от Ясной поляны. Ему же принадлежали земли села Сукромно Богородицкого уезда, Гранки-Епифанского уезда (свыше 2000 десятин) и в селении Богородицком, Сухое Жадомо тож, Чернского уезда Тульской губернии. Выведен Толстым в «Живом трупе» в лице Афремова.</p>
<p rend="petit left"><hi>2</hi> Вероятно, речь идет о статье «Pages inédites de Léon Tolstoi (Exposé de l’évangile)» с предисловием Juliette Lamber (м. Адан), напечатанной в двадцать третьем томе журнала за 1883 г., июль — август, стр. 241—256.</p>
<p rend="petit left"><hi>3</hi> Вероятно от 2 июля.</p>
<p rend="petit left"><hi>4</hi> <hi>В подлиннике:</hi> <choice><reg>себе</reg><orig>себѣ</orig></choice></p>
<p rend="left"><hi style="opnumber">411</hi> <hi style="npnumber">412</hi></p>
</comments></div></body>
        </text>
        </TEI>