<?xml version='1.0' encoding='UTF-8' standalone='no'?>

<TEI xmlns="http://www.tei-c.org/ns/1.0">
       <teiHeader>
          <fileDesc>
             <titleStmt>
                <title>Письмо №17. П. Д. Голохвастову.</title>
             </titleStmt>
             <publicationStmt>
                <publisher>TolstoyLab</publisher>
                <date when="2015-09-14">14 September 2015</date>
             </publicationStmt>
             <sourceDesc>
                <biblStruct>
                   <analytic>
                      <author>Толстой Л.Н.</author>
                   </analytic>
                   <monogr>
                      <title level="m">Полное собрание сочинений. Том 62</title>
                      <imprint>
                         <pubPlace>Москва</pubPlace>
                         <publisher>Государственное издательство "Художественная литература"</publisher>
                         <date when="1953"/>
                      </imprint>
                   </monogr>
                   <series>
                      <title level="s">Л.Н. Толстой. Полное собрание сочинений</title>
                      <biblScope unit="vol">62</biblScope>
                   </series>
                </biblStruct>
             </sourceDesc>
          </fileDesc>
          <encodingDesc>
             <tagsDecl> </tagsDecl>
          </encodingDesc>
          <profileDesc>
             <correspDesc>
                <correspAction type="sending">
                   <persName ref="PersonList.xml#L_N_Tolstoy">Л. Н. Толстой</persName>
                   <placeName ref="PlacesListxml#PLACE">Я. П.</placeName>
                   <date when="1873-04-09">1873 г. Апреля 9.</date>            </correspAction>
                <correspAction type="receiving">
                   <persName ref="PersonList.xml#RECEIVER">Голохвастов Павел Дмитриевич</persName>
                </correspAction>
                <correspContext>
                   <ref type="prev"/>
                </correspContext>
             </correspDesc>
          </profileDesc>
       </teiHeader>
       <xenoData><number type="in a volume">17</number></xenoData>

              <text xml:id="P.D.Goloxvastovu_17">
	<body><div>
		<opener index="false">
17. П. Д. Голохвастову.
1873 г. Апреля 9...10? Я. П.</opener>
<p rend="left">Вы, верно, упрекаете меня, Павел Дмитриевич, просто в невежестве; на ваши два столь приятные мне письма и посылку книг я до сих пор не ответил. Я, по крайней мере, несмотря на уверенность, что наши хорошие и дружеские отношения упрочились теми славными днями, которые мы провели вместе, я ужаснулся, когда хватился, что я еще вам не ответил, не поблагодарил вас за книги и, главное, за ваш приезд к нам. Произошло это оттого, что дней 10 тому назад я написал вам длинное письмо; но написал в нем кое-что такое, что, обдумавши, решил лучше не писать, и не послал письмо, а другого до сих пор не написал.</p>
<p rend="left">То, что я написал и не послал, относилось до меня, и я не послал, потому что было преждевременно. Радуюсь от души, что вы вырвались из Москвы и засели (вероятно, теперь уже) за работу. За какую? Пожалуйста, известите, это меня очень интересует. Я больше всего, как вы знаете, сочувствую повести и <hi>в прозе</hi>, потом былинам для Шатилова и менее всего надеюсь на драму. Впрочем это ваше дело с своей душой. С вашей искренностью, <hi>чистотой</hi> любви к поэтической деятельности <hi style="opdelimiter">должно</hi><hi style="opnumber">21</hi> <hi style="npnumber">22</hi><hi style="npdelimiter">выдти</hi> хорошее. Давно ли вы перечитывали прозу Пушкина? Сделайте мне дружбу — прочтите сначала все повести Белкина. Их надо изучать и изучать каждому писателю. Я на днях это сделал и не могу вам передать того благодетельного влияния, которое имело на меня это чтение.</p>
<p rend="left">Изучение это чем важно? Область поэзии бесконечна, как жизнь; но все предметы поэзии предвечно распределены по известной иерархии и смешение низших с высшими, или принятие низшего за высший есть один из главных камней преткновения. У великих поэтов, у Пушкина, эта гармоническая правильность распределения предметов доведена до совершенства. Я знаю, что анализировать этого нельзя, но это чувствуется и усваивается. Чтение даровитых, но негармонических писателей (то же музыка, живопись) раздражает и как будто поощряет к работе и расширяет область; но это ошибочно; а чтение Гомера, Пушкина сжимает область и, если возбуждает к работе, то безошибочно.</p>
<p rend="left">Жена благодарит за память и посылает поклон. Прошу передать мой поклон Ольге Андреевне.</p>
<p rend="right">Ваш Л. Толстой.</p>
<comments><p rend="Textpetit_otstup left">О первой публикации см. стр. 3. Датируется сопоставлением с письмом Толстого к П. Д. Голохвастову от 30 марта 1873 г. и фразой в настоящем письме: «дней 10 тому назад я написал вам длинное письмо».</p>
</comments></div></body>
        </text>
        </TEI>