<?xml version='1.0' encoding='UTF-8' standalone='no'?>

<TEI xmlns="http://www.tei-c.org/ns/1.0">
       <teiHeader>
          <fileDesc>
             <titleStmt>
                <title>Письмо №* 172. М. С. Башилову.</title>
             </titleStmt>
             <publicationStmt>
                <publisher>TolstoyLab</publisher>
                <date when="2015-09-14">14 September 2015</date>
             </publicationStmt>
             <sourceDesc>
                <biblStruct>
                   <analytic>
                      <author>Толстой Л.Н.</author>
                   </analytic>
                   <monogr>
                      <title level="m">Полное собрание сочинений. Том 61</title>
                      <imprint>
                         <pubPlace>Москва</pubPlace>
                         <publisher>Государственное издательство "Художественная литература"</publisher>
                         <date when="1953"/>
                      </imprint>
                   </monogr>
                   <series>
                      <title level="s">Л.Н. Толстой. Полное собрание сочинений</title>
                      <biblScope unit="vol">61</biblScope>
                   </series>
                </biblStruct>
             </sourceDesc>
          </fileDesc>
          <encodingDesc>
             <tagsDecl> </tagsDecl>
          </encodingDesc>
          <profileDesc>
             <correspDesc>
                <correspAction type="sending">
                   <persName ref="PersonList.xml#L_N_Tolstoy">Л. Н. Толстой</persName>
                   <placeName ref="PlacesListxml#PLACE">Я. П.</placeName>
                   <date when="1866-06-28">1866 г. Июня 28.</date>            </correspAction>
                <correspAction type="receiving">
                   <persName ref="PersonList.xml#RECEIVER">Башилов Михаил Сергеевич</persName>
                </correspAction>
                <correspContext>
                   <ref type="prev"/>
                </correspContext>
             </correspDesc>
          </profileDesc>
       </teiHeader>
       <xenoData><number type="in a volume">172</number></xenoData>

              <text xml:id="M__S__Bashilovu_172">
	<body><div>
		<opener index="false">
* 172. М. С. Башилову.
1866 г. Июня 28. Я. П.</opener>
<p rend="left">Очень вам благодарен, любезный Михаил Сергеич, за присылку оттисков.</p>
<p rend="left">Насчет требования Рихау,<note xml:id="note1" resp="volume_editor" index="false"> <ref target="file:///Volume_61_D__K__Rixau_174.xml">См. письмо к Рихау, № 174</ref>.</note> я не согласен дать более того, что вы сами полагаете справедливым, т. е. по числу фигур от 10 и до 25 р.</p>
<p rend="left">Еще другой вопрос. Я уже писал вам,<note xml:id="note2" resp="volume_editor" index="false"> <ref target="file:///Volume_61_M__S__Bashilovu_165.xml">См. письмо № 165</ref>.</note> что непременно кончу роман в нынешнем году, и потому мне нужно не 30, а, по крайней мере, 60 рисунков. Согласны ли вы сделать еще 30 рисунков по той же цене и уплату половины суммы подождать до нового года, т. е. выхода романа. И можно ли согласить Рихау или другого гравера на то же. Я могу обеспечить гравера известным количеством экземпляров.</p>
<p rend="left">Я дал редакции «<choice original_editorial_correction='Р[усского]'><sic>Р</sic><corr>Русского</corr></choice> <choice original_editorial_correction='в[естника]'><sic>в</sic><corr>вестника</corr></choice>» право напечатать 500 <choice original_editorial_correction='экземп[ляров]'><sic>экземп</sic><corr>экземпляров</corr></choice> оттисков и, ежели вы так обязательны, что вызываетесь помочь мне, то, будьте так добры, справьтесь, сколько напечатано экземпляров — и всего ли, или только того, что было напечатано в 1865 году. — Письменного условия не было, и сколько мне помнится, я словесно дал право напечатать только 500 <choice original_editorial_correction='экз[емпляров]'><sic>экз</sic><corr>экземпляров</corr></choice> того, что было напечатано [в] 1865 г. Интересно бы знать, так ли я помню.<note xml:id="note3" resp="volume_editor" index="false"> Роман «1805 год» был напечатан в журнале «Русский вестник», №№ 1—2 за 1865 г. и 2—4 за 1866 г. Одновременно в 1865 г. вышло отдельное издание (оттиск) романа, напечатанного в «Русском вестнике» этого же года, имевшее на титульном листе: «Тысяча восемьсот пятый год. Графа Л. Толстого». Москва. В университетской типографии, 1865 г., 167 стр. Цензурное разрешение 10 февраля 1865 г.</note></p>
<p rend="left">Жена и я благодарим вас за поздравленье. Дети наши и мы здоровы и веселы, чего и вам желаем, дружески кланяясь и всему вашему семейству.</p>
<p rend="right">Ваш гр. Л. Толстой.</p>
<p rend="left">28 июня.</p>
<comments><p rend="Textpetit_otstup left"><hi>1 </hi> <ref target="file:///Volume_61_D__K__Rixau_174.xml">См. письмо к Рихау, № 174</ref>.</p>
<p rend="petit left"><hi>2</hi> <ref target="file:///Volume_61_M__S__Bashilovu_165.xml">См. письмо № 165</ref>.</p>
<p rend="petit left"><hi>3</hi> Роман «1805 год» был напечатан в журнале «Русский вестник», №№ 1—2 за 1865 г. и 2—4 за 1866 г. Одновременно в 1865 г. вышло отдельное издание (оттиск) романа, напечатанного в «Русском вестнике» этого же года, имевшее на титульном листе: «Тысяча восемьсот пятый год. Графа Л. Толстого». Москва. В университетской типографии, 1865 г., 167 стр. Цензурное разрешение 10 февраля 1865 г.</p>
<p rend="petit left">В 1866 г. вышла другая книжка под тем же заглавием, заключавшая в себе две части (каждую с особой пагинацией), из которых первая, имевшая цензурную помету 11 июня 1866 г., являлась вторым изданием оттиска 1865 г., а вторая, с цензурным разрешением 12 марта 1866 г., была первым отдельным изданием (оттиском) части романа, напечатанного в трех книжках «Русского вестника» за 1866 г., и содержала в себе 130 стр.</p>
<p rend="left"><hi style="opnumber">144</hi> <hi style="npnumber">145</hi></p>
</comments></div></body>
        </text>
        </TEI>