<?xml version='1.0' encoding='UTF-8' standalone='no'?>

<TEI xmlns="http://www.tei-c.org/ns/1.0">
       <teiHeader>
          <fileDesc>
             <titleStmt>
                <title>Письмо №* 381. В. К. Истомину.</title>
             </titleStmt>
             <publicationStmt>
                <publisher>TolstoyLab</publisher>
                <date when="2015-09-14">14 September 2015</date>
             </publicationStmt>
             <sourceDesc>
                <biblStruct>
                   <analytic>
                      <author>Толстой Л.Н.</author>
                   </analytic>
                   <monogr>
                      <title level="m">Полное собрание сочинений. Том 62</title>
                      <imprint>
                         <pubPlace>Москва</pubPlace>
                         <publisher>Государственное издательство "Художественная литература"</publisher>
                         <date when="1953"/>
                      </imprint>
                   </monogr>
                   <series>
                      <title level="s">Л.Н. Толстой. Полное собрание сочинений</title>
                      <biblScope unit="vol">62</biblScope>
                   </series>
                </biblStruct>
             </sourceDesc>
          </fileDesc>
          <encodingDesc>
             <tagsDecl> </tagsDecl>
          </encodingDesc>
          <profileDesc>
             <correspDesc>
                <correspAction type="sending">
                   <persName ref="PersonList.xml#L_N_Tolstoy">Л. Н. Толстой</persName>
                   <placeName ref="PlacesListxml#PLACE">Я. П.</placeName>
                   <date when="1878-01-10">1878 г. Января 10.</date>            </correspAction>
                <correspAction type="receiving">
                   <persName ref="PersonList.xml#RECEIVER">Истомин Владимир Константинович</persName>
                </correspAction>
                <correspContext>
                   <ref type="prev"/>
                </correspContext>
             </correspDesc>
          </profileDesc>
       </teiHeader>
       <xenoData><number type="in a volume">381</number></xenoData>

              <text xml:id="V.K.Istominu_381">
	<body><div>
		<opener index="false">
* 381. В. К. Истомину.
1878 г. Января 10...15. Я. П.
</opener>
<p rend="Obrashenie left">Дорогой Владимир Константинович!</p>
<p rend="left">Письмо это передаст или перешлет вам Рис. Цель этого письма — просьба выслать ко мне Жерара<note xml:id="note1" resp="volume_editor" index="false">О переговорах с Жераром <ref target="file:///Volume_62_V.K.Istominu_377.xml">см. письмо № 377</ref>, прим. 1.</note> и передать ему деньги — хоть 75 р. — Чем скорее он выедет, тем лучше. Если ничто ему не попрепятствует, то пусть он выезжает с курьерским во вторник 17-го из Москвы. За ним будут высланы лошади в Тулу. Пусть спросит лошадей гр. Толстого, кучера Филипа.<note xml:id="note2" resp="volume_editor" index="false">Филипп Родионович Егоров (1839—1895) — бывший ямщик, кучер у Толстых, впоследствии управляющий в Ясной Поляне.</note> Деньги для него возьмите у Соловьева. Ради бога не сердитесь на меня за бесцеремонность. Дружески обнимаю вас и прошу передать наш поклон вашей жене. Скоро мне придется быть в Москве и увижу вас, чему очень радуюсь.<note xml:id="note3" resp="volume_editor" index="false">Толстой был в Москве 8—10 февраля и тогда же виделся с В. К. Истоминым. См. письмо его к С. А. Толстой от 9 февраля 1878 г. в т. 83.</note></p>
<p rend="right">Ваш Л. Толстой.</p>
<lb/>
<p rend="left">Если Жерар не может выехать во вторник, то пусть напишет на Козловку, когда за ним выслать.</p>
<comments><p rend="Textpetit_otstup left">Дата определяется содержанием.</p>
<p rend="Textpetit_otstup left"><hi>1 </hi>О переговорах с Жераром <ref target="file:///Volume_62_V.K.Istominu_377.xml">см. письмо № 377</ref>, прим. 1.</p>
<p rend="petit left"><hi>2 </hi>Филипп Родионович Егоров (1839—1895) — бывший ямщик, кучер у Толстых, впоследствии управляющий в Ясной Поляне.</p>
<p rend="petit left"><hi>3 </hi>Толстой был в Москве 8—10 февраля и тогда же виделся с В. К. Истоминым. См. письмо его к С. А. Толстой от 9 февраля 1878 г. в т. 83.</p>
<p rend="left emptyline"><hi style="opnumber">374</hi> <hi style="npnumber">375</hi></p>
</comments></div></body>
        </text>
        </TEI>