<?xml version='1.0' encoding='UTF-8' standalone='no'?>

<TEI xmlns="http://www.tei-c.org/ns/1.0">
       <teiHeader>
          <fileDesc>
             <titleStmt>
                <title>Письмо №224. С. А. Толстой</title>
             </titleStmt>
             <publicationStmt>
                <publisher>TolstoyLab</publisher>
                <date when="2015-09-14">14 September 2015</date>
             </publicationStmt>
             <sourceDesc>
                <biblStruct>
                   <analytic>
                      <author>Толстой Л.Н.</author>
                   </analytic>
                   <monogr>
                      <title level="m">Полное собрание сочинений. Том 83</title>
                      <imprint>
                         <pubPlace>Москва</pubPlace>
                         <publisher>Государственное издательство "Художественная литература"</publisher>
                         <date when="1938"/>
                      </imprint>
                   </monogr>
                   <series>
                      <title level="s">Л.Н. Толстой. Полное собрание сочинений</title>
                      <biblScope unit="vol">83</biblScope>
                   </series>
                </biblStruct>
				<bibl>Печатается по автографу, хранящемуся в АТБ. Впервые опубликовано по копии, сделанной С. А. Толстой, в ПЖ, стр. 181—182. Датируется на основании почтового штемпеля: «Моск. почт. центр. отд. 30 сентября 1882» и пометы Толстого «середа», которая падала на 29 сентября 1882 г.</bibl>
             </sourceDesc>
          </fileDesc>
          <encodingDesc>
             <tagsDecl> </tagsDecl>
          </encodingDesc>
          <profileDesc>
             <correspDesc>
                <correspAction type="sending">
                   <persName ref="PersonList.xml#L_N_Tolstoy">Л. Н. Толстой</persName>
                   <placeName ref="PlacesListxml#PLACE">Москва.</placeName>
                   <date when="1882-09-29">1882 г. Сентября 29.</date>            </correspAction>
                <correspAction type="receiving">
                   <persName ref="PersonList.xml#RECEIVER">Толстая Софья Андреевна</persName>
                </correspAction>
                <correspContext>
                   <ref type="prev"/>
                </correspContext>
             </correspDesc>
          </profileDesc>
       </teiHeader>
       <xenoData><number type="in a volume">224</number></xenoData>

       <text xml:id="a29_224">
	<body><div>
		<opener index="false">
224.
1882 г. Сентября 29. Москва.</opener>
<p rend="right"><hi>Середа 12-й <choice><reg>час</reg><orig>часъ</orig></choice> ночи.</hi></p>
<p rend="left">Нынче <choice><reg>потерял</reg><orig>потерялъ</orig></choice> большую половину дня. <choice><reg>Сейчас</reg><orig>Сейчасъ</orig></choice> только <choice><reg>приехал</reg><orig>прiѣхалъ</orig></choice> <choice><reg>из</reg><orig>изъ</orig></choice> Пушкина.<note xml:id="note1" resp="volume_editor" index="false"> Дачное место по Ярославской железной дороге, в 28 верстах от Москвы.</note> <choice><reg>Ездил</reg><orig>Ѣздилъ</orig></choice> <choice><reg>к</reg><orig>къ</orig></choice> <choice><reg>Пете</reg><orig>Петѣ</orig></choice>. <choice><reg>С</reg><orig>Съ</orig></choice> <choice><reg>2-х</reg><orig>2-хъ</orig></choice> <choice><reg>часов</reg><orig>часовъ</orig></choice> <choice><reg>пошел</reg><orig>пошелъ</orig></choice> <choice><reg>к</reg><orig>къ</orig></choice> Истомину<note xml:id="note2" resp="volume_editor" index="false"> Владимир Константинович Истомин.</note> узнать о <choice><reg>Пете</reg><orig>Петѣ</orig></choice>.<hi>3 </hi><choice><reg>Узнал</reg><orig>Узналъ</orig></choice>, что <choice><reg>он</reg><orig>онъ</orig></choice> на <choice><reg>даче</reg><orig>дачѣ</orig></choice>, здоровье его лучше, и <choice><reg>он</reg><orig>онъ</orig></choice> <choice><reg>назначен</reg><orig>назначенъ</orig></choice> <choice><reg>исправником</reg><orig>исправникомъ</orig></choice> <choice><reg>в</reg><orig>въ</orig></choice> <choice><reg>Звенигород</reg><orig>Звенигородъ</orig></choice>.<note xml:id="note3" resp="volume_editor" index="false"> Уездный город Московской губернии.</note> Я и <choice><reg>пошел</reg><orig>пошелъ</orig></choice> на Ярославскую дорогу; <choice><reg>дошел</reg><orig>дошелъ</orig></choice>, <choice><reg>сел</reg><orig>сѣлъ</orig></choice>, <choice><reg>приехал</reg><orig>прiѣхалъ</orig></choice>. Спрашиваю Берса; — только <choice><reg>уехал</reg><orig>уѣхалъ</orig></choice> <choice><reg>с</reg><orig>съ</orig></choice> <choice><reg>семейством</reg><orig>семействомъ</orig></choice> <choice><reg>в</reg><orig>въ</orig></choice> Москву. Мы <choice><reg>с</reg><orig>съ</orig></choice> <choice><reg>ним</reg><orig>нимъ</orig></choice> <choice><reg>разъехались</reg><orig>разъѣхались</orig></choice>. 4 часа надо ждать <choice><reg>поезда</reg><orig>поѣзда</orig></choice> <hi style="opdelimiter"><choice><reg>назад</reg><orig>назадъ</orig></choice>.</hi><hi style="opnumber">364</hi> <hi style="npnumber">365</hi><hi style="npdelimiter">Спрашиваю</hi> у <choice><reg>извощиков</reg><orig>извощиковъ</orig></choice>: кто <choice><reg>тут</reg><orig>тутъ</orig></choice> господа? <choice><reg>Мне</reg><orig>Мнѣ</orig></choice> <choice><reg>перечисляют</reg><orig>перечисляютъ</orig></choice>, и <choice><reg>под</reg><orig>подъ</orig></choice> <choice><reg>конец</reg><orig>конецъ</orig></choice> — генеральша Мансурова<note xml:id="note4" resp="volume_editor" index="false"> Мария Николаевна Мансурова (1831—1914), рожд. кж. Долгорукова, жена Бориса Павловича Мансурова (1828—1910). «Знакомая нам племянница Моск. ген.-губ. кн. В. А. Долгорукова. Дочери Мансуровой дружили с нашей Таней. Обе поступили в монастырь» (н. п. С. А.).</note> и <choice original_editorial_correction='Архитект[ор]'><sic>Архитект</sic><corr><choice><reg>Архитектор</reg><orig>Архитекторъ</orig></choice></corr></choice> <choice><reg>Каменский</reg><orig>Каменскiй</orig></choice>,<note xml:id="note5" resp="volume_editor" index="false"> В списке Московских архитекторов 1883 г., архитектора Каменского не значится.</note> <choice><reg>заведующий</reg><orig>завѣдующiй</orig></choice> <choice><reg>их</reg><orig>ихъ</orig></choice> <choice><reg>делами</reg><orig>дѣлами</orig></choice>, <choice><reg>тут</reg><orig>тутъ</orig></choice> же <choice><reg>едет</reg><orig>ѣдетъ</orig></choice> <choice><reg>к</reg><orig>къ</orig></choice> <choice><reg>ним</reg><orig>нимъ</orig></choice>. Я чуть было не <choice><reg>уехал</reg><orig>уѣхалъ</orig></choice> <choice><reg>к</reg><orig>къ</orig></choice> <choice><reg>ним</reg><orig>нимъ</orig></choice>; но и холодно, и нельзя иначе вернуться, <choice><reg>как</reg><orig>какъ</orig></choice> <choice><reg>переночевав</reg><orig>переночевавъ</orig></choice>. Я и <choice><reg>раздумал</reg><orig>раздумалъ</orig></choice>. <choice><reg>Поел</reg><orig>Поѣлъ</orig></choice> на <choice><reg>станции</reg><orig>станцiи</orig></choice> и у <choice><reg>станового</reg><orig>становаго</orig></choice>, <choice><reg>знакомого</reg><orig>знакомаго</orig></choice> Пети, <choice><reg>пил</reg><orig>пилъ</orig></choice> чай, и во <choice><reg>всем</reg><orig>всемъ</orig></choice> <choice><reg>этом</reg><orig>этомъ</orig></choice> fool’s errand<note xml:id="note6" resp="volume_editor" index="false"> [нелепая поездка]</note> <choice><reg>провел</reg><orig>провелъ</orig></choice> 10 <choice><reg>часов</reg><orig>часовъ</orig></choice>. — <choice><reg>Ехал</reg><orig>Ѣхалъ</orig></choice> я <choice><reg>к</reg><orig>къ</orig></choice> <choice><reg>Пете</reg><orig>Петѣ</orig></choice> узнать о <choice><reg>деньгах</reg><orig>деньгахъ</orig></choice> и <choice><reg>бумагах</reg><orig>бумагахъ</orig></choice> по дому. Завтра, <choice><reg>верно</reg><orig>вѣрно</orig></choice>, <choice><reg>он</reg><orig>онъ</orig></choice> <choice><reg>сам</reg><orig>самъ</orig></choice> <choice><reg>приедет</reg><orig>прiѣдетъ</orig></choice>. <choice><reg>Он</reg><orig>Онъ</orig></choice> <choice><reg>переехал</reg><orig>переѣхалъ</orig></choice>, <choice><reg>как</reg><orig>какъ</orig></choice> <choice><reg>мне</reg><orig>мнѣ</orig></choice> сказали, на <choice><reg>несколько</reg><orig>нѣсколько</orig></choice> дней до <choice><reg>отправления</reg><orig>отправленiя</orig></choice> на <choice><reg>место</reg><orig>мѣсто</orig></choice> <choice><reg>в</reg><orig>въ</orig></choice> номера. —</p>
<p rend="left">Здоровье мое <choice><reg>совсем</reg><orig>совсѣмъ</orig></choice> почти поправилось — поноса <choice><reg>нет</reg><orig>нѣтъ</orig></choice>, и <choice><reg>живот</reg><orig>животъ</orig></choice> не <choice><reg>болит</reg><orig>болитъ</orig></choice>, но гемороидальное <choice><reg>состояние</reg><orig>состоянiе</orig></choice>.</p>
<p rend="left">Теперь о <choice><reg>доме</reg><orig>домѣ</orig></choice> и <choice><reg>переезде</reg><orig>переѣздѣ</orig></choice>. Я <choice><reg>с</reg><orig>съ</orig></choice> болью <choice><reg>в</reg><orig>въ</orig></choice> <choice><reg>сердце</reg><orig>сердцѣ</orig></choice> и <choice><reg>страхом</reg><orig>страхомъ</orig></choice> телеграфирую <choice><reg>тебе</reg><orig>тебѣ</orig></choice> <choice><reg>приезжать</reg><orig>прiѣзжать</orig></choice> во <choice><reg>вторник</reg><orig>вторникъ</orig></choice>.<note xml:id="note7" resp="volume_editor" index="false"> 5 октября.</note> Раньше немыслимо. Все двигалось очень медленно, штукатурка не высохла и клеить нельзя еще наверху; а нельзя клеить, нельзя и начисто <choice><reg>отделывать</reg><orig>отдѣлывать</orig></choice> паркеты и другое, главное, не докрашены <choice><reg>коридор</reg><orig>коридоръ</orig></choice>, задняя <choice><reg>лестница</reg><orig>лѣстница</orig></choice> и <choice><reg>девичья</reg><orig>дѣвичья</orig></choice> — полы и не <choice><reg>высохнут</reg><orig>высохнутъ</orig></choice> раньше <choice><reg>понедельника</reg><orig>понедѣльника</orig></choice>. Я гоню, <choice><reg>как</reg><orig>какъ</orig></choice> могу, и изощряю <choice><reg>все</reg><orig>всѣ</orig></choice> силы ума, чтобы распростаться <choice><reg>с</reg><orig>съ</orig></choice> мебелью и не <choice><reg>помешать</reg><orig>помѣшать</orig></choice> <choice><reg>последней</reg><orig>послѣдней</orig></choice> <choice><reg>отделке</reg><orig>отдѣлкѣ</orig></choice>. Одна работа <choice><reg>портит</reg><orig>портитъ</orig></choice> другую: маляры — <choice><reg>паркет</reg><orig>паркетъ</orig></choice>, паркетчики <choice><reg>топчут</reg><orig>топчутъ</orig></choice> полы; потолки красить <choice><reg>портит</reg><orig>портитъ</orig></choice> обои и полы. А <choice><reg>тут</reg><orig>тутъ</orig></choice> еще мебель. <choice><reg>Так</reg><orig>Такъ</orig></choice> что очень сложно. Нынче все утро толковали <choice><reg>с</reg><orig>съ</orig></choice> <choice original_editorial_correction='архит[ектором]'><sic>архит</sic><corr><choice><reg>архитектором</reg><orig>архитекторомъ</orig></choice></corr></choice> и подрядчиками, и я <choice><reg>составил</reg><orig>составилъ</orig></choice> такой <choice><reg>план</reg><orig>планъ</orig></choice>, что, не <choice><reg>мешая</reg><orig>мѣшая</orig></choice> <choice><reg>работе</reg><orig>работѣ</orig></choice>, я буду <choice><reg>в</reg><orig>въ</orig></choice> состоянии принять тебя и <choice><reg>поместить</reg><orig>помѣстить</orig></choice> тепло и удобно во <choice><reg>вторник</reg><orig>вторникъ</orig></choice>. Бранить меня за медленность при <choice><reg>покупке</reg><orig>покупкѣ</orig></choice> дома излишне, <choice original_editorial_correction='пот[ому]'><sic>пот</sic><corr>потому</corr></choice> <choice original_editorial_correction='ч[то]'><sic>ч</sic><corr>что</corr></choice> я <choice><reg>сам</reg><orig>самъ</orig></choice> браню себя. Пожалуйста, будь снисходительна и добра.</p>
<p rend="left">Перилы <choice><reg>решили</reg><orig>рѣшили</orig></choice> поставить <choice><reg>вдвойне</reg><orig>вдвойнѣ</orig></choice>, и, кажется, <choice><reg>будет</reg><orig>будетъ</orig></choice> не уродливо и <choice><reg>совсем</reg><orig>совсѣмъ</orig></choice> безопасно. —</p>
<p rend="left"><choice><reg>Архитектор</reg><orig>Архитекторъ</orig></choice> <choice><reg>просит</reg><orig>проситъ</orig></choice> <choice><reg>денег</reg><orig>денегъ</orig></choice>, а <choice><reg>билет</reg><orig>билетъ</orig></choice><note xml:id="note8" resp="volume_editor" index="false"> Денежный именной билет в 12 000 рублей.</note> я <choice><reg>забыл</reg><orig>забылъ</orig></choice> у тебя взять. Пришли его. —</p>
<p rend="left">Лошадей подожди присылать. Надо управиться <choice><reg>в</reg><orig>въ</orig></choice> <choice><reg>доме</reg><orig>домѣ</orig></choice>, не прибавляя <choice><reg>забот</reg><orig>заботъ</orig></choice>. —</p>
<p rend="left">Мальчики здоровы. Илюша только — кашель и <choice><reg>насморк</reg><orig>насморкъ</orig></choice>. Олсуфьевы<note xml:id="note9" resp="volume_editor" index="false"> Дети Василия Александровича Олсуфьева.</note> очень были трудно больны. <choice><reg>Говорит</reg><orig>Говоритъ</orig></choice> <choice><reg>мисс</reg><orig>миссъ</orig></choice> <choice><reg>Оун</reg><orig>Оунъ</orig></choice>,<note xml:id="note10" resp="volume_editor" index="false"> Гувернантка Олсуфьевых.</note> что они <choice><reg>месяц</reg><orig>мѣсяцъ</orig></choice> не <choice><reg>встанут</reg><orig>встанутъ</orig></choice>, но теперь лучше. —</p>
<p rend="left">Прощай, душенька. <choice><reg>Целую</reg><orig>Цѣлую</orig></choice> тебя и <hi style="opdelimiter"><choice><reg>детей</reg><orig>дѣтей</orig></choice>.</hi><hi style="opnumber">365</hi></p>
<p rend="left"><hi style="npnumber">366</hi><hi style="npdelimiter">Мечта</hi> моя — поразить тебя <choice><reg>благоустройством</reg><orig>благоустройствомъ</orig></choice> дома — не удалась. Только о <choice><reg>том</reg><orig>томъ</orig></choice> боюсь, чтобы неурядица, которую ты застанешь, не слишком <choice><reg>неприятно</reg><orig>непрiятно</orig></choice> поразила тебя. <choice><reg>Разместиться</reg><orig>Размѣститься</orig></choice> тепло и сухо <choice><reg>будет</reg><orig>будетъ</orig></choice> <choice><reg>всем</reg><orig>всѣмъ</orig></choice> — это только <choice><reg>будет</reg><orig>будетъ</orig></choice>.</p>
<lb/>
<p rend="left"><hi>На конверте:</hi> Московско-Курская жел. дорога. <choice><reg>Станция</reg><orig>Станцiя</orig></choice> <choice><reg>Козловка-Засека</reg><orig>Козловка-Засѣка</orig></choice>. <choice><reg>Графине</reg><orig>Графинѣ</orig></choice> <choice><reg>Софье</reg><orig>Софьѣ</orig></choice> <choice><reg>Андревне</reg><orig>Андревнѣ</orig></choice> Толстой.</p>
<comments><p rend="Textpetit_otstup left">Печатается по автографу, хранящемуся в АТБ. Впервые опубликовано по копии, сделанной С. А. Толстой, в ПЖ, стр. 181—182. Датируется на основании почтового штемпеля: «Моск. почт. центр. отд. 30 сентября 1882» и пометы Толстого «середа», которая падала на 29 сентября 1882 г.</p>
<p rend="Textpetit_otstup left"><hi>1</hi> Дачное место по Ярославской железной дороге, в 28 верстах от Москвы.</p>
<p rend="petit left"><hi>2</hi> Владимир Константинович Истомин.</p>
<p rend="petit left"><hi>3</hi> Петр Андреевич Берс.</p>
<p rend="petit left"><hi>4</hi> Уездный город Московской губернии.</p>
<p rend="petit left"><hi>5</hi> Мария Николаевна Мансурова (1831—1914), рожд. кж. Долгорукова, жена Бориса Павловича Мансурова (1828—1910). «Знакомая нам племянница Моск. ген.-губ. кн. В. А. Долгорукова. Дочери Мансуровой дружили с нашей Таней. Обе поступили в монастырь» (н. п. С. А.).</p>
<p rend="petit left"><hi>6</hi> В списке Московских архитекторов 1883 г., архитектора Каменского не значится.</p>
<p rend="petit left"><hi>7</hi> [нелепая поездка]</p>
<p rend="petit left"><hi>8</hi> 5 октября.</p>
<p rend="petit left"><hi>9</hi> Денежный именной билет в 12 000 рублей.</p>
<p rend="petit left"><hi>10</hi> Дети Василия Александровича Олсуфьева.</p>
<p rend="petit left"><hi>11</hi> Гувернантка Олсуфьевых.</p>
</comments></div></body>
        </text>
        </TEI>