<?xml version='1.0' encoding='UTF-8' standalone='no'?>

<TEI xmlns="http://www.tei-c.org/ns/1.0">
       <teiHeader>
          <fileDesc>
             <titleStmt>
                <title>Письмо №127. С. А. Толстой</title>
             </titleStmt>
             <publicationStmt>
                <publisher>TolstoyLab</publisher>
                <date when="2015-09-14">14 September 2015</date>
             </publicationStmt>
             <sourceDesc>
                <biblStruct>
                   <analytic>
                      <author>Толстой Л.Н.</author>
                   </analytic>
                   <monogr>
                      <title level="m">Полное собрание сочинений. Том 83</title>
                      <imprint>
                         <pubPlace>Москва</pubPlace>
                         <publisher>Государственное издательство "Художественная литература"</publisher>
                         <date when="1938"/>
                      </imprint>
                   </monogr>
                   <series>
                      <title level="s">Л.Н. Толстой. Полное собрание сочинений</title>
                      <biblScope unit="vol">83</biblScope>
                   </series>
                </biblStruct>
				<bibl>Печатается по автографу, хранящемуся в АТБ. Впервые опубликовано по копии, сделанной С. А. Толстой, в ПЖ, стр. 110—111. Датируется на основании пометы Толстого на письме «26 вечером», а также согласно дневниковой записи С. А. Толстой под 25 августа 1877 г.; «Ездил в Оптину пустынь 26 июля и остался очень доволен мудростью, образованием и жизнью тамошних монахов старцев» (ДСТ. 1860—1891, М. 1928, стр. 39). В ПЖ отнесено к июню 1877 г.</bibl>
             </sourceDesc>
          </fileDesc>
          <encodingDesc>
             <tagsDecl> </tagsDecl>
          </encodingDesc>
          <profileDesc>
             <correspDesc>
                <correspAction type="sending">
                   <persName ref="PersonList.xml#L_N_Tolstoy">Л. Н. Толстой</persName>
                   <placeName ref="PlacesListxml#PLACE">Оптина пустынь.</placeName>
                   <date when="1877-07-26">1877 г. Июля 26.</date>            </correspAction>
                <correspAction type="receiving">
                   <persName ref="PersonList.xml#RECEIVER">Толстая Софья Андреевна</persName>
                </correspAction>
                <correspContext>
                   <ref type="prev"/>
                </correspContext>
             </correspDesc>
          </profileDesc>
       </teiHeader>
       <xenoData><number type="in a volume">127</number></xenoData>

       <text xml:id="a26_127">
	<body><div>
		<opener index="false">
127.
1877 г. Июля 26. Оптина пустынь.</opener>
<p rend="right">26 <choice><reg>вечером</reg><orig>вечеромъ</orig></choice>.</p>
<p rend="left">Пишу <choice><reg>тебе</reg><orig>тебѣ</orig></choice>, милый <choice><reg>друг</reg><orig>другъ</orig></choice>, <choice><reg>из</reg><orig>изъ</orig></choice> гостинницы Оптиной<note xml:id="note1" resp="volume_editor" index="false"> Оптина-Введенская-Макариева мужская пустынь Калужской губернии, Козельского уезда. По преданию основана в XIV веке разбойничьим атаманом Оптою. Монастырь был известен своими отшельниками-старцами, посещавшимися рядом русских писателей: Гоголем, Достоевским, Вл. Соловьевым. Толстой был в Оптиной пустыни пять раз: в 1877, 1881, 1890, 1896 гг. и в 1910 г. (О трех первых и последнем посещении — см. С. А. Толстая, «Четыре посещения Л. Н. Толстого монастыря Оптиной пустыни» — «Толстовский ежегодник 1913 г.», стр. 3—7). В 1877 г. Толстой путешествовал с Н. Н. Страховым. В своих воспоминаниях кн. А. Д. Оболенский так описывает приезд Толстого: «Он остановился в так называемой странноприимной гостиннице, всегда битком набитой разным народом и богомольцами, стекавшимися в монастырь со всех концов России» («Толстой. Памятники творчества и жизни». 3, М. 1923, стр. 29).</note> <choice><reg>после</reg><orig>послѣ</orig></choice> <choice><reg>4-х</reg><orig>4-хъ</orig></choice> часовой <hi style="opdelimiter">всенощной.</hi><hi style="opnumber">238</hi></p>
<p rend="left"><hi style="npnumber">239</hi><hi style="npdelimiter"><choice><reg>Приехали</reg><orig>Прiѣхали</orig></choice></hi> мы прекрасно благодаря Оболенскому.<note xml:id="note2" resp="volume_editor" index="false"> Кн. Дмитрий Александрович Оболенский (1822—1881), деятель эпохи реформ Александра II; сначала служил по судебному ведомству, затем в Морском министерстве, был директором Департамента таможенных сборов, исправляющим должность министра финансов и товарищем министра государственных имуществ, с 1872 г. состоял членом Государственного совета.</note> На <choice><reg>поезде</reg><orig>поѣздѣ</orig></choice> ждала <choice><reg>великолепная</reg><orig>великолѣпная</orig></choice> <choice><reg>четвероместная</reg><orig>четверомѣстная</orig></choice> коляска. Мы устали, но всетаки <choice><reg>приехали</reg><orig>прiѣхали</orig></choice> <choice><reg>в</reg><orig>въ</orig></choice> 3 часа ночи. <choice><reg>Утром</reg><orig>Утромъ</orig></choice> нынче явился <choice><reg>Дмитрий</reg><orig>Дмитрiй</orig></choice> <choice><reg>Оболенский</reg><orig>Оболенскiй</orig></choice> и <choice><reg>целое</reg><orig>цѣлое</orig></choice> утро <choice><reg>провел</reg><orig>провелъ</orig></choice> <choice><reg>с</reg><orig>съ</orig></choice> нами, отчасти <choice><reg>мешал</reg><orig>мѣшалъ</orig></choice>.<note xml:id="note3" resp="volume_editor" index="false"> А. Д. Оболенский описывает так: «Отец мой, знавший лично давно Льва Николаевича, решил его позвать к нам в гости. В это лето у <hi style="opdelimiter">нас</hi><hi style="opnumber">239</hi> <hi style="npnumber">240</hi><hi style="npdelimiter">гостило</hi> довольно много знакомых, в том числе был и Н. Г. Рубинштейн, так что мы могли угостить Толстого и хорошей музыкой. Мы все поехали в монастырь. Сперва и раньше старшие, как это и делалось обыкновенно, чтобы застать обедню, а мы, молодежь, не особенно прилежные богомольцы, попозже. Нас было довольно много, и мы, приехав в монастырь, целой гурьбой взошли в гостинницу, где уже сидели наши, вперед прибывшие, и разговаривали с Толстым. Наше появление нарушило, по-видимому, тихое и спокойное монастырское настроение» («Толстой. Памятники творчества и жизни», 3, стр. 30—31).</note> Насилу <choice><reg>отделался</reg><orig>отдѣлался</orig></choice>, чтобы не <choice><reg>ехать</reg><orig>ѣхать</orig></choice> <choice><reg>к</reg><orig>къ</orig></choice> нему нынче, но завтра <choice><reg>поеду</reg><orig>поѣду</orig></choice> <choice><reg>в</reg><orig>въ</orig></choice> 5 <choice><reg>часов</reg><orig>часовъ</orig></choice>, переночую и <choice><reg>выеду</reg><orig>выѣду</orig></choice> на <choice><reg>заре</reg><orig>зарѣ</orig></choice>, чтобы <choice><reg>поспеть</reg><orig>поспѣть</orig></choice> <choice><reg>в</reg><orig>въ</orig></choice> 12 <choice><reg>в</reg><orig>въ</orig></choice> Калугу, а <choice><reg>в</reg><orig>въ</orig></choice> 5 <choice><reg>в</reg><orig>въ</orig></choice> Тулу, куда и прошу прислать лошадей — <choice><reg>в</reg><orig>въ</orig></choice> 5 <choice><reg>часов</reg><orig>часовъ</orig></choice>, 28 го. Если не <choice><reg>приеду</reg><orig>прiѣду</orig></choice>, то пусть <choice><reg>выедут</reg><orig>выѣдутъ</orig></choice> <choice><reg>в</reg><orig>въ</orig></choice> <choice><reg>тот</reg><orig>тотъ</orig></choice> же день <choice><reg>в</reg><orig>въ</orig></choice> 11.</p>
<p rend="left">Могу проспать и опоздать. Я <choice><reg>здоров</reg><orig>здоровъ</orig></choice>, и <choice><reg>мне</reg><orig>мнѣ</orig></choice> очень <choice><reg>приятно</reg><orig>прiятно</orig></choice> — хорошо.</p>
<p rend="left">Ужасно <choice><reg>жалел</reg><orig>жалѣлъ</orig></choice>, что Саша<note xml:id="note4" resp="volume_editor" index="false"> А. М. Кузминский.</note> <choice><reg>с</reg><orig>съ</orig></choice> нами не <choice><reg>поехал</reg><orig>поѣхалъ</orig></choice>. Только дай <choice><reg>Бог</reg><orig>Богъ</orig></choice>, чтобы ты была здорова и ничто тебя не тревожило. До свиданья, душенька. —</p>
<comments><p rend="Textpetit_otstup left">Печатается по автографу, хранящемуся в АТБ. Впервые опубликовано по копии, сделанной С. А. Толстой, в ПЖ, стр. 110—111. Датируется на основании пометы Толстого на письме «26 вечером», а также согласно дневниковой записи С. А. Толстой под 25 августа 1877 г.; «Ездил в Оптину пустынь 26 июля и остался очень доволен мудростью, образованием и жизнью тамошних монахов старцев» (ДСТ. 1860—1891, М. 1928, стр. 39). В ПЖ отнесено к июню 1877 г.</p>
<p rend="Textpetit_otstup left"><hi>1</hi> Оптина-Введенская-Макариева мужская пустынь Калужской губернии, Козельского уезда. По преданию основана в XIV веке разбойничьим атаманом Оптою. Монастырь был известен своими отшельниками-старцами, посещавшимися рядом русских писателей: Гоголем, Достоевским, Вл. Соловьевым. Толстой был в Оптиной пустыни пять раз: в 1877, 1881, 1890, 1896 гг. и в 1910 г. (О трех первых и последнем посещении — см. С. А. Толстая, «Четыре посещения Л. Н. Толстого монастыря Оптиной пустыни» — «Толстовский ежегодник 1913 г.», стр. 3—7). В 1877 г. Толстой путешествовал с Н. Н. Страховым. В своих воспоминаниях кн. А. Д. Оболенский так описывает приезд Толстого: «Он остановился в так называемой странноприимной гостиннице, всегда битком набитой разным народом и богомольцами, стекавшимися в монастырь со всех концов России» («Толстой. Памятники творчества и жизни». 3, М. 1923, стр. 29).</p>
<p rend="petit left"><hi>2</hi> Кн. Дмитрий Александрович Оболенский (1822—1881), деятель эпохи реформ Александра II; сначала служил по судебному ведомству, затем в Морском министерстве, был директором Департамента таможенных сборов, исправляющим должность министра финансов и товарищем министра государственных имуществ, с 1872 г. состоял членом Государственного совета.</p>
<p rend="petit left"><hi>3</hi> А. Д. Оболенский описывает так: «Отец мой, знавший лично давно Льва Николаевича, решил его позвать к нам в гости. В это лето у <hi style="opdelimiter">нас</hi><hi style="opnumber">239</hi> <hi style="npnumber">240</hi><hi style="npdelimiter">гостило</hi> довольно много знакомых, в том числе был и Н. Г. Рубинштейн, так что мы могли угостить Толстого и хорошей музыкой. Мы все поехали в монастырь. Сперва и раньше старшие, как это и делалось обыкновенно, чтобы застать обедню, а мы, молодежь, не особенно прилежные богомольцы, попозже. Нас было довольно много, и мы, приехав в монастырь, целой гурьбой взошли в гостинницу, где уже сидели наши, вперед прибывшие, и разговаривали с Толстым. Наше появление нарушило, по-видимому, тихое и спокойное монастырское настроение» («Толстой. Памятники творчества и жизни», 3, стр. 30—31).</p>
<p rend="petit left"><hi>4</hi> А. М. Кузминский.</p>
</comments></div></body>
        </text>
        </TEI>