<?xml version='1.0' encoding='UTF-8' standalone='no'?>

<TEI xmlns="http://www.tei-c.org/ns/1.0">
       <teiHeader>
          <fileDesc>
             <titleStmt>
                <title>Письмо №147 С. А. Толстой</title>
             </titleStmt>
             <publicationStmt>
                <publisher>TolstoyLab</publisher>
                <date when="2015-09-14">14 September 2015</date>
             </publicationStmt>
             <sourceDesc>
                <biblStruct>
                   <analytic>
                      <author>Толстой Л.Н.</author>
                   </analytic>
                   <monogr>
                      <title level="m">Полное собрание сочинений. Том 83</title>
                      <imprint>
                         <pubPlace>Москва</pubPlace>
                         <publisher>Государственное издательство "Художественная литература"</publisher>
                         <date when="1938"/>
                      </imprint>
                   </monogr>
                   <series>
                      <title level="s">Л.Н. Толстой. Полное собрание сочинений</title>
                      <biblScope unit="vol">83</biblScope>
                   </series>
                </biblStruct>
				<bibl>Печатается по автографу, хранящемуся в АТБ. Впервые опубликовано по копии, сделанной С. А. Толстой, в ПЖ, стр. 123. Датируется на основании первых строк письма.</bibl>
             </sourceDesc>
          </fileDesc>
          <encodingDesc>
             <tagsDecl> </tagsDecl>
          </encodingDesc>
          <profileDesc>
             <correspDesc>
                <correspAction type="sending">
                   <persName ref="PersonList.xml#L_N_Tolstoy">Л. Н. Толстой</persName>
                   <placeName ref="PlacesListxml#PLACE">Хутор на Моче.</placeName>
                   <date when="1878-06-25">1878 г. Июня 25?</date>            </correspAction>
                <correspAction type="receiving">
                   <persName ref="PersonList.xml#RECEIVER">Толстая Софья Андреевна</persName>
                </correspAction>
                <correspContext>
                   <ref type="prev"/>
                </correspContext>
             </correspDesc>
          </profileDesc>
       </teiHeader>
       <xenoData><number type="in a volume">147</number></xenoData>

       <text xml:id="a25_147">
	<body><div>
		<opener index="false">
147.
1878 г. Июня 25? Хутор на Моче.</opener>
<p rend="left">Описать <choice><reg>тебе</reg><orig>тебѣ</orig></choice> всю путаницу, происшедшую <choice><reg>с</reg><orig>съ</orig></choice> телеграммой, <choice><reg>слишком</reg><orig>слишкомъ</orig></choice> долго; но <choice><reg>дело</reg><orig>дѣло</orig></choice> <choice><reg>в</reg><orig>въ</orig></choice> <choice><reg>том</reg><orig>томъ</orig></choice>, что, не получая <choice><reg>ответа</reg><orig>отвѣта</orig></choice> и боясь, чтобы ты не <choice><reg>приехала</reg><orig>прiѣхала</orig></choice> 25-го, а кареты не <choice><reg>будет</reg><orig>будетъ</orig></choice>, и боясь оставить <choice><reg>детей</reg><orig>дѣтей</orig></choice> (я всего боюсь), я <choice><reg>поехал</reg><orig>поѣхалъ</orig></choice> <choice><reg>к</reg><orig>къ</orig></choice> <choice><reg>тебе</reg><orig>тебѣ</orig></choice> <choice><reg>навстречу</reg><orig>навстрѣчу</orig></choice> со <choice><reg>всеми</reg><orig>всѣми</orig></choice>, но на <choice><reg>половине</reg><orig>половинѣ</orig></choice> дороги узнали, что есть телеграмма, и что <choice><reg>в</reg><orig>въ</orig></choice> ней сказано, что ты велишь прислать лошадей, и <choice><reg>решил</reg><orig>рѣшилъ</orig></choice> вернуться, а карету послать <choice><reg>тебе</reg><orig>тебѣ</orig></choice>. Лошади хороши и смирны, Лутай <choice><reg>правит</reg><orig>правитъ</orig></choice> ловко, но <choice><reg>под</reg><orig>подъ</orig></choice> гору <choice><reg>в</reg><orig>въ</orig></choice> <choice><reg>Богатом</reg><orig>Богатомъ</orig></choice> выдь и вели тормозить. Больше <choice><reg>гор</reg><orig>горъ</orig></choice> не <choice><reg>будет</reg><orig>будетъ</orig></choice>. <choice><reg>В</reg><orig>Въ</orig></choice> Землянки буду <choice><reg>выезжать</reg><orig>выѣзжать</orig></choice> <choice><reg>встречать</reg><orig>встрѣчать</orig></choice> тебя. <choice><reg>Советую</reg><orig>Совѣтую</orig></choice> во <choice><reg>всяком</reg><orig>всякомъ</orig></choice> <choice><reg>случае</reg><orig>случаѣ</orig></choice> попоить <choice><reg>в</reg><orig>въ</orig></choice> <choice><reg>хуторах</reg><orig>хуторахъ</orig></choice> и <choice><reg>ехать</reg><orig>ѣхать</orig></choice> прямо до хутора. <choice><reg>Приедешь</reg><orig>Прiѣдешь</orig></choice> <choice><reg>часов</reg><orig>часовъ</orig></choice> <choice><reg>в</reg><orig>въ</orig></choice> 11. Мы здоровы и благополучны, что вы, милые, о <choice original_editorial_correction='кот[орых]'><sic>кот</sic><corr><choice><reg>которых</reg><orig>которыхъ</orig></choice></corr></choice> не <choice><reg>имею</reg><orig>имѣю</orig></choice> <choice><reg>известия</reg><orig>извѣстiя</orig></choice> и очень тоскую и <choice><reg>беспокоюсь</reg><orig>безпокоюсь</orig></choice>. У <choice><reg>нас</reg><orig>насъ</orig></choice> все бы хорошо, но мухи. — <choice><reg>Может</reg><orig>Можетъ</orig></choice> быть, <choice original_editorial_correction='Ал[ексей]'><sic>Ал</sic><corr><choice><reg>Алексей</reg><orig>Алексѣй</orig></choice></corr></choice> <choice original_editorial_correction='Ал[ексеевич]'><sic>Ал</sic><corr><choice><reg>Алексеевич</reg><orig>Алексѣевичъ</orig></choice></corr></choice><note xml:id="note1" resp="volume_editor" index="false"> А. А. Бибиков.</note> <choice><reg>увидит</reg><orig>увидитъ</orig></choice> тебя, a <choice><reg>нет</reg><orig>нѣтъ</orig></choice>, то подряди <choice><reg>тарантасик</reg><orig>тарантасикъ</orig></choice> и <choice><reg>рыдван</reg><orig>рыдванъ</orig></choice> для вещей и <choice><reg>человека</reg><orig>человѣка</orig></choice>. Если мало, то <choice><reg>подрядим</reg><orig>подрядимъ</orig></choice> два. Я велю приторговать. До свиданья, милая.<note xml:id="note2" resp="volume_editor" index="false"> Вместо подписи росчерк.</note> —</p>
<lb/>
<p rend="left"><hi>На четвертой странице:</hi> Е. С. <choice><reg>Графине</reg><orig>Графинѣ</orig></choice> <choice><reg>Софье</reg><orig>Софьѣ</orig></choice> <choice><reg>Андревне</reg><orig>Андревнѣ</orig></choice> Толстой.</p>
<comments><p rend="Textpetit_otstup left">Печатается по автографу, хранящемуся в АТБ. Впервые опубликовано по копии, сделанной С. А. Толстой, в ПЖ, стр. 123. Датируется на основании первых строк письма.</p>
<p rend="Textpetit_otstup left"><hi>1</hi> А. А. Бибиков.</p>
<p rend="petit left"><hi>2</hi> Вместо подписи росчерк.</p>
</comments></div></body>
        </text>
        </TEI>