<?xml version='1.0' encoding='UTF-8' standalone='no'?>

<TEI xmlns="http://www.tei-c.org/ns/1.0">
       <teiHeader>
          <fileDesc>
             <titleStmt>
                <title>Письмо №264. С. А. Толстой</title>
             </titleStmt>
             <publicationStmt>
                <publisher>TolstoyLab</publisher>
                <date when="2015-09-14">14 September 2015</date>
             </publicationStmt>
             <sourceDesc>
                <biblStruct>
                   <analytic>
                      <author>Толстой Л.Н.</author>
                   </analytic>
                   <monogr>
                      <title level="m">Полное собрание сочинений. Том 83</title>
                      <imprint>
                         <pubPlace>Москва</pubPlace>
                         <publisher>Государственное издательство "Художественная литература"</publisher>
                         <date when="1938"/>
                      </imprint>
                   </monogr>
                   <series>
                      <title level="s">Л.Н. Толстой. Полное собрание сочинений</title>
                      <biblScope unit="vol">83</biblScope>
                   </series>
                </biblStruct>
				<bibl>Печатается по автографу, находящемуся в АТБ. Впервые опубликовано по копии, сделанной С. А. Толстой, в ПЖ, стр. 216—217. Датируется на основании почтовых штемпелей: «Почтовый вагон. 4 февраля. 1884; Москва. 4 февраля 1884».</bibl>
             </sourceDesc>
          </fileDesc>
          <encodingDesc>
             <tagsDecl> </tagsDecl>
          </encodingDesc>
          <profileDesc>
             <correspDesc>
                <correspAction type="sending">
                   <persName ref="PersonList.xml#L_N_Tolstoy">Л. Н. Толстой</persName>
                   <placeName ref="PlacesListxml#PLACE">Я. П.</placeName>
                   <date when="1884-02-03">1884 г. Февраля 3.</date>            </correspAction>
                <correspAction type="receiving">
                   <persName ref="PersonList.xml#RECEIVER">Толстая Софья Андреевна</persName>
                </correspAction>
                <correspContext>
                   <ref type="prev"/>
                </correspContext>
             </correspDesc>
          </profileDesc>
       </teiHeader>
       <xenoData><number type="in a volume">264</number></xenoData>

       <text xml:id="a3_264">
	<body><div>
		<opener index="false">
264.
1884 г. Февраля 3. Я. П.</opener>
<p rend="left"><choice><reg>Здоров</reg><orig>Здоровъ</orig></choice> и <choice><reg>сонен</reg><orig>соненъ</orig></choice>. Читаю Montaigne, хожу на <choice><reg>лыжах</reg><orig>лыжахъ</orig></choice> понапрасну, но очень устаю, шью башмаки и думаю, и стараюсь никого не <choice><reg>обидеть</reg><orig>обидѣть</orig></choice>. Полезное <choice><reg>сделать</reg><orig>сдѣлать</orig></choice> <choice><reg>другим</reg><orig>другимъ</orig></choice> даже не стараюсь, — <choice><reg>так</reg><orig>такъ</orig></choice> это невозможно трудно. Нынче много <choice><reg>работал</reg><orig>работалъ</orig></choice> (башмаки) и <choice><reg>был</reg><orig>былъ</orig></choice> <choice><reg>в</reg><orig>въ</orig></choice> <choice><reg>бане</reg><orig>банѣ</orig></choice> и очень <choice><reg>устал</reg><orig>усталъ</orig></choice>. <choice><reg>К</reg><orig>Къ</orig></choice> Бибикову не <choice><reg>ездил</reg><orig>ѣздилъ</orig></choice>, завтра <choice><reg>утром</reg><orig>утромъ</orig></choice> <choice><reg>поеду</reg><orig>поѣду</orig></choice>, и если застану Сережу, то <choice><reg>с</reg><orig>съ</orig></choice> <choice><reg>ним</reg><orig>нимъ</orig></choice> напишу или скажу, что придется. А теперь прощай, <choice><reg>целую</reg><orig>цѣлую</orig></choice> тебя и <choice><reg>детей</reg><orig>дѣтей</orig></choice>. Очень у меня выросло брюхо, и я <choice><reg>стал</reg><orig>сталъ</orig></choice> очень <choice><reg>стар</reg><orig>старъ</orig></choice> и <choice><reg>слаб</reg><orig>слабъ</orig></choice>. <choice><reg>Тут</reg><orig>Тутъ</orig></choice> худого <choice><reg>нет</reg><orig>нѣтъ</orig></choice>, но это новое.</p>
<lb/>
<p rend="left"><hi>На конверте:</hi> Москва. Хамовники. <choice><reg>Графине</reg><orig>Графинѣ</orig></choice> <choice><reg>Софье</reg><orig>Софьѣ</orig></choice> <choice><reg>Андревне</reg><orig>Андревнѣ</orig></choice> Толстой. Собственный <choice><reg>дом</reg><orig>домъ</orig></choice>.</p>
<comments><p rend="Textpetit_otstup left">Печатается по автографу, находящемуся в АТБ. Впервые опубликовано по копии, сделанной С. А. Толстой, в ПЖ, стр. 216—217. Датируется на основании почтовых штемпелей: «Почтовый вагон. 4 февраля. 1884; Москва. 4 февраля 1884».</p>
<p rend="petit left">С. А. Толстая писала в ответ 4 февраля: «Хорошо, что ты здоров, хотя ты и жалуешься на старость, но я знаю, что это упадок слишком долго возбужденных нерв, и что это даже лучше, пожалуй» (не опубликовано).</p>
</comments></div></body>
        </text>
        </TEI>