<?xml version='1.0' encoding='UTF-8' standalone='no'?>

<TEI xmlns="http://www.tei-c.org/ns/1.0">
       <teiHeader>
          <fileDesc>
             <titleStmt>
                <title>Письмо №145. С. А. Толстой</title>
             </titleStmt>
             <publicationStmt>
                <publisher>TolstoyLab</publisher>
                <date when="2015-09-14">14 September 2015</date>
             </publicationStmt>
             <sourceDesc>
                <biblStruct>
                   <analytic>
                      <author>Толстой Л.Н.</author>
                   </analytic>
                   <monogr>
                      <title level="m">Полное собрание сочинений. Том 83</title>
                      <imprint>
                         <pubPlace>Москва</pubPlace>
                         <publisher>Государственное издательство "Художественная литература"</publisher>
                         <date when="1938"/>
                      </imprint>
                   </monogr>
                   <series>
                      <title level="s">Л.Н. Толстой. Полное собрание сочинений</title>
                      <biblScope unit="vol">83</biblScope>
                   </series>
                </biblStruct>
				<bibl>Печатается по автографу, хранящемуся в АТБ. Впервые отрывок из письма опубликован в Б, II, стр. 330. Полностью письмо впервые <hi style="opdelimiter">опубликовано</hi><hi style="opnumber">262</hi> <hi style="npnumber">263</hi><hi style="npdelimiter">по</hi> копии, сделанной С. А. Толстой, в ПЖ, стр. 121—123. Датируется на основании предшествующего письма, устанавливающего день приезда в Самару — 16 июня, а также на основании слов письма Ильи Львовича, писавшего одновременно с Толстым, в котором он пишет: «мы вчера приехали на хутор»; по содержанию же письма Толстого видно, что ночь с 16 на 17 была проведена в деревне «Землянки».</bibl>
             </sourceDesc>
          </fileDesc>
          <encodingDesc>
             <tagsDecl> </tagsDecl>
          </encodingDesc>
          <profileDesc>
             <correspDesc>
                <correspAction type="sending">
                   <persName ref="PersonList.xml#L_N_Tolstoy">Л. Н. Толстой</persName>
                   <placeName ref="PlacesListxml#PLACE">Хутор на Моче.</placeName>
                   <date when="1878-06-18">1878 г. Июня 18.</date>            </correspAction>
                <correspAction type="receiving">
                   <persName ref="PersonList.xml#RECEIVER">Толстая Софья Андреевна</persName>
                </correspAction>
                <correspContext>
                   <ref type="prev"/>
                </correspContext>
             </correspDesc>
          </profileDesc>
       </teiHeader>
       <xenoData><number type="in a volume">145</number></xenoData>

       <text xml:id="a18_145">
	<body><div>
		<opener index="false">
145.
1878 г. Июня 18. Хутор на Моче.</opener>
<p rend="left">Посылаю два <choice><reg>хорошия</reg><orig>хорошiя</orig></choice> письма <choice><reg>мальчиков</reg><orig>мальчиковъ</orig></choice>. Они писали <choice><reg>их</reg><orig>ихъ</orig></choice> весело и <choice><reg>с</reg><orig>съ</orig></choice> охотой. <choice><reg>От</reg><orig>Отъ</orig></choice> усталости были они и <choice><reg>неприятны</reg><orig>непрiятны</orig></choice>, но теперь спокойны, веселы и милы. Начну <choice><reg>с</reg><orig>съ</orig></choice> начала, <choice><reg>с</reg><orig>съ</orig></choice> <hi style="opdelimiter">того</hi><hi style="opnumber">260</hi> <hi style="npnumber">261</hi><hi style="npdelimiter">времени,</hi> <choice><reg>как</reg><orig>какъ</orig></choice> я <choice><reg>написал</reg><orig>написалъ</orig></choice> <choice><reg>последнее</reg><orig>послѣднее</orig></choice> письмо, <choice><reg>с</reg><orig>съ</orig></choice> парохода, <choice><reg>подъезжая</reg><orig>подъѣзжая</orig></choice> <choice><reg>к</reg><orig>къ</orig></choice> <choice><reg>Самаре</reg><orig>Самарѣ</orig></choice>. Вышли <choice><reg>в</reg><orig>въ</orig></choice> <choice><reg>8-м</reg><orig>8-мъ</orig></choice> часу на <choice><reg>берег</reg><orig>берегъ</orig></choice>, наняли <choice><reg>извощиков</reg><orig>извощиковъ</orig></choice> и <choice><reg>поехали</reg><orig>поѣхали</orig></choice> покупать <choice><reg>провизию</reg><orig>провизiю</orig></choice>. Все <choice><reg>сделали</reg><orig>сдѣлали</orig></choice> и не торопясь попали на машину. Она <choice><reg>отходит</reg><orig>отходитъ</orig></choice> <choice><reg>в</reg><orig>въ</orig></choice> 50 <choice><reg>минут</reg><orig>минутъ</orig></choice> 10-го.</p>
<p rend="left"><choice><reg>Сели</reg><orig>Сѣли</orig></choice> <choice><reg>в</reg><orig>въ</orig></choice> 3-й <choice><reg>клас</reg><orig>класъ</orig></choice>. Просторно и хорошо <choice><reg>доехали</reg><orig>доѣхали</orig></choice> <choice><reg>в</reg><orig>въ</orig></choice> 2 часа на <choice><reg>станцию</reg><orig>станцiю</orig></choice> Богатово. И <choice><reg>тут</reg><orig>тутъ</orig></choice> же <choice><reg>нас</reg><orig>насъ</orig></choice> <choice><reg>встретил</reg><orig>встрѣтилъ</orig></choice> Лутай<note xml:id="note1" resp="volume_editor" index="false"> «Башкирец, лихой кучер» (н. п. С. А.).</note> и карета. Карета очень <choice><reg>постарела</reg><orig>постарѣла</orig></choice>, но всетаки <choice><reg>крепка</reg><orig>крѣпка</orig></choice> и удобна. <choice><reg>Выехали</reg><orig>Выѣхали</orig></choice> <choice><reg>в</reg><orig>въ</orig></choice> 3. Чередовались на <choice><reg>лучшем</reg><orig>лучшемъ</orig></choice> <choice><reg>месте</reg><orig>мѣстѣ</orig></choice>, на <choice><reg>козлах</reg><orig>козлахъ</orig></choice>, и <choice><reg>доехали</reg><orig>доѣхали</orig></choice> легко <choice><reg>в</reg><orig>въ</orig></choice> <choice><reg>9-м</reg><orig>9-мъ</orig></choice> часу, <choice><reg>совсем</reg><orig>совсѣмъ</orig></choice> <choice><reg>светло</reg><orig>свѣтло</orig></choice>, <choice><reg>в</reg><orig>въ</orig></choice> Землянки.<note xml:id="note2" resp="volume_editor" index="false"> Село в 57 верстах от Бузулука и в 15 верстах от имения Толстых.</note> Если бы была лунная ночь, можно бы было <choice><reg>доехать</reg><orig>доѣхать</orig></choice> до хутора раньше 12-ти. Но, не зная, <choice><reg>как</reg><orig>какъ</orig></choice> устроено, и потому что темно, <choice><reg>решил</reg><orig>рѣшилъ</orig></choice> ночевать у <choice><reg>гостеприимного</reg><orig>гостепрiимнаго</orig></choice> Трускова. Ночевали <choice><reg>все</reg><orig>всѣ</orig></choice> <choice><reg>рядом</reg><orig>рядомъ</orig></choice>, <choice><reg>в</reg><orig>въ</orig></choice> <choice><reg>амбаре</reg><orig>амбарѣ</orig></choice>, и Mr. Nief и Леля страдали <choice><reg>от</reg><orig>отъ</orig></choice> <choice><reg>блох</reg><orig>блохъ</orig></choice>, но Леля во <choice><reg>сне</reg><orig>снѣ</orig></choice> чесался и меня <choice><reg>брыкал</reg><orig>брыкалъ</orig></choice>. <choice><reg>Утром</reg><orig>Утромъ</orig></choice> <choice><reg>приехали</reg><orig>прiѣхали</orig></choice>; я <choice><reg>зашел</reg><orig>зашелъ</orig></choice> прямо <choice><reg>к</reg><orig>къ</orig></choice> <choice><reg>Мухамедше</reg><orig>Мухамедшѣ</orig></choice>,<note xml:id="note3" resp="volume_editor" index="false"> Мухамет (Романыч) Рахметуллин, башкирин деревни Муратшиной Имелеевской волости. Свыше восьми лет приготовлял кумыс вблизи хутора Толстого. «Мухамедша — старый знакомый башкирец, приехавший с семьей, кибиткой и кумысом и лошадьми на наш хутор по нашему приглашению» (п. С. А). См. также о нем Илья Толстой, «Мои воспоминания». М. 1914, стр. 53.</note> который и <choice><reg>здесь</reg><orig>здѣсь</orig></choice> <choice><reg>поместился</reg><orig>помѣстился</orig></choice> на <choice><reg>отлете</reg><orig>отлетѣ</orig></choice>. Его <choice><reg>хотят</reg><orig>хотятъ</orig></choice> женить, и <choice><reg>он</reg><orig>онъ</orig></choice> <choice><reg>советовался</reg><orig>совѣтовался</orig></choice> <choice><reg>об</reg><orig>объ</orig></choice> <choice><reg>этом</reg><orig>этомъ</orig></choice> вчера со мною. <choice><reg>Потом</reg><orig>Потомъ</orig></choice> <choice><reg>пошел</reg><orig>пошелъ</orig></choice> <choice><reg>в</reg><orig>въ</orig></choice> <choice><reg>дом</reg><orig>домъ</orig></choice> и, <choice><reg>распределяя</reg><orig>распредѣляя</orig></choice> комнаты, <choice><reg>нашел</reg><orig>нашелъ</orig></choice>, что <choice><reg>будут</reg><orig>будутъ</orig></choice> даже <choice><reg>лишния</reg><orig>лишнiя</orig></choice>. Хотя, если ты <choice><reg>решишься</reg><orig>рѣшишься</orig></choice> <choice><reg>ехать</reg><orig>ѣхать</orig></choice> по <choice><reg>телеграмме</reg><orig>телеграммѣ</orig></choice>, которую я нынче посылаю, ты и не застанешь письма, посылаю <choice><reg>тебе</reg><orig>тебѣ</orig></choice> всетаки <choice><reg>план</reg><orig>планъ</orig></choice> и <choice><reg>описание</reg><orig>описанiе</orig></choice>.</p>
<lb/>
<div rend="image"><figure><graphic url="./img/b00002448.png"/></figure></div>
<p rend="left"><choice><reg>Вот</reg><orig>Вотъ</orig></choice> <choice><reg>план</reg><orig>планъ</orig></choice> дома<note xml:id="note4" resp="volume_editor" index="false"> Вновь купленного хутора Бистрома.</note> и мой <choice><reg>план</reg><orig>планъ</orig></choice>, <choice><reg>как</reg><orig>какъ</orig></choice> <choice><reg>поместиться</reg><orig>помѣститься</orig></choice>. Я много <choice><reg>обдумывал</reg><orig>обдумывалъ</orig></choice>, и это самое лучшее. И <choice><reg>так</reg><orig>такъ</orig></choice> я устрою, если получу твою телеграмму, что ты <choice><reg>едешь</reg><orig>ѣдешь</orig></choice>. Довольно чисто и <choice><reg>более</reg><orig>болѣе</orig></choice> тепло; <choice><reg>пол</reg><orig>полъ</orig></choice> <choice><reg>светится</reg><orig>свѣтится</orig></choice> только кое <choice><reg>где</reg><orig>гдѣ</orig></choice>, и то я велю <choice><reg>заделать</reg><orig>задѣлать</orig></choice>, и есть печи даже. Одна <choice><reg>в</reg><orig>въ</orig></choice> <choice><reg>конторе</reg><orig>конторѣ</orig></choice>, одна <choice><reg>в</reg><orig>въ</orig></choice> <choice><reg>доме</reg><orig>домѣ</orig></choice>. Лозинки есть около <choice><reg>самого</reg><orig>самаго</orig></choice> дома и <choice><reg>жалкие</reg><orig>жалкiе</orig></choice> кустики крыжовнику, и <hi style="opdelimiter">вода</hi><hi style="opnumber">261</hi> <hi style="npnumber">262</hi><hi style="npdelimiter"><choice><reg>перед</reg><orig>передъ</orig></choice></hi> <choice><reg>домом</reg><orig>домомъ</orig></choice>, одно нехорошо, что <choice><reg>тут</reg><orig>тутъ</orig></choice> тоже на <choice><reg>хуторе</reg><orig>хуторѣ</orig></choice> <choice><reg>навоз</reg><orig>навозъ</orig></choice> и <choice><reg>мух</reg><orig>мухъ</orig></choice> бездна; не <choice><reg>дают</reg><orig>даютъ</orig></choice> ни <choice><reg>обедать</reg><orig>обѣдать</orig></choice>, ни чай пить, ни заниматься, <choice><reg>кроме</reg><orig>кромѣ</orig></choice> <choice><reg>как</reg><orig>какъ</orig></choice> по <choice><reg>вечерам</reg><orig>вечерамъ</orig></choice>.<note xml:id="note5" resp="volume_editor" index="false"> В том же письме Лев Львович писал матери: «тут очень хорошо, только очень больше чем всегда мух и нельзя обедать от них».</note></p>
<p rend="left">Я пью <choice><reg>кумыс</reg><orig>кумысъ</orig></choice>, не скажу, чтобы <choice><reg>с</reg><orig>съ</orig></choice> особенной охотой, но по <choice><reg>привычке</reg><orig>привычкѣ</orig></choice>; и <choice><reg>особенного</reg><orig>особеннаго</orig></choice> <choice><reg>желания</reg><orig>желанiя</orig></choice> прожить <choice><reg>здесь</reg><orig>здѣсь</orig></choice> <choice><reg>лето</reg><orig>лѣто</orig></choice> не <choice><reg>имею</reg><orig>имѣю</orig></choice>. Mr. Nief <choice><reg>приуныл</reg><orig>прiунылъ</orig></choice>, ему видимо не нравится. Хорошо то, что лошадей много, и линейку <choice><reg>сделал</reg><orig>сдѣлалъ</orig></choice> <choice><reg>Бибиков</reg><orig>Бибиковъ</orig></choice><note xml:id="note6" resp="volume_editor" index="false"> Алексей Алексеевич Бибиков (1837—1914), сын сенатора. Помещик Чернского уезда Тульской губернии. Окончил физико-математический факультет. В 1866 г. привлекался по делу Каракозова; после тюремного заключения был в ссылке, после чего в 1871 г. жил в своем имении Тульской губернии под надзором полиции. Поклонник Писарева. В 1870-х гг. отдал свою землю крестьянам, оставив себе несколько десятин, женился на крестьянке. С 1878 г. по 1884 г. был управляющим Самарского имения Толстого, после чего поселился невдалеке от хутора на арендованной казенной земле. В 1883 г. против него было вновь возбуждено дело, и он подвергся ряду обысков. См. о нем: Пругавин, «О Льве Толстом и Толстовцах» М. 1911; Дунин, «Граф Л. Н. Толстой и Толстовцы в Самарской губернии» («Русская мысль» 1912, № 11); Е. Лазарев, «Моя жизнь», Прага 1935, стр. 142—143.</note> прекрасную: 9 <choice><reg>человек</reg><orig>человѣкъ</orig></choice> легко <choice><reg>сядут</reg><orig>сядутъ</orig></choice>, и низко, и безопасно. И если ты <choice><reg>приедешь</reg><orig>прiѣдешь</orig></choice>, то каждый день <choice><reg>после</reg><orig>послѣ</orig></choice> <choice><reg>обеда</reg><orig>обѣда</orig></choice>, я мечтаю, что мы <choice><reg>будем</reg><orig>будемъ</orig></choice> <choice><reg>делать</reg><orig>дѣлать</orig></choice> <choice><reg>экскурсии</reg><orig>экскурсiи</orig></choice>, кто <choice><reg>верхом</reg><orig>верхомъ</orig></choice>, кто <choice><reg>в</reg><orig>въ</orig></choice> <choice><reg>линейке</reg><orig>линейкѣ</orig></choice>.</p>
<p rend="left"><choice><reg>Бибиков</reg><orig>Бибиковъ</orig></choice> <choice><reg>ведет</reg><orig>ведетъ</orig></choice> <choice><reg>дело</reg><orig>дѣло</orig></choice> прекрасно. <choice><reg>Денег</reg><orig>Денегъ</orig></choice> на уборку ему не нужно <choice><reg>будет</reg><orig>будетъ</orig></choice>. Есть бахчи. Лошади очень хороши. Пшеница у <choice><reg>нас</reg><orig>насъ</orig></choice> очень хороша. Гораздо лучше, <choice><reg>чем</reg><orig>чѣмъ</orig></choice> я <choice><reg>ожидал</reg><orig>ожидалъ</orig></choice>. Я ничего не <choice><reg>делаю</reg><orig>дѣлаю</orig></choice>, ничего почти не думаю и чувствую, что нахожусь <choice><reg>в</reg><orig>въ</orig></choice> <choice><reg>переходном</reg><orig>переходномъ</orig></choice> <choice><reg>положении</reg><orig>положенiи</orig></choice>. О <choice><reg>тебе</reg><orig>тебѣ</orig></choice> <choice><reg>беспокоюсь</reg><orig>безпокоюсь</orig></choice> и думаю, <choice><reg>как</reg><orig>какъ</orig></choice> только остаюсь <choice><reg>один</reg><orig>одинъ</orig></choice>. Только бы <choice><reg>Бог</reg><orig>Богъ</orig></choice> <choice><reg>дал</reg><orig>далъ</orig></choice>, все было бы благополучно, во время нашей разлуки, а то я люблю это чувство особенной, самой высокой, духовной любви <choice><reg>к</reg><orig>къ</orig></choice> <choice><reg>тебе</reg><orig>тебѣ</orig></choice>, <choice original_editorial_correction='кот[орую]'><sic>кот</sic><corr>которую</corr></choice> я испытываю <choice><reg>сильнее</reg><orig>сильнѣе</orig></choice> <choice><reg>в</reg><orig>въ</orig></choice> <choice><reg>разлуке</reg><orig>разлукѣ</orig></choice> <choice><reg>с</reg><orig>съ</orig></choice> тобою. Теперь главный <choice><reg>вопрос</reg><orig>вопросъ</orig></choice>: <choice><reg>ехать</reg><orig>ѣхать</orig></choice> ли <choice><reg>тебе</reg><orig>тебѣ</orig></choice> или <choice><reg>нет</reg><orig>нѣтъ</orig></choice>? По моему, <choice><reg>нет</reg><orig>нѣтъ</orig></choice>, и <choice><reg>вот</reg><orig>вотъ</orig></choice> почему. Я знаю, что главное для тебя это я. Я <choice><reg>скорее</reg><orig>скорѣе</orig></choice> желаю вернуться, <choice><reg>чем</reg><orig>чѣмъ</orig></choice> оставаться. <choice><reg>В</reg><orig>Въ</orig></choice> пользу для меня кумыса я не <choice><reg>верю</reg><orig>вѣрю</orig></choice>. А <choice><reg>так</reg><orig>такъ</orig></choice> <choice><reg>как</reg><orig>какъ</orig></choice> <choice><reg>здесь</reg><orig>здѣсь</orig></choice> засуха и слышны поносы, то не повредило бы <choice><reg>тебе</reg><orig>тебѣ</orig></choice> и Андрею. <choice><reg>В</reg><orig>Въ</orig></choice> <choice><reg>отношении</reg><orig>отношенiи</orig></choice> же <choice><reg>больших</reg><orig>большихъ</orig></choice> <choice><reg>удобств</reg><orig>удобствъ</orig></choice>, то это все очень немного лучше <choice><reg>прежнего</reg><orig>прежняго</orig></choice>. — Но не забывай одного: что, чтобы ты не <choice><reg>решила</reg><orig>рѣшила</orig></choice>, оставаться или <choice><reg>ехать</reg><orig>ѣхать</orig></choice>, и чтобы ни случилось <choice><reg>независящего</reg><orig>независящаго</orig></choice> <choice><reg>от</reg><orig>отъ</orig></choice> <choice><reg>нас</reg><orig>насъ</orig></choice>, я никогда, ни даже <choice><reg>в</reg><orig>въ</orig></choice> <choice><reg>мыслях</reg><orig>мысляхъ</orig></choice>, ни себя, ни тебя упрекать не буду. Во <choice><reg>всем</reg><orig>всемъ</orig></choice> <choice><reg>будет</reg><orig>будетъ</orig></choice> воля Божья, <choice><reg>кроме</reg><orig>кромѣ</orig></choice> <choice><reg>наших</reg><orig>нашихъ</orig></choice> <choice><reg>дурных</reg><orig>дурныхъ</orig></choice> или <choice><reg>хороших</reg><orig>хорошихъ</orig></choice> <choice><reg>поступков</reg><orig>поступковъ</orig></choice>. Ты не сердись, <choice><reg>как</reg><orig>какъ</orig></choice> ты иногда досадуешь при <choice><reg>моем</reg><orig>моемъ</orig></choice> <choice><reg>упоминании</reg><orig>упоминанiи</orig></choice> о <choice><reg>Боге</reg><orig>Богѣ</orig></choice>.<note xml:id="note7" resp="volume_editor" index="false"> «Досадовала я за упоминание о боге, потому что этим отстранялась всякая житейская забота» (п. С. А.).</note> Я не могу этого не сказать, потому что это самая основа моей мысли. Обнимаю тебя и <choice><reg>целую</reg><orig>цѣлую</orig></choice> милая моя.</p>
<p rend="left"><choice><reg>Целуй</reg><orig>Цѣлуй</orig></choice> <choice><reg>детей</reg><orig>дѣтей</orig></choice> и <choice><reg>всех</reg><orig>всѣхъ</orig></choice> <choice><reg>наших</reg><orig>нашихъ</orig></choice>.</p>
<p rend="left">Если ты <choice><reg>приедешь</reg><orig>прiѣдешь</orig></choice>, я <choice><reg>выеду</reg><orig>выѣду</orig></choice> <choice><reg>встречать</reg><orig>встрѣчать</orig></choice> тебя <choice><reg>в</reg><orig>въ</orig></choice> Землянки.</p>
<p rend="left">Самое главное <choice><reg>забыл</reg><orig>забылъ</orig></choice>. Если ты не <choice><reg>приедешь</reg><orig>прiѣдешь</orig></choice>, то мы <choice><reg>выедем</reg><orig>выѣдемъ</orig></choice> 1 Іюля.</p>
<comments><p rend="Textpetit_otstup left">Печатается по автографу, хранящемуся в АТБ. Впервые отрывок из письма опубликован в Б, II, стр. 330. Полностью письмо впервые <hi style="opdelimiter">опубликовано</hi><hi style="opnumber">262</hi> <hi style="npnumber">263</hi><hi style="npdelimiter">по</hi> копии, сделанной С. А. Толстой, в ПЖ, стр. 121—123. Датируется на основании предшествующего письма, устанавливающего день приезда в Самару — 16 июня, а также на основании слов письма Ильи Львовича, писавшего одновременно с Толстым, в котором он пишет: «мы вчера приехали на хутор»; по содержанию же письма Толстого видно, что ночь с 16 на 17 была проведена в деревне «Землянки».</p>
<p rend="Textpetit_otstup left"><hi>1</hi> На том же листе С. А. Толстой написали Илья и Лев Львовичи.</p>
<p rend="petit left"><hi>2</hi> «Башкирец, лихой кучер» (н. п. С. А.).</p>
<p rend="petit left"><hi>3</hi> Село в 57 верстах от Бузулука и в 15 верстах от имения Толстых.</p>
<p rend="petit left"><hi>4</hi> Мухамет (Романыч) Рахметуллин, башкирин деревни Муратшиной Имелеевской волости. Свыше восьми лет приготовлял кумыс вблизи хутора Толстого. «Мухамедша — старый знакомый башкирец, приехавший с семьей, кибиткой и кумысом и лошадьми на наш хутор по нашему приглашению» (п. С. А). См. также о нем Илья Толстой, «Мои воспоминания». М. 1914, стр. 53.</p>
<p rend="petit left"><hi>5</hi> Вновь купленного хутора Бистрома.</p>
<p rend="petit left"><hi>6</hi> В том же письме Лев Львович писал матери: «тут очень хорошо, только очень больше чем всегда мух и нельзя обедать от них».</p>
<p rend="petit left"><hi>7</hi> Алексей Алексеевич Бибиков (1837—1914), сын сенатора. Помещик Чернского уезда Тульской губернии. Окончил физико-математический факультет. В 1866 г. привлекался по делу Каракозова; после тюремного заключения был в ссылке, после чего в 1871 г. жил в своем имении Тульской губернии под надзором полиции. Поклонник Писарева. В 1870-х гг. отдал свою землю крестьянам, оставив себе несколько десятин, женился на крестьянке. С 1878 г. по 1884 г. был управляющим Самарского имения Толстого, после чего поселился невдалеке от хутора на арендованной казенной земле. В 1883 г. против него было вновь возбуждено дело, и он подвергся ряду обысков. См. о нем: Пругавин, «О Льве Толстом и Толстовцах» М. 1911; Дунин, «Граф Л. Н. Толстой и Толстовцы в Самарской губернии» («Русская мысль» 1912, № 11); Е. Лазарев, «Моя жизнь», Прага 1935, стр. 142—143.</p>
<p rend="petit left"><hi>8</hi> «Досадовала я за упоминание о боге, потому что этим отстранялась всякая житейская забота» (п. С. А.).</p>
</comments></div></body>
        </text>
        </TEI>