<?xml version='1.0' encoding='UTF-8' standalone='no'?>

<TEI xmlns="http://www.tei-c.org/ns/1.0">
       <teiHeader>
          <fileDesc>
             <titleStmt>
                <title>Письмо №21. В. В. Арсеньевой.</title>
             </titleStmt>
             <publicationStmt>
                <publisher>TolstoyLab</publisher>
                <date when="2015-09-14">14 September 2015</date>
             </publicationStmt>
             <sourceDesc>
                <biblStruct>
                   <analytic>
                      <author>Толстой Л.Н.</author>
                   </analytic>
                   <monogr>
                      <title level="m">Полное собрание сочинений. Том 60</title>
                      <imprint>
                         <pubPlace>Москва</pubPlace>
                         <publisher>Государственное издательство "Художественная литература"</publisher>
                         <date when="1949"/>
                      </imprint>
                   </monogr>
                   <series>
                      <title level="s">Л.Н. Толстой. Полное собрание сочинений</title>
                      <biblScope unit="vol">60</biblScope>
                   </series>
                </biblStruct>
				<bibl>Впервые опубликовано в Б. I, 3, стр. 323—325. Год определяется содержанием.</bibl>
             </sourceDesc>
          </fileDesc>
          <encodingDesc>
             <tagsDecl> </tagsDecl>
          </encodingDesc>
          <profileDesc>
             <correspDesc>
                <correspAction type="sending">
                   <persName ref="PersonList.xml#L_N_Tolstoy">Л. Н. Толстой</persName>
                   <placeName ref="PlacesListxml#PLACE">Я. П.</placeName>
                   <date when="1856-08-23">1856 г. Августа 23.</date>            </correspAction>
                <correspAction type="receiving">
                   <persName ref="PersonList.xml#RECEIVER">Арсеньев Владимир Михайлович</persName>
                </correspAction>
                <correspContext>
                   <ref type="prev"/>
                </correspContext>
             </correspDesc>
          </profileDesc>
       </teiHeader>
       <xenoData><number type="in a volume">21</number></xenoData>

              <text xml:id="V.V.Arsenevoj_21">
	<body><div>
		<opener index="false">
21. В. В. Арсеньевой.
1856 г. Августа 23. Я. П.
</opener><p rend="right">1856 г. 23 Августа.</p>

<p rend="Obrashenie left">Судаковские барышни.</p>
<p rend="left">Сейчас получили <note xml:id="note1" resp="volume_editor" index="false"><hi>милое</hi> письмо ваше,<note xml:id="note2" resp="volume_editor" index="false"> Письмо В. В. Арсеньевой не сохранилось. Оно было адресовано Т. А. Ергольской.</note> и я в первом письме, объяснив, почему я позволяю себе писать вам, — пишу, но теперь совершенно под <choice><reg>противоположным</reg><orig>противуположным</orig></choice> впечатлением тому, в котором я писал первое. — Тогда я всеми силами старался удерживаться от сладости, которая<note xml:id="note3" resp="volume_editor" index="false"> <hi>В автографе:</hi> которую</note> так и лезла из меня, а теперь от тихой ненависти, которое в весьма сильной степени пробудило во мне чтение письма вашего к тетиньке, и не тихой ненависти, а грусти и разочарованья в том, что chassez le naturel par la port, il revient pas la fenêtre.<note xml:id="note4" resp="volume_editor" index="false"> [гони природу в дверь, она влетит в окно.]</note> Неужели какая-то смородина <hi>de toute beauté haute volée</hi> [высший сорт, высший свет]</note> и <choice original_editorial_correction='флигель-адъют[анты]'><sic>флигель-адъют</sic><corr>флигель-адъютанты</corr></choice> останутся для вас вечно верхом всякого благополучия? — Ведь это жестоко! Для чего вы писали это? Меня, вы знали, как это подерет против шерсти. Для тетеньки? Поверьте, что самый дурной способ дать почувствовать другому: «вот я какова!» это придти и сказать ему: вот я каков! Во-первых, коли молчать о всех тех вещах, которые льстят нашему тщеславию, выгода одна та, что предполагают гораздо больше и выгодней того, что вы расскажете; во-вторых, ежели это расскажет посторонний, то еще получаешь новую заслугу — скромности. Это не поэзия и философия, а чистый расчет в делах, которые действительно лестны. — Вы должны быть были ужасны в смородине de toute beauté и, поверьте, в миллион раз лучше в дорожном платье. Любить haute volée, а не человека, нечестно, потом опасно, потому что из нее чаще встречается дряни, чем из всякой другой volée, а вам даже и невыгодно, потому что вы сами не haute volée, а поэтому ваши отношения, основанные на хорошеньком личике и смородине, не совсем то должны <hi style="opdelimiter">быть</hi><hi style="opnumber">81</hi> <hi style="npnumber">82</hi><hi style="npdelimiter">приятны</hi> и достойны — dignes. Насчет Флигельадъютантов — их человек 40, кажется, а я знаю положительно, что только два не негодяи и дураки, стало быть, радости тоже нет. — Как я рад, что измяли вашу смородину на параде, и как глуп этот незнакомый барон, что спас вас. Я бы на его месте с наслаждением превратился бы в толпу и размазал бы смородину по всему белому платью. Это я говорю потому, что верно вы не были в серьезной опасности. Это только Пиквик,<note xml:id="note5" resp="volume_editor" index="false"> Пиквик — герой романа Диккенса «Замогильные записки Пиквикского клуба», на английском языке впервые печатавшегося отдельными выпусками, выходившими с апреля 1836 г. по ноябрь 1837 г. Первый перевод (И. Введенского) романа на русский язык печатался в «Отечественных записках», 1849, №№ 11 и 12, и 1850, №№ 1—5, 7, 8, 11 и 12. В письме Толстой говорит об эпизоде, описанном в IV главе.</note> которого историю вы не читали, чуть было не погиб на параде, а чтоб барышня, приехавшая учиться музыке на коронации, погибла от столь невинной и приятной забавы, как парад, этого я никогда не слыхивал с тех пор как живу, поэтому этого и быть не могло. —</p>
<p rend="left">У нас в деревне погода чудная, и я нынче с 6 часов утра и до 8 вечера шлялся на охоте, и так наслаждался, как не удастся ни одному обер-камер-фурьеру и ни одной барыне в платье broché<note xml:id="note6" resp="volume_editor" index="false"> [отделанное]</note> чем-то. — Поэтому-то, хотя мне и очень бы хотелось приехать в Москву позлиться, глядя на вас, я не приеду, а, пожелав вам всевозможных тщеславных радостей с обыкновенным их горьким окончанием, останусь ваш покорнейший, но неприятнейший слуга</p>
<p rend="right">Гр. Л. Толстой.</p>
<p rend="left">Avec des sentiments distingués,<note xml:id="note7" resp="volume_editor" index="false"> [С наилучшими пожеланиями,]</note> виноват, забыл вклеить эту милую фразу, в которой так много смысла. —</p>
<p rend="left">Нет, без шуток, ежели вы простите мне это письмо, то вы добрый человек. M-lle Vergani, заступитесь за меня. —</p>
<comments><p rend="Textpetit_otstup left">Впервые опубликовано в Б. I, 3, стр. 323—325. Год определяется содержанием.</p>
<p rend="Textpetit_otstup left"><hi>1</hi> Письмо В. В. Арсеньевой не сохранилось. Оно было адресовано Т. А. Ергольской.</p>
<p rend="petit left"><hi>2</hi> <hi>В автографе:</hi> которую</p>
<p rend="petit left"><hi>3</hi> [гони природу в дверь, она влетит в окно.]</p>
<p rend="petit left"><hi>4</hi> [высший сорт, высший свет]</p>
<p rend="petit left"><hi>5</hi> Пиквик — герой романа Диккенса «Замогильные записки Пиквикского клуба», на английском языке впервые печатавшегося отдельными выпусками, выходившими с апреля 1836 г. по ноябрь 1837 г. Первый перевод (И. Введенского) романа на русский язык печатался в «Отечественных записках», 1849, №№ 11 и 12, и 1850, №№ 1—5, 7, 8, 11 и 12. В письме Толстой говорит об эпизоде, описанном в IV главе.</p>
<p rend="petit left"><hi>6</hi> [отделанное]</p>
<p rend="petit left"><hi>7</hi> [С наилучшими пожеланиями,]</p>
<p rend="emptyline left"><hi style="opnumber">82</hi> <hi style="npnumber">83</hi></p>
</comments></div></body>
        </text>
        </TEI>