<?xml version='1.0' encoding='UTF-8' standalone='no'?>

<TEI xmlns="http://www.tei-c.org/ns/1.0">
       <teiHeader>
          <fileDesc>
             <titleStmt>
                <title>Письмо №553. П. И. Бирюкову.</title>
             </titleStmt>
             <publicationStmt>
                <publisher>TolstoyLab</publisher>
                <date when="2015-09-14">14 September 2015</date>
             </publicationStmt>
             <sourceDesc>
                <biblStruct>
                   <analytic>
                      <author>Толстой Л.Н.</author>
                   </analytic>
                   <monogr>
                      <title level="m">Полное собрание сочинений. Том 63</title>
                      <imprint>
                         <pubPlace>Москва</pubPlace>
                         <publisher>Государственное издательство "Художественная литература"</publisher>
                         <date when="1934"/>
                      </imprint>
                   </monogr>
                   <series>
                      <title level="s">Л.Н. Толстой. Полное собрание сочинений</title>
                      <biblScope unit="vol">63</biblScope>
                   </series>
                </biblStruct>
				<bibl>Печатается по автографу, хранящемуся в БЛ. Впервые опубликовано А. К. Чертковой в ТЕ, 1913, стр. 115 (одна строка); в Б, III, изд. 2-е, стр. 53—54. Датируется на основании письма П. И. Бирюкова от 10 октября 1886 г., на которое отвечает Толстой.</bibl>
             </sourceDesc>
          </fileDesc>
          <encodingDesc>
             <tagsDecl> </tagsDecl>
          </encodingDesc>
          <profileDesc>
             <correspDesc>
                <correspAction type="sending">
                   <persName ref="PersonList.xml#L_N_Tolstoy">Л. Н. Толстой</persName>
                   <placeName ref="PlacesListxml#PLACE">Я. П.</placeName>
                   <date from="1886-10-12" to="1886-10-13">1886 г. Октября 12 — 13?</date>            </correspAction>
                <correspAction type="receiving">
                   <persName ref="PersonList.xml#RECEIVER">Бирюков Павел Иванович</persName>
                </correspAction>
                <correspContext>
                   <ref type="prev"/>
                </correspContext>
             </correspDesc>
          </profileDesc>
       </teiHeader>
       <xenoData><number type="in a volume">553</number></xenoData>

              <text xml:id="P__I__Biryukovu_553">
	<body><div>
		<opener index="false">
553. П. И. Бирюкову.
1886 г. Октября 12—13? Я. П.
</opener><p rend="left">Спасибо, дорогой <choice><reg>друг</reg><orig>другъ</orig></choice> <choice><reg>Павел</reg><orig>Павелъ</orig></choice> <choice><reg>Иванович</reg><orig>Ивановичъ</orig></choice>, за то, что пишете <choice><reg>мне</reg><orig>мнѣ</orig></choice>. <choice><reg>Нынешнее</reg><orig>Нынѣшнее</orig></choice> письмо со <choice><reg>вложением</reg><orig>вложенiемъ</orig></choice> письма <choice><reg>Джунковского</reg><orig>Джунковскаго</orig></choice> доставило <choice><reg>мне</reg><orig>мнѣ</orig></choice> большую радость.<note xml:id="note1" resp="volume_editor" index="false"> О Н. Ф. Джунковском П. И. Бирюков писал Толстому: «Посылаю вам копию с письма, полученного мною от того офицера, о котором, помните, я говорил вам. Он выходит в отставку и поселяется в деревне со своим товарищем, также бывшим военным, Хилковым, который отдал всю свою землю крестьянам, оставив себе только надел в три десятины. Этот Хилков человек замечательный. Он был лейб-гусаром, служил одно время на Кавказе, познакомился там с учением духоборцев; оно понравилось ему. Он его изложил так, как понял и как хотел ему следовать. Затем он увидал «Ma religion» [«В чем моя вера»] — русского экземпляра до него не дошло — прочел его и нашел, что он во всем согласен с вами, нашел у вас конечно много для него нового и разъясняющего. Он перевел сам на русский язык «Ma religion», переписал в двенадцати экземплярах и разослал своим друзьям с условием прочесть, переписать и отослать дальше. С тех пор он старается, насколько может, исполнять учение Христа и прилагаемое письмо показывает, как он освободился от земельной собственности» (из письма П. И. Бирюкова к Толстому от 10 октября 1886 г. АТБ).</note> Радуешься тому, что за <choice><reg>стеной</reg><orig>стѣной</orig></choice> <choice><reg>идет</reg><orig>идетъ</orig></choice> та же работа, <choice original_editorial_correction='кот[орая]'><sic>кот</sic><corr>которая</corr></choice><note xml:id="note2" resp="volume_editor" index="false"> <hi>Зачеркнуто:</hi> <choice><reg>сам</reg><orig>самъ</orig></choice> <choice><reg>посвятил</reg><orig>посвятилъ</orig></choice> свою</note> для тебя <choice><reg>составляет</reg><orig>составляетъ</orig></choice> жизнь. И, странно, <choice><reg>совсем</reg><orig>совсѣмъ</orig></choice> не хочется <choice><reg>видеть</reg><orig>видѣть</orig></choice>, придти <choice><reg>в</reg><orig>въ</orig></choice> <choice><reg>общение</reg><orig>общенiе</orig></choice> <choice><reg>с</reg><orig>съ</orig></choice> ними: <choice><reg>бесполезно</reg><orig>безполезно</orig></choice>, <choice><reg>произойдет</reg><orig>произойдетъ</orig></choice> трата времени. Мы <choice><reg>в</reg><orig>въ</orig></choice> своей, они <choice><reg>в</reg><orig>въ</orig></choice> своей <choice><reg>траншее</reg><orig>траншеѣ</orig></choice>. Радостно только слышать работу <choice><reg>друг</reg><orig>другъ</orig></choice> друга. — <choice original_editorial_correction='Чертк[ов]'><sic>Чертк</sic><corr><choice><reg>Чертков</reg><orig>Чертковъ</orig></choice></corr></choice> только что <choice><reg>уехал</reg><orig>уѣхалъ</orig></choice>, — очень <choice><reg>бодр</reg><orig>бодръ</orig></choice>. <choice><reg>Мне</reg><orig>Мнѣ</orig></choice> хорошо <choice><reg>с</reg><orig>съ</orig></choice> <choice><reg>ним</reg><orig>нимъ</orig></choice> было. — Знаю вашу переписку и, <choice><reg>кроме</reg><orig>кромѣ</orig></choice> <choice><reg>самого</reg><orig>самаго</orig></choice> <choice><reg>хорошего</reg><orig>хорошаго</orig></choice>, ничего <choice><reg>в</reg><orig>въ</orig></choice> ней не вижу. <choice><reg>От</reg><orig>Отъ</orig></choice> <choice><reg>Залюбовского</reg><orig>Залюбовскаго</orig></choice><note xml:id="note3" resp="volume_editor" index="false"> Анатолий Петрович Залюбовский. См. прим. к письму № 448.</note> <choice><reg>сейчас</reg><orig>сейчасъ</orig></choice> <choice><reg>получил</reg><orig>получилъ</orig></choice> письма брата.<note xml:id="note4" resp="volume_editor" index="false"> Алексей Петрович Залюбовский. См. прим. 1 к письму № 448.</note> Очень <choice><reg>хорошия</reg><orig>хорошiя</orig></choice> письма.</p>
<p rend="left">Я на <choice><reg>костылях</reg><orig>костыляхъ</orig></choice> <choice><reg>с</reg><orig>съ</orig></choice> болью передвигаюсь и опускать ногу не могу, и <choice><reg>от</reg><orig>отъ</orig></choice> того дурно сплю, и <choice><reg>от</reg><orig>отъ</orig></choice> того не могу хорошо связно выражать все то, чтò — много — набралось <choice><reg>в</reg><orig>въ</orig></choice> <choice><reg>голове</reg><orig>головѣ</orig></choice> и <choice><reg>сердце</reg><orig>сердцѣ</orig></choice>. <choice><reg>Поцелуйте</reg><orig>Поцѣлуйте</orig></choice> <choice><reg>от</reg><orig>отъ</orig></choice> меня Симона.<note xml:id="note5" resp="volume_editor" index="false"> Федор Павлович Симон — студент Лесного института, поселившийся летом 1886 г. со своей женой и ребенком в Ясной поляне. Вступив в общение с Толстым, Симон подпал под влияние его взглядов и сделался на некоторое время горячим сторонником идей Толстого. Письмо Ф. П. Симона к Толстому неизвестно. — См. тт. 64 и 65.</note> Что <choice><reg>он</reg><orig>онъ</orig></choice>? Что научный <choice><reg>отдел</reg><orig>отдѣлъ</orig></choice>?<note xml:id="note6" resp="volume_editor" index="false"> Под «научным отделом» Толстой разумеет издание «Посредником» популярно-научных книг.</note> Хорошо бы, кабы вы взялись за него. —</p>
<p rend="right">Л. Т.</p>
<p rend="left">Благодарю Симона за его письмо, выражающее его хорошее душевное <choice><reg>состояние</reg><orig>состоянiе</orig></choice>. Мы <choice><reg>все</reg><orig>всѣ</orig></choice> очень полюбили <choice original_editorial_correction='Лиз[авету]'><sic>Лиз</sic><corr>Лизавету</corr></choice> Федоровну.<note xml:id="note7" resp="volume_editor" index="false"> Толстой ошибся: мать Симона звали — Елизавета Антоновна.</note> <choice><reg>Начал</reg><orig>Началъ</orig></choice> ли <choice><reg>он</reg><orig>онъ</orig></choice> работать.<note xml:id="note8" resp="volume_editor" index="false"> Симон предполагал заняться составлением популярно-научных книжек для «Посредника». Однако ни одна из начатых его работ окончена не была.</note> Его начало <choice><reg>метеорологии</reg><orig>метеорологiи</orig></choice><note xml:id="note9" resp="volume_editor" index="false"> <hi>В подлиннике:</hi> метероологии.</note> хорошо по чувству, по <choice><reg>отношению</reg><orig>отношенiю</orig></choice> <choice><reg>к</reg><orig>къ</orig></choice> предмету, но <choice><reg>мне</reg><orig>мнѣ</orig></choice> все кажется, что нужно строго научное, т. е. <choice><reg>изложение</reg><orig>изложенiе</orig></choice> <choice><reg>в</reg><orig>въ</orig></choice> сжатой, понятной <choice><reg>форме</reg><orig>формѣ</orig></choice> всего того, чтò каждый <choice><reg>из</reg><orig>изъ</orig></choice> <choice><reg>нас</reg><orig>насъ</orig></choice> <choice><reg>знает</reg><orig>знаетъ</orig></choice> по своему предмету, <choice><reg>в</reg><orig>въ</orig></choice> <choice><reg>более</reg><orig>болѣе</orig></choice> <choice><reg>правильном</reg><orig>правильномъ</orig></choice> <choice><reg>изложении</reg><orig>изложенiи</orig></choice>, <choice><reg>чем</reg><orig>чѣмъ</orig></choice> то, <choice><reg>в</reg><orig>въ</orig></choice> <choice original_editorial_correction='к[отором]'><sic>к</sic><corr><choice><reg>котором</reg><orig>которомъ</orig></choice></corr></choice> мы <choice><reg>их</reg><orig>ихъ</orig></choice> воспринимали. И потому не <choice><reg>понижение</reg><orig>пониженiе</orig></choice> тона, a <choice><reg>повышение</reg><orig>повышенiе</orig></choice> его. — <choice><reg>В</reg><orig>Въ</orig></choice> <choice><reg>естественных</reg><orig>естественныхъ</orig></choice> <choice><reg>науках</reg><orig>наукахъ</orig></choice>: <choice><reg>химии</reg><orig>химiи</orig></choice>, <choice><reg>физике</reg><orig>физикѣ</orig></choice>, <choice><reg>ботанике</reg><orig>ботаникѣ</orig></choice> и др. <choice><reg>мне</reg><orig>мнѣ</orig></choice> представляется, что <choice><reg>изложение</reg><orig>изложенiе</orig></choice> распадается на 3 части. 1) Основы науки, <choice><reg>установление</reg><orig>установленiе</orig></choice> взгляда на <choice><reg>явления</reg><orig>явленiя</orig></choice> <choice><reg>с</reg><orig>съ</orig></choice> точки <choice><reg>зрения</reg><orig>зрѣнiя</orig></choice> <choice><reg>известной</reg><orig>извѣстной</orig></choice> науки; 2) <choice><reg>те</reg><orig>тѣ</orig></choice> <choice><reg>соображения</reg><orig>соображенiя</orig></choice>, <choice><reg>предположения</reg><orig>предположенiя</orig></choice>, <choice><reg>аналогии</reg><orig>аналогiи</orig></choice>, полузаконы (<choice><reg>в</reg><orig>въ</orig></choice> <choice><reg>химии</reg><orig>химiи</orig></choice>), которые можно выводить <choice><reg>из</reg><orig>изъ</orig></choice> <choice><reg>основных</reg><orig>основныхъ</orig></choice> <choice><reg>законов</reg><orig>законовъ</orig></choice>, и 3) <choice><reg>приложение</reg><orig>приложенiе</orig></choice> науки <choice><reg>к</reg><orig>къ</orig></choice> жизни. — Я неясно выражаюсь, но вы <hi style="opdelimiter">отчасти</hi><hi style="opnumber">388</hi> <hi style="npnumber">389</hi><hi style="npdelimiter">поймете,</hi> и, <choice original_editorial_correction='Б[ог]'><sic>Б</sic><corr><choice><reg>Бог</reg><orig>Богъ</orig></choice></corr></choice> <choice><reg>даст</reg><orig>дастъ</orig></choice>, само <choice><reg>дело</reg><orig>дѣло</orig></choice> <choice><reg>покажет</reg><orig>покажетъ</orig></choice> и <choice><reg>разъяснит</reg><orig>разъяснитъ</orig></choice>. Я знаю, тоже, что <choice><reg>требования</reg><orig>требованiя</orig></choice> <choice><reg>такие</reg><orig>такiя</orig></choice> огромны. — Но <choice><reg>ведь</reg><orig>вѣдь</orig></choice> <choice><reg>разве</reg><orig>развѣ</orig></choice> нужно сразу достигнуть совершенства или все бросить. Надо <choice><reg>делать</reg><orig>дѣлать</orig></choice> — пытаться. <choice><reg>Мне</reg><orig>Мнѣ</orig></choice> представляется <choice><reg>возможным</reg><orig>возможнымъ</orig></choice>: <choice original_editorial_correction='арифм[етика]'><sic>арифм</sic><corr>арифметика</corr></choice>, алгебра, <choice><reg>геометрия</reg><orig>геометрiя</orig></choice>, <choice><reg>химия</reg><orig>химiя</orig></choice>,<note xml:id="note10" resp="volume_editor" index="false"> <hi>Зачеркнуто:</hi> механи</note> <choice><reg>история</reg><orig>исторiя</orig></choice> и древняя, и средняя, и русской церкви. — Но я <choice><reg>уверен</reg><orig>увѣренъ</orig></choice>, что <choice><reg>все</reg><orig>всѣ</orig></choice> науки возможны, <choice original_editorial_correction='п[отому]'><sic>п</sic><corr>потому</corr></choice> <choice original_editorial_correction='ч[то]'><sic>ч</sic><corr>что</corr></choice> настолько наука — наука, насколько она ясно и просто <choice><reg>может</reg><orig>можетъ</orig></choice> быть изложена.</p>
<p rend="right">Л. Т.</p>
<comments><p rend="Textpetit_otstup left">Печатается по автографу, хранящемуся в БЛ. Впервые опубликовано А. К. Чертковой в ТЕ, 1913, стр. 115 (одна строка); в Б, III, изд. 2-е, стр. 53—54. Датируется на основании письма П. И. Бирюкова от 10 октября 1886 г., на которое отвечает Толстой.</p>
<p rend="Textpetit_otstup left"><hi>1</hi> О Н. Ф. Джунковском П. И. Бирюков писал Толстому: «Посылаю вам копию с письма, полученного мною от того офицера, о котором, помните, я говорил вам. Он выходит в отставку и поселяется в деревне со своим товарищем, также бывшим военным, Хилковым, который отдал всю свою землю крестьянам, оставив себе только надел в три десятины. Этот Хилков человек замечательный. Он был лейб-гусаром, служил одно время на Кавказе, познакомился там с учением духоборцев; оно понравилось ему. Он его изложил так, как понял и как хотел ему следовать. Затем он увидал «Ma religion» [«В чем моя вера»] — русского экземпляра до него не дошло — прочел его и нашел, что он во всем согласен с вами, нашел у вас конечно много для него нового и разъясняющего. Он перевел сам на русский язык «Ma religion», переписал в двенадцати экземплярах и разослал своим друзьям с условием прочесть, переписать и отослать дальше. С тех пор он старается, насколько может, исполнять учение Христа и прилагаемое письмо показывает, как он освободился от земельной собственности» (из письма П. И. Бирюкова к Толстому от 10 октября 1886 г. АТБ).</p>
<p rend="petit left"><hi>2</hi> <hi>Зачеркнуто:</hi> <choice><reg>сам</reg><orig>самъ</orig></choice> <choice><reg>посвятил</reg><orig>посвятилъ</orig></choice> свою</p>
<p rend="petit left"><hi>3</hi> Анатолий Петрович Залюбовский. См. прим. к письму № 448.</p>
<p rend="petit left"><hi>4</hi> Алексей Петрович Залюбовский. См. прим. 1 к письму № 448.</p>
<p rend="petit left"><hi>5</hi> Федор Павлович Симон — студент Лесного института, поселившийся летом 1886 г. со своей женой и ребенком в Ясной поляне. Вступив в общение с Толстым, Симон подпал под влияние его взглядов и сделался на некоторое время горячим сторонником идей Толстого. Письмо Ф. П. Симона к Толстому неизвестно. — См. тт. 64 и 65.</p>
<p rend="petit left"><hi>6</hi> Под «научным отделом» Толстой разумеет издание «Посредником» популярно-научных книг.</p>
<p rend="petit left"><hi>7</hi> Толстой ошибся: мать Симона звали — Елизавета Антоновна.</p>
<p rend="petit left"><hi>8</hi> Симон предполагал заняться составлением популярно-научных книжек для «Посредника». Однако ни одна из начатых его работ окончена не была.</p>
<p rend="petit left"><hi>9</hi> <hi>В подлиннике:</hi> метероологии.</p>
<p rend="petit left"><hi>10</hi> <hi>Зачеркнуто:</hi> механи</p>
<p rend="left"><hi style="opnumber">389</hi> <hi style="npnumber">390</hi></p>
</comments></div></body>
        </text>
        </TEI>