<?xml version='1.0' encoding='UTF-8' standalone='no'?>

<TEI xmlns="http://www.tei-c.org/ns/1.0">
       <teiHeader>
          <fileDesc>
             <titleStmt>
                <title>Письмо №416. К. М. Сибирякову.</title>
             </titleStmt>
             <publicationStmt>
                <publisher>TolstoyLab</publisher>
                <date when="2015-09-14">14 September 2015</date>
             </publicationStmt>
             <sourceDesc>
                <biblStruct>
                   <analytic>
                      <author>Толстой Л.Н.</author>
                   </analytic>
                   <monogr>
                      <title level="m">Полное собрание сочинений. Том 63</title>
                      <imprint>
                         <pubPlace>Москва</pubPlace>
                         <publisher>Государственное издательство "Художественная литература"</publisher>
                         <date when="1934"/>
                      </imprint>
                   </monogr>
                   <series>
                      <title level="s">Л.Н. Толстой. Полное собрание сочинений</title>
                      <biblScope unit="vol">63</biblScope>
                   </series>
                </biblStruct>
				<bibl>Печатается по тексту, впервые опубликованному Я. О. Якубовским в «Жизни для всех» 1911, 7, стр. 886. Датируется на основании следующих соображений. 7 сентября 1885 г. Толстой писал В. Г. Черткову: «Я получил от Сибирякова письмо через Москву поздно, так что не успел ответить» (AЧ). 11 сентября 1885 г. В. Г. Чертков сообщал <hi style="opdelimiter">Толстому:</hi><hi style="opnumber">287</hi> <hi style="npnumber">288</hi><hi style="npdelimiter">«Сибиряков</hi> через одну — две недели едет на юг, в Крым на зиму. Он проедет через Тулу, и ему очень хотелось бы заехать к вам в Ясную. Только он не решается это сделать без письма от вас и просил меня сообщить вам об этом» (АТБ). Но уже в письме от 21 сентября 1885 г. П. И. Бирюкова к Толстому читаем: «Сибиряков едет к вам» (АТБ). Так что, письмо Толстого к К. М. Сибирякову, вероятно, было написано вскоре после письма Черткова от 11 сентября 1885 г., но во всяком случае не позднее 19 сентября 1885 г., так как в письме П. И. Бирюкова, от 21 сентября уже сообщалось, что Сибиряков едет, что он мог сделать лишь по получении приглашения от Толстого, т. е. его письма.</bibl>
             </sourceDesc>
          </fileDesc>
          <encodingDesc>
             <tagsDecl> </tagsDecl>
          </encodingDesc>
          <profileDesc>
             <correspDesc>
                <correspAction type="sending">
                   <persName ref="PersonList.xml#L_N_Tolstoy">Л. Н. Толстой</persName>
                   <placeName ref="PlacesListxml#PLACE">Я. П.</placeName>
                   <date from="1885-09-13" to="1885-09-19">1885 г. Сентября 13 — 19?</date>            </correspAction>
                <correspAction type="receiving">
                   <persName ref="PersonList.xml#RECEIVER">Сибиряков Константин Михайлович</persName>
                </correspAction>
                <correspContext>
                   <ref type="prev"/>
                </correspContext>
             </correspDesc>
          </profileDesc>
       </teiHeader>
       <xenoData><number type="in a volume">416</number></xenoData>

              <text xml:id="K__M__Sibiryakovu_416">
	<body><div>
		<opener index="false">
416. К. М. Сибирякову.
1885 г. Сентября 13—19? Я. П.
</opener><p rend="left"><choice><reg>Константин</reg><orig>Константинъ</orig></choice> <choice><reg>Михайлович</reg><orig>Михайловичъ</orig></choice>. Я не <choice><reg>успел</reg><orig>успѣлъ</orig></choice> <choice><reg>вам</reg><orig>вамъ</orig></choice> <choice><reg>ответить</reg><orig>отвѣтить</orig></choice> до 7-го, <choice><reg>так</reg><orig>такъ</orig></choice> <choice><reg>как</reg><orig>какъ</orig></choice> письмо ваше переслано <choice><reg>мне</reg><orig>мнѣ</orig></choice> было <choice><reg>из</reg><orig>изъ</orig></choice> Москвы. — Я очень <choice><reg>благодарен</reg><orig>благодаренъ</orig></choice> <choice><reg>вам</reg><orig>вамъ</orig></choice> за ваше <choice><reg>согласие</reg><orig>согласiе</orig></choice> обезпечить <choice><reg>журнал</reg><orig>журналъ</orig></choice> и радуюсь полному <choice><reg>согласию</reg><orig>согласiю</orig></choice> установившемуся между вами, <choice><reg>Чертковым</reg><orig>Чертковымъ</orig></choice> и <choice><reg>Бирюковым</reg><orig>Бирюковымъ</orig></choice>.<note xml:id="note1" resp="volume_editor" index="false"> Об этом читаем в письме В. Г. Черткова к Толстому от 11 сентября 1885 г.: «Сибирякова мы с Бирюковым видели здесь [т. е. в Петербурге. <hi>Ред.</hi>]. 13-го вечером Павел Иванович и я, мы хотим поехать в Москву, чтобы 14-го сговориться с Сытиным относительно издания журнала. Оттуда Павел Иванович вернется в Петербург для окончательного соглашения с Сибиряковым и представления программы на утверждение правительства» (АТБ).</note> И они, и я — мы одинаково <choice><reg>смотрим</reg><orig>смотримъ</orig></choice> на <choice><reg>дело</reg><orig>дѣло</orig></choice>; <choice><reg>видим</reg><orig>видимъ</orig></choice> его большую важность и <choice><reg>робеем</reg><orig>робѣемъ</orig></choice> за свои силы. — Я <choice><reg>надеюсь</reg><orig>надѣюсь</orig></choice>, если и пока буду <choice><reg>жив</reg><orig>живъ</orig></choice>, вести <choice><reg>один</reg><orig>одинъ</orig></choice>, а то и два <choice><reg>отдела</reg><orig>отдѣла</orig></choice>. <choice><reg>Впрочем</reg><orig>Впрочемъ</orig></choice>, обо <choice><reg>всем</reg><orig>всемъ</orig></choice> <choice><reg>переговорим</reg><orig>переговоримъ</orig></choice>, если вы исполните ваше переданное <choice><reg>мне</reg><orig>мнѣ</orig></choice> <choice><reg>Владимиром</reg><orig>Владимiромъ</orig></choice> <choice><reg>Григорьевичем</reg><orig>Григорьевичемъ</orig></choice> <choice><reg>намерение</reg><orig>намѣренiе</orig></choice> <choice><reg>заехать</reg><orig>заѣхать</orig></choice> ко <choice><reg>мне</reg><orig>мнѣ</orig></choice> <choice><reg>в</reg><orig>въ</orig></choice> деревню <choice><reg>в</reg><orig>въ</orig></choice> <choice><reg>последних</reg><orig>послѣднихъ</orig></choice> <choice><reg>числах</reg><orig>числахъ</orig></choice> этого <choice><reg>месяца</reg><orig>мѣсяца</orig></choice>, <choice><reg>чем</reg><orig>чѣмъ</orig></choice> доставите <choice><reg>мне</reg><orig>мнѣ</orig></choice> большое <choice><reg>удовольствие</reg><orig>удовольствiе</orig></choice>. <choice><reg>Надеюсь</reg><orig>Надѣюсь</orig></choice> — до свиданья.</p>
<p rend="right"><choice><reg>Лев</reg><orig>Левъ</orig></choice> Толстой.</p>
<comments><p rend="Textpetit_otstup left">Печатается по тексту, впервые опубликованному Я. О. Якубовским в «Жизни для всех» 1911, 7, стр. 886. Датируется на основании следующих соображений. 7 сентября 1885 г. Толстой писал В. Г. Черткову: «Я получил от Сибирякова письмо через Москву поздно, так что не успел ответить» (AЧ). 11 сентября 1885 г. В. Г. Чертков сообщал <hi style="opdelimiter">Толстому:</hi><hi style="opnumber">287</hi> <hi style="npnumber">288</hi><hi style="npdelimiter">«Сибиряков</hi> через одну — две недели едет на юг, в Крым на зиму. Он проедет через Тулу, и ему очень хотелось бы заехать к вам в Ясную. Только он не решается это сделать без письма от вас и просил меня сообщить вам об этом» (АТБ). Но уже в письме от 21 сентября 1885 г. П. И. Бирюкова к Толстому читаем: «Сибиряков едет к вам» (АТБ). Так что, письмо Толстого к К. М. Сибирякову, вероятно, было написано вскоре после письма Черткова от 11 сентября 1885 г., но во всяком случае не позднее 19 сентября 1885 г., так как в письме П. И. Бирюкова, от 21 сентября уже сообщалось, что Сибиряков едет, что он мог сделать лишь по получении приглашения от Толстого, т. е. его письма.</p>
<p rend="petit left">Толстой отвечает на письмо К. М. Сибирякова от 24 августа 1885 г., который писал: «Редактором народной газеты приглашен мною Павел Иванович Бирюков, обратиться к которому Вы мне рекомендовали, об этом я уведомил также и В. Г. Черткова; так же представил им необходимость свидания между мною, Вами, В. Г. Чертковым и П. И. Бирюковым для обсуждения дальнейшего ведения дел. Около 7-го сентября рассчитываю быть проездом в Москве и в Петербурге, если Вы найдете возможным уведомить меня относительно этого вопроса, очень обяжете. Адрес мой для заказных: Самара, Оренбургская жел. дор., ст. Чарыковская, для телеграмм — просто на Чарыковскую станцию. В издании будут участвовать три лица — я, брат мой Иннокентий Михайлович и, вероятно, моя сестра Анна Михайловна; подписываться же в качестве редактора-издателя предложено П. И. Бирюкову. Если правительство разрешит журнал и дело осуществится, позвольте выразить надежду, что Вы будете содействовать его развитию и считать своим» («Письма о журнале для народа», стр. 70—71. Арх. К. С. Шохор-Троцкого).</p>
<p rend="Textpetit_otstup left"><hi>1</hi> Об этом читаем в письме В. Г. Черткова к Толстому от 11 сентября 1885 г.: «Сибирякова мы с Бирюковым видели здесь [т. е. в Петербурге. <hi>Ред.</hi>]. 13-го вечером Павел Иванович и я, мы хотим поехать в Москву, чтобы 14-го сговориться с Сытиным относительно издания журнала. Оттуда Павел Иванович вернется в Петербург для окончательного соглашения с Сибиряковым и представления программы на утверждение правительства» (АТБ).</p>
</comments></div></body>
        </text>
        </TEI>