<?xml version='1.0' encoding='UTF-8' standalone='no'?>

<TEI xmlns="http://www.tei-c.org/ns/1.0">
       <teiHeader>
          <fileDesc>
             <titleStmt>
                <title>Письмо №61. В. В. Арсеньевой.</title>
             </titleStmt>
             <publicationStmt>
                <publisher>TolstoyLab</publisher>
                <date when="2015-09-14">14 September 2015</date>
             </publicationStmt>
             <sourceDesc>
                <biblStruct>
                   <analytic>
                      <author>Толстой Л.Н.</author>
                   </analytic>
                   <monogr>
                      <title level="m">Полное собрание сочинений. Том 60</title>
                      <imprint>
                         <pubPlace>Москва</pubPlace>
                         <publisher>Государственное издательство "Художественная литература"</publisher>
                         <date when="1949"/>
                      </imprint>
                   </monogr>
                   <series>
                      <title level="s">Л.Н. Толстой. Полное собрание сочинений</title>
                      <biblScope unit="vol">60</biblScope>
                   </series>
                </biblStruct>
				<bibl>Впервые опубликовано в Б. I, 3, стр. <hi style="opdelimiter">360—361.</hi><hi style="opnumber">162</hi></bibl>
             </sourceDesc>
          </fileDesc>
          <encodingDesc>
             <tagsDecl> </tagsDecl>
          </encodingDesc>
          <profileDesc>
             <correspDesc>
                <correspAction type="sending">
                   <persName ref="PersonList.xml#L_N_Tolstoy">Л. Н. Толстой</persName>
                   <placeName ref="PlacesListxml#PLACE">Париж.</placeName>
                   <date when="1857-02-20">1857 г. Февраля 20</date>            </correspAction>
                <correspAction type="receiving">
                   <persName ref="PersonList.xml#RECEIVER">Арсеньев Владимир Михайлович</persName>
                </correspAction>
                <correspContext>
                   <ref type="prev"/>
                </correspContext>
             </correspDesc>
          </profileDesc>
       </teiHeader>
       <xenoData><number type="in a volume">61</number></xenoData>

              <text xml:id="V.V.Arsenevoj_61">
	<body><div>
		<opener index="false">
61. В. В. Арсеньевой.
1857 г. Февраля 20/Mapтa 4. Париж.</opener>
<p rend="right">20 <choice original_editorial_correction='Ф[евраля]'><sic>Ф</sic><corr>Февраля</corr></choice>.</p>
<p rend="right">4 <choice original_editorial_correction='М[арта]'><sic>М</sic><corr>Марта</corr></choice>.</p>
<p rend="left">Письмо ваше, которое я получил нынче, любезная Валерия Владимировна, ужасно обрадовало меня.<note xml:id="note1" resp="volume_editor" index="false"> Письмо В. В. Арсеньевой не сохранилось. В Дневнике Толстого под 19 февраля (3 марта) записано: «Получил письмо от Валерии» (т. 47, стр. 115), следовательно, оно получено не 20 февраля (4 марта), как сказано в письме, а накануне этого дня.</note> — Оно мне доказало, что вы не видите во мне какого-то злодея и изверга, а просто человека, с которым вы чуть было не сошлись в более близкие отношения, но к которому вы продолжаете иметь <hi style="opdelimiter">дружбу</hi><hi style="opnumber">161</hi> <hi style="npnumber">162</hi><hi style="npdelimiter">и</hi> уважение. — Что мне отвечать на вопрос, который вы мне делаете: почему? Даю вам честное слово (да и к чему честное слово, я никогда не лгал, говоря с вами), что перемене, которую вы находите во мне, не было никаких причин; да и перемены, собственно, не было. Я всегда повторял вам, что не знаю, какого рода чувство я имел к вам, и что мне всегда казалось, что что-то не то. Одно время, перед отъездом моим из деревни, одиночество, частые свидания с вами, а главное, ваша милая наружность и особенно характер сделали то, что я почти готов был верить, что влюблен в вас, но всё что-то говорило мне, что не то, что я и не скрывал от вас; и даже вследствие этого уехал в Петербург. В Петербурге я вел жизнь уединенную, но, несмотря на то, одно то, что я не видал вас, показало мне, что я никогда не был и не буду влюблен в вас. А ошибиться в этом деле была бы беда и для меня и для вас. Вот и вся история. Правда, что эта откровенность была неуместна. Я мог делать опыты с собой, не увлекая вас; но в этом я отдал дань своей неопытности и каюсь в этом, прошу у вас прощенья, и это мучает меня; но не только бесчестного, но даже в скрытности меня упрекать не следует. —</p>
<p rend="left">Что делать, запутались; но постараемся остаться друзьями. Я с своей стороны сильно желаю этого, и всё, что касается вас, всегда будет сильно интересовать меня. — Верганичка в своем письме поступила, как отличная женщина, чем она никогда не перестанет для меня быть, т. е. она поступила нелогически, но горячо так, как она любит. Я вот уж 2 недели живу в Париже. Не могу сказать, чтоб мне было весело, даже не могу сказать, чтоб было приятно, но занимательно чрезвычайно. Скоро думаю ехать в Италию. —</p>
<p rend="left">Как вы поживаете в своем милом Судакове? Занимаетесь ли музыкой и чтением? Или неужели всё скучаете? Избави Бог, вам этого не следует делать. — Французы играют Бетховена, к моему великому удивлению, как боги, и вы можете себе представить, как я наслаждаюсь, слушая эту musique d’ensemble,<note xml:id="note2" resp="volume_editor" index="false"> [музыкальный ансамбль,]</note> исполненную лучшими в мире артистами. Прощайте, любезная соседка, от души [жму] вашу руку и остаюсь вам истинно преданный </p>
<p rend="right">Гр. Л. Толстой.</p>
<comments><p rend="Textpetit_otstup left">Впервые опубликовано в Б. I, 3, стр. <hi style="opdelimiter">360—361.</hi><hi style="opnumber">162</hi></p>
<p rend="Textpetit_otstup left"><hi>1</hi> Письмо В. В. Арсеньевой не сохранилось. В Дневнике Толстого под 19 февраля (3 марта) записано: «Получил письмо от Валерии» (т. 47, стр. 115), следовательно, оно получено не 20 февраля (4 марта), как сказано в письме, а накануне этого дня.</p>
<p rend="petit left"><hi>2</hi> [музыкальный ансамбль,]</p>
</comments></div></body>
        </text>
        </TEI>