<?xml version='1.0' encoding='UTF-8' standalone='no'?>

<TEI xmlns="http://www.tei-c.org/ns/1.0">
       <teiHeader>
          <fileDesc>
             <titleStmt>
                <title>Письмо №415. П. И. Бирюкову.</title>
             </titleStmt>
             <publicationStmt>
                <publisher>TolstoyLab</publisher>
                <date when="2015-09-14">14 September 2015</date>
             </publicationStmt>
             <sourceDesc>
                <biblStruct>
                   <analytic>
                      <author>Толстой Л.Н.</author>
                   </analytic>
                   <monogr>
                      <title level="m">Полное собрание сочинений. Том 63</title>
                      <imprint>
                         <pubPlace>Москва</pubPlace>
                         <publisher>Государственное издательство "Художественная литература"</publisher>
                         <date when="1934"/>
                      </imprint>
                   </monogr>
                   <series>
                      <title level="s">Л.Н. Толстой. Полное собрание сочинений</title>
                      <biblScope unit="vol">63</biblScope>
                   </series>
                </biblStruct>
				<bibl>Печатается по автографу, хранящемуся в БЛ. Впервые опубликовано в «Жизни для всех» 1911, 7, стр. 885—886. Датируется на основании ответного письма П. И. Бирюкова от 21 сентября 1885 г. <hi style="opdelimiter">(АТБ).</hi><hi style="opnumber">286</hi></bibl>
             </sourceDesc>
          </fileDesc>
          <encodingDesc>
             <tagsDecl> </tagsDecl>
          </encodingDesc>
          <profileDesc>
             <correspDesc>
                <correspAction type="sending">
                   <persName ref="PersonList.xml#L_N_Tolstoy">Л. Н. Толстой</persName>
                   <placeName ref="PlacesListxml#PLACE">Я. П.</placeName>
                   <date from="1885-09-17" to="1885-09-18">1885 г. Сентября 17 — 18?</date>            </correspAction>
                <correspAction type="receiving">
                   <persName ref="PersonList.xml#RECEIVER">Бирюков Павел Иванович</persName>
                </correspAction>
                <correspContext>
                   <ref type="prev"/>
                </correspContext>
             </correspDesc>
          </profileDesc>
       </teiHeader>
       <xenoData><number type="in a volume">415</number></xenoData>

              <text xml:id="P__I__Biryukovu_415">
	<body><div>
		<opener index="false">
415. П. И. Бирюкову.
1885 г. Сентября 17—18? Я. П.
</opener><p rend="left"><choice><reg>Как</reg><orig>Какъ</orig></choice> жаль, что вы не могли <choice><reg>приехать</reg><orig>прiѣхать</orig></choice>, дорогой <choice><reg>Павел</reg><orig>Павелъ</orig></choice> <choice><reg>Иванович</reg><orig>Ивановичъ</orig></choice>. <choice><reg>Журнал</reg><orig>Журналъ</orig></choice><note xml:id="note1" resp="volume_editor" index="false"> Предполагавшийся к изданию «Народный журнал». См. прим. к письму № 349.</note> очень <choice><reg>вызывает</reg><orig>вызываетъ</orig></choice> меня <choice><reg>к</reg><orig>къ</orig></choice> <choice><reg>деятельности</reg><orig>дѣятельности</orig></choice>; не знаю, что <choice><reg>Бог</reg><orig>Богъ</orig></choice> <choice><reg>даст</reg><orig>дастъ</orig></choice>. Пришлите, пожалуйста, программу,<note xml:id="note2" resp="volume_editor" index="false"> На это П. И. Бирюков отвечал: «Посылаю Вам программу журнала. Я согласен с Вами, что самое важное — язык и самое трудное — научный отдел. Хотелось бы об нем поговорить с Вами, у меня есть кое-какие мысли об этом» (из письма П. И. Бирюкова к Толстому от 21 сентября 1885 г. АТБ).</note> если у <choice><reg>вас</reg><orig>васъ</orig></choice> есть. — Меня <choice><reg>смущает</reg><orig>смущаетъ</orig></choice> научный <choice><reg>отдел</reg><orig>отдѣлъ</orig></choice>. Это самое трудное. <choice><reg>Как</reg><orig>Какъ</orig></choice> <choice><reg>раз</reg><orig>разъ</orig></choice> <choice><reg>выйдет</reg><orig>выйдетъ</orig></choice> пошлость. А <choice><reg>этого</reg><orig>этаго</orig></choice> надо бояться больше всего.</p>
<p rend="left"><choice><reg>Язык</reg><orig>Языкъ</orig></choice> надо бы по <choice><reg>всем</reg><orig>всѣмъ</orig></choice> <choice><reg>отделам</reg><orig>отдѣламъ</orig></choice> держать <choice><reg>в</reg><orig>въ</orig></choice> <choice><reg>чистоте</reg><orig>чистотѣ</orig></choice> — не то, чтобы <choice><reg>он</reg><orig>онъ</orig></choice> <choice><reg>был</reg><orig>былъ</orig></choice> <choice><reg>однообразен</reg><orig>однообразенъ</orig></choice>, а <choice><reg>напротив</reg><orig>напротивъ</orig></choice> — чтобы не было того <choice><reg>однообразного</reg><orig>однообразнаго</orig></choice> <choice><reg>литературного</reg><orig>литературнаго</orig></choice> языка, всегда <choice><reg>прикрывающего</reg><orig>прикрывающаго</orig></choice> пустоту. Пусть <choice><reg>будет</reg><orig>будетъ</orig></choice> <choice><reg>язык</reg><orig>языкъ</orig></choice> Карамзина,<note xml:id="note3" resp="volume_editor" index="false"> Николай Михайлович Карамзин (1766—1826), писатель и историк.</note> Филарета,<note xml:id="note4" resp="volume_editor" index="false"> Филарет (Дроздов) (1783—1867) — митрополит московский, известный в свое время проповедник.</note> попа Авакума,<note xml:id="note5" resp="volume_editor" index="false"> Аввакум Петрович (р. около 1610 г. — ум. 1681 г.), протопоп г. Юрьевца Поволожского, глава старообрядческого движения, автор многих сочинений богословского полемического содержания. Сочинения Аввакума напечатаны в кн. Н. Субботина «Материалы для истории русского раскола» М. 1875—1887.</note> но только не <choice><reg>наш</reg><orig>нашъ</orig></choice> газетный. Если газетный <choice><reg>язык</reg><orig>языкъ</orig></choice> <choice><reg>будет</reg><orig>будетъ</orig></choice> <choice><reg>в</reg><orig>въ</orig></choice> <choice><reg>нашем</reg><orig>нашемъ</orig></choice> <choice><reg>журнале</reg><orig>журналѣ</orig></choice>, то все пропало.</p>
<p rend="left">Пишу несвязно: слушаю <choice><reg>разговор</reg><orig>разговоръ</orig></choice> <choice original_editorial_correction='Чертк[ова]'><sic>Чертк</sic><corr>Черткова</corr></choice> <choice><reg>с</reg><orig>съ</orig></choice> <choice><reg>Файнерманом</reg><orig>Файнерманомъ</orig></choice>.<note xml:id="note6" resp="volume_editor" index="false"> Файнерман Исаак Борисович. См. прим. к письму № 575.</note> Поблагодарите <choice original_editorial_correction='Алекс[андру]'><sic>Алекс</sic><corr>Александру</corr></choice> <choice original_editorial_correction='Михайлов[ну]'><sic>Михайлов</sic><corr>Михайловну</corr></choice><note xml:id="note7" resp="volume_editor" index="false"> Александра Михайловна Калмыкова.</note> за ея письмо; я ей отвѣчу послѣ. Фрею я отвѣчалъ<note xml:id="note8" resp="volume_editor" index="false"> Вильям Фрей. См. прим. к письму № 490. Упоминаемое здесь письмо Толстого к Фрею осталось неизвестно редакции.</note> <choice><reg>тотчас</reg><orig>тотчасъ</orig></choice> по <choice><reg>получении</reg><orig>полученiи</orig></choice> письма<note xml:id="note9" resp="volume_editor" index="false"> <hi>В подлиннике:</hi> письмо</note> <choice><reg>в</reg><orig>въ</orig></choice> <choice original_editorial_correction='П[етер]б[ур'><sic>Пб[ур</sic><corr>Петербур</corr></choice>]<choice><reg>г</reg><orig>гъ</orig></choice>. Теперь буду читать его длинное письмо.<note xml:id="note10" resp="volume_editor" index="false"> Письмо Фрея от 10 сентября 1885 г.; напечатано в сборнике: «Письма В. Фрея Л. Н. Толстому» Женева. 1887.</note> Желаю <choice><reg>вам</reg><orig>вамъ</orig></choice> всего <choice><reg>лучшего</reg><orig>лучшаго</orig></choice>, потому что очень <choice><reg>вас</reg><orig>васъ</orig></choice> люблю. —</p>
<p rend="right">Л. Толстой. —</p>
<comments><p rend="Textpetit_otstup left">Печатается по автографу, хранящемуся в БЛ. Впервые опубликовано в «Жизни для всех» 1911, 7, стр. 885—886. Датируется на основании ответного письма П. И. Бирюкова от 21 сентября 1885 г. <hi style="opdelimiter">(АТБ).</hi><hi style="opnumber">286</hi></p>
<p rend="Textpetit_otstup left"><hi>1</hi> Предполагавшийся к изданию «Народный журнал». См. прим. к письму № 349.</p>
<p rend="petit left"><hi>2</hi> На это П. И. Бирюков отвечал: «Посылаю Вам программу журнала. Я согласен с Вами, что самое важное — язык и самое трудное — научный отдел. Хотелось бы об нем поговорить с Вами, у меня есть кое-какие мысли об этом» (из письма П. И. Бирюкова к Толстому от 21 сентября 1885 г. АТБ).</p>
<p rend="petit left"><hi>3</hi> Николай Михайлович Карамзин (1766—1826), писатель и историк.</p>
<p rend="petit left"><hi>4</hi> Филарет (Дроздов) (1783—1867) — митрополит московский, известный в свое время проповедник.</p>
<p rend="petit left"><hi>5</hi> Аввакум Петрович (р. около 1610 г. — ум. 1681 г.), протопоп г. Юрьевца Поволожского, глава старообрядческого движения, автор многих сочинений богословского полемического содержания. Сочинения Аввакума напечатаны в кн. Н. Субботина «Материалы для истории русского раскола» М. 1875—1887.</p>
<p rend="petit left"><hi>6</hi> Файнерман Исаак Борисович. См. прим. к письму № 575.</p>
<p rend="petit left"><hi>7</hi> Александра Михайловна Калмыкова.</p>
<p rend="petit left"><hi>8</hi> Вильям Фрей. См. прим. к письму № 490. Упоминаемое здесь письмо Толстого к Фрею осталось неизвестно редакции.</p>
<p rend="petit left"><hi>9</hi> <hi>В подлиннике:</hi> письмо</p>
<p rend="petit left"><hi>10</hi> Письмо Фрея от 10 сентября 1885 г.; напечатано в сборнике: «Письма В. Фрея Л. Н. Толстому» Женева. 1887.</p>
</comments></div></body>
        </text>
        </TEI>