<?xml version='1.0' encoding='UTF-8' standalone='no'?>

<TEI xmlns="http://www.tei-c.org/ns/1.0">
       <teiHeader>
          <fileDesc>
             <titleStmt>
                <title>Письмо №72. С. А. Толстой</title>
             </titleStmt>
             <publicationStmt>
                <publisher>TolstoyLab</publisher>
                <date when="2015-09-14">14 September 2015</date>
             </publicationStmt>
             <sourceDesc>
                <biblStruct>
                   <analytic>
                      <author>Толстой Л.Н.</author>
                   </analytic>
                   <monogr>
                      <title level="m">Полное собрание сочинений. Том 83</title>
                      <imprint>
                         <pubPlace>Москва</pubPlace>
                         <publisher>Государственное издательство "Художественная литература"</publisher>
                         <date when="1938"/>
                      </imprint>
                   </monogr>
                   <series>
                      <title level="s">Л.Н. Толстой. Полное собрание сочинений</title>
                      <biblScope unit="vol">83</biblScope>
                   </series>
                </biblStruct>
				<bibl>Печатается по автографу, хранящемуся в АТБ. Впервые опубликовано по копии, сделанной рукой С. А. Толстой, в ПЖ, стр. 51—52. Датируется на основании пометы Толстого в конце письма: «27».</bibl>
             </sourceDesc>
          </fileDesc>
          <encodingDesc>
             <tagsDecl> </tagsDecl>
          </encodingDesc>
          <profileDesc>
             <correspDesc>
                <correspAction type="sending">
                   <persName ref="PersonList.xml#L_N_Tolstoy">Л. Н. Толстой</persName>
                   <placeName ref="PlacesListxml#PLACE">Москва.</placeName>
                   <date when="1867-09-27">1867 г. Сентября 27.</date>            </correspAction>
                <correspAction type="receiving">
                   <persName ref="PersonList.xml#RECEIVER">Толстая Софья Андреевна</persName>
                </correspAction>
                <correspContext>
                   <ref type="prev"/>
                </correspContext>
             </correspDesc>
          </profileDesc>
       </teiHeader>
       <xenoData><number type="in a volume">72</number></xenoData>

       <text xml:id="a27_72">
	<body><div>
		<opener index="false">
72.
1867 г. Сентября 27. Москва.</opener>
<p rend="left"><choice><reg>Сейчас</reg><orig>Сейчасъ</orig></choice> <choice><reg>приехал</reg><orig>прiѣхалъ</orig></choice> <choice><reg>из</reg><orig>изъ</orig></choice> Бородина. Я очень <choice><reg>доволен</reg><orig>доволенъ</orig></choice>, очень, — своей <choice><reg>поездкой</reg><orig>поѣздкой</orig></choice> и даже <choice><reg>тем</reg><orig>тѣмъ</orig></choice>, <choice><reg>как</reg><orig>какъ</orig></choice> я <choice><reg>перенес</reg><orig>перенесъ</orig></choice> ее, несмотря на <choice><reg>отсутствие</reg><orig>отсутствiе</orig></choice> сна и <choice><reg>еды</reg><orig>ѣды</orig></choice> порядочной. Только бы <choice><reg>дал</reg><orig>далъ</orig></choice> <choice><reg>Бог</reg><orig>Богъ</orig></choice> здоровья и <choice><reg>спокойствия</reg><orig>спокойствiя</orig></choice>, а я напишу такое бородинское <hi style="opdelimiter"><choice><reg>сражение</reg><orig>сраженiе</orig></choice>,</hi><hi style="opnumber">152</hi> <hi style="npnumber">153</hi><hi style="npdelimiter">какого</hi> еще не было.<note xml:id="note1" resp="volume_editor" index="false"> Сражение описано Толстым в главах XXVI—XXXIX третьего тома «Войны и мира» (по изд. 1886 г.), которые были закончены автором к январю 1868 <hi style="opdelimiter">г.</hi><hi style="opnumber">153</hi></note> Все хвастается! <choice><reg>Видел</reg><orig>Видѣлъ</orig></choice> тебя во <choice><reg>сне</reg><orig>снѣ</orig></choice>, лежа <choice><reg>в</reg><orig>въ</orig></choice> <choice><reg>монастыре</reg><orig>монастырѣ</orig></choice>, и <choice><reg>так</reg><orig>такъ</orig></choice> ясно, что вспоминаю о <choice><reg>сне</reg><orig>снѣ</orig></choice>, <choice><reg>как</reg><orig>какъ</orig></choice> о <choice><reg>действительности</reg><orig>дѣйствительности</orig></choice>, и <choice><reg>с</reg><orig>съ</orig></choice> <choice><reg>страхом</reg><orig>страхомъ</orig></choice> думаю о <choice><reg>тебе</reg><orig>тебѣ</orig></choice>.</p>
<p rend="left">Не пишу <choice><reg>тебе</reg><orig>тебѣ</orig></choice> подробности <choice><reg>поездки</reg><orig>поѣздки</orig></choice> — <choice><reg>расскажу</reg><orig>разскажу</orig></choice>. Первую ночь <choice><reg>ехал</reg><orig>ѣхалъ</orig></choice> до Можайска 100 <choice><reg>верст</reg><orig>верстъ</orig></choice> и <choice><reg>соснул</reg><orig>соснулъ</orig></choice> поутру на <choice><reg>станции</reg><orig>станцiи</orig></choice>, вторую ночь ночевали <choice><reg>в</reg><orig>въ</orig></choice> <choice><reg>гостиннице</reg><orig>гостинницѣ</orig></choice> монастыря. <choice><reg>Встал</reg><orig>Всталъ</orig></choice> на <choice><reg>заре</reg><orig>зарѣ</orig></choice>, <choice><reg>объехал</reg><orig>объѣхалъ</orig></choice> еще <choice><reg>раз</reg><orig>разъ</orig></choice> поле и весь день <choice><reg>ехали</reg><orig>ѣхали</orig></choice> до Москвы.</p>
<p rend="left"><choice><reg>Получил</reg><orig>Получилъ</orig></choice> твои два письма.<note xml:id="note2" resp="volume_editor" index="false"> Письма эти не сохранились. Среди писем С. А. Толстой имеется лишь недатированное письмо, с пометой «пятница», где речь идет о болезни дочери Тани. Это письмо, надо думать, отправлено С. А. Толстой 29 сентября 1867 г.; оно начинается словами: «Тане гораздо лучше, я теперь и жалею, что послала телеграмму», кончается словами: «Высылаю лошадь не столько для того, чтобы они привезли тебя, сколько для того, чтобы тебе дать известие о Тане» (не опубликовано).</note> Грустно о большой Танѣ и страшно, очень страшно стало за маленькую Таню. (Я знаю, вижу, и люблю, и боюсь ея съ ея жаромъ.) Но главное стало хорошо на сердцѣ отъ твоихъ писемъ, отъ того, что есть <hi>тебя </hi><choice><reg>в</reg><orig>въ</orig></choice> <choice><reg>них</reg><orig>нихъ</orig></choice>. И все лучшее твое ты кладешь <choice><reg>в</reg><orig>въ</orig></choice> письма и мысли обо <choice><reg>мне</reg><orig>мнѣ</orig></choice>. А <choice><reg>в</reg><orig>въ</orig></choice> жизни часто <choice><reg>заглушает</reg><orig>заглушаетъ</orig></choice> это и тошнота, и чувство спора. Я это знаю.</p>
<p rend="left">Я занимаю 1000 р. у Перфильева и потому буду <choice><reg>богат</reg><orig>богатъ</orig></choice>, и куплю шапку, и сапоги, и все, что велишь. — Знаю, что ты <choice><reg>рассердишься</reg><orig>разсердишься</orig></choice> на то, что я занимаю. Не сердись; я занимаю <choice><reg>затем</reg><orig>затѣмъ</orig></choice>, чтобы это первое время зимы быть <choice><reg>свободным</reg><orig>свободнымъ</orig></choice>, не <choice><reg>стесненным</reg><orig>стѣсненнымъ</orig></choice> и <choice><reg>нетревожимым</reg><orig>нетревожимымъ</orig></choice> денежными <choice><reg>делами</reg><orig>дѣлами</orig></choice>, и <choice><reg>с</reg><orig>съ</orig></choice> этой <choice><reg>целью</reg><orig>цѣлью</orig></choice> <choice><reg>намерен</reg><orig>намѣренъ</orig></choice> эти деньги беречь <choice><reg>как</reg><orig>какъ</orig></choice> можно и <choice><reg>иметь</reg><orig>имѣть</orig></choice> <choice><reg>их</reg><orig>ихъ</orig></choice> только на то, чтобы знать, что есть деньги, чтобы расчесть <choice><reg>невыгодного</reg><orig>невыгоднаго</orig></choice> и <choice><reg>лишнего</reg><orig>лишняго</orig></choice> <choice><reg>человека</reg><orig>человѣка</orig></choice> и т. п. Ты поймешь и поможешь <choice><reg>мне</reg><orig>мнѣ</orig></choice>. Письма твои, душенька, для меня огромное <choice><reg>наслаждение</reg><orig>наслажденiе</orig></choice>, и не говори <choice><reg>вздор</reg><orig>вздоръ</orig></choice>, <choice><reg>чтоб</reg><orig>чтобъ</orig></choice> я <choice><reg>их</reg><orig>ихъ</orig></choice> <choice><reg>давал</reg><orig>давалъ</orig></choice> читать. —</p>
<p rend="left"><choice><reg>В</reg><orig>Въ</orig></choice> <choice><reg>Бородине</reg><orig>Бородинѣ</orig></choice> <choice><reg>мне</reg><orig>мнѣ</orig></choice> было <choice><reg>приятно</reg><orig>прiятно</orig></choice>, и было <choice><reg>сознание</reg><orig>сознанiе</orig></choice> того, что я <choice><reg>делаю</reg><orig>дѣлаю</orig></choice> <choice><reg>дело</reg><orig>дѣло</orig></choice>; но <choice><reg>в</reg><orig>въ</orig></choice> <choice><reg>городе</reg><orig>городѣ</orig></choice> <choice><reg>мне</reg><orig>мнѣ</orig></choice> невыносимо, а ты говоришь, что я люблю шляться. Я бы только <choice><reg>желал</reg><orig>желалъ</orig></choice>, чтобы ты <choice><reg>в</reg><orig>въ</orig></choice> <hi>1</hi>/<sub>10</sub> <choice><reg>так</reg><orig>такъ</orig></choice> любила деревню и <choice><reg>ненавидела</reg><orig>ненавидѣла</orig></choice> праздную суету города, <choice><reg>как</reg><orig>какъ</orig></choice> я. Завтра, <choice><reg>поеду</reg><orig>поѣду</orig></choice> <choice><reg>к</reg><orig>къ</orig></choice> <choice><reg>Перфильевым</reg><orig>Перфильевымъ</orig></choice> поблагодарить <choice><reg>их</reg><orig>ихъ</orig></choice>, и увижу Риса<note xml:id="note4" resp="volume_editor" index="false"> <hi>В подлиннике:</hi> Рису</note> и буду <choice><reg>делать</reg><orig>дѣлать</orig></choice> покупку и ежели все кончу и <choice><reg>Дьяков</reg><orig>Дьяковъ</orig></choice> <choice><reg>готов</reg><orig>готовъ</orig></choice>, то <choice><reg>поеду</reg><orig>поѣду</orig></choice> <choice><reg>в</reg><orig>въ</orig></choice> пятницу<note xml:id="note5" resp="volume_editor" index="false"> 29 сентября.</note> <choice><reg>утром</reg><orig>утромъ</orig></choice>. Прощай, душенька, <choice><reg>целую</reg><orig>цѣлую</orig></choice> тебя и <choice><reg>детей</reg><orig>дѣтей</orig></choice>.</p>
<p rend="left">27.</p>
<comments><p rend="Textpetit_otstup left">Печатается по автографу, хранящемуся в АТБ. Впервые опубликовано по копии, сделанной рукой С. А. Толстой, в ПЖ, стр. 51—52. Датируется на основании пометы Толстого в конце письма: «27».</p>
<p rend="Textpetit_otstup left"><hi>1</hi> Сражение описано Толстым в главах XXVI—XXXIX третьего тома «Войны и мира» (по изд. 1886 г.), которые были закончены автором к январю 1868 <hi style="opdelimiter">г.</hi><hi style="opnumber">153</hi></p>
<p rend="petit left"><hi>2</hi> Письма эти не сохранились. Среди писем С. А. Толстой имеется лишь недатированное письмо, с пометой «пятница», где речь идет о болезни дочери Тани. Это письмо, надо думать, отправлено С. А. Толстой 29 сентября 1867 г.; оно начинается словами: «Тане гораздо лучше, я теперь и жалею, что послала телеграмму», кончается словами: «Высылаю лошадь не столько для того, чтобы они привезли тебя, сколько для того, чтобы тебе дать известие о Тане» (не опубликовано).</p>
<p rend="petit left"><hi>3</hi> <hi>В подлиннике:</hi> Рису</p>
<p rend="petit left"><hi>4</hi> 29 сентября.</p>
</comments></div></body>
        </text>
        </TEI>