<?xml version='1.0' encoding='UTF-8' standalone='no'?>

<TEI xmlns="http://www.tei-c.org/ns/1.0">
       <teiHeader>
          <fileDesc>
             <titleStmt>
                <title>Письмо №* 191. М. С. Башилову.</title>
             </titleStmt>
             <publicationStmt>
                <publisher>TolstoyLab</publisher>
                <date when="2015-09-14">14 September 2015</date>
             </publicationStmt>
             <sourceDesc>
                <biblStruct>
                   <analytic>
                      <author>Толстой Л.Н.</author>
                   </analytic>
                   <monogr>
                      <title level="m">Полное собрание сочинений. Том 61</title>
                      <imprint>
                         <pubPlace>Москва</pubPlace>
                         <publisher>Государственное издательство "Художественная литература"</publisher>
                         <date when="1953"/>
                      </imprint>
                   </monogr>
                   <series>
                      <title level="s">Л.Н. Толстой. Полное собрание сочинений</title>
                      <biblScope unit="vol">61</biblScope>
                   </series>
                </biblStruct>
             </sourceDesc>
          </fileDesc>
          <encodingDesc>
             <tagsDecl> </tagsDecl>
          </encodingDesc>
          <profileDesc>
             <correspDesc>
                <correspAction type="sending">
                   <persName ref="PersonList.xml#L_N_Tolstoy">Л. Н. Толстой</persName>
                   <placeName ref="PlacesListxml#PLACE">Москва.</placeName>
                   <date when="1866-11-17">1866 г. Ноября 17.</date>            </correspAction>
                <correspAction type="receiving">
                   <persName ref="PersonList.xml#RECEIVER">Башилов Михаил Сергеевич</persName>
                </correspAction>
                <correspContext>
                   <ref type="prev"/>
                </correspContext>
             </correspDesc>
          </profileDesc>
       </teiHeader>
       <xenoData><number type="in a volume">191</number></xenoData>

              <text xml:id="M__S__Bashilovu_191">
	<body><div>
		<opener index="false">
* 191. М. С. Башилову.
1866 г. Ноября 17...18. Москва.</opener>
<p rend="left">Будьте так добры, любезный Михаил Сергеевич, передать Рису доски и картинки.</p>
<p rend="right">Ваш Толстой.</p>
<p rend="left">Если успею, побываю у вас.</p>
<comments><p rend="Textpetit_otstup left">Датируется последними днями пребывания Толстого в Москве, где он был с 11 по 18 ноября. <ref target="file:///Volume_61_M__S__Bashilovu_192.xml">См. письмо № 192</ref>.</p>
</comments></div></body>
        </text>
        </TEI>