<?xml version='1.0' encoding='UTF-8' standalone='no'?>

<TEI xmlns="http://www.tei-c.org/ns/1.0">
       <teiHeader>
          <fileDesc>
             <titleStmt>
                <title>Письмо №342. С. А. Толстой</title>
             </titleStmt>
             <publicationStmt>
                <publisher>TolstoyLab</publisher>
                <date when="2015-09-14">14 September 2015</date>
             </publicationStmt>
             <sourceDesc>
                <biblStruct>
                   <analytic>
                      <author>Толстой Л.Н.</author>
                   </analytic>
                   <monogr>
                      <title level="m">Полное собрание сочинений. Том 83</title>
                      <imprint>
                         <pubPlace>Москва</pubPlace>
                         <publisher>Государственное издательство "Художественная литература"</publisher>
                         <date when="1938"/>
                      </imprint>
                   </monogr>
                   <series>
                      <title level="s">Л.Н. Толстой. Полное собрание сочинений</title>
                      <biblScope unit="vol">83</biblScope>
                   </series>
                </biblStruct>
				<bibl>Печатается по автографу, хранящемуся в АТБ. Впервые опубликовано по копии, сделанной С. А. Толстой, в ПЖ, стр. 283—284 с заменой слова Государю через Г...ю. Датируется на основании почтовых штемпелей: «Москва. 22 ноября. 1885; С.-Петербург. 23 ноября. 1885» и даты следующего письма.</bibl>
             </sourceDesc>
          </fileDesc>
          <encodingDesc>
             <tagsDecl> </tagsDecl>
          </encodingDesc>
          <profileDesc>
             <correspDesc>
                <correspAction type="sending">
                   <persName ref="PersonList.xml#L_N_Tolstoy">Л. Н. Толстой</persName>
                   <placeName ref="PlacesListxml#PLACE">Москва.</placeName>
                   <date when="1885-11-21">1885 г. Ноября 21.</date>            </correspAction>
                <correspAction type="receiving">
                   <persName ref="PersonList.xml#RECEIVER">Толстая Софья Андреевна</persName>
                </correspAction>
                <correspContext>
                   <ref type="prev"/>
                </correspContext>
             </correspDesc>
          </profileDesc>
       </teiHeader>
       <xenoData><number type="in a volume">342</number></xenoData>

       <text xml:id="a21_342">
	<body><div>
		<opener index="false">
342.
1885 г. Ноября 21. Москва.</opener>
<p rend="left">Нынче <choice><reg>праздник</reg><orig>праздникъ</orig></choice>,<note xml:id="note1" resp="volume_editor" index="false"> 21 ноября праздник — «Введения во храм богородицы».</note> прекрасная погода. Я <choice><reg>встал</reg><orig>всталъ</orig></choice> рано, утро <choice><reg>провел</reg><orig>провелъ</orig></choice> <choice><reg>се</reg><orig>сѣ</orig></choice> маленькими. Сашу водили гулять, она радовалась, ужасно мила была. <choice><reg>Потом</reg><orig>Потомъ</orig></choice> <choice><reg>ушел</reg><orig>ушелъ</orig></choice> заниматься и <choice><reg>знал</reg><orig>зналъ</orig></choice>, что наши <choice><reg>все</reg><orig>всѣ</orig></choice> <choice><reg>поехали</reg><orig>поѣхали</orig></choice> на <choice><reg>Патреаршие</reg><orig>Патреаршiе</orig></choice>,<note xml:id="note2" resp="volume_editor" index="false"> На Патриарших прудах в Москве устраивался каток для конькобежцев.</note> где очень веселились. Алеша <choice><reg>гулял</reg><orig>гулялъ</orig></choice> <choice><reg>отдельно</reg><orig>отдѣльно</orig></choice> <choice><reg>с</reg><orig>съ</orig></choice> няней, и <choice><reg>офицер</reg><orig>офицеръ</orig></choice> <choice><reg>Левашов</reg><orig>Левашовъ</orig></choice><note xml:id="note3" resp="volume_editor" index="false"> Левашов, квартирант во флигеле Хамовнического дома Толстых.</note> <choice><reg>возил</reg><orig>возилъ</orig></choice> его <choice><reg>в</reg><orig>въ</orig></choice> кондитерскую и <choice><reg>купил</reg><orig>купилъ</orig></choice> ему <choice><reg>конфет</reg><orig>конфетъ</orig></choice>. Илью, <choice><reg>как</reg><orig>какъ</orig></choice> всегда, и не видать. <choice><reg>Спит</reg><orig>Спитъ</orig></choice>, или <choice><reg>вне</reg><orig>внѣ</orig></choice> дома. Теперь знаю, что <choice><reg>он</reg><orig>онъ</orig></choice> <choice><reg>в</reg><orig>въ</orig></choice> <choice><reg>Чернявском</reg><orig>Чернявскомъ</orig></choice><note xml:id="note4" resp="volume_editor" index="false"> Усачевско-Чернявское женское училище находилось на Девичьем поле в Москве.</note> <choice><reg>слушает</reg><orig>слушаетъ</orig></choice> Зилоти.<note xml:id="note5" resp="volume_editor" index="false"> Александр Ильич Зилотти (р. 1863 г.), пианист; в 1888—1890 гг. профессор Московской консерватории.</note> И Таня, Маша и Сережа <hi style="opdelimiter"><choice><reg>там</reg><orig>тамъ</orig></choice>.</hi><hi style="opnumber">532</hi> <hi style="npnumber">533</hi><hi style="npdelimiter">Таню</hi> я <choice><reg>посылал</reg><orig>посылалъ</orig></choice> <choice><reg>с</reg><orig>съ</orig></choice> <choice><reg>письмом</reg><orig>письмомъ</orig></choice> <choice><reg>к</reg><orig>къ</orig></choice> Шуваловой о <choice><reg>Залюбовском</reg><orig>Залюбовскомъ</orig></choice>.<note xml:id="note6" resp="volume_editor" index="false"> Гр. Шувалова жила в Москве на Большой Никитской улице, в доме <hi style="opdelimiter">Лопатиной.</hi><hi style="opnumber">533</hi></note> <choice original_editorial_correction='Шув[алова]'><sic>Шув</sic><corr>Шувалова</corr></choice> <choice original_editorial_correction='б[ыла]'><sic>б</sic><corr>была</corr></choice> очень мила <choice><reg>с</reg><orig>съ</orig></choice> ней и <choice><reg>обещала</reg><orig>обѣщала</orig></choice> написать. <choice><reg>Мне</reg><orig>Мнѣ</orig></choice> <choice><reg>помешала</reg><orig>помѣшала</orig></choice> учительница (не <choice><reg>совсем</reg><orig>совсѣмъ</orig></choice> <choice><reg>помешала</reg><orig>помѣшала</orig></choice>, я <choice><reg>был</reg><orig>былъ</orig></choice> <choice><reg>слаб</reg><orig>слабъ</orig></choice> писать) <choice><reg>с</reg><orig>съ</orig></choice> <choice><reg>сочинением</reg><orig>сочиненiемъ</orig></choice>, <choice><reg>написанным</reg><orig>написаннымъ</orig></choice> <choice><reg>духом</reg><orig>духомъ</orig></choice> Филарета<note xml:id="note7" resp="volume_editor" index="false"> Московский митрополит Филарет (Василий Дроздов) (1782—1867).</note> о <choice><reg>религии</reg><orig>религiи</orig></choice> (<choice><reg>спиритизм</reg><orig>спиритизмъ</orig></choice>). <choice><reg>Сочинение</reg><orig>Сочиненiе</orig></choice> странное, но много <choice><reg>в</reg><orig>въ</orig></choice> <choice><reg>нем</reg><orig>немъ</orig></choice> <choice><reg>хорошего</reg><orig>хорошаго</orig></choice>. <choice><reg>Потом</reg><orig>Потомъ</orig></choice> я <choice><reg>пошел</reg><orig>пошелъ</orig></choice> попилить и поколоть дрова (<choice><reg>утром</reg><orig>утромъ</orig></choice> не <choice><reg>выходил</reg><orig>выходилъ</orig></choice>), и то напрасно, — нездоровье еще не <choice><reg>совсем</reg><orig>совсѣмъ</orig></choice> прошло. Коректуры только <choice><reg>одного</reg><orig>однаго</orig></choice> листа 4-й книги присылали.<note xml:id="note8" resp="volume_editor" index="false"> С. А. Толстая запрашивала 23 ноября: «Присылали ли вам корректуры четвертой книги для чтения? Что-то мои дела?» (стр. 340).</note> Я <choice><reg>им</reg><orig>имъ</orig></choice> <choice><reg>выговорил</reg><orig>выговорилъ</orig></choice>, что долго. <choice><reg>Получил</reg><orig>Получилъ</orig></choice> твое письмо;<note xml:id="note9" resp="volume_editor" index="false"> От 20 ноября.</note> плохо, что у тебя голова <choice><reg>болит</reg><orig>болитъ</orig></choice>. <choice><reg>Тебе</reg><orig>Тебѣ</orig></choice> <choice><reg>ж</reg><orig>жъ</orig></choice> надо головой работать, только не <choice><reg>как</reg><orig>какъ</orig></choice> <choice><reg>немец</reg><orig>нѣмецъ</orig></choice>.<note xml:id="note10" resp="volume_editor" index="false"> Взято из «Сказки об Иване дураке»; по первой редакции этой сказки Толстого господин чистый, работающий головой, был немцем.</note> О <choice><reg>Тане</reg><orig>Танѣ</orig></choice> фразу, что <hi>все </hi>кончено, я не <choice><reg>понял</reg><orig>понялъ</orig></choice>.<note xml:id="note11" resp="volume_editor" index="false"> С. А. Толстая писала 20 ноября о Т. А. Кузминской: «Она велела тебя утешить, что <hi>всё</hi> наверное кончено; было об этом окончательное объяснение» (стр. 337).</note> Теперь <choice><reg>вечером</reg><orig>вечеромъ</orig></choice>, 9 <choice><reg>часов</reg><orig>часовъ</orig></choice>, <choice><reg>сидят</reg><orig>сидятъ</orig></choice> Леля, <choice><reg>Алсид</reg><orig>Алсидъ</orig></choice>, M-me <choice original_editorial_correction='Seur[on]'><sic>Seur</sic><corr>Seuron</corr></choice> и <choice original_editorial_correction='д[ядя]'><sic>д</sic><corr>дядя</corr></choice> Костя, а я <choice><reg>сейчас</reg><orig>сейчасъ</orig></choice> иду спать. Андрюша <choice><reg>ведет</reg><orig>ведетъ</orig></choice> себя не очень хорошо, но и не дурно. Миша <choice><reg>как</reg><orig>какъ</orig></choice> всегда <choice><reg>прекрасен</reg><orig>прекрасенъ</orig></choice>. — Оставлю это письмо незапечатанным, <choice><reg>чтоб</reg><orig>чтобъ</orig></choice> <choice original_editorial_correction='Т[аня]'><sic>Т</sic><corr>Таня</corr></choice> приписала.<note xml:id="note12" resp="volume_editor" index="false"> В письме приписки Т. Л. Толстой нет.</note> —</p>
<p rend="left"><choice><reg>К</reg><orig>Къ</orig></choice> государю пожалуйста не разлетайся.<note xml:id="note13" resp="volume_editor" index="false"> С. А. Толстая писала 20 ноября: «Я сегодня еду, сейчас даже, к Феоктистову [начальник Главного управления по делам печати]. Калмыкова и Бирюков меня всё уговаривают ехать к государю, но Леночка Фукс, Саша и Таня не советуют, говорят, что он сам ничего не решит. Пока я еду к Феоктистову и к Толстому» (стр. 337).</note> Даже и <choice><reg>к</reg><orig>къ</orig></choice> Толстому<note xml:id="note14" resp="volume_editor" index="false"> Гр. Дмитрий Андреевич Толстой (1823—1889), с 1882 г. министр внутренних дел.</note> лучше не <choice><reg>ездить</reg><orig>ѣздить</orig></choice>. Если по <choice><reg>их</reg><orig>ихъ</orig></choice> <choice><reg>соображениям</reg><orig>соображенiямъ</orig></choice> можно, то можно; a <choice><reg>нет</reg><orig>нѣтъ</orig></choice>, то только кровь <choice><reg>себе</reg><orig>себѣ</orig></choice> будешь портить. — Общее мое <choice><reg>впечатление</reg><orig>впечатлѣнiе</orig></choice> о <choice><reg>детях</reg><orig>дѣтяхъ</orig></choice>; <choice><reg>все</reg><orig>всѣ</orig></choice> теперь <choice><reg>мне</reg><orig>мнѣ</orig></choice>, <choice><reg>кроме</reg><orig>кромѣ</orig></choice> Илюши и немного Сережи, — очень милы. До <choice original_editorial_correction='следующ[его]'><sic><choice><reg>следующ</reg><orig>слѣдующ</orig></choice></sic><corr><choice><reg>следующего</reg><orig>слѣдующаго</orig></choice></corr></choice> письма, <choice><reg>целую</reg><orig>цѣлую</orig></choice> тебя и <choice><reg>милых</reg><orig>милыхъ</orig></choice> <choice><reg>Кузминских</reg><orig>Кузминскихъ</orig></choice>. Пускай Таня <choice><reg>напишет</reg><orig>напишетъ</orig></choice> <choice><reg>отдельно</reg><orig>отдѣльно</orig></choice>. Посылаю письмо <choice><reg>в</reg><orig>въ</orig></choice> <choice><reg>ящик</reg><orig>ящикъ</orig></choice> <choice><reg>с</reg><orig>съ</orig></choice> Костинькой.</p>
<lb/>
<p rend="left"><hi>На конверте:</hi> <choice><reg>Петербург</reg><orig>Петербургъ</orig></choice>, Невской 75, 1. кв. 12. <choice><reg>Графине</reg><orig>Графинѣ</orig></choice> <choice><reg>Софье</reg><orig>Софьѣ</orig></choice> <choice><reg>Андревне</reg><orig>Андревнѣ</orig></choice> Толстой.</p>
<comments><p rend="Textpetit_otstup left">Печатается по автографу, хранящемуся в АТБ. Впервые опубликовано по копии, сделанной С. А. Толстой, в ПЖ, стр. 283—284 с заменой слова Государю через Г...ю. Датируется на основании почтовых штемпелей: «Москва. 22 ноября. 1885; С.-Петербург. 23 ноября. 1885» и даты следующего письма.</p>
<p rend="Textpetit_otstup left"><hi>1</hi> 21 ноября праздник — «Введения во храм богородицы».</p>
<p rend="petit left"><hi>2</hi> На Патриарших прудах в Москве устраивался каток для конькобежцев.</p>
<p rend="petit left"><hi>3</hi> Левашов, квартирант во флигеле Хамовнического дома Толстых.</p>
<p rend="petit left"><hi>4</hi> Усачевско-Чернявское женское училище находилось на Девичьем поле в Москве.</p>
<p rend="petit left"><hi>5</hi> Александр Ильич Зилотти (р. 1863 г.), пианист; в 1888—1890 гг. профессор Московской консерватории.</p>
<p rend="petit left"><hi>6</hi> Гр. Шувалова жила в Москве на Большой Никитской улице, в доме <hi style="opdelimiter">Лопатиной.</hi><hi style="opnumber">533</hi></p>
<p rend="petit left"><hi>7</hi> Московский митрополит Филарет (Василий Дроздов) (1782—1867).</p>
<p rend="petit left"><hi>8</hi> С. А. Толстая запрашивала 23 ноября: «Присылали ли вам корректуры четвертой книги для чтения? Что-то мои дела?» (стр. 340).</p>
<p rend="petit left"><hi>9</hi> От 20 ноября.</p>
<p rend="petit left"><hi>10</hi> Взято из «Сказки об Иване дураке»; по первой редакции этой сказки Толстого господин чистый, работающий головой, был немцем.</p>
<p rend="petit left"><hi>11</hi> С. А. Толстая писала 20 ноября о Т. А. Кузминской: «Она велела тебя утешить, что <hi>всё</hi> наверное кончено; было об этом окончательное объяснение» (стр. 337).</p>
<p rend="petit left"><hi>12</hi> В письме приписки Т. Л. Толстой нет.</p>
<p rend="petit left"><hi>13</hi> С. А. Толстая писала 20 ноября: «Я сегодня еду, сейчас даже, к Феоктистову [начальник Главного управления по делам печати]. Калмыкова и Бирюков меня всё уговаривают ехать к государю, но Леночка Фукс, Саша и Таня не советуют, говорят, что он сам ничего не решит. Пока я еду к Феоктистову и к Толстому» (стр. 337).</p>
<p rend="petit left"><hi>14</hi> Гр. Дмитрий Андреевич Толстой (1823—1889), с 1882 г. министр внутренних дел.</p>
</comments></div></body>
        </text>
        </TEI>