<?xml version='1.0' encoding='UTF-8' standalone='no'?>

<TEI xmlns="http://www.tei-c.org/ns/1.0">
       <teiHeader>
          <fileDesc>
             <titleStmt>
                <title>Письмо №317. С. А. Толстой</title>
             </titleStmt>
             <publicationStmt>
                <publisher>TolstoyLab</publisher>
                <date when="2015-09-14">14 September 2015</date>
             </publicationStmt>
             <sourceDesc>
                <biblStruct>
                   <analytic>
                      <author>Толстой Л.Н.</author>
                   </analytic>
                   <monogr>
                      <title level="m">Полное собрание сочинений. Том 83</title>
                      <imprint>
                         <pubPlace>Москва</pubPlace>
                         <publisher>Государственное издательство "Художественная литература"</publisher>
                         <date when="1938"/>
                      </imprint>
                   </monogr>
                   <series>
                      <title level="s">Л.Н. Толстой. Полное собрание сочинений</title>
                      <biblScope unit="vol">83</biblScope>
                   </series>
                </biblStruct>
             </sourceDesc>
          </fileDesc>
          <encodingDesc>
             <tagsDecl> </tagsDecl>
          </encodingDesc>
          <profileDesc>
             <correspDesc>
                <correspAction type="sending">
                   <persName ref="PersonList.xml#L_N_Tolstoy">Л. Н. Толстой</persName>
                   <placeName ref="PlacesListxml#PLACE">Симеиз.</placeName>
                   <date from="1885-03-16" to="1885-03-17">1885 г. Марта 16 — 17</date>            </correspAction>
                <correspAction type="receiving">
                   <persName ref="PersonList.xml#RECEIVER">Толстая Софья Андреевна</persName>
                </correspAction>
                <correspContext>
                   <ref type="prev"/>
                </correspContext>
             </correspDesc>
          </profileDesc>
       </teiHeader>
       <xenoData><number type="in a volume">317</number></xenoData>

       <text xml:id="a16-17_317">
	<body><div>
		<opener index="false">
317.
1885 г. Марта 16—17. Симеиз.
</opener><p rend="left">Нынче 16-го <choice><reg>получил</reg><orig>получилъ</orig></choice> твои три письма.<note xml:id="note1" resp="volume_editor" index="false"> От 9, 10 и 11 марта 1885 г.</note> — Я <choice><reg>думал</reg><orig>думалъ</orig></choice>, что <choice><reg>приносят</reg><orig>приносятъ</orig></choice> каждый день, оказалось, что <choice><reg>нет</reg><orig>нѣтъ</orig></choice>. Теперь буду <choice><reg>ездить</reg><orig>ѣздить</orig></choice> — ходить каждый день <choice><reg>в</reg><orig>въ</orig></choice> <choice><reg>Мисхор</reg><orig>Мисхоръ</orig></choice>, — это <choice><reg>станция</reg><orig>станцiя</orig></choice>, — 7 <choice><reg>верст</reg><orig>верстъ</orig></choice> <choice><reg>от</reg><orig>отъ</orig></choice> Симеиза. Письма твои произвели тяжелое <choice><reg>впечатление</reg><orig>впечатлѣнiе</orig></choice>: Сережа <choice><reg>принимает</reg><orig>принимаетъ</orig></choice> очень бурной <choice><reg>склад</reg><orig>складъ</orig></choice> жуира <choice><reg>тихого</reg><orig>тихаго</orig></choice> и <choice><reg>самодовольного</reg><orig>самодовольнаго</orig></choice>.<note xml:id="note2" resp="volume_editor" index="false"> С. А. Толстая писала 9 марта: «Третьего дня вечером мальчики были у дяди Сережи. Видно, они все там очень подпили и развеселились, потому что поехали ночью к цыганам: Леонид [Оболенский], Сережа дядя и наш, Лопатин, Олсуфьев Миша и еще кто-то. Грустно смотреть на безобразие стариков! На другой день Сережа сконфуженно, но решительно попросил 100 рублей, — 25 в университет и 75 — долги заплатить». В письме от 10 марта: «А Сережа вдруг нынче говорит: «а мы над вами посмеялись с дядей Сережей и Леонидом, как вы дела делаете». Каковы? Все сами запутанные, легкомысленно ездящие к цыганам и делающие долги, — смеются надо мной!» (ПСТ, стр. 301, 303).</note> (Не говори ему.) Илья вовсе <choice><reg>грубеет</reg><orig>грубѣетъ</orig></choice>, но не установился,<note xml:id="note3" resp="volume_editor" index="false"> С. А. Толстая писала 10 марта: «Илья провел вчера вечер и полночи где-то. Говорит: у Боянус. Он всё-таки неприятно распущен».</note> Миша<note xml:id="note4" resp="volume_editor" index="false"> С. А. Толстая писала 10 марта: «Дети здоровы, кроме Миши. У него сегодня опять очень неожиданно и досадно — жар с утра, 38 и 3. Боюсь, не сделался бы тиф; но он очень весел, рисует, болтает, смеется и даже немного ест».</note> <choice><reg>болен</reg><orig>боленъ</orig></choice>, и ты тяготишься своей жизнью и не видишь исхода. Это грустно. Я пишу <choice><reg>тебе</reg><orig>тебѣ</orig></choice> <choice><reg>всякий</reg><orig>всякiй</orig></choice> день. И вчера <choice><reg>писал</reg><orig>писалъ</orig></choice> о <choice><reg>впечатлении</reg><orig>впечатлѣнiи</orig></choice> <choice><reg>этого</reg><orig>этаго</orig></choice> края. Не могу я любоваться природой. <choice><reg>Человек</reg><orig>Человѣкъ</orig></choice> <choice><reg>стоит</reg><orig>стоитъ</orig></choice> на <choice><reg>первом</reg><orig>первомъ</orig></choice> <choice><reg>плане</reg><orig>планѣ</orig></choice>. <choice><reg>Здесь</reg><orig>Здѣсь</orig></choice>, <choice><reg>как</reg><orig>какъ</orig></choice> я <choice><reg>говорил</reg><orig>говорилъ</orig></choice>, радостно, что не видать <choice><reg>бедных</reg><orig>бѣдныхъ</orig></choice> и <choice><reg>пьяных</reg><orig>пьяныхъ</orig></choice>, но дурно то, что много <choice><reg>безумных</reg><orig>безумныхъ</orig></choice> богачей, и <choice><reg>народ</reg><orig>народъ</orig></choice>, Татары <choice><reg>ошалели</reg><orig>ошалѣли</orig></choice> и <choice><reg>смотрят</reg><orig>смотрятъ</orig></choice> на <choice><reg>всех</reg><orig>всѣхъ</orig></choice>, — <choice><reg>как</reg><orig>какъ</orig></choice> бы <choice><reg>их</reg><orig>ихъ</orig></choice> эксплуатировать. —</p>
<p rend="left">Нынче я <choice><reg>встал</reg><orig>всталъ</orig></choice> опять рано и, напившись кофе, <choice><reg>пошел</reg><orig>пошелъ</orig></choice> <choice><reg>с</reg><orig>съ</orig></choice> <choice original_editorial_correction='Ур[усовым]'><sic>Ур</sic><corr><choice><reg>Урусовым</reg><orig>Урусовымъ</orig></choice></corr></choice> <choice><reg>в</reg><orig>въ</orig></choice> Татарскую деревню. <choice><reg>Там</reg><orig>Тамъ</orig></choice> <choice><reg>встретил</reg><orig>встрѣтилъ</orig></choice> <hi style="opdelimiter">старика</hi><hi style="opnumber">498</hi> <hi style="npnumber">499</hi><hi style="npdelimiter">65</hi> <choice original_editorial_correction='л[ет]'><sic>л</sic><corr><choice><reg>лет</reg><orig>лѣтъ</orig></choice></corr></choice>; <choice><reg>он</reg><orig>онъ</orig></choice> <choice><reg>идет</reg><orig>идетъ</orig></choice> на работу за 2 версты <choice><reg>в</reg><orig>въ</orig></choice> гору. Я <choice><reg>предложил</reg><orig>предложилъ</orig></choice> ему наняться работать.<note xml:id="note5" resp="volume_editor" index="false"> Очевидно на основании этого случая М. С. Урусова, жена кн. Л. Д. Урусова, писала яко бы как о факте, будто Толстой, получая по одному рублю в день, работал в винограднике в Крыму (P-se Ouroussow, «Histoire d’une âme — Mary — Souvenirs recueillis par sa mère». P. Ed. Fischbacher, 1904, стр. 42).</note> <choice><reg>Он</reg><orig>Онъ</orig></choice> согласился за рубль. Но это оказалось шутка. <choice><reg>Он</reg><orig>Онъ</orig></choice> <choice><reg>признал</reg><orig>призналъ</orig></choice> во <choice><reg>мне</reg><orig>мнѣ</orig></choice> <choice><reg>богатого</reg><orig>богатаго</orig></choice>. И <choice><reg>стал</reg><orig>сталъ</orig></choice> предлагать землю купить у него. И <choice><reg>показывал</reg><orig>показывалъ</orig></choice> землю и <choice><reg>восхвалял</reg><orig>восхвалялъ</orig></choice> ее. За 6 <choice original_editorial_correction='дес[ятин]'><sic>дес</sic><corr><choice><reg>десятин</reg><orig>десятинъ</orig></choice></corr></choice> <choice><reg>просит</reg><orig>проситъ</orig></choice> 6000. <choice><reg>Тут</reg><orig>Тутъ</orig></choice> и виноградники, и <choice><reg>табак</reg><orig>табакъ</orig></choice> и каштаны, инжирь, и <choice original_editorial_correction='грецк[ие]'><sic><choice><reg>грецк</reg><orig>грѣцк</orig></choice></sic><corr><choice><reg>грецкие</reg><orig>грѣцкiе</orig></choice></corr></choice> <choice><reg>орехи</reg><orig>орѣхи</orig></choice>. — Я <choice><reg>дошел</reg><orig>дошелъ</orig></choice> <choice><reg>с</reg><orig>съ</orig></choice> <choice><reg>ним</reg><orig>нимъ</orig></choice>. до его <choice><reg>плантации</reg><orig>плантацiи</orig></choice>. Лазили по <choice><reg>скалам</reg><orig>скаламъ</orig></choice>, а <choice><reg>в</reg><orig>въ</orig></choice> глуши нашли <choice><reg>в</reg><orig>въ</orig></choice> <choice><reg>лощинке</reg><orig>лощинкѣ</orig></choice> его 4 сына <choice><reg>в</reg><orig>въ</orig></choice> <choice><reg>белых</reg><orig>бѣлыхъ</orig></choice> <choice><reg>рубахах</reg><orig>рубахахъ</orig></choice> <choice><reg>капают</reg><orig>капаютъ</orig></choice> заступами <choice><reg>виноградник</reg><orig>виноградникъ</orig></choice>, а <choice><reg>он</reg><orig>онъ</orig></choice> <choice><reg>обрезает</reg><orig>обрѣзаетъ</orig></choice>. Я <choice><reg>поработал</reg><orig>поработалъ</orig></choice> <choice><reg>с</reg><orig>съ</orig></choice> ними и <choice><reg>пошел</reg><orig>пошелъ</orig></choice> домой. <choice><reg>Поспел</reg><orig>Поспѣлъ</orig></choice> <choice><reg>в</reg><orig>въ</orig></choice> 12 <choice><reg>часов</reg><orig>часовъ</orig></choice> <choice><reg>к</reg><orig>къ</orig></choice> <choice><reg>обеду</reg><orig>обѣду</orig></choice>. <choice><reg>Старик</reg><orig>Старикъ</orig></choice> <choice><reg>Мальцов</reg><orig>Мальцовъ</orig></choice> очень <choice><reg>самодоволен</reg><orig>самодоволенъ</orig></choice> и <choice><reg>бестолков</reg><orig>безтолковъ</orig></choice>. <choice><reg>Тип</reg><orig>Типъ</orig></choice> <choice><reg>старого</reg><orig>стараго</orig></choice> генерала и <choice><reg>старого</reg><orig>стараго</orig></choice> <choice><reg>помещика</reg><orig>помѣщика</orig></choice>. И поддакивать ему <choice><reg>совестно</reg><orig>совѣстно</orig></choice>, и <choice><reg>противоречить</reg><orig>противорѣчить</orig></choice> невозможно, <choice original_editorial_correction='п[отому]'><sic>п</sic><corr>потому</corr></choice> <choice original_editorial_correction='ч[то]'><sic>ч</sic><corr>что</corr></choice> <choice><reg>он</reg><orig>онъ</orig></choice> не <choice><reg>в</reg><orig>въ</orig></choice> <choice><reg>силах</reg><orig>силахъ</orig></choice> понимать. <choice><reg>Мне</reg><orig>Мнѣ</orig></choice>. тяжело у него. <choice><reg>С</reg><orig>Съ</orig></choice> одной стороны больной, слабый <choice original_editorial_correction='Ур[усов]'><sic>Ур</sic><corr><choice><reg>Урусов</reg><orig>Урусовъ</orig></choice></corr></choice>, <choice><reg>с</reg><orig>съ</orig></choice> <choice original_editorial_correction='к[оторым]'><sic>к</sic><corr><choice><reg>которым</reg><orig>которымъ</orig></choice></corr></choice> всегда на <choice><reg>стороже</reg><orig>сторожѣ</orig></choice>, <choice><reg>с</reg><orig>съ</orig></choice> другой стороны <choice><reg>он</reg><orig>онъ</orig></choice>. Я думаю <choice><reg>уехать</reg><orig>уѣхать</orig></choice> 20-го. Работать не принимался, <choice><reg>слишком</reg><orig>слишкомъ</orig></choice> жалко потерять возможность увидать. И до <choice><reg>сих</reg><orig>сихъ</orig></choice> <choice><reg>пор</reg><orig>поръ</orig></choice> все новое. <choice><reg>В</reg><orig>Въ</orig></choice> гости никуда не хожу и не пойду. Хожу я очень много и <choice><reg>здоров</reg><orig>здоровъ</orig></choice>. И домой хочу пойти <choice><reg>целую</reg><orig>цѣлую</orig></choice> <choice><reg>станцию</reg><orig>станцiю</orig></choice> <choice><reg>через</reg><orig>черезъ</orig></choice> горы <choice><reg>с</reg><orig>съ</orig></choice> проводником <choice><reg>Татарином</reg><orig>Татариномъ</orig></choice> <choice><reg>в</reg><orig>въ</orig></choice> Бахчисарай.<note xml:id="note6" resp="volume_editor" index="false"> Возвращаясь из Крыма, Толстой был в Бахчисарае 21 марта.</note></p>
<p rend="left"><choice><reg>Все</reg><orig>Всѣ</orig></choice> твои <choice><reg>предписания</reg><orig>предписанiя</orig></choice> о <choice><reg>себе</reg><orig>себѣ</orig></choice> до <choice><reg>сих</reg><orig>сихъ</orig></choice> <choice><reg>пор</reg><orig>поръ</orig></choice> блюду и стараюсь блюсти именно <choice><reg>с</reg><orig>съ</orig></choice> <choice><reg>тем</reg><orig>тѣмъ</orig></choice>, чтобы <choice><reg>от</reg><orig>отъ</orig></choice> <choice><reg>поездки</reg><orig>поѣздки</orig></choice> моей осталось хорошее <choice><reg>воспоминание</reg><orig>воспоминанiе</orig></choice>. — <choice><reg>В</reg><orig>Въ</orig></choice> <choice><reg>этом</reg><orig>этомъ</orig></choice> все. — <choice original_editorial_correction='Ур[усов]'><sic>Ур</sic><corr><choice><reg>Урусов</reg><orig>Урусовъ</orig></choice></corr></choice> <choice><reg>в</reg><orig>въ</orig></choice> <choice><reg>духе</reg><orig>духѣ</orig></choice> <choice><reg>слабом</reg><orig>слабомъ</orig></choice>, и <choice><reg>мне</reg><orig>мнѣ</orig></choice> не нравится то, что <choice><reg>он</reg><orig>онъ</orig></choice> не <choice><reg>видит</reg><orig>видитъ</orig></choice> своего <choice><reg>положения</reg><orig>положенiя</orig></choice> и <choice><reg>как</reg><orig>какъ</orig></choice>. будто боится узнать о <choice><reg>нем</reg><orig>немъ</orig></choice>.</p>
<p rend="left">Пожалуйста не показывай <choice><reg>Сереже</reg><orig>Сережѣ</orig></choice> письмо. Я боюсь, что я <choice><reg>несправедлив</reg><orig>несправедливъ</orig></choice>. Я <choice><reg>в</reg><orig>въ</orig></choice> его года <choice><reg>был</reg><orig>былъ</orig></choice> хуже. <choice><reg>Нет</reg><orig>Нѣтъ</orig></choice>, не <choice><reg>был</reg><orig>былъ</orig></choice>. Но у <choice><reg>каждого</reg><orig>каждаго</orig></choice> свой <choice><reg>характер</reg><orig>характеръ</orig></choice>. И соблазны <choice><reg>всякие</reg><orig>всякiе</orig></choice> сильны, а особенно <choice><reg>те</reg><orig>тѣ</orig></choice>, <choice original_editorial_correction='к[оторые]'><sic>к</sic><corr>которые</corr></choice> по немногу вкрадываются <choice><reg>в</reg><orig>въ</orig></choice> жизнь. Прощай, душенька, обнимаю тебя и <choice><reg>целую</reg><orig>цѣлую</orig></choice> <choice><reg>детей</reg><orig>дѣтей</orig></choice>. Л.</p>
<p rend="left">Я <choice><reg>сказал</reg><orig>сказалъ</orig></choice>, что письма твои произвели на меня тяжелое <choice><reg>впечатление</reg><orig>впечатлѣнiе</orig></choice>. Это справедливо только <choice><reg>об</reg><orig>объ</orig></choice> <choice><reg>образе</reg><orig>образѣ</orig></choice> жизни, но не о <choice><reg>тебе</reg><orig>тебѣ</orig></choice> лично. Твое <choice><reg>общение</reg><orig>общенiе</orig></choice>, <choice><reg>напротив</reg><orig>напротивъ</orig></choice>, <choice><reg>производит</reg><orig>производитъ</orig></choice> самое радостное <choice><reg>впечатление</reg><orig>впечатлѣнiе</orig></choice>.</p>
<p rend="left">Это приписываю я нынче <choice><reg>утром</reg><orig>утромъ</orig></choice>, 17-го. Почта <choice><reg>идет</reg><orig>идетъ</orig></choice> завтра. <choice><reg>Встал</reg><orig>Всталъ</orig></choice> рано, <choice><reg>здоров</reg><orig>здоровъ</orig></choice>, но <choice><reg>устал</reg><orig>усталъ</orig></choice>, <choice><reg>с</reg><orig>съ</orig></choice> курбатюрами<note xml:id="note7" resp="volume_editor" index="false"> ломотой</note> <choice><reg>в</reg><orig>въ</orig></choice> <choice><reg>ногах</reg><orig>ногахъ</orig></choice> и <choice><reg>солнечным</reg><orig>солнечнымъ</orig></choice> <choice><reg>ударом</reg><orig>ударомъ</orig></choice> на <choice><reg>лице</reg><orig>лицѣ</orig></choice>.</p>
<lb/>
<p rend="left"><hi>На конверте:</hi> Москва. Хамовники, <choice><reg>дом</reg><orig>домъ</orig></choice> Гр. <choice><reg>Толстого</reg><orig>Толстаго</orig></choice>. <choice><reg>Графине</reg><orig>Графинѣ</orig></choice> С. А. <hi style="opdelimiter">Толстой.</hi><hi style="opnumber">499</hi></p>
<comments><p rend="Textpetit_otstup left"><hi style="npnumber">500</hi><hi style="npdelimiter">Печатается</hi> по автографу, хранящемуся в АТБ. Впервые опубликовано по копии, сделанной С. А. Толстой, в ПЖ, стр. 262—264 с опущением двух мест, касающихся C. Л. Толстого. Датируется на основании слов письма: «нынче, 16-го» и «это приписываю я нынче утром 17-го». Почтовые штемпели: «Мисхорская п. с. Таврической губ. 17 марта 1885; Симферополь. 19 марта. 1885; Москва. 21 марта. 1885».</p>
<p rend="Textpetit_otstup left"><hi>1</hi> От 9, 10 и 11 марта 1885 г.</p>
<p rend="petit left"><hi>2</hi> С. А. Толстая писала 9 марта: «Третьего дня вечером мальчики были у дяди Сережи. Видно, они все там очень подпили и развеселились, потому что поехали ночью к цыганам: Леонид [Оболенский], Сережа дядя и наш, Лопатин, Олсуфьев Миша и еще кто-то. Грустно смотреть на безобразие стариков! На другой день Сережа сконфуженно, но решительно попросил 100 рублей, — 25 в университет и 75 — долги заплатить». В письме от 10 марта: «А Сережа вдруг нынче говорит: «а мы над вами посмеялись с дядей Сережей и Леонидом, как вы дела делаете». Каковы? Все сами запутанные, легкомысленно ездящие к цыганам и делающие долги, — смеются надо мной!» (ПСТ, стр. 301, 303).</p>
<p rend="petit left"><hi>3</hi> С. А. Толстая писала 10 марта: «Илья провел вчера вечер и полночи где-то. Говорит: у Боянус. Он всё-таки неприятно распущен».</p>
<p rend="petit left"><hi>4</hi> С. А. Толстая писала 10 марта: «Дети здоровы, кроме Миши. У него сегодня опять очень неожиданно и досадно — жар с утра, 38 и 3. Боюсь, не сделался бы тиф; но он очень весел, рисует, болтает, смеется и даже немного ест».</p>
<p rend="petit left"><hi>5</hi> Очевидно на основании этого случая М. С. Урусова, жена кн. Л. Д. Урусова, писала яко бы как о факте, будто Толстой, получая по одному рублю в день, работал в винограднике в Крыму (P-se Ouroussow, «Histoire d’une âme — Mary — Souvenirs recueillis par sa mère». P. Ed. Fischbacher, 1904, стр. 42).</p>
<p rend="petit left"><hi>6</hi> Возвращаясь из Крыма, Толстой был в Бахчисарае 21 марта.</p>
<p rend="petit left"><hi>7</hi> ломотой</p>
</comments></div></body>
        </text>
        </TEI>