<?xml version='1.0' encoding='UTF-8' standalone='no'?>

<TEI xmlns="http://www.tei-c.org/ns/1.0">
       <teiHeader>
          <fileDesc>
             <titleStmt>
                <title>Письмо №175. С. А. Толстой</title>
             </titleStmt>
             <publicationStmt>
                <publisher>TolstoyLab</publisher>
                <date when="2015-09-14">14 September 2015</date>
             </publicationStmt>
             <sourceDesc>
                <biblStruct>
                   <analytic>
                      <author>Толстой Л.Н.</author>
                   </analytic>
                   <monogr>
                      <title level="m">Полное собрание сочинений. Том 83</title>
                      <imprint>
                         <pubPlace>Москва</pubPlace>
                         <publisher>Государственное издательство "Художественная литература"</publisher>
                         <date when="1938"/>
                      </imprint>
                   </monogr>
                   <series>
                      <title level="s">Л.Н. Толстой. Полное собрание сочинений</title>
                      <biblScope unit="vol">83</biblScope>
                   </series>
                </biblStruct>
				<bibl>Печатается по автографу, хранящемуся в АТБ. Впервые опубликовано по копии, сделанной С. А. Толстой, в ПЖ, стр. 132. Датируется на основании начального слова «Вчера» и упоминания в письме поездки Илюши за пластырем Константиновой жене, о чем идет речь в предшествующем письме, а также на основании дневниковой записи Толстого под 4 июля, где значится Ушаков.</bibl>
             </sourceDesc>
          </fileDesc>
          <encodingDesc>
             <tagsDecl> </tagsDecl>
          </encodingDesc>
          <profileDesc>
             <correspDesc>
                <correspAction type="sending">
                   <persName ref="PersonList.xml#L_N_Tolstoy">Л. Н. Толстой</persName>
                   <placeName ref="PlacesListxml#PLACE">Я. П.</placeName>
                   <date when="1881-07-05">1881 г. Июля 5.</date>            </correspAction>
                <correspAction type="receiving">
                   <persName ref="PersonList.xml#RECEIVER">Толстая Софья Андреевна</persName>
                </correspAction>
                <correspContext>
                   <ref type="prev"/>
                </correspContext>
             </correspDesc>
          </profileDesc>
       </teiHeader>
       <xenoData><number type="in a volume">175</number></xenoData>

       <text xml:id="a5_175">
	<body><div>
		<opener index="false">
175.
1881 г. Июля 5. Я. П.</opener>
<p rend="left">Вчера все также у <choice><reg>нас</reg><orig>насъ</orig></choice> благополучно, <choice><reg>как</reg><orig>какъ</orig></choice> и <choice><reg>прежние</reg><orig>прежнiе</orig></choice> дни. Я <choice><reg>пошел</reg><orig>пошелъ</orig></choice> <choice><reg>с</reg><orig>съ</orig></choice> <choice><reg>ружьем</reg><orig>ружьемъ</orig></choice>, а Илюша <choice><reg>поехал</reg><orig>поѣхалъ</orig></choice> по <choice><reg>поезду</reg><orig>поѣзду</orig></choice> <choice><reg>в</reg><orig>въ</orig></choice> Тулу, главное за <choice><reg>пластырем</reg><orig>пластыремъ</orig></choice> <choice original_editorial_correction='Кост[антиновой]'><sic>Кост</sic><corr>Костантиновой</corr></choice> <choice><reg>жене</reg><orig>женѣ</orig></choice>.<note xml:id="note1" resp="volume_editor" index="false"> У Н. И. Зябревой была грудница.</note> Я <choice><reg>пришел</reg><orig>пришелъ</orig></choice> <choice><reg>в</reg><orig>въ</orig></choice> 6 <choice><reg>часов</reg><orig>часовъ</orig></choice> и <choice><reg>застал</reg><orig>засталъ</orig></choice> Урусова.<note xml:id="note2" resp="volume_editor" index="false"> Кн. Леонид Дмитриевич Урусов (ум. 1885 г.), в 1876—1885 гг. был тульским вице-губернатором, друг Толстых, познакомился с ними в начале 1878 г. Перевел на французский язык статью Толстого «В чем моя вера?», изданную в Париже Фишбахером. Переводчик Марка Аврелия (с французского). Письма к нему Толстого впервые напечатаны в «Вестнике Европы», 1915, 2, стр. 5—23.</note> <choice><reg>Он</reg><orig>Онъ</orig></choice> <choice><reg>отложил</reg><orig>отложилъ</orig></choice> свой <choice><reg>отъезд</reg><orig>отъѣздъ</orig></choice> до воскресенья и <choice><reg>приехал</reg><orig>прiѣхалъ</orig></choice> <choice><reg>к</reg><orig>къ</orig></choice> <choice><reg>нам</reg><orig>намъ</orig></choice>. — Только мы <choice><reg>уселись</reg><orig>усѣлись</orig></choice>, я <choice><reg>поджидал</reg><orig>поджидалъ</orig></choice> Илюшу, <choice><reg>как</reg><orig>какъ</orig></choice> <choice><reg>приехйл</reg><orig>прiѣхйлъ</orig></choice> <choice><reg>Ушаков</reg><orig>Ушаковъ</orig></choice><note xml:id="note3" resp="volume_editor" index="false"> Сергей Петрович Ушаков (1828—1894), тульский губернатор в 1873— 1886 гг., впоследствии сенатор, тайный советник; первая жена Ушакова — Мария Александровна (1831—1878), вторая — Юлия Юльевна (1844—1879). В ГТМ хранятся три письма Толстого к Ушакову.</note> <choice><reg>с</reg><orig>съ</orig></choice> Валентиной.<note xml:id="note4" resp="volume_editor" index="false"> Дочь С. П. Ушакова Валентина Сергеевна Ушакова (р. 1862 г.), жена камергера Николая Николаевича Гордеева.</note> Таня занимала Валентину, а <choice><reg>Урусов</reg><orig>Урусовъ</orig></choice> и <choice><reg>Кузминский</reg><orig>Кузминскiй</orig></choice> помогали занимать Ушакова. Играли <choice><reg>все</reg><orig>всѣ</orig></choice> <choice><reg>в</reg><orig>въ</orig></choice> <choice><reg>крокет</reg><orig>крокетъ</orig></choice>. Ушаковы <choice><reg>уехали</reg><orig>уѣхали</orig></choice> <choice><reg>в</reg><orig>въ</orig></choice> 9 <choice><reg>часов</reg><orig>часовъ</orig></choice>. Все было хорошо. Уру.<note xml:id="note5" resp="volume_editor" index="false"> Письмо не докончено.</note></p>
<comments><p rend="Textpetit_otstup left">Печатается по автографу, хранящемуся в АТБ. Впервые опубликовано по копии, сделанной С. А. Толстой, в ПЖ, стр. 132. Датируется на основании начального слова «Вчера» и упоминания в письме поездки Илюши за пластырем Константиновой жене, о чем идет речь в предшествующем письме, а также на основании дневниковой записи Толстого под 4 июля, где значится Ушаков.</p>
<p rend="Textpetit_otstup left"><hi>1</hi> У Н. И. Зябревой была грудница.</p>
<p rend="petit left"><hi>2</hi> Кн. Леонид Дмитриевич Урусов (ум. 1885 г.), в 1876—1885 гг. был тульским вице-губернатором, друг Толстых, познакомился с ними в начале 1878 г. Перевел на французский язык статью Толстого «В чем моя вера?», изданную в Париже Фишбахером. Переводчик Марка Аврелия (с французского). Письма к нему Толстого впервые напечатаны в «Вестнике Европы», 1915, 2, стр. 5—23.</p>
<p rend="petit left"><hi>3</hi> Сергей Петрович Ушаков (1828—1894), тульский губернатор в 1873— 1886 гг., впоследствии сенатор, тайный советник; первая жена Ушакова — Мария Александровна (1831—1878), вторая — Юлия Юльевна (1844—1879). В ГТМ хранятся три письма Толстого к Ушакову.</p>
<p rend="petit left"><hi>4</hi> Дочь С. П. Ушакова Валентина Сергеевна Ушакова (р. 1862 г.), жена камергера Николая Николаевича Гордеева.</p>
<p rend="petit left"><hi>5</hi> Письмо не докончено.</p>
</comments></div></body>
        </text>
        </TEI>