<?xml version='1.0' encoding='UTF-8' standalone='no'?>

<TEI xmlns="http://www.tei-c.org/ns/1.0">
       <teiHeader>
          <fileDesc>
             <titleStmt>
                <title>Письмо №50. В. В. Арсеньевой.</title>
             </titleStmt>
             <publicationStmt>
                <publisher>TolstoyLab</publisher>
                <date when="2015-09-14">14 September 2015</date>
             </publicationStmt>
             <sourceDesc>
                <biblStruct>
                   <analytic>
                      <author>Толстой Л.Н.</author>
                   </analytic>
                   <monogr>
                      <title level="m">Полное собрание сочинений. Том 60</title>
                      <imprint>
                         <pubPlace>Москва</pubPlace>
                         <publisher>Государственное издательство "Художественная литература"</publisher>
                         <date when="1949"/>
                      </imprint>
                   </monogr>
                   <series>
                      <title level="s">Л.Н. Толстой. Полное собрание сочинений</title>
                      <biblScope unit="vol">60</biblScope>
                   </series>
                </biblStruct>
				<bibl>Впервые опубликовано в Б. I, 3, стр. 356—357.</bibl>
             </sourceDesc>
          </fileDesc>
          <encodingDesc>
             <tagsDecl> </tagsDecl>
          </encodingDesc>
          <profileDesc>
             <correspDesc>
                <correspAction type="sending">
                   <persName ref="PersonList.xml#L_N_Tolstoy">Л. Н. Толстой</persName>
                   <placeName ref="PlacesListxml#PLACE">Петербург.</placeName>
                   <date when="1857-01-01">1857 г. Января 1.</date>            </correspAction>
                <correspAction type="receiving">
                   <persName ref="PersonList.xml#RECEIVER">Арсеньев Владимир Михайлович</persName>
                </correspAction>
                <correspContext>
                   <ref type="prev"/>
                </correspContext>
             </correspDesc>
          </profileDesc>
       </teiHeader>
       <xenoData><number type="in a volume">50</number></xenoData>

              <text xml:id="V.V.Arsenevoj_50">
	<body><div>
		<opener index="false">
50. В. В. Арсеньевой.
1857 г. Января 1. Петербург.
</opener>
<p rend="Obrashenie left">Милая Валерия Владимировна!</p>
<p rend="left">Очень, очень вам благодарен за последнее большое письмо ваше.<note xml:id="note1" resp="volume_editor" index="false"> Письмо Толстого является ответом на несохранившееся письмо В. В. Арсеньевой, о котором записано в Дневнике 29 декабря (см. т. 47, стр. 107 и 108).</note> Оно успокоило меня и уменьшило те упреки, которые я себе делаю за те письма, которые я вам писал, и которые вас рассердили. Я ужасно гадок и груб был и, главное, мелок в отношении вас. Когда вас увижу, то постараюсь подробно объяснить, почему я себе так гадок. —</p>
<p rend="left">Нынче новый год, очень приятно мне думать, что я начинаю его письмом к вам, дай Бог, чтоб он вам принес больше радостей, чем прошлый, и вообще столько, сколько вы стоите, а вы заслуживаете счастие. Меня задержали здесь праздники, книжка «<choice original_editorial_correction='Совр[еменни]ка'><sic>Соврка</sic><corr>Современника</corr></choice>»<note xml:id="note2" resp="volume_editor" index="false"> В № 1 «Современника» за 1857 г. появилась первая половина «Юности».</note> и хлопоты, неожиданные с цензурой,<note xml:id="note3" resp="volume_editor" index="false"> Цензура не пропускала рассказ «Разжалованный», печатавшийся в 12-й книге «Библиотеки для чтения». Об этом писал Толстому А. В. Дружинин 2 декабря. Кроме этого, духовной цензурой не пропускались V— XIII главы «Юности», вследствие чего Толстому пришлось ехать к архимандриту Иоанну Соколову, члену Петербургского духовно-цензурного комитета в 1848—1857 гг. (см. о цензурных сокращениях «Юности» т. 2, стр. 399).</note> и хлопоты о паспорте за границу. Однако надеюсь через недельки две увидать вас, а может быть и нет. Что вам рассказать про то, как я прожил время моего молчания? Скучно и большей частью грустно, отчего — сам не знаю. — Одиночество для меня тяжело, а сближение с людьми невозможно. Я сам дурен, а привык быть требователен. Притом я ничем не занят это время, и от этого грустно. Много слушаю музыки это время и вчера даже встретил новый год, слушая прелестнейший в мире трио Бетховенской<note xml:id="note4" resp="volume_editor" index="false"> Трио Бетховена ор. 70.</note> и вспоминая о вас, как бы оно на вас подействовало. Ноты завтра, как отопрут магазины, пришлю вам, и хорошие. Милой Женичке тысячу любезностей.</p>
<p rend="left"><choice original_editorial_correction='О[льге]'><sic>О</sic><corr>Ольге</corr></choice> <choice original_editorial_correction='В[ладимировне]'><sic>В</sic><corr>Владимировне</corr></choice> и пиндигашкам. Прощайте, от <hi style="opdelimiter">души</hi><hi style="opnumber">145</hi> <hi style="npnumber">146</hi><hi style="npdelimiter">жму</hi> вашу милую руку и постараюсь выбрать минуту более счастливую, чтоб писать вам. Ужасно грустно нынче что-то.</p>
<p rend="right">Ваш Л. Толстой.</p>
<p rend="left">1857, 1 Января.</p>
<comments><p rend="Textpetit_otstup left">Впервые опубликовано в Б. I, 3, стр. 356—357.</p>
<p rend="Textpetit_otstup left"><hi>1</hi> Письмо Толстого является ответом на несохранившееся письмо В. В. Арсеньевой, о котором записано в Дневнике 29 декабря (см. т. 47, стр. 107 и 108).</p>
<p rend="petit left"><hi>2</hi> В № 1 «Современника» за 1857 г. появилась первая половина «Юности».</p>
<p rend="petit left"><hi>3</hi> Цензура не пропускала рассказ «Разжалованный», печатавшийся в 12-й книге «Библиотеки для чтения». Об этом писал Толстому А. В. Дружинин 2 декабря. Кроме этого, духовной цензурой не пропускались V— XIII главы «Юности», вследствие чего Толстому пришлось ехать к архимандриту Иоанну Соколову, члену Петербургского духовно-цензурного комитета в 1848—1857 гг. (см. о цензурных сокращениях «Юности» т. 2, стр. 399).</p>
<p rend="petit left"><hi>4</hi> Трио Бетховена ор. 70.</p>
</comments></div></body>
        </text>
        </TEI>