<?xml version='1.0' encoding='UTF-8' standalone='no'?>

<TEI xmlns="http://www.tei-c.org/ns/1.0">
       <teiHeader>
          <fileDesc>
             <titleStmt>
                <title>Письмо №114. А. В. Дружинину.</title>
             </titleStmt>
             <publicationStmt>
                <publisher>TolstoyLab</publisher>
                <date when="2015-09-14">14 September 2015</date>
             </publicationStmt>
             <sourceDesc>
                <biblStruct>
                   <analytic>
                      <author>Толстой Л.Н.</author>
                   </analytic>
                   <monogr>
                      <title level="m">Полное собрание сочинений. Том 60</title>
                      <imprint>
                         <pubPlace>Москва</pubPlace>
                         <publisher>Государственное издательство "Художественная литература"</publisher>
                         <date when="1949"/>
                      </imprint>
                   </monogr>
                   <series>
                      <title level="s">Л.Н. Толстой. Полное собрание сочинений</title>
                      <biblScope unit="vol">60</biblScope>
                   </series>
                </biblStruct>
				<bibl>Впервые опубликовано в статье «Молодой Толстой» («Звезда», 1930, 4, стр. 223). Год определяется содержанием и записью в Дневнике Толстого под 1 мая 1858 г.: «Написал... Дружинину».</bibl>
             </sourceDesc>
          </fileDesc>
          <encodingDesc>
             <tagsDecl> </tagsDecl>
          </encodingDesc>
          <profileDesc>
             <correspDesc>
                <correspAction type="sending">
                   <persName ref="PersonList.xml#L_N_Tolstoy">Л. Н. Толстой</persName>
                   <placeName ref="PlacesListxml#PLACE">Я. П.</placeName>
                   <date when="1858-05-01">1858 г. Мая 1.</date>            </correspAction>
                <correspAction type="receiving">
                   <persName ref="PersonList.xml#RECEIVER">Дружинин Александр Васильевич</persName>
                </correspAction>
                <correspContext>
                   <ref type="prev"/>
                </correspContext>
             </correspDesc>
          </profileDesc>
       </teiHeader>
       <xenoData><number type="in a volume">114</number></xenoData>

              <text xml:id="A.V.Druzhininu_114">
	<body><div>
		<opener index="false">
114. А. В. Дружинину.
1858 г. Мая 1. Я. П.</opener>
<p rend="left">Точно обыкновенная фраза выдет объявление моей радости о вашем выздоровлении, любезный друг Александр Васильевич, а мне бы хотелось вам рассказать, как я обрадовался. Мне смешно стало, и я один, смеясь, ходил по комнате с вашим письмом в руках. Ну да, слава Богу, только ради Бога берегите себя, особенно насчет женщин — уезжайте в деревню поскорей. Теперь уж так хорошо. А что вы не приедете ли в наши края? Я пробуду должно быть всё лето. Копаюсь за романом<note xml:id="note1" resp="volume_editor" index="false"> «Казаки».</note> и хозяйничаю немножко, и соловьи, и природа, и чтенье, и музыка — дел не оберешься. Ох! коли бы вы приехали пожить у меня. Как [бы] мы устроились, как бы работалось, как бы болталось, как бы отлично. На Тургенева нет никакой надежды кажется. Колбасин писал, что [он] едет лечить свои [[1]] в Зинциг.<note xml:id="note2" resp="volume_editor" index="false"> Письмо Д. Я. Колбасина к Толстому 21 апреля 1858 г. из Петербурга.</note> Ей Богу несносно. Ну болят [[1]], ну что делать. Можно и в России жить с больными [[1]]; а время уходит. Досадно. Подумайте, любезный друг, почему бы вам не приехать. Как бы мы устроились, как бы всё переговорили. Нынче о журнале<note xml:id="note3" resp="volume_editor" index="false"> О проекте издания журнала см. письмо Боткину от 4 января, № 102.</note> ничего не пишу, потому что не могу подумать хорошенько об этом; но, что сердце и мысли мои лежат к этому делу, что я совершенно свободен и ничем не свяжу себя впредь, это несомненно. Что касается до сотрудничества в «Библиотеке»,<note xml:id="note4" resp="volume_editor" index="false"> В письме от 15 апреля 1858 г. Дружинин предлагал Толстому сотрудничество в журнале «Библиотека для чтения».</note> то, хотя ничего не могу обещать, при одинаковых условиях я предпочту «Библиотеку», т. е. вас, всем другим редакторам, это тоже несомненно. — Насчет предполагаемого журнала скажу два пункта, в которых я не согласен с вами: 1) Журнал с новым исключительным направлением, должен быть новый, без прошедшего, без составившегося о нем мнения. — 2) Ученая часть будет слаба. Все сотрудники дельные разобраны. Конкуренция везде. Полемика. — И в журнале, как и в сочинении, — еще больше — особенно в новом журнале главное достоинство не столько в том, чтобы были в 12 книжках три хорошие статьи ученые, сколько в том, чтобы в целый год не было ни одной вздорной. А с теми средствами по ученому отделу, которые можно предвидеть, это невозможно. — Но дело вот в чем. Место у меня славное — не хуже Кунцова;<note xml:id="note5" resp="volume_editor" index="false"> В Кунцеве под Москвой гостил Дружинин у В. П. Боткина летом 1856 г. См. т. 47, стр. 73, 177, 323, 324 и 527.</note> комната, хоть дом вам будет отдельной, город два шага. В матерьяльном отношении устройтесь как хотите, будьте сами хозяином. Право, <hi style="opdelimiter">пожалуйста</hi><hi style="opnumber">267</hi> <hi style="npnumber">268</hi><hi style="npdelimiter">приезжайте.</hi> — Затем прощайте, от души жму вам руку и ожидаю благоприятного ответа на мое приглашение.</p>
<p rend="right">Ваш Гр. Л. Толстой.</p>
<p rend="left">1 Мая.</p>
<comments><p rend="Textpetit_otstup left">Впервые опубликовано в статье «Молодой Толстой» («Звезда», 1930, 4, стр. 223). Год определяется содержанием и записью в Дневнике Толстого под 1 мая 1858 г.: «Написал... Дружинину».</p>
<p rend="petit left">Настоящее письмо — ответ на письмо Дружинина от 15 апреля 1858 г. из Петербурга.</p>
<p rend="Textpetit_otstup left"><hi>1</hi> «Казаки».</p>
<p rend="petit left"><hi>2</hi> Письмо Д. Я. Колбасина к Толстому 21 апреля 1858 г. из Петербурга.</p>
<p rend="petit left"><hi>3</hi> О проекте издания журнала см. письмо Боткину от 4 января, № 102.</p>
<p rend="petit left"><hi>4</hi> В письме от 15 апреля 1858 г. Дружинин предлагал Толстому сотрудничество в журнале «Библиотека для чтения».</p>
<p rend="petit left"><hi>5</hi> В Кунцеве под Москвой гостил Дружинин у В. П. Боткина летом 1856 г. См. т. 47, стр. 73, 177, 323, 324 и 527.</p>
<p rend="petit left">В ответ на это письмо Толстого Дружинин писал 15 мая 1858 г. из Петербурга, что приглашение Толстого «пожить в Ясной Поляне повергнуло и его в большое искушение: лучшей жизни и лучшей компании я не могу себе и вообразить в моем настоящем положении, при остатках душевной и физической усталости, — писал Дружинин, — но беда в том, что обстоятельства не позволяют... и думать о такой жизни».</p>
<p rend="petit left">Далее Дружинин уговаривал Толстого бросить его затею о новом журнале, так как за дело можно браться «лишь при двух условиях: 1) огромном основном капитале... и 2) при неутомимой ярости участников по части работы. К сожалению, — писал Дружинин, — вы знаете, что наш круг не трудолюбив, а денег приходится ему занять у французского короля...»</p>
</comments></div></body>
        </text>
        </TEI>