<?xml version='1.0' encoding='UTF-8' standalone='no'?>

<TEI xmlns="http://www.tei-c.org/ns/1.0">
       <teiHeader>
          <fileDesc>
             <titleStmt>
                <title>Письмо №187. С. А. Толстой</title>
             </titleStmt>
             <publicationStmt>
                <publisher>TolstoyLab</publisher>
                <date when="2015-09-14">14 September 2015</date>
             </publicationStmt>
             <sourceDesc>
                <biblStruct>
                   <analytic>
                      <author>Толстой Л.Н.</author>
                   </analytic>
                   <monogr>
                      <title level="m">Полное собрание сочинений. Том 83</title>
                      <imprint>
                         <pubPlace>Москва</pubPlace>
                         <publisher>Государственное издательство "Художественная литература"</publisher>
                         <date when="1938"/>
                      </imprint>
                   </monogr>
                   <series>
                      <title level="s">Л.Н. Толстой. Полное собрание сочинений</title>
                      <biblScope unit="vol">83</biblScope>
                   </series>
                </biblStruct>
				<bibl>Печатается по автографу, хранящемуся в АТБ. Впервые опубликовано по копии, сделанной С. А. Толстой, в ПЖ, стр. 146—147. Датируется на основании начальных слов письма: «Пишу с вечера в четверг». Четверг падал на 27 августа 1881 г.</bibl>
             </sourceDesc>
          </fileDesc>
          <encodingDesc>
             <tagsDecl> </tagsDecl>
          </encodingDesc>
          <profileDesc>
             <correspDesc>
                <correspAction type="sending">
                   <persName ref="PersonList.xml#L_N_Tolstoy">Л. Н. Толстой</persName>
                   <placeName ref="PlacesListxml#PLACE">Я. П.</placeName>
                   <date when="1881-08-27">1881 г. Августа 27.</date>            </correspAction>
                <correspAction type="receiving">
                   <persName ref="PersonList.xml#RECEIVER">Толстая Софья Андреевна</persName>
                </correspAction>
                <correspContext>
                   <ref type="prev"/>
                </correspContext>
             </correspDesc>
          </profileDesc>
       </teiHeader>
       <xenoData><number type="in a volume">187</number></xenoData>

       <text xml:id="a27_187">
	<body><div>
		<opener index="false">
187.
1881 г. Августа 27. Я. П.</opener>
<p rend="left">Пишу <choice><reg>с</reg><orig>съ</orig></choice> вечера <choice><reg>в</reg><orig>въ</orig></choice> <choice><reg>четверг</reg><orig>четвергъ</orig></choice>. M-lle Guillod завтра <choice><reg>хочет</reg><orig>хочетъ</orig></choice> <choice><reg>ехать</reg><orig>ѣхать</orig></choice> <choice><reg>с</reg><orig>съ</orig></choice> <choice><reg>девочками</reg><orig>дѣвочками</orig></choice> <choice><reg>в</reg><orig>въ</orig></choice> Ясенки, и <choice><reg>свезут</reg><orig>свезутъ</orig></choice> письмо.</p>
<p rend="left">Проснувшись, <choice><reg>осмотрел</reg><orig>осмотрѣлъ</orig></choice> <choice><reg>детей</reg><orig>дѣтей</orig></choice>. <choice><reg>Все</reg><orig>Всѣ</orig></choice> здоровы и веселы. Сережа вернулся <choice><reg>из</reg><orig>изъ</orig></choice> Тулы <choice><reg>после</reg><orig>послѣ</orig></choice> <choice><reg>обеда</reg><orig>обѣда</orig></choice>; я <choice><reg>ходил</reg><orig>ходилъ</orig></choice> гулять и <choice><reg>встретил</reg><orig>встрѣтилъ</orig></choice> его. Илюша <choice><reg>ходил</reg><orig>ходилъ</orig></choice> на Деготну<hi>1 </hi>и тоже вернулся, ничего не убивши. —</p>
<p rend="left">Таня, <choice><reg>как</reg><orig>какъ</orig></choice> я <choice><reg>замечаю</reg><orig>замѣчаю</orig></choice>, <choice><reg>в</reg><orig>въ</orig></choice> <choice><reg>духе</reg><orig>духѣ</orig></choice> акуратности.</p>
<p rend="left">Андрюша очень <choice><reg>весел</reg><orig>веселъ</orig></choice>, <choice><reg>пил</reg><orig>пилъ</orig></choice> со мной чай.</p>
<p rend="left">Миша особенно гордо <choice><reg>хлопает</reg><orig>хлопаетъ</orig></choice> ногами. И очень <choice><reg>рад</reg><orig>радъ</orig></choice> <choice><reg>калошам</reg><orig>калошамъ</orig></choice>.</p>
<p rend="left"><choice original_editorial_correction='С[аша]'><sic>С</sic><corr>Саша</corr></choice> <choice><reg>Кузминский</reg><orig>Кузминскiй</orig></choice><note xml:id="note1" resp="volume_editor" index="false"> А. М. Кузминский.</note> <choice><reg>обедал</reg><orig>обѣдалъ</orig></choice> у <choice><reg>нас</reg><orig>насъ</orig></choice>. <choice><reg>В</reg><orig>Въ</orig></choice> <choice><reg>крокет</reg><orig>крокетъ</orig></choice> нельзя было играть <choice><reg>от</reg><orig>отъ</orig></choice> дождя.</p>
<p rend="left">Маша играла <choice><reg>в</reg><orig>въ</orig></choice> куклы <choice><reg>с</reg><orig>съ</orig></choice> Акулей.<note xml:id="note2" resp="volume_editor" index="false"> Акулина — дочь Андрея Сахарова и Матрены Петровны, рожд. Арбузовой, сестры С. П. Арбузова.</note> Я очень <choice><reg>вял</reg><orig>вялъ</orig></choice>. <choice><reg>Целый</reg><orig>Цѣлый</orig></choice> день хочется спать. <hi style="opdelimiter">—</hi><hi style="opnumber">309</hi></p>
<p rend="left"><hi style="npnumber">310</hi><hi style="npdelimiter">Письма</hi> два <choice><reg>тебе</reg><orig>тебѣ</orig></choice>. Одно <choice><reg>от</reg><orig>отъ</orig></choice> Вари,<note xml:id="note3" resp="volume_editor" index="false"> В. В. Нагорнова.</note> другое отъ матери Англичанки, кот[орая] выражаетъ надежду, что д[очь ея все]<note xml:id="note4" resp="volume_editor" index="false"> Взятое в скобки — оторвано в подлиннике.</note> <choice><reg>исполнит</reg><orig>исполнитъ</orig></choice>.</p>
<p rend="left">Прощай, завтра напишу, если будетъ вре[мя и будетъ]<note xml:id="note5" resp="volume_editor" index="false"> Взятое в скобки — оторвано в подлиннике.</note> что.</p>
<p rend="right">Л.</p>
<comments><p rend="Textpetit_otstup left">Печатается по автографу, хранящемуся в АТБ. Впервые опубликовано по копии, сделанной С. А. Толстой, в ПЖ, стр. 146—147. Датируется на основании начальных слов письма: «Пишу с вечера в четверг». Четверг падал на 27 августа 1881 г.</p>
<p rend="Textpetit_otstup left"><hi>1</hi> Ближайшее болото к Ясной поляне.</p>
<p rend="petit left"><hi>2</hi> А. М. Кузминский.</p>
<p rend="petit left"><hi>3</hi> Акулина — дочь Андрея Сахарова и Матрены Петровны, рожд. Арбузовой, сестры С. П. Арбузова.</p>
<p rend="petit left"><hi>4</hi> В. В. Нагорнова.</p>
<p rend="petit left"><hi>5</hi> Взятое в скобки — оторвано в подлиннике.</p>
</comments></div></body>
        </text>
        </TEI>