<?xml version='1.0' encoding='UTF-8' standalone='no'?>

<TEI xmlns="http://www.tei-c.org/ns/1.0">
       <teiHeader>
          <fileDesc>
             <titleStmt>
                <title>Письмо №265. С. А. Толстой</title>
             </titleStmt>
             <publicationStmt>
                <publisher>TolstoyLab</publisher>
                <date when="2015-09-14">14 September 2015</date>
             </publicationStmt>
             <sourceDesc>
                <biblStruct>
                   <analytic>
                      <author>Толстой Л.Н.</author>
                   </analytic>
                   <monogr>
                      <title level="m">Полное собрание сочинений. Том 83</title>
                      <imprint>
                         <pubPlace>Москва</pubPlace>
                         <publisher>Государственное издательство "Художественная литература"</publisher>
                         <date when="1938"/>
                      </imprint>
                   </monogr>
                   <series>
                      <title level="s">Л.Н. Толстой. Полное собрание сочинений</title>
                      <biblScope unit="vol">83</biblScope>
                   </series>
                </biblStruct>
				<bibl>Печатается по автографу, хранящемуся в АТБ. Впервые опубликовано по копии, сделанной С. А. Толстой, в ПЖ, стр. 217—218. Датируется на основании почтовых штемпелей: «Почтовый вагон. 5 февраля 1884; Москва. 5 февраля 1884» и пометы Толстого «суббота», которая падала на 4 февраля 1884 г.</bibl>
             </sourceDesc>
          </fileDesc>
          <encodingDesc>
             <tagsDecl> </tagsDecl>
          </encodingDesc>
          <profileDesc>
             <correspDesc>
                <correspAction type="sending">
                   <persName ref="PersonList.xml#L_N_Tolstoy">Л. Н. Толстой</persName>
                   <placeName ref="PlacesListxml#PLACE">Я. П.</placeName>
                   <date when="1884-02-04">1884 г. Февраля 4.</date>            </correspAction>
                <correspAction type="receiving">
                   <persName ref="PersonList.xml#RECEIVER">Толстая Софья Андреевна</persName>
                </correspAction>
                <correspContext>
                   <ref type="prev"/>
                </correspContext>
             </correspDesc>
          </profileDesc>
       </teiHeader>
       <xenoData><number type="in a volume">265</number></xenoData>

       <text xml:id="a4_265">
	<body><div>
		<opener index="false">
265.
1884 г. Февраля 4. Я. П.</opener>
<p rend="right"><hi>Суббота <choice><reg>вечер</reg><orig>вечеръ</orig></choice>.</hi></p>
<p rend="left">Нынче <choice><reg>был</reg><orig>былъ</orig></choice> у Бибикова и <choice><reg>видел</reg><orig>видѣлъ</orig></choice> Сережу, и, прощаясь <choice><reg>с</reg><orig>съ</orig></choice> <choice><reg>ним</reg><orig>нимъ</orig></choice>, садился <choice><reg>верхом</reg><orig>верхомъ</orig></choice> и <choice><reg>повихнул</reg><orig>повихнулъ</orig></choice> большой <choice><reg>палец</reg><orig>палецъ</orig></choice> на правой <choice><reg>руке</reg><orig>рукѣ</orig></choice>.<note xml:id="note1" resp="volume_editor" index="false"> С. А. Толстая писала 5 февраля: «Что же это с твоим пальцем? Если движенье делаешь, то значит не вывих, а жила вытянута».</note> <choice><reg>Как</reg><orig>Какъ</orig></choice> видишь, это не <choice><reg>мешает</reg><orig>мѣшаетъ</orig></choice> <choice><reg>мне</reg><orig>мнѣ</orig></choice> <hi style="opdelimiter">писать.</hi><hi style="opnumber">422</hi> <hi style="npnumber">423</hi><hi style="npdelimiter">Немного</hi> опухло, но <choice><reg>все</reg><orig>всѣ</orig></choice> движенья есть, <choice><reg>так</reg><orig>такъ</orig></choice> что <choice><reg>мог</reg><orig>могъ</orig></choice> и башмаки шить. Погода <choice><reg>так</reg><orig>такъ</orig></choice> была хороша, что, вернувшись <choice><reg>от</reg><orig>отъ</orig></choice> Бибикова, <choice><reg>решил</reg><orig>рѣшилъ</orig></choice> <choice><reg>ехать</reg><orig>ѣхать</orig></choice> <choice><reg>в</reg><orig>въ</orig></choice> Тулу <choice><reg>посмотреть</reg><orig>посмотрѣть</orig></choice> <choice><reg>Сергеево</reg><orig>Сергѣево</orig></choice> заведенье<note xml:id="note2" resp="volume_editor" index="false"> Сергей Петрович Арбузов открыл в Туле столярную мастерскую, где делал ящики для <hi style="opdelimiter">гармоний.</hi><hi style="opnumber">423</hi></note> и <choice><reg>к</reg><orig>къ</orig></choice> Урусову. <choice><reg>Сергея</reg><orig>Сергѣя</orig></choice> <choice original_editorial_correction='встре[тил]'><sic><choice><reg>встре</reg><orig>встрѣ</orig></choice></sic><corr><choice><reg>встретил</reg><orig>встрѣтилъ</orig></choice></corr></choice> на <choice><reg>дороге</reg><orig>дорогѣ</orig></choice> и <choice><reg>с</reg><orig>съ</orig></choice> <choice><reg>ним</reg><orig>нимъ</orig></choice> <choice><reg>зашел</reg><orig>зашелъ</orig></choice> <choice><reg>к</reg><orig>къ</orig></choice> нему. <choice><reg>Делают</reg><orig>Дѣлаютъ</orig></choice> столяры гармонные ящики, <choice><reg>в</reg><orig>въ</orig></choice> <choice><reg>подвале</reg><orig>подвалѣ</orig></choice>. <choice><reg>В</reg><orig>Въ</orig></choice> <hi>одной</hi> <choice><reg>комнатке</reg><orig>комнаткѣ</orig></choice> <choice><reg>Сергей</reg><orig>Сергѣй</orig></choice> <choice><reg>с</reg><orig>съ</orig></choice> семьей и 4 работника. Работа напряженная и требующая <choice><reg>большего</reg><orig>большаго</orig></choice> мастерства, <choice><reg>от</reg><orig>отъ</orig></choice> 6 <choice><reg>часов</reg><orig>часовъ</orig></choice> до 12-ти ночи, и <choice><reg>работник</reg><orig>работникъ</orig></choice> <choice><reg>вырабатывает</reg><orig>вырабатываетъ</orig></choice> <choice><reg>в</reg><orig>въ</orig></choice> <choice><reg>неделю</reg><orig>недѣлю</orig></choice> 2 р. 25 на <choice><reg>хозяйских</reg><orig>хозяйскихъ</orig></choice> <choice><reg>харчах</reg><orig>харчахъ</orig></choice>. Кажется, страшно, a <choice><reg>мне</reg><orig>мнѣ</orig></choice> не <choice><reg>хотелось</reg><orig>хотѣлось</orig></choice> уходить, — <choice><reg>так</reg><orig>такъ</orig></choice> у <choice><reg>них</reg><orig>нихъ</orig></choice> весело и здоровая такая трудовая атмосфера. <choice><reg>Сергей</reg><orig>Сергѣй</orig></choice> <choice><reg>хозяйничает</reg><orig>хозяйничаетъ</orig></choice> <choice><reg>над</reg><orig>надъ</orig></choice> пьяницами, а <choice><reg>сам</reg><orig>самъ</orig></choice>, <choice><reg>разумеется</reg><orig>разумѣется</orig></choice>, не <choice><reg>пьет</reg><orig>пьетъ</orig></choice>. Это, я думаю, лучшее <choice><reg>лечение</reg><orig>лѣченiе</orig></choice> <choice><reg>от</reg><orig>отъ</orig></choice> пьянства. Ариша<note xml:id="note3" resp="volume_editor" index="false"> Жена С. П. Арбузова.</note> <choice><reg>скучает</reg><orig>скучаетъ</orig></choice> и <choice><reg>брезгает</reg><orig>брезгаетъ</orig></choice>. Я ее <choice><reg>увещевал</reg><orig>увѣщевалъ</orig></choice>, но, <choice><reg>разумеется</reg><orig>разумѣется</orig></choice>, тщетно. — <choice><reg>Утром</reg><orig>Утромъ</orig></choice> еще было <choice><reg>совещание</reg><orig>совѣщанiе</orig></choice> <choice><reg>с</reg><orig>съ</orig></choice> Варварой Жаровой:<note xml:id="note4" resp="volume_editor" index="false"> Варвара Ильинична, жена Ильи Трофимовича Жарова, жившего у Толстых охотником. Жил очень бедно. Относительно забот Толстого о семье Жаровой см. Илья Толстой «Мои воспоминания», 1914, стр. 188.</note> отдать ли ей дочь за <choice><reg>муж</reg><orig>мужъ</orig></choice> <choice><reg>в</reg><orig>въ</orig></choice> <choice original_editorial_correction='Алекс[инский]'><sic>Алекс</sic><corr><choice><reg>Алексинский</reg><orig>Алексинскiй</orig></choice></corr></choice> <choice><reg>уезд</reg><orig>уѣздъ</orig></choice>,<note xml:id="note5" resp="volume_editor" index="false"> Тульской губернии.</note> несмотря на то, что сваты <choice><reg>обещали</reg><orig>обѣщали</orig></choice> шубу <choice><reg>невесте</reg><orig>невѣстѣ</orig></choice> и не привезли. Я <choice><reg>советовал</reg><orig>совѣтовалъ</orig></choice> отдать на волю <choice><reg>невесты</reg><orig>невѣсты</orig></choice>. Кажется, послушали.</p>
<p rend="left">У Урусова <choice><reg>пил</reg><orig>пилъ</orig></choice> много чаю и много говорили <choice><reg>праздного</reg><orig>празднаго</orig></choice>. <choice><reg>Рад</reg><orig>Радъ</orig></choice> <choice><reg>был</reg><orig>былъ</orig></choice> о <choice><reg>тебе</reg><orig>тебѣ</orig></choice> узнать.<note xml:id="note6" resp="volume_editor" index="false"> С. А. Толстая писала 3 февраля: «Урусов сегодня уехал. Вчера сидела с ним вечер, и мне было очень приятно. Но сегодня почти его не видела, он всё ездил и всё спешил. Верно, ты его увидишь, и он тебе о нас расскажет» (стр. 253).</note> <choice><reg>Он</reg><orig>Онъ</orig></choice> <choice><reg>застал</reg><orig>засталъ</orig></choice> тебя <choice><reg>с</reg><orig>съ</orig></choice> болью <choice><reg>в</reg><orig>въ</orig></choice> <choice><reg>спине</reg><orig>спинѣ</orig></choice> <choice><reg>от</reg><orig>отъ</orig></choice> <choice><reg>толчков</reg><orig>толчковъ</orig></choice>; что это? Напиши, каково <choice><reg>тебе</reg><orig>тебѣ</orig></choice> — всячески и физически, и нравственно. Домой <choice><reg>ехал</reg><orig>ѣхалъ</orig></choice> ночью, <choice><reg>один</reg><orig>одинъ</orig></choice> <choice><reg>в</reg><orig>въ</orig></choice> <choice><reg>санках</reg><orig>санкахъ</orig></choice> на доброй лошади — очень <choice><reg>приятно</reg><orig>прiятно</orig></choice>. — <choice><reg>Урусов</reg><orig>Урусовъ</orig></choice> завтра <choice><reg>хотел</reg><orig>хотѣлъ</orig></choice> <choice><reg>приехать</reg><orig>прiѣхать</orig></choice>. Постараюсь меньше болтать, — не люблю. А если ничего <choice><reg>особенного</reg><orig>особеннаго</orig></choice> по <choice><reg>твоим</reg><orig>твоимъ</orig></choice> <choice><reg>письмам</reg><orig>письмамъ</orig></choice> не <choice><reg>будет</reg><orig>будетъ</orig></choice>, то <choice><reg>приеду</reg><orig>прiѣду</orig></choice> во <choice><reg>вторник</reg><orig>вторникъ</orig></choice>.<note xml:id="note7" resp="volume_editor" index="false"> 5 февраля С. А. Толстая писала: «Я, конечно, рада, что ты хочешь вернуться во вторник, но боюсь, что масленица тебе голову вскружит больше, чем целый месяц будничных дней» (стр. 253—254).</note> Что Варя?<note xml:id="note8" resp="volume_editor" index="false"> О беременности В. В. Нагорновой.</note> —</p>
<p rend="left"><choice><reg>Дети</reg><orig>Дѣти</orig></choice> таки забыли про имянины <choice original_editorial_correction='Агаф[ьи]'><sic>Агаф</sic><corr>Агафьи</corr></choice> <choice original_editorial_correction='Мих[айловны]'><sic>Мих</sic><corr>Михайловны</corr></choice>.<note xml:id="note9" resp="volume_editor" index="false"> Агафья Михайловна была именинницей 5 февраля.</note> И мои башмаки ей не <choice><reg>поспеют</reg><orig>поспѣютъ</orig></choice>.</p>
<lb/>
<p rend="left"><hi>На конверте:</hi> Москва. Хамовники. <choice><reg>Графине</reg><orig>Графинѣ</orig></choice> <choice><reg>Софье</reg><orig>Софьѣ</orig></choice> <choice><reg>Андревне</reg><orig>Андревнѣ</orig></choice> Толстой. Собственный <choice><reg>дом</reg><orig>домъ</orig></choice>.</p>
<comments><p rend="Textpetit_otstup left">Печатается по автографу, хранящемуся в АТБ. Впервые опубликовано по копии, сделанной С. А. Толстой, в ПЖ, стр. 217—218. Датируется на основании почтовых штемпелей: «Почтовый вагон. 5 февраля 1884; Москва. 5 февраля 1884» и пометы Толстого «суббота», которая падала на 4 февраля 1884 г.</p>
<p rend="Textpetit_otstup left"><hi>1</hi> С. А. Толстая писала 5 февраля: «Что же это с твоим пальцем? Если движенье делаешь, то значит не вывих, а жила вытянута».</p>
<p rend="petit left"><hi>2</hi> Сергей Петрович Арбузов открыл в Туле столярную мастерскую, где делал ящики для <hi style="opdelimiter">гармоний.</hi><hi style="opnumber">423</hi></p>
<p rend="petit left"><hi>3</hi> Жена С. П. Арбузова.</p>
<p rend="petit left"><hi>4</hi> Варвара Ильинична, жена Ильи Трофимовича Жарова, жившего у Толстых охотником. Жил очень бедно. Относительно забот Толстого о семье Жаровой см. Илья Толстой «Мои воспоминания», 1914, стр. 188.</p>
<p rend="petit left"><hi>5</hi> Тульской губернии.</p>
<p rend="petit left"><hi>6</hi> С. А. Толстая писала 3 февраля: «Урусов сегодня уехал. Вчера сидела с ним вечер, и мне было очень приятно. Но сегодня почти его не видела, он всё ездил и всё спешил. Верно, ты его увидишь, и он тебе о нас расскажет» (стр. 253).</p>
<p rend="petit left"><hi>7</hi> 5 февраля С. А. Толстая писала: «Я, конечно, рада, что ты хочешь вернуться во вторник, но боюсь, что масленица тебе голову вскружит больше, чем целый месяц будничных дней» (стр. 253—254).</p>
<p rend="petit left"><hi>8</hi> О беременности В. В. Нагорновой.</p>
<p rend="petit left"><hi>9</hi> Агафья Михайловна была именинницей 5 февраля.</p>
</comments></div></body>
        </text>
        </TEI>