<?xml version='1.0' encoding='UTF-8' standalone='no'?>

<TEI xmlns="http://www.tei-c.org/ns/1.0">
       <teiHeader>
          <fileDesc>
             <titleStmt>
                <title>Письмо №1. П. Д. Голохвастову.</title>
             </titleStmt>
             <publicationStmt>
                <publisher>TolstoyLab</publisher>
                <date when="2015-09-14">14 September 2015</date>
             </publicationStmt>
             <sourceDesc>
                <biblStruct>
                   <analytic>
                      <author>Толстой Л.Н.</author>
                   </analytic>
                   <monogr>
                      <title level="m">Полное собрание сочинений. Том 62</title>
                      <imprint>
                         <pubPlace>Москва</pubPlace>
                         <publisher>Государственное издательство "Художественная литература"</publisher>
                         <date when="1953"/>
                      </imprint>
                   </monogr>
                   <series>
                      <title level="s">Л.Н. Толстой. Полное собрание сочинений</title>
                      <biblScope unit="vol">62</biblScope>
                   </series>
                </biblStruct>
             </sourceDesc>
          </fileDesc>
          <encodingDesc>
             <tagsDecl> </tagsDecl>
          </encodingDesc>
          <profileDesc>
             <correspDesc>
                <correspAction type="sending">
                   <persName ref="PersonList.xml#L_N_Tolstoy">Л. Н. Толстой</persName>
                   <placeName ref="PlacesListxml#PLACE">Я. П.</placeName>
                   <date when="1873-01-12">1873 г. Января 12.</date>            </correspAction>
                <correspAction type="receiving">
                   <persName ref="PersonList.xml#RECEIVER">Голохвастов Павел Дмитриевич</persName>
                </correspAction>
                <correspContext>
                   <ref type="prev"/>
                </correspContext>
             </correspDesc>
          </profileDesc>
       </teiHeader>
       <xenoData><number type="in a volume">1</number></xenoData>

              <text xml:id="P.D.Goloxvastovu_1">
	<body><div>
		<opener index="false">
1. П. Д. Голохвастову.
1873 г. Января 12. Я. П.</opener>
<p rend="left">Я нынче только получил ваши книги,<note xml:id="note1" resp="volume_editor" index="false">Толстой просил П. Д. Голохвастова прислать ему несколько книг о Петре I и его эпохе. <ref target="file:///Volume_61_P__D__Goloxvastovu_422.xml">См. т. 61, письмо № 422</ref>.</note> многоуважаемый Павел Дмитриевич, и не могу вас достаточно благодарить. Надеюсь свидеться с вами до тех пор, пока прочту то, что мне нужно в этих.</p>
<p rend="left">Долго ли вы пробудете в Москве? Есть ли надежда увидать вас в январе?</p>
<p rend="left">Дай бог вам успеха в вашей работе. Так часто приходится говорить неискренно эти слова, что мне хочется особенно подчеркнуть то, что я от всей души интересуюсь не только вашими трудами, но и всей вашей умственной деятельностью, которая имеет большую будущность.</p>
<p rend="left">Я вас не зову к себе теперь, если не поздно будет в феврале; потому что я всю зиму нынешнюю нахожусь в самом тяжелом, ненормальном состоянии. Мучаюсь, волнуюсь, ужасаюсь перед представляющимся, отчаиваюсь, обнадеживаюсь и склоняюсь к тому убеждению, что ничего кроме муки не выйдет.<note xml:id="note2" resp="volume_editor" index="false">Речь идет о работе над романом из эпохи Петра I.</note> Надеюсь к февралю успокоиться. А теперь я себе так несносен, что другим должен быть невыносим. Так, пожалуйста, напишите свои планы на следующей неделе; я по ним соображусь. А свидеться и сблизиться с вами мне очень хочется.</p>
<p rend="right">Ваш Л. Толстой.</p>
<p rend="left">12 генваря.</p>
<comments><p rend="Textpetit_otstup left">Письмо к П. Д. Голохвастову, как и последующие письма к нему (кроме письма № 14), печатается по тексту, опубликованному в «Русском вестнике», 1904, 11, стр. 196—215. Местонахождение автографов неизвестно. Год определяется содержанием. См. прим. 1.</p>
<p rend="petit left">О Павле Дмитриевиче Голохвастове см. т. 61, прим. к письму № <hi style="opdelimiter">422.</hi><hi style="opnumber">8</hi></p>
<p rend="Textpetit_otstup left"><hi style="npnumber">9</hi><hi style="npdelimiter"><hi>1 </hi>Толстой</hi> просил П. Д. Голохвастова прислать ему несколько книг о Петре I и его эпохе. <ref target="file:///Volume_61_P__D__Goloxvastovu_422.xml">См. т. 61, письмо № 422</ref>.</p>
<p rend="petit left"><hi>2 </hi>Речь идет о работе над романом из эпохи Петра I.</p>
</comments></div></body>
        </text>
        </TEI>