<?xml version='1.0' encoding='UTF-8' standalone='no'?>

<TEI xmlns="http://www.tei-c.org/ns/1.0">
       <teiHeader>
          <fileDesc>
             <titleStmt>
                <title>Письмо №46. В. В. Арсеньевой.</title>
             </titleStmt>
             <publicationStmt>
                <publisher>TolstoyLab</publisher>
                <date when="2015-09-14">14 September 2015</date>
             </publicationStmt>
             <sourceDesc>
                <biblStruct>
                   <analytic>
                      <author>Толстой Л.Н.</author>
                   </analytic>
                   <monogr>
                      <title level="m">Полное собрание сочинений. Том 60</title>
                      <imprint>
                         <pubPlace>Москва</pubPlace>
                         <publisher>Государственное издательство "Художественная литература"</publisher>
                         <date when="1949"/>
                      </imprint>
                   </monogr>
                   <series>
                      <title level="s">Л.Н. Толстой. Полное собрание сочинений</title>
                      <biblScope unit="vol">60</biblScope>
                   </series>
                </biblStruct>
				<bibl>Впервые опубликовано в Б. I, 3, стр. 354—356. См. запись в Дневнике Толстого под 12 декабря 1856 г., т. 47, стр. 104.</bibl>
             </sourceDesc>
          </fileDesc>
          <encodingDesc>
             <tagsDecl> </tagsDecl>
          </encodingDesc>
          <profileDesc>
             <correspDesc>
                <correspAction type="sending">
                   <persName ref="PersonList.xml#L_N_Tolstoy">Л. Н. Толстой</persName>
                   <placeName ref="PlacesListxml#PLACE">Петербург.</placeName>
                   <date when="1856-12-12">1856 г. Декабря 12.</date>            </correspAction>
                <correspAction type="receiving">
                   <persName ref="PersonList.xml#RECEIVER">Арсеньев Владимир Михайлович</persName>
                </correspAction>
                <correspContext>
                   <ref type="prev"/>
                </correspContext>
             </correspDesc>
          </profileDesc>
       </teiHeader>
       <xenoData><number type="in a volume">46</number></xenoData>

              <text xml:id="V.V.Arsenevoj_46">
	<body><div>
		<opener index="false">
46. В. В. Арсеньевой.
1856 г. Декабря 12. Петербург.</opener>
<p rend="left">Вот уже 2-й день, что я получил ваше последнее письмо и всё был в нерешительности, отвечать ли на него или нет, и как отвечать на него. — Чем заболел, тем и лечись, клин клином выгоняют. Буду опять искренен, сколько могу. Подумав хорошенько, я убедился, что мое письмо действительно было грубо и нехорошо, и что вы могли и должны были оскорбиться, получив его. Но все-таки я от него не отрекаюсь. Это был не припадок ревности, а убеждение, которое я выразил слишком грубо и которое я сохраняю до сих пор. Насчет вашего письма я думал вот как: или вы никогда не любили меня, что бы было прекрасно и для вас и для меня, потому что мы слишком далеки друг от друга; или вы притворились и под влиянием <choice original_editorial_correction='Жен[ички]'><sic>Жен</sic><corr>Женички</corr></choice>, <choice original_editorial_correction='к[оторая]'><sic>к</sic><corr>которая</corr></choice> посоветовала вам холодностью разжечь меня. — Мне кажется, что тут il у a du Женичка. Mais c’est un mauvais moyen со мной, jʼenvisage la chose trop sérieusement pour que ces petits moyens naifs puissent avoir prise sur moi. Je sois depuis longtemps le had de votre coeur,<note xml:id="note1" resp="volume_editor" index="false"> [есть влияние Женички. Но это плохое средство со мной, я смотрю на дело слишком серьезно для того, чтобы этими маленькими наивными способами можно было на меня подействовать. Я уже давно вижу сущность вашего сердца,]</note> и эти маленькие хитрости для меня не скрывают, а засоряют его. — То, что я говорю, что было бы прекрасно, ежели бы вы никогда не любили меня, я тоже говорю искренно и тоже, хотя и прежде я чувствовал это, меня особенно навело на мысль <hi>последнее </hi>письмо. — Вы гневаетесь, что я <hi>только умею читать нотации</hi>. Ну вот, видите ли, я вам пишу мои планы о будущем, мои мысли о том, как надо жить, о том, как я понимаю добро и т. д. Это всё мысли и чувства самые дорогие для меня, которые я пишу чуть не с слезами на глазах (верьте этому), а для вас это <hi>нотации и скука</hi>. Ну что же есть между нами общего? Смотря по развитию, человек и выражает любовь. Олинькин жених выражал ей любовь, говоря о высокой любви; но меня, хоть убейте, я не могу говорить об этих вздорах. Верьте еще одному, что во всех моих с вами отношениях я был искренен, сколько мог, что я имел и имею к вам дружбу, что я искренно <hi style="opdelimiter">думал,</hi><hi style="opnumber">141</hi> <hi style="npnumber">142</hi><hi style="npdelimiter">что</hi> вы лучшая из всех девушек, <choice original_editorial_correction='кот[орых]'><sic>кот</sic><corr>которых</corr></choice> я встречал, и которая, ежели захочет, я могу быть с ней счастлив и дать ей счастье, как я понимаю его. — Но вот в чем я виноват и в чем прошу у вас прощенья: это, что не убедившись в том, захотите ли вы понять меня, я как-то невольно зашел с вами в объясненья, которые не нужны, и, может быть, часто сделал вам больно. В этом я очень и очень виноват; но постарайтесь простить меня и останемтесь добрыми друзьями. Любовь и женитьба доставили бы нам только страдания, а дружба, я это чувствую, полезна для нас обоих. И я не знаю, как вы, но я чувствую в себе силы удержаться в границах ее. — Кроме того, мне кажется, что я не рожден для семейной жизни, хоть люблю ее больше всего на свете. Вы знаете мой гадкой, подозрительной, переменчивый характер, и Бог знает, в состоянии ли что-нибудь изменить его. — Нечто сильная любовь, которой я никогда не испытывал и в которую я не верю. Из всех женщин, которых я знал, я больше всех любил и люблю вас, но всё это еще очень мало. —</p>
<p rend="left">Прощайте, Христос с вами, милая Валерия Владимировна, бы хоть в Ясную дайте знать, могу ли я все-таки приехать посмотреть на вас в Январе месяце.</p>
<p rend="right">Ваш Гр. Л. Толстой.</p>
<p rend="left">12 Декабря.</p>
<comments><p rend="Textpetit_otstup left">Впервые опубликовано в Б. I, 3, стр. 354—356. См. запись в Дневнике Толстого под 12 декабря 1856 г., т. 47, стр. 104.</p>
<p rend="Textpetit_otstup left"><hi>1</hi> [есть влияние Женички. Но это плохое средство со мной, я смотрю на дело слишком серьезно для того, чтобы этими маленькими наивными способами можно было на меня подействовать. Я уже давно вижу сущность вашего сердца,]</p>
</comments></div></body>
        </text>
        </TEI>