<?xml version='1.0' encoding='UTF-8' standalone='no'?>

<TEI xmlns="http://www.tei-c.org/ns/1.0">
       <teiHeader>
          <fileDesc>
             <titleStmt>
                <title>Письмо №* 119. П. М. Леонтьеву.</title>
             </titleStmt>
             <publicationStmt>
                <publisher>TolstoyLab</publisher>
                <date when="2015-09-14">14 September 2015</date>
             </publicationStmt>
             <sourceDesc>
                <biblStruct>
                   <analytic>
                      <author>Толстой Л.Н.</author>
                   </analytic>
                   <monogr>
                      <title level="m">Полное собрание сочинений. Том 62</title>
                      <imprint>
                         <pubPlace>Москва</pubPlace>
                         <publisher>Государственное издательство "Художественная литература"</publisher>
                         <date when="1953"/>
                      </imprint>
                   </monogr>
                   <series>
                      <title level="s">Л.Н. Толстой. Полное собрание сочинений</title>
                      <biblScope unit="vol">62</biblScope>
                   </series>
                </biblStruct>
             </sourceDesc>
          </fileDesc>
          <encodingDesc>
             <tagsDecl> </tagsDecl>
          </encodingDesc>
          <profileDesc>
             <correspDesc>
                <correspAction type="sending">
                   <persName ref="PersonList.xml#L_N_Tolstoy">Л. Н. Толстой</persName>
                   <placeName ref="PlacesListxml#PLACE">Я. П.</placeName>
                   <date when="1874-11-23">1874 г. Ноября 23.</date>            </correspAction>
                <correspAction type="receiving">
                   <persName ref="PersonList.xml#RECEIVER">Леонтьев Павел Михайлович</persName>
                </correspAction>
                <correspContext>
                   <ref type="prev"/>
                </correspContext>
             </correspDesc>
          </profileDesc>
       </teiHeader>
       <xenoData><number type="in a volume">119</number></xenoData>

              <text xml:id="P.M.Leontevu_119">
	<body><div>
		<opener index="false">
* 119. П. М. Леонтьеву.
1874 г. Ноября 23...25. Я. П.
</opener>
<p rend="Obrashenie left">Милостивый государь Павел Михайлович!</p>
<p rend="left">Разрыв наших переговоров не может изменить наших отношений: они слишком старые и всегда были хорошие. Но между нами произошло недоразумение. Я предложил вам условия sine qua non<note xml:id="note1" resp="volume_editor" index="false">[без принятия которых не может быть достигнуто соглашение]</note> и в разговоре с вами только придумывал, как бы сделать их для вас более удобными, но не изменяя сущности их. Я предлагал 20 листов по 500 р., деньги вперед, и с правом по своему усмотрению печатать окончание романа с будущей зимы отдельно или в вашем журнале в нынешнем или будущем году. Теперь я занял уже нужные мне деньги и жалею о том, что мы не сошлись только потому, что, если бы я продал вам роман, я бы напечатал его в нынешнем году, а то мои занятия школами так отвлекают меня,<note xml:id="note2" resp="volume_editor" index="false">8 ноября С. А. Толстая писала Т. А. Кузминской, что Толстой «не занимается, а очень пристрастился к школам и занят весь этим делом... он или в школе, или на охоте, или внизу в кабинете с учителями, которых он обучает, как надо учить».</note> что не могу себя заставить доработать ту небольшую работу, которая мне в нем остается.</p>
<p rend="left">С совершенным уважением и преданностью имею честь быть Ваш покорный слуга</p>
<p rend="right">гр. Лев Толстой.</p>
<comments><p rend="Textpetit_otstup left">Датируется на основании письма П. М. Леонтьева от 20 ноября, на которое Толстой отвечает.</p>
<p rend="petit left">Толстой виделся с Леонтьевым в Москве между 5 и 7 ноября и говорил о передаче в «Русский вестник» романа «Анна Каренина». В Москве же он получил от Леонтьева письмо (оно неизвестно), которое, повидимому, понял как «торговлю» и не счел нужным на него отвечать. Догадавшись о причине молчания, Леонтьев 20 ноября написал Толстому объяснительное письмо.</p>
<p rend="Textpetit_otstup left"><hi>1 </hi>[без принятия которых не может быть достигнуто соглашение]</p>
<p rend="petit left"><hi>2 </hi>8 ноября С. А. Толстая писала Т. А. Кузминской, что Толстой «не занимается, а очень пристрастился к школам и занят весь этим делом... он или в школе, или на охоте, или внизу в кабинете с учителями, которых он обучает, как надо учить».</p>
<p rend="left emptyline"><hi style="opnumber">127</hi> <hi style="npnumber">128</hi></p>
</comments></div></body>
        </text>
        </TEI>