<?xml version='1.0' encoding='UTF-8' standalone='no'?>

<TEI xmlns="http://www.tei-c.org/ns/1.0">
       <teiHeader>
          <fileDesc>
             <titleStmt>
                <title>Письмо №238. П. И. Бартеневу.</title>
             </titleStmt>
             <publicationStmt>
                <publisher>TolstoyLab</publisher>
                <date when="2015-09-14">14 September 2015</date>
             </publicationStmt>
             <sourceDesc>
                <biblStruct>
                   <analytic>
                      <author>Толстой Л.Н.</author>
                   </analytic>
                   <monogr>
                      <title level="m">Полное собрание сочинений. Том 61</title>
                      <imprint>
                         <pubPlace>Москва</pubPlace>
                         <publisher>Государственное издательство "Художественная литература"</publisher>
                         <date when="1953"/>
                      </imprint>
                   </monogr>
                   <series>
                      <title level="s">Л.Н. Толстой. Полное собрание сочинений</title>
                      <biblScope unit="vol">61</biblScope>
                   </series>
                </biblStruct>
				<bibl>Впервые опубликовано в «Сборнике Государственного Толстовского музея», М. 1937, стр. 176. Год определяется сопоставлением с письмом № 236.</bibl>
             </sourceDesc>
          </fileDesc>
          <encodingDesc>
             <tagsDecl> </tagsDecl>
          </encodingDesc>
          <profileDesc>
             <correspDesc>
                <correspAction type="sending">
                   <persName ref="PersonList.xml#L_N_Tolstoy">Л. Н. Толстой</persName>
                   <placeName ref="PlacesListxml#PLACE">Я. П.</placeName>
                   <date when="1867-11-25">1867 г. Ноября 25.</date>            </correspAction>
                <correspAction type="receiving">
                   <persName ref="PersonList.xml#RECEIVER">Бартенев Петр Иванович</persName>
                </correspAction>
                <correspContext>
                   <ref type="prev"/>
                </correspContext>
             </correspDesc>
          </profileDesc>
       </teiHeader>
       <xenoData><number type="in a volume">238</number></xenoData>

              <text xml:id="P__I__Bartenevu_238">
	<body><div>
		<opener index="false">
238. П. И. Бартеневу.
1867 г. Ноября 25. Я. П.</opener>
<p rend="right">25 Nоября.</p>
<p rend="left">Я теперь не задерживаю и не задержу типографию, хотя и много перемарал последние листы. Ради бога все последние — листов 5 — 3-й части 3-го тома как только возможно повнимательнее просмотрите коректуры. Кое-где очень нечисто и можно жестоко переврать. —</p>
<p rend="left">О цене я настаиваю на том, чтобы продавать по 10 к. за печатный лист. Пожалуйста, напишите, какое впечатление произведет на вас последняя 3 <choice original_editorial_correction='ч[асть]'><sic>ч</sic><corr>часть</corr></choice> III <choice original_editorial_correction='т[ома]'><sic>т</sic><corr>тома</corr></choice>.</p>
<p rend="right">Л. Толстой.</p>
<comments><p rend="Textpetit_otstup left">Впервые опубликовано в «Сборнике Государственного Толстовского музея», М. 1937, стр. 176. Год определяется сопоставлением с письмом № 236.</p>
</comments></div></body>
        </text>
        </TEI>