<?xml version='1.0' encoding='UTF-8' standalone='no'?>

<TEI xmlns="http://www.tei-c.org/ns/1.0">
       <teiHeader>
          <fileDesc>
             <titleStmt>
                <title>Письмо №* 279. П. И. Бартеневу.</title>
             </titleStmt>
             <publicationStmt>
                <publisher>TolstoyLab</publisher>
                <date when="2015-09-14">14 September 2015</date>
             </publicationStmt>
             <sourceDesc>
                <biblStruct>
                   <analytic>
                      <author>Толстой Л.Н.</author>
                   </analytic>
                   <monogr>
                      <title level="m">Полное собрание сочинений. Том 61</title>
                      <imprint>
                         <pubPlace>Москва</pubPlace>
                         <publisher>Государственное издательство "Художественная литература"</publisher>
                         <date when="1953"/>
                      </imprint>
                   </monogr>
                   <series>
                      <title level="s">Л.Н. Толстой. Полное собрание сочинений</title>
                      <biblScope unit="vol">61</biblScope>
                   </series>
                </biblStruct>
             </sourceDesc>
          </fileDesc>
          <encodingDesc>
             <tagsDecl> </tagsDecl>
          </encodingDesc>
          <profileDesc>
             <correspDesc>
                <correspAction type="sending">
                   <persName ref="PersonList.xml#L_N_Tolstoy">Л. Н. Толстой</persName>
                   <placeName ref="PlacesListxml#PLACE">Я. П.</placeName>
                   <date when="1869-02-07">1869 г. Февраля 7.</date>            </correspAction>
                <correspAction type="receiving">
                   <persName ref="PersonList.xml#RECEIVER">Бартенев Петр Иванович</persName>
                </correspAction>
                <correspContext>
                   <ref type="prev"/>
                </correspContext>
             </correspDesc>
          </profileDesc>
       </teiHeader>
       <xenoData><number type="in a volume">279</number></xenoData>

              <text xml:id="P__I__Bartenevu_279">
	<body><div>
		<opener index="false">
* 279. П. И. Бартеневу. Черновое, неотправленное.
1869 г. Февраля 7...20? Я. П.
</opener>
<p rend="Obrashenie left">Петр Иванович!</p>
<p rend="left">Сделайте милость следующее. Француз, приходящий за рубашкой, зовет Платона <note xml:id="note1" resp="volume_editor" index="false"><hi>Platoche</hi>, и везде, где он говорит Platon, там <hi>Platoche</hi>; потом, когда француз снял мундир, в скобках: <hi>(на нем не было совсем рубахи);</hi> В окончательной редакции это место читается так: «Под мундиром на французе не было рубахи, а на голое, желтое, худое тело был <hi style="opdelimiter">надет</hi><hi style="opnumber">213</hi> <hi style="npnumber">214</hi><hi style="npdelimiter">длинный,</hi> засаленный, шелковый с цветочками жилет» (т. V, ч. III, гл. XI первого и т. IV (12), ч. II, гл. XI настоящего издания).</note> потом, когда он отдал обрезки, Платон говорит: <hi>Вот спасибо</hi>, <hi>соколик</hi>. <hi>То-то старички говаривали: потная рука таровата. Тоже душа есть</hi>.<note xml:id="note2" resp="volume_editor" index="false"> «Вот поди ты, — сказал Каратаев, покачивая головой. — Говорят нехристи, а тоже душа есть. — То-то старички говаривали: потная рука таровата, сухая неподатлива» (т. II, ч. IV, гл. XI первого и т. IV (12), ч. II, гл. XI настоящего издания).</note> Потом: <hi>Пьер пошел для своей надобности</hi> заменить: <hi>Пьер вышел</hi>.<note xml:id="note3" resp="volume_editor" index="false"> В окончательной редакции нет ни этого, ни последующих предложений.</note> <hi>Взглянув на Пьера, отдал</hi>. <hi>Вислый</hi>.</p>
<comments><p rend="Textpetit_otstup left">Основание датировки: последние листы корректуры пятого тома были отправлены в типографию 6 февраля.</p>
<p rend="Textpetit_otstup left"><hi>1</hi> В окончательной редакции это место читается так: «Под мундиром на французе не было рубахи, а на голое, желтое, худое тело был <hi style="opdelimiter">надет</hi><hi style="opnumber">213</hi> <hi style="npnumber">214</hi><hi style="npdelimiter">длинный,</hi> засаленный, шелковый с цветочками жилет» (т. V, ч. III, гл. XI первого и т. IV (12), ч. II, гл. XI настоящего издания).</p>
<p rend="petit left"><hi>2</hi> «Вот поди ты, — сказал Каратаев, покачивая головой. — Говорят нехристи, а тоже душа есть. — То-то старички говаривали: потная рука таровата, сухая неподатлива» (т. II, ч. IV, гл. XI первого и т. IV (12), ч. II, гл. XI настоящего издания).</p>
<p rend="petit left"><hi>3</hi> В окончательной редакции нет ни этого, ни последующих предложений.</p>
</comments></div></body>
        </text>
        </TEI>