<?xml version='1.0' encoding='UTF-8' standalone='no'?>

<TEI xmlns="http://www.tei-c.org/ns/1.0">
       <teiHeader>
          <fileDesc>
             <titleStmt>
                <title>Письмо №244. П. И. Бартеневу.</title>
             </titleStmt>
             <publicationStmt>
                <publisher>TolstoyLab</publisher>
                <date when="2015-09-14">14 September 2015</date>
             </publicationStmt>
             <sourceDesc>
                <biblStruct>
                   <analytic>
                      <author>Толстой Л.Н.</author>
                   </analytic>
                   <monogr>
                      <title level="m">Полное собрание сочинений. Том 61</title>
                      <imprint>
                         <pubPlace>Москва</pubPlace>
                         <publisher>Государственное издательство "Художественная литература"</publisher>
                         <date when="1953"/>
                      </imprint>
                   </monogr>
                   <series>
                      <title level="s">Л.Н. Толстой. Полное собрание сочинений</title>
                      <biblScope unit="vol">61</biblScope>
                   </series>
                </biblStruct>
				<bibl>Впервые опубликовано в «Русском архиве», 1914, 1, стр. 89—90. Было послано вместе с частью первой корректуры четвертого тома.</bibl>
             </sourceDesc>
          </fileDesc>
          <encodingDesc>
             <tagsDecl> </tagsDecl>
          </encodingDesc>
          <profileDesc>
             <correspDesc>
                <correspAction type="sending">
                   <persName ref="PersonList.xml#L_N_Tolstoy">Л. Н. Толстой</persName>
                   <placeName ref="PlacesListxml#PLACE">Я. П.</placeName>
                   <date when="1867-12-04">1867 г. Декабря 4.</date>            </correspAction>
                <correspAction type="receiving">
                   <persName ref="PersonList.xml#RECEIVER">Бартенев Петр Иванович</persName>
                </correspAction>
                <correspContext>
                   <ref type="prev"/>
                </correspContext>
             </correspDesc>
          </profileDesc>
       </teiHeader>
       <xenoData><number type="in a volume">244</number></xenoData>

              <text xml:id="P__I__Bartenevu_244">
	<body><div>
		<opener index="false">
244. П. И. Бартеневу.
1867 г. Декабря 4. Я. П.</opener>
<p rend="left">Посылаю две пачки гранок 4-го тома, остальные четыре — пришлю завтра вместе с рукописью.<note xml:id="note1" resp="volume_editor" index="false"> С рукописью четвертого тома. Работа над корректурами этого тома шла параллельно с писанием его.</note> Еще посылаю сверстанный листочек, привезенный женою. Вы меня совсем не поняли, или я не умел объясниться в моем письме;<note xml:id="note2" resp="volume_editor" index="false"> См. письмо Толстого от 27 ноября, № 239.</note> но вышло бог знает что, и хорошо, что я мог поправить. Я поправил так, что число линеек одинаково, и переверстки не будет.</p>
<p rend="left">Цена за три тома с билетом на четвертый 7 <choice original_editorial_correction='р[ублей]'><sic>р</sic><corr>рублей</corr></choice> <choice original_editorial_correction='сер[ебром]'><sic>сер</sic><corr>серебром</corr></choice>. По выходе всех 4-х — 8 <choice original_editorial_correction='р[ублей]'><sic>р</sic><corr>рублей</corr></choice>.<note xml:id="note3" resp="volume_editor" index="false"> См. прим. 2 к письму № 236.</note></p>
<p rend="left">В первых главах 4-го <choice original_editorial_correction='т[ома]'><sic>т</sic><corr>тома</corr></choice> есть французское письмо <choice original_editorial_correction='им[ператора]'><sic>им</sic><corr>императора</corr></choice> <choice original_editorial_correction='Алек[сандра]'><sic>Алек</sic><corr>Александра</corr></choice> к Наполеону,<note xml:id="note4" resp="volume_editor" index="false"> T. IV, ч. I, гл. III первого издания и т. III (11), ч. I, гл. III настоящего издания.</note> я не поправлял ошибки — его поправить по печатному у Богдановича<note xml:id="note5" resp="volume_editor" index="false"> Письмо Александра I к Наполеону напечатано в книге М. Богдановича «История отечественной войны 1812 года», т. I, стр. 449.</note> и перевести надо. —</p>
<p rend="left">С нынешнего дня я чувствую себя здоровым, после долгого периода нездоровья, и теперь надеюсь, что с моей стороны работа закипит.</p>
<p rend="left">Отчего вы отказываетесь от ведения дела с типографией?<note xml:id="note6" resp="volume_editor" index="false"> Причины отказа П. И. Бартенева от ведения дел с типографией неизвестны.</note> Не отказывайтесь, пожалуйста, а ежели вам не в труд, и вы хотите мне помочь, то, пожалуйста, позвольте, чтобы деньги Рису проходили через ваши руки. Он у меня был, получил 200 р., еще получил я письмо,<note xml:id="note7" resp="volume_editor" index="false"> Письмо Риса неизвестно.</note> в котором он лаконически требует 500, и я ничего не понимаю. Будьте так добры, переговорите с ним с контрактом в <hi style="opdelimiter">руках.</hi><hi style="opnumber">186</hi></p>
<p rend="left"><hi style="npnumber">187</hi><hi style="npdelimiter">Читать</hi> в пользу славян я очень рад, т. е. согласен.<note xml:id="note8" resp="volume_editor" index="false"> По словам А. А. Фета, Толстой не любил выступать на публичных чтениях. И в этот раз он лишь дал разрешение на чтение отрывка из «Войны и мира», которое состоялось 17 января 1868 г. См. прим. 2 к письму № 259.</note> Билета я не получал, но это всё равно, печатайте его.<note xml:id="note9" resp="volume_editor" index="false"> Вероятно, билет на получение «Войны и мира».</note> Сверстанные листы 3-го тома я не задержу дня.</p>
<p rend="left">Жена говорит, что вы не унываете и на меня не сердитесь, чему я очень рад.</p>
<p rend="right">Ваш Л.Толстой</p>
<p rend="left">4 декабря.</p>
<p rend="left">Посылаю еще две пачки гранок в надежде, что вы не пропустите в них безобразий.</p>
<comments><p rend="Textpetit_otstup left">Впервые опубликовано в «Русском архиве», 1914, 1, стр. 89—90. Было послано вместе с частью первой корректуры четвертого тома.</p>
<p rend="Textpetit_otstup left"><hi>1</hi> С рукописью четвертого тома. Работа над корректурами этого тома шла параллельно с писанием его.</p>
<p rend="petit left"><hi>2</hi> См. письмо Толстого от 27 ноября, № 239.</p>
<p rend="petit left"><hi>3</hi> См. прим. 2 к письму № 236.</p>
<p rend="petit left"><hi>4</hi> T. IV, ч. I, гл. III первого издания и т. III (11), ч. I, гл. III настоящего издания.</p>
<p rend="petit left"><hi>5</hi> Письмо Александра I к Наполеону напечатано в книге М. Богдановича «История отечественной войны 1812 года», т. I, стр. 449.</p>
<p rend="petit left"><hi>6</hi> Причины отказа П. И. Бартенева от ведения дел с типографией неизвестны.</p>
<p rend="petit left">До 1869 г. корректором «Войны и мира» оставался один Бартенев. В 1869 г. к правке корректуры были привлечены и другие лица.</p>
<p rend="petit left"><hi>7</hi> Письмо Риса неизвестно.</p>
<p rend="petit left"><hi>8</hi> По словам А. А. Фета, Толстой не любил выступать на публичных чтениях. И в этот раз он лишь дал разрешение на чтение отрывка из «Войны и мира», которое состоялось 17 января 1868 г. См. прим. 2 к письму № 259.</p>
<p rend="petit left">В июне 1869 г. комиссионером по распространению «Войны и мира» И. Г. Соловьевым было выдано Славянскому благотворительному комитету, по личному распоряжению Толстого, пять томов романа «Война и мир» в трех экземплярах.</p>
<p rend="petit left"><hi>9</hi> Вероятно, билет на получение «Войны и мира».</p>
</comments></div></body>
        </text>
        </TEI>