<?xml version='1.0' encoding='UTF-8' standalone='no'?>

<TEI xmlns="http://www.tei-c.org/ns/1.0">
       <teiHeader>
          <fileDesc>
             <titleStmt>
                <title>Письмо №* 447. П. Е. Воробьеву.</title>
             </titleStmt>
             <publicationStmt>
                <publisher>TolstoyLab</publisher>
                <date when="2015-09-14">14 September 2015</date>
             </publicationStmt>
             <sourceDesc>
                <biblStruct>
                   <analytic>
                      <author>Толстой Л.Н.</author>
                   </analytic>
                   <monogr>
                      <title level="m">Полное собрание сочинений. Том 61</title>
                      <imprint>
                         <pubPlace>Москва</pubPlace>
                         <publisher>Государственное издательство "Художественная литература"</publisher>
                         <date when="1953"/>
                      </imprint>
                   </monogr>
                   <series>
                      <title level="s">Л.Н. Толстой. Полное собрание сочинений</title>
                      <biblScope unit="vol">61</biblScope>
                   </series>
                </biblStruct>
             </sourceDesc>
          </fileDesc>
          <encodingDesc>
             <tagsDecl> </tagsDecl>
          </encodingDesc>
          <profileDesc>
             <correspDesc>
                <correspAction type="sending">
                   <persName ref="PersonList.xml#L_N_Tolstoy">Л. Н. Толстой</persName>
                   <placeName ref="PlacesListxml#PLACE">Я. П.</placeName>
                   <date from="1858-05-29" to="1859-05-29">1858...1859 гг.? Мая 29.</date>            </correspAction>
                <correspAction type="receiving">
                   <persName ref="PersonList.xml#RECEIVER">Воробьев Петр Евстратович</persName>
                </correspAction>
                <correspContext>
                   <ref type="prev"/>
                </correspContext>
             </correspDesc>
          </profileDesc>
       </teiHeader>
       <xenoData><number type="in a volume">447</number></xenoData>

              <text xml:id="P__E__Vorobevu_447">
	<body><div>
		<opener index="false">
* 447. П. Е. Воробьеву.
1858...1859 гг.? Мая 29. Я. П.
</opener>
<p rend="Obrashenie left">Петр Евстратов!</p>
<p rend="left">С получением сего как можно скорее собери денег и пришли в Ясную. Кроме того, исправив пролетку, пришли ее <choice original_editorial_correction='Ник[олаю]'><sic>Ник</sic><corr>Николаю</corr></choice> <choice original_editorial_correction='Ник[олаевичу]'><sic>Ник</sic><corr>Николаевичу</corr></choice>, седло и двухствольное ружье с Алексеем.</p>
<p rend="right">Гр. Л. Толстой.</p>
<p rend="left">29 мая.</p>
<lb/>
<p rend="left"><hi>На четвертой странице:</hi></p>
<p rend="left">Петру <choice original_editorial_correction='Евстрать[евичу]'><sic>Евстрать</sic><corr>Евстратьевичу</corr></choice> Воробьеву.</p>
<comments><p rend="Textpetit_otstup left">При определении года принято во внимание, что в мае 1857 г. Толстой был за границей, а в конце мая 1860 г. H. Н. Толстой уехал в Германию, где и умер.</p>
</comments></div></body>
        </text>
        </TEI>