<?xml version='1.0' encoding='UTF-8' standalone='no'?>

<TEI xmlns="http://www.tei-c.org/ns/1.0">
       <teiHeader>
          <fileDesc>
             <titleStmt>
                <title>Письмо №120 С. А. Толстой</title>
             </titleStmt>
             <publicationStmt>
                <publisher>TolstoyLab</publisher>
                <date when="2015-09-14">14 September 2015</date>
             </publicationStmt>
             <sourceDesc>
                <biblStruct>
                   <analytic>
                      <author>Толстой Л.Н.</author>
                   </analytic>
                   <monogr>
                      <title level="m">Полное собрание сочинений. Том 83</title>
                      <imprint>
                         <pubPlace>Москва</pubPlace>
                         <publisher>Государственное издательство "Художественная литература"</publisher>
                         <date when="1938"/>
                      </imprint>
                   </monogr>
                   <series>
                      <title level="s">Л.Н. Толстой. Полное собрание сочинений</title>
                      <biblScope unit="vol">83</biblScope>
                   </series>
                </biblStruct>
             </sourceDesc>
          </fileDesc>
          <encodingDesc>
             <tagsDecl> </tagsDecl>
          </encodingDesc>
          <profileDesc>
             <correspDesc>
                <correspAction type="sending">
                   <persName ref="PersonList.xml#L_N_Tolstoy">Л. Н. Толстой</persName>
                   <placeName ref="PlacesListxml#PLACE">Моршанск.</placeName>
                   <date when="1876-09-19">1876 г. Сентября 19.</date>            </correspAction>
                <correspAction type="receiving">
                   <persName ref="PersonList.xml#RECEIVER">Толстая Софья Андреевна</persName>
                </correspAction>
                <correspContext>
                   <ref type="prev"/>
                </correspContext>
             </correspDesc>
          </profileDesc>
       </teiHeader>
       <xenoData><number type="in a volume">120</number></xenoData>

       <text xml:id="a19_120">
	<body><div>
		<opener index="false">
* 120.
1876 г. Сентября 19. Моршанск.</opener>
<p rend="subtitle centerline center">
<choice original_editorial_correction='М[осковско]'><sic>М</sic><corr>Московско</corr></choice> — <choice original_editorial_correction='К[урской]'><sic>К</sic><corr>Курской</corr></choice> <choice original_editorial_correction='Дор[оги]'><sic>Дор</sic><corr>Дороги</corr></choice>
</p>
<lb/>
<p rend="left">Ясенки <choice><reg>нарочным</reg><orig>нарочнымъ</orig></choice> Ясную Поляну <choice><reg>Графине</reg><orig>Графинѣ</orig></choice> Толстой.</p>
<p rend="left"><choice><reg>Приезжаем</reg><orig>Прiѣзжаемъ</orig></choice> <choice><reg>понедельник</reg><orig>понедѣльникъ</orig></choice><note xml:id="note1" resp="volume_editor" index="false"> 20 сентября.</note> <choice><reg>утренним</reg><orig>утреннимъ</orig></choice> <choice><reg>поездом</reg><orig>поѣздомъ</orig></choice>. Вышли лошадей. Благополучны.</p>
<p rend="right">Толстой.</p>
<comments><p rend="Textpetit_otstup left">Телеграмма. Печатается по телеграфному бланку № 74, хранящемуся в АТБ. Публикуется впервые. Телеграмма подана в Моршанске 19 сентября в 12 ч. 35 м. пополудни, получена в Ясенках в тот же день в 5 ч. 31 м пополудни. Моршанск — станция Сызрано-Вяземской железной дороги, по которой Толстой возвращался прямо на Тулу.</p>
<p rend="Textpetit_otstup left"><hi>1</hi> 20 сентября.</p>
</comments></div></body>
        </text>
        </TEI>