<?xml version='1.0' encoding='UTF-8' standalone='no'?>

<TEI xmlns="http://www.tei-c.org/ns/1.0">
       <teiHeader>
          <fileDesc>
             <titleStmt>
                <title>Письмо №19. С. А. Толстой</title>
             </titleStmt>
             <publicationStmt>
                <publisher>TolstoyLab</publisher>
                <date when="2015-09-14">14 September 2015</date>
             </publicationStmt>
             <sourceDesc>
                <biblStruct>
                   <analytic>
                      <author>Толстой Л.Н.</author>
                   </analytic>
                   <monogr>
                      <title level="m">Полное собрание сочинений. Том 83</title>
                      <imprint>
                         <pubPlace>Москва</pubPlace>
                         <publisher>Государственное издательство "Художественная литература"</publisher>
                         <date when="1938"/>
                      </imprint>
                   </monogr>
                   <series>
                      <title level="s">Л.Н. Толстой. Полное собрание сочинений</title>
                      <biblScope unit="vol">83</biblScope>
                   </series>
                </biblStruct>
             </sourceDesc>
          </fileDesc>
          <encodingDesc>
             <tagsDecl> </tagsDecl>
          </encodingDesc>
          <profileDesc>
             <correspDesc>
                <correspAction type="sending">
                   <persName ref="PersonList.xml#L_N_Tolstoy">Л. Н. Толстой</persName>
                   <placeName ref="PlacesListxml#PLACE"/>
                   <date from="1864-07" to="1864-09">1864 г. Июль — сентябрь.</date>            </correspAction>
                <correspAction type="receiving">
                   <persName ref="PersonList.xml#RECEIVER">Толстая Софья Андреевна</persName>
                </correspAction>
                <correspContext>
                   <ref type="prev"/>
                </correspContext>
             </correspDesc>
          </profileDesc>
       </teiHeader>
       <xenoData><number type="in a volume">19</number></xenoData>

       <text xml:id="a-sentyabr_19">
	<body><div>
		<opener index="false">
19.
1864 г. Июль — сентябрь.</opener>
<p rend="left">Соня! Я <choice><reg>здоров</reg><orig>здоровъ</orig></choice> больше, <choice><reg>чем</reg><orig>чѣмъ</orig></choice> <choice><reg>в</reg><orig>въ</orig></choice> Ясной, и <choice><reg>ем</reg><orig>ѣмъ</orig></choice>, и сплю. — <choice><reg>Здесь</reg><orig>Здѣсь</orig></choice> <choice><reg>все</reg><orig>всѣ</orig></choice> здоровы. Машенька<note xml:id="note1" resp="volume_editor" index="false"> М. Н. Толстая. По письму А. Е. Берса С. А. и Л. Н. Толстым от 19 июня 1864 г., М. Н. Толстая, приехавшая из-за границы в последних числах июня, жила первое время в Москве.</note> <choice><reg>сделала</reg><orig>сдѣлала</orig></choice> глупость, не дождавшись моего <choice><reg>ответа</reg><orig>отвѣта</orig></choice>. Я <choice><reg>приеду</reg><orig>прiѣду</orig></choice> завтра. — Баба, которая <choice><reg>принесет</reg><orig>принесетъ</orig></choice> это письмо, нанята <choice><reg>к</reg><orig>къ</orig></choice> <choice><reg>скотнице</reg><orig>скотницѣ</orig></choice> за 12 <choice original_editorial_correction='р[ублей]'><sic>р</sic><corr>рублей</corr></choice> <choice><reg>в</reg><orig>въ</orig></choice> <choice><reg>год</reg><orig>годъ</orig></choice> и 2 <choice original_editorial_correction='п[уда]'><sic>п</sic><corr>пуда</corr></choice> муки и <hi>1</hi>/<sub>4</sub> <choice><reg>круп</reg><orig>крупъ</orig></choice>.</p>
<p rend="left">Прощай. Не пишу больше, потому что думаю, что <choice><reg>сам</reg><orig>самъ</orig></choice> буду прежде этой бабы.</p>
<p rend="right">Л. Толстой.</p>
<lb/>
<p rend="left"><hi>На четвертой странице:</hi> Ея Сіятельству Софьѣ Андревнѣ <hi style="opdelimiter">Толстой.</hi><hi style="opnumber">47</hi></p>
<comments><p rend="Textpetit_otstup left"><hi style="npnumber">48</hi><hi style="npdelimiter">Печатается</hi> по автографу, хранящемуся в АТБ. Впервые опубликовано по копии, сделанной С. А. Толстой, в ПЖ, стр. 7. Датируется на основании содержания письма, из которого явствует, что М. Н. Толстая уже в России, и отнесения первым изданием писем этой записки к 1864 г. Помета С. А. Толстой: «В апреле или мае» должна быть отвергнута.</p>
<p rend="Textpetit_otstup left"><hi>1</hi> М. Н. Толстая. По письму А. Е. Берса С. А. и Л. Н. Толстым от 19 июня 1864 г., М. Н. Толстая, приехавшая из-за границы в последних числах июня, жила первое время в Москве.</p>
</comments></div></body>
        </text>
        </TEI>