<?xml version='1.0' encoding='UTF-8' standalone='no'?>

<TEI xmlns="http://www.tei-c.org/ns/1.0">
       <teiHeader>
          <fileDesc>
             <titleStmt>
                <title>Письмо №189. С. А. Толстой</title>
             </titleStmt>
             <publicationStmt>
                <publisher>TolstoyLab</publisher>
                <date when="2015-09-14">14 September 2015</date>
             </publicationStmt>
             <sourceDesc>
                <biblStruct>
                   <analytic>
                      <author>Толстой Л.Н.</author>
                   </analytic>
                   <monogr>
                      <title level="m">Полное собрание сочинений. Том 83</title>
                      <imprint>
                         <pubPlace>Москва</pubPlace>
                         <publisher>Государственное издательство "Художественная литература"</publisher>
                         <date when="1938"/>
                      </imprint>
                   </monogr>
                   <series>
                      <title level="s">Л.Н. Толстой. Полное собрание сочинений</title>
                      <biblScope unit="vol">83</biblScope>
                   </series>
                </biblStruct>
				<bibl>Печатается по автографу, хранящемуся в АТБ. Впервые отрывок из письма опубликован в Б, II, стр. 418—419; полностью — по копии, сделанной С. А. Толстой, в ПЖ, стр. 149—150. Датируется на основании пометы Толстого «четверг», который падал на 4 февраля 1882 г.</bibl>
             </sourceDesc>
          </fileDesc>
          <encodingDesc>
             <tagsDecl> </tagsDecl>
          </encodingDesc>
          <profileDesc>
             <correspDesc>
                <correspAction type="sending">
                   <persName ref="PersonList.xml#L_N_Tolstoy">Л. Н. Толстой</persName>
                   <placeName ref="PlacesListxml#PLACE">Я. П.</placeName>
                   <date when="1882-02-04">1882 г. Февраля 4.</date>            </correspAction>
                <correspAction type="receiving">
                   <persName ref="PersonList.xml#RECEIVER">Толстая Софья Андреевна</persName>
                </correspAction>
                <correspContext>
                   <ref type="prev"/>
                </correspContext>
             </correspDesc>
          </profileDesc>
       </teiHeader>
       <xenoData><number type="in a volume">189</number></xenoData>

       <text xml:id="a4_189">
	<body><div>
		<opener index="false">
189.
1882 г. Февраля 4. Я. П.</opener>
<p rend="right"><hi>3 часа дня, <choice><reg>четверг</reg><orig>четвергъ</orig></choice>.</hi></p>
<p rend="left"><choice><reg>Сейчас</reg><orig>Сейчасъ</orig></choice> <choice><reg>получил</reg><orig>получилъ</orig></choice> твое письмо,<note xml:id="note1" resp="volume_editor" index="false"> От 2 февраля. В нем С. А. Толстая писала: «Пока не узнаю из твоего письма, как ты устроился в Ясной, я не успокоюсь; да и хорошо не будет, где и как жить, да еще работать! И будут тебя осаждать со всех сторон мужики, как в прошлом году, и опять времени не будет. А вечером, один, без удобств, без привычной пищи; как ты можешь жить один, неужели гебе хорошо?» (не опубликовано).</note> милый <choice><reg>друг</reg><orig>другъ</orig></choice>, и очень радуюсь, что у тебя все было пока хорошо. Обо <choice><reg>мне</reg><orig>мнѣ</orig></choice> не <choice><reg>беспокойся</reg><orig>безпокойся</orig></choice>. <choice><reg>Мне</reg><orig>Мнѣ</orig></choice> очень хорошо у <choice><reg>Алексея</reg><orig>Алексѣя</orig></choice>, и я, должно быть, и не перейду <choice><reg>в</reg><orig>въ</orig></choice> <choice><reg>дом</reg><orig>домъ</orig></choice>. Я <choice><reg>заходил</reg><orig>заходилъ</orig></choice> нынче, — едва ли <choice><reg>нагреется</reg><orig>нагрѣется</orig></choice> достаточно и <choice><reg>так</reg><orig>такъ</orig></choice>, чтобы не было угару. Я <choice><reg>этого</reg><orig>этаго</orig></choice> <choice><reg>сам</reg><orig>самъ</orig></choice> боюсь. <choice><reg>Нездоров</reg><orig>Нездоровъ</orig></choice> я не <choice><reg>был</reg><orig>былъ</orig></choice>, но <choice><reg>как</reg><orig>какъ</orig></choice> то <choice><reg>слаб</reg><orig>слабъ</orig></choice> — спина немного <choice><reg>болит</reg><orig>болитъ</orig></choice> и голова. И <choice><reg>от</reg><orig>отъ</orig></choice> <choice><reg>этого</reg><orig>этаго</orig></choice> я не <choice><reg>поехал</reg><orig>поѣхалъ</orig></choice> <choice><reg>к</reg><orig>къ</orig></choice> <choice><reg>Раевским</reg><orig>Раевскимъ</orig></choice> — <choice><reg>энергии</reg><orig>энергiи</orig></choice> не было. Вчера еще <choice><reg>болела</reg><orig>болѣла</orig></choice> голова. Нынче, несмотря на ужасную метель — теплую, <choice><reg>голове</reg><orig>головѣ</orig></choice> лучше, и только <choice><reg>вял</reg><orig>вялъ</orig></choice>. Плохо работаю. Зато отдыхаю нервами и <hi style="opdelimiter"><choice><reg>укрепляюсь</reg><orig>укрѣпляюсь</orig></choice>.</hi><hi style="opnumber">313</hi> <hi style="npnumber">314</hi><hi style="npdelimiter"><choice><reg>Мужиков</reg><orig>Мужиковъ</orig></choice>,</hi> я <choice><reg>сказал</reg><orig>сказалъ</orig></choice> <choice original_editorial_correction='Ал[ексею]'><sic>Ал</sic><corr><choice><reg>Алексею</reg><orig>Алексѣю</orig></choice></corr></choice>, что я не могу принимать, и никто, <choice><reg>кроме</reg><orig>кромѣ</orig></choice> <choice><reg>нищих</reg><orig>нищихъ</orig></choice>, <choice original_editorial_correction='кот[орых]'><sic>кот</sic><corr><choice><reg>которых</reg><orig>которыхъ</orig></choice></corr></choice> я не <choice><reg>видал</reg><orig>видалъ</orig></choice>, — не <choice><reg>был</reg><orig>былъ</orig></choice>.</p>
<p rend="left">Вчера <choice><reg>спал</reg><orig>спалъ</orig></choice> <choice><reg>один</reg><orig>одинъ</orig></choice>, и очень хорошо. Свечера <choice original_editorial_correction='Аг[афья]'><sic>Аг</sic><corr><choice><reg>Агафья</reg><orig>Агаѳья</orig></choice></corr></choice> <choice original_editorial_correction='Мих[айловна]'><sic>Мих</sic><corr>Михайловна</corr></choice> усыпительно болтала.</p>
<p rend="left">Я думаю, что лучше, <choice><reg>спокойнее</reg><orig>спокойнѣе</orig></choice> <choice><reg>мне</reg><orig>мнѣ</orig></choice> <choice><reg>нигде</reg><orig>нигдѣ</orig></choice> бы не могло быть. Ты <choice><reg>вечно</reg><orig>вѣчно</orig></choice> <choice><reg>в</reg><orig>въ</orig></choice> <choice><reg>доме</reg><orig>домѣ</orig></choice> и <choice><reg>в</reg><orig>въ</orig></choice> <choice><reg>заботах</reg><orig>заботахъ</orig></choice> семьи не можешь чувствовать ту разницу, какую <choice><reg>составляет</reg><orig>составляетъ</orig></choice> для меня <choice><reg>город</reg><orig>городъ</orig></choice> и деревня. <choice><reg>Впрочем</reg><orig>Впрочемъ</orig></choice>, нечего говорить и писать <choice><reg>в</reg><orig>въ</orig></choice> <choice><reg>письме</reg><orig>письмѣ</orig></choice>; я <choice><reg>об</reg><orig>объ</orig></choice> <choice><reg>этом</reg><orig>этомъ</orig></choice> <choice><reg>самом</reg><orig>самомъ</orig></choice> пишу теперь, и ты прочтешь <choice><reg>яснее</reg><orig>яснѣе</orig></choice>, если удастся написать.<note xml:id="note2" resp="volume_editor" index="false"> Статья «Тaк что же нам делать?»</note></p>
<p rend="left">Главное зло города для меня и для <choice><reg>всех</reg><orig>всѣхъ</orig></choice> людей мысли (о <choice><reg>чем</reg><orig>чемъ</orig></choice> я не пишу) это то, что <choice><reg>беспрестанно</reg><orig>безпрестанно</orig></choice> приходится или спорить, опровергать <choice><reg>ложные</reg><orig>ложныя</orig></choice> <choice><reg>суждения</reg><orig>сужденiя</orig></choice>, или соглашаться <choice><reg>с</reg><orig>съ</orig></choice> ними <choice><reg>без</reg><orig>безъ</orig></choice> спора, что еще хуже. А спорить и опровергать пустяки и ложь — самое праздное <choice><reg>занятие</reg><orig>занятiе</orig></choice>, и ему конца <choice><reg>нет</reg><orig>нѣтъ</orig></choice>, <choice original_editorial_correction='п[отому]'><sic>п</sic><corr>потому</corr></choice> <choice original_editorial_correction='ч[то]'><sic>ч</sic><corr>что</corr></choice> лжей <choice><reg>может</reg><orig>можетъ</orig></choice> быть и есть <choice><reg>бесчисленное</reg><orig>безчисленное</orig></choice> количество. А занимаешься <choice><reg>этим</reg><orig>этимъ</orig></choice>, и начинаешь воображать, что это <hi><choice><reg>дело</reg><orig>дѣло</orig></choice></hi>, а это самое большое <choice><reg>безделье</reg><orig>бездѣлье</orig></choice>. — Если же не споришь, то что-нибудь уяснишь <choice><reg>себе</reg><orig>себѣ</orig></choice> <choice><reg>так</reg><orig>такъ</orig></choice>, что оно <choice><reg>исключает</reg><orig>исключаетъ</orig></choice> возможность спора. А это <choice><reg>делается</reg><orig>дѣлается</orig></choice> только <choice><reg>в</reg><orig>въ</orig></choice> <choice><reg>тишине</reg><orig>тишинѣ</orig></choice> и <choice><reg>уединении</reg><orig>уединенiи</orig></choice>. — Я знаю, что нужно и <choice><reg>общение</reg><orig>общенiе</orig></choice> <choice><reg>с</reg><orig>съ</orig></choice> подобными <choice><reg>себе</reg><orig>себѣ</orig></choice>, и очень нужны и мои три <choice><reg>месяца</reg><orig>мѣсяца</orig></choice> <choice><reg>в</reg><orig>въ</orig></choice> <choice><reg>Москве</reg><orig>Москвѣ</orig></choice>, <choice><reg>с</reg><orig>съ</orig></choice> одной стороны, <choice><reg>мне</reg><orig>мнѣ</orig></choice> дали очень много, не говоря уже <choice><reg>об</reg><orig>объ</orig></choice> <choice><reg>Орлове</reg><orig>Орловѣ</orig></choice>,<note xml:id="note3" resp="volume_editor" index="false"> Владимир Федорович Орлов (1843—1898), сын священника Владимирской губернии. Воспитанник Владимирской духовной семинарии. Был учителем в Иваново-Вознесенске, в конце 1868 г. приехал в Петербург для поступления в университет. В Петербурге жил с Нечаевым. В начале 1869 г. принимал участие в студенческих сходках, скрылся из Петербурга. Был арестован в Кубанской области. Причисленный к первой группе сообщников Нечаева, предан суду. Оправдан. Поселился на родине, где с 1872 по январь 1877 г. получал от III отделения единовременные и постоянные пособия «в виду его откровенных показаний». В 1881 г. жил в Москве и был учителем Дельбиговского железнодорожного училища, позднее — технического железнодорожного училища. В апреле 1881 г. вновь арестован вследствие записки о нем, найденной у Желябова, но по недостатку улик освобожден. Библиография о нем: «Деятели революционного движения в России» т. I, 1928, стр. 295. Познакомился с Толстым в 1881 г., Толстой называл его своим единомышленником, был с ним в переписке. Архив его хранится в Бахрушинском Театральном <hi style="opdelimiter">музее.</hi><hi style="opnumber">315</hi></note> <choice original_editorial_correction='Ник[олае]'><sic>Ник</sic><corr><choice><reg>Николае</reg><orig>Николаѣ</orig></choice></corr></choice> [<choice><reg>Федоровиче</reg><orig>Ѳедоровичѣ</orig></choice>,]<note xml:id="note4" resp="volume_editor" index="false"> Николай Федорович Федоров (1824—1903), служил библиотекарем (Чертковский библиотеки, Румянцевского музея и библиотеки Архива иностранных дел). Философ. Статьи его объединены в двух томах: «Философия общего дела», т. I. Верный, 1906; т. II, М. 1913. Во втором томе Толстому посвящены статьи: «Возможно ли братство», «Толстой и братское единение» и «Не-делание ли или же отеческое и братское дело?» (стр 355—398). О нем: Кожевников, «Н Ф. Федоров» 1908. О Федорове Толстой записал в Дневнике под 5 октября 1881 г. «Николай Федорыч — святой».</note> <choice><reg>Сютаеве</reg><orig>Сютаевѣ</orig></choice>, — ближе узнать людей, общества даже, <choice original_editorial_correction='кот[орое]'><sic>кот</sic><corr>которое</corr></choice> холодно <choice><reg>осуждал</reg><orig>осуждалъ</orig></choice> издалека, <choice><reg>мне</reg><orig>мнѣ</orig></choice> дало очень много. И я разбираюсь со <choice><reg>всем</reg><orig>всѣмъ</orig></choice> <choice><reg>этим</reg><orig>этимъ</orig></choice> <choice><reg>матерьялом</reg><orig>матерьяломъ</orig></choice>. — Перепись<note xml:id="note5" resp="volume_editor" index="false"> Перепись населения Москвы, в которой Толстой принял участие, происходила 23, 24 и 25 января 1882 г.</note> и <choice><reg>Сютаев</reg><orig>Сютаевъ</orig></choice> уяснили <choice><reg>мне</reg><orig>мнѣ</orig></choice> очень многое.</p>
<p rend="left">Такъ не безпокойся обо мнѣ. Случиться все можетъ и вездѣ, но я здѣсь въ условіяхъ самыхъ хорошихъ и безопасныхъ. Дай Богъ, чтобы у тебя все было хорошо. Цѣлуй дѣтей. Налажено все хорошо, но боюсь, масляница возьметъ свое и засуетятъ они тебя. Танѣ вѣрно ужъ теперь придумалось удовольствіе, да и вѣрно не одно. А и не придумается, то только лучше для нея и для насъ. Зачѣмъ она молодымъ людямъ подаетъ руку, не поворачиваясь къ нимъ и съ какимъ-то звѣрскимъ выраженіемъ? —</p>
<p rend="left">Ты, Таня, понимай, что если я пишу это, то потому, что я тебя вижу <choice><reg>как</reg><orig>какъ</orig></choice> живую <choice><reg>перед</reg><orig>передъ</orig></choice> глазами, а вижу я <choice><reg>так</reg><orig>такъ</orig></choice> только <choice><reg>тех</reg><orig>тѣхъ</orig></choice>, кого очень люблю.</p>
<p rend="left">Прощай, душенька, писать нечего. Говорить — <choice><reg>говорил</reg><orig>говорилъ</orig></choice> <hi style="opdelimiter">бы</hi><hi style="opnumber">314</hi> <hi style="npnumber">315</hi><hi style="npdelimiter">до</hi> <choice><reg>тех</reg><orig>тѣхъ</orig></choice> <choice><reg>пор</reg><orig>поръ</orig></choice>, пока <choice><reg>прибежали</reg><orig>прибѣжали</orig></choice> бы Андрюша и Миша <choice><reg>мешать</reg><orig>мѣшать</orig></choice>, а писать нечего. Няня <choice><reg>варит</reg><orig>варитъ</orig></choice> <choice><reg>мне</reg><orig>мнѣ</orig></choice> <choice><reg>суп</reg><orig>супъ</orig></choice> <choice><reg>в</reg><orig>въ</orig></choice> <choice><reg>горшке</reg><orig>горшкѣ</orig></choice> <choice><reg>из</reg><orig>изъ</orig></choice> курицы, сама <choice><reg>приносит</reg><orig>приноситъ</orig></choice> и твердо <choice><reg>стоит</reg><orig>стоитъ</orig></choice>, <choice><reg>как</reg><orig>какъ</orig></choice> у <choice><reg>обедни</reg><orig>обѣдни</orig></choice>. Вчера была каша и солонина. <choice><reg>В</reg><orig>Въ</orig></choice> <choice><reg>Туле</reg><orig>Тулѣ</orig></choice> я <choice><reg>купил</reg><orig>купилъ</orig></choice> <choice><reg>себе</reg><orig>себѣ</orig></choice> вина <choice><reg>белого</reg><orig>бѣлаго</orig></choice> и калачей. Нынче привезли <choice><reg>свежих</reg><orig>свѣжихъ</orig></choice>. Яйца <choice><reg>свежия</reg><orig>свѣжiя</orig></choice>. Сплю я на <choice><reg>диване</reg><orig>диванѣ</orig></choice> <choice><reg>деревянном</reg><orig>деревянномъ</orig></choice> <choice><reg>с</reg><orig>съ</orig></choice> <choice><reg>матрасом</reg><orig>матрасомъ</orig></choice>, <choice><reg>клопов</reg><orig>клоповъ</orig></choice> <choice><reg>нет</reg><orig>нѣтъ</orig></choice>. — Нынче <choice><reg>Митрофан</reg><orig>Митрофанъ</orig></choice><note xml:id="note6" resp="volume_editor" index="false"> Митрофан Николаевич Михайлов, сын дядьки братьев Толстых, яснополянский приказчик.</note> <choice><reg>продал</reg><orig>продалъ</orig></choice> Балабенка за 65 <choice original_editorial_correction='р[ублей]'><sic>р</sic><corr>рублей</corr></choice>. За <choice><reg>Гнедого</reg><orig>Гнѣдаго</orig></choice> <choice><reg>дают</reg><orig>даютъ</orig></choice> 110 <choice original_editorial_correction='р[ублей]'><sic>р</sic><corr>рублей</corr></choice>. Если погода <choice><reg>будет</reg><orig>будетъ</orig></choice> хороша и поработаю хорошо, то <choice><reg>съезжу</reg><orig>съѣзжу</orig></choice> <choice><reg>в</reg><orig>въ</orig></choice> Тулу. <choice><reg>Урусов</reg><orig>Урусовъ</orig></choice> и не <choice><reg>знает</reg><orig>знаетъ</orig></choice>, что я <choice><reg>в</reg><orig>въ</orig></choice> Ясной. Если <choice><reg>будут</reg><orig>будутъ</orig></choice> <choice><reg>интересные</reg><orig>интересныя</orig></choice> письма, сообщи <choice><reg>мне</reg><orig>мнѣ</orig></choice>.</p>
<p rend="left">Прощай, милая, пиши каждый день и я тоже.</p>
<p rend="right">Т.</p>
<lb/>
<p rend="left"><hi>На конверте:</hi> Москва. Пречистенка. Денежный <choice><reg>переулок</reg><orig>переулокъ</orig></choice>. <choice><reg>Графине</reg><orig>Графинѣ</orig></choice> <choice><reg>Софье</reg><orig>Софьѣ</orig></choice> <choice><reg>Андревне</reg><orig>Андревнѣ</orig></choice> Толстой.</p>
<comments><p rend="Textpetit_otstup left">Печатается по автографу, хранящемуся в АТБ. Впервые отрывок из письма опубликован в Б, II, стр. 418—419; полностью — по копии, сделанной С. А. Толстой, в ПЖ, стр. 149—150. Датируется на основании пометы Толстого «четверг», который падал на 4 февраля 1882 г.</p>
<p rend="Textpetit_otstup left"><hi>1</hi> От 2 февраля. В нем С. А. Толстая писала: «Пока не узнаю из твоего письма, как ты устроился в Ясной, я не успокоюсь; да и хорошо не будет, где и как жить, да еще работать! И будут тебя осаждать со всех сторон мужики, как в прошлом году, и опять времени не будет. А вечером, один, без удобств, без привычной пищи; как ты можешь жить один, неужели гебе хорошо?» (не опубликовано).</p>
<p rend="right petit"><hi>Т.</hi></p>
<p rend="petit left"><hi>2</hi> Статья «Тaк что же нам делать?»</p>
<p rend="petit left"><hi>3</hi> Владимир Федорович Орлов (1843—1898), сын священника Владимирской губернии. Воспитанник Владимирской духовной семинарии. Был учителем в Иваново-Вознесенске, в конце 1868 г. приехал в Петербург для поступления в университет. В Петербурге жил с Нечаевым. В начале 1869 г. принимал участие в студенческих сходках, скрылся из Петербурга. Был арестован в Кубанской области. Причисленный к первой группе сообщников Нечаева, предан суду. Оправдан. Поселился на родине, где с 1872 по январь 1877 г. получал от III отделения единовременные и постоянные пособия «в виду его откровенных показаний». В 1881 г. жил в Москве и был учителем Дельбиговского железнодорожного училища, позднее — технического железнодорожного училища. В апреле 1881 г. вновь арестован вследствие записки о нем, найденной у Желябова, но по недостатку улик освобожден. Библиография о нем: «Деятели революционного движения в России» т. I, 1928, стр. 295. Познакомился с Толстым в 1881 г., Толстой называл его своим единомышленником, был с ним в переписке. Архив его хранится в Бахрушинском Театральном <hi style="opdelimiter">музее.</hi><hi style="opnumber">315</hi></p>
<p rend="petit left"><hi>4</hi> Николай Федорович Федоров (1824—1903), служил библиотекарем (Чертковский библиотеки, Румянцевского музея и библиотеки Архива иностранных дел). Философ. Статьи его объединены в двух томах: «Философия общего дела», т. I. Верный, 1906; т. II, М. 1913. Во втором томе Толстому посвящены статьи: «Возможно ли братство», «Толстой и братское единение» и «Не-делание ли или же отеческое и братское дело?» (стр 355—398). О нем: Кожевников, «Н Ф. Федоров» 1908. О Федорове Толстой записал в Дневнике под 5 октября 1881 г. «Николай Федорыч — святой».</p>
<p rend="petit left"><hi>5</hi> Перепись населения Москвы, в которой Толстой принял участие, происходила 23, 24 и 25 января 1882 г.</p>
<p rend="petit left"><hi>6</hi> Митрофан Николаевич Михайлов, сын дядьки братьев Толстых, яснополянский приказчик.</p>
</comments></div></body>
        </text>
        </TEI>