<?xml version='1.0' encoding='UTF-8' standalone='no'?>

<TEI xmlns="http://www.tei-c.org/ns/1.0">
       <teiHeader>
          <fileDesc>
             <titleStmt>
                <title>Письмо №280. П. И. Бартеневу.</title>
             </titleStmt>
             <publicationStmt>
                <publisher>TolstoyLab</publisher>
                <date when="2015-09-14">14 September 2015</date>
             </publicationStmt>
             <sourceDesc>
                <biblStruct>
                   <analytic>
                      <author>Толстой Л.Н.</author>
                   </analytic>
                   <monogr>
                      <title level="m">Полное собрание сочинений. Том 61</title>
                      <imprint>
                         <pubPlace>Москва</pubPlace>
                         <publisher>Государственное издательство "Художественная литература"</publisher>
                         <date when="1953"/>
                      </imprint>
                   </monogr>
                   <series>
                      <title level="s">Л.Н. Толстой. Полное собрание сочинений</title>
                      <biblScope unit="vol">61</biblScope>
                   </series>
                </biblStruct>
				<bibl>Впервые опубликовано, с датой: «1869. Конец февраля — начало марта», в ТТ, 4, стр. 9. Датируется предположительно сопоставлением с письмом № 278 и днем выхода 5-го тома «Войны и мира» — 26 февраля.</bibl>
             </sourceDesc>
          </fileDesc>
          <encodingDesc>
             <tagsDecl> </tagsDecl>
          </encodingDesc>
          <profileDesc>
             <correspDesc>
                <correspAction type="sending">
                   <persName ref="PersonList.xml#L_N_Tolstoy">Л. Н. Толстой</persName>
                   <placeName ref="PlacesListxml#PLACE">Я. П.</placeName>
                   <date when="1869-02-10">1869 г. Февраля 10.</date>            </correspAction>
                <correspAction type="receiving">
                   <persName ref="PersonList.xml#RECEIVER">Бартенев Петр Иванович</persName>
                </correspAction>
                <correspContext>
                   <ref type="prev"/>
                </correspContext>
             </correspDesc>
          </profileDesc>
       </teiHeader>
       <xenoData><number type="in a volume">280</number></xenoData>

              <text xml:id="P__I__Bartenevu_280">
	<body><div>
		<opener index="false">
280. П. И. Бартеневу.
1869 г. Февраля 10...15? Я. П.
</opener>
<p rend="Obrashenie left">Петр Иваныч!</p>
<p rend="left">Сделайте милость, напечатайте в <choice original_editorial_correction='Р[усском]'><sic>Р</sic><corr>Русском</corr></choice> <choice original_editorial_correction='а[рхиве]'><sic>а</sic><corr>архиве</corr></choice> мою заметку. Мне необходимо это.</p>
<p rend="left">Ежели вы не нашли того места, то только потому, что не брали в руки Записки Глинки <choice original_editorial_correction='посвящ[енные]'><sic>посвящ</sic><corr>посвященные</corr></choice> (кажется государю), 1-го ратника ополчения.</p>
<p rend="left">Пожалуйста, найдите и напечатайте. У меня на беду и досаду пропала моя книга <hi>Глинки.</hi> — И напечатайте поскорее, чтобы вышло вместе с 5-м томом. <hi>«В объяснении моем</hi>, <hi>напечатанном</hi>... <hi>сказано</hi>...»</p>
<p rend="left">В №... <choice original_editorial_correction='к[нязь]'><sic>к</sic><corr>князь</corr></choice> <choice original_editorial_correction='В[яземский]'><sic>В</sic><corr>Вяземский</corr></choice>, не указывая, на основании каких матерьялов или соображений, сомневается в справедливости описанного мною случая о бросании государем бисквитов народу. Случай этот описан <hi>там-то</hi> так-то. Пожалуйста, любезный Петр Иванович, потрудитесь взглянуть в книгу эту и напечатайте это. Очень меня обяжете.</p>
<p rend="right">Ваш Л. Толстой.</p>
<comments><p rend="Textpetit_otstup left">Впервые опубликовано, с датой: «1869. Конец февраля — начало марта», в ТТ, 4, стр. 9. Датируется предположительно сопоставлением с письмом № 278 и днем выхода 5-го тома «Войны и мира» — 26 февраля.</p>
<p rend="Textpetit_otstup left"><hi>1</hi> Толстой имел в виду книгу: «Записки о 1812 годе Сергея Глинки, первого ратника Московского ополчения», Спб. 1836. Но ни в этой, ни в других книгах С. Глинки эпизода с бисквитами нет. П. И. Бартенев заметку Толстого не напечатал. Эпизод, близкий к описанному Толстым, есть в книге: [А. Рязанцев], «Воспоминания очевидца о пребывании французов в Москве в 1812 году», М. 1862, где на стр. 26—27 рассказывается, что в день своего прибытия в Москву Александр I, во время обеда в Кремлевском дворце, заметив собравшийся народ, стал раздавать народу фрукты.</p>
<p rend="left"><hi style="opnumber">214</hi> <hi style="npnumber">215</hi></p>
</comments></div></body>
        </text>
        </TEI>