<?xml version='1.0' encoding='UTF-8' standalone='no'?>

<TEI xmlns="http://www.tei-c.org/ns/1.0">
       <teiHeader>
          <fileDesc>
             <titleStmt>
                <title>Письмо №87. С. А. Толстой</title>
             </titleStmt>
             <publicationStmt>
                <publisher>TolstoyLab</publisher>
                <date when="2015-09-14">14 September 2015</date>
             </publicationStmt>
             <sourceDesc>
                <biblStruct>
                   <analytic>
                      <author>Толстой Л.Н.</author>
                   </analytic>
                   <monogr>
                      <title level="m">Полное собрание сочинений. Том 83</title>
                      <imprint>
                         <pubPlace>Москва</pubPlace>
                         <publisher>Государственное издательство "Художественная литература"</publisher>
                         <date when="1938"/>
                      </imprint>
                   </monogr>
                   <series>
                      <title level="s">Л.Н. Толстой. Полное собрание сочинений</title>
                      <biblScope unit="vol">83</biblScope>
                   </series>
                </biblStruct>
				<bibl>Печатается по автографу, хранящемуся в АТБ. Впервые опубликовано по копии, сделанной С. А. Толстой, в ПЖ, стр. 78—80. Датируется 11 или 12 июня в виду того, что Толстой написал это письмо на пароходе, а плыл он двое суток, выехав утром 11-го из Нижнего Новгорода. Получено было это письмо в Ясной поляне 17 июня. В этот день С. А. Толстая писала Толстому: «Я сейчас получила твое письмо с парохода, и очень порадовалась, что ты себя чувствуешь хорошо». —</bibl>
             </sourceDesc>
          </fileDesc>
          <encodingDesc>
             <tagsDecl> </tagsDecl>
          </encodingDesc>
          <profileDesc>
             <correspDesc>
                <correspAction type="sending">
                   <persName ref="PersonList.xml#L_N_Tolstoy">Л. Н. Толстой</persName>
                   <placeName ref="PlacesListxml#PLACE">Пароход на Волге.</placeName>
                   <date when="1871-06-11">1871 г. Июня 11</date>            </correspAction>
                <correspAction type="receiving">
                   <persName ref="PersonList.xml#RECEIVER">Толстая Софья Андреевна</persName>
                </correspAction>
                <correspContext>
                   <ref type="prev"/>
                </correspContext>
             </correspDesc>
          </profileDesc>
       </teiHeader>
       <xenoData><number type="in a volume">87</number></xenoData>

       <text xml:id="a11ili12_87">
	<body><div>
		<opener index="false">
87.
1871 г. Июня 11 или 12. Пароход на Волге.</opener>
<p rend="left">Пишу <choice><reg>тебе</reg><orig>тебѣ</orig></choice> на <choice><reg>пароходе</reg><orig>пароходѣ</orig></choice>. Письмо <choice><reg>поедет</reg><orig>поѣдетъ</orig></choice> <choice><reg>из</reg><orig>изъ</orig></choice> <choice><reg>первого</reg><orig>перваго</orig></choice> города, куда <choice><reg>пристанем</reg><orig>пристанемъ</orig></choice>.</p>
<p rend="left"><choice><reg>В</reg><orig>Въ</orig></choice> <choice><reg>Москве</reg><orig>Москвѣ</orig></choice> была такая суета, что не <choice><reg>успел</reg><orig>успѣлъ</orig></choice>. Не <choice><reg>успел</reg><orig>успѣлъ</orig></choice> особенно потому, что <choice><reg>вопрос</reg><orig>вопросъ</orig></choice> о <choice><reg>том</reg><orig>томъ</orig></choice>, <choice><reg>еду</reg><orig>ѣду</orig></choice> ли я на <choice><reg>Саратов</reg><orig>Саратовъ</orig></choice> или на Самару, <choice><reg>решился</reg><orig>рѣшился</orig></choice> для меня за <choice><reg>час</reg><orig>часъ</orig></choice> до <hi style="opdelimiter"><choice><reg>отъезда</reg><orig>отъѣзда</orig></choice>.</hi><hi style="opnumber">173</hi></p>
<p rend="left"><hi style="npnumber">174</hi><hi style="npdelimiter">Напишу</hi> все сначала. —</p>
<p rend="left"><choice><reg>Приехал</reg><orig>Прiѣхалъ</orig></choice> я прямо <choice><reg>к</reg><orig>къ</orig></choice> <choice><reg>Васиньке</reg><orig>Васинькѣ</orig></choice>.<note xml:id="note1" resp="volume_editor" index="false"> Василий Степанович Перфильев.</note> Володя<note xml:id="note2" resp="volume_editor" index="false"> Вероятно, Владимир Андреевич Берс.</note> же <choice><reg>поехал</reg><orig>поѣхалъ</orig></choice> прямо <choice><reg>в</reg><orig>въ</orig></choice> <choice original_editorial_correction='Петерб[ург]'><sic>Петерб</sic><corr><choice><reg>Петербург</reg><orig>Петербургъ</orig></choice></corr></choice>. Васиньки не было дома, но <choice><reg>он</reg><orig>онъ</orig></choice> скоро <choice><reg>приехал</reg><orig>прiѣхалъ</orig></choice>. О <choice><reg>том</reg><orig>томъ</orig></choice>, <choice><reg>где</reg><orig>гдѣ</orig></choice> <choice><reg>кумыс</reg><orig>кумысъ</orig></choice>, они ничего не <choice><reg>умели</reg><orig>умѣли</orig></choice> <choice><reg>мне</reg><orig>мнѣ</orig></choice> сказать. Деньги, 75 р., а не 100, <choice><reg>как</reg><orig>какъ</orig></choice> я <choice><reg>думал</reg><orig>думалъ</orig></choice>, <choice><reg>он</reg><orig>онъ</orig></choice> <choice><reg>мне</reg><orig>мнѣ</orig></choice> <choice><reg>отдал</reg><orig>отдалъ</orig></choice>. Я <choice><reg>написал</reg><orig>написалъ</orig></choice> свечера телеграмму Захарьину<note xml:id="note3" resp="volume_editor" index="false"> Григорий Антонович Захарьин.</note> <choice><reg>в</reg><orig>въ</orig></choice> Братцово.<note xml:id="note4" resp="volume_editor" index="false"> Дачное место в 13 верстах от Москвы.</note> <choice><reg>Утром</reg><orig>Утромъ</orig></choice> <choice><reg>пошел</reg><orig>пошелъ</orig></choice> <choice><reg>делать</reg><orig>дѣлать</orig></choice> покупки и искать няню и доктора и все <choice><reg>нашел</reg><orig>нашелъ</orig></choice>, <choice><reg>кроме</reg><orig>кромѣ</orig></choice> Доктора. —</p>
<p rend="left">Никого не было <choice><reg>в</reg><orig>въ</orig></choice> <choice><reg>городе</reg><orig>городѣ</orig></choice>, a <choice><reg>ехать</reg><orig>ѣхать</orig></choice> на дачу за <choice><reg>Пикулиным</reg><orig>Пикулинымъ</orig></choice><note xml:id="note5" resp="volume_editor" index="false">Павел Лукич Пикулин (1822—1885), врач, профессор Московского университета.</note> или <choice><reg>Захарьиным</reg><orig>Захарьинымъ</orig></choice>, <choice original_editorial_correction='кот[орый]'><sic>кот</sic><corr>который</corr></choice> телеграммой <choice><reg>звал</reg><orig>звалъ</orig></choice> меня <choice><reg>обедать</reg><orig>обѣдать</orig></choice>, я не <choice><reg>решился</reg><orig>рѣшился</orig></choice>, ибо это задержало бы меня на <choice><reg>целый</reg><orig>цѣлый</orig></choice> день. То, что сказали бы доктора, мы <choice><reg>знаем</reg><orig>знаемъ</orig></choice>: сказали бы, что ничего <choice><reg>заметного</reg><orig>замѣтнаго</orig></choice> <choice><reg>нет</reg><orig>нѣтъ</orig></choice>, а что <choice><reg>ехать</reg><orig>ѣхать</orig></choice> не худо. <choice><reg>Вопрос</reg><orig>Вопросъ</orig></choice> о <choice><reg>том</reg><orig>томъ</orig></choice>, куда <choice><reg>ехать</reg><orig>ѣхать</orig></choice>, я долго не <choice><reg>мог</reg><orig>могъ</orig></choice> <choice><reg>решить</reg><orig>рѣшить</orig></choice>. <choice><reg>Бартеньев</reg><orig>Бартеньевъ</orig></choice>, <choice original_editorial_correction='кот[орый]'><sic>кот</sic><corr>который</corr></choice> <choice><reg>купил</reg><orig>купилъ</orig></choice> <choice><reg>именье</reg><orig>имѣнье</orig></choice> у Аткарска,<note xml:id="note6" resp="volume_editor" index="false"> Уездный город Саратовской губернии.</note> <choice><reg>уверял</reg><orig>увѣрялъ</orig></choice>, что <choice><reg>там</reg><orig>тамъ</orig></choice> <choice><reg>хороший</reg><orig>хорошiй</orig></choice> <choice><reg>кумыс</reg><orig>кумысъ</orig></choice>, Васинька тоже, что у Саратова. Но <choice><reg>Тамбовский</reg><orig>Тамбовскiй</orig></choice> <choice><reg>доктор</reg><orig>докторъ</orig></choice> <choice><reg>Филипович</reg><orig>Филиповичъ</orig></choice><note xml:id="note7" resp="volume_editor" index="false"> Точных сведений об этом враче не имеется.</note> и <choice><reg>Леонтьев</reg><orig>Леонтьевъ</orig></choice>,<note xml:id="note8" resp="volume_editor" index="false"> Павел Михайлович Леонтьев (1822—1875), профессор классической филологии Московского университета. Один из основателей лицея в Москве. Друг Каткова. Сторонник классической системы гимназического образования. Толстой разговаривал с Леонтьевым в связи со своими занятиями греческим языком.</note> <choice><reg>которых</reg><orig>которыхъ</orig></choice> я <choice><reg>встретил</reg><orig>встрѣтилъ</orig></choice>, и <choice><reg>Самарин</reg><orig>Самаринъ</orig></choice>,<note xml:id="note9" resp="volume_editor" index="false"> Юрий Федорович Самарин.</note><hi> </hi><choice><reg>все</reg><orig>всѣ</orig></choice> утвердительно сказали, что <choice><reg>несомненно</reg><orig>несомнѣнно</orig></choice> и несравненно <choice><reg>лучший</reg><orig>лучшiй</orig></choice> <choice><reg>климат</reg><orig>климатъ</orig></choice> и <choice><reg>кумыс</reg><orig>кумысъ</orig></choice>, признаваемый <choice><reg>всеми</reg><orig>всѣми</orig></choice> докторами, есть <choice><reg>Самарский</reg><orig>Самарскiй</orig></choice>. Дорогой <choice><reg>встретил</reg><orig>встрѣтилъ</orig></choice> еще доктора и <choice><reg>знающих</reg><orig>знающихъ</orig></choice> людей, которые <choice><reg>все</reg><orig>всѣ</orig></choice> подтвердили, что Самара лучше всего и я <choice><reg>еду</reg><orig>ѣду</orig></choice> на старое <choice><reg>место</reg><orig>мѣсто</orig></choice>.<note xml:id="note10" resp="volume_editor" index="false"> Где Толстой жил на кумысе в Самарской губернии летом 1862 г.</note> Пиши <choice><reg>мне</reg><orig>мнѣ</orig></choice>, пожалуйста, и <choice><reg>поскорее</reg><orig>поскорѣе</orig></choice> <choice><reg>в</reg><orig>въ</orig></choice> Самару до того времени, когда я пришлю другой <choice><reg>адрес</reg><orig>адресъ</orig></choice>. Я <choice><reg>в</reg><orig>въ</orig></choice> <choice><reg>самарском</reg><orig>самарскомъ</orig></choice> <choice><reg>почтамте</reg><orig>почтамтѣ</orig></choice> распоряжусь, куда <choice><reg>мне</reg><orig>мнѣ</orig></choice> высылать. —</p>
<p rend="left">Теперь о <choice><reg>няньках</reg><orig>нянькахъ</orig></choice>. Боюсь, что Таня затруднится <choice><reg>моим</reg><orig>моимъ</orig></choice> <choice><reg>телеграфически-кратким</reg><orig>телеграфически-краткимъ</orig></choice> <choice><reg>письмом</reg><orig>письмомъ</orig></choice>.<note xml:id="note11" resp="volume_editor" index="false"> <ref target="file:///Volume_83_iyunya10_86.xml">См. письмо № 86</ref> от 10 июня 1871 г.</note> <choice><reg>Был</reg><orig>Былъ</orig></choice> я у <choice><reg>немецкого</reg><orig>нѣмецкаго</orig></choice> пастора. <choice><reg>Сам</reg><orig>Самъ</orig></choice> <choice><reg>пастор</reg><orig>пасторъ</orig></choice><hi>12 </hi>и особенно вдова старушка <choice><reg>Дикгоф</reg><orig>Дикгофъ</orig></choice><note xml:id="note12" resp="volume_editor" index="false"> Елизавета Дикгоф (1803—1873), рожд. фон-Штральборн, жена главного суперинтенданта Московского <hi style="opdelimiter">евангелическо-лютеранского</hi><hi style="opnumber">175</hi> <hi style="npnumber">176</hi><hi style="npdelimiter">округа</hi> и старшего пастора петропавловской церкви Карла-Гейнриха Вильгельма Дикгофа (1803—1862).</note> дали <choice><reg>мне</reg><orig>мнѣ</orig></choice> 5 <choice><reg>адресов</reg><orig>адресовъ</orig></choice>, <choice><reg>из</reg><orig>изъ</orig></choice> <choice><reg>которых</reg><orig>которыхъ</orig></choice> я <choice><reg>был</reg><orig>былъ</orig></choice> по <choice><reg>двум</reg><orig>двумъ</orig></choice>. Одну не <choice><reg>застал</reg><orig>засталъ</orig></choice> дома; другую ту <choice original_editorial_correction='к[оторую]'><sic>к</sic><corr>которую</corr></choice> <choice><reg>более</reg><orig>болѣе</orig></choice> всего рекомендовала <choice><reg>Дикгоф</reg><orig>Дикгофъ</orig></choice>, <choice><reg>Линдгольн</reg><orig>Линдгольнъ</orig></choice>,<note xml:id="note13" resp="volume_editor" index="false"> В письме от 21 июня 1871 г. С. А. Толстая писала Толстому о Линдгольм: «Танина немка приехала вчера вечером, а нынче уже отнекивается ехать на Кавказ. Завтра ей будут делать строгий допрос: говори сейчас да или нет; а если нет, то мы ее завтра же отправим обратно в Москву. А так она нам всем нравится, добродушная, охотно всё делает, хотя видно, что за маленькими детьми никогда не ходила и не умеет ничего делать». (ПСТ, стр. 97.) Из ее же письма от 24 июня явствует, что немке Т. А. Кузминская отказала и ее взяла тетка Карнович.</note> <choice original_editorial_correction='к[оторой]'><sic>к</sic><corr>которой</corr></choice> я <choice><reg>послал</reg><orig>послалъ</orig></choice> <choice><reg>адрес</reg><orig>адресъ</orig></choice>, Степа<note xml:id="note14" resp="volume_editor" index="false"> Толстой ехал на кумыс с братом С. А. Толстой Степаном Андреевичем Берсом.</note> <choice><reg>нашел</reg><orig>нашелъ</orig></choice>, и она <choice><reg>приезжала</reg><orig>прiѣзжала</orig></choice> ко <choice><reg>мне</reg><orig>мнѣ</orig></choice>. Ей 25 <choice><reg>лет</reg><orig>лѣтъ</orig></choice>. Жила она 6, кажется, <choice><reg>лет</reg><orig>лѣтъ</orig></choice> нянькой на <choice><reg>одном</reg><orig>одномъ</orig></choice> <choice><reg>месте</reg><orig>мѣстѣ</orig></choice>, у Мезенцова;<note xml:id="note15" resp="volume_editor" index="false"> Может быть это Николай Владимирович Мезенцов, генерал, шеф жандармов, убитый в 1878 г. С. Кравчинским. Толстой его знал, о чем есть запись у Д. П. Маковицкого.</note> наружностью не очень <choice><reg>приятна</reg><orig>прiятна</orig></choice>. Но видно честная <choice><reg>девушка</reg><orig>дѣвушка</orig></choice>, здоровая и не балованная. На 12 <choice original_editorial_correction='р[ублей]'><sic>р</sic><corr>рублей</corr></choice> согласна, <choice><reg>с</reg><orig>съ</orig></choice> надеждой на прибавку <choice><reg>в</reg><orig>въ</orig></choice> <choice><reg>будущем</reg><orig>будущемъ</orig></choice>. Обязанности я ей <choice><reg>расписал</reg><orig>расписалъ</orig></choice> — ходить за двумя старшими, держать платье, <choice><reg>белье</reg><orig>бѣлье</orig></choice>, спать <choice><reg>с</reg><orig>съ</orig></choice> ними и шить. И учить читать и писать по <choice><reg>немецки</reg><orig>нѣмецки</orig></choice>. <choice><reg>Язык</reg><orig>Языкъ</orig></choice> <choice original_editorial_correction='немецк[ий]'><sic><choice><reg>немецк</reg><orig>нѣмецк</orig></choice></sic><corr><choice><reg>немецкий</reg><orig>нѣмецкiй</orig></choice></corr></choice> <choice><reg>хороший</reg><orig>хорошiй</orig></choice>. По русски <choice><reg>говорит</reg><orig>говоритъ</orig></choice>. Я бы ее <choice><reg>взял</reg><orig>взялъ</orig></choice>. <choice><reg>Просит</reg><orig>Проситъ</orig></choice>, чтобы дорогу <choice><reg>в</reg><orig>въ</orig></choice> Тулу заплатили и чтобы <choice><reg>через</reg><orig>черезъ</orig></choice> <choice><reg>год</reg><orig>годъ</orig></choice> дали на обратный <choice><reg>проезд</reg><orig>проѣздъ</orig></choice>, если не сойдетесь. Я ничего не <choice><reg>сказал</reg><orig>сказалъ</orig></choice>. Она <choice><reg>обещала</reg><orig>обѣщала</orig></choice> <hi style="opdelimiter">ждать</hi><hi style="opnumber">174</hi> <hi style="npnumber">175</hi><hi style="npdelimiter"><choice><reg>ответа</reg><orig>отвѣта</orig></choice></hi> 5 дней. Если бы не понравилась, послать <choice><reg>назад</reg><orig>назадъ</orig></choice> <choice><reg>в</reg><orig>въ</orig></choice> Москву, не важно еще 3 <choice original_editorial_correction='р[убля]'><sic>р</sic><corr>рубля</corr></choice>. Деньги можно ей передать 3 р. <choice><reg>через</reg><orig>черезъ</orig></choice> Васиньку, т. е. ей написать, чтобы она <choice><reg>к</reg><orig>къ</orig></choice> нему зашла, a <choice><reg>Васиньке</reg><orig>Васинькѣ</orig></choice> написать, <choice><reg>чтоб</reg><orig>чтобъ</orig></choice> <choice><reg>он</reg><orig>онъ</orig></choice> ей <choice><reg>дал</reg><orig>далъ</orig></choice>.</p>
<p rend="left"><choice><reg>От</reg><orig>Отъ</orig></choice> маслянника я <choice><reg>денег</reg><orig>денегъ</orig></choice> не <choice><reg>получил</reg><orig>получилъ</orig></choice>, и <choice><reg>он</reg><orig>онъ</orig></choice> <choice><reg>обещал</reg><orig>обѣщалъ</orig></choice> и не <choice><reg>пришел</reg><orig>пришелъ</orig></choice>; <choice><reg>следователыю</reg><orig>слѣдователыю</orig></choice>, эти деньги получатся тобою.</p>
<p rend="left">Судно <choice><reg>купил</reg><orig>купилъ</orig></choice> отличное <choice><reg>с</reg><orig>съ</orig></choice> <choice original_editorial_correction='усовершенств[ованиями]'><sic>усовершенств</sic><corr><choice><reg>усовершенствованиями</reg><orig>усовершенствованiями</orig></choice></corr></choice>, и пришлется <choice><reg>вместе</reg><orig>вмѣстѣ</orig></choice> <choice><reg>с</reg><orig>съ</orig></choice> pas-de-géants,<note xml:id="note16" resp="volume_editor" index="false"> [«гигантские шаги»,] В письме от 17 июня 1871 г. С. А. Толстая писала: «Очень благодарю зa судно и за pas-de-géant. Когда у меня все поправятся, я займусь с князем [Оболенским] его поставить. Он говорит, что надо нанять из лагеря солдат его ставить». (ПСТ, стр. 94.)</note> <choice original_editorial_correction='кот[орый]'><sic>кот</sic><corr>который</corr></choice> <choice><reg>купил</reg><orig>купилъ</orig></choice> у Пуарэ<note xml:id="note17" resp="volume_editor" index="false"> Яков Викторович Пуаре (1825—1877), владелец известного гимнастического заведения в Москве.</note> за 28 <choice original_editorial_correction='р[ублей]'><sic>р</sic><corr>рублей</corr></choice>. Установка pas-de-géants <choice><reg>следующая</reg><orig>слѣдующая</orig></choice>: призови <choice><reg>мущин</reg><orig>мущинъ</orig></choice>, и <choice><reg>все</reg><orig>всѣ</orig></choice> старайтесь понять и исполнить.<note xml:id="note18" resp="volume_editor" index="false"> На четвертой странице письма начинается описание постановки pas-de-géant, написанное неизвестным почерком, с одной поправкой рукой Толстого; на шестой странице — окончание письма Толстого.</note></p>
<p rend="left">Вышлются вещи <choice><reg>в</reg><orig>въ</orig></choice> середу.<note xml:id="note19" resp="volume_editor" index="false"> В письме от 21 июня С. А. Толстая писала: «Ты пишешь, что вещи вышлют из Москвы в среду, но нынче понедельник, и объявления никакого нет». (ПСТ, стр. 98.)</note> Здоровье мое не только ничего, но кажется <choice><reg>мне</reg><orig>мнѣ</orig></choice>, даже совершенно хорошо. <choice><reg>Поцелуй</reg><orig>Поцѣлуй</orig></choice> <choice><reg>детей</reg><orig>дѣтей</orig></choice>, себя и <choice><reg>всех</reg><orig>всѣхъ</orig></choice> <choice><reg>наших</reg><orig>нашихъ</orig></choice>. Пиши, пожалуйста, <choice><reg>поподробнее</reg><orig>поподробнѣе</orig></choice>. <choice><reg>Степе</reg><orig>Степѣ</orig></choice> я очень <choice><reg>рад</reg><orig>радъ</orig></choice>. <choice><reg>Он</reg><orig>Онъ</orig></choice> очень <choice><reg>кроток</reg><orig>кротокъ</orig></choice> и <choice><reg>мил</reg><orig>милъ</orig></choice>. Любовь <choice original_editorial_correction='Александр[овна]'><sic>Александр</sic><corr>Александровна</corr></choice>,<note xml:id="note20" resp="volume_editor" index="false"> О Любови Александровне Берс С. А. Толстая писала (письмо от 17 июня): «Мама я перевела в кабинет; тут ей дети не давали спать».</note> <choice><reg>верно</reg><orig>вѣрно</orig></choice>, у <choice><reg>нас</reg><orig>насъ</orig></choice>; <choice><reg>поцелуй</reg><orig>поцѣлуй</orig></choice> ее и Славочку.<note xml:id="note21" resp="volume_editor" index="false"> Вячеслав Андреевич Берс.</note> <choice><reg>Мне</reg><orig>Мнѣ</orig></choice> ужасно <choice><reg>приятно</reg><orig>прiятно</orig></choice>, что она <choice><reg>с</reg><orig>съ</orig></choice> тобой.</p>
<comments><p rend="Textpetit_otstup left">Печатается по автографу, хранящемуся в АТБ. Впервые опубликовано по копии, сделанной С. А. Толстой, в ПЖ, стр. 78—80. Датируется 11 или 12 июня в виду того, что Толстой написал это письмо на пароходе, а плыл он двое суток, выехав утром 11-го из Нижнего Новгорода. Получено было это письмо в Ясной поляне 17 июня. В этот день С. А. Толстая писала Толстому: «Я сейчас получила твое письмо с парохода, и очень порадовалась, что ты себя чувствуешь хорошо». —</p>
<p rend="Textpetit_otstup left"><hi>1</hi> Василий Степанович Перфильев.</p>
<p rend="petit left"><hi>2</hi> Вероятно, Владимир Андреевич Берс.</p>
<p rend="petit left"><hi>3</hi> Григорий Антонович Захарьин.</p>
<p rend="petit left"><hi>4</hi> Дачное место в 13 верстах от Москвы.</p>
<p rend="petit left"><hi>5 </hi>Павел Лукич Пикулин (1822—1885), врач, профессор Московского университета.</p>
<p rend="petit left"><hi>6</hi> Уездный город Саратовской губернии.</p>
<p rend="petit left"><hi>7</hi> Точных сведений об этом враче не имеется.</p>
<p rend="petit left"><hi>8</hi> Павел Михайлович Леонтьев (1822—1875), профессор классической филологии Московского университета. Один из основателей лицея в Москве. Друг Каткова. Сторонник классической системы гимназического образования. Толстой разговаривал с Леонтьевым в связи со своими занятиями греческим языком.</p>
<p rend="petit left"><hi>9</hi> Юрий Федорович Самарин.</p>
<p rend="petit left"><hi>10</hi> Где Толстой жил на кумысе в Самарской губернии летом 1862 г.</p>
<p rend="petit left"><hi>11</hi> <ref target="file:///Volume_83_iyunya10_86.xml">См. письмо № 86</ref> от 10 июня 1871 г.</p>
<p rend="petit left"><hi>12 </hi>Гейнрих Дикгоф, старший пастор при церкви св. Петра и Павла в Москве.</p>
<p rend="petit left"><hi>13</hi> Елизавета Дикгоф (1803—1873), рожд. фон-Штральборн, жена главного суперинтенданта Московского <hi style="opdelimiter">евангелическо-лютеранского</hi><hi style="opnumber">175</hi> <hi style="npnumber">176</hi><hi style="npdelimiter">округа</hi> и старшего пастора петропавловской церкви Карла-Гейнриха Вильгельма Дикгофа (1803—1862).</p>
<p rend="petit left"><hi>14</hi> В письме от 21 июня 1871 г. С. А. Толстая писала Толстому о Линдгольм: «Танина немка приехала вчера вечером, а нынче уже отнекивается ехать на Кавказ. Завтра ей будут делать строгий допрос: говори сейчас да или нет; а если нет, то мы ее завтра же отправим обратно в Москву. А так она нам всем нравится, добродушная, охотно всё делает, хотя видно, что за маленькими детьми никогда не ходила и не умеет ничего делать». (ПСТ, стр. 97.) Из ее же письма от 24 июня явствует, что немке Т. А. Кузминская отказала и ее взяла тетка Карнович.</p>
<p rend="petit left"><hi>15</hi> Толстой ехал на кумыс с братом С. А. Толстой Степаном Андреевичем Берсом.</p>
<p rend="petit left"><hi>16</hi> Может быть это Николай Владимирович Мезенцов, генерал, шеф жандармов, убитый в 1878 г. С. Кравчинским. Толстой его знал, о чем есть запись у Д. П. Маковицкого.</p>
<p rend="petit left"><hi>17</hi> [«гигантские шаги»,] В письме от 17 июня 1871 г. С. А. Толстая писала: «Очень благодарю зa судно и за pas-de-géant. Когда у меня все поправятся, я займусь с князем [Оболенским] его поставить. Он говорит, что надо нанять из лагеря солдат его ставить». (ПСТ, стр. 94.)</p>
<p rend="petit left"><hi>18</hi> Яков Викторович Пуаре (1825—1877), владелец известного гимнастического заведения в Москве.</p>
<p rend="petit left"><hi>19</hi> На четвертой странице письма начинается описание постановки pas-de-géant, написанное неизвестным почерком, с одной поправкой рукой Толстого; на шестой странице — окончание письма Толстого.</p>
<p rend="petit left"><hi>20</hi> В письме от 21 июня С. А. Толстая писала: «Ты пишешь, что вещи вышлют из Москвы в среду, но нынче понедельник, и объявления никакого нет». (ПСТ, стр. 98.)</p>
<p rend="petit left"><hi>21</hi> О Любови Александровне Берс С. А. Толстая писала (письмо от 17 июня): «Мама я перевела в кабинет; тут ей дети не давали спать».</p>
<p rend="petit left"><hi>22</hi> Вячеслав Андреевич Берс.</p>
</comments></div></body>
        </text>
        </TEI>