<?xml version='1.0' encoding='UTF-8' standalone='no'?>

<TEI xmlns="http://www.tei-c.org/ns/1.0">
       <teiHeader>
          <fileDesc>
             <titleStmt>
                <title>Письмо №393. К. М. Сибирякову.</title>
             </titleStmt>
             <publicationStmt>
                <publisher>TolstoyLab</publisher>
                <date when="2015-09-14">14 September 2015</date>
             </publicationStmt>
             <sourceDesc>
                <biblStruct>
                   <analytic>
                      <author>Толстой Л.Н.</author>
                   </analytic>
                   <monogr>
                      <title level="m">Полное собрание сочинений. Том 63</title>
                      <imprint>
                         <pubPlace>Москва</pubPlace>
                         <publisher>Государственное издательство "Художественная литература"</publisher>
                         <date when="1934"/>
                      </imprint>
                   </monogr>
                   <series>
                      <title level="s">Л.Н. Толстой. Полное собрание сочинений</title>
                      <biblScope unit="vol">63</biblScope>
                   </series>
                </biblStruct>
				<bibl>Печатается по рукописной копии в тетради «Письма о журнале для народа» (стр. 59—61), хранящейся у К. С. Шохор-Троцкого. Впервые опубликовано Ю. О. Якубовским без обращения и трех последних фраз в «Жизни для всех» 1911, 7, стр. 885. Датируется на основании упоминания о нем в письме Толстого к В. Г. Черткову от 13—14 июля 1885 г. (см. т. 85, № 74) где читаем: «На днях тоже получил письмо Сибирякова — прилагаю его. Я ему отвечал, что ведение всего дела, учреждения, <hi style="opdelimiter">разрешения</hi><hi style="opnumber">273</hi> <hi style="npnumber">274</hi><hi style="npdelimiter">журнала,</hi> вероятно, вы возьмете на себя, и что редактором лучше всего будет Бирюков» (AЧ).</bibl>
             </sourceDesc>
          </fileDesc>
          <encodingDesc>
             <tagsDecl> </tagsDecl>
          </encodingDesc>
          <profileDesc>
             <correspDesc>
                <correspAction type="sending">
                   <persName ref="PersonList.xml#L_N_Tolstoy">Л. Н. Толстой</persName>
                   <placeName ref="PlacesListxml#PLACE">Я. П.</placeName>
                   <date from="1885-07-10" to="1885-07-12">1885 г. Июля 10 — 12?</date>            </correspAction>
                <correspAction type="receiving">
                   <persName ref="PersonList.xml#RECEIVER">Сибиряков Константин Михайлович</persName>
                </correspAction>
                <correspContext>
                   <ref type="prev"/>
                </correspContext>
             </correspDesc>
          </profileDesc>
       </teiHeader>
       <xenoData><number type="in a volume">393</number></xenoData>

              <text xml:id="K__M__Sibiryakovu_393">
	<body><div>
		<opener index="false">
393. К. М. Сибирякову.
1885 г. Июля 10—12? Я. П.
</opener>
<p rend="Obrashenie left"><choice><reg>Константин</reg><orig>Константинъ</orig></choice> <choice><reg>Михайлович</reg><orig>Михайловичъ</orig></choice>!</p>
<p rend="left"><choice><reg>Дело</reg><orig>Дѣло</orig></choice> <choice><reg>народного</reg><orig>народнаго</orig></choice> журнала <choice><reg>мне</reg><orig>мнѣ</orig></choice> очень дорого, но я не могу <choice><reg>им</reg><orig>имъ</orig></choice> заняться, главное же не могу себя связывать никакими обязательствами. В. Г. <choice><reg>Чертков</reg><orig>Чертковъ</orig></choice>, <choice><reg>как</reg><orig>какъ</orig></choice> вы знаете, <choice><reg>более</reg><orig>болѣе</orig></choice> <choice><reg>всех</reg><orig>всѣхъ</orig></choice> <choice><reg>нас</reg><orig>насъ</orig></choice> <choice><reg>способен</reg><orig>способенъ</orig></choice> руководить <choice><reg>этим</reg><orig>этимъ</orig></choice> <choice><reg>делом</reg><orig>дѣломъ</orig></choice>. И <choice><reg>он</reg><orig>онъ</orig></choice> бы <choice><reg>был</reg><orig>былъ</orig></choice> <choice><reg>тот</reg><orig>тотъ</orig></choice> идеальный <choice><reg>редактор</reg><orig>редакторъ</orig></choice>, <choice><reg>которого</reg><orig>котораго</orig></choice> можно желать. Мы <choice><reg>с</reg><orig>съ</orig></choice> <choice><reg>ним</reg><orig>нимъ</orig></choice> переписывались <choice><reg>об</reg><orig>объ</orig></choice> <choice><reg>этом</reg><orig>этомъ</orig></choice> — <choice><reg>он</reg><orig>онъ</orig></choice> теперь <choice><reg>в</reg><orig>въ</orig></choice> <choice><reg>Лондоне</reg><orig>Лондонѣ</orig></choice> — и <choice><reg>решили</reg><orig>рѣшили</orig></choice>, что если <choice><reg>журнал</reg><orig>журналъ</orig></choice> состоится, то <choice><reg>редактором</reg><orig>редакторомъ</orig></choice> лучше всего быть Павлу Ивановичу Бирюкову.<note xml:id="note1" resp="volume_editor" index="false"> В. Г. Чертков в письме от 22 мая 1885 г. писал Толстому по этому поводу: «Для народной газеты я нашел лучшего, мне известного, редактора — Бирюкова. Насколько понимаю, он самый лучший. Но он не решается согласиться на это (при обсуждении, конечно, только потому, что не мне предлагать, а Сибирякову). Не чувствует в себе уверенности с одной стороны. А с другой не знает достаточно ли это прочное дело, чтобы ему оставить службу в обсерватории. Он стесняется за такое дело брать деньги. А деньги ему нужны для жизни. Там он получает 1500 р. в год. Но не в деньгах у него тут главное, а в неуверенности. Если вы сочувствуете ему в редакторы, то напишите ему, уговорите его. Он вам сообщит все свои сомнения и затруднения, и вы поможете ему всё это выяснить. Я же думаю так: для газеты нельзя лучше, чем он (я совсем не гожусь — об этом [нечего и] думать, и могу теперь и определенно сообщить вам почему). Газету Сибиряков может по возможности обеспечить лет на десять, — разумеется, насколько человек может обеспечивать то, что зависит от бога. Газету можно и следует вести так, чтобы подчиняться всем требованиям земной власти, и всё-таки можно держаться направления христианского, если не так положительно, как было бы желательно, то всегда отрицательно и хоть немного положительно — и <hi style="opdelimiter">это</hi><hi style="opnumber">274</hi> <hi style="npnumber">275</hi><hi style="npdelimiter">всегда</hi> будет давать хорошее читателям. Бирюкову теперь очень тяжело (он этого не показывает) с обсерваториею и складом. Разнородные занятия и каждое требующее много напряжения. Редакция же газеты по самой цели сродна складу и изданиям, и ему было бы и легче и, думаю, приятнее всецело отдаться одному делу в двух формах, чем, как теперь, двум совершенно самостоятельным и бессвязным между собой делам» (АТБ).</note></p>
<p rend="left">Это молодой <choice><reg>человек</reg><orig>человѣкъ</orig></choice>, <choice><reg>кончивший</reg><orig>кончившiй</orig></choice> <choice><reg>курс</reg><orig>курсъ</orig></choice> <choice><reg>в</reg><orig>въ</orig></choice> Морской <choice><reg>Академии</reg><orig>Академiи</orig></choice> и <choice><reg>заведующий</reg><orig>завѣдующiй</orig></choice> теперь метеорологической <choice><reg>обсерваторией</reg><orig>обсерваторiей</orig></choice> <choice><reg>в</reg><orig>въ</orig></choice> <choice><reg>Петербурге</reg><orig>Петербургѣ</orig></choice>. Это <choice><reg>человек</reg><orig>человѣкъ</orig></choice> весьма образованный, умный, аккуратный, <choice><reg>разделяющий</reg><orig>раздѣляющiй</orig></choice> <choice><reg>вполне</reg><orig>вполнѣ</orig></choice> наши взгляды и <choice><reg>могущий</reg><orig>могущiй</orig></choice>, и <choice><reg>желающий</reg><orig>желающiй</orig></choice> посвятить себя <choice><reg>вполне</reg><orig>вполнѣ</orig></choice> этому <choice><reg>делу</reg><orig>дѣлу</orig></choice>. Для правительства <choice><reg>Бирюков</reg><orig>Бирюковъ</orig></choice>, <choice><reg>как</reg><orig>какъ</orig></choice> личность, не <choice><reg>может</reg><orig>можетъ</orig></choice> представлять ничего <choice><reg>нежелательного</reg><orig>нежелательнаго</orig></choice>. Я думаю, что ему <choice><reg>разрешат</reg><orig>разрѣшатъ</orig></choice>, и тогда, и я, и <choice><reg>Чертков</reg><orig>Чертковъ</orig></choice> <choice><reg>будем</reg><orig>будемъ</orig></choice> принимать самое <choice><reg>деятельное</reg><orig>дѣятельное</orig></choice> <choice><reg>участие</reg><orig>участiе</orig></choice> <choice><reg>в</reg><orig>въ</orig></choice> <choice><reg>издании</reg><orig>изданiи</orig></choice>. Я <choice><reg>с</reg><orig>съ</orig></choice> этой же почтой пишу Черткову, и <choice><reg>он</reg><orig>онъ</orig></choice> <choice><reg>вероятно</reg><orig>вѣроятно</orig></choice> <choice><reg>напишет</reg><orig>напишетъ</orig></choice> <choice><reg>вам</reg><orig>вамъ</orig></choice>, и тогда вы устроите <choice><reg>с</reg><orig>съ</orig></choice> ними <choice><reg>как</reg><orig>какъ</orig></choice> лучше. Я же <choice><reg>в</reg><orig>въ</orig></choice> <choice><reg>практических</reg><orig>практическихъ</orig></choice> <choice><reg>делах</reg><orig>дѣлахъ</orig></choice> всегда <choice><reg>был</reg><orig>былъ</orig></choice> <choice><reg>неспособен</reg><orig>неспособенъ</orig></choice> и потому <choice><reg>содействовать</reg><orig>содѣйствовать</orig></choice> при <choice><reg>учреждении</reg><orig>учрежденiи</orig></choice> журнала и <choice><reg>советывать</reg><orig>совѣтывать</orig></choice> ничего не могу; <choice><reg>трудом</reg><orig>трудомъ</orig></choice> же <choice><reg>своим</reg><orig>своимъ</orig></choice>, когда <choice><reg>дело</reg><orig>дѣло</orig></choice> установится, буду, если <choice><reg>жив</reg><orig>живъ</orig></choice> буду, помогать <choice><reg>всеми</reg><orig>всѣми</orig></choice> силами.</p>
<p rend="left">Очень <choice><reg>благодарен</reg><orig>благодаренъ</orig></choice> <choice><reg>вам</reg><orig>вамъ</orig></choice> за помощь журналу <choice><reg>Оболенского</reg><orig>Оболенскаго</orig></choice>. Я полагаю, что это хорошее <choice><reg>дело</reg><orig>дѣло</orig></choice>.</p>
<p rend="left">Желая <choice><reg>вам</reg><orig>вамъ</orig></choice> всего <choice><reg>лучшего</reg><orig>лучшаго</orig></choice> и <choice><reg>надеясь</reg><orig>надѣясь</orig></choice> <choice><reg>иметь</reg><orig>имѣть</orig></choice> <choice><reg>с</reg><orig>съ</orig></choice> вами <choice><reg>сношения</reg><orig>сношенiя</orig></choice> при состоявшемся <choice><reg>журнале</reg><orig>журналѣ</orig></choice>, остаюсь <choice><reg>уважающим</reg><orig>уважающимъ</orig></choice> <choice><reg>вас</reg><orig>васъ</orig></choice></p>
<p rend="right"><choice><reg>Лев</reg><orig>Левъ</orig></choice> Толстой.</p>
<comments><p rend="Textpetit_otstup left">Печатается по рукописной копии в тетради «Письма о журнале для народа» (стр. 59—61), хранящейся у К. С. Шохор-Троцкого. Впервые опубликовано Ю. О. Якубовским без обращения и трех последних фраз в «Жизни для всех» 1911, 7, стр. 885. Датируется на основании упоминания о нем в письме Толстого к В. Г. Черткову от 13—14 июля 1885 г. (см. т. 85, № 74) где читаем: «На днях тоже получил письмо Сибирякова — прилагаю его. Я ему отвечал, что ведение всего дела, учреждения, <hi style="opdelimiter">разрешения</hi><hi style="opnumber">273</hi> <hi style="npnumber">274</hi><hi style="npdelimiter">журнала,</hi> вероятно, вы возьмете на себя, и что редактором лучше всего будет Бирюков» (AЧ).</p>
<p rend="petit left">Толстой отвечает на письмо К. М. Сибирякова (без даты): «Выработанная программа Народного журнала, которую Вы одобрили, без сомнения вполне удовлетворительна и отвечает своему назначению, к сожалению только трудно будет добиться разрешения правительства. По моему мнению, прежде чем хлопотать об этом, нужно найти редактора, который, приняв на себя переговоры и устройство дела, позаботился бы сохранить по возможности целость программы. Не имея знакомств в литературном кружке, я не могу найти такого человека, увлеченного идеями, преследуемыми журналом и вместе с тем широко развитого, образованного и обладающего литературным талантом. Затруднительность положения осложняется еще требованиями цензуры: лицо, неизвестное цензурному комитету, не будет им утверждено. Три лица, которые, как говорят, согласились бы принять на себя редакторство, мне очень мало известны: один их них поэт Александр Николаевич Плещеев, другой бывший директор Коллегии Галагана, теперь эксперт по учебной части при комиссии заведывания начальными городскими училищами Петербурга и заведующий изданием сочинений Ушинского — Василий Васильевич Григорьев и третий — Виктор Петрович Острогорский, — инспектор Лaринской гимназии в Петербурге и редактор «Детского чтения». Лиц этих, кроме Плещеева, повторяю, я не знаю и поэтому позволяю себе просить Вас, с своей стороны, не отказаться рекомендовать. — Идеальным редактором проектируемого журнала я считаю Вас, Лев Николаевич; в крайнем случае можно найти фиктивного, который бы предоставил заведывание тому, кто будет стоять во главе, — без права вмешательства в дела» (Копия. Тетрадь «Письма о журнале для народа», стр. 58—59. Арх. К. С. Шохор-Троцкого).</p>
<p rend="Textpetit_otstup left"><hi>1</hi> В. Г. Чертков в письме от 22 мая 1885 г. писал Толстому по этому поводу: «Для народной газеты я нашел лучшего, мне известного, редактора — Бирюкова. Насколько понимаю, он самый лучший. Но он не решается согласиться на это (при обсуждении, конечно, только потому, что не мне предлагать, а Сибирякову). Не чувствует в себе уверенности с одной стороны. А с другой не знает достаточно ли это прочное дело, чтобы ему оставить службу в обсерватории. Он стесняется за такое дело брать деньги. А деньги ему нужны для жизни. Там он получает 1500 р. в год. Но не в деньгах у него тут главное, а в неуверенности. Если вы сочувствуете ему в редакторы, то напишите ему, уговорите его. Он вам сообщит все свои сомнения и затруднения, и вы поможете ему всё это выяснить. Я же думаю так: для газеты нельзя лучше, чем он (я совсем не гожусь — об этом [нечего и] думать, и могу теперь и определенно сообщить вам почему). Газету Сибиряков может по возможности обеспечить лет на десять, — разумеется, насколько человек может обеспечивать то, что зависит от бога. Газету можно и следует вести так, чтобы подчиняться всем требованиям земной власти, и всё-таки можно держаться направления христианского, если не так положительно, как было бы желательно, то всегда отрицательно и хоть немного положительно — и <hi style="opdelimiter">это</hi><hi style="opnumber">274</hi> <hi style="npnumber">275</hi><hi style="npdelimiter">всегда</hi> будет давать хорошее читателям. Бирюкову теперь очень тяжело (он этого не показывает) с обсерваториею и складом. Разнородные занятия и каждое требующее много напряжения. Редакция же газеты по самой цели сродна складу и изданиям, и ему было бы и легче и, думаю, приятнее всецело отдаться одному делу в двух формах, чем, как теперь, двум совершенно самостоятельным и бессвязным между собой делам» (АТБ).</p>
</comments></div></body>
        </text>
        </TEI>