<?xml version='1.0' encoding='UTF-8' standalone='no'?>

<TEI xmlns="http://www.tei-c.org/ns/1.0">
       <teiHeader>
          <fileDesc>
             <titleStmt>
                <title>Письмо №374. П. И. Бирюкову.</title>
             </titleStmt>
             <publicationStmt>
                <publisher>TolstoyLab</publisher>
                <date when="2015-09-14">14 September 2015</date>
             </publicationStmt>
             <sourceDesc>
                <biblStruct>
                   <analytic>
                      <author>Толстой Л.Н.</author>
                   </analytic>
                   <monogr>
                      <title level="m">Полное собрание сочинений. Том 63</title>
                      <imprint>
                         <pubPlace>Москва</pubPlace>
                         <publisher>Государственное издательство "Художественная литература"</publisher>
                         <date when="1934"/>
                      </imprint>
                   </monogr>
                   <series>
                      <title level="s">Л.Н. Толстой. Полное собрание сочинений</title>
                      <biblScope unit="vol">63</biblScope>
                   </series>
                </biblStruct>
				<bibl>Печатается по автографу, хранящемуся в БЛ. Впервые опубликовано в ПТС II, № 341. Датируется на основании письма Толстого к В. Г. Черткову, от 1—2 июня 1885 г., в котором читаем: «Сейчас писал Бирюкову и мне пришло в голову, что рассказ Свешниковой опасен. Могут обвинить. Как бы не сделать вреда изданиям и потому мое мнение — если печатать, то без рамки» (AЧ).</bibl>
             </sourceDesc>
          </fileDesc>
          <encodingDesc>
             <tagsDecl> </tagsDecl>
          </encodingDesc>
          <profileDesc>
             <correspDesc>
                <correspAction type="sending">
                   <persName ref="PersonList.xml#L_N_Tolstoy">Л. Н. Толстой</persName>
                   <placeName ref="PlacesListxml#PLACE">Я. П.</placeName>
                   <date from="1885-06-01" to="1885-06-02">1885 г. Июня 1 — 2?</date>            </correspAction>
                <correspAction type="receiving">
                   <persName ref="PersonList.xml#RECEIVER">Бирюков Павел Иванович</persName>
                </correspAction>
                <correspContext>
                   <ref type="prev"/>
                </correspContext>
             </correspDesc>
          </profileDesc>
       </teiHeader>
       <xenoData><number type="in a volume">374</number></xenoData>

              <text xml:id="P__I__Biryukovu_374">
	<body><div>
		<opener index="false">
374. П. И. Бирюкову.
1885 г. Июня 1—2? Я. П.
</opener>
<p rend="Obrashenie left">Дорогой <choice><reg>Павел</reg><orig>Павелъ</orig></choice> <choice><reg>Иванович</reg><orig>Ивановичъ</orig></choice>!</p>
<p rend="left">Вчера <choice><reg>получил</reg><orig>получилъ</orig></choice> <choice><reg>от</reg><orig>отъ</orig></choice> <choice original_editorial_correction='Чер[ткова]'><sic>Чер</sic><corr>Черткова</corr></choice> длинное письмо<note xml:id="note1" resp="volume_editor" index="false"> Письмо В. Г. Черткова от 22 мая 1885 г. (AЧ).</note> <choice><reg>из</reg><orig>изъ</orig></choice> Берлина и посылку <choice><reg>с</reg><orig>съ</orig></choice> рукописью <choice><reg>Свешниковой</reg><orig>Свѣшниковой</orig></choice><note xml:id="note2" resp="volume_editor" index="false"> Виктор Гюго (Victor Hugo) (1802—1885) — французский писатель.</note> <choice><reg>из</reg><orig>изъ</orig></choice> Петербурга. <choice><reg>Содержание</reg><orig>Содержанiе</orig></choice> статьи прекрасное. Не опасно ли? не только <choice><reg>в</reg><orig>въ</orig></choice> виду <choice><reg>запрещения</reg><orig>запрещенiя</orig></choice>, но и <choice><reg>в</reg><orig>въ</orig></choice> виду возможности упрека <choice><reg>в</reg><orig>въ</orig></choice> <choice><reg>направлении</reg><orig>направленiи</orig></choice>. <choice><reg>Вам</reg><orig>Вамъ</orig></choice> <choice><reg>виднее</reg><orig>виднѣе</orig></choice>. Поправлять я ее не <choice><reg>стал</reg><orig>сталъ</orig></choice> и прибавлять <choice><reg>заключения</reg><orig>заключенiя</orig></choice>. <choice><reg>Язык</reg><orig>Языкъ</orig></choice> одно характерный и <choice><reg>в</reg><orig>въ</orig></choice> <choice><reg>разговорах</reg><orig>разговорахъ</orig></choice> даже очень <choice><reg>хорош</reg><orig>хорошъ</orig></choice> и чувствуется Hugo,<note xml:id="note3" resp="volume_editor" index="false"> Сюмурден — действующее лицо из романа В. Гюго: «93-й год».</note> т. е. <choice><reg>великий</reg><orig>великiй</orig></choice> <choice><reg>мастер</reg><orig>мастеръ</orig></choice>. — <choice><reg>Заключение</reg><orig>Заключенiе</orig></choice> всякое <choice><reg>будет</reg><orig>будетъ</orig></choice> или ложно, или нецензурно. <choice><reg>Заключение</reg><orig>Заключенiе</orig></choice> одно: <choice><reg>Сюмурден</reg><orig>Сюмурденъ</orig></choice> <choice><reg>думал</reg><orig>думалъ</orig></choice>, что <choice><reg>он</reg><orig>онъ</orig></choice> <choice><reg>знает</reg><orig>знаетъ</orig></choice>, чтò хорошо и что дурно, что это <choice><reg>он</reg><orig>онъ</orig></choice> <choice><reg>узнает</reg><orig>узнаетъ</orig></choice>, <choice><reg>следуя</reg><orig>слѣдуя</orig></choice> <choice><reg>законам</reg><orig>законамъ</orig></choice> правительства; но <choice><reg>убийство</reg><orig>убiйство</orig></choice> его друга показало ему, что по <choice><reg>законам</reg><orig>законамъ</orig></choice> <choice><reg>хорошим</reg><orig>хорошимъ</orig></choice><note xml:id="note4" resp="volume_editor" index="false"> <hi>Зач.:</hi> раздира</note> называется дурное и <choice><reg>дурным</reg><orig>дурнымъ</orig></choice> хорошее, и <choice><reg>он</reg><orig>онъ</orig></choice> <choice><reg>потерял</reg><orig>потерялъ</orig></choice> бывшую у него <choice><reg>веру</reg><orig>вѣру</orig></choice>. Новую же <choice><reg>веру</reg><orig>вѣру</orig></choice> <choice><reg>он</reg><orig>онъ</orig></choice> не <choice><reg>стал</reg><orig>сталъ</orig></choice>, не <choice><reg>мог</reg><orig>могъ</orig></choice> искать, <choice original_editorial_correction='п[отому]'><sic>п</sic><corr>потому</corr></choice> <choice original_editorial_correction='ч[то]'><sic>ч</sic><corr>что</corr></choice> <choice><reg>он</reg><orig>онъ</orig></choice> <choice><reg>чувствовал</reg><orig>чувствовалъ</orig></choice>, что она <choice><reg>совсем</reg><orig>совсѣмъ</orig></choice> <choice><reg>противоположна</reg><orig>противуположна</orig></choice> его прежней <choice><reg>вере</reg><orig>вѣрѣ</orig></choice> и что <choice><reg>обличит</reg><orig>обличитъ</orig></choice> его <choice><reg>в</reg><orig>въ</orig></choice> <choice><reg>непоправимом</reg><orig>непоправимомъ</orig></choice> <choice><reg>поступке</reg><orig>поступкѣ</orig></choice>. — <choice><reg>Так</reg><orig>Такъ</orig></choice> <choice><reg>повесился</reg><orig>повѣсился</orig></choice> Іуда. И <choice><reg>так</reg><orig>такъ</orig></choice> убиваются <choice><reg>все</reg><orig>всѣ</orig></choice>, кто убиваются. Пока <choice><reg>инерция</reg><orig>инерцiя</orig></choice> лжи и <choice><reg>сознание</reg><orig>сознанiе</orig></choice> истины <choice><reg>действуют</reg><orig>дѣйствуютъ</orig></choice> <choice><reg>под</reg><orig>подъ</orig></choice> <choice><reg>углом</reg><orig>угломъ</orig></choice> меньше <choice><reg>двух</reg><orig>двухъ</orig></choice> <choice><reg>прямых</reg><orig>прямыхъ</orig></choice> — жизнь <choice><reg>идет</reg><orig>идетъ</orig></choice> по <choice><reg>равнодействующей</reg><orig>равнодѣйствующей</orig></choice>, но когда эти <choice><reg>две</reg><orig>двѣ</orig></choice> <hi style="opdelimiter">силы</hi><hi style="opnumber">254</hi> <hi style="npnumber">255</hi><hi style="npdelimiter"><choice><reg>станут</reg><orig>станутъ</orig></choice></hi> по одной <choice><reg>линии</reg><orig>линiи</orig></choice> — жизнь<note xml:id="note5" resp="volume_editor" index="false"> О «Сократе» см. прим. 1 к письму № 333.</note> прекращается и раздирается по своей ли или по чужой <choice><reg>воле</reg><orig>волѣ</orig></choice>.</p>
<p rend="left">Сократа<note xml:id="note6" resp="volume_editor" index="false"> По этому поводу В. Г. Чертков в письме от 22 апреля 1885 г. писал Толстому: «Пришлите безотлагательно, как предложили, в склад указания об отмеченных местах в житиях. У нас там есть славянское издание Дмитрия Ростовского. И Беликов, который этим специально занимается, всё найдет по вашим указаниям» (AЧ). Однако, извлечения, сделанные из «Жития Дмитрия Ростовского» изданы не были, в виду несоответствия их содержания с общим духом изданий «Посредника».</note> я пачкаю и порчу и даже запутался въ немъ и потому не присылаю. Я имъ очень дорожу и надѣюсь, что мы съ А. М. Калмыковой доведемъ это до еще много лучшаго. Я ей писалъ и жду отвѣта. Вотъ именно почему страшно издавать такія задорныя и не совсѣмъ понятныя по языку статьи, какъ передѣлка В. Гюго. Какъ бы онѣ не помѣшали возможности издать Сократа. А это такъ бы было полезно! Я на дняхъ выпишу страницы изъ отмѣченныхъ Житій Святыхъ Д[митрія] Р[остовскаго],<note xml:id="note7" resp="volume_editor" index="false"> См. прим. к письму № 349.</note> <choice><reg>как</reg><orig>какъ</orig></choice> <choice><reg>мне</reg><orig>мнѣ</orig></choice> <choice><reg>пишет</reg><orig>пишетъ</orig></choice> <choice original_editorial_correction='В[ладимир]'><sic>В</sic><corr><choice><reg>Владимир</reg><orig>Владимiръ</orig></choice></corr></choice> <choice original_editorial_correction='Г[ригорьевич]'><sic>Г</sic><corr><choice><reg>Григорьевич</reg><orig>Григорьевичъ</orig></choice></corr></choice>, и пришлю <choice><reg>вам</reg><orig>вамъ</orig></choice>.</p>
<p rend="left"><choice><reg>Насчет</reg><orig>Насчетъ</orig></choice> редакторства будущей газеты<note xml:id="note8" resp="volume_editor" index="false"> Т. е. дело распространения изданий «Посредника». Бирюков в то время жил в Петербурге и заведывал книжным складом «Посредника». Кроме того за отъездом В. Г. Черткова за границу все дела по изданию были также переданы ему, и он являлся ответственным руководителем всего дела «Посредника».</note> я думаю, что вы будете прекрасный <choice><reg>редактор</reg><orig>редакторъ</orig></choice>, но <choice><reg>Чертков</reg><orig>Чертковъ</orig></choice> еще лучше. Вы во <choice><reg>многих</reg><orig>многихъ</orig></choice> <choice><reg>отношениях</reg><orig>отношенiяхъ</orig></choice> будете лучше его, но <choice><reg>в</reg><orig>въ</orig></choice> <choice><reg>одном</reg><orig>одномъ</orig></choice>, <choice><reg>в</reg><orig>въ</orig></choice> <choice><reg>пуризме</reg><orig>пуризмѣ</orig></choice> <choice><reg>христианского</reg><orig>христiанскаго</orig></choice> <choice><reg>учения</reg><orig>ученiя</orig></choice>, никого не знаю лучше его. А это самое дорогое.</p>
<p rend="left"><choice><reg>Как</reg><orig>Какъ</orig></choice> <choice><reg>идет</reg><orig>идетъ</orig></choice> ваше — книжное — <choice><reg>дело</reg><orig>дѣло</orig></choice>.<note xml:id="note9" resp="volume_editor" index="false"> «Житие Петра Мытаря» было изложено П. П. Беликовым и вскоре издано «Посредником». Толстой работал над этим «Житием», обрабатывая его в драматической форме. Однако работы этой он не закончил. Черновые написанных драматических сцен под заглавием «Петр Хлебник» Толстой несколько лет спустя передал В. Г. Черткову. Напечатаны они были в «Голосе Толстого» 1918, № 1 (7). Еще см. т. 26.</note> Если будете писать, напишите подробно. <choice><reg>Адрес</reg><orig>Адресъ</orig></choice>: <choice original_editorial_correction='Московско-Курск[ая]'><sic>Московско-Курск</sic><corr>Московско-Курская</corr></choice> дорога, <choice><reg>станция</reg><orig>станцiя</orig></choice> Козловка.</p>
<p rend="left">Очень <choice><reg>благодарен</reg><orig>благодаренъ</orig></choice> <choice><reg>вам</reg><orig>вамъ</orig></choice> за знакомство <choice><reg>с</reg><orig>съ</orig></choice> <choice><reg>Грибовским</reg><orig>Грибовскимъ</orig></choice>. Я совершенно <choice><reg>разделяю</reg><orig>раздѣляю</orig></choice> то <choice><reg>впечатление</reg><orig>впечатлѣнiе</orig></choice>, <choice original_editorial_correction='к[оторое]'><sic>к</sic><corr>которое</corr></choice> <choice><reg>он</reg><orig>онъ</orig></choice> на <choice><reg>вас</reg><orig>васъ</orig></choice> <choice><reg>произвел</reg><orig>произвелъ</orig></choice> и <choice original_editorial_correction='к[оторое]'><sic>к</sic><corr>которое</corr></choice> вы <choice><reg>так</reg><orig>такъ</orig></choice> хорошо описали.</p>
<p rend="left"><choice><reg>Житие</reg><orig>Житiе</orig></choice> Петра Мытаря<note xml:id="note10" resp="volume_editor" index="false"> Петр Петрович Беликов — один из сотрудников «Посредника».</note> надо бы изложить и издать. <choice><reg>Беликов</reg><orig>Бѣликовъ</orig></choice><note xml:id="note11" resp="volume_editor" index="false"> «Житие св. Павлина Ноланского» составлено П. П. Беликовым и в 1886 г. издано «Посредником».</note> не <choice><reg>сделал</reg><orig>сдѣлалъ</orig></choice> <choice><reg>этого</reg><orig>этаго</orig></choice>? Я было <choice><reg>начал</reg><orig>началъ</orig></choice> <choice><reg>делать</reg><orig>дѣлать</orig></choice> <choice><reg>из</reg><orig>изъ</orig></choice> него народную драму, но <choice><reg>затерял</reg><orig>затерялъ</orig></choice> начало, да если бы и <choice><reg>нашел</reg><orig>нашелъ</orig></choice>, то постарался бы докончить <choice><reg>в</reg><orig>въ</orig></choice> драматической <choice><reg>форме</reg><orig>формѣ</orig></choice>. — <choice><reg>Житие</reg><orig>Житiе</orig></choice> Павлина<note xml:id="note12" resp="volume_editor" index="false"> Издания «Посредника» первостепенного значения обозначались на обложке книжек красной рамкой; все же остальные, имеющие второстепенное значение, этой рамки не имели и печатались без обозначения фирмы «Посредника». Они составляли побочную серию народных изданий и в каталогах, издаваемых «Посредником», входили в список «рекомендованных для чтения» книг.</note> прекрасно. <choice><reg>Какие</reg><orig>Какiе</orig></choice> <choice><reg>другие</reg><orig>другiе</orig></choice> два? Можно бы присоединить и Петра <choice original_editorial_correction='М[ытаря]'><sic>М</sic><corr>Мытаря</corr></choice>. И почему <choice><reg>их</reg><orig>ихъ</orig></choice> издавать <choice><reg>без</reg><orig>безъ</orig></choice> рамки,<note xml:id="note13" resp="volume_editor" index="false"> Возможно, что Толстой имеет в виду какой-нибудь из своих рассказов: «Свечка» или «Два старика», написанных приблизительно в это время.</note> <choice><reg>как</reg><orig>какъ</orig></choice> <choice><reg>пишет</reg><orig>пишетъ</orig></choice> <choice><reg>Чертков</reg><orig>Чертковъ</orig></choice>. Я <choice><reg>написал</reg><orig>написалъ</orig></choice> <choice><reg>один</reg><orig>одинъ</orig></choice> <choice><reg>рассказ</reg><orig>разсказъ</orig></choice>,<hi>15</hi> еще не <choice><reg>поправил</reg><orig>поправилъ</orig></choice>. <choice><reg>Он</reg><orig>Онъ</orig></choice> ничего не <choice><reg>имеет</reg><orig>имѣетъ</orig></choice> <choice><reg>нецензурного</reg><orig>нецензурнаго</orig></choice> и потому, когда кончу, прямо <choice><reg>отдам</reg><orig>отдамъ</orig></choice> его Сытину. Прощайте. Не забывайте меня. Не <choice><reg>занесет</reg><orig>занесетъ</orig></choice> ли <choice><reg>вас</reg><orig>васъ</orig></choice> судьба <choice><reg>в</reg><orig>въ</orig></choice> нашу сторону <choice><reg>летом</reg><orig>лѣтомъ</orig></choice>?</p>
<comments><p rend="Textpetit_otstup left">Печатается по автографу, хранящемуся в БЛ. Впервые опубликовано в ПТС II, № 341. Датируется на основании письма Толстого к В. Г. Черткову, от 1—2 июня 1885 г., в котором читаем: «Сейчас писал Бирюкову и мне пришло в голову, что рассказ Свешниковой опасен. Могут обвинить. Как бы не сделать вреда изданиям и потому мое мнение — если печатать, то без рамки» (AЧ).</p>
<p rend="Textpetit_otstup left"><hi>1</hi> Письмо В. Г. Черткова от 22 мая 1885 г. (AЧ).</p>
<p rend="petit left">Елизавета Петровна Свешникова (ум. 27 сентября 1918 г.). О <hi style="opdelimiter">ней</hi><hi style="opnumber">255</hi> <hi style="npnumber">256</hi><hi style="npdelimiter">т.</hi> 64. В то время сотрудничала в «Посреднике». «Рукопись» ее — извлечение из романа В. Гюго «93-й год», напечатанное вскоре в изд. «Посредник» под заглавием «Брат на брата».</p>
<p rend="petit left"><hi>3</hi> Виктор Гюго (Victor Hugo) (1802—1885) — французский писатель.</p>
<p rend="petit left"><hi>4</hi> Сюмурден — действующее лицо из романа В. Гюго: «93-й год».</p>
<p rend="petit left"><hi>5</hi> Хорошим <hi>исправлено из:</hi> хорошее; <hi>зачеркн.:</hi> <choice><reg>может</reg><orig>можетъ</orig></choice></p>
<p rend="petit left"><hi>6</hi> <hi>Зач.:</hi> раздира</p>
<p rend="petit left"><hi>7</hi> О «Сократе» см. прим. 1 к письму № 333.</p>
<p rend="petit left"><hi>8</hi> По этому поводу В. Г. Чертков в письме от 22 апреля 1885 г. писал Толстому: «Пришлите безотлагательно, как предложили, в склад указания об отмеченных местах в житиях. У нас там есть славянское издание Дмитрия Ростовского. И Беликов, который этим специально занимается, всё найдет по вашим указаниям» (AЧ). Однако, извлечения, сделанные из «Жития Дмитрия Ростовского» изданы не были, в виду несоответствия их содержания с общим духом изданий «Посредника».</p>
<p rend="petit left"><hi>9</hi> См. прим. к письму № 349.</p>
<p rend="petit left"><hi>10</hi> Т. е. дело распространения изданий «Посредника». Бирюков в то время жил в Петербурге и заведывал книжным складом «Посредника». Кроме того за отъездом В. Г. Черткова за границу все дела по изданию были также переданы ему, и он являлся ответственным руководителем всего дела «Посредника».</p>
<p rend="petit left"><hi>11</hi> «Житие Петра Мытаря» было изложено П. П. Беликовым и вскоре издано «Посредником». Толстой работал над этим «Житием», обрабатывая его в драматической форме. Однако работы этой он не закончил. Черновые написанных драматических сцен под заглавием «Петр Хлебник» Толстой несколько лет спустя передал В. Г. Черткову. Напечатаны они были в «Голосе Толстого» 1918, № 1 (7). Еще см. т. 26.</p>
<p rend="petit left"><hi>12</hi> Петр Петрович Беликов — один из сотрудников «Посредника».</p>
<p rend="petit left"><hi>13</hi> «Житие св. Павлина Ноланского» составлено П. П. Беликовым и в 1886 г. издано «Посредником».</p>
<p rend="petit left"><hi>14</hi> Издания «Посредника» первостепенного значения обозначались на обложке книжек красной рамкой; все же остальные, имеющие второстепенное значение, этой рамки не имели и печатались без обозначения фирмы «Посредника». Они составляли побочную серию народных изданий и в каталогах, издаваемых «Посредником», входили в список «рекомендованных для чтения» книг.</p>
<p rend="petit left"><hi>15</hi> Возможно, что Толстой имеет в виду какой-нибудь из своих рассказов: «Свечка» или «Два старика», написанных приблизительно в это время.</p>
</comments></div></body>
        </text>
        </TEI>