<?xml version='1.0' encoding='UTF-8' standalone='no'?>

<TEI xmlns="http://www.tei-c.org/ns/1.0">
       <teiHeader>
          <fileDesc>
             <titleStmt>
                <title>Письмо №6. С. А. Толстой</title>
             </titleStmt>
             <publicationStmt>
                <publisher>TolstoyLab</publisher>
                <date when="2015-09-14">14 September 2015</date>
             </publicationStmt>
             <sourceDesc>
                <biblStruct>
                   <analytic>
                      <author>Толстой Л.Н.</author>
                   </analytic>
                   <monogr>
                      <title level="m">Полное собрание сочинений. Том 83</title>
                      <imprint>
                         <pubPlace>Москва</pubPlace>
                         <publisher>Государственное издательство "Художественная литература"</publisher>
                         <date when="1938"/>
                      </imprint>
                   </monogr>
                   <series>
                      <title level="s">Л.Н. Толстой. Полное собрание сочинений</title>
                      <biblScope unit="vol">83</biblScope>
                   </series>
                </biblStruct>
				<bibl>Печатается по автографу, хранящемуся в АТБ. Впервые опубликовано по копии, сделанной С. А. Толстой, в ПЖ, стр. 3. Год определяется последними двумя словами письма, относящимися к новорожденному сыну Сергею, родившемуся 28 июня 1863 г.; месяцы — согласно примечанию С. А. Толстой — «с охоты» и «осенью».</bibl>
             </sourceDesc>
          </fileDesc>
          <encodingDesc>
             <tagsDecl> </tagsDecl>
          </encodingDesc>
          <profileDesc>
             <correspDesc>
                <correspAction type="sending">
                   <persName ref="PersonList.xml#L_N_Tolstoy">Л. Н. Толстой</persName>
                   <placeName ref="PlacesListxml#PLACE"/>
                   <date from="1863-08" to="1863-10">1863 г. Август — октябрь.</date>            </correspAction>
                <correspAction type="receiving">
                   <persName ref="PersonList.xml#RECEIVER">Толстая Софья Андреевна</persName>
                </correspAction>
                <correspContext>
                   <ref type="prev"/>
                </correspContext>
             </correspDesc>
          </profileDesc>
       </teiHeader>
       <xenoData><number type="in a volume">6</number></xenoData>

       <text xml:id="a-oktyabrya_6">
	<body><div>
		<opener index="false">
6.
1863 г. Август — октябрь.</opener>
<p rend="left">Мы <choice><reg>будем</reg><orig>будемъ</orig></choice> дома <choice><reg>в</reg><orig>въ</orig></choice> <choice><reg>половине</reg><orig>половинѣ</orig></choice> <choice><reg>пятого</reg><orig>пятаго</orig></choice>, <choice><reg>непременно</reg><orig>непремѣнно</orig></choice>. Возвращаться мы <choice><reg>будем</reg><orig>будемъ</orig></choice> по <choice><reg>муравке</reg><orig>муравкѣ</orig></choice>,<note xml:id="note1" resp="volume_editor" index="false"> И. Л. Толстой пишет в своих воспоминаниях: «Около каменных ворот Яснополянской усадьбы проходит старая Екатерининская большая дорога, так называемая Московско-Киевская «муравка». В старину это была одна из главных российских артерий.... Позднее большая дорога была заменена каменным шоссе, которое местами шло с ней параллельно, местами немного от нее отклонялось» (Илья Толстой, «Мои воспоминания». Второе издание. М. 1933, стр. <hi style="opdelimiter">154).</hi><hi style="opnumber">20</hi></note> по <choice><reg>дороге</reg><orig>дорогѣ</orig></choice> <choice><reg>в</reg><orig>въ</orig></choice> Горячкино<note xml:id="note2" resp="volume_editor" index="false"> Горячкино — село при реке Упе в 33 верстах от Крапивны, «имение Кулешевых» (н. п. С. А.).</note> (<choice><reg>Яков</reg><orig>Яковъ</orig></choice><note xml:id="note3" resp="volume_editor" index="false"> Яков Васильевич Цветков (1848—1921), «охотник, ездивший с Л. Н.» (н. п. С. А.), был женат на Прасковье Ивановне из деревни Воробьевки.</note> <choice><reg>знает</reg><orig>знаетъ</orig></choice>). Ты <choice><reg>поезжай</reg><orig>поѣзжай</orig></choice> <choice><reg>в</reg><orig>въ</orig></choice> <choice><reg>пролетке</reg><orig>пролеткѣ</orig></choice> <choice><reg>с</reg><orig>съ</orig></choice> <choice><reg>Яковом</reg><orig>Яковомъ</orig></choice> на <choice><reg>Барабане</reg><orig>Барабанѣ</orig></choice>. Мы <choice><reg>будем</reg><orig>будемъ</orig></choice> <choice><reg>ехать</reg><orig>ѣхать</orig></choice> <choice><reg>левой</reg><orig>лѣвой</orig></choice> стороной дороги, т. е. <choice><reg>влево</reg><orig>влѣво</orig></choice> <choice><reg>от</reg><orig>отъ</orig></choice> вашего <choice><reg>направления</reg><orig>направленiя</orig></choice>. Ежели хочешь <choice><reg>проехаться</reg><orig>проѣхаться</orig></choice> больше, <choice><reg>так</reg><orig>такъ</orig></choice> <choice><reg>как</reg><orig>какъ</orig></choice> день прелестный, то <choice><reg>выезжай</reg><orig>выѣзжай</orig></choice> <choice><reg>в</reg><orig>въ</orig></choice> <choice><reg>час</reg><orig>часъ</orig></choice> <choice><reg>с</reg><orig>съ</orig></choice> половиной; ежели хочешь меньше, <choice><reg>выезжай</reg><orig>выѣзжай</orig></choice> <choice><reg>в</reg><orig>въ</orig></choice> два <choice><reg>с</reg><orig>съ</orig></choice> половиной. Якову вели взять <choice><reg>рожок</reg><orig>рожокъ</orig></choice> и трубить. — Агу! <choice><reg>аг</reg><orig>агъ</orig></choice>.<note xml:id="note4" resp="volume_editor" index="false"> «Относилось к новорожденному сыну Сереже» (п. С. А.). Сергей Львович Толстой (р. 28 июня 1863 г.) — старший сын Льва Николаевича и Софьи Андреевны Толстых. До осени 1881 г. жил с родителями в Ясной поляне. Учителями были — Лев Николаевич, Софья Андреевна, несколько англичанок, немец Ф. Ф. Кауфман и ряд преподавателей. Между ними выделяются: В. И. Алексеев, приятель Н. В. Чайковского и А. К. Маликова, народник, проживший два года в земледельческой общине русских интеллигентов в Канзасе (САСШ), M. Jules Montels, коммунар 1871 г., скрывавшийся в России под фамилией M. Nief. В 1881 г., выдержав экзамен на аттестат зрелости в Тульской гимназии, С. Л. Толстой поступил в Московский университет на отделение естественных наук, где, по преимуществу, занимался химией. В 1886 г. окончил курс кандидатом. Кандидатская работа С. Л. Толстого о тяжелых нефтяных маслах, произведенная под руководством проф. В. В. Марковникова, вошла в исследования последнего. Музыкальное образование первоначально получил у Тульского учителя музыки А. Г. Мичурина, затем у профессора Московской консерватории Н. Д. Кашкина и исследователя русской народной песни В. П. Прокунина. С января 1887 г. по сентябрь 1888 г. служил членом Тульского отделения Крестьянского банка от земства, с сентября 1888 г. по январь 1890 г. — делопроизводителем центрального управления Крестьянского банка в Петербурге, затем был приписан к Министерству внутренних дел и участвовал в пенитенциарном международном конгрессе. С 1891 г. по 1895 г. служил земским начальником в Чернском уезде Тульской губернии. Занимался сельским хозяйством в Ясной поляне и самарском имении с 1884 г. по 1891 г., начиная с последнего года — в своем имении при селе Никольско-Вяземском. 10 июля 1895 г. женился на Марии Константиновне Рачинской, скончавшейся 2 июля 1900 г. В 1898—1899 гг. участвовал в деле переселения духоборцев и ездил в Англию и Канаду в качестве агента переселения. С 1900 г. по 1908 г. был гласным Московской городской думы. В 1901—1904 гг. был гласным Чернского земства. 30 июля 1906 г. женился вторым браком на гр. Марии Николаевне Зубовой. В 1911 г. принимал участие в организации Толстовской выставки и затем — Толстовского музея. С этого же года состоял товарищем председателя, а затем председателем Толстовского общества в Москве. Был с 1919 г. по 1931 г. председателем Совета Кооперативного товарищества по изучению и распространению творений Л. Н. Толстого. С 1912 г. по 1917 г. состоял председателем Комиссии по народному образованию при Обществе распространения технических знаний, заведывавшей курсами для рабочих (Пречистенскими курсами, при фабрике Тилле и др.). С 1921 г. — штатный научный сотрудник Государственного института музыкальной науки (ГИМН). В 1926—1928 гг. преподавал народную музыку западной Европы на этнографических курсах ГИМН’а, зимой 1928—1929 гг. — в Консерватории, в 1929—1930 гг. — в Музыкальном техникуме имени Октябрьской <hi style="opdelimiter">революции.</hi><hi style="opnumber">21</hi> <hi style="npnumber">22</hi><hi style="npdelimiter">Является</hi> автором следующих произведений: «Дело Пыркина» — рассказ («Неделя», 1894, май — под псевдонимом С. Бродинского), «О составе крестьянского сословия» («Русская мысль» 1903, 2 и 5); «Тургенев в Ясной поляне» («Голос минувшего» 1918, 1—4); «Л. Н. Толстой о поэзии Ф. И. Тютчева» (ТЕ за 1912 г.); «Юмор в жизни Л. Н. Толстого» (ТП, 3. М. 1923); «Ясная Поляна, путеводитель и описание»; «Федор Толстой американец» изд. ГАХН М. 1926; «Мать и дед Л. Н. Толстого» изд. «Федерация» М. 1928; «Л. Н. Толстой в 70-х годах» («Красная новь», 1928, IX); «Музыка в жизни Л. Н. Толстого» («Лев Николаевич Толстой. Юбилейный сборник», Гиз, М. 1929) — вышло на английском и французском языках; «Л. Толстой и П. Чайковский» («История русской музыки», труды ГИМН’а, 1925); «Les derniers jours de ma mère. Fragment inédit d’un journal intime» [Последние дни моей матери. Неизданный отрывок из интимного дневника] («Europe», 1928, № 67, р. 497—511); «В. Прокунин и Н. Лопатин» (Этнографический сборник ГИМН’а, 1926); «Спутник этнографа музыканта» (совместно с П. Н. Зиминым — Труды ГИМН’а, изд. Музсектора, 1927). Под редакцией С. Л. Толстого вышли 4 тома дневников С. А. Толстой (изд. Сабашниковых, М. 1928—1932 и последний за 1910 г. в изд. «Советского писателя». М. 1936 г.). Из музыкальных композиций С. Л. Толстого напечатаны: семь романсов (изд. Юргенсона), две бельгийских песни (изд. Гроссе), индусские песни и танцы (совместно с Полем, изд. Гроссе), пять романсов (изд. Музсектора), двадцать семь шотландских песен (Росс. муз. изд-во, Музсектор) (10 песен премированы «Домом песни»). Во втором сборнике «Звенья» опубликовал статью: «Квартет <hi>Ключ</hi> в романе Война и мир» с приложением гармонизации: «Ключ» («С тобой вдвоем») — для трех голосов в сопровождении фортепиано с напева И. В. Ильинского (стр. 618—628).</note></p>
<comments><p rend="Textpetit_otstup left">Печатается по автографу, хранящемуся в АТБ. Впервые опубликовано по копии, сделанной С. А. Толстой, в ПЖ, стр. 3. Год определяется последними двумя словами письма, относящимися к новорожденному сыну Сергею, родившемуся 28 июня 1863 г.; месяцы — согласно примечанию С. А. Толстой — «с охоты» и «осенью».</p>
<p rend="Textpetit_otstup left"><hi>1</hi> И. Л. Толстой пишет в своих воспоминаниях: «Около каменных ворот Яснополянской усадьбы проходит старая Екатерининская большая дорога, так называемая Московско-Киевская «муравка». В старину это была одна из главных российских артерий.... Позднее большая дорога была заменена каменным шоссе, которое местами шло с ней параллельно, местами немного от нее отклонялось» (Илья Толстой, «Мои воспоминания». Второе издание. М. 1933, стр. <hi style="opdelimiter">154).</hi><hi style="opnumber">20</hi></p>
<p rend="petit left"><hi>2</hi> Горячкино — село при реке Упе в 33 верстах от Крапивны, «имение Кулешевых» (н. п. С. А.).</p>
<p rend="petit left"><hi>3</hi> Яков Васильевич Цветков (1848—1921), «охотник, ездивший с Л. Н.» (н. п. С. А.), был женат на Прасковье Ивановне из деревни Воробьевки.</p>
<p rend="petit left"><hi>4</hi> «Относилось к новорожденному сыну Сереже» (п. С. А.). Сергей Львович Толстой (р. 28 июня 1863 г.) — старший сын Льва Николаевича и Софьи Андреевны Толстых. До осени 1881 г. жил с родителями в Ясной поляне. Учителями были — Лев Николаевич, Софья Андреевна, несколько англичанок, немец Ф. Ф. Кауфман и ряд преподавателей. Между ними выделяются: В. И. Алексеев, приятель Н. В. Чайковского и А. К. Маликова, народник, проживший два года в земледельческой общине русских интеллигентов в Канзасе (САСШ), M. Jules Montels, коммунар 1871 г., скрывавшийся в России под фамилией M. Nief. В 1881 г., выдержав экзамен на аттестат зрелости в Тульской гимназии, С. Л. Толстой поступил в Московский университет на отделение естественных наук, где, по преимуществу, занимался химией. В 1886 г. окончил курс кандидатом. Кандидатская работа С. Л. Толстого о тяжелых нефтяных маслах, произведенная под руководством проф. В. В. Марковникова, вошла в исследования последнего. Музыкальное образование первоначально получил у Тульского учителя музыки А. Г. Мичурина, затем у профессора Московской консерватории Н. Д. Кашкина и исследователя русской народной песни В. П. Прокунина. С января 1887 г. по сентябрь 1888 г. служил членом Тульского отделения Крестьянского банка от земства, с сентября 1888 г. по январь 1890 г. — делопроизводителем центрального управления Крестьянского банка в Петербурге, затем был приписан к Министерству внутренних дел и участвовал в пенитенциарном международном конгрессе. С 1891 г. по 1895 г. служил земским начальником в Чернском уезде Тульской губернии. Занимался сельским хозяйством в Ясной поляне и самарском имении с 1884 г. по 1891 г., начиная с последнего года — в своем имении при селе Никольско-Вяземском. 10 июля 1895 г. женился на Марии Константиновне Рачинской, скончавшейся 2 июля 1900 г. В 1898—1899 гг. участвовал в деле переселения духоборцев и ездил в Англию и Канаду в качестве агента переселения. С 1900 г. по 1908 г. был гласным Московской городской думы. В 1901—1904 гг. был гласным Чернского земства. 30 июля 1906 г. женился вторым браком на гр. Марии Николаевне Зубовой. В 1911 г. принимал участие в организации Толстовской выставки и затем — Толстовского музея. С этого же года состоял товарищем председателя, а затем председателем Толстовского общества в Москве. Был с 1919 г. по 1931 г. председателем Совета Кооперативного товарищества по изучению и распространению творений Л. Н. Толстого. С 1912 г. по 1917 г. состоял председателем Комиссии по народному образованию при Обществе распространения технических знаний, заведывавшей курсами для рабочих (Пречистенскими курсами, при фабрике Тилле и др.). С 1921 г. — штатный научный сотрудник Государственного института музыкальной науки (ГИМН). В 1926—1928 гг. преподавал народную музыку западной Европы на этнографических курсах ГИМН’а, зимой 1928—1929 гг. — в Консерватории, в 1929—1930 гг. — в Музыкальном техникуме имени Октябрьской <hi style="opdelimiter">революции.</hi><hi style="opnumber">21</hi> <hi style="npnumber">22</hi><hi style="npdelimiter">Является</hi> автором следующих произведений: «Дело Пыркина» — рассказ («Неделя», 1894, май — под псевдонимом С. Бродинского), «О составе крестьянского сословия» («Русская мысль» 1903, 2 и 5); «Тургенев в Ясной поляне» («Голос минувшего» 1918, 1—4); «Л. Н. Толстой о поэзии Ф. И. Тютчева» (ТЕ за 1912 г.); «Юмор в жизни Л. Н. Толстого» (ТП, 3. М. 1923); «Ясная Поляна, путеводитель и описание»; «Федор Толстой американец» изд. ГАХН М. 1926; «Мать и дед Л. Н. Толстого» изд. «Федерация» М. 1928; «Л. Н. Толстой в 70-х годах» («Красная новь», 1928, IX); «Музыка в жизни Л. Н. Толстого» («Лев Николаевич Толстой. Юбилейный сборник», Гиз, М. 1929) — вышло на английском и французском языках; «Л. Толстой и П. Чайковский» («История русской музыки», труды ГИМН’а, 1925); «Les derniers jours de ma mère. Fragment inédit d’un journal intime» [Последние дни моей матери. Неизданный отрывок из интимного дневника] («Europe», 1928, № 67, р. 497—511); «В. Прокунин и Н. Лопатин» (Этнографический сборник ГИМН’а, 1926); «Спутник этнографа музыканта» (совместно с П. Н. Зиминым — Труды ГИМН’а, изд. Музсектора, 1927). Под редакцией С. Л. Толстого вышли 4 тома дневников С. А. Толстой (изд. Сабашниковых, М. 1928—1932 и последний за 1910 г. в изд. «Советского писателя». М. 1936 г.). Из музыкальных композиций С. Л. Толстого напечатаны: семь романсов (изд. Юргенсона), две бельгийских песни (изд. Гроссе), индусские песни и танцы (совместно с Полем, изд. Гроссе), пять романсов (изд. Музсектора), двадцать семь шотландских песен (Росс. муз. изд-во, Музсектор) (10 песен премированы «Домом песни»). Во втором сборнике «Звенья» опубликовал статью: «Квартет <hi>Ключ</hi> в романе Война и мир» с приложением гармонизации: «Ключ» («С тобой вдвоем») — для трех голосов в сопровождении фортепиано с напева И. В. Ильинского (стр. 618—628).</p>
</comments></div></body>
        </text>
        </TEI>