<?xml version='1.0' encoding='UTF-8' standalone='no'?>

<TEI xmlns="http://www.tei-c.org/ns/1.0">
       <teiHeader>
          <fileDesc>
             <titleStmt>
                <title>Письмо №49. С. А. Толстой</title>
             </titleStmt>
             <publicationStmt>
                <publisher>TolstoyLab</publisher>
                <date when="2015-09-14">14 September 2015</date>
             </publicationStmt>
             <sourceDesc>
                <biblStruct>
                   <analytic>
                      <author>Толстой Л.Н.</author>
                   </analytic>
                   <monogr>
                      <title level="m">Полное собрание сочинений. Том 83</title>
                      <imprint>
                         <pubPlace>Москва</pubPlace>
                         <publisher>Государственное издательство "Художественная литература"</publisher>
                         <date when="1938"/>
                      </imprint>
                   </monogr>
                   <series>
                      <title level="s">Л.Н. Толстой. Полное собрание сочинений</title>
                      <biblScope unit="vol">83</biblScope>
                   </series>
                </biblStruct>
             </sourceDesc>
          </fileDesc>
          <encodingDesc>
             <tagsDecl> </tagsDecl>
          </encodingDesc>
          <profileDesc>
             <correspDesc>
                <correspAction type="sending">
                   <persName ref="PersonList.xml#L_N_Tolstoy">Л. Н. Толстой</persName>
                   <placeName ref="PlacesListxml#PLACE"/>
                   <date when="1866-08-11">1866 г. Август 11.</date>            </correspAction>
                <correspAction type="receiving">
                   <persName ref="PersonList.xml#RECEIVER">Толстая Софья Андреевна</persName>
                </correspAction>
                <correspContext>
                   <ref type="prev"/>
                </correspContext>
             </correspDesc>
          </profileDesc>
       </teiHeader>
       <xenoData><number type="in a volume">49</number></xenoData>

       <text xml:id="a11_49">
	<body><div>
		<opener index="false">
49.
1866 г. Август 11.</opener>
<p rend="left"><choice><reg>Доехал</reg><orig>Доѣхалъ</orig></choice> я за <choice><reg>Сергиевское</reg><orig>Сергiевское</orig></choice><note xml:id="note1" resp="volume_editor" index="false"> В 40 верстах от Ясной поляны.</note> вчера часу во <choice><reg>2-м</reg><orig>2-мъ</orig></choice> ночи. И прекрасно выспался на <choice><reg>сене</reg><orig>сѣнѣ</orig></choice>. Привезли ли <choice><reg>тебе</reg><orig>тебѣ</orig></choice> <choice><reg>бекасов</reg><orig>бекасовъ</orig></choice> и записку <choice><reg>из</reg><orig>изъ</orig></choice> Лапоткова?<note xml:id="note2" resp="volume_editor" index="false"> Деревня в 25 верстах к югу от Ясной поляны по почтовому тракту; в 6—7 верстах от Фоминки.</note> Ночую и пью чай <choice><reg>в</reg><orig>въ</orig></choice> <choice><reg>избе</reg><orig>избѣ</orig></choice> <choice><reg>милого</reg><orig>милаго</orig></choice> <choice><reg>русского</reg><orig>русскаго</orig></choice> мужичка. Что за свиньи и неряхи. Дьяковская лошадь <choice><reg>так</reg><orig>такъ</orig></choice> <choice><reg>ослабела</reg><orig>ослабѣла</orig></choice>, что нетолько <choice><reg>должен</reg><orig>долженъ</orig></choice> ее оставить, но что, боюсь, Кузьма<note xml:id="note3" resp="volume_editor" index="false"> «Кучер» (н. п. С. А.).</note> принесетъ домой одинъ хомутъ и кожу. На совѣсти у меня не будетъ ея смерти, — я ѣхалъ очень тихо. Цѣлую тебя, душенька, тетиньку и <hi style="opdelimiter"><choice><reg>детей</reg><orig>дѣтей</orig></choice>.</hi><hi style="opnumber">110</hi></p>
<comments><p rend="Textpetit_otstup left"><hi style="npnumber">111</hi><hi style="npdelimiter">Печатается</hi> по автографу, хранящемуся в АТБ. Впервые опубликована по копии, сделанной С. А. Толстой, в ПЖ, стр. 48. Датируется на основании фразы письма: «Привезли ли тебе бекасов и записку из Лапоткова», относящейся к предшествующему письму. В ПЖ отнесено к 1865 г.</p>
<p rend="Textpetit_otstup left"><hi>1</hi> В 40 верстах от Ясной поляны.</p>
<p rend="petit left"><hi>2</hi> Деревня в 25 верстах к югу от Ясной поляны по почтовому тракту; в 6—7 верстах от Фоминки.</p>
<p rend="petit left"><hi>3</hi> «Кучер» (н. п. С. А.).</p>
</comments></div></body>
        </text>
        </TEI>