<?xml version='1.0' encoding='UTF-8' standalone='no'?>

<TEI xmlns="http://www.tei-c.org/ns/1.0">
       <teiHeader>
          <fileDesc>
             <titleStmt>
                <title>Письмо №178. С. А. Толстой</title>
             </titleStmt>
             <publicationStmt>
                <publisher>TolstoyLab</publisher>
                <date when="2015-09-14">14 September 2015</date>
             </publicationStmt>
             <sourceDesc>
                <biblStruct>
                   <analytic>
                      <author>Толстой Л.Н.</author>
                   </analytic>
                   <monogr>
                      <title level="m">Полное собрание сочинений. Том 83</title>
                      <imprint>
                         <pubPlace>Москва</pubPlace>
                         <publisher>Государственное издательство "Художественная литература"</publisher>
                         <date when="1938"/>
                      </imprint>
                   </monogr>
                   <series>
                      <title level="s">Л.Н. Толстой. Полное собрание сочинений</title>
                      <biblScope unit="vol">83</biblScope>
                   </series>
                </biblStruct>
				<bibl>Печатается по автографу, хранящемуся в АТБ. Впервые опубликовано по копии, сделанной С. А. Толстой, в ПЖ, стр. 133. Датируется на основании почтовых штемпелей: «почтовый вагон. 16 июль 1881; Тула 18 июль 1881» и фразы следующего письма от 19 июля 1881 г.: «завтра будет... 5 дней, что я не писал тебе».</bibl>
             </sourceDesc>
          </fileDesc>
          <encodingDesc>
             <tagsDecl> </tagsDecl>
          </encodingDesc>
          <profileDesc>
             <correspDesc>
                <correspAction type="sending">
                   <persName ref="PersonList.xml#L_N_Tolstoy">Л. Н. Толстой</persName>
                   <placeName ref="PlacesListxml#PLACE">Богатое.</placeName>
                   <date when="1881-07-15">1881 г. Июля 15.</date>            </correspAction>
                <correspAction type="receiving">
                   <persName ref="PersonList.xml#RECEIVER">Толстая Софья Андреевна</persName>
                </correspAction>
                <correspContext>
                   <ref type="prev"/>
                </correspContext>
             </correspDesc>
          </profileDesc>
       </teiHeader>
       <xenoData><number type="in a volume">178</number></xenoData>

       <text xml:id="a15_178">
	<body><div>
		<opener index="false">
178.
1881 г. Июля 15. Богатое.</opener>
<p rend="left">Пишу <choice><reg>из</reg><orig>изъ</orig></choice> <choice><reg>Богатого</reg><orig>Богатаго</orig></choice>.<note xml:id="note1" resp="volume_editor" index="false"> Станция Оренбургской железной дороги в 86 верстах от Самары, — ближайшая к имению Толстых.</note> Только что <choice><reg>приехали</reg><orig>прiѣхали</orig></choice>. Лошади <choice><reg>тут</reg><orig>тутъ</orig></choice>. Погода жаркая, <choice><reg>ветреная</reg><orig>вѣтреная</orig></choice>.</p>
<p rend="left">Мы живы здоровы. Про себя не могу сказать, что <choice><reg>весел</reg><orig>веселъ</orig></choice>. <choice><reg>Бессонные</reg><orig>Безсонныя</orig></choice> ночи, жара <choice><reg>в</reg><orig>въ</orig></choice> <choice><reg>вагонах</reg><orig>вагонахъ</orig></choice>.<note xml:id="note2" resp="volume_editor" index="false"> Толстой ехал из Ясной поляны поездом по Сызрано-Вяземской железной дороге.</note> Теперь <choice><reg>освежился</reg><orig>освѣжился</orig></choice> и <choice><reg>бодр</reg><orig>бодръ</orig></choice>.</p>
<p rend="left"><choice><reg>Уезжая</reg><orig>Уѣзжая</orig></choice>, очень <choice><reg>беспокоился</reg><orig>безпокоился</orig></choice>, не столько <choice><reg>об</reg><orig>объ</orig></choice> <choice><reg>Илюше</reg><orig>Илюшѣ</orig></choice>,<note xml:id="note3" resp="volume_editor" index="false"> Родителей беспокоило времяпрепровождение сына Ильи. 27 июля С. А. Толстая писала: «Вчера Илья (уехавший еще третьего дня с ночным поездом в Житово) провел весь день на охоте, и болотами пришел к общему удивлению в Пирогово, холодный, голодный, грязный и усталый..... Илья убил только одного бекаса, и так устал, что и нынче не занимался» (ПСТ, стр. 163).</note> сколько о <choice><reg>тебе</reg><orig>тебѣ</orig></choice>. —</p>
<p rend="left">Буду ждать письма. <choice><reg>Здесь</reg><orig>Здѣсь</orig></choice> и степь, и <choice><reg>хлеб</reg><orig>хлѣбъ</orig></choice> — все по старому; <choice><reg>народ</reg><orig>народъ</orig></choice> <choice><reg>весел</reg><orig>веселъ</orig></choice>. — Дорогой было просто скучно; <choice><reg>от</reg><orig>отъ</orig></choice> усталости ли, <choice><reg>от</reg><orig>отъ</orig></choice> случайности — ни <choice><reg>одного</reg><orig>однаго</orig></choice> <choice><reg>интересного</reg><orig>интереснаго</orig></choice> разговора и <choice><reg>в</reg><orig>въ</orig></choice> себя нельзя уйти.</p>
<p rend="left">Прощай, душенька. Что то <choice><reg>мне</reg><orig>мнѣ</orig></choice> тебя очень жалко.</p>
<p rend="right">Л. Т.</p>
<lb/>
<p rend="left">Не <choice><reg>сетуй</reg><orig>сѣтуй</orig></choice> на то, что письмо коротко — и <choice><reg>устал</reg><orig>усталъ</orig></choice> и писать нечего — я точно <choice><reg>спал</reg><orig>спалъ</orig></choice> два дня. Отдохну, напишу <choice><reg>подробнее</reg><orig>подробнѣе</orig></choice>. Мечтаю жить на <choice><reg>месте</reg><orig>мѣстѣ</orig></choice> и писать.</p>
<lb/>
<p rend="left"><hi>На конверте:</hi> <choice><reg>В</reg><orig>Въ</orig></choice> Тулу. Е. С. <choice><reg>Графине</reg><orig>Графинѣ</orig></choice> <choice><reg>Софье</reg><orig>Софьѣ</orig></choice> <choice><reg>Андревне</reg><orig>Андревнѣ</orig></choice> Толстой.</p>
<comments><p rend="Textpetit_otstup left">Печатается по автографу, хранящемуся в АТБ. Впервые опубликовано по копии, сделанной С. А. Толстой, в ПЖ, стр. 133. Датируется на основании почтовых штемпелей: «почтовый вагон. 16 июль 1881; Тула 18 июль 1881» и фразы следующего письма от 19 июля 1881 г.: «завтра будет... 5 дней, что я не писал тебе».</p>
<p rend="Textpetit_otstup left"><hi>1</hi> Станция Оренбургской железной дороги в 86 верстах от Самары, — ближайшая к имению Толстых.</p>
<p rend="petit left"><hi>2</hi> Толстой ехал из Ясной поляны поездом по Сызрано-Вяземской железной дороге.</p>
<p rend="petit left"><hi>3</hi> Родителей беспокоило времяпрепровождение сына Ильи. 27 июля С. А. Толстая писала: «Вчера Илья (уехавший еще третьего дня с ночным поездом в Житово) провел весь день на охоте, и болотами пришел к общему удивлению в Пирогово, холодный, голодный, грязный и усталый..... Илья убил только одного бекаса, и так устал, что и нынче не занимался» (ПСТ, стр. 163).</p>
<p rend="left"><hi style="opnumber">292</hi> <hi style="npnumber">293</hi></p>
</comments></div></body>
        </text>
        </TEI>