<?xml version='1.0' encoding='UTF-8' standalone='no'?>

<TEI xmlns="http://www.tei-c.org/ns/1.0">
       <teiHeader>
          <fileDesc>
             <titleStmt>
                <title>Письмо №577. П. И. Бирюкову.</title>
             </titleStmt>
             <publicationStmt>
                <publisher>TolstoyLab</publisher>
                <date when="2015-09-14">14 September 2015</date>
             </publicationStmt>
             <sourceDesc>
                <biblStruct>
                   <analytic>
                      <author>Толстой Л.Н.</author>
                   </analytic>
                   <monogr>
                      <title level="m">Полное собрание сочинений. Том 63</title>
                      <imprint>
                         <pubPlace>Москва</pubPlace>
                         <publisher>Государственное издательство "Художественная литература"</publisher>
                         <date when="1934"/>
                      </imprint>
                   </monogr>
                   <series>
                      <title level="s">Л.Н. Толстой. Полное собрание сочинений</title>
                      <biblScope unit="vol">63</biblScope>
                   </series>
                </biblStruct>
				<bibl>Печатается по автографу, хранящемуся в БЛ. Впервые опубликовано в статье П. И. Бирюкова «Как Л. Н. Толстой составлял народный календарь» — «Всеобщий ежемесячник» 1911, XI, стр. 5—6. Датируется на основании пометки П. И. Бирюкова: «27/ХІ» (дата получения письма). Относим его к 1886 году, так как календарь вышел в свет в январе 1887 г.</bibl>
             </sourceDesc>
          </fileDesc>
          <encodingDesc>
             <tagsDecl> </tagsDecl>
          </encodingDesc>
          <profileDesc>
             <correspDesc>
                <correspAction type="sending">
                   <persName ref="PersonList.xml#L_N_Tolstoy">Л. Н. Толстой</persName>
                   <placeName ref="PlacesListxml#PLACE">Москва.</placeName>
                   <date when="1886-11-25">1886 г. Ноября 25?</date>            </correspAction>
                <correspAction type="receiving">
                   <persName ref="PersonList.xml#RECEIVER">Бирюков Павел Иванович</persName>
                </correspAction>
                <correspContext>
                   <ref type="prev"/>
                </correspContext>
             </correspDesc>
          </profileDesc>
       </teiHeader>
       <xenoData><number type="in a volume">577</number></xenoData>

              <text xml:id="P__I__Biryukovu_577">
	<body><div>
		<opener index="false">
577. П. И. Бирюкову.
1886 г. Ноября 25? Москва.
</opener>
<p rend="Obrashenie left">Дорогой <choice><reg>Павел</reg><orig>Павелъ</orig></choice> <choice><reg>Иванович</reg><orig>Ивановичъ</orig></choice>!</p>
<p rend="left">Календарь<note xml:id="note1" resp="volume_editor" index="false"> См. прим. 1 к письму № 576.</note> <choice><reg>здесь</reg><orig>здѣсь</orig></choice> <choice><reg>застрял</reg><orig>застрялъ</orig></choice> <choice><reg>в</reg><orig>въ</orig></choice> <choice><reg>цензуре</reg><orig>цензурѣ</orig></choice>. <choice><reg>Сытин</reg><orig>Сытинъ</orig></choice> <choice><reg>уверяет</reg><orig>увѣряетъ</orig></choice>, что <choice><reg>в</reg><orig>въ</orig></choice> <choice original_editorial_correction='Петерб[урге]'><sic>Петерб</sic><corr><choice><reg>Петербурге</reg><orig>Петербургѣ</orig></choice></corr></choice> лучше. Я боюсь, что <choice><reg>он</reg><orig>онъ</orig></choice> <choice><reg>сваливает</reg><orig>сваливаетъ</orig></choice> <choice><reg>с</reg><orig>съ</orig></choice> себя и <choice><reg>наваливает</reg><orig>наваливаетъ</orig></choice> на <choice><reg>вас</reg><orig>васъ</orig></choice>. Ну, <choice><reg>уж</reg><orig>ужъ</orig></choice> это вы знаете. <choice><reg>Велел</reg><orig>Велѣлъ</orig></choice> <choice><reg>Петров</reg><orig>Петровъ</orig></choice><note xml:id="note2" resp="volume_editor" index="false"> Иван Иванович Петров (1861—1892), сотрудник т-ва И. Д. Сытина. О нем см. в т. 64.</note> переписать <choice><reg>отдельно</reg><orig>отдѣльно</orig></choice> <choice><reg>святых</reg><orig>святыхъ</orig></choice> и тексты на <choice><reg>воскресения</reg><orig>воскресенiя</orig></choice>. <choice><reg>Мне</reg><orig>Мнѣ</orig></choice> не <choice><reg>верится</reg><orig>вѣрится</orig></choice>, <choice><reg>чтоб</reg><orig>чтобъ</orig></choice> <choice><reg>так</reg><orig>такъ</orig></choice> надо было — <choice><reg>так</reg><orig>такъ</orig></choice> это глупо. Запрещенное <choice><reg>может</reg><orig>можетъ</orig></choice> быть <choice><reg>ведь</reg><orig>вѣдь</orig></choice> для <choice><reg>них</reg><orig>нихъ</orig></choice> только <choice><reg>сопоставление</reg><orig>сопоставленiе</orig></choice> <choice><reg>текстов</reg><orig>текстовъ</orig></choice> <choice><reg>с</reg><orig>съ</orig></choice> пословицами. Если <choice><reg>так</reg><orig>такъ</orig></choice>, то представляйте, <choice><reg>как</reg><orig>какъ</orig></choice> есть, и тогда постарайтесь <choice><reg>от</reg><orig>отъ</orig></choice> себя пополнить или <choice><reg>заменить</reg><orig>замѣнить</orig></choice> пословицы <choice><reg>тех</reg><orig>тѣхъ</orig></choice> дней, <choice original_editorial_correction='к[оторые]'><sic>к</sic><corr><choice><reg>которые</reg><orig>которыя</orig></choice></corr></choice> я выписываю. <choice><reg>Некоторые</reg><orig>Нѣкоторыя</orig></choice> <choice><reg>из</reg><orig>изъ</orig></choice> <choice><reg>них</reg><orig>нихъ</orig></choice> <choice><reg>мне</reg><orig>мнѣ</orig></choice> кажутся слабы, <choice original_editorial_correction='некот[орые]'><sic><choice><reg>некот</reg><orig>нѣкот</orig></choice></sic><corr><choice><reg>некоторые</reg><orig>нѣкоторыя</orig></choice></corr></choice> <choice><reg>бедны</reg><orig>бѣдны</orig></choice> <choice><reg>без</reg><orig>безъ</orig></choice> <choice><reg>объяснения</reg><orig>объясненiя</orig></choice>. Я тоже <choice><reg>с</reg><orig>съ</orig></choice> своей стороны придумаю; если <choice><reg>успею</reg><orig>успѣю</orig></choice>, велю переслать. Но вы вообще <choice><reg>действуйте</reg><orig>дѣйствуйте</orig></choice> <choice><reg>смелее</reg><orig>смѣлѣе</orig></choice>. Приписывайте, поправляйте, выбрасывайте. —</p>
<p rend="left">Если же, <choice><reg>как</reg><orig>какъ</orig></choice> я и предполагаю, тексты не <choice><reg>пропустят</reg><orig>пропустятъ</orig></choice> <choice><reg>в</reg><orig>въ</orig></choice> <choice><reg>соединении</reg><orig>соединенiи</orig></choice> <choice><reg>с</reg><orig>съ</orig></choice> пословицами, то по <choice><reg>воскресным</reg><orig>воскреснымъ</orig></choice> <choice><reg>дням</reg><orig>днямъ</orig></choice> <choice><reg>поместите</reg><orig>помѣстите</orig></choice> одни тексты, а оставшимися <choice><reg>от</reg><orig>отъ</orig></choice> <choice><reg>текстов</reg><orig>текстовъ</orig></choice> пословицами, <choice><reg>заместите</reg><orig>замѣстите</orig></choice> <choice><reg>те</reg><orig>тѣ</orig></choice> дни, <choice><reg>в</reg><orig>въ</orig></choice> <choice original_editorial_correction='кот[орые]'><sic>кот</sic><corr>которые</corr></choice> плохи.</p>
<p rend="left">Если же вовсе <choice><reg>текстов</reg><orig>текстовъ</orig></choice> не <choice><reg>пропустят</reg><orig>пропустятъ</orig></choice>, то оставьте одни пословицы, <choice><reg>избрав</reg><orig>избравъ</orig></choice> <choice><reg>самые</reg><orig>самыя</orig></choice> <choice><reg>серьезные</reg><orig>серьезныя</orig></choice>, a <choice><reg>заместите</reg><orig>замѣстите</orig></choice> только <choice><reg>самые</reg><orig>самыя</orig></choice> <choice><reg>плохия</reg><orig>плохiя</orig></choice>. Я это очень охотно бы <choice><reg>сделал</reg><orig>сдѣлалъ</orig></choice>, если бы <choice><reg>был</reg><orig>былъ</orig></choice> <choice><reg>в</reg><orig>въ</orig></choice> <choice original_editorial_correction='Петер[бурге]'><sic>Петер</sic><corr><choice><reg>Петербурге</reg><orig>Петербургѣ</orig></choice></corr></choice>, а теперь уже вы — общими силами. — Главное <choice><reg>дело</reg><orig>дѣло</orig></choice> <choice><reg>в</reg><orig>въ</orig></choice> <choice><reg>том</reg><orig>томъ</orig></choice>, что у <choice><reg>вас</reg><orig>васъ</orig></choice>, <choice><reg>говорят</reg><orig>говорятъ</orig></choice>, цензура — люди, т. е. <choice><reg>с</reg><orig>съ</orig></choice> ними можно говорить, a <choice><reg>здесь</reg><orig>здѣсь</orig></choice>, <choice><reg>говорят</reg><orig>говорятъ</orig></choice>, — <choice><reg>стена</reg><orig>стѣна</orig></choice> и нельзя говорить. — <choice><reg>Как</reg><orig>Какъ</orig></choice> только можно говорить, то можно сказать: нельзя <choice><reg>текстов</reg><orig>текстовъ</orig></choice> <choice><reg>с</reg><orig>съ</orig></choice> пословицами — <choice><reg>поместим</reg><orig>помѣстимъ</orig></choice> <choice><reg>отдельно</reg><orig>отдѣльно</orig></choice>, нельзя <choice><reg>совсем</reg><orig>совсѣмъ</orig></choice> <choice><reg>текстов</reg><orig>текстовъ</orig></choice> — мы не <choice><reg>поместим</reg><orig>помѣстимъ</orig></choice>. Нельзя <choice><reg>святых</reg><orig>святыхъ</orig></choice> <choice><reg>без</reg><orig>безъ</orig></choice> <choice><reg>означения</reg><orig>означенiя</orig></choice> <choice original_editorial_correction='равноапостоль[ный]'><sic>равноапостоль</sic><corr>равноапостольный</corr></choice> и т.п. — <choice><reg>поместим</reg><orig>помѣстимъ</orig></choice> это. — Нельзя <choice><reg>без</reg><orig>безъ</orig></choice> <choice><reg>царских</reg><orig>царскихъ</orig></choice> дней — <choice><reg>поместим</reg><orig>помѣстимъ</orig></choice>. <choice><reg>Кроме</reg><orig>Кромѣ</orig></choice> <hi style="opdelimiter">того,</hi><hi style="opnumber">416</hi> <hi style="npnumber">417</hi><hi style="npdelimiter">я</hi> почти <choice><reg>кончил</reg><orig>кончилъ</orig></choice> <choice><reg>заметки</reg><orig>замѣтки</orig></choice> на каждый <choice><reg>месяц</reg><orig>мѣсяцъ</orig></choice>. Напишите <choice><reg>мне</reg><orig>мнѣ</orig></choice> <choice><reg>поскорей</reg><orig>поскорѣй</orig></choice>, даже <choice original_editorial_correction='телеграфир[уйте]'><sic>телеграфир</sic><corr>телеграфируйте</corr></choice>, есть ли надежда на<note xml:id="note3" resp="volume_editor" index="false"> <hi>Зачеркнуто:</hi> <choice><reg>издание</reg><orig>изданiе</orig></choice></note> <choice><reg>пропуск</reg><orig>пропускъ</orig></choice> <choice><reg>в</reg><orig>въ</orig></choice> <choice><reg>цензуре</reg><orig>цензурѣ</orig></choice> <choice><reg>через</reg><orig>черезъ</orig></choice> <choice><reg>неделю</reg><orig>недѣлю</orig></choice> (ну, 10 дней), и тогда я брошу <choice><reg>другие</reg><orig>другiя</orig></choice> <choice><reg>дела</reg><orig>дѣла</orig></choice> и кончу это, и пришлю <choice><reg>вам</reg><orig>вамъ</orig></choice>. Спасибо <choice><reg>вам</reg><orig>вамъ</orig></choice> за ваше письмо;<note xml:id="note4" resp="volume_editor" index="false"> Оно неизвестно.</note> я <choice><reg>получил</reg><orig>получилъ</orig></choice> его <choice><reg>в</reg><orig>въ</orig></choice> Ясной. Обнимаю <choice><reg>вас</reg><orig>васъ</orig></choice>. Я <choice><reg>жив</reg><orig>живъ</orig></choice>, <choice><reg>здоров</reg><orig>здоровъ</orig></choice>, <choice><reg>в</reg><orig>въ</orig></choice> <choice><reg>Москве</reg><orig>Москвѣ</orig></choice>.</p>
<p rend="right">Л. Т.</p>
<comments><p rend="Textpetit_otstup left">Печатается по автографу, хранящемуся в БЛ. Впервые опубликовано в статье П. И. Бирюкова «Как Л. Н. Толстой составлял народный календарь» — «Всеобщий ежемесячник» 1911, XI, стр. 5—6. Датируется на основании пометки П. И. Бирюкова: «27/ХІ» (дата получения письма). Относим его к 1886 году, так как календарь вышел в свет в январе 1887 г.</p>
<p rend="Textpetit_otstup left"><hi>1</hi> См. прим. 1 к письму № 576.</p>
<p rend="petit left"><hi>2</hi> Иван Иванович Петров (1861—1892), сотрудник т-ва И. Д. Сытина. О нем см. в т. 64.</p>
<p rend="petit left"><hi>3</hi> <hi>Зачеркнуто:</hi> <choice><reg>издание</reg><orig>изданiе</orig></choice></p>
<p rend="petit left"><hi>4</hi> Оно неизвестно.</p>
</comments></div></body>
        </text>
        </TEI>