<?xml version='1.0' encoding='UTF-8' standalone='no'?>

<TEI xmlns="http://www.tei-c.org/ns/1.0">
       <teiHeader>
          <fileDesc>
             <titleStmt>
                <title>Письмо №27. С. А. Толстой</title>
             </titleStmt>
             <publicationStmt>
                <publisher>TolstoyLab</publisher>
                <date when="2015-09-14">14 September 2015</date>
             </publicationStmt>
             <sourceDesc>
                <biblStruct>
                   <analytic>
                      <author>Толстой Л.Н.</author>
                   </analytic>
                   <monogr>
                      <title level="m">Полное собрание сочинений. Том 83</title>
                      <imprint>
                         <pubPlace>Москва</pubPlace>
                         <publisher>Государственное издательство "Художественная литература"</publisher>
                         <date when="1938"/>
                      </imprint>
                   </monogr>
                   <series>
                      <title level="s">Л.Н. Толстой. Полное собрание сочинений</title>
                      <biblScope unit="vol">83</biblScope>
                   </series>
                </biblStruct>
				<bibl>Печатается по подлиннику, хранящемуся в АТБ. Впервые опубликовано по копии, сделанной С. А. Толстой, в ПЖ, стр. 22—25. Вследствие операции руки Толстого писано под диктовку рукой Т. А. Берс. Текст письма Толстого начинается словами: «От Левочки». Начало письма от лица Т. А. Берс — воспроизводится, продолжение ее письма в конце — опускается.</bibl>
             </sourceDesc>
          </fileDesc>
          <encodingDesc>
             <tagsDecl> </tagsDecl>
          </encodingDesc>
          <profileDesc>
             <correspDesc>
                <correspAction type="sending">
                   <persName ref="PersonList.xml#L_N_Tolstoy">Л. Н. Толстой</persName>
                   <placeName ref="PlacesListxml#PLACE">Москва.</placeName>
                   <date when="1864-11-29">1864 г. Ноября 29.</date>            </correspAction>
                <correspAction type="receiving">
                   <persName ref="PersonList.xml#RECEIVER">Толстая Софья Андреевна</persName>
                </correspAction>
                <correspContext>
                   <ref type="prev"/>
                </correspContext>
             </correspDesc>
          </profileDesc>
       </teiHeader>
       <xenoData><number type="in a volume">27</number></xenoData>

       <text xml:id="a29_27">
	<body><div>
		<opener index="false">
27.
1864 г. Ноября 29. Москва.</opener>
<p rend="petit left">Как обещала, так и сажусь тебе давать отчет об Левочки, милая Соня, ночь он провел очень хорошо, как и не ожидали, а сегодня утром приехал помощник и перевязал ему руку, говорит, что она чуть чуть не на месте, но все таки будет ей владеть хорошо, потом приехал Попов, сказал тоже самое, а Левочка слава Богу и ходит и очень бодр духом, только что тебе еще рукой не пишет, поживет здесь, оправится и приедет к тебе в лучшем виде.</p>
<p rend="petit left">Прощай, друг мой, целую тебя. Славочка,<note xml:id="note1" resp="volume_editor" index="false"> Вячеслав Андреевич Берс (1861—1907), младший брат С. А. Толстой. Впоследствии инженер путей сообщения, один из строителей Сибирской магистрали и Троицкого моста в Петербурге. Жена его — Александра Александровна Крамер. В детстве В. А. Берса звали уменьшительными именами «Славочка» и «Лапа».</note> Левочка говорит, очень мил, и самовар, который ты называла алалай, называет фономарь, и разводя ручонками <choice><reg>кричит</reg><orig>кричитъ</orig></choice>: что это не <choice><reg>несут</reg><orig>несутъ</orig></choice> фономарь, а Оболенский каждый день ходит к нам узнавать о Левочке, но с <choice><reg>желанием</reg><orig>желаниемъ</orig></choice> faire la cour à Lise,<note xml:id="note2" resp="volume_editor" index="false"> [ухаживать за Лизой,]</note> но по неопытности своей не знает, как взяться, это пишет Левочка. —</p>
<lb/>
<p rend="subtitle centerline center">
<choice><reg>От</reg><orig>Отъ</orig></choice> Левочки.
</p>
<p rend="left"><choice><reg>Вот</reg><orig>Вотъ</orig></choice> <choice><reg>тебе</reg><orig>тебѣ</orig></choice> <choice><reg>отчет</reg><orig>отчетъ</orig></choice> за два дня. Когда <choice><reg>мне</reg><orig>мнѣ</orig></choice> сказали, и я <choice><reg>поверил</reg><orig>повѣрилъ</orig></choice>, что гимнастика одна <choice><reg>сделает</reg><orig>сдѣлаетъ</orig></choice> пользу, я <choice><reg>стал</reg><orig>сталъ</orig></choice> махать рукой, и <choice><reg>должен</reg><orig>долженъ</orig></choice> признаться, что она пришла <choice><reg>в</reg><orig>въ</orig></choice> скверное <choice><reg>состояние</reg><orig>состоянiе</orig></choice>, что я очень <choice><reg>уныл</reg><orig>унылъ</orig></choice>, и <choice><reg>в</reg><orig>въ</orig></choice> <choice><reg>этом</reg><orig>этомъ</orig></choice> <choice><reg>унынии</reg><orig>унынiи</orig></choice> <choice><reg>поехал</reg><orig>поѣхалъ</orig></choice> <choice><reg>к</reg><orig>къ</orig></choice> Редлиху;<note xml:id="note3" resp="volume_editor" index="false"> Адольф Федорович Редлих — доктор, оператор Странноприимного дома гр. Шереметева, владелец водолечебного и гимнастического заведения, находившегося на Страстном бульваре, д. 16.</note> когда <choice><reg>Редлих</reg><orig>Редлихъ</orig></choice>, у <choice><reg>которого</reg><orig>котораго</orig></choice> была выгода брать <choice><reg>с</reg><orig>съ</orig></choice> меня деньги, на <choice><reg>гимнастике</reg><orig>гимнастикѣ</orig></choice> <choice><reg>сказал</reg><orig>сказалъ</orig></choice>, <choice original_editorial_correction='что[б]'><sic>что</sic><corr><choice><reg>чтоб</reg><orig>чтобъ</orig></choice></corr></choice> я <choice><reg>правил</reg><orig>правилъ</orig></choice>, то я окончательно <choice><reg>решился</reg><orig>рѣшился</orig></choice>; по чистой <choice><reg>правде</reg><orig>правдѣ</orig></choice>, <choice><reg>решился</reg><orig>рѣшился</orig></choice> я <choice><reg>накануне</reg><orig>наканунѣ</orig></choice> <choice><reg>в</reg><orig>въ</orig></choice> <choice><reg>театре</reg><orig>театрѣ</orig></choice>,<note xml:id="note4" resp="volume_editor" index="false"> В Большом театре 27 ноября, на представлении «Зора».</note> когда музыка <choice><reg>играет</reg><orig>играетъ</orig></choice>, танцовщицы <choice><reg>пляшут</reg><orig>пляшутъ</orig></choice>, Michel Боде<note xml:id="note5" resp="volume_editor" index="false"> Барон Михаил Львович Боде (1824—1888), сын президента Московской дворцовой конторы, «светский человек» (п. С. А.).</note> <choice><reg>владеет</reg><orig>владѣетъ</orig></choice> <choice><reg>обеими</reg><orig>обѣими</orig></choice> руками, а у меня, я чувствую, <choice><reg>вид</reg><orig>видъ</orig></choice> <choice><reg>кривобокий</reg><orig>кривобокiй</orig></choice> и <choice><reg>жалкий</reg><orig>жалкiй</orig></choice>, <choice><reg>в</reg><orig>въ</orig></choice> <choice><reg>рукаве</reg><orig>рукавѣ</orig></choice> пусто и <choice><reg>ноет</reg><orig>ноетъ</orig></choice>; а главное же, нервное <choice><reg>расстройство</reg><orig>разстройство</orig></choice>, <choice><reg>под</reg><orig>подъ</orig></choice> <choice><reg>влиянием</reg><orig>влiянiемъ</orig></choice> <choice><reg>которого</reg><orig>котораго</orig></choice> и <hi style="opdelimiter"><choice><reg>приехал</reg><orig>прiѣхалъ</orig></choice></hi><hi style="opnumber">62</hi> <hi style="npnumber">63</hi><hi style="npdelimiter"><choice><reg>из</reg><orig>изъ</orig></choice></hi> Ясной, совершенно прошло, и <choice><reg>вспомнил</reg><orig>вспомнилъ</orig></choice> твои слова: не слушаться <choice original_editorial_correction='Андр[ея]'><sic>Андр</sic><corr>Андрея</corr></choice> <choice original_editorial_correction='Евст[афьевича]'><sic>Евст</sic><corr>Евстафьевича</corr></choice>, что <choice><reg>он</reg><orig>онъ</orig></choice> меня <choice><reg>собьет</reg><orig>собьетъ</orig></choice>; <choice><reg>так</reg><orig>такъ</orig></choice> и вышло.</p>
<p rend="left"><choice><reg>В</reg><orig>Въ</orig></choice> <choice><reg>этот</reg><orig>этотъ</orig></choice> день я особенно <choice><reg>деятельно</reg><orig>дѣятельно</orig></choice> <choice><reg>ходил</reg><orig>ходилъ</orig></choice> по <choice><reg>книжным</reg><orig>книжнымъ</orig></choice> <choice><reg>лавкам</reg><orig>лавкамъ</orig></choice>, <choice><reg>докторам</reg><orig>докторамъ</orig></choice>, и хотя и <choice><reg>чувствовал</reg><orig>чувствовалъ</orig></choice>, что <choice><reg>всех</reg><orig>всѣхъ</orig></choice> <choice><reg>Берсов</reg><orig>Берсовъ</orig></choice> <choice><reg>смутил</reg><orig>смутилъ</orig></choice> <choice><reg>своим</reg><orig>своимъ</orig></choice> <choice><reg>решением</reg><orig>рѣшенiемъ</orig></choice> править, я <choice><reg>был</reg><orig>былъ</orig></choice> очень <choice><reg>весел</reg><orig>веселъ</orig></choice>, <choice><reg>поехал</reg><orig>поѣхалъ</orig></choice> <choice><reg>в</reg><orig>въ</orig></choice> Зору,<note xml:id="note6" resp="volume_editor" index="false"> Под именем «Зора» на русской сцене шла опера Россини «Моисей»; название оперы «Моисеем» признавалось кощунственным. 27 ноября состоялся абонементный спектакль итальянской оперы со следующими участниками: Биалетти (Зора), Нери-Баральди, Росси, Тальяфико, Финокки, Лаборд и Ребу.</note> <choice><reg>мне</reg><orig>мнѣ</orig></choice> было очень <choice><reg>приятно</reg><orig>прiятно</orig></choice> и <choice><reg>от</reg><orig>отъ</orig></choice> музыки, и <choice><reg>от</reg><orig>отъ</orig></choice> вида <choice><reg>различных</reg><orig>различныхъ</orig></choice> <choice><reg>господ</reg><orig>господъ</orig></choice> и <choice><reg>дам</reg><orig>дамъ</orig></choice>, которые для меня все типы. Бояться хлороформа и <choice><reg>операции</reg><orig>операцiи</orig></choice> <choice><reg>мне</reg><orig>мнѣ</orig></choice> было даже <choice><reg>совестно</reg><orig>совѣстно</orig></choice> думать, не смотря на то, что ты обо <choice><reg>мне</reg><orig>мнѣ</orig></choice> такого <choice><reg>низкого</reg><orig>низкаго</orig></choice> <choice><reg>мнения</reg><orig>мнѣнiя</orig></choice>; <choice><reg>неприятно</reg><orig>непрiятно</orig></choice> <choice><reg>мне</reg><orig>мнѣ</orig></choice> было остаться <choice><reg>без</reg><orig>безъ</orig></choice> руки немного для себя, но право больше для тебя, особенно <choice><reg>после</reg><orig>послѣ</orig></choice> разговора <choice><reg>с</reg><orig>съ</orig></choice> Таней, который меня еще больше <choice><reg>в</reg><orig>въ</orig></choice> <choice><reg>этом</reg><orig>этомъ</orig></choice> <choice><reg>убедил</reg><orig>убѣдилъ</orig></choice>. Я <choice><reg>шел</reg><orig>шелъ</orig></choice> <choice><reg>наверное</reg><orig>навѣрное</orig></choice> на то, что не <choice><reg>исправят</reg><orig>исправятъ</orig></choice>; но <choice><reg>делал</reg><orig>дѣлалъ</orig></choice> это, чтобы избавить себя <choice><reg>от</reg><orig>отъ</orig></choice> <choice><reg>своих</reg><orig>своихъ</orig></choice> же <choice><reg>упреков</reg><orig>упрековъ</orig></choice> <choice><reg>в</reg><orig>въ</orig></choice> <choice><reg>будущем</reg><orig>будущемъ</orig></choice>, и <choice><reg>сам</reg><orig>самъ</orig></choice> удивлялся, <choice><reg>как</reg><orig>какъ</orig></choice> я <choice><reg>мог</reg><orig>могъ</orig></choice> разными Анками, Вендрихами и толками дать сбить себя до того, что <choice><reg>потерял</reg><orig>потерялъ</orig></choice> почти <choice><reg>целую</reg><orig>цѣлую</orig></choice> <choice><reg>неделю</reg><orig>недѣлю</orig></choice>. <choice><reg>В</reg><orig>Въ</orig></choice> <choice><reg>этот</reg><orig>этотъ</orig></choice> день и на другой день не <choice><reg>писал</reg><orig>писалъ</orig></choice> <choice><reg>тебе</reg><orig>тебѣ</orig></choice> оттого, что <choice><reg>Попов</reg><orig>Поповъ</orig></choice> нерешительно <choice><reg>обещал</reg><orig>обѣщалъ</orig></choice> <choice><reg>приехать</reg><orig>прiѣхать</orig></choice> <choice><reg>в</reg><orig>въ</orig></choice> субботу, 28-ое, и я <choice><reg>в</reg><orig>въ</orig></choice> <choice><reg>письме</reg><orig>письмѣ</orig></choice> <choice><reg>своем</reg><orig>своемъ</orig></choice> <choice><reg>должен</reg><orig>долженъ</orig></choice> <choice><reg>был</reg><orig>былъ</orig></choice> тебя обманывать или страшно встревоживать. <choice><reg>Забыл</reg><orig>Забылъ</orig></choice>, было, описать <choice><reg>свидание</reg><orig>свиданiе</orig></choice> <choice><reg>с</reg><orig>съ</orig></choice> <choice><reg>Любимовым</reg><orig>Любимовымъ</orig></choice> <choice><reg>перед</reg><orig>передъ</orig></choice> Зорой; <choice><reg>он</reg><orig>онъ</orig></choice> <choice><reg>приехал</reg><orig>прiѣхалъ</orig></choice> <choice><reg>от</reg><orig>отъ</orig></choice> Каткова и, опять слюняво <choice><reg>смеясь</reg><orig>смѣясь</orig></choice>, <choice><reg>объявил</reg><orig>объявилъ</orig></choice>, что <choice><reg>Катков</reg><orig>Катковъ</orig></choice> <choice><reg>согласен</reg><orig>согласенъ</orig></choice> на <choice><reg>все</reg><orig>всѣ</orig></choice> мои <choice><reg>условия</reg><orig>условiя</orig></choice>, и <choice><reg>дурацкий</reg><orig>дурацкiй</orig></choice> <choice><reg>торг</reg><orig>торгъ</orig></choice> <choice><reg>этот</reg><orig>этотъ</orig></choice> кончился, то есть я <choice><reg>им</reg><orig>имъ</orig></choice> <choice><reg>отдал</reg><orig>отдалъ</orig></choice> по 300 <choice original_editorial_correction='р[ублей]'><sic>р</sic><corr>рублей</corr></choice> за <choice><reg>лист</reg><orig>листъ</orig></choice> первую часть романа, которую <choice><reg>он</reg><orig>онъ</orig></choice> [<choice><reg>с</reg><orig>съ</orig></choice>] собою и <choice><reg>увез</reg><orig>увезъ</orig></choice>, но когда мой porte-feuille <choice><reg>запустел</reg><orig>запустѣлъ</orig></choice> и слюнявый <choice><reg>Любимов</reg><orig>Любимовъ</orig></choice> <choice><reg>понес</reg><orig>понесъ</orig></choice> рукописи,<hi>7 </hi><choice><reg>мне</reg><orig>мнѣ</orig></choice> стало грустно, именно оттого, за что ты сердишься, что нельзя больше переправлять и <choice><reg>сделать</reg><orig>сдѣлать</orig></choice> еще лучше. Теперь <choice><reg>следующий</reg><orig>слѣдующiй</orig></choice> день, мое памятное 28-ое. <choice><reg>С</reg><orig>Съ</orig></choice> утра начались <choice><reg>необыкновенные</reg><orig>необыкновенныя</orig></choice> <choice><reg>события</reg><orig>событiя</orig></choice> и суетня во <choice><reg>всем</reg><orig>всемъ</orig></choice> <choice><reg>доме</reg><orig>домѣ</orig></choice>, <choice><reg>как-то</reg><orig>какъ-то</orig></choice>: первое барышни, <choice><reg>уступавшия</reg><orig>уступавшiя</orig></choice> <choice><reg>мне</reg><orig>мнѣ</orig></choice> комнату, переносились; второе, Анночка<note xml:id="note7" resp="volume_editor" index="false"> «Горничная Берс» (н. п. С. А.).</note> ma chère <choice><reg>с</reg><orig>съ</orig></choice> стиркой, произведшей тоже не малое <choice><reg>волнение</reg><orig>волненiе</orig></choice>; <choice><reg>потом</reg><orig>потомъ</orig></choice> 3-ье: мама <choice><reg>с</reg><orig>съ</orig></choice> <choice><reg>девами</reg><orig>дѣвами</orig></choice>, Степой,<note xml:id="note8" resp="volume_editor" index="false">Степан Андреевич Берс (1855—1910), брат С. А. Толстой. Правовед выпуска 1878 г. Служил судебным следователем. Сопровождал Толстого в некоторых поездках (на Бородинское поле в 1867 г. и на кумыс в 1871 <hi style="opdelimiter">г.),</hi><hi style="opnumber">65</hi> <hi style="npnumber">66</hi><hi style="npdelimiter">причем</hi> Толстой выделял его из семьи Берсов. Автор: «Воспоминаний о гр. Л. Н. Толстом», Смоленск. 1894. Об его отношении к семье Толстых свидетельствуют следующие строки его письма к С. А. Толстой от 17 января 1878 г.: «Ваша семья была для меня моим домом, я уже привык к вам с малых лет. Жизнь ваша была мне лучшим и живым примером для будущего; наконец и нравственным воспитанием я обязан Левочке..... Ясная останется для меня самым светлым и лучшим воспоминанием юношества, все Толстые имеют для меня особенную обаятельную привлекательность».</note> лапой,<note xml:id="note9" resp="volume_editor" index="false"> Вячеслав Андреевич Берс.</note> няней <choice><reg>поехали</reg><orig>поѣхали</orig></choice> <choice><reg>в</reg><orig>въ</orig></choice> баню; 4-ое: <choice><reg>приехала</reg><orig>прiѣхала</orig></choice> Захарина,<note xml:id="note10" resp="volume_editor" index="false"> Татьяна Ивановна Захарьина, жена Василия Борисовича Захарьина, крестная мать Т. А. Берс-Кузминской.</note> тоже <choice><reg>событие</reg><orig>событiе</orig></choice>; 5-ое: полотеры, которые, <choice><reg>мешаясь</reg><orig>мѣшаясь</orig></choice> <choice><reg>всем</reg><orig>всѣмъ</orig></choice> на <choice><reg>дороге</reg><orig>дорогѣ</orig></choice>, танцевали при <choice><reg>этом</reg><orig>этомъ</orig></choice> по <choice><reg>комнатам</reg><orig>комнатамъ</orig></choice>; 6-ое: Портниха <choice><reg>с</reg><orig>съ</orig></choice> шубками, и <choice><reg>наконец</reg><orig>наконецъ</orig></choice> 7-ое: <choice><reg>ожидание</reg><orig>ожиданiе</orig></choice> Попова и <choice><reg>приготовление</reg><orig>приготовленiе</orig></choice> <choice><reg>к</reg><orig>къ</orig></choice> <choice><reg>операции</reg><orig>операцiи</orig></choice>. <choice><reg>Операцию</reg><orig>Операцiю</orig></choice> <choice><reg>тебе</reg><orig>тебѣ</orig></choice> описала Таня,<note xml:id="note11" resp="volume_editor" index="false"> Т. А. Кузминская так писала в своих воспоминаниях: «Присутствуя при операции отца, я уже смело осталась при Льве Николаевиче, тем более, что он сказал мне: «Напиши Соне всё подробно. Ей интересно будет знать про все мелочи». К сожалению, подробное письмо мое не сохранилось. Лев Николаевич очень спокойно приступил к операции, но не мог заснуть от хлороформа. Возились долго. Наконец, он вскочил с кресла, бледный, с открытыми блуждающими глазами; откинув от себя мешечек с хлороформом, он в бреду закричал на всю комнату: — Друзья мои, жить так нельзя... Я думаю... Я решил... — Он не договорил. Его посадили в кресло, подливая еще хлороформ. Он стал окончательно засыпать. Сидел передо мной мертвец, а не Лев Николаевич. Вдруг он страшно изменился в лице и затих. Двое служащих, по указанию Попова, тянули из всех сил руку Льва Николаевича, пока не выломали неправильно сросшуюся кость. Это было очень страшно. Мне казалось, что без хлороформа операция эта была бы немыслима. Меня охватил страх, что вот он сейчас проснется. Но нет, — когда рука безжизненно повисла, Попов ловко и сильно как бы вдвинул ее в плечо. Я как сейчас вижу всё это, такое сильное впечатление произвела на меня эта операция. Мама подавала лекарства, поддерживала его голову, и после наложенной повязки его стали приводить в чувство. Но это было почти так же трудно, как и усыпить его. Он долго не приходил в себя. Когда он очнулся, то пожаловался на боль в руке. Я просидела с ним весь вечер. Он страдал от тошноты — следствие хлороформа — и долго мучился ею. Когда же он через два-три дня писал Соне про операцию, он не упоминал о своих страданиях. Я спросила его: — Ты скрываешь это от нее? — Да нет, да я не особенно страдал. Я думал, будет хуже». («Моя жизнь дома и в Ясной поляне», 1864—1868. М. 1928, ч. III, стр. 19.)</note> которая обо <choice><reg>всем</reg><orig>всемъ</orig></choice> могла <choice><reg>иметь</reg><orig>имѣть</orig></choice> большее <choice><reg>понятие</reg><orig>понятiе</orig></choice>, <choice><reg>чем</reg><orig>чѣмъ</orig></choice> я; я знаю только, что не <choice><reg>чувствовал</reg><orig>чувствовалъ</orig></choice> никакого страха <choice><reg>перед</reg><orig>передъ</orig></choice> <choice><reg>операцией</reg><orig>операцiей</orig></choice> <hi style="opdelimiter">и</hi><hi style="opnumber">63</hi> <hi style="npnumber">64</hi><hi style="npdelimiter"><choice><reg>чувствовал</reg><orig>чувствовалъ</orig></choice></hi> боль <choice><reg>после</reg><orig>послѣ</orig></choice> нее, которая скоро прошла <choice><reg>от</reg><orig>отъ</orig></choice> <choice><reg>холодных</reg><orig>холодныхъ</orig></choice> <choice><reg>компресов</reg><orig>компресовъ</orig></choice>. Ухаживали и <choice><reg>ухаживают</reg><orig>ухаживаютъ</orig></choice> за мной <choice><reg>так</reg><orig>такъ</orig></choice>, что желать нечего, и только <choice><reg>совестно</reg><orig>совѣстно</orig></choice>; но, не смотря на все, вчера <choice><reg>с</reg><orig>съ</orig></choice> <choice><reg>расстроенными</reg><orig>разстроенными</orig></choice> нервами <choice><reg>после</reg><orig>послѣ</orig></choice> хлороформа, особенно <choice><reg>после</reg><orig>послѣ</orig></choice> <choice><reg>твоих</reg><orig>твоихъ</orig></choice> <choice><reg>писем</reg><orig>писемъ</orig></choice>, <choice><reg>которые</reg><orig>которыя</orig></choice> пришли четверть часа <choice><reg>после</reg><orig>послѣ</orig></choice> <choice><reg>операции</reg><orig>операцiи</orig></choice>, я <choice><reg>Бог</reg><orig>Богъ</orig></choice> <choice><reg>знает</reg><orig>знаетъ</orig></choice> <choice><reg>как</reg><orig>какъ</orig></choice> <choice><reg>хотел</reg><orig>хотѣлъ</orig></choice>, чтобы ты <choice><reg>тут</reg><orig>тутъ</orig></choice> была, не для того, чтобы ты что-нибудь <choice><reg>сделала</reg><orig>сдѣлала</orig></choice>, а только для того, чтобы ты <choice><reg>тут</reg><orig>тутъ</orig></choice> была. Боль утихла очень скоро, и <choice><reg>к</reg><orig>къ</orig></choice> вечеру было только неловко и скверно <choice><reg>от</reg><orig>отъ</orig></choice> оставшагося во <choice><reg>мне</reg><orig>мнѣ</orig></choice> хлороформа. <choice><reg>В</reg><orig>Въ</orig></choice> <choice><reg>этот</reg><orig>этотъ</orig></choice> <choice><reg>вечер</reg><orig>вечеръ</orig></choice> <choice><reg>мне</reg><orig>мнѣ</orig></choice> все <choice><reg>хотелось</reg><orig>хотѣлось</orig></choice> ходить и <choice><reg>как</reg><orig>какъ</orig></choice> можно больше <choice><reg>делать</reg><orig>дѣлать</orig></choice>. Я <choice><reg>послал</reg><orig>послалъ</orig></choice> Петю за книгами <choice><reg>к</reg><orig>къ</orig></choice> Ешевскому,<note xml:id="note12" resp="volume_editor" index="false"> Степан Васильевич Ешевский (1829—1865), профессор всеобщей истории Московского университета по кафедре Грановского. Собрание его масонских рукописей — в Ленинградской Публичной библиотеке. Толстой брал у Ешевского книги для прочтения при работе над романом «1805 год» («Война и мир»).</note> и Перфильевы,<note xml:id="note13" resp="volume_editor" index="false"> Семья жандармского генерала Степана Васильевича Перфильева (1796—1878).</note> <choice><reg>узнав</reg><orig>узнавъ</orig></choice> <choice><reg>от</reg><orig>отъ</orig></choice> него о <choice><reg>операции</reg><orig>операцiи</orig></choice>, <choice><reg>в</reg><orig>въ</orig></choice> <choice><reg>4-ом</reg><orig>4-омъ</orig></choice>, молодая и старая чета, <choice><reg>приехали</reg><orig>прiѣхали</orig></choice> <choice><reg>к</reg><orig>къ</orig></choice> <choice><reg>нам</reg><orig>намъ</orig></choice>. Васинька<note xml:id="note14" resp="volume_editor" index="false"> Василий Степанович Перфильев (1826—1890), сын Степана Васильевича от первого брака, в 1878—1887 гг. был московским <hi style="opdelimiter">губернатором;</hi><hi style="opnumber">66</hi> <hi style="npnumber">67</hi><hi style="npdelimiter">приятель</hi> Толстого, прототип Стивы Облонского в «Анне Карениной».</note> <choice><reg>играл</reg><orig>игралъ</orig></choice> <choice><reg>в</reg><orig>въ</orig></choice> <choice><reg>Тамбове</reg><orig>Тамбовѣ</orig></choice> <choice><reg>с</reg><orig>съ</orig></choice> <choice><reg>Ольриджем</reg><orig>Ольриджемъ</orig></choice><note xml:id="note15" resp="volume_editor" index="false"> Ольридж (Айра О.) (1804 или 1810—1867) — знаменитый актер негр. Выступал в трагедиях Шекспира. Объехал всю Европу. В России был в 1858 г. в Петербурге, позднее выступал на многих провинциальных сценах.</note> <choice><reg>Магбет</reg><orig>Магбетъ</orig></choice>,<note xml:id="note16" resp="volume_editor" index="false"> Трагедия Шекспира.</note> роль шотландскаго короля, и Настасья Сергеевна<note xml:id="note17" resp="volume_editor" index="false"> Анастасия Сергеевна Перфильева (ум. 1891 г.), рожд. Ланская, вторая жена С. В. Перфильева.</note> показывала Васинькину карточку <choice><reg>в</reg><orig>въ</orig></choice> <choice><reg>шотландском</reg><orig>шотландскомъ</orig></choice> <choice><reg>костюме</reg><orig>костюмѣ</orig></choice> и <choice><reg>подвешанной</reg><orig>подвѣшанной</orig></choice> бородой; хочу снять <choice><reg>копию</reg><orig>копiю</orig></choice> <choice><reg>с</reg><orig>съ</orig></choice> этой карточки для Сережи, <choice><reg>в</reg><orig>въ</orig></choice> pendant <choice><reg>с</reg><orig>съ</orig></choice> m-lle <choice><reg>Баумгартен</reg><orig>Баумгартенъ</orig></choice>.<note xml:id="note18" resp="volume_editor" index="false"> «Гувернантка племянниц: Вари и Лизы Толстых, сделавшая свою фотографию в арабском мужском костюме» (п. С. А.).</note> Я воспользовался Перфильевыми для себя очень <choice><reg>приятно</reg><orig>прiятно</orig></choice>, заведя <choice><reg>Степан</reg><orig>Степанъ</orig></choice> Васильевича на <choice><reg>рассказы</reg><orig>разсказы</orig></choice> о <choice><reg>12-м</reg><orig>12-мъ</orig></choice> <choice><reg>годе</reg><orig>годѣ</orig></choice>.</p>
<p rend="left">Ночь <choice><reg>провел</reg><orig>провелъ</orig></choice> хорошо, и нынче <choice><reg>утром</reg><orig>утромъ</orig></choice> <choice><reg>помощник</reg><orig>помощникъ</orig></choice> Попова, <choice><reg>Гак</reg><orig>Гакъ</orig></choice>, <choice><reg>приехал</reg><orig>прiѣхалъ</orig></choice>, <choice><reg>перевязал</reg><orig>перевязалъ</orig></choice>, <choice><reg>сказал</reg><orig>сказалъ</orig></choice> <choice><reg>следующее</reg><orig>слѣдующее</orig></choice>: <choice><reg>Положение</reg><orig>Положенiе</orig></choice> руки стало много лучше, но на <choice><reg>линию</reg><orig>линiю</orig></choice> все таки выдалась <choice><reg>вперед</reg><orig>впередъ</orig></choice> плечевая кость, и что надо предполагать, что буду <choice><reg>владеть</reg><orig>владѣть</orig></choice> рукой свободно, хотя немного не <choice><reg>совсем</reg><orig>совсѣмъ</orig></choice> <choice><reg>так</reg><orig>такъ</orig></choice>, <choice><reg>как</reg><orig>какъ</orig></choice> <choice><reg>левой</reg><orig>лѣвой</orig></choice>; неподвижность руки и <choice><reg>бинт</reg><orig>бинтъ</orig></choice> <choice><reg>дело</reg><orig>дѣло</orig></choice> первой важности; <choice><reg>через</reg><orig>черезъ</orig></choice> 3 дня можно <choice><reg>будет</reg><orig>будетъ</orig></choice> сказать <choice><reg>определительнее</reg><orig>опредѣлительнѣе</orig></choice>; <choice><reg>через</reg><orig>черезъ</orig></choice> 2 <choice><reg>недели</reg><orig>недѣли</orig></choice> можно <choice><reg>будет</reg><orig>будетъ</orig></choice> <choice><reg>ехать</reg><orig>ѣхать</orig></choice> домой; вообще <choice><reg>положение</reg><orig>положенiе</orig></choice> руки <choice><reg>наверное</reg><orig>навѣрное</orig></choice> стало лучше, <choice><reg>чем</reg><orig>чѣмъ</orig></choice> было. <choice><reg>Попов</reg><orig>Поповъ</orig></choice>, <choice><reg>приехавший</reg><orig>прiѣхавшiй</orig></choice> <choice><reg>после</reg><orig>послѣ</orig></choice>, <choice><reg>подтвердил</reg><orig>подтвердилъ</orig></choice> тоже и также <choice><reg>неопределенно</reg><orig>неопредѣленно</orig></choice>. <choice><reg>Гак</reg><orig>Гакъ</orig></choice> и <choice><reg>Попов</reg><orig>Поповъ</orig></choice> <choice><reg>будут</reg><orig>будутъ</orig></choice> <choice><reg>ездить</reg><orig>ѣздить</orig></choice>. Вчера я ничего не <choice><reg>ел</reg><orig>ѣлъ</orig></choice>, но сегодня явился прекрасный <choice><reg>аппетит</reg><orig>аппетитъ</orig></choice>, и чувствую себя <choice><reg>совсем</reg><orig>совсѣмъ</orig></choice> хорошо.</p>
<p rend="left">Вчера послали телеграмму <choice><reg>без</reg><orig>безъ</orig></choice> адреса <choice><reg>в</reg><orig>въ</orig></choice> <choice><reg>дом</reg><orig>домъ</orig></choice> Руднева,<note xml:id="note19" resp="volume_editor" index="false"> В доме Руднева в Туле жил знакомый Толстых Келлер.</note> и, боясь, что она не <choice><reg>дойдет</reg><orig>дойдетъ</orig></choice>, ныньче <choice><reg>послал</reg><orig>послалъ</orig></choice> <choice><reg>тебе</reg><orig>тебѣ</orig></choice> другую. Нервы еще не <choice><reg>совсем</reg><orig>совсѣмъ</orig></choice> <choice><reg>в</reg><orig>въ</orig></choice> <choice><reg>порядке</reg><orig>порядкѣ</orig></choice>, и потому ныньче не <choice><reg>писал</reg><orig>писалъ</orig></choice>, хотя Лиза вызывается писать <choice><reg>под</reg><orig>подъ</orig></choice> диктовку; о <choice><reg>Тане</reg><orig>Танѣ</orig></choice> же я <choice><reg>тебе</reg><orig>тебѣ</orig></choice> <choice><reg>расскажу</reg><orig>разскажу</orig></choice>, <choice><reg>как</reg><orig>какъ</orig></choice> она мила. Папа <choice><reg>говорит</reg><orig>говоритъ</orig></choice>, что <choice><reg>он</reg><orig>онъ</orig></choice> <choice><reg>плакал</reg><orig>плакалъ</orig></choice>, читая твои письма ко <choice><reg>мне</reg><orig>мнѣ</orig></choice>; я едва удерживался, чтобы не <choice><reg>делать</reg><orig>дѣлать</orig></choice> того же <choice><reg>самого</reg><orig>самаго</orig></choice>. <choice><reg>Сейчас</reg><orig>Сейчасъ</orig></choice> <choice><reg>получил</reg><orig>получилъ</orig></choice> <choice><reg>ваш</reg><orig>вашъ</orig></choice> большой <choice><reg>пакет</reg><orig>пакетъ</orig></choice>. Прощай, пиши и посылай <choice><reg>в</reg><orig>въ</orig></choice> Тулу за моими письмами <hi style="opdelimiter">каждый</hi><hi style="opnumber">64</hi> <hi style="npnumber">65</hi><hi style="npdelimiter">день.</hi> Воздерживаюсь <choice><reg>от</reg><orig>отъ</orig></choice> <choice><reg>разных</reg><orig>разныхъ</orig></choice> вещей, <choice><reg>которые</reg><orig>которыя</orig></choice> <choice><reg>хотел</reg><orig>хотѣлъ</orig></choice> бы написать о <choice><reg>тебе</reg><orig>тебѣ</orig></choice> самой и <choice><reg>детях</reg><orig>дѣтяхъ</orig></choice>, оттого что эти вещи надо самому говорить и писать, а диктовать неловко.</p>
<p rend="left"><choice><reg>Целую</reg><orig>Цѣлую</orig></choice> <choice><reg>милых</reg><orig>милыхъ</orig></choice> <choice><reg>Зефиротов</reg><orig>Зефиротовъ</orig></choice>, и Машеньку, и Сережу, который, <choice><reg>надеюсь</reg><orig>надѣюсь</orig></choice>, у <choice><reg>вас</reg><orig>васъ</orig></choice>, <choice><reg>так</reg><orig>такъ</orig></choice> <choice><reg>как</reg><orig>какъ</orig></choice> ты купила вина,<note xml:id="note20" resp="volume_editor" index="false"> В письме от 28 ноября С. А. Толстая писала Льву Николаевичу: «Сережа всё ворчит, что вина нет; я, было, купила, да он в два дня выпил две бутылки наливки и одну марсалы, не считая водки. Я очень удивлялась. Как не быть геморрою, разве это здорово? На третий день вина не хватило, и он был очень недоволен. Что смешно, что он серьезно сердится, что мы не пьем и не держим вина» (не напечатано).</note> и прошу и <choice><reg>надеюсь</reg><orig>надѣюсь</orig></choice> на Сережу и Машеньку, что если что неблагополучное у <choice><reg>нас</reg><orig>насъ</orig></choice> случится, они меня <choice><reg>сейчас</reg><orig>сейчасъ</orig></choice> <choice><reg>известят</reg><orig>извѣстятъ</orig></choice> телеграммой; хотя <choice><reg>этим</reg><orig>этимъ</orig></choice> <choice><reg>делу</reg><orig>дѣлу</orig></choice> и не поможешь, но зато я буду всегда <choice><reg>спокоен</reg><orig>спокоенъ</orig></choice>, не получая телеграммы. <choice><reg>Тетеньке</reg><orig>Тетенькѣ</orig></choice><note xml:id="note21" resp="volume_editor" index="false"> Т. А. Ергольской.</note> <choice><reg>целую</reg><orig>цѣлую</orig></choice> ручки, <choice><reg>которые</reg><orig>которыя</orig></choice> подымаются; теперь я не могу <choice><reg>видеть</reg><orig>видѣть</orig></choice> и говорить о <choice><reg>руке</reg><orig>рукѣ</orig></choice>, не думая о <choice><reg>том</reg><orig>томъ</orig></choice>, что она хорошо подымается.</p>
<p rend="left"><choice><reg>Целую</reg><orig>Цѣлую</orig></choice> тебя <choice><reg>в</reg><orig>въ</orig></choice> <choice><reg>детской</reg><orig>дѣтской</orig></choice>, за ширмами, <choice><reg>в</reg><orig>въ</orig></choice> <choice><reg>сером</reg><orig>сѣромъ</orig></choice> <choice><reg>капоте</reg><orig>капотѣ</orig></choice>. —</p>
<comments><p rend="Textpetit_otstup left">Печатается по подлиннику, хранящемуся в АТБ. Впервые опубликовано по копии, сделанной С. А. Толстой, в ПЖ, стр. 22—25. Вследствие операции руки Толстого писано под диктовку рукой Т. А. Берс. Текст письма Толстого начинается словами: «От Левочки». Начало письма от лица Т. А. Берс — воспроизводится, продолжение ее письма в конце — опускается.</p>
<p rend="Textpetit_otstup left"><hi>1</hi> Вячеслав Андреевич Берс (1861—1907), младший брат С. А. Толстой. Впоследствии инженер путей сообщения, один из строителей Сибирской магистрали и Троицкого моста в Петербурге. Жена его — Александра Александровна Крамер. В детстве В. А. Берса звали уменьшительными именами «Славочка» и «Лапа».</p>
<p rend="petit left"><hi>2</hi> [ухаживать за Лизой,]</p>
<p rend="petit left"><hi>3</hi> Адольф Федорович Редлих — доктор, оператор Странноприимного дома гр. Шереметева, владелец водолечебного и гимнастического заведения, находившегося на Страстном бульваре, д. 16.</p>
<p rend="petit left"><hi>4</hi> В Большом театре 27 ноября, на представлении «Зора».</p>
<p rend="petit left"><hi>5</hi> Барон Михаил Львович Боде (1824—1888), сын президента Московской дворцовой конторы, «светский человек» (п. С. А.).</p>
<p rend="petit left"><hi>6</hi> Под именем «Зора» на русской сцене шла опера Россини «Моисей»; название оперы «Моисеем» признавалось кощунственным. 27 ноября состоялся абонементный спектакль итальянской оперы со следующими участниками: Биалетти (Зора), Нери-Баральди, Росси, Тальяфико, Финокки, Лаборд и Ребу.</p>
<p rend="petit left"><hi>7</hi> Толстой отдал для напечатания свой роман «1805 год». Передано было Толстым в «Русский вестник» тридцать восемь глав, составлявших десять печатных (типографских) листов. «1805 год», заключающий первые две части «Войны и мира», был напечатан в «Русском вестнике» за 1865 (№№ 1 и 2) и 1866 гг. (№№ 2, 3 и 4).</p>
<p rend="petit left"><hi>8</hi> «Горничная Берс» (н. п. С. А.).</p>
<p rend="petit left"><hi>9 </hi>Степан Андреевич Берс (1855—1910), брат С. А. Толстой. Правовед выпуска 1878 г. Служил судебным следователем. Сопровождал Толстого в некоторых поездках (на Бородинское поле в 1867 г. и на кумыс в 1871 <hi style="opdelimiter">г.),</hi><hi style="opnumber">65</hi> <hi style="npnumber">66</hi><hi style="npdelimiter">причем</hi> Толстой выделял его из семьи Берсов. Автор: «Воспоминаний о гр. Л. Н. Толстом», Смоленск. 1894. Об его отношении к семье Толстых свидетельствуют следующие строки его письма к С. А. Толстой от 17 января 1878 г.: «Ваша семья была для меня моим домом, я уже привык к вам с малых лет. Жизнь ваша была мне лучшим и живым примером для будущего; наконец и нравственным воспитанием я обязан Левочке..... Ясная останется для меня самым светлым и лучшим воспоминанием юношества, все Толстые имеют для меня особенную обаятельную привлекательность».</p>
<p rend="petit left"><hi>10</hi> Вячеслав Андреевич Берс.</p>
<p rend="petit left"><hi>11</hi> Татьяна Ивановна Захарьина, жена Василия Борисовича Захарьина, крестная мать Т. А. Берс-Кузминской.</p>
<p rend="petit left"><hi>12</hi> Т. А. Кузминская так писала в своих воспоминаниях: «Присутствуя при операции отца, я уже смело осталась при Льве Николаевиче, тем более, что он сказал мне: «Напиши Соне всё подробно. Ей интересно будет знать про все мелочи». К сожалению, подробное письмо мое не сохранилось. Лев Николаевич очень спокойно приступил к операции, но не мог заснуть от хлороформа. Возились долго. Наконец, он вскочил с кресла, бледный, с открытыми блуждающими глазами; откинув от себя мешечек с хлороформом, он в бреду закричал на всю комнату: — Друзья мои, жить так нельзя... Я думаю... Я решил... — Он не договорил. Его посадили в кресло, подливая еще хлороформ. Он стал окончательно засыпать. Сидел передо мной мертвец, а не Лев Николаевич. Вдруг он страшно изменился в лице и затих. Двое служащих, по указанию Попова, тянули из всех сил руку Льва Николаевича, пока не выломали неправильно сросшуюся кость. Это было очень страшно. Мне казалось, что без хлороформа операция эта была бы немыслима. Меня охватил страх, что вот он сейчас проснется. Но нет, — когда рука безжизненно повисла, Попов ловко и сильно как бы вдвинул ее в плечо. Я как сейчас вижу всё это, такое сильное впечатление произвела на меня эта операция. Мама подавала лекарства, поддерживала его голову, и после наложенной повязки его стали приводить в чувство. Но это было почти так же трудно, как и усыпить его. Он долго не приходил в себя. Когда он очнулся, то пожаловался на боль в руке. Я просидела с ним весь вечер. Он страдал от тошноты — следствие хлороформа — и долго мучился ею. Когда же он через два-три дня писал Соне про операцию, он не упоминал о своих страданиях. Я спросила его: — Ты скрываешь это от нее? — Да нет, да я не особенно страдал. Я думал, будет хуже». («Моя жизнь дома и в Ясной поляне», 1864—1868. М. 1928, ч. III, стр. 19.)</p>
<p rend="petit left"><hi>13</hi> Степан Васильевич Ешевский (1829—1865), профессор всеобщей истории Московского университета по кафедре Грановского. Собрание его масонских рукописей — в Ленинградской Публичной библиотеке. Толстой брал у Ешевского книги для прочтения при работе над романом «1805 год» («Война и мир»).</p>
<p rend="petit left"><hi>14</hi> Семья жандармского генерала Степана Васильевича Перфильева (1796—1878).</p>
<p rend="petit left"><hi>15</hi> Василий Степанович Перфильев (1826—1890), сын Степана Васильевича от первого брака, в 1878—1887 гг. был московским <hi style="opdelimiter">губернатором;</hi><hi style="opnumber">66</hi> <hi style="npnumber">67</hi><hi style="npdelimiter">приятель</hi> Толстого, прототип Стивы Облонского в «Анне Карениной».</p>
<p rend="petit left"><hi>16</hi> Ольридж (Айра О.) (1804 или 1810—1867) — знаменитый актер негр. Выступал в трагедиях Шекспира. Объехал всю Европу. В России был в 1858 г. в Петербурге, позднее выступал на многих провинциальных сценах.</p>
<p rend="petit left"><hi>17</hi> Трагедия Шекспира.</p>
<p rend="petit left"><hi>18</hi> Анастасия Сергеевна Перфильева (ум. 1891 г.), рожд. Ланская, вторая жена С. В. Перфильева.</p>
<p rend="petit left"><hi>19</hi> «Гувернантка племянниц: Вари и Лизы Толстых, сделавшая свою фотографию в арабском мужском костюме» (п. С. А.).</p>
<p rend="petit left"><hi>20</hi> В доме Руднева в Туле жил знакомый Толстых Келлер.</p>
<p rend="petit left"><hi>21</hi> В письме от 28 ноября С. А. Толстая писала Льву Николаевичу: «Сережа всё ворчит, что вина нет; я, было, купила, да он в два дня выпил две бутылки наливки и одну марсалы, не считая водки. Я очень удивлялась. Как не быть геморрою, разве это здорово? На третий день вина не хватило, и он был очень недоволен. Что смешно, что он серьезно сердится, что мы не пьем и не держим вина» (не напечатано).</p>
<p rend="petit left"><hi>22</hi> Т. А. Ергольской.</p>
<p rend="petit left">На это письмо и следующее от 1 декабря С. А. Толстая отвечала в письме от 3 декабря: «(11 часов вечера). Сейчас получила два пакета за раз твоих, Таниных и папа писем, и вообрази, сидя в ванне читала их. Хоть бы ты еще когда-нибудь вздумал подиктовать Тане; с таким наслаждением читала я писанное твоим слогом, хоть не твоей рукой. Насчет руки не совсем еще утешительно, потому что не совсем еще она на месте. Наверное ли, только, что лучше? А мне-то как грустно стало, Левочка, что Любимов унес твою первую часть! И так хорошо, а вдруг еще бы лучше. То бранила, бранила, зачем поправляешь, а теперь самой жаль стало, что продал. Ужасно, свои мысли, чувства, свой талант, просто даже душу продал! Ей богу, очень жаль, пока не будет совсем напечатано, не оценят порядочные люди. Всё про именины вы хорошо описали, и в день операции суматохи было не мало. Я, читая, совсем перенеслась в ваш мир. А мне теперь мой, Яснополянский, милее. Видно, гнездо, которое сам совьешь, лучше того, из которого вылетишь» (ПСТ, стр. 40).</p>
</comments></div></body>
        </text>
        </TEI>