<?xml version='1.0' encoding='UTF-8' standalone='no'?>

<TEI xmlns="http://www.tei-c.org/ns/1.0">
       <teiHeader>
          <fileDesc>
             <titleStmt>
                <title>Письмо №220. П. И. Бартеневу.</title>
             </titleStmt>
             <publicationStmt>
                <publisher>TolstoyLab</publisher>
                <date when="2015-09-14">14 September 2015</date>
             </publicationStmt>
             <sourceDesc>
                <biblStruct>
                   <analytic>
                      <author>Толстой Л.Н.</author>
                   </analytic>
                   <monogr>
                      <title level="m">Полное собрание сочинений. Том 61</title>
                      <imprint>
                         <pubPlace>Москва</pubPlace>
                         <publisher>Государственное издательство "Художественная литература"</publisher>
                         <date when="1953"/>
                      </imprint>
                   </monogr>
                   <series>
                      <title level="s">Л.Н. Толстой. Полное собрание сочинений</title>
                      <biblScope unit="vol">61</biblScope>
                   </series>
                </biblStruct>
				<bibl>Впервые опубликовано в «Русском архиве», 1913, 12, стр. 833. При датировке принята во внимание пометка на письме, сделанная, очевидно, Бартеневым: «Получ. августа 9 1867 г.».</bibl>
             </sourceDesc>
          </fileDesc>
          <encodingDesc>
             <tagsDecl> </tagsDecl>
          </encodingDesc>
          <profileDesc>
             <correspDesc>
                <correspAction type="sending">
                   <persName ref="PersonList.xml#L_N_Tolstoy">Л. Н. Толстой</persName>
                   <placeName ref="PlacesListxml#PLACE">Я. П.</placeName>
                   <date when="1867-08-07">1867 г. Августа 7.</date>            </correspAction>
                <correspAction type="receiving">
                   <persName ref="PersonList.xml#RECEIVER">Бартенев Петр Иванович</persName>
                </correspAction>
                <correspContext>
                   <ref type="prev"/>
                </correspContext>
             </correspDesc>
          </profileDesc>
       </teiHeader>
       <xenoData><number type="in a volume">220</number></xenoData>

              <text xml:id="P__I__Bartenevu_220">
	<body><div>
		<opener index="false">
220. П. И. Бартеневу.
1867 г. Августа 7...8. Я. П.</opener>
<p rend="left">Я очень много сдал рукописи и коректур, так что дело никак не за мной, а за ними. Пожалуйста, погоняйте их. Во многих местах я ставлю черточки —— без № главы, пожалуйста, оставляйте их и коректорам в типографии велите на них обратить внимание.</p>
<p rend="left">Так как по новому распределению 1-й том — в особенности первая часть его будет очень велика,<note xml:id="note1" resp="volume_editor" index="false"> В окончательной редакции первого издания первый том состоял из двух частей. В первую вошла вся часть романа, уже напечатанная в «Русском вестнике» за 1865 и 1866 гг. (она заключала в себе 62 главы и занимала 297 стр.); вторую часть этого тома составили девятнадцать еще не напечатанных глав, занимавших 146 стр.</note> то в этой части постарайтесь как можно более сжимать и избегать <hi>абзацев</hi>, и, напротив, как можно более их делать во второй части и вообще во всем 2-м томе,<note xml:id="note2" resp="volume_editor" index="false"> Второй том этого издания был разбит тоже на две части, заключавшие в себе всего 36 глав, или 186 стр., т. е. немногим превышал вторую часть первого <hi style="opdelimiter">тома.</hi><hi style="opnumber">174</hi></note> который будет мал.</p>
<p rend="left">Из первой (напечатанной) части я велел присылать к себе коректуры всего, исключая тех листов, которые я означаю черточкой...<note xml:id="note3" resp="volume_editor" index="false"> В следующем письме, от 10 августа, Толстой отменил это распоряжение.</note></p>
<p rend="right">Л. Толстой.</p>
<comments><p rend="Textpetit_otstup left">Впервые опубликовано в «Русском архиве», 1913, 12, стр. 833. При датировке принята во внимание пометка на письме, сделанная, очевидно, Бартеневым: «Получ. августа 9 1867 г.».</p>
<p rend="Textpetit_otstup left"><hi>1</hi> В окончательной редакции первого издания первый том состоял из двух частей. В первую вошла вся часть романа, уже напечатанная в «Русском вестнике» за 1865 и 1866 гг. (она заключала в себе 62 главы и занимала 297 стр.); вторую часть этого тома составили девятнадцать еще не напечатанных глав, занимавших 146 стр.</p>
<p rend="petit left"><hi>2</hi> Второй том этого издания был разбит тоже на две части, заключавшие в себе всего 36 глав, или 186 стр., т. е. немногим превышал вторую часть первого <hi style="opdelimiter">тома.</hi><hi style="opnumber">174</hi></p>
<p rend="petit left"><hi style="npnumber">175</hi><hi style="npdelimiter">Во</hi> втором издании 1868—1869 гг. (о нем см. прим. 2 к письму № 267) первый том был разбит на три части; второй же том остался без изменений.</p>
<p rend="petit left"><hi>3</hi> В следующем письме, от 10 августа, Толстой отменил это распоряжение.</p>
</comments></div></body>
        </text>
        </TEI>