<?xml version='1.0' encoding='UTF-8' standalone='no'?>

<TEI xmlns="http://www.tei-c.org/ns/1.0">
       <teiHeader>
          <fileDesc>
             <titleStmt>
                <title>Письмо №258. С. А. Толстой</title>
             </titleStmt>
             <publicationStmt>
                <publisher>TolstoyLab</publisher>
                <date when="2015-09-14">14 September 2015</date>
             </publicationStmt>
             <sourceDesc>
                <biblStruct>
                   <analytic>
                      <author>Толстой Л.Н.</author>
                   </analytic>
                   <monogr>
                      <title level="m">Полное собрание сочинений. Том 83</title>
                      <imprint>
                         <pubPlace>Москва</pubPlace>
                         <publisher>Государственное издательство "Художественная литература"</publisher>
                         <date when="1938"/>
                      </imprint>
                   </monogr>
                   <series>
                      <title level="s">Л.Н. Толстой. Полное собрание сочинений</title>
                      <biblScope unit="vol">83</biblScope>
                   </series>
                </biblStruct>
				<bibl>Печатается по автографу, хранящемуся в АТБ. Впервые опубликовано по копии, сделанной С. А. Толстой, в ПЖ, стр. 212. Датируется на основании почтовых штемпелей: «Почтовый вагон. 29 января 1884; Москва. 29 января 1884» и пометы Толстого «суббота», которая падала на 28 января 1884 г.</bibl>
             </sourceDesc>
          </fileDesc>
          <encodingDesc>
             <tagsDecl> </tagsDecl>
          </encodingDesc>
          <profileDesc>
             <correspDesc>
                <correspAction type="sending">
                   <persName ref="PersonList.xml#L_N_Tolstoy">Л. Н. Толстой</persName>
                   <placeName ref="PlacesListxml#PLACE">Я. П.</placeName>
                   <date when="1884-01-28">1884 г. Января 28.</date>            </correspAction>
                <correspAction type="receiving">
                   <persName ref="PersonList.xml#RECEIVER">Толстая Софья Андреевна</persName>
                </correspAction>
                <correspContext>
                   <ref type="prev"/>
                </correspContext>
             </correspDesc>
          </profileDesc>
       </teiHeader>
       <xenoData><number type="in a volume">258</number></xenoData>

       <text xml:id="a28_258">
	<body><div>
		<opener index="false">
258.
1884 г. Января 28. Я. П.</opener>
<p rend="right"><hi>Суббота <choice><reg>вечером</reg><orig>вечеромъ</orig></choice>.</hi></p>
<p rend="left">Вчера <choice><reg>читал</reg><orig>читалъ</orig></choice> поздно книгу Droz.<note xml:id="note1" resp="volume_editor" index="false"> Речь идет о Гюставе Дрозе (1832—1895), а именно о его книге «Tristesse et sourires» 35-ème édit. Paris. 1884, сохранившейся в Яснополянской библиотеке.</note> Скажи <choice><reg>Сереже</reg><orig>Сережѣ</orig></choice>,<note xml:id="note2" resp="volume_editor" index="false"> С. Н. Толстому.</note> что книга очень хорошая. <choice><reg>Общий</reg><orig>Общiй</orig></choice> <choice><reg>взгляд</reg><orig>взглядъ</orig></choice> <choice><reg>нехорош</reg><orig>нехорошъ</orig></choice>, <choice><reg>молод</reg><orig>молодъ</orig></choice>, <choice><reg>зелен</reg><orig>зеленъ</orig></choice>, но много очень <choice><reg>умного</reg><orig>умнаго</orig></choice> и <choice><reg>хорошего</reg><orig>хорошаго</orig></choice>. Нынче <choice><reg>читал</reg><orig>читалъ</orig></choice> Шекспира <choice original_editorial_correction='Кор[и]олана'><sic>Королана</sic><corr><choice><reg>Кориолана</reg><orig>Корiолана</orig></choice></corr></choice> — прекрасный <choice><reg>немецкий</reg><orig>нѣмецкiй</orig></choice> <choice><reg>перевод</reg><orig>переводъ</orig></choice>, — <hi style="opdelimiter">читается</hi><hi style="opnumber">414</hi> <hi style="npnumber">415</hi><hi style="npdelimiter">очень</hi> легко, но — <choice><reg>несомненная</reg><orig>несомнѣнная</orig></choice> чепуха, которая <choice><reg>может</reg><orig>можетъ</orig></choice> нравиться только <choice><reg>актерам</reg><orig>актерамъ</orig></choice>.</p>
<p rend="left">Нынче не здоровится<note xml:id="note3" resp="volume_editor" index="false"> С. А. Толстая писала в ответ 29 января: «Сейчас получила твое письмо, милый Левочка, и очень грустно, что тебе нездоровится».</note> и не хочется на <choice><reg>мороз</reg><orig>морозъ</orig></choice>. Должно быть, вчера <choice><reg>слишком</reg><orig>слишкомъ</orig></choice> <choice><reg>устал</reg><orig>усталъ</orig></choice>. <choice><reg>Сейчас</reg><orig>Сейчасъ</orig></choice> <choice><reg>сидят</reg><orig>сидятъ</orig></choice> гости: <choice original_editorial_correction='Агаф[ья]'><sic>Агаф</sic><corr>Агафья</corr></choice> <choice original_editorial_correction='Мих[айловна]'><sic>Мих</sic><corr>Михайловна</corr></choice>, <choice original_editorial_correction='Дмитр[ий]'><sic>Дмитр</sic><corr><choice><reg>Дмитрий</reg><orig>Дмитрiй</orig></choice></corr></choice> <choice original_editorial_correction='Федор[ович]'><sic><choice><reg>Федор</reg><orig>Ѳедор</orig></choice></sic><corr><choice><reg>Федорович</reg><orig>Ѳедоровичъ</orig></choice></corr></choice><note xml:id="note4" resp="volume_editor" index="false"> Виноградов — яснополянский учитель, переписчик Толстого.</note> и <choice><reg>Митрофан</reg><orig>Митрофанъ</orig></choice>, и <choice><reg>мешают</reg><orig>мѣшаютъ</orig></choice> <choice><reg>мне</reg><orig>мнѣ</orig></choice> писать, да и писать нечего. — <choice><reg>В</reg><orig>Въ</orig></choice> <choice><reg>доме</reg><orig>домѣ</orig></choice> тепло, и завтра перейду, если не <choice><reg>будет</reg><orig>будетъ</orig></choice> холодно и угарно. — Не бойся, я <choice><reg>сам</reg><orig>самъ</orig></choice> <choice><reg>под</reg><orig>подъ</orig></choice> старость невольно <choice><reg>так</reg><orig>такъ</orig></choice> себя берегу, что даже противно. <choice><reg>Как</reg><orig>Какъ</orig></choice> вы <choice><reg>все</reg><orig>всѣ</orig></choice> живете? Очень <choice><reg>уж</reg><orig>ужъ</orig></choice> много <choice><reg>вас</reg><orig>васъ</orig></choice>, и на <choice><reg>каждого</reg><orig>каждаго</orig></choice> много <choice><reg>соблазнов</reg><orig>соблазновъ</orig></choice>. <choice><reg>Целую</reg><orig>Цѣлую</orig></choice> тебя и <choice><reg>детей</reg><orig>дѣтей</orig></choice>.</p>
<p rend="right">Л. Т.</p>
<lb/>
<p rend="left"><hi>На конверте:</hi> Москва. Хамовники. <choice><reg>Дом</reg><orig>Домъ</orig></choice> Графа <choice><reg>Толстого</reg><orig>Толстаго</orig></choice>. <choice><reg>Графине</reg><orig>Графинѣ</orig></choice> <choice><reg>Софье</reg><orig>Софьѣ</orig></choice> <choice><reg>Андревне</reg><orig>Андревнѣ</orig></choice> Толстой.</p>
<comments><p rend="Textpetit_otstup left">Печатается по автографу, хранящемуся в АТБ. Впервые опубликовано по копии, сделанной С. А. Толстой, в ПЖ, стр. 212. Датируется на основании почтовых штемпелей: «Почтовый вагон. 29 января 1884; Москва. 29 января 1884» и пометы Толстого «суббота», которая падала на 28 января 1884 г.</p>
<p rend="Textpetit_otstup left"><hi>1</hi> Речь идет о Гюставе Дрозе (1832—1895), а именно о его книге «Tristesse et sourires» 35-ème édit. Paris. 1884, сохранившейся в Яснополянской библиотеке.</p>
<p rend="petit left"><hi>2</hi> С. Н. Толстому.</p>
<p rend="petit left"><hi>3</hi> С. А. Толстая писала в ответ 29 января: «Сейчас получила твое письмо, милый Левочка, и очень грустно, что тебе нездоровится».</p>
<p rend="petit left"><hi>4</hi> Виноградов — яснополянский учитель, переписчик Толстого.</p>
</comments></div></body>
        </text>
        </TEI>