<?xml version='1.0' encoding='UTF-8' standalone='no'?>

<TEI xmlns="http://www.tei-c.org/ns/1.0">
       <teiHeader>
          <fileDesc>
             <titleStmt>
                <title>Письмо №179. С. А. Толстой</title>
             </titleStmt>
             <publicationStmt>
                <publisher>TolstoyLab</publisher>
                <date when="2015-09-14">14 September 2015</date>
             </publicationStmt>
             <sourceDesc>
                <biblStruct>
                   <analytic>
                      <author>Толстой Л.Н.</author>
                   </analytic>
                   <monogr>
                      <title level="m">Полное собрание сочинений. Том 83</title>
                      <imprint>
                         <pubPlace>Москва</pubPlace>
                         <publisher>Государственное издательство "Художественная литература"</publisher>
                         <date when="1938"/>
                      </imprint>
                   </monogr>
                   <series>
                      <title level="s">Л.Н. Толстой. Полное собрание сочинений</title>
                      <biblScope unit="vol">83</biblScope>
                   </series>
                </biblStruct>
				<bibl>Печатается по автографу, хранящемуся в АТБ. Впервые отрывок из письма опубликован в Б, II, стр 396, полностью — по копии, сделанной С. А. Толстой, в ПЖ, стр. 133—134. Датируется на основании почтовых штемпелей: «Борская. 21 июля 1881; Тула. 24 июля 1881» и слов письма «нынче я с Вас. Ив. (воскресенье)»; Воскресенье падало на 19 июля 1881 г. Бирюковым, С. А. Толстой и Пругавиным датируется 20 июля.</bibl>
             </sourceDesc>
          </fileDesc>
          <encodingDesc>
             <tagsDecl> </tagsDecl>
          </encodingDesc>
          <profileDesc>
             <correspDesc>
                <correspAction type="sending">
                   <persName ref="PersonList.xml#L_N_Tolstoy">Л. Н. Толстой</persName>
                   <placeName ref="PlacesListxml#PLACE">Хутор на Моче.</placeName>
                   <date when="1881-07-19">1881 г. Июля 19.</date>            </correspAction>
                <correspAction type="receiving">
                   <persName ref="PersonList.xml#RECEIVER">Толстая Софья Андреевна</persName>
                </correspAction>
                <correspContext>
                   <ref type="prev"/>
                </correspContext>
             </correspDesc>
          </profileDesc>
       </teiHeader>
       <xenoData><number type="in a volume">179</number></xenoData>

       <text xml:id="a19_179">
	<body><div>
		<opener index="false">
179.
1881 г. Июля 19. Хутор на Моче.</opener>
<p rend="left">Завтра <choice><reg>будет</reg><orig>будетъ</orig></choice> <choice><reg>неделя</reg><orig>недѣля</orig></choice>, милый <choice><reg>друг</reg><orig>другъ</orig></choice>, что я <choice><reg>уехал</reg><orig>уѣхалъ</orig></choice>, и <choice><reg>уж</reg><orig>ужъ</orig></choice> 5 дней, что я не <choice><reg>писал</reg><orig>писалъ</orig></choice> <choice><reg>тебе</reg><orig>тебѣ</orig></choice>, и меня ужасно <choice><reg>тяготит</reg><orig>тяготитъ</orig></choice> наша разлука; хотя <choice><reg>мне</reg><orig>мнѣ</orig></choice> <choice><reg>здесь</reg><orig>здѣсь</orig></choice> очень хорошо. Когда получу <choice><reg>от</reg><orig>отъ</orig></choice> тебя письма и буду знать, что ты получила мои, тогда успокоюсь. <choice><reg>Здесь</reg><orig>Здѣсь</orig></choice> <choice><reg>нынешний</reg><orig>нынѣшнiй</orig></choice> <choice><reg>год</reg><orig>годъ</orig></choice> во <choice><reg>всех</reg><orig>всѣхъ</orig></choice> <choice><reg>отношениях</reg><orig>отношенiяхъ</orig></choice> прекрасно. — Погода жаркая, ясная, а сухости еще <choice><reg>нет</reg><orig>нѣтъ</orig></choice>; степь зеленая, <choice><reg>свежая</reg><orig>свѣжая</orig></choice>, ковыль <choice><reg>везде</reg><orig>вездѣ</orig></choice> зеленый, <choice><reg>зацветает</reg><orig>зацвѣтаетъ</orig></choice> 2-й <choice><reg>раз</reg><orig>разъ</orig></choice>. <choice><reg>Хлебà</reg><orig>Хлѣбà</orig></choice> <choice><reg>хорошие</reg><orig>хорошiе</orig></choice>, хотя и не <choice><reg>везде</reg><orig>вездѣ</orig></choice>, у <choice><reg>нас</reg><orig>насъ</orig></choice> очень <choice><reg>хорошие</reg><orig>хорошiе</orig></choice>. <choice><reg>В</reg><orig>Въ</orig></choice> <choice><reg>доме</reg><orig>домѣ</orig></choice> чисто, просторно; <choice><reg>мух</reg><orig>мухъ</orig></choice> <choice><reg>совсем</reg><orig>совсѣмъ</orig></choice> <choice><reg>нет</reg><orig>нѣтъ</orig></choice> — <choice><reg>как</reg><orig>какъ</orig></choice> <choice><reg>в</reg><orig>въ</orig></choice> <choice><reg>Ясном</reg><orig>Ясномъ</orig></choice>. Лошадей много для <choice><reg>езды</reg><orig>ѣзды</orig></choice>, <choice><reg>кумыс</reg><orig>кумысъ</orig></choice> прекрасный. <choice original_editorial_correction='Вас[илий]'><sic>Вас</sic><corr><choice><reg>Василий</reg><orig>Василiй</orig></choice></corr></choice> <choice original_editorial_correction='Ив[анович]'><sic>Ив</sic><corr><choice><reg>Иванович</reg><orig>Ивановичъ</orig></choice></corr></choice><note xml:id="note1" resp="volume_editor" index="false"> Василий Иванович Алексеев. В 1881 г. поселился в Самарской губернии, взяв у Толстого землю в аренду.</note> и <choice><reg>в</reg><orig>въ</orig></choice> особенности <choice original_editorial_correction='Лиз[авета]'><sic>Лиз</sic><corr>Лизавета</corr></choice> <choice original_editorial_correction='Ал[ександровна]'><sic>Ал</sic><corr>Александровна</corr></choice><note xml:id="note2" resp="volume_editor" index="false"> Елизавета Александровна Алексеева, жена В. И. Алексеева; первым ее мужем был Маликов.</note> <choice><reg>ухаживают</reg><orig>ухаживаютъ</orig></choice> за нами <choice><reg>так</reg><orig>такъ</orig></choice>, что <choice><reg>совестно</reg><orig>совѣстно</orig></choice>. — <choice original_editorial_correction='Алекс[ей]'><sic>Алекс</sic><corr><choice><reg>Алексей</reg><orig>Алексѣй</orig></choice></corr></choice> <choice original_editorial_correction='Алекс[еевич]'><sic>Алекс</sic><corr><choice><reg>Алексеевич</reg><orig>Алексѣевичъ</orig></choice></corr></choice><note xml:id="note3" resp="volume_editor" index="false"> А. А. Бибиков, в то время управляющий Самарским имением Толстого.</note> <choice><reg>живет</reg><orig>живетъ</orig></choice> за полверсты <choice><reg>вниз</reg><orig>внизъ</orig></choice> по <choice><reg>Моче</reg><orig>Мочѣ</orig></choice>,<note xml:id="note4" resp="volume_editor" index="false"> Моча — левый приток Волги, берет начало из отрогов Общего Сырта, близ границы Николаевского и Бузулукского уездов Самарской губернии.</note> <choice><reg>в</reg><orig>въ</orig></choice> своей <choice><reg>землянке</reg><orig>землянкѣ</orig></choice>. Я вчера <choice><reg>был</reg><orig>былъ</orig></choice> у него. У него землянка обита обоями: чисто, весело. Хозяйка его — сконфуженная, молчаливая женщина. <choice><reg>Кумыс</reg><orig>Кумысъ</orig></choice> отличный. Мухамеша<note xml:id="note5" resp="volume_editor" index="false">Башкирец, приготовлявший кумыс Толстому. О нем см. прим. 4 к письму № 145. Жену Мухамедшаха звали Алифой.</note> еще глаже, <choice><reg>чем</reg><orig>чѣмъ</orig></choice> <choice><reg>был</reg><orig>былъ</orig></choice>. За <choice><reg>занавеской</reg><orig>занавѣской</orig></choice> жена и <choice><reg>пищит</reg><orig>пищитъ</orig></choice> новорожденный Мухомеша. <choice><reg>Он</reg><orig>Онъ</orig></choice>, <choice><reg>смеясь</reg><orig>смѣясь</orig></choice> и конфузясь, <choice><reg>говорит</reg><orig>говоритъ</orig></choice>: «молодой <choice><reg>угодил</reg><orig>угодилъ</orig></choice>».</p>
<p rend="left">Лошади, жеребцы, больше 10 <choice><reg>штук</reg><orig>штукъ</orig></choice>, очень хороши. Я не <choice><reg>ожидал</reg><orig>ожидалъ</orig></choice> <choice><reg>таких</reg><orig>такихъ</orig></choice>. Должно, я приведу осенью для продажи и для себя. Лошади <choice><reg>замечательно</reg><orig>замѣчательно</orig></choice> удались, несмотря на голодные года, <choice><reg>в</reg><orig>въ</orig></choice> <choice original_editorial_correction='к[оторые]'><sic>к</sic><corr>которые</corr></choice> они голодали, и много истратилось. — Есть лошади, по-моему, по дешевой <choice><reg>цене</reg><orig>цѣне</orig></choice> <choice><reg>в</reg><orig>въ</orig></choice> 300 [рублей] и больше.</p>
<p rend="left">Сережа первые дни <choice><reg>был</reg><orig>былъ</orig></choice> <choice><reg>хорош</reg><orig>хорошъ</orig></choice>, но <choice><reg>с</reg><orig>съ</orig></choice> <choice><reg>своим</reg><orig>своимъ</orig></choice> <choice><reg>упрямством</reg><orig>упрямствомъ</orig></choice> и неряшливостью купался <choice><reg>в</reg><orig>въ</orig></choice> самый <choice><reg>жар</reg><orig>жаръ</orig></choice> и по <choice><reg>нескольку</reg><orig>нѣскольку</orig></choice> <choice><reg>раз</reg><orig>разъ</orig></choice> и теперь, со <choice><reg>вчерашнего</reg><orig>вчерашняго</orig></choice> дня, у него ненавистная <choice><reg>тебе</reg><orig>тебѣ</orig></choice> — Самарская <choice><reg>болезнь</reg><orig>болѣзнь</orig></choice>.<note xml:id="note6" resp="volume_editor" index="false"> Дизентерия.</note> Это было и [у] Кости,<note xml:id="note7" resp="volume_editor" index="false"> Костя Игнатович — внук акушерки С. А. Толстой Марии Ивановны Абрамович. Абрамович была хорошая знакомая Алексеевых, через нее В. И. Алексеев поступил учителем к <hi style="opdelimiter">Толстым.</hi><hi style="opnumber">294</hi></note> и у <choice original_editorial_correction='Бибик[ова]'><sic>Бибик</sic><corr>Бибикова</corr></choice>, и у <choice><reg>всех</reg><orig>всѣхъ</orig></choice> <choice><reg>после</reg><orig>послѣ</orig></choice> купанья. Я пью <choice><reg>кумыс</reg><orig>кумысъ</orig></choice> <choice><reg>с</reg><orig>съ</orig></choice> <choice><reg>большим</reg><orig>большимъ</orig></choice> <choice><reg>удовольствием</reg><orig>удовольствiемъ</orig></choice> и чувствую, <choice><reg>как</reg><orig>какъ</orig></choice> мысли тише <choice><reg>ходят</reg><orig>ходятъ</orig></choice>, и становишься сонливее, <choice><reg>спокойнее</reg><orig>спокойнѣе</orig></choice> и <choice><reg>глупее</reg><orig>глупѣе</orig></choice>. —</p>
<p rend="left">Виды на <choice><reg>доход</reg><orig>доходъ</orig></choice> <choice><reg>более</reg><orig>болѣе</orig></choice> 10 <choice original_editorial_correction='т[ысяч]'><sic>т</sic><corr><choice><reg>тысяч</reg><orig>тысячъ</orig></choice></corr></choice>, <choice><reg>мне</reg><orig>мнѣ</orig></choice> кажутся <choice><reg>верными</reg><orig>вѣрными</orig></choice>, но я уже столько <choice><reg>раз</reg><orig>разъ</orig></choice> ошибался, что боюсь <choice><reg>верить</reg><orig>вѣрить</orig></choice>. Нынче я <choice><reg>с</reg><orig>съ</orig></choice> Вас. Ив. (воскресенье) <choice><reg>провел</reg><orig>провелъ</orig></choice> <choice><reg>целый</reg><orig>цѣлый</orig></choice> день <choice><reg>в</reg><orig>въ</orig></choice> <choice><reg>Патровке</reg><orig>Патровкѣ</orig></choice>, на <choice><reg>Молоканском</reg><orig>Молоканскомъ</orig></choice> <choice><reg>собрании</reg><orig>собранiи</orig></choice>, <choice><reg>обеде</reg><orig>обѣдѣ</orig></choice> и на <choice><reg>волостном</reg><orig>волостномъ</orig></choice> <choice><reg>суде</reg><orig>судѣ</orig></choice>, и опять на <choice><reg>молоканском</reg><orig>молоканскомъ</orig></choice> <choice><reg>собрании</reg><orig>собранiи</orig></choice>. <choice><reg>В</reg><orig>Въ</orig></choice> <choice><reg>Патровке</reg><orig>Патровкѣ</orig></choice><note xml:id="note8" resp="volume_editor" index="false"> Село при реке Съезжей в 20 верстах от хутора Толстого.</note> мы нашли Пругавин<note xml:id="note9" resp="volume_editor" index="false"> Александр Степанович Пругавин (1850—1920), публицист. Специально изучал раскол и сектантство. В «Неделе» за 1885 г. в № 39 опубликовал статью «Граф Лев Николаевич и Сютаев». Большая часть других статей Пругавина о Толстом сгруппированы в его сборнике «О Льве Толстом и о толстовцах» М. 1911. В момент знакомства с Толстым Пругавин печатал статьи: «Современное движение в сектантстве» («Голос» 1881 г., июнь и июль). О знакомстве Пругавина с Толстым и об описываемом в письме дне см. «О Льве Толстом и о толстовцах», стр. 42—60.</note> (<choice><reg>он</reg><orig>онъ</orig></choice> <choice><reg>пишет</reg><orig>пишетъ</orig></choice> о <choice><reg>расколе</reg><orig>расколѣ</orig></choice>), очень интересный степенный <choice><reg>человек</reg><orig>человѣкъ</orig></choice>. Весь день провели<note xml:id="note10" resp="volume_editor" index="false"> <hi>Зачеркнуто:</hi> у Иван[а Дмитриевича] (И. Д. Кудрин — хозяин дома в Патровке, где помещалась общественная моленная молокан, в которой происходили их собрания).</note> очень интересно. На <hi style="opdelimiter"><choice><reg>собрании</reg><orig>собранiи</orig></choice></hi><hi style="opnumber">293</hi> <hi style="npnumber">294</hi><hi style="npdelimiter">была</hi> <choice><reg>беседа</reg><orig>бесѣда</orig></choice> <choice><reg>об</reg><orig>объ</orig></choice> <choice><reg>Евангелии</reg><orig>Евангелiи</orig></choice>. Есть умные люди и удивительные по своей <choice><reg>смелости</reg><orig>смѣлости</orig></choice>. —</p>
<p rend="left">Работа <choice><reg>здесь</reg><orig>здѣсь</orig></choice> <choice><reg>идет</reg><orig>идетъ</orig></choice> — молотьба ржи молотилкой <choice><reg>перед</reg><orig>передъ</orig></choice> <choice><reg>домом</reg><orig>домомъ</orig></choice>. <choice><reg>Идет</reg><orig>Идетъ</orig></choice> все споро, хорошо. Работники и <choice><reg>все</reg><orig>всѣ</orig></choice> <choice><reg>хозяйственные</reg><orig>хозяйственныя</orig></choice> <choice><reg>дела</reg><orig>дѣла</orig></choice> у Бибикова очень хорошо налажены. Первую ночь <choice><reg>здесь</reg><orig>здѣсь</orig></choice> я <choice><reg>разбудил</reg><orig>разбудилъ</orig></choice> Сережу <choice><reg>тем</reg><orig>тѣмъ</orig></choice>, что <choice><reg>заорал</reg><orig>заоралъ</orig></choice> во все горло: Соня! Это <choice><reg>был</reg><orig>былъ</orig></choice> <choice><reg>кошмар</reg><orig>кошмаръ</orig></choice> — душило что-то. <choice><reg>Остальные</reg><orig>Остальныя</orig></choice> ночи сплю хорошо. Я <choice><reg>в</reg><orig>въ</orig></choice> <choice><reg>последней</reg><orig>послѣдней</orig></choice> <choice><reg>комнате</reg><orig>комнатѣ</orig></choice> — Эмили<note xml:id="note11" resp="volume_editor" index="false"> Эмили Тэбор, жившая у Толстых в 1870-ых гг., англичанка.</note> <choice><reg>где</reg><orig>гдѣ</orig></choice> была, а Сережа <choice><reg>в</reg><orig>въ</orig></choice> нашей <choice><reg>спальне</reg><orig>спальнѣ</orig></choice>. Сережа <choice><reg>завтракает</reg><orig>завтракаетъ</orig></choice> <choice><reg>в</reg><orig>въ</orig></choice> 12 и <choice><reg>ужинает</reg><orig>ужинаетъ</orig></choice> <choice><reg>в</reg><orig>въ</orig></choice> <choice><reg>10-м</reg><orig>10-мъ</orig></choice>, <choice><reg>с</reg><orig>съ</orig></choice> <choice original_editorial_correction='Вас[илия]'><sic>Вас</sic><corr><choice><reg>Василия</reg><orig>Василiя</orig></choice></corr></choice> <choice original_editorial_correction='И[вановича]'><sic>И</sic><corr>Ивановича</corr></choice> семьей, я только <choice><reg>ем</reg><orig>ѣмъ</orig></choice> за <choice><reg>ужином</reg><orig>ужиномъ</orig></choice>. — <choice><reg>Как</reg><orig>Какъ</orig></choice> ты? Что <choice><reg>дети</reg><orig>дѣти</orig></choice>? Вы <choice><reg>все</reg><orig>всѣ</orig></choice>. По многу <choice><reg>раз</reg><orig>разъ</orig></choice> на день вспомню и вглядываюсь <choice><reg>в</reg><orig>въ</orig></choice> темноту, и ничего не вижу. <choice><reg>Целую</reg><orig>Цѣлую</orig></choice> <choice><reg>всех</reg><orig>всѣхъ</orig></choice>, и <choice><reg>мальчиков</reg><orig>мальчиковъ</orig></choice><note xml:id="note12" resp="volume_editor" index="false"> Т. е. Илья, Лев, Андрей, Михаил.</note> <choice><reg>милых</reg><orig>милыхъ</orig></choice> очень, и <choice><reg>Кузминских</reg><orig>Кузминскихъ</orig></choice>.<note xml:id="note13" resp="volume_editor" index="false"> А. М. и Т. А. Кузминские с семейством проводили лето в Ясной поляне.</note> Очень <choice><reg>тебе</reg><orig>тебѣ</orig></choice> тяжело и скучно. <choice><reg>Даст</reg><orig>Дастъ</orig></choice> <choice><reg>Бог</reg><orig>Богъ</orig></choice> <choice><reg>приеду</reg><orig>прiѣду</orig></choice>, я <choice><reg>тебе</reg><orig>тебѣ</orig></choice> буду служить по <choice original_editorial_correction='московск[им]'><sic>московск</sic><corr><choice><reg>московским</reg><orig>московскимъ</orig></choice></corr></choice> <choice><reg>делам</reg><orig>дѣламъ</orig></choice> усердно, только приказывай. <choice><reg>Следующия</reg><orig>Слѣдующiя</orig></choice> письма адресуй не <choice><reg>в</reg><orig>въ</orig></choice> Самару, а <choice><reg>в</reg><orig>въ</orig></choice> Богатое. Туда чаще случай. Работать все хочу начать и <choice><reg>пробовал</reg><orig>пробовалъ</orig></choice>, но <choice><reg>нейдет</reg><orig>нейдетъ</orig></choice>. <choice><reg>Одного</reg><orig>Однаго</orig></choice> <choice><reg>мне</reg><orig>мнѣ</orig></choice> бы <choice><reg>хотелось</reg><orig>хотѣлось</orig></choice> — справить свой геморой, а то <choice><reg>он</reg><orig>онъ</orig></choice> на душевное <choice><reg>состояние</reg><orig>состоянiе</orig></choice> <choice><reg>давит</reg><orig>давитъ</orig></choice>. Смотри же, люби меня хорошенько.</p>
<lb/>
<p rend="left"><hi>На конверте:</hi> <choice><reg>В</reg><orig>Въ</orig></choice> Тулу. Е. С. <choice><reg>Графине</reg><orig>Графинѣ</orig></choice> <choice><reg>Софье</reg><orig>Софьѣ</orig></choice> <choice><reg>Андреевне</reg><orig>Андреевнѣ</orig></choice> <hi>Толстой.</hi></p>
<comments><p rend="Textpetit_otstup left">Печатается по автографу, хранящемуся в АТБ. Впервые отрывок из письма опубликован в Б, II, стр 396, полностью — по копии, сделанной С. А. Толстой, в ПЖ, стр. 133—134. Датируется на основании почтовых штемпелей: «Борская. 21 июля 1881; Тула. 24 июля 1881» и слов письма «нынче я с Вас. Ив. (воскресенье)»; Воскресенье падало на 19 июля 1881 г. Бирюковым, С. А. Толстой и Пругавиным датируется 20 июля.</p>
<p rend="Textpetit_otstup left"><hi>1</hi> Василий Иванович Алексеев. В 1881 г. поселился в Самарской губернии, взяв у Толстого землю в аренду.</p>
<p rend="petit left"><hi>2</hi> Елизавета Александровна Алексеева, жена В. И. Алексеева; первым ее мужем был Маликов.</p>
<p rend="petit left"><hi>3</hi> А. А. Бибиков, в то время управляющий Самарским имением Толстого.</p>
<p rend="petit left"><hi>4</hi> Моча — левый приток Волги, берет начало из отрогов Общего Сырта, близ границы Николаевского и Бузулукского уездов Самарской губернии.</p>
<p rend="petit left"><hi>5 </hi>Башкирец, приготовлявший кумыс Толстому. О нем см. прим. 4 к письму № 145. Жену Мухамедшаха звали Алифой.</p>
<p rend="petit left"><hi>6</hi> Дизентерия.</p>
<p rend="petit left"><hi>7</hi> Костя Игнатович — внук акушерки С. А. Толстой Марии Ивановны Абрамович. Абрамович была хорошая знакомая Алексеевых, через нее В. И. Алексеев поступил учителем к <hi style="opdelimiter">Толстым.</hi><hi style="opnumber">294</hi></p>
<p rend="petit left"><hi>8</hi> Село при реке Съезжей в 20 верстах от хутора Толстого.</p>
<p rend="petit left"><hi>9</hi> Александр Степанович Пругавин (1850—1920), публицист. Специально изучал раскол и сектантство. В «Неделе» за 1885 г. в № 39 опубликовал статью «Граф Лев Николаевич и Сютаев». Большая часть других статей Пругавина о Толстом сгруппированы в его сборнике «О Льве Толстом и о толстовцах» М. 1911. В момент знакомства с Толстым Пругавин печатал статьи: «Современное движение в сектантстве» («Голос» 1881 г., июнь и июль). О знакомстве Пругавина с Толстым и об описываемом в письме дне см. «О Льве Толстом и о толстовцах», стр. 42—60.</p>
<p rend="petit left"><hi>10</hi> <hi>Зачеркнуто:</hi> у Иван[а Дмитриевича] (И. Д. Кудрин — хозяин дома в Патровке, где помещалась общественная моленная молокан, в которой происходили их собрания).</p>
<p rend="petit left"><hi>11</hi> Эмили Тэбор, жившая у Толстых в 1870-ых гг., англичанка.</p>
<p rend="petit left"><hi>12</hi> Т. е. Илья, Лев, Андрей, Михаил.</p>
<p rend="petit left"><hi>13</hi> А. М. и Т. А. Кузминские с семейством проводили лето в Ясной поляне.</p>
</comments></div></body>
        </text>
        </TEI>