<?xml version='1.0' encoding='UTF-8' standalone='no'?>

<TEI xmlns="http://www.tei-c.org/ns/1.0">
       <teiHeader>
          <fileDesc>
             <titleStmt>
                <title>Письмо №219. С. А. Толстой</title>
             </titleStmt>
             <publicationStmt>
                <publisher>TolstoyLab</publisher>
                <date when="2015-09-14">14 September 2015</date>
             </publicationStmt>
             <sourceDesc>
                <biblStruct>
                   <analytic>
                      <author>Толстой Л.Н.</author>
                   </analytic>
                   <monogr>
                      <title level="m">Полное собрание сочинений. Том 83</title>
                      <imprint>
                         <pubPlace>Москва</pubPlace>
                         <publisher>Государственное издательство "Художественная литература"</publisher>
                         <date when="1938"/>
                      </imprint>
                   </monogr>
                   <series>
                      <title level="s">Л.Н. Толстой. Полное собрание сочинений</title>
                      <biblScope unit="vol">83</biblScope>
                   </series>
                </biblStruct>
             </sourceDesc>
          </fileDesc>
          <encodingDesc>
             <tagsDecl> </tagsDecl>
          </encodingDesc>
          <profileDesc>
             <correspDesc>
                <correspAction type="sending">
                   <persName ref="PersonList.xml#L_N_Tolstoy">Л. Н. Толстой</persName>
                   <placeName ref="PlacesListxml#PLACE">Москва.</placeName>
                   <date when="1882-09-16">1882 г. Сентября 16.</date>            </correspAction>
                <correspAction type="receiving">
                   <persName ref="PersonList.xml#RECEIVER">Толстая Софья Андреевна</persName>
                </correspAction>
                <correspContext>
                   <ref type="prev"/>
                </correspContext>
             </correspDesc>
          </profileDesc>
       </teiHeader>
       <xenoData><number type="in a volume">219</number></xenoData>

       <text xml:id="a16_219">
	<body><div>
		<opener index="false">
219.
1882 г. Сентября 16. Москва.</opener>
<p rend="right"><hi><choice><reg>Четверг</reg><orig>Четвергъ</orig></choice> 11 <choice><reg>часов</reg><orig>часовъ</orig></choice> утра.</hi></p>
<p rend="left"><choice><reg>Сейчас</reg><orig>Сейчасъ</orig></choice> <choice><reg>сидел</reg><orig>сидѣлъ</orig></choice> за <choice><reg>кофеем</reg><orig>кофеемъ</orig></choice> и <choice><reg>думал</reg><orig>думалъ</orig></choice> о <choice><reg>разном</reg><orig>разномъ</orig></choice>, и <choice><reg>чувствовал</reg><orig>чувствовалъ</orig></choice> <choice><reg>лишение</reg><orig>лишенiе</orig></choice>, что не могу <choice><reg>тебе</reg><orig>тебѣ</orig></choice> сказать, у тебя спросить, и <choice><reg>почувствовал</reg><orig>почувствовалъ</orig></choice>, что <choice><reg>мне</reg><orig>мнѣ</orig></choice> скучно и грустно <choice><reg>без</reg><orig>безъ</orig></choice> тебя; и <choice><reg>тут</reg><orig>тутъ</orig></choice> же принесли твое хорошее письмо <choice><reg>от</reg><orig>отъ</orig></choice> вторника.<note xml:id="note1" resp="volume_editor" index="false"> Письмо от 14 сентября. См. комментарий к письму № 214.</note> Все <choice><reg>так</reg><orig>такъ</orig></choice> пусть и <choice><reg>будет</reg><orig>будетъ</orig></choice>, если ничто не <choice><reg>помешает</reg><orig>помѣшаетъ</orig></choice>.<note xml:id="note2" resp="volume_editor" index="false"> С. А. Толстая предполагала 17 сентября отправить сына Илью из Ясной поляны в Москву, чтобы он начал занятия в гимназии.</note> Мальчики <choice><reg>будут</reg><orig>будутъ</orig></choice> <choice><reg>есть</reg><orig>ѣсть</orig></choice> дома. У <choice><reg>нас</reg><orig>насъ</orig></choice> это налажено и <choice><reg>без</reg><orig>безъ</orig></choice> кухарки прекрасно <choice><reg>идет</reg><orig>идетъ</orig></choice>, — немного по-робинзоновски, но <choice><reg>от</reg><orig>отъ</orig></choice> <choice><reg>этого</reg><orig>этаго</orig></choice> только <choice><reg>веселей</reg><orig>веселѣй</orig></choice>. А вкусно и сытно. Я понимаю, что <choice><reg>матери-кормилице</reg><orig>матери-кормилицѣ</orig></choice> должно быть особенно больно, когда <choice><reg>дети</reg><orig>дѣти</orig></choice> <choice><reg>худеют</reg><orig>худѣютъ</orig></choice>: «я выкормила <choice><reg>сытого</reg><orig>сытаго</orig></choice>, а теперь испортили». <choice><reg>Леле</reg><orig>Лелѣ</orig></choice> не <choice><reg>дадим</reg><orig>дадимъ</orig></choice> <choice><reg>похудеть</reg><orig>похудѣть</orig></choice>, хотя <choice><reg>он</reg><orig>онъ</orig></choice> и <choice><reg>испортил</reg><orig>испортилъ</orig></choice> <choice><reg>себе</reg><orig>себѣ</orig></choice> <choice><reg>желудок</reg><orig>желудокъ</orig></choice> на день, теперь опять <choice><reg>весел</reg><orig>веселъ</orig></choice> и <choice><reg>здоров</reg><orig>здоровъ</orig></choice>. <choice><reg>Он</reg><orig>Онъ</orig></choice> <choice><reg>в</reg><orig>въ</orig></choice> <choice><reg>гимназии</reg><orig>гимназiи</orig></choice>, Сережа <choice><reg>в</reg><orig>въ</orig></choice> <choice><reg>университете</reg><orig>университетѣ</orig></choice>, а я сижу у <choice><reg>открытого</reg><orig>открытаго</orig></choice> на <choice><reg>сад</reg><orig>садъ</orig></choice> окна и пишу. Вчера я <choice><reg>подбодрил</reg><orig>подбодрилъ</orig></choice> <choice original_editorial_correction='архитек[тора]'><sic>архитек</sic><corr>архитектора</corr></choice> и нынче <choice><reg>топят</reg><orig>топятъ</orig></choice> <choice><reg>все</reg><orig>всѣ</orig></choice> печи, и маляры <choice><reg>красят</reg><orig>красятъ</orig></choice> <choice><reg>от</reg><orig>отъ</orig></choice> <choice><reg>двух</reg><orig>двухъ</orig></choice> <choice><reg>хозяев</reg><orig>хозяевъ</orig></choice>. — Если Илюша <choice><reg>приедет</reg><orig>прiѣдетъ</orig></choice>, то я <choice><reg>в</reg><orig>въ</orig></choice> <choice><reg>понедельник</reg><orig>понедѣльникъ</orig></choice> <choice><reg>поеду</reg><orig>поѣду</orig></choice> <choice><reg>к</reg><orig>къ</orig></choice> <choice><reg>вам</reg><orig>вамъ</orig></choice>. <hi style="opdelimiter">—</hi><hi style="opnumber">357</hi></p>
<p rend="left"><hi style="npnumber">358</hi><hi style="npdelimiter">О</hi> <choice><reg>Костиньке</reg><orig>Костинькѣ</orig></choice> я <choice><reg>писал</reg><orig>писалъ</orig></choice>, а Петю<note xml:id="note3" resp="volume_editor" index="false"> Петр Андреевич Берс.</note> я не <choice><reg>видал</reg><orig>видалъ</orig></choice>; <choice><reg>слышал</reg><orig>слышалъ</orig></choice> только <choice><reg>от</reg><orig>отъ</orig></choice> Васиньки, что <choice><reg>место</reg><orig>мѣсто</orig></choice> его, исправника, не вышло. <choice><reg>Тот</reg><orig>Тотъ</orig></choice>, <choice original_editorial_correction='кот[орый]'><sic>кот</sic><corr>который</corr></choice> <choice><reg>хотел</reg><orig>хотѣлъ</orig></choice> уйти, не <choice><reg>уходит</reg><orig>уходитъ</orig></choice>, a <choice original_editorial_correction='Вас[илий]'><sic>Вас</sic><corr><choice><reg>Василий</reg><orig>Василiй</orig></choice></corr></choice> <choice original_editorial_correction='Ст[епанович]'><sic>Ст</sic><corr><choice><reg>Степанович</reg><orig>Степановичъ</orig></choice></corr></choice><note xml:id="note4" resp="volume_editor" index="false"> Василий Степанович Перфильев, был в то время московским губернатором.</note> <choice><reg>говорит</reg><orig>говоритъ</orig></choice> что не могу его выгнать. <choice><reg>Неудачник</reg><orig>Неудачникъ</orig></choice>!</p>
<p rend="left"><choice><reg>В</reg><orig>Въ</orig></choice> <choice><reg>этих</reg><orig>этихъ</orig></choice> <choice><reg>неудачах</reg><orig>неудачахъ</orig></choice> надо <choice><reg>утешаться</reg><orig>утѣшаться</orig></choice> <choice><reg>тем</reg><orig>тѣмъ</orig></choice>, что <choice><reg>после</reg><orig>послѣ</orig></choice> вены <choice><reg>несчастия</reg><orig>несчастiя</orig></choice>, <choice><reg>пойдет</reg><orig>пойдетъ</orig></choice> вена счастья.<note xml:id="note5" resp="volume_editor" index="false"> Т. е. после полосы несчастий идет полоса удач.</note> Я не шутя это говорю; это не <choice><reg>может</reg><orig>можетъ</orig></choice> быть иначе, если только <choice><reg>человек</reg><orig>человѣкъ</orig></choice> <choice><reg>сам</reg><orig>самъ</orig></choice> <choice><reg>себе</reg><orig>себѣ</orig></choice> не <choice><reg>портит</reg><orig>портитъ</orig></choice>, <choice><reg>как</reg><orig>какъ</orig></choice> <choice original_editorial_correction='Кост[инька]'><sic>Кост</sic><corr>Костинька</corr></choice>. — Петя не <choice><reg>был</reg><orig>былъ</orig></choice> <choice><reg>несколько</reg><orig>нѣсколько</orig></choice> дней <choice><reg>в</reg><orig>въ</orig></choice> <choice><reg>Москве</reg><orig>Москвѣ</orig></choice>. <choice><reg>Он</reg><orig>Онъ</orig></choice> <choice><reg>был</reg><orig>былъ</orig></choice> <choice><reg>нездоров</reg><orig>нездоровъ</orig></choice>, но не серьезно. —</p>
<p rend="left">Вчера, вернувшись <choice><reg>с</reg><orig>съ</orig></choice> ходьбы, я <choice><reg>застал</reg><orig>засталъ</orig></choice> <choice><reg>двух</reg><orig>двухъ</orig></choice> <choice original_editorial_correction='Гр[афов]'><sic>Гр</sic><corr><choice><reg>Графов</reg><orig>Графовъ</orig></choice></corr></choice> <choice><reg>Олсуфьевых</reg><orig>Олсуфьевыхъ</orig></choice>.<note xml:id="note6" resp="volume_editor" index="false"> Приятели Сергея Львовича Толстого по университету: гр. Михаил Адамович Олсуфьев (1860—1918), математик по образованию, позднее предводитель дворянства в Дмитрове Московской губернии, и Дмитрий Адамович Олсуфьев (р. 1862 г.), естественник, в 1893 г. был земским начальником Московского уезда, впоследствии член Государственного совета; эмигрировал за границу.</note> <choice><reg>Их</reg><orig>Ихъ</orig></choice> родители<note xml:id="note7" resp="volume_editor" index="false"> Адам Васильевич и Анна Михайловна Олсуфьевы. Гр. Адам Васильевич Олсуфьев (1833—1901), отставной свитский генерал, был женат на Анне Михайловне Обольяниновой (1835—1899). Толстой бывал у Олсуфьевых в Москве, а также в их имении Никольское-Горушки-Обильяниново, Дмитровского уезда, Московской губернии, в 20 верстах от станции Подсолнечное Николаевской железной дороги. В 1896 г. (в письме В. Г. Черткову от 19 февраля) Толстой отзывался о них: «Они такие простые, очень добрые люди, что различие их взглядов с моими, и не различие, а непонимание того, чем я живу, не тревожит меня».</note> <choice><reg>приехали</reg><orig>прiѣхали</orig></choice>. Они <choice><reg>едут</reg><orig>ѣдутъ</orig></choice> <choice><reg>в</reg><orig>въ</orig></choice> <choice><reg>Саратов</reg><orig>Саратовъ</orig></choice>. Нынче я до кофея <choice><reg>был</reg><orig>былъ</orig></choice> у <choice><reg>них</reg><orig>нихъ</orig></choice> и <choice><reg>видел</reg><orig>видѣлъ</orig></choice> <choice><reg>одного</reg><orig>однаго</orig></choice> Графа. Вчера <choice><reg>вечером</reg><orig>вечеромъ</orig></choice> я <choice><reg>зашел</reg><orig>зашелъ</orig></choice> <choice><reg>к</reg><orig>къ</orig></choice> <choice><reg>нашим</reg><orig>нашимъ</orig></choice> <choice><reg>Олсуфьевым</reg><orig>Олсуфьевымъ</orig></choice><note xml:id="note8" resp="volume_editor" index="false"> <ref target="file:///Volume_83_sentyabrya11_213.xml">См. письмо № 213</ref>, прим. 11.</note> <choice><reg>с</reg><orig>съ</orig></choice> Сережей. Я <choice><reg>сыграл</reg><orig>сыгралъ</orig></choice> <choice><reg>партию</reg><orig>партiю</orig></choice> <choice><reg>в</reg><orig>въ</orig></choice> шахматы <choice><reg>с</reg><orig>съ</orig></choice> <choice original_editorial_correction='Вас[илием]'><sic>Вас</sic><corr><choice><reg>Василием</reg><orig>Василiемъ</orig></choice></corr></choice> <choice original_editorial_correction='Ал[ександровичем]'><sic>Ал</sic><corr>Александровичем</corr></choice><note xml:id="note9" resp="volume_editor" index="false"> Василий Александрович Олсуфьев (1831—1883).</note> и <choice><reg>ушел</reg><orig>ушелъ</orig></choice> домой, и <choice><reg>лег</reg><orig>легъ</orig></choice> <choice><reg>в</reg><orig>въ</orig></choice> <choice><reg>11-м</reg><orig>11-мъ</orig></choice> часу спать. — <choice original_editorial_correction='Ал[ександра]'><sic>Ал</sic><corr>Александра</corr></choice> <choice original_editorial_correction='Гр[игорьевна]'><sic>Гр</sic><corr>Григорьевна</corr></choice><note xml:id="note10" resp="volume_editor" index="false"> Александра Григорьевна Олсуфьева, рожд. Есипова, третья жена В. А. Олсуфьева.</note> <choice><reg>предлагает</reg><orig>предлагаетъ</orig></choice> брату <choice><reg>Сереже</reg><orig>Сережѣ</orig></choice> квартиру <choice><reg>в</reg><orig>въ</orig></choice> <choice><reg>их</reg><orig>ихъ</orig></choice> <choice><reg>доме</reg><orig>домѣ</orig></choice>.</p>
<p rend="left"><choice><reg>Надеюсь</reg><orig>Надѣюсь</orig></choice> нынче увидать его. Вчера, я знаю, что <choice><reg>он</reg><orig>онъ</orig></choice> <choice><reg>ждал</reg><orig>ждалъ</orig></choice> меня <choice><reg>обедать</reg><orig>обѣдать</orig></choice> <choice><reg>к</reg><orig>къ</orig></choice> <choice original_editorial_correction='Вас[илию]'><sic>Вас</sic><corr><choice><reg>Василию</reg><orig>Василiю</orig></choice></corr></choice> <choice original_editorial_correction='Ст[епановичу]'><sic>Ст</sic><corr>Степановичу</corr></choice>; но <choice><reg>мне</reg><orig>мнѣ</orig></choice> не то что скучно, а лучше всего дома. Сбираюсь <choice><reg>нынешний</reg><orig>нынѣшнiй</orig></choice> <choice><reg>год</reg><orig>годъ</orig></choice> <choice><reg>крепко</reg><orig>крѣпко</orig></choice> и уединенно для себя <choice><reg>сидеть</reg><orig>сидѣть</orig></choice> дома. Я говорю <hi>для себя</hi>, <choice original_editorial_correction='п[отому]'><sic>п</sic><corr>потому</corr></choice> <choice original_editorial_correction='ч[то]'><sic>ч</sic><corr>что</corr></choice> если <choice><reg>ехать</reg><orig>ѣхать</orig></choice> и принимать для <choice><reg>удовольствия</reg><orig>удовольствiя</orig></choice> <choice><reg>детей</reg><orig>дѣтей</orig></choice>, то это <choice><reg>совсем</reg><orig>совсѣмъ</orig></choice> другое и <choice><reg>имеет</reg><orig>имѣетъ</orig></choice> свою <choice><reg>приятность</reg><orig>прiятность</orig></choice>.</p>
<p rend="left"><choice><reg>В</reg><orig>Въ</orig></choice> <choice><reg>девичей</reg><orig>дѣвичей</orig></choice> нынче ставили перегородку, и надо было <choice><reg>решить</reg><orig>рѣшить</orig></choice> <choice><reg>как</reg><orig>какъ</orig></choice> — захватить ли входную дверь или <choice><reg>нет</reg><orig>нѣтъ</orig></choice>. Я долго колебался и <choice><reg>решил</reg><orig>рѣшилъ</orig></choice> — не захватить. Не знаю, одобришь ли. <choice><reg>Будет</reg><orig>Будетъ</orig></choice> <choice><reg>место</reg><orig>мѣсто</orig></choice> и для спанья одной, и для стола, и для <choice><reg>шкапов</reg><orig>шкаповъ</orig></choice>, и <choice><reg>бегающим</reg><orig>бѣгающимъ</orig></choice> <choice><reg>маленьким</reg><orig>маленькимъ</orig></choice> <choice><reg>детям</reg><orig>дѣтямъ</orig></choice> <choice><reg>будет</reg><orig>будетъ</orig></choice> меньше риску студиться. —</p>
<p rend="left">Если бы ты меня <choice><reg>здесь</reg><orig>здѣсь</orig></choice> <choice><reg>видела</reg><orig>видѣла</orig></choice>, то ты <choice><reg>верно</reg><orig>вѣрно</orig></choice> бы сказала, что я <choice><reg>в</reg><orig>въ</orig></choice> <choice><reg>некотором</reg><orig>нѣкоторомъ</orig></choice> <choice><reg>отношении</reg><orig>отношенiи</orig></choice> исправился.</p>
<p rend="left">Прощай, милая. Не думай, чтобы я <choice><reg>упустил</reg><orig>упустилъ</orig></choice> что-нибудь <choice><reg>из</reg><orig>изъ</orig></choice> <choice><reg>возможного</reg><orig>возможнаго</orig></choice> для того, чтобы <choice><reg>скорее</reg><orig>скорѣе</orig></choice> <choice><reg>нам</reg><orig>намъ</orig></choice> соединиться.</p>
<p rend="left"><choice><reg>Сейчас</reg><orig>Сейчасъ</orig></choice> пришли <choice original_editorial_correction='Кост[инька]'><sic>Кост</sic><corr>Костинька</corr></choice> и <choice original_editorial_correction='бр[ат]'><sic>бр</sic><corr><choice><reg>брат</reg><orig>братъ</orig></choice></corr></choice> <choice><reg>Сергей</reg><orig>Сергѣй</orig></choice>.</p>
<p rend="left"><choice><reg>Целую</reg><orig>Цѣлую</orig></choice> <choice><reg>детей</reg><orig>дѣтей</orig></choice>.</p>
<p rend="left">Поздравляю <choice><reg>с</reg><orig>съ</orig></choice> имянинами, — <choice original_editorial_correction='Кост[инька]'><sic>Кост</sic><corr>Костинька</corr></choice> <choice><reg>велел</reg><orig>велѣлъ</orig></choice>.</p>
<lb/>
<p rend="left"><hi>На конверте:</hi> <choice><reg>В</reg><orig>Въ</orig></choice> Тулу. Е. С. <choice><reg>Графине</reg><orig>Графинѣ</orig></choice> <choice><reg>Софье</reg><orig>Софьѣ</orig></choice> <choice><reg>Андревне</reg><orig>Андревнѣ</orig></choice> <hi style="opdelimiter">Толстой.</hi><hi style="opnumber">358</hi></p>
<comments><p rend="Textpetit_otstup left"><hi style="npnumber">359</hi><hi style="npdelimiter">Печатается</hi> по автографу, хранящемуся в АТБ. Впервые опубликовано по копии, сделанной С. А. Толстой, в ПЖ, стр. 176—178. Датируется на основании почтовых штемпелей: «Моск. почт. центр. отд. 16 сентября 1882; Тула 17 сентября 1882» и пометы Толстого «четверг», который падал на 16 сентября 1882 г.</p>
<p rend="Textpetit_otstup left"><hi>1</hi> Письмо от 14 сентября. См. комментарий к письму № 214.</p>
<p rend="petit left"><hi>2</hi> С. А. Толстая предполагала 17 сентября отправить сына Илью из Ясной поляны в Москву, чтобы он начал занятия в гимназии.</p>
<p rend="petit left"><hi>3</hi> Петр Андреевич Берс.</p>
<p rend="petit left"><hi>4</hi> Василий Степанович Перфильев, был в то время московским губернатором.</p>
<p rend="petit left"><hi>5</hi> Т. е. после полосы несчастий идет полоса удач.</p>
<p rend="petit left"><hi>6</hi> Приятели Сергея Львовича Толстого по университету: гр. Михаил Адамович Олсуфьев (1860—1918), математик по образованию, позднее предводитель дворянства в Дмитрове Московской губернии, и Дмитрий Адамович Олсуфьев (р. 1862 г.), естественник, в 1893 г. был земским начальником Московского уезда, впоследствии член Государственного совета; эмигрировал за границу.</p>
<p rend="petit left"><hi>7</hi> Адам Васильевич и Анна Михайловна Олсуфьевы. Гр. Адам Васильевич Олсуфьев (1833—1901), отставной свитский генерал, был женат на Анне Михайловне Обольяниновой (1835—1899). Толстой бывал у Олсуфьевых в Москве, а также в их имении Никольское-Горушки-Обильяниново, Дмитровского уезда, Московской губернии, в 20 верстах от станции Подсолнечное Николаевской железной дороги. В 1896 г. (в письме В. Г. Черткову от 19 февраля) Толстой отзывался о них: «Они такие простые, очень добрые люди, что различие их взглядов с моими, и не различие, а непонимание того, чем я живу, не тревожит меня».</p>
<p rend="petit left"><hi>8</hi> <ref target="file:///Volume_83_sentyabrya11_213.xml">См. письмо № 213</ref>, прим. 11.</p>
<p rend="petit left"><hi>9</hi> Василий Александрович Олсуфьев (1831—1883).</p>
<p rend="petit left"><hi>10</hi> Александра Григорьевна Олсуфьева, рожд. Есипова, третья жена В. А. Олсуфьева.</p>
</comments></div></body>
        </text>
        </TEI>