<?xml version='1.0' encoding='UTF-8' standalone='no'?>

<TEI xmlns="http://www.tei-c.org/ns/1.0">
       <teiHeader>
          <fileDesc>
             <titleStmt>
                <title>Письмо №193. М. С. Башилову.</title>
             </titleStmt>
             <publicationStmt>
                <publisher>TolstoyLab</publisher>
                <date when="2015-09-14">14 September 2015</date>
             </publicationStmt>
             <sourceDesc>
                <biblStruct>
                   <analytic>
                      <author>Толстой Л.Н.</author>
                   </analytic>
                   <monogr>
                      <title level="m">Полное собрание сочинений. Том 61</title>
                      <imprint>
                         <pubPlace>Москва</pubPlace>
                         <publisher>Государственное издательство "Художественная литература"</publisher>
                         <date when="1953"/>
                      </imprint>
                   </monogr>
                   <series>
                      <title level="s">Л.Н. Толстой. Полное собрание сочинений</title>
                      <biblScope unit="vol">61</biblScope>
                   </series>
                </biblStruct>
				<bibl>Впервые опубликовано в «Голосе минувшего», 1913, 9, стр. 266. Год определяется содержанием.</bibl>
             </sourceDesc>
          </fileDesc>
          <encodingDesc>
             <tagsDecl> </tagsDecl>
          </encodingDesc>
          <profileDesc>
             <correspDesc>
                <correspAction type="sending">
                   <persName ref="PersonList.xml#L_N_Tolstoy">Л. Н. Толстой</persName>
                   <placeName ref="PlacesListxml#PLACE">Я. П.</placeName>
                   <date when="1866-12-08">1866 г. Декабря 8.</date>            </correspAction>
                <correspAction type="receiving">
                   <persName ref="PersonList.xml#RECEIVER">Башилов Михаил Сергеевич</persName>
                </correspAction>
                <correspContext>
                   <ref type="prev"/>
                </correspContext>
             </correspDesc>
          </profileDesc>
       </teiHeader>
       <xenoData><number type="in a volume">193</number></xenoData>

              <text xml:id="M__S__Bashilovu_193">
	<body><div>
		<opener index="false">
193. М. С. Башилову.
1866 г. Декабря 8. Я. П.
</opener>
<p rend="Obrashenie left">Любезный Михаил Сергеевич!</p>
<p rend="left">Получил ваше письмо<note xml:id="note1" resp="volume_editor" index="false"> Письмо неизвестно.</note> и рисунки. Старый князь очень хорош, особенно там, где он с сыном.<note xml:id="note2" resp="volume_editor" index="false"> Кн. Николай Андреевич Болконский с сыном Андреем: отъезд. кн. Андрея на войну — т. I, ч. I, гл. XXVIII первого и т. I (9), ч. I, гл. XXV настоящего издания.</note> Это именно то, что я желал, но <choice original_editorial_correction='к[нязь]'><sic>к</sic><corr>князь</corr></choice> Андрей очень не нравится мне. Он велик ростом, черты крупны и грубы, неприятное кислое выражение рта, и потом вся поза и костюм не представительны. Он должен с снисходительной и размягченной улыбкой слушать отца. — По случаю этой картинки я много думал о предшествовавших и последующих и спешу вам сообщить свои мысли. —</p>
<p rend="left">Графа Ростова и <choice original_editorial_correction='М[арью]'><sic>М</sic><corr>Марью</corr></choice> <choice original_editorial_correction='Д[митриевну]'><sic>Д</sic><corr>Дмитриевну</corr></choice> в Даниле Купоре нельзя ли смягчить, убавив карикатурности и подбавив нежности и доброты.<note xml:id="note3" resp="volume_editor" index="false"> Гр. Илья Андреевич Ростов и Марья Дмитриевна Ахросимова, танцующие любимый танец графа, Данило Купор («Данило Купор была собственно одна фигура англеза»), на балу в день именин графини Ростовой и младшей дочери, Наташи — т. I, ч. I, гл. XX первого и т. I (9), ч. I, гл. XVII настоящего издания.</note></p>
<p rend="left">В поцелуе<note xml:id="note4" resp="volume_editor" index="false"> Поцелуй тринадцатилетней Наташи Ростовой и Бориса Друбецкого в цветочной, за кадкой — т. I, ч. I, гл. XIII первого и гл. X настоящeго издания.</note> — нельзя ли Наташе придать тип Танички Берс? Ее есть 13-летний портрет, а Бориса сделать не так raide.<note xml:id="note5" resp="volume_editor" index="false"> [упрямый, непреклонный.]</note></p>
<p rend="left">Pierr’y вообще дать покрупнее черты.</p>
<p rend="left">Из того, что вы хотите сделать во 2-ой части,<note xml:id="note6" resp="volume_editor" index="false"> Переделано из «3-ей».</note> я вычеркнул бы только <choice original_editorial_correction='к[нязя]'><sic>к</sic><corr>князя</corr></choice> Андрея с Билибиным,<note xml:id="note7" resp="volume_editor" index="false"> Кн. Андрей Болконский и дипломат Билибин — т. I, ч. I, гл. XXXIX и XL первого и т. I, ч. II, гл. X и XI настоящего издания.</note> заменив это портретом одного Билибина, стригущего или подпиливающего себе ногти.<note xml:id="note8" resp="volume_editor" index="false"> Билибин, подпиливающий себе ногти — т. I, ч. I, гл. XXXIX первого и т. I, ч. II, гл. X настоящего издания.</note></p>
<p rend="left">Вообще я бы просил вас делать эти рисунки и гравировать их как можно скорее с тем, чтобы, как только вы кончите их, я бы мог вам присылать текст для следующих.</p>
<p rend="left">Теперь я вполне уверен, что весь роман будет кончен к будущей осени; и вы знаете, что успех распродажи зависит от того, чтобы он вышел к началу зимы, т. е. в Nоябре<note xml:id="note9" resp="volume_editor" index="false"> Работа над романом была закончена лишь в 1869 г.</note> — au plus tard.<note xml:id="note10" resp="volume_editor" index="false"> [самое позднее.]</note></p>
<p rend="left">Рисунков должно быть всех, по крайней мере, два раза столько, сколько есть теперь, включая и те, <choice original_editorial_correction='к[отор]ые'><sic>кые</sic><corr>которые</corr></choice> вы назначили для 2-ой части, т. е. minimum рисунков 65. —</p>
<p rend="left">Можете ли вы и граверы успеть их сделать к Nоябрю? Пожалуйста напишите. Это conditio sine qua non.<note xml:id="note11" resp="volume_editor" index="false"> [непременное условие.]</note> Деньги как граверам, так и вам я распоряжусь, чтобы были выданы вам <choice original_editorial_correction='Андр[еем]'><sic>Андр</sic><corr>Андреем</corr></choice> Евстафьевичем до рождества. Насчет уплаты я бы просил вас сделать мне кредит по 10 р. с рисунка до выхода книги.</p>
<p rend="left">Можно ли это? Напишите мне. —</p>
<p rend="left">С граверами тоже надо бы было условиться определенно, какую часть платы они могут подождать за мной до выхода</p>
<p rend="left"><hi style="opnumber">152</hi> <hi style="npnumber">153</hi></p>
<p xml:id="loi2"> </p>
<div rend="image"><figure><graphic url="./img/b00002304.png"/></figure></div><p class="subtitle centerline">
Билибин, подпиливающий себе ногти
</p>
<p rend="right"><hi>Рис. М. С. Башилова</hi></p>
<lb/>
<p rend="left">книги — половину, или хоть 3-ю часть. Будьте так добры, ответьте мне на все эти вопросы.</p>
<p rend="left">Пожалуйста присылайте мне свои рисунки в самом черном виде, я чувствую, что могу быть полезен вам своими замечаниями. Я все-таки <hi>всех их</hi> знаю ближе вас, и иногда пустое замечание наведет вас на мысль. А я буду писать по случаю ваших черновых рисунков всё, что придется, а вы уже выберете, что вам нужно.</p>
<p rend="left">Я чувствую, что бессовестно говорить вам теперь о типе Наташи, когда у вас уже сделан прелестный рисунок; но само собой разумеется, что вы можете оставить мои слова без внимания. Но я уверен, что вы, как художник, посмотрев Танин дагеротип 12-ти лет, потом ее карточку в белой рубашке 16-ти лет и потом ее большой портрет прошлого года, не упустите воспользоваться этим типом и его переходами, особенно близко подходящим к моему типу.</p>
<p rend="left">Прощайте, любезный Михаил Сергеич, с беспокойством жду вашего ответа. Душевно кланяюсь Марье Ивановне и целую ваших детей.</p>
<p rend="right">Л. Толстой.</p>
<p rend="left">8 декабря.</p>
<comments><p rend="Textpetit_otstup left">Впервые опубликовано в «Голосе минувшего», 1913, 9, стр. 266. Год определяется содержанием.</p>
<p rend="Textpetit_otstup left"><hi>1</hi> Письмо неизвестно.</p>
<p rend="petit left"><hi>2</hi> Кн. Николай Андреевич Болконский с сыном Андреем: отъезд. кн. Андрея на войну — т. I, ч. I, гл. XXVIII первого и т. I (9), ч. I, гл. XXV настоящего издания.</p>
<p rend="petit left"><hi>3</hi> Гр. Илья Андреевич Ростов и Марья Дмитриевна Ахросимова, танцующие любимый танец графа, Данило Купор («Данило Купор была собственно одна фигура англеза»), на балу в день именин графини Ростовой и младшей дочери, Наташи — т. I, ч. I, гл. XX первого и т. I (9), ч. I, гл. XVII настоящего издания.</p>
<p rend="petit left"><hi>4</hi> Поцелуй тринадцатилетней Наташи Ростовой и Бориса Друбецкого в цветочной, за кадкой — т. I, ч. I, гл. XIII первого и гл. X настоящeго издания.</p>
<p rend="petit left"><hi>5</hi> [упрямый, непреклонный.]</p>
<p rend="petit left"><hi>6</hi> Переделано из «3-ей».</p>
<p rend="petit left"><hi>7</hi> Кн. Андрей Болконский и дипломат Билибин — т. I, ч. I, гл. XXXIX и XL первого и т. I, ч. II, гл. X и XI настоящего издания.</p>
<p rend="petit left"><hi>8</hi> Билибин, подпиливающий себе ногти — т. I, ч. I, гл. XXXIX первого и т. I, ч. II, гл. X настоящего издания.</p>
<p rend="petit left"><hi>9</hi> Работа над романом была закончена лишь в 1869 г.</p>
<p rend="petit left"><hi>10</hi> [самое позднее.]</p>
<p rend="petit left"><hi>11</hi> [непременное условие.]</p>
</comments></div></body>
        </text>
        </TEI>