<?xml version='1.0' encoding='UTF-8' standalone='no'?>

<TEI xmlns="http://www.tei-c.org/ns/1.0">
       <teiHeader>
          <fileDesc>
             <titleStmt>
                <title>Письмо №466. И. С. Тургеневу.</title>
             </titleStmt>
             <publicationStmt>
                <publisher>TolstoyLab</publisher>
                <date when="2015-09-14">14 September 2015</date>
             </publicationStmt>
             <sourceDesc>
                <biblStruct>
                   <analytic>
                      <author>Толстой Л.Н.</author>
                   </analytic>
                   <monogr>
                      <title level="m">Полное собрание сочинений. Том 62</title>
                      <imprint>
                         <pubPlace>Москва</pubPlace>
                         <publisher>Государственное издательство "Художественная литература"</publisher>
                         <date when="1953"/>
                      </imprint>
                   </monogr>
                   <series>
                      <title level="s">Л.Н. Толстой. Полное собрание сочинений</title>
                      <biblScope unit="vol">62</biblScope>
                   </series>
                </biblStruct>
				<bibl>Печатается по факсимильной репродукции в газете «Кавказ», 1912, № 22 от 22 января, где письмо было опубликовано впервые. Перепечатано в журнале «Печать и революция», 1925, № 5—6, стр. 177—178, с указанием, что в это время оно находилось в архиве Н. Я. Макарова. Местонахождение автографа неизвестно. Год определяется содержанием.</bibl>
             </sourceDesc>
          </fileDesc>
          <encodingDesc>
             <tagsDecl> </tagsDecl>
          </encodingDesc>
          <profileDesc>
             <correspDesc>
                <correspAction type="sending">
                   <persName ref="PersonList.xml#L_N_Tolstoy">Л. Н. Толстой</persName>
                   <placeName ref="PlacesListxml#PLACE">Я. П.</placeName>
                   <date when="1878-10-27">1878 г. Октября 27.</date>            </correspAction>
                <correspAction type="receiving">
                   <persName ref="PersonList.xml#RECEIVER">Тургенев Иван Сергеевич</persName>
                </correspAction>
                <correspContext>
                   <ref type="prev"/>
                </correspContext>
             </correspDesc>
          </profileDesc>
       </teiHeader>
       <xenoData><number type="in a volume">466</number></xenoData>

              <text xml:id="I.S.Turgenevu_466">
	<body><div>
		<opener index="false">
466. И. С. Тургеневу.
1878 г. Октября 27. Я. П.</opener>
<p rend="right">27 октября.</p>
<p rend="left">Кругом виноват перед вами, любезнейший Иван Сергеевич. Хотел писать вам вслед за вашим отъездом,<hi>1</hi> а кончилось тем, что и на ваше письмо<hi>2</hi> промешкал ответом. У нас, слава богу, всё здорово, но я не писал оттого, что это последнее время был (выражаясь довольно точно) умственно нездоров: ходил на охоту, читал, но был буквально неспособен ни к какой умственной самобытной деятельности — даже написать письмо, в котором бы был смысл. Со мной это бывает иногда, и вы, верно, знаете это, и если не знаете, то наверно понимаете. По этой же причине не отвечал и Ралстону, но нынче надеюсь ответить ему.</p>
<p rend="left">Переведенных по-английски Козаков мне прислал Скайлер,<hi>3</hi> кажется очень хорошо переведено. По-французски же переводила бар. Менгден, которую вы у нас видели, и, наверно, дурно.<hi>4</hi> Пожалуйста, не думайте, что я гримасничаю, но ей-богу, перечитывание хоть мельком и упоминание о моих писаниях производит во мне очень неприятно сложное чувство, в котором главная доля есть стыд и страх, что надо мной смеются. То же и случилось со мною при составлении биографии. Я увидел, что не могу, и желал бы отделаться.</p>
<p rend="left">Как я ни люблю вас и верю, что вы хорошо расположены ко мне, мне кажется, что и вы надо мной смеетесь.<hi>5</hi> Поэтому не будем говорить о моих писаньях. И вы знаете, что <hi style="opdelimiter">каждый</hi><hi style="opnumber">446</hi> <hi style="npnumber">447</hi><hi style="npdelimiter">человек</hi> сморкается по-своему, и верьте, что я именно так, как говорю, люблю сморкаться. Радуюсь от всей души, что вы здоровы и у ваших все благополучно, и продолжаю любоваться на вашу зеленую старость. В те 16 лет, которые мы не видались,<hi>6</hi> вы только сделались лучше во всех отношениях, даже в физическом.</p>
<p rend="left">Не могу не желать вам все-таки того же, что и для меня составляет главное счастие жизни, — труда, с уверенностью в его важности и совершенстве. Я ведь ни крошечки не верю вам, чтобы вы перестали писать, и не хочу верить, потому что знаю, что в вас, как в бутылке, которую слишком круто поворачивали, самое лучшее еще осталось. И нужно только найти то положение, при <choice original_editorial_correction='кот[ором]'><sic>кот</sic><corr>котором</corr></choice> оно спокойно польется. Этого-то желаю для вас и для себя.</p>
<p rend="left">Осень у нас чудесная, и я зайцев травлю пропасть, но валдшнепов не было.</p>
<p rend="left">Что «Евгений Онегин» Чайковского?<hi>7</hi> Я не слышал еще его, но меня очень интересует.</p>
<p rend="left">От души обнимаю вас. Жена кланяется и благодарит за память.</p>
<p rend="right">Ваш Л. Толстой.</p>
<comments><p rend="Textpetit_otstup left">Печатается по факсимильной репродукции в газете «Кавказ», 1912, № 22 от 22 января, где письмо было опубликовано впервые. Перепечатано в журнале «Печать и революция», 1925, № 5—6, стр. 177—178, с указанием, что в это время оно находилось в архиве Н. Я. Макарова. Местонахождение автографа неизвестно. Год определяется содержанием.</p>
<p rend="Textpetit_otstup left"><hi>1 </hi>Тургенев был в Ясной Поляне 2—4 сентября.</p>
<p rend="petit left"><hi>2 </hi>От 1/13 октября из Бужнваля; напечатано в сборнике «Толстой и Тургенев. Переписка», изд. М. и С. Сабашниковых, М. 1928, стр. 80—81.</p>
<p rend="petit left"><hi>3 </hi>Эжен Скайлер (Eugen Schuyler, 1840—1890) — американский писатель и дипломат; в 1866—1868 гг. — консул Соединенных Штатов в Москве, в 1868—1876 гг. — секретарь посольства в Петербурге; член Русского географического общества; автор книг «The Turkistan» («Туркестан»), 1876, и «Peter the Great» («Петр Великий»), 2 тома, 1882; переводчик «Отцов и детей» Тургенева (1867). Знакомый Толстого, бывший у него в Ясной Поляне в 1868 г. Автор «Воспоминаний о гр. Л. Н. Толстом» («Русская старина», 1890, №№ 9 и 10). Его перевод «Казаков» вышел под заглавием «The Cossacks: a tale of the Caucasus in 1852», 2 тома, Лондон 1876.</p>
<p rend="petit left"><hi>4 </hi>Перевод «Казаков» Е. И. Менгден печатался в «Journal de St. Petersbourg», 1878, с 4 августа по 15 сентября (№№ 205, 206, 209—211, 215, 216, 221, 224, 229, 230, 233, 235, 237, 241, 243).</p>
<p rend="petit left"><hi>5 </hi>В своем письме от 1/13 октября, положительно отзываясь о В. <hi style="opdelimiter">Ролстоне,</hi><hi style="opnumber">447</hi> <hi style="npnumber">448</hi><hi style="npdelimiter">Тургенев</hi> поддерживал просьбу Ролстона, высказанную им в письме к Толстому от 22 сентября (см. прим. к письму № 467).</p>
<p rend="petit left"><hi>6 </hi>Толстой виделся с Тургеневым в последний раз не 16, а 17 лет тому назад, в Степановке, имении Фета, 27 мая 1861 г., когда произошла их известная ссора. <ref target="file:///Volume_62_I.S.Turgenevu_419.xml">См. письмо № 419</ref>.</p>
<p rend="petit left"><hi>7 </hi>Опера «Евгений Онегин» была впервые исполнена учениками Московской консерватории, под управлением Н. Г. Рубинштейна, на сцене Малого театра в Москве 17 марта 1877 г. Первое представление на сцене Большого театра состоялось 11 января 1881 г. По словам С. Л. Толстого, Лев Николаевич был знаком с «Евгением Онегиным» только по отрывкам в фортепианном переложении (см. его статью «Лев Толстой и Чайковский» в сборнике «История русской музыки в исследованиях и материалах», под ред. К. А. Кузнецова, т. I, М. 1924, стр. 123).</p>
<p rend="Textpetit_otstup left">Тургенев отвечал 15/27 ноября 1878 г. См. «Толстой и Тургенев. Переписка», стр. 84. О впечатлении, произведенном на Толстого ответом Тургенева, <ref target="file:///Volume_62_A.A.Fetu_473.xml">см. письмо № 473</ref>.</p>
</comments></div></body>
        </text>
        </TEI>