<?xml version='1.0' encoding='UTF-8' standalone='no'?>

<TEI xmlns="http://www.tei-c.org/ns/1.0">
       <teiHeader>
          <fileDesc>
             <titleStmt>
                <title>Письмо №*137. С. А. Толстой</title>
             </titleStmt>
             <publicationStmt>
                <publisher>TolstoyLab</publisher>
                <date when="2015-09-14">14 September 2015</date>
             </publicationStmt>
             <sourceDesc>
                <biblStruct>
                   <analytic>
                      <author>Толстой Л.Н.</author>
                   </analytic>
                   <monogr>
                      <title level="m">Полное собрание сочинений. Том 83</title>
                      <imprint>
                         <pubPlace>Москва</pubPlace>
                         <publisher>Государственное издательство "Художественная литература"</publisher>
                         <date when="1938"/>
                      </imprint>
                   </monogr>
                   <series>
                      <title level="s">Л.Н. Толстой. Полное собрание сочинений</title>
                      <biblScope unit="vol">83</biblScope>
                   </series>
                </biblStruct>
             </sourceDesc>
          </fileDesc>
          <encodingDesc>
             <tagsDecl> </tagsDecl>
          </encodingDesc>
          <profileDesc>
             <correspDesc>
                <correspAction type="sending">
                   <persName ref="PersonList.xml#L_N_Tolstoy">Л. Н. Толстой</persName>
                   <placeName ref="PlacesListxml#PLACE">Петербург.</placeName>
                   <date when="1878-03-11">1878 г. Марта 11.</date>            </correspAction>
                <correspAction type="receiving">
                   <persName ref="PersonList.xml#RECEIVER">Толстая Софья Андреевна</persName>
                </correspAction>
                <correspContext>
                   <ref type="prev"/>
                </correspContext>
             </correspDesc>
          </profileDesc>
       </teiHeader>
       <xenoData><number type="in a volume">137</number></xenoData>

       <text xml:id="a11_137">
	<body><div>
		<opener index="false">
* 137.
1878 г. Марта 11. Петербург.</opener>
<p rend="right">Козловка <choice original_editorial_correction='М[осковско]-К[урской'><sic>М-К[урской</sic><corr>Московско-Курской</corr></choice>] <choice original_editorial_correction='д[ороги]'><sic>д</sic><corr>дороги</corr></choice>.</p>
<p rend="right rightindent"><choice><reg>ГрафинеТолстой</reg><orig>ГрафинѣТолстой</orig></choice>.</p>
<lb/>
<p rend="left"><choice><reg>Ответ</reg><orig>Отвѣтъ</orig></choice> <choice><reg>уплочен</reg><orig>уплоченъ</orig></choice>. <choice><reg>Бистром</reg><orig>Бистромъ</orig></choice> <choice><reg>задержан</reg><orig>задержанъ</orig></choice>;<note xml:id="note1" resp="volume_editor" index="false"> <hi>Ошибочно, вместо:</hi> <choice><reg>задержал</reg><orig>задержалъ</orig></choice></note> буду <choice><reg>в</reg><orig>въ</orig></choice> воскресенье,<note xml:id="note2" resp="volume_editor" index="false"> Воскресенье падало в 1878 г. на 12 марта.</note> <choice><reg>здоров</reg><orig>здоровъ</orig></choice>. <choice><reg>Отвечай</reg><orig>Отвѣчай</orig></choice> про себя. <choice><reg>Беспокоюсь</reg><orig>Безпокоюсь</orig></choice> тобою.</p>
<p rend="right"><hi style="opdelimiter">Толстой.</hi><hi style="opnumber">251</hi></p>
<comments><p rend="Textpetit_otstup left"><hi style="npnumber">252</hi><hi style="npdelimiter">Телеграмма.</hi> Печатается по телеграфному бланку № 1670, хранящемуся в АТБ. Публикуется впервые. Телеграмма подана в Петербурге 11 марта в 12 ч. 30 мин. ночи, получена на станции в Козловке 11 марта в 2 ч. 45 м. ночи.</p>
<p rend="Textpetit_otstup left"><hi>1</hi> <hi>Ошибочно, вместо:</hi> <choice><reg>задержал</reg><orig>задержалъ</orig></choice></p>
<p rend="petit left"><hi>2</hi> Воскресенье падало в 1878 г. на 12 марта.</p>
</comments></div></body>
        </text>
        </TEI>