<?xml version='1.0' encoding='UTF-8' standalone='no'?>

<TEI xmlns="http://www.tei-c.org/ns/1.0">
       <teiHeader>
          <fileDesc>
             <titleStmt>
                <title>Письмо №39. В. В. Арсеньевой.</title>
             </titleStmt>
             <publicationStmt>
                <publisher>TolstoyLab</publisher>
                <date when="2015-09-14">14 September 2015</date>
             </publicationStmt>
             <sourceDesc>
                <biblStruct>
                   <analytic>
                      <author>Толстой Л.Н.</author>
                   </analytic>
                   <monogr>
                      <title level="m">Полное собрание сочинений. Том 60</title>
                      <imprint>
                         <pubPlace>Москва</pubPlace>
                         <publisher>Государственное издательство "Художественная литература"</publisher>
                         <date when="1949"/>
                      </imprint>
                   </monogr>
                   <series>
                      <title level="s">Л.Н. Толстой. Полное собрание сочинений</title>
                      <biblScope unit="vol">60</biblScope>
                   </series>
                </biblStruct>
				<bibl>Впервые опубликовано в Б. I, 3, стр. 343—346. См. запись в Дневнике под 23 и 24 ноября 1856 г., т. 47, стр. 101.</bibl>
             </sourceDesc>
          </fileDesc>
          <encodingDesc>
             <tagsDecl> </tagsDecl>
          </encodingDesc>
          <profileDesc>
             <correspDesc>
                <correspAction type="sending">
                   <persName ref="PersonList.xml#L_N_Tolstoy">Л. Н. Толстой</persName>
                   <placeName ref="PlacesListxml#PLACE">Петербург.</placeName>
                   <date from="1856-11-23" to="1856-11-24">1856 г. Ноября 23 — 24</date>            </correspAction>
                <correspAction type="receiving">
                   <persName ref="PersonList.xml#RECEIVER">Арсеньев Владимир Михайлович</persName>
                </correspAction>
                <correspContext>
                   <ref type="prev"/>
                </correspContext>
             </correspDesc>
          </profileDesc>
       </teiHeader>
       <xenoData><number type="in a volume">39</number></xenoData>

              <text xml:id="V.V.Arsenevoj_39">
	<body><div>
		<opener index="false">
39. В. В. Арсеньевой.
1856 г. Ноября 23—24. Петербург.
</opener><p rend="right">23 Nоября.</p>
<p rend="left">Сейчас получил ваше чудесное, славное, отличное письмо от 15 N.<note xml:id="note1" resp="volume_editor" index="false"> Письмо это не сохранилось.</note> Не сердитесь на меня, голубчик, что я в письмах так называю вас. Это слово так идет к тому чувству, которое я к вам имею. Именно <hi>голубчик.</hi> И сколько раз, разговаривая с вами, мне ужасно хотелось вас назвать так, не каким-нибудь другим именем, а именно так. Письмо это должно быть коротко, ежели я не увлекусь, потому что у меня дела пропасть и самого спешного и мучительного, от <choice original_editorial_correction='кот[орого]'><sic>кот</sic><corr>которого</corr></choice> я несколько дней не сплю ночи. Вы знаете, что мы заключили условие с <choice original_editorial_correction='Современ[ником]'><sic>Современ</sic><corr>Современником</corr></choice> печатать свои вещи только там с 1857 года<note xml:id="note2" resp="volume_editor" index="false"> См. прим. 5 к п. № 18.</note>, а я обещал <choice original_editorial_correction='Друж[инину]'><sic>Друж</sic><corr>Дружинину</corr></choice><note xml:id="note3" resp="volume_editor" index="false"> Для А. В. Дружинина в «Библиотеку для чтения» Толстой готовил «Разжалованного».</note> и Краевскому<note xml:id="note4" resp="volume_editor" index="false"> Для А. А. Краевского в «Отечественные записки» Толстой готовил «Утро помещика».</note> в <choice original_editorial_correction='О[течественные]'><sic>О</sic><corr>Отечественные</corr></choice> 3[аписки], и надо написать это к 1-му Декабрю. <choice original_editorial_correction='Друж[инину]'><sic>Друж</sic><corr>Дружинину</corr></choice> я написал кое-как маленький рассказ, но Краевскому нейдет на лад; я написал, но сам недоволен, чувствую, что надо переделать, некогда и не в духе, а все-таки работаю. С одной стороны, <hi style="opdelimiter">надо</hi><hi style="opnumber">121</hi> <hi style="npnumber">122</hi><hi style="npdelimiter">сдержать</hi> слово, с другой — боюсь уронить свое литературное имя, которым я, признаюсь, дорожу очень, почти так же, как одной вам известной Госпожей. — Я в гадком расположении духа, недоволен собой, поэтому всем на свете, злюсь, зачем я давал слово, хочу работать над старым — отвращение, и как на беду лезут в голову новые планы сочинений, которые кажутся прелестны<note xml:id="note5" resp="volume_editor" index="false"> Под 23 ноября в Дневнике Толстого записано: «Как хочется поскорее отделаться с журналами, чтобы писать так, как я теперь начинаю думать об искусстве, ужасно высоко и чисто» (т. 47, стр. 101).</note>. В таком настроении застало меня ваше последнее письмо и утешило меня во всём. Бог с ними со всем, только бы вы меня любили и были такие, какой я вас желаю видеть, т. е. отличной; а по письму мне показалось, что вы и любите меня и начинаете понимать жизнь посерьезнее и любить добро и находить наслаждение в том, чтобы следить за собой и идти всё вперед по дороге к совершенству. Дорога бесконечная, которая продолжается и в той жизни, прелестная и одна, на которой в этой жизни находишь счастье. Помогай вам Бог, мой голубчик, идите вперед, любите, любите не одного меня, а весь мир Божий, людей, природу, музыку, поэзию и всё, что в нем есть прелестного, и развивайтесь умом, чтобы уметь понимать вещи, которые достойны любви на свете. Любовь главное назначение и счастье на свете. Хотя, что я скажу, нейдет вовсе к нашему разговору, но вот еще великая причина, по которой женщина должна развиваться. Кроме того, что назначенье женщины быть женой, главное ее назначенье быть матерью, а чтоб быть <hi>матерью</hi>, а не <hi>маткой</hi> (понимаете вы это различие?) нужно развитие. — Не сердитесь, голубчик (ужасно весело мне вас так называть), за замечания, которые я вам сделаю. 1) Вы всегда говорите, что ваша любовь чистая, высокая и т. д. По-моему, говорить, что моя любовь высокая и т. д., это всё равно что говорить: у меня нос и глаза очень хорошие. Об этом надо предоставить судить другим, а не вам. —</p>
<p rend="left">2) В отличном вашем дополнении плана жизни <choice original_editorial_correction='Хр[аповицких]'><sic>Хр</sic><corr>Храповицких</corr></choice> нехорошо то, что вы хотите жить в деревне и ездить в Тулу. Избави, Господи! Деревня должна быть уединением и занятием, про <choice original_editorial_correction='кот[орые]'><sic>кот</sic><corr>которые</corr></choice> я писал в предпоследнем письме, и больше ничего, но такой деревни вы не выдержите, а тульские знакомства порождают провинциялизм, который ужасно опасен. <choice original_editorial_correction='Х[раповицк]ие'><sic>Хие</sic><corr>Храповицкие</corr></choice> сделаются оба провинциялами и будут тихо ненавидеть друг друга за то, что они провинциялы. Я видал такие примеры. Да я к тетиньке<note xml:id="note6" resp="volume_editor" index="false"> Т. А. Ергольская.</note> испытывал тихую ненависть за провинциялизм главное. Нет-с, матушка, <hi style="opdelimiter"><choice original_editorial_correction='Х[раповицкие]'><sic>Х</sic><corr>Храповицкие</corr></choice></hi><hi style="opnumber">122</hi> <hi style="npnumber">123</hi><hi style="npdelimiter">или</hi> никого не будут видеть, или лучшее общество во всей России, т. е. лучшее общество не в смысле царской милости и богатства, а в смысле ума и образованья. У них комнаты будут в 4 этаже, но собираться в них будут самые замечательные люди России. Избави Бог вследствии этого быть грубыми с тульскими знакомыми и родными, но надо удаляться их, их не нужно; а я вам говорил, что сношения с людьми ненужными всегда вредны.</p>
<p rend="left">3) Увы! Вы заблуждаетесь, что у вас есть вкус. Т. е., может быть, есть, но такту нет. Например, известного рода наряды, как голубая шляпка с белыми цветами — прекрасна; но она годится для барыни, ездящей на рысаках в аглицкой упряжке и входящей на свою лестницу с зеркалами и камелиями; но при известной скромной обстановке 4-го этажа, извощичьей кареты и т. д. эта же шляпка ридикюльна, а уж в деревне, в тарантасе, и говорить нечего. — Потом есть известного рода женщины, почти в роде Щербачевой<note xml:id="note7" resp="volume_editor" index="false"> Тетка В. В. Арсеньевой (см. п. № 19).</note> и даже гораздо хуже, которые в этом роде élégance,<note xml:id="note8" resp="volume_editor" index="false"> [изящество]</note> ярких цветов, взъерошенных куафюр и всего необыкновенного, горностаевых мантилий, малиновых салопов и т. д., — всегда перещеголяют вас, и выйдет только то, что вы похожи на них. И девушки и женщины, мало жившие в больших городах, всегда ошибаются в этом. Есть другого рода élégance — скромная, боящаяся всего необыкновенного, яркого, но очень взыскательная в мелочах, в подробностях, как башмаки, воротнички, перчатки, чистота ногтей, акуратность прически и т. [д.], за которую я стою горой, ежели она не слишком много отнимает заботы от серьезного, и которую не может не любить всякий человек, любящий изящное. — Élégance ярких цветов и т. д. еще простительна, хотя и смешна для дурносопой барышни, но вам с вашим хорошеньким личиком непростительно этак заблуждаться. Я бы на вашем месте взял себе правилом для туалета — простота, но самое строгое изящество во всех мельчайших подробностях. —</p>
<p rend="left">И 4) ПРОГУЛКИ ПО ГОСТИНОМУ ДВОРУ!!!!<note xml:id="note9" resp="volume_editor" index="false"> Гостиный двор — ряды в Москве на Ильинке (теперь улица Куйбышева).</note> Боже мой! Но это всё ничего, ежели бы вы мечтали даже ездить учиться музыке на Тульской оружейный завод, и это было бы ничто в сравнении с чудной искренностью и любовью, которыми дышат ваши письма. Ради Бога, чтоб замечанья мои не испортили ваше лучшее качество — искренность. — В кого влюблена Олинька?<note xml:id="note10" resp="volume_editor" index="false"> О. В. Арсеньева.</note> Нельзя ли сказать? Это она, глядя на вас, и <hi style="opdelimiter">на</hi><hi style="opnumber">123</hi> <hi style="npnumber">124</hi><hi style="npdelimiter">себя</hi> дурь напустила. Прощайте до завтра. Получил объявленье на 1 р., должно быть, портрет, и завтра, получив его, боюсь сделаться глупым, еще глупей, чем я теперь. Виноват, что своего всё не сделал, некогда. Когда уж писать много некогда, а писать вам для меня огромное удовольствие. Прощайте, голубчик, голубчик, 1000 раз голубчик, — сердитесь или нет, а я все-таки написал. Христос с вами.</p>
<p rend="right">23 Nоября.</p>
<p rend="left">Сейчас, окончив работу на нынешний день, которая меня мучит и про которую писал вам, открыл книгу и прочел удивительную вещь — Ифигению Гёте<note xml:id="note11" resp="volume_editor" index="false"> «Ифигения в Тавриде» — трагедия (1779—1787) Гёте.</note>. Вам это непонятно (может, будет понятно со временем), то неописанное великое наслаждение, которое испытываешь, понимая и любя поэзию; но дело в том, что сильное наслаждение, <choice original_editorial_correction='кот[орое]'><sic>кот</sic><corr>которое</corr></choice> я испытал, почему-то заставило меня вспомнить о вас, и хочется написать вам: <hi>голубчик</hi>, и больше ничего. — Портрета вашего не получил еще, свой же посылаю<note xml:id="note12" resp="volume_editor" index="false"> Какой свой портрет послал Толстой В. В. Арсеньевой, выяснить не удалось.</note>, уж передал <choice original_editorial_correction='И[вану]'><sic>И</sic><corr>Ивану</corr></choice> <choice original_editorial_correction='И[вановичу]'><sic>И</sic><corr>Ивановичу</corr></choice><note xml:id="note13" resp="volume_editor" index="false"> И. И. Сахаров.</note>. — Вот скоро месяц, что не вижу вас, а почти всё так же думаю о вас, иногда с недоверием и злобой, большей частью с глупой любовью. Впрочем, я ничего не делаю, чтобы испытать свое чувство. С тех пор, как я уехал, я веду жизнь гораздо более уединенную, чем в Ясной. С 1-го Декабря пущусь во все рассеяния и посмотрю, что будет. Приеду же к вам на вас посмотреть, и то не наверное, не раньше праздников. Теперь я работаю всё для Декабрьских книжек, главное же свое дело — переделывать «Юность» — я еще не начинал, это займет весь Декабрь. Ездили ли вы на бал?<note xml:id="note14" resp="volume_editor" index="false"> См. прим. 10 к п. № 37.</note> Не поедете ли вы в Москву взять несколько уроков у Мортье? Эти обе вещи очень, очень необходимы, и тысячу раз советую вам их сделать. Пожалуйста, голубчик, сделайте это. Что музыка? Я часто мечтаю, что, приехав в милое Судаково через недель 5 и поболтав с вами на печке, вы сядете за фортепьяно и вдруг поразите меня необыкновенными успехами. Ежели вы не ленитесь, то можете это сделать. Прощайте, голубчик, милейшая барышня, жму вашу милую руку, Христос с вами. Должно быть, напишу еще завтра. Пишите, пишите, как прежде, только о ваших занятиях поподробнее, что вы читаете, и как и что нравится? —</p>
<p rend="left">Прелестная Женичка, Уа!</p>
<p rend="left">Пиндигашки, Уи!</p>
<p rend="left">Влюбленная Олинька, <hi style="opdelimiter">О-ох!</hi><hi style="opnumber">124</hi></p>
<p rend="left"><hi style="npnumber">125</hi><hi style="npdelimiter">Долго</hi> ль жить нам в огорченьи,</p>
<p rend="left">Люты скорби пренося?<note xml:id="note15" resp="volume_editor" index="false"> Ср. с письмом к М. Н. Толстой от 30 июня 1856 г., №17. Там Толстой приводит этот же стих.</note></p>
<p rend="left">Как вы думаете? Я думаю, недолго.</p>
<p rend="left">Я вспоминаю — вчерашнее мое письмо глупо, я что-то ужасно возгордился. —</p>
<comments><p rend="Textpetit_otstup left">Впервые опубликовано в Б. I, 3, стр. 343—346. См. запись в Дневнике под 23 и 24 ноября 1856 г., т. 47, стр. 101.</p>
<p rend="Textpetit_otstup left"><hi>1</hi> Письмо это не сохранилось.</p>
<p rend="petit left"><hi>2</hi> См. прим. 5 к п. № 18.</p>
<p rend="petit left"><hi>3</hi> Для А. В. Дружинина в «Библиотеку для чтения» Толстой готовил «Разжалованного».</p>
<p rend="petit left"><hi>4</hi> Для А. А. Краевского в «Отечественные записки» Толстой готовил «Утро помещика».</p>
<p rend="petit left"><hi>5</hi> Под 23 ноября в Дневнике Толстого записано: «Как хочется поскорее отделаться с журналами, чтобы писать так, как я теперь начинаю думать об искусстве, ужасно высоко и чисто» (т. 47, стр. 101).</p>
<p rend="petit left"><hi>6</hi> Т. А. Ергольская.</p>
<p rend="petit left"><hi>7</hi> Тетка В. В. Арсеньевой (см. п. № 19).</p>
<p rend="petit left"><hi>8</hi> [изящество]</p>
<p rend="petit left"><hi>9</hi> Гостиный двор — ряды в Москве на Ильинке (теперь улица Куйбышева).</p>
<p rend="petit left"><hi>10</hi> О. В. Арсеньева.</p>
<p rend="petit left"><hi>11</hi> «Ифигения в Тавриде» — трагедия (1779—1787) Гёте.</p>
<p rend="petit left"><hi>12</hi> Какой свой портрет послал Толстой В. В. Арсеньевой, выяснить не удалось.</p>
<p rend="petit left"><hi>13</hi> И. И. Сахаров.</p>
<p rend="petit left"><hi>14</hi> См. прим. 10 к п. № 37.</p>
<p rend="petit left"><hi>15</hi> Ср. с письмом к М. Н. Толстой от 30 июня 1856 г., №17. Там Толстой приводит этот же стих.</p>
</comments></div></body>
        </text>
        </TEI>