<?xml version='1.0' encoding='UTF-8' standalone='no'?>

<TEI xmlns="http://www.tei-c.org/ns/1.0">
       <teiHeader>
          <fileDesc>
             <titleStmt>
                <title>Письмо №88. С. А. Толстой</title>
             </titleStmt>
             <publicationStmt>
                <publisher>TolstoyLab</publisher>
                <date when="2015-09-14">14 September 2015</date>
             </publicationStmt>
             <sourceDesc>
                <biblStruct>
                   <analytic>
                      <author>Толстой Л.Н.</author>
                   </analytic>
                   <monogr>
                      <title level="m">Полное собрание сочинений. Том 83</title>
                      <imprint>
                         <pubPlace>Москва</pubPlace>
                         <publisher>Государственное издательство "Художественная литература"</publisher>
                         <date when="1938"/>
                      </imprint>
                   </monogr>
                   <series>
                      <title level="s">Л.Н. Толстой. Полное собрание сочинений</title>
                      <biblScope unit="vol">83</biblScope>
                   </series>
                </biblStruct>
				<bibl>Печатается по автографу, хранящемуся в АТБ. Опубликовано впервые по копии, сделанной С. А. Толстой, в ПЖ, стр. 80—81.</bibl>
             </sourceDesc>
          </fileDesc>
          <encodingDesc>
             <tagsDecl> </tagsDecl>
          </encodingDesc>
          <profileDesc>
             <correspDesc>
                <correspAction type="sending">
                   <persName ref="PersonList.xml#L_N_Tolstoy">Л. Н. Толстой</persName>
                   <placeName ref="PlacesListxml#PLACE">Дубовая.</placeName>
                   <date when="1871-06-14">1871 г. Июня 14.</date>            </correspAction>
                <correspAction type="receiving">
                   <persName ref="PersonList.xml#RECEIVER">Толстая Софья Андреевна</persName>
                </correspAction>
                <correspContext>
                   <ref type="prev"/>
                </correspContext>
             </correspDesc>
          </profileDesc>
       </teiHeader>
       <xenoData><number type="in a volume">88</number></xenoData>

       <text xml:id="a14_88">
	<body><div>
		<opener index="false">
88.
1871 г. Июня 14. Ночью. Дубовая.</opener>
<p rend="left">Пишу <choice><reg>из</reg><orig>изъ</orig></choice> деревни Дубовой,<note xml:id="note1" resp="volume_editor" index="false"> Дубовый умет (станция) — село при овраге Дубовом на коммерческом тракте из Самары в Уральск, в 25 верстах от Самары.</note> — первая <choice><reg>станция</reg><orig>станцiя</orig></choice> <choice><reg>к</reg><orig>къ</orig></choice> Каралыку,<note xml:id="note2" resp="volume_editor" index="false"> Каралык (Орловка) — село при реке Каралыке, в 152 верстах от уездного города Николаевска; 162 двора, свыше тысячи жителей (сведения 1859 г.).</note> <choice><reg>там</reg><orig>тамъ</orig></choice> <choice><reg>где</reg><orig>гдѣ</orig></choice> я <choice><reg>был</reg><orig>былъ</orig></choice>. — Сколько я ни <choice><reg>спрашивал</reg><orig>спрашивалъ</orig></choice>, ничего <choice><reg>лучшего</reg><orig>лучшаго</orig></choice> <choice><reg>этого</reg><orig>этаго</orig></choice> <choice><reg>нет</reg><orig>нѣтъ</orig></choice>. Двое <choice><reg>суток</reg><orig>сутокъ</orig></choice> мы <choice><reg>ехали</reg><orig>ѣхали</orig></choice> по <choice><reg>Волге</reg><orig>Волгѣ</orig></choice> благополучно и <choice><reg>как</reg><orig>какъ</orig></choice> всегда по <choice><reg>Волге</reg><orig>Волгѣ</orig></choice>, очень занимательно, но <choice><reg>беспокойно</reg><orig>безпокойно</orig></choice>. Я бы <choice><reg>сказал</reg><orig>сказалъ</orig></choice>, что <choice><reg>совсем</reg><orig>совсѣмъ</orig></choice> <choice><reg>здоров</reg><orig>здоровъ</orig></choice>, коли бы не <choice><reg>бессонницы</reg><orig>безсонницы</orig></choice> и очень унылое <choice><reg>расположение</reg><orig>расположенiе</orig></choice> духа.<note xml:id="note3" resp="volume_editor" index="false"> В ответном письме от 24 июня С. А. Толстая писала: «Твои бессонницы и унылое расположение духа не от того, что ты уехал, а вспомни, то же самое было дома. А теперь по крайней мере есть причина быть унылым, ты нас не видишь, а дома та же тоска была без причины. Всё это обойдется, как только ты вольешь в себя известное число ведер хорошего кумыса; но нашел ли ты его наконец, вот что меня со вчерашнего дня страшно мучает. Конечно, если б твоя тоска стала продолжаться и дошла бы до высшей степени, то и кумыс пользы не принесет. Я тебе говорила, что лучше бы всего было мне ехать с тобой. Сегодня, как подумаю о том, что ты уныл, почувствую такой прилив нежности к тебе, и так мне кажется, что я бы тебя и утешила, и устроила, и развеселила. Но ведь я ничего не могла этого сделать, когда ты был тут, а только сама заражалась твоим унынием. Если ты занимаешься Греками, то брось их. Наверно это на тебя больше всего действует. Брось, пожалуйста, верь Урусову, верь Фету, верь моей глупой голове и любящей душе, что эти занятия тебе вредны» (не опубликовано).</note> <choice><reg>Действительно</reg><orig>Дѣйствительно</orig></choice>, Степа <choice><reg>мне</reg><orig>мнѣ</orig></choice> <choice><reg>полезен</reg><orig>полезенъ</orig></choice>, и я чувствую, что <choice><reg>с</reg><orig>съ</orig></choice> <choice><reg>ним</reg><orig>нимъ</orig></choice> Арзамаской тоски<note xml:id="note4" resp="volume_editor" index="false"> См. описание этой тоски в письме Толстого от 4 сентября 1869 г., № 82.</note> не <choice><reg>сделается</reg><orig>сдѣлается</orig></choice>. — Кумысники <choice><reg>так</reg><orig>такъ</orig></choice> расплодились, что <choice><reg>все</reg><orig>всѣ</orig></choice> 4 <choice><reg>заведения</reg><orig>заведенiя</orig></choice> около Самары<note xml:id="note5" resp="volume_editor" index="false"> Из них в Памятной книжке Самарской губернии 1874 г. значатся: 1) первое кумысо-лечебное заведение, основанное доктором Постниковым в 1858 году — в 6 верстах от города; 2) дача и кумыс Аннаева <hi style="opdelimiter">—</hi><hi style="opnumber">177</hi> <hi style="npnumber">178</hi><hi style="npdelimiter">в</hi> 3 верстах; 3) дача и кумыс Журавлева в 10 верстах по Красноярской дороге.</note> набиты <choice><reg>битком</reg><orig>биткомъ</orig></choice>, и больше ни <choice><reg>квартир</reg><orig>квартиръ</orig></choice>, ни кумыса <choice><reg>нет</reg><orig>нѣтъ</orig></choice>. Боюсь, чтобы того же не было <hi style="opdelimiter">на</hi><hi style="opnumber">176</hi> <hi style="npnumber">177</hi><hi style="npdelimiter"><choice><reg>Каралыке</reg><orig>Каралыкѣ</orig></choice>.</hi> Неудобство Каралыка главное <choice><reg>в</reg><orig>въ</orig></choice> <choice><reg>том</reg><orig>томъ</orig></choice>, что туда <choice><reg>нет</reg><orig>нѣтъ</orig></choice> почты; и я <choice><reg>без</reg><orig>безъ</orig></choice> ужаса не могу подумать о <choice><reg>том</reg><orig>томъ</orig></choice>, что и ты, и я <choice><reg>можем</reg><orig>можемъ</orig></choice> пробывать по <choice><reg>две</reg><orig>двѣ</orig></choice> <choice><reg>недели</reg><orig>недѣли</orig></choice> <choice><reg>без</reg><orig>безъ</orig></choice> <choice><reg>писем</reg><orig>писемъ</orig></choice>. Я <choice><reg>решился</reg><orig>рѣшился</orig></choice> <choice><reg>вот</reg><orig>вотъ</orig></choice> <choice><reg>как</reg><orig>какъ</orig></choice>: я буду писать <choice><reg>тебе</reg><orig>тебѣ</orig></choice> <choice><reg>всякий</reg><orig>всякiй</orig></choice> <choice><reg>раз</reg><orig>разъ</orig></choice>, когда <choice><reg>будет</reg><orig>будетъ</orig></choice> случай <choice><reg>из</reg><orig>изъ</orig></choice> Каралыка <choice><reg>в</reg><orig>въ</orig></choice> Самару, но если <choice><reg>в</reg><orig>въ</orig></choice> <choice><reg>неделю</reg><orig>недѣлю</orig></choice> не <choice><reg>будет</reg><orig>будетъ</orig></choice> случая (я <choice><reg>надеюсь</reg><orig>надѣюсь</orig></choice>, что <choice><reg>будет</reg><orig>будетъ</orig></choice> чаще), то я нарочно буду посылать <choice><reg>в</reg><orig>въ</orig></choice> Самару свои письма и на почту за твоими. Ты пиши, <choice><reg>как</reg><orig>какъ</orig></choice> я <choice><reg>говорил</reg><orig>говорилъ</orig></choice>, <choice><reg>чем</reg><orig>чѣмъ</orig></choice> чаще, <choice><reg>тем</reg><orig>тѣмъ</orig></choice> лучше, но не <choice><reg>менее</reg><orig>менѣе</orig></choice> <choice><reg>двух</reg><orig>двухъ</orig></choice> <choice><reg>раз</reg><orig>разъ</orig></choice> <choice><reg>в</reg><orig>въ</orig></choice> <choice><reg>неделю</reg><orig>недѣлю</orig></choice>.</p>
<p rend="left">Не знаю, что <choice><reg>будет</reg><orig>будетъ</orig></choice> дальше, но до <choice><reg>сих</reg><orig>сихъ</orig></choice> <choice><reg>пор</reg><orig>поръ</orig></choice> я не <choice><reg>выходил</reg><orig>выходилъ</orig></choice> <choice><reg>из</reg><orig>изъ</orig></choice> тоски. Степа очень <choice><reg>приятен</reg><orig>прiятенъ</orig></choice>. Прощай, душенька, <choice><reg>целуй</reg><orig>цѣлуй</orig></choice> <choice><reg>всех</reg><orig>всѣхъ</orig></choice>.</p>
<p rend="left">14-го ночью.</p>
<lb/>
<p rend="left"><hi>На конверте:</hi> Ея Сіятельству Графинѣ Софьѣ Андреевнѣ Толстой. Въ Тулу.</p>
<comments><p rend="Textpetit_otstup left">Печатается по автографу, хранящемуся в АТБ. Опубликовано впервые по копии, сделанной С. А. Толстой, в ПЖ, стр. 80—81.</p>
<p rend="Textpetit_otstup left"><hi>1</hi> Дубовый умет (станция) — село при овраге Дубовом на коммерческом тракте из Самары в Уральск, в 25 верстах от Самары.</p>
<p rend="petit left"><hi>2</hi> Каралык (Орловка) — село при реке Каралыке, в 152 верстах от уездного города Николаевска; 162 двора, свыше тысячи жителей (сведения 1859 г.).</p>
<p rend="petit left"><hi>3</hi> В ответном письме от 24 июня С. А. Толстая писала: «Твои бессонницы и унылое расположение духа не от того, что ты уехал, а вспомни, то же самое было дома. А теперь по крайней мере есть причина быть унылым, ты нас не видишь, а дома та же тоска была без причины. Всё это обойдется, как только ты вольешь в себя известное число ведер хорошего кумыса; но нашел ли ты его наконец, вот что меня со вчерашнего дня страшно мучает. Конечно, если б твоя тоска стала продолжаться и дошла бы до высшей степени, то и кумыс пользы не принесет. Я тебе говорила, что лучше бы всего было мне ехать с тобой. Сегодня, как подумаю о том, что ты уныл, почувствую такой прилив нежности к тебе, и так мне кажется, что я бы тебя и утешила, и устроила, и развеселила. Но ведь я ничего не могла этого сделать, когда ты был тут, а только сама заражалась твоим унынием. Если ты занимаешься Греками, то брось их. Наверно это на тебя больше всего действует. Брось, пожалуйста, верь Урусову, верь Фету, верь моей глупой голове и любящей душе, что эти занятия тебе вредны» (не опубликовано).</p>
<p rend="petit left"><hi>4</hi> См. описание этой тоски в письме Толстого от 4 сентября 1869 г., № 82.</p>
<p rend="petit left"><hi>5</hi> Из них в Памятной книжке Самарской губернии 1874 г. значатся: 1) первое кумысо-лечебное заведение, основанное доктором Постниковым в 1858 году — в 6 верстах от города; 2) дача и кумыс Аннаева <hi style="opdelimiter">—</hi><hi style="opnumber">177</hi> <hi style="npnumber">178</hi><hi style="npdelimiter">в</hi> 3 верстах; 3) дача и кумыс Журавлева в 10 верстах по Красноярской дороге.</p>
</comments></div></body>
        </text>
        </TEI>