<?xml version='1.0' encoding='UTF-8' standalone='no'?>

<TEI xmlns="http://www.tei-c.org/ns/1.0">
       <teiHeader>
          <fileDesc>
             <titleStmt>
                <title>Письмо №* 267. В. Ф. Краснову. Черновое.</title>
             </titleStmt>
             <publicationStmt>
                <publisher>TolstoyLab</publisher>
                <date when="2015-09-14">14 September 2015</date>
             </publicationStmt>
             <sourceDesc>
                <biblStruct>
                   <analytic>
                      <author>Толстой Л.Н.</author>
                   </analytic>
                   <monogr>
                      <title level="m">Полное собрание сочинений. Том 80</title>
                      <imprint>
                         <pubPlace>Москва</pubPlace>
                         <publisher>Государственное издательство "Художественная литература"</publisher>
                         <date when="1955"/>
                      </imprint>
                   </monogr>
                   <series>
                      <title level="s">Л.Н. Толстой. Полное собрание сочинений</title>
                      <biblScope unit="vol">80</biblScope>
                   </series>
                </biblStruct>
             </sourceDesc>
          </fileDesc>
          <encodingDesc>
             <tagsDecl> </tagsDecl>
          </encodingDesc>
          <profileDesc>
             <correspDesc>
                <correspAction type="draft">
                   <persName ref="PersonList.xml#L_N_Tolstoy">Л. Н. Толстой</persName>
                   <placeName ref="PlacesListxml#PLACE">Я. П.</placeName>
                   <date when="1909-11-10">1909 г. Ноября 10.</date>            </correspAction>
                <correspAction type="receiving">
                   <persName ref="PersonList.xml#RECEIVER">Краснов Василий Филиппович</persName>
                </correspAction>
                <correspContext>
                   <ref type="prev"/>
                </correspContext>
             </correspDesc>
          </profileDesc>
       </teiHeader>
       <xenoData><number type="in a volume">267</number></xenoData>

       <text xml:id="V.F.Krasnovu_267">
	<body><div>
		<opener index="false">
* 267. В. Ф. Краснову. Черновое.
1909 г. Ноября 10. Я. П.</opener>
<p rend="left">Приезжайте, рад буду вас <hi style="opdelimiter">видеть.</hi><hi style="opnumber">186</hi></p>
<comments><p rend="Textpetit_otstup left"><hi style="npnumber">187</hi><hi style="npdelimiter">По</hi> поводу письма к нему Толстого (см. № 220) В. Ф. Краснов в письме от 8 ноября 1909 г. просил разрешения лично привезти Толстому свою рукопись.</p>
<p rend="petit left">Очевидно, никто не ответил Краснову (пометки об ответе нет). В Ясную Поляну он не приезжал и рукопись прислал почтой.</p>
</comments></div></body>
        </text>
        </TEI>