<?xml version='1.0' encoding='UTF-8' standalone='no'?>

<TEI xmlns="http://www.tei-c.org/ns/1.0">
       <teiHeader>
          <fileDesc>
             <titleStmt>
                <title>Письмо №* 34. И. Г. Соловьеву.</title>
             </titleStmt>
             <publicationStmt>
                <publisher>TolstoyLab</publisher>
                <date when="2015-09-14">14 September 2015</date>
             </publicationStmt>
             <sourceDesc>
                <biblStruct>
                   <analytic>
                      <author>Толстой Л.Н.</author>
                   </analytic>
                   <monogr>
                      <title level="m">Полное собрание сочинений. Том 63</title>
                      <imprint>
                         <pubPlace>Москва</pubPlace>
                         <publisher>Государственное издательство "Художественная литература"</publisher>
                         <date when="1934"/>
                      </imprint>
                   </monogr>
                   <series>
                      <title level="s">Л.Н. Толстой. Полное собрание сочинений</title>
                      <biblScope unit="vol">63</biblScope>
                   </series>
                </biblStruct>
             </sourceDesc>
          </fileDesc>
          <encodingDesc>
             <tagsDecl> </tagsDecl>
          </encodingDesc>
          <profileDesc>
             <correspDesc>
                <correspAction type="sending">
                   <persName ref="PersonList.xml#L_N_Tolstoy">Л. Н. Толстой</persName>
                   <placeName ref="PlacesListxml#PLACE">Я. П.</placeName>
                   <date when="1880-11-16">1880 г. Ноября 16.</date>            </correspAction>
                <correspAction type="receiving">
                   <persName ref="PersonList.xml#RECEIVER">Соловьев Иван Григорьевич</persName>
                </correspAction>
                <correspContext>
                   <ref type="prev"/>
                </correspContext>
             </correspDesc>
          </profileDesc>
       </teiHeader>
       <xenoData><number type="in a volume">34</number></xenoData>

              <text xml:id="H__N__Straxovu_34">
	<body><div>
		<opener index="false">
* 34. И. Г. Соловьеву.
1880 г. Ноября 16. Я. П.</opener>
<p rend="left">Прошу покорно отпустить для меня <choice><reg>те</reg><orig>тѣ</orig></choice> книги, <choice><reg>которые</reg><orig>которыя</orig></choice> <choice><reg>потребует</reg><orig>потребуетъ</orig></choice> <choice><reg>Иван</reg><orig>Иванъ</orig></choice> <choice><reg>Михайлович</reg><orig>Михайловичъ</orig></choice> <choice><reg>Ивакин</reg><orig>Ивакинъ</orig></choice>,<note xml:id="note1" resp="volume_editor" index="false"> См. прим. 3 к письму № 24.</note> податель сего, и записать <choice><reg>в</reg><orig>въ</orig></choice> мой <choice><reg>счет</reg><orig>счетъ</orig></choice>.</p>
<p rend="left">16 Ноября 1880.</p>
<p rend="right"><choice><reg>Граф</reg><orig>Графъ</orig></choice> <choice><reg>Лев</reg><orig>Левъ</orig></choice> <hi style="opdelimiter">Толстой.</hi><hi style="opnumber">36</hi></p>
<comments><p rend="Textpetit_otstup left"><hi style="npnumber">37</hi><hi style="npdelimiter">Печатается</hi> по автографу, хранящемуся в ГИМ. Публикуется впервые.</p>
<p rend="petit left">Иван Григорьевич Соловьев (р. 1819 г. — ум. 21 апреля 1881 г.) — московский книгопродавец. Окончив начальное училище, поступил «мальчиком» в книжную лавку к Александру Фед. Базунову (в Москве, на углу Б. Дмитровки и Страстной площади). Благодаря своей любви к книжному делу, своему природному уму и безукоризненной честности, он так полюбился Базунову, что тот сделал его своим преемником, передав ему свое дело. Энергия и опытность помогли И. Г. Соловьеву развить огромное дело. Магазин его стал в ряду первых тогда в Москве, как по своему размеру, так и по ценности и характеру содержания. Богат он был не только новинками литературы, но и очень редкими старопечатными книгами, которые частью скупал, а частью брал на комиссию И. Г. Соловьев. Помимо этого при магазине было создано большое дело по подписке на журналы, издававшиеся как в Москве, так и в других городах. В начале 1881 г. дело это, однако, потерпело крах. Представитель И. Г. Соловьева, посланный в Петербург по делам фирмы, растратил более сорока тысяч рублей. Это обстоятельство потребовало распродажи книжного товара, так как растраченная сумма предназначалась для расплаты с кредиторами. Магазин был закрыт. Этого не вынес И. Г. Соловьев и покончил жизнь самоубийством. В дневнике от 28 апреля 1881 г. Толстой записал о смерти И. Г. Соловьева: «Соловьев удавился от того, что много долгов. Набожный старик. Когда Базунов оставил ему наследство, ему завидовали. Чего, кого он убегал? Что поправлял».</p>
<p rend="petit left">И. Г. Соловьев был комиссионером Толстого (не позднее чем с октября 1868 г.) по продаже сначала издания романа «Война и мир», а затем и всех изданий Толстого.</p>
<p rend="Textpetit_otstup left"><hi>1</hi> См. прим. 3 к письму № 24.</p>
<p rend="petit left">На письме под текстом Толстого пометка И. Г. Соловьева: «Отпущено 1 экземпляр «Раскольничьи дела» Есипова, 2 части. Ив. Соловьев».</p>
<p rend="petit left">Г. В. Есипов, «Раскольничьи дела XVIII в.» Спб. 1861—1863. Это издание значится в списке Яснополянской библиотеки.</p>
</comments></div></body>
        </text>
        </TEI>