<?xml version='1.0' encoding='UTF-8' standalone='no'?>

<TEI xmlns="http://www.tei-c.org/ns/1.0">
       <teiHeader>
          <fileDesc>
             <titleStmt>
                <title>Письмо №252. П. И. Бартеневу.</title>
             </titleStmt>
             <publicationStmt>
                <publisher>TolstoyLab</publisher>
                <date when="2015-09-14">14 September 2015</date>
             </publicationStmt>
             <sourceDesc>
                <biblStruct>
                   <analytic>
                      <author>Толстой Л.Н.</author>
                   </analytic>
                   <monogr>
                      <title level="m">Полное собрание сочинений. Том 61</title>
                      <imprint>
                         <pubPlace>Москва</pubPlace>
                         <publisher>Государственное издательство "Художественная литература"</publisher>
                         <date when="1953"/>
                      </imprint>
                   </monogr>
                   <series>
                      <title level="s">Л.Н. Толстой. Полное собрание сочинений</title>
                      <biblScope unit="vol">61</biblScope>
                   </series>
                </biblStruct>
             </sourceDesc>
          </fileDesc>
          <encodingDesc>
             <tagsDecl> </tagsDecl>
          </encodingDesc>
          <profileDesc>
             <correspDesc>
                <correspAction type="sending">
                   <persName ref="PersonList.xml#L_N_Tolstoy">Л. Н. Толстой</persName>
                   <placeName ref="PlacesListxml#PLACE">Я. П.</placeName>
                   <date when="1868-01-22">1868 г. Января 22.</date>            </correspAction>
                <correspAction type="receiving">
                   <persName ref="PersonList.xml#RECEIVER">Бартенев Петр Иванович</persName>
                </correspAction>
                <correspContext>
                   <ref type="prev"/>
                </correspContext>
             </correspDesc>
          </profileDesc>
       </teiHeader>
       <xenoData><number type="in a volume">252</number></xenoData>

              <text xml:id="P__I__Bartenevu_252">
	<body><div>
		<opener index="false">
252. П. И. Бартеневу.
1868 г. Января 22. Я. П.</opener>
<p rend="left">Вероятно еще не отпечатан тот лист, в котором <choice original_editorial_correction='кн[язь]'><sic>кн</sic><corr>князь</corr></choice> Андрей после Смоленска заезжает в Лысые Горы и говорит с Алпатычем.</p>
<p rend="left">Там надо прибавить (то, что и было в первой коректуре), прибавить следующие слова, которые он говорит Алпатычу: <hi>«Уезжай сам</hi>, <hi>увози, что можешь</hi>, <hi>и народу вели уходить в Рязанскую или в Подмосковную</hi>».<note xml:id="note1" resp="volume_editor" index="false"> T. IV, ч. II, гл. V первого и т. III (11), ч. II, гл. V настоящего издания.</note> —</p>
<p rend="left">Потом я, второпях поправляя коректуры в Москве, тотчас после отпечатанного поставил — <hi>II часть.</hi> Это не нужно (ежели еще не напечатано), а вторая часть пусть начинается там, где она была назначена прежде.</p>
<p rend="left">Потом в главах, описывающих Смоленск, к коректурам пришиты писаные листы — то в наборе и коректурах надо <hi>руководиться писанным</hi>.</p>
<p rend="left">Следующие листы и коректуры не посылаю нынче по почте только потому, что надеюсь послезавтра послать с знакомым. —</p>
<p rend="left">Пришлите, пожалуйста, «Чтения».<note xml:id="note2" resp="volume_editor" index="false"> «Чтения в императорском обществе истории и древностей российских при Московском университете» — периодическое издание, выходившее с 1845 по 1917 г. по четыре книжки в <hi style="opdelimiter">год.</hi><hi style="opnumber">193</hi></note> Дружески жму вам руку.</p>
<p rend="right">Ваш Л. Толстой.</p>
<p rend="left">22 января.</p>
<comments><p rend="Textpetit_otstup left">Два первые абзаца впервые опубликованы в журнале «Печать и революция», 1924, 4, стр. 92; там же, на стр. 93, дано факсимиле этого письма.</p>
<p rend="Textpetit_otstup left"><hi>1</hi> T. IV, ч. II, гл. V первого и т. III (11), ч. II, гл. V настоящего издания.</p>
<p rend="petit left"><hi>2</hi> «Чтения в императорском обществе истории и древностей российских при Московском университете» — периодическое издание, выходившее с 1845 по 1917 г. по четыре книжки в <hi style="opdelimiter">год.</hi><hi style="opnumber">193</hi></p>
<p rend="petit left"><hi style="npnumber">194</hi><hi style="npdelimiter">В</hi> четвертой книге «Чтений» за 1866 г. была напечатана статья И. Жукова «Разбор известий о казни купеческого сына Верещагина», послужившая Толстому одним из источников для описания убийства Верещагина.</p>
</comments></div></body>
        </text>
        </TEI>