<?xml version='1.0' encoding='UTF-8' standalone='no'?>

<TEI xmlns="http://www.tei-c.org/ns/1.0">
       <teiHeader>
          <fileDesc>
             <titleStmt>
                <title>Письмо №* 13. П. Е. Воробьеву.</title>
             </titleStmt>
             <publicationStmt>
                <publisher>TolstoyLab</publisher>
                <date when="2015-09-14">14 September 2015</date>
             </publicationStmt>
             <sourceDesc>
                <biblStruct>
                   <analytic>
                      <author>Толстой Л.Н.</author>
                   </analytic>
                   <monogr>
                      <title level="m">Полное собрание сочинений. Том 61</title>
                      <imprint>
                         <pubPlace>Москва</pubPlace>
                         <publisher>Государственное издательство "Художественная литература"</publisher>
                         <date when="1953"/>
                      </imprint>
                   </monogr>
                   <series>
                      <title level="s">Л.Н. Толстой. Полное собрание сочинений</title>
                      <biblScope unit="vol">61</biblScope>
                   </series>
                </biblStruct>
             </sourceDesc>
          </fileDesc>
          <encodingDesc>
             <tagsDecl> </tagsDecl>
          </encodingDesc>
          <profileDesc>
             <correspDesc>
                <correspAction type="sending">
                   <persName ref="PersonList.xml#L_N_Tolstoy">Л. Н. Толстой</persName>
                   <placeName ref="PlacesListxml#PLACE">Я. П.</placeName>
                   <date when="1863-04-16">1863 г. ? Апреля 16.</date>            </correspAction>
                <correspAction type="receiving">
                   <persName ref="PersonList.xml#RECEIVER">Воробьев Петр Евстратович</persName>
                </correspAction>
                <correspContext>
                   <ref type="prev"/>
                </correspContext>
             </correspDesc>
          </profileDesc>
       </teiHeader>
       <xenoData><number type="in a volume">13</number></xenoData>

              <text xml:id="P__E__Vorobevu_13">
	<body><div>
		<opener index="false">
* 13. П. Е. Воробьеву.
1863 г. ? Апреля 16. Я. П.
</opener>
<p rend="Obrashenie left">Петр Евстратович!</p>
<p rend="left">Очень благодарен тебе за присылку коров. — Потрудись прицениться к яблочным прививкам, трехлеткам. Я бы желал посадить в Никольском около 1000 штук нынешней весной. —</p>
<p rend="left">Я намерен приехать в воскресенье в Никольское и тогда передам нужные для того деньги. Не посылаю же я их по причинам, которые сообщу тебе лично. Но ежели бы ты мог тотчас же в кредит, или заняв деньги, приобрести саженцы и тотчас же начать сажать их, то это бы было очень приятно. Сад<note xml:id="note1" resp="volume_editor" index="false"> В Никольском-Вяземском был посажен яблоневый сад в семь с половиной гектаров, существующий до сих пор.</note> я полагаю сажать за домом и еще там, где ты найдешь удобным. — Работу производить я полагаю поденным народом. —</p>
<p rend="left">Посылаемых телят прошу кормить и содержать в Никольском. —</p>
<p rend="left">О дворовых прошу сообщить г-ну посреднику, что я не желаю далее держать их в своих строениях бесплатно. —</p>
<p rend="left">Обо всем дальнейшем переговорим при личном свидании.</p>
<p rend="right">Гр. Л. Толстой.</p>
<p rend="left">16 апреля.</p>
<comments><p rend="Textpetit_otstup left">Год определяется на основании письма А. Е. Берса от 18 апреля 1863 г., в котором он одобрял план посадки яблонь.</p>
<p rend="Textpetit_otstup left"><hi>1</hi> В Никольском-Вяземском был посажен яблоневый сад в семь с половиной гектаров, существующий до сих пор.</p>
<p rend="left"><hi style="opnumber">15</hi> <hi style="npnumber">16</hi></p>
</comments></div></body>
        </text>
        </TEI>