<?xml version='1.0' encoding='UTF-8' standalone='no'?>

<TEI xmlns="http://www.tei-c.org/ns/1.0">
       <teiHeader>
          <fileDesc>
             <titleStmt>
                <title>Письмо №* 251. В. К. Истомину.</title>
             </titleStmt>
             <publicationStmt>
                <publisher>TolstoyLab</publisher>
                <date when="2015-09-14">14 September 2015</date>
             </publicationStmt>
             <sourceDesc>
                <biblStruct>
                   <analytic>
                      <author>Толстой Л.Н.</author>
                   </analytic>
                   <monogr>
                      <title level="m">Полное собрание сочинений. Том 62</title>
                      <imprint>
                         <pubPlace>Москва</pubPlace>
                         <publisher>Государственное издательство "Художественная литература"</publisher>
                         <date when="1953"/>
                      </imprint>
                   </monogr>
                   <series>
                      <title level="s">Л.Н. Толстой. Полное собрание сочинений</title>
                      <biblScope unit="vol">62</biblScope>
                   </series>
                </biblStruct>
             </sourceDesc>
          </fileDesc>
          <encodingDesc>
             <tagsDecl> </tagsDecl>
          </encodingDesc>
          <profileDesc>
             <correspDesc>
                <correspAction type="sending">
                   <persName ref="PersonList.xml#L_N_Tolstoy">Л. Н. Толстой</persName>
                   <placeName ref="PlacesListxml#PLACE">Я. П.</placeName>
                   <date when="1876-03-17">1876 г. Марта 17.</date>            </correspAction>
                <correspAction type="receiving">
                   <persName ref="PersonList.xml#RECEIVER">Истомин Владимир Константинович</persName>
                </correspAction>
                <correspContext>
                   <ref type="prev">Ответ на неизвестное письмо В. К. Истомина.</ref>
                </correspContext>
             </correspDesc>
          </profileDesc>
       </teiHeader>
       <xenoData><number type="in a volume">251</number></xenoData>

              <text xml:id="V.K.Istominu_251">
	<body><div>
		<opener index="false">
* 251. В. К. Истомину.
1876 г. Марта 17. Я. П.</opener>
<p rend="right">17 марта.</p>
<p rend="left">Очень рад был получить от вас известие, любезный Владимир Константиныч, и узнать, что вы помните и любите меня и нашли тихое пристанище в <hi style="opdelimiter">семье.<note xml:id="note1" resp="volume_editor" index="false"> В. К. Истомин женился на Наталии Александровне Реми.</note></hi><hi style="opnumber">258</hi></p>
<p rend="left"><hi style="npnumber">259</hi><hi style="npdelimiter">Я</hi> очень рад буду исполнить ваше желание, если буду в состоянии. Я вижу очень мало людей; но на днях думаю быть в Москве<note xml:id="note2" resp="volume_editor" index="false"> Толстой был в Москве около 27 апреля.</note> и увижу Каткова и поговорю ему и тогда вам напишу. У него всяких мест много, и место в редакции я думаю подходило бы к вашим вкусам. Саша женат на прелестной и премилой княжне Еристовой. Он был у нас с нею нынче зимой,<note xml:id="note3" resp="volume_editor" index="false"> Александр Андреевич Берс гостил с женой в Ясной Поляне в ноябре 1875 г.</note> и мы очень полюбили ее. Иначе и нельзя. Он в Кутаиской губернии уездным начальником и, как кажется, устроился хорошо и надеется устроиться еще лучше. Адрес его: Кутаиской губернии Сенаки. Когда увижусь с Катковым, напишу вам, если будет о чем.</p>
<p rend="right">Ваш Л. Толстой.</p>
<comments><p rend="Textpetit_otstup left">На автографе после даты Толстого пометка В. К. Истомина «1876 год», подтверждаемая содержанием.</p>
<p rend="petit left">Ответ на неизвестное письмо В. К. Истомина.</p>
<p rend="Textpetit_otstup left"><hi>1</hi> В. К. Истомин женился на Наталии Александровне Реми.</p>
<p rend="petit left"><hi>2</hi> Толстой был в Москве около 27 апреля.</p>
<p rend="petit left"><hi>3</hi> Александр Андреевич Берс гостил с женой в Ясной Поляне в ноябре 1875 г.</p>
</comments></div></body>
        </text>
        </TEI>