<?xml version='1.0' encoding='UTF-8' standalone='no'?>

<TEI xmlns="http://www.tei-c.org/ns/1.0">
       <teiHeader>
          <fileDesc>
             <titleStmt>
                <title>Письмо №383. П. И. Бирюкову.</title>
             </titleStmt>
             <publicationStmt>
                <publisher>TolstoyLab</publisher>
                <date when="2015-09-14">14 September 2015</date>
             </publicationStmt>
             <sourceDesc>
                <biblStruct>
                   <analytic>
                      <author>Толстой Л.Н.</author>
                   </analytic>
                   <monogr>
                      <title level="m">Полное собрание сочинений. Том 63</title>
                      <imprint>
                         <pubPlace>Москва</pubPlace>
                         <publisher>Государственное издательство "Художественная литература"</publisher>
                         <date when="1934"/>
                      </imprint>
                   </monogr>
                   <series>
                      <title level="s">Л.Н. Толстой. Полное собрание сочинений</title>
                      <biblScope unit="vol">63</biblScope>
                   </series>
                </biblStruct>
				<bibl>Печатается по автографу, хранящемуся в БЛ. Впервые опубликовано в газ. «Речь» 1908, № 205 от 28 августа, стр. 2. Датируется на основании письма П. И. Бирюкова от 9 июня 1885 г., на которое отвечает Толстой, и пометки П. И. Бирюкова: «<choice original_editorial_correction='П[олучено]'><sic>П</sic><corr>Получено</corr></choice> 17, VI».</bibl>
             </sourceDesc>
          </fileDesc>
          <encodingDesc>
             <tagsDecl> </tagsDecl>
          </encodingDesc>
          <profileDesc>
             <correspDesc>
                <correspAction type="sending">
                   <persName ref="PersonList.xml#L_N_Tolstoy">Л. Н. Толстой</persName>
                   <placeName ref="PlacesListxml#PLACE">Я. П.</placeName>
                   <date from="1885-06-11" to="1885-06-15">1885 г. Июня 11 — 15?</date>            </correspAction>
                <correspAction type="receiving">
                   <persName ref="PersonList.xml#RECEIVER">Бирюков Павел Иванович</persName>
                </correspAction>
                <correspContext>
                   <ref type="prev"/>
                </correspContext>
             </correspDesc>
          </profileDesc>
       </teiHeader>
       <xenoData><number type="in a volume">383</number></xenoData>

              <text xml:id="P__I__Biryukovu_383">
	<body><div>
		<opener index="false">
383. П. И. Бирюкову.
1885 г. Июня 11 — 15? Я. П.</opener>
<p rend="left">Напрасно вы, <choice original_editorial_correction='П[авел]'><sic>П</sic><corr><choice><reg>Павел</reg><orig>Павелъ</orig></choice></corr></choice> <choice original_editorial_correction='И[ванович]'><sic>И</sic><corr><choice><reg>Иванович</reg><orig>Ивановичъ</orig></choice></corr></choice>, не слушаете своего Мефистофеля:<note xml:id="note1" resp="volume_editor" index="false"> Толстой отвечает на следующее место из письма П. И. Бирюкова, выражающее его тогдашнее душевное настроение: «Дело, которое делаю теперь, приближает меня к учению о жизни Вами признаваемому. Я говорю, конечно, о деле «Посредника». Я делаю теперь, собственно говоря, два дела. Дело утреннее — обсерватория, — там голова моя, разум. Дело вечернее — «Посредник» — там и разум, и воля, и сердце мое. Да, это дело приближает меня к Вам и к учению, которое Вы исповедуете. Быть может редакторство предполагаемой газеты еще более сделает это. Не самый процесс редактированья, разумеется, но проповедь этой идеи, которая мне так дорога, защита ее от противников ей — быть может это сожительство с ней, объединит, соединит меня с нею и я стану христианином. Почему же я теперь не становлюсь им? Почему не принимаю того учения, которое считаю самым дорогим для себя? Внутри меня, на самом дне моего существа сидит какая-то гадина, она не дает мне отдаться тому, что мне дорого. Околеет она — и я возьму этот клад, а вырастет — не даст, утащит меня от него. И вот это-то дело, что я теперь делаю, и редакторство той газеты, мне кажется, не по вкусу той гадине, сушат ее, не дают ей расти. Она шепчет придавленная: опомнись, безумный, брось детские мечты об обновлении мира посредством любви! Верь твоему рассудку, непреложным законам его логики, взгляни на историю кровью залитого человечества, рождение его пропадает в бесконечной дали времен, конца ему не видать ни нам, ни нашим бесконечно удаленным потомкам, и везде всё кровь и насилие! Еще шепчет она, эта гадина: ты хочешь дать благо себе и другим, не мечтай водворить его этим путем, обними вооруженным наукою разумом весь мир, беспредельный в пространстве и времени, и преклонись перед законом причины и следствия и вытекающей из него теории развития. Ты властен направлять действие этих законов во благо себе и другим, изучай же их, чтобы уметь обращаться с ними — разве не нравится тебе это дело? Ведь ты любишь его? — За работой в «Посреднике» я реже и глуше слышу этот шопот, и вот почему я дорожу этой работой и жду, что она убьет мою гадину. Быть может, на самом деле я стою гораздо ближе к учению Христа, чем пишу об этом, но я боюсь быть неискренним и, говоря Вам об этом, хочу строже осудить себя, хочу показать и чистую, и грязную свою сторону; ведь Вы не отвернетесь от меня за это, не побрезгаете моею грязью, но поможете снять ее с себя, очиститься? Я верю в это и поэтому взялся за дело «Посредника», и предлагаю себя на дело редакторства» (из письма П. И. Бирюкова от 9 июня 1885 г. АТБ).</note> <choice><reg>он</reg><orig>онъ</orig></choice> все <choice><reg>говорит</reg><orig>говоритъ</orig></choice> <choice><reg>дело</reg><orig>дѣло</orig></choice>. Если бы вы его слушали и доводили до конца свой <choice><reg>разговор</reg><orig>разговоръ</orig></choice> <choice><reg>с</reg><orig>съ</orig></choice> <choice><reg>ним</reg><orig>нимъ</orig></choice>, то у <choice><reg>вас</reg><orig>васъ</orig></choice> никогда бы не было <choice><reg>тени</reg><orig>тѣни</orig></choice> <choice><reg>сомнения</reg><orig>сомнѣнiя</orig></choice> и <choice><reg>раздвоения</reg><orig>раздвоенiя</orig></choice>, <choice original_editorial_correction='к[оторое]'><sic>к</sic><corr>которое</corr></choice> я считаю самой опасной и жалкой душевной <choice><reg>болезнью</reg><orig>болѣзнью</orig></choice>. <choice><reg>Он</reg><orig>Онъ</orig></choice> <choice><reg>говорит</reg><orig>говоритъ</orig></choice>: «<choice><reg>верь</reg><orig>вѣрь</orig></choice> твоему <choice><reg>рассудку</reg><orig>разсудку</orig></choice> и <choice><reg>непреложным</reg><orig>непреложнымъ</orig></choice> <choice><reg>законам</reg><orig>законамъ</orig></choice> его логики, взгляни на кровавую <choice><reg>историю</reg><orig>исторiю</orig></choice> <choice><reg>человечества</reg><orig>человѣчества</orig></choice>, пропадающую <choice><reg>в</reg><orig>въ</orig></choice> <choice><reg>бесконечности</reg><orig>безконечности</orig></choice> и, <choice><reg>вероятно</reg><orig>вѣроятно</orig></choice>, не <choice><reg>имеющую</reg><orig>имѣющую</orig></choice> конца». <hi style="opdelimiter">Это</hi><hi style="opnumber">262</hi> <hi style="npnumber">263</hi><hi style="npdelimiter">самое</hi> важное, что и нужно всегда <choice><reg>иметь</reg><orig>имѣть</orig></choice> <choice><reg>в</reg><orig>въ</orig></choice> виду. Еще <choice><reg>он</reg><orig>онъ</orig></choice> <choice><reg>говорит</reg><orig>говоритъ</orig></choice> <choice><reg>вам</reg><orig>вамъ</orig></choice>: «Напрасно ты думаешь водворить благо <choice><reg>каким</reg><orig>какимъ</orig></choice> то (<choice><reg>тут</reg><orig>тутъ</orig></choice> неясно, какой <choice><reg>способ</reg><orig>способъ</orig></choice> <choice><reg>он</reg><orig>онъ</orig></choice> <choice><reg>отрицает</reg><orig>отрицаетъ</orig></choice>), <choice><reg>бестолковым</reg><orig>безтолковымъ</orig></choice> <choice><reg>детским</reg><orig>дѣтскимъ</orig></choice> <choice><reg>путем</reg><orig>путемъ</orig></choice>; а обними <choice><reg>вооруженным</reg><orig>вооруженнымъ</orig></choice> наукою <choice><reg>разумом</reg><orig>разумомъ</orig></choice> весь <choice><reg>беспредельный</reg><orig>безпредѣльный</orig></choice> <choice><reg>мир</reg><orig>мiръ</orig></choice> и не думай нарушать <choice><reg>закон</reg><orig>законъ</orig></choice> причины и <choice><reg>следствия</reg><orig>слѣдствiя</orig></choice> и <choice><reg>развития</reg><orig>развитiя</orig></choice>. Ты <choice><reg>властен</reg><orig>властенъ</orig></choice> направлять <choice><reg>действие</reg><orig>дѣйствiе</orig></choice> <choice><reg>этих</reg><orig>этихъ</orig></choice> <choice><reg>законов</reg><orig>законовъ</orig></choice> во благо <choice><reg>себе</reg><orig>себѣ</orig></choice> и <choice><reg>другим</reg><orig>другимъ</orig></choice>: изучай <choice><reg>их</reg><orig>ихъ</orig></choice>, чтобы <choice><reg>уметь</reg><orig>умѣть</orig></choice> пользоваться ими». Это все <choice><reg>он</reg><orig>онъ</orig></choice> прекрасно <choice><reg>говорит</reg><orig>говоритъ</orig></choice>. Я только это и говорю, и думаю. И не знаю, за что вы называете «гадиной» такой разумный <choice><reg>голос</reg><orig>голосъ</orig></choice>. Ему только одному и надо <choice><reg>следовать</reg><orig>слѣдовать</orig></choice>. — Прежде всего надо узнать, <choice><reg>какие</reg><orig>какiе</orig></choice> <choice><reg>из</reg><orig>изъ</orig></choice> <choice><reg>всех</reg><orig>всѣхъ</orig></choice> <choice><reg>законов</reg><orig>законовъ</orig></choice>, <choice><reg>управляющих</reg><orig>управляющихъ</orig></choice> <choice><reg>миром</reg><orig>мiромъ</orig></choice>, во <choice><reg>1-х</reg><orig>1-хъ</orig></choice>, самые важные, а во <choice><reg>2-х</reg><orig>2-хъ</orig></choice> (главное), какими я <choice><reg>призван</reg><orig>призванъ</orig></choice> «пользоваться», т. е. <choice><reg>такие</reg><orig>такiе</orig></choice>, <choice><reg>приложение</reg><orig>приложенiе</orig></choice> <choice><reg>которых</reg><orig>которыхъ</orig></choice> <choice><reg>мне</reg><orig>мнѣ</orig></choice> <choice><reg>наиболее</reg><orig>наиболѣе</orig></choice> доступно. И по <choice><reg>этим</reg><orig>этимъ</orig></choice> <choice><reg>соображениям</reg><orig>соображенiямъ</orig></choice> установить правильную очередь <choice><reg>в</reg><orig>въ</orig></choice> <choice><reg>изучении</reg><orig>изученiи</orig></choice> <choice><reg>законов</reg><orig>законовъ</orig></choice> и <choice><reg>приложения</reg><orig>приложенiя</orig></choice> <choice><reg>их</reg><orig>ихъ</orig></choice>: прежде понять и научиться пользоваться <choice><reg>теми</reg><orig>тѣми</orig></choice> законами, <choice original_editorial_correction='к[оторые]'><sic>к</sic><corr>которые</corr></choice> <choice><reg>мне</reg><orig>мнѣ</orig></choice> <choice><reg>наиболее</reg><orig>наиболѣе</orig></choice> доступны и <choice><reg>от</reg><orig>отъ</orig></choice> <choice original_editorial_correction='к[оторых]'><sic>к</sic><corr><choice><reg>которых</reg><orig>которыхъ</orig></choice></corr></choice> <choice><reg>более</reg><orig>болѣе</orig></choice> <choice><reg>зависит</reg><orig>зависитъ</orig></choice> счастье мое и <choice><reg>других</reg><orig>другихъ</orig></choice>, и <choice original_editorial_correction='к[оторые]'><sic>к</sic><corr>которые</corr></choice> по этому для меня <choice><reg>более</reg><orig>болѣе</orig></choice> обязательны; потому, <choice><reg>узнав</reg><orig>узнавъ</orig></choice> эти законы и прилагая <choice><reg>их</reg><orig>ихъ</orig></choice>, заняться <choice><reg>следующими</reg><orig>слѣдующими</orig></choice> по очереди (<choice><reg>в</reg><orig>въ</orig></choice> <choice><reg>смысле</reg><orig>смыслѣ</orig></choice> доступности и обязательности) и т. д. до <choice><reg>самых</reg><orig>самыхъ</orig></choice> <choice><reg>последних</reg><orig>послѣднихъ</orig></choice> <choice><reg>законов</reg><orig>законовъ</orig></choice>, <choice><reg>доступных</reg><orig>доступныхъ</orig></choice> уму <choice><reg>человека</reg><orig>человѣка</orig></choice>. И потому <choice><reg>голос</reg><orig>голосъ</orig></choice> совершенно справедливо <choice><reg>говорит</reg><orig>говоритъ</orig></choice> <choice><reg>вам</reg><orig>вамъ</orig></choice>: обними весь <choice original_editorial_correction='беспред[ельный]'><sic><choice><reg>беспред</reg><orig>безпред</orig></choice></sic><corr><choice><reg>беспредельный</reg><orig>безпредѣльный</orig></choice></corr></choice> <choice><reg>мир</reg><orig>мiръ</orig></choice> <choice><reg>вооруженным</reg><orig>вооруженнымъ</orig></choice> наукою.... Наука только <choice><reg>в</reg><orig>въ</orig></choice> <choice><reg>том</reg><orig>томъ</orig></choice> и <choice><reg>состоит</reg><orig>состоитъ</orig></choice>, чтобы знать эту очередь, знать, чтò мы <choice><reg>можем</reg><orig>можемъ</orig></choice> и должны знать прежде, <choice><reg>после</reg><orig>послѣ</orig></choice> и то, чего мы не <choice><reg>можем</reg><orig>можемъ</orig></choice> знать. Справедливо <choice><reg>говорит</reg><orig>говоритъ</orig></choice> и то, что <choice><reg>всякий</reg><orig>всякiй</orig></choice> другой путь есть <choice><reg>детская</reg><orig>дѣтская</orig></choice> мечта. <choice><reg>Обновление</reg><orig>Обновленiе</orig></choice> <choice><reg>мира</reg><orig>мiра</orig></choice> <choice><reg>посредством</reg><orig>посредствомъ</orig></choice> <choice><reg>спектрального</reg><orig>спектральнаго</orig></choice> анализа или любви есть одинаковая <choice><reg>детская</reg><orig>дѣтская</orig></choice> мечта. Не мечта есть только <choice><reg>деятельность</reg><orig>дѣятельность</orig></choice>, сообразная <choice><reg>непреложным</reg><orig>непреложнымъ</orig></choice> <choice><reg>законам</reg><orig>законамъ</orig></choice> разума. <choice><reg>Голос</reg><orig>Голосъ</orig></choice> тоже <choice><reg>советует</reg><orig>совѣтуетъ</orig></choice> <choice><reg>вам</reg><orig>вамъ</orig></choice> помнить <choice><reg>историю</reg><orig>исторiю</orig></choice> <choice><reg>человечества</reg><orig>человѣчества</orig></choice>, исполненную <choice><reg>страданий</reg><orig>страданiй</orig></choice> и <choice><reg>насилий</reg><orig>насилiй</orig></choice>. И <choice><reg>в</reg><orig>въ</orig></choice> <choice><reg>этом</reg><orig>этомъ</orig></choice> я <choice><reg>с</reg><orig>съ</orig></choice> <choice><reg>ним</reg><orig>нимъ</orig></choice> <choice><reg>согласен</reg><orig>согласенъ</orig></choice>. Это надо всегда помнить. Помнить то, что эти <choice><reg>страдания</reg><orig>страданiя</orig></choice> уменьшались и уменьшаются <choice><reg>в</reg><orig>въ</orig></choice> <choice><reg>человечестве</reg><orig>человѣчествѣ</orig></choice> только благодаря <choice><reg>деятельности</reg><orig>дѣятельности</orig></choice> разума, <choice><reg>вооруженного</reg><orig>вооруженнаго</orig></choice> наукой (<choice><reg>подразумевая</reg><orig>подразумѣвая</orig></choice> <choice><reg>под</reg><orig>подъ</orig></choice> наукой — не <choice><reg>считание</reg><orig>считанiе</orig></choice> <choice><reg>козявок</reg><orig>козявокъ</orig></choice>, <choice><reg>звезд</reg><orig>звѣздъ</orig></choice>, <choice><reg>телефон</reg><orig>телефонъ</orig></choice> и спектральный <choice><reg>анализ</reg><orig>анализъ</orig></choice>, а очередное по важности, доступности и обязательности <choice><reg>изучение</reg><orig>изученiе</orig></choice> <choice><reg>законов</reg><orig>законовъ</orig></choice> <choice><reg>мира</reg><orig>мiра</orig></choice>). И что, <choice original_editorial_correction='т[ак]'><sic>т</sic><corr><choice><reg>так</reg><orig>такъ</orig></choice></corr></choice> <choice original_editorial_correction='к[ак]'><sic>к</sic><corr><choice><reg>как</reg><orig>какъ</orig></choice></corr></choice> я существо одаренное <choice><reg>тем</reg><orig>тѣмъ</orig></choice> <choice><reg>средством</reg><orig>средствомъ</orig></choice>, <choice original_editorial_correction='к[оторое]'><sic>к</sic><corr>которое</corr></choice> <choice><reg>уменьшает</reg><orig>уменьшаетъ</orig></choice> <choice><reg>страдания</reg><orig>страданiя</orig></choice>, я и <choice><reg>должен</reg><orig>долженъ</orig></choice> прилагать его, <choice><reg>тем</reg><orig>тѣмъ</orig></choice> <hi style="opdelimiter"><choice><reg>более</reg><orig>болѣе</orig></choice>,</hi><hi style="opnumber">263</hi> <hi style="npnumber">264</hi><hi style="npdelimiter">что</hi> это <choice><reg>приложение</reg><orig>приложенiе</orig></choice> <choice><reg>доставляет</reg><orig>доставляетъ</orig></choice> <choice><reg>человеку</reg><orig>человѣку</orig></choice>, <choice><reg>мне</reg><orig>мнѣ</orig></choice>, единственное благо, свободное, не уничтожаемое смертью.</p>
<comments><p rend="Textpetit_otstup left">Печатается по автографу, хранящемуся в БЛ. Впервые опубликовано в газ. «Речь» 1908, № 205 от 28 августа, стр. 2. Датируется на основании письма П. И. Бирюкова от 9 июня 1885 г., на которое отвечает Толстой, и пометки П. И. Бирюкова: «<choice original_editorial_correction='П[олучено]'><sic>П</sic><corr>Получено</corr></choice> 17, VI».</p>
<p rend="Textpetit_otstup left"><hi>1</hi> Толстой отвечает на следующее место из письма П. И. Бирюкова, выражающее его тогдашнее душевное настроение: «Дело, которое делаю теперь, приближает меня к учению о жизни Вами признаваемому. Я говорю, конечно, о деле «Посредника». Я делаю теперь, собственно говоря, два дела. Дело утреннее — обсерватория, — там голова моя, разум. Дело вечернее — «Посредник» — там и разум, и воля, и сердце мое. Да, это дело приближает меня к Вам и к учению, которое Вы исповедуете. Быть может редакторство предполагаемой газеты еще более сделает это. Не самый процесс редактированья, разумеется, но проповедь этой идеи, которая мне так дорога, защита ее от противников ей — быть может это сожительство с ней, объединит, соединит меня с нею и я стану христианином. Почему же я теперь не становлюсь им? Почему не принимаю того учения, которое считаю самым дорогим для себя? Внутри меня, на самом дне моего существа сидит какая-то гадина, она не дает мне отдаться тому, что мне дорого. Околеет она — и я возьму этот клад, а вырастет — не даст, утащит меня от него. И вот это-то дело, что я теперь делаю, и редакторство той газеты, мне кажется, не по вкусу той гадине, сушат ее, не дают ей расти. Она шепчет придавленная: опомнись, безумный, брось детские мечты об обновлении мира посредством любви! Верь твоему рассудку, непреложным законам его логики, взгляни на историю кровью залитого человечества, рождение его пропадает в бесконечной дали времен, конца ему не видать ни нам, ни нашим бесконечно удаленным потомкам, и везде всё кровь и насилие! Еще шепчет она, эта гадина: ты хочешь дать благо себе и другим, не мечтай водворить его этим путем, обними вооруженным наукою разумом весь мир, беспредельный в пространстве и времени, и преклонись перед законом причины и следствия и вытекающей из него теории развития. Ты властен направлять действие этих законов во благо себе и другим, изучай же их, чтобы уметь обращаться с ними — разве не нравится тебе это дело? Ведь ты любишь его? — За работой в «Посреднике» я реже и глуше слышу этот шопот, и вот почему я дорожу этой работой и жду, что она убьет мою гадину. Быть может, на самом деле я стою гораздо ближе к учению Христа, чем пишу об этом, но я боюсь быть неискренним и, говоря Вам об этом, хочу строже осудить себя, хочу показать и чистую, и грязную свою сторону; ведь Вы не отвернетесь от меня за это, не побрезгаете моею грязью, но поможете снять ее с себя, очиститься? Я верю в это и поэтому взялся за дело «Посредника», и предлагаю себя на дело редакторства» (из письма П. И. Бирюкова от 9 июня 1885 г. АТБ).</p>
</comments></div></body>
        </text>
        </TEI>