<?xml version='1.0' encoding='UTF-8' standalone='no'?>

<TEI xmlns="http://www.tei-c.org/ns/1.0">
       <teiHeader>
          <fileDesc>
             <titleStmt>
                <title>Письмо №252. П. Д. Голохвастову.</title>
             </titleStmt>
             <publicationStmt>
                <publisher>TolstoyLab</publisher>
                <date when="2015-09-14">14 September 2015</date>
             </publicationStmt>
             <sourceDesc>
                <biblStruct>
                   <analytic>
                      <author>Толстой Л.Н.</author>
                   </analytic>
                   <monogr>
                      <title level="m">Полное собрание сочинений. Том 62</title>
                      <imprint>
                         <pubPlace>Москва</pubPlace>
                         <publisher>Государственное издательство "Художественная литература"</publisher>
                         <date when="1953"/>
                      </imprint>
                   </monogr>
                   <series>
                      <title level="s">Л.Н. Толстой. Полное собрание сочинений</title>
                      <biblScope unit="vol">62</biblScope>
                   </series>
                </biblStruct>
             </sourceDesc>
          </fileDesc>
          <encodingDesc>
             <tagsDecl> </tagsDecl>
          </encodingDesc>
          <profileDesc>
             <correspDesc>
                <correspAction type="sending">
                   <persName ref="PersonList.xml#L_N_Tolstoy">Л. Н. Толстой</persName>
                   <placeName ref="PlacesListxml#PLACE">Я. П.</placeName>
                   <date when="1876-03-17">1876 г. Марта 17.</date>            </correspAction>
                <correspAction type="receiving">
                   <persName ref="PersonList.xml#RECEIVER">Голохвастов Павел Дмитриевич</persName>
                </correspAction>
                <correspContext>
                   <ref type="prev"/>
                </correspContext>
             </correspDesc>
          </profileDesc>
       </teiHeader>
       <xenoData><number type="in a volume">252</number></xenoData>

              <text xml:id="P.D.Goloxvastovu_252">
	<body><div>
		<opener index="false">
252. П. Д. Голохвастову.
1876 г. Марта 17...20? Я. П.</opener>
<p rend="left">Благодарю вас, дорогой Павел Дмитрич, что вспомнили обо мне, — нехорошо только то, что известия вы даете о себе недобрые;<note xml:id="note1" resp="volume_editor" index="false"> Письмо П. Д. Голохвастова неизвестно.</note> во-первых, то, что, как вижу, вы не работаете, не ушли с ушами в работу. Это одна настоящая манера. Я не хочу даже знать, чтó вам работать. Это всё равно. Я знаю только то, что есть вещи, которые вы знаете, а другие не знают, — поэтические или филологические, научные или художественные, только вам надо эти самые вещи высказать и, чтобы это сделать, — надо уйти с ушами в работу. А этого вы не делаете и это нехорошо. Во-вторых, то, что вы живете за границей и в Италии. Вы не поверите, что я скорее бы стал жить в Мамадышах,<note xml:id="note2" resp="volume_editor" index="false"> В то время незначительный уездный городок Казанской губ.; по переписи 1897 г. в нем числилось всего 4213 жителей. Слово «Мамадыш» было у Толстого синонимом слова «глушь». Ср. его письмо к дочери М. Л. Оболенской от 22 марта 1906 г. (т. 76).</note> чем в Венеции, Риме, Неаполе; на этих городах и на жизни в них для всех лежит такое условное, неизменно одинаковое величие и изящество, а для меня такая пошлость, что мне тошно думать о них, а читать о них (недавно Страхов прислал свою статью об Италии и искусстве<note xml:id="note3" resp="volume_editor" index="false"> См. прим. 3 к письму № 239.</note>) невыносимо.</p>
<p rend="left">Хуже же всего то, что Ольга Андреевна болеет. Ужаснее болезни жены для здорового мужа не может быть положения. Я нынешний год испытал и продолжаю испытывать это <hi style="opdelimiter">состояние.</hi><hi style="opnumber">259</hi></p>
<p rend="left"><hi style="npnumber">260</hi><hi style="npdelimiter">Жена</hi> была опасно больна. Всю зиму хворала, слабела и теперь опять в постели, и всякую минуту трепещешь, что положение ухудшится. Для меня это положение мучительно, в особенности потому, что я не верю ни в докторов, ни в медицину, ни в то, чтобы людские средства могли на волос изменить состояние здоровья, т. е. жизни человека. Вследствие этого убеждения, которого я не могу изменить в себе, я беру всех докторов, следую всем их предписаниям и не могу иметь никакого плана. Весьма похоже, что мы скоро поедем за границу<note xml:id="note4" resp="volume_editor" index="false"> См. прим. 2 к письму № 267.</note> и, вероятно, в Италию, которая мне так противна, но менее, чем Германия. В Европе мне кажется, что я мог бы жить только в Англии, но оттуда для здоровья уезжают и туда незачем ехать. Вообще болезнь жены, смерть тетушки, которая скончалась у нас нынешнюю зиму, и смерть вновь родившейся девочки, всё это сделало нынешнюю зиму очень для меня тяжелою. Утешают только дети, которые, слава богу, хорошо растут, и работа, в которую я ухожу по уши.</p>
<p rend="left">Первого утешения у вас нет, а второе вы должны себе устроить.</p>
<p rend="left">Главное же желаю для нее самой, так же как и для вас, чтобы Ольга Андреевна была здорова.</p>
<p rend="left">До свиданья. Пожалуйста, пишите, изредка хотя.</p>
<p rend="right">Искренно вас любящий Л. Толстой.</p>
<comments><p rend="Textpetit_otstup left">О первой публикации см. стр. 3. Год определяется содержанием, месяц и число — на основании фразы: «жена опять в постели»: С. А. Толстая заболела 17 марта.</p>
<p rend="Textpetit_otstup left"><hi>1</hi> Письмо П. Д. Голохвастова неизвестно.</p>
<p rend="petit left"><hi>2</hi> В то время незначительный уездный городок Казанской губ.; по переписи 1897 г. в нем числилось всего 4213 жителей. Слово «Мамадыш» было у Толстого синонимом слова «глушь». Ср. его письмо к дочери М. Л. Оболенской от 22 марта 1906 г. (т. 76).</p>
<p rend="petit left"><hi>3</hi> См. прим. 3 к письму № 239.</p>
<p rend="petit left"><hi>4</hi> См. прим. 2 к письму № 267.</p>
</comments></div></body>
        </text>
        </TEI>