<?xml version='1.0' encoding='UTF-8' standalone='no'?>

<TEI xmlns="http://www.tei-c.org/ns/1.0">
       <teiHeader>
          <fileDesc>
             <titleStmt>
                <title>Письмо №325. Г. А. Захарьину.</title>
             </titleStmt>
             <publicationStmt>
                <publisher>TolstoyLab</publisher>
                <date when="2015-09-14">14 September 2015</date>
             </publicationStmt>
             <sourceDesc>
                <biblStruct>
                   <analytic>
                      <author>Толстой Л.Н.</author>
                   </analytic>
                   <monogr>
                      <title level="m">Полное собрание сочинений. Том 62</title>
                      <imprint>
                         <pubPlace>Москва</pubPlace>
                         <publisher>Государственное издательство "Художественная литература"</publisher>
                         <date when="1953"/>
                      </imprint>
                   </monogr>
                   <series>
                      <title level="s">Л.Н. Толстой. Полное собрание сочинений</title>
                      <biblScope unit="vol">62</biblScope>
                   </series>
                </biblStruct>
				<bibl>Впервые опубликовано в «Литературном наследстве», т. 37-38, стр. 230. Датируется на основании ответного письма Захарьина от 25 апреля 1877 г.</bibl>
             </sourceDesc>
          </fileDesc>
          <encodingDesc>
             <tagsDecl> </tagsDecl>
          </encodingDesc>
          <profileDesc>
             <correspDesc>
                <correspAction type="sending">
                   <persName ref="PersonList.xml#L_N_Tolstoy">Л. Н. Толстой</persName>
                   <placeName ref="PlacesListxml#PLACE">Я. П.</placeName>
                   <date when="1877-04-01">1877 г. Апреля 1.</date>            </correspAction>
                <correspAction type="receiving">
                   <persName ref="PersonList.xml#RECEIVER">Захарьин Григорий Антонович</persName>
                </correspAction>
                <correspContext>
                   <ref type="prev"/>
                </correspContext>
             </correspDesc>
          </profileDesc>
       </teiHeader>
       <xenoData><number type="in a volume">325</number></xenoData>

              <text xml:id="G.A.Zaxarinu_325">
	<body><div>
		<opener index="false">
325. Г. А. Захарьину.
1877 г. Апреля 1...20. Я. П.
</opener>
<p rend="Obrashenie left">Дорогой Григорий Антонович,</p>
<p rend="left">Пишу вам в первую свободную минуту, только с тем, чтобы сказать вам, что я очень часто думаю о вас и что последнее мое свидание с вами<note xml:id="note1" resp="volume_editor" index="false">Толстой был у Захарьина 27 февраля (см. письмо к С. А. Толстой от этого числа, т. 83, стр. 236).</note> оставило во мне очень сильное и хорошее впечатление и усилило мою дружбу к вам. Прошу вас верить этому и любить меня так же, как я вас.</p>
<p rend="right">Ваш Л. Толстой.</p>
<lb/>
<p rend="left">Вашу книгу Хомякова<note xml:id="note2" resp="volume_editor" index="false">Вероятно, сборник стихотворений А. С. Хомякова.</note> читали оба с женой. Я ждал больше. Я привезу вам ее сам на днях.</p>
<comments><p rend="Textpetit_otstup left">Впервые опубликовано в «Литературном наследстве», т. 37-38, стр. 230. Датируется на основании ответного письма Захарьина от 25 апреля 1877 г.</p>
<p rend="petit left">Григорий Антонович Захарьин (1829—1897) — известный врач-клиницист, профессор Московского университета. Толстой неоднократно лечился у него начиная с 1867 г.</p>
<p rend="Textpetit_otstup left"><hi>1 </hi>Толстой был у Захарьина 27 февраля (см. письмо к С. А. Толстой от этого числа, т. 83, стр. 236).</p>
<p rend="petit left"><hi>2 </hi>Вероятно, сборник стихотворений А. С. Хомякова.</p>
<p rend="petit left">В ответном письме от 25 апреля 1877 г. Захарьин писал: «Лучшего юбилея для нашего десятилетнего знакомства, как та хорошая минута, которой вы подарили меня своим письмом, я не мог пожелать. Десять лет назад я оценил в вас не только первого из современных русских писателей, но и — еще не зная вас лично — человека, симпатии которого, хорошо видел, несмотря на всю великую объективность вашего творческого дарования, — были там же, где и мои, сам пожелал узнать вас и стать настороже вашего здоровья...»</p>
<p rend="left emptyline"><hi style="opnumber">321</hi> <hi style="npnumber">322</hi></p>
</comments></div></body>
        </text>
        </TEI>