<?xml version='1.0' encoding='UTF-8' standalone='no'?>

<TEI xmlns="http://www.tei-c.org/ns/1.0">
       <teiHeader>
          <fileDesc>
             <titleStmt>
                <title>Письмо №217. С. А. Толстой</title>
             </titleStmt>
             <publicationStmt>
                <publisher>TolstoyLab</publisher>
                <date when="2015-09-14">14 September 2015</date>
             </publicationStmt>
             <sourceDesc>
                <biblStruct>
                   <analytic>
                      <author>Толстой Л.Н.</author>
                   </analytic>
                   <monogr>
                      <title level="m">Полное собрание сочинений. Том 83</title>
                      <imprint>
                         <pubPlace>Москва</pubPlace>
                         <publisher>Государственное издательство "Художественная литература"</publisher>
                         <date when="1938"/>
                      </imprint>
                   </monogr>
                   <series>
                      <title level="s">Л.Н. Толстой. Полное собрание сочинений</title>
                      <biblScope unit="vol">83</biblScope>
                   </series>
                </biblStruct>
				<bibl>Печатается по автографу, хранящемуся в АТБ. Впервые опубликовано по копии, сделанной С. А. Толстой, в ПЖ, слр. 173—175. Датируется на основании пометы Толстого «вторник», который падал на 14 сентября 1882 г.</bibl>
             </sourceDesc>
          </fileDesc>
          <encodingDesc>
             <tagsDecl> </tagsDecl>
          </encodingDesc>
          <profileDesc>
             <correspDesc>
                <correspAction type="sending">
                   <persName ref="PersonList.xml#L_N_Tolstoy">Л. Н. Толстой</persName>
                   <placeName ref="PlacesListxml#PLACE">Москва.</placeName>
                   <date when="1882-09-14">1882 г. Сентября 14.</date>            </correspAction>
                <correspAction type="receiving">
                   <persName ref="PersonList.xml#RECEIVER">Толстая Софья Андреевна</persName>
                </correspAction>
                <correspContext>
                   <ref type="prev"/>
                </correspContext>
             </correspDesc>
          </profileDesc>
       </teiHeader>
       <xenoData><number type="in a volume">217</number></xenoData>

       <text xml:id="a14_217">
	<body><div>
		<opener index="false">
217.
1882 г. Сентября 14. Москва.</opener>
<p rend="right"><choice><reg>Вторник</reg><orig>Вторникъ</orig></choice>, утро.</p>
<p rend="left">Только собирался писать <choice><reg>тебе</reg><orig>тебѣ</orig></choice>, что не <choice><reg>получил</reg><orig>получилъ</orig></choice> еще <choice><reg>от</reg><orig>отъ</orig></choice> тебя ни <choice><reg>одного</reg><orig>однаго</orig></choice> письма, <choice><reg>как</reg><orig>какъ</orig></choice> принесли <choice><reg>твоих</reg><orig>твоихъ</orig></choice> два.<note xml:id="note1" resp="volume_editor" index="false"> От 11 и 12 сентября.</note> — О <choice><reg>планах</reg><orig>планахъ</orig></choice> <choice><reg>наших</reg><orig>нашихъ</orig></choice> ничего не пишу, <choice original_editorial_correction='п[отому]'><sic>п</sic><corr>потому</corr></choice> <choice original_editorial_correction='ч[то]'><sic>ч</sic><corr>что</corr></choice> не <choice><reg>получил</reg><orig>получилъ</orig></choice> еще твоего <choice><reg>ответа</reg><orig>отвѣта</orig></choice> на мой <choice><reg>проэкт</reg><orig>проэктъ</orig></choice>. Я не <choice><reg>изменяю</reg><orig>измѣняю</orig></choice>; нечто ты <hi style="opdelimiter">придумаешь</hi><hi style="opnumber">353</hi> <hi style="npnumber">354</hi><hi style="npdelimiter">что-нибудь</hi> лучше. Илюша <choice><reg>бессовестный</reg><orig>безсовѣстный</orig></choice>, если <choice><reg>он</reg><orig>онъ</orig></choice> не <choice><reg>покорен</reg><orig>покоренъ</orig></choice> и <choice><reg>мучает</reg><orig>мучаетъ</orig></choice> тебя,<note xml:id="note2" resp="volume_editor" index="false"> С. А. Толстая писала 12 сентября: «Илюше здесь в тысячу раз опаснее жить, чем в Москве, и ходить по снегу и морозу пять часов сряду бог знает как далеко гораздо хуже, чем ходить в гимназию. Учится он часа два в день, и того меньше» (ПСТ, стр. 197).</note> но <choice><reg>надеюсь</reg><orig>надѣюсь</orig></choice>, что, <choice><reg>получив</reg><orig>получивъ</orig></choice> <choice><reg>от</reg><orig>отъ</orig></choice> тебя нагоняй, <choice><reg>он</reg><orig>онъ</orig></choice> образумился и <choice><reg>сидит</reg><orig>сидитъ</orig></choice> дома, готовясь. Если <choice><reg>он</reg><orig>онъ</orig></choice> <choice><reg>окреп</reg><orig>окрѣпъ</orig></choice>, и погода стала <choice><reg>теплее</reg><orig>теплѣе</orig></choice> (нынче у <choice><reg>нас</reg><orig>насъ</orig></choice> гораздо <choice><reg>теплее</reg><orig>теплѣе</orig></choice>), то пришли его <choice><reg>в</reg><orig>въ</orig></choice> пятницу, а я <choice><reg>приеду</reg><orig>прiѣду</orig></choice> <choice><reg>в</reg><orig>въ</orig></choice> <choice><reg>понедельник</reg><orig>понедѣльникъ</orig></choice>. — Понимаю, <choice><reg>как</reg><orig>какъ</orig></choice> <choice><reg>тебе</reg><orig>тебѣ</orig></choice> <choice><reg>неприятно</reg><orig>непрiятно</orig></choice> быть врозь <choice><reg>с</reg><orig>съ</orig></choice> нами, <choice><reg>с</reg><orig>съ</orig></choice> Илюшей на <choice><reg>руках</reg><orig>рукахъ</orig></choice>, и не понимать ясно, <choice><reg>в</reg><orig>въ</orig></choice> <choice><reg>чем</reg><orig>чемъ</orig></choice> и <choice><reg>от</reg><orig>отъ</orig></choice> чего задержка. — Даже на <choice><reg>месте</reg><orig>мѣстѣ</orig></choice> трудно ясно <choice><reg>определить</reg><orig>опредѣлить</orig></choice> <choice><reg>в</reg><orig>въ</orig></choice> <choice><reg>чем</reg><orig>чемъ</orig></choice> именно задержка — <choice><reg>так</reg><orig>такъ</orig></choice> много <choice><reg>разных</reg><orig>разныхъ</orig></choice> <choice><reg>работ</reg><orig>работъ</orig></choice>, что нельзя сразу понять. Задержка главная — это сохнущая штукатурка. Топить — <choice><reg>топят</reg><orig>топятъ</orig></choice>, но не <choice><reg>везде</reg><orig>вездѣ</orig></choice>: трубы еще не <choice><reg>совсем</reg><orig>совсѣмъ</orig></choice> готовы. <choice><reg>В</reg><orig>Въ</orig></choice> <choice><reg>зале</reg><orig>залѣ</orig></choice> и гостиной потолки и одна <choice><reg>стена</reg><orig>стѣна</orig></choice> уже высохли — <choice><reg>из</reg><orig>изъ</orig></choice> <choice><reg>серых</reg><orig>сѣрыхъ</orig></choice> стали <choice><reg>белыми</reg><orig>бѣлыми</orig></choice>, и это быстро <choice><reg>идет</reg><orig>идетъ</orig></choice>, и <choice><reg>пойдет</reg><orig>пойдетъ</orig></choice> еще <choice><reg>быстрее</reg><orig>быстрѣе</orig></choice>, когда <choice><reg>вставят</reg><orig>вставятъ</orig></choice> рамы и <choice><reg>будут</reg><orig>будутъ</orig></choice> топить. <choice><reg>Утверждение</reg><orig>Утвержденiе</orig></choice> архитектора справедливо: 1-го октября можно <choice><reg>будет</reg><orig>будетъ</orig></choice> <choice><reg>въехать</reg><orig>въѣхать</orig></choice>. Но задержки <choice><reg>так</reg><orig>такъ</orig></choice> <choice><reg>вот</reg><orig>вотъ</orig></choice> <choice><reg>бывает</reg><orig>бываетъ</orig></choice>: <choice><reg>нижния</reg><orig>нижнiя</orig></choice> комнаты <choice><reg>хотели</reg><orig>хотѣли</orig></choice> <choice><reg>отделать</reg><orig>отдѣлать</orig></choice> ко вторнику, а <choice><reg>тут</reg><orig>тутъ</orig></choice> <choice><reg>праздник</reg><orig>праздникъ</orig></choice>, — <choice><reg>будет</reg><orig>будетъ</orig></choice> готово <choice><reg>в</reg><orig>въ</orig></choice> середу. А то <choice><reg>рабочих</reg><orig>рабочихъ</orig></choice> меньше, <choice><reg>чем</reg><orig>чѣмъ</orig></choice> <choice><reg>обещали</reg><orig>обѣщали</orig></choice> и т. п. Людей, <choice><reg>мне</reg><orig>мнѣ</orig></choice> кажется, я <choice><reg>обдумал</reg><orig>обдумалъ</orig></choice> хорошо.<note xml:id="note3" resp="volume_editor" index="false"> В письме от 12 сентября 1882 г. С. А. Толстая спрашивала: «что именно не готово наверху, готовы ли те две комнаты из корридора и девичья и кухня? Ты как-то всегда забываешь людей» (там же).</note> <choice><reg>Подвал</reg><orig>Подвалъ</orig></choice> я теперь не начинаю, чтобы не отрывать <choice><reg>народ</reg><orig>народъ</orig></choice>; это и <choice><reg>после</reg><orig>послѣ</orig></choice> можно <choice><reg>сделать</reg><orig>сдѣлать</orig></choice>, <choice><reg>тем</reg><orig>тѣмъ</orig></choice> <choice><reg>более</reg><orig>болѣе</orig></choice>, что есть <choice><reg>ледник</reg><orig>ледникъ</orig></choice>, теперь и новый, и пустой. <choice><reg>Остальные</reg><orig>Остальныя</orig></choice> <choice><reg>все</reg><orig>всѣ</orig></choice> <choice><reg>сведения</reg><orig>свѣденiя</orig></choice> Лели <choice><reg>верны</reg><orig>вѣрны</orig></choice>.<note xml:id="note4" resp="volume_editor" index="false"> В своем письме от 14 сентября Л. Л. Толстой сделал описание дома, начав его так: «Дом принял форму очень хорошенькую, он цветом кремовый с зелеными ставнями, паркет с черными жилками, дядя Костя говорит, что всё это самый шик».</note> Обои <choice><reg>в</reg><orig>въ</orig></choice> угловой очень ярки, а <choice><reg>в</reg><orig>въ</orig></choice> столовой правда, что темны; зато Танина и твоя — чудесны. Форточки я <choice><reg>везде</reg><orig>вездѣ</orig></choice> <choice><reg>велел</reg><orig>велѣлъ</orig></choice> <choice><reg>сделать</reg><orig>сдѣлать</orig></choice>, <choice><reg>кроме</reg><orig>кромѣ</orig></choice> Таниной комнаты. <choice><reg>Там</reg><orig>Тамъ</orig></choice> есть <choice><reg>отдушник</reg><orig>отдушникъ</orig></choice> <choice><reg>в</reg><orig>въ</orig></choice> <choice><reg>раме</reg><orig>рамѣ</orig></choice> <choice><reg>медный</reg><orig>мѣдный</orig></choice>, а стекла очень велики; если мало, можно <choice><reg>после</reg><orig>послѣ</orig></choice> вставить. Рамы <choice><reg>двойные</reg><orig>двойныя</orig></choice> <choice><reg>все</reg><orig>всѣ</orig></choice> готовы, и вставлю <choice><reg>в</reg><orig>въ</orig></choice> первый теплый день <choice><reg>в</reg><orig>въ</orig></choice> <choice><reg>оконченных</reg><orig>оконченныхъ</orig></choice> <choice><reg>комнатах</reg><orig>комнатахъ</orig></choice>.<note xml:id="note5" resp="volume_editor" index="false"> С. А. Толстая писала 12 сентября: «Пожалуйста не забудь две вещи: чтоб везде топили, чтоб везде были форточки и чтоб рамы зимние вставили».</note> — Кухню я <choice><reg>сомневался</reg><orig>сомнѣвался</orig></choice>, было, штукатурить, но <choice><reg>потом</reg><orig>потомъ</orig></choice> <choice><reg>решил</reg><orig>рѣшилъ</orig></choice>, <choice original_editorial_correction='п[отому]'><sic>п</sic><corr>потому</corr></choice> <choice original_editorial_correction='ч[то]'><sic>ч</sic><corr>что</corr></choice> <choice><reg>с</reg><orig>съ</orig></choice> кухонной огромной печью она очень скоро <choice><reg>высохнет</reg><orig>высохнетъ</orig></choice>.</p>
<p rend="left">Пожалуйста, не скучай, — все <choice><reg>будет</reg><orig>будетъ</orig></choice>, <choice><reg>как</reg><orig>какъ</orig></choice> <choice><reg>Бог</reg><orig>Богъ</orig></choice> <choice><reg>велит</reg><orig>велитъ</orig></choice>, а судя <choice><reg>по-мирскому</reg><orig>по-мiрскому</orig></choice>, — <choice><reg>дом</reg><orig>домъ</orig></choice> <choice><reg>будет</reg><orig>будетъ</orig></choice> удобный и жить <choice><reg>будет</reg><orig>будетъ</orig></choice> лучше, <choice><reg>чем</reg><orig>чѣмъ</orig></choice> <choice><reg>в</reg><orig>въ</orig></choice> <choice><reg>Волконском</reg><orig>Волконскомъ</orig></choice>.</p>
<lb/>
<p rend="left">Я вчера <choice><reg>утром</reg><orig>утромъ</orig></choice> <choice><reg>попробовал</reg><orig>попробовалъ</orig></choice> заниматься, но <choice><reg>холод</reg><orig>холодъ</orig></choice> <choice><reg>помешал</reg><orig>помѣшалъ</orig></choice> (<choice><reg>к</reg><orig>къ</orig></choice> вечеру истопили и было тепло), и <choice><reg>пошел</reg><orig>пошелъ</orig></choice> <choice><reg>в</reg><orig>въ</orig></choice> <choice><reg>библиотеку</reg><orig>библiотеку</orig></choice>, <choice><reg>снес</reg><orig>снесъ</orig></choice> книги и <choice><reg>взял</reg><orig>взялъ</orig></choice> книги, и <choice><reg>читал</reg><orig>читалъ</orig></choice>.</p>
<p rend="left"><choice><reg>Потом</reg><orig>Потомъ</orig></choice> <choice><reg>обедали</reg><orig>обѣдали</orig></choice> очень весело. Дядя Костя <choice><reg>приглашен</reg><orig>приглашенъ</orig></choice> <choice><reg>был</reg><orig>былъ</orig></choice> <choice><reg>к</reg><orig>къ</orig></choice> столу. <choice><reg>Потом</reg><orig>Потомъ</orig></choice> <choice><reg>почитал</reg><orig>почиталъ</orig></choice>, <choice><reg>пришел</reg><orig>пришелъ</orig></choice> Сережа <choice><reg>брат</reg><orig>братъ</orig></choice>. И я <choice><reg>их</reg><orig>ихъ</orig></choice>, особенно Костиньку (<choice><reg>он</reg><orig>онъ</orig></choice> очень отказывался), <choice><reg>увлек</reg><orig>увлекъ</orig></choice> <choice><reg>к</reg><orig>къ</orig></choice> <choice><reg>Васеньке</reg><orig>Васенькѣ</orig></choice>.<note xml:id="note6" resp="volume_editor" index="false"> Василий Степанович Перфильев.</note> Старые <choice><reg>приятели</reg><orig>прiятели</orig></choice> <choice><reg>верно</reg><orig>вѣрно</orig></choice> <choice><reg>последний</reg><orig>послѣднiй</orig></choice> <choice><reg>раз</reg><orig>разъ</orig></choice> собрались. <choice><reg>Там</reg><orig>Тамъ</orig></choice> было тихо, дружелюбно, но <hi>вышло</hi> меньше, <choice><reg>чем</reg><orig>чѣмъ</orig></choice> я <hi style="opdelimiter"><choice><reg>ожидал</reg><orig>ожидалъ</orig></choice>.</hi><hi style="opnumber">354</hi> <hi style="npnumber">355</hi><hi style="npdelimiter">Они</hi> остались ужинать, а я <choice><reg>ушел</reg><orig>ушелъ</orig></choice> домой. — Нынче <choice><reg>теплей</reg><orig>теплѣй</orig></choice> и <choice><reg>праздник</reg><orig>праздникъ</orig></choice>. Леля дома. <choice><reg>Сейчас</reg><orig>Сейчасъ</orig></choice> <choice><reg>послал</reg><orig>послалъ</orig></choice> его <choice><reg>с</reg><orig>съ</orig></choice> Сережей <choice><reg>в</reg><orig>въ</orig></choice> <choice><reg>трактир</reg><orig>трактиръ</orig></choice> завтракать, а <choice><reg>сам</reg><orig>самъ</orig></choice> пишу письмо и жду архитектора. <choice><reg>Обедали</reg><orig>Обѣдали</orig></choice> мы дома, <choice><reg>Василий</reg><orig>Василiй</orig></choice><note xml:id="note7" resp="volume_editor" index="false"> «Василий — дворник при вновь купленном доме. Симпатичный, милый и честный человек, проживший у нас много, много лет» (а. п. С. А.).</note> <choice><reg>готовит</reg><orig>готовитъ</orig></choice> <choice><reg>нам</reg><orig>намъ</orig></choice> щи. <choice><reg>Сергей</reg><orig>Сергѣй</orig></choice> <choice><reg>ушел</reg><orig>ушелъ</orig></choice> за <choice><reg>ящиком</reg><orig>ящикомъ</orig></choice> и яблоками.</p>
<p rend="left">Я все это время <choice><reg>в</reg><orig>въ</orig></choice> <choice><reg>сонном</reg><orig>сонномъ</orig></choice>, <choice><reg>глуповатом</reg><orig>глуповатомъ</orig></choice> и <choice><reg>спокойном</reg><orig>спокойномъ</orig></choice>, немного <choice><reg>меланхолическом</reg><orig>меланхолическомъ</orig></choice> <choice><reg>состоянии</reg><orig>состоянiи</orig></choice>. Никого не видаю, чему <choice><reg>рад</reg><orig>радъ</orig></choice>. —</p>
<p rend="left">Ну, прощай, душенька, <choice><reg>целую</reg><orig>цѣлую</orig></choice> тебя, Таню, Машу, малышей и Илью <choice><reg>непокорного</reg><orig>непокорнаго</orig></choice>. Только бы <choice><reg>он</reg><orig>онъ</orig></choice> не <choice><reg>заболел</reg><orig>заболѣлъ</orig></choice>. А простудиться очень легко. Даже дядя Сережа это самое <choice><reg>об</reg><orig>объ</orig></choice> <choice><reg>нем</reg><orig>немъ</orig></choice> <choice><reg>подумал</reg><orig>подумалъ</orig></choice>. —</p>
<comments><p rend="Textpetit_otstup left">Печатается по автографу, хранящемуся в АТБ. Впервые опубликовано по копии, сделанной С. А. Толстой, в ПЖ, слр. 173—175. Датируется на основании пометы Толстого «вторник», который падал на 14 сентября 1882 г.</p>
<p rend="Textpetit_otstup left"><hi>1</hi> От 11 и 12 сентября.</p>
<p rend="petit left"><hi>2</hi> С. А. Толстая писала 12 сентября: «Илюше здесь в тысячу раз опаснее жить, чем в Москве, и ходить по снегу и морозу пять часов сряду бог знает как далеко гораздо хуже, чем ходить в гимназию. Учится он часа два в день, и того меньше» (ПСТ, стр. 197).</p>
<p rend="petit left"><hi>3</hi> В письме от 12 сентября 1882 г. С. А. Толстая спрашивала: «что именно не готово наверху, готовы ли те две комнаты из корридора и девичья и кухня? Ты как-то всегда забываешь людей» (там же).</p>
<p rend="petit left"><hi>4</hi> В своем письме от 14 сентября Л. Л. Толстой сделал описание дома, начав его так: «Дом принял форму очень хорошенькую, он цветом кремовый с зелеными ставнями, паркет с черными жилками, дядя Костя говорит, что всё это самый шик».</p>
<p rend="petit left"><hi>5</hi> С. А. Толстая писала 12 сентября: «Пожалуйста не забудь две вещи: чтоб везде топили, чтоб везде были форточки и чтоб рамы зимние вставили».</p>
<p rend="petit left"><hi>6</hi> Василий Степанович Перфильев.</p>
<p rend="petit left"><hi>7</hi> «Василий — дворник при вновь купленном доме. Симпатичный, милый и честный человек, проживший у нас много, много лет» (а. п. С. А.).</p>
</comments></div></body>
        </text>
        </TEI>