<?xml version='1.0' encoding='UTF-8' standalone='no'?>

<TEI xmlns="http://www.tei-c.org/ns/1.0">
       <teiHeader>
          <fileDesc>
             <titleStmt>
                <title>Письмо №* 271. П. Е. Воробьеву.</title>
             </titleStmt>
             <publicationStmt>
                <publisher>TolstoyLab</publisher>
                <date when="2015-09-14">14 September 2015</date>
             </publicationStmt>
             <sourceDesc>
                <biblStruct>
                   <analytic>
                      <author>Толстой Л.Н.</author>
                   </analytic>
                   <monogr>
                      <title level="m">Полное собрание сочинений. Том 60</title>
                      <imprint>
                         <pubPlace>Москва</pubPlace>
                         <publisher>Государственное издательство "Художественная литература"</publisher>
                         <date when="1949"/>
                      </imprint>
                   </monogr>
                   <series>
                      <title level="s">Л.Н. Толстой. Полное собрание сочинений</title>
                      <biblScope unit="vol">60</biblScope>
                   </series>
                </biblStruct>
             </sourceDesc>
          </fileDesc>
          <encodingDesc>
             <tagsDecl> </tagsDecl>
          </encodingDesc>
          <profileDesc>
             <correspDesc>
                <correspAction type="sending">
                   <persName ref="PersonList.xml#L_N_Tolstoy">Л. Н. Толстой</persName>
                   <placeName ref="PlacesListxml#PLACE">Тула.</placeName>
                   <date when="1862-12-21">1862 г. Декабря 21.</date>            </correspAction>
                <correspAction type="receiving">
                   <persName ref="PersonList.xml#RECEIVER">Воробьев Петр Евстратович</persName>
                </correspAction>
                <correspContext>
                   <ref type="prev"/>
                </correspContext>
             </correspDesc>
          </profileDesc>
       </teiHeader>
       <xenoData><number type="in a volume">271</number></xenoData>

              <text xml:id="P.E.Vorobevu_271">
	<body><div>
		<opener index="false">
* 271. П. Е. Воробьеву.
1862 г. Декабря 21. Тула.
</opener>
<p rend="Obrashenie left">Петр Евстратов!</p>
<p rend="left">Прошу тебя в наискорейшем времени прислать мне денег от 500 до 1000 р. в Москву.<note xml:id="note1" resp="volume_editor" index="false"> Судя по письму С. А. Толстой к Т. А. Ергольской от конца декабря 1862 г., Толстые приехали в Москву в Кремль к Берсам 23 декабря 1862 г.</note> В Кремле в Комендантской. Андрею Евстафьевичу Берс.</p>
<p rend="right">Гр. Л. Толстой.</p>
<p rend="left">21 Декабря.</p>
<lb/>
<p rend="left"><hi>На четвертой странице</hi>:</p>
<p rend="left">В г. Чернь. В село Никольское. Петру Евстратовичу Воробьеву.</p>
<comments><p rend="Textpetit_otstup left">Год определяется почтовым штемпелем «Тула, 22 декабря 1862».</p>
<p rend="Textpetit_otstup left"><hi>1</hi> Судя по письму С. А. Толстой к Т. А. Ергольской от конца декабря 1862 г., Толстые приехали в Москву в Кремль к Берсам 23 декабря 1862 г.</p>
</comments></div></body>
        </text>
        </TEI>