<?xml version='1.0' encoding='UTF-8' standalone='no'?>

<TEI xmlns="http://www.tei-c.org/ns/1.0">
       <teiHeader>
          <fileDesc>
             <titleStmt>
                <title>Письмо №592. И. Б. Файнерману.</title>
             </titleStmt>
             <publicationStmt>
                <publisher>TolstoyLab</publisher>
                <date when="2015-09-14">14 September 2015</date>
             </publicationStmt>
             <sourceDesc>
                <biblStruct>
                   <analytic>
                      <author>Толстой Л.Н.</author>
                   </analytic>
                   <monogr>
                      <title level="m">Полное собрание сочинений. Том 63</title>
                      <imprint>
                         <pubPlace>Москва</pubPlace>
                         <publisher>Государственное издательство "Художественная литература"</publisher>
                         <date when="1934"/>
                      </imprint>
                   </monogr>
                   <series>
                      <title level="s">Л.Н. Толстой. Полное собрание сочинений</title>
                      <biblScope unit="vol">63</biblScope>
                   </series>
                </biblStruct>
				<bibl>Печатается по копии, хранящейся в AЧ. Впервые опубликовано в «Елисаветградских новостях» 1904, № 106 от 7 марта, стр. 2. По содержанию письма ставим его вслед за письмом Толстого к И. Б. Файнерману от 14—20 ноября 1886 г. и помечаем его, приблизительно, декабрем 1886 г.</bibl>
             </sourceDesc>
          </fileDesc>
          <encodingDesc>
             <tagsDecl> </tagsDecl>
          </encodingDesc>
          <profileDesc>
             <correspDesc>
                <correspAction type="sending">
                   <persName ref="PersonList.xml#L_N_Tolstoy">Л. Н. Толстой</persName>
                   <placeName ref="PlacesListxml#PLACE">Москва.</placeName>
                   <date when="1886-12">1886 г. Декабрь?</date>            </correspAction>
                <correspAction type="receiving">
                   <persName ref="PersonList.xml#RECEIVER">Файнерман Исаак Борисович (псевдоним Тенеромо)</persName>
                </correspAction>
                <correspContext>
                   <ref type="prev"/>
                </correspContext>
             </correspDesc>
          </profileDesc>
       </teiHeader>
       <xenoData><number type="in a volume">592</number></xenoData>

              <text xml:id="I__B__Fajnermanu_592">
	<body><div>
		<opener index="false">
592. И. Б. Файнерману.
1886 г. Декабрь? Москва.
</opener>
<p rend="Obrashenie left">Дорогой <choice><reg>Исаак</reg><orig>Исаакъ</orig></choice> <choice><reg>Борисович</reg><orig>Борисовичъ</orig></choice>!</p>
<p rend="left"><choice><reg>Сейчас</reg><orig>Сейчасъ</orig></choice> <choice><reg>получил</reg><orig>получилъ</orig></choice> ваше письмо, милый <choice><reg>друг</reg><orig>другъ</orig></choice>. Правда, что <choice><reg>вам</reg><orig>вамъ</orig></choice> <choice><reg>предстоит</reg><orig>предстоитъ</orig></choice> большая и хорошая работа. Работа <choice><reg>внесения</reg><orig>внесенiя</orig></choice> добра и <choice><reg>света</reg><orig>свѣта</orig></choice> туда, <choice><reg>где</reg><orig>гдѣ</orig></choice> его мало, и <choice><reg>в</reg><orig>въ</orig></choice> ту тьму, <choice><reg>с</reg><orig>съ</orig></choice> которой вы связаны плотски.<note xml:id="note1" resp="volume_editor" index="false"> Вероятно И. Б. Файнерман писал Толстому о своих распрях с женой, требовавшей от него развода.</note> Помогай <choice><reg>вам</reg><orig>вамъ</orig></choice> <choice><reg>Бог</reg><orig>Богъ</orig></choice> забывать себя, чтобы не бояться и не чувствовать <choice><reg>унижений</reg><orig>униженiй</orig></choice>, <choice><reg>оскорблений</reg><orig>оскорбленiй</orig></choice>, клеветы. <choice><reg>В</reg><orig>Въ</orig></choice> <choice><reg>этом</reg><orig>этомъ</orig></choice> все. Если <choice><reg>свободен</reg><orig>свободенъ</orig></choice> <choice><reg>от</reg><orig>отъ</orig></choice> <choice><reg>желания</reg><orig>желанiя</orig></choice> заявить себя, свою личность, то все <choice><reg>сделается</reg><orig>сдѣлается</orig></choice> <choice><reg>так</reg><orig>такъ</orig></choice>, <choice><reg>как</reg><orig>какъ</orig></choice> того <choice><reg>хочет</reg><orig>хочетъ</orig></choice> божеская часть нашей души, т. е. <choice><reg>Бог</reg><orig>Богъ</orig></choice>. Я ничего не знаю про ваши <choice><reg>похождения</reg><orig>похожденiя</orig></choice> <choice><reg>с</reg><orig>съ</orig></choice> <choice><reg>отбыванием</reg><orig>отбыванiемъ</orig></choice> воинской повинности. Напишите <choice><reg>мне</reg><orig>мнѣ</orig></choice>. <choice><reg>Денег</reg><orig>Денегъ</orig></choice> я <choice><reg>вам</reg><orig>вамъ</orig></choice> вышлю завтра двадцать рублей, а работа <choice><reg>вам</reg><orig>вамъ</orig></choice> <choice><reg>следующая</reg><orig>слѣдующая</orig></choice>: кончайте <choice><reg>скорее</reg><orig>скорѣе</orig></choice> начатый вами <choice><reg>рассказ</reg><orig>разсказъ</orig></choice><note xml:id="note2" resp="volume_editor" index="false"> О каком рассказе говорит здесь Толстой и увидал ли свет этот рассказ, установить не удалось. В одном из писем И. Б. Файнермана к Толстому, не датированном, но, повидимому, относящемся к 1886 г., есть упоминание об одном рассказе, который тот направлял Толстому. Вот что писал он по этому поводу: «Посылаю вам несколько исписанных листов про князя Блохина. Думаю продолжать» (АТБ). Возможно, что об этом рассказе и идет речь.</note> и присылайте сюда. Но не увлекайтесь тѣмъ, что[бы] сказать въ одномъ разсказѣ все. Это всегдашній камень преткновенія не имѣющихъ привычки писать. Вы уже начали запутываться, желая выразить все ученіе, всѣ заповѣди. Не ломайте, не гните по своему событія разсказа, а сами идите за нимъ, куда онъ ни поведетъ васъ. Куда бы ни повела жизнь, она вездѣ, во всемъ, можетъ быть освѣщена однимъ свѣтомъ. Несимметричность, случайность (кажущаяся) событій жизни — есть главный виновникъ ея. Не отвлекайтесь далеко отъ сюжета главнаго и кончайте, и — присылайте. Сытинъ платитъ всѣмъ по 30 и 50 рублей за листъ. Вотъ вамъ и работа, чтобы кормиться съ Розочкою<note xml:id="note3" resp="volume_editor" index="false"> «Розочка» — дочь И. Б. Файнермана.</note> <choice><reg>в</reg><orig>въ</orig></choice> <choice><reg>тех</reg><orig>тѣхъ</orig></choice> <choice><reg>условиях</reg><orig>условiяхъ</orig></choice>, <choice><reg>в</reg><orig>въ</orig></choice> <choice><reg>которые</reg><orig>которыя</orig></choice> <choice><reg>Бог</reg><orig>Богъ</orig></choice> <choice><reg>поставил</reg><orig>поставилъ</orig></choice> <hi style="opdelimiter"><choice><reg>вас</reg><orig>васъ</orig></choice>.</hi><hi style="opnumber">436</hi></p>
<p rend="left"><hi style="npnumber">437</hi><hi style="npdelimiter">Кланяйтесь</hi> вашей <choice><reg>жене</reg><orig>женѣ</orig></choice>.<note xml:id="note4" resp="volume_editor" index="false"> Жена И. Б. Файнермана — Эсфирь Борисовна.</note> Скажите ей, что я прошу ее, любя, не спѣшить, не сердиться ни на кого, не обвинять, а, главное, — ничего не рѣшать впередъ, не для васъ прошу, а для нея. Цѣлую васъ, милый другъ. Я живу и хорошо, и дурно. Хорошо тѣмъ, что мирно и любовно, дурно — тѣмъ, что физически лѣниво и нечестно.</p>
<p rend="right">Л. Т.</p>
<comments><p rend="Textpetit_otstup left">Печатается по копии, хранящейся в AЧ. Впервые опубликовано в «Елисаветградских новостях» 1904, № 106 от 7 марта, стр. 2. По содержанию письма ставим его вслед за письмом Толстого к И. Б. Файнерману от 14—20 ноября 1886 г. и помечаем его, приблизительно, декабрем 1886 г.</p>
<p rend="petit left">Письмо И. Б. Файнермана, на которое отвечает Толстой, неизвестно.</p>
<p rend="Textpetit_otstup left"><hi>1</hi> Вероятно И. Б. Файнерман писал Толстому о своих распрях с женой, требовавшей от него развода.</p>
<p rend="petit left"><hi>2</hi> О каком рассказе говорит здесь Толстой и увидал ли свет этот рассказ, установить не удалось. В одном из писем И. Б. Файнермана к Толстому, не датированном, но, повидимому, относящемся к 1886 г., есть упоминание об одном рассказе, который тот направлял Толстому. Вот что писал он по этому поводу: «Посылаю вам несколько исписанных листов про князя Блохина. Думаю продолжать» (АТБ). Возможно, что об этом рассказе и идет речь.</p>
<p rend="petit left"><hi>3</hi> «Розочка» — дочь И. Б. Файнермана.</p>
<p rend="petit left"><hi>4</hi> Жена И. Б. Файнермана — Эсфирь Борисовна.</p>
</comments></div></body>
        </text>
        </TEI>