<?xml version='1.0' encoding='UTF-8' standalone='no'?>

<TEI xmlns="http://www.tei-c.org/ns/1.0">
       <teiHeader>
          <fileDesc>
             <titleStmt>
                <title>Письмо №104. Н. А. Некрасову.</title>
             </titleStmt>
             <publicationStmt>
                <publisher>TolstoyLab</publisher>
                <date when="2015-09-14">14 September 2015</date>
             </publicationStmt>
             <sourceDesc>
                <biblStruct>
                   <analytic>
                      <author>Толстой Л.Н.</author>
                   </analytic>
                   <monogr>
                      <title level="m">Полное собрание сочинений. Том 60</title>
                      <imprint>
                         <pubPlace>Москва</pubPlace>
                         <publisher>Государственное издательство "Художественная литература"</publisher>
                         <date when="1949"/>
                      </imprint>
                   </monogr>
                   <series>
                      <title level="s">Л.Н. Толстой. Полное собрание сочинений</title>
                      <biblScope unit="vol">60</biblScope>
                   </series>
                </biblStruct>
				<bibl>Впервые опубликовано в АК, стр. <hi style="opdelimiter">198—199.</hi><hi style="opnumber">254</hi></bibl>
             </sourceDesc>
          </fileDesc>
          <encodingDesc>
             <tagsDecl> </tagsDecl>
          </encodingDesc>
          <profileDesc>
             <correspDesc>
                <correspAction type="sending">
                   <persName ref="PersonList.xml#L_N_Tolstoy">Л. Н. Толстой</persName>
                   <placeName ref="PlacesListxml#PLACE">Я. П.</placeName>
                   <date when="1858-02-17">1858 г. Февраля 17.</date>            </correspAction>
                <correspAction type="receiving">
                   <persName ref="PersonList.xml#RECEIVER">Некрасов Николай Алексеевич</persName>
                </correspAction>
                <correspContext>
                   <ref type="prev"/>
                </correspContext>
             </correspDesc>
          </profileDesc>
       </teiHeader>
       <xenoData><number type="in a volume">104</number></xenoData>

              <text xml:id="N.A.Nekrasovu_104">
	<body><div>
		<opener index="false">
104. Н. А. Некрасову.
1858 г. Февраля 17. Я. П.</opener>
<p rend="left">По здравом обсуждении я убедился, любезный Николай Алексеич, что союз наш ни к чорту не годится. Всё, что мы с вами говорили об этом в <choice original_editorial_correction='Пет[ербурге]'><sic>Пет</sic><corr>Петербурге</corr></choice>, справедливо было, а теперь явились еще две новые причины. Во-первых, то, что мне хочется печатать в другие журналы; во-вторых, то, что вы мне не присылаете рассчета дивиденда, вот полтора месяца.</p>
<p rend="left">Из всего этого я вывел решенье разорвать союз. Рассчеты наши мы сделаем при свидании нынче весной в Петербурге.</p>
<p rend="left">Надеюсь, что разрыв <choice original_editorial_correction='общ[его]'><sic>общ</sic><corr>общего</corr></choice> соглашения не будет иметь влияния на наши личные отношения.<note xml:id="note1" resp="volume_editor" index="false"> Соглашение было прекращено обращением редакции «Современника» к участникам: Григоровичу, Островскому, Тургеневу и Толстому. Обращение это в печати неизвестно. Толстой отвечал на это обращение 26 февраля 1858 г. См. п. № 105. Письмо Некрасова к Толстому см. в альманахе «Круг», книга шестая, М. 1927, стр. 217—218.</note> С своей стороны, я всегда буду стараться печатать всё лучшее в <choice original_editorial_correction='Соврем[еннике]'><sic>Соврем</sic><corr>Современнике</corr></choice> и на днях же пришлю вам две штуки на выбор, из коих одна есть тот же несчастный всеми забракованный музыкант, от которого я не мог отстать и еще переделал.<note xml:id="note2" resp="volume_editor" index="false"> Рассказы «Альберт» и «Три смерти».</note></p>
<p rend="left">Пожалуйста отвечайте мне поскорее в Москву, хотя я теперь в деревне, на днях вернусь в Москву.<note xml:id="note3" resp="volume_editor" index="false"> 13 февраля Толстой выехал из Москвы в Тулу и Ясную Поляну, а 23 февраля снова вернулся в Москву.</note> —</p>
<p rend="left">Я забыл имя и отчество и адрес Аничкова,<note xml:id="note4" resp="volume_editor" index="false"> Виктор Михайлович Аничков (1830—1877) — профессор Николаевской академии генерального штаба по кафедре военного хозяйства, автор ряда военных книг.</note> сделайте милость, передайте ему, когда увидите, что я решительного ответа не могу ему дать раньше Марта. Пожалуйста передайте ему это. Это мне очень нужно. —</p>
<p rend="left">Затем прощайте, от души жму вам руку и желаю всего лучшего.</p>
<p rend="right">Ваш гр. Л. Толстой.</p>
<p rend="left">17 Февраля.</p>
<p rend="left">Ясная Поляна.</p>
<comments><p rend="Textpetit_otstup left">Впервые опубликовано в АК, стр. <hi style="opdelimiter">198—199.</hi><hi style="opnumber">254</hi></p>
<p rend="Textpetit_otstup left"><hi>1</hi> Соглашение было прекращено обращением редакции «Современника» к участникам: Григоровичу, Островскому, Тургеневу и Толстому. Обращение это в печати неизвестно. Толстой отвечал на это обращение 26 февраля 1858 г. См. п. № 105. Письмо Некрасова к Толстому см. в альманахе «Круг», книга шестая, М. 1927, стр. 217—218.</p>
<p rend="petit left"><hi>2</hi> Рассказы «Альберт» и «Три смерти».</p>
<p rend="petit left"><hi>3</hi> 13 февраля Толстой выехал из Москвы в Тулу и Ясную Поляну, а 23 февраля снова вернулся в Москву.</p>
<p rend="petit left"><hi>4</hi> Виктор Михайлович Аничков (1830—1877) — профессор Николаевской академии генерального штаба по кафедре военного хозяйства, автор ряда военных книг.</p>
</comments></div></body>
        </text>
        </TEI>