<?xml version='1.0' encoding='UTF-8' standalone='no'?>

<TEI xmlns="http://www.tei-c.org/ns/1.0">
       <teiHeader>
          <fileDesc>
             <titleStmt>
                <title>Письмо №359. С. А. Толстой</title>
             </titleStmt>
             <publicationStmt>
                <publisher>TolstoyLab</publisher>
                <date when="2015-09-14">14 September 2015</date>
             </publicationStmt>
             <sourceDesc>
                <biblStruct>
                   <analytic>
                      <author>Толстой Л.Н.</author>
                   </analytic>
                   <monogr>
                      <title level="m">Полное собрание сочинений. Том 83</title>
                      <imprint>
                         <pubPlace>Москва</pubPlace>
                         <publisher>Государственное издательство "Художественная литература"</publisher>
                         <date when="1938"/>
                      </imprint>
                   </monogr>
                   <series>
                      <title level="s">Л.Н. Толстой. Полное собрание сочинений</title>
                      <biblScope unit="vol">83</biblScope>
                   </series>
                </biblStruct>
				<bibl>Печатается по автографу, хранящемуся в АТБ. Впервые опубликовано по копии, сделанной С. А. Толстой, в ПЖ, стр. 293—294, причем представлено в двух частях, напечатанных как отдельные письма. Письмо писалось в три присеста. Датируется на основании почтовых штемпелей: «Почтовый вагон. 1 мая. 1886; Москва. 1 мая. 1886», а также на основании слов письма С. А. Толстой от 29 апреля: «Как то ты вчера добрался ночью?» В ПЖ первая часть письма датирована 1 мая, вторая — 2 мая.</bibl>
             </sourceDesc>
          </fileDesc>
          <encodingDesc>
             <tagsDecl> </tagsDecl>
          </encodingDesc>
          <profileDesc>
             <correspDesc>
                <correspAction type="sending">
                   <persName ref="PersonList.xml#L_N_Tolstoy">Л. Н. Толстой</persName>
                   <placeName ref="PlacesListxml#PLACE">Я. П.</placeName>
                   <date from="1886-04-29" to="1886-04-30">1886 г. Апреля 29 — 30</date>            </correspAction>
                <correspAction type="receiving">
                   <persName ref="PersonList.xml#RECEIVER">Толстая Софья Андреевна</persName>
                </correspAction>
                <correspContext>
                   <ref type="prev"/>
                </correspContext>
             </correspDesc>
          </profileDesc>
       </teiHeader>
       <xenoData><number type="in a volume">359</number></xenoData>

       <text xml:id="a29-30_359">
	<body><div>
		<opener index="false">
359.
1886 г. Апреля 29—30. Я. П.
</opener><p rend="left"><choice><reg>Приехал</reg><orig>Прiѣхалъ</orig></choice> вчера благополучно и скучно, т. е. <choice><reg>без</reg><orig>безъ</orig></choice> <choice><reg>разговоров</reg><orig>разговоровъ</orig></choice>. <choice><reg>Трескин</reg><orig>Трескинъ</orig></choice><note xml:id="note1" resp="volume_editor" index="false"> Владимир Владимирович Трескин.</note> <choice><reg>подсел</reg><orig>подсѣлъ</orig></choice> <choice><reg>в</reg><orig>въ</orig></choice> <choice><reg>Подольске</reg><orig>Подольскѣ</orig></choice> — до Серпухова. Дождь <choice><reg>лил</reg><orig>лилъ</orig></choice> дорогой, но <choice><reg>от</reg><orig>отъ</orig></choice> Козловки <choice><reg>ехать</reg><orig>ѣхать</orig></choice> <choice original_editorial_correction='б[ыло]'><sic>б</sic><corr>было</corr></choice> хорошо. Дома все благополучно. Напился чая <choice><reg>с</reg><orig>съ</orig></choice> <choice><reg>Файнерманом</reg><orig>Файнерманомъ</orig></choice> и <choice><reg>Филипом</reg><orig>Филипомъ</orig></choice><note xml:id="note2" resp="volume_editor" index="false"> Филипп Родионович Егоров, первоначально кучер, позднее управляющий в Ясной поляне.</note> и <choice><reg>прочел</reg><orig>прочелъ</orig></choice> письма, <choice><reg>полученные</reg><orig>полученныя</orig></choice> <choice><reg>здесь</reg><orig>здѣсь</orig></choice>. <choice><reg>Лег</reg><orig>Легъ</orig></choice> <choice><reg>в</reg><orig>въ</orig></choice> <choice><reg>час</reg><orig>часъ</orig></choice> <choice><reg>в</reg><orig>въ</orig></choice> маленькой <choice><reg>комнате</reg><orig>комнатѣ</orig></choice>. <choice><reg>В</reg><orig>Въ</orig></choice> <choice><reg>доме</reg><orig>домѣ</orig></choice> еще сыро, но <choice original_editorial_correction='б[ыло]'><sic>б</sic><corr>было</corr></choice> топлено и тепло. Нынче лягу <choice><reg>в</reg><orig>въ</orig></choice> большой <choice><reg>комнате</reg><orig>комнатѣ</orig></choice> к <choice><reg>стене</reg><orig>стѣнѣ</orig></choice> <choice><reg>от</reg><orig>отъ</orig></choice> <choice><reg>приспешной</reg><orig>приспѣшной</orig></choice>, <choice original_editorial_correction='к[оторая]'><sic>к</sic><corr>которая</corr></choice> топится. Пишу это для твоего <choice><reg>успокоения</reg><orig>успокоенiя</orig></choice>. <choice><reg>Сам</reg><orig>Самъ</orig></choice> же знаю, что нездоровья <choice><reg>от</reg><orig>отъ</orig></choice> <choice><reg>стен</reg><orig>стѣнъ</orig></choice> не <choice><reg>может</reg><orig>можетъ</orig></choice> быть, если не <choice><reg>сидеть</reg><orig>сидѣть</orig></choice> <choice><reg>в</reg><orig>въ</orig></choice> <choice><reg>них</reg><orig>нихъ</orig></choice> <choice><reg>без</reg><orig>безъ</orig></choice> движенья. А я хочу поменьше <hi style="opdelimiter"><choice><reg>сидеть</reg><orig>сидѣть</orig></choice>.</hi><hi style="opnumber">563</hi></p>
<p rend="left"><hi style="npnumber">564</hi><hi style="npdelimiter">Нынче</hi> <choice><reg>встал</reg><orig>всталъ</orig></choice> <choice><reg>в</reg><orig>въ</orig></choice> 8, убрался, разобрался вещами, <choice><reg>сходил</reg><orig>сходилъ</orig></choice> <choice><reg>к</reg><orig>къ</orig></choice> <choice original_editorial_correction='Аг[афье]'><sic>Аг</sic><corr><choice><reg>Агафье</reg><orig>Агафьѣ</orig></choice></corr></choice> <choice original_editorial_correction='Мих[айловне]'><sic>Мих</sic><corr><choice><reg>Михайловне</reg><orig>Михайловнѣ</orig></choice></corr></choice>,<note xml:id="note3" resp="volume_editor" index="false"> Жила на пенсии, ходила за собаками.</note> <choice><reg>к</reg><orig>къ</orig></choice> <choice><reg>Катерине</reg><orig>Катеринѣ</orig></choice> Копыловой<note xml:id="note4" resp="volume_editor" index="false"> Екатерина Михайловна Копылова (1811—1883), мать Александра Дмитриевича; оставшейся после него вдове Анисье Степановне Копыловой помогал Толстой. С. А. Толстая писала 4 мая: «Надо дать вдове Копыловой эти два рубля подписчика священника, кроме того, что ты сам дал или дашь» (стр. 368).</note> и <choice><reg>после</reg><orig>послѣ</orig></choice> <choice><reg>обеда</reg><orig>обѣда</orig></choice> <choice><reg>поеду</reg><orig>поѣду</orig></choice> пахать. Я <choice><reg>вспомнил</reg><orig>вспомнилъ</orig></choice> одно <choice><reg>дело</reg><orig>дѣло</orig></choice>: <choice><reg>этот</reg><orig>этотъ</orig></choice> <choice><reg>Клопский</reg><orig>Клопскiй</orig></choice>,<note xml:id="note5" resp="volume_editor" index="false"> Иван Михайлович Клопский — правильнее — Клобский (р. 1852, ум. в конце 1890-х гг.), воспитанник Ярославской духовной семинарии, потом студент Петербургского университета, который оставил в 1892 г. Народоволец, позднее толстовец. Производил впечатление душевнобольного, подозревался в провокаторстве. Впоследствии уехал в Америку, где был раздавлен трамваем. С. А. Толстая писала 2 мая: «Сережа вспомнил адрес Клопского»; 4 мая: «Был вчера Клопский, я ему дала переписывать «Так что же нам делать», и 15 рублей. Он очень странный и безнадежный: мягкости, т. е. способности подчиняться жизни — нет; что-то ищет и ни с чем не совладает. Глаза остановившиеся и страшные. Я с ним поговорила, но он плох» (стр. 368).</note> <choice original_editorial_correction='к[оторый]'><sic>к</sic><corr>который</corr></choice> <choice><reg>писал</reg><orig>писалъ</orig></choice> такое трогательное письмо, <choice><reg>говорил</reg><orig>говорилъ</orig></choice> <choice><reg>мне</reg><orig>мнѣ</orig></choice>, что у него есть стихи.<note xml:id="note6" resp="volume_editor" index="false"> В АТБ сохранилось два стихотворения Клопского под псевдонимом Коммар Анри Бейль — «Друзьям» (с датой 18 <hi>1</hi>/<sub>10</sub> 86) и «К портрету Вероники» (отправлено Толстому 10 мая 1886 г.).</note> Я <choice><reg>сказал</reg><orig>сказалъ</orig></choice> ему, что меня не <choice><reg>интересуют</reg><orig>интересуютъ</orig></choice> стихи. Это <choice><reg>может</reg><orig>можетъ</orig></choice> огорчить его, и стихи <choice><reg>могут</reg><orig>могутъ</orig></choice> быть хороши. Я думаю, Сережа <choice><reg>помнит</reg><orig>помнитъ</orig></choice> его <choice><reg>адрес</reg><orig>адресъ</orig></choice>. Пошли <choice><reg>к</reg><orig>къ</orig></choice> нему эту записку.<note xml:id="note7" resp="volume_editor" index="false"> Записка эта неизвестна. 2 мая С. А. Толстая писала: «Твою приписочку пошлю Клопскому». В ответ на записку Клопский писал 10 мая 1886 г.: «Хочу..... удовлетворить давно ощущаемую мною потребность высказать вам свою глубокую благодарность, которую мое сердце почувствовало еще до получения от вас столь дорогого для меня <hi style="opdelimiter">письма».</hi><hi style="opnumber">565</hi></note></p>
<p rend="left"><choice><reg>Целую</reg><orig>Цѣлую</orig></choice> тебя и <choice><reg>всех</reg><orig>всѣхъ</orig></choice> <choice><reg>детей</reg><orig>дѣтей</orig></choice> <choice><reg>от</reg><orig>отъ</orig></choice> <choice><reg>малых</reg><orig>малыхъ</orig></choice> до <choice><reg>больших</reg><orig>большихъ</orig></choice>.</p>
<p rend="left">Вчера <choice><reg>поехал</reg><orig>поѣхалъ</orig></choice> пахать. Вернулся <choice><reg>в</reg><orig>въ</orig></choice> <choice><reg>7-м</reg><orig>7-мъ</orig></choice> часу и очень <choice><reg>устал</reg><orig>усталъ</orig></choice>. <choice><reg>Хотел</reg><orig>Хотѣлъ</orig></choice> послать письмо, — <choice><reg>сам</reg><orig>самъ</orig></choice> свезти, но <choice><reg>проспал</reg><orig>проспалъ</orig></choice>. Вчера же пришла <choice><reg>вечером</reg><orig>вечеромъ</orig></choice> <choice><reg>с</reg><orig>съ</orig></choice> <choice><reg>Фейнерманом</reg><orig>Фейнерманомъ</orig></choice> одна Одесская <choice><reg>девица</reg><orig>дѣвица</orig></choice>.<note xml:id="note8" resp="volume_editor" index="false"> Елизавета Владимировна Винер (1862—1928), дочь полковника, впоследствии вышла замуж за близкого по взглядам Толстому Николая Федоровича Джунковского. Работала в «Посреднике». Была в переписке с Толстым. 2 мая С. А. Толстая писала: «Одесская девица меня очень огорчила, а твое отношение к ее явлению — утешило» (стр. 366).</note> Она <choice><reg>приехала</reg><orig>прiѣхала</orig></choice> сюда <choice><reg>назад</reg><orig>назадъ</orig></choice> тому <choice><reg>неделю</reg><orig>недѣлю</orig></choice> и <choice><reg>живет</reg><orig>живетъ</orig></choice> у Прокофья Власова<note xml:id="note9" resp="volume_editor" index="false"> Прокофий Власович Власов (1839—1912).</note> на <choice><reg>деревне</reg><orig>деревнѣ</orig></choice>. Я хорошенько не <choice><reg>мог</reg><orig>могъ</orig></choice> понять ее, и не буду стараться; а буду стараться выпроводить ее отсюда, <choice original_editorial_correction='т[ак]'><sic>т</sic><corr><choice><reg>так</reg><orig>такъ</orig></choice></corr></choice> <choice original_editorial_correction='к[ак]'><sic>к</sic><corr><choice><reg>как</reg><orig>какъ</orig></choice></corr></choice> <choice><reg>все</reg><orig>всѣ</orig></choice> эти <choice><reg>лишния</reg><orig>лишнiя</orig></choice> <choice><reg>чужия</reg><orig>чужiя</orig></choice> лица — есть великая тягость. <choice><reg>Узнал</reg><orig>Узналъ</orig></choice> я про нее <choice><reg>следующее</reg><orig>слѣдующее</orig></choice>: она дочь <choice><reg>Крымских</reg><orig>Крымскихъ</orig></choice> <choice><reg>помещиков</reg><orig>помѣщиковъ</orig></choice>, воспитывалась <choice><reg>в</reg><orig>въ</orig></choice> <choice original_editorial_correction='Астрах[анской]'><sic>Астрах</sic><corr>Астраханской</corr></choice> <choice><reg>гимназии</reg><orig>гимназiи</orig></choice>, <choice><reg>потом</reg><orig>потомъ</orig></choice> жила <choice><reg>с</reg><orig>съ</orig></choice> сестрою<note xml:id="note10" resp="volume_editor" index="false"> Цецилия Владимировна Винер (1860—1923), впоследствии вышла замуж за кн. Д. А. Хилкова.</note> въ Одессѣ въ библіотекѣ. Она, какъ говоритъ, съ молодыхъ лѣтъ имѣла страсть къ деревенской жизни и физическому труду. — Родители ея ей въ этомъ препятствовали. Въ Одессѣ она прочла: «въ чемъ счастье»<note xml:id="note11" resp="volume_editor" index="false"> Под заглавием: «В чем счастие?» на стр. 133—149 № 1 «Русского богатства» за 1886 г. был опубликован отрывок из гл. X «В чем моя вера?»</note> и рѣшила пойти въ деревню работать. Сначала хотѣла ѣхать на Кавказъ, но потомъ выдумала ѣхать въ Ясную Поляну. Здѣсь она ходила разъ на поденную. Здѣсь же она отъ Файнермана взяла «Въ ч[емъ] м[оя] в[ѣра]» и прочла въ первый разъ, и говоритъ, что ея всѣ взгляды теперь измѣнились, и не рѣшила еще, что ей дѣлать. Революціонеркой она не была. Она знаетъ по-англ[ійски], по-франц[узски], ей 24 года, худая и скорѣе болѣзненная. Вотъ все, что я о ней узналъ. Надѣюсь, что она скоро уѣдетъ. Я же, пока она не уѣдетъ, постараюсь игнорировать ее. Если бы ты б[ыла] тутъ, то ты бы поняла ее лучше и могла бы посовѣтовать. — Несмотря на усталость, я отлично спалъ и прекрасно себя чувствую. Теперь 1-й часъ, я немного занялся — больше обдумываніемъ и конспектомъ — будущаго, чѣмъ работой, и теперь 1-й часъ иду пахать. Погода свѣжая, но сухая. По вечерамъ жуки и соловьи, трава такъ и лѣзетъ, и зелена, и свѣжа, и радостна, — удивительно. Нынче вѣрно получу письма. — Я не столько проспалъ — тебѣ послать письмо, сколько хотѣлось тебѣ обстоятельно описать эту странную дѣвицу. Въ пользу ея говоритъ то, что она очень скромна, и вчера вовсе не <hi style="opdelimiter"><choice><reg>хотела</reg><orig>хотѣла</orig></choice></hi><hi style="opnumber">564</hi> <hi style="npnumber">565</hi><hi style="npdelimiter">приходить</hi> ко <choice><reg>мне</reg><orig>мнѣ</orig></choice>, но я <choice><reg>просил</reg><orig>просилъ</orig></choice> Файнермана пригласить ее <choice><reg>с</reg><orig>съ</orig></choice> <choice><reg>тем</reg><orig>тѣмъ</orig></choice>, чтобы понять, что такое, и <choice><reg>зачем</reg><orig>зачѣмъ</orig></choice> она <choice><reg>приехала</reg><orig>прiѣхала</orig></choice>.</p>
<p rend="left"><choice><reg>Целую</reg><orig>Цѣлую</orig></choice> тебя, милый <choice><reg>друг</reg><orig>другъ</orig></choice>, и <choice><reg>детей</reg><orig>дѣтей</orig></choice> <choice><reg>от</reg><orig>отъ</orig></choice> мала до велика, и особенно Андрюшу и Мишу.</p>
<p rend="left">Приписываю <choice><reg>вечером</reg><orig>вечеромъ</orig></choice>,<note xml:id="note12" resp="volume_editor" index="false"> Приписка сделана сбоку на первой странице письма.</note> 10 <choice><reg>часов</reg><orig>часовъ</orig></choice>. <choice><reg>От</reg><orig>Отъ</orig></choice> 1 до 7 <choice><reg>пахал</reg><orig>пахалъ</orig></choice> и <choice><reg>устал</reg><orig>усталъ</orig></choice>, и <choice><reg>наелся</reg><orig>наѣлся</orig></choice> и <choice><reg>здоров</reg><orig>здоровъ</orig></choice> физически и духовно, <choice><reg>как</reg><orig>какъ</orig></choice> лучше не желаю и, <choice><reg>как</reg><orig>какъ</orig></choice> желаю <choice><reg>всем</reg><orig>всѣмъ</orig></choice>.</p>
<lb/>
<p rend="left"><hi>На конверте:</hi> Москва. 15. <choice><reg>Долгохамовнический</reg><orig>Долгохамовническiй</orig></choice> <choice><reg>переулок</reg><orig>переулокъ</orig></choice>. <choice><reg>Графине</reg><orig>Графинѣ</orig></choice> <choice><reg>Софье</reg><orig>Софьѣ</orig></choice> <choice><reg>Андревне</reg><orig>Андревнѣ</orig></choice> Толстой.</p>
<comments><p rend="Textpetit_otstup left">Печатается по автографу, хранящемуся в АТБ. Впервые опубликовано по копии, сделанной С. А. Толстой, в ПЖ, стр. 293—294, причем представлено в двух частях, напечатанных как отдельные письма. Письмо писалось в три присеста. Датируется на основании почтовых штемпелей: «Почтовый вагон. 1 мая. 1886; Москва. 1 мая. 1886», а также на основании слов письма С. А. Толстой от 29 апреля: «Как то ты вчера добрался ночью?» В ПЖ первая часть письма датирована 1 мая, вторая — 2 мая.</p>
<p rend="Textpetit_otstup left"><hi>1</hi> Владимир Владимирович Трескин.</p>
<p rend="petit left"><hi>2</hi> Филипп Родионович Егоров, первоначально кучер, позднее управляющий в Ясной поляне.</p>
<p rend="petit left"><hi>3</hi> Жила на пенсии, ходила за собаками.</p>
<p rend="petit left"><hi>4</hi> Екатерина Михайловна Копылова (1811—1883), мать Александра Дмитриевича; оставшейся после него вдове Анисье Степановне Копыловой помогал Толстой. С. А. Толстая писала 4 мая: «Надо дать вдове Копыловой эти два рубля подписчика священника, кроме того, что ты сам дал или дашь» (стр. 368).</p>
<p rend="petit left"><hi>5</hi> Иван Михайлович Клопский — правильнее — Клобский (р. 1852, ум. в конце 1890-х гг.), воспитанник Ярославской духовной семинарии, потом студент Петербургского университета, который оставил в 1892 г. Народоволец, позднее толстовец. Производил впечатление душевнобольного, подозревался в провокаторстве. Впоследствии уехал в Америку, где был раздавлен трамваем. С. А. Толстая писала 2 мая: «Сережа вспомнил адрес Клопского»; 4 мая: «Был вчера Клопский, я ему дала переписывать «Так что же нам делать», и 15 рублей. Он очень странный и безнадежный: мягкости, т. е. способности подчиняться жизни — нет; что-то ищет и ни с чем не совладает. Глаза остановившиеся и страшные. Я с ним поговорила, но он плох» (стр. 368).</p>
<p rend="petit left"><hi>6</hi> В АТБ сохранилось два стихотворения Клопского под псевдонимом Коммар Анри Бейль — «Друзьям» (с датой 18 <hi>1</hi>/<sub>10</sub> 86) и «К портрету Вероники» (отправлено Толстому 10 мая 1886 г.).</p>
<p rend="petit left"><hi>7</hi> Записка эта неизвестна. 2 мая С. А. Толстая писала: «Твою приписочку пошлю Клопскому». В ответ на записку Клопский писал 10 мая 1886 г.: «Хочу..... удовлетворить давно ощущаемую мною потребность высказать вам свою глубокую благодарность, которую мое сердце почувствовало еще до получения от вас столь дорогого для меня <hi style="opdelimiter">письма».</hi><hi style="opnumber">565</hi></p>
<p rend="petit left"><hi>8</hi> Елизавета Владимировна Винер (1862—1928), дочь полковника, впоследствии вышла замуж за близкого по взглядам Толстому Николая Федоровича Джунковского. Работала в «Посреднике». Была в переписке с Толстым. 2 мая С. А. Толстая писала: «Одесская девица меня очень огорчила, а твое отношение к ее явлению — утешило» (стр. 366).</p>
<p rend="petit left"><hi>9</hi> Прокофий Власович Власов (1839—1912).</p>
<p rend="petit left"><hi>10</hi> Цецилия Владимировна Винер (1860—1923), впоследствии вышла замуж за кн. Д. А. Хилкова.</p>
<p rend="petit left"><hi>11</hi> Под заглавием: «В чем счастие?» на стр. 133—149 № 1 «Русского богатства» за 1886 г. был опубликован отрывок из гл. X «В чем моя вера?»</p>
<p rend="petit left"><hi>12</hi> Приписка сделана сбоку на первой странице письма.</p>
</comments></div></body>
        </text>
        </TEI>