<?xml version='1.0' encoding='UTF-8' standalone='no'?>

<TEI xmlns="http://www.tei-c.org/ns/1.0">
       <teiHeader>
          <fileDesc>
             <titleStmt>
                <title>Письмо №252. С. А. Толстой</title>
             </titleStmt>
             <publicationStmt>
                <publisher>TolstoyLab</publisher>
                <date when="2015-09-14">14 September 2015</date>
             </publicationStmt>
             <sourceDesc>
                <biblStruct>
                   <analytic>
                      <author>Толстой Л.Н.</author>
                   </analytic>
                   <monogr>
                      <title level="m">Полное собрание сочинений. Том 83</title>
                      <imprint>
                         <pubPlace>Москва</pubPlace>
                         <publisher>Государственное издательство "Художественная литература"</publisher>
                         <date when="1938"/>
                      </imprint>
                   </monogr>
                   <series>
                      <title level="s">Л.Н. Толстой. Полное собрание сочинений</title>
                      <biblScope unit="vol">83</biblScope>
                   </series>
                </biblStruct>
				<bibl>Печатается по автографу, хранящемуся в АТБ. Впервые отрывок из письма напечатан в Б, II, стр. 456; полностью письмо опубликовано по копии, сделанной С. А. Толстой, в ПЖ, стр. 206—207, причем приписка опубликована в качестве самостоятельного письма. Датируется на основании почтовых штемпелей: «Почтовый вагон. 12 ноября 1883; Москва. 12 ноября 1883», и пометы Толстого в приписке «пятница», которая падала на 11 ноября, а также на основании даты предшествующего письма.</bibl>
             </sourceDesc>
          </fileDesc>
          <encodingDesc>
             <tagsDecl> </tagsDecl>
          </encodingDesc>
          <profileDesc>
             <correspDesc>
                <correspAction type="sending">
                   <persName ref="PersonList.xml#L_N_Tolstoy">Л. Н. Толстой</persName>
                   <placeName ref="PlacesListxml#PLACE">Я. П.</placeName>
                   <date when="1883-11-11">1883 г. Ноября 11.</date>            </correspAction>
                <correspAction type="receiving">
                   <persName ref="PersonList.xml#RECEIVER">Толстая Софья Андреевна</persName>
                </correspAction>
                <correspContext>
                   <ref type="prev"/>
                </correspContext>
             </correspDesc>
          </profileDesc>
       </teiHeader>
       <xenoData><number type="in a volume">252</number></xenoData>

       <text xml:id="a11_252">
	<body><div>
		<opener index="false">
252.
1883 г. Ноября 11. Я. П.</opener>
<p rend="left">Моя судьба быть <choice><reg>в</reg><orig>въ</orig></choice> Ясной <choice><reg>в</reg><orig>въ</orig></choice> <choice><reg>дурном</reg><orig>дурномъ</orig></choice> <choice><reg>расположении</reg><orig>расположенiи</orig></choice> духа и <choice><reg>неспособным</reg><orig>неспособнымъ</orig></choice> работать. <choice><reg>Так</reg><orig>Такъ</orig></choice> и теперь. Не могу докончить <choice><reg>начатого</reg><orig>начатаго</orig></choice>. У меня тепло, хорошо, удобно, пища привычная. Нынче <choice><reg>получил</reg><orig>получилъ</orig></choice> твое письмо<note xml:id="note1" resp="volume_editor" index="false"> Оно не сохранилось.</note> и <choice><reg>надеюсь</reg><orig>надѣюсь</orig></choice> получить завтра.</p>
<p rend="left">Представь <choice><reg>себе</reg><orig>себѣ</orig></choice>, Поручица<note xml:id="note2" resp="volume_editor" index="false"> «Жена казенного лесничего в Засеке» (п. С. А.).</note> умерла. Я нынче, гуляя, <choice><reg>зашел</reg><orig>зашелъ</orig></choice> <choice><reg>к</reg><orig>къ</orig></choice> <choice><reg>Франц</reg><orig>Францъ</orig></choice> Иванычу,<note xml:id="note3" resp="volume_editor" index="false"> Франц Иванович Баратынский, казенный лесничий.</note> и онъ мнѣ разсказалъ. Она поѣхала въ Тулу; въ нумерахъ рядомъ съ ней стоялъ знакомый. Онъ провелъ вечеръ у нея. Утромъ она не выходитъ и до вечера. Выломали дверь. Она лежитъ въ постели, въ самой покойной позѣ — мертвая, — разрывъ сердца. Я читаю и Stendhal’a<note xml:id="note4" resp="volume_editor" index="false"> Толстой перечитывал роман: «Le rouge et le noir» (Красное и черное) (1831) Анри Бейля (Beyle) (1783—1842), французского писателя, писавшего под псевдонимом Стендаля. О сходстве Толстого со Стендалем см. статью Л. П. Гросмана «Стендаль и Толстой» (Л. Гросман «От Пушкина до Блока». М. 1926, стр. <hi style="opdelimiter">135—169).</hi><hi style="opnumber">407</hi></note> <hi style="opdelimiter">и</hi><hi style="opnumber">406</hi> <hi style="npnumber">407</hi><hi style="npdelimiter">Енгельгарта.</hi><note xml:id="note5" resp="volume_editor" index="false"> A. H. Энгельгардт (1832—1893), профессор, специалист по сельскому хозяйству. Известен своими «Письмами из деревни» (отд. изд. 1882 г.). Эту книгу и читал Толстой.</note> <choice><reg>Енгельгарт</reg><orig>Енгельгартъ</orig></choice> — прелесть. Это нельзя достаточно читать и хвалить; — <choice><reg>контраст</reg><orig>контрастъ</orig></choice> нашей жизни и настоящей жизни <choice><reg>мужиков</reg><orig>мужиковъ</orig></choice>, про который мы <choice><reg>так</reg><orig>такъ</orig></choice> старательно <choice><reg>забываем</reg><orig>забываемъ</orig></choice>. Для меня это одна <choice><reg>из</reg><orig>изъ</orig></choice> <choice><reg>тех</reg><orig>тѣхъ</orig></choice> <choice><reg>книг</reg><orig>книгъ</orig></choice>, которая <choice><reg>освобождает</reg><orig>освобождаетъ</orig></choice> меня <choice><reg>от</reg><orig>отъ</orig></choice> части того, что я чувствую себя <choice><reg>обязанным</reg><orig>обязаннымъ</orig></choice> <choice><reg>сделать</reg><orig>сдѣлать</orig></choice>. Но <choice><reg>он</reg><orig>онъ</orig></choice> <choice><reg>сделал</reg><orig>сдѣлалъ</orig></choice>, и никто не <choice><reg>читает</reg><orig>читаетъ</orig></choice>. Или <choice><reg>читают</reg><orig>читаютъ</orig></choice> и <choice><reg>говорят</reg><orig>говорятъ</orig></choice>: «да что, <choice><reg>он</reg><orig>онъ</orig></choice> <choice><reg>социалист</reg><orig>соцiалистъ</orig></choice>». А <choice><reg>он</reg><orig>онъ</orig></choice> и не <choice><reg>думает</reg><orig>думаетъ</orig></choice> быть <choice><reg>социалистом</reg><orig>соцiалистомъ</orig></choice>, а <choice><reg>говорит</reg><orig>говоритъ</orig></choice>, что есть. — Нынче <choice><reg>получил</reg><orig>получилъ</orig></choice> <choice><reg>ответ</reg><orig>отвѣтъ</orig></choice> <choice><reg>от</reg><orig>отъ</orig></choice> Давыдова<note xml:id="note6" resp="volume_editor" index="false"> См. письмо от 10 ноября, № 251.</note> <choice><reg>с</reg><orig>съ</orig></choice> бабой, за <choice original_editorial_correction='кот[орую]'><sic>кот</sic><corr>которую</corr></choice> я <choice><reg>просил</reg><orig>просилъ</orig></choice>. <choice><reg>Он</reg><orig>Онъ</orig></choice> <choice><reg>обещает</reg><orig>обѣщаетъ</orig></choice> все <choice><reg>сделать</reg><orig>сдѣлать</orig></choice> и просится <choice><reg>приехать</reg><orig>прiѣхать</orig></choice> воскресенье; <choice><reg>говорит</reg><orig>говоритъ</orig></choice>, что ему что-то <hi>для себя</hi> нужно меня видѣть. Если будетъ случай, я приглашу его. — Нынче приходила еще баба, тоже брюхатая, тоже осталась одна съ 4-мя дѣтьми. Это вдова того, котораго убили въ дракѣ. Она приходила просить, чтобы я не просилъ за того, — убійцу ея мужа — на поруки. — Удивительно!</p>
<p rend="left"><choice><reg>Как</reg><orig>Какъ</orig></choice> ты и <choice><reg>все</reg><orig>всѣ</orig></choice> наши? I hope,<note xml:id="note7" resp="volume_editor" index="false"> [Надеюсь]</note> что хорошо. Завтра узнаю. <choice><reg>Целую</reg><orig>Цѣлую</orig></choice> тебя, душенька. Нынче <choice><reg>портрет</reg><orig>портретъ</orig></choice> не <choice><reg>так</reg><orig>такъ</orig></choice> <choice><reg>жалок</reg><orig>жалокъ</orig></choice>.<note xml:id="note8" resp="volume_editor" index="false"> <ref target="file:///Volume_83_a10_251.xml">См. письмо № 251</ref> от 10 ноября.</note></p>
<p rend="left"><choice><reg>Целую</reg><orig>Цѣлую</orig></choice> <choice><reg>детей</reg><orig>дѣтей</orig></choice>.</p>
<p rend="right">Пятница 11 <choice><reg>часов</reg><orig>часовъ</orig></choice>.</p>
<lb/>
<p rend="left">Нынче я одинъ. Былъ только Дмитрій Ѳедоровичъ, разговаривали о томъ, какъ онъ живетъ самъ-семъ на 11 р[уб.] 40 к[оп.] въ мѣсяцъ. Живетъ.</p>
<lb/>
<p rend="left"><hi>На конверте:</hi> Москва. Хамовнической <choice><reg>переулок</reg><orig>переулокъ</orig></choice>. <choice><reg>Графине</reg><orig>Графинѣ</orig></choice> <choice><reg>Софье</reg><orig>Софьѣ</orig></choice> <choice><reg>Андревне</reg><orig>Андревнѣ</orig></choice> Толстой. (Свой <choice><reg>дом</reg><orig>домъ</orig></choice>.)</p>
<comments><p rend="Textpetit_otstup left">Печатается по автографу, хранящемуся в АТБ. Впервые отрывок из письма напечатан в Б, II, стр. 456; полностью письмо опубликовано по копии, сделанной С. А. Толстой, в ПЖ, стр. 206—207, причем приписка опубликована в качестве самостоятельного письма. Датируется на основании почтовых штемпелей: «Почтовый вагон. 12 ноября 1883; Москва. 12 ноября 1883», и пометы Толстого в приписке «пятница», которая падала на 11 ноября, а также на основании даты предшествующего письма.</p>
<p rend="Textpetit_otstup left"><hi>1</hi> Оно не сохранилось.</p>
<p rend="petit left"><hi>2</hi> «Жена казенного лесничего в Засеке» (п. С. А.).</p>
<p rend="petit left"><hi>3</hi> Франц Иванович Баратынский, казенный лесничий.</p>
<p rend="petit left"><hi>4</hi> Толстой перечитывал роман: «Le rouge et le noir» (Красное и черное) (1831) Анри Бейля (Beyle) (1783—1842), французского писателя, писавшего под псевдонимом Стендаля. О сходстве Толстого со Стендалем см. статью Л. П. Гросмана «Стендаль и Толстой» (Л. Гросман «От Пушкина до Блока». М. 1926, стр. <hi style="opdelimiter">135—169).</hi><hi style="opnumber">407</hi></p>
<p rend="petit left"><hi>5</hi> A. H. Энгельгардт (1832—1893), профессор, специалист по сельскому хозяйству. Известен своими «Письмами из деревни» (отд. изд. 1882 г.). Эту книгу и читал Толстой.</p>
<p rend="petit left"><hi>6</hi> См. письмо от 10 ноября, № 251.</p>
<p rend="petit left"><hi>7</hi> [Надеюсь]</p>
<p rend="petit left"><hi>8</hi> <ref target="file:///Volume_83_a10_251.xml">См. письмо № 251</ref> от 10 ноября.</p>
</comments></div></body>
        </text>
        </TEI>