<?xml version='1.0' encoding='UTF-8' standalone='no'?>

<TEI xmlns="http://www.tei-c.org/ns/1.0">
       <teiHeader>
          <fileDesc>
             <titleStmt>
                <title>Письмо №157. Б. Н. Чичерину.</title>
             </titleStmt>
             <publicationStmt>
                <publisher>TolstoyLab</publisher>
                <date when="2015-09-14">14 September 2015</date>
             </publicationStmt>
             <sourceDesc>
                <biblStruct>
                   <analytic>
                      <author>Толстой Л.Н.</author>
                   </analytic>
                   <monogr>
                      <title level="m">Полное собрание сочинений. Том 60</title>
                      <imprint>
                         <pubPlace>Москва</pubPlace>
                         <publisher>Государственное издательство "Художественная литература"</publisher>
                         <date when="1949"/>
                      </imprint>
                   </monogr>
                   <series>
                      <title level="s">Л.Н. Толстой. Полное собрание сочинений</title>
                      <biblScope unit="vol">60</biblScope>
                   </series>
                </biblStruct>
				<bibl>Впервые опубликовано в ПТТ, стр. 18—19, с редакторской датой «Конец 1859 г.». Дата определяется содержанием и ответным письмом Б. Н. Чичерина от 5/17 декабря 1859 г. (см. там же, стр. 279—281).</bibl>
             </sourceDesc>
          </fileDesc>
          <encodingDesc>
             <tagsDecl> </tagsDecl>
          </encodingDesc>
          <profileDesc>
             <correspDesc>
                <correspAction type="sending">
                   <persName ref="PersonList.xml#L_N_Tolstoy">Л. Н. Толстой</persName>
                   <placeName ref="PlacesListxml#PLACE">Я. П.</placeName>
                   <date when="1859-10">1859 г. Октября</date>            </correspAction>
                <correspAction type="receiving">
                   <persName ref="PersonList.xml#RECEIVER">Чичерин Борис Николаевич</persName>
                </correspAction>
                <correspContext>
                   <ref type="prev"/>
                </correspContext>
             </correspDesc>
          </profileDesc>
       </teiHeader>
       <xenoData><number type="in a volume">157</number></xenoData>

              <text xml:id="B.N.CHicherinu_157">
	<body><div>
		<opener index="false">
157. Б. Н. Чичерину.
1859 г. Октября конец — ноября начало. Я. П.</opener>
<p rend="left">Благодарствуй за твое письмо, любезный друг Чичерин.<note xml:id="note1" resp="volume_editor" index="false"> Письмо Толстого является ответом на письмо Б. Н. Чичерина от 27 сентября (9 октября) 1859 г. из Турина (там же, стр. 277—279).</note> Я уже боялся, что ты <hi>бросил</hi> писать ко мне за мою неакуратность, причиной которой ничего и всё — моя натура. Ну да что, это точно к родителям — объясненье. Давно мы не видались, мой друг, и хотелось бы попримериться друг на друга: на много ли разъехались — кто куда? Я думаю иногда, что многое, многое во мне изменилось с тех пор, как мы, глядя друг на друга, ели quatre mediants<note xml:id="note2" resp="volume_editor" index="false"> [сухой десерт, т. е. винные ягоды, изюм, миндаль и орехи]. Буквальный перевод: четыре нищих.</note> ou<note xml:id="note3" resp="volume_editor" index="false"> Толстой ошибся, написав русское «у» французским буквами: «он».</note> Шевалье,<note xml:id="note4" resp="volume_editor" index="false"> Гостиница и ресторан Ипполита Шевалье в Старо-Газетном переулке в Москве, в доме Маркова (ныне дом № 4 по проезду Художественного <hi style="opdelimiter">театра).</hi><hi style="opnumber">316</hi></note> и думаю тоже, что это тупоумие эгоизма, который только над собой видит следы времени, а не чует их в других. И у тебя в душе, я чай, многое повыросло, многое повыкрошилось за эти 1 <hi>1</hi>/<sub>2</sub> года, и опять нам будет хорошо вместе. —</p>
<p rend="left">Хотел я было <choice original_editorial_correction='пофило[соф]ствовать'><sic>пофилоствовать</sic><corr>пофилософствовать</corr></choice> с тобой о бессмертии души и о прочих, но на этом месте 3-го дня помешали мне, и теперь <hi style="opdelimiter">не</hi><hi style="opnumber">315</hi> <hi style="npnumber">316</hi><hi style="npdelimiter">знаю,</hi> как допишется. Дам отчет тебе в своем прошедшем и планов будущего. Жил я зиму в Москве, лето в деревне. В деревне занимаюсь хозяйством, и хотя скучно и трудно, но с нынешнего года уже заметны кой-какие следы моих трудов и на земле, и на людях. А ты знаешь, что ничто так не привязывает к делу, как следы своего участия в нем. Я уже положительно могу сказать, что я не случайно и временно занимаюсь этим делом, а что я на всю жизнь избрал эту деятельность. Литературные занятия я, кажется, окончательно бросил. Отчего? трудно сказать. Главное то, что всё, что я делал и что чувствую себя в силах сделать, так далеко от того, что бы хотел и должен бы был сделать. В доказательство того, что это я говорю искренно, не ломаюсь перед тобой (редкой человек, когда говорит про себя, устоит от искушенья поломаться, хоть с самым близким человеком), я признаюсь, что мое отречение от литературной (лучшей в мире) деятельности было и теперь очень иногда тяжело мне. Всё это время я то пытался опять писать, то старался заткнуть чем-нибудь пустоту, которую оставило во мне это отречение: то охотой, то светом, то даже наукой. Я начал заниматься естественными науками. Но теперь уж жизнь пошла ровно и полно без нее.</p>
<p rend="left">Решительно не могу дописать, два раза перервали, а теперь надо отправлять. Пришли пунктуальный адрес, а мне хочется писать тебе. Прощай, душа моя, я тебя очень люблю. Тетинька тоже; из всех моих знакомых предпочитает тебя. Я зиму нынешнюю живу в деревне; да и будущую тоже, я думаю.<note xml:id="note6" resp="volume_editor" index="false"> С 2/14 июля 1860 г. по 13 апреля 1861 г. Толстой провел за границей.</note> Уж ты в Ясную приедешь поговорить. Вот где хорошо поговорить, пощупаться. Никакое ломанье невозможно.</p>
<p rend="right">Толстой.</p>
<comments><p rend="Textpetit_otstup left">Впервые опубликовано в ПТТ, стр. 18—19, с редакторской датой «Конец 1859 г.». Дата определяется содержанием и ответным письмом Б. Н. Чичерина от 5/17 декабря 1859 г. (см. там же, стр. 279—281).</p>
<p rend="Textpetit_otstup left"><hi>1</hi> Письмо Толстого является ответом на письмо Б. Н. Чичерина от 27 сентября (9 октября) 1859 г. из Турина (там же, стр. 277—279).</p>
<p rend="petit left"><hi>2</hi> [сухой десерт, т. е. винные ягоды, изюм, миндаль и орехи]. Буквальный перевод: четыре нищих.</p>
<p rend="petit left"><hi>3</hi> Толстой ошибся, написав русское «у» французским буквами: «он».</p>
<p rend="petit left"><hi>4</hi> Гостиница и ресторан Ипполита Шевалье в Старо-Газетном переулке в Москве, в доме Маркова (ныне дом № 4 по проезду Художественного <hi style="opdelimiter">театра).</hi><hi style="opnumber">316</hi></p>
<p rend="petit left"><hi>5</hi> С 2/14 июля 1860 г. по 13 апреля 1861 г. Толстой провел за границей.</p>
<p rend="petit left">На это письмо Толстого Чичерин ответил 5/17 декабря 1859 г., в котором убеждал не зарываться в деревне и ехать в Италию. Опубликовано в ПТТ, стр. 279—281.</p>
</comments></div></body>
        </text>
        </TEI>