<?xml version='1.0' encoding='UTF-8' standalone='no'?>

<TEI xmlns="http://www.tei-c.org/ns/1.0">
       <teiHeader>
          <fileDesc>
             <titleStmt>
                <title>Письмо №158. А. В. Дружинину.</title>
             </titleStmt>
             <publicationStmt>
                <publisher>TolstoyLab</publisher>
                <date when="2015-09-14">14 September 2015</date>
             </publicationStmt>
             <sourceDesc>
                <biblStruct>
                   <analytic>
                      <author>Толстой Л.Н.</author>
                   </analytic>
                   <monogr>
                      <title level="m">Полное собрание сочинений. Том 60</title>
                      <imprint>
                         <pubPlace>Москва</pubPlace>
                         <publisher>Государственное издательство "Художественная литература"</publisher>
                         <date when="1949"/>
                      </imprint>
                   </monogr>
                   <series>
                      <title level="s">Л.Н. Толстой. Полное собрание сочинений</title>
                      <biblScope unit="vol">60</biblScope>
                   </series>
                </biblStruct>
				<bibl>Впервые опубликовано в «Звезде», 1930, 5, стр. 153. Год определяется содержанием и ответным письмом Дружинина от 31 декабря 1859 г.</bibl>
             </sourceDesc>
          </fileDesc>
          <encodingDesc>
             <tagsDecl> </tagsDecl>
          </encodingDesc>
          <profileDesc>
             <correspDesc>
                <correspAction type="sending">
                   <persName ref="PersonList.xml#L_N_Tolstoy">Л. Н. Толстой</persName>
                   <placeName ref="PlacesListxml#PLACE">Я. П.</placeName>
                   <date when="1859-12-20">1859 г. Декабря 20.</date>            </correspAction>
                <correspAction type="receiving">
                   <persName ref="PersonList.xml#RECEIVER">Дружинин Александр Васильевич</persName>
                </correspAction>
                <correspContext>
                   <ref type="prev"/>
                </correspContext>
             </correspDesc>
          </profileDesc>
       </teiHeader>
       <xenoData><number type="in a volume">158</number></xenoData>

              <text xml:id="A.V.Druzhininu_158">
	<body><div>
		<opener index="false">
158. А. В. Дружинину.
1859 г. Декабря 20. Я. П.
</opener>
<p rend="Obrashenie left">Любезный друг <choice original_editorial_correction='Александ[р]'><sic>Александ</sic><corr>Александр</corr></choice> Васильевич!</p>
<p rend="left">Сделайте дружбу, заезжайте в книжную лавку к Давыдову и спросите у него расчет за мои книги, коих у него по последнему счету оставалось больше чем на <hi>2000</hi> р.<note xml:id="note1" resp="volume_editor" index="false"> На складе у книгопродавца А. И. Давыдова находились вышедшие отдельным изданием книги Толстого: «Военные рассказы» и «Детство и отрочество».</note> Ежели есть выручка, то чтобы он из нее выслал мне на 1860 г.:</p>
<p rend="left">1) Revue des deux mondes.<note xml:id="note2" resp="volume_editor" index="false"> «Revue des deux mondes» — журнал, издававшийся в Париже с 1829 г.</note></p>
<p rend="left">2) Times.<note xml:id="note3" resp="volume_editor" index="false">«Times» — большая английская газета консервативного направления, издающаяся в Лондоне (с 1 января 1788 г.).</note></p>
<p rend="left">3) Русский Вестник</p>
<p rend="left">на мое имя в Тулу и на имя Александра Михайловича Исленьева в г. Одоев Тульской губер.</p>
<p rend="left">1) Современник и</p>
<p rend="left">2) Библиотеку.<note xml:id="note4" resp="volume_editor" index="false"> Журнал «Библиотека для чтения».</note></p>
<p rend="left">Остальные деньги, ежели есть, чтобы прислал.<note xml:id="note5" resp="volume_editor" index="false"> В ответ А. В. Дружинин писал 31 декабря: «Я передал ваше поручение Давыдову, и журналы будут высланы по адресам».</note></p>
<p rend="left">Так как Давыдов мне не отвечал на одно письмо,<note xml:id="note6" resp="volume_editor" index="false"> Письмо Толстого к Давыдову неизвестно.</note> то может случиться, что он откажется или вы не захотите с ним иметь дело, то сделайте одолженье, выпишите на свои деньги эти журналы, я тотчас же вам вышлю деньги. — И пожалуйста поскорей, так, чтобы и я и Исленьев получили бы во время.</p>
<p rend="left">Драма Писемского мне очень и очень понравилась: здорово, сильно и правдиво, невыдуманно. Но и в ней он, как и в других своих отличных вещах, не избег неловкостей ужасных. Как этот барин на барьер мужика вытягивать хочет?<note xml:id="note7" resp="volume_editor" index="false"> Драма Писемского «Горькая судьбина» была напечатана в декабрьской книжке «Библиотеки для чтения» за 1859 г. (см. т. 51, запись в Дневнике от 26 октября 1890 г.).</note></p>
<p rend="left">Что вы, мой дорогой, как ваше здоровье, не хандрите ли? Как деятельность ваша, приятна ли? Что хорошего нового в литературном мире? Фет прислал мне несколько стихотворений из Гафиза. Напрасно он их писал. Опять на <choice original_editorial_correction='Турген[еве]'><sic>Турген</sic><corr>Тургеневе</corr></choice> грех.<note xml:id="note8" resp="volume_editor" index="false"> Толстой винит Тургенева в том, что он подарил Фету немецкое издание стихотворений Гафиза.</note> Я нынешний год едва ли вас увижу, т. е. зиму, летом же без отговорок жду вас в Ясную. Я переделывал дом<note xml:id="note9" resp="volume_editor" index="false"> Толстой переделывал флигель под школу.</note> и имел вас в виду при этом. Я не пишу и надеюсь, что не буду; и несмотря на то так занят, что давно хотел и не было времени писать вам. — Чем я занят, расскажу тогда, когда <hi style="opdelimiter">занятия</hi><hi style="opnumber">317</hi> <hi style="npnumber">318</hi><hi style="npdelimiter">эти</hi> принесут плоды.<note xml:id="note10" resp="volume_editor" index="false"> Имеются в виду педагогические занятия Толстого, который он отдался, на время оставив литературу.</note> — Однако не бойтесь писать мне, теперь уж я найду время тотчас отвечать вам. Будемте почаще и поакуратнее переписываться. Матушке передайте мой душевный поклон и прощайте.</p>
<p rend="right">Л. Толстой.</p>
<p rend="left">20 Декабря.</p>
<p rend="left">Заносить меня в список литераторов не зачем.<note xml:id="note11" resp="volume_editor" index="false"> Дружининым был основан Литературный фонд, членом которого состоял и Толстой. В ответном письме (от 31 декабря) Дружинин писал: «Что это вы приписываете в письме, что вас незачем вносить в список литераторов? Если это относится до ваших трудов, то это ваше дело, но если вы хотите сказать, чтобы вас вычеркнули из списка членов, — то выполнять такое поручение я не берусь».</note></p>
<comments><p rend="Textpetit_otstup left">Впервые опубликовано в «Звезде», 1930, 5, стр. 153. Год определяется содержанием и ответным письмом Дружинина от 31 декабря 1859 г.</p>
<p rend="Textpetit_otstup left"><hi>1</hi> На складе у книгопродавца А. И. Давыдова находились вышедшие отдельным изданием книги Толстого: «Военные рассказы» и «Детство и отрочество».</p>
<p rend="petit left"><hi>2</hi> «Revue des deux mondes» — журнал, издававшийся в Париже с 1829 г.</p>
<p rend="petit left"><hi>3 </hi>«Times» — большая английская газета консервативного направления, издающаяся в Лондоне (с 1 января 1788 г.).</p>
<p rend="petit left"><hi>4</hi> Журнал «Библиотека для чтения».</p>
<p rend="petit left"><hi>5</hi> В ответ А. В. Дружинин писал 31 декабря: «Я передал ваше поручение Давыдову, и журналы будут высланы по адресам».</p>
<p rend="petit left"><hi>6</hi> Письмо Толстого к Давыдову неизвестно.</p>
<p rend="petit left"><hi>7</hi> Драма Писемского «Горькая судьбина» была напечатана в декабрьской книжке «Библиотеки для чтения» за 1859 г. (см. т. 51, запись в Дневнике от 26 октября 1890 г.).</p>
<p rend="petit left"><hi>8</hi> Толстой винит Тургенева в том, что он подарил Фету немецкое издание стихотворений Гафиза.</p>
<p rend="petit left"><hi>9</hi> Толстой переделывал флигель под школу.</p>
<p rend="petit left"><hi>10</hi> Имеются в виду педагогические занятия Толстого, который он отдался, на время оставив литературу.</p>
<p rend="petit left"><hi>11</hi> Дружининым был основан Литературный фонд, членом которого состоял и Толстой. В ответном письме (от 31 декабря) Дружинин писал: «Что это вы приписываете в письме, что вас незачем вносить в список литераторов? Если это относится до ваших трудов, то это ваше дело, но если вы хотите сказать, чтобы вас вычеркнули из списка членов, — то выполнять такое поручение я не берусь».</p>
</comments></div></body>
        </text>
        </TEI>