<?xml version='1.0' encoding='UTF-8' standalone='no'?>

<TEI xmlns="http://www.tei-c.org/ns/1.0">
       <teiHeader>
          <fileDesc>
             <titleStmt>
                <title>Письмо №25. А. В. Дружинину.</title>
             </titleStmt>
             <publicationStmt>
                <publisher>TolstoyLab</publisher>
                <date when="2015-09-14">14 September 2015</date>
             </publicationStmt>
             <sourceDesc>
                <biblStruct>
                   <analytic>
                      <author>Толстой Л.Н.</author>
                   </analytic>
                   <monogr>
                      <title level="m">Полное собрание сочинений. Том 60</title>
                      <imprint>
                         <pubPlace>Москва</pubPlace>
                         <publisher>Государственное издательство "Художественная литература"</publisher>
                         <date when="1949"/>
                      </imprint>
                   </monogr>
                   <series>
                      <title level="s">Л.Н. Толстой. Полное собрание сочинений</title>
                      <biblScope unit="vol">60</biblScope>
                   </series>
                </biblStruct>
				<bibl>Впервые опубликовано не вполне точно в статье «Молодой Толстой» — «Звезда», 1930, № 3, стр. 160—161.</bibl>
             </sourceDesc>
          </fileDesc>
          <encodingDesc>
             <tagsDecl> </tagsDecl>
          </encodingDesc>
          <profileDesc>
             <correspDesc>
                <correspAction type="sending">
                   <persName ref="PersonList.xml#L_N_Tolstoy">Л. Н. Толстой</persName>
                   <placeName ref="PlacesListxml#PLACE">Я. П.</placeName>
                   <date when="1856-09-21">1856 г. Сентября 21.</date>            </correspAction>
                <correspAction type="receiving">
                   <persName ref="PersonList.xml#RECEIVER">Дружинин Александр Васильевич</persName>
                </correspAction>
                <correspContext>
                   <ref type="prev"/>
                </correspContext>
             </correspDesc>
          </profileDesc>
       </teiHeader>
       <xenoData><number type="in a volume">25</number></xenoData>

              <text xml:id="A.V.Druzhininu_25">
	<body><div>
		<opener index="false">
25. А. В. Дружинину.
1856 г. Сентября 21. Я. П.</opener>
<p rend="left">Письмо ваше<note xml:id="note1" resp="volume_editor" index="false">Письмо Дружинина от 15 сентября 1856 г. было получено Толстым 21 октября. Опубликовано в книге К. Чуковский, «Люди и книги шестидесятых годов», Изд-во писателей в Ленинграде, 1934, стр. 256. Дружинин просил Толстого дать ему в «Библиотеку для чтения» «хоть самую крошечную статейку, отрывок, эпизод из севастопольских воспоминаний».</note> очень обрадовало меня, милейший Александр Васильевич; особенно потому, что я с каждым днем всё собирался писать вам и, без фразы, почти каждый день думал о вас. — Во-первых, я думал о вас потому, что я вас очень люблю и уважаю, тоже без фразы, а во-вторых, потому, что хотел просить вас о помощи. Ваше желание я надеюсь исполнить и исполнил бы его сейчас же, ежели бы меня не связывало обещание, которое я дал Краевскому, дать ему первое, что буду печатать. Ведь к последней книжке значит к Декабрю? а для Краевского у меня уже готовится,<note xml:id="note2" resp="volume_editor" index="false">Толстой готовил для «Отечественных записок» «Утро помещика», напечатанное в № 12 за 1856 г. См. прим. к п. № 48.</note> для вас же почти готово, был написан для имевшего издаваться <choice original_editorial_correction='Воен[ного]'><sic>Воен</sic><corr>Военного</corr></choice> <choice original_editorial_correction='Ж[урнала]'><sic>Ж</sic><corr>Журнала</corr></choice>,<note xml:id="note3" resp="volume_editor" index="false">Во время пребывания в Крыму на военной службе Толстому пришла мысль организовать общество содействия просвещению и образованию среди войск и издавать журнал, но последовал запрет со стороны Николая I, и намерение Толстого не осуществилось. См. т. 47, стр. 26 и <hi style="opdelimiter">268.</hi><hi style="opnumber">87</hi></note> правда, крошечный эпизодец Кавказский, из <choice original_editorial_correction='кот[орого]'><sic>кот</sic><corr>которого</corr></choice> я взял кое-что в <choice original_editorial_correction='Руб[ку]'><sic>Руб</sic><corr>Рубку</corr></choice> Леса и <choice original_editorial_correction='к[оторый]'><sic>к</sic><corr>который</corr></choice> поэтому надо переделать.<note xml:id="note4" resp="volume_editor" index="false"> Речь идет об очерке «Поездка в Мамакай Юрт» (см. т. 3, стр. 215). Впоследствии Толстой заимствовал кое-что из этого рассказа для «Рубки леса». Намерение переработать и дополнить для Дружинина этот рассказ было оставлено, и Толстой написал для Дружинина совершенно новый рассказ «Разжалованный» (т. 3, стр. 75 и 312), который, под названием «Встреча в отряде с московским знакомым», был напечатан в «Библиотеке для чтения» за 1856 г., № 12.</note> Не для того, чтобы вас задобрить к услуге, которую от вас прошу, но просто мне ужасно приятно сделать вам что-нибудь приятное и, получив ваше письмо, да и прежде я раскаивался в этом поспешном условии с Современником.<note xml:id="note5" resp="volume_editor" index="false"> Об условии, заключенном Толстым и группой писателей с «Современником», см. прим. 5 к п. № 18.</note> Вот в чем моя просьба. Я написал 1-ю половину Юности,<note xml:id="note6" resp="volume_editor" index="false"> Историю писания «Юности» см. в т. 2 настоящего издания, стр. 374— 380. Толстой отправил «Юность» А. В. Дружинину 24 сентября 1856 г.</note> <choice original_editorial_correction='кот[орую]'><sic>кот</sic><corr>которую</corr></choice> обещал в Современник. Я никому ее не читал и писал пристально, так что решительно не могу о ней судить — всё у меня в голове перепуталось. Кажется мне однако, без скромности, что она очень плоха — особенно по небрежности языка, растянутости и т. д. Кажется мне это потому, что когда я пишу один, никому не читая, то мне обыкновенно одинаково думается, что то, что я пишу, превосходно и очень плохо, теперь же гораздо больше думается последнее. Но я совершенно с вами согласен, что раз взявшись за литературу, нельзя этим шутить, а отдать ей всю жизнь, и поэтому я, надеясь впредь написать еще хорошее, не хочу печатать плохое. Так вот в чем просьба. Я к вам пришлю рукопись, — вы ее прочтите и строго и откровенно <hi style="opdelimiter">скажите</hi><hi style="opnumber">86</hi> <hi style="npnumber">87</hi><hi style="npdelimiter">свое</hi> мнение, лучше она или хуже Детства и почему и можно ли, переделав, сделать из нее хорошее или бросить ее. Последнее мне кажется лучше всего, потому что, раз начав дурно и проработав над ней 3 месяца, она мне опротивела до нельзя. —</p>
<p rend="left">Ну да довольно об этом. Адрес мой в Тулу просто. Живу я в деревне, жду денег, чтоб ехать в <choice original_editorial_correction='Петерб[ург]'><sic>Петерб</sic><corr>Петербург</corr></choice> и за границу. Охотился, писал, читал много, ездил кое-куда по деревням, немножко влюбился в одну деревенскую барышню,<note xml:id="note7" resp="volume_editor" index="false"> В. В. Арсеньева.</note> но теперь сижу дома, потому что болен и очень серьезно. У меня было воспаление в груди, от <choice original_editorial_correction='кот[орого]'><sic>кот</sic><corr>которого</corr></choice> я не вылечившись, простудился снова, и теперь нехорош. Прощайте, любезный Александр Васильевич, я с удовольствием думал со вчерашнего дня, что я напишу вам и было что-то много, но теперь я так устал и так болит грудь, что кончаю. Напишите пожалуйста, а Юность я с этой почтой вам вышлю, вы ее храните у себя, не показывайте никому и только ежели ваше решение хорошо и я напишу еще вам, тогда отдайте Панаеву.</p>
<p rend="right">Истинно любящий вас Гр. Л. Толстой.</p>
<p rend="left">21 Сентября.</p>
<p rend="left">Кланяйтесь милому Генералу<note xml:id="note8" resp="volume_editor" index="false"> Под «Генералом» Толстой подразумевает Ег. П. Ковалевского. О нем см. прим. к п. № 26.</note> и всем, кто меня помнит. Ежели бы, против чаяния, в <choice original_editorial_correction='Юн[ости]'><sic>Юн</sic><corr>Юности</corr></choice> только нужно бы было вымарать кое-что, то марайте, где вам это покажется нужным.</p>
<comments><p rend="Textpetit_otstup left">Впервые опубликовано не вполне точно в статье «Молодой Толстой» — «Звезда», 1930, № 3, стр. 160—161.</p>
<p rend="petit left">Датируется содержанием и записью в Дневнике под 21 и 22 сентября 1856 г.</p>
<p rend="petit left">Александр Васильевич Дружинин (1824—1864) — критик, проповедник «чистого искусства», переводчик и беллетрист. Толстой находился с ним одно время в дружеских отношениях. Подробнее см. предисловие к настоящему тому и т. 47, стр. 323—324.</p>
<p rend="Textpetit_otstup left"><hi>1 </hi>Письмо Дружинина от 15 сентября 1856 г. было получено Толстым 21 октября. Опубликовано в книге К. Чуковский, «Люди и книги шестидесятых годов», Изд-во писателей в Ленинграде, 1934, стр. 256. Дружинин просил Толстого дать ему в «Библиотеку для чтения» «хоть самую крошечную статейку, отрывок, эпизод из севастопольских воспоминаний».</p>
<p rend="petit left"><hi>2 </hi>Толстой готовил для «Отечественных записок» «Утро помещика», напечатанное в № 12 за 1856 г. См. прим. к п. № 48.</p>
<p rend="petit left"><hi>3 </hi>Во время пребывания в Крыму на военной службе Толстому пришла мысль организовать общество содействия просвещению и образованию среди войск и издавать журнал, но последовал запрет со стороны Николая I, и намерение Толстого не осуществилось. См. т. 47, стр. 26 и <hi style="opdelimiter">268.</hi><hi style="opnumber">87</hi></p>
<p rend="petit left"><hi style="npnumber">88</hi><hi style="npdelimiter">Текст</hi> проекта журнала и заметки о военном журнале см. в т. 4, стр. 281—285.</p>
<p rend="petit left"><hi>4</hi> Речь идет об очерке «Поездка в Мамакай Юрт» (см. т. 3, стр. 215). Впоследствии Толстой заимствовал кое-что из этого рассказа для «Рубки леса». Намерение переработать и дополнить для Дружинина этот рассказ было оставлено, и Толстой написал для Дружинина совершенно новый рассказ «Разжалованный» (т. 3, стр. 75 и 312), который, под названием «Встреча в отряде с московским знакомым», был напечатан в «Библиотеке для чтения» за 1856 г., № 12.</p>
<p rend="petit left"><hi>5</hi> Об условии, заключенном Толстым и группой писателей с «Современником», см. прим. 5 к п. № 18.</p>
<p rend="petit left"><hi>6</hi> Историю писания «Юности» см. в т. 2 настоящего издания, стр. 374— 380. Толстой отправил «Юность» А. В. Дружинину 24 сентября 1856 г.</p>
<p rend="petit left"><hi>7</hi> В. В. Арсеньева.</p>
<p rend="petit left"><hi>8</hi> Под «Генералом» Толстой подразумевает Ег. П. Ковалевского. О нем см. прим. к п. № 26.</p>
<p rend="petit left">А. В. Дружинин ответил на это письмо 6 октября 1856 г. (см. прим. к. п. № 28).</p>
</comments></div></body>
        </text>
        </TEI>