<?xml version='1.0' encoding='UTF-8' standalone='no'?>

<TEI xmlns="http://www.tei-c.org/ns/1.0">
       <teiHeader>
          <fileDesc>
             <titleStmt>
                <title>Письмо №115. Н. А. Некрасову.</title>
             </titleStmt>
             <publicationStmt>
                <publisher>TolstoyLab</publisher>
                <date when="2015-09-14">14 September 2015</date>
             </publicationStmt>
             <sourceDesc>
                <biblStruct>
                   <analytic>
                      <author>Толстой Л.Н.</author>
                   </analytic>
                   <monogr>
                      <title level="m">Полное собрание сочинений. Том 62</title>
                      <imprint>
                         <pubPlace>Москва</pubPlace>
                         <publisher>Государственное издательство "Художественная литература"</publisher>
                         <date when="1953"/>
                      </imprint>
                   </monogr>
                   <series>
                      <title level="s">Л.Н. Толстой. Полное собрание сочинений</title>
                      <biblScope unit="vol">62</biblScope>
                   </series>
                </biblStruct>
				<bibl>Впервые опубликовано в «Литературном наследстве», т. 51-52, М. 1949, стр. 530—531.</bibl>
             </sourceDesc>
          </fileDesc>
          <encodingDesc>
             <tagsDecl> </tagsDecl>
          </encodingDesc>
          <profileDesc>
             <correspDesc>
                <correspAction type="sending">
                   <persName ref="PersonList.xml#L_N_Tolstoy">Л. Н. Толстой</persName>
                   <placeName ref="PlacesListxml#PLACE">Я. П.</placeName>
                   <date when="1874-11-04">1874 г. Ноября 4.</date>            </correspAction>
                <correspAction type="receiving">
                   <persName ref="PersonList.xml#RECEIVER">Некрасов Николай Алексеевич</persName>
                </correspAction>
                <correspContext>
                   <ref type="prev"/>
                </correspContext>
             </correspDesc>
          </profileDesc>
       </teiHeader>
       <xenoData><number type="in a volume">115</number></xenoData>

              <text xml:id="N.A.Nekrasovu_115">
	<body><div>
		<opener index="false">
115. Н. А. Некрасову.
1874 г. Ноября 4. Я. П.
</opener>
<p rend="Obrashenie left">Милостивый государь</p>
<p rend="Obrashenie1_ left">Николай Алексеевич!</p>
<p rend="left">Очень рад, что статья моя понравилась вам и вообще редакции <choice original_editorial_correction='О[течественных]'><sic>О</sic><corr>Отечественных</corr></choice> <choice original_editorial_correction='з[аписок]'><sic>з</sic><corr>записок</corr></choice>. Соглашаясь с нею, я надеюсь, что редакция захочет и сумеет защитить этот взгляд на народное образование от тех нападений, которые будут на него направлены со стороны тупоумия и чиновничества. И радуюсь тому, что Н. К. Михайловский не оставил своего намерения высказаться по этому случаю.<note xml:id="note1" resp="volume_editor" index="false"> См. статьи Михайловского в «Отечественных записках», 1875, №№ I и V—VII.</note> Если я могу быть ему полезен для справок и разъяснений, то я к его услугам. —</p>
<p rend="left">С совершенным уважением и преданностью вам</p>
<p rend="right">гр. Л. Толстой.</p>
<p rend="left">4 ноября.</p>
<comments><p rend="Textpetit_otstup left">Впервые опубликовано в «Литературном наследстве», т. 51-52, М. 1949, стр. 530—531.</p>
<p rend="petit left">Год определяется письмом Некрасова от 12 октября 1874 г., в котором он сообщал: «Статью Вашу я напечатал и, выждав несколько времени, пишу Вам, что все наши сотрудники отзываются о ней с сочувствием и <hi style="opdelimiter">единодушными</hi><hi style="opnumber">123</hi> <hi style="npnumber">124</hi><hi style="npdelimiter">похвалами.</hi> Публика петербургская не читает, а если читает, то молчит. Мне Ваша статья очень по душе, и я думаю, что дело народного образования, которым Вы занимаетесь, есть главное русское дело настоящего времени. Н. К. Михайловский еще не покинул желания высказаться в «Отечественных записках» по вопросам педагогическим и сделает это, как только представится случай. Я очень доволен, что украсил журнал и хорошею статьею и Вашим именем» (Н. А. Некрасов, Полное собрание сочинений и писем, т. XI, М. 1952, стр. 338).</p>
<p rend="petit left"><hi>1</hi> См. статьи Михайловского в «Отечественных записках», 1875, №№ I и V—VII.</p>
</comments></div></body>
        </text>
        </TEI>