<?xml version='1.0' encoding='UTF-8' standalone='no'?>

<TEI xmlns="http://www.tei-c.org/ns/1.0">
       <teiHeader>
          <fileDesc>
             <titleStmt>
                <title>Письмо №3. Н. А. Некрасову.</title>
             </titleStmt>
             <publicationStmt>
                <publisher>TolstoyLab</publisher>
                <date when="2015-09-14">14 September 2015</date>
             </publicationStmt>
             <sourceDesc>
                <biblStruct>
                   <analytic>
                      <author>Толстой Л.Н.</author>
                   </analytic>
                   <monogr>
                      <title level="m">Полное собрание сочинений. Том 60</title>
                      <imprint>
                         <pubPlace>Москва</pubPlace>
                         <publisher>Государственное издательство "Художественная литература"</publisher>
                         <date when="1949"/>
                      </imprint>
                   </monogr>
                   <series>
                      <title level="s">Л.Н. Толстой. Полное собрание сочинений</title>
                      <biblScope unit="vol">60</biblScope>
                   </series>
                </biblStruct>
				<bibl>Впервые опубликовано в «Современнике», 1913, 8, стр. 266. Датируется содержанием.</bibl>
             </sourceDesc>
          </fileDesc>
          <encodingDesc>
             <tagsDecl> </tagsDecl>
          </encodingDesc>
          <profileDesc>
             <correspDesc>
                <correspAction type="sending">
                   <persName ref="PersonList.xml#L_N_Tolstoy">Л. Н. Толстой</persName>
                   <placeName ref="PlacesListxml#PLACE">Петербург.</placeName>
                   <date when="1856-02">1856 г. Февраля</date>            </correspAction>
                <correspAction type="receiving">
                   <persName ref="PersonList.xml#RECEIVER">Некрасов Николай Алексеевич</persName>
                </correspAction>
                <correspContext>
                   <ref type="prev"/>
                </correspContext>
             </correspDesc>
          </profileDesc>
       </teiHeader>
       <xenoData><number type="in a volume">3</number></xenoData>

              <text xml:id="N.A.Nekrasovu_3">
	<body><div>
		<opener index="false">
3. Н. А. Некрасову.
1856 г. Февраля конец. Петербург.</opener>
<p rend="left">Кое что я переделал, переписал и сократил, но признаюсь, еще переписывать бы не хотелось. Ежели не слишком дурно написано, особенно последний лист, то отдавайте в типографию. — Я постараюсь зайти к вам утром. До свиданья.</p>
<p rend="right">Гр. Л. Толстой.</p>
<lb/>
<p rend="left"><hi>На четвертой странице</hi>:</p>
<p rend="left">Николаю Алексеевичу Некрасову.</p>
<comments><p rend="Textpetit_otstup left">Впервые опубликовано в «Современнике», 1913, 8, стр. 266. Датируется содержанием.</p>
<p rend="petit left">Николай Алексеевич Некрасов (1821—1877) — см. т. 59, стр. 194.</p>
<p rend="petit left">В письме речь идет о рассказе Толстого «Метель».</p>
<p rend="petit left">7 февраля 1856 г. Некрасов писал о «Метели» В. П. Боткину: «Вернулся Толстой и порадовал: уж он написал рассказ и отдает его мне на <hi style="opdelimiter">3-ью</hi><hi style="opnumber">52</hi> <hi style="npnumber">53</hi><hi style="npdelimiter">книжку.</hi> Это с его стороны так мило, что я и не ожидал» («Печать и революция», 1928, кн. 1, стр. 51). 25 февраля Толстой читал рассказ у кн. П. А. Вяземского — в то время товарища министра народного просвещения. На чтении, кроме Тургенева, присутствовал и А. В. Никитенко. 27 февраля Тургенев сообщил С. Т. Аксакову, что Толстой «написал превосходный рассказ под названием «Метель».</p>
</comments></div></body>
        </text>
        </TEI>