<?xml version='1.0' encoding='UTF-8' standalone='no'?>

<TEI xmlns="http://www.tei-c.org/ns/1.0">
       <teiHeader>
          <fileDesc>
             <titleStmt>
                <title>Письмо №178. А. В. Верещагину.</title>
             </titleStmt>
             <publicationStmt>
                <publisher>TolstoyLab</publisher>
                <date when="2015-09-14">14 September 2015</date>
             </publicationStmt>
             <sourceDesc>
                <biblStruct>
                   <analytic>
                      <author>Толстой Л.Н.</author>
                   </analytic>
                   <monogr>
                      <title level="m">Полное собрание сочинений. Том 63</title>
                      <imprint>
                         <pubPlace>Москва</pubPlace>
                         <publisher>Государственное издательство "Художественная литература"</publisher>
                         <date when="1934"/>
                      </imprint>
                   </monogr>
                   <series>
                      <title level="s">Л.Н. Толстой. Полное собрание сочинений</title>
                      <biblScope unit="vol">63</biblScope>
                   </series>
                </biblStruct>
				<bibl>Печатается по автографу, хранящемуся в ИЛ. Написано карандашом на клочке бумаги. Впервые опубликовано В. Д. Комаровой и Б. Л. Модзалевским в ТС, стр. 66. Датируется на основании пометки В. В. Стасова на полях записки: «Москва, 7 дек. 1883. А. В. Верещагину».</bibl>
             </sourceDesc>
          </fileDesc>
          <encodingDesc>
             <tagsDecl> </tagsDecl>
          </encodingDesc>
          <profileDesc>
             <correspDesc>
                <correspAction type="sending">
                   <persName ref="PersonList.xml#L_N_Tolstoy">Л. Н. Толстой</persName>
                   <placeName ref="PlacesListxml#PLACE">Москва.</placeName>
                   <date when="1883-12-07">1883 г. Декабря 7?</date>            </correspAction>
                <correspAction type="receiving">
                   <persName ref="PersonList.xml#RECEIVER">Верещагин Александр Васильевич</persName>
                </correspAction>
                <correspContext>
                   <ref type="prev"/>
                </correspContext>
             </correspDesc>
          </profileDesc>
       </teiHeader>
       <xenoData><number type="in a volume">178</number></xenoData>

              <text xml:id="A__V__Vereshhaginu_178">
	<body><div>
		<opener index="false">
178. А. В. Верещагину.
1883 г. Декабря 7? Москва.</opener>
<p rend="left">Если <choice><reg>вам</reg><orig>вамъ</orig></choice> все равно, приходите, пожалуйста, — пятницу <choice><reg>вечером</reg><orig>вечеромъ</orig></choice>. Можно позвать кое кого — <choice><reg>таких</reg><orig>такихъ</orig></choice>, <hi style="opdelimiter"><choice original_editorial_correction='к[оторые]'><sic>к</sic><corr>которые</corr></choice></hi><hi style="opnumber">143</hi> <hi style="npnumber">144</hi><hi style="npdelimiter"><choice><reg>понимают</reg><orig>понимаютъ</orig></choice>?</hi> Если согласны на то и другое, не отвечайте, а приходите. Если несогласны, напишите.<note xml:id="note1" resp="volume_editor" index="false"> По совету В. В. Стасова А. В. Верещагин должен был прочесть несколько отрывков из своих воспоминаний Толстому. На полях записки Толстого В. В. Стасовым помечено: «(чтение «<hi>Записок</hi>» Верещагина)».</note></p>
<p rend="right">Толстой.</p>
<comments><p rend="Textpetit_otstup left">Печатается по автографу, хранящемуся в ИЛ. Написано карандашом на клочке бумаги. Впервые опубликовано В. Д. Комаровой и Б. Л. Модзалевским в ТС, стр. 66. Датируется на основании пометки В. В. Стасова на полях записки: «Москва, 7 дек. 1883. А. В. Верещагину».</p>
<p rend="petit left">Александр Васильевич Верещагин (р. 10 мая 1850 г.—ум. 28 января 1909 г.) — брат художника В. В. Верещагина, писатель. Родился в Череповецком у., Новгородской губ.; был ординарцем у Скобелева; умер в чине генерал-майора. Из его произведений известны: «Дома и на войне. 1853—1881. Воспоминания и рассказы». Спб, 1886; «У болгар и за границей. 1881—1883. Воспоминания и рассказы». Спб., 1896; «Новые рассказы. 1885—1895». Спб., 1900.</p>
<p rend="petit left">О его знакомстве с Толстым сведений не имеется.</p>
<p rend="Textpetit_otstup left"><hi>1</hi> По совету В. В. Стасова А. В. Верещагин должен был прочесть несколько отрывков из своих воспоминаний Толстому. На полях записки Толстого В. В. Стасовым помечено: «(чтение «<hi>Записок</hi>» Верещагина)».</p>
</comments></div></body>
        </text>
        </TEI>