<?xml version='1.0' encoding='UTF-8' standalone='no'?>

<TEI xmlns="http://www.tei-c.org/ns/1.0">
       <teiHeader>
          <fileDesc>
             <titleStmt>
                <title>Письмо №276. С. А. Толстой</title>
             </titleStmt>
             <publicationStmt>
                <publisher>TolstoyLab</publisher>
                <date when="2015-09-14">14 September 2015</date>
             </publicationStmt>
             <sourceDesc>
                <biblStruct>
                   <analytic>
                      <author>Толстой Л.Н.</author>
                   </analytic>
                   <monogr>
                      <title level="m">Полное собрание сочинений. Том 83</title>
                      <imprint>
                         <pubPlace>Москва</pubPlace>
                         <publisher>Государственное издательство "Художественная литература"</publisher>
                         <date when="1938"/>
                      </imprint>
                   </monogr>
                   <series>
                      <title level="s">Л.Н. Толстой. Полное собрание сочинений</title>
                      <biblScope unit="vol">83</biblScope>
                   </series>
                </biblStruct>
				<bibl>Печатается по автографу, хранящемуся в АТБ. Впервые опубликовано по копии, сделанной С. А. Толстой, в ПЖ, стр. 227—228. Датируется на основании почтовых штемпелей: «Почтовый вагон. 27 октября. 1884; Москва. 27 октября 1884». В ПЖ датировано 27 октября.</bibl>
             </sourceDesc>
          </fileDesc>
          <encodingDesc>
             <tagsDecl> </tagsDecl>
          </encodingDesc>
          <profileDesc>
             <correspDesc>
                <correspAction type="sending">
                   <persName ref="PersonList.xml#L_N_Tolstoy">Л. Н. Толстой</persName>
                   <placeName ref="PlacesListxml#PLACE">Я. П.</placeName>
                   <date when="1884-10-26">1884 г. Октября 26.</date>            </correspAction>
                <correspAction type="receiving">
                   <persName ref="PersonList.xml#RECEIVER">Толстая Софья Андреевна</persName>
                </correspAction>
                <correspContext>
                   <ref type="prev"/>
                </correspContext>
             </correspDesc>
          </profileDesc>
       </teiHeader>
       <xenoData><number type="in a volume">276</number></xenoData>

       <text xml:id="a26_276">
	<body><div>
		<opener index="false">
276.
1884 г. Октября 26. Я. П.</opener>
<p rend="left">Вчера <choice><reg>получил</reg><orig>получилъ</orig></choice> твое письмо<note xml:id="note1" resp="volume_editor" index="false"> От 24 октября. Письмо это не сохранилось; в нем, очевидно, С. А. Толстая описывает свои посещения доктора Чижа. 27 октября С. А. Толстая писала: «Мне очевидно, что доктор намеренно открыл давно наболевшую понемногу рану и очистил ее».</note> <choice><reg>после</reg><orig>послѣ</orig></choice> <choice><reg>посещения</reg><orig>посѣщенiя</orig></choice> доктора, и ужасно <choice><reg>мне</reg><orig>мнѣ</orig></choice> стало грустно тяжело и главное, <choice><reg>сам</reg><orig>самъ</orig></choice> я <choice><reg>себе</reg><orig>себѣ</orig></choice> <choice><reg>стал</reg><orig>сталъ</orig></choice> ужасно <choice><reg>гадок</reg><orig>гадокъ</orig></choice>.<note xml:id="note2" resp="volume_editor" index="false"> С. А. Толстая писала в ответ 27 октября: «что ты, милый друг, так смутился моим нездоровьем? Совсем ты не виноват; оба виноваты и так случилось, может быть, просто от какой-нибудь механической причины во время родов» (стр. 267).</note> — Все я, — грубое и эгоистическое животное. А еще я храбрюсь и осуждаю <choice><reg>других</reg><orig>другихъ</orig></choice>, и гримасничаю <choice><reg>добродетелью</reg><orig>добродѣтелью</orig></choice>! Не могу <choice><reg>тебе</reg><orig>тебѣ</orig></choice> выразить, <choice><reg>как</reg><orig>какъ</orig></choice> <choice><reg>мне</reg><orig>мнѣ</orig></choice> было и есть тяжело. Вчера и во <choice><reg>сне</reg><orig>снѣ</orig></choice> все <choice><reg>видел</reg><orig>видѣлъ</orig></choice> себя <choice><reg>презирающим</reg><orig>презирающимъ</orig></choice> себя. Долго не <choice><reg>спал</reg><orig>спалъ</orig></choice> и нынче проснулся <choice><reg>позднее</reg><orig>позднѣе</orig></choice>. Дождь. Я <choice><reg>сел</reg><orig>сѣлъ</orig></choice> за работу и <choice><reg>просидел</reg><orig>просидѣлъ</orig></choice> до темноты. Голова <choice><reg>болит</reg><orig>болитъ</orig></choice>. <choice><reg>Пошел</reg><orig>Пошелъ</orig></choice> ходить <choice><reg>в</reg><orig>въ</orig></choice> <choice><reg>лес</reg><orig>лѣсъ</orig></choice>. <choice><reg>Хотел</reg><orig>Хотѣлъ</orig></choice> <choice><reg>посмотреть</reg><orig>посмотрѣть</orig></choice>, увезли ли дерево, но смерклось, и я не <choice><reg>нашел</reg><orig>нашелъ</orig></choice>. Оттуда <choice><reg>зашел</reg><orig>зашелъ</orig></choice> <choice><reg>к</reg><orig>къ</orig></choice> <choice><reg>Федоту</reg><orig>Ѳедоту</orig></choice>. <choice><reg>Мне</reg><orig>Мнѣ</orig></choice> сказали, что его еще не похоронили. <choice><reg>Подошел</reg><orig>Подошелъ</orig></choice> <choice><reg>к</reg><orig>къ</orig></choice> окну и вижу: на <choice><reg>столе</reg><orig>столѣ</orig></choice>, <choice><reg>где</reg><orig>гдѣ</orig></choice> <choice><reg>он</reg><orig>онъ</orig></choice> <choice><reg>лежал</reg><orig>лежалъ</orig></choice>, лампа, чашка <choice><reg>с</reg><orig>съ</orig></choice> лапшей, <choice><reg>сидят</reg><orig>сидятъ</orig></choice> гости, и прямо <choice><reg>против</reg><orig>противъ</orig></choice> меня румяный <choice><reg>Федька</reg><orig>Ѳедька</orig></choice><note xml:id="note3" resp="volume_editor" index="false"> Сын Федота.</note> <choice><reg>ест</reg><orig>ѣстъ</orig></choice>, облизывается. И <choice><reg>все</reg><orig>всѣ</orig></choice> очень оживленно <choice><reg>едят</reg><orig>ѣдятъ</orig></choice>. Я <choice><reg>постоял</reg><orig>постоялъ</orig></choice>, <choice><reg>посмотрел</reg><orig>посмотрѣлъ</orig></choice> и не <choice><reg>вошел</reg><orig>вошелъ</orig></choice>. Оттуда <choice><reg>в</reg><orig>въ</orig></choice> <choice><reg>темноте</reg><orig>темнотѣ</orig></choice> нагнала меня Ольга<note xml:id="note4" resp="volume_editor" index="false"> Ольга Родионовна Макарова (р. 1841 г.), жена В. С. Макарова.</note> <choice><reg>с</reg><orig>съ</orig></choice> Васькой<note xml:id="note5" resp="volume_editor" index="false"> Василий Савостьянович Макарычев или Макаров (р. 1846 г.), яснополянский крестьянин.</note> <choice><reg>сабачником</reg><orig>сабачникомъ</orig></choice>; она стала <choice><reg>мне</reg><orig>мнѣ</orig></choice> со слезами <choice><reg>рассказывать</reg><orig>разсказывать</orig></choice>, что отдала дочь, а теперь не <choice><reg>знает</reg><orig>знаетъ</orig></choice>, что <choice><reg>с</reg><orig>съ</orig></choice> собой <choice><reg>сделать</reg><orig>сдѣлать</orig></choice>, <choice><reg>как</reg><orig>какъ</orig></choice> скучно. — Да <choice><reg>утром</reg><orig>утромъ</orig></choice> еще были два <choice><reg>хорошие</reg><orig>хорошiе</orig></choice> старика, странника <choice><reg>из</reg><orig>изъ</orig></choice> Олонецкой <choice><reg>губернии</reg><orig>губернiи</orig></choice>. Они живо осушили мой <choice><reg>самовар</reg><orig>самоваръ</orig></choice> и были очень довольны и хорошо <choice><reg>рассказывали</reg><orig>разсказывали</orig></choice>. —</p>
<p rend="left">Пожалуйста, пиши <choice><reg>мне</reg><orig>мнѣ</orig></choice> <choice><reg>подробнее</reg><orig>подробнѣе</orig></choice> о <choice><reg>своем</reg><orig>своемъ</orig></choice> <choice><reg>здоровье</reg><orig>здоровьѣ</orig></choice>.<hi>6 </hi>Я разорвалъ и буду разрывать. — Какъ ты не устроишь, чтобы спать и отдыхать. Это во всякомъ случаѣ главное условіе для выздоровленія. Скажи Танѣ, что это ея дѣло такъ <hi style="opdelimiter">устроить,</hi><hi style="opnumber">441</hi> <hi style="npnumber">442</hi><hi style="npdelimiter">чтобы</hi> ты не <choice><reg>сидела</reg><orig>сидѣла</orig></choice> долго <choice><reg>вечером</reg><orig>вечеромъ</orig></choice> и <choice><reg>утром</reg><orig>утромъ</orig></choice> бы тебя не будили.<note xml:id="note6" resp="volume_editor" index="false"> С. А. Толстая писала 27 октября: «Спать я устроилась по утрам с замкнутыми ватой ушами».</note> Хорошо, что мальчики <choice><reg>в</reg><orig>въ</orig></choice> <choice><reg>хорошем</reg><orig>хорошемъ</orig></choice> <choice><reg>состоянии</reg><orig>состоянiи</orig></choice>. —</p>
<p rend="left">Я ничего не предпринимаю, <choice original_editorial_correction='п[отому]'><sic>п</sic><corr>потому</corr></choice> <choice original_editorial_correction='ч[то]'><sic>ч</sic><corr>что</corr></choice> <choice><reg>уж</reg><orig>ужъ</orig></choice> очень <choice><reg>себе</reg><orig>себѣ</orig></choice> <choice><reg>противен</reg><orig>противенъ</orig></choice>. Прощай, душенька, <choice><reg>целуй</reg><orig>цѣлуй</orig></choice> <choice><reg>детей</reg><orig>дѣтей</orig></choice>. Правда, что <choice><reg>тебе</reg><orig>тебѣ</orig></choice> суетно, но письма твои очень мало <choice><reg>мне</reg><orig>мнѣ</orig></choice> <choice><reg>изображают</reg><orig>изображаютъ</orig></choice> твое душевное <choice><reg>состояние</reg><orig>состоянiе</orig></choice>.</p>
<p rend="right">Л.</p>
<lb/>
<p rend="left"><hi>На конверте:</hi> Москва. Хамовники. <choice><reg>Графине</reg><orig>Графинѣ</orig></choice> С. А. Толстой, <choice><reg>в</reg><orig>въ</orig></choice> <choice><reg>своем</reg><orig>своемъ</orig></choice> <choice><reg>доме</reg><orig>домѣ</orig></choice>.</p>
<comments><p rend="Textpetit_otstup left">Печатается по автографу, хранящемуся в АТБ. Впервые опубликовано по копии, сделанной С. А. Толстой, в ПЖ, стр. 227—228. Датируется на основании почтовых штемпелей: «Почтовый вагон. 27 октября. 1884; Москва. 27 октября 1884». В ПЖ датировано 27 октября.</p>
<p rend="Textpetit_otstup left"><hi>1</hi> От 24 октября. Письмо это не сохранилось; в нем, очевидно, С. А. Толстая описывает свои посещения доктора Чижа. 27 октября С. А. Толстая писала: «Мне очевидно, что доктор намеренно открыл давно наболевшую понемногу рану и очистил ее».</p>
<p rend="petit left"><hi>2</hi> С. А. Толстая писала в ответ 27 октября: «что ты, милый друг, так смутился моим нездоровьем? Совсем ты не виноват; оба виноваты и так случилось, может быть, просто от какой-нибудь механической причины во время родов» (стр. 267).</p>
<p rend="petit left"><hi>3</hi> Сын Федота.</p>
<p rend="petit left"><hi>4</hi> Ольга Родионовна Макарова (р. 1841 г.), жена В. С. Макарова.</p>
<p rend="petit left"><hi>5</hi> Василий Савостьянович Макарычев или Макаров (р. 1846 г.), яснополянский крестьянин.</p>
<p rend="petit left"><hi>6</hi> С. А. Толстая писала 26 октября: «вчера я до третьего часу ночи как в лихорадке дрожала от боли, даже зубы стучали. Нужен покой «физический, самый строгий» (стр. 261).</p>
<p rend="petit left"><hi>7</hi> С. А. Толстая писала 27 октября: «Спать я устроилась по утрам с замкнутыми ватой ушами».</p>
</comments></div></body>
        </text>
        </TEI>