<?xml version='1.0' encoding='UTF-8' standalone='no'?>

<TEI xmlns="http://www.tei-c.org/ns/1.0">
       <teiHeader>
          <fileDesc>
             <titleStmt>
                <title>Письмо №478. П. Н. Свистунову.</title>
             </titleStmt>
             <publicationStmt>
                <publisher>TolstoyLab</publisher>
                <date when="2015-09-14">14 September 2015</date>
             </publicationStmt>
             <sourceDesc>
                <biblStruct>
                   <analytic>
                      <author>Толстой Л.Н.</author>
                   </analytic>
                   <monogr>
                      <title level="m">Полное собрание сочинений. Том 62</title>
                      <imprint>
                         <pubPlace>Москва</pubPlace>
                         <publisher>Государственное издательство "Художественная литература"</publisher>
                         <date when="1953"/>
                      </imprint>
                   </monogr>
                   <series>
                      <title level="s">Л.Н. Толстой. Полное собрание сочинений</title>
                      <biblScope unit="vol">62</biblScope>
                   </series>
                </biblStruct>
				<bibl>Впервые опубликовано в «Красном архиве», 1924, 6, стр. 239—240. Дата определяется на основании слов: «нынче, в день рожества» и ответного письма П. И. Свистунова от 30 декабря 1878 г.</bibl>
             </sourceDesc>
          </fileDesc>
          <encodingDesc>
             <tagsDecl> </tagsDecl>
          </encodingDesc>
          <profileDesc>
             <correspDesc>
                <correspAction type="sending">
                   <persName ref="PersonList.xml#L_N_Tolstoy">Л. Н. Толстой</persName>
                   <placeName ref="PlacesListxml#PLACE">Я. П.</placeName>
                   <date when="1878-12-25">1878 г. Декабря 25.</date>            </correspAction>
                <correspAction type="receiving">
                   <persName ref="PersonList.xml#RECEIVER">Свистунов Петр Николаевич</persName>
                </correspAction>
                <correspContext>
                   <ref type="prev"/>
                </correspContext>
             </correspDesc>
          </profileDesc>
       </teiHeader>
       <xenoData><number type="in a volume">478</number></xenoData>

              <text xml:id="P.N.Svistunovu_478">
	<body><div>
		<opener index="false">
478. П. Н. Свистунову.
1878 г. Декабря 25. Я. П.
</opener>
<p rend="Obrashenie left">Многоуважаемый Петр Николаевич,</p>
<p rend="left">Я перед вами кругом виноват, во-первых, за то, что, бывши в Москве,<note xml:id="note1" resp="volume_editor" index="false"> Толстой был в Москве около 6—7 декабря.</note> не выгадал время заехать к вам еще раз, а во-вторых, за то, что так долго не прислал вам книгу Vinet,<note xml:id="note2" resp="volume_editor" index="false"> Винэ (Alexandre Rodolf Vinet, 1797—1847) — французский религиозный писатель протестантского направления, автор книги «Etudes sur Blaise Pascal» («Этюды о Паскале», Париж, 1848), которую, повидимому, и имеет в виду Толстой.</note> о которой вы мне напомнили.</p>
<p rend="left">Извинить меня можно только потому, что я, вернувшись из Москвы, куда я и поехал не совсем здоровый, заболел и только нынче, в день Рожества, опомнился и почувствовал себя лучше. Пожалуйста же, не сердитесь на меня, в особенности во внимание того уважения, которое я имею вообще к людям вашего времени и в особенности к вам, расположением которого я так желал бы пользоваться.</p>
<p rend="left">Начинаю с того, что поздравляю вас с праздником и новым годом, желаю вам здоровья и продолжения того душевного спокойствия, в котором<note xml:id="note3" resp="volume_editor" index="false"> <hi>В подлиннике:</hi> которого</note> я всегда видел вас.</p>
<p rend="left">Работа моя<note xml:id="note4" resp="volume_editor" index="false"> Над романом из эпохи декабристов.</note> томит и мучает меня, и радует и приводит то в состояние восторга, то уныния и сомнения; но ни днем, ни ночью, ни больного, ни здорового, мысль о ней ни на минуту не покидает меня. Вы мне позволяли делать вам и письменные вопросы. Выбираю самые для меня важные теперь.</p>
<p rend="left">Что за человек был Федор Александрович Уваров,<note xml:id="note5" resp="volume_editor" index="false"> Федор Александрович Уваров (р. 1780) — полковник, участник наполеоновских войн, товарищ декабриста М. С. Лунина по Кавалергардскому полку, женатый на его сестре Екатерине Сергеевне. 7 января 1827 г., в Петербурге, он ушел из дому и больше не возвращался. Все поиски остались безрезультатными. Официально было признано, что Уваров покончил с собой, утопившись в Неве; так думала и его жена; но были также толки, что он скрылся за границу или в Сибирь. Проф. К. В. Кудряшов в своей книге «Александр Первый и тайна Федора Кузьмича» (П. 1923) выдвинул гипотезу о тождестве Уварова со старцем Федором Кузьмичом.</note> женатый на Луниной? Я знаю, что он был храбрый офицер, израненный в голову в <choice original_editorial_correction='Бород[инском]'><sic>Бород</sic><corr>Бородинском</corr></choice> сражении. Но что он был за человек? Когда женился? Какое было его отношение к обществу? Как он пропал? Что за женщина была <choice original_editorial_correction='Кат[ерина]'><sic>Кат</sic><corr>Катерина</corr></choice> Сергеевна? Когда умерла, остались ли дети?<note xml:id="note6" resp="volume_editor" index="false"> Екатерина Сергеевна Уварова, рожд. Лунина. У нее от Ф. А. Уварова было два сына: Александр (1816—1869), полковник Нарвского гусарского полка, женатый на Наталье Петровне Горчаковой (р. 1824), четвероюродной сестре Л. Н. Толстого, и Сергей (1820—1903).</note></p>
<p rend="left">На какой дуэли, — с кем и за что, — Лунин, <choice original_editorial_correction='Мих[аил]'><sic>Мих</sic><corr>Михаил</corr></choice> <choice original_editorial_correction='Серг[еевич]'><sic>Серг</sic><corr>Сергеевич</corr></choice>,<note xml:id="note7" resp="volume_editor" index="false"> Михаил Сергеевич Лунин (1787—1845) — декабрист, подполковник лейб-гвардии Гродненского гусарского полка. Начал службу в Кавалергардском полку и участвовал в войнах России с Наполеоном. Вынужденный в 1815 г. вследствие дуэли выйти в отставку, он прожил с осени 1816 г. до 1817 г. в Париже. По возвращении в Россию в 1817 г. вступил в Союз Спасения, был одним из учредителей Союза Благоденствия, членом <hi style="opdelimiter">Северного</hi><hi style="opnumber">460</hi> <hi style="npnumber">461</hi><hi style="npdelimiter">и</hi> Южного обществ; но в 1822 г. отошел от тайного общества и снова определился на военную службу. Арестованный в 1826 г., был приговорен к 20 годам каторжных работ. Срок был впоследствии сокращен до 10 лет, и в 1836 г. М. С. Лунин был переведен на поселение. За письма к сестре (перлюстрировались III-м отделением), содержавшие резкие высказывания против самодержавия и крепостного права, и за сочинение «Взгляд на русское тайное общество с 1816 по 1826 год» в 1841 г. был переведен в Акатуевский рудник, где содержался в заключении в самых тяжелых условиях. См. о нем «Декабрист М. С. Лунин. Сочинения и письма». Редакция и примечания С. Я. Штрайха, П. 1923.</note> был ранен в пах?</p>
<p rend="left">Написав все эти вопросы, мне стало совестно. Пожалуйста, если вам скучно и некогда, ничего не отвечайте, а если <hi style="opdelimiter">ответите</hi><hi style="opnumber">459</hi> <hi style="npnumber">460</hi><hi style="npdelimiter">хоть</hi> что-нибудь, я буду очень благодарен. Если же всё, что вы знаете про это, слишком длинно, то напишите — я приеду, чтобы послушать вас изустно.</p>
<p rend="left">Во всяком случае, поручаю себя вашему расположению и только прошу верить, что дело, которое занимает меня, для меня теперь почти так важно, как моя жизнь, и еще в то, что я дорожу моими отношениями к вам столько же по той помощи, которую вы оказывали и можете оказать мне, сколько по искреннему и глубокому уважению к вашей личности.</p>
<p rend="right">Гр. Л. Толстой.</p>
<p rend="left">Не вспомнится ли вам из декабристов какое-нибудь лицо, бежавшее и исчезнувшее?<note xml:id="note8" resp="volume_editor" index="false"> Толстому могли быть известны по рассказам других декабристов планы побегов В. П. Ивашева и И. И. Сухинова. О побеге мечтал одно время и М. С. Лунин (см. А. Е. Розен, «Записки декабриста», Спб. 1907, стр. 159—160). О планах побегов декабристов см. статью М. Азадовского «Неосуществленный замысел побега декабристов из Читы (Неопубликованная глава из записок Д. И. Завалишина)» — «Декабристы и их время», т. I, М. 1928, стр. 216—225.</note></p>
<comments><p rend="Textpetit_otstup left">Впервые опубликовано в «Красном архиве», 1924, 6, стр. 239—240. Дата определяется на основании слов: «нынче, в день рожества» и ответного письма П. И. Свистунова от 30 декабря 1878 г.</p>
<p rend="Textpetit_otstup left"><hi>1</hi> Толстой был в Москве около 6—7 декабря.</p>
<p rend="petit left"><hi>2</hi> Винэ (Alexandre Rodolf Vinet, 1797—1847) — французский религиозный писатель протестантского направления, автор книги «Etudes sur Blaise Pascal» («Этюды о Паскале», Париж, 1848), которую, повидимому, и имеет в виду Толстой.</p>
<p rend="petit left"><hi>3</hi> <hi>В подлиннике:</hi> которого</p>
<p rend="petit left"><hi>4</hi> Над романом из эпохи декабристов.</p>
<p rend="petit left"><hi>5</hi> Федор Александрович Уваров (р. 1780) — полковник, участник наполеоновских войн, товарищ декабриста М. С. Лунина по Кавалергардскому полку, женатый на его сестре Екатерине Сергеевне. 7 января 1827 г., в Петербурге, он ушел из дому и больше не возвращался. Все поиски остались безрезультатными. Официально было признано, что Уваров покончил с собой, утопившись в Неве; так думала и его жена; но были также толки, что он скрылся за границу или в Сибирь. Проф. К. В. Кудряшов в своей книге «Александр Первый и тайна Федора Кузьмича» (П. 1923) выдвинул гипотезу о тождестве Уварова со старцем Федором Кузьмичом.</p>
<p rend="petit left"><hi>6</hi> Екатерина Сергеевна Уварова, рожд. Лунина. У нее от Ф. А. Уварова было два сына: Александр (1816—1869), полковник Нарвского гусарского полка, женатый на Наталье Петровне Горчаковой (р. 1824), четвероюродной сестре Л. Н. Толстого, и Сергей (1820—1903).</p>
<p rend="petit left"><hi>7</hi> Михаил Сергеевич Лунин (1787—1845) — декабрист, подполковник лейб-гвардии Гродненского гусарского полка. Начал службу в Кавалергардском полку и участвовал в войнах России с Наполеоном. Вынужденный в 1815 г. вследствие дуэли выйти в отставку, он прожил с осени 1816 г. до 1817 г. в Париже. По возвращении в Россию в 1817 г. вступил в Союз Спасения, был одним из учредителей Союза Благоденствия, членом <hi style="opdelimiter">Северного</hi><hi style="opnumber">460</hi> <hi style="npnumber">461</hi><hi style="npdelimiter">и</hi> Южного обществ; но в 1822 г. отошел от тайного общества и снова определился на военную службу. Арестованный в 1826 г., был приговорен к 20 годам каторжных работ. Срок был впоследствии сокращен до 10 лет, и в 1836 г. М. С. Лунин был переведен на поселение. За письма к сестре (перлюстрировались III-м отделением), содержавшие резкие высказывания против самодержавия и крепостного права, и за сочинение «Взгляд на русское тайное общество с 1816 по 1826 год» в 1841 г. был переведен в Акатуевский рудник, где содержался в заключении в самых тяжелых условиях. См. о нем «Декабрист М. С. Лунин. Сочинения и письма». Редакция и примечания С. Я. Штрайха, П. 1923.</p>
<p rend="petit left"><hi>8</hi> Толстому могли быть известны по рассказам других декабристов планы побегов В. П. Ивашева и И. И. Сухинова. О побеге мечтал одно время и М. С. Лунин (см. А. Е. Розен, «Записки декабриста», Спб. 1907, стр. 159—160). О планах побегов декабристов см. статью М. Азадовского «Неосуществленный замысел побега декабристов из Читы (Неопубликованная глава из записок Д. И. Завалишина)» — «Декабристы и их время», т. I, М. 1928, стр. 216—225.</p>
<p rend="petit left">Свистунов отвечал письмом от 30 декабря 1878 г., опубликованным в книге «Тайные общества в России в начале XIX столетия», М. 1926, стр. 202—203.</p>
</comments></div></body>
        </text>
        </TEI>