<?xml version='1.0' encoding='UTF-8' standalone='no'?>

<TEI xmlns="http://www.tei-c.org/ns/1.0">
       <teiHeader>
          <fileDesc>
             <titleStmt>
                <title>Письмо №29. С. А. Толстой</title>
             </titleStmt>
             <publicationStmt>
                <publisher>TolstoyLab</publisher>
                <date when="2015-09-14">14 September 2015</date>
             </publicationStmt>
             <sourceDesc>
                <biblStruct>
                   <analytic>
                      <author>Толстой Л.Н.</author>
                   </analytic>
                   <monogr>
                      <title level="m">Полное собрание сочинений. Том 83</title>
                      <imprint>
                         <pubPlace>Москва</pubPlace>
                         <publisher>Государственное издательство "Художественная литература"</publisher>
                         <date when="1938"/>
                      </imprint>
                   </monogr>
                   <series>
                      <title level="s">Л.Н. Толстой. Полное собрание сочинений</title>
                      <biblScope unit="vol">83</biblScope>
                   </series>
                </biblStruct>
				<bibl>Печатается по подлиннику, хранящемуся в АТБ. Впервые опубликовано по копии, сделанной С. А. Толстой, в ПЖ, стр. 28—30. Датируется вторым декабря на основании слов письма: «я вчера писал тебе такое шуточное письмо». Писано под диктовку рукой Т. А. Берс. Двадцать девять слов, начиная со слов: «Прощай, моя милая» и кончая: «боюсь» написаны нетвердой рукой Толстого. Настоящее письмо является ответом на письмо С. А. Толстой от 28 ноября, в котором она писала: «Ну, у нас дела плохи. Оспа привилась у обоих. Девочка беспокойна, но не слишком, а с Сережей очень плохо. Понос у него ужасно усилился; по десяти и больше раз в сутки. Он горит, как в огне, нынче часу не спал ночью, жажда ужасная, и похудел он очень. Оспа на больной ручке раскидалась ужасно. Образовалось бесчисленное множество белых волдырей, которые мокнут. Не знаю, что <choice><reg>будет</reg><orig>будетъ</orig></choice>, но люди говорят, что это бывает, — подсохнет и пройдет. Жар, жажда и бессонница, как сказано у Дейча, бывает всегда очень сильно у раздражительных и больших детей. Но хуже всего понос. Я конечно телеграфирую, если будет что плохо. А теперь тебе приезжать или узнавать об этом по телеграфу не зa чем. Опасного ничего еще нет. А ты, душенька, напротив, живи себе в Москве, не приезжай покуда у нас всё опять не будет совершенно хорошо и исправно. Теперь, всё равно, ты для меня не существовал бы. Я всё в детской со своими беспокойными детьми. И на ночь и на день мне их оставить никак нельзя. И всё это (по книжке) должно продолжаться еще неделю. Ты не езди, я тебя не зову домой, дай нам поправиться делами, а то тебе дома покажется скучно и гадко. Я, как тетенька, говорю тебе, спроси хоть папа или еще кого-нибудь о Сереже. Я почти уверена, что у него лишаи. Не нужно ли серных ванн; я помню, Пете делали, и тебе делали, а то очень у него сильна сыпь опять. А уж о поносе говорить нечего. Сейчас слышу самые неприятные для меня звуки и запахи» (не опубликовано).</bibl>
             </sourceDesc>
          </fileDesc>
          <encodingDesc>
             <tagsDecl> </tagsDecl>
          </encodingDesc>
          <profileDesc>
             <correspDesc>
                <correspAction type="sending">
                   <persName ref="PersonList.xml#L_N_Tolstoy">Л. Н. Толстой</persName>
                   <placeName ref="PlacesListxml#PLACE">Москва.</placeName>
                   <date when="1864-12-02">1864 г. Декабря 2.</date>            </correspAction>
                <correspAction type="receiving">
                   <persName ref="PersonList.xml#RECEIVER">Толстая Софья Андреевна</persName>
                </correspAction>
                <correspContext>
                   <ref type="prev"/>
                </correspContext>
             </correspDesc>
          </profileDesc>
       </teiHeader>
       <xenoData><number type="in a volume">29</number></xenoData>

       <text xml:id="a2_29">
	<body><div>
		<opener index="false">
29.
1864 г. Декабря 2. Москва.</opener>
<p rend="left">Милая моя Соня, ныньче <choice><reg>вечером</reg><orig>вечеромъ</orig></choice> <choice><reg>получил</reg><orig>получилъ</orig></choice> твое огорчительное письмо и ни о <choice><reg>чем</reg><orig>чемъ</orig></choice> <choice><reg>другом</reg><orig>другомъ</orig></choice> не могу писать и думать, <choice><reg>как</reg><orig>какъ</orig></choice> о <choice><reg>том</reg><orig>томъ</orig></choice>, что у <choice><reg>вас</reg><orig>васъ</orig></choice> <choice><reg>делается</reg><orig>дѣлается</orig></choice>. Я тебя и ночью все во <choice><reg>сне</reg><orig>снѣ</orig></choice> <choice><reg>видел</reg><orig>видѣлъ</orig></choice> и всего боюсь за <choice><reg>вас</reg><orig>васъ</orig></choice>; главное не <choice><reg>ослабевай</reg><orig>ослабѣвай</orig></choice>, не приходи <choice><reg>в</reg><orig>въ</orig></choice> <choice><reg>отчаяние</reg><orig>отчаянiе</orig></choice>, согревай <choice><reg>живот</reg><orig>животъ</orig></choice>, не давай <choice><reg>лекарств</reg><orig>лѣкарствъ</orig></choice>, но привези доктора, <choice><reg>непременно</reg><orig>непремѣнно</orig></choice> привези, хоть не для того, чтобы давать его <choice><reg>лекарств</reg><orig>лѣкарствъ</orig></choice>, но для того, чтобы <choice><reg>надеяться</reg><orig>надѣяться</orig></choice> и услышать его <choice><reg>успокоения</reg><orig>успокоенiя</orig></choice>; я знаю, <choice><reg>как</reg><orig>какъ</orig></choice> это нужно, пошли <choice><reg>непременно</reg><orig>непремѣнно</orig></choice>, но все уже поздно <choice><reg>будет</reg><orig>будетъ</orig></choice>, теперь уже прошло 4 дня. Я скоро <choice><reg>приеду</reg><orig>прiѣду</orig></choice>, не могу жить <choice><reg>без</reg><orig>безъ</orig></choice> тебя, но я не <choice><reg>поеду</reg><orig>поѣду</orig></choice> теперь, пока не узнаю, <choice><reg>чем</reg><orig>чѣмъ</orig></choice> кончился <choice><reg>понос</reg><orig>поносъ</orig></choice>, который меня <choice><reg>мучит</reg><orig>мучитъ</orig></choice>. Оспа ничего, это и <choice><reg>все</reg><orig>всѣ</orig></choice> наши сказали. Когда думаю о <choice><reg>том</reg><orig>томъ</orig></choice>, что <choice><reg>может</reg><orig>можетъ</orig></choice> случиться, то <choice><reg>находит</reg><orig>находитъ</orig></choice> <choice><reg>ужас</reg><orig>ужасъ</orig></choice>, и потому стараюсь не думать. Одно, что <choice><reg>утешает</reg><orig>утѣшаетъ</orig></choice> меня, это то, что по всему тону письма твоего видно, ты не <choice><reg>в</reg><orig>въ</orig></choice> <choice><reg>духе</reg><orig>духѣ</orig></choice>, и я <choice><reg>утешаю</reg><orig>утѣшаю</orig></choice> себя мыслью, что ты сама <choice><reg>себе</reg><orig>себѣ</orig></choice> преувеличиваешь и потому невольно <choice><reg>мне</reg><orig>мнѣ</orig></choice>. Коли бы я <choice><reg>был</reg><orig>былъ</orig></choice> <choice><reg>уверен</reg><orig>увѣренъ</orig></choice>, что при <choice><reg>самом</reg><orig>самомъ</orig></choice> даже <choice><reg>худшем</reg><orig>худшемъ</orig></choice> <choice><reg>исходе</reg><orig>исходѣ</orig></choice>, <hi style="opdelimiter"><choice><reg>мне</reg><orig>мнѣ</orig></choice></hi><hi style="opnumber">72</hi> <hi style="npnumber">73</hi><hi style="npdelimiter">бы</hi> прислали телеграмму, я бы <choice><reg>мог</reg><orig>могъ</orig></choice> быть <choice><reg>спокоен</reg><orig>спокоенъ</orig></choice>; а теперь — <choice><reg>нет</reg><orig>нѣтъ</orig></choice>; я знаю, что <choice><reg>скажут</reg><orig>скажутъ</orig></choice>: <choice><reg>к</reg><orig>къ</orig></choice> чему <choice><reg>спешить</reg><orig>спѣшить</orig></choice> <choice><reg>извещать</reg><orig>извѣщать</orig></choice> о <choice><reg>несчастии</reg><orig>несчастiи</orig></choice>, всегда <choice><reg>узнает</reg><orig>узнаетъ</orig></choice> <choice><reg>слишком</reg><orig>слишкомъ</orig></choice> рано. <choice><reg>Вперед</reg><orig>Впередъ</orig></choice> дай <choice><reg>мне</reg><orig>мнѣ</orig></choice> твердое, <choice><reg>верное</reg><orig>вѣрное</orig></choice> слово <choice><reg>тотчас</reg><orig>тотчасъ</orig></choice> <choice><reg>известить</reg><orig>извѣстить</orig></choice>, что бы ни было, а то иначе жить нельзя, «жить нельзя». <choice><reg>В</reg><orig>Въ</orig></choice> <choice><reg>том</reg><orig>томъ</orig></choice>, что ты не получаешь <choice><reg>писем</reg><orig>писемъ</orig></choice>, я не <choice><reg>виноват</reg><orig>виноватъ</orig></choice>; начиная <choice><reg>с</reg><orig>съ</orig></choice> <choice><reg>первого</reg><orig>перваго</orig></choice> дня моего <choice><reg>приезда</reg><orig>прiѣзда</orig></choice>, я <choice><reg>пропустил</reg><orig>пропустилъ</orig></choice> только <choice><reg>один</reg><orig>одинъ</orig></choice> день <choice><reg>перед</reg><orig>передъ</orig></choice> операцией. Сегодня <choice><reg>утром</reg><orig>утромъ</orig></choice> я <choice><reg>диктовал</reg><orig>диктовалъ</orig></choice> немного <choice><reg>Тане</reg><orig>Танѣ</orig></choice>,<note xml:id="note1" resp="volume_editor" index="false"> T. А. Кузминская вспоминала об этом так: „Первое время после операции я писала под его диктовку письма Соне и роман «1805 год», т. е. «Войну и мир». Я как сейчас вижу его: с сосредоточенным выражением лица, поддерживая одной рукой свою больную руку, он ходил взад и вперед по комнате, диктуя мне. Не обращая на меня никакого внимания, он говорил вслух: — нет, пòшло, не годится! Или просто говорил: — Вычеркни. Тон его был повелительный, в голосе <hi style="opdelimiter">его</hi><hi style="opnumber">74</hi> <hi style="npnumber">75</hi><hi style="npdelimiter">слышалось</hi> нетерпение, и часто, диктуя, он до трех, четырех раз изменял то же самое место. Иногда диктовал он тихо, плавно, как будто что-то заученное, но это бывало реже, и тогда выражение его лица становилось спокойное. Диктовал он тоже страшно порывисто и спеша. У меня бывало чувство, что я делаю что-то нескромное, что я делаюсь невольной свидетельницей внутреннего его мира, скрытого от меня и от всех. Мне припомнились слова его, написанные в одной из его педагогических статей по поводу совместного сочинения учеников школы Ясной поляны. Он пишет о себе: «Мне казалось, что я подсмотрел то, что никто никогда не имел права видеть: <hi>зарождение таинственного цветка поэзии</hi>». Наша диктовка обыкновенно кончалась словами: «Я тебя замучил. Поезжай кататься на коньках»“. («Моя жизнь дома и в Ясной поляне», 1864—1868, ч. III, стр. 20—21.)</note> <choice><reg>читал</reg><orig>читалъ</orig></choice> книги для романа и <choice><reg>перебирал</reg><orig>перебиралъ</orig></choice> бумаги <choice><reg>из</reg><orig>изъ</orig></choice> архива,<note xml:id="note2" resp="volume_editor" index="false"> Архив Дворцового ведомства; Сухотин служил в Московской дворцовой конторе. Материалы нужны были для написания «1805 года».</note> <choice><reg>которые</reg><orig>которыя</orig></choice>, по <choice><reg>протекции</reg><orig>протекцiи</orig></choice> Сухотина, они <choice><reg>приносят</reg><orig>приносятъ</orig></choice> на <choice><reg>дом</reg><orig>домъ</orig></choice>. Но несмотря на богатство <choice><reg>материалов</reg><orig>матерiаловъ</orig></choice> <choice><reg>здесь</reg><orig>здѣсь</orig></choice>, или именно <choice><reg>вследствие</reg><orig>вслѣдствiе</orig></choice> этого богатства, я чувствую, что <choice><reg>совсем</reg><orig>совсѣмъ</orig></choice> расплываюсь и ничего не пишется. Я <choice><reg>пересиливал</reg><orig>пересиливалъ</orig></choice> себя, <choice><reg>диктовал</reg><orig>диктовалъ</orig></choice>, но Таня <choice><reg>уехала</reg><orig>уѣхала</orig></choice> на коньки; я сбирался идти или <choice><reg>приехать</reg><orig>прiѣхать</orig></choice> туда, <choice><reg>к</reg><orig>къ</orig></choice> <choice><reg>ним</reg><orig>нимъ</orig></choice>, на что и <choice><reg>спрашивал</reg><orig>спрашивалъ</orig></choice> вчера <choice><reg>позволение</reg><orig>позволенiе</orig></choice> у доктора, но оказалось, что перевязка и пальто <choice><reg>так</reg><orig>такъ</orig></choice> тяжелы, что я вернулся <choice><reg>назад</reg><orig>назадъ</orig></choice>, дойдя только до Моховой.<note xml:id="note3" resp="volume_editor" index="false"> Моховая улица в Москве, параллельно Александровскому саду у Кремля.</note> <choice><reg>Без</reg><orig>Безъ</orig></choice> меня <choice><reg>был</reg><orig>былъ</orig></choice> <choice><reg>Попов</reg><orig>Поповъ</orig></choice>, но я <choice><reg>об</reg><orig>объ</orig></choice> <choice><reg>этом</reg><orig>этомъ</orig></choice> не <choice><reg>жалею</reg><orig>жалѣю</orig></choice>, <choice><reg>он</reg><orig>онъ</orig></choice> не <choice><reg>нужен</reg><orig>нуженъ</orig></choice> и <choice><reg>сделать</reg><orig>сдѣлать</orig></choice> ничего не <choice><reg>может</reg><orig>можетъ</orig></choice> теперь, а нужна только перевязка, которую <choice><reg>делает</reg><orig>дѣлаетъ</orig></choice> его <choice><reg>помощник</reg><orig>помощникъ</orig></choice>, <choice><reg>Гак</reg><orig>Гакъ</orig></choice>. Я ему <choice><reg>послал</reg><orig>послалъ</orig></choice> 30 р., и <choice><reg>надеюсь</reg><orig>надѣюсь</orig></choice>, больше <choice><reg>ездить</reg><orig>ѣздить</orig></choice> не <choice><reg>будет</reg><orig>будетъ</orig></choice>. <choice><reg>К</reg><orig>Къ</orig></choice> <choice><reg>обеду</reg><orig>обѣду</orig></choice> <choice><reg>пришел</reg><orig>пришелъ</orig></choice> <choice><reg>Оболенский</reg><orig>Оболенскiй</orig></choice>,<note xml:id="note4" resp="volume_editor" index="false"> Кн. Дмитрий Дмитриевич Оболенский. С. А. Толстая писала в письме от 5 декабря: «Лучше б маленький Оболенский за Таней ухаживал, та ему скорее парочка, а Лиза такая серьезная, да и старше его. Зови его к нам, если он милый».</note> и я все не могу разобрать, <choice><reg>к</reg><orig>къ</orig></choice> кому <choice><reg>он</reg><orig>онъ</orig></choice> <choice><reg>возгорелся</reg><orig>возгорѣлся</orig></choice> любовью; только что то есть, и <choice><reg>он</reg><orig>онъ</orig></choice> очень милый <choice><reg>мальчик</reg><orig>мальчикъ</orig></choice>, деликатный и скромный, а это <choice><reg>уж</reg><orig>ужъ</orig></choice> большое качество. <choice><reg>Вечером</reg><orig>Вечеромъ</orig></choice> <choice><reg>читал</reg><orig>читалъ</orig></choice> и <choice><reg>горевал</reg><orig>горевалъ</orig></choice> <choice><reg>над</reg><orig>надъ</orig></choice> <choice><reg>твоим</reg><orig>твоимъ</orig></choice> <choice><reg>письмом</reg><orig>письмомъ</orig></choice>; <choice><reg>ездили</reg><orig>ѣздили</orig></choice> <choice><reg>с</reg><orig>съ</orig></choice> Таней и Петей по <choice><reg>магазинам</reg><orig>магазинамъ</orig></choice>; славный лунный <choice><reg>вечер</reg><orig>вечеръ</orig></choice>. <choice><reg>Как-то</reg><orig>Какъ-то</orig></choice> ты его провела. Ежели бы были здоровы, <choice><reg>поехали</reg><orig>поѣхали</orig></choice> бы кататься. Возвратившись, застали <choice><reg>дедушку</reg><orig>дѣдушку</orig></choice>;<note xml:id="note5" resp="volume_editor" index="false"> Александр Михайлович Исленьев (1794—1882) дед С. А. Толстой, прапорщик л.-гв. Литовского полка (1813 г.); подпоручик л.-гв. Московского полка, адъютант генер.-майора М. Ф. Орлова (1817), в 1818 г. — поручик, в 1819 г. при отставке — капитан. Был женат первым браком на кн. Софье Петровне Козловской, рожд. гр. Завадовской (ум. 1830 г.); по жалобе кн. Козловского брак этот был признан незаконным, дети получили фамилию Иславиных. Вторым браком А. М. Исленьев был женат на Софье Александровне (1812—1880-е гг.), рожд. Ждановой. Исленьев имел много знакомых среди будущих декабристов, поэтому в числе других он был 18 января 1826 г. арестован и посажен на гауптвахту, но 25 января освобожден, как непричастный движению декабристов. Через год он был сослан в Холмогоры за то, что обыграл в Москве на 75 тысяч рублей отставного поручика Сергея Полторацкого. В 1828 г. освобожден по ходатайству матери. Толстой был одно время увлечен фигурой Исленьева, ценя его характер и живо интересуясь его судьбой. Послужил прототипом «папа» в «Детстве и отрочестве», где дан его точный портрет в главе «Что за человек был мой отец». См. о нем у Т. А. Кузминской «Моя жизнь дома и в Ясной поляне 1846—1862», М, 1925, стр. 21—23.</note> <choice><reg>он</reg><orig>онъ</orig></choice> все такой же, но я <choice><reg>с</reg><orig>съ</orig></choice> грустью вижу, что весь <choice><reg>престиж</reg><orig>престижъ</orig></choice>, который <choice><reg>он</reg><orig>онъ</orig></choice> прежде для меня <choice><reg>имел</reg><orig>имѣлъ</orig></choice>, весь <choice><reg>исчез</reg><orig>исчезъ</orig></choice>. <choice><reg>Он</reg><orig>Онъ</orig></choice> <choice><reg>привез</reg><orig>привезъ</orig></choice> карточку Костиньки<note xml:id="note6" resp="volume_editor" index="false"> Константин Александрович Иславин (1827—1903), дядя С. А. Толстой. Толстой в молодости был дружен с К. А. Иславиным, называя его в дневниках «Костенькой». По рекомендации Толстого К. А. Иславин в 1876 г. получил место у Каткова в редакции «Московских ведомостей» и «Русского вестника». В качестве исполняющего должность секретаря Московского скакового общества, К. А. Иславин составил в 1889 г. книгу: «Отчет о скачках 1889 г. в Москве». В последние годы Толстой устроил К. А. Иславина помощником смотрителя Шереметевской больницы, <hi style="opdelimiter">где</hi><hi style="opnumber">75</hi> <hi style="npnumber">76</hi><hi style="npdelimiter">он</hi> и умер. См. о нем: С. Шереметев, «Константин Александрович Иславин». М. 1903, а также в «Моих воспоминаниях» И. Л. Толстого. М. 1914, стр. 44—47.</note> <choice><reg>с</reg><orig>съ</orig></choice> усами, и <choice><reg>мне</reg><orig>мнѣ</orig></choice> ужасно хочется <choice><reg>видеть</reg><orig>видѣть</orig></choice>, а она еще <choice><reg>в</reg><orig>въ</orig></choice> <choice><reg>неразобранном</reg><orig>неразобранномъ</orig></choice> <choice><reg>чемодане</reg><orig>чемоданѣ</orig></choice>. <choice><reg>Сейчас</reg><orig>Сейчасъ</orig></choice> <choice><reg>с</reg><orig>съ</orig></choice> такой ясностью и <choice><reg>ужасом</reg><orig>ужасомъ</orig></choice> <choice><reg>мне</reg><orig>мнѣ</orig></choice> пришла мысль: что, ежели у <choice><reg>вас</reg><orig>васъ</orig></choice> <choice><reg>несчастие</reg><orig>несчастiе</orig></choice>, я вчера <choice><reg>писал</reg><orig>писалъ</orig></choice> <choice><reg>тебе</reg><orig>тебѣ</orig></choice> такое шуточное письмо. <choice><reg>Мне</reg><orig>Мнѣ</orig></choice> и <choice><reg>приятно</reg><orig>прiятно</orig></choice> каждый <choice><reg>вечер</reg><orig>вечеръ</orig></choice> быть <choice><reg>с</reg><orig>съ</orig></choice> тобой диктуя письмо, и <choice><reg>вместе</reg><orig>вмѣстѣ</orig></choice> какое то тяжелое чувство, <choice><reg>как</reg><orig>какъ</orig></choice> во <choice><reg>сне</reg><orig>снѣ</orig></choice>: хочешь и не можешь что-то схватить.</p>
<p rend="left">Прощай, моя милая, душечка, <choice><reg>голубчик</reg><orig>голубчикъ</orig></choice>. Не могу диктовать всего. Я тебя <choice><reg>так</reg><orig>такъ</orig></choice> сильно <choice><reg>всеми</reg><orig>всѣми</orig></choice> любовями<note xml:id="note7" resp="volume_editor" index="false"> В письме от 5 декабря С. А. Толстая писала: «Сейчас привезли твое письмо, милый мой Лева. Вот счастье то мне было читать твои каракульки, написанные больной рукой. <hi>Всеми любовями</hi>, а я-то уж не знаю, какими я тебя люблю любовьями, да всегда воздерживаюсь говорить о них, потому что ты когда-то сказал: «зачем говорить: об этом не говорят». (ПСТ, стр. 46.)</note> люблю все это время. Милый мой <choice><reg>друг</reg><orig>другъ</orig></choice>. И <choice><reg>чем</reg><orig>чѣмъ</orig></choice> больше люблю, <choice><reg>тем</reg><orig>тѣмъ</orig></choice> больше боюсь. — Пожалуйста, дай <choice><reg>мне</reg><orig>мнѣ</orig></choice> слово телеграфировать все, <hi style="opdelimiter"><choice><reg>как</reg><orig>какъ</orig></choice></hi><hi style="opnumber">73</hi> <hi style="npnumber">74</hi><hi style="npdelimiter">только</hi> <choice><reg>развяжут</reg><orig>развяжутъ</orig></choice> руку, что <choice><reg>будет</reg><orig>будетъ</orig></choice> дней <choice><reg>через</reg><orig>черезъ</orig></choice> 5, я <choice><reg>убежусь</reg><orig>убѣжусь</orig></choice>, насколько она стала лучше, и не останусь <choice><reg>здесь</reg><orig>здѣсь</orig></choice> больше. <choice><reg>Все</reg><orig>Всѣ</orig></choice> эти дни буду <choice><reg>делать</reg><orig>дѣлать</orig></choice> опыты и <choice><reg>приучаться</reg><orig>прiучаться</orig></choice> <choice><reg>к</reg><orig>къ</orig></choice> <choice><reg>езде</reg><orig>ѣздѣ</orig></choice>; <choice><reg>в</reg><orig>въ</orig></choice> <choice><reg>карете</reg><orig>каретѣ</orig></choice> потихоньку <choice><reg>ехать</reg><orig>ѣхать</orig></choice> не <choice><reg>может</reg><orig>можетъ</orig></choice> <choice><reg>сделать</reg><orig>сдѣлать</orig></choice> вреда. <choice><reg>Все</reg><orig>Всѣ</orig></choice> наши очень милы и здоровы. <choice original_editorial_correction='А[ндрея]'><sic>А</sic><corr>Андрея</corr></choice> <choice original_editorial_correction='Е[встафьевича]'><sic>Е</sic><corr>Евстафьевича</corr></choice> здоровье, хотя <choice><reg>он</reg><orig>онъ</orig></choice> и жалуется, становится при <choice><reg>мне</reg><orig>мнѣ</orig></choice> лучше. <choice><reg>Целую</reg><orig>Цѣлую</orig></choice> <choice><reg>всех</reg><orig>всѣхъ</orig></choice>; <choice><reg>милым</reg><orig>милымъ</orig></choice> <choice><reg>Зефиротам</reg><orig>Зефиротамъ</orig></choice> буду <choice><reg>отвечать</reg><orig>отвѣчать</orig></choice><note xml:id="note8" resp="volume_editor" index="false"> На письма В. В. и Б. В. Толстых от 26 ноября, цитированных выше. (Хранятся в АТБ.)</note> завтра. Напишите еще, милыя Зефироты, пожалуйста.</p>
<comments><p rend="Textpetit_otstup left">Печатается по подлиннику, хранящемуся в АТБ. Впервые опубликовано по копии, сделанной С. А. Толстой, в ПЖ, стр. 28—30. Датируется вторым декабря на основании слов письма: «я вчера писал тебе такое шуточное письмо». Писано под диктовку рукой Т. А. Берс. Двадцать девять слов, начиная со слов: «Прощай, моя милая» и кончая: «боюсь» написаны нетвердой рукой Толстого. Настоящее письмо является ответом на письмо С. А. Толстой от 28 ноября, в котором она писала: «Ну, у нас дела плохи. Оспа привилась у обоих. Девочка беспокойна, но не слишком, а с Сережей очень плохо. Понос у него ужасно усилился; по десяти и больше раз в сутки. Он горит, как в огне, нынче часу не спал ночью, жажда ужасная, и похудел он очень. Оспа на больной ручке раскидалась ужасно. Образовалось бесчисленное множество белых волдырей, которые мокнут. Не знаю, что <choice><reg>будет</reg><orig>будетъ</orig></choice>, но люди говорят, что это бывает, — подсохнет и пройдет. Жар, жажда и бессонница, как сказано у Дейча, бывает всегда очень сильно у раздражительных и больших детей. Но хуже всего понос. Я конечно телеграфирую, если будет что плохо. А теперь тебе приезжать или узнавать об этом по телеграфу не зa чем. Опасного ничего еще нет. А ты, душенька, напротив, живи себе в Москве, не приезжай покуда у нас всё опять не будет совершенно хорошо и исправно. Теперь, всё равно, ты для меня не существовал бы. Я всё в детской со своими беспокойными детьми. И на ночь и на день мне их оставить никак нельзя. И всё это (по книжке) должно продолжаться еще неделю. Ты не езди, я тебя не зову домой, дай нам поправиться делами, а то тебе дома покажется скучно и гадко. Я, как тетенька, говорю тебе, спроси хоть папа или еще кого-нибудь о Сереже. Я почти уверена, что у него лишаи. Не нужно ли серных ванн; я помню, Пете делали, и тебе делали, а то очень у него сильна сыпь опять. А уж о поносе говорить нечего. Сейчас слышу самые неприятные для меня звуки и запахи» (не опубликовано).</p>
<p rend="Textpetit_otstup left"><hi>1</hi> T. А. Кузминская вспоминала об этом так: „Первое время после операции я писала под его диктовку письма Соне и роман «1805 год», т. е. «Войну и мир». Я как сейчас вижу его: с сосредоточенным выражением лица, поддерживая одной рукой свою больную руку, он ходил взад и вперед по комнате, диктуя мне. Не обращая на меня никакого внимания, он говорил вслух: — нет, пòшло, не годится! Или просто говорил: — Вычеркни. Тон его был повелительный, в голосе <hi style="opdelimiter">его</hi><hi style="opnumber">74</hi> <hi style="npnumber">75</hi><hi style="npdelimiter">слышалось</hi> нетерпение, и часто, диктуя, он до трех, четырех раз изменял то же самое место. Иногда диктовал он тихо, плавно, как будто что-то заученное, но это бывало реже, и тогда выражение его лица становилось спокойное. Диктовал он тоже страшно порывисто и спеша. У меня бывало чувство, что я делаю что-то нескромное, что я делаюсь невольной свидетельницей внутреннего его мира, скрытого от меня и от всех. Мне припомнились слова его, написанные в одной из его педагогических статей по поводу совместного сочинения учеников школы Ясной поляны. Он пишет о себе: «Мне казалось, что я подсмотрел то, что никто никогда не имел права видеть: <hi>зарождение таинственного цветка поэзии</hi>». Наша диктовка обыкновенно кончалась словами: «Я тебя замучил. Поезжай кататься на коньках»“. («Моя жизнь дома и в Ясной поляне», 1864—1868, ч. III, стр. 20—21.)</p>
<p rend="petit left"><hi>2</hi> Архив Дворцового ведомства; Сухотин служил в Московской дворцовой конторе. Материалы нужны были для написания «1805 года».</p>
<p rend="petit left"><hi>3</hi> Моховая улица в Москве, параллельно Александровскому саду у Кремля.</p>
<p rend="petit left"><hi>4</hi> Кн. Дмитрий Дмитриевич Оболенский. С. А. Толстая писала в письме от 5 декабря: «Лучше б маленький Оболенский за Таней ухаживал, та ему скорее парочка, а Лиза такая серьезная, да и старше его. Зови его к нам, если он милый».</p>
<p rend="petit left"><hi>5</hi> Александр Михайлович Исленьев (1794—1882) дед С. А. Толстой, прапорщик л.-гв. Литовского полка (1813 г.); подпоручик л.-гв. Московского полка, адъютант генер.-майора М. Ф. Орлова (1817), в 1818 г. — поручик, в 1819 г. при отставке — капитан. Был женат первым браком на кн. Софье Петровне Козловской, рожд. гр. Завадовской (ум. 1830 г.); по жалобе кн. Козловского брак этот был признан незаконным, дети получили фамилию Иславиных. Вторым браком А. М. Исленьев был женат на Софье Александровне (1812—1880-е гг.), рожд. Ждановой. Исленьев имел много знакомых среди будущих декабристов, поэтому в числе других он был 18 января 1826 г. арестован и посажен на гауптвахту, но 25 января освобожден, как непричастный движению декабристов. Через год он был сослан в Холмогоры за то, что обыграл в Москве на 75 тысяч рублей отставного поручика Сергея Полторацкого. В 1828 г. освобожден по ходатайству матери. Толстой был одно время увлечен фигурой Исленьева, ценя его характер и живо интересуясь его судьбой. Послужил прототипом «папа» в «Детстве и отрочестве», где дан его точный портрет в главе «Что за человек был мой отец». См. о нем у Т. А. Кузминской «Моя жизнь дома и в Ясной поляне 1846—1862», М, 1925, стр. 21—23.</p>
<p rend="petit left"><hi>6</hi> Константин Александрович Иславин (1827—1903), дядя С. А. Толстой. Толстой в молодости был дружен с К. А. Иславиным, называя его в дневниках «Костенькой». По рекомендации Толстого К. А. Иславин в 1876 г. получил место у Каткова в редакции «Московских ведомостей» и «Русского вестника». В качестве исполняющего должность секретаря Московского скакового общества, К. А. Иславин составил в 1889 г. книгу: «Отчет о скачках 1889 г. в Москве». В последние годы Толстой устроил К. А. Иславина помощником смотрителя Шереметевской больницы, <hi style="opdelimiter">где</hi><hi style="opnumber">75</hi> <hi style="npnumber">76</hi><hi style="npdelimiter">он</hi> и умер. См. о нем: С. Шереметев, «Константин Александрович Иславин». М. 1903, а также в «Моих воспоминаниях» И. Л. Толстого. М. 1914, стр. 44—47.</p>
<p rend="petit left"><hi>7</hi> В письме от 5 декабря С. А. Толстая писала: «Сейчас привезли твое письмо, милый мой Лева. Вот счастье то мне было читать твои каракульки, написанные больной рукой. <hi>Всеми любовями</hi>, а я-то уж не знаю, какими я тебя люблю любовьями, да всегда воздерживаюсь говорить о них, потому что ты когда-то сказал: «зачем говорить: об этом не говорят». (ПСТ, стр. 46.)</p>
<p rend="petit left"><hi>8</hi> На письма В. В. и Б. В. Толстых от 26 ноября, цитированных выше. (Хранятся в АТБ.)</p>
<p rend="petit left">На письмо Толстого С. А. Толстая писала в ответ 5 декабря: «О Сереже ты очень встревожился, мне жаль теперь, хотя я и не преувеличивала. За доктором не посылала и не пошлю еще, пока совсем худо не будет. А теперь всё-таки немного лучше и он ползает, играет, ест. Уж я телеграфировала бы, конечно, неужели оставляла бы тебя в неизвестности. Не спеши, друг мой милый, еще увидимся, а руку главное береги; потом раскаиваться будешь. Что это тебе не пишется? Как это жаль. А всё это гадкий хлороформ. И тот раз нервы расстроились, вспомни, и ты тоже разочаровывался в себе, и был иногда мрачен, и сомневался в себе. Не поддавайся нервам, милый мой Левочка, они тебя надувают. А талант твой не тебе ценить, не пропал же он вдруг теперь; а это хлороформ все дело испортил. Погоди немножко, всё это придет. А не пишется, — будем смотреть на свинок, овец, коров и Брамапутров, которых ты привезешь; будем на порошу ходить и наслаждаться природой; будем читать вслух и возиться с детьми. Теперь опять всё покажется ново. Ты повеселился в Москве. Я не унывала до сих пор: напротив, я сама себе удивляюсь, что была так бодра. ..... Письма твои перечитывала двадцать раз, спасибо, что пишешь всякий день». (ПСТ, стр. 46—47.)</p>
</comments></div></body>
        </text>
        </TEI>