<?xml version='1.0' encoding='UTF-8' standalone='no'?>

<TEI xmlns="http://www.tei-c.org/ns/1.0">
       <teiHeader>
          <fileDesc>
             <titleStmt>
                <title>Письмо №303. С. А. Толстой</title>
             </titleStmt>
             <publicationStmt>
                <publisher>TolstoyLab</publisher>
                <date when="2015-09-14">14 September 2015</date>
             </publicationStmt>
             <sourceDesc>
                <biblStruct>
                   <analytic>
                      <author>Толстой Л.Н.</author>
                   </analytic>
                   <monogr>
                      <title level="m">Полное собрание сочинений. Том 83</title>
                      <imprint>
                         <pubPlace>Москва</pubPlace>
                         <publisher>Государственное издательство "Художественная литература"</publisher>
                         <date when="1938"/>
                      </imprint>
                   </monogr>
                   <series>
                      <title level="s">Л.Н. Толстой. Полное собрание сочинений</title>
                      <biblScope unit="vol">83</biblScope>
                   </series>
                </biblStruct>
				<bibl>Печатается по автографу, хранящемуся в АТБ. Впервые опубликовано по копии, сделанной С. А. Толстой, в ПЖ, стр. 253—254. Датируется на основании почтовых штемпелей: «Москва. 25 февраля. 1885; С. Петербург. 26 февраля 1855» и слов письма: «7 ч. вечера». В ПЖ датировано 25 февраля.</bibl>
             </sourceDesc>
          </fileDesc>
          <encodingDesc>
             <tagsDecl> </tagsDecl>
          </encodingDesc>
          <profileDesc>
             <correspDesc>
                <correspAction type="sending">
                   <persName ref="PersonList.xml#L_N_Tolstoy">Л. Н. Толстой</persName>
                   <placeName ref="PlacesListxml#PLACE">Москва.</placeName>
                   <date when="1885-02-24">1885 г. Февраля 24.</date>            </correspAction>
                <correspAction type="receiving">
                   <persName ref="PersonList.xml#RECEIVER">Толстая Софья Андреевна</persName>
                </correspAction>
                <correspContext>
                   <ref type="prev"/>
                </correspContext>
             </correspDesc>
          </profileDesc>
       </teiHeader>
       <xenoData><number type="in a volume">303</number></xenoData>

       <text xml:id="a24_303">
	<body><div>
		<opener index="false">
303.
1885 г. Февраля 24. Москва.</opener>
<p rend="left">Вчера не было <choice><reg>от</reg><orig>отъ</orig></choice> тебя, письма, и нынче коротенькое<note xml:id="note1" resp="volume_editor" index="false"> Вероятно, не датированное, начинающееся словами: «Милый Левочка, видно для того» (стр. 395).</note> — <choice><reg>мне</reg><orig>мнѣ</orig></choice> и <choice><reg>Маше</reg><orig>Машѣ</orig></choice>. Тебя видно очень засуетили. — Я <choice><reg>здоров</reg><orig>здоровъ</orig></choice> и только не <choice><reg>совсем</reg><orig>совсѣмъ</orig></choice> <choice><reg>в</reg><orig>въ</orig></choice> <choice><reg>силе</reg><orig>силѣ</orig></choice> — не пишу, и мало <choice><reg>энергии</reg><orig>энергiи</orig></choice>. M-me Seuron плоха. Она не <choice><reg>встает</reg><orig>встаетъ</orig></choice>. Нынче послали записку Чиркову,<note xml:id="note2" resp="volume_editor" index="false"> В. В. Чирков, доктор.</note> и если <choice><reg>он</reg><orig>онъ</orig></choice> <choice><reg>приедет</reg><orig>прiѣдетъ</orig></choice>, я повидаю его. <choice><reg>Дети</reg><orig>Дѣти</orig></choice> наши <choice><reg>все</reg><orig>всѣ</orig></choice> прекрасны. Алеша, <choice><reg>как</reg><orig>какъ</orig></choice> всегда, неестественно быстро <choice><reg>сообразителен</reg><orig>сообразителенъ</orig></choice> и <choice><reg>мил</reg><orig>милъ</orig></choice>. Миша <choice><reg>совсем</reg><orig>совсѣмъ</orig></choice> поправился, Андрюша <choice><reg>криклив</reg><orig>крикливъ</orig></choice> и <choice><reg>назойлив</reg><orig>назойливъ</orig></choice>, но <choice><reg>хорош</reg><orig>хорошъ</orig></choice>. Про Сашу не говорю. Что <hi style="opdelimiter">можно</hi><hi style="opnumber">484</hi> <hi style="npnumber">485</hi><hi style="npdelimiter"><choice><reg>от</reg><orig>отъ</orig></choice></hi> нея ждать — здоровый видъ и улыбки, — то это есть. Про Машу не говорю, щадя ея скромность, т[акъ] к[акъ] она читаетъ мои письма. Леля хорошъ; вчера опоздалъ на одинъ урокъ, но, кажется, не былъ за то наказанъ. Спалъ нынче долго и уѣхалъ на катокъ, и теперь дома нѣтъ (7 ч[асовъ] вечера). Вѣрно обѣдалъ у бр[ата] Сережи. Такъ сказалъ Костинька. Илья въ хорошемъ, бодромъ и не зломъ духѣ. Сережа сейчасъ пришелъ попросить 3 р[убля] денегъ и какъ будто хочетъ приблизиться. —</p>
<p rend="left">У меня составился <choice><reg>план</reg><orig>планъ</orig></choice> о <choice><reg>том</reg><orig>томъ</orig></choice>, что, когда ты вернешься, <choice><reg>поехать</reg><orig>поѣхать</orig></choice> <choice><reg>с</reg><orig>съ</orig></choice> <choice><reg>Урусовым</reg><orig>Урусовымъ</orig></choice>,<note xml:id="note3" resp="volume_editor" index="false"> Л. Д. Урусов, хворавший грудной болезнью.</note> проводить его до Крыма. <choice><reg>План</reg><orig>Планъ</orig></choice> <choice><reg>этот</reg><orig>этотъ</orig></choice> <choice><reg>возник</reg><orig>возникъ</orig></choice> при <choice><reg>чтении</reg><orig>чтенiи</orig></choice> письма <choice original_editorial_correction='Варв[ары]'><sic>Варв</sic><corr>Варвары</corr></choice> <choice original_editorial_correction='Дм[итриевны]'><sic>Дм</sic><corr><choice><reg>Дмитриевны</reg><orig>Дмитрiевны</orig></choice></corr></choice>,<note xml:id="note4" resp="volume_editor" index="false"> В этом письме В. Д. Урусова, отвечая на вопрос, неужели в их многочисленной семье нет никого, кто бы взял на себя заботы о Л. Д. Урусове, стремится доказать, что ни один из трех его братьев и ни одна из трех сестер не могут сопровождать больного.</note> <choice original_editorial_correction='к[оторая]'><sic>к</sic><corr>которая</corr></choice> <choice><reg>отвечает</reg><orig>отвѣчаетъ</orig></choice> <choice><reg>тебе</reg><orig>тебѣ</orig></choice>, что <choice><reg>из</reg><orig>изъ</orig></choice> <choice><reg>них</reg><orig>нихъ</orig></choice> никто не <choice><reg>может</reg><orig>можетъ</orig></choice> <choice><reg>ехать</reg><orig>ѣхать</orig></choice> <choice><reg>с</reg><orig>съ</orig></choice> <choice><reg>ним</reg><orig>нимъ</orig></choice>. Я нынче <choice><reg>написал</reg><orig>написалъ</orig></choice> это ему, <choice><reg>как</reg><orig>какъ</orig></choice> <choice><reg>проэкт</reg><orig>проэктъ</orig></choice>. Если я не застану его <choice><reg>в</reg><orig>въ</orig></choice> <choice><reg>Туле</reg><orig>Тулѣ</orig></choice>, я могу взять его <choice><reg>в</reg><orig>въ</orig></choice> <choice><reg>Дятькове</reg><orig>Дятьковѣ</orig></choice>.<note xml:id="note5" resp="volume_editor" index="false"> Дядьково, Брянского уезда, Орловской губернии, где жили родственники кн. Л. Д. Урусова — Мальцевы.</note></p>
<p rend="left">Вчера я <choice><reg>походил</reg><orig>походилъ</orig></choice> <choice><reg>вечером</reg><orig>вечеромъ</orig></choice>, никуда не заходя, и вернулся домой <choice><reg>к</reg><orig>къ</orig></choice> чаю. Костинька <choice><reg>сидел</reg><orig>сидѣлъ</orig></choice> за <choice><reg>столом</reg><orig>столомъ</orig></choice>. На <choice><reg>столе</reg><orig>столѣ</orig></choice> бутылки <choice><reg>все</reg><orig>всѣ</orig></choice> были пусты, а Костинька <choice><reg>полон</reg><orig>полонъ</orig></choice> и вина, и довольства. О несчастное существо. — Нынче <choice><reg>встал</reg><orig>всталъ</orig></choice> рано, — повозился много, <choice><reg>устал</reg><orig>усталъ</orig></choice> и <choice><reg>сидел</reg><orig>сидѣлъ</orig></choice>, <choice><reg>писал</reg><orig>писалъ</orig></choice> письма и <choice><reg>читал</reg><orig>читалъ</orig></choice>. <choice><reg>Потом</reg><orig>Потомъ</orig></choice> <choice><reg>походил</reg><orig>походилъ</orig></choice>, и <choice><reg>вот</reg><orig>вотъ</orig></choice> <choice><reg>отобедали</reg><orig>отобѣдали</orig></choice>, и я жду какого-то <choice><reg>неизвестного</reg><orig>неизвѣстного</orig></choice> Г-на, <choice original_editorial_correction='к[оторый]'><sic>к</sic><corr>который</corr></choice> <choice><reg>просил</reg><orig>просилъ</orig></choice> <choice><reg>позволения</reg><orig>позволенiя</orig></choice> <choice><reg>приехать</reg><orig>прiѣхать</orig></choice>. Постараюсь быть <choice><reg>кратким</reg><orig>краткимъ</orig></choice>. Коректуры, <choice><reg>может</reg><orig>можетъ</orig></choice> быть, поправлю.<note xml:id="note6" resp="volume_editor" index="false">Корректуры пятого полного собрания сочинений Толстого. В полученном Толстым письме С. А. Толстая писала: «Если корректуры поправлять скучно, то оставь до меня».</note> <choice><reg>Целую</reg><orig>Цѣлую</orig></choice> тебя и Таню.</p>
<comments><p rend="Textpetit_otstup left">Печатается по автографу, хранящемуся в АТБ. Впервые опубликовано по копии, сделанной С. А. Толстой, в ПЖ, стр. 253—254. Датируется на основании почтовых штемпелей: «Москва. 25 февраля. 1885; С. Петербург. 26 февраля 1855» и слов письма: «7 ч. вечера». В ПЖ датировано 25 февраля.</p>
<p rend="Textpetit_otstup left"><hi>1</hi> Вероятно, не датированное, начинающееся словами: «Милый Левочка, видно для того» (стр. 395).</p>
<p rend="petit left"><hi>2</hi> В. В. Чирков, доктор.</p>
<p rend="petit left"><hi>3</hi> Л. Д. Урусов, хворавший грудной болезнью.</p>
<p rend="petit left"><hi>4</hi> В этом письме В. Д. Урусова, отвечая на вопрос, неужели в их многочисленной семье нет никого, кто бы взял на себя заботы о Л. Д. Урусове, стремится доказать, что ни один из трех его братьев и ни одна из трех сестер не могут сопровождать больного.</p>
<p rend="petit left"><hi>5</hi> Дядьково, Брянского уезда, Орловской губернии, где жили родственники кн. Л. Д. Урусова — Мальцевы.</p>
<p rend="petit left"><hi>6 </hi>Корректуры пятого полного собрания сочинений Толстого. В полученном Толстым письме С. А. Толстая писала: «Если корректуры поправлять скучно, то оставь до меня».</p>
<p rend="left"><hi style="opnumber">485</hi> <hi style="npnumber">486</hi></p>
</comments></div></body>
        </text>
        </TEI>