<?xml version='1.0' encoding='UTF-8' standalone='no'?>

<TEI xmlns="http://www.tei-c.org/ns/1.0">
       <teiHeader>
          <fileDesc>
             <titleStmt>
                <title>Письмо №* 399. П. А. Бессонову.</title>
             </titleStmt>
             <publicationStmt>
                <publisher>TolstoyLab</publisher>
                <date when="2015-09-14">14 September 2015</date>
             </publicationStmt>
             <sourceDesc>
                <biblStruct>
                   <analytic>
                      <author>Толстой Л.Н.</author>
                   </analytic>
                   <monogr>
                      <title level="m">Полное собрание сочинений. Том 61</title>
                      <imprint>
                         <pubPlace>Москва</pubPlace>
                         <publisher>Государственное издательство "Художественная литература"</publisher>
                         <date when="1953"/>
                      </imprint>
                   </monogr>
                   <series>
                      <title level="s">Л.Н. Толстой. Полное собрание сочинений</title>
                      <biblScope unit="vol">61</biblScope>
                   </series>
                </biblStruct>
             </sourceDesc>
          </fileDesc>
          <encodingDesc>
             <tagsDecl> </tagsDecl>
          </encodingDesc>
          <profileDesc>
             <correspDesc>
                <correspAction type="sending">
                   <persName ref="PersonList.xml#L_N_Tolstoy">Л. Н. Толстой</persName>
                   <placeName ref="PlacesListxml#PLACE">Я. П.</placeName>
                   <date when="1872-09-09">1872 г. Сентября 9.</date>            </correspAction>
                <correspAction type="receiving">
                   <persName ref="PersonList.xml#RECEIVER">Бессонов Петр Алексеевич</persName>
                </correspAction>
                <correspContext>
                   <ref type="prev">Ответ на неизвестное письмо П. А. Бессонова.</ref>
                </correspContext>
             </correspDesc>
          </profileDesc>
       </teiHeader>
       <xenoData><number type="in a volume">399</number></xenoData>

              <text xml:id="P__A__Bessonovu_399">
	<body><div>
		<opener index="false">
* 399. П. А. Бессонову.
1872 г. Сентября 9. Я. П.
</opener>
<p rend="Obrashenie left">Многоуважаемый Петр Алексеевич.</p>
<p rend="left">Я сильно потужил, получив ваше письмо, о том, что оно пришло поздно. Азбука моя печатается в Петербурге под руководством Страхова и к концу сентября выйдет. —</p>
<p rend="left">Я измучался с этим печатанием: Георгиевский с Рисом путали, путали и в 6 месяцев набрали 6 листов, <hi style="opdelimiter">переполненных</hi><hi style="opnumber">311</hi> <hi style="npnumber">312</hi><hi style="npdelimiter">ошибками,</hi> и один другого обвиняли в медленности. Дело же стало — ни тпру ни ну. И я бросил всё, потеряв рублей 600 денег в этой кутерьме. Не зная куда обратиться и что делать, чтобы свалить с себя эту работу и быть свободным для начала новой<note xml:id="note1" resp="volume_editor" index="false"> Романа из эпохи Петра I.</note> — я попросил Страхова в <choice original_editorial_correction='Пет[ербурге]'><sic>Пет</sic><corr>Петербурге</corr></choice>, на вкус и <choice original_editorial_correction='добросовестнос[ть]'><sic>добросовестнос</sic><corr>добросовестность</corr></choice> <choice original_editorial_correction='кот[орого]'><sic>кот</sic><corr>которого</corr></choice> я надеюсь, взять на себя эту работу и печатать, не присылая мне коректур. Он согласился, и вот больше <hi>3</hi>/<sub>4</sub> работы кончено. — Уже есть и будет много ошибок, особенно в том отделе, которого вы главный и едва ли не единственный судья.<note xml:id="note2" resp="volume_editor" index="false"> Имеется в виду старо-славянский отдел.</note> Будьте снисходительны. Если бы раньше вы согласились взять это дело, этого бы не было.</p>
<p rend="left">Что делать? Во всяком случае от всей души благодарю вас за ваше предложение. —</p>
<p rend="center">Искренно уважающий и преданный</p>
<p rend="right">граф Лев Толстой.</p>
<p rend="left">9 сентября.</p>
<lb/>
<p rend="left"><hi>На конверте:</hi></p>
<p rend="left">Его высокоблагородию Петру Алексеевичу Бессонову.</p>
<p rend="left">В Москву. В Университет.</p>
<comments><p rend="Textpetit_otstup left">Дата определяется почтовыми штемпелями.</p>
<p rend="petit left">Ответ на неизвестное письмо П. А. Бессонова.</p>
<p rend="petit left">Петр Алексеевич Бессонов (1828—1898) — славист, исследователь народного творчества, славянофил. С 1867 по 1879 г. был библиотекарем Московского университета. В «Азбуке» Толстого, кн. II, стр. 37—38, помещен рассказ Бессонова «Петр I и мужик».</p>
<p rend="Textpetit_otstup left"><hi>1</hi> Романа из эпохи Петра I.</p>
<p rend="petit left"><hi>2</hi> Имеется в виду старо-славянский отдел.</p>
</comments></div></body>
        </text>
        </TEI>