<?xml version='1.0' encoding='UTF-8' standalone='no'?>

<TEI xmlns="http://www.tei-c.org/ns/1.0">
       <teiHeader>
          <fileDesc>
             <titleStmt>
                <title>Письмо №* 468. М. П. Щепкину.</title>
             </titleStmt>
             <publicationStmt>
                <publisher>TolstoyLab</publisher>
                <date when="2015-09-14">14 September 2015</date>
             </publicationStmt>
             <sourceDesc>
                <biblStruct>
                   <analytic>
                      <author>Толстой Л.Н.</author>
                   </analytic>
                   <monogr>
                      <title level="m">Полное собрание сочинений. Том 63</title>
                      <imprint>
                         <pubPlace>Москва</pubPlace>
                         <publisher>Государственное издательство "Художественная литература"</publisher>
                         <date when="1934"/>
                      </imprint>
                   </monogr>
                   <series>
                      <title level="s">Л.Н. Толстой. Полное собрание сочинений</title>
                      <biblScope unit="vol">63</biblScope>
                   </series>
                </biblStruct>
				<bibl>Печатается по автографу, хранящемуся в ГТМ. (Написано на визитной карточке Г. Н. Ге). Публикуется впервые. Датируется на основании следующих соображений. Знакомство Толстого с семьей Н. Н. Ге состоялось, повидимому, в 1884 г. — так что эта дата является временем наиболее раннего написания письма. С другой стороны, можно предположить, что письмо Толстого и было, приблизительно, написано в это время, так как во второй половине 1880-х годов замечается охлаждение в <hi style="opdelimiter">отношениях</hi><hi style="opnumber">315</hi> <hi style="npnumber">316</hi><hi style="npdelimiter">Толстого</hi> с М. П. Щепкиным и прекращение сношений, как личных, так и письменных.</bibl>
             </sourceDesc>
          </fileDesc>
          <encodingDesc>
             <tagsDecl> </tagsDecl>
          </encodingDesc>
          <profileDesc>
             <correspDesc>
                <correspAction type="sending">
                   <persName ref="PersonList.xml#L_N_Tolstoy">Л. Н. Толстой</persName>
                   <placeName ref="PlacesListxml#PLACE"/>
                   <date from="1884" to="1885">1884—1885? гг.</date>            </correspAction>
                <correspAction type="receiving">
                   <persName ref="PersonList.xml#RECEIVER">Щепкин Митрофан Павлович</persName>
                </correspAction>
                <correspContext>
                   <ref type="prev"/>
                </correspContext>
             </correspDesc>
          </profileDesc>
       </teiHeader>
       <xenoData><number type="in a volume">468</number></xenoData>

              <text xml:id="l_468">
	<body><div>
		<opener index="false">
* 468. М. П. Щепкину.
1884—1885? гг.</opener>
<p rend="left"><choice><reg>Григорий</reg><orig>Григорiй</orig></choice> <choice><reg>Николаевич</reg><orig>Николаевичъ</orig></choice> Ге<note xml:id="note1" resp="volume_editor" index="false"> Печатная надпись на визитной карточке. Григорий Николаевич Ге — старший брат Н. Н. Ге — художника; автор воспоминаний: «Воспоминания о художнике Ге, как материал для его биографии» — «Артист», 1894, № 43, стр. 128—135 и № 44, стр. 129—137.</note></p>
<p rend="left"><choice><reg>брат</reg><orig>братъ</orig></choice> моего друга<note xml:id="note2" resp="volume_editor" index="false"> Николай Николаевич Ге — художник.</note> и мой знакомый <choice><reg>имеет</reg><orig>имѣетъ</orig></choice> <choice><reg>предложение</reg><orig>предложенiе</orig></choice> <choice original_editorial_correction='Моск[овской]'><sic>Моск</sic><corr>Московской</corr></choice> <choice><reg>думе</reg><orig>думѣ</orig></choice> и <choice><reg>желает</reg><orig>желаетъ</orig></choice> <choice><reg>побеседовать</reg><orig>побесѣдовать</orig></choice> <choice><reg>с</reg><orig>съ</orig></choice> вами.</p>
<p rend="right">Л. Толстой. —</p>
<comments><p rend="Textpetit_otstup left">Печатается по автографу, хранящемуся в ГТМ. (Написано на визитной карточке Г. Н. Ге). Публикуется впервые. Датируется на основании следующих соображений. Знакомство Толстого с семьей Н. Н. Ге состоялось, повидимому, в 1884 г. — так что эта дата является временем наиболее раннего написания письма. С другой стороны, можно предположить, что письмо Толстого и было, приблизительно, написано в это время, так как во второй половине 1880-х годов замечается охлаждение в <hi style="opdelimiter">отношениях</hi><hi style="opnumber">315</hi> <hi style="npnumber">316</hi><hi style="npdelimiter">Толстого</hi> с М. П. Щепкиным и прекращение сношений, как личных, так и письменных.</p>
<p rend="Textpetit_otstup left"><hi>1</hi> Печатная надпись на визитной карточке. Григорий Николаевич Ге — старший брат Н. Н. Ге — художника; автор воспоминаний: «Воспоминания о художнике Ге, как материал для его биографии» — «Артист», 1894, № 43, стр. 128—135 и № 44, стр. 129—137.</p>
<p rend="petit left"><hi>2</hi> Николай Николаевич Ге — художник.</p>
</comments></div></body>
        </text>
        </TEI>