<?xml version='1.0' encoding='UTF-8' standalone='no'?>

<TEI xmlns="http://www.tei-c.org/ns/1.0">
       <teiHeader>
          <fileDesc>
             <titleStmt>
                <title>Письмо №71. С. А. Толстой</title>
             </titleStmt>
             <publicationStmt>
                <publisher>TolstoyLab</publisher>
                <date when="2015-09-14">14 September 2015</date>
             </publicationStmt>
             <sourceDesc>
                <biblStruct>
                   <analytic>
                      <author>Толстой Л.Н.</author>
                   </analytic>
                   <monogr>
                      <title level="m">Полное собрание сочинений. Том 83</title>
                      <imprint>
                         <pubPlace>Москва</pubPlace>
                         <publisher>Государственное издательство "Художественная литература"</publisher>
                         <date when="1938"/>
                      </imprint>
                   </monogr>
                   <series>
                      <title level="s">Л.Н. Толстой. Полное собрание сочинений</title>
                      <biblScope unit="vol">83</biblScope>
                   </series>
                </biblStruct>
				<bibl>Печатается по автографу, хранящемуся в АТБ. Впервые опубликовано по копии, сделанной С. А. Толстой, в ПЖ, стр. 50. Датируется на основании первых слов письма: «Сейчас 25,.... еду в Бородино» и почтового штемпеля: «Москва. 25 сентября 1867 г. В ПЖ датировано 25 сентября 1866 г. на основании воспоминаний об этой поездке С. А. Берса, ошибшегося на год. (См. С. Берс, «Воспоминания о гр. Л. Н. Толстом». Смоленск. 1893, стр. 49.)</bibl>
             </sourceDesc>
          </fileDesc>
          <encodingDesc>
             <tagsDecl> </tagsDecl>
          </encodingDesc>
          <profileDesc>
             <correspDesc>
                <correspAction type="sending">
                   <persName ref="PersonList.xml#L_N_Tolstoy">Л. Н. Толстой</persName>
                   <placeName ref="PlacesListxml#PLACE">Москва.</placeName>
                   <date when="1867-09-25">1867 г. Сентября 25.</date>            </correspAction>
                <correspAction type="receiving">
                   <persName ref="PersonList.xml#RECEIVER">Толстая Софья Андреевна</persName>
                </correspAction>
                <correspContext>
                   <ref type="prev"/>
                </correspContext>
             </correspDesc>
          </profileDesc>
       </teiHeader>
       <xenoData><number type="in a volume">71</number></xenoData>

       <text xml:id="a25_71">
	<body><div>
		<opener index="false">
71.
1867 г. Сентября 25. Москва.</opener>
<p rend="left"><choice><reg>Сейчас</reg><orig>Сейчасъ</orig></choice>, 25 <choice><reg>в</reg><orig>въ</orig></choice> 5 <choice><reg>часов</reg><orig>часовъ</orig></choice> вечера, <choice><reg>еду</reg><orig>ѣду</orig></choice> <choice><reg>в</reg><orig>въ</orig></choice> Бородино<note xml:id="note1" resp="volume_editor" index="false"> Село Московской губернии, Можайского уезда, близ которого произошел бой между русскими и французами 26 августа 1812 года.</note> <choice><reg>с</reg><orig>съ</orig></choice> Степой,<note xml:id="note2" resp="volume_editor" index="false"> Берсом.</note> <choice><reg>которого</reg><orig>котораго</orig></choice> отпустили со мной по моей <choice><reg>просьбе</reg><orig>просьбѣ</orig></choice>. Везу <choice><reg>с</reg><orig>съ</orig></choice> собой письмо <choice><reg>к</reg><orig>къ</orig></choice> управлящему Аникеевой<note xml:id="note3" resp="volume_editor" index="false"> Ольга Дмитриевна Аникеева (1834—1869), рожд. кж. Горчакова, троюродная тетка Толстого. «Знакомая Толстым, друг тетеньки П. И. Юшковой» (н. п. С. А.).</note> въ ея имѣніе, находящееся въ 10 верстахъ от Бородина, и письмо къ игуменьѣ въ тамошнемъ монастырѣ. —<note xml:id="note4" resp="volume_editor" index="false"> Близ деревни Семеновской (где пал генерал-майор Тучков четвертый) вдова М. М. Тучкова выстроила церковь во имя нерукотворенного образа и при ней в 1828 г. основала женский Спасо-Бородинский монастырь. — Толстой имел письмо к Сергии — второй игуменье Спасо-Бородинского монастыря (с 1852 г. по 1871 г.). Сергия — в мире кн. Софья Васильевна Волконская (1809—1884), дочь Василия Алексеевича Урусова и Анны Ивановны Семичевой. В 1827 г. вышла замуж за кн. Александра Андреевича Волконского. После смерти мужа в 1847 г. поступила в монастырь. В 1871 г. перемещена из Спасо-Бородинского монастыря игуменьей Московского Вознесенского монастыря. О ней см.: «Письма московского митрополита Филарета к игумении Спасобородинского монастыря Сергии». Изд. Саввою. Тверь. 1890 и <hi>Игумения Евгения</hi> «Краткое описание Вознесенского девичьего монастыря». М. 1894, стр. 124—125.</note> Останавливаться, <choice><reg>вероятно</reg><orig>вѣроятно</orig></choice>, <choice><reg>нигде</reg><orig>нигдѣ</orig></choice> не буду до Бородина. <choice><reg>Еду</reg><orig>Ѣду</orig></choice> на <choice><reg>почтовых</reg><orig>почтовыхъ</orig></choice>. <choice><reg>Целых</reg><orig>Цѣлыхъ</orig></choice> полтора дня <choice><reg>был</reg><orig>былъ</orig></choice> <choice><reg>в</reg><orig>въ</orig></choice> <choice><reg>попыхах</reg><orig>попыхахъ</orig></choice> <choice><reg>мелочных</reg><orig>мелочныхъ</orig></choice> <choice><reg>хлопот</reg><orig>хлопотъ</orig></choice>. Печатанье <choice><reg>идет</reg><orig>идетъ</orig></choice> вяло, и вовсе не <choice><reg>от</reg><orig>отъ</orig></choice> меня, а <choice><reg>от</reg><orig>отъ</orig></choice> неисправности почты. <choice><reg>Последний</reg><orig>Послѣднiй</orig></choice> <choice><reg>раз</reg><orig>разъ</orig></choice> пocланная рукопись до <choice><reg>сих</reg><orig>сихъ</orig></choice> <choice><reg>пор</reg><orig>поръ</orig></choice> не получена.<note xml:id="note5" resp="volume_editor" index="false"> О неисправностях почты и задержках корректур есть два письма (от 12 августа и 15 августа 1867 г.) А. Е. Берса, помогавшего Толстому в его сношениях с типографией.</note> Пришли <choice><reg>мне</reg><orig>мнѣ</orig></choice> росписку, и <choice><reg>от</reg><orig>отъ</orig></choice> неисправности Риса, <choice><reg>которого</reg><orig>котораго</orig></choice> надо подгонять. Я <choice><reg>так</reg><orig>такъ</orig></choice> <choice><reg>здоров</reg><orig>здоровъ</orig></choice>, <choice><reg>как</reg><orig>какъ</orig></choice> всегда бываю <choice><reg>в</reg><orig>въ</orig></choice> <choice><reg>городе</reg><orig>городѣ</orig></choice>.<note xml:id="note6" resp="volume_editor" index="false"> «Это ирония. Л. Н. в городе всегда хворал» (н. п. С. А.).</note></p>
<p rend="left">Наши <choice><reg>все</reg><orig>всѣ</orig></choice> очень милы и добры, <choice><reg>как</reg><orig>какъ</orig></choice> всегда. Петя<note xml:id="note7" resp="volume_editor" index="false"> Петр Андреевич Берс. Ему было тогда 18 лет.</note> <hi>хорошо </hi>учится, и <choice><reg>все</reg><orig>всѣ</orig></choice> погружены <choice><reg>в</reg><orig>въ</orig></choice> <choice><reg>занятия</reg><orig>занятiя</orig></choice>. <choice><reg>Целую</reg><orig>Цѣлую</orig></choice> <choice><reg>всех</reg><orig>всѣхъ</orig></choice> <choice><reg>наших</reg><orig>нашихъ</orig></choice>. А тебя и <choice><reg>детей</reg><orig>дѣтей</orig></choice> особенно. Ежели Маша<note xml:id="note8" resp="volume_editor" index="false"> Гр. М. Н. Толстая, сестра Льва Николаевича.</note> у <choice><reg>нас</reg><orig>насъ</orig></choice>, <choice><reg>надеюсь</reg><orig>надѣюсь</orig></choice>, что она <choice><reg>понимает</reg><orig>понимаетъ</orig></choice> необходимость моей <choice><reg>поездки</reg><orig>поѣздки</orig></choice>. Прощай, душенька. <choice><reg>В</reg><orig>Въ</orig></choice> <choice><reg>Четверг</reg><orig>Четвергъ</orig></choice><note xml:id="note9" resp="volume_editor" index="false"> 28 сентября.</note> <choice><reg>утром</reg><orig>утромъ</orig></choice> <choice><reg>тебе</reg><orig>тебѣ</orig></choice> телеграфирую. —</p>
<p rend="emptyline left"><hi style="opnumber">151</hi> <hi style="npnumber">152</hi></p>
<lb/>
<p rend="left"><hi>На конверте:</hi> Ея Сіятельству Графинѣ Софьѣ Андревнѣ Толстой. Въ Тулу.</p>
<comments><p rend="Textpetit_otstup left">Печатается по автографу, хранящемуся в АТБ. Впервые опубликовано по копии, сделанной С. А. Толстой, в ПЖ, стр. 50. Датируется на основании первых слов письма: «Сейчас 25,.... еду в Бородино» и почтового штемпеля: «Москва. 25 сентября 1867 г. В ПЖ датировано 25 сентября 1866 г. на основании воспоминаний об этой поездке С. А. Берса, ошибшегося на год. (См. С. Берс, «Воспоминания о гр. Л. Н. Толстом». Смоленск. 1893, стр. 49.)</p>
<p rend="Textpetit_otstup left"><hi>1</hi> Село Московской губернии, Можайского уезда, близ которого произошел бой между русскими и французами 26 августа 1812 года.</p>
<p rend="petit left"><hi>2</hi> Берсом.</p>
<p rend="petit left"><hi>3</hi> Ольга Дмитриевна Аникеева (1834—1869), рожд. кж. Горчакова, троюродная тетка Толстого. «Знакомая Толстым, друг тетеньки П. И. Юшковой» (н. п. С. А.).</p>
<p rend="petit left"><hi>4</hi> Близ деревни Семеновской (где пал генерал-майор Тучков четвертый) вдова М. М. Тучкова выстроила церковь во имя нерукотворенного образа и при ней в 1828 г. основала женский Спасо-Бородинский монастырь. — Толстой имел письмо к Сергии — второй игуменье Спасо-Бородинского монастыря (с 1852 г. по 1871 г.). Сергия — в мире кн. Софья Васильевна Волконская (1809—1884), дочь Василия Алексеевича Урусова и Анны Ивановны Семичевой. В 1827 г. вышла замуж за кн. Александра Андреевича Волконского. После смерти мужа в 1847 г. поступила в монастырь. В 1871 г. перемещена из Спасо-Бородинского монастыря игуменьей Московского Вознесенского монастыря. О ней см.: «Письма московского митрополита Филарета к игумении Спасобородинского монастыря Сергии». Изд. Саввою. Тверь. 1890 и <hi>Игумения Евгения</hi> «Краткое описание Вознесенского девичьего монастыря». М. 1894, стр. 124—125.</p>
<p rend="petit left"><hi>5</hi> О неисправностях почты и задержках корректур есть два письма (от 12 августа и 15 августа 1867 г.) А. Е. Берса, помогавшего Толстому в его сношениях с типографией.</p>
<p rend="petit left"><hi>6</hi> «Это ирония. Л. Н. в городе всегда хворал» (н. п. С. А.).</p>
<p rend="petit left"><hi>7</hi> Петр Андреевич Берс. Ему было тогда 18 лет.</p>
<p rend="petit left"><hi>8</hi> Гр. М. Н. Толстая, сестра Льва Николаевича.</p>
<p rend="petit left"><hi>9</hi> 28 сентября.</p>
</comments></div></body>
        </text>
        </TEI>