<?xml version='1.0' encoding='UTF-8' standalone='no'?>

<TEI xmlns="http://www.tei-c.org/ns/1.0">
       <teiHeader>
          <fileDesc>
             <titleStmt>
                <title>Письмо №270. М. П. Погодину.</title>
             </titleStmt>
             <publicationStmt>
                <publisher>TolstoyLab</publisher>
                <date when="2015-09-14">14 September 2015</date>
             </publicationStmt>
             <sourceDesc>
                <biblStruct>
                   <analytic>
                      <author>Толстой Л.Н.</author>
                   </analytic>
                   <monogr>
                      <title level="m">Полное собрание сочинений. Том 61</title>
                      <imprint>
                         <pubPlace>Москва</pubPlace>
                         <publisher>Государственное издательство "Художественная литература"</publisher>
                         <date when="1953"/>
                      </imprint>
                   </monogr>
                   <series>
                      <title level="s">Л.Н. Толстой. Полное собрание сочинений</title>
                      <biblScope unit="vol">61</biblScope>
                   </series>
                </biblStruct>
				<bibl>Впервые опубликовано в журнале «На литературном посту», 1928, 10, стр. 65—66. Год определяется записью в неопубликованном дневнике М. П. Погодина 22 октября 1868 г.: «Думаю пригласить Толстого к участию в газете. Напишу».</bibl>
             </sourceDesc>
          </fileDesc>
          <encodingDesc>
             <tagsDecl> </tagsDecl>
          </encodingDesc>
          <profileDesc>
             <correspDesc>
                <correspAction type="sending">
                   <persName ref="PersonList.xml#L_N_Tolstoy">Л. Н. Толстой</persName>
                   <placeName ref="PlacesListxml#PLACE">Я. П.</placeName>
                   <date when="1868-11-07">1868 г. Ноября 7.</date>            </correspAction>
                <correspAction type="receiving">
                   <persName ref="PersonList.xml#RECEIVER">Погодин Михаил Петрович</persName>
                </correspAction>
                <correspContext>
                   <ref type="prev">Ответ на неизвестное редакции письмо М. П. Погодина, в котором он предлагал Толстому принять участие в издаваемой им газете «Русь».</ref>
                </correspContext>
             </correspDesc>
          </profileDesc>
       </teiHeader>
       <xenoData><number type="in a volume">270</number></xenoData>

              <text xml:id="M__P__Pogodinu_270">
	<body><div>
		<opener index="false">
270. М. П. Погодину.
1868 г. Ноября 7. Я. П.</opener>
<p rend="left">На лестное и заманчивое предложение ваше, многоуважаемый Михаил Петрович, я не могу отвечать иначе, как отрицательно; по многим причинам, из которых достаточно одной: я не свободен и нахожусь всё еще в рабстве своего начатого и неоконченного (последнее время близко подвинувшегося к концу) труда.<note xml:id="note1" resp="volume_editor" index="false"> «Война и мир».</note> Я говорю «лестное предложение» потому, что, как ни старайся быть равнодушным к успеху, ваше предложение (хотя, вероятно, преувеличено вами) дает мерку высокую моему литературному имени.</p>
<p rend="left">Заманчиво же ваше предложение потому, что иногда и часто в последнее время мне приходят мысли о бессрочном историко-философском издании, направление которого вам известно лучше всех из вашей книги «<choice original_editorial_correction='Истор[ические]'><sic>Истор</sic><corr>Исторические</corr></choice> <choice original_editorial_correction='аф[оризмы]'><sic>аф</sic><corr>афоризмы</corr></choice>», которую вы мне прислали в Москве. Издание это, чтобы кличкой определить его направление, я мечтал бы назвать: <hi>Несовременник.</hi></p>
<p rend="left">Всё то, что могло бы рассчитывать на неуспех в 19-ом и на хотя не успех — но на читателей в 20 — и дальнейших столетиях, имело бы место в этом издании.</p>
<p rend="left">История, философия истории и грубые матерьялы истории. <hi style="opdelimiter">—</hi><hi style="opnumber">207</hi></p>
<p rend="left"><hi style="npnumber">208</hi><hi style="npdelimiter">Философия</hi> естественных наук и грубые матерьялы этих наук, которые могли бы служить для практической цели, но тех, <choice original_editorial_correction='кот[орые]'><sic>кот</sic><corr>которые</corr></choice> служили бы к уяснению философских вопросов.</p>
<p rend="left">Математика и ее прикладные науки — астрономия, механика. Искусство — несовременное.</p>
<p rend="left">И всё. —</p>
<p rend="left">Исключено бы было только то, что наполняет теперь работой <hi>99</hi>/<sub>100</sub> всех типографий мира, т. е. критика, полемика, компиляция, т. е. непроизводительный задор и дешевый и гнилой товар для бедных умом потребителей. —</p>
<p rend="left">Вот мои мечтания, живо опять вспомнившиеся мне при вашем предложении.</p>
<p rend="left">Я сообщил их вам, потому что вы тот самый Погодин, который написал <choice original_editorial_correction='Ист[орические]'><sic>Ист</sic><corr>Исторические</corr></choice> <choice original_editorial_correction='аф[оризмы]'><sic>аф</sic><corr>афоризмы</corr></choice>, и как ни далеки кажутся газета и такое издание, мне представилась возможность сделки. —</p>
<p rend="left">Читали ли вы книгу Урусова «Обзор 1812 и 13 гг.».<note xml:id="note2" resp="volume_editor" index="false"> С. С. Урусов, «Обзор кампаний 1812 и 1813 гг., военно-математические задачи и о железных дорогах», М. 1868. Книга сохранилась в яснополянской библиотеке. В письме к Толстому от 26 мая 1868 г. С. С. Урусов называл свою книгу «сочинением о законах войны» и говорил, что ряд рассуждений о причинах войн он позаимствовал из IV тома «Войны и мира».</note> Ежели читали, то вы бы очень обязали меня, написав мне короткое словечко, выражающее ваше о ней мнение?</p>
<p rend="left">Пятый том мой быстро подвигается, но я не смею думать об окончании его ранее месяца<note xml:id="note3" resp="volume_editor" index="false"> Пятый том «Войны и мира» вышел 24—25 февраля 1869 г.</note> и до того времени ни о чем другом не смею думать.</p>
<p rend="subtitle centerline">
Истинно уважающий вас
</p>
<p rend="right">гр. Лев Толстой.</p>
<p rend="left">7 Nоября.</p>
<comments><p rend="Textpetit_otstup left">Впервые опубликовано в журнале «На литературном посту», 1928, 10, стр. 65—66. Год определяется записью в неопубликованном дневнике М. П. Погодина 22 октября 1868 г.: «Думаю пригласить Толстого к участию в газете. Напишу».</p>
<p rend="petit left">Ответ на неизвестное редакции письмо М. П. Погодина, в котором он предлагал Толстому принять участие в издаваемой им газете «Русь».</p>
<p rend="Textpetit_otstup left"><hi>1</hi> «Война и мир».</p>
<p rend="petit left"><hi>2</hi> С. С. Урусов, «Обзор кампаний 1812 и 1813 гг., военно-математические задачи и о железных дорогах», М. 1868. Книга сохранилась в яснополянской библиотеке. В письме к Толстому от 26 мая 1868 г. С. С. Урусов называл свою книгу «сочинением о законах войны» и говорил, что ряд рассуждений о причинах войн он позаимствовал из IV тома «Войны и мира».</p>
<p rend="petit left"><hi>3</hi> Пятый том «Войны и мира» вышел 24—25 февраля 1869 г.</p>
</comments></div></body>
        </text>
        </TEI>