<?xml version='1.0' encoding='UTF-8' standalone='no'?>

<TEI xmlns="http://www.tei-c.org/ns/1.0">
       <teiHeader>
          <fileDesc>
             <titleStmt>
                <title>Письмо №197. С. А. Толстой</title>
             </titleStmt>
             <publicationStmt>
                <publisher>TolstoyLab</publisher>
                <date when="2015-09-14">14 September 2015</date>
             </publicationStmt>
             <sourceDesc>
                <biblStruct>
                   <analytic>
                      <author>Толстой Л.Н.</author>
                   </analytic>
                   <monogr>
                      <title level="m">Полное собрание сочинений. Том 83</title>
                      <imprint>
                         <pubPlace>Москва</pubPlace>
                         <publisher>Государственное издательство "Художественная литература"</publisher>
                         <date when="1938"/>
                      </imprint>
                   </monogr>
                   <series>
                      <title level="s">Л.Н. Толстой. Полное собрание сочинений</title>
                      <biblScope unit="vol">83</biblScope>
                   </series>
                </biblStruct>
				<bibl>Печатается по автографу, хранящемуся в АТБ. Впервые письмо в выдержках опубликовано в Б, II, стр. 420—421; полностью — по копии, сделанной С. А. Толстой, в ПЖ, стр. 155—157. Датируется на основании пометы Толстого «четверг»; четверг падал на 4 марта 1882 г.</bibl>
             </sourceDesc>
          </fileDesc>
          <encodingDesc>
             <tagsDecl> </tagsDecl>
          </encodingDesc>
          <profileDesc>
             <correspDesc>
                <correspAction type="sending">
                   <persName ref="PersonList.xml#L_N_Tolstoy">Л. Н. Толстой</persName>
                   <placeName ref="PlacesListxml#PLACE">Я. П.</placeName>
                   <date when="1882-03-04">1882 г. Марта 4.</date>            </correspAction>
                <correspAction type="receiving">
                   <persName ref="PersonList.xml#RECEIVER">Толстая Софья Андреевна</persName>
                </correspAction>
                <correspContext>
                   <ref type="prev"/>
                </correspContext>
             </correspDesc>
          </profileDesc>
       </teiHeader>
       <xenoData><number type="in a volume">197</number></xenoData>

       <text xml:id="a4_197">
	<body><div>
		<opener index="false">
197.
1882 г. Марта 4. Я. П.</opener>
<p rend="right"><hi><choice><reg>Четверг</reg><orig>Четвергъ</orig></choice> 9 <choice><reg>часов</reg><orig>часовъ</orig></choice> вечера.</hi></p>
<p rend="left">У меня и во <choice><reg>мне</reg><orig>мнѣ</orig></choice> ничего <choice><reg>нового</reg><orig>новаго</orig></choice>. Сплю мало и <choice><reg>от</reg><orig>отъ</orig></choice> того не могу работать. Нынче лучше <choice><reg>тем</reg><orig>тѣмъ</orig></choice>, что <choice><reg>ел</reg><orig>ѣлъ</orig></choice> лучше, <choice><reg>с</reg><orig>съ</orig></choice> <choice><reg>большим</reg><orig>большимъ</orig></choice> <choice><reg>апетитом</reg><orig>апетитомъ</orig></choice>. Сижу все <choice><reg>один</reg><orig>одинъ</orig></choice> <choice><reg>одинешенек</reg><orig>одинешенекъ</orig></choice>, — читаю и <choice><reg>делаю</reg><orig>дѣлаю</orig></choice> пасьянсы. Погода нехороша. <choice><reg>Тает</reg><orig>Таетъ</orig></choice> и <choice><reg>ветрено</reg><orig>вѣтрено</orig></choice>, <choice><reg>гудит</reg><orig>гудитъ</orig></choice> день и ночь. <choice><reg>Чтение</reg><orig>Чтенiе</orig></choice> у меня превосходное. Я хочу собрать <choice><reg>все</reg><orig>всѣ</orig></choice> статьи <choice><reg>из</reg><orig>изъ</orig></choice> Revue, <choice><reg>касающияся</reg><orig>касающiяся</orig></choice> <choice><reg>философии</reg><orig>философiи</orig></choice> и <choice><reg>религии</reg><orig>религiи</orig></choice>, и это <choice><reg>будет</reg><orig>будетъ</orig></choice> удивительный <choice><reg>сборник</reg><orig>сборникъ</orig></choice> <choice><reg>религиозного</reg><orig>религiознаго</orig></choice> и <choice><reg>философского</reg><orig>философскаго</orig></choice> <choice><reg>движения</reg><orig>движенiя</orig></choice> мысли за 20 <choice><reg>лет</reg><orig>лѣтъ</orig></choice>.<note xml:id="note1" resp="volume_editor" index="false"> В «Revue des deux mondes» за десятилетие (1872—1881) по вопросам философии и религии писали: <hi>Вашеро</hi> (3 статьи — самостоятельные работы в области витализма и спиритуализма), <hi>Буасье</hi> (5 статей — преимущественно по истории древних религий), <hi>Поль Жанэ</hi> [13 статей — обзоры выходящих философских книг, о философских школах XIX века (Шеллинг, Секретан, Шопенгауер, Гартман, Спенсер), о французском спиритуализме (Равэссон, Лашелье, Олле Лапрюн, Брошар), по философии революции], <hi>Каро</hi> (9 статей — о Дидро, пессимистах XIX века и др.), <hi>Прессансе</hi> (4 статьи — о современной религиозной политике в разных странах), <hi>Ренан</hi> (4 статьи — по истории христианства и о современном религиозном кризисе), <hi>Ревиль</hi> (6 статей — о финикийской и еврейской религиях, по истории христианства, о Штраусе и философии бессознательного и др.), <hi>Альфред Фулье</hi> (12 статей — о современных этических школах — эволюционная мораль в Англии, французский <hi style="opdelimiter">позитивизм</hi><hi style="opnumber">326</hi> <hi style="npnumber">327</hi><hi style="npdelimiter">и</hi> спиритуализм, германские школы моральной философии, по философии социальных наук). По содержанию наибольшее количество статей падало на: историю древних религий и раннее христианство (14 статей), историю католицизма (12 статей), современное состояние религии (9 статей), философские течения XVIII и XIX веков и обзоры философской литературы (30 статей) и самостоятельные философские опыты спиритуалистического направления (9 статей). В № 2 XXIII тома «Revue des deux mondes» от 15 июня 1865 г., сохранившемся в Яснополянской библиотеке, загнуты Толстым углы страниц 979 и 981 статьи Paul Janet «Le cerveau et la pensée» («Мозг и мысль»).</note> Когда устану <choice><reg>от</reg><orig>отъ</orig></choice> <choice><reg>этого</reg><orig>этаго</orig></choice> <choice><reg>чтения</reg><orig>чтенiя</orig></choice>, беру Revue Etrangère 1834 года и <choice><reg>там</reg><orig>тамъ</orig></choice> читаю <choice><reg>повести</reg><orig>повѣсти</orig></choice>, — тоже очень интересно.<note xml:id="note2" resp="volume_editor" index="false"> В книгах (№№ 9 и 12) «Revue Etrangère» (выходил в Петербурге) за 1834 г. были перепечатаны повести следующих авторов: Бальзака («Евгения Гранде», «Искание абсолюта», «Драма на берегу моря»), Бульвера («Последний день Помпеи»), Ж. Занд («Леона Леони»), Поля Лакроа и Жюля Сандо. Кроме того отдельными рассказами были представлены: Бастид, Мелани Вальдор, Гозлан, Даниели, Дюпэн, Леве-Веймарс, Малефиль, Стевен, Филинг и Хенс.</note> Письма твоего <choice><reg>в</reg><orig>въ</orig></choice> <choice><reg>Туле</reg><orig>Тулѣ</orig></choice> вчера не получили, — <choice><reg>вероятно</reg><orig>вѣроятно</orig></choice>, не <choice><reg>умели</reg><orig>умѣли</orig></choice> спросить. Но за то я <choice><reg>получил</reg><orig>получилъ</orig></choice> твое<note xml:id="note3" resp="volume_editor" index="false"> От 2 марта 1882 г.</note> на <choice><reg>Козловке</reg><orig>Козловкѣ</orig></choice>. И очень оно <choice><reg>мне</reg><orig>мнѣ</orig></choice> было радостно. — Не тревожься обо <choice><reg>мне</reg><orig>мнѣ</orig></choice> и, главное, себя не вини. Остави <choice><reg>нам</reg><orig>намъ</orig></choice> долги наши, якоже и мы<note xml:id="note4" resp="volume_editor" index="false"> Слова из молитвы «Отче наш».</note>... <choice><reg>Как</reg><orig>Какъ</orig></choice> только <choice><reg>другим</reg><orig>другимъ</orig></choice> <choice><reg>простил</reg><orig>простилъ</orig></choice>, то и <choice><reg>сам</reg><orig>самъ</orig></choice> <choice><reg>прав</reg><orig>правъ</orig></choice>. А ты по письму простила и ни на кого не сердишься. — А я давно уже <choice><reg>перестал</reg><orig>пересталъ</orig></choice> тебя упрекать. Это было только <choice><reg>в</reg><orig>въ</orig></choice> <choice><reg>начале</reg><orig>началѣ</orig></choice>. Отчего я <choice><reg>так</reg><orig>такъ</orig></choice> опустился, я не знаю. <choice><reg>Может</reg><orig>Можетъ</orig></choice> быть, года, <choice><reg>может</reg><orig>можетъ</orig></choice> быть, нездоровье, геморой; но жаловаться <choice><reg>мне</reg><orig>мнѣ</orig></choice> не на что. Московская жизнь <choice><reg>мне</reg><orig>мнѣ</orig></choice> очень много дала, уяснила <choice><reg>мне</reg><orig>мнѣ</orig></choice> мою <choice><reg>деятельность</reg><orig>дѣятельность</orig></choice>, если еще она <choice><reg>предстоит</reg><orig>предстоитъ</orig></choice> <choice><reg>мне</reg><orig>мнѣ</orig></choice>; и сблизила <choice><reg>нас</reg><orig>насъ</orig></choice> <choice><reg>с</reg><orig>съ</orig></choice> тобою больше; <choice><reg>чем</reg><orig>чѣмъ</orig></choice> прежде. — Что-то ты напишешь нынче? Ты <choice><reg>об</reg><orig>объ</orig></choice> <choice><reg>себе</reg><orig>себѣ</orig></choice> не пишешь, — <choice><reg>как</reg><orig>какъ</orig></choice> здоровье. Пожалуйста, не сдерживайся <choice><reg>в</reg><orig>въ</orig></choice> <choice><reg>письмах</reg><orig>письмахъ</orig></choice>, а валяй, <choice><reg>как</reg><orig>какъ</orig></choice> <choice><reg>Бог</reg><orig>Богъ</orig></choice> на сердце <choice><reg>положит</reg><orig>положитъ</orig></choice>. —</p>
<p rend="left">Я нынче <choice><reg>ходил</reg><orig>ходилъ</orig></choice> на шоссе <choice><reg>к</reg><orig>къ</orig></choice> большому мосту <choice><reg>перед</reg><orig>передъ</orig></choice> <choice><reg>обедом</reg><orig>обѣдомъ</orig></choice>; и все злился на Толстую.<note xml:id="note5" resp="volume_editor" index="false"> А. А. Толстой Толстой написал вторичный ответ от 4 марта 1882 г., тоже не посланный. (См. том писем настоящего издания № 63.)</note> <choice><reg>В</reg><orig>Въ</orig></choice> Тулу <choice><reg>ездят</reg><orig>ѣздятъ</orig></choice> на <choice><reg>колесах</reg><orig>колесахъ</orig></choice>, и на Козловку уже едва ли <choice><reg>проедешь</reg><orig>проѣдешь</orig></choice> на <choice><reg>санях</reg><orig>саняхъ</orig></choice>. <choice><reg>В</reg><orig>Въ</orig></choice> <choice><reg>низах</reg><orig>низахъ</orig></choice> вода; но и воды, и <choice><reg>снега</reg><orig>снѣга</orig></choice> мало, <choice><reg>везде</reg><orig>вездѣ</orig></choice> <choice><reg>проехать</reg><orig>проѣхать</orig></choice> можно. —</p>
<p rend="left">Что-то <choice><reg>дети</reg><orig>дѣти</orig></choice> <choice><reg>большия</reg><orig>большiя</orig></choice>? Не <choice><reg>грубят</reg><orig>грубятъ</orig></choice> ли? Они именно <choice><reg>грубят</reg><orig>грубятъ</orig></choice>, а ты огорчаешься. Грубить весело, даже никому, просто <choice><reg>сделать</reg><orig>сдѣлать</orig></choice>, что нельзя. Ангелы, <choice><reg>те</reg><orig>тѣ</orig></choice> не <choice><reg>огорчают</reg><orig>огорчаютъ</orig></choice>. Здоровье Миши <hi style="opdelimiter"><choice><reg>как</reg><orig>какъ</orig></choice>?<note xml:id="note6" resp="volume_editor" index="false"> С. А. Толстая писала 2 марта: «Миша немного кашляет и насморк, и он проспал до четырех часов» (ПСТ, стр. 183).</note></hi><hi style="opnumber">325</hi></p>
<p rend="left"><hi style="npnumber">326</hi><hi style="npdelimiter">Я</hi> нынче <choice><reg>думал</reg><orig>думалъ</orig></choice> о <choice><reg>больших</reg><orig>большихъ</orig></choice> <choice><reg>детях</reg><orig>дѣтяхъ</orig></choice>. <choice><reg>Ведь</reg><orig>Вѣдь</orig></choice> они <choice><reg>верно</reg><orig>вѣрно</orig></choice> <choice><reg>думают</reg><orig>думаютъ</orig></choice>, что <choice><reg>такие</reg><orig>такiе</orig></choice> родители, <choice><reg>как</reg><orig>какъ</orig></choice> мы, это не <choice><reg>совсем</reg><orig>совсѣмъ</orig></choice> хорошо, а надо бы много получше, и что когда они <choice><reg>будут</reg><orig>будутъ</orig></choice> <choice><reg>большие</reg><orig>большiе</orig></choice>, то <choice><reg>будут</reg><orig>будутъ</orig></choice> много лучше. Также, <choice><reg>как</reg><orig>какъ</orig></choice> <choice><reg>им</reg><orig>имъ</orig></choice> кажется, что блинчики <choice><reg>с</reg><orig>съ</orig></choice> <choice><reg>вареньем</reg><orig>вареньемъ</orig></choice> — это уже самое скромное и не <choice><reg>может</reg><orig>можетъ</orig></choice> быть хуже, а не <choice><reg>знают</reg><orig>знаютъ</orig></choice>, что блинчики <choice><reg>с</reg><orig>съ</orig></choice> <choice><reg>вареньем</reg><orig>вареньемъ</orig></choice> это все равно, что 200 <choice original_editorial_correction='т[ысяч]'><sic>т</sic><corr><choice><reg>тысяч</reg><orig>тысячъ</orig></choice></corr></choice> выиграть. — И по тому совершенно <choice><reg>неверно</reg><orig>невѣрно</orig></choice> <choice><reg>рассужденье</reg><orig>разсужденье</orig></choice>, что хорошей матери должны бы меньше грубить, <choice><reg>чем</reg><orig>чѣмъ</orig></choice> дурной. Грубить — желанье одинаковое — хорошей и дурной; а хорошей грубить <choice><reg>безопаснее</reg><orig>безопаснѣе</orig></choice>, <choice><reg>чем</reg><orig>чѣмъ</orig></choice> дурной, поэтому ей чаще и <choice><reg>грубят</reg><orig>грубятъ</orig></choice>.</p>
<p rend="left">Что Сережа <choice><reg>брат</reg><orig>братъ</orig></choice>,<note xml:id="note7" resp="volume_editor" index="false"> О гр. С. Н. Толстом С. А. Толстая писала 2 марта 1882 г.: «Приехал сегодня Сережа брат, очень жалеет, что тебя нет. Говорит: «Хоть мы с ним на разных полюсах, но послушал бы от него, что он говорит». Я говорю: «Поспорили бы», а он говорит: «Сохрани бог, умирать скоро, а нас немного осталось, зачем спорить» (ПСТ, стр. 180).</note> долго ли <choice><reg>пробудет</reg><orig>пробудетъ</orig></choice>? <choice><reg>Хотелось</reg><orig>Хотѣлось</orig></choice> бы его увидать. —</p>
<p rend="left">Прощай, душенька. — <choice><reg>Будем</reg><orig>Будемъ</orig></choice> живы, скоро увидимся, и <choice><reg>будем</reg><orig>будемъ</orig></choice> также, <choice><reg>как</reg><orig>какъ</orig></choice> и теперь, любить. — Опять возвращаюсь <choice><reg>с</reg><orig>съ</orig></choice> <choice><reg>твердым</reg><orig>твердымъ</orig></choice> <choice><reg>намерением</reg><orig>намѣренiемъ</orig></choice> <choice><reg>как</reg><orig>какъ</orig></choice> можно меньше говорить. Да и нельзя. Я не буду лгать, если буду говорить, что <choice><reg>болен</reg><orig>боленъ</orig></choice> нервами. Я затягиваюсь <choice><reg>этим</reg><orig>этимъ</orig></choice> <choice><reg>задором</reg><orig>задоромъ</orig></choice>.</p>
<p rend="left">Что о <choice><reg>приговоренных</reg><orig>приговоренныхъ</orig></choice>?<note xml:id="note8" resp="volume_editor" index="false"> По «процессу 20». Постановлением от 15 февраля 1882 г. десять человек были приговорены к смертной казни через повешение: Ал. Михайлов, Н. Колодкевич, Н. Суханов, М. Фроленко, Г. Исаев, И. Емельянов, М. Тетерка, Т. Лебедева, А. Якимова и Н. Клеточников. Казнен лишь Н. Суханов 19 марта 1882 г. в Кронштадте; остальным смертная казнь заменена Шлиссельбургской крепостью.</note> Не <choice><reg>выходят</reg><orig>выходятъ</orig></choice> у меня <choice><reg>из</reg><orig>изъ</orig></choice> головы и сердца. — И <choice><reg>мучает</reg><orig>мучаетъ</orig></choice>, и негодованье поднимается, самое мучительное чувство.</p>
<lb/>
<p rend="left"><hi>На конверте:</hi> Москва. Денежной <choice><reg>переулок</reg><orig>переулокъ</orig></choice>, <choice><reg>дом</reg><orig>домъ</orig></choice> Волконской. Е. С. <choice><reg>Графине</reg><orig>Графинѣ</orig></choice> <choice><reg>Софье</reg><orig>Софьѣ</orig></choice> <choice><reg>Андревне</reg><orig>Андревнѣ</orig></choice> Толстой.</p>
<comments><p rend="Textpetit_otstup left">Печатается по автографу, хранящемуся в АТБ. Впервые письмо в выдержках опубликовано в Б, II, стр. 420—421; полностью — по копии, сделанной С. А. Толстой, в ПЖ, стр. 155—157. Датируется на основании пометы Толстого «четверг»; четверг падал на 4 марта 1882 г.</p>
<p rend="Textpetit_otstup left"><hi>1</hi> В «Revue des deux mondes» за десятилетие (1872—1881) по вопросам философии и религии писали: <hi>Вашеро</hi> (3 статьи — самостоятельные работы в области витализма и спиритуализма), <hi>Буасье</hi> (5 статей — преимущественно по истории древних религий), <hi>Поль Жанэ</hi> [13 статей — обзоры выходящих философских книг, о философских школах XIX века (Шеллинг, Секретан, Шопенгауер, Гартман, Спенсер), о французском спиритуализме (Равэссон, Лашелье, Олле Лапрюн, Брошар), по философии революции], <hi>Каро</hi> (9 статей — о Дидро, пессимистах XIX века и др.), <hi>Прессансе</hi> (4 статьи — о современной религиозной политике в разных странах), <hi>Ренан</hi> (4 статьи — по истории христианства и о современном религиозном кризисе), <hi>Ревиль</hi> (6 статей — о финикийской и еврейской религиях, по истории христианства, о Штраусе и философии бессознательного и др.), <hi>Альфред Фулье</hi> (12 статей — о современных этических школах — эволюционная мораль в Англии, французский <hi style="opdelimiter">позитивизм</hi><hi style="opnumber">326</hi> <hi style="npnumber">327</hi><hi style="npdelimiter">и</hi> спиритуализм, германские школы моральной философии, по философии социальных наук). По содержанию наибольшее количество статей падало на: историю древних религий и раннее христианство (14 статей), историю католицизма (12 статей), современное состояние религии (9 статей), философские течения XVIII и XIX веков и обзоры философской литературы (30 статей) и самостоятельные философские опыты спиритуалистического направления (9 статей). В № 2 XXIII тома «Revue des deux mondes» от 15 июня 1865 г., сохранившемся в Яснополянской библиотеке, загнуты Толстым углы страниц 979 и 981 статьи Paul Janet «Le cerveau et la pensée» («Мозг и мысль»).</p>
<p rend="petit left"><hi>2</hi> В книгах (№№ 9 и 12) «Revue Etrangère» (выходил в Петербурге) за 1834 г. были перепечатаны повести следующих авторов: Бальзака («Евгения Гранде», «Искание абсолюта», «Драма на берегу моря»), Бульвера («Последний день Помпеи»), Ж. Занд («Леона Леони»), Поля Лакроа и Жюля Сандо. Кроме того отдельными рассказами были представлены: Бастид, Мелани Вальдор, Гозлан, Даниели, Дюпэн, Леве-Веймарс, Малефиль, Стевен, Филинг и Хенс.</p>
<p rend="petit left"><hi>3</hi> От 2 марта 1882 г.</p>
<p rend="petit left"><hi>4</hi> Слова из молитвы «Отче наш».</p>
<p rend="petit left"><hi>5</hi> А. А. Толстой Толстой написал вторичный ответ от 4 марта 1882 г., тоже не посланный. (См. том писем настоящего издания № 63.)</p>
<p rend="petit left"><hi>6</hi> С. А. Толстая писала 2 марта: «Миша немного кашляет и насморк, и он проспал до четырех часов» (ПСТ, стр. 183).</p>
<p rend="petit left"><hi>7</hi> О гр. С. Н. Толстом С. А. Толстая писала 2 марта 1882 г.: «Приехал сегодня Сережа брат, очень жалеет, что тебя нет. Говорит: «Хоть мы с ним на разных полюсах, но послушал бы от него, что он говорит». Я говорю: «Поспорили бы», а он говорит: «Сохрани бог, умирать скоро, а нас немного осталось, зачем спорить» (ПСТ, стр. 180).</p>
<p rend="petit left"><hi>8</hi> По «процессу 20». Постановлением от 15 февраля 1882 г. десять человек были приговорены к смертной казни через повешение: Ал. Михайлов, Н. Колодкевич, Н. Суханов, М. Фроленко, Г. Исаев, И. Емельянов, М. Тетерка, Т. Лебедева, А. Якимова и Н. Клеточников. Казнен лишь Н. Суханов 19 марта 1882 г. в Кронштадте; остальным смертная казнь заменена Шлиссельбургской крепостью.</p>
</comments></div></body>
        </text>
        </TEI>