<?xml version='1.0' encoding='UTF-8' standalone='no'?>

<TEI xmlns="http://www.tei-c.org/ns/1.0">
       <teiHeader>
          <fileDesc>
             <titleStmt>
                <title>Письмо №100. В. В. Арсеньевой.</title>
             </titleStmt>
             <publicationStmt>
                <publisher>TolstoyLab</publisher>
                <date when="2015-09-14">14 September 2015</date>
             </publicationStmt>
             <sourceDesc>
                <biblStruct>
                   <analytic>
                      <author>Толстой Л.Н.</author>
                   </analytic>
                   <monogr>
                      <title level="m">Полное собрание сочинений. Том 60</title>
                      <imprint>
                         <pubPlace>Москва</pubPlace>
                         <publisher>Государственное издательство "Художественная литература"</publisher>
                         <date when="1949"/>
                      </imprint>
                   </monogr>
                   <series>
                      <title level="s">Л.Н. Толстой. Полное собрание сочинений</title>
                      <biblScope unit="vol">60</biblScope>
                   </series>
                </biblStruct>
				<bibl>Впервые опубликовано в Б. I, 3, стр. 352—353, но ошибочно отнесено к 1856 г. Год определяется содержанием: «Братья 3-го дня приехали сюда». Братья H. Н. и С. Н. Толстые приехали 4 декабря 1857 г. (см. т. 47, стр. 165).</bibl>
             </sourceDesc>
          </fileDesc>
          <encodingDesc>
             <tagsDecl> </tagsDecl>
          </encodingDesc>
          <profileDesc>
             <correspDesc>
                <correspAction type="sending">
                   <persName ref="PersonList.xml#L_N_Tolstoy">Л. Н. Толстой</persName>
                   <placeName ref="PlacesListxml#PLACE">Москва.</placeName>
                   <date when="1857-12-06">1857 г. Декабря 6.</date>            </correspAction>
                <correspAction type="receiving">
                   <persName ref="PersonList.xml#RECEIVER">Арсеньев Владимир Михайлович</persName>
                </correspAction>
                <correspContext>
                   <ref type="prev"/>
                </correspContext>
             </correspDesc>
          </profileDesc>
       </teiHeader>
       <xenoData><number type="in a volume">100</number></xenoData>

              <text xml:id="V.V.Arsenevoj_100">
	<body><div>
		<opener index="false">
100. В. В. Арсеньевой.
1857 г. Декабря 6. Москва.</opener>
<p rend="left">Очень благодарен вам, любезная Валерия Владимировна, за вашу добрую память. Хотя я вовсе не ожидал его, письмо ваше доставило мне большое удовольствие.<note xml:id="note1" resp="volume_editor" index="false"> Письмо В. В. Арсеньевой неизвестно.</note> — Нехорошо, что вы невеселы и не радуетесь жизнью так, как бы вам следовало. Чего вам еще? вы мечтали о независимости жизни в Петербурге, и у вас теперь всё есть, что имеет право желать человек: молодость, красота, независимое состояние, друг Верганичка<note xml:id="note2" resp="volume_editor" index="false"> Вергани.</note> и даже роскошь имеете — <choice original_editorial_correction='Т[алызина]'><sic>Т</sic><corr>Талызина</corr></choice>,<note xml:id="note3" resp="volume_editor" index="false"> За Анатолия Александровича Талызина В. В. Арсеньева вышла замуж в 1858 г.</note> который страстно влюблен в вас и только об том просит, чтобы ему позволено было сделаться вашим рабом. Во всяком случае нужна решительность. Ежели, несмотря на все эти выгодные условия, вам нехорошо там, где вы живете, постарайтесь устроить лучше. Поезжайте за границу, выдьте замуж, подите в монастырь, заройтесь в деревню, но не будьте ни секунды в нерешительности. Это самое тяжелое и даже вредное состояние. — Извините, что по старой привычке я увлекся подаванием советов.</p>
<p rend="left">Радуюсь, что вы много занимаетесь музыкой. Искусство всегда и везде большое и чистое наслаждение. А музыка — ваше искусство, вы должны успевать в нем. Я живу всё это время в Москве, немного занимаюсь своим писаньем, немного вожусь с <hi>умными</hi>, и выходит жизнь так себе: ни очень хорошо, ни худо. Впрочем, скорей хорошо. Сердце мое не могу сказать, чтобы было пусто, напротив, слава Богу, оно беспрестанно наполняется то тем, то другим разным вздором, но, в том смысле, в котором вы разумеете, «в coeur libre»<note xml:id="note4" resp="volume_editor" index="false"> [«сердце свободно»]</note> — совершенно libre.</p>
<p rend="left">Братья 3-го дня приехали сюда, и мы живем все вместе, Машенька хворает зубами последнее время. В Петербург я вовсе не собираюсь, но, должно быть, придется быть к новому <hi style="opdelimiter">году.</hi><hi style="opnumber">242</hi></p>
<p rend="left"><hi style="npnumber">243</hi><hi style="npdelimiter">Тогда</hi> мы еще подробно переговорим о всем, что теперь желал бы написать; итак, до свиданья, от души жму вашу руку и Верганичкину.</p>
<p rend="right">Ваш Гр. Л. Толстой.</p>
<p rend="left">6 Декабря.</p>
<p rend="left">Николиньку поздравляю<hi>.</hi><note xml:id="note5" resp="volume_editor" index="false"> Брат В. В. Арсеньевой.</note> И вас также.</p>
<comments><p rend="Textpetit_otstup left">Впервые опубликовано в Б. I, 3, стр. 352—353, но ошибочно отнесено к 1856 г. Год определяется содержанием: «Братья 3-го дня приехали сюда». Братья H. Н. и С. Н. Толстые приехали 4 декабря 1857 г. (см. т. 47, стр. 165).</p>
<p rend="Textpetit_otstup left"><hi>1</hi> Письмо В. В. Арсеньевой неизвестно.</p>
<p rend="petit left"><hi>2</hi> Вергани.</p>
<p rend="petit left"><hi>3</hi> За Анатолия Александровича Талызина В. В. Арсеньева вышла замуж в 1858 г.</p>
<p rend="petit left"><hi>4</hi> [«сердце свободно»]</p>
<p rend="petit left"><hi>5</hi> Брат В. В. Арсеньевой.</p>
</comments></div></body>
        </text>
        </TEI>