<?xml version='1.0' encoding='UTF-8' standalone='no'?>

<TEI xmlns="http://www.tei-c.org/ns/1.0">
       <teiHeader>
          <fileDesc>
             <titleStmt>
                <title>Письмо №6. П. Д. Голохвастову.</title>
             </titleStmt>
             <publicationStmt>
                <publisher>TolstoyLab</publisher>
                <date when="2015-09-14">14 September 2015</date>
             </publicationStmt>
             <sourceDesc>
                <biblStruct>
                   <analytic>
                      <author>Толстой Л.Н.</author>
                   </analytic>
                   <monogr>
                      <title level="m">Полное собрание сочинений. Том 62</title>
                      <imprint>
                         <pubPlace>Москва</pubPlace>
                         <publisher>Государственное издательство "Художественная литература"</publisher>
                         <date when="1953"/>
                      </imprint>
                   </monogr>
                   <series>
                      <title level="s">Л.Н. Толстой. Полное собрание сочинений</title>
                      <biblScope unit="vol">62</biblScope>
                   </series>
                </biblStruct>
             </sourceDesc>
          </fileDesc>
          <encodingDesc>
             <tagsDecl> </tagsDecl>
          </encodingDesc>
          <profileDesc>
             <correspDesc>
                <correspAction type="sending">
                   <persName ref="PersonList.xml#L_N_Tolstoy">Л. Н. Толстой</persName>
                   <placeName ref="PlacesListxml#PLACE">Москва.</placeName>
                   <date when="1873-02-15">1873 г. Февраля 15.</date>            </correspAction>
                <correspAction type="receiving">
                   <persName ref="PersonList.xml#RECEIVER">Голохвастов Павел Дмитриевич</persName>
                </correspAction>
                <correspContext>
                   <ref type="prev"/>
                </correspContext>
             </correspDesc>
          </profileDesc>
       </teiHeader>
       <xenoData><number type="in a volume">6</number></xenoData>

              <text xml:id="P.D.Goloxvastovu_6">
	<body><div>
		<opener index="false">
6. П. Д. Голохвастову.
1873 г. Февраля 15. Москва.</opener>
<p rend="left">Я приехал вчера<note xml:id="note1" resp="volume_editor" index="false">Толстой ездил в Москву 13—16 февраля для переговоров с типографией М. Н. Каткова о печатании 3-го издания собрания своих сочинений.</note> и целый день думал, что успею заехать к вам, но не успел. Нынче с трех часов я свободен. Застану ли вас дома или не приедете ли ко мне?.. Дюссо,<note xml:id="note2" resp="volume_editor" index="false">Гостиница Дюссо в Театральном проезде в доме кн. Грузинского.</note> 28 №.</p>
<p rend="right">Ваш Л. Толстой.</p>
<comments><p rend="Textpetit_otstup left">О первой публикации см. стр. 3. Датируется содержанием (см. прим. 1).</p>
<p rend="Textpetit_otstup left"><hi>1 </hi>Толстой ездил в Москву 13—16 февраля для переговоров с типографией М. Н. Каткова о печатании 3-го издания собрания своих сочинений.</p>
<p rend="petit left"><hi>2 </hi>Гостиница Дюссо в Театральном проезде в доме кн. Грузинского.</p>
<p rend="left emptyline"><hi style="opnumber">9</hi> <hi style="npnumber">10</hi></p>
</comments></div></body>
        </text>
        </TEI>