<?xml version='1.0' encoding='UTF-8' standalone='no'?>

<TEI xmlns="http://www.tei-c.org/ns/1.0">
       <teiHeader>
          <fileDesc>
             <titleStmt>
                <title>Письмо №532. О. Н. Озмидовой.</title>
             </titleStmt>
             <publicationStmt>
                <publisher>TolstoyLab</publisher>
                <date when="2015-09-14">14 September 2015</date>
             </publicationStmt>
             <sourceDesc>
                <biblStruct>
                   <analytic>
                      <author>Толстой Л.Н.</author>
                   </analytic>
                   <monogr>
                      <title level="m">Полное собрание сочинений. Том 63</title>
                      <imprint>
                         <pubPlace>Москва</pubPlace>
                         <publisher>Государственное издательство "Художественная литература"</publisher>
                         <date when="1934"/>
                      </imprint>
                   </monogr>
                   <series>
                      <title level="s">Л.Н. Толстой. Полное собрание сочинений</title>
                      <biblScope unit="vol">63</biblScope>
                   </series>
                </biblStruct>
				<bibl>Печатается по копии, хранящейся в AЧ. Впервые опубликовано в сб. «Спелые колосья» 3, стр. 176; в сборн. «Дух и материя» М. 1899, стр. 201—202. Дата копии. Это письмо Толстого было передано О. Н. Озмидовой через Н. Н. Ге-сына (<ref target="file:///Volume_63_l_533.xml">см. письмо № 533</ref>).</bibl>
             </sourceDesc>
          </fileDesc>
          <encodingDesc>
             <tagsDecl> </tagsDecl>
          </encodingDesc>
          <profileDesc>
             <correspDesc>
                <correspAction type="sending">
                   <persName ref="PersonList.xml#L_N_Tolstoy">Л. Н. Толстой</persName>
                   <placeName ref="PlacesListxml#PLACE">Я. П.</placeName>
                   <date when="1886-07-05">1886 г. Июля 5.</date>            </correspAction>
                <correspAction type="receiving">
                   <persName ref="PersonList.xml#RECEIVER">Озмидов Николай Лукич</persName>
                </correspAction>
                <correspContext>
                   <ref type="prev"/>
                </correspContext>
             </correspDesc>
          </profileDesc>
       </teiHeader>
       <xenoData><number type="in a volume">532</number></xenoData>

              <text xml:id="O__N__Ozmidovoj_532">
	<body><div>
		<opener index="false">
532. О. Н. Озмидовой.
1886 г. Июля 5. Я. П.</opener>
<p rend="left"><choice><reg>Получил</reg><orig>Получилъ</orig></choice> ваше письмо, милая...,<note xml:id="note1" resp="volume_editor" index="false">Пропуск в копии письма, имеющейся в распоряжении редакции. По содержанию здесь следует вставить: Ольга Николаевна.</note> и нынче только собрался отвѣтить. Все то, чтò вы испытываете, и какъ о томъ думаете — очень хорошо. Но не хороши тѣ условія, въ которыя вы себя поставили: въ эти условія поставилъ васъ не Богъ, не жизнь, а ваше разсужденіе. A разсужденіе всегда ошибочно. Вы ищете жизни истинной и чувствуете, что та жизнь, которою вы живете или жили, далека отъ нея. Это чувствуетъ всякій, кто понялъ жизнь истинную. Для достиженія же жизни истинной послѣ и среди жизни ложной нужно уясненіе сознанія — вѣры и привычки слѣдовать въ дѣлахъ истинной вѣры, въ противность прежней привычкѣ слѣдовать въ дѣлахъ ложной вѣры. А для этого нужно спокойствіе внутреннее и внѣшнее, устраненіе отъ себя всего ничтожнаго, развлекающаго. Вы же, измѣнивъ внѣшнимъ образомъ жизнь, сдѣлали много затруднений лишнихъ. — Скажу вамъ про себя. Я живу все на томъ же мѣстѣ, въ тѣхъ же условіяхъ; но если я вспомню свою жизнь, свой взглядъ на все окружающее за 100 лѣтъ тому назадъ, то я вижу, что перемѣнилось все — и люди, и мѣста, и условія, — все я вижу иначе, все болѣе другое, чѣмъ если бы я переѣхалъ на другой конецъ свѣта. Я понимаю вашу цѣль, понимаю, что васъ тянуло къ измѣненію жизни на такую, при которой вы бы стали какъ можно ближе къ самымъ низшимъ въ матеріальномъ положеніи и признаю, что и въ этой жизни есть своя польза. Но не говоря о томъ, что необычныя условія стѣсняютъ внутреннюю работу, а въ ней все — въ этомъ искусственномъ измѣненіи условій жизни есть противленіе волѣ Бога (что-то въ родѣ поступленія въ монахи), есть выборъ — я хочу жить съ тѣми, а не съ тѣми, съ кѣмъ я живу; и есть соблазнъ, подобный тому, что человѣкъ въ жару мечется съ мѣста на мѣсто, думая, что на новомъ мѣстѣ воздухъ будетъ прохладнѣе — среди новыхъ людей будутъ лучше мои отношенія къ людямъ. А люди не столько одинаки, но они всѣ — одинъ сынъ человѣческій. А если я не нашелъ или любовнаго общенія, или работы для любовнаго общенія съ моей женой, съ моей матерью, отцомъ, сыномъ, то я нигдѣ не найду. А молодые, непривычные, нетерпѣливые работники всегда такъ дѣлаютъ: покапаютъ въ одномъ мѣстѣ — <hi style="opdelimiter">«<choice><reg>ахънет</reg><orig>ахънѣтъ</orig></choice>,</hi><hi style="opnumber">367</hi> <hi style="npnumber">368</hi><hi style="npdelimiter"><choice><reg>тут</reg><orig>тутъ</orig></choice></hi> <choice><reg>крепко</reg><orig>крѣпко</orig></choice>, дай попробую <choice><reg>в</reg><orig>въ</orig></choice> <choice><reg>другом</reg><orig>другомъ</orig></choice>, <choice><reg>в</reg><orig>въ</orig></choice> <choice><reg>третьем</reg><orig>третьемъ</orig></choice>». Это <choice><reg>самообман</reg><orig>самообманъ</orig></choice>, не <choice><reg>делайте</reg><orig>дѣлайте</orig></choice> этого, голубушка....<note xml:id="note2" resp="volume_editor" index="false">Пропуск в копии письма, имеющейся в распоряжении редакции.</note> У <choice><reg>вас</reg><orig>васъ</orig></choice> есть теперь, пока у <choice><reg>вас</reg><orig>васъ</orig></choice> <choice><reg>нет</reg><orig>нѣтъ</orig></choice> своей семьи, готовый <choice><reg>материал</reg><orig>матерiалъ</orig></choice> для работы, это — ваши <choice><reg>близкие</reg><orig>близкiе</orig></choice>, т. е. родители. <choice><reg>Нет</reg><orig>Нѣтъ</orig></choice> <choice><reg>в</reg><orig>въ</orig></choice> <choice><reg>нас</reg><orig>насъ</orig></choice> <choice><reg>совершенств</reg><orig>совершенствъ</orig></choice> и <choice><reg>все</reg><orig>всѣ</orig></choice> мы <choice><reg>друг</reg><orig>другъ</orig></choice> другу <choice><reg>можем</reg><orig>можемъ</orig></choice> и должны помогать. <choice><reg>Отец</reg><orig>Отецъ</orig></choice>, мать — <choice><reg>вам</reg><orig>вамъ</orig></choice>, вы <choice><reg>им</reg><orig>имъ</orig></choice>. Я знаю, <choice><reg>как</reg><orig>какъ</orig></choice> <choice><reg>мне</reg><orig>мнѣ</orig></choice> часто <choice><reg>помогают</reg><orig>помогаютъ</orig></choice> и очень люди и много моложе меня и, <choice><reg>по-светски</reg><orig>по-свѣтски</orig></choice> судя, много ниже меня по уму и <choice><reg>образованию</reg><orig>образованiю</orig></choice>. А....<note xml:id="note4" resp="volume_editor" index="false"> В то время Озмидовы собирались переселиться на Кавказ. Об этом см. в прим. к письму № 458.</note> <choice><reg>слабых</reg><orig>слабыхъ</orig></choice> <choice><reg>мест</reg><orig>мѣстъ</orig></choice> вы не знаете, а <choice><reg>своих</reg><orig>своихъ</orig></choice> вы знаете и любите <choice><reg>их</reg><orig>ихъ</orig></choice>.</p>
<p rend="left">Кланяйтесь....<hi>4</hi> Какъ она поживаетъ и какъ ея здоровье. Совѣтовъ не считаю себя въ правѣ давать. Но если бы она поѣхала на Кавказъ,<hi>5</hi> <choice><reg>мне</reg><orig>мнѣ</orig></choice> бы это показалось очень <choice><reg>естественным</reg><orig>естественнымъ</orig></choice> и очень <choice><reg>полезным</reg><orig>полезнымъ</orig></choice> для <choice><reg>тех</reg><orig>тѣхъ</orig></choice>, которые <choice><reg>там</reg><orig>тамъ</orig></choice> близко <choice><reg>с</reg><orig>съ</orig></choice> нею <choice><reg>будут</reg><orig>будутъ</orig></choice> жить. — <choice><reg>Так</reg><orig>Такъ</orig></choice> прощайте. Я <choice><reg>надеюсь</reg><orig>надѣюсь</orig></choice> увидать <choice><reg>вас</reg><orig>васъ</orig></choice> на <choice><reg>дороге</reg><orig>дорогѣ</orig></choice> на <choice><reg>Кавказ</reg><orig>Кавказъ</orig></choice>.</p>
<comments><p rend="Textpetit_otstup left">Печатается по копии, хранящейся в AЧ. Впервые опубликовано в сб. «Спелые колосья» 3, стр. 176; в сборн. «Дух и материя» М. 1899, стр. 201—202. Дата копии. Это письмо Толстого было передано О. Н. Озмидовой через Н. Н. Ге-сына (<ref target="file:///Volume_63_l_533.xml">см. письмо № 533</ref>).</p>
<p rend="petit left">Письмо О. Н. Озмидовой, на которое отвечает Толстой, датировано: «24 июня 1886 г. дер. Хвостово». В нем она писала: «Мой дух сравнительно покоен теперь; я чувствую, что я вышла на тот путь, который ведет к Христу. Мне радостно, что я иду к нему, но счастлива я быть не могу, ибо я вижу, как я еще далеко от него. Тут видя кругом себя только крестьян и их трудовую простую жизнь, которою мы кормимся, нельзя быть довольной. Тут ясно видишь, как я виновата перед ними, виновата вот именно перед всей этой деревней, что ела и ем хлеб, не зарабатывая его.... За ваше письмо большое, большое спасибо. Конечно вы знаете, как я рада была получить его. Я над ним много думала, и сейчас думаю и мне выясняется всё яснее значение вечной жизни в боге. Лично я не боюсь смерти, и доискиваясь причины этого, я нахожу, что если бы я не чувствовала бога кругом себя, я бы не хотела умереть. Спасибо и Исааку Борисовичу (Файнерману) за письмо» (АТБ).</p>
<p rend="Textpetit_otstup left"><hi>1</hi> Пропуск в копии письма, имеющейся в распоряжении редакции. По содержанию здесь следует вставить: Ольга Николаевна.</p>
<p rend="petit left"><hi>3</hi><hi>,</hi><hi>4</hi> Пропуск в копии письма, имеющейся в распоряжении редакции.</p>
<p rend="petit left"><hi>5</hi> В то время Озмидовы собирались переселиться на Кавказ. Об этом см. в прим. к письму № 458.</p>
</comments></div></body>
        </text>
        </TEI>