<?xml version='1.0' encoding='UTF-8' standalone='no'?>

<TEI xmlns="http://www.tei-c.org/ns/1.0">
       <teiHeader>
          <fileDesc>
             <titleStmt>
                <title>Письмо №* 45. В. В. Арсеньевой.</title>
             </titleStmt>
             <publicationStmt>
                <publisher>TolstoyLab</publisher>
                <date when="2015-09-14">14 September 2015</date>
             </publicationStmt>
             <sourceDesc>
                <biblStruct>
                   <analytic>
                      <author>Толстой Л.Н.</author>
                   </analytic>
                   <monogr>
                      <title level="m">Полное собрание сочинений. Том 60</title>
                      <imprint>
                         <pubPlace>Москва</pubPlace>
                         <publisher>Государственное издательство "Художественная литература"</publisher>
                         <date when="1949"/>
                      </imprint>
                   </monogr>
                   <series>
                      <title level="s">Л.Н. Толстой. Полное собрание сочинений</title>
                      <biblScope unit="vol">60</biblScope>
                   </series>
                </biblStruct>
             </sourceDesc>
          </fileDesc>
          <encodingDesc>
             <tagsDecl> </tagsDecl>
          </encodingDesc>
          <profileDesc>
             <correspDesc>
                <correspAction type="sending">
                   <persName ref="PersonList.xml#L_N_Tolstoy">Л. Н. Толстой</persName>
                   <placeName ref="PlacesListxml#PLACE">Петербург.</placeName>
                   <date when="1856-12-07">1856 г. Декабря 7.</date>            </correspAction>
                <correspAction type="receiving">
                   <persName ref="PersonList.xml#RECEIVER">Арсеньев Владимир Михайлович</persName>
                </correspAction>
                <correspContext>
                   <ref type="prev"/>
                </correspContext>
             </correspDesc>
          </profileDesc>
       </teiHeader>
       <xenoData><number type="in a volume">45</number></xenoData>

              <text xml:id="V.V.Arsenevoj_45">
	<body><div>
		<opener index="false">
* 45. В. В. Арсеньевой.
1856 г. Декабря 7. Петербург.</opener>
<p rend="left">Получил вчера вдруг ваши 2 письма: от 1 <choice original_editorial_correction='Дек[абря]'><sic>Дек</sic><corr>Декабря</corr></choice> и 29 Октября, и оба письма перечел несколько раз.<note xml:id="note1" resp="volume_editor" index="false"> Эти письма В. В. Арсеньевой неизвестны. См. т. 47, стр. 104.</note> Эти письма, в <choice original_editorial_correction='кот[орых]'><sic>кот</sic><corr>которых</corr></choice> вы советуете мне съездить в Андалузию и говорите, что я должен любить вас с вашими слабостями, и что кокетничать и нравиться вы любите, и что на мою дорогу может стать 14 или <choice original_editorial_correction='35-тил[етняя]'><sic>35-тил</sic><corr>35-тилетняя</corr></choice> женщина и т. д., и т. д., эти письма прелестны. Ежели бы я был женат, или вы бы были замужем, или ваш отец ни за что бы не хотел отдать вас за меня, тогда (это я говорю не шутя, а перед Богом) я бы дал волю своему чувству, для меня бы не было ни прошедшего, ни будущего, и я бы страстно, так страстно, что вы бы сами стали говорить: потише! влюбился бы в вас. — Но вникните хорошенько в это; ведь наша цель не одна — наслаждаться любовью, для этого нужно отдать волю своему чувству и ни о чем не думать. Наша цель, кроме того, чтобы любить, еще в том, чтобы прожить жизнь вместе и исполнить все обязанности, которые налагает брак; а для этого много и много нужно поработать над собой и поломать себя и прежде и после. Я эгоист, положим, но вот уж 6-й месяц, как я постоянно борюсь сам с собою, как я изменяю свои любимые привычки; а вы не эгоист, но вы только хотите любить, наслаждаться этим лучшим благом на свете, <hi style="opdelimiter">и</hi><hi style="opnumber">138</hi> <hi style="npnumber">139</hi><hi style="npdelimiter">для</hi> него не только не поработать над собой, но не пожертвовать даже маленьким удовольствием. Неужели вы думаете, что я не съумел бы на вашем месте делать то, что вы, т. е. распуститься лапшей, наслаждаться лучшим чувством на свете, а там, что будет после, «это твое дело». Но несмотря на то, вы все-таки милы, ужасно милы своей честностью и нежностью, которую я, хотя ценю мало, но люблю больше всего на свете. — Опять о будущем. Занятия хозяйством, музыкой, мужиками, чтением это только советы, которые я даю для того, чтобы жизнь была вам хороша, но, может быть, вы найдете другие, более вам приятные занятия, может быть, многие вам не по вкусу... это всё дело ваше, вы можете быть отличной Храповицкой, даже и гуляя на <choice original_editorial_correction='Гост[ином]'><sic>Гост</sic><corr>Гостином</corr></choice> Дворе; но дело Храповицкого, <choice original_editorial_correction='к[оторый]'><sic>к</sic><corr>который</corr></choice> любит ее и больше жил, указать ей на то, что дает счастье, а не оставить ее искать самую — и делать все те ошибки, <choice original_editorial_correction='к[оторые]'><sic>к</sic><corr>которые</corr></choice> он сам делал. Но это только советы, потому что будет ли она читать или гулять по лавкам, ему будет ни лучше, ни хуже, а ей; но что касается света, то это другое дело. Тут уж <choice original_editorial_correction='Храп[овицк]ому'><sic>Храпому</sic><corr>Храповицкому</corr></choice> хуже и очень. Он должен водиться с людьми, которых он не уважает, с <choice original_editorial_correction='к[оторыми]'><sic>к</sic><corr>которыми</corr></choice> ему противно, скучно, должен терять время, переменить весь свой образ жизни, бросить то, что в нем есть лучшего — свои занятия. Положим, <choice original_editorial_correction='Храп[овицкий]'><sic>Храп</sic><corr>Храповицкий</corr></choice> эгоист, но он никогда подобного не требовал и не будет требовать от <choice original_editorial_correction='Демб[ицкой]'><sic>Демб</sic><corr>Дембицкой</corr></choice>. Вы во многом правы, что «одеваться старухой» какое мне дело? что я требую совершенства невозможного и задаю всё задачи, одну труднее другой, и слишком пугаю этими faux pas.<note xml:id="note2" resp="volume_editor" index="false"> [ложный шаг]</note> Но все-таки хорошо не выпускать из головы <hi>той</hi> дороги и стараться не сбиваться с нее. А свет, какой бы то ни было, хоть тульской, и <hi>та</hi> дорога — две вещи несовместные. Свет — это наверное faux pas с прелестной дороги; и это я буду говорить en connaissance de cause,<hi>3 </hi>хотя бы меня жгли за это. — Подумайте об этом серьезно и так же, как всегда, <hi>откровенно</hi> напишите, отличнейший голубчик мой. — Положим, что вы теперь согласитесь на эту жертву как на жертву, а я уверен, что, ежели только вам доступны другие, высшие наслаждения, вы забудете думать про эту жертву и будете смеяться над ней. — Вы правы, смотря в ваши года и с вашим развитием на жизнь, как на приятное увеселение, и я прав, смотря на нее, как на труд, в котором зато бывают минуты высокого наслаждения, ежели вы не пустая <hi style="opdelimiter">госпожа,</hi><hi style="opnumber">139</hi> <hi style="npnumber">140</hi><hi style="npdelimiter">то</hi> и вы придете к этому, но придете скоро ли? Может быть, тогда, когда я буду уже смотреть на жизнь, как на обузу (почти так, как смотрит Женичка).<note xml:id="note3" resp="volume_editor" index="false"> Вергани.</note> А как же любить друг друга с различными взглядами на жизнь? Можно любить вот ежели бы я был женат, но нельзя жить вместе и не страдать каждую минуту. Одно из двух: или вам надо потрудиться и догнать меня, или мне вернуться назад для того, чтобы идти вместе. — А я не могу вернуться, потому что знаю, что впереди лучше, светлее, счастливее. Валяйте на почтовых, я вам буду помогать, сколько могу; вам будет тяжеленько, но зато как счастливо, спокойно и с любовью (уж ежели вам это нужно) мы пройдем до конца дороги. Даже и по той стороне дороги будет так счастливо, покойно и любовно.</p>
<p rend="left">Что это вы молчите про Дикенса и Текерея, неужели они вам скучно, а какую это дичь вы читали: Notices sur les opéras?<hi>5 </hi>И зачем вы свели дружбу с милой Сашенькой? Экая вы слабохарактерная госпожа! Она ничего, и отлично, что вы не злитесь ни на кого, но этот contact вам не хорош. Вследствие этого контакта в вас укореняются те мысли и убеждения, которые должны со временем из вас выскочить. — Стало быть, только труднее будет вам с ними расставаться. С прошедшей почтой послал вам книгу, прочтите эту прелесть.<note xml:id="note4" resp="volume_editor" index="false"> «Обыкновенная история» И. А. Гончарова. См. Дневник от 5 декабря, т. 47, стр. 103.</note> Вот где учишься жить. Видишь различные взгляды на жизнь, на любовь, с которыми можешь ни с одним не согласиться, но зато свой собственный становится умнее и яснее. Я опять <hi>преподаю</hi>; но что делать, я не понимаю без этого отношений с человеком, которого люблю. И вы мне иногда преподаете, и я радуюсь ужасно, когда вы правы. В этом-то и любовь. Не в том, чтоб у пупунчика целовать руки (даже мерзко выговорить), а в том, чтобы друг другу открывать душу, поверять свои мысли по мыслям другого, вместе думать, вместе чувствовать. — Прощайте, мой голубчик, жму вашу руку, обнимаю Женичку и Пиндигашек.</p>
<p rend="left">7 Декабря.</p>
<comments><p rend="Textpetit_otstup left">Впервые отрывок письма опубликован в Б. I, 3, стр. 353—354. См. запись в Дневнике под 7 декабря, т. 47, стр. 104.</p>
<p rend="Textpetit_otstup left"><hi>1</hi> Эти письма В. В. Арсеньевой неизвестны. См. т. 47, стр. 104.</p>
<p rend="petit left"><hi>2</hi> [ложный шаг]</p>
<p rend="petit left"><hi>3</hi> [с знанием <hi style="opdelimiter">дела,]</hi><hi style="opnumber">140</hi></p>
<p rend="petit left"><hi>4</hi> Вергани.</p>
<p rend="petit left"><hi>5</hi> [Замечания на оперы.]</p>
<p rend="petit left"><hi>6</hi> «Обыкновенная история» И. А. Гончарова. См. Дневник от 5 декабря, т. 47, стр. 103.</p>
</comments></div></body>
        </text>
        </TEI>