<?xml version='1.0' encoding='UTF-8' standalone='no'?>

<TEI xmlns="http://www.tei-c.org/ns/1.0">
       <teiHeader>
          <fileDesc>
             <titleStmt>
                <title>Письмо №* 77. Н. Н. Куликову.</title>
             </titleStmt>
             <publicationStmt>
                <publisher>TolstoyLab</publisher>
                <date when="2015-09-14">14 September 2015</date>
             </publicationStmt>
             <sourceDesc>
                <biblStruct>
                   <analytic>
                      <author>Толстой Л.Н.</author>
                   </analytic>
                   <monogr>
                      <title level="m">Полное собрание сочинений. Том 63</title>
                      <imprint>
                         <pubPlace>Москва</pubPlace>
                         <publisher>Государственное издательство "Художественная литература"</publisher>
                         <date when="1934"/>
                      </imprint>
                   </monogr>
                   <series>
                      <title level="s">Л.Н. Толстой. Полное собрание сочинений</title>
                      <biblScope unit="vol">63</biblScope>
                   </series>
                </biblStruct>
				<bibl>Печатается по автографу, хранящемуся в Государственном театральном музее им. А. А. Бахрушина. Публикуется впервые.</bibl>
             </sourceDesc>
          </fileDesc>
          <encodingDesc>
             <tagsDecl> </tagsDecl>
          </encodingDesc>
          <profileDesc>
             <correspDesc>
                <correspAction type="sending">
                   <persName ref="PersonList.xml#L_N_Tolstoy">Л. Н. Толстой</persName>
                   <placeName ref="PlacesListxml#PLACE">Я. П.</placeName>
                   <date when="1881-09-05">1881 г. Сентября 5.</date>            </correspAction>
                <correspAction type="receiving">
                   <persName ref="PersonList.xml#RECEIVER">Куликов Николай Николаевич (псевдоним Николаев)</persName>
                </correspAction>
                <correspContext>
                   <ref type="prev"/>
                </correspContext>
             </correspDesc>
          </profileDesc>
       </teiHeader>
       <xenoData><number type="in a volume">77</number></xenoData>

              <text xml:id="H__N__Kulikovu_77">
	<body><div>
		<opener index="false">
* 77. Н. Н. Куликову.
1881 г. Сентября 5. Я. П.
</opener>
<p rend="Obrashenie left">Милостивый Государь</p>
<p rend="Obrashenie1_ left">Николай <choice><reg>Николаевич</reg><orig>Николаевичъ</orig></choice>!</p>
<p rend="left"><choice><reg>Приехав</reg><orig>Прiѣхавъ</orig></choice> домой, я <choice><reg>подумал</reg><orig>подумалъ</orig></choice>: <choice><reg>слишком</reg><orig>слишкомъ</orig></choice> <choice><reg>долгий</reg><orig>долгiй</orig></choice> <choice><reg>промежуток</reg><orig>промежутокъ</orig></choice> между <choice><reg>выступлением</reg><orig>выступленiемъ</orig></choice> <choice><reg>моих</reg><orig>моихъ</orig></choice> <choice><reg>мальчиков</reg><orig>мальчиковъ</orig></choice> <choice><reg>из</reg><orig>изъ</orig></choice> Тульской и <choice><reg>вступлением</reg><orig>вступленiемъ</orig></choice> <choice><reg>в</reg><orig>въ</orig></choice> Московскую<note xml:id="note1" resp="volume_editor" index="false"> Речь идет о переходе Ильи и Льва Львовичей Толстых из Тульской гимназии в гимназию Поливанова, в Москве. Илья Львович в том году вступил в пятый класс, а Лев Львович в третий.</note> — именно <choice><reg>от</reg><orig>отъ</orig></choice> 5-го до 20-го числа (раньше этого едва ли удастся подать <choice><reg>прошение</reg><orig>прошенiе</orig></choice> <choice><reg>в</reg><orig>въ</orig></choice> <choice><reg>Москве</reg><orig>Москвѣ</orig></choice>). Не <choice><reg>может</reg><orig>можетъ</orig></choice> ли быть <choice><reg>препятствием</reg><orig>препятствiемъ</orig></choice> <choice><reg>к</reg><orig>къ</orig></choice> <choice><reg>их</reg><orig>ихъ</orig></choice> <choice><reg>поступлению</reg><orig>поступленiю</orig></choice>? — <choice><reg>Как</reg><orig>Какъ</orig></choice> вы думаете?</p>
<p rend="left">Если да, то нельзя ли свидетельства выдать <choice><reg>мне</reg><orig>мнѣ</orig></choice> 14 числа? Извините, что <choice><reg>вас</reg><orig>васъ</orig></choice> тревожу, и примите <choice><reg>уверения</reg><orig>увѣренiя</orig></choice> моего <choice><reg>искреннего</reg><orig>искренняго</orig></choice> <choice><reg>уважения</reg><orig>уваженiя</orig></choice>.</p>
<lb/>
<p rend="left">5 сентября 1881.</p>
<p rend="right">Гр. ЛевъТолстой.</p>
<comments><p rend="Textpetit_otstup left">Печатается по автографу, хранящемуся в Государственном театральном музее им. А. А. Бахрушина. Публикуется впервые.</p>
<p rend="petit left">Николай Николаевич Куликов (р. 12 июня 1844 г.—ум. 22 августа 1898 г.) — драматический писатель и педагог. В литературе выступал под псевдонимом Николаева. Написал ряд пьес, из которых многие шли на столичных сценах. Образование получил в Московском университете по историко-филологическому факультету. По окончании преподавал русский язык и словесность в нескольких учебных заведениях: Павловском военном и Николаевском инженерном училищах, Мариинской и Царскосельской женских гимназиях. С 1881 г. по 1883 г. был директором Тульской гимназии. Затем имел ряд командировок для производства ревизий в разных провинциальных женских гимназиях (по ведомству учреждений императрицы Марии). С 1889 г. был чиновником особых поручений «при собственной его величества канцелярии по учреждениям императрицы Марии». Автор учебников греческого и латинского <hi style="opdelimiter">языков.</hi><hi style="opnumber">78</hi></p>
<p rend="Textpetit_otstup left"><hi>1</hi> Речь идет о переходе Ильи и Льва Львовичей Толстых из Тульской гимназии в гимназию Поливанова, в Москве. Илья Львович в том году вступил в пятый класс, а Лев Львович в третий.</p>
</comments></div></body>
        </text>
        </TEI>