<?xml version='1.0' encoding='UTF-8' standalone='no'?>

<TEI xmlns="http://www.tei-c.org/ns/1.0">
       <teiHeader>
          <fileDesc>
             <titleStmt>
                <title>Письмо №*236. С. А. Толстой</title>
             </titleStmt>
             <publicationStmt>
                <publisher>TolstoyLab</publisher>
                <date when="2015-09-14">14 September 2015</date>
             </publicationStmt>
             <sourceDesc>
                <biblStruct>
                   <analytic>
                      <author>Толстой Л.Н.</author>
                   </analytic>
                   <monogr>
                      <title level="m">Полное собрание сочинений. Том 83</title>
                      <imprint>
                         <pubPlace>Москва</pubPlace>
                         <publisher>Государственное издательство "Художественная литература"</publisher>
                         <date when="1938"/>
                      </imprint>
                   </monogr>
                   <series>
                      <title level="s">Л.Н. Толстой. Полное собрание сочинений</title>
                      <biblScope unit="vol">83</biblScope>
                   </series>
                </biblStruct>
             </sourceDesc>
          </fileDesc>
          <encodingDesc>
             <tagsDecl> </tagsDecl>
          </encodingDesc>
          <profileDesc>
             <correspDesc>
                <correspAction type="sending">
                   <persName ref="PersonList.xml#L_N_Tolstoy">Л. Н. Толстой</persName>
                   <placeName ref="PlacesListxml#PLACE">Самара.</placeName>
                   <date when="1883-05-31">1883 г. Мая 31.</date>            </correspAction>
                <correspAction type="receiving">
                   <persName ref="PersonList.xml#RECEIVER">Толстая Софья Андреевна</persName>
                </correspAction>
                <correspContext>
                   <ref type="prev"/>
                </correspContext>
             </correspDesc>
          </profileDesc>
       </teiHeader>
       <xenoData><number type="in a volume">236</number></xenoData>

       <text xml:id="a31_236">
	<body><div>
		<opener index="false">
* 236.
1883 г. Мая 31. Самара.</opener>
<p rend="left">М. К. Д. Козловка <choice><reg>Засека</reg><orig>Засѣка</orig></choice> <choice><reg>Графине</reg><orig>Графинѣ</orig></choice> Толстой.</p>
<lb/>
<p rend="left">Сережа<note xml:id="note1" resp="volume_editor" index="false"> С. А. Толстая писала 29 мая 1883 г: «Сережа верно уж с тобою, я благодарю его, что он продал лодку, и что был благоразумен и что писал мне» (ПСТ, стр. 210).</note> <choice><reg>приехал</reg><orig>прiѣхалъ</orig></choice> мы благополучны Толстой.</p>
<comments><p rend="Textpetit_otstup left">Телеграмма, Печатается по телеграфному бланку № 401, хранящемуся в ГТМ. Публикуется впервые. Телеграмма подана в Самаре 30 мая в 12 ч. 30 мин. дня; получена в Козловке в 12 ч. 35 мин. ночи.</p>
<p rend="Textpetit_otstup left"><hi>1</hi> С. А. Толстая писала 29 мая 1883 г: «Сережа верно уж с тобою, я благодарю его, что он продал лодку, и что был благоразумен и что писал мне» (ПСТ, стр. 210).</p>
<p rend="petit left">О получении телеграммы С. А. Толстая писала во вторник, 31 мая; «Милый Левочка, сегодня получила твою телеграмму и очень ей была рада, а то довольно беспокойства дома» (не опубликовано).</p>
<p rend="left"><hi style="opnumber">381</hi> <hi style="npnumber">382</hi></p>
</comments></div></body>
        </text>
        </TEI>