<?xml version='1.0' encoding='UTF-8' standalone='no'?>

<TEI xmlns="http://www.tei-c.org/ns/1.0">
       <teiHeader>
          <fileDesc>
             <titleStmt>
                <title>Письмо №144. С. А. Толстой</title>
             </titleStmt>
             <publicationStmt>
                <publisher>TolstoyLab</publisher>
                <date when="2015-09-14">14 September 2015</date>
             </publicationStmt>
             <sourceDesc>
                <biblStruct>
                   <analytic>
                      <author>Толстой Л.Н.</author>
                   </analytic>
                   <monogr>
                      <title level="m">Полное собрание сочинений. Том 83</title>
                      <imprint>
                         <pubPlace>Москва</pubPlace>
                         <publisher>Государственное издательство "Художественная литература"</publisher>
                         <date when="1938"/>
                      </imprint>
                   </monogr>
                   <series>
                      <title level="s">Л.Н. Толстой. Полное собрание сочинений</title>
                      <biblScope unit="vol">83</biblScope>
                   </series>
                </biblStruct>
				<bibl>Печатается по автографу, хранящемуся в АТБ. Начало письма впервые опубликовано в Б, II, стр. 330. Полностью впервые письмо напечатано по копии, сделанной С. А. Толстой, в ПЖ, стр. 120.</bibl>
             </sourceDesc>
          </fileDesc>
          <encodingDesc>
             <tagsDecl> </tagsDecl>
          </encodingDesc>
          <profileDesc>
             <correspDesc>
                <correspAction type="sending">
                   <persName ref="PersonList.xml#L_N_Tolstoy">Л. Н. Толстой</persName>
                   <placeName ref="PlacesListxml#PLACE">Пароход на Волге.</placeName>
                   <date when="1878-06-15">1878 г. Июня 15.</date>            </correspAction>
                <correspAction type="receiving">
                   <persName ref="PersonList.xml#RECEIVER">Толстая Софья Андреевна</persName>
                </correspAction>
                <correspContext>
                   <ref type="prev"/>
                </correspContext>
             </correspDesc>
          </profileDesc>
       </teiHeader>
       <xenoData><number type="in a volume">144</number></xenoData>

       <text xml:id="a15_144">
	<body><div>
		<opener index="false">
144.
1878 г. Июня 15. Пароход на Волге.</opener>
<p rend="left">Опять пишу <choice><reg>вечером</reg><orig>вечеромъ</orig></choice>, <choice><reg>с</reg><orig>съ</orig></choice> того же парохода. <choice><reg>Дети</reg><orig>Дѣти</orig></choice> здоровы, <choice><reg>спят</reg><orig>спятъ</orig></choice> и были милы. 10 <choice><reg>часов</reg><orig>часовъ</orig></choice>, <choice><reg>вечер</reg><orig>вечеръ</orig></choice>, и завтра, <choice><reg>в</reg><orig>въ</orig></choice> 4 часа, <choice><reg>Бог</reg><orig>Богъ</orig></choice> <choice><reg>даст</reg><orig>дастъ</orig></choice> <choice><reg>будем</reg><orig>будемъ</orig></choice> <choice><reg>в</reg><orig>въ</orig></choice> <choice><reg>Самаре</reg><orig>Самарѣ</orig></choice>, а <choice><reg>к</reg><orig>къ</orig></choice> вечеру на <choice><reg>хуторе</reg><orig>хуторѣ</orig></choice>. День <choice><reg>прошел</reg><orig>прошелъ</orig></choice> также тихо, спокойно и <choice><reg>приятно</reg><orig>прiятно</orig></choice>. Интересное было для меня <choice><reg>беседа</reg><orig>бесѣда</orig></choice> <choice><reg>с</reg><orig>съ</orig></choice> раскольниками <choice><reg>беспоповцами</reg><orig>безпоповцами</orig></choice>, Вятской <choice><reg>губернии</reg><orig>губернiи</orig></choice>. Мужики, купцы, очень простые, умные, приличные и серьезные люди. Прекрасный <choice><reg>был</reg><orig>былъ</orig></choice> <choice><reg>разговор</reg><orig>разговоръ</orig></choice> о <choice><reg>вере</reg><orig>вѣрѣ</orig></choice>. — <choice><reg>Дети</reg><orig>Дѣти</orig></choice> больше занимались <choice><reg>с</reg><orig>съ</orig></choice> <choice><reg>мальчиком</reg><orig>мальчикомъ</orig></choice> <choice><reg>Протопоповым</reg><orig>Протопоповымъ</orig></choice>.<note xml:id="note1" resp="volume_editor" index="false"> «Протопоповы — вдова с сыном» (н. п. С. А.).</note> Это барыня, вдова старая, ѣдетъ изъ Петербурга смотрѣть пожалованный ея мужу участокъ. Мальчикъ Илюшиныхъ лѣтъ, въ гимназіи.</p>
<p rend="left">Mr. Nief avec son carnet,<note xml:id="note2" resp="volume_editor" index="false"> [М-сье Ньеф со своей записной книжкой]</note> все <choice><reg>спрашивает</reg><orig>спрашиваетъ</orig></choice> и <choice><reg>записывает</reg><orig>записываетъ</orig></choice> и я вижу, что его литераторство его очень <choice><reg>занимает</reg><orig>занимаетъ</orig></choice>. Я <choice><reg>в</reg><orig>въ</orig></choice> первый день чувствую себя <choice><reg>здоровым</reg><orig>здоровымъ</orig></choice>, — хотя и не <choice><reg>совсем</reg><orig>совсѣмъ</orig></choice> <hi style="opdelimiter">—</hi><hi style="opnumber">259</hi> <hi style="npnumber">260</hi><hi style="npdelimiter">до</hi> <choice><reg>сих</reg><orig>сихъ</orig></choice> <choice><reg>пор</reg><orig>поръ</orig></choice> немного <choice><reg>болит</reg><orig>болитъ</orig></choice> <choice><reg>зуб</reg><orig>зубъ</orig></choice>; но <choice><reg>духом</reg><orig>духомъ</orig></choice> <choice><reg>бодр</reg><orig>бодръ</orig></choice>, — думаю и чувствую. И о <choice><reg>тебе</reg><orig>тебѣ</orig></choice> думаю и то <choice><reg>беспокоюсь</reg><orig>безпокоюсь</orig></choice>, то успокаиваюсь. <choice><reg>Расспрашивал</reg><orig>Разспрашивалъ</orig></choice> про <choice><reg>американские</reg><orig>американскiе</orig></choice> пароходы<note xml:id="note3" resp="volume_editor" index="false"> Пароходы Американской системы фирмы Зевеке — Миссури, Ниагара, Миссисипи, Н. Бернадаки и Колорадо — ходили в 1878 г. из Нижнего Новгорода в Астрахань по средам и субботам.</note> и <choice><reg>решительно</reg><orig>рѣшительно</orig></choice>, если ты <choice><reg>поедешь</reg><orig>поѣдешь</orig></choice>, <choice><reg>советую</reg><orig>совѣтую</orig></choice> <choice><reg>тебе</reg><orig>тебѣ</orig></choice> пригонять <choice><reg>к</reg><orig>къ</orig></choice> <choice><reg>середе</reg><orig>середѣ</orig></choice>, четвергу или <choice><reg>субботе</reg><orig>субботѣ</orig></choice>; по <choice><reg>этим</reg><orig>этимъ</orig></choice> <choice><reg>дням</reg><orig>днямъ</orig></choice> они <choice><reg>ходят</reg><orig>ходятъ</orig></choice>.</p>
<p rend="left"><choice><reg>В</reg><orig>Въ</orig></choice> <choice><reg>утешение</reg><orig>утѣшенiе</orig></choice> Лели <choice><reg>мальчик</reg><orig>мальчикъ</orig></choice> <choice original_editorial_correction='Прот[опопов]'><sic>Прот</sic><corr><choice><reg>Протопопов</reg><orig>Протопоповъ</orig></choice></corr></choice> <choice><reg>потерял</reg><orig>потерялъ</orig></choice> нынче свою шляпу. Наши же <choice><reg>держат</reg><orig>держатъ</orig></choice> на <choice><reg>снурках</reg><orig>снуркахъ</orig></choice> <choice><reg>новокупленные</reg><orig>новокупленныя</orig></choice>. <choice><reg>Пароход</reg><orig>Пароходъ</orig></choice>, особенно если ты попадешь на большой, <choice><reg>будет</reg><orig>будетъ</orig></choice> <choice><reg>тебе</reg><orig>тебѣ</orig></choice> и <choice><reg>детям</reg><orig>дѣтямъ</orig></choice> очень <choice><reg>приятен</reg><orig>прiятенъ</orig></choice>. —</p>
<p rend="left">Я начинаю понемногу забывать досаду потери <choice><reg>денег</reg><orig>денегъ</orig></choice>, но всетаки чувствую, что теперь <choice><reg>навеки</reg><orig>навѣки</orig></choice> уже <choice><reg>погиб</reg><orig>погибъ</orig></choice> <choice><reg>в</reg><orig>въ</orig></choice> <choice><reg>твоем</reg><orig>твоемъ</orig></choice> <choice><reg>мнении</reg><orig>мнѣнiи</orig></choice>.</p>
<p rend="left"><choice><reg>Милого</reg><orig>Милаго</orig></choice> Степу <choice><reg>целуй</reg><orig>цѣлуй</orig></choice>. Я его поминаю часто. Таня большая <choice><reg>вероятно</reg><orig>вѣроятно</orig></choice> уже теперь <choice><reg>с</reg><orig>съ</orig></choice> <choice><reg>мужем</reg><orig>мужемъ</orig></choice>,<note xml:id="note4" resp="volume_editor" index="false"> А. М. Кузминский.</note> поздравляю <choice><reg>их</reg><orig>ихъ</orig></choice> <choice><reg>обоих</reg><orig>обоихъ</orig></choice> и <choice><reg>жалею</reg><orig>жалѣю</orig></choice>, что пропускаю <choice><reg>их</reg><orig>ихъ</orig></choice>.</p>
<p rend="left">Прощай, милая. Ужасно неловко писать, <choice><reg>как</reg><orig>какъ</orig></choice> я, 4-е письмо <choice><reg>без</reg><orig>безъ</orig></choice> <choice><reg>ответа</reg><orig>отвѣта</orig></choice>; точно <choice><reg>как</reg><orig>какъ</orig></choice> говоришь долго и разное <choice><reg>человеку</reg><orig>человѣку</orig></choice>, который <choice><reg>молчит</reg><orig>молчитъ</orig></choice> и лица <choice><reg>которого</reg><orig>котораго</orig></choice> не видишь. Главное, боюсь, чтобы лицо твое не было измученное и нездоровое. —</p>
<p rend="left">Пожалуйста, засыпай раньше, не засиживайся, высыпайся и гуляй. <choice><reg>Целую</reg><orig>Цѣлую</orig></choice> тебя, душенька. <choice><reg>Из</reg><orig>Изъ</orig></choice> Богатова<note xml:id="note5" resp="volume_editor" index="false"> Богатое — Оренбургской железной дороги, в 65 верстах от Самары, ближайшая станция к имению Толстых.</note> еще напишу. Сережу, Таню, Машу, Андрюшу <choice><reg>целую</reg><orig>цѣлую</orig></choice> и благословляю. —</p>
<comments><p rend="Textpetit_otstup left">Печатается по автографу, хранящемуся в АТБ. Начало письма впервые опубликовано в Б, II, стр. 330. Полностью впервые письмо напечатано по копии, сделанной С. А. Толстой, в ПЖ, стр. 120.</p>
<p rend="Textpetit_otstup left"><hi>1</hi> «Протопоповы — вдова с сыном» (н. п. С. А.).</p>
<p rend="petit left"><hi>2</hi> [М-сье Ньеф со своей записной книжкой]</p>
<p rend="petit left"><hi>3</hi> Пароходы Американской системы фирмы Зевеке — Миссури, Ниагара, Миссисипи, Н. Бернадаки и Колорадо — ходили в 1878 г. из Нижнего Новгорода в Астрахань по средам и субботам.</p>
<p rend="petit left"><hi>4</hi> А. М. Кузминский.</p>
<p rend="petit left"><hi>5</hi> Богатое — Оренбургской железной дороги, в 65 верстах от Самары, ближайшая станция к имению Толстых.</p>
</comments></div></body>
        </text>
        </TEI>