<?xml version='1.0' encoding='UTF-8' standalone='no'?>

<TEI xmlns="http://www.tei-c.org/ns/1.0">
       <teiHeader>
          <fileDesc>
             <titleStmt>
                <title>Письмо №* 382. С. П. Ушакову.</title>
             </titleStmt>
             <publicationStmt>
                <publisher>TolstoyLab</publisher>
                <date when="2015-09-14">14 September 2015</date>
             </publicationStmt>
             <sourceDesc>
                <biblStruct>
                   <analytic>
                      <author>Толстой Л.Н.</author>
                   </analytic>
                   <monogr>
                      <title level="m">Полное собрание сочинений. Том 62</title>
                      <imprint>
                         <pubPlace>Москва</pubPlace>
                         <publisher>Государственное издательство "Художественная литература"</publisher>
                         <date when="1953"/>
                      </imprint>
                   </monogr>
                   <series>
                      <title level="s">Л.Н. Толстой. Полное собрание сочинений</title>
                      <biblScope unit="vol">62</biblScope>
                   </series>
                </biblStruct>
             </sourceDesc>
          </fileDesc>
          <encodingDesc>
             <tagsDecl> </tagsDecl>
          </encodingDesc>
          <profileDesc>
             <correspDesc>
                <correspAction type="sending">
                   <persName ref="PersonList.xml#L_N_Tolstoy">Л. Н. Толстой</persName>
                   <placeName ref="PlacesListxml#PLACE">Я. П.</placeName>
                   <date when="1878-01-15">1878 г. Января 15.</date>            </correspAction>
                <correspAction type="receiving">
                   <persName ref="PersonList.xml#RECEIVER">Ушаков Сергей Петрович</persName>
                </correspAction>
                <correspContext>
                   <ref type="prev"/>
                </correspContext>
             </correspDesc>
          </profileDesc>
       </teiHeader>
       <xenoData><number type="in a volume">382</number></xenoData>

              <text xml:id="S.P.Ushakovu_382">
	<body><div>
		<opener index="false">
* 382. С. П. Ушакову.
1878 г. Января 15. Я. П.
</opener>
<p rend="Obrashenie left">Многоуважаемый Сергей Петрович!</p>
<p rend="left">Надеюсь, что истинно жалкое положение того солдата, который подаст вам это письмо, извинит перед вами мою докучливость. Солдат этот — слепой, с стариком 80 лет и 6-ю детьми, пришел ко мне, прося совета, куда ему обратиться за помощью; а я решительно не знаю, хотя и уверен, что есть какое-нибудь учреждение в виду таких несчастных; и потому, уверенный в доброте вашего сердца, решился обратиться к вам. Я бы не смел утруждать вас, если бы мог догадаться, какой ему дать совет, но теперь уже прошу вас. Вы, верно, знаете, что ему делать, и научите и поможете и не будете сетовать на меня, что бы мне было особенно больно, так как я очень дорожу вашим ко мне расположением и с совершенной искренностью прошу принять уверения моего уважения и преданности.</p>
<p rend="right">Гр. Л. Толстой.</p>
<p rend="left">15 января</p>
<p rend="left">1878</p>
<comments><p rend="Textpetit_otstup left">Сергей Петрович Ушаков (1828—1894) — тульский губернатор (с 1873 по 1886 г.), впоследствии сенатор.</p>
</comments></div></body>
        </text>
        </TEI>