<?xml version='1.0' encoding='UTF-8' standalone='no'?>

<TEI xmlns="http://www.tei-c.org/ns/1.0">
       <teiHeader>
          <fileDesc>
             <titleStmt>
                <title>Письмо №222. П. И. Бартеневу.</title>
             </titleStmt>
             <publicationStmt>
                <publisher>TolstoyLab</publisher>
                <date when="2015-09-14">14 September 2015</date>
             </publicationStmt>
             <sourceDesc>
                <biblStruct>
                   <analytic>
                      <author>Толстой Л.Н.</author>
                   </analytic>
                   <monogr>
                      <title level="m">Полное собрание сочинений. Том 61</title>
                      <imprint>
                         <pubPlace>Москва</pubPlace>
                         <publisher>Государственное издательство "Художественная литература"</publisher>
                         <date when="1953"/>
                      </imprint>
                   </monogr>
                   <series>
                      <title level="s">Л.Н. Толстой. Полное собрание сочинений</title>
                      <biblScope unit="vol">61</biblScope>
                   </series>
                </biblStruct>
             </sourceDesc>
          </fileDesc>
          <encodingDesc>
             <tagsDecl> </tagsDecl>
          </encodingDesc>
          <profileDesc>
             <correspDesc>
                <correspAction type="sending">
                   <persName ref="PersonList.xml#L_N_Tolstoy">Л. Н. Толстой</persName>
                   <placeName ref="PlacesListxml#PLACE">Я. П.</placeName>
                   <date when="1867-08-16">1867 г. Августа 16.</date>            </correspAction>
                <correspAction type="receiving">
                   <persName ref="PersonList.xml#RECEIVER">Бартенев Петр Иванович</persName>
                </correspAction>
                <correspContext>
                   <ref type="prev"/>
                </correspContext>
             </correspDesc>
          </profileDesc>
       </teiHeader>
       <xenoData><number type="in a volume">222</number></xenoData>

              <text xml:id="P__I__Bartenevu_222">
	<body><div>
		<opener index="false">
222. П. И. Бартеневу.
1867 г. Августа 16...18. Я. П.</opener>
<p rend="left">Я очень давно (5 дней) не получаю коректур. Припугните их, пожалуйста. —</p>
<p rend="left">Не марать так, как я мараю, я не могу и твердо знаю, что маранье это идет в великую пользу. И не боюсь потому счетов типографии, которые, надеюсь, не будут уж очень придирчивы. —</p>
<p rend="left">То именно, что вам нравится, было бы много хуже, ежели бы не было раз 5 перемарано.</p>
<p rend="left">О Николеве и Балашове Александре<note xml:id="note1" resp="volume_editor" index="false"> Толстой ошибся, написав «Балашов» вместо «Уваров». Фамилия ген.-адъютанта Балашова впервые встречается в т. IV, ч. I, гл. III первого и в т. III (11), ч. I, гл. III настоящего издания.</note> я вычитал из Записок современника Жихарева<note xml:id="note2" resp="volume_editor" index="false"> Степан Петрович Жихарев (1788—1860) — писатель, сенатор, член «Арзамаса». Его книга «Записки современника с 1805 по 1814 год. I. Дневник студента», Спб. 1859 — была одним из источников, которыми пользовался Толстой при работе над «Войной и миром». Она дала материал для описания жизни семьи Ростовых и московской жизни вообще. См. К. Покровский, «Источники романа «Война и мир» — сборник «Война и мир», под редакцией В. П. Обнинского и Т. И. Полнера, М. 1912, стр. 114.</note> и потому сомневаюсь в справедливости вашего исправления. За березовую рощу очень благодарен. —</p>
<p rend="left">Записок севастопольца не успел прочесть, и скучно было. Я не люблю этот игривый тон — и оттого неправдивый.</p>
<p rend="left">Пороху А. Е. Берс вам обещал дать, ежели или когда вам нужно.</p>
<p rend="left">Последние отосланные мною коректуры о приеме Пьера в масонскую ложу я бы желал получить еще раз исправленными. — Ежели нельзя, то нечего делать, но лучше бы было. —</p>
<p rend="left"><hi>Теперь самое важное:</hi></p>
<p rend="left">Я полагаю, что выпустить два первые тома в сентябре будет невыгодно для всего издания. Надо выпустить все вместе. —</p>
<p rend="left">Кроме того, при выпуске 2-х томов, я теряю запас времени, который мне дает первая часть, не поправляемая мною.<note xml:id="note3" resp="volume_editor" index="false"> Исправление этой части Толстой произвел, главным образом, в первой корректуре. <ref target="file:///Volume_61_P__I__Bartenevu_221.xml">См. письмо № 221</ref>.</note> Запас этот мне нужен особенно для 4-го тома, на котором я боюсь задержать печатание, так как он не вполне готов. — 3-й том надеюсь прислать весь или привезти в начале сентября.<note xml:id="note4" resp="volume_editor" index="false"> См. прим. 1 к письму № 231.</note> <hi style="opdelimiter">—</hi><hi style="opnumber">176</hi></p>
<p rend="left"><hi style="npnumber">177</hi><hi style="npdelimiter">Потому</hi> прошу вас торопить печатанием 2-го тома и на него исключительно посвятить весь шрифт и все силы, а 1-ю часть приберегать на то время, когда произойдет задержка за моей рукописью.</p>
<p rend="right">Весь ваш Л. Толстой.</p>
<comments><p rend="Textpetit_otstup left">Два отрывка впервые опубликованы в ТПТ, 2, стр. 176 и 179; первая половина письма — в журнале «Печать и революция», 1924, 4, стр. 91; полностью в «Сборнике Государственного Толстовского музея», М. 1937, стр. 171. Датируется по письмам П. И. Бартенева от 12 и 13 августа, на которые Толстой отвечает (см. прим. к письму № 221).</p>
<p rend="Textpetit_otstup left"><hi>1</hi> Толстой ошибся, написав «Балашов» вместо «Уваров». Фамилия ген.-адъютанта Балашова впервые встречается в т. IV, ч. I, гл. III первого и в т. III (11), ч. I, гл. III настоящего издания.</p>
<p rend="petit left"><hi>2</hi> Степан Петрович Жихарев (1788—1860) — писатель, сенатор, член «Арзамаса». Его книга «Записки современника с 1805 по 1814 год. I. Дневник студента», Спб. 1859 — была одним из источников, которыми пользовался Толстой при работе над «Войной и миром». Она дала материал для описания жизни семьи Ростовых и московской жизни вообще. См. К. Покровский, «Источники романа «Война и мир» — сборник «Война и мир», под редакцией В. П. Обнинского и Т. И. Полнера, М. 1912, стр. 114.</p>
<p rend="petit left"><hi>3</hi> Исправление этой части Толстой произвел, главным образом, в первой корректуре. <ref target="file:///Volume_61_P__I__Bartenevu_221.xml">См. письмо № 221</ref>.</p>
<p rend="petit left"><hi>4</hi> См. прим. 1 к письму № 231.</p>
</comments></div></body>
        </text>
        </TEI>