<?xml version='1.0' encoding='UTF-8' standalone='no'?>

<TEI xmlns="http://www.tei-c.org/ns/1.0">
       <teiHeader>
          <fileDesc>
             <titleStmt>
                <title>Письмо №72. Н. А. Некрасову.</title>
             </titleStmt>
             <publicationStmt>
                <publisher>TolstoyLab</publisher>
                <date when="2015-09-14">14 September 2015</date>
             </publicationStmt>
             <sourceDesc>
                <biblStruct>
                   <analytic>
                      <author>Толстой Л.Н.</author>
                   </analytic>
                   <monogr>
                      <title level="m">Полное собрание сочинений. Том 59</title>
                      <imprint>
                         <pubPlace>Москва</pubPlace>
                         <publisher>Государственное издательство "Художественная литература"</publisher>
                         <date when="1935"/>
                      </imprint>
                   </monogr>
                   <series>
                      <title level="s">Л.Н. Толстой. Полное собрание сочинений</title>
                      <biblScope unit="vol">59</biblScope>
                   </series>
                </biblStruct>
				<bibl>Печатается по автографу, хранящемуся в ЛБ. Впервые напечатано Н. С. Ашукиным в АК, стр. 189—190. Год определяется содержанием: речь идет о рассказе «Набег», напечатанном в мартовской книжке «Современника» за 1853 г.</bibl>
             </sourceDesc>
          </fileDesc>
          <encodingDesc>
             <tagsDecl> </tagsDecl>
          </encodingDesc>
          <profileDesc>
             <correspDesc>
                <correspAction type="sending">
                   <persName ref="PersonList.xml#L_N_Tolstoy">Л. Н. Толстой</persName>
                   <placeName ref="PlacesListxml#PLACE">Станица Старогладковская.</placeName>
                   <date when="1852-12-26">1852 г. Декабря 26.</date>            </correspAction>
                <correspAction type="receiving">
                   <persName ref="PersonList.xml#RECEIVER">Некрасов Николай Алексеевич</persName>
                </correspAction>
                <correspContext>
                   <ref type="prev"/>
                </correspContext>
             </correspDesc>
          </profileDesc>
       </teiHeader>
       <xenoData><number type="in a volume">72</number></xenoData>

              <text xml:id="N.A.Nekrasovu_72">
	<body><div>
		<opener index="false">
72. Н. А. Некрасову.
1852 г. Декабря 26. Станица Старогладковская.
</opener><p rend="right">26 декабря.</p>

<p rend="Obrashenie left">Милостивый Государь!</p>
<p rend="left">Посылаю небольшой <choice><reg>рассказ</reg><orig>разсказъ</orig></choice>; ежели <choice><reg>вам</reg><orig>вамъ</orig></choice> <choice><reg>будет</reg><orig>будетъ</orig></choice> угодно напечатать его на <choice><reg>предложенных</reg><orig>предложенныхъ</orig></choice> <choice><reg>мне</reg><orig>мнѣ</orig></choice> <choice><reg>условиях</reg><orig>условiяхъ</orig></choice>, то будьте <choice><reg>так</reg><orig>такъ</orig></choice> добры, исполните <choice><reg>следующия</reg><orig>слѣдующiя</orig></choice> мои просьбы: не выпускайте, не прибавляйте, и главное, не <choice><reg>переменяйте</reg><orig>перемѣняйте</orig></choice> <choice><reg>в</reg><orig>въ</orig></choice> <choice><reg>нем</reg><orig>немъ</orig></choice> ничего. <choice><reg>Ежели бы</reg><orig>Ежели-бы</orig></choice> что нибудь <choice><reg>в</reg><orig>въ</orig></choice> <choice><reg>нем</reg><orig>немъ</orig></choice> <choice><reg>так</reg><orig>такъ</orig></choice> не понравилось <choice><reg>вам</reg><orig>вамъ</orig></choice>, что вы не <choice><reg>решитесь</reg><orig>рѣшитесь</orig></choice> напечатать <choice><reg>без</reg><orig>безъ</orig></choice> <choice><reg>изменения</reg><orig>измѣненiя</orig></choice>, то лучше подождать печатать и объясниться.</p>
<p rend="left">Ежели, <choice><reg>против</reg><orig>противъ</orig></choice> <choice><reg>чаяния</reg><orig>чаянiя</orig></choice>, Цензура <choice><reg>вымарает</reg><orig>вымараетъ</orig></choice> <choice><reg>в</reg><orig>въ</orig></choice> <choice><reg>этом</reg><orig>этомъ</orig></choice> <choice><reg>рассказе</reg><orig>разсказѣ</orig></choice> <choice><reg>слишком</reg><orig>слишкомъ</orig></choice> много, то пожалуйста не печатайте его <choice><reg>в</reg><orig>въ</orig></choice> <choice><reg>изувеченном</reg><orig>изувѣченномъ</orig></choice> <choice><reg>виде</reg><orig>видѣ</orig></choice>, а возвратите <choice><reg>мне</reg><orig>мнѣ</orig></choice>. На <choice><reg>последней</reg><orig>послѣдней</orig></choice> <choice><reg>странице</reg><orig>страницѣ</orig></choice> я <choice><reg>означил</reg><orig>означилъ</orig></choice> × и * два <choice><reg>вариянта</reg><orig>варiянта</orig></choice>, <choice><reg>которые</reg><orig>которыя</orig></choice> я <choice><reg>сделал</reg><orig>сдѣлалъ</orig></choice> <choice><reg>в</reg><orig>въ</orig></choice> <choice><reg>двух</reg><orig>двухъ</orig></choice> <choice><reg>местах</reg><orig>мѣстахъ</orig></choice>, за <choice><reg>которые</reg><orig>которыя</orig></choice> я боюсь <choice><reg>в</reg><orig>въ</orig></choice> <choice><reg>этом</reg><orig>этомъ</orig></choice> <choice><reg>отношении</reg><orig>отношенiи</orig></choice>; просмотрите и вставьте <choice><reg>их</reg><orig>ихъ</orig></choice>, ежели найдете это <choice><reg>полезным</reg><orig>полезнымъ</orig></choice>.</p>
<p rend="left">Я полагаю, что <choice><reg>примечания</reg><orig>примѣчанiя</orig></choice>, <choice><reg>которые</reg><orig>которыя</orig></choice> я <choice><reg>сделал</reg><orig>сдѣлалъ</orig></choice> на <choice><reg>последнем</reg><orig>послѣднемъ</orig></choice> <choice><reg>листе</reg><orig>листѣ</orig></choice>, или по крайней <choice><reg>мере</reg><orig>мѣрѣ</orig></choice> <choice><reg>некоторые</reg><orig>нѣкоторыя</orig></choice> <choice><reg>из</reg><orig>изъ</orig></choice> <choice><reg>них</reg><orig>нихъ</orig></choice> необходимы для <choice><reg>Русских</reg><orig>Русскихъ</orig></choice> читателей.</p>
<p rend="left"><choice><reg>Я бы</reg><orig>Я-бы</orig></choice> тоже <choice><reg>желал</reg><orig>желалъ</orig></choice>, чтобы <choice><reg>деления</reg><orig>дѣленiя</orig></choice>, <choice><reg>означенные</reg><orig>означенныя</orig></choice> мною черточкой, <choice><reg>так бы</reg><orig>такъ-бы</orig></choice> и оставались <choice><reg>в</reg><orig>въ</orig></choice> печати. <hi style="opdelimiter">—</hi><hi style="opnumber">221</hi></p>
<p rend="left"><hi style="npnumber">222</hi><hi style="npdelimiter">Извините,</hi> что рукопись уродливо и нечисто написана; и то <choice><reg>мне</reg><orig>мнѣ</orig></choice> стоило <choice><reg>ужасного</reg><orig>ужаснаго</orig></choice> труда!<note xml:id="note1" resp="volume_editor" index="false"> Рукопись эта не дошла до нас.</note> <choice><reg>В</reg><orig>Въ</orig></choice> <choice><reg>ожидании</reg><orig>ожиданiи</orig></choice> вашего <choice><reg>ответа</reg><orig>отвѣта</orig></choice> и <choice><reg>мнения</reg><orig>мнѣнiя</orig></choice> о <choice><reg>этом</reg><orig>этомъ</orig></choice> <choice><reg>рассказе</reg><orig>разсказѣ</orig></choice>, <choice><reg>имею</reg><orig>имѣю</orig></choice> честь быть, <choice><reg>с</reg><orig>съ</orig></choice> <choice><reg>совершенным</reg><orig>совершеннымъ</orig></choice> <choice><reg>уважением</reg><orig>уваженiемъ</orig></choice>, <choice><reg>ваш</reg><orig>вашъ</orig></choice> <choice><reg>покорнейший</reg><orig>покорнѣйшiй</orig></choice> слуга.</p>
<p rend="right">Г. Л. Толстой.</p>
<comments><p rend="Textpetit_otstup left">Печатается по автографу, хранящемуся в ЛБ. Впервые напечатано Н. С. Ашукиным в АК, стр. 189—190. Год определяется содержанием: речь идет о рассказе «Набег», напечатанном в мартовской книжке «Современника» за 1853 г.</p>
<p rend="Textpetit_otstup left"><hi>1</hi> Рукопись эта не дошла до нас.</p>
</comments></div></body>
        </text>
        </TEI>