<?xml version='1.0' encoding='UTF-8' standalone='no'?>

<TEI xmlns="http://www.tei-c.org/ns/1.0">
       <teiHeader>
          <fileDesc>
             <titleStmt>
                <title>Письмо №97. С. А. Толстой</title>
             </titleStmt>
             <publicationStmt>
                <publisher>TolstoyLab</publisher>
                <date when="2015-09-14">14 September 2015</date>
             </publicationStmt>
             <sourceDesc>
                <biblStruct>
                   <analytic>
                      <author>Толстой Л.Н.</author>
                   </analytic>
                   <monogr>
                      <title level="m">Полное собрание сочинений. Том 83</title>
                      <imprint>
                         <pubPlace>Москва</pubPlace>
                         <publisher>Государственное издательство "Художественная литература"</publisher>
                         <date when="1938"/>
                      </imprint>
                   </monogr>
                   <series>
                      <title level="s">Л.Н. Толстой. Полное собрание сочинений</title>
                      <biblScope unit="vol">83</biblScope>
                   </series>
                </biblStruct>
				<bibl>Печатается по автографу, хранящемуся в АТБ. Впервые отрывок из письма опубликован в Б, II, 1908, стр. 176; полностью по копии, сделанной С. А. Толстой, в ПЖ, стр. 92—95, причем приписка напечатана как отдельное письмо.</bibl>
             </sourceDesc>
          </fileDesc>
          <encodingDesc>
             <tagsDecl> </tagsDecl>
          </encodingDesc>
          <profileDesc>
             <correspDesc>
                <correspAction type="sending">
                   <persName ref="PersonList.xml#L_N_Tolstoy">Л. Н. Толстой</persName>
                   <placeName ref="PlacesListxml#PLACE">Каралык.</placeName>
                   <date from="1871-07-16" to="1871-07-17">1871 г. Июля 16 — 17</date>            </correspAction>
                <correspAction type="receiving">
                   <persName ref="PersonList.xml#RECEIVER">Толстая Софья Андреевна</persName>
                </correspAction>
                <correspContext>
                   <ref type="prev"/>
                </correspContext>
             </correspDesc>
          </profileDesc>
       </teiHeader>
       <xenoData><number type="in a volume">97</number></xenoData>

       <text xml:id="a16-17_97">
	<body><div>
		<opener index="false">
97.
1871 г. Июля 16—17. Каралык.
</opener><p rend="left">Давно я <choice><reg>тебе</reg><orig>тебѣ</orig></choice> не <choice><reg>писал</reg><orig>писалъ</orig></choice>, милый <choice><reg>друг</reg><orig>другъ</orig></choice>. <choice><reg>Виноват</reg><orig>Виноватъ</orig></choice> немного я, но больше судьба. Я <choice><reg>пропустил</reg><orig>пропустилъ</orig></choice> <choice><reg>один</reg><orig>одинъ</orig></choice> случай писать, и <choice><reg>с</reg><orig>съ</orig></choice> <choice><reg>тех</reg><orig>тѣхъ</orig></choice> <choice><reg>пор</reg><orig>поръ</orig></choice> каждый день <choice><reg>мне</reg><orig>мнѣ</orig></choice> <choice><reg>обещают</reg><orig>обѣщаютъ</orig></choice>: «<choice><reg>вот</reg><orig>вотъ</orig></choice> <choice><reg>поедет</reg><orig>поѣдетъ</orig></choice>, <choice><reg>вот</reg><orig>вотъ</orig></choice> <choice><reg>поедет</reg><orig>поѣдетъ</orig></choice>», и я все <choice><reg>откладывал</reg><orig>откладывалъ</orig></choice>, 5 дней, но теперь <choice><reg>уж</reg><orig>ужъ</orig></choice> не могу <choice><reg>более</reg><orig>болѣе</orig></choice> <choice><reg>терпеть</reg><orig>терпѣть</orig></choice> и посылаю <choice><reg>нарочного</reg><orig>нарочнаго</orig></choice>. <choice><reg>Последнее</reg><orig>Послѣднее</orig></choice> письмо я <choice><reg>писал</reg><orig>писалъ</orig></choice> <choice><reg>тебе</reg><orig>тебѣ</orig></choice>, кажется, 10-го или 9-го <choice><reg>перед</reg><orig>передъ</orig></choice> <choice><reg>отъездом</reg><orig>отъѣздомъ</orig></choice>. Мы действительно <choice><reg>поехали</reg><orig>поѣхали</orig></choice>; <choice original_editorial_correction='т[ак]'><sic>т</sic><corr><choice><reg>так</reg><orig>такъ</orig></choice></corr></choice> <choice original_editorial_correction='н[азываемый]'><sic>н</sic><corr>называемый</corr></choice> Костинька,<note xml:id="note1" resp="volume_editor" index="false"> Муромский помещик.</note> <choice><reg>Барон</reg><orig>Баронъ</orig></choice> <choice><reg>Бистром</reg><orig>Бистромъ</orig></choice>, юноша, <choice><reg>немчик</reg><orig>нѣмчикъ</orig></choice>, только что <choice><reg>кончивший</reg><orig>кончившiй</orig></choice> <choice><reg>курс</reg><orig>курсъ</orig></choice> <choice><reg>в</reg><orig>въ</orig></choice> <choice><reg>лицее</reg><orig>лицеѣ</orig></choice> <choice><reg>с</reg><orig>съ</orig></choice> медалью, Степа и я, на <choice><reg>паре</reg><orig>парѣ</orig></choice> лошадей, <choice><reg>в</reg><orig>въ</orig></choice> <choice><reg>корзинке</reg><orig>корзинкѣ</orig></choice> плетеной (<choice><reg>здесь</reg><orig>здѣсь</orig></choice> <choice><reg>все</reg><orig>всѣ</orig></choice> <choice><reg>так</reg><orig>такъ</orig></choice> <choice><reg>ездят</reg><orig>ѣздятъ</orig></choice>), <choice><reg>без</reg><orig>безъ</orig></choice> проводника и кучера. Мы сами не знали, куда мы <choice><reg>едем</reg><orig>ѣдемъ</orig></choice>, и по <choice><reg>дороге</reg><orig>дорогѣ</orig></choice> у <choice><reg>встречных</reg><orig>встрѣчныхъ</orig></choice> спрашивали: не <choice><reg>знают</reg><orig>знаютъ</orig></choice> ли они, куда мы <choice><reg>едем</reg><orig>ѣдемъ</orig></choice>? Мы <choice><reg>ехали</reg><orig>ѣхали</orig></choice> собственно кататься по <choice><reg>тем</reg><orig>тѣмъ</orig></choice> <choice><reg>местам</reg><orig>мѣстамъ</orig></choice>, <choice><reg>где</reg><orig>гдѣ</orig></choice> есть <choice><reg>кумыс</reg><orig>кумысъ</orig></choice>, и <choice><reg>стрелять</reg><orig>стрѣлять</orig></choice>, <choice><reg>имея</reg><orig>имѣя</orig></choice> только смутное <choice><reg>понятие</reg><orig>понятiе</orig></choice> о <choice><reg>каком-то</reg><orig>какомъ-то</orig></choice> <choice><reg>Иргизе</reg><orig>Иргизѣ</orig></choice>,<note xml:id="note2" resp="volume_editor" index="false"> Большой Иргиз — река, впадающая в Волгу; притоком ее является Каралык.</note> <choice><reg>Камелике</reg><orig>Камеликѣ</orig></choice>.<note xml:id="note3" resp="volume_editor" index="false"> Камелик — левый приток Б. Иргиза, южнее Каралыка.</note> <choice><reg>Поездка</reg><orig>Поѣздка</orig></choice> наша продолжалась 4 дня и удалась прекрасно. Дичи пропасть, <choice><reg>девать</reg><orig>дѣвать</orig></choice> некуда — <choice><reg>уток</reg><orig>утокъ</orig></choice> и <choice><reg>есть</reg><orig>ѣсть</orig></choice> не кому, и Башкиры, и <choice><reg>места</reg><orig>мѣста</orig></choice>, <choice><reg>где</reg><orig>гдѣ</orig></choice> мы были, и товарищи наши были прекрасные.</p>
<p rend="left">Меня, благодаря моему графскому титулу и прежнему моему знакомству <choice><reg>с</reg><orig>съ</orig></choice> <choice><reg>Сталыпиным</reg><orig>Сталыпинымъ</orig></choice>,<note xml:id="note4" resp="volume_editor" index="false"> Аркадий Дмитриевич Столыпин (1821—1899), генерал; занимался литературой и музыкой. Отец премьера Столыпина. Давнишний приятель Толстого, который был с ним на «ты»; были вместе участниками Севастопольской кампании. Толстой встретился с ним во время своего пребывания на кумысе в 1862 г., когда Столыпин служил атаманом в Уральске.</note> <choice><reg>здесь</reg><orig>здѣсь</orig></choice> <choice><reg>все</reg><orig>всѣ</orig></choice> Башкиры <choice><reg>знают</reg><orig>знаютъ</orig></choice> и очень <choice><reg>уважают</reg><orig>уважаютъ</orig></choice>. Принимали <choice><reg>нас</reg><orig>насъ</orig></choice> <choice><reg>везде</reg><orig>вездѣ</orig></choice> <choice><reg>с</reg><orig>съ</orig></choice> <hi style="opdelimiter"><choice><reg>гостеприимством</reg><orig>гостепрiимствомъ</orig></choice>,</hi><hi style="opnumber">198</hi> <hi style="npnumber">199</hi><hi style="npdelimiter">которое</hi> трудно описать. Куда <choice><reg>приезжаешь</reg><orig>прiѣзжаешь</orig></choice>, <choice><reg>хозяин</reg><orig>хозяинъ</orig></choice> <choice><reg>закалывает</reg><orig>закалываетъ</orig></choice> <choice><reg>жирного</reg><orig>жирнаго</orig></choice> <choice><reg>курдюцкого</reg><orig>курдюцкаго</orig></choice> барана, <choice><reg>становит</reg><orig>становитъ</orig></choice> огромную кадку кумысу, <choice><reg>стелит</reg><orig>стелитъ</orig></choice> ковры и подушки на полу, <choice><reg>сажает</reg><orig>сажаетъ</orig></choice> на <choice><reg>них</reg><orig>нихъ</orig></choice> гостей и не <choice><reg>выпускает</reg><orig>выпускаетъ</orig></choice>, пока не <choice><reg>съедят</reg><orig>съѣдятъ</orig></choice> его барана и не <choice><reg>выпьют</reg><orig>выпьютъ</orig></choice> его <choice><reg>кумыс</reg><orig>кумысъ</orig></choice>. <choice><reg>Из</reg><orig>Изъ</orig></choice> <choice><reg>рук</reg><orig>рукъ</orig></choice> <choice><reg>поит</reg><orig>поитъ</orig></choice> гостей и руками (<choice><reg>без</reg><orig>безъ</orig></choice> вилки) <choice><reg>в</reg><orig>въ</orig></choice> <choice><reg>рот</reg><orig>ротъ</orig></choice> <choice><reg>кладет</reg><orig>кладетъ</orig></choice> <choice><reg>гостям</reg><orig>гостямъ</orig></choice> баранину и <choice><reg>жир</reg><orig>жиръ</orig></choice>, и нельзя его <choice><reg>обидеть</reg><orig>обидѣть</orig></choice>. —</p>
<p rend="left">Много было смѣшнаго. Мы съ Костинькой пили и ѣли съ удовольствіемъ, и это намъ очевидно было въ пользу, но Степа и Баронъ были смѣшны и жалки, особенно Баронъ. Ему хотѣлось не отставать, и онъ пилъ, но подъ конецъ его вырвало на ковры, и потомъ, когда мы на обратномъ пути намекнули, не заѣхать ли опять къ гостепріимному Башкиру, такъ онъ чуть не со слезами сталъ просить, чтобы не ѣздить. Изъ этаго ты можешь видѣть, что здоровье мое хорошо. Немножко болѣлъ бокъ это время; но слабо, и теперь совсѣмъ прошелъ. Главное то, что тоски помину нѣтъ, и что я теперь впился въ кумысъ и вошелъ въ настоящее кумысное состояніе, т. е. съ утра до вечера немного пьянъ кумысомъ, и иногда цѣлые дни ничего не ѣмъ или чуть-чуть. Погода здѣсь чудная. Во время поѣздки былъ дождь; но теперь три дня жара ужасная, но мнѣ пріятная. Степа теперь ужъ не скучаетъ, и, кажется, потолстѣлъ и возмужалъ. Многихъ бы я привезъ сюда. Тебя, Сережу, Ганну. Какъ меня мучаетъ ея болѣзнь.<note xml:id="note5" resp="volume_editor" index="false"> С. А. Толстая писала в своем письме от 30 июня: «У нас Ханна всё хворает, из комнаты не выходит, всё зубы и лихорадочное состояние. Нынче не было лихорадки, и ей лучше, но она всё-таки плоха» (стр. 107).</note> Избави <choice><reg>Бог</reg><orig>Богъ</orig></choice>, <choice><reg>как</reg><orig>какъ</orig></choice> она разболится, <choice><reg>как</reg><orig>какъ</orig></choice> <choice><reg>летось</reg><orig>лѣтось</orig></choice>. <choice><reg>С</reg><orig>Съ</orig></choice> <choice><reg>тех</reg><orig>тѣхъ</orig></choice> <choice><reg>пор</reg><orig>поръ</orig></choice>, <choice><reg>как</reg><orig>какъ</orig></choice> ты <choice><reg>мне</reg><orig>мнѣ</orig></choice> написала о <choice><reg>Бибикове</reg><orig>Бибиковѣ</orig></choice>,<note xml:id="note6" resp="volume_editor" index="false"> 1 июля С. А. Толстая писала: «К тебе собирается на кумыс Александр Николаевич Бибиков».</note> я каждый день смотрю по <choice><reg>дороге</reg><orig>дорогѣ</orig></choice> и жду его. Если бы <choice><reg>он</reg><orig>онъ</orig></choice> <choice><reg>приехал</reg><orig>прiѣхалъ</orig></choice>, я бы <choice><reg>был</reg><orig>былъ</orig></choice> очень <choice><reg>счастлив</reg><orig>счастливъ</orig></choice> и <choice><reg>угостил</reg><orig>угостилъ</orig></choice> бы его <choice><reg>всем</reg><orig>всѣмъ</orig></choice> <choice><reg>тем</reg><orig>тѣмъ</orig></choice>, что <choice><reg>он</reg><orig>онъ</orig></choice> <choice><reg>любит</reg><orig>любитъ</orig></choice>, и <choice><reg>наверно</reg><orig>навѣрно</orig></choice> <choice><reg>предпринял</reg><orig>предпринялъ</orig></choice> бы <choice><reg>поездку</reg><orig>поѣздку</orig></choice> <choice><reg>в</reg><orig>въ</orig></choice> Уфу (все по <choice><reg>Башкирам</reg><orig>Башкирамъ</orig></choice>), 400 <choice><reg>верст</reg><orig>верстъ</orig></choice>, и оттуда уже прямо бы вернулся на <choice><reg>пароходе</reg><orig>пароходѣ</orig></choice> по <choice><reg>реке</reg><orig>рѣкѣ</orig></choice> <choice><reg>Белой</reg><orig>Бѣлой</orig></choice> <choice><reg>в</reg><orig>въ</orig></choice> Каму и <choice><reg>из</reg><orig>изъ</orig></choice> Камы <choice><reg>в</reg><orig>въ</orig></choice> Волгу. Теперь я этой <choice><reg>поездки</reg><orig>поѣздки</orig></choice>, хотя и мечтаю о ней, почти <choice><reg>наверно</reg><orig>навѣрно</orig></choice> не <choice><reg>сделаю</reg><orig>сдѣлаю</orig></choice>. Боюсь, что она <choice><reg>задержит</reg><orig>задержитъ</orig></choice> меня хоть на день <choice><reg>приездом</reg><orig>прiѣздомъ</orig></choice> домой. <choice><reg>С</reg><orig>Съ</orig></choice> <choice><reg>каждым</reg><orig>каждымъ</orig></choice> <choice><reg>днем</reg><orig>днемъ</orig></choice>, что я врозь <choice><reg>от</reg><orig>отъ</orig></choice> тебя, я все <choice><reg>сильнее</reg><orig>сильнѣе</orig></choice>, и <choice><reg>тревожнее</reg><orig>тревожнѣе</orig></choice>, и <choice><reg>страстнее</reg><orig>страстнѣе</orig></choice> думаю о <choice><reg>тебе</reg><orig>тебѣ</orig></choice>, и все тяжеле <choice><reg>мне</reg><orig>мнѣ</orig></choice>. Про это нельзя говорить. Теперь остается 16 дней. <choice><reg>Поездка</reg><orig>Поѣздка</orig></choice> же <choice><reg>в</reg><orig>въ</orig></choice> Уфу интересна <choice><reg>мне</reg><orig>мнѣ</orig></choice> потому, что дорога туда <choice><reg>идет</reg><orig>идетъ</orig></choice> по одному <choice><reg>из</reg><orig>изъ</orig></choice> <choice><reg>самых</reg><orig>самыхъ</orig></choice> <choice><reg>глухих</reg><orig>глухихъ</orig></choice> и <choice><reg>благодатнейших</reg><orig>благодатнѣйшихъ</orig></choice> <choice><reg>краев</reg><orig>краевъ</orig></choice> <choice><reg>России</reg><orig>Россiи</orig></choice>. Можешь <choice><reg>себе</reg><orig>себѣ</orig></choice> представить, что <choice><reg>там</reg><orig>тамъ</orig></choice> земля, <choice><reg>в</reg><orig>въ</orig></choice> которой <choice><reg>леса</reg><orig>лѣса</orig></choice>, степи, <choice><reg>реки</reg><orig>рѣки</orig></choice>, <choice><reg>везде</reg><orig>вездѣ</orig></choice> ключи, и земля нетронутый ковыль <choice><reg>с</reg><orig>съ</orig></choice> <choice><reg>сотворения</reg><orig>сотворенiя</orig></choice> <choice><reg>мира</reg><orig>мiра</orig></choice>, <hi style="opdelimiter">родящая</hi><hi style="opnumber">199</hi> <hi style="npnumber">200</hi><hi style="npdelimiter">лучшую</hi> пшеницу, и земля только <choice><reg>в</reg><orig>въ</orig></choice> 100 <choice><reg>верстах</reg><orig>верстахъ</orig></choice> <choice><reg>от</reg><orig>отъ</orig></choice> <choice><reg>пароходного</reg><orig>пароходнаго</orig></choice> пути продается Башкирцами по 3 <choice original_editorial_correction='р[убля]'><sic>р</sic><corr>рубля</corr></choice> за <choice original_editorial_correction='дес[ятину]'><sic>дес</sic><corr>десятину</corr></choice>. Ежели не купить, то <choice><reg>мне</reg><orig>мнѣ</orig></choice> <choice><reg>хотелось</reg><orig>хотѣлось</orig></choice> очень <choice><reg>посмотреть</reg><orig>посмотрѣть</orig></choice> эту землю. <choice><reg>Дело</reg><orig>Дѣло</orig></choice> о <choice><reg>покупке</reg><orig>покупкѣ</orig></choice> <choice><reg>здешней</reg><orig>здѣшней</orig></choice> земли не подвигается. Я <choice><reg>написал</reg><orig>написалъ</orig></choice> <choice><reg>Саше</reg><orig>Сашѣ</orig></choice><note xml:id="note7" resp="volume_editor" index="false"> Александру Андреевичу Берсу.</note> <choice><reg>в</reg><orig>въ</orig></choice> <choice><reg>Петербург</reg><orig>Петербургъ</orig></choice>, <choice><reg>чтоб</reg><orig>чтобъ</orig></choice> <choice><reg>он</reg><orig>онъ</orig></choice> <choice><reg>торговал</reg><orig>торговалъ</orig></choice> у Тучкова, и <choice><reg>здешнему</reg><orig>здѣшнему</orig></choice> <choice><reg>поверенному</reg><orig>повѣренному</orig></choice> Тучкова <choice><reg>в</reg><orig>въ</orig></choice> Самару, но ни <choice><reg>от</reg><orig>отъ</orig></choice> того, ни <choice><reg>от</reg><orig>отъ</orig></choice> <choice><reg>другого</reg><orig>другаго</orig></choice> не <choice><reg>получал</reg><orig>получалъ</orig></choice> <choice><reg>ответа</reg><orig>отвѣта</orig></choice>. Стороной до меня дошли слухи, что <choice><reg>хотят</reg><orig>хотятъ</orig></choice> теперь просить дороже 7 <choice original_editorial_correction='р[ублей]'><sic>р</sic><corr>рублей</corr></choice>. Если <choice><reg>так</reg><orig>такъ</orig></choice>, то я не куплю. Ты знаешь, я во <choice><reg>всем</reg><orig>всемъ</orig></choice> предоставляю <choice><reg>решение</reg><orig>рѣшенiе</orig></choice> <choice><reg>судьбе</reg><orig>судьбѣ</orig></choice>. <choice><reg>Так</reg><orig>Такъ</orig></choice> и <choice><reg>в</reg><orig>въ</orig></choice> <choice><reg>этом</reg><orig>этомъ</orig></choice>.</p>
<p rend="left"><choice><reg>После</reg><orig>Послѣ</orig></choice> моего <choice><reg>последнего</reg><orig>послѣдняго</orig></choice> письма, я <choice><reg>получил</reg><orig>получилъ</orig></choice> еще два письма <choice><reg>от</reg><orig>отъ</orig></choice> тебя.<note xml:id="note8" resp="volume_editor" index="false"> Письма от 30 июня и 1 июля 1871 г.</note> <choice><reg>Хотел</reg><orig>Хотѣлъ</orig></choice> написать, душенька, пиши чаще и больше; но на это мое письмо едва ли ты <choice><reg>успеешь</reg><orig>успѣешь</orig></choice> <choice><reg>ответить</reg><orig>отвѣтить</orig></choice> <choice><reg>мне</reg><orig>мнѣ</orig></choice> иначе, <choice><reg>как</reg><orig>какъ</orig></choice> <choice><reg>в</reg><orig>въ</orig></choice> <choice><reg>Нижний</reg><orig>Нижнiй</orig></choice>. Письма твои, однако, <choice><reg>мне</reg><orig>мнѣ</orig></choice> <choice><reg>уж</reg><orig>ужъ</orig></choice> <choice><reg>вероятно</reg><orig>вѣроятно</orig></choice> <choice><reg>вреднее</reg><orig>вреднѣе</orig></choice> <choice><reg>всех</reg><orig>всѣхъ</orig></choice> <choice><reg>Греков</reg><orig>Грековъ</orig></choice> <choice><reg>тем</reg><orig>тѣмъ</orig></choice> <choice><reg>волнением</reg><orig>волненiемъ</orig></choice>, <choice original_editorial_correction='к[оторое]'><sic>к</sic><corr>которое</corr></choice> они во <choice><reg>мне</reg><orig>мнѣ</orig></choice> <choice><reg>делают</reg><orig>дѣлаютъ</orig></choice>. <choice><reg>Тем</reg><orig>Тѣмъ</orig></choice> <choice><reg>более</reg><orig>болѣе</orig></choice>, что я <choice><reg>их</reg><orig>ихъ</orig></choice> получаю <choice><reg>вдруг</reg><orig>вдругъ</orig></choice>. Я не могу <choice><reg>их</reg><orig>ихъ</orig></choice> читать <choice><reg>без</reg><orig>безъ</orig></choice> <choice><reg>слез</reg><orig>слезъ</orig></choice>, и весь дрожу, и сердце бьется. И ты пишешь, что <choice><reg>придет</reg><orig>придетъ</orig></choice> <choice><reg>в</reg><orig>въ</orig></choice> голову; a <choice><reg>мне</reg><orig>мнѣ</orig></choice> <hi>каждое слово</hi> значительно, и <choice><reg>все</reg><orig>всѣ</orig></choice> <choice><reg>их</reg><orig>ихъ</orig></choice> перечитываю. Два <choice><reg>известия</reg><orig>извѣстiя</orig></choice> твои очень грустны: это то, что я не увижу мама,<note xml:id="note9" resp="volume_editor" index="false"> См. прим. 8 к письму № 96.</note> если не <choice><reg>поеду</reg><orig>поѣду</orig></choice> <choice><reg>к</reg><orig>къ</orig></choice> <choice><reg>Лизе</reg><orig>Лизѣ</orig></choice> и не увезу ее опять <choice><reg>к</reg><orig>къ</orig></choice> <choice><reg>нам</reg><orig>намъ</orig></choice>, что я <choice><reg>намерен</reg><orig>намѣренъ</orig></choice> <choice><reg>сделать</reg><orig>сдѣлать</orig></choice>, и главное, что милый <choice><reg>друг</reg><orig>другъ</orig></choice> Таня <choice><reg>угрожает</reg><orig>угрожаетъ</orig></choice> <choice><reg>уехать</reg><orig>уѣхать</orig></choice> до меня.<note xml:id="note10" resp="volume_editor" index="false"> Т. А. Кузминская собиралась ехать к мужу в Кутаис.</note> Это было бы очень грустно. Что ты не пишешь о <choice original_editorial_correction='Тет[еньке]'><sic>Тет</sic><corr><choice><reg>Тетеньке</reg><orig>Тетенькѣ</orig></choice></corr></choice> <choice original_editorial_correction='Тат[ьяне]'><sic>Тат</sic><corr><choice><reg>Татьяне</reg><orig>Татьянѣ</orig></choice></corr></choice> <choice original_editorial_correction='Ал[ександровне]'><sic>Ал</sic><corr>Александровне</corr></choice>. <choice><reg>Получил</reg><orig>Получилъ</orig></choice> я еще по письму <choice><reg>от</reg><orig>отъ</orig></choice> Урусова и Фета и буду <choice><reg>им</reg><orig>имъ</orig></choice> <choice><reg>отвечать</reg><orig>отвѣчать</orig></choice>.<note xml:id="note11" resp="volume_editor" index="false"> Фет писал Толстому в Самарскую губернию. «.....Пустите в жизнь офицерского (самый скверный) — обломовского, помещичьего, дружеского, какого хотите соку. Но пустите его непременно...... А вот писать до трепету свечей в глазах и выучиться в полгода по Гречески и так всю жизнь —это несколько вредно» (не датировано; хранится письмо в <hi style="opdelimiter">АТБ).</hi><hi style="opnumber">201</hi> <hi style="npnumber">202</hi><hi style="npdelimiter">Урусов</hi> писал 27 июня: «Убедительнейше прошу вас бросить на время греческий язык, ни к чему не ведущий. Читайте вы святых отцов и в особенности великие творения Оригена и Златоуста, — я бы ничего не сказал; это могло бы вас успокоить и вознести на небо. Но ведь переноситесь не на небо, а так сказать в преисподнюю землю, в тот развратный век, когда мальчики и мущины делались женщинами.... Вам испортило это чтение физическое здоровье, но, бог даст, кумыс вас исправит: как исправите вы душевные болезни?» (хранится письмо в АТБ). Толстой ответил Фету 18 июля. См. т. 61 и Фет, «Мои воспоминания», т. II, стр. 236. Писем Толстого к Урусову за 1871 г. не сохранилось.</note> На письмо Офенберга<note xml:id="note12" resp="volume_editor" index="false"> В письме от 1 июля С. А. Толстая писала: «Прилагаю письмо Оффенберга. Ты ему напиши сам». Письмо Оффенберга Толстому не сохранилось.</note> я все не <choice><reg>решил</reg><orig>рѣшилъ</orig></choice>, что <choice><reg>отвечать</reg><orig>отвѣчать</orig></choice>; но и торопиться не <choice><reg>к</reg><orig>къ</orig></choice> чему, <choice><reg>так</reg><orig>такъ</orig></choice> <choice><reg>как</reg><orig>какъ</orig></choice> <choice><reg>адрес</reg><orig>адресъ</orig></choice> его <choice><reg>в</reg><orig>въ</orig></choice> Варшаву только до 18. Я хочу однако <choice><reg>отвечать</reg><orig>отвѣчать</orig></choice> ему <choice><reg>следующее</reg><orig>слѣдующее</orig></choice>: предложить ему 90 000, <choice original_editorial_correction='к[оторые]'><sic>к</sic><corr><choice><reg>которые</reg><orig>которыя</orig></choice></corr></choice> <choice><reg>он</reg><orig>онъ</orig></choice> <choice><reg>просит</reg><orig>проситъ</orig></choice>, но <choice><reg>с</reg><orig>съ</orig></choice> <choice><reg>рассрочкой</reg><orig>разсрочкой</orig></choice>, <choice><reg>без</reg><orig>безъ</orig></choice> <choice><reg>процентов</reg><orig>процентовъ</orig></choice>, на 2<hi>1</hi>/<sub>2</sub>, три года, по 30 <choice><reg>тысяч</reg><orig>тысячъ</orig></choice>.</p>
<p rend="left"><choice><reg>Поцелуй</reg><orig>Поцѣлуй</orig></choice> очень Лизу<note xml:id="note14" resp="volume_editor" index="false"> Е. В. Оболенская; она жила в то время в Ясной поляне. В АТБ сохранилось ее письмо Толстому на кумыс от 24 июня 1871 г. Письмо подробное, на двух почтовых листах; начинается со слов: «Соня просила меня, милый Левочка, написать тебе, и я с величайшим удовольствием исполняю это. Она говорит, что чем больше ты будешь получать писем, тем долее ты пробудешь в Самаре, а я так рада содействовать ей в этом».</note> милую и за тебя, и за меня, и чтобъ она не сердилась, если я не успѣю въ этомъ жару и хмѣлю постоянномъ отвѣчать на ея письмо, кот[орое] доставило мнѣ огромное удовольствіе. — Цѣлуй всѣхъ, даже Дмитр[ія] Алекс[ѣевича],<note xml:id="note15" resp="volume_editor" index="false"> Д. А. Дьяков. В письме от 28 июня С. А. Толстая писала: «В пятницу к обеду приехал к нам Дьяков с Машей. Он всё проповедывал о принципах супружества и упрекал мне и Тане, что мы расстались с мужьями на два месяца. Меня он не смутил: для меня это слишком серьезный вопрос, и слишком больно мне было решиться на это, чтоб вопрос этот слегка обсуживать с Дьяковым. Если мы оба решились, то, стало быть, это так надо было. Но всё-таки Дьяков меня немного расстроил, и мне было неприятно.... Дмитрий Алексеевич обещал и Машу с Софеш привезть к нам». (ПСТ, стр. 104.)</note> если онъ у васъ съ своими, и несмотря на то, что онъ тебя и Таню дразнитъ. Таню успокой. Если мужъ хорошій, а ея мужъ хорошій, то отъ разлуки необходимой, — ничего не будетъ, кромѣ того, что больше оцѣнитъ и сильнѣе полюбитъ, и найдетъ маленькая влюбленная грусть, к[оторая] женѣ должна быть пріятна. Отъ невѣрности же въ разлукѣ <hi style="opdelimiter">дальше</hi><hi style="opnumber">200</hi> <hi style="npnumber">201</hi><hi style="npdelimiter">гораздо,</hi> <choice><reg>чем</reg><orig>чѣмъ</orig></choice> когда <choice><reg>вместе</reg><orig>вмѣстѣ</orig></choice>; потому что <choice><reg>в</reg><orig>въ</orig></choice> <choice><reg>разлуке</reg><orig>разлукѣ</orig></choice> есть <choice><reg>в</reg><orig>въ</orig></choice> <choice><reg>душе</reg><orig>душѣ</orig></choice> <choice><reg>идеал</reg><orig>идеалъ</orig></choice> <hi>своей</hi>, <choice><reg>с</reg><orig>съ</orig></choice> <choice original_editorial_correction='кот[орым]'><sic>кот</sic><corr><choice><reg>которым</reg><orig>которымъ</orig></choice></corr></choice> ничто не <choice><reg>может</reg><orig>можетъ</orig></choice> сравниться. Это все и <choice><reg>к</reg><orig>къ</orig></choice> <choice><reg>тебе</reg><orig>тебѣ</orig></choice> относится. Чтобы Варя<note xml:id="note16" resp="volume_editor" index="false"> В. В. Толстая.</note> написала. Мы зато <choice><reg>с</reg><orig>съ</orig></choice> Степой <choice><reg>рассказывать</reg><orig>разсказывать</orig></choice> много <choice><reg>будем</reg><orig>будемъ</orig></choice>. Радуюсь, что pas-de-géants<note xml:id="note17" resp="volume_editor" index="false"> В письме от 30 июня С. А. Толстая писала: «Вчера в первый раз все и большие, и маленькие бегали с азартом на pas-de-géant. Поставили хорошо, только дурно, что очень столб качается. Лиза, я, Таня и Леонид, мы бегали все вместе до того, что потом никто двинуться не мог. Я после телеграммы [от Толстого из Бузулука] не только на pas-de-géant, а кажется, на небеса бы взлетела». (ПСТ, стр. 107.)</note> <choice><reg>стоят</reg><orig>стоятъ</orig></choice>, но <choice><reg>сам</reg><orig>самъ</orig></choice> живо представить <choice><reg>себе</reg><orig>себѣ</orig></choice> не могу, <choice><reg>как</reg><orig>какъ</orig></choice> это у <choice><reg>вас</reg><orig>васъ</orig></choice> <choice><reg>идет</reg><orig>идетъ</orig></choice>. Представляю только, <choice><reg>как</reg><orig>какъ</orig></choice> Илья <choice><reg>падает</reg><orig>падаетъ</orig></choice>.</p>
<p rend="left"><choice><reg>Ах</reg><orig>Ахъ</orig></choice>, только дай <choice><reg>Бог</reg><orig>Богъ</orig></choice>, чтобы <choice><reg>без</reg><orig>безъ</orig></choice> меня все также хорошо было до конца, <choice><reg>как</reg><orig>какъ</orig></choice> по <choice><reg>последним</reg><orig>послѣднимъ</orig></choice> <choice><reg>письмам</reg><orig>письмамъ</orig></choice>. Прощай, милый <choice><reg>голубчик</reg><orig>голубчикъ</orig></choice>, обнимаю тебя. И все нервы <choice><reg>расстроены</reg><orig>разстроены</orig></choice>. <choice><reg>Сейчас</reg><orig>Сейчасъ</orig></choice> плакать хочется, <choice><reg>так</reg><orig>такъ</orig></choice> тебя люблю.</p>
<p rend="left">16 Іюля.</p>
<p rend="left">17 Іюля <choice><reg>вечером</reg><orig>вечеромъ</orig></choice>. Приписываю. <choice><reg>Здоров</reg><orig>Здоровъ</orig></choice> совершенно. Считаю дни. <choice><reg>Писем</reg><orig>Писемъ</orig></choice> <choice><reg>от</reg><orig>отъ</orig></choice> тебя не <choice><reg>привез</reg><orig>привезъ</orig></choice> <choice><reg>Башкир</reg><orig>Башкиръ</orig></choice>. Ему не дали, потому что Jean<note xml:id="note18" resp="volume_editor" index="false"> Иван Васильевич Суворов, слуга.</note> <choice><reg>слишком</reg><orig>слишкомъ</orig></choice> <choice><reg>усерден</reg><orig>усерденъ</orig></choice> и <choice><reg>написал</reg><orig>написалъ</orig></choice> дурацкую записку на почту. <choice><reg>Надеюсь</reg><orig>Надѣюсь</orig></choice> завтра.</p>
<comments><p rend="Textpetit_otstup left">Печатается по автографу, хранящемуся в АТБ. Впервые отрывок из письма опубликован в Б, II, 1908, стр. 176; полностью по копии, сделанной С. А. Толстой, в ПЖ, стр. 92—95, причем приписка напечатана как отдельное письмо.</p>
<p rend="Textpetit_otstup left"><hi>1</hi> Муромский помещик.</p>
<p rend="petit left"><hi>2</hi> Большой Иргиз — река, впадающая в Волгу; притоком ее является Каралык.</p>
<p rend="petit left"><hi>3</hi> Камелик — левый приток Б. Иргиза, южнее Каралыка.</p>
<p rend="petit left"><hi>4</hi> Аркадий Дмитриевич Столыпин (1821—1899), генерал; занимался литературой и музыкой. Отец премьера Столыпина. Давнишний приятель Толстого, который был с ним на «ты»; были вместе участниками Севастопольской кампании. Толстой встретился с ним во время своего пребывания на кумысе в 1862 г., когда Столыпин служил атаманом в Уральске.</p>
<p rend="petit left"><hi>5</hi> С. А. Толстая писала в своем письме от 30 июня: «У нас Ханна всё хворает, из комнаты не выходит, всё зубы и лихорадочное состояние. Нынче не было лихорадки, и ей лучше, но она всё-таки плоха» (стр. 107).</p>
<p rend="petit left"><hi>6</hi> 1 июля С. А. Толстая писала: «К тебе собирается на кумыс Александр Николаевич Бибиков».</p>
<p rend="petit left"><hi>7</hi> Александру Андреевичу Берсу.</p>
<p rend="petit left"><hi>8</hi> Письма от 30 июня и 1 июля 1871 г.</p>
<p rend="petit left"><hi>9</hi> См. прим. 8 к письму № 96.</p>
<p rend="petit left"><hi>10</hi> Т. А. Кузминская собиралась ехать к мужу в Кутаис.</p>
<p rend="petit left"><hi>11</hi> Фет писал Толстому в Самарскую губернию. «.....Пустите в жизнь офицерского (самый скверный) — обломовского, помещичьего, дружеского, какого хотите соку. Но пустите его непременно...... А вот писать до трепету свечей в глазах и выучиться в полгода по Гречески и так всю жизнь —это несколько вредно» (не датировано; хранится письмо в <hi style="opdelimiter">АТБ).</hi><hi style="opnumber">201</hi> <hi style="npnumber">202</hi><hi style="npdelimiter">Урусов</hi> писал 27 июня: «Убедительнейше прошу вас бросить на время греческий язык, ни к чему не ведущий. Читайте вы святых отцов и в особенности великие творения Оригена и Златоуста, — я бы ничего не сказал; это могло бы вас успокоить и вознести на небо. Но ведь переноситесь не на небо, а так сказать в преисподнюю землю, в тот развратный век, когда мальчики и мущины делались женщинами.... Вам испортило это чтение физическое здоровье, но, бог даст, кумыс вас исправит: как исправите вы душевные болезни?» (хранится письмо в АТБ). Толстой ответил Фету 18 июля. См. т. 61 и Фет, «Мои воспоминания», т. II, стр. 236. Писем Толстого к Урусову за 1871 г. не сохранилось.</p>
<p rend="petit left"><hi>12</hi> В письме от 1 июля С. А. Толстая писала: «Прилагаю письмо Оффенберга. Ты ему напиши сам». Письмо Оффенберга Толстому не сохранилось.</p>
<p rend="petit left"><hi>13</hi> Е. В. Оболенская; она жила в то время в Ясной поляне. В АТБ сохранилось ее письмо Толстому на кумыс от 24 июня 1871 г. Письмо подробное, на двух почтовых листах; начинается со слов: «Соня просила меня, милый Левочка, написать тебе, и я с величайшим удовольствием исполняю это. Она говорит, что чем больше ты будешь получать писем, тем долее ты пробудешь в Самаре, а я так рада содействовать ей в этом».</p>
<p rend="petit left"><hi>14</hi> Д. А. Дьяков. В письме от 28 июня С. А. Толстая писала: «В пятницу к обеду приехал к нам Дьяков с Машей. Он всё проповедывал о принципах супружества и упрекал мне и Тане, что мы расстались с мужьями на два месяца. Меня он не смутил: для меня это слишком серьезный вопрос, и слишком больно мне было решиться на это, чтоб вопрос этот слегка обсуживать с Дьяковым. Если мы оба решились, то, стало быть, это так надо было. Но всё-таки Дьяков меня немного расстроил, и мне было неприятно.... Дмитрий Алексеевич обещал и Машу с Софеш привезть к нам». (ПСТ, стр. 104.)</p>
<p rend="petit left"><hi>15</hi> В. В. Толстая.</p>
<p rend="petit left"><hi>16</hi> В письме от 30 июня С. А. Толстая писала: «Вчера в первый раз все и большие, и маленькие бегали с азартом на pas-de-géant. Поставили хорошо, только дурно, что очень столб качается. Лиза, я, Таня и Леонид, мы бегали все вместе до того, что потом никто двинуться не мог. Я после телеграммы [от Толстого из Бузулука] не только на pas-de-géant, а кажется, на небеса бы взлетела». (ПСТ, стр. 107.)</p>
<p rend="petit left"><hi>17</hi> Иван Васильевич Суворов, слуга.</p>
</comments></div></body>
        </text>
        </TEI>