<?xml version='1.0' encoding='UTF-8' standalone='no'?>

<TEI xmlns="http://www.tei-c.org/ns/1.0">
       <teiHeader>
          <fileDesc>
             <titleStmt>
                <title>Письмо №291. С. А. Толстой</title>
             </titleStmt>
             <publicationStmt>
                <publisher>TolstoyLab</publisher>
                <date when="2015-09-14">14 September 2015</date>
             </publicationStmt>
             <sourceDesc>
                <biblStruct>
                   <analytic>
                      <author>Толстой Л.Н.</author>
                   </analytic>
                   <monogr>
                      <title level="m">Полное собрание сочинений. Том 83</title>
                      <imprint>
                         <pubPlace>Москва</pubPlace>
                         <publisher>Государственное издательство "Художественная литература"</publisher>
                         <date when="1938"/>
                      </imprint>
                   </monogr>
                   <series>
                      <title level="s">Л.Н. Толстой. Полное собрание сочинений</title>
                      <biblScope unit="vol">83</biblScope>
                   </series>
                </biblStruct>
				<bibl>Печатается по автографу, хранящемуся в АТБ. Впервые опубликовано по копии, сделанной С. А. Толстой, в ПЖ, стр. 245—246. Датируется на основании почтовых штемпелей: «Почтовый вагон. 15 декабря. 1884; Москва. 15 декабря 1884» и слов письма: «сейчас 11 часов, ложимся». Письмо написано вслед за предшествующим письмом.</bibl>
             </sourceDesc>
          </fileDesc>
          <encodingDesc>
             <tagsDecl> </tagsDecl>
          </encodingDesc>
          <profileDesc>
             <correspDesc>
                <correspAction type="sending">
                   <persName ref="PersonList.xml#L_N_Tolstoy">Л. Н. Толстой</persName>
                   <placeName ref="PlacesListxml#PLACE">Тула.</placeName>
                   <date when="1884-12-14">1884 г. Декабря 14.</date>            </correspAction>
                <correspAction type="receiving">
                   <persName ref="PersonList.xml#RECEIVER">Толстая Софья Андреевна</persName>
                </correspAction>
                <correspContext>
                   <ref type="prev"/>
                </correspContext>
             </correspDesc>
          </profileDesc>
       </teiHeader>
       <xenoData><number type="in a volume">291</number></xenoData>

       <text xml:id="a14_291">
	<body><div>
		<opener index="false">
291.
1884 г. Декабря 14. Тула.</opener>
<p rend="left"><choice><reg>Сейчас</reg><orig>Сейчасъ</orig></choice> <choice><reg>от</reg><orig>отъ</orig></choice> Князя <choice original_editorial_correction='Урус[ова]'><sic>Урус</sic><corr>Урусова</corr></choice> <choice><reg>написал</reg><orig>написалъ</orig></choice> <choice><reg>тебе</reg><orig>тебѣ</orig></choice> довольно длинное письмо,<note xml:id="note1" resp="volume_editor" index="false"> См. предшествующее письмо.</note> <choice><reg>понес</reg><orig>понесъ</orig></choice> его <choice><reg>в</reg><orig>въ</orig></choice> <choice><reg>ящик</reg><orig>ящикъ</orig></choice>, <choice><reg>положил</reg><orig>положилъ</orig></choice>, а <choice><reg>потом</reg><orig>потомъ</orig></choice> <choice><reg>спросил</reg><orig>спросилъ</orig></choice>, когда <choice><reg>вынимают</reg><orig>вынимаютъ</orig></choice>, и <choice><reg>мне</reg><orig>мнѣ</orig></choice> сказали, что <choice><reg>в</reg><orig>въ</orig></choice> 8. А Михайло <choice><reg>сбил</reg><orig>сбилъ</orig></choice> меня, <choice><reg>уверяя</reg><orig>увѣряя</orig></choice>, что <choice><reg>берут</reg><orig>берутъ</orig></choice> <choice><reg>в</reg><orig>въ</orig></choice> 6.</p>
<p rend="left">Оставить же тебя <choice><reg>без</reg><orig>безъ</orig></choice> письма не хочется, особенно по тому, что вчерашнее письмо мое было скверное. Я похвастался, что печень не <choice><reg>болит</reg><orig>болитъ</orig></choice>. А ночью я ее <choice><reg>почувствовал</reg><orig>почувствовалъ</orig></choice>, и это она написала. <choice><reg>Встал</reg><orig>Всталъ</orig></choice> рано, опять много <choice><reg>писал</reg><orig>писалъ</orig></choice>. <choice><reg>Утром</reg><orig>Утромъ</orig></choice> <choice original_editorial_correction='Мар[ья]'><sic>Мар</sic><corr>Марья</corr></choice> <choice original_editorial_correction='Аф[анасьевна]'><sic>Аф</sic><corr>Афанасьевна</corr></choice> сказала, что Князь <choice><reg>приехал</reg><orig>прiѣхалъ</orig></choice>. <choice><reg>Мне</reg><orig>Мнѣ</orig></choice> <choice><reg>неверно</reg><orig>невѣрно</orig></choice> сказали, что <choice><reg>он</reg><orig>онъ</orig></choice> <choice><reg>выезжает</reg><orig>выѣзжаетъ</orig></choice> 13, <choice><reg>он</reg><orig>онъ</orig></choice> <choice><reg>приезжает</reg><orig>прiѣзжаетъ</orig></choice> <hi style="opdelimiter">13-го.</hi><hi style="opnumber">470</hi></p>
<p rend="left"><hi style="npnumber">471</hi><hi style="npdelimiter"><choice><reg>В</reg><orig>Въ</orig></choice></hi> <choice><reg>4-м</reg><orig>4-мъ</orig></choice> часу <choice><reg>поехал</reg><orig>поѣхалъ</orig></choice> <choice><reg>к</reg><orig>къ</orig></choice> нему <choice><reg>верхом</reg><orig>верхомъ</orig></choice> и долго не <choice><reg>доехал</reg><orig>доѣхалъ</orig></choice> <choice original_editorial_correction='п[отому]'><sic>п</sic><corr>потому</corr></choice>, <choice original_editorial_correction='ч[то]'><sic>ч</sic><corr>что</corr></choice> <choice><reg>лед</reg><orig>ледъ</orig></choice> по всей <choice><reg>дороге</reg><orig>дорогѣ</orig></choice>, и <choice><reg>от</reg><orig>отъ</orig></choice> <choice><reg>этого</reg><orig>этаго</orig></choice> остался у него ночевать. <choice><reg>Он</reg><orig>Онъ</orig></choice>, по-моему, хуже, <choice><reg>чем</reg><orig>чемъ</orig></choice> <choice><reg>был</reg><orig>былъ</orig></choice> — <choice><reg>кашляет</reg><orig>кашляетъ</orig></choice> больше. <choice><reg>Застал</reg><orig>Засталъ</orig></choice> я его за <choice><reg>евангелием</reg><orig>евангелiемъ</orig></choice>. Хорошо <choice><reg>провел</reg><orig>провелъ</orig></choice> <choice><reg>вечер</reg><orig>вечеръ</orig></choice>, и <choice><reg>сейчас</reg><orig>сейчасъ</orig></choice>, 11 <choice original_editorial_correction='ч[асов]'><sic>ч</sic><corr><choice><reg>часов</reg><orig>часовъ</orig></choice></corr></choice> ложимся. Это <choice><reg>последнее</reg><orig>послѣднее</orig></choice> письмо.</p>
<p rend="left">Воскресенье<note xml:id="note2" resp="volume_editor" index="false"> 16 декабря.</note> <choice original_editorial_correction='Б[ог]'><sic>Б</sic><corr><choice><reg>Бог</reg><orig>Богъ</orig></choice></corr></choice> <choice><reg>даст</reg><orig>дастъ</orig></choice> <choice><reg>приеду</reg><orig>прiѣду</orig></choice>. О <choice><reg>Лазареве</reg><orig>Лазаревѣ</orig></choice> <choice><reg>просил</reg><orig>просилъ</orig></choice> Урусова, <choice><reg>он</reg><orig>онъ</orig></choice> <choice><reg>обещал</reg><orig>обѣщалъ</orig></choice>. <choice><reg>Целую</reg><orig>Цѣлую</orig></choice> тебя и <choice><reg>детей</reg><orig>дѣтей</orig></choice>.</p>
<p rend="right">Л. Т.</p>
<lb/>
<p rend="left">Завтра <choice><reg>утром</reg><orig>утромъ</orig></choice> <choice><reg>уеду</reg><orig>уѣду</orig></choice> и, должно, <choice><reg>приеду</reg><orig>прiѣду</orig></choice> ночевать опять <choice><reg>к</reg><orig>къ</orig></choice> Ур [усову].</p>
<lb/>
<p rend="left"><hi>На конверте:</hi> Москва. <choice><reg>Долгохамовнический</reg><orig>Долгохамовническiй</orig></choice> пер. д. Гр. <choice><reg>Толстого</reg><orig>Толстаго</orig></choice>. <choice><reg>Графине</reg><orig>Графинѣ</orig></choice> <choice><reg>Софье</reg><orig>Софьѣ</orig></choice> <choice><reg>Андревне</reg><orig>Андревнѣ</orig></choice> Толстой.</p>
<comments><p rend="Textpetit_otstup left">Печатается по автографу, хранящемуся в АТБ. Впервые опубликовано по копии, сделанной С. А. Толстой, в ПЖ, стр. 245—246. Датируется на основании почтовых штемпелей: «Почтовый вагон. 15 декабря. 1884; Москва. 15 декабря 1884» и слов письма: «сейчас 11 часов, ложимся». Письмо написано вслед за предшествующим письмом.</p>
<p rend="Textpetit_otstup left"><hi>1</hi> См. предшествующее письмо.</p>
<p rend="petit left"><hi>2</hi> 16 декабря.</p>
</comments></div></body>
        </text>
        </TEI>