<?xml version='1.0' encoding='UTF-8' standalone='no'?>

<TEI xmlns="http://www.tei-c.org/ns/1.0">
       <teiHeader>
          <fileDesc>
             <titleStmt>
                <title>Письмо №97. Н. А. Некрасову.</title>
             </titleStmt>
             <publicationStmt>
                <publisher>TolstoyLab</publisher>
                <date when="2015-09-14">14 September 2015</date>
             </publicationStmt>
             <sourceDesc>
                <biblStruct>
                   <analytic>
                      <author>Толстой Л.Н.</author>
                   </analytic>
                   <monogr>
                      <title level="m">Полное собрание сочинений. Том 62</title>
                      <imprint>
                         <pubPlace>Москва</pubPlace>
                         <publisher>Государственное издательство "Художественная литература"</publisher>
                         <date when="1953"/>
                      </imprint>
                   </monogr>
                   <series>
                      <title level="s">Л.Н. Толстой. Полное собрание сочинений</title>
                      <biblScope unit="vol">62</biblScope>
                   </series>
                </biblStruct>
				<bibl>Впервые опубликовано в «Литературном наследстве», т. 51-52, М. 1949, стр. 527.</bibl>
             </sourceDesc>
          </fileDesc>
          <encodingDesc>
             <tagsDecl> </tagsDecl>
          </encodingDesc>
          <profileDesc>
             <correspDesc>
                <correspAction type="sending">
                   <persName ref="PersonList.xml#L_N_Tolstoy">Л. Н. Толстой</persName>
                   <placeName ref="PlacesListxml#PLACE">Я. П.</placeName>
                   <date when="1874-08-15">1874 г. Августа 15.</date>            </correspAction>
                <correspAction type="receiving">
                   <persName ref="PersonList.xml#RECEIVER">Некрасов Николай Алексеевич</persName>
                </correspAction>
                <correspContext>
                   <ref type="prev"/>
                </correspContext>
             </correspDesc>
          </profileDesc>
       </teiHeader>
       <xenoData><number type="in a volume">97</number></xenoData>

              <text xml:id="N.A.Nekrasovu_97">
	<body><div>
		<opener index="false">
97. Н. А. Некрасову.
1874 г. Августа 15. Я. П.
</opener>
<p rend="Obrashenie left">Милостивый государь</p>
<p rend="Obrashenie1_ left">Николай Алексеевич!</p>
<p rend="left">Педагогическая статья, о которой я писал вам,<note xml:id="note1" resp="volume_editor" index="false">Письмо неизвестно. Упоминание о нем см. в письме к H. Н. Страхову, № 76. Статья — «О народном образовании».</note> у меня готова и я желаю напечатать ее в <choice original_editorial_correction='От[ечественных]'><sic>От</sic><corr>Отечественных</corr></choice> <choice original_editorial_correction='зап[исках]'><sic>зап</sic><corr>записках</corr></choice>. Если вы желаете поместить ее в своем журнале, то она к вашим услугам. Условия мои 150 р. за лист и помещение ее в осенних N-ax (в сентябре или октябре). Листов будет 5 или 6. Если вы согласны, то напишите мне, и я пришлю ее в Петербург, где коректуры ее мне обещал держать H. Н. <hi style="opdelimiter">Страхов.<note xml:id="note2" resp="volume_editor" index="false">Около 25 августа Некрасов писал Толстому: «Потрудитесь прислать Вашу статью, я напечатаю ее (может быть, если успеется) в 9 № «Отечественных записок», а не то в 10-м, не позже. По 150 р. платить согласен (и при этом замечу, что за роман Ваш или повесть редакция может заплатить и дороже). Корректуры пошлю, к кому укажете» (Н. А. Некрасов, Полное собрание сочинений и писем, т. XI, М. 1952, стр. 331—332).</note></hi><hi style="opnumber">105</hi></p>
<p rend="left"><hi style="npnumber">106</hi><hi style="npdelimiter">Очень</hi> благодарен вам за вашу готовность помочь мне в моей борьбе с педагогами. Я получил письма от Михайловского<note xml:id="note3" resp="volume_editor" index="false">Н. К. Михайловский. См. его «Литературные воспоминания и современная смута», I, Спб. 1900, стр. 199—200.</note> с требованиями материалов для его статьи, но не мог ему послать то, что нужно. Педагоги борются за существование, и нет гадости, которой бы они побрезгали для достижения своей цели. Они лгали, выдумывали и теперь тот протокол заседания <choice original_editorial_correction='К[омитета]'><sic>К</sic><corr>Комитета</corr></choice> <choice original_editorial_correction='г[рамотности]'><sic>г</sic><corr>грамотности</corr></choice>, печатание которого было бы для них очень невыгодно, они умели так затянуть, что он до сих пор не вышел и едва ли выйдет.<note xml:id="note4" resp="volume_editor" index="false">См. письма к Ф. Н. Королеву, №№ 104 и 107 и прим. к ним.</note> —</p>
<p rend="left">Мне очень жалко только то, что если теперь <choice original_editorial_correction='От[ечественные]'><sic>От</sic><corr>Отечественные</corr></choice> <choice original_editorial_correction='зап[иски]'><sic>зап</sic><corr>записки</corr></choice> возьмут мою сторону в этом споре, то это будет представляться поддержкою взглядов сотрудника, а не мнением, ничем не вызванным, редакции. Хотя я твердо уверен, что если бы редакция обратила серьезное внимание на этот вопрос, то она стала бы на совершенно сходную со мной точку зрения.</p>
<p rend="left">В ожидании вашего ответа остаюсь ваш покорный слуга</p>
<p rend="right">граф Лев Толстой.</p>
<p rend="left">15 августа.</p>
<comments><p rend="Textpetit_otstup left">Впервые опубликовано в «Литературном наследстве», т. 51-52, М. 1949, стр. 527.</p>
<p rend="petit left">Год определяется содержанием.</p>
<p rend="Textpetit_otstup left"><hi>1 </hi>Письмо неизвестно. Упоминание о нем см. в письме к H. Н. Страхову, № 76. Статья — «О народном образовании».</p>
<p rend="petit left"><hi>2 </hi>Около 25 августа Некрасов писал Толстому: «Потрудитесь прислать Вашу статью, я напечатаю ее (может быть, если успеется) в 9 № «Отечественных записок», а не то в 10-м, не позже. По 150 р. платить согласен (и при этом замечу, что за роман Ваш или повесть редакция может заплатить и дороже). Корректуры пошлю, к кому укажете» (Н. А. Некрасов, Полное собрание сочинений и писем, т. XI, М. 1952, стр. 331—332).</p>
<p rend="petit left"><hi>3 </hi>Н. К. Михайловский. См. его «Литературные воспоминания и современная смута», I, Спб. 1900, стр. 199—200.</p>
<p rend="petit left"><hi>4 </hi>См. письма к Ф. Н. Королеву, №№ 104 и 107 и прим. к ним.</p>
</comments></div></body>
        </text>
        </TEI>