<?xml version='1.0' encoding='UTF-8' standalone='no'?>

<TEI xmlns="http://www.tei-c.org/ns/1.0">
       <teiHeader>
          <fileDesc>
             <titleStmt>
                <title>Письмо №* 261. Л. М. Гребенникову</title>
             </titleStmt>
             <publicationStmt>
                <publisher>TolstoyLab</publisher>
                <date when="2015-09-14">14 September 2015</date>
             </publicationStmt>
             <sourceDesc>
                <biblStruct>
                   <analytic>
                      <author>Толстой Л.Н.</author>
                   </analytic>
                   <monogr>
                      <title level="m">Полное собрание сочинений. Том 77</title>
                      <imprint>
                         <pubPlace>Москва</pubPlace>
                         <publisher>Государственное издательство "Художественная литература"</publisher>
                         <date when="1956"/>
                      </imprint>
                   </monogr>
                   <series>
                      <title level="s">Л.Н. Толстой. Полное собрание сочинений</title>
                      <biblScope unit="vol">77</biblScope>
                   </series>
                </biblStruct>
				<bibl>Печатается по копировальной книге № 7, л. 467. Написано и датировано рукой H.H. Гусева, подпись собственноручная.</bibl>
             </sourceDesc>
          </fileDesc>
          <encodingDesc>
             <tagsDecl> </tagsDecl>
          </encodingDesc>
          <profileDesc>
             <correspDesc>
                <correspAction type="sending">
                   <persName ref="PersonList.xml#L_N_Tolstoy">Л. Н. Толстой</persName>
                   <placeName ref="PlacesListxml#PLACE">Я. П.</placeName>
                   <date when="1907-10-13">1907 г. Октября 13.</date>            </correspAction>
                <correspAction type="receiving">
                   <persName ref="PersonList.xml#RECEIVER">Гребенников Леонид Михайлович</persName>
                </correspAction>
                <correspContext>
                   <ref type="prev">Ответ на письмо Леонида Михайловича Гребенникова (г. Рига) от 9 октября 1907 г. с просьбой рекомендовать издателям составленную им книгу «Пословицы русского народа в бытовом, семейном, философском, юридическом и проч. отношениях». На конверте помета Толстого: Отвечать и написать Ив. Ив. и Сытину. Писал ли Толстой И. И. Горбунову-Посадову и И. Д. Сытину и была ли издана эта книга, редакцией не установлено.</ref>
                </correspContext>
             </correspDesc>
          </profileDesc>
       </teiHeader>
       <xenoData><number type="in a volume">261</number></xenoData>

              <text xml:id="L.M.Grebennikovu_261">
	<body><div>
		<opener index="false">
* 261. Л. М. Гребенникову
1907 г. Октября 13. Я. П.</opener>
<p rend="left">Очень рад буду рекомендовать вашу книгу и почти уверен найти издателя, но для того, чтобы уверенно рекомендовать ее, надо ее видеть.</p>
<p rend="right">Лев Толстой.</p>
<p rend="left">Ясная Поляна.</p>
<p rend="left">13 окт. 1907.</p>
<comments><p rend="Textpetit_otstup left">Печатается по копировальной книге № 7, л. 467. Написано и датировано рукой H.H. Гусева, подпись собственноручная.</p>
<p rend="petit left">Ответ на письмо Леонида Михайловича Гребенникова (г. Рига) от 9 октября 1907 г. с просьбой рекомендовать издателям составленную им книгу «Пословицы русского народа в бытовом, семейном, философском, юридическом и проч. отношениях». На конверте помета Толстого: Отвечать и написать Ив. Ив. и Сытину. Писал ли Толстой И. И. Горбунову-Посадову и И. Д. Сытину и была ли издана эта книга, редакцией не установлено.</p>
</comments></div></body>
        </text>
        </TEI>