<?xml version='1.0' encoding='UTF-8' standalone='no'?>

<TEI xmlns="http://www.tei-c.org/ns/1.0">
       <teiHeader>
          <fileDesc>
             <titleStmt>
                <title>Письмо №63. П. Д. Голохвастову.</title>
             </titleStmt>
             <publicationStmt>
                <publisher>TolstoyLab</publisher>
                <date when="2015-09-14">14 September 2015</date>
             </publicationStmt>
             <sourceDesc>
                <biblStruct>
                   <analytic>
                      <author>Толстой Л.Н.</author>
                   </analytic>
                   <monogr>
                      <title level="m">Полное собрание сочинений. Том 62</title>
                      <imprint>
                         <pubPlace>Москва</pubPlace>
                         <publisher>Государственное издательство "Художественная литература"</publisher>
                         <date when="1953"/>
                      </imprint>
                   </monogr>
                   <series>
                      <title level="s">Л.Н. Толстой. Полное собрание сочинений</title>
                      <biblScope unit="vol">62</biblScope>
                   </series>
                </biblStruct>
             </sourceDesc>
          </fileDesc>
          <encodingDesc>
             <tagsDecl> </tagsDecl>
          </encodingDesc>
          <profileDesc>
             <correspDesc>
                <correspAction type="sending">
                   <persName ref="PersonList.xml#L_N_Tolstoy">Л. Н. Толстой</persName>
                   <placeName ref="PlacesListxml#PLACE">Я. П.</placeName>
                   <date when="1874-04-11">1874 г. Апреля 11.</date>            </correspAction>
                <correspAction type="receiving">
                   <persName ref="PersonList.xml#RECEIVER">Голохвастов Павел Дмитриевич</persName>
                </correspAction>
                <correspContext>
                   <ref type="prev"/>
                </correspContext>
             </correspDesc>
          </profileDesc>
       </teiHeader>
       <xenoData><number type="in a volume">63</number></xenoData>

              <text xml:id="P.D.Goloxvastovu_63">
	<body><div>
		<opener index="false">
63. П. Д. Голохвастову.
1874 г. Апреля 11. Я. П.</opener>
<p rend="left">Очень, очень рад был вашему письму,<note xml:id="note1" resp="volume_editor" index="false">Письмо П. Д. Голохвастова неизвестно.</note> дорогой Павел Дмитрич, и всему тому, что вы мне пишете. Буду ждать вас непременно, но напишите мне за недельку, чтобы я мог вам ответить и известить, что у нас всё благополучно. До сих пор всё хорошо, но я жду родов жены и почему-то боюсь очень этот раз. Пожалуйста, и молодого Шатилова<note xml:id="note2" resp="volume_editor" index="false">Николай Иосифович Шатилов — старший сын знакомого Толстого, тульского помещика И. Н. Шатилова. Н. И. Шатилов написал воспоминания, в которых рассказывает, что он трижды был в Ясной Поляне и все три визита совпали с периодом работы Толстого над «Анной Карениной». См. Н. Шатилов, «Из недавнего прошлого» — «Голос минувшего», 1916, № 9, стр. 21—39.</note> привезите с собой; он мне очень нравится. То, что вы пишете о своей работе, волнует меня. Вы не поверите, как я желаю вам успеха (не внешнего, — но вы понимаете меня) и почему-то боюсь эпопеи русским стихом. Но посмотрим и подумаем и будем говорить друг другу правду — то, что думаем. Только отчаиваться вам никак и никогда не следует. В вас всё есть, чтобы сделать что-нибудь замечательное. Но что — не знаю. Мы никуда нынешний год не намерены уезжать. И поэтому летом, верно, еще увидимся.</p>
<p rend="left">Пожалуйста, когда поедете ко мне, захватите с собой ваши бумаги, — всё то, что вы сделали или пытались сделать по переделке былин. — Уже по тому, чтó вы мне пишете, я вижу, что вы многое сделали и расчистили много в этом лесу. Я и прежде признавал, что никто больше вас не имеет чутья <hi style="opdelimiter">к</hi><hi style="opnumber">79</hi> <hi style="npnumber">80</hi><hi style="npdelimiter">этому</hi> делу. И как я ни далек по теперешним своим занятиям от этого мира, я ни на минуту не забываю его значительности.</p>
<p rend="left">Прошу передать мой душевный поклон вашей жене. Урусов<note xml:id="note3" resp="volume_editor" index="false">Сергей Семенович Урусов.</note> мне говорит, что у нее был почти написан роман. Напечатан ли? и где?</p>
<p rend="right">Ваш всей душой Л. Толстой.</p>
<p rend="left">11 апреля.</p>
<comments><p rend="Textpetit_otstup left">О первой публикации см. стр. 3. Год определяется содержанием.</p>
<p rend="Textpetit_otstup left"><hi>1 </hi>Письмо П. Д. Голохвастова неизвестно.</p>
<p rend="petit left"><hi>2 </hi>Николай Иосифович Шатилов — старший сын знакомого Толстого, тульского помещика И. Н. Шатилова. Н. И. Шатилов написал воспоминания, в которых рассказывает, что он трижды был в Ясной Поляне и все три визита совпали с периодом работы Толстого над «Анной Карениной». См. Н. Шатилов, «Из недавнего прошлого» — «Голос минувшего», 1916, № 9, стр. 21—39.</p>
<p rend="petit left"><hi>3 </hi>Сергей Семенович Урусов.</p>
</comments></div></body>
        </text>
        </TEI>