<?xml version='1.0' encoding='UTF-8' standalone='no'?>

<TEI xmlns="http://www.tei-c.org/ns/1.0">
       <teiHeader>
          <fileDesc>
             <titleStmt>
                <title>Письмо №* 508. П. И. Бирюкову.</title>
             </titleStmt>
             <publicationStmt>
                <publisher>TolstoyLab</publisher>
                <date when="2015-09-14">14 September 2015</date>
             </publicationStmt>
             <sourceDesc>
                <biblStruct>
                   <analytic>
                      <author>Толстой Л.Н.</author>
                   </analytic>
                   <monogr>
                      <title level="m">Полное собрание сочинений. Том 63</title>
                      <imprint>
                         <pubPlace>Москва</pubPlace>
                         <publisher>Государственное издательство "Художественная литература"</publisher>
                         <date when="1934"/>
                      </imprint>
                   </monogr>
                   <series>
                      <title level="s">Л.Н. Толстой. Полное собрание сочинений</title>
                      <biblScope unit="vol">63</biblScope>
                   </series>
                </biblStruct>
				<bibl>Печатается по автографу (написано на клочке бумаги), хранящемуся в БЛ. Публикуется впервые. По содержанию оно должно быть отнесено к весне 1886 г., так как касается составления сборника <hi style="opdelimiter">«Цветник»</hi><hi style="opnumber">346</hi> <hi style="npnumber">347</hi><hi style="npdelimiter">(об</hi> этом см. ниже), собиравшегося приблизительно в это время. Датируется на основании слов в письме: «Я нынче, понедельник, еду в деревню». Несомненно речь идет об отъезде в Ясную поляну, куда Толстой, судя по письмам к С. А. Толстой, выехал из Москвы 29 апреля (см. ПЖ № 286). Слова же: «нынче, понедельник», дают основание отнести это письмо к 28 апреля, так как в апреле месяце 1886 г. понедельник падает на это число, а не на 29. Очевидно, Толстой не исполнил своего намерения выехать из Москвы 28 числа (в понедельник) и отправился лишь на следующий день.</bibl>
             </sourceDesc>
          </fileDesc>
          <encodingDesc>
             <tagsDecl> </tagsDecl>
          </encodingDesc>
          <profileDesc>
             <correspDesc>
                <correspAction type="sending">
                   <persName ref="PersonList.xml#L_N_Tolstoy">Л. Н. Толстой</persName>
                   <placeName ref="PlacesListxml#PLACE">Москва.</placeName>
                   <date when="1886-04-28">1886 г. Апреля 28.</date>            </correspAction>
                <correspAction type="receiving">
                   <persName ref="PersonList.xml#RECEIVER">Бирюков Павел Иванович</persName>
                </correspAction>
                <correspContext>
                   <ref type="prev"/>
                </correspContext>
             </correspDesc>
          </profileDesc>
       </teiHeader>
       <xenoData><number type="in a volume">508</number></xenoData>

              <text xml:id="P__I__Biryukovu_508">
	<body><div>
		<opener index="false">
* 508. П. И. Бирюкову.
1886 г. Апреля 28. Москва.</opener>
<p rend="left">Посылаю <choice><reg>вам</reg><orig>вамъ</orig></choice>, милый <choice original_editorial_correction='П[авел]'><sic>П</sic><corr><choice><reg>Павел</reg><orig>Павелъ</orig></choice></corr></choice> <choice original_editorial_correction='И[ванович]'><sic>И</sic><corr><choice><reg>Иванович</reg><orig>Ивановичъ</orig></choice></corr></choice>, <choice><reg>две</reg><orig>двѣ</orig></choice> басни (не мои)<note xml:id="note1" resp="volume_editor" index="false"> Толстой очевидно имеет в виду рассказы Н. Н. Иванова «Блоха и муха» и «Три друга», напечатанные вскоре в сборнике «Цветник» (см. прим. 1 к письму № 519). См. Н. Н. Иванов, «У Л. Н. Толстого в 1886 году» — «Лев Николаевич Толстой. Юбилейный сборник. Собрал и редактировал Н. Н. Гусев». Гиз, М.—Л. 1929, стр. 199—201. «Басни» Иванова были тщательно отредактированы Толстым (автограф в Музее литературы Воронежского края им. Никитина — в Воронеже).</note> <choice><reg>в</reg><orig>въ</orig></choice> <choice><reg>сборник</reg><orig>сборникъ</orig></choice> <choice original_editorial_correction='Ал[ександры]'><sic>Ал</sic><corr>Александры</corr></choice> <choice original_editorial_correction='Мих[айловны]'><sic>Мих</sic><corr>Михайловны</corr></choice>.<note xml:id="note2" resp="volume_editor" index="false"> Сборник Александры Михайловны — «Цветник», состоял из небольших рассказов для читателей из народа. В первой своей редакции был приготовлен А. М. Калмыковой и представлен на одобрение Толстого. Но ни состав сборника, ни его изложение не удовлетворили Толстого и он предложил кружку «Посредника» переработать его. В этом измененном виде сборник и появился в печати в 1886 г. в киевском издании, с цензурной пометкой: «Киев, 25 июля 1886 г.». При сборнике было предисловие Толстого (без подписи). Но уже в 1888 г. «Цветник» был переработан вновь, дополнен и частью изменен и вышел в 1889 г. вторым изданием (цензурное разрешение: «Киев 1 августа 1888г.»). Последующие издания выходили без «Предисловия», которое было запрещено цензурой и лишь в 1912 г. было напечатано, но со значительными цензурными урезками. См. А. Л. Бем, „О «Цветнике»“ — ТП2, М. 1920, стр. 180—183. Еще см. т. 26.</note> Я <choice><reg>написал</reg><orig>написалъ</orig></choice> тоже маленькое <choice><reg>к</reg><orig>къ</orig></choice> нему <choice><reg>предисловие</reg><orig>предисловiе</orig></choice>. <choice><reg>Передал</reg><orig>Передалъ</orig></choice> О. Н. Озмидовой, <choice><reg>чтоб</reg><orig>чтобъ</orig></choice> передать Черткову, а она его не видала. —</p>
<p rend="left">Я нынче, <choice><reg>понедельник</reg><orig>понедѣльникъ</orig></choice>, <choice><reg>еду</reg><orig>ѣду</orig></choice> <choice><reg>в</reg><orig>въ</orig></choice> деревню. Обнимаю <choice><reg>вас</reg><orig>васъ</orig></choice>.</p>
<p rend="right">Л. Т.</p>
<comments><p rend="Textpetit_otstup left">Печатается по автографу (написано на клочке бумаги), хранящемуся в БЛ. Публикуется впервые. По содержанию оно должно быть отнесено к весне 1886 г., так как касается составления сборника <hi style="opdelimiter">«Цветник»</hi><hi style="opnumber">346</hi> <hi style="npnumber">347</hi><hi style="npdelimiter">(об</hi> этом см. ниже), собиравшегося приблизительно в это время. Датируется на основании слов в письме: «Я нынче, понедельник, еду в деревню». Несомненно речь идет об отъезде в Ясную поляну, куда Толстой, судя по письмам к С. А. Толстой, выехал из Москвы 29 апреля (см. ПЖ № 286). Слова же: «нынче, понедельник», дают основание отнести это письмо к 28 апреля, так как в апреле месяце 1886 г. понедельник падает на это число, а не на 29. Очевидно, Толстой не исполнил своего намерения выехать из Москвы 28 числа (в понедельник) и отправился лишь на следующий день.</p>
<p rend="Textpetit_otstup left"><hi>1</hi> Толстой очевидно имеет в виду рассказы Н. Н. Иванова «Блоха и муха» и «Три друга», напечатанные вскоре в сборнике «Цветник» (см. прим. 1 к письму № 519). См. Н. Н. Иванов, «У Л. Н. Толстого в 1886 году» — «Лев Николаевич Толстой. Юбилейный сборник. Собрал и редактировал Н. Н. Гусев». Гиз, М.—Л. 1929, стр. 199—201. «Басни» Иванова были тщательно отредактированы Толстым (автограф в Музее литературы Воронежского края им. Никитина — в Воронеже).</p>
<p rend="petit left"><hi>2</hi> Сборник Александры Михайловны — «Цветник», состоял из небольших рассказов для читателей из народа. В первой своей редакции был приготовлен А. М. Калмыковой и представлен на одобрение Толстого. Но ни состав сборника, ни его изложение не удовлетворили Толстого и он предложил кружку «Посредника» переработать его. В этом измененном виде сборник и появился в печати в 1886 г. в киевском издании, с цензурной пометкой: «Киев, 25 июля 1886 г.». При сборнике было предисловие Толстого (без подписи). Но уже в 1888 г. «Цветник» был переработан вновь, дополнен и частью изменен и вышел в 1889 г. вторым изданием (цензурное разрешение: «Киев 1 августа 1888г.»). Последующие издания выходили без «Предисловия», которое было запрещено цензурой и лишь в 1912 г. было напечатано, но со значительными цензурными урезками. См. А. Л. Бем, „О «Цветнике»“ — ТП2, М. 1920, стр. 180—183. Еще см. т. 26.</p>
</comments></div></body>
        </text>
        </TEI>