<?xml version='1.0' encoding='UTF-8' standalone='no'?>

<TEI xmlns="http://www.tei-c.org/ns/1.0">
       <teiHeader>
          <fileDesc>
             <titleStmt>
                <title>Письмо №1881</title>
             </titleStmt>
             <publicationStmt>
                <publisher>TolstoyLab</publisher>
                <date when="2015-09-14">14 September 2015</date>
             </publicationStmt>
             <sourceDesc>
                <biblStruct>
                   <analytic>
                      <author>Толстой Л.Н.</author>
                   </analytic>
                   <monogr>
                      <title level="m">Полное собрание сочинений. Том 63</title>
                      <imprint>
                         <pubPlace>Москва</pubPlace>
                         <publisher>Государственное издательство "Художественная литература"</publisher>
                         <date when="1934"/>
                      </imprint>
                   </monogr>
                   <series>
                      <title level="s">Л.Н. Толстой. Полное собрание сочинений</title>
                      <biblScope unit="vol">63</biblScope>
                   </series>
                </biblStruct>
				<bibl>Печатается по автографу, хранящемуся в ГИМ, в бумагах В. М. Лаврова. Публикуется впервые. Датируется на основании упоминания о И. М. Ивакине — учителе детей Толстого, жившем у Толстых в 1880 г.</bibl>
             </sourceDesc>
          </fileDesc>
          <encodingDesc>
             <tagsDecl> </tagsDecl>
          </encodingDesc>
          <profileDesc>
             <correspDesc>
                <correspAction type="sending">
                   <persName ref="PersonList.xml#L_N_Tolstoy">Л. Н. Толстой</persName>
                   <placeName ref="PlacesListxml#PLACE"/>
                   <date when="1880">1880? г.</date>            </correspAction>
                <correspAction type="receiving">
                   <persName ref="PersonList.xml#RECEIVER">Юрьев Сергей Андреевич</persName>
                </correspAction>
                <correspContext>
                   <ref type="prev"/>
                </correspContext>
             </correspDesc>
          </profileDesc>
       </teiHeader>
       <xenoData><number type="in a volume">37</number></xenoData>

              <text xml:id="S__A__YUrevu_37">
	<body><div>
		<opener index="false">
* 37. С. А. Юрьеву.
1880? г.
</opener>
<p rend="Obrashenie left"><choice><reg>Сергей</reg><orig>Сергѣй</orig></choice> <choice><reg>Андреич</reg><orig>Андреичъ</orig></choice>,</p>
<p rend="left"><choice><reg>Очен</reg><orig>Оченъ</orig></choice> <choice><reg>рад</reg><orig>радъ</orig></choice> <choice><reg>был</reg><orig>былъ</orig></choice> получить ваше письмо и многое хочется и сказать <choice><reg>вам</reg><orig>вамъ</orig></choice>, и спросить у <choice><reg>вас</reg><orig>васъ</orig></choice>. Часть <choice><reg>этого</reg><orig>этаго</orig></choice> <hi style="opdelimiter"><choice><reg>раскажет</reg><orig>раскажетъ</orig></choice></hi><hi style="opnumber">39</hi> <hi style="npnumber">40</hi><hi style="npdelimiter"><choice><reg>вам</reg><orig>вамъ</orig></choice></hi> и <choice><reg>спросит</reg><orig>спроситъ</orig></choice> у <choice><reg>вас</reg><orig>васъ</orig></choice> живая грамота, <choice><reg>живущий</reg><orig>живущiй</orig></choice> у <choice><reg>нас</reg><orig>насъ</orig></choice> <choice><reg>кандидат</reg><orig>кандидатъ</orig></choice> <choice original_editorial_correction='филолог[ического]'><sic>филолог</sic><corr><choice><reg>филологического</reg><orig>филологическаго</orig></choice></corr></choice> <choice original_editorial_correction='фак[ультета]'><sic>фак</sic><corr>факультета</corr></choice> <choice original_editorial_correction='Московск[ого]'><sic>Московск</sic><corr><choice><reg>Московского</reg><orig>Московскаго</orig></choice></corr></choice> Университета прекрасный и очень умный <choice><reg>человек</reg><orig>человѣкъ</orig></choice> <choice><reg>Иван</reg><orig>Иванъ</orig></choice> <choice><reg>Михайлович</reg><orig>Михайловичъ</orig></choice> <choice><reg>Ивакин</reg><orig>Ивакинъ</orig></choice>.</p>
<p rend="left">Дружески жму <choice><reg>вам</reg><orig>вамъ</orig></choice> руку.</p>
<p rend="right"><choice><reg>Ваш</reg><orig>Вашъ</orig></choice> Л. Толстой.</p>
<comments><p rend="Textpetit_otstup left">Печатается по автографу, хранящемуся в ГИМ, в бумагах В. М. Лаврова. Публикуется впервые. Датируется на основании упоминания о И. М. Ивакине — учителе детей Толстого, жившем у Толстых в 1880 г.</p>
<p rend="petit left">Сергей Андреевич Юрьев (р. 13 мая 1821 г. — ум. 26 декабря 1888 г.) — литературный деятель. Родился в селе Воскресенском, Калязинского у. Тверской губ., в имении своего отца. Образование получил в Московском дворянском институте и Московском университете, окончив его по математическому факультету в 1845 г. По окончании служил чиновником особых поручений при тверском губернаторе. В 1853 г. работал в обсерватории при Московском университете. В середине 1850-х годов был за границей. Вернувшись, одно время занимался делом народного образования: основал в своем имении народное училище, устроил крестьянский театр. К этому времени относятся и его первые литературные опыты, выразившиеся в переложениях народных сказаний, сказок и легенд в драматическую форму. С 1860-х годов он всецело отдался литературе. Занимался переводом пьес Кальдерона, Лопе-де-Вега (см. С. А. Юрьев, «Испанский театр цветущего периода XVI—XVII вв.» Москва. 1877), Шекспира. В 1871—1872 гг. издавал ежемесячный журнал «Беседа». В 1872 г. по прекращении журнала читал лекции о немецкой литературе на Высших женских курсах проф. Герье. В 1878 г. избран председателем Общества любителей российской словесности. В 1880 г. основал журнал «Русскую мысль», где был редактором до 1885 г. С 1886 г. — председатель Общества русских драматических писателей.</p>
<p rend="petit left">С. А. Юрьев принадлежал к числу тех лиц, которые оказывают большое влияние на современников не столько своими литературными трудами, сколько своей личностью. О нем Л. М. Лопатин говорил: «Сергей Андреевич соединял в себе самые симпатичные черты.... первого поколения русских мыслителей. Он являлся настоящим художником устного слова; без преувеличения можно сказать, помимо его бескорыстных литературных заслуг, одни уже его беседы были серьезным общественным служением. Кто однажды говорил с ним, не забывал его никогда, а говорил он со всеми, кто к нему обращался, и говорил от всей души. Артист, начинающий писатель, студент, специалист-ученый, общественный деятель направлялись к нему и каждый почерпал в его горячих речах что-нибудь такое, что всегда сохраняло непреходящую цену. Юрьева интересовали самые разнообразные предметы и вопросы, всё живое и серьезное сосредоточивало в себе его вечно-бодрую мысль, но, несмотря на такую многосторонность его умственных интересов, в его мнениях не было внутренней разрозненности; он всегда был верен своим основным убеждениям, он никогда не противоречил себе» (Л. М. <hi style="opdelimiter">Лопатин,</hi><hi style="opnumber">40</hi> <hi style="npnumber">41</hi><hi style="npdelimiter">«Сергей</hi> Андреевич Юрьев как мыслитель» — «В память С. А. Юрьева» М. 1891, стр. 196—197).</p>
<p rend="petit left">С Толстым С. А. Юрьев был знаком с начала 1860-х гг. В 1872 г. им напечатан в № 3 издаваемого им журнала «Беседа» рассказ Толстого «Бог правду видит, да не скоро скажет». После смерти С. А. Юрьева в сб. «В память С. А. Юрьева» (М. 1891) Толстой поместил комедию «Плоды просвещения».</p>
<p rend="petit left">Письмо С. А. Юрьева, на которое отвечает Толстой, неизвестно.</p>
<p rend="Textpetit_otstup left"><hi>1</hi> Иван Михайлович Ивакин был в то время у Толстых учителем, подготовляя старшего сына Толстого Сергея Львовича к экзамену на аттестат зрелости. Давал Ивакин также уроки Татьяне Львовне, Илье и Льву Львовичам.</p>
</comments></div></body>
        </text>
        </TEI>