<?xml version='1.0' encoding='UTF-8' standalone='no'?>

<TEI xmlns="http://www.tei-c.org/ns/1.0">
       <teiHeader>
          <fileDesc>
             <titleStmt>
                <title>Письмо №68. С. А. Толстой</title>
             </titleStmt>
             <publicationStmt>
                <publisher>TolstoyLab</publisher>
                <date when="2015-09-14">14 September 2015</date>
             </publicationStmt>
             <sourceDesc>
                <biblStruct>
                   <analytic>
                      <author>Толстой Л.Н.</author>
                   </analytic>
                   <monogr>
                      <title level="m">Полное собрание сочинений. Том 83</title>
                      <imprint>
                         <pubPlace>Москва</pubPlace>
                         <publisher>Государственное издательство "Художественная литература"</publisher>
                         <date when="1938"/>
                      </imprint>
                   </monogr>
                   <series>
                      <title level="s">Л.Н. Толстой. Полное собрание сочинений</title>
                      <biblScope unit="vol">83</biblScope>
                   </series>
                </biblStruct>
				<bibl>Печатается по автографу, хранящемуся в АТБ. Впервые опубликовано по копии, сделанной С. А. Толстой, в ПЖ, стр. 68—70. Датируется на основании слов письма: «я не согласился, но всетаки завтра и в субботу буду пить воды у Редлиха». Суббота падала на 24 июня, следовательно, письмо писалось в четверг, 22 июня.</bibl>
             </sourceDesc>
          </fileDesc>
          <encodingDesc>
             <tagsDecl> </tagsDecl>
          </encodingDesc>
          <profileDesc>
             <correspDesc>
                <correspAction type="sending">
                   <persName ref="PersonList.xml#L_N_Tolstoy">Л. Н. Толстой</persName>
                   <placeName ref="PlacesListxml#PLACE">Москва.</placeName>
                   <date when="1867-06-22">1867 г. Июня 22.</date>            </correspAction>
                <correspAction type="receiving">
                   <persName ref="PersonList.xml#RECEIVER">Толстая Софья Андреевна</persName>
                </correspAction>
                <correspContext>
                   <ref type="prev"/>
                </correspContext>
             </correspDesc>
          </profileDesc>
       </teiHeader>
       <xenoData><number type="in a volume">68</number></xenoData>

       <text xml:id="a22_68">
	<body><div>
		<opener index="false">
68.
1867 г. Июня 22. Москва.</opener>
<p rend="left">Пишу <choice><reg>тебе</reg><orig>тебѣ</orig></choice> <choice><reg>из</reg><orig>изъ</orig></choice> Парка, <choice><reg>из</reg><orig>изъ</orig></choice> комнаты Лизы, <choice><reg>после</reg><orig>послѣ</orig></choice> <choice><reg>всех</reg><orig>всѣхъ</orig></choice> нетолько <choice><reg>дневных</reg><orig>дневныхъ</orig></choice>, но и почти <choice><reg>недельных</reg><orig>недѣльныхъ</orig></choice> <choice><reg>трудов</reg><orig>трудовъ</orig></choice>, почти <choice><reg>оконченных</reg><orig>оконченныхъ</orig></choice> благополучно. <choice><reg>С</reg><orig>Съ</orig></choice> утра <choice><reg>променял</reg><orig>промѣнялъ</orig></choice>, т.-е. <choice><reg>заложил</reg><orig>заложилъ</orig></choice> 10 <choice><reg>билетов</reg><orig>билетовъ</orig></choice>, <choice><reg>потом</reg><orig>потомъ</orig></choice> <choice><reg>приехал</reg><orig>прiѣхалъ</orig></choice> <choice><reg>Рис</reg><orig>Рисъ</orig></choice>,<note xml:id="note1" resp="volume_editor" index="false"> Теодор (Федор Федорович) Рис, владелец типографии и словолитни, находившейся у Мясницких ворот в Москве, в доме Воейкова, вход с Чистопрудного переулка (бывшая типография Лазаревского института Восточных языков).</note> <choice><reg>типографщик</reg><orig>типографщикъ</orig></choice>, и <choice><reg>с</reg><orig>съ</orig></choice> <choice><reg>ним</reg><orig>нимъ</orig></choice> <choice><reg>подписал</reg><orig>подписалъ</orig></choice> <choice><reg>условие</reg><orig>условiе</orig></choice> и <choice><reg>дал</reg><orig>далъ</orig></choice> ему 500 <choice original_editorial_correction='р[ублей]'><sic>р</sic><corr>рублей</corr></choice> задатка. <choice><reg>Рис</reg><orig>Рисъ</orig></choice> <choice><reg>этот</reg><orig>этотъ</orig></choice> молодчина, <choice><reg>практический</reg><orig>практическiй</orig></choice> и акуратный <choice><reg>немец</reg><orig>нѣмецъ</orig></choice>. <choice><reg>Бартенев</reg><orig>Бартеневъ</orig></choice>, <choice original_editorial_correction='кот[орому]'><sic>кот</sic><corr>которому</corr></choice> я даю 10 за <choice><reg>публикации</reg><orig>публикацiи</orig></choice>, продажу и <choice><reg>склад</reg><orig>складъ</orig></choice> <choice><reg>книг</reg><orig>книгъ</orig></choice>, тоже <choice><reg>акуратнейший</reg><orig>акуратнѣйшiй</orig></choice> <choice><reg>человек</reg><orig>человѣкъ</orig></choice> и <choice><reg>знающий</reg><orig>знающiй</orig></choice> <choice><reg>дело</reg><orig>дѣло</orig></choice>, <choice><reg>так</reg><orig>такъ</orig></choice> что, <choice><reg>мне</reg><orig>мнѣ</orig></choice> кажется, лучше нельзя было устроить <choice><reg>издание</reg><orig>изданiе</orig></choice>, все <choice><reg>будет</reg><orig>будетъ</orig></choice> стоить около 4500 р.; окончено <choice><reg>будет</reg><orig>будетъ</orig></choice> <choice><reg>в</reg><orig>въ</orig></choice> <choice><reg>1-ых</reg><orig>1-ыхъ</orig></choice> <choice><reg>числах</reg><orig>числахъ</orig></choice> Ноября,<note xml:id="note2" resp="volume_editor" index="false"> Фактически последний (шестой) том «Войны и мира» вышел в декабре 1869 г.</note> коректуры буду держать я <choice><reg>сам</reg><orig>самъ</orig></choice> и <choice><reg>потом</reg><orig>потомъ</orig></choice> <choice><reg>Бартенев</reg><orig>Бартеневъ</orig></choice> <choice><reg>в</reg><orig>въ</orig></choice> <choice><reg>смысле</reg><orig>смыслѣ</orig></choice> исправности и даже правильности языка, <choice original_editorial_correction='к[оторый]'><sic>к</sic><corr>который</corr></choice> я ему <choice><reg>смело</reg><orig>смѣло</orig></choice> <choice><reg>разрешил</reg><orig>разрѣшилъ</orig></choice> поправлять. <choice><reg>Экземпляров</reg><orig>Экземпляровъ</orig></choice> напечатается 4800 и продаваться <choice><reg>будут</reg><orig>будутъ</orig></choice> по 8 р. за <choice original_editorial_correction='экземп[ляр]'><sic>экземп</sic><corr><choice><reg>экземпляр</reg><orig>экземпляръ</orig></choice></corr></choice><note xml:id="note3" resp="volume_editor" index="false"> Согласно объявлению в «Московских ведомостях» цена за четыре тома романа была назначена семь рублей; когда роман разросся до пяти частей, цена была увеличена до восьми рублей, шестой том отдельно стоил два рубля. Цена за все шесть томов была десять рублей серебром с пересылкой.</note> <choice><reg>из</reg><orig>изъ</orig></choice> <choice><reg>этого</reg><orig>этаго</orig></choice> 30 отдадутся 10 Бартеневу и 20 <choice><reg>книгопродавцам</reg><orig>книгопродавцамъ</orig></choice>. <choice><reg>Против</reg><orig>Противъ</orig></choice> <choice><reg>прежнего</reg><orig>прежняго</orig></choice> проэкта я даю <choice><reg>лишних</reg><orig>лишнихъ</orig></choice> 5 Бартеневу за свое <hi style="opdelimiter"><choice><reg>спокойствие</reg><orig>спокойствiе</orig></choice>.</hi><hi style="opnumber">147</hi> <hi style="npnumber">148</hi><hi style="npdelimiter">Теперь</hi> нужно <choice><reg>мне</reg><orig>мнѣ</orig></choice> оставить поправленную всю 1-ю часть и <choice><reg>некоторую</reg><orig>нѣкоторую</orig></choice> долю 2-ой, а для того нужно <choice><reg>часов</reg><orig>часовъ</orig></choice> 6 <choice><reg>здорового</reg><orig>здороваго</orig></choice> и <choice><reg>спокойного</reg><orig>спокойнаго</orig></choice> времени, <choice original_editorial_correction='кот[орое]'><sic>кот</sic><corr>которое</corr></choice> я <choice><reg>надеюсь</reg><orig>надѣюсь</orig></choice> найти до субботы. Провозившись до <choice><reg>3-х</reg><orig>3-хъ</orig></choice> <choice><reg>с</reg><orig>съ</orig></choice> <choice><reg>Рисом</reg><orig>Рисомъ</orig></choice> и <choice><reg>Бартеневым</reg><orig>Бартеневымъ</orig></choice>, я <choice><reg>поехал</reg><orig>поѣхалъ</orig></choice> <choice><reg>к</reg><orig>къ</orig></choice> Захарьину, и у него <choice><reg>прождал</reg><orig>прождалъ</orig></choice> <choice><reg>час</reg><orig>часъ</orig></choice> и <choice><reg>просидел</reg><orig>просидѣлъ</orig></choice> другой. Предполагаемой <choice><reg>им</reg><orig>имъ</orig></choice> во <choice><reg>мне</reg><orig>мнѣ</orig></choice> <choice><reg>болезни</reg><orig>болѣзни</orig></choice> <choice><reg>нет</reg><orig>нѣтъ</orig></choice>, <choice><reg>с</reg><orig>съ</orig></choice> <choice><reg>чем</reg><orig>чѣмъ</orig></choice> <choice><reg>он</reg><orig>онъ</orig></choice> меня <choice><reg>поздравил</reg><orig>поздравилъ</orig></choice>, а желчные камни и нервное <choice><reg>расстройство</reg><orig>разстройство</orig></choice> <choice><reg>он</reg><orig>онъ</orig></choice> <choice><reg>решил</reg><orig>рѣшилъ</orig></choice> лечить карлсбадскими водами и <choice><reg>умолял</reg><orig>умолялъ</orig></choice> меня остаться три дня пить воды <choice><reg>под</reg><orig>подъ</orig></choice> его <choice><reg>наблюдением</reg><orig>наблюденiемъ</orig></choice>, <choice><reg>с</reg><orig>съ</orig></choice> <choice><reg>тем</reg><orig>тѣмъ</orig></choice>, чтобы предписать <choice><reg>дальнейшее</reg><orig>дальнѣйшее</orig></choice>. Я не согласился, но всетаки завтра и <choice><reg>в</reg><orig>въ</orig></choice> субботу буду пить воды у Редлиха и <choice><reg>поеду</reg><orig>поѣду</orig></choice> еще <choice><reg>к</reg><orig>къ</orig></choice> нему. <choice><reg>Кроме</reg><orig>Кромѣ</orig></choice> того, <choice><reg>он</reg><orig>онъ</orig></choice> <choice><reg>в</reg><orig>въ</orig></choice> <choice><reg>Туле</reg><orig>Тулѣ</orig></choice> <choice><reg>будет</reg><orig>будетъ</orig></choice> 7 Іюня<note xml:id="note4" resp="volume_editor" index="false"> Повидимому, описка, следует 7 июля.</note> и <choice><reg>телеграфирует</reg><orig>телеграфируетъ</orig></choice> <choice><reg>мне</reg><orig>мнѣ</orig></choice> или <choice><reg>сам</reg><orig>самъ</orig></choice> <choice><reg>приедет</reg><orig>прiѣдетъ</orig></choice> и <choice><reg>увидит</reg><orig>увидитъ</orig></choice> <choice><reg>действие</reg><orig>дѣйствiе</orig></choice> <choice><reg>вод</reg><orig>водъ</orig></choice>. <choice><reg>Он</reg><orig>Онъ</orig></choice> <choice><reg>обещает</reg><orig>обѣщаетъ</orig></choice> совершенное <choice><reg>излечение</reg><orig>излеченiе</orig></choice> сначала горячими карлсбадскими водами, а <choice><reg>потом</reg><orig>потомъ</orig></choice> холодными купаньями. Но <choice><reg>предписал</reg><orig>предписалъ</orig></choice> строжайший <choice><reg>режим</reg><orig>режимъ</orig></choice>, которому я, <choice><reg>с</reg><orig>съ</orig></choice> твоей помощью, постараюсь <choice><reg>следовать</reg><orig>слѣдовать</orig></choice>. <choice><reg>Захарьин</reg><orig>Захарьинъ</orig></choice> <choice><reg>продержал</reg><orig>продержалъ</orig></choice> меня <choice><reg>так</reg><orig>такъ</orig></choice>, что я только <choice><reg>в</reg><orig>въ</orig></choice> 5 <choice><reg>приехал</reg><orig>прiѣхалъ</orig></choice> <choice><reg>в</reg><orig>въ</orig></choice> <choice><reg>парк</reg><orig>паркъ</orig></choice> на чудесный, но <choice><reg>простывший</reg><orig>простывшiй</orig></choice> <choice><reg>Трифонин</reg><orig>Трифонинъ</orig></choice><note xml:id="note5" resp="volume_editor" index="false"> Степанида Трифоновна Иванова, экономка у Берсов.</note> <choice><reg>обед</reg><orig>обѣдъ</orig></choice>, <choice><reg>в</reg><orig>въ</orig></choice> <choice original_editorial_correction='кот[ором]'><sic>кот</sic><corr><choice><reg>котором</reg><orig>которомъ</orig></choice></corr></choice> принимали <choice><reg>участие</reg><orig>участiе</orig></choice> <choice><reg>Бибиков</reg><orig>Бибиковъ</orig></choice>, <choice original_editorial_correction='Кузм[инский]'><sic>Кузм</sic><corr><choice><reg>Кузминский</reg><orig>Кузминскiй</orig></choice></corr></choice> и Фуксы.<note xml:id="note6" resp="volume_editor" index="false"> Эдуард Яковлевич и Елена Михайловна Фукс.</note> <choice><reg>После</reg><orig>Послѣ</orig></choice> <choice><reg>обеда</reg><orig>обѣда</orig></choice> пошли гулять <choice><reg>пешком</reg><orig>пѣшкомъ</orig></choice> до <choice><reg>Разумовского</reg><orig>Разумовскаго</orig></choice><note xml:id="note7" resp="volume_editor" index="false"> Петровско-Разумовское, дачное место под Москвой, где находится сельско-хозяйственная академия; первая станция по Николаевской железной дороге.</note> и <choice><reg>вот</reg><orig>вотъ</orig></choice> только <choice original_editorial_correction='вернул[ся]'><sic>вернул</sic><corr>вернулся</corr></choice>, и не было возможности заняться, а завтра опять все утро <choice><reg>пройдет</reg><orig>пройдетъ</orig></choice> <choice><reg>в</reg><orig>въ</orig></choice> <choice><reg>хлопотах</reg><orig>хлопотахъ</orig></choice>, <choice><reg>питье</reg><orig>питьѣ</orig></choice> <choice><reg>вод</reg><orig>водъ</orig></choice>, <choice original_editorial_correction='Зах[арьине]'><sic>Зах</sic><corr><choice><reg>Захарьине</reg><orig>Захарьинѣ</orig></choice></corr></choice> и <choice><reg>с</reg><orig>съ</orig></choice> <choice><reg>Бартеневым</reg><orig>Бартеневымъ</orig></choice>. Я уже и мысль о <choice><reg>чтении</reg><orig>чтенiи</orig></choice> <choice><reg>отбросил</reg><orig>отбросилъ</orig></choice><note xml:id="note8" resp="volume_editor" index="false"> Толстой предполагал читать «Войну и мир» историкам: Погодину, Соболевскому, Самарину и Щебальскому.</note> и завтра <choice><reg>намерен</reg><orig>намѣренъ</orig></choice> <choice><reg>приехать</reg><orig>прiѣхать</orig></choice> <choice><reg>обедать</reg><orig>обѣдать</orig></choice> <choice><reg>в</reg><orig>въ</orig></choice> 2 <choice><reg>в</reg><orig>въ</orig></choice> <choice><reg>парк</reg><orig>паркъ</orig></choice> и весь <choice><reg>вечер</reg><orig>вечеръ</orig></choice> работать. —</p>
<p rend="left"><choice original_editorial_correction='Кузм[инский]'><sic>Кузм</sic><corr><choice><reg>Кузминский</reg><orig>Кузминскiй</orig></choice></corr></choice> ничего не <choice><reg>говорил</reg><orig>говорилъ</orig></choice> ни <choice original_editorial_correction='А[ндрею]'><sic>А</sic><corr>Андрею</corr></choice> <choice original_editorial_correction='Е[встафьевичу]'><sic>Е</sic><corr>Евстафьевичу</corr></choice>, ни <choice><reg>Фуксам</reg><orig>Фуксамъ</orig></choice>. <choice><reg>Инстинкт</reg><orig>Инстинктъ</orig></choice> <choice><reg>вернее</reg><orig>вѣрнѣе</orig></choice> ума. Ничего <choice><reg>из</reg><orig>изъ</orig></choice> <choice><reg>этого</reg><orig>этаго</orig></choice> не <choice><reg>выйдет</reg><orig>выйдетъ</orig></choice>, и <choice><reg>тем</reg><orig>тѣмъ</orig></choice> лучше. Сiю секунду на <choice><reg>этих</reg><orig>этихъ</orig></choice> <choice><reg>словах</reg><orig>словахъ</orig></choice> <choice><reg>он</reg><orig>онъ</orig></choice> <choice><reg>вошел</reg><orig>вошелъ</orig></choice> ко <choice><reg>мне</reg><orig>мнѣ</orig></choice> <choice><reg>в</reg><orig>въ</orig></choice> Лизину комнату и <choice><reg>сел</reg><orig>сѣлъ</orig></choice> писать <choice><reg>Тане</reg><orig>Танѣ</orig></choice>. <choice><reg>Нет</reg><orig>Нѣтъ</orig></choice>, писать <choice><reg>об</reg><orig>объ</orig></choice> <choice><reg>этом</reg><orig>этомъ</orig></choice> нельзя, и роль наша молчать и ждать, но ежели <choice><reg>он</reg><orig>онъ</orig></choice> вернется со мной, ничего не <choice><reg>сказав</reg><orig>сказавъ</orig></choice> <choice><reg>своим</reg><orig>своимъ</orig></choice>, то <choice><reg>мне</reg><orig>мнѣ</orig></choice> кажется, что <choice><reg>наш</reg><orig>нашъ</orig></choice> <choice><reg>долг</reg><orig>долгъ</orig></choice> прекратить его <choice><reg>посещения</reg><orig>посѣщенiя</orig></choice> <choice><reg>в</reg><orig>въ</orig></choice> Ясную.<note xml:id="note9" resp="volume_editor" index="false"> С. А. Толстая писала во встречном письме от 20 июня: «Как я боюсь, что ты Кузминскому покажешь охлаждение или поссоришься с ним. Теперь мне уж поздно предупреждать тебя, но вообще он мне стал как-то страшен и даже неприятен». (ПСТ, стр. 78—79.)</note> <choice><reg>Вот</reg><orig>Вотъ</orig></choice> горе и мука свалилась на <choice><reg>нас</reg><orig>насъ</orig></choice>, когда мы того <choice><reg>менее</reg><orig>менѣе</orig></choice> всего ждали. Я даже хочу обмануть его, <choice><reg>сказав</reg><orig>сказавъ</orig></choice>, что <choice><reg>еду</reg><orig>ѣду</orig></choice> <choice><reg>в</reg><orig>въ</orig></choice> воскресенье, и <choice><reg>уехать</reg><orig>уѣхать</orig></choice> <choice><reg>в</reg><orig>въ</orig></choice> субботу.</p>
<p rend="left">Я нынче <choice><reg>совсем</reg><orig>совсѣмъ</orig></choice> <choice><reg>здоров</reg><orig>здоровъ</orig></choice>, и все также, <choice><reg>как</reg><orig>какъ</orig></choice> и вчера, и, <choice><reg>чем</reg><orig>чѣмъ</orig></choice> ближе подвигается <choice><reg>конец</reg><orig>конецъ</orig></choice> разлуки, стараюсь не думать о <choice><reg>тебе</reg><orig>тебѣ</orig></choice> и обо всей милой Ясной, несмотря на <choice><reg>поденных</reg><orig>поденныхъ</orig></choice> и <choice><reg>работников</reg><orig>работниковъ</orig></choice>. Еще нужно не отпирать заслонки и работать <choice><reg>бестолково</reg><orig>безтолково</orig></choice> и <choice><reg>поспешно</reg><orig>поспѣшно</orig></choice>, <choice><reg>как</reg><orig>какъ</orig></choice> это всегда <choice><reg>делается</reg><orig>дѣлается</orig></choice> <choice><reg>в</reg><orig>въ</orig></choice> <choice><reg>городе</reg><orig>городѣ</orig></choice>. Прощай, <hi style="opdelimiter"><choice><reg>голубчик</reg><orig>голубчикъ</orig></choice>.</hi><hi style="opnumber">148</hi> <hi style="npnumber">149</hi><hi style="npdelimiter">—</hi> <choice><reg>Целую</reg><orig>Цѣлую</orig></choice> мама, тетиньку, <choice><reg>детей</reg><orig>дѣтей</orig></choice>. — Папа очень <choice><reg>весел</reg><orig>веселъ</orig></choice>, <choice><reg>здоров</reg><orig>здоровъ</orig></choice> и <choice><reg>мил</reg><orig>милъ</orig></choice> ко <choice><reg>мне</reg><orig>мнѣ</orig></choice> и ко <choice><reg>всем</reg><orig>всѣмъ</orig></choice>, <choice><reg>как</reg><orig>какъ</orig></choice> всегда. —</p>
<comments><p rend="Textpetit_otstup left">Печатается по автографу, хранящемуся в АТБ. Впервые опубликовано по копии, сделанной С. А. Толстой, в ПЖ, стр. 68—70. Датируется на основании слов письма: «я не согласился, но всетаки завтра и в субботу буду пить воды у Редлиха». Суббота падала на 24 июня, следовательно, письмо писалось в четверг, 22 июня.</p>
<p rend="Textpetit_otstup left"><hi>1</hi> Теодор (Федор Федорович) Рис, владелец типографии и словолитни, находившейся у Мясницких ворот в Москве, в доме Воейкова, вход с Чистопрудного переулка (бывшая типография Лазаревского института Восточных языков).</p>
<p rend="petit left"><hi>2</hi> Фактически последний (шестой) том «Войны и мира» вышел в декабре 1869 г.</p>
<p rend="petit left"><hi>3</hi> Согласно объявлению в «Московских ведомостях» цена за четыре тома романа была назначена семь рублей; когда роман разросся до пяти частей, цена была увеличена до восьми рублей, шестой том отдельно стоил два рубля. Цена за все шесть томов была десять рублей серебром с пересылкой.</p>
<p rend="petit left"><hi>4</hi> Повидимому, описка, следует 7 июля.</p>
<p rend="petit left"><hi>5</hi> Степанида Трифоновна Иванова, экономка у Берсов.</p>
<p rend="petit left"><hi>6</hi> Эдуард Яковлевич и Елена Михайловна Фукс.</p>
<p rend="petit left"><hi>7</hi> Петровско-Разумовское, дачное место под Москвой, где находится сельско-хозяйственная академия; первая станция по Николаевской железной дороге.</p>
<p rend="petit left"><hi>8</hi> Толстой предполагал читать «Войну и мир» историкам: Погодину, Соболевскому, Самарину и Щебальскому.</p>
<p rend="petit left"><hi>9</hi> С. А. Толстая писала во встречном письме от 20 июня: «Как я боюсь, что ты Кузминскому покажешь охлаждение или поссоришься с ним. Теперь мне уж поздно предупреждать тебя, но вообще он мне стал как-то страшен и даже неприятен». (ПСТ, стр. 78—79.)</p>
</comments></div></body>
        </text>
        </TEI>