<?xml version='1.0' encoding='UTF-8' standalone='no'?>

<TEI xmlns="http://www.tei-c.org/ns/1.0">
       <teiHeader>
          <fileDesc>
             <titleStmt>
                <title>Письмо №* 268. В. М. Абрамову. Неотправленное.</title>
             </titleStmt>
             <publicationStmt>
                <publisher>TolstoyLab</publisher>
                <date when="2015-09-14">14 September 2015</date>
             </publicationStmt>
             <sourceDesc>
                <biblStruct>
                   <analytic>
                      <author>Толстой Л.Н.</author>
                   </analytic>
                   <monogr>
                      <title level="m">Полное собрание сочинений. Том 81</title>
                      <imprint>
                         <pubPlace>Москва</pubPlace>
                         <publisher>Государственное издательство "Художественная литература"</publisher>
                         <date when="1956"/>
                      </imprint>
                   </monogr>
                   <series>
                      <title level="s">Л.Н. Толстой. Полное собрание сочинений</title>
                      <biblScope unit="vol">81</biblScope>
                   </series>
                </biblStruct>
             </sourceDesc>
          </fileDesc>
          <encodingDesc>
             <tagsDecl> </tagsDecl>
          </encodingDesc>
          <profileDesc>
             <correspDesc>
                <correspAction type="unsent">
                   <persName ref="PersonList.xml#L_N_Tolstoy">Л. Н. Толстой</persName>
                   <placeName ref="PlacesListxml#PLACE">Я. П.</placeName>
                   <date from="1910-04-04" to="1910-04-06">1910 г. Апреля 4 — 6</date>            </correspAction>
                <correspAction type="receiving">
                   <persName ref="PersonList.xml#RECEIVER">Абрамов Василий Максимович</persName>
                </correspAction>
                <correspContext>
                   <ref type="prev">Ответ на письмо ткача Родниковской мануфактуры Костромской губ. Василия Максимовича Абрамова, писавшего Толстому о вреде пьянства и просившего помочь ему открыть «трезвое общество».</ref>
                </correspContext>
             </correspDesc>
          </profileDesc>
       </teiHeader>
       <xenoData><number type="in a volume">268</number></xenoData>

       <text xml:id="V.M.Abramovu_268">
	<body><div>
		<opener index="false">
* 268. В. М. Абрамову. Неотправленное.
1910 г. Апреля 4—6. Я. П.
</opener><p rend="right">Абрамову.</p>

<p rend="Obrashenie left">Василий Максимович,</p>
<p rend="left">Очень хорошее дело вы делаете, помогай вам бог. Хотел бы сказать всем пьющим только одно: а именно то, что жизнь наша настоящая не в теле нашем, а в душе. А потому жить надо для души. А для того, чтобы жить для души, надо первым делом всячески просвещать ее добрыми мыслями, добрыми беседами, добрыми чтениями, а никак не заглушать, не затемнять ее. А ничем нельзя так заглушить и затемнить свет душевный, как всяким дурманом: табаком и пуще всего <hi style="opdelimiter">вином.</hi><hi style="opnumber">208</hi> <hi style="npnumber">209</hi><hi style="npdelimiter">Казалось</hi> бы, людям надо бояться греха, и потому и всего того, что вводит в грех. А между тем люди так любят грехи, что не только не боятся водки, но считают хорошим делом, как выражение любви к человеку, угощать тем ядом, который вводит во все грехи и блуд, и роскошь, и праздность, и сквернословие, и брань, и вражду, и драку. Удивительное это дело!</p>
<p rend="left">Говорят, как вы пишете, что трудно не делать того, что все делают — не угощать. Да неужели, если все делают скверности, так и мне надо то же делать? Попаду я к людоедам: все едят человеческое мясо, стало быть и мне есть. Надо понять, что пьянство дело не такое, что можно его делать и не делать, а что дело это всегда скверное, такое же скверное, как и блуд, воровство, грабеж, убийство, потому что ведет к этому самому. Только подумать о том, что при бедноте нашего народа они пропивают на одном акцизе 750 миллионов! «Да все делают». Да если все делают глупости и гадости, то ведь надо переставать их делать, а чтобы перестать делать, надо кому-нибудь начинать. Отчего же не мне, если я понимаю, что делаю дурное?<note xml:id="note1" resp="volume_editor" index="false"> После этого места в копии перепечатана воспроизводимая ниже вставка.</note></p>
<p rend="left">Говорят еще и то, что трудно отвыкнуть. Неправда это. Отвыкнуть очень легко от всего дурного, если только поймешь, что то, что делаешь дурного — дурно не для тела одного, а для души. Только пойми человек, что жить надо для души, а не для тела одного, а что для души вино пагубно, тогда легко отвыкнуть. Тому, кто живет, как скот, для одного тела, тому нельзя отвыкнуть, а тому, кто живет, как человек, тому, кто помнит душу свою, тому нельзя не отвыкнуть. Пусть каждый такой человек, который помнит душу и знает всё то зло, какое бывает от вина, пусть каждый такой человек каждый день на молитве, если он молится, а то и без молитвы, каждый день поутру вспомнит о том, от чего он хочет отвыкнуть, и скажет себе: буду помнить, что, кроме всех моих дел, у меня есть нынче еще одно важное дело: удержаться от питья и от всякого участия в угощении вином. И если он будет помнить и делать так, то не пройдет и полгода, и он будет удивляться и на себя, зачем он над собою делал эти гадости.</p>
<p rend="left">Может быть, эти мои советы пригодятся кому-нибудь из ваших товарищей, очень рад был бы. Посылаю вам и несколько книг и по этому вопросу и вообще о жизни.</p>
<p rend="right">Лев Толстой.</p>
<p rend="left">6 апреля 1910 г.</p>
<p rend="left"><hi style="opnumber">209</hi> <hi style="npnumber">210</hi></p>
<comments><p rend="Textpetit_otstup left"><hi>Непосланная вставка в письмо Абрамову о пьянстве 6 апреля 1910 г.</hi></p>
<p rend="left">Говорят, что нельзя при покупках, продажах, условиях, а пуще всего на праздниках, на крестинах, свадьбах, похоронах не пить водки и не угощать ею.</p>
<p rend="left">Казалось бы, для всякой продажи, покупки, для всякого условия надо хорошенько подумать, обсудить, а не дожидаться спрыску, выпивки. Ну да это еще меньшее горе. А вот праздник. Праздник значит ручному труду перерыв, отдых. Можно отдохнуть или сойтись с близкими, с родными, с друзьями побеседовать, повеселиться или о душе подумать, можно почитать евангелие или еще какие хорошие книги. И тут-то за место беседы, веселья с друзьями, родными, напиваются вином, вместо того чтобы о душе подумать, почитать что-нибудь душеполезное — сквернословие, ссоры, драки. А то крестины. Человек родился. Ну, что ж, слава богу, надо подумать, как его хорошенько воспитать. А чтобы хорошо воспитать, надо самому об себе подумать, от плохого отвыкать, к хорошему приучать, и тут вместо этого — вино, пьянство. То же и еще хуже на свадьбах. Сошлись молодые люди в любви жить, детей растить. Надо, казалось бы, им пример доброй жизни показать. Вместо этого опять вино. А уж глупее всего на похоронах. Ушел человек туда, откуда пришел, от бога и к богу. Казалось бы, когда о душе подумать, как не теперь, вернувшись с кладбища, где зарыли тело отца, матери, брата, который ушел туда, куда мы все идем и чего никто не минует. И что же вместо этого — вино и всё, что от него бывает. А мы говорим: нельзя не помянуть, стариками заведено. Да ведь старики не понимали, что это дурно. А мы понимаем. А понимаем, так и бросать надо.</p>
<p rend="left">А брось год, другой, да и оглянись назад и увидишь, что, первое, в год рублей 30—50, а то и вся сотня дома осталась, второе, много сквернословий, а также глупых и плохих дел осталось несказанными и несделанными, третье, в семье и согласия и любви больше, и четвертое, у самого на душе лучше стало.</p>
<p rend="Textpetit_otstup left">Кроме машинописного подлинника, сохранился черновик-автограф, начатый на конверте письма Абрамова и продолженный на почтовой бумаге. Дата «6 апреля 1910 г.» поставлена Толстым в левом нижнем углу подлинника, по сохранившейся же копии и по отметке на конверте, письмо датировано 4 апреля. Так как подлинник остался среди черновиков, то можно предположить, что письмо осталось неотправленным. Кроме подлинника, сохранилась публикуемая машинописная вставка и <hi style="opdelimiter">письмо</hi><hi style="opnumber">210</hi> <hi style="npnumber">211</hi><hi style="npdelimiter">с</hi> собственноручными поправками Толстого. См. Записные книжки Толстого 1910 г. (т. 58, стр. 179—180).</p>
<p rend="petit left">Ответ на письмо ткача Родниковской мануфактуры Костромской губ. Василия Максимовича Абрамова, писавшего Толстому о вреде пьянства и просившего помочь ему открыть «трезвое общество».</p>
<p rend="Textpetit_otstup left"><hi>1</hi> После этого места в копии перепечатана воспроизводимая ниже вставка.</p>
</comments></div></body>
        </text>
        </TEI>