<?xml version='1.0' encoding='UTF-8' standalone='no'?>

<TEI xmlns="http://www.tei-c.org/ns/1.0">
       <teiHeader>
          <fileDesc>
             <titleStmt>
                <title>Письмо №106. И. С. Тургеневу.</title>
             </titleStmt>
             <publicationStmt>
                <publisher>TolstoyLab</publisher>
                <date when="2015-09-14">14 September 2015</date>
             </publicationStmt>
             <sourceDesc>
                <biblStruct>
                   <analytic>
                      <author>Толстой Л.Н.</author>
                   </analytic>
                   <monogr>
                      <title level="m">Полное собрание сочинений. Том 63</title>
                      <imprint>
                         <pubPlace>Москва</pubPlace>
                         <publisher>Государственное издательство "Художественная литература"</publisher>
                         <date when="1934"/>
                      </imprint>
                   </monogr>
                   <series>
                      <title level="s">Л.Н. Толстой. Полное собрание сочинений</title>
                      <biblScope unit="vol">63</biblScope>
                   </series>
                </biblStruct>
				<bibl>Печатается по автографу, хранящемуся в ЛПБ. Впервые опубликовано в «Отчете Императорской публичной библиотеки за 1908 г.» Спб., 1908, стр. 224 (отр.); полностью в «Вестнике литературы» 1920, 8. Датируется на основании ответного письма И. С. Тургенева от 14/26 мая 1882 г. (АТБ).</bibl>
             </sourceDesc>
          </fileDesc>
          <encodingDesc>
             <tagsDecl> </tagsDecl>
          </encodingDesc>
          <profileDesc>
             <correspDesc>
                <correspAction type="sending">
                   <persName ref="PersonList.xml#L_N_Tolstoy">Л. Н. Толстой</persName>
                   <placeName ref="PlacesListxml#PLACE">Москва?</placeName>
                   <date from="1882-05-01" to="1882-05-05">1882 г. Мая 1 — 5?</date>            </correspAction>
                <correspAction type="receiving">
                   <persName ref="PersonList.xml#RECEIVER">Тургенев Иван Сергеевич</persName>
                </correspAction>
                <correspContext>
                   <ref type="prev"/>
                </correspContext>
             </correspDesc>
          </profileDesc>
       </teiHeader>
       <xenoData><number type="in a volume">106</number></xenoData>

              <text xml:id="I__S__Turgenevu_106">
	<body><div>
		<opener index="false">
106. И. С. Тургеневу.
1882 г. Мая 1—5? Москва?
</opener>
<p rend="Obrashenie left">Дорогой <choice><reg>Иван</reg><orig>Иванъ</orig></choice> <choice><reg>Сергеич</reg><orig>Сергѣичъ</orig></choice>!</p>
<p rend="left"><choice><reg>Известия</reg><orig>Извѣстiя</orig></choice> о вашей <choice><reg>болезни</reg><orig>болѣзни</orig></choice>,<note xml:id="note1" resp="volume_editor" index="false"> Вначале эта болезнь была определена как подагрическая грудная жаба; впоследствии оказалась раком позвоночника.</note> о которой <choice><reg>мне</reg><orig>мнѣ</orig></choice> <choice><reg>рассказывал</reg><orig>разсказывалъ</orig></choice> <choice><reg>Григорович</reg><orig>Григоровичъ</orig></choice><note xml:id="note2" resp="volume_editor" index="false"> Дмитрий Васильевич Григорович (1822—1899) — писатель.</note> и про которую <choice><reg>потом</reg><orig>потомъ</orig></choice> стали писать, ужасно огорчили меня, когда я <choice><reg>поверил</reg><orig>повѣрилъ</orig></choice>, что это серьезная <choice><reg>болезнь</reg><orig>болѣзнь</orig></choice>. Я <choice><reg>почувствовал</reg><orig>почувствовалъ</orig></choice>, <choice><reg>как</reg><orig>какъ</orig></choice> я <choice><reg>вас</reg><orig>васъ</orig></choice> люблю. Я <choice><reg>почувствовал</reg><orig>почувствовалъ</orig></choice>, что если вы умрете прежде меня, <choice><reg>мне</reg><orig>мнѣ</orig></choice> <choice><reg>будет</reg><orig>будетъ</orig></choice> очень больно. <choice><reg>Последния</reg><orig>Послѣднiя</orig></choice> <choice><reg>газетные</reg><orig>газетныя</orig></choice> <choice><reg>известия</reg><orig>извѣстiя</orig></choice> <choice><reg>утешительны</reg><orig>утѣшительны</orig></choice>. <choice><reg>Может</reg><orig>Можетъ</orig></choice> быть, еще и <hi style="opdelimiter">все</hi><hi style="opnumber">95</hi> <hi style="npnumber">96</hi><hi style="npdelimiter">это</hi> мнительность и вранье <choice><reg>докторов</reg><orig>докторовъ</orig></choice> и мы <choice><reg>с</reg><orig>съ</orig></choice> вами опять увидимся <choice><reg>в</reg><orig>въ</orig></choice> Ясной и <choice><reg>в</reg><orig>въ</orig></choice> <choice><reg>Спаском</reg><orig>Спаскомъ</orig></choice>.<note xml:id="note3" resp="volume_editor" index="false"> «Спасское-Лутовиново» — имение И. С. Тургенева в десяти верстах от Мценска, Орловской губернии.</note> <choice><reg>Ах</reg><orig>Ахъ</orig></choice>, дай <choice><reg>Бог</reg><orig>Богъ</orig></choice>!</p>
<p rend="left"><choice><reg>В</reg><orig>Въ</orig></choice> первую минуту, когда я <choice><reg>поверил</reg><orig>повѣрилъ</orig></choice> — <choice><reg>надеюсь</reg><orig>надѣюсь</orig></choice> напрасно — что вы опасно больны, <choice><reg>мне</reg><orig>мнѣ</orig></choice> даже пришло <choice><reg>в</reg><orig>въ</orig></choice> голову <choice><reg>ехать</reg><orig>ѣхать</orig></choice> <choice><reg>в</reg><orig>въ</orig></choice> <choice><reg>Париж</reg><orig>Парижъ</orig></choice>, <choice><reg>чтоб</reg><orig>чтобъ</orig></choice> повидаться <choice><reg>с</reg><orig>съ</orig></choice> вами. Напишите или велите написать <choice><reg>мне</reg><orig>мнѣ</orig></choice> <choice><reg>определительно</reg><orig>опредѣлительно</orig></choice> и подробно о вашей <choice><reg>болезни</reg><orig>болѣзни</orig></choice>. Я буду очень <choice><reg>благодарен</reg><orig>благодаренъ</orig></choice>. Хочется знать <choice><reg>верно</reg><orig>вѣрно</orig></choice>.</p>
<p rend="left">Обнимаю <choice><reg>Вас</reg><orig>Васъ</orig></choice> старый милый и очень дорогой <choice><reg>мне</reg><orig>мнѣ</orig></choice> <choice><reg>человек</reg><orig>человѣкъ</orig></choice> и <choice><reg>друг</reg><orig>другъ</orig></choice></p>
<p rend="right"><choice><reg>Ваш</reg><orig>Вашъ</orig></choice> Толстой.</p>
<comments><p rend="Textpetit_otstup left">Печатается по автографу, хранящемуся в ЛПБ. Впервые опубликовано в «Отчете Императорской публичной библиотеки за 1908 г.» Спб., 1908, стр. 224 (отр.); полностью в «Вестнике литературы» 1920, 8. Датируется на основании ответного письма И. С. Тургенева от 14/26 мая 1882 г. (АТБ).</p>
<p rend="Textpetit_otstup left"><hi>1</hi> Вначале эта болезнь была определена как подагрическая грудная жаба; впоследствии оказалась раком позвоночника.</p>
<p rend="petit left"><hi>2</hi> Дмитрий Васильевич Григорович (1822—1899) — писатель.</p>
<p rend="petit left"><hi>3</hi> «Спасское-Лутовиново» — имение И. С. Тургенева в десяти верстах от Мценска, Орловской губернии.</p>
<p rend="petit left">На это письмо Толстого И. С. Тургенев отвечал письмом от 14/26 мая 1882 г.: «Милый Толстой, не могу сказать, как меня тронуло Ваше письмо. Обнимаю Вас за каждое в нем слово. Болезнь моя (angine pectoraie goutteuse) — которой я почти готов быть благодарен за доставленные мне ею выражения сочувствия — вовсе не опасная, хоть и довольно мучительная; главная беда в том. что плохо поддаваясь лекарствам, она может долго продолжаться — и, лишив меня способности движения, она на неопределенное время отдаляет мою поездку в Спасское. А как я готовился к этой поездке, как заранее радовался! Но всякая надежда еще не потеряна. Что же касается до моей жизни — так я, вероятно, еще долго проживу, хотя моя песенка уже спета; — вот Вам надо еще долго жить — и не только для того, что жизнь всё-таки дело хорошее — а для того, чтобы окончить то дело, к которому Вы призваны и на которое кроме Вас, у нас мастера нет. Вспоминаю Ваши прошлогодние полуобещания и не хочу думать, чтобы Вы их не исполнили! Не могу много писать — но Вы меня понимаете. На днях меня перевозят в Буживаль — авось перемена воздуха подействует! Кланяюсь всем Вашим. Вторично Вас обнимаю и радуюсь, что нахожу в сердце своем самый горячий отзыв на Ваши добрые дружеские слова. Любящий Вас Ив. Тургенев» (см. «Толстой и Тургенев. Переписка». Редакция и примечания А. Е. Грузинского и М. А. Цявловского, изд. М. и С. Сабашниковых, 1928, стр. 102—103).</p>
</comments></div></body>
        </text>
        </TEI>