<?xml version='1.0' encoding='UTF-8' standalone='no'?>

<TEI xmlns="http://www.tei-c.org/ns/1.0">
       <teiHeader>
          <fileDesc>
             <titleStmt>
                <title>Письмо №233. С. А. Толстой</title>
             </titleStmt>
             <publicationStmt>
                <publisher>TolstoyLab</publisher>
                <date when="2015-09-14">14 September 2015</date>
             </publicationStmt>
             <sourceDesc>
                <biblStruct>
                   <analytic>
                      <author>Толстой Л.Н.</author>
                   </analytic>
                   <monogr>
                      <title level="m">Полное собрание сочинений. Том 83</title>
                      <imprint>
                         <pubPlace>Москва</pubPlace>
                         <publisher>Государственное издательство "Художественная литература"</publisher>
                         <date when="1938"/>
                      </imprint>
                   </monogr>
                   <series>
                      <title level="s">Л.Н. Толстой. Полное собрание сочинений</title>
                      <biblScope unit="vol">83</biblScope>
                   </series>
                </biblStruct>
				<bibl>Печатается по автографу, хранящемуся в АТБ. Впервые опубликовано по копии, сделанной С. А. Толстой, в ПЖ, стр. 187. Датируется на основании почтовых штемпелей: «Почтовый вагон. 23 мая 1883; почтовый вагон. 25 мая 1883; Тула 25 мая 1883».</bibl>
             </sourceDesc>
          </fileDesc>
          <encodingDesc>
             <tagsDecl> </tagsDecl>
          </encodingDesc>
          <profileDesc>
             <correspDesc>
                <correspAction type="sending">
                   <persName ref="PersonList.xml#L_N_Tolstoy">Л. Н. Толстой</persName>
                   <placeName ref="PlacesListxml#PLACE">Самара.</placeName>
                   <date when="1883-05-23">1883 г. Мая 23.</date>            </correspAction>
                <correspAction type="receiving">
                   <persName ref="PersonList.xml#RECEIVER">Толстая Софья Андреевна</persName>
                </correspAction>
                <correspContext>
                   <ref type="prev"/>
                </correspContext>
             </correspDesc>
          </profileDesc>
       </teiHeader>
       <xenoData><number type="in a volume">233</number></xenoData>

       <text xml:id="a23_233">
	<body><div>
		<opener index="false">
233.
1883 г. Мая 23. Самара.</opener>
<p rend="left"><choice><reg>Доехал</reg><orig>Доѣхалъ</orig></choice> благополучно до Самары. <choice><reg>Холод</reg><orig>Холодъ</orig></choice> и дождь; я <choice><reg>хотел</reg><orig>хотѣлъ</orig></choice> остаться <choice><reg>в</reg><orig>въ</orig></choice> <choice><reg>Самаре</reg><orig>Самарѣ</orig></choice> на день — переждать дождь и купить, что нужно; но теперь разгулялось, и я <choice><reg>еду</reg><orig>ѣду</orig></choice> до <hi style="opdelimiter">Богатаго.<note xml:id="note1" resp="volume_editor" index="false"> Богатое — железнодорожная станция в 86 верстах от Самары, ближайшая к имению Толстого.</note></hi><hi style="opnumber">375</hi></p>
<p rend="left"><hi style="npnumber">376</hi><hi style="npdelimiter">Я</hi> давно не <choice><reg>ездил</reg><orig>ѣздилъ</orig></choice>, и дорога показалась скучна; <choice><reg>от</reg><orig>отъ</orig></choice> того что устаешь и не можешь подвинтить себя. Пиши по чаще. Не желай того, чего не <choice><reg>желают</reg><orig>желаютъ</orig></choice> <choice><reg>все</reg><orig>всѣ</orig></choice> люди. Тороплюсь еще взять <choice><reg>билет</reg><orig>билетъ</orig></choice>. <choice><reg>Встретил</reg><orig>Встрѣтилъ</orig></choice> Вячеслава.<note xml:id="note2" resp="volume_editor" index="false"> Вячеслав Андреевич Берс.</note></p>
<p rend="left"><choice><reg>Целую</reg><orig>Цѣлую</orig></choice> <choice><reg>детей</reg><orig>дѣтей</orig></choice> и <choice><reg>всех</reg><orig>всѣхъ</orig></choice> гостей.</p>
<p rend="right">Л. Т.</p>
<lb/>
<p rend="left">Буду пользоваться <choice><reg>всяким</reg><orig>всякимъ</orig></choice> <choice><reg>случаем</reg><orig>случаемъ</orig></choice> писать и буду телеграфировать.</p>
<comments><p rend="Textpetit_otstup left">Печатается по автографу, хранящемуся в АТБ. Впервые опубликовано по копии, сделанной С. А. Толстой, в ПЖ, стр. 187. Датируется на основании почтовых штемпелей: «Почтовый вагон. 23 мая 1883; почтовый вагон. 25 мая 1883; Тула 25 мая 1883».</p>
<p rend="Textpetit_otstup left"><hi>1</hi> Богатое — железнодорожная станция в 86 верстах от Самары, ближайшая к имению Толстого.</p>
<p rend="petit left"><hi>2</hi> Вячеслав Андреевич Берс.</p>
</comments></div></body>
        </text>
        </TEI>