<?xml version='1.0' encoding='UTF-8' standalone='no'?>

<TEI xmlns="http://www.tei-c.org/ns/1.0">
       <teiHeader>
          <fileDesc>
             <titleStmt>
                <title>Письмо №* 187. В. А. Маклакову. Неотправленное.</title>
             </titleStmt>
             <publicationStmt>
                <publisher>TolstoyLab</publisher>
                <date when="2015-09-14">14 September 2015</date>
             </publicationStmt>
             <sourceDesc>
                <biblStruct>
                   <analytic>
                      <author>Толстой Л.Н.</author>
                   </analytic>
                   <monogr>
                      <title level="m">Полное собрание сочинений. Том 82</title>
                      <imprint>
                         <pubPlace>Москва</pubPlace>
                         <publisher>Государственное издательство "Художественная литература"</publisher>
                         <date when="1956"/>
                      </imprint>
                   </monogr>
                   <series>
                      <title level="s">Л.Н. Толстой. Полное собрание сочинений</title>
                      <biblScope unit="vol">82</biblScope>
                   </series>
                </biblStruct>
             </sourceDesc>
          </fileDesc>
          <encodingDesc>
             <tagsDecl> </tagsDecl>
          </encodingDesc>
          <profileDesc>
             <correspDesc>
                <correspAction type="unsent">
                   <persName ref="PersonList.xml#L_N_Tolstoy">Л. Н. Толстой</persName>
                   <placeName ref="PlacesListxml#PLACE">Кочеты</placeName>
                   <date when="1910-09-10">1910 г. Сентября 10.</date>            </correspAction>
                <correspAction type="receiving">
                   <persName ref="PersonList.xml#RECEIVER">Маклаков Василий Алексеевич</persName>
                </correspAction>
                <correspContext>
                   <ref type="prev"/>
                </correspContext>
             </correspDesc>
          </profileDesc>
       </teiHeader>
       <xenoData><number type="in a volume">187</number></xenoData>

       <text xml:id="V.A.Maklakovu_187">
	<body><div>
		<opener index="false">
* 187. В. А. Маклакову. Неотправленное.
1910 г. Сентября 10. Кочеты</opener>
<p rend="left">Сердечно благодарю.</p>
<lb/>
<p rend="left">Адрес: Маклакову Петербург Дума.</p>
<comments><p rend="Textpetit_otstup left">Телеграммы адвокатам В. А. Маклакову и Н. К. Муравьеву (см. № 188), написанные Толстым на совместной телеграмме об оправдании на суде В. А. Молочникова. Вместо телеграмм, Маклакову и Муравьеву были посланы письма (см. №№ 189 и 190).</p>
</comments></div></body>
        </text>
        </TEI>