<?xml version='1.0' encoding='UTF-8' standalone='no'?>

<TEI xmlns="http://www.tei-c.org/ns/1.0">
       <teiHeader>
          <fileDesc>
             <titleStmt>
                <title>Письмо №242. П. И. Бартеневу.</title>
             </titleStmt>
             <publicationStmt>
                <publisher>TolstoyLab</publisher>
                <date when="2015-09-14">14 September 2015</date>
             </publicationStmt>
             <sourceDesc>
                <biblStruct>
                   <analytic>
                      <author>Толстой Л.Н.</author>
                   </analytic>
                   <monogr>
                      <title level="m">Полное собрание сочинений. Том 61</title>
                      <imprint>
                         <pubPlace>Москва</pubPlace>
                         <publisher>Государственное издательство "Художественная литература"</publisher>
                         <date when="1953"/>
                      </imprint>
                   </monogr>
                   <series>
                      <title level="s">Л.Н. Толстой. Полное собрание сочинений</title>
                      <biblScope unit="vol">61</biblScope>
                   </series>
                </biblStruct>
				<bibl>Впервые опубликовано в «Сборнике Государственного Толстовского музея», М. 1937, стр. 177. Датируется сопоставлением с письмом Толстого к Бартеневу от 4 декабря, № 244.</bibl>
             </sourceDesc>
          </fileDesc>
          <encodingDesc>
             <tagsDecl> </tagsDecl>
          </encodingDesc>
          <profileDesc>
             <correspDesc>
                <correspAction type="sending">
                   <persName ref="PersonList.xml#L_N_Tolstoy">Л. Н. Толстой</persName>
                   <placeName ref="PlacesListxml#PLACE">Я. П.</placeName>
                   <date when="1867-11-30">1867 г. Ноября 30.</date>            </correspAction>
                <correspAction type="receiving">
                   <persName ref="PersonList.xml#RECEIVER">Бартенев Петр Иванович</persName>
                </correspAction>
                <correspContext>
                   <ref type="prev"/>
                </correspContext>
             </correspDesc>
          </profileDesc>
       </teiHeader>
       <xenoData><number type="in a volume">242</number></xenoData>

              <text xml:id="P__I__Bartenevu_242">
	<body><div>
		<opener index="false">
242. П. И. Бартеневу.
1867 г. Ноября 30. Я. П.</opener>
<p rend="left">Жена моя едет на день в Москву. Она знает всё касательно моего писания. Я боюсь за последние главы 3-го тома и просил ее просмотреть их и, ежели успеется и нужно, привезть их мне.</p>
<p rend="left">Во всяком случае, независимо от писания, она очень рада будет с вами познакомиться, ежели вы 2-го утром заедете к ней — к Берсам. —</p>
<p rend="right">Л. Толстой.</p>
<comments><p rend="Textpetit_otstup left">Впервые опубликовано в «Сборнике Государственного Толстовского музея», М. 1937, стр. 177. Датируется сопоставлением с письмом Толстого к Бартеневу от 4 декабря, № 244.</p>
</comments></div></body>
        </text>
        </TEI>