<?xml version='1.0' encoding='UTF-8' standalone='no'?>

<TEI xmlns="http://www.tei-c.org/ns/1.0">
       <teiHeader>
          <fileDesc>
             <titleStmt>
                <title>Письмо №24. С. А. Толстой</title>
             </titleStmt>
             <publicationStmt>
                <publisher>TolstoyLab</publisher>
                <date when="2015-09-14">14 September 2015</date>
             </publicationStmt>
             <sourceDesc>
                <biblStruct>
                   <analytic>
                      <author>Толстой Л.Н.</author>
                   </analytic>
                   <monogr>
                      <title level="m">Полное собрание сочинений. Том 83</title>
                      <imprint>
                         <pubPlace>Москва</pubPlace>
                         <publisher>Государственное издательство "Художественная литература"</publisher>
                         <date when="1938"/>
                      </imprint>
                   </monogr>
                   <series>
                      <title level="s">Л.Н. Толстой. Полное собрание сочинений</title>
                      <biblScope unit="vol">83</biblScope>
                   </series>
                </biblStruct>
				<bibl>Печатается по автографу, хранящемуся в АТБ. Впервые опубликовано по копии, сделанной С. А. Толстой, в ПЖ, стр. 18—19.</bibl>
             </sourceDesc>
          </fileDesc>
          <encodingDesc>
             <tagsDecl> </tagsDecl>
          </encodingDesc>
          <profileDesc>
             <correspDesc>
                <correspAction type="sending">
                   <persName ref="PersonList.xml#L_N_Tolstoy">Л. Н. Толстой</persName>
                   <placeName ref="PlacesListxml#PLACE">Москва.</placeName>
                   <date when="1864-11-25">1864 г. Ноября 25.</date>            </correspAction>
                <correspAction type="receiving">
                   <persName ref="PersonList.xml#RECEIVER">Толстая Софья Андреевна</persName>
                </correspAction>
                <correspContext>
                   <ref type="prev"/>
                </correspContext>
             </correspDesc>
          </profileDesc>
       </teiHeader>
       <xenoData><number type="in a volume">24</number></xenoData>

       <text xml:id="a25_24">
	<body><div>
		<opener index="false">
24.
1864 г. Ноября 25. Москва.</opener>
<p rend="left">Нынче <choice><reg>утром</reg><orig>утромъ</orig></choice> я <choice><reg>послал</reg><orig>послалъ</orig></choice> 3-й <choice><reg>телеграмм</reg><orig>телеграммъ</orig></choice>, <choice><reg>в</reg><orig>въ</orig></choice> <choice><reg>котором</reg><orig>которомъ</orig></choice> говорю, что <choice><reg>операции</reg><orig>операцiи</orig></choice> <choice><reg>делать</reg><orig>дѣлать</orig></choice> не буду. <choice><reg>Вот</reg><orig>Вотъ</orig></choice> <choice><reg>как</reg><orig>какъ</orig></choice> было <choice><reg>дело</reg><orig>дѣло</orig></choice>.</p>
<p rend="left"><choice><reg>Утром</reg><orig>Утромъ</orig></choice> <choice><reg>сидел</reg><orig>сидѣлъ</orig></choice> дома, <choice><reg>ожидал</reg><orig>ожидалъ</orig></choice> <choice><reg>Рудинского</reg><orig>Рудинскаго</orig></choice>. До <choice><reg>Рудинского</reg><orig>Рудинскаго</orig></choice> <choice><reg>заехал</reg><orig>заѣхалъ</orig></choice> случайно еще <choice><reg>Вендрих</reg><orig>Вендрихъ</orig></choice>.<note xml:id="note1" resp="volume_editor" index="false"> Альфред Федорович Вендрих, доктор.</note> Показали ему, и <choice><reg>он</reg><orig>онъ</orig></choice> <choice><reg>сказал</reg><orig>сказалъ</orig></choice>, что править не надо, хотя и <choice><reg>признавал</reg><orig>признавалъ</orig></choice>, что рука не на <choice><reg>месте</reg><orig>мѣстѣ</orig></choice>, и <choice><reg>привел</reg><orig>привелъ</orig></choice> три случая <choice><reg>вправления</reg><orig>вправленiя</orig></choice> <choice><reg>застарелых</reg><orig>застарѣлыхъ</orig></choice> <choice><reg>вывихов</reg><orig>вывиховъ</orig></choice>, <choice original_editorial_correction='к[отор]ые'><sic>кые</sic><corr>которые</corr></choice> <choice><reg>все</reg><orig>всѣ</orig></choice> остались <choice><reg>безуспешны</reg><orig>безуспѣшны</orig></choice>. Ему я не <choice><reg>поверил</reg><orig>повѣрилъ</orig></choice> и <choice><reg>ждал</reg><orig>ждалъ</orig></choice> <choice><reg>Рудинского</reg><orig>Рудинскаго</orig></choice>, на <choice><reg>которого</reg><orig>котораго</orig></choice> слова я <choice><reg>как</reg><orig>какъ</orig></choice> будто <choice><reg>загадал</reg><orig>загадалъ</orig></choice> — <choice><reg>сделат</reg><orig>сдѣлатъ</orig></choice>, что <choice><reg>он</reg><orig>онъ</orig></choice> <choice><reg>скажет</reg><orig>скажетъ</orig></choice>, что бы то ни было. — Я <choice><reg>вперед</reg><orig>впередъ</orig></choice> <choice><reg>попросил</reg><orig>попросилъ</orig></choice> <choice original_editorial_correction='А[ндрея]'><sic>А</sic><corr>Андрея</corr></choice> <choice original_editorial_correction='Е[встафьевича]'><sic>Е</sic><corr>Евстафьевича</corr></choice> неговорить <choice><reg>с</reg><orig>съ</orig></choice> <hi style="opdelimiter"><choice><reg>ним</reg><orig>нимъ</orig></choice></hi><hi style="opnumber">55</hi> <hi style="npnumber">56</hi><hi style="npdelimiter">прежде</hi> меня и предоставить объяснить одному <choice><reg>мне</reg><orig>мнѣ</orig></choice>. <choice><reg>Он</reg><orig>Онъ</orig></choice> <choice><reg>смотрел</reg><orig>смотрѣлъ</orig></choice> внимательно и <choice><reg>решил</reg><orig>рѣшилъ</orig></choice>, что ломать не надо, что <choice><reg>был</reg><orig>былъ</orig></choice> <choice><reg>перелом</reg><orig>переломъ</orig></choice> (это <choice><reg>признал</reg><orig>призналъ</orig></choice> и <choice><reg>Попов</reg><orig>Поповъ</orig></choice>), и что полному <choice><reg>вправлению</reg><orig>вправленiю</orig></choice> могла <choice><reg>помешать</reg><orig>помѣшать</orig></choice> какая нибудь подвернувшаяся <choice><reg>под</reg><orig>подъ</orig></choice> головку связка, и что <choice><reg>кроме</reg><orig>кромѣ</orig></choice> того пустое пространство, которое не занято костью руки, теперь уже <hi><choice><reg>наверно</reg><orig>навѣрно</orig></choice></hi> выполнилось <choice><reg>хрящом</reg><orig>хрящомъ</orig></choice> (это тоже <choice><reg>говорил</reg><orig>говорилъ</orig></choice> <choice><reg>Попов</reg><orig>Поповъ</orig></choice>), и что поэтому пробовать нечего. <choice><reg>Он</reg><orig>Онъ</orig></choice> <choice><reg>говорил</reg><orig>говорилъ</orig></choice>, что рука очень, очень не много не на <choice><reg>месте</reg><orig>мѣстѣ</orig></choice>, и что <choice><reg>владеть</reg><orig>владѣть</orig></choice> я ей буду гораздо лучше, <choice><reg>чем</reg><orig>чѣмъ</orig></choice> теперь. — Что теперь я не <choice><reg>владею</reg><orig>владѣю</orig></choice> преимущественно <choice><reg>от</reg><orig>отъ</orig></choice> того, что при <choice><reg>бездействии</reg><orig>бездѣйствiи</orig></choice> <choice><reg>все</reg><orig>всѣ</orig></choice> мускулы исхудали, и <choice><reg>в</reg><orig>въ</orig></choice> <choice><reg>мускулах</reg><orig>мускулахъ</orig></choice> было произведено <choice><reg>растяжение</reg><orig>растяженiе</orig></choice> и <choice><reg>ушибом</reg><orig>ушибомъ</orig></choice> параличное <choice><reg>состояние</reg><orig>состоянiе</orig></choice>, <choice original_editorial_correction='к[отор]ое'><sic>кое</sic><corr>которое</corr></choice> <choice><reg>может</reg><orig>можетъ</orig></choice> пройти и само собою, и при <choice><reg>употреблении</reg><orig>употребленiи</orig></choice> Іода, мази, <choice original_editorial_correction='к[отор]ая'><sic>кая</sic><corr>которая</corr></choice> <choice><reg>произведет</reg><orig>произведетъ</orig></choice> наружное <choice><reg>воспаление</reg><orig>воспаленiе</orig></choice>. Это я <choice><reg>сделаю</reg><orig>сдѣлаю</orig></choice> завтра. Главная же моя надежда на Гимнастику. <choice><reg>Фосс</reg><orig>Фоссъ</orig></choice><note xml:id="note2" resp="volume_editor" index="false"> «Учитель и владелец гимнастического заведения» (н. п. С. А.).</note> <choice><reg>уверял</reg><orig>увѣрялъ</orig></choice> вчера, что у него были <choice><reg>такие</reg><orig>такiе</orig></choice> случаи, <choice><reg>излечиваемы</reg><orig>излѣчиваемы</orig></choice> совершенно, и что для <choice><reg>этого</reg><orig>этаго</orig></choice> потребуется <choice><reg>месяцов</reg><orig>мѣсяцовъ</orig></choice> 6. <choice><reg>Он</reg><orig>Онъ</orig></choice> <choice><reg>говорит</reg><orig>говоритъ</orig></choice>, что надобно это <choice><reg>делать</reg><orig>дѣлать</orig></choice> ему самому, <choice><reg>следовательно</reg><orig>слѣдовательно</orig></choice> <choice><reg>в</reg><orig>въ</orig></choice> <choice><reg>Москве</reg><orig>Москвѣ</orig></choice>, на что я, <choice><reg>разумеется</reg><orig>разумѣется</orig></choice>, не соглашусь, а думаю <choice><reg>сделать</reg><orig>сдѣлать</orig></choice> <choice><reg>вот</reg><orig>вотъ</orig></choice> <choice><reg>как</reg><orig>какъ</orig></choice>: <choice><reg>начав</reg><orig>начавъ</orig></choice> <choice><reg>с</reg><orig>съ</orig></choice> <choice><reg>завтрашнего</reg><orig>завтрашняго</orig></choice> дня, буду его приглашать каждый день ко <choice><reg>мне</reg><orig>мнѣ</orig></choice> для <choice><reg>упражнений</reg><orig>упражненiй</orig></choice> и продолжу это <choice><reg>неделю</reg><orig>недѣлю</orig></choice> или 10 дней. <choice><reg>Алексей</reg><orig>Алексѣй</orig></choice><note xml:id="note3" resp="volume_editor" index="false"> Орехов.</note> <choice><reg>будет</reg><orig>будетъ</orig></choice> присутствовать и учиться; и ежели <choice><reg>замечу</reg><orig>замѣчу</orig></choice> пользу, то по его <choice><reg>инструкции</reg><orig>инструкцiи</orig></choice> буду продолжать тоже самое. <choice><reg>К</reg><orig>Къ</orig></choice> <choice><reg>несчастию</reg><orig>несчастiю</orig></choice>, <choice><reg>он</reg><orig>онъ</orig></choice> <choice><reg>должен</reg><orig>долженъ</orig></choice> <choice original_editorial_correction='б[ыл]'><sic>б</sic><corr><choice><reg>был</reg><orig>былъ</orig></choice></corr></choice> <choice><reg>приехать</reg><orig>прiѣхать</orig></choice> нынче <choice><reg>к</reg><orig>къ</orig></choice> <choice original_editorial_correction='А[ндрею]'><sic>А</sic><corr>Андрею</corr></choice> <choice original_editorial_correction='Е[встафьевичу]'><sic>Е</sic><corr>Евстафьевичу</corr></choice> и почему то не <choice><reg>был</reg><orig>былъ</orig></choice>, <choice><reg>так</reg><orig>такъ</orig></choice> что я всего <choice><reg>с</reg><orig>съ</orig></choice> <choice><reg>ним</reg><orig>нимъ</orig></choice> еще не <choice><reg>переговорил</reg><orig>переговорилъ</orig></choice>. А <choice><reg>впрочем</reg><orig>впрочемъ</orig></choice> <choice><reg>будет</reg><orig>будетъ</orig></choice>, что <choice><reg>будет</reg><orig>будетъ</orig></choice>. Я очень мало буду тужить, ежели рука <choice><reg>без</reg><orig>безъ</orig></choice> боли останется <choice><reg>в</reg><orig>въ</orig></choice> <choice><reg>теперешнем</reg><orig>теперешнемъ</orig></choice> даже <choice><reg>положении</reg><orig>положенiи</orig></choice>, и ежели бы я <choice><reg>знал</reg><orig>зналъ</orig></choice>, что ты смотришь также, то <choice><reg>был</reg><orig>былъ</orig></choice> бы совершенно <choice><reg>спокоен</reg><orig>спокоенъ</orig></choice>. <choice><reg>От</reg><orig>Отъ</orig></choice> тебя все <choice><reg>нет</reg><orig>нѣтъ</orig></choice> письма. — Нынче <choice><reg>утром</reg><orig>утромъ</orig></choice> я опять <choice><reg>писал</reg><orig>писалъ</orig></choice> охотно, <choice><reg>потом</reg><orig>потомъ</orig></choice> <choice><reg>приехал</reg><orig>прiѣхалъ</orig></choice> маленькой Оболенской <choice original_editorial_correction='к[оторый]'><sic>к</sic><corr>который</corr></choice> <choice><reg>хочет</reg><orig>хочетъ</orig></choice> кажется, faire la cour<note xml:id="note4" resp="volume_editor" index="false"> [ухаживает]</note> <choice><reg>Лизе</reg><orig>Лизѣ</orig></choice>,<note xml:id="note5" resp="volume_editor" index="false"> Елизавета Андреевна Берс.</note> и <choice><reg>Сухотин</reg><orig>Сухотинъ</orig></choice>,<note xml:id="note6" resp="volume_editor" index="false"> Сергей Михайлович Сухотин (1818—1886), камергер, владелец 2300 десятин земли. В молодости служил в л.-гв. Преображенском полку; с 1851 г. советник в Московской дворцовой конторе. Был женат на сестре Дм. Ал. Дьякова — Марии Алексеевне. В «Русском архиве» за 1894 г. (№№ 2, 3 и 4) напечатаны: «Из памятных тетрадей С. М. Сухотина». Жена Сухотина — Мария Алексеевна — развелась с ним в 1868 г. и вышла замуж зa Сергея Александровича Ладыженского. Обстоятельства этого развода послужили фактической основой для описания развода Карениных в романе Толстого.</note> <choice original_editorial_correction='к[отор]ый'><sic>кый</sic><corr>который</corr></choice> что-то <choice><reg>похудел</reg><orig>похудѣлъ</orig></choice> и <choice><reg>стал</reg><orig>сталъ</orig></choice> <choice><reg>похож</reg><orig>похожъ</orig></choice> на <choice><reg>старого</reg><orig>стараго</orig></choice> <choice><reg>камер-лакея</reg><orig>камеръ-лакея</orig></choice>. Оба наскучили, <choice><reg>потом</reg><orig>потомъ</orig></choice> Анке еще хуже <choice><reg>наскучил</reg><orig>наскучилъ</orig></choice>, сидя весь <choice><reg>обед</reg><orig>обѣдъ</orig></choice> и <choice><reg>вечер</reg><orig>вечеръ</orig></choice>. <choice original_editorial_correction='А[ндрей]'><sic>А</sic><corr>Андрей</corr></choice> <choice original_editorial_correction='Е[встафьевич]'><sic>Е</sic><corr><choice><reg>Евстафьевич</reg><orig>Евстафьевичъ</orig></choice></corr></choice> тоже <choice><reg>тяжел</reg><orig>тяжелъ</orig></choice> своей непрестанной, томящей заботой о <choice><reg>своем</reg><orig>своемъ</orig></choice> здоровьи, <choice original_editorial_correction='к[отор]ое'><sic>кое</sic><corr>которое</corr></choice> было бы <choice><reg>действительно</reg><orig>дѣйствительно</orig></choice> много лучше, ежели бы <choice><reg>он</reg><orig>онъ</orig></choice> меньше о <choice><reg>нем</reg><orig>немъ</orig></choice> заботился и воздерживался бы. <choice><reg>Вечером</reg><orig>Вечеромъ</orig></choice> <choice><reg>поехали</reg><orig>поѣхали</orig></choice> опять <choice><reg>в</reg><orig>въ</orig></choice> малый <choice><reg>театр</reg><orig>театръ</orig></choice><note xml:id="note7" resp="volume_editor" index="false"> 25 ноября 1864 г. в Малом театре была во второй раз дана драма в четырех действиях Н. И. и Н. Ю. Куликовых «Семейные расчеты». Спектакль начался представлением шутки-водевиля в одном действии Похвистнева «Билет на лоттерею, Шиманов и Сероки» и закончился шуткой в двух картинах «Прежде скончались, потом повенчались».</note> <choice><reg>все</reg><orig>всѣ</orig></choice>, <choice><reg>без</reg><orig>безъ</orig></choice> Тани, <choice><reg>в</reg><orig>въ</orig></choice> новую дурацкую пьесу, но все хорошо бы было, только не для меня. <choice><reg>Мне</reg><orig>Мнѣ</orig></choice> <hi style="opdelimiter">все</hi><hi style="opnumber">56</hi> <hi style="npnumber">57</hi><hi style="npdelimiter">скучно</hi> <choice><reg>здесь</reg><orig>здѣсь</orig></choice>, <choice><reg>кроме</reg><orig>кромѣ</orig></choice> моей работы и <choice><reg>пенья</reg><orig>пѣнья</orig></choice> Тани. Она плоха. <choice><reg>Беспрестанно</reg><orig>Безпрестанно</orig></choice> <choice><reg>плачет</reg><orig>плачетъ</orig></choice> и <choice><reg>молчит</reg><orig>молчитъ</orig></choice> почти также, <choice><reg>как</reg><orig>какъ</orig></choice> было первое время. Получили <choice><reg>от</reg><orig>отъ</orig></choice> Саши письмо<note xml:id="note8" resp="volume_editor" index="false"> От брата Софьи Андреевны — Александра Андреевича Берса. 20 ноября 1864 г. он писал Толстому из местечка Варки Варшавского уезда, где он служил в то время по окончании кадетского корпуса: «Ты пишешь, что настоящее счастье состоит в том, чтоб жить так, как я в глуши с товарищами, а мне так кажется наоборот, что гораздо приятнее жить так, как ты живешь, в своей деревне между своими».</note> очень хорошее, только и <choice><reg>мечтает</reg><orig>мечтаетъ</orig></choice>, что <choice><reg>об</reg><orig>объ</orig></choice> <choice><reg>поездке</reg><orig>поѣздкѣ</orig></choice> <choice><reg>в</reg><orig>въ</orig></choice> Ясную Поляну. До <choice><reg>сих</reg><orig>сихъ</orig></choice> <choice><reg>пор</reg><orig>поръ</orig></choice> я только и <choice><reg>был</reg><orig>былъ</orig></choice> <choice><reg>озабочен</reg><orig>озабоченъ</orig></choice>, что своей рукой; теперь, когда это <choice><reg>дело</reg><orig>дѣло</orig></choice> <choice><reg>решено</reg><orig>рѣшено</orig></choice>, я завтра добьюсь <choice><reg>ответа</reg><orig>отвѣта</orig></choice> <choice><reg>от</reg><orig>отъ</orig></choice> Каткова<note xml:id="note9" resp="volume_editor" index="false"> <hi>В подлиннике</hi>: Каткову. — Михаил Никифорович Катков (1818—1887), публицист; первоначально — либерал, со времени польского восстания выразитель дворянско-монархической реакции. Был редактором «Московских ведомостей» и «Русского вестника». В Катковском <hi style="opdelimiter">«Русском</hi><hi style="opnumber">57</hi> <hi style="npnumber">58</hi><hi style="npdelimiter">вестнике»</hi> Толстым были опубликованы: «Семейное счастье», «Казаки», «Поликушка», «Тысяча восемьсот пятый год» («Война и мир») и «Анна Каренина».</note> и или у него или <choice><reg>отдельной</reg><orig>отдѣльной</orig></choice> книжкой начну печатать. <choice><reg>Матерьялов</reg><orig>Матерьяловъ</orig></choice> я много <choice><reg>достал</reg><orig>досталъ</orig></choice> <choice><reg>здесь</reg><orig>здѣсь</orig></choice>. Что ты? что <choice><reg>в</reg><orig>въ</orig></choice> <choice><reg>детской</reg><orig>дѣтской</orig></choice>? Прощай, милый <choice><reg>друг</reg><orig>другъ</orig></choice>. Завтра, <choice><reg>может</reg><orig>можетъ</orig></choice>, еще припишу, а теперь 11-й <choice><reg>час</reg><orig>часъ</orig></choice>, и <choice><reg>устал</reg><orig>усталъ</orig></choice> очень; я все <choice><reg>после</reg><orig>послѣ</orig></choice> <choice><reg>обеда</reg><orig>обѣда</orig></choice> <choice><reg>делал</reg><orig>дѣлалъ</orig></choice> гимнастику своей рукой. —</p>
<p rend="left">25 Nоября.</p>
<comments><p rend="Textpetit_otstup left">Печатается по автографу, хранящемуся в АТБ. Впервые опубликовано по копии, сделанной С. А. Толстой, в ПЖ, стр. 18—19.</p>
<p rend="Textpetit_otstup left"><hi>1</hi> Альфред Федорович Вендрих, доктор.</p>
<p rend="petit left"><hi>2</hi> «Учитель и владелец гимнастического заведения» (н. п. С. А.).</p>
<p rend="petit left"><hi>3</hi> Орехов.</p>
<p rend="petit left"><hi>4</hi> [ухаживает]</p>
<p rend="petit left"><hi>5</hi> Елизавета Андреевна Берс.</p>
<p rend="petit left"><hi>6</hi> Сергей Михайлович Сухотин (1818—1886), камергер, владелец 2300 десятин земли. В молодости служил в л.-гв. Преображенском полку; с 1851 г. советник в Московской дворцовой конторе. Был женат на сестре Дм. Ал. Дьякова — Марии Алексеевне. В «Русском архиве» за 1894 г. (№№ 2, 3 и 4) напечатаны: «Из памятных тетрадей С. М. Сухотина». Жена Сухотина — Мария Алексеевна — развелась с ним в 1868 г. и вышла замуж зa Сергея Александровича Ладыженского. Обстоятельства этого развода послужили фактической основой для описания развода Карениных в романе Толстого.</p>
<p rend="petit left"><hi>7</hi> 25 ноября 1864 г. в Малом театре была во второй раз дана драма в четырех действиях Н. И. и Н. Ю. Куликовых «Семейные расчеты». Спектакль начался представлением шутки-водевиля в одном действии Похвистнева «Билет на лоттерею, Шиманов и Сероки» и закончился шуткой в двух картинах «Прежде скончались, потом повенчались».</p>
<p rend="petit left"><hi>8</hi> От брата Софьи Андреевны — Александра Андреевича Берса. 20 ноября 1864 г. он писал Толстому из местечка Варки Варшавского уезда, где он служил в то время по окончании кадетского корпуса: «Ты пишешь, что настоящее счастье состоит в том, чтоб жить так, как я в глуши с товарищами, а мне так кажется наоборот, что гораздо приятнее жить так, как ты живешь, в своей деревне между своими».</p>
<p rend="petit left"><hi>9</hi> <hi>В подлиннике</hi>: Каткову. — Михаил Никифорович Катков (1818—1887), публицист; первоначально — либерал, со времени польского восстания выразитель дворянско-монархической реакции. Был редактором «Московских ведомостей» и «Русского вестника». В Катковском <hi style="opdelimiter">«Русском</hi><hi style="opnumber">57</hi> <hi style="npnumber">58</hi><hi style="npdelimiter">вестнике»</hi> Толстым были опубликованы: «Семейное счастье», «Казаки», «Поликушка», «Тысяча восемьсот пятый год» («Война и мир») и «Анна Каренина».</p>
<p rend="petit left">В ответ С. А. Толстая писала Толстому 30 ноября: «Вчера не писала тебе, милый друг мой Левочка, и что-то так неловко на душе, точно я, как бывало, маленькая, богу не помолюсь. Вчера уже поздно вечером привезли мне твое письмо, грустное, неприятное, и вчера же получила самую приятную и утешительную телеграмму, что рука на месте и ты здоров. Ну, слава богу, мне, признаюсь, немного неприятно было, что ты останешься убогий, именно с той точки зрения, что это твое существование немного бы отравило и испортило. Но я до того удивилась, что и рассказать не могу. Особенно после письма, в котором ты с такими подробностями пишешь о том, как править нельзя, как уже пустое пространство заросло хрящем, и мускулы приведены в параличное состояние и проч. Что побудило тебя править руку? Кто советовал тебе, как правили? Не скоро узнаю я всё это. Давали ли тебе хлороформу? Завтра посылаю в Тулу <hi>за </hi>и<hi> с</hi> письмом. Но еще описания, как тебя чинили и правили, быть не может. Спасибо, душенька, что посылал мне такие частые и правдивые телеграммы. Вижу, что ты помнишь обо мне и понимаешь, как мне дорого знать всё, что до тебя касается. Это бы мне и писать не надо, Левочка, письмо твое от 25-го мне очень было грустно. О руке-то уж теперь прошло, а Таню бедную мне ужасно жаль. Видно, она только и дышит, что у нас, а там душно ей. Да, Кремлевским воздухом дышать теперь тяжело, особенно такими легкими, какие у Тани. Ей только бы теперь веселиться, развернуться. Два раза молод не будешь. Мне ее ужасно жаль. Утешай ее, Лёва, и зови к нам на лето, непременно. Отчего ты, глупый, скучаешь? Я уже писала тебе, чтобы ты рассеивался, нарочно старайся веселиться, а то что же, кой веки раз уехал, и то скучаешь. Я очень рада, что тебе пишется. Это всегда для меня радость. Готовь, готовь мне работы. Я уже соскучилась без переписывания» (ПСТ, стр. 33—34.)</p>
</comments></div></body>
        </text>
        </TEI>