<?xml version='1.0' encoding='UTF-8' standalone='no'?>

<TEI xmlns="http://www.tei-c.org/ns/1.0">
       <teiHeader>
          <fileDesc>
             <titleStmt>
                <title>Письмо №278. С. А. Толстой</title>
             </titleStmt>
             <publicationStmt>
                <publisher>TolstoyLab</publisher>
                <date when="2015-09-14">14 September 2015</date>
             </publicationStmt>
             <sourceDesc>
                <biblStruct>
                   <analytic>
                      <author>Толстой Л.Н.</author>
                   </analytic>
                   <monogr>
                      <title level="m">Полное собрание сочинений. Том 83</title>
                      <imprint>
                         <pubPlace>Москва</pubPlace>
                         <publisher>Государственное издательство "Художественная литература"</publisher>
                         <date when="1938"/>
                      </imprint>
                   </monogr>
                   <series>
                      <title level="s">Л.Н. Толстой. Полное собрание сочинений</title>
                      <biblScope unit="vol">83</biblScope>
                   </series>
                </biblStruct>
				<bibl>Печатается по автографу, хранящемуся в АТБ. Впервые два отрывка напечатаны в Б, II, стр. 476—477 с неправильным отнесением их к предшествующему письму от 27 октября. Полностью письмо опубликовано по копии, сделанной С. А. Толстой, в ПЖ, стр. 230—232. Датируется на основании почтовых штемпелей: «Почтовый вагон. 29 октября 1884; Москва. 29 октября 1884». В ПЖ датировано 29 октября.</bibl>
             </sourceDesc>
          </fileDesc>
          <encodingDesc>
             <tagsDecl> </tagsDecl>
          </encodingDesc>
          <profileDesc>
             <correspDesc>
                <correspAction type="sending">
                   <persName ref="PersonList.xml#L_N_Tolstoy">Л. Н. Толстой</persName>
                   <placeName ref="PlacesListxml#PLACE">Я. П.</placeName>
                   <date when="1884-10-28">1884 г. Октября 28.</date>            </correspAction>
                <correspAction type="receiving">
                   <persName ref="PersonList.xml#RECEIVER">Толстая Софья Андреевна</persName>
                </correspAction>
                <correspContext>
                   <ref type="prev"/>
                </correspContext>
             </correspDesc>
          </profileDesc>
       </teiHeader>
       <xenoData><number type="in a volume">278</number></xenoData>

       <text xml:id="a28_278">
	<body><div>
		<opener index="false">
278.
1884 г. Октября 28. Я. П.</opener>
<p rend="left">Вчерашнее письмо твое<note xml:id="note1" resp="volume_editor" index="false"> От 26 октября. В этом письме С. А. Толстая писала: «Мне что-то ужасно делается скучно без тебя; до сих пор я храбрилась, а сегодня точно все мои силы упали, такая без тебя тоска, ужас просто! Если б здорова, кажется, сейчас бы на поезд и приехала бы в Ясную. Но здоровье совсем плохо. После прижигания боль временами невыносимая: не знаю, к лучшему это или к худшему; растравил он мне рану, но знаю, что в Ясной я гуляла последний день пять часов, и ничего, а теперь ни сесть, ни встать, и всё кровь — просто беда. Верно от болезни у меня всякие мрачные мысли приходят насчет тебя» (ПСТ, стр. 264—265).</note> очень меня огорчило, — очень. Если бы не <choice><reg>затеянная</reg><orig>затѣянная</orig></choice> <choice><reg>перемена</reg><orig>перемѣна</orig></choice> <choice><reg>управления</reg><orig>управленiя</orig></choice>, я бы <choice><reg>сейчас</reg><orig>сейчасъ</orig></choice> <choice><reg>приехал</reg><orig>прiѣхалъ</orig></choice>, что я и <choice><reg>сделаю</reg><orig>сдѣлаю</orig></choice> теперь очень скоро. <choice><reg>Мне</reg><orig>Мнѣ</orig></choice> очень грустно <choice><reg>все</reg><orig>всѣ</orig></choice> эти дни. Не знаю, — <choice><reg>участвует</reg><orig>участвуетъ</orig></choice> ли <choice><reg>тут</reg><orig>тутъ</orig></choice> физическое и какой-то <choice><reg>переворот</reg><orig>переворотъ</orig></choice>, <choice><reg>совершающийся</reg><orig>совершающiйся</orig></choice> во <choice><reg>мне</reg><orig>мнѣ</orig></choice>, или мое одиночество, но твое <choice><reg>состояние</reg><orig>состоянiе</orig></choice> — представляется <choice><reg>мне</reg><orig>мнѣ</orig></choice> <choice><reg>главным</reg><orig>главнымъ</orig></choice>. Что <choice><reg>скажет</reg><orig>скажетъ</orig></choice> завтрашнее письмо? —</p>
<p rend="left">Нынче я <choice><reg>вспомнил</reg><orig>вспомнилъ</orig></choice>, что <choice><reg>мне</reg><orig>мнѣ</orig></choice> 56 <choice><reg>лет</reg><orig>лѣтъ</orig></choice>, и я <choice><reg>слыхал</reg><orig>слыхалъ</orig></choice> и <choice><reg>замечал</reg><orig>замѣчалъ</orig></choice>, что <choice><reg>семилетний</reg><orig>семилѣтнiй</orig></choice> <choice><reg>период</reg><orig>перiодъ</orig></choice> — <choice><reg>перемена</reg><orig>перемѣна</orig></choice> <choice><reg>в</reg><orig>въ</orig></choice> <choice><reg>человеке</reg><orig>человѣкѣ</orig></choice>. Главный <choice><reg>переворот</reg><orig>переворотъ</orig></choice> во <choice><reg>мне</reg><orig>мнѣ</orig></choice> <choice><reg>был</reg><orig>былъ</orig></choice>: 7×7= 49, именно, когда я <choice><reg>стал</reg><orig>сталъ</orig></choice> на <choice><reg>тот</reg><orig>тотъ</orig></choice> путь, на <choice original_editorial_correction='к[отором]'><sic>к</sic><corr><choice><reg>котором</reg><orig>которомъ</orig></choice></corr></choice> теперь стою. Семь <choice><reg>лет</reg><orig>лѣтъ</orig></choice> эти были страшно полны внутренней жизнью,<note xml:id="note2" resp="volume_editor" index="false"> <hi>Зачеркнуто:</hi> борьбой, <choice><reg>азартом</reg><orig>азартомъ</orig></choice>.</note> <choice><reg>уяснением</reg><orig>уясненiемъ</orig></choice>, <choice><reg>задором</reg><orig>задоромъ</orig></choice> и ломкой. Теперь, <choice><reg>мне</reg><orig>мнѣ</orig></choice> кажется, это прошло, это вошло <choice><reg>в</reg><orig>въ</orig></choice> плоть и кровь, и я ищу <choice><reg>деятельности</reg><orig>дѣятельности</orig></choice> на <choice><reg>этом</reg><orig>этомъ</orig></choice> пути. И или я умру, или буду очень <choice><reg>несчастлив</reg><orig>несчастливъ</orig></choice>, или найду <choice><reg>деятельность</reg><orig>дѣятельность</orig></choice>, <choice original_editorial_correction='кот[орая]'><sic>кот</sic><corr>которая</corr></choice> <choice><reg>поглотит</reg><orig>поглотитъ</orig></choice> меня всего на <choice><reg>моем</reg><orig>моемъ</orig></choice> пути. <choice><reg>Разумеется</reg><orig>Разумѣется</orig></choice>, писательская, — самая <choice><reg>мне</reg><orig>мнѣ</orig></choice> родственная и тянущая <choice><reg>к</reg><orig>къ</orig></choice> <choice><reg>себе</reg><orig>себѣ</orig></choice>. — <choice><reg>Ах</reg><orig>Ахъ</orig></choice> только бы ты не была несчастлива, — какою ты <choice><reg>мне</reg><orig>мнѣ</orig></choice> представляешься <choice><reg>в</reg><orig>въ</orig></choice> <choice><reg>последнем</reg><orig>послѣднемъ</orig></choice> <choice><reg>письме</reg><orig>письмѣ</orig></choice>.</p>
<p rend="left">Я нынче <choice><reg>обошел</reg><orig>обошелъ</orig></choice> все хозяйство, — все <choice><reg>узнал</reg><orig>узналъ</orig></choice> и завтра возьму ключи. <choice><reg>Дела</reg><orig>Дѣла</orig></choice> <choice><reg>особенного</reg><orig>особеннаго</orig></choice> <choice><reg>нет</reg><orig>нѣтъ</orig></choice>, но <choice><reg>нет</reg><orig>нѣтъ</orig></choice> <choice><reg>человека</reg><orig>человѣка</orig></choice>, <choice original_editorial_correction='кот[орому]'><sic>кот</sic><corr>которому</corr></choice> бы поручить, когда <choice><reg>уедешь</reg><orig>уѣдешь</orig></choice>. Особенно <choice><reg>дом</reg><orig>домъ</orig></choice> и все принадлежащее <choice><reg>к</reg><orig>къ</orig></choice> нашей жизни. Если я теперь <choice><reg>уеду</reg><orig>уѣду</orig></choice>, то поручу Филипу на время. <choice><reg>Он</reg><orig>Онъ</orig></choice> все таки не <choice><reg>запьет</reg><orig>запьетъ</orig></choice>, не <choice><reg>потеряет</reg><orig>потеряетъ</orig></choice> <choice><reg>денег</reg><orig>денегъ</orig></choice>, не <choice><reg>даст</reg><orig>дастъ</orig></choice> <hi style="opdelimiter">растащить.</hi><hi style="opnumber">445</hi></p>
<p rend="left"><hi style="npnumber">446</hi><hi style="npdelimiter">Птицу</hi> надо уничтожить. Она <choice><reg>кормом</reg><orig>кормомъ</orig></choice> <choice><reg>стоит</reg><orig>стоитъ</orig></choice> рублей 80. И, <choice><reg>разумеется</reg><orig>разумѣется</orig></choice>, <choice><reg>предлог</reg><orig>предлогъ</orig></choice> досады. <choice><reg>Впрочем</reg><orig>Впрочемъ</orig></choice>, не хочется писать, — едва ли получу твой <choice><reg>ответ</reg><orig>отвѣтъ</orig></choice>. Очень <choice><reg>уж</reg><orig>ужъ</orig></choice> я тоскую. Все <choice><reg>решит</reg><orig>рѣшитъ</orig></choice> <choice><reg>нынешнее</reg><orig>нынѣшнее</orig></choice> — завтрашнее письмо. Ты не думай, что я <choice><reg>своим</reg><orig>своимъ</orig></choice> <choice><reg>состоянием</reg><orig>состоянiемъ</orig></choice> <choice><reg>душевным</reg><orig>душевнымъ</orig></choice> <choice><reg>недоволен</reg><orig>недоволенъ</orig></choice>. Я собой <choice><reg>недоволен</reg><orig>недоволенъ</orig></choice> и <choice><reg>об</reg><orig>объ</orig></choice> <choice><reg>тебе</reg><orig>тебѣ</orig></choice> <choice><reg>беспокоюсь</reg><orig>безпокоюсь</orig></choice>. А то <choice><reg>мне</reg><orig>мнѣ</orig></choice> это мое <choice><reg>состояние</reg><orig>состоянiе</orig></choice> на пользу.</p>
<p rend="left">Нынче <choice><reg>ходил</reg><orig>ходилъ</orig></choice> по хозяйству, <choice><reg>потом</reg><orig>потомъ</orig></choice> <choice><reg>поехал</reg><orig>поѣхалъ</orig></choice> <choice><reg>верхом</reg><orig>верхомъ</orig></choice>, собаки увязались со мной. <choice original_editorial_correction='Аг[афья]'><sic>Аг</sic><corr>Агафья</corr></choice> <choice original_editorial_correction='Мих[айловна]'><sic>Мих</sic><corr>Михайловна</corr></choice> сказала, что <choice><reg>без</reg><orig>безъ</orig></choice> своры бросятся на скотину, и послала со мной Ваську.<note xml:id="note3" resp="volume_editor" index="false"> В. С. Макарычев.</note> Я <choice><reg>хотел</reg><orig>хотѣлъ</orig></choice> попробовать свое чувство охоты. <choice><reg>Ездить</reg><orig>Ѣздить</orig></choice>, искать, по <choice><reg>40-летней</reg><orig>40-лѣтней</orig></choice> <choice><reg>привычке</reg><orig>привычкѣ</orig></choice>, очень <choice><reg>приятно</reg><orig>прiятно</orig></choice>. Но <choice><reg>вскочил</reg><orig>вскочилъ</orig></choice> <choice><reg>заяц</reg><orig>заяцъ</orig></choice>, и я <choice><reg>желал</reg><orig>желалъ</orig></choice> ему <choice><reg>успеха</reg><orig>успѣха</orig></choice>. А главное <choice><reg>совестно</reg><orig>совѣстно</orig></choice>. —</p>
<p rend="left"><choice><reg>Приехал</reg><orig>Прiѣхалъ</orig></choice> домой, <choice><reg>пообедал</reg><orig>пообѣдалъ</orig></choice> и <choice><reg>сидел</reg><orig>сидѣлъ</orig></choice> <choice><reg>с</reg><orig>съ</orig></choice> старухами и <choice original_editorial_correction='Дм[итрием]'><sic>Дм</sic><corr><choice><reg>Дмитрием</reg><orig>Дмитрiемъ</orig></choice></corr></choice> <choice original_editorial_correction='Фед[оровичем]'><sic><choice><reg>Фед</reg><orig>Ѳед</orig></choice></sic><corr><choice><reg>Федоровичем</reg><orig>Ѳедоровичемъ</orig></choice></corr></choice>. — Твой <choice><reg>счет</reg><orig>счетъ</orig></choice><note xml:id="note4" resp="volume_editor" index="false"> С. А. Толстая приложила к своему письму счет «ежемесячного неизбежного расхода». Он составлял 1457 р. и, по исчислению С. А. Толстой, распадался на следующие категории: воспитатели — 203 р. (в том числе две учительницы и две гувернантки); по дому — 547 р.; жалованье людям — (11 человек) — 98 руб.; прочие расходы (в том числе «всем еда» — 300 р.) — 609 руб.</note> меня не <choice><reg>пугает</reg><orig>пугаетъ</orig></choice>. <choice><reg>Вопервых</reg><orig>Вопервыхъ</orig></choice>, деньги по всему <choice><reg>вероятию</reg><orig>вѣроятiю</orig></choice> <choice><reg>будут</reg><orig>будутъ</orig></choice>; а <choice><reg>вовторых</reg><orig>вовторыхъ</orig></choice>, если не <choice><reg>будут</reg><orig>будутъ</orig></choice>, то <choice><reg>кажущиеся</reg><orig>кажущiеся</orig></choice> неумалимыми расходы окажутся очень умалимыми. — Не могу я, душенька, не сердись, — приписывать <choice><reg>этим</reg><orig>этимъ</orig></choice> <choice><reg>денежным</reg><orig>денежнымъ</orig></choice> <choice><reg>расчетам</reg><orig>расчетамъ</orig></choice> какую бы то ни было важность. Все это не <choice><reg>событие</reg><orig>событiе</orig></choice>, — <choice><reg>как</reg><orig>какъ</orig></choice>, <choice><reg>например</reg><orig>напримѣръ</orig></choice>: <choice><reg>болезнь</reg><orig>болѣзнь</orig></choice>, <choice><reg>брак</reg><orig>бракъ</orig></choice>, <choice><reg>рождение</reg><orig>рожденiе</orig></choice>, смерть, <choice><reg>знание</reg><orig>знанiе</orig></choice> <choice><reg>приобретенное</reg><orig>прiобрѣтенное</orig></choice>, дурной или <choice><reg>хороший</reg><orig>хорошiй</orig></choice> <choice><reg>поступок</reg><orig>поступокъ</orig></choice>, <choice><reg>дурные</reg><orig>дурныя</orig></choice> или <choice><reg>хорошия</reg><orig>хорошiя</orig></choice> привычки людей <choice><reg>нам</reg><orig>намъ</orig></choice> <choice><reg>дорогих</reg><orig>дорогихъ</orig></choice> и <choice><reg>близких</reg><orig>близкихъ</orig></choice>, а это наше устройство, которое мы устроили <choice><reg>так</reg><orig>такъ</orig></choice> и <choice><reg>можем</reg><orig>можемъ</orig></choice> переустроить иначе и на 100 <choice><reg>разных</reg><orig>разныхъ</orig></choice> <choice><reg>манер</reg><orig>манеръ</orig></choice>. — Знаю я, что это <choice><reg>тебе</reg><orig>тебѣ</orig></choice> часто, a <choice><reg>детям</reg><orig>дѣтямъ</orig></choice> всегда, невыносимо скучно (кажется, что все <choice><reg>известно</reg><orig>извѣстно</orig></choice>), а я не могу не повторять, что счастье и несчастье <choice><reg>всех</reg><orig>всѣхъ</orig></choice> <choice><reg>нас</reg><orig>насъ</orig></choice> не <choice><reg>может</reg><orig>можетъ</orig></choice> <choice><reg>зависеть</reg><orig>зависѣть</orig></choice> ни на <choice><reg>волос</reg><orig>волосъ</orig></choice> <choice><reg>от</reg><orig>отъ</orig></choice> того, <choice><reg>проживем</reg><orig>проживемъ</orig></choice> ли мы все, или <choice><reg>наживем</reg><orig>наживемъ</orig></choice>, а только <choice><reg>от</reg><orig>отъ</orig></choice> того, что мы сами <choice><reg>будем</reg><orig>будемъ</orig></choice>. Ну, оставь <choice><reg>Костиньке</reg><orig>Костинькѣ</orig></choice><note xml:id="note5" resp="volume_editor" index="false"> К. А. Иславин. 29 октября С. А. Толстая писала: «за кофе [пришел]: дядя Костя, очевидно за помощью, я дала 6 рублей».</note> <choice><reg>милион</reg><orig>милiонъ</orig></choice>, <choice><reg>разве</reg><orig>развѣ</orig></choice> <choice><reg>он</reg><orig>онъ</orig></choice> <choice><reg>будет</reg><orig>будетъ</orig></choice> <choice><reg>счастливее</reg><orig>счастливѣе</orig></choice>? — Чтобы это не казалось пошлостью, надо пошире, подальше <choice><reg>смотреть</reg><orig>смотрѣть</orig></choice> на жизнь. — Какова наша <choice><reg>с</reg><orig>съ</orig></choice> тобой жизнь <choice><reg>с</reg><orig>съ</orig></choice> нашими радостями и горестями, такова <choice><reg>будет</reg><orig>будетъ</orig></choice> жизнь настоящая и <choice><reg>наших</reg><orig>нашихъ</orig></choice> 9 <choice><reg>детей</reg><orig>дѣтей</orig></choice>.<note xml:id="note6" resp="volume_editor" index="false"> Имеются в виду: Сергей, Татьяна, Илья, Лев, Мария, Андрей, Михаил, Алексей и Александра.</note> И потому важно помочь <choice><reg>им</reg><orig>имъ</orig></choice> <choice><reg>приобрести</reg><orig>прiобрѣсти</orig></choice> то, что давало <choice><reg>нам</reg><orig>намъ</orig></choice> счастье, и помочь избавиться <choice><reg>от</reg><orig>отъ</orig></choice> того, что <choice><reg>нам</reg><orig>намъ</orig></choice> приносило несчастье; а ни языки, ни дипломы, ни <choice><reg>свет</reg><orig>свѣтъ</orig></choice>, ни еще меньше деньги не принимали никакого <choice><reg>участия</reg><orig>участiя</orig></choice> <choice><reg>в</reg><orig>въ</orig></choice> <choice><reg>нашем</reg><orig>нашемъ</orig></choice> счастьи, и несчастьи. И потому <choice><reg>вопрос</reg><orig>вопросъ</orig></choice> о <choice><reg>том</reg><orig>томъ</orig></choice>, сколько мы <choice><reg>проживем</reg><orig>проживемъ</orig></choice>, не <choice><reg>может</reg><orig>можетъ</orig></choice> занимать меня. Если приписывать ему важность, <choice><reg>он</reg><orig>онъ</orig></choice> <choice><reg>заслонит</reg><orig>заслонитъ</orig></choice> то, что точно важно.</p>
<p rend="emptyline left"><hi style="opnumber">446</hi> <hi style="npnumber">447</hi></p>
<lb/>
<p rend="left"><hi>На конверте:</hi> Москва. Хамовники. <choice><reg>Графине</reg><orig>Графинѣ</orig></choice> С. А. Толстой, свой <choice><reg>дом</reg><orig>домъ</orig></choice>.</p>
<comments><p rend="Textpetit_otstup left">Печатается по автографу, хранящемуся в АТБ. Впервые два отрывка напечатаны в Б, II, стр. 476—477 с неправильным отнесением их к предшествующему письму от 27 октября. Полностью письмо опубликовано по копии, сделанной С. А. Толстой, в ПЖ, стр. 230—232. Датируется на основании почтовых штемпелей: «Почтовый вагон. 29 октября 1884; Москва. 29 октября 1884». В ПЖ датировано 29 октября.</p>
<p rend="Textpetit_otstup left"><hi>1</hi> От 26 октября. В этом письме С. А. Толстая писала: «Мне что-то ужасно делается скучно без тебя; до сих пор я храбрилась, а сегодня точно все мои силы упали, такая без тебя тоска, ужас просто! Если б здорова, кажется, сейчас бы на поезд и приехала бы в Ясную. Но здоровье совсем плохо. После прижигания боль временами невыносимая: не знаю, к лучшему это или к худшему; растравил он мне рану, но знаю, что в Ясной я гуляла последний день пять часов, и ничего, а теперь ни сесть, ни встать, и всё кровь — просто беда. Верно от болезни у меня всякие мрачные мысли приходят насчет тебя» (ПСТ, стр. 264—265).</p>
<p rend="petit left"><hi>2</hi> <hi>Зачеркнуто:</hi> борьбой, <choice><reg>азартом</reg><orig>азартомъ</orig></choice>.</p>
<p rend="petit left"><hi>3</hi> В. С. Макарычев.</p>
<p rend="petit left"><hi>4</hi> С. А. Толстая приложила к своему письму счет «ежемесячного неизбежного расхода». Он составлял 1457 р. и, по исчислению С. А. Толстой, распадался на следующие категории: воспитатели — 203 р. (в том числе две учительницы и две гувернантки); по дому — 547 р.; жалованье людям — (11 человек) — 98 руб.; прочие расходы (в том числе «всем еда» — 300 р.) — 609 руб.</p>
<p rend="petit left"><hi>5</hi> К. А. Иславин. 29 октября С. А. Толстая писала: «за кофе [пришел]: дядя Костя, очевидно за помощью, я дала 6 рублей».</p>
<p rend="petit left"><hi>6</hi> Имеются в виду: Сергей, Татьяна, Илья, Лев, Мария, Андрей, Михаил, Алексей и Александра.</p>
</comments></div></body>
        </text>
        </TEI>