<?xml version='1.0' encoding='UTF-8' standalone='no'?>

<TEI xmlns="http://www.tei-c.org/ns/1.0">
       <teiHeader>
          <fileDesc>
             <titleStmt>
                <title>Письмо №*53. С. А. Толстой</title>
             </titleStmt>
             <publicationStmt>
                <publisher>TolstoyLab</publisher>
                <date when="2015-09-14">14 September 2015</date>
             </publicationStmt>
             <sourceDesc>
                <biblStruct>
                   <analytic>
                      <author>Толстой Л.Н.</author>
                   </analytic>
                   <monogr>
                      <title level="m">Полное собрание сочинений. Том 83</title>
                      <imprint>
                         <pubPlace>Москва</pubPlace>
                         <publisher>Государственное издательство "Художественная литература"</publisher>
                         <date when="1938"/>
                      </imprint>
                   </monogr>
                   <series>
                      <title level="s">Л.Н. Толстой. Полное собрание сочинений</title>
                      <biblScope unit="vol">83</biblScope>
                   </series>
                </biblStruct>
				<bibl>Печатается по автографу, хранящемуся в АТБ. Публикуется впервые. Датируется 30 октября на основании предшествующего письма, в котором сказано: «раньше 3 часов мы в Черемошню никак не попадем», в настоящем же письме Толстой пишет: «Приехали мы вчера в 5 часов вечера».</bibl>
             </sourceDesc>
          </fileDesc>
          <encodingDesc>
             <tagsDecl> </tagsDecl>
          </encodingDesc>
          <profileDesc>
             <correspDesc>
                <correspAction type="sending">
                   <persName ref="PersonList.xml#L_N_Tolstoy">Л. Н. Толстой</persName>
                   <placeName ref="PlacesListxml#PLACE">Черемошня.</placeName>
                   <date when="1866-10-30">1866 г. Октября 30.</date>            </correspAction>
                <correspAction type="receiving">
                   <persName ref="PersonList.xml#RECEIVER">Толстая Софья Андреевна</persName>
                </correspAction>
                <correspContext>
                   <ref type="prev"/>
                </correspContext>
             </correspDesc>
          </profileDesc>
       </teiHeader>
       <xenoData><number type="in a volume">53</number></xenoData>

       <text xml:id="a30_53">
	<body><div>
		<opener index="false">
* 53.
1866 г. Октября 30. Черемошня.
</opener>
<p rend="Obrashenie left">Милый <choice><reg>друг</reg><orig>другъ</orig></choice>!</p>
<p rend="left"><choice><reg>Приехали</reg><orig>Прiѣхали</orig></choice> мы вчера <choice><reg>в</reg><orig>въ</orig></choice> 5 <choice><reg>часов</reg><orig>часовъ</orig></choice> вечера. Кое <choice><reg>как</reg><orig>какъ</orig></choice> дотащились <choice><reg>в</reg><orig>въ</orig></choice> <choice><reg>карете</reg><orig>каретѣ</orig></choice> на <choice><reg>Никольских</reg><orig>Никольскихъ</orig></choice> <choice><reg>лошадях</reg><orig>лошадяхъ</orig></choice>. У <choice><reg>Дьяковых</reg><orig>Дьяковыхъ</orig></choice> все по старому. Они ужасно обрадовались. Долли<note xml:id="note1" resp="volume_editor" index="false"> Дарья Александровна Дьякова, жена Д. А. Дьякова. Т. А. Берс писала о ней С. А. Толстой 22 ноября 1866 г.: «Приехала Доля [в Москву] всё такая же больная. Папа нашел ее очень плохою, и на меня такое отчаяние и уныние вчера вечером нашло, как точно ее уже похоронили..... Дьяковы совсем собираются за границу, а папа говорит, что Доле это ничего не поможет, и это-то и ужасно. Как ни поверни, для нее всё гадко».</note> очень плоха. И <choice><reg>с</reg><orig>съ</orig></choice> вечера начались разговоры о заграничной <choice><reg>поездке</reg><orig>поѣздкѣ</orig></choice>. Я проснулся нынче — <choice><reg>Дьяков</reg><orig>Дьяковъ</orig></choice> <choice><reg>рассказывает</reg><orig>разсказываетъ</orig></choice>, что Долли не спала всю ночь <choice><reg>от</reg><orig>отъ</orig></choice> страшной боли. Мы поговорили <choice><reg>с</reg><orig>съ</orig></choice> <choice><reg>ним</reg><orig>нимъ</orig></choice> о <choice><reg>загранице</reg><orig>заграницѣ</orig></choice>. Я <choice><reg>подпускал</reg><orig>подпускалъ</orig></choice> <choice><reg>тонкие</reg><orig>тонкiе</orig></choice> доводы <choice><reg>в</reg><orig>въ</orig></choice> пользу, <choice><reg>он</reg><orig>онъ</orig></choice> <choice><reg>ушел</reg><orig>ушелъ</orig></choice> и, вернувшись, <choice><reg>позвал</reg><orig>позвалъ</orig></choice> меня на <choice><reg>совещание</reg><orig>совѣщанiе</orig></choice>. Они окончательно <choice><reg>решили</reg><orig>рѣшили</orig></choice> <choice><reg>ехать</reg><orig>ѣхать</orig></choice>, <choice><reg>вероятно</reg><orig>вѣроятно</orig></choice>, <choice><reg>в</reg><orig>въ</orig></choice> <choice><reg>ноябре</reg><orig>ноябрѣ</orig></choice>. Таня <choice><reg>решила</reg><orig>рѣшила</orig></choice> возвращаться со мной, и <choice><reg>все</reg><orig>всѣ</orig></choice> они <choice><reg>просят</reg><orig>просятъ</orig></choice> меня остаться еще день.</p>
<p rend="left"><choice><reg>Как</reg><orig>Какъ</orig></choice> <choice><reg>мне</reg><orig>мнѣ</orig></choice> это ни тяжело, я согласился, <choice><reg>тем</reg><orig>тѣмъ</orig></choice> <choice><reg>более</reg><orig>болѣе</orig></choice>, что Таня <choice><reg>ослабела</reg><orig>ослабѣла</orig></choice> и устала. <choice><reg>После</reg><orig>Послѣ</orig></choice> завтра мы <choice><reg>выедем</reg><orig>выѣдемъ</orig></choice><note xml:id="note2" resp="volume_editor" index="false"> На самом деле Толстой выехал 31 октября, а Т. А. Берс осталась. Последняя писала С. А. Толстой 1 ноября из Черемошни: «Как уехал вчера Левочка, мне сделалось так невыносимо скучно, что я, если бы он вернулся, наверно поехала бы с ним назад». Тут же Т. А. Берс высказывает предположение выехать в Ясную поляну 7 ноября 1866 г.</note> и <hi style="opdelimiter"><choice><reg>будем</reg><orig>будемъ</orig></choice></hi><hi style="opnumber">113</hi> <hi style="npnumber">114</hi><hi style="npdelimiter">во</hi> <choice><reg>вторник</reg><orig>вторникъ</orig></choice>,<note xml:id="note3" resp="volume_editor" index="false"> 1 ноября.</note> <choice><reg>в</reg><orig>въ</orig></choice> ночь, но я еще попробую уговорить <choice><reg>их</reg><orig>ихъ</orig></choice> отпустить Таню <choice><reg>выехать</reg><orig>выѣхать</orig></choice> раньше. — Ежели ты и <choice><reg>дети</reg><orig>дѣти</orig></choice> здоровы, то <choice><reg>верно</reg><orig>вѣрно</orig></choice> одобришь даже наше <choice><reg>решение</reg><orig>рѣшенiе</orig></choice>. Авось у тебя все хорошо. <choice><reg>В</reg><orig>Въ</orig></choice> <choice><reg>Никольском</reg><orig>Никольскомъ</orig></choice><note xml:id="note4" resp="volume_editor" index="false"> Никольское-Вяземское, имение Толстого.</note> <choice><reg>дела</reg><orig>дѣла</orig></choice> нехороши. Гречиха <choice><reg>так</reg><orig>такъ</orig></choice> плоха <choice><reg>умолотом</reg><orig>умолотомъ</orig></choice>, что <choice><reg>вместо</reg><orig>вмѣсто</orig></choice> 1,000 р. <choice><reg>даст</reg><orig>дастъ</orig></choice> 300, а скотина <choice><reg>в</reg><orig>въ</orig></choice> <choice><reg>Никольском</reg><orig>Никольскомъ</orig></choice> собственно подохла вся — 65 <choice><reg>штук</reg><orig>штукъ</orig></choice>. —</p>
<p rend="left">Посылаю это письмо <choice><reg>с</reg><orig>съ</orig></choice> <choice><reg>нарочным</reg><orig>нарочнымъ</orig></choice> <choice><reg>в</reg><orig>въ</orig></choice> Чернь. <choice><reg>Надеюсь</reg><orig>Надѣюсь</orig></choice>, оно <choice><reg>дойдет</reg><orig>дойдетъ</orig></choice> до тебя <choice><reg>в</reg><orig>въ</orig></choice> <choice><reg>понедельник</reg><orig>понедѣльникъ</orig></choice>.</p>
<p rend="left">Прощай, душечка, обнимаю и <choice><reg>целую</reg><orig>цѣлую</orig></choice> тебя <choice><reg>в</reg><orig>въ</orig></choice> глаза и во всю.</p>
<comments><p rend="Textpetit_otstup left">Печатается по автографу, хранящемуся в АТБ. Публикуется впервые. Датируется 30 октября на основании предшествующего письма, в котором сказано: «раньше 3 часов мы в Черемошню никак не попадем», в настоящем же письме Толстой пишет: «Приехали мы вчера в 5 часов вечера».</p>
<p rend="Textpetit_otstup left"><hi>1</hi> Дарья Александровна Дьякова, жена Д. А. Дьякова. Т. А. Берс писала о ней С. А. Толстой 22 ноября 1866 г.: «Приехала Доля [в Москву] всё такая же больная. Папа нашел ее очень плохою, и на меня такое отчаяние и уныние вчера вечером нашло, как точно ее уже похоронили..... Дьяковы совсем собираются за границу, а папа говорит, что Доле это ничего не поможет, и это-то и ужасно. Как ни поверни, для нее всё гадко».</p>
<p rend="petit left"><hi>2</hi> На самом деле Толстой выехал 31 октября, а Т. А. Берс осталась. Последняя писала С. А. Толстой 1 ноября из Черемошни: «Как уехал вчера Левочка, мне сделалось так невыносимо скучно, что я, если бы он вернулся, наверно поехала бы с ним назад». Тут же Т. А. Берс высказывает предположение выехать в Ясную поляну 7 ноября 1866 г.</p>
<p rend="petit left"><hi>3</hi> 1 ноября.</p>
<p rend="petit left"><hi>4</hi> Никольское-Вяземское, имение Толстого.</p>
</comments></div></body>
        </text>
        </TEI>