<?xml version='1.0' encoding='UTF-8' standalone='no'?>

<TEI xmlns="http://www.tei-c.org/ns/1.0">
       <teiHeader>
          <fileDesc>
             <titleStmt>
                <title>Письмо №220. С. А. Толстой</title>
             </titleStmt>
             <publicationStmt>
                <publisher>TolstoyLab</publisher>
                <date when="2015-09-14">14 September 2015</date>
             </publicationStmt>
             <sourceDesc>
                <biblStruct>
                   <analytic>
                      <author>Толстой Л.Н.</author>
                   </analytic>
                   <monogr>
                      <title level="m">Полное собрание сочинений. Том 83</title>
                      <imprint>
                         <pubPlace>Москва</pubPlace>
                         <publisher>Государственное издательство "Художественная литература"</publisher>
                         <date when="1938"/>
                      </imprint>
                   </monogr>
                   <series>
                      <title level="s">Л.Н. Толстой. Полное собрание сочинений</title>
                      <biblScope unit="vol">83</biblScope>
                   </series>
                </biblStruct>
				<bibl>Печатается по автографу, хранящемуся в АТБ. Впервые опубликовано по копии, сделанной С. А. Толстой, в ПЖ, стр. 178. Датируется на основании почтового штемпеля: «Моск. почт. центр. отд. 18 сентября 1882» и пометы Толстого «пятница», которая падала на 17 сентября 1882 г.</bibl>
             </sourceDesc>
          </fileDesc>
          <encodingDesc>
             <tagsDecl> </tagsDecl>
          </encodingDesc>
          <profileDesc>
             <correspDesc>
                <correspAction type="sending">
                   <persName ref="PersonList.xml#L_N_Tolstoy">Л. Н. Толстой</persName>
                   <placeName ref="PlacesListxml#PLACE">Москва.</placeName>
                   <date when="1882-09-17">1882 г. Сентября 17.</date>            </correspAction>
                <correspAction type="receiving">
                   <persName ref="PersonList.xml#RECEIVER">Толстая Софья Андреевна</persName>
                </correspAction>
                <correspContext>
                   <ref type="prev"/>
                </correspContext>
             </correspDesc>
          </profileDesc>
       </teiHeader>
       <xenoData><number type="in a volume">220</number></xenoData>

       <text xml:id="a17_220">
	<body><div>
		<opener index="false">
220.
1882 г. Сентября 17. Москва.</opener>
<p rend="right"><hi>Пятница, 2-й <choice><reg>час</reg><orig>часъ</orig></choice>.</hi></p>
<p rend="left">Вчера <choice><reg>обедали</reg><orig>обѣдали</orig></choice> дома <choice><reg>с</reg><orig>съ</orig></choice> <choice original_editorial_correction='Кост[инькой]'><sic>Кост</sic><corr>Костинькой</corr></choice>. Я взялся <choice><reg>Сереже</reg><orig>Сережѣ</orig></choice> брату найти квартиру. А то <choice><reg>он</reg><orig>онъ</orig></choice> <choice><reg>прожил</reg><orig>прожилъ</orig></choice> <choice><reg>все</reg><orig>всѣ</orig></choice> деньги и не <choice><reg>нашел</reg><orig>нашелъ</orig></choice>. Я <choice><reg>ходил</reg><orig>ходилъ</orig></choice> все утро и не <choice><reg>нашел</reg><orig>нашелъ</orig></choice> лучше той, какую <choice><reg>он</reg><orig>онъ</orig></choice> <choice><reg>имел</reg><orig>имѣлъ</orig></choice> <choice><reg>в</reg><orig>въ</orig></choice> виду на <choice original_editorial_correction='Зуб[овском]'><sic>Зуб</sic><corr><choice><reg>Зубовском</reg><orig>Зубовскомъ</orig></choice></corr></choice> <choice><reg>бульваре</reg><orig>бульварѣ</orig></choice>, и, <choice><reg>вероятно</reg><orig>вѣроятно</orig></choice>, ее возьму. <choice><reg>Вечером</reg><orig>Вечеромъ</orig></choice> мы <choice><reg>с</reg><orig>съ</orig></choice> Лелей и <choice original_editorial_correction='Кост[инькой]'><sic>Кост</sic><corr>Костинькой</corr></choice> прошли еще за квартирами. <choice><reg>Потом</reg><orig>Потомъ</orig></choice> <choice><reg>пришел</reg><orig>пришелъ</orig></choice> <choice original_editorial_correction='Ив[ан]'><sic>Ив</sic><corr><choice><reg>Иван</reg><orig>Иванъ</orig></choice></corr></choice> <choice original_editorial_correction='Мих[айлович]'><sic>Мих</sic><corr><choice><reg>Михайлович</reg><orig>Михайловичъ</orig></choice></corr></choice>.<note xml:id="note1" resp="volume_editor" index="false"> Иван Михайлович Ивакин, учитель, филолог.</note> Я <choice><reg>с</reg><orig>съ</orig></choice> <choice><reg>ним</reg><orig>нимъ</orig></choice> <choice><reg>решил</reg><orig>рѣшилъ</orig></choice> о <choice><reg>занятиях</reg><orig>занятiяхъ</orig></choice> <choice><reg>с</reg><orig>съ</orig></choice> Левочкой — по 40 р. <choice><reg>в</reg><orig>въ</orig></choice> <choice><reg>месяц</reg><orig>мѣсяцъ</orig></choice>. <hi style="opdelimiter"><choice><reg>Потом</reg><orig>Потомъ</orig></choice></hi><hi style="opnumber">359</hi> <hi style="npnumber">360</hi><hi style="npdelimiter">они</hi> ушли, и мы легли <choice><reg>в</reg><orig>въ</orig></choice> <choice><reg>11-м</reg><orig>11-мъ</orig></choice> часу спать. Нынче я <choice><reg>встал</reg><orig>всталъ</orig></choice> рано, <choice><reg>в</reg><orig>въ</orig></choice> 8. Напился <choice><reg>с</reg><orig>съ</orig></choice> <choice><reg>детьми</reg><orig>дѣтьми</orig></choice> чаю и <choice><reg>пошел</reg><orig>пошелъ</orig></choice> <choice><reg>к</reg><orig>къ</orig></choice> Сухаревой башни<note xml:id="note2" resp="volume_editor" index="false"> На площади у Сухаревой башни в Москве была торговля мебелью.</note> — <choice><reg>смотреть</reg><orig>смотрѣть</orig></choice> стулья <choice original_editorial_correction='красн[ого]'><sic>красн</sic><corr><choice><reg>красного</reg><orig>краснаго</orig></choice></corr></choice> дерева и вообще мебель <choice><reg>в</reg><orig>въ</orig></choice> залу. Возьму <choice original_editorial_correction='Кост[иньку]'><sic>Кост</sic><corr>Костиньку</corr></choice>. Если <choice><reg>он</reg><orig>онъ</orig></choice> <choice><reg>одобрит</reg><orig>одобритъ</orig></choice>, то возьму. — Вернулся <choice><reg>сейчас</reg><orig>сейчасъ</orig></choice> домой — <choice><reg>устал</reg><orig>усталъ</orig></choice> и голова <choice><reg>болит</reg><orig>болитъ</orig></choice>. Напьюсь кофе, посижу дома, и пойду <choice><reg>обедать</reg><orig>обѣдать</orig></choice> <choice><reg>к</reg><orig>къ</orig></choice> <choice><reg>Вариньке</reg><orig>Варинькѣ</orig></choice> <choice><reg>с</reg><orig>съ</orig></choice> Лелей, а <choice><reg>вечером</reg><orig>вечеромъ</orig></choice> зайду <choice><reg>к</reg><orig>къ</orig></choice> <choice><reg>Олсуфьевым</reg><orig>Олсуфьевымъ</orig></choice>.<note xml:id="note3" resp="volume_editor" index="false"> Гр. Адам Васильевич Олсуфьев или сосед Василий Александрович Олсуфьев.</note> Костинька <choice><reg>унес</reg><orig>унесъ</orig></choice> мой <choice><reg>сертук</reg><orig>сертукъ</orig></choice>. Все что-то таинственное <choice><reg>с</reg><orig>съ</orig></choice> <choice><reg>Поляковым</reg><orig>Поляковымъ</orig></choice>. <choice><reg>Тяжел</reg><orig>Тяжелъ</orig></choice> <choice><reg>он</reg><orig>онъ</orig></choice>, но сердиться на него не надо.</p>
<p rend="left">Мебель до <choice><reg>сих</reg><orig>сихъ</orig></choice> <choice><reg>пор</reg><orig>поръ</orig></choice> не перевезли. Только нынче начали перевозить <choice><reg>из</reg><orig>изъ</orig></choice> кухни и <choice><reg>людских</reg><orig>людскихъ</orig></choice>. Завтра, <choice><reg>вероятно</reg><orig>вѣроятно</orig></choice>, <choice><reg>перевезем</reg><orig>перевеземъ</orig></choice> все. — Возьму одну карету перевозочную для <choice><reg>зеркал</reg><orig>зеркалъ</orig></choice> и гостиной, а остальное на <choice><reg>руках</reg><orig>рукахъ</orig></choice>.</p>
<p rend="left">Я собой не <choice><reg>недоволен</reg><orig>недоволенъ</orig></choice>, я все это время <choice><reg>в</reg><orig>въ</orig></choice> <choice><reg>тихом</reg><orig>тихомъ</orig></choice> и <choice><reg>спокойном</reg><orig>спокойномъ</orig></choice> <choice><reg>состоянии</reg><orig>состоянiи</orig></choice>. До свиданья, душенька. — <choice><reg>Целую</reg><orig>Цѣлую</orig></choice> тебя и <choice><reg>детей</reg><orig>дѣтей</orig></choice>.</p>
<lb/>
<p rend="left"><hi>На конверте:</hi> Тула. Е. С. <choice><reg>Графине</reg><orig>Графинѣ</orig></choice> <choice><reg>Софье</reg><orig>Софьѣ</orig></choice> <choice><reg>Андревне</reg><orig>Андревнѣ</orig></choice> Толстой.</p>
<comments><p rend="Textpetit_otstup left">Печатается по автографу, хранящемуся в АТБ. Впервые опубликовано по копии, сделанной С. А. Толстой, в ПЖ, стр. 178. Датируется на основании почтового штемпеля: «Моск. почт. центр. отд. 18 сентября 1882» и пометы Толстого «пятница», которая падала на 17 сентября 1882 г.</p>
<p rend="Textpetit_otstup left"><hi>1</hi> Иван Михайлович Ивакин, учитель, филолог.</p>
<p rend="petit left"><hi>2</hi> На площади у Сухаревой башни в Москве была торговля мебелью.</p>
<p rend="petit left"><hi>3</hi> Гр. Адам Васильевич Олсуфьев или сосед Василий Александрович Олсуфьев.</p>
</comments></div></body>
        </text>
        </TEI>