<?xml version='1.0' encoding='UTF-8' standalone='no'?>

<TEI xmlns="http://www.tei-c.org/ns/1.0">
       <teiHeader>
          <fileDesc>
             <titleStmt>
                <title>Письмо №132. С. А. Толстой</title>
             </titleStmt>
             <publicationStmt>
                <publisher>TolstoyLab</publisher>
                <date when="2015-09-14">14 September 2015</date>
             </publicationStmt>
             <sourceDesc>
                <biblStruct>
                   <analytic>
                      <author>Толстой Л.Н.</author>
                   </analytic>
                   <monogr>
                      <title level="m">Полное собрание сочинений. Том 83</title>
                      <imprint>
                         <pubPlace>Москва</pubPlace>
                         <publisher>Государственное издательство "Художественная литература"</publisher>
                         <date when="1938"/>
                      </imprint>
                   </monogr>
                   <series>
                      <title level="s">Л.Н. Толстой. Полное собрание сочинений</title>
                      <biblScope unit="vol">83</biblScope>
                   </series>
                </biblStruct>
				<bibl>Печатается по автографу, хранящемуся в АТБ. Впервые одна цитата из письма напечатана в Б, II, стр. 267. Полностью опубликовано по копии, сделанной С. А. Толстой в ПЖ, стр. 113. Датируется на основании почтового штемпеля: «Москва, 6 марта. 1878» и дня приезда в Петербург (6 марта), накануне которого писано письмо.</bibl>
             </sourceDesc>
          </fileDesc>
          <encodingDesc>
             <tagsDecl> </tagsDecl>
          </encodingDesc>
          <profileDesc>
             <correspDesc>
                <correspAction type="sending">
                   <persName ref="PersonList.xml#L_N_Tolstoy">Л. Н. Толстой</persName>
                   <placeName ref="PlacesListxml#PLACE">Москва.</placeName>
                   <date when="1878-03-05">1878 г. Марта 5.</date>            </correspAction>
                <correspAction type="receiving">
                   <persName ref="PersonList.xml#RECEIVER">Толстая Софья Андреевна</persName>
                </correspAction>
                <correspContext>
                   <ref type="prev"/>
                </correspContext>
             </correspDesc>
          </profileDesc>
       </teiHeader>
       <xenoData><number type="in a volume">132</number></xenoData>

       <text xml:id="a5_132">
	<body><div>
		<opener index="false">
132.
1878 г. Марта 5. Москва.</opener>
<p rend="left">Пишу <choice><reg>с</reg><orig>съ</orig></choice> Петербургской <choice><reg>железной</reg><orig>желѣзной</orig></choice> дороги.<note xml:id="note1" resp="volume_editor" index="false"> С Николаевского вокзала в Москве, перед отъездом в Петербург.</note> <choice><reg>Устал</reg><orig>Усталъ</orig></choice> очень, но, слава Богу, все благополучно и <choice><reg>здоров</reg><orig>здоровъ</orig></choice>. <choice><reg>Устал</reg><orig>Усталъ</orig></choice> я <choice><reg>от</reg><orig>отъ</orig></choice> того, что <choice><reg>встал</reg><orig>всталъ</orig></choice> рано, <choice><reg>пошел</reg><orig>пошелъ</orig></choice> <choice><reg>к</reg><orig>къ</orig></choice> <choice><reg>обедни</reg><orig>обѣдни</orig></choice>, не <choice><reg>мог</reg><orig>могъ</orig></choice> <choice><reg>отделаться</reg><orig>отдѣлаться</orig></choice> <choice><reg>от</reg><orig>отъ</orig></choice> Васеньки,<note xml:id="note2" resp="volume_editor" index="false"> В. С. Перфильев.</note> все <choice><reg>с</reg><orig>съ</orig></choice> <choice><reg>ним</reg><orig>нимъ</orig></choice> <choice><reg>спорил</reg><orig>спорилъ</orig></choice>. <choice><reg>Потом</reg><orig>Потомъ</orig></choice> <choice><reg>поехал</reg><orig>поѣхалъ</orig></choice> <choice><reg>к</reg><orig>къ</orig></choice> Свистунову, у <choice><reg>которого</reg><orig>котораго</orig></choice> умерла дочь,<note xml:id="note3" resp="volume_editor" index="false"> Екатерина Петровна Свистунова (1853—1878), которая скончалась 28 февраля 1878 <hi style="opdelimiter">г.</hi><hi style="opnumber">245</hi></note> и <choice><reg>просидел</reg><orig>просидѣлъ</orig></choice> у него 4 часа, слушая прелестные <choice><reg>рассказы</reg><orig>разсказы</orig></choice> его и <choice><reg>другого</reg><orig>другаго</orig></choice> декабриста <choice><reg>Беляева</reg><orig>Бѣляева</orig></choice>. <choice><reg>Зашел</reg><orig>Зашелъ</orig></choice> <choice><reg>к</reg><orig>къ</orig></choice> <choice><reg>Беляеву</reg><orig>Бѣляеву</orig></choice><note xml:id="note4" resp="volume_editor" index="false"> За рукописью «Воспоминаний» Беляева. На другой день последний писал Толстому: «Мне стало совестно, что я передал вам мои воспоминания, не пересмотрев их и не приказав переписать..... После вас вечером просматривал их продолжение с Минусинска..... и увидел, что еще много надо исправить» («Тайные общества в России в начале XIX столетия». М. 1926, стр. 205).</note> <choice><reg>потом</reg><orig>потомъ</orig></choice> <choice><reg>к</reg><orig>къ</orig></choice> Бартеневу,<note xml:id="note5" resp="volume_editor" index="false"> Петр Иванович Бартенев.</note> у <choice><reg>которого</reg><orig>котораго</orig></choice> <choice><reg>обедал</reg><orig>обѣдалъ</orig></choice>, и <choice><reg>должен</reg><orig>долженъ</orig></choice> <choice><reg>был</reg><orig>былъ</orig></choice> торопиться на <choice><reg>поезд</reg><orig>поѣздъ</orig></choice>. <choice><reg>Целую</reg><orig>Цѣлую</orig></choice> тебя, душенька, и <choice><reg>детей</reg><orig>дѣтей</orig></choice>; будь спокойна и не волнуйся. Андрюшу<note xml:id="note6" resp="volume_editor" index="false"> Андрей Львович Толстой (р. 6 декабря 1877 г., ум. 24 февраля 1916 г.), сын Толстого. Учился в Поливановской гимназии и Катковском лицее в Москве; курса не кончил. В 1896 г. поступил вольноопределяющимся на военную службу. 8 января 1899 г. женился на Ольге Константиновне Дитерихс (р. 1872 г.). С сентября 1904 г. был на русско-японской войне. С 1906 г. — чиновник особых поручений при Тульском губернаторе. Разведясь со своей женой, женился вторично на жене Тульского губернатора Екатерине Васильевне Арцимович, рожд. Горяиновой (р. 1876 г.). Позднее служил непременным членом отделения дворянского и крестьянского банка в Тамбове, чиновником особых поручений в переселенческом управлении и представителем министерства земледелия в совете крестьянского поземельного банка в Петербурге. Двадцать одно письмо к нему Толстого напечатаны в «Юбилейном сборнике» «Лев Николаевич Толстой» М.-Л. 1928, стр. 65—81. Некролог А. Л. Толстого см. в «Петроградском листке» от 25 февраля 1916 г., № 54.</note> особенно <choice><reg>целую</reg><orig>цѣлую</orig></choice>.</p>
<lb/>
<p rend="left"><hi>На конверте:</hi> Въ Тулу. Ея Сіятельству Графинѣ Софьѣ Андревнѣ Толстой.</p>
<comments><p rend="Textpetit_otstup left">Печатается по автографу, хранящемуся в АТБ. Впервые одна цитата из письма напечатана в Б, II, стр. 267. Полностью опубликовано по копии, сделанной С. А. Толстой в ПЖ, стр. 113. Датируется на основании почтового штемпеля: «Москва, 6 марта. 1878» и дня приезда в Петербург (6 марта), накануне которого писано письмо.</p>
<p rend="Textpetit_otstup left"><hi>1</hi> С Николаевского вокзала в Москве, перед отъездом в Петербург.</p>
<p rend="petit left"><hi>2</hi> В. С. Перфильев.</p>
<p rend="petit left"><hi>3</hi> Екатерина Петровна Свистунова (1853—1878), которая скончалась 28 февраля 1878 <hi style="opdelimiter">г.</hi><hi style="opnumber">245</hi></p>
<p rend="petit left"><hi>4</hi> За рукописью «Воспоминаний» Беляева. На другой день последний писал Толстому: «Мне стало совестно, что я передал вам мои воспоминания, не пересмотрев их и не приказав переписать..... После вас вечером просматривал их продолжение с Минусинска..... и увидел, что еще много надо исправить» («Тайные общества в России в начале XIX столетия». М. 1926, стр. 205).</p>
<p rend="petit left"><hi>5</hi> Петр Иванович Бартенев.</p>
<p rend="petit left"><hi>6</hi> Андрей Львович Толстой (р. 6 декабря 1877 г., ум. 24 февраля 1916 г.), сын Толстого. Учился в Поливановской гимназии и Катковском лицее в Москве; курса не кончил. В 1896 г. поступил вольноопределяющимся на военную службу. 8 января 1899 г. женился на Ольге Константиновне Дитерихс (р. 1872 г.). С сентября 1904 г. был на русско-японской войне. С 1906 г. — чиновник особых поручений при Тульском губернаторе. Разведясь со своей женой, женился вторично на жене Тульского губернатора Екатерине Васильевне Арцимович, рожд. Горяиновой (р. 1876 г.). Позднее служил непременным членом отделения дворянского и крестьянского банка в Тамбове, чиновником особых поручений в переселенческом управлении и представителем министерства земледелия в совете крестьянского поземельного банка в Петербурге. Двадцать одно письмо к нему Толстого напечатаны в «Юбилейном сборнике» «Лев Николаевич Толстой» М.-Л. 1928, стр. 65—81. Некролог А. Л. Толстого см. в «Петроградском листке» от 25 февраля 1916 г., № 54.</p>
</comments></div></body>
        </text>
        </TEI>