<?xml version='1.0' encoding='UTF-8' standalone='no'?>

<TEI xmlns="http://www.tei-c.org/ns/1.0">
       <teiHeader>
          <fileDesc>
             <titleStmt>
                <title>Письмо №16. С. А. Толстой</title>
             </titleStmt>
             <publicationStmt>
                <publisher>TolstoyLab</publisher>
                <date when="2015-09-14">14 September 2015</date>
             </publicationStmt>
             <sourceDesc>
                <biblStruct>
                   <analytic>
                      <author>Толстой Л.Н.</author>
                   </analytic>
                   <monogr>
                      <title level="m">Полное собрание сочинений. Том 83</title>
                      <imprint>
                         <pubPlace>Москва</pubPlace>
                         <publisher>Государственное издательство "Художественная литература"</publisher>
                         <date when="1938"/>
                      </imprint>
                   </monogr>
                   <series>
                      <title level="s">Л.Н. Толстой. Полное собрание сочинений</title>
                      <biblScope unit="vol">83</biblScope>
                   </series>
                </biblStruct>
				<bibl>Печатается по автографу, хранящемуся в АТБ. Отрывок письма опубликован в Б, II, стр. 16; путем ошибочного объединения этого отрывка с отрывком из первого письма от 9 августа (по книге Бирюкова), в ПТС, I, стр. 78—79 напечатано несуществующее отдельное письмо, продатированное августом 1864 г. Полностью письмо напечатано по копии, сделанной С. А. Толстой, в ПЖ, стр. 12. Датировка подлинника; однако, в виду фразы письма: «Я вчера приехал в Никольское» и написания предшествующего письма из Черни 9 августа, датируем: августа 10 или 11 (см. подробнее в примечании к предшествующему письму).</bibl>
             </sourceDesc>
          </fileDesc>
          <encodingDesc>
             <tagsDecl> </tagsDecl>
          </encodingDesc>
          <profileDesc>
             <correspDesc>
                <correspAction type="sending">
                   <persName ref="PersonList.xml#L_N_Tolstoy">Л. Н. Толстой</persName>
                   <placeName ref="PlacesListxml#PLACE">Новоселки.</placeName>
                   <date when="1864-08-10">1864 г. Августа 10</date>            </correspAction>
                <correspAction type="receiving">
                   <persName ref="PersonList.xml#RECEIVER">Толстая Софья Андреевна</persName>
                </correspAction>
                <correspContext>
                   <ref type="prev"/>
                </correspContext>
             </correspDesc>
          </profileDesc>
       </teiHeader>
       <xenoData><number type="in a volume">16</number></xenoData>

       <text xml:id="a10ili11_16">
	<body><div>
		<opener index="false">
16.
1864 г. Августа 10 или 11. Новоселки.</opener>
<p rend="left"><choice><reg>Вот</reg><orig>Вотъ</orig></choice> опять <choice><reg>вернейший</reg><orig>вѣрнѣйшiй</orig></choice> случай. <choice><reg>Фет</reg><orig>Фетъ</orig></choice> <choice><reg>везет</reg><orig>везетъ</orig></choice>. Я вчера <choice><reg>приехал</reg><orig>прiѣхалъ</orig></choice> <choice><reg>в</reg><orig>въ</orig></choice> Никольское <choice><reg>в</reg><orig>въ</orig></choice> 8. Страшный <choice><reg>там</reg><orig>тамъ</orig></choice> случай, <choice><reg>поразивший</reg><orig>поразившiй</orig></choice> меня ужасно.<note xml:id="note1" resp="volume_editor" index="false"> Случай послужил Толстому темой для рассказа «Вредный воздух» («Азбука», кн. IV, 1872, стр. 73—76). По рассказу, в колодце было шесть аршин глубины.</note> Баба скотница упустила бадью <choice><reg>в</reg><orig>въ</orig></choice> колодезь на <choice><reg>конном</reg><orig>конномъ</orig></choice> <choice><reg>дворе</reg><orig>дворѣ</orig></choice>. Колодезь всего 12 <choice original_editorial_correction='арш[ин]'><sic>арш</sic><corr><choice><reg>аршин</reg><orig>аршинъ</orig></choice></corr></choice>. <choice><reg>Села</reg><orig>Сѣла</orig></choice> на палку и <choice><reg>велела</reg><orig>велѣла</orig></choice> себя спустить мужику. <choice><reg>Мужик</reg><orig>Мужикъ</orig></choice> староста, <choice><reg>пчеловод</reg><orig>пчеловодъ</orig></choice>, единственный <choice><reg>мне</reg><orig>мнѣ</orig></choice> знакомый и милый <choice><reg>в</reg><orig>въ</orig></choice> <choice><reg>Никольском</reg><orig>Никольскомъ</orig></choice>. Баба <choice><reg>слезла</reg><orig>слѣзла</orig></choice> <choice><reg>вниз</reg><orig>внизъ</orig></choice> и упала <choice><reg>с</reg><orig>съ</orig></choice> палки. <choice><reg>Мужик</reg><orig>Мужикъ</orig></choice> староста <choice><reg>велел</reg><orig>велѣлъ</orig></choice> себя спустить. <choice><reg>Долез</reg><orig>Долѣзъ</orig></choice> до половины, <choice><reg>упал</reg><orig>упалъ</orig></choice> <choice><reg>с</reg><orig>съ</orig></choice> палки <choice><reg>вниз</reg><orig>внизъ</orig></choice>. <choice><reg>Побежали</reg><orig>Побѣжали</orig></choice> за <choice><reg>народом</reg><orig>народомъ</orig></choice>, вытащили <choice><reg>через</reg><orig>черезъ</orig></choice> полчаса, оба мертвые. <choice><reg>В</reg><orig>Въ</orig></choice> <choice><reg>колодце</reg><orig>колодцѣ</orig></choice> было всего 3 четверти воды. Вчера хоронили. <choice><reg>Спал</reg><orig>Спалъ</orig></choice> я скверно, мухи <choice><reg>заели</reg><orig>заѣли</orig></choice>. <choice><reg>Встал</reg><orig>Всталъ</orig></choice> <choice><reg>в</reg><orig>въ</orig></choice> 10 и <hi style="opdelimiter"><choice><reg>получил</reg><orig>получилъ</orig></choice></hi><hi style="opnumber">43</hi> <hi style="npnumber">44</hi><hi style="npdelimiter">письмо,</hi> что <choice><reg>Фет</reg><orig>Фетъ</orig></choice> <choice><reg>тут</reg><orig>тутъ</orig></choice> и <choice><reg>сейчас</reg><orig>сейчасъ</orig></choice> <choice><reg>едет</reg><orig>ѣдетъ</orig></choice>. Я <choice><reg>поехал</reg><orig>поѣхалъ</orig></choice> <choice><reg>к</reg><orig>къ</orig></choice> Борисову<note xml:id="note2" resp="volume_editor" index="false"> Иван Петрович Борисов (ум. 1871 г.), орловский помещик, приятель Фета и Тургенева, служил на Кавказе, близкий знакомый Толстого. Был женат на сестре Фета — Надежде Афанасьевне Шеншиной, сошедшей с ума. В письме к А. А. Толстой от октября 1859 г. Толстой так характеризовал Борисова: «Борисов — одно из самых милых, нежных, любящих и симпатических, и вместе почему-то возбуждающих сострадание существ, которых я когда-либо встречал в жизни. Маленький, с добрыми глазами, робкой улыбкой и нерешительными движениями, но несмотря на то, человек твердый и непоколебимый в деле справедливости и честности... Везде жил честно, в строгом смысле, что так редко при кадетском воспитании, везде был храбр и скромен... Он охотник» (т. 60). В архиве Фета сохранилось двенадцать писем Толстого к Борисову (ИЛИ). Борисов жил в имеиьи Новоселки в 6—8 верстах от Никольского.</note> и <choice><reg>от</reg><orig>отъ</orig></choice> него пишу. <choice><reg>Фет</reg><orig>Фетъ</orig></choice> <choice><reg>болен</reg><orig>боленъ</orig></choice> и <choice><reg>мрачен</reg><orig>мраченъ</orig></choice>. Не <choice><reg>хочет</reg><orig>хочетъ</orig></choice> <choice><reg>к</reg><orig>къ</orig></choice> <choice><reg>нам</reg><orig>намъ</orig></choice> <choice><reg>заехать</reg><orig>заѣхать</orig></choice>. Хозяйство <choice><reg>в</reg><orig>въ</orig></choice> <choice><reg>Никольском</reg><orig>Никольскомъ</orig></choice> превосходно, но урожай не <choice><reg>слишком</reg><orig>слишкомъ</orig></choice> <choice><reg>хорош</reg><orig>хорошъ</orig></choice>. Завтра я осмотрю земли<note xml:id="note3" resp="volume_editor" index="false"> «Свои земли в Никольском» (н. п. С. А.)</note> и должно быть буду <choice><reg>готов</reg><orig>готовъ</orig></choice>. — Грустно, что мы не могли пожить <choice><reg>вместе</reg><orig>вмѣстѣ</orig></choice> <choice><reg>в</reg><orig>въ</orig></choice> <choice><reg>Никольском</reg><orig>Никольскомъ</orig></choice>. <choice><reg>Фет</reg><orig>Фетъ</orig></choice> <choice><reg>сидит</reg><orig>сидитъ</orig></choice> и <choice><reg>чешет</reg><orig>чешетъ</orig></choice> каламбуры <choice><reg>такие</reg><orig>такiе</orig></choice>, что <hi>страсть</hi>, и <choice><reg>развлекает</reg><orig>развлекаетъ</orig></choice>. <choice><reg>Борисов</reg><orig>Борисовъ</orig></choice> <choice><reg>даст</reg><orig>дастъ</orig></choice> собаку. —</p>
<p rend="left">Прощай, милая. Нынче посылаю <choice><reg>в</reg><orig>въ</orig></choice> Чернь. Авось <choice><reg>привезут</reg><orig>привезутъ</orig></choice> твое письмо. —</p>
<p rend="left">У Борисова пропасть <choice><reg>слив</reg><orig>сливъ</orig></choice>, и <choice><reg>Фет</reg><orig>Фетъ</orig></choice> <choice><reg>говорит</reg><orig>говоритъ</orig></choice>, что <choice><reg>здесь</reg><orig>здѣсь</orig></choice> <choice><reg>живут</reg><orig>живутъ</orig></choice> <hi>и счастливы</hi> ища сливы. — <choice><reg>Целую</reg><orig>Цѣлую</orig></choice> <choice><reg>крепко</reg><orig>крѣпко</orig></choice>. <choice><reg>Сереже</reg><orig>Сережѣ</orig></choice>: атàта,<note xml:id="note4" resp="volume_editor" index="false"> Ударение Толстого</note> атата..</p>
<p rend="left">10 Августа.</p>
<comments><p rend="Textpetit_otstup left">Печатается по автографу, хранящемуся в АТБ. Отрывок письма опубликован в Б, II, стр. 16; путем ошибочного объединения этого отрывка с отрывком из первого письма от 9 августа (по книге Бирюкова), в ПТС, I, стр. 78—79 напечатано несуществующее отдельное письмо, продатированное августом 1864 г. Полностью письмо напечатано по копии, сделанной С. А. Толстой, в ПЖ, стр. 12. Датировка подлинника; однако, в виду фразы письма: «Я вчера приехал в Никольское» и написания предшествующего письма из Черни 9 августа, датируем: августа 10 или 11 (см. подробнее в примечании к предшествующему письму).</p>
<p rend="Textpetit_otstup left"><hi>1</hi> Случай послужил Толстому темой для рассказа «Вредный воздух» («Азбука», кн. IV, 1872, стр. 73—76). По рассказу, в колодце было шесть аршин глубины.</p>
<p rend="petit left"><hi>2</hi> Иван Петрович Борисов (ум. 1871 г.), орловский помещик, приятель Фета и Тургенева, служил на Кавказе, близкий знакомый Толстого. Был женат на сестре Фета — Надежде Афанасьевне Шеншиной, сошедшей с ума. В письме к А. А. Толстой от октября 1859 г. Толстой так характеризовал Борисова: «Борисов — одно из самых милых, нежных, любящих и симпатических, и вместе почему-то возбуждающих сострадание существ, которых я когда-либо встречал в жизни. Маленький, с добрыми глазами, робкой улыбкой и нерешительными движениями, но несмотря на то, человек твердый и непоколебимый в деле справедливости и честности... Везде жил честно, в строгом смысле, что так редко при кадетском воспитании, везде был храбр и скромен... Он охотник» (т. 60). В архиве Фета сохранилось двенадцать писем Толстого к Борисову (ИЛИ). Борисов жил в имеиьи Новоселки в 6—8 верстах от Никольского.</p>
<p rend="petit left"><hi>3</hi> «Свои земли в Никольском» (н. п. С. А.)</p>
<p rend="petit left"><hi>4</hi> Ударение Толстого</p>
<p rend="left"><hi style="opnumber">44</hi> <hi style="npnumber">45</hi></p>
</comments></div></body>
        </text>
        </TEI>