<?xml version='1.0' encoding='UTF-8' standalone='no'?>

<TEI xmlns="http://www.tei-c.org/ns/1.0">
       <teiHeader>
          <fileDesc>
             <titleStmt>
                <title>Письмо №70. Н. А. Некрасову.</title>
             </titleStmt>
             <publicationStmt>
                <publisher>TolstoyLab</publisher>
                <date when="2015-09-14">14 September 2015</date>
             </publicationStmt>
             <sourceDesc>
                <biblStruct>
                   <analytic>
                      <author>Толстой Л.Н.</author>
                   </analytic>
                   <monogr>
                      <title level="m">Полное собрание сочинений. Том 59</title>
                      <imprint>
                         <pubPlace>Москва</pubPlace>
                         <publisher>Государственное издательство "Художественная литература"</publisher>
                         <date when="1935"/>
                      </imprint>
                   </monogr>
                   <series>
                      <title level="s">Л.Н. Толстой. Полное собрание сочинений</title>
                      <biblScope unit="vol">59</biblScope>
                   </series>
                </biblStruct>
				<bibl>Печатается по автографу, хранящемуся в ЛБ. Впервые <hi style="opdelimiter">напечатано</hi><hi style="opnumber">214</hi> <hi style="npnumber">215</hi><hi style="npdelimiter">H.</hi> C. Ашукиным в AK, стр. 187—189. Датируется содержанием. Получив вышеприведенное письмо Некрасова от 30 октября 1852 г. (см. прим. к п. № 66), Толстой записал в дневнике под 26 ноября: «получил письмо от Некрасова. Мне дают 50 р. сер. за лист, и я хочу не отлагая, писать рассказы о Кавказе. Начал сегодня. Я слишком самолюбив, чтобы написать дурно, а написать еще хорошую вещь едва ли меня хватит». На другой день записано: «Написал письмо Некрасову и теперь успокоился на этот счет. Не торопясь примусь за что-нибудь».</bibl>
             </sourceDesc>
          </fileDesc>
          <encodingDesc>
             <tagsDecl> </tagsDecl>
          </encodingDesc>
          <profileDesc>
             <correspDesc>
                <correspAction type="sending">
                   <persName ref="PersonList.xml#L_N_Tolstoy">Л. Н. Толстой</persName>
                   <placeName ref="PlacesListxml#PLACE">Станица Старогладковская.</placeName>
                   <date when="1852-11-27">1852 г. Ноября 27.</date>            </correspAction>
                <correspAction type="receiving">
                   <persName ref="PersonList.xml#RECEIVER">Некрасов Николай Алексеевич</persName>
                </correspAction>
                <correspContext>
                   <ref type="prev"/>
                </correspContext>
             </correspDesc>
          </profileDesc>
       </teiHeader>
       <xenoData><number type="in a volume">70</number></xenoData>

              <text xml:id="N.A.Nekrasovu_70">
	<body><div>
		<opener index="false">
70. Н. А. Некрасову.
1852 г. Ноября 27. Станица Старогладковская. 
</opener>
<p rend="Obrashenie left">Милостивый государь!</p>
<p rend="left">Очень <choice><reg>сожалею</reg><orig>сожалѣю</orig></choice>, что не могу <choice><reg>тотчас</reg><orig>тотчасъ</orig></choice> исполнить вашего <choice><reg>желания</reg><orig>желанiя</orig></choice>, <choice><reg>прислав</reg><orig>приславъ</orig></choice> что нибудь новое для <choice><reg>напечатания</reg><orig>напечатанiя</orig></choice> <choice><reg>в</reg><orig>въ</orig></choice> <hi style="opdelimiter"><choice><reg>нашем</reg><orig>нашемъ</orig></choice></hi><hi style="opnumber">213</hi> <hi style="npnumber">214</hi><hi style="npdelimiter"><choice><reg>журнале</reg><orig>журналѣ</orig></choice>;</hi> <choice><reg>тем</reg><orig>тѣмъ</orig></choice> <choice><reg>более</reg><orig>болѣе</orig></choice> что <choice><reg>условия</reg><orig>условiя</orig></choice>, который вы <choice><reg>мне</reg><orig>мнѣ</orig></choice> предлагаете, нахожу для себя <choice><reg>слишком</reg><orig>слишкомъ</orig></choice> выгодными и <choice><reg>вполне</reg><orig>вполнѣ</orig></choice> соглашаюсь на <choice><reg>них</reg><orig>нихъ</orig></choice>.</p>
<p rend="left">Хотя у меня кое что и написано, я не могу прислать <choice><reg>вам</reg><orig>вамъ</orig></choice> теперь ничего: <choice><reg>вопервых</reg><orig>вопервыхъ</orig></choice> потому, что <choice><reg>некоторый</reg><orig>нѣкоторый</orig></choice> <choice><reg>успех</reg><orig>успѣхъ</orig></choice> моего <choice><reg>первого</reg><orig>перваго</orig></choice> <choice><reg>сочинения</reg><orig>сочиненiя</orig></choice> <choice><reg>развил</reg><orig>развилъ</orig></choice> мое авторское <choice><reg>самолюбие</reg><orig>самолюбiе</orig></choice> и <choice><reg>я бы</reg><orig>я-бы</orig></choice> <choice><reg>желал</reg><orig>желалъ</orig></choice> чтобы <choice><reg>последующия</reg><orig>послѣдующiя</orig></choice> не были хуже <choice><reg>первого</reg><orig>перваго</orig></choice>, <choice><reg>вовторых</reg><orig>вовторыхъ</orig></choice>, <choice><reg>вырезки</reg><orig>вырѣзки</orig></choice>, <choice><reg>сделанные</reg><orig>сдѣланныя</orig></choice> цензурой <choice><reg>в</reg><orig>въ</orig></choice> <hi>Дњтствњ,</hi> заставили меня во <choice><reg>избежание</reg><orig>избѣжанiе</orig></choice> <choice><reg>подобных</reg><orig>подобныхъ</orig></choice>, <choice><reg>переделывать</reg><orig>передѣлывать</orig></choice> многое снова.<hi>1 </hi>— Не упоминая о мелочныхъ измѣненіяхъ, замѣчу два, которыя въ особенности непріятно поразили меня. Это выпускъ исторіи любви Натальи Савишны, обрисовывавшей въ нѣкоторой степени бытъ стараго времени и ея характеръ и придававшей человѣчность ея личности; и перемѣна заглавія.— Заглавіе: <hi>Дњтство</hi> и <choice><reg>несколько</reg><orig>нѣсколько</orig></choice> <choice><reg>слов</reg><orig>словъ</orig></choice> <choice><reg>предисловия</reg><orig>предисловiя</orig></choice> объясняли мысль <choice><reg>сочинения</reg><orig>сочиненiя</orig></choice>; <choice><reg>заглавие</reg><orig>заглавiе</orig></choice> же <hi>Ист</hi>[<hi><choice><reg>ория</reg><orig>орiя</orig></choice></hi>] <hi>М</hi>[<hi>оего</hi>] <hi>Д</hi>[<hi>њтства</hi>] <choice><reg>напротив</reg><orig>напротивъ</orig></choice>, <choice><reg>противоречит</reg><orig>противорѣчитъ</orig></choice> ей. Кому какое <choice><reg>дело</reg><orig>дѣло</orig></choice> до <choice><reg>истории</reg><orig>исторiи</orig></choice> <hi>моего</hi> <choice><reg>детства</reg><orig>дѣтства</orig></choice>? <choice><reg>Последнее</reg><orig>Послѣднее</orig></choice> <choice><reg>изменение</reg><orig>измѣненiе</orig></choice> <choice><reg>в</reg><orig>въ</orig></choice> особенности <choice><reg>неприятно</reg><orig>непрiятно</orig></choice> мне, потому, что, <choice><reg>как</reg><orig>какъ</orig></choice> я <choice><reg>писал</reg><orig>писалъ</orig></choice> <choice><reg>вам</reg><orig>вамъ</orig></choice> <choice><reg>в</reg><orig>въ</orig></choice> <choice><reg>первом</reg><orig>первомъ</orig></choice> <choice><reg>письме</reg><orig>письмѣ</orig></choice> <choice><reg>моем</reg><orig>моемъ</orig></choice>, я <choice><reg>хотел</reg><orig>хотѣлъ</orig></choice>, чтобы <hi>Дњтство</hi> было первой частью романа, <choice><reg>которого</reg><orig>котораго</orig></choice> <choice><reg>следующия</reg><orig>слѣдующiя</orig></choice> — должны были быть: Отрочество, Юность и Молодость.</p>
<p rend="left">Я буду просить <choice><reg>вас</reg><orig>васъ</orig></choice>, Милостивый Государь, дать <choice><reg>мне</reg><orig>мнѣ</orig></choice> <choice><reg>обещание</reg><orig>обѣщанiе</orig></choice>, <choice><reg>насчет</reg><orig>насчетъ</orig></choice> <choice><reg>будущего</reg><orig>будущаго</orig></choice> моего <choice><reg>писания</reg><orig>писанiя</orig></choice>, ежели <choice><reg>вам</reg><orig>вамъ</orig></choice> <choice><reg>будет</reg><orig>будетъ</orig></choice> угодно продолжать принимать его <choice><reg>в</reg><orig>въ</orig></choice> свой <choice><reg>журнал</reg><orig>журналъ</orig></choice> — не <choice><reg>изменять</reg><orig>измѣнять</orig></choice> <choice><reg>в</reg><orig>въ</orig></choice> <choice><reg>нем</reg><orig>немъ</orig></choice> ровно ничего. — <choice><reg>Надеюсь</reg><orig>Надѣюсь</orig></choice>, что вы не откажете <choice><reg>мне</reg><orig>мнѣ</orig></choice> <choice><reg>в</reg><orig>въ</orig></choice> <choice><reg>этом</reg><orig>этомъ</orig></choice>. Что до меня касается, то повторяю <choice><reg>обещание</reg><orig>обѣщанiе</orig></choice> прислать <choice><reg>вам</reg><orig>вамъ</orig></choice> первое что почту <choice><reg>достойным</reg><orig>достойнымъ</orig></choice> <choice><reg>напечатания</reg><orig>напечатанiя</orig></choice>.</p>
<p rend="left">Подписываюсь своей <choice><reg>фамилией</reg><orig>фамилiей</orig></choice>, но прошу, чтобы это было <choice><reg>известно</reg><orig>извѣстно</orig></choice> одной <choice><reg>редакции</reg><orig>редакцiи</orig></choice>. —</p>
<p rend="Obrashenie_ left"><choice><reg>С</reg><orig>Съ</orig></choice> <choice><reg>совершенным</reg><orig>совершеннымъ</orig></choice> <choice><reg>уважением</reg><orig>уваженiемъ</orig></choice></p>
<p rend="Obrashenie1 left"><choice><reg>имею</reg><orig>имѣю</orig></choice> честь быть,</p>
<p rend="Obrashenie2_ left">Милостивый Государь,</p>
<p rend="Obrashenie3 left"><choice><reg>Ваш</reg><orig>Вашъ</orig></choice> <choice><reg>покорнейший</reg><orig>покорнѣйшiй</orig></choice> слуга</p>
<p rend="subtitle centerline">
Г. Л. Н. Толстой.
</p>
<p rend="left">P. S. Будьте <choice><reg>так</reg><orig>такъ</orig></choice> добры, пришлите <choice><reg>мне</reg><orig>мнѣ</orig></choice> <choice><reg>экземпляр</reg><orig>экземпляръ</orig></choice> моей <choice><reg>повести</reg><orig>повѣсти</orig></choice>, ежели это возможно. —</p>
<comments><p rend="Textpetit_otstup left">Печатается по автографу, хранящемуся в ЛБ. Впервые <hi style="opdelimiter">напечатано</hi><hi style="opnumber">214</hi> <hi style="npnumber">215</hi><hi style="npdelimiter">H.</hi> C. Ашукиным в AK, стр. 187—189. Датируется содержанием. Получив вышеприведенное письмо Некрасова от 30 октября 1852 г. (см. прим. к п. № 66), Толстой записал в дневнике под 26 ноября: «получил письмо от Некрасова. Мне дают 50 р. сер. за лист, и я хочу не отлагая, писать рассказы о Кавказе. Начал сегодня. Я слишком самолюбив, чтобы написать дурно, а написать еще хорошую вещь едва ли меня хватит». На другой день записано: «Написал письмо Некрасову и теперь успокоился на этот счет. Не торопясь примусь за что-нибудь».</p>
<p rend="Textpetit_otstup left"><hi>1 </hi>Имеется в виду рассказ «Набег», первоначально называвшийся «Письмо с Кавказа». Работа над этим произведением шла с 17 мая 1852 г. по 8 июля, когда рассказ был отложен. Снова идут записи о нем в дневнике с 26 ноября до 26 декабря этого года, когда рассказ был послан Некрасову.</p>
</comments></div></body>
        </text>
        </TEI>