<?xml version='1.0' encoding='UTF-8' standalone='no'?>

<TEI xmlns="http://www.tei-c.org/ns/1.0">
       <teiHeader>
          <fileDesc>
             <titleStmt>
                <title>Письмо №* 219. П. Е. Воробьеву.</title>
             </titleStmt>
             <publicationStmt>
                <publisher>TolstoyLab</publisher>
                <date when="2015-09-14">14 September 2015</date>
             </publicationStmt>
             <sourceDesc>
                <biblStruct>
                   <analytic>
                      <author>Толстой Л.Н.</author>
                   </analytic>
                   <monogr>
                      <title level="m">Полное собрание сочинений. Том 60</title>
                      <imprint>
                         <pubPlace>Москва</pubPlace>
                         <publisher>Государственное издательство "Художественная литература"</publisher>
                         <date when="1949"/>
                      </imprint>
                   </monogr>
                   <series>
                      <title level="s">Л.Н. Толстой. Полное собрание сочинений</title>
                      <biblScope unit="vol">60</biblScope>
                   </series>
                </biblStruct>
             </sourceDesc>
          </fileDesc>
          <encodingDesc>
             <tagsDecl> </tagsDecl>
          </encodingDesc>
          <profileDesc>
             <correspDesc>
                <correspAction type="sending">
                   <persName ref="PersonList.xml#L_N_Tolstoy">Л. Н. Толстой</persName>
                   <placeName ref="PlacesListxml#PLACE">Я. П.</placeName>
                   <date from="1861-07" to="1861-07">1861 г. Июль —</date>            </correspAction>
                <correspAction type="receiving">
                   <persName ref="PersonList.xml#RECEIVER">Воробьев Петр Евстратович</persName>
                </correspAction>
                <correspContext>
                   <ref type="prev">Ответ на неизвестное письмо Воробьева, в котором он, очевидно, возвращал Толстому не утвержденные чернским мировым посредником увольнительные акты на крестьян села Никольского-Вяземского.</ref>
                </correspContext>
             </correspDesc>
          </profileDesc>
       </teiHeader>
       <xenoData><number type="in a volume">219</number></xenoData>

              <text xml:id="P.E.Vorobevu_219">
	<body><div>
		<opener index="false">
* 219. П. Е. Воробьеву.
1861 г. Июль — август до 5. Я. П.
</opener>
<p rend="Obrashenie left">Любезный Петр Евстратов.</p>
<p rend="left">Увольнительные акты вновь посылаю тебе и прошу настоять у Посредника, чтобы он их утвердил, с приплатою того количества денег, которое назначит Посредник. Что же касается до твоего замечания насчет необходимости людей, то увольнительные акты не мешают нанять тех же или других людей, ежели они необходимы. Дома же прошу продать тому, кто даст больше и — на своз. —</p>
<p rend="left">Желание Андреевича<note xml:id="note1" resp="volume_editor" index="false"> Герман Андреевич Ауэрбах.</note> исполняй, по возможности. В случае увольнения людей тотчас же меня уведомь. —</p>
<p rend="left">В остальном поступай по своему усмотрению. —</p>
<p rend="right">Гр. Л. Толстой.</p>
<lb/>
<p rend="left"><hi>На четвертой странице</hi>:</p>
<p rend="left"><choice original_editorial_correction='Милост[ивому]'><sic>Милост</sic><corr>Милостивому</corr></choice> <choice original_editorial_correction='Госу[дарю]'><sic>Госу</sic><corr>Государю</corr></choice> Петру Евстратиевичу Воробьеву.</p>
<comments><p rend="Textpetit_otstup left">Дата определяется соотношением с письмом № 218. Ответ на неизвестное письмо Воробьева, в котором он, очевидно, возвращал Толстому не утвержденные чернским мировым посредником увольнительные акты на крестьян села Никольского-Вяземского.</p>
<p rend="Textpetit_otstup left"><hi>1</hi> Герман Андреевич Ауэрбах.</p>
<p rend="emptyline left"><hi style="opnumber">403</hi> <hi style="npnumber">404</hi></p>
</comments></div></body>
        </text>
        </TEI>