<?xml version='1.0' encoding='UTF-8' standalone='no'?>

<TEI xmlns="http://www.tei-c.org/ns/1.0">
       <teiHeader>
          <fileDesc>
             <titleStmt>
                <title>Письмо №44. А. С. Оголину.</title>
             </titleStmt>
             <publicationStmt>
                <publisher>TolstoyLab</publisher>
                <date when="2015-09-14">14 September 2015</date>
             </publicationStmt>
             <sourceDesc>
                <biblStruct>
                   <analytic>
                      <author>Толстой Л.Н.</author>
                   </analytic>
                   <monogr>
                      <title level="m">Полное собрание сочинений. Том 59</title>
                      <imprint>
                         <pubPlace>Москва</pubPlace>
                         <publisher>Государственное издательство "Художественная литература"</publisher>
                         <date when="1935"/>
                      </imprint>
                   </monogr>
                   <series>
                      <title level="s">Л.Н. Толстой. Полное собрание сочинений</title>
                      <biblScope unit="vol">59</biblScope>
                   </series>
                </biblStruct>
				<bibl>Печатается по тексту, сообщенному Алдр. Петр. <choice><reg>Мертвого</reg><orig>Мертваго</orig></choice>, племянником Зин. Мод. Тиле, рожд. Молоствовой, в его статье «Первая любовь Толстого» («Утро России» № от 12 июня 1911 г.). По тексту, сообщенному бар. Мейендорфом, записку напечатал П. И. Бирюков во втором издании Б, I, 1911, стр. 175. Наконец, в семейной хронике М. Ватаци «Быль минувшего» (И. В., 1913, № 5, стр. 431) также приводится текст записки. Первый и третий тексты совпадают, в тексте же, напечатанном П. И. Бирюковым, первой строки нет, а вместо строки: «И здорова ль» читается: «Здорова ль».</bibl>
             </sourceDesc>
          </fileDesc>
          <encodingDesc>
             <tagsDecl> </tagsDecl>
          </encodingDesc>
          <profileDesc>
             <correspDesc>
                <correspAction type="sending">
                   <persName ref="PersonList.xml#L_N_Tolstoy">Л. Н. Толстой</persName>
                   <placeName ref="PlacesListxml#PLACE">Станица Старогладковская.</placeName>
                   <date from="1851-05-30" to="1849-06-02">1851 г. Мая 30... июня 2.</date>            </correspAction>
                <correspAction type="receiving">
                   <persName ref="PersonList.xml#RECEIVER">Оголин Александр Степанович</persName>
                </correspAction>
                <correspContext>
                   <ref type="prev"/>
                </correspContext>
             </correspDesc>
          </profileDesc>
       </teiHeader>
       <xenoData><number type="in a volume">44</number></xenoData>

              <text xml:id="A.S.Ogolinu_44">
	<body><div>
		<opener index="false">
44. А. С. Оголину.
<lb/>
1851 г. Мая 30... июня 2. 
<hi>Станица Старогладковская.</hi>
</opener>
<div rend="poem">
<div rend="stanza">
<p rend="v">
<choice><reg>Господин</reg><orig>Господинъ</orig></choice>
</p>
<p rend="v">
<choice><reg>Оголин</reg><orig>Оголинъ</orig></choice>!
</p>
<p rend="v">
<choice><reg>Поспешите</reg><orig>Поспѣшите</orig></choice>,
</p>
<p rend="v">
Напишите
</p>
<p rend="v">
Про <choice><reg>всех</reg><orig>всѣхъ</orig></choice> <choice><reg>вас</reg><orig>васъ</orig></choice>
</p>
<p rend="v">
На <choice><reg>Кавказ</reg><orig>Кавказъ</orig></choice>,
</p>
<p rend="v">
И здорова ль
</p>
<p rend="v">
Молоствова?<note xml:id="note1" resp="volume_editor" index="false">Зинаида Модестовна Молоствова (р. 18 ноября 1828 г., ум. 10 февраля 1897 г.), сестра Елизаветы Модестовны, дочь спасского уездного предводителя дворянства Модеста Порфирьевича Молоствова (1799—1854) и Варвары Ивановны Мергасовой (1803—1881), внучка казанского губ. предводителя дворянства; племянница попечителя казанского учебного округа. Училась в Казанском Родионовском институте, где была подругой сестры Льва Николаевича гр. Мар. Ник. Толстой. Еще будучи студентом, Толстой был знаком с ней, встречаясь в светских гостиных Казани. Не будучи красивой, остроумная, с большой склонностью к юмору, Зинаида Модестовна среди сверстниц отличалась незаурядным душевным строем. Во время недельного пребывания в Казани в мае 1851 г. Толстой, как свидетельствует запись в его дневнике под 8 июля 1851 г., был совершенно очарован З. М. Молоствовой. В июле 1852 г. Зинаида Модестовна вышла замуж за чиновника особых поручений при казанском губернаторе, впоследствии коммерческого деятеля Ник. Вас. Тиле (ум. в 1893 г.). Толстой больше никогда с ней не встречался, но через пятьдесят лет не без волнения расспрашивал о Зинаиде Модестовне у племянника ее А. П. <choice><reg>Мертвого</reg><orig>Мертваго</orig></choice> (о чем см. статью последнего «Первая любовь Л. Н. Толстого» в «Утре России», 1911, № 134 от 12 июня). О З. М. Тиле см. в ст. К. С. Шохор-Троцкого «Казанские знакомства Толстого» в сб. «Великой памяти Л. Н. Толстого Казанский университет 1828—1928 гг.» Казань 1928, стр. 105—123 (гл. V. — Молоствовы, гл. VI — З. М. Молоствова).</note>
</p>
<p rend="v">
Одолжите
</p>
<p rend="v">
Льва Толстова.
</p>
</div>
</div>
<comments><p rend="Textpetit_otstup left">Печатается по тексту, сообщенному Алдр. Петр. <choice><reg>Мертвого</reg><orig>Мертваго</orig></choice>, племянником Зин. Мод. Тиле, рожд. Молоствовой, в его статье «Первая любовь Толстого» («Утро России» № от 12 июня 1911 г.). По тексту, сообщенному бар. Мейендорфом, записку напечатал П. И. Бирюков во втором издании Б, I, 1911, стр. 175. Наконец, в семейной хронике М. Ватаци «Быль минувшего» (И. В., 1913, № 5, стр. 431) также приводится текст записки. Первый и третий тексты совпадают, в тексте же, напечатанном П. И. Бирюковым, первой строки нет, а вместо строки: «И здорова ль» читается: «Здорова ль».</p>
<p rend="petit left">Время написания определяем на основании слов в статье А. П. <choice><reg>Мертвого</reg><orig>Мертваго</orig></choice>, что «приехав к осени [это неверно. М. Ц.] на Кавказ, Лев Николаевич в шуточно-стихотворной форме пишет А. С. Оголину: «Господин Оголин!..» Толстые приехали в Старогладковскую 30 мая (см. <hi style="opdelimiter">дневник</hi><hi style="opnumber">101</hi> <hi style="npnumber">102</hi><hi style="npdelimiter">Толстого,</hi> т. 46), почему предположительно и датируем: 30 мая... 2 июня.</p>
<p rend="petit left">Александр Степанович Оголин (1821—1911) окончил Училище правоведения; казанский губернский прокурор; председатель Тифлисской судебной палаты, с 1873 г. сенатор. В 1851 г. Александр Степанович был женихом дочери казанского помещика Модеста Порфирьевича Молоствова, Елизаветы Модестовны Молоствовой (р. 20 декабря 1831 г., ум. 5 апреля 1852 г.). Толстой с ним ездил в деревню к В. И. Юшкову и впоследствии рассказывал П. И. Бирюкову: «Когда мы приехали с Оголиным и подошли к дому, против которого была группа молодых берез, я предложил Оголину, пока слуга докладывал о приезде, поспорить, кто лучше и выше влезет на эти березы. Когда Владимир Иванович вышел и увидал прокурора, лезущего на дерево, он долго не мог опомниться». (Б, II, 1911, стр. 175). Женат был А. С. Оголин на Софье Николаевне Загоскиной, дочери Екатерины Дмитриевны. Умер в Женеве (?).</p>
<p rend="Textpetit_otstup left"><hi>1 </hi>Зинаида Модестовна Молоствова (р. 18 ноября 1828 г., ум. 10 февраля 1897 г.), сестра Елизаветы Модестовны, дочь спасского уездного предводителя дворянства Модеста Порфирьевича Молоствова (1799—1854) и Варвары Ивановны Мергасовой (1803—1881), внучка казанского губ. предводителя дворянства; племянница попечителя казанского учебного округа. Училась в Казанском Родионовском институте, где была подругой сестры Льва Николаевича гр. Мар. Ник. Толстой. Еще будучи студентом, Толстой был знаком с ней, встречаясь в светских гостиных Казани. Не будучи красивой, остроумная, с большой склонностью к юмору, Зинаида Модестовна среди сверстниц отличалась незаурядным душевным строем. Во время недельного пребывания в Казани в мае 1851 г. Толстой, как свидетельствует запись в его дневнике под 8 июля 1851 г., был совершенно очарован З. М. Молоствовой. В июле 1852 г. Зинаида Модестовна вышла замуж за чиновника особых поручений при казанском губернаторе, впоследствии коммерческого деятеля Ник. Вас. Тиле (ум. в 1893 г.). Толстой больше никогда с ней не встречался, но через пятьдесят лет не без волнения расспрашивал о Зинаиде Модестовне у племянника ее А. П. <choice><reg>Мертвого</reg><orig>Мертваго</orig></choice> (о чем см. статью последнего «Первая любовь Л. Н. Толстого» в «Утре России», 1911, № 134 от 12 июня). О З. М. Тиле см. в ст. К. С. Шохор-Троцкого «Казанские знакомства Толстого» в сб. «Великой памяти Л. Н. Толстого Казанский университет 1828—1928 гг.» Казань 1928, стр. 105—123 (гл. V. — Молоствовы, гл. VI — З. М. Молоствова).</p>
</comments></div></body>
        </text>
        </TEI>