<?xml version='1.0' encoding='UTF-8' standalone='no'?>

<TEI xmlns="http://www.tei-c.org/ns/1.0">
       <teiHeader>
          <fileDesc>
             <titleStmt>
                <title>Письмо №419. И. С. Тургеневу.</title>
             </titleStmt>
             <publicationStmt>
                <publisher>TolstoyLab</publisher>
                <date when="2015-09-14">14 September 2015</date>
             </publicationStmt>
             <sourceDesc>
                <biblStruct>
                   <analytic>
                      <author>Толстой Л.Н.</author>
                   </analytic>
                   <monogr>
                      <title level="m">Полное собрание сочинений. Том 62</title>
                      <imprint>
                         <pubPlace>Москва</pubPlace>
                         <publisher>Государственное издательство "Художественная литература"</publisher>
                         <date when="1953"/>
                      </imprint>
                   </monogr>
                   <series>
                      <title level="s">Л.Н. Толстой. Полное собрание сочинений</title>
                      <biblScope unit="vol">62</biblScope>
                   </series>
                </biblStruct>
				<bibl>Впервые опубликовано по копии в книге: «М. М. Стасюлевич и его современники в их переписке», под ред. М. К. Лемке, т. III, Спб. 1912, стр. 480, а по автографу — в журнале «Огонек», 1926, № 9, где помещено и факсимиле.</bibl>
             </sourceDesc>
          </fileDesc>
          <encodingDesc>
             <tagsDecl> </tagsDecl>
          </encodingDesc>
          <profileDesc>
             <correspDesc>
                <correspAction type="sending">
                   <persName ref="PersonList.xml#L_N_Tolstoy">Л. Н. Толстой</persName>
                   <placeName ref="PlacesListxml#PLACE">Я. П.</placeName>
                   <date when="1878-04-06">1878 г. Апреля 6.</date>            </correspAction>
                <correspAction type="receiving">
                   <persName ref="PersonList.xml#RECEIVER">Тургенев Иван Сергеевич</persName>
                </correspAction>
                <correspContext>
                   <ref type="prev"/>
                </correspContext>
             </correspDesc>
          </profileDesc>
       </teiHeader>
       <xenoData><number type="in a volume">419</number></xenoData>

              <text xml:id="I.S.Turgenevu_419">
	<body><div>
		<opener index="false">
419. И. С. Тургеневу.
1878 г. Апреля 6. Я. П.
</opener>
<p rend="Obrashenie left">Иван Сергеевич!</p>
<p rend="left">В последнее время, вспоминая о моих с вами отношениях, я, к удивлению своему и радости, почувствовал, что я к вам никакой вражды не имею. Дай бог, чтобы в вас было то же самое. По правде сказать, зная, как вы добры, я почти уверен, что ваше враждебное чувство ко мне прошло еще прежде моего.</p>
<p rend="left">Если так, то, пожалуйста, подадимте друг другу руку, и, пожалуйста, совсем до конца простите мне всё, чем я был виноват перед вами.</p>
<p rend="left">Мне так естественно помнить о вас только одно хорошее, потому что этого хорошего было так много в отношении меня. Я помню, что вам я обязан своей литературной <hi style="opdelimiter">известностью,</hi><hi style="opnumber">406</hi> <hi style="npnumber">407</hi><hi style="npdelimiter">и</hi> помню, как вы любили и мое писанье и меня. Может быть, и вы найдете такие же воспоминания обо мне, потому что было время, когда я искренно любил вас.</p>
<p rend="left">Искренно, если вы можете простить меня, предлагаю вам всю ту дружбу, на которую я способен. В наши года есть одно только благо — любовные отношения с людьми. И я буду очень рад, если между нами они установятся.</p>
<p rend="right">Гр. Л. Толстой.</p>
<p rend="left">Адрес: Тула.</p>
<p rend="left">6 апреля 78.</p>
<comments><p rend="Textpetit_otstup left">Впервые опубликовано по копии в книге: «М. М. Стасюлевич и его современники в их переписке», под ред. М. К. Лемке, т. III, Спб. 1912, стр. 480, а по автографу — в журнале «Огонек», 1926, № 9, где помещено и факсимиле.</p>
<p rend="petit left">Это первое письмо к Тургеневу после семнадцатилетнего перерыва, вызванного ссорой 1861 г. (см. т. 60). См. рассказ об этом примирении в «Моих воспоминаниях» Фета, ч.ІІ, М. 1890, стр. 350, а также в «Дневниках С. А. Толстой», I, М. 1928, стр. 47—48.</p>
<p rend="petit left">Тургенев отвечал 8 мая: «Я только сегодня получил Ваше письмо, которое вы отправили post-restante [до востребования]. Оно меня очень обрадовало и тронуло. С величайшей охотой готов возобновить нашу прежнюю дружбу и крепко жму протянутую мне Вами руку. Вы совершенно правы, не предполагая во мне враждебных чувств к Вам; если они и были, то давным-давно исчезли — а осталось одно воспоминание о Вас, как о человеке, к которому я был искренне привязан, и о писателе, первые шаги которого мне пришлось приветствовать раньше других, каждое новое произведение которого всегда возбуждало во мне живейший интерес. — Душевно радуюсь прекращению возникших между нами недоразумений. Я надеюсь нынешним летом попасть в Орловскую губернию, — и тогда мы, конечно, увидимся. А до тех пор желаю Вам всего хорошего — и еще раз дружески жму Вашу руку».</p>
<p rend="petit left">Свидание состоялось в Ясной Поляне 8 августа 1878 г. См. о нем: Т. Л. Сухотина, «Друзья и гости Ясной Поляны», М. 1923, стр. 7—28; С. Л. Толстой, «Тургенев в Ясной Поляне» — «Голос минувшего», 1918, № 1—4, стр. 221—235; И. Л. Толстой, «Мои воспоминания», 1933, стр. 125—134, и С. Л. Толстой, «Очерки былого», М. 1949, стр. 318—323.</p>
</comments></div></body>
        </text>
        </TEI>