<?xml version='1.0' encoding='UTF-8' standalone='no'?>

<TEI xmlns="http://www.tei-c.org/ns/1.0">
       <teiHeader>
          <fileDesc>
             <titleStmt>
                <title>Письмо №341. С. А. Толстой</title>
             </titleStmt>
             <publicationStmt>
                <publisher>TolstoyLab</publisher>
                <date when="2015-09-14">14 September 2015</date>
             </publicationStmt>
             <sourceDesc>
                <biblStruct>
                   <analytic>
                      <author>Толстой Л.Н.</author>
                   </analytic>
                   <monogr>
                      <title level="m">Полное собрание сочинений. Том 83</title>
                      <imprint>
                         <pubPlace>Москва</pubPlace>
                         <publisher>Государственное издательство "Художественная литература"</publisher>
                         <date when="1938"/>
                      </imprint>
                   </monogr>
                   <series>
                      <title level="s">Л.Н. Толстой. Полное собрание сочинений</title>
                      <biblScope unit="vol">83</biblScope>
                   </series>
                </biblStruct>
				<bibl>Печатается по автографу, хранящемуся в АТБ. Впервые опубликовано по копии, сделанной С. А. Толстой, в ПЖ, стр. 282—283. Датируется на основании почтовых штемпелей: «Москва. 20 ноября. <hi style="opdelimiter">1885;</hi><hi style="opnumber">530</hi> <hi style="npnumber">531</hi><hi style="npdelimiter">С.-Петербург.</hi> 21 ноября. 1885» и упоминания о получении открытого письма от С. А. Толстой, посланного из Петербурга 19 ноября. В ПЖ датировано 3 ноября.</bibl>
             </sourceDesc>
          </fileDesc>
          <encodingDesc>
             <tagsDecl> </tagsDecl>
          </encodingDesc>
          <profileDesc>
             <correspDesc>
                <correspAction type="sending">
                   <persName ref="PersonList.xml#L_N_Tolstoy">Л. Н. Толстой</persName>
                   <placeName ref="PlacesListxml#PLACE">Москва.</placeName>
                   <date when="1885-11-20">1885 г. Ноября 20.</date>            </correspAction>
                <correspAction type="receiving">
                   <persName ref="PersonList.xml#RECEIVER">Толстая Софья Андреевна</persName>
                </correspAction>
                <correspContext>
                   <ref type="prev"/>
                </correspContext>
             </correspDesc>
          </profileDesc>
       </teiHeader>
       <xenoData><number type="in a volume">341</number></xenoData>

       <text xml:id="a20_341">
	<body><div>
		<opener index="false">
341.
1885 г. Ноября 20. Москва.</opener>
<p rend="left"><choice><reg>Написал</reg><orig>Написалъ</orig></choice> <choice><reg>тебе</reg><orig>тебѣ</orig></choice>, милый <choice><reg>друг</reg><orig>другъ</orig></choice>, нынче на <choice><reg>карточке</reg><orig>карточкѣ</orig></choice>,<note xml:id="note1" resp="volume_editor" index="false"> См. предшествующее письмо.</note> <choice original_editorial_correction='к[оторая]'><sic>к</sic><corr>которая</corr></choice> <choice><reg>дойдет</reg><orig>дойдетъ</orig></choice> <choice><reg>вероятно</reg><orig>вѣроятно</orig></choice> <choice><reg>днем</reg><orig>днемъ</orig></choice> раньше <choice><reg>этого</reg><orig>этаго</orig></choice>. Вчера я <choice><reg>сидел</reg><orig>сидѣлъ</orig></choice> <choice><reg>целый</reg><orig>цѣлый</orig></choice> день <choice><reg>в</reg><orig>въ</orig></choice> Таниной <choice><reg>комнате</reg><orig>комнатѣ</orig></choice> <choice><reg>в</reg><orig>въ</orig></choice> жару, и <choice><reg>целый</reg><orig>цѣлый</orig></choice> день были <choice><reg>посетители</reg><orig>посѣтители</orig></choice>: <choice original_editorial_correction='Стах[ович]'><sic>Стах</sic><corr><choice><reg>Стахович</reg><orig>Стаховичъ</orig></choice></corr></choice>,<note xml:id="note2" resp="volume_editor" index="false"> Александр Александрович Стахович.</note> <choice original_editorial_correction='нотар[иус]'><sic>нотар</sic><corr><choice><reg>нотариус</reg><orig>нотарiусъ</orig></choice></corr></choice>, <choice><reg>фактор</reg><orig>факторъ</orig></choice>,<note xml:id="note3" resp="volume_editor" index="false"> Заведующий типографией Волчанинова.</note> <choice><reg>потом</reg><orig>потомъ</orig></choice> Количка Ге<note xml:id="note4" resp="volume_editor" index="false"> Николай Николаевич Ге-младший (р. 1857 г.), старший сын художника Н. Н. Ге-старшего; один из близких друзей Толстого и всей семьи Толстых.</note> <choice><reg>с</reg><orig>съ</orig></choice> <choice><reg>Мясоедовым</reg><orig>Мясоѣдовымъ</orig></choice>,<note xml:id="note5" resp="volume_editor" index="false"> Григорий Григорьевич Мясоедов (1835—1911), художник-жанрист.</note> <choice><reg>потом</reg><orig>потомъ</orig></choice> <choice><reg>Верочка</reg><orig>Вѣрочка</orig></choice><note xml:id="note6" resp="volume_editor" index="false"> Вера Сергеевна Толстая (1865—1923), дочь С. Н. Толстого. По взглядам последовательница Толстого.</note> и <choice><reg>Элен</reg><orig>Эленъ</orig></choice>;<note xml:id="note7" resp="volume_editor" index="false"> Елена Сергеевна Толстая (р. 1863 г.), племянница Толстого, дочь М. Н. Толстой от ее гражданского брака с Гектором-Виктором де-Клен. Воспитывалась за границей, откуда приехала в Россию в 1880 г. Давала уроки музыки, преподавала иностранные языки. С 1893 г. замужем за Иваном Васильевичем Денисенко (1851— 1916).</note> <choice><reg>потом</reg><orig>потомъ</orig></choice> и Сережа;<note xml:id="note8" resp="volume_editor" index="false"> С. Н. Толстой.</note> но Сережу я <choice><reg>к</reg><orig>къ</orig></choice> <choice><reg>сожалению</reg><orig>сожалѣнiю</orig></choice> не <choice><reg>видал</reg><orig>видалъ</orig></choice>, я <choice><reg>ушел</reg><orig>ушелъ</orig></choice> <choice><reg>в</reg><orig>въ</orig></choice> <choice><reg>10-м</reg><orig>10-мъ</orig></choice> часу спать, и <choice><reg>спал</reg><orig>спалъ</orig></choice> лучше. Нынче <choice><reg>совсем</reg><orig>совсѣмъ</orig></choice> поправляюсь и не буду выходить, — будь спокойна. — Сережа<note xml:id="note9" resp="volume_editor" index="false"> С. Л. Толстой.</note> <choice><reg>свез</reg><orig>свезъ</orig></choice> <hi style="opdelimiter">деньги</hi><hi style="opnumber">529</hi> <hi style="npnumber">530</hi><hi style="npdelimiter">и</hi> <choice><reg>положил</reg><orig>положилъ</orig></choice>. Теперь 2-й <choice><reg>час</reg><orig>часъ</orig></choice> дня. Вчера я <choice><reg>получил</reg><orig>получилъ</orig></choice> письмо, <choice original_editorial_correction='к[оторое]'><sic>к</sic><corr>которое</corr></choice> меня очень взволновало — посылаю <choice><reg>тебе</reg><orig>тебѣ</orig></choice> <choice><reg>с</reg><orig>съ</orig></choice> него <choice><reg>копию</reg><orig>копiю</orig></choice> и прошу тебя очень, очень что нибудь <choice><reg>сделать</reg><orig>сдѣлать</orig></choice> для <choice><reg>облегчения</reg><orig>облегченiя</orig></choice> участи <choice><reg>этого</reg><orig>этаго</orig></choice> <choice><reg>человека</reg><orig>человѣка</orig></choice>,<note xml:id="note10" resp="volume_editor" index="false"> Алексей Петрович Залюбовский (р. 1863 г.?), в ноябре 1884 г. под влиянием сочинений Толстого отказался от военной службы (первый случай такого воздействия учения Толстого). Залюбовский по этапам был сослан в Закаспийский край. Его брат — офицер — Анатолий Петрович, обратился к Толстому, опасаясь за его жизнь. Имеются неопубликованные воспоминания Алексея Залюбовского, в которых описаны его странствования в период гонения.</note> — весьма <choice><reg>замечательного</reg><orig>замѣчательнаго</orig></choice>. Попроси у Саши <choice original_editorial_correction='Кузм[инского]'><sic>Кузм</sic><corr><choice><reg>Кузминского</reg><orig>Кузминскаго</orig></choice></corr></choice> <choice><reg>совета</reg><orig>совѣта</orig></choice>, что <choice><reg>сделать</reg><orig>сдѣлать</orig></choice>. Что собственно <choice><reg>сделать</reg><orig>сдѣлать</orig></choice>? — Просить <choice><reg>военного</reg><orig>военнаго</orig></choice><note xml:id="note11" resp="volume_editor" index="false"> <hi>В подлиннике зачеркнуто:</hi> <choice><reg>в</reg><orig>въ</orig></choice> <hi>и по ошибке оставлено:</hi> <choice><reg>военном</reg><orig>военномъ</orig></choice>. Военным министром в 1885 году был Петр Семенович Ванновский (1822—1904).</note> министра и начальника главнаго штаба,<note xml:id="note12" resp="volume_editor" index="false"> Начальником штаба был генерал Николай Николаевич Обручев (1830—1904), профессор Академии генерального штаба. С ним в Петербурге С. А. Толстая добилась свидания; в результате Залюбовский отбыл наказание в качестве нестроевого солдата.</note> чтобы <choice><reg>с</reg><orig>съ</orig></choice> <choice><reg>Залюбовским</reg><orig>Залюбовскимъ</orig></choice> поступили по закону — у <choice><reg>них</reg><orig>нихъ</orig></choice> есть <choice><reg>закон</reg><orig>законъ</orig></choice> для <choice original_editorial_correction='т[ак]'><sic>т</sic><corr><choice><reg>так</reg><orig>такъ</orig></choice></corr></choice> <choice original_editorial_correction='наз[ываемых]'><sic>наз</sic><corr><choice><reg>называемых</reg><orig>называемыхъ</orig></choice></corr></choice> <choice><reg>сектантов</reg><orig>сектантовъ</orig></choice>, — <choice><reg>менонитов</reg><orig>менонитовъ</orig></choice><note xml:id="note13" resp="volume_editor" index="false"> Протестантская секта. Немецкие менониты жили в России в Екатеринославской, Херсонской губерниях и Мелитопольском уезде Таврической губернии и пользовались по закону привилегией замены военной службы лесными и другими не военными работами.</note> и <choice original_editorial_correction='др[угих]'><sic>др</sic><corr><choice><reg>других</reg><orig>другихъ</orig></choice></corr></choice>, <choice original_editorial_correction='к[оторые]'><sic>к</sic><corr>которые</corr></choice> отказываются по <choice><reg>религиозным</reg><orig>религiознымъ</orig></choice> <choice><reg>причинам</reg><orig>причинамъ</orig></choice> <choice><reg>от</reg><orig>отъ</orig></choice> военной службы. Я думаю попросить Толстую.<note xml:id="note14" resp="volume_editor" index="false"> Александра Андреевна Толстая.</note> Нужно <choice><reg>непременно</reg><orig>непремѣнно</orig></choice> попросить за него; главное <choice><reg>затем</reg><orig>затѣмъ</orig></choice>, чтобы <choice><reg>начальствующие</reg><orig>начальствующiе</orig></choice> знали, что <choice><reg>положение</reg><orig>положенiе</orig></choice> <choice><reg>этого</reg><orig>этаго</orig></choice> <choice><reg>человека</reg><orig>человѣка</orig></choice> и поступки <choice><reg>с</reg><orig>съ</orig></choice> <choice><reg>ним</reg><orig>нимъ</orig></choice> <choice><reg>известны</reg><orig>извѣстны</orig></choice> <choice><reg>в</reg><orig>въ</orig></choice> <choice><reg>обществе</reg><orig>обществѣ</orig></choice>. — Боюсь, что у тебя много <choice><reg>дела</reg><orig>дѣла</orig></choice>, и что ты задосадуешь на меня за то, что я <choice><reg>тебе</reg><orig>тебѣ</orig></choice> наваливаю это <choice><reg>дело</reg><orig>дѣло</orig></choice>. <choice><reg>Здесь</reg><orig>Здѣсь</orig></choice> я не знаю, <choice><reg>к</reg><orig>къ</orig></choice> кому обратиться. Попробую <choice><reg>к</reg><orig>къ</orig></choice> Шуваловой.<note xml:id="note15" resp="volume_editor" index="false"> Елена Ивановна Шувалова (1830—1922), родная тетка В. Г. Черткова по отцу. В первом браке за гр. М. В. Орловым-Денисовым; вторым — за гр. П. А. Шуваловым, начальником III отделения. Была попечительницей Александровского убежища для увечных воинов. Письма Толстого Шуваловой неизвестно.</note> Почему то я <choice><reg>надеюсь</reg><orig>надѣюсь</orig></choice> на Сашу,<note xml:id="note16" resp="volume_editor" index="false"> 23 ноября С. А. Толстая писала: «Саша положительно никого из военного мира не знает и затрудняется, что сказать» (стр. <hi style="opdelimiter">239).</hi><hi style="opnumber">531</hi></note> что <choice><reg>он</reg><orig>онъ</orig></choice> тебя <choice><reg>научит</reg><orig>научитъ</orig></choice> и <choice><reg>поможет</reg><orig>поможетъ</orig></choice>.</p>
<p rend="left">Припишу еще <choice><reg>вечером</reg><orig>вечеромъ</orig></choice>. Я <choice><reg>написал</reg><orig>написалъ</orig></choice> Стасову,<note xml:id="note17" resp="volume_editor" index="false"> Владимир Васильевич Стасов (1824—1906), искусствовед, библиотекарь Петербургской Публичной библиотеки. Познакомился с Толстым в 1878 г. в связи с розысками Толстым исторических материалов для своих писаний. Стасов доставлял Толстому материалы для романа времен Петра I, «Декабристов», «Хаджи Мурата», «Воскресения», «Круга чтения» и др. Называл Толстого «Львом Великим» и в письмах писал эти два слова крупными печатными буквами. Толстой считал, что Стасов ценил в нем то, что он, Толстой, не ценил и не мог ценить в себе, и что Стасов по своей доброте «прощал» Толстому то, что он сам ценил и ценит в себе «выше всего». В этом, по мнению Толстого, заключалось коренное недоразумение в их взаимоотношениях. Во второй части книги Владимира Каренина «Владимир Стасов. Очерк его жизни и деятельности», Л. 1927, рассказано о знакомстве Стасова с Толстым. Переписка Толстого со Стасовым, заключающая в себе девяносто семь писем Толстого и сто двадцать одно ответное письмо, опубликована в книге «Лев Толстой и В. В. Стасов». Переписка 1878—1906. Редакция и прим. В. Д. Комаровой и Б. Л. Модзалевского. Л. «Прибой» 1929. См. также Б. Модзалевский, «Стасов и Толстой» («Л. Н. Толстой. Юбилейный сборник». М.—Л. ГИЗ. 1928, стр. 232—386). «Письмо Толстого к Стасову о Залюбовском от 20 ноября 1885 г. см. в томе 63, стр. 300—301.</note> <choice><reg>чтоб</reg><orig>чтобъ</orig></choice> <choice><reg>он</reg><orig>онъ</orig></choice> <choice><reg>действовал</reg><orig>дѣйствовалъ</orig></choice>, <choice><reg>написал</reg><orig>написалъ</orig></choice> Шуваловой,<note xml:id="note18" resp="volume_editor" index="false"> Письмо это неизвестно.</note> <choice><reg>написал</reg><orig>написалъ</orig></choice> Бирюкову.<note xml:id="note19" resp="volume_editor" index="false"> Письмо это см. т. 63, № 444.</note> <choice original_editorial_correction='Бирюк[ов]'><sic>Бирюк</sic><corr><choice><reg>Бирюков</reg><orig>Бирюковъ</orig></choice></corr></choice> и <choice><reg>Стасов</reg><orig>Стасовъ</orig></choice> <choice><reg>может</reg><orig>можетъ</orig></choice> быть <choice><reg>придут</reg><orig>придутъ</orig></choice> <choice><reg>к</reg><orig>къ</orig></choice> <choice><reg>тебе</reg><orig>тебѣ</orig></choice>, ты <choice><reg>им</reg><orig>имъ</orig></choice> покажи письмо. Если бы знать, <choice><reg>где</reg><orig>гдѣ</orig></choice> <choice><reg>Мирский</reg><orig>Мирскiй</orig></choice>,<note xml:id="note20" resp="volume_editor" index="false"> Дмитрий Иванович Святополк-Мирский. См. прим. 6 к письму № 284.</note> я бы <choice><reg>написал</reg><orig>написалъ</orig></choice> ему. Не <choice><reg>может</reg><orig>можетъ</orig></choice> ли Саша <choice><reg>сделать</reg><orig>сдѣлать</orig></choice> что <choice><reg>через</reg><orig>черезъ</orig></choice> <choice><reg>Лорис-Меликова</reg><orig>Лорисъ-Меликова</orig></choice>?<note xml:id="note21" resp="volume_editor" index="false"> Гр. Михаил Тариелович Лорис-Меликов (1825—1888); в 1880—1881 гг. министр внутренних дел. С ним А. М. Кузминский был лично знаком.</note> Главное то, что <choice><reg>им</reg><orig>имъ</orig></choice> нужно, чтобы это <choice><reg>дело</reg><orig>дѣло</orig></choice> не получило бы <choice><reg>известности</reg><orig>извѣстности</orig></choice>. Если бы они послали его <choice><reg>служителем</reg><orig>служителемъ</orig></choice> <choice><reg>в</reg><orig>въ</orig></choice> больницу, никто бы и не <choice><reg>знал</reg><orig>зналъ</orig></choice>; а теперь, если, избави <choice><reg>Бог</reg><orig>Богъ</orig></choice>, его <choice><reg>замучают</reg><orig>замучаютъ</orig></choice> или <choice><reg>расстреляют</reg><orig>разстрѣляютъ</orig></choice>, они <choice><reg>достигнут</reg><orig>достигнутъ</orig></choice> обратной <choice><reg>цели</reg><orig>цѣли</orig></choice>. —</p>
<p rend="left">Приписываю поздно <choice><reg>вечером</reg><orig>вечеромъ</orig></choice> — все возился <choice><reg>с</reg><orig>съ</orig></choice> письмами и перепиской письма <choice original_editorial_correction='Зал[юбовского]'><sic>Зал</sic><corr><choice><reg>Залюбовского</reg><orig>Залюбовскаго</orig></choice></corr></choice>. <choice><reg>Заставил</reg><orig>Заставилъ</orig></choice> писать Лелю и Теплова,<note xml:id="note22" resp="volume_editor" index="false"> Приятель Льва Львовича.</note> <choice original_editorial_correction='к[оторый]'><sic>к</sic><corr>который</corr></choice> <choice><reg>пришел</reg><orig>пришелъ</orig></choice> <choice><reg>к</reg><orig>къ</orig></choice> нему прыгать. У <choice><reg>нас</reg><orig>насъ</orig></choice> все очень хорошо. <choice><reg>Был</reg><orig>Былъ</orig></choice> <choice><reg>вечером</reg><orig>вечеромъ</orig></choice> <choice original_editorial_correction='бр[ат]'><sic>бр</sic><corr><choice><reg>брат</reg><orig>братъ</orig></choice></corr></choice> Сережа. <choice><reg>Мне</reg><orig>Мнѣ</orig></choice> лучше, но есть еще malaise. — Это мое обычное нездоровье. <choice><reg>Получил</reg><orig>Получилъ</orig></choice> твою карточку,<note xml:id="note23" resp="volume_editor" index="false"> Открытое письмо С. А. Толстой от 29 ноября, извещавшее об ее приезде в Петербург.</note> — спасибо. Ну прощай, душа моя. Не волнуйся. Если ты ни въ чемъ не успѣешь, то ничего не убавится отъ счастья твоей жизни. Цѣлуй милыхъ Кузминскихъ и у Тани проси за меня прощенія, что я не исполнилъ ея порученія — поправить,<note xml:id="note24" resp="volume_editor" index="false"> Рассказ Т. А. Кузминской «Бешеный волк». Об нем С. А. Толстая писала 25 ноября: «еду в...... «Новое время» для Таниного «Волка». Напечатан был рассказ в «Вестнике Европы» за 1886 г., № 6.</note> — трудно.</p>
<comments><p rend="Textpetit_otstup left">Печатается по автографу, хранящемуся в АТБ. Впервые опубликовано по копии, сделанной С. А. Толстой, в ПЖ, стр. 282—283. Датируется на основании почтовых штемпелей: «Москва. 20 ноября. <hi style="opdelimiter">1885;</hi><hi style="opnumber">530</hi> <hi style="npnumber">531</hi><hi style="npdelimiter">С.-Петербург.</hi> 21 ноября. 1885» и упоминания о получении открытого письма от С. А. Толстой, посланного из Петербурга 19 ноября. В ПЖ датировано 3 ноября.</p>
<p rend="Textpetit_otstup left"><hi>1</hi> См. предшествующее письмо.</p>
<p rend="petit left"><hi>2</hi> Александр Александрович Стахович.</p>
<p rend="petit left"><hi>3</hi> Заведующий типографией Волчанинова.</p>
<p rend="petit left"><hi>4</hi> Николай Николаевич Ге-младший (р. 1857 г.), старший сын художника Н. Н. Ге-старшего; один из близких друзей Толстого и всей семьи Толстых.</p>
<p rend="petit left"><hi>5</hi> Григорий Григорьевич Мясоедов (1835—1911), художник-жанрист.</p>
<p rend="petit left"><hi>6</hi> Вера Сергеевна Толстая (1865—1923), дочь С. Н. Толстого. По взглядам последовательница Толстого.</p>
<p rend="petit left"><hi>7</hi> Елена Сергеевна Толстая (р. 1863 г.), племянница Толстого, дочь М. Н. Толстой от ее гражданского брака с Гектором-Виктором де-Клен. Воспитывалась за границей, откуда приехала в Россию в 1880 г. Давала уроки музыки, преподавала иностранные языки. С 1893 г. замужем за Иваном Васильевичем Денисенко (1851— 1916).</p>
<p rend="petit left"><hi>8</hi> С. Н. Толстой.</p>
<p rend="petit left"><hi>9</hi> С. Л. Толстой.</p>
<p rend="petit left"><hi>10</hi> Алексей Петрович Залюбовский (р. 1863 г.?), в ноябре 1884 г. под влиянием сочинений Толстого отказался от военной службы (первый случай такого воздействия учения Толстого). Залюбовский по этапам был сослан в Закаспийский край. Его брат — офицер — Анатолий Петрович, обратился к Толстому, опасаясь за его жизнь. Имеются неопубликованные воспоминания Алексея Залюбовского, в которых описаны его странствования в период гонения.</p>
<p rend="petit left"><hi>11</hi> <hi>В подлиннике зачеркнуто:</hi> <choice><reg>в</reg><orig>въ</orig></choice> <hi>и по ошибке оставлено:</hi> <choice><reg>военном</reg><orig>военномъ</orig></choice>. Военным министром в 1885 году был Петр Семенович Ванновский (1822—1904).</p>
<p rend="petit left"><hi>12</hi> Начальником штаба был генерал Николай Николаевич Обручев (1830—1904), профессор Академии генерального штаба. С ним в Петербурге С. А. Толстая добилась свидания; в результате Залюбовский отбыл наказание в качестве нестроевого солдата.</p>
<p rend="petit left"><hi>13</hi> Протестантская секта. Немецкие менониты жили в России в Екатеринославской, Херсонской губерниях и Мелитопольском уезде Таврической губернии и пользовались по закону привилегией замены военной службы лесными и другими не военными работами.</p>
<p rend="petit left"><hi>14</hi> Александра Андреевна Толстая.</p>
<p rend="petit left"><hi>15</hi> Елена Ивановна Шувалова (1830—1922), родная тетка В. Г. Черткова по отцу. В первом браке за гр. М. В. Орловым-Денисовым; вторым — за гр. П. А. Шуваловым, начальником III отделения. Была попечительницей Александровского убежища для увечных воинов. Письма Толстого Шуваловой неизвестно.</p>
<p rend="petit left"><hi>16</hi> 23 ноября С. А. Толстая писала: «Саша положительно никого из военного мира не знает и затрудняется, что сказать» (стр. <hi style="opdelimiter">239).</hi><hi style="opnumber">531</hi></p>
<p rend="petit left"><hi>17</hi> Владимир Васильевич Стасов (1824—1906), искусствовед, библиотекарь Петербургской Публичной библиотеки. Познакомился с Толстым в 1878 г. в связи с розысками Толстым исторических материалов для своих писаний. Стасов доставлял Толстому материалы для романа времен Петра I, «Декабристов», «Хаджи Мурата», «Воскресения», «Круга чтения» и др. Называл Толстого «Львом Великим» и в письмах писал эти два слова крупными печатными буквами. Толстой считал, что Стасов ценил в нем то, что он, Толстой, не ценил и не мог ценить в себе, и что Стасов по своей доброте «прощал» Толстому то, что он сам ценил и ценит в себе «выше всего». В этом, по мнению Толстого, заключалось коренное недоразумение в их взаимоотношениях. Во второй части книги Владимира Каренина «Владимир Стасов. Очерк его жизни и деятельности», Л. 1927, рассказано о знакомстве Стасова с Толстым. Переписка Толстого со Стасовым, заключающая в себе девяносто семь писем Толстого и сто двадцать одно ответное письмо, опубликована в книге «Лев Толстой и В. В. Стасов». Переписка 1878—1906. Редакция и прим. В. Д. Комаровой и Б. Л. Модзалевского. Л. «Прибой» 1929. См. также Б. Модзалевский, «Стасов и Толстой» («Л. Н. Толстой. Юбилейный сборник». М.—Л. ГИЗ. 1928, стр. 232—386). «Письмо Толстого к Стасову о Залюбовском от 20 ноября 1885 г. см. в томе 63, стр. 300—301.</p>
<p rend="petit left"><hi>18</hi> Письмо это неизвестно.</p>
<p rend="petit left"><hi>19</hi> Письмо это см. т. 63, № 444.</p>
<p rend="petit left"><hi>20</hi> Дмитрий Иванович Святополк-Мирский. См. прим. 6 к письму № 284.</p>
<p rend="petit left"><hi>21</hi> Гр. Михаил Тариелович Лорис-Меликов (1825—1888); в 1880—1881 гг. министр внутренних дел. С ним А. М. Кузминский был лично знаком.</p>
<p rend="petit left"><hi>22</hi> Приятель Льва Львовича.</p>
<p rend="petit left"><hi>23</hi> Открытое письмо С. А. Толстой от 29 ноября, извещавшее об ее приезде в Петербург.</p>
<p rend="petit left"><hi>24</hi> Рассказ Т. А. Кузминской «Бешеный волк». Об нем С. А. Толстая писала 25 ноября: «еду в...... «Новое время» для Таниного «Волка». Напечатан был рассказ в «Вестнике Европы» за 1886 г., № 6.</p>
</comments></div></body>
        </text>
        </TEI>