<?xml version='1.0' encoding='UTF-8' standalone='no'?>

<TEI xmlns="http://www.tei-c.org/ns/1.0">
       <teiHeader>
          <fileDesc>
             <titleStmt>
                <title>Письмо №105. П. Д. Голохвастову.</title>
             </titleStmt>
             <publicationStmt>
                <publisher>TolstoyLab</publisher>
                <date when="2015-09-14">14 September 2015</date>
             </publicationStmt>
             <sourceDesc>
                <biblStruct>
                   <analytic>
                      <author>Толстой Л.Н.</author>
                   </analytic>
                   <monogr>
                      <title level="m">Полное собрание сочинений. Том 62</title>
                      <imprint>
                         <pubPlace>Москва</pubPlace>
                         <publisher>Государственное издательство "Художественная литература"</publisher>
                         <date when="1953"/>
                      </imprint>
                   </monogr>
                   <series>
                      <title level="s">Л.Н. Толстой. Полное собрание сочинений</title>
                      <biblScope unit="vol">62</biblScope>
                   </series>
                </biblStruct>
             </sourceDesc>
          </fileDesc>
          <encodingDesc>
             <tagsDecl> </tagsDecl>
          </encodingDesc>
          <profileDesc>
             <correspDesc>
                <correspAction type="sending">
                   <persName ref="PersonList.xml#L_N_Tolstoy">Л. Н. Толстой</persName>
                   <placeName ref="PlacesListxml#PLACE">Я. П.</placeName>
                   <date when="1874-09-25">1874 г. Сентября 25.</date>            </correspAction>
                <correspAction type="receiving">
                   <persName ref="PersonList.xml#RECEIVER">Голохвастов Павел Дмитриевич</persName>
                </correspAction>
                <correspContext>
                   <ref type="prev"/>
                </correspContext>
             </correspDesc>
          </profileDesc>
       </teiHeader>
       <xenoData><number type="in a volume">105</number></xenoData>

              <text xml:id="P.D.Goloxvastovu_105">
	<body><div>
		<opener index="false">
105. П. Д. Голохвастову.
1874 г. Сентября 25...26. Я. П.</opener>
<p rend="left">Очень благодарен вам, дорогой Павел Дмитрич, за ваши оба письма,<note xml:id="note1" resp="volume_editor" index="false"> Известно только одно письмо П. Д. Голохвастова (без начала), где он пишет о своем желании купить землю.</note> на которые я не успел ответить. Мы были у Дьяковых, и я там получил последнее письмо. Не могу сказать, чтобы я был рад известию о положении ваших дел. Это только отсрочка, а неопределенность так мучительна. О Новосильском имении<note xml:id="note2" resp="volume_editor" index="false"> Имение Петра Петровича Новосильцева «Воин», Мценского уезда Орловской губ.</note> я навел справки и видел Мяснова<note xml:id="note3" resp="volume_editor" index="false"> Аристион Васильевич Мяснов — тульский помещик. В 1874 г. он одновременно с Толстым был почетным мировым судьей г. Крапивны. Письмо Толстого с «вопросными пунктами» неизвестно.</note> и отослал ему вопросные пункты. Когда получу ответ, пришлю вам.<note xml:id="note4" resp="volume_editor" index="false"> <ref target="file:///Volume_62_P.D.Goloxvastovu_108.xml">См. письмо № 108</ref>.</note> Он говорил о цене так, что, я полагаю, за 45 тыс. отдадут. И по всему, что я узнал, я вам очень советую купить. Шатилов писал вам (он мне говорил), что не советует купить, не слушайте его.</p>
<p rend="left">Получили ли вы книги ваши, за которые еще раз очень благодарю, и все ли они целы. Некрасова я забыл уложить, пришлю после. Мы вчера вернулись от Дьяковых и принимаемся за свою постоянную трудовую жизнь, и с большой радостью. Гувернера и гувернантки всё еще у нас нет. Данилович мне не нравится, несмотря на то, что вы его покровительствуете, но письмо ваше о нем и всех отношениях его с семейством Васильчикова<note xml:id="note5" resp="volume_editor" index="false"> А. И. Васильчиков (1818—1881) — знакомый, И. Н. Шатилова и П. Д. Голохвастова.</note> — прелесть. Так я и вижу всё это и переживаю. Был я у Леонтьева<note xml:id="note6" resp="volume_editor" index="false"> Павел Михайлович Леонтьев — директор Катковского лицея и редактор «Русского вестника». См. о нем т. 83, стр. 175. Толстой был у него около 9 сентября.</note> за гувернером и говорил о вашей статье о русском стихе.<note xml:id="note7" resp="volume_editor" index="false"> Речь идет о работе П. Д. Голохвастова «Законы стиха русского народного и нашего литературного». В предисловии к этому исследованию, изданному только в 1883 г., говорится, что оно вызвано к жизни Толстым и было задумано в форме писем к нему.</note> Он очень желает напечатать ее. Если вы найдете лучше, то хорошо, но не зарывайте ее в какие-то древности. Что делать, журнала негадкого нет, и «<choice original_editorial_correction='От[ечественные]'><sic>От</sic><corr>Отечественные</corr></choice> <choice original_editorial_correction='зап[иски]'><sic>зап</sic><corr>записки</corr></choice>» гадки своей гадостью, и «<choice original_editorial_correction='Р[усский]'><sic>Р</sic><corr>Русский</corr></choice> <choice original_editorial_correction='в[естник]'><sic>в</sic><corr>вестник</corr></choice>» своей, противоположной той гадости, а середины нет. Очень надеемся на гувернантку через посредство m-lle Elfrot и очень благодарим. Передайте наш поклон Ольге Андреевне и пишите былины; я этим, вместо покорного слуги, заключаю и буду заключать мои к вам письма, пока вы не напишете.</p>
<p rend="right">Лев <hi style="opdelimiter">Толстой.</hi><hi style="opnumber">114</hi></p>
<comments><p rend="Textpetit_otstup left"><hi style="npnumber">115</hi><hi style="npdelimiter">О</hi> первой публикации см. стр. 3. Год определяется сопоставлением с письмом № 85, месяц и число — на основании слов: «Мы вчера вернулись от Дьяковых». (Ср. письмо С. А. Толстой к Т. А. Кузминской от 29 сентября 1874 г.)</p>
<p rend="Textpetit_otstup left"><hi>1</hi> Известно только одно письмо П. Д. Голохвастова (без начала), где он пишет о своем желании купить землю.</p>
<p rend="petit left"><hi>2</hi> Имение Петра Петровича Новосильцева «Воин», Мценского уезда Орловской губ.</p>
<p rend="petit left"><hi>3</hi> Аристион Васильевич Мяснов — тульский помещик. В 1874 г. он одновременно с Толстым был почетным мировым судьей г. Крапивны. Письмо Толстого с «вопросными пунктами» неизвестно.</p>
<p rend="petit left"><hi>4</hi> <ref target="file:///Volume_62_P.D.Goloxvastovu_108.xml">См. письмо № 108</ref>.</p>
<p rend="petit left"><hi>5</hi> А. И. Васильчиков (1818—1881) — знакомый, И. Н. Шатилова и П. Д. Голохвастова.</p>
<p rend="petit left"><hi>6</hi> Павел Михайлович Леонтьев — директор Катковского лицея и редактор «Русского вестника». См. о нем т. 83, стр. 175. Толстой был у него около 9 сентября.</p>
<p rend="petit left"><hi>7</hi> Речь идет о работе П. Д. Голохвастова «Законы стиха русского народного и нашего литературного». В предисловии к этому исследованию, изданному только в 1883 г., говорится, что оно вызвано к жизни Толстым и было задумано в форме писем к нему.</p>
</comments></div></body>
        </text>
        </TEI>