<?xml version='1.0' encoding='UTF-8' standalone='no'?>

<TEI xmlns="http://www.tei-c.org/ns/1.0">
       <teiHeader>
          <fileDesc>
             <titleStmt>
                <title>Письмо №344. С. А. Толстой</title>
             </titleStmt>
             <publicationStmt>
                <publisher>TolstoyLab</publisher>
                <date when="2015-09-14">14 September 2015</date>
             </publicationStmt>
             <sourceDesc>
                <biblStruct>
                   <analytic>
                      <author>Толстой Л.Н.</author>
                   </analytic>
                   <monogr>
                      <title level="m">Полное собрание сочинений. Том 83</title>
                      <imprint>
                         <pubPlace>Москва</pubPlace>
                         <publisher>Государственное издательство "Художественная литература"</publisher>
                         <date when="1938"/>
                      </imprint>
                   </monogr>
                   <series>
                      <title level="s">Л.Н. Толстой. Полное собрание сочинений</title>
                      <biblScope unit="vol">83</biblScope>
                   </series>
                </biblStruct>
				<bibl>Печатается по автографу, хранящемуся в АТБ. Открытое письмо. Впервые опубликовано по копии, сделанной С. А. Толстой, в ПЖ, стр. 285. Датируется на основании почтовых штемпелей: «Москва. 24 ноября. 1885; С. Петербург. 25 ноября. 1885» и слов: «Приписываю утром».</bibl>
             </sourceDesc>
          </fileDesc>
          <encodingDesc>
             <tagsDecl> </tagsDecl>
          </encodingDesc>
          <profileDesc>
             <correspDesc>
                <correspAction type="sending">
                   <persName ref="PersonList.xml#L_N_Tolstoy">Л. Н. Толстой</persName>
                   <placeName ref="PlacesListxml#PLACE">Москва.</placeName>
                   <date from="1885-11-23" to="1885-11-24">1885 г. Ноября 23 — 24</date>            </correspAction>
                <correspAction type="receiving">
                   <persName ref="PersonList.xml#RECEIVER">Толстая Софья Андреевна</persName>
                </correspAction>
                <correspContext>
                   <ref type="prev"/>
                </correspContext>
             </correspDesc>
          </profileDesc>
       </teiHeader>
       <xenoData><number type="in a volume">344</number></xenoData>

       <text xml:id="a23-24_344">
	<body><div>
		<opener index="false">
344.
1885 г. Ноября 23—24. Москва.
</opener><p rend="left">Я нынче <choice><reg>совсем</reg><orig>совсѣмъ</orig></choice> <choice><reg>здоров</reg><orig>здоровъ</orig></choice>. Также и <choice><reg>все</reg><orig>всѣ</orig></choice> <choice><reg>дети</reg><orig>дѣти</orig></choice>, <choice><reg>кроме</reg><orig>кромѣ</orig></choice> Левы. <choice><reg>Он</reg><orig>Онъ</orig></choice> <choice><reg>после</reg><orig>послѣ</orig></choice> завтрака не <choice><reg>пошел</reg><orig>пошелъ</orig></choice> <choice><reg>в</reg><orig>въ</orig></choice> <choice><reg>гимназию</reg><orig>гимназiю</orig></choice>, и теперь у него <choice><reg>жар</reg><orig>жаръ</orig></choice> и горло <choice><reg>болит</reg><orig>болитъ</orig></choice>. — <choice><reg>Он</reg><orig>Онъ</orig></choice> <choice><reg>заснул</reg><orig>заснулъ</orig></choice>. А я <choice><reg>засиделся</reg><orig>засидѣлся</orig></choice>, пока <choice><reg>он</reg><orig>онъ</orig></choice> <choice><reg>заснет</reg><orig>заснетъ</orig></choice>. <choice><reg>С</reg><orig>Съ</orig></choice> <choice><reg>ним</reg><orig>нимъ</orig></choice> <choice><reg>спит</reg><orig>спитъ</orig></choice> <choice><reg>Альсид</reg><orig>Альсидъ</orig></choice>. Не знаю, <choice><reg>напишет</reg><orig>напишетъ</orig></choice> ли Таня, но я напишу еще завтра. Это посылаю, чтобы ты во <choice><reg>всяком</reg><orig>всякомъ</orig></choice> <choice><reg>случае</reg><orig>случаѣ</orig></choice> <choice><reg>имела</reg><orig>имѣла</orig></choice> <choice><reg>от</reg><orig>отъ</orig></choice> <choice><reg>нас</reg><orig>насъ</orig></choice> <choice><reg>известия</reg><orig>извѣстiя</orig></choice>.</p>
<p rend="left">Приписываю <choice><reg>утром</reg><orig>утромъ</orig></choice>. Леля <choice><reg>спал</reg><orig>спалъ</orig></choice> прекрасно и <choice><reg>совсем</reg><orig>совсѣмъ</orig></choice> <choice><reg>здоров</reg><orig>здоровъ</orig></choice>. А я comme le Pont Neuf.<note xml:id="note1" resp="volume_editor" index="false"> Старинный мост в Париже — Pont Neuf [новый мост] послужил для составления непереводимого, специфически парижского каламбура: Neuf comme le Pont Neuf» [Молод, как Новый-(старый) мост].</note> —</p>
<lb/>
<p rend="left"><hi>На обороте открытки:</hi> <choice><reg>Петербург</reg><orig>Петербургъ</orig></choice>. Невской 75/1, кв. 12. <choice><reg>Графине</reg><orig>Графинѣ</orig></choice> С. А. Толстой.</p>
<comments><p rend="Textpetit_otstup left">Печатается по автографу, хранящемуся в АТБ. Открытое письмо. Впервые опубликовано по копии, сделанной С. А. Толстой, в ПЖ, стр. 285. Датируется на основании почтовых штемпелей: «Москва. 24 ноября. 1885; С. Петербург. 25 ноября. 1885» и слов: «Приписываю утром».</p>
<p rend="Textpetit_otstup left"><hi>1</hi> Старинный мост в Париже — Pont Neuf [новый мост] послужил для составления непереводимого, специфически парижского каламбура: Neuf comme le Pont Neuf» [Молод, как Новый-(старый) мост].</p>
</comments></div></body>
        </text>
        </TEI>