<?xml version='1.0' encoding='UTF-8' standalone='no'?>

<TEI xmlns="http://www.tei-c.org/ns/1.0">
       <teiHeader>
          <fileDesc>
             <titleStmt>
                <title>Письмо №244. С. А. Толстой</title>
             </titleStmt>
             <publicationStmt>
                <publisher>TolstoyLab</publisher>
                <date when="2015-09-14">14 September 2015</date>
             </publicationStmt>
             <sourceDesc>
                <biblStruct>
                   <analytic>
                      <author>Толстой Л.Н.</author>
                   </analytic>
                   <monogr>
                      <title level="m">Полное собрание сочинений. Том 83</title>
                      <imprint>
                         <pubPlace>Москва</pubPlace>
                         <publisher>Государственное издательство "Художественная литература"</publisher>
                         <date when="1938"/>
                      </imprint>
                   </monogr>
                   <series>
                      <title level="s">Л.Н. Толстой. Полное собрание сочинений</title>
                      <biblScope unit="vol">83</biblScope>
                   </series>
                </biblStruct>
				<bibl>Печатается по автографу, хранящемуся в АТБ. Впервые первая половина письма опубликована в Б, II, стр. 453; полностью письмо опубликовано по копии, сделанной С. А. Толстой, в ПЖ, стр. 200—201. Датируется на основании почтовых штемпелей: «Ясенки, почт. ст. 29 сентября 1883; Москва. 30 сентября 1883» и пометы Толстого «четверг», который падал на 29 сентября 1883 г. П. А. Сергеенко датировано 28 сентября.</bibl>
             </sourceDesc>
          </fileDesc>
          <encodingDesc>
             <tagsDecl> </tagsDecl>
          </encodingDesc>
          <profileDesc>
             <correspDesc>
                <correspAction type="sending">
                   <persName ref="PersonList.xml#L_N_Tolstoy">Л. Н. Толстой</persName>
                   <placeName ref="PlacesListxml#PLACE">Я. П.</placeName>
                   <date when="1883-09-29">1883 г. Сентября 29.</date>            </correspAction>
                <correspAction type="receiving">
                   <persName ref="PersonList.xml#RECEIVER">Толстая Софья Андреевна</persName>
                </correspAction>
                <correspContext>
                   <ref type="prev"/>
                </correspContext>
             </correspDesc>
          </profileDesc>
       </teiHeader>
       <xenoData><number type="in a volume">244</number></xenoData>

       <text xml:id="a29_244">
	<body><div>
		<opener index="false">
244.
1883 г. Сентября 29. Я. П.</opener>
<p rend="right"><hi><choice><reg>Четверг</reg><orig>Четвергъ</orig></choice>.</hi></p>
<p rend="left">Сегодня <choice><reg>приехал</reg><orig>прiѣхалъ</orig></choice> <choice><reg>из</reg><orig>изъ</orig></choice> Крапивны.<note xml:id="note1" resp="volume_editor" index="false"> Крапивна — уездный город Тульской губернии. В Крапивенском уезде находилась Ясная поляна.</note> Я <choice><reg>ездил</reg><orig>ѣздилъ</orig></choice> туда по вызову <choice><reg>в</reg><orig>въ</orig></choice> присяжные.<note xml:id="note2" resp="volume_editor" index="false"> В присяжные заседатели на сессию Окружного суда.</note> Я <choice><reg>приехал</reg><orig>прiѣхалъ</orig></choice> <choice><reg>в</reg><orig>въ</orig></choice> <choice><reg>3-м</reg><orig>3-мъ</orig></choice> часу. <choice><reg>Заседанье</reg><orig>Засѣданье</orig></choice> <choice><reg>уж</reg><orig>ужъ</orig></choice> началось, и на меня наложили <choice><reg>штраф</reg><orig>штрафъ</orig></choice> <choice><reg>в</reg><orig>въ</orig></choice> 100 <choice original_editorial_correction='р[ублей]'><sic>р</sic><corr>рублей</corr></choice>. Когда меня вызвали, я <choice><reg>сказал</reg><orig>сказалъ</orig></choice>, что не могу быть <choice><reg>присяжным</reg><orig>присяжнымъ</orig></choice>. Спросили: по чему? Я <choice><reg>сказал</reg><orig>сказалъ</orig></choice>: по <choice><reg>моим</reg><orig>моимъ</orig></choice> <choice><reg>религиозным</reg><orig>религiознымъ</orig></choice> <choice><reg>убеждениям</reg><orig>убѣжденiямъ</orig></choice>. <choice><reg>Потом</reg><orig>Потомъ</orig></choice> другой <choice><reg>раз</reg><orig>разъ</orig></choice> спросили: <choice><reg>решительно</reg><orig>рѣшительно</orig></choice> ли я отказываюсь. Я <choice><reg>сказал</reg><orig>сказалъ</orig></choice>, что <choice><reg>никак</reg><orig>никакъ</orig></choice> не могу. И <choice><reg>ушел</reg><orig>ушелъ</orig></choice>. Все было очень дружелюбно. Нынче <choice><reg>вероятно</reg><orig>вѣроятно</orig></choice> <choice><reg>наложут</reg><orig>наложутъ</orig></choice> еще <choice><reg>двести</reg><orig>двѣсти</orig></choice> рублей, и не знаю, кончится ли все <choice><reg>этим</reg><orig>этимъ</orig></choice>. Я думаю, что — да.</p>
<p rend="left"><choice><reg>В</reg><orig>Въ</orig></choice> <choice><reg>том</reg><orig>томъ</orig></choice>, что я именно <hi>не <choice><reg>мог</reg><orig>могъ</orig></choice></hi> поступить иначе, я <choice><reg>уверен</reg><orig>увѣренъ</orig></choice>, что ты не <choice><reg>сомневаешься</reg><orig>сомнѣваешься</orig></choice>. Но, пожалуйста, не сердись на меня за то, что я не <choice><reg>сказал</reg><orig>сказалъ</orig></choice> <choice><reg>тебе</reg><orig>тебѣ</orig></choice>, что я <choice><reg>был</reg><orig>былъ</orig></choice> <choice><reg>назначен</reg><orig>назначенъ</orig></choice> <choice><reg>присяжным</reg><orig>присяжнымъ</orig></choice>. Я бы <choice><reg>тебе</reg><orig>тебѣ</orig></choice> <choice><reg>сказал</reg><orig>сказалъ</orig></choice>, если бы ты спросила или пришлось; но нарочно говорить <choice><reg>тебе</reg><orig>тебѣ</orig></choice> <choice><reg>мне</reg><orig>мнѣ</orig></choice> не <choice><reg>хотелось</reg><orig>хотѣлось</orig></choice>. Ты бы волновалась, меня бы встревожила; а я и <choice><reg>так</reg><orig>такъ</orig></choice> тревожился и <choice><reg>всеми</reg><orig>всѣми</orig></choice> силами себя <choice><reg>успокоивал</reg><orig>успокоивалъ</orig></choice>. Остаться или вернуться <choice><reg>в</reg><orig>въ</orig></choice> Ясную я и <choice><reg>так</reg><orig>такъ</orig></choice> <choice><reg>хотел</reg><orig>хотѣлъ</orig></choice>, а <choice><reg>тут</reg><orig>тутъ</orig></choice> и эта причина была. <choice><reg>Так</reg><orig>Такъ</orig></choice> ты, пожалуйста, не сердись. <choice><reg>Мне</reg><orig>Мнѣ</orig></choice> можно было <choice><reg>совсем</reg><orig>совсѣмъ</orig></choice> не <choice><reg>ехать</reg><orig>ѣхать</orig></choice>. Тогда были бы <choice><reg>те</reg><orig>тѣ</orig></choice> же штрафы, а <choice><reg>в</reg><orig>въ</orig></choice> <choice><reg>следующий</reg><orig>слѣдующiй</orig></choice> <choice><reg>раз</reg><orig>разъ</orig></choice> опять бы меня требовали. Но теперь я <choice><reg>сказал</reg><orig>сказалъ</orig></choice> <choice><reg>раз</reg><orig>разъ</orig></choice> навсегда, что не могу быть. <choice><reg>Сказал</reg><orig>Сказалъ</orig></choice> я <choice><reg>самым</reg><orig>самымъ</orig></choice> <choice><reg>мягким</reg><orig>мягкимъ</orig></choice> <choice><reg>образом</reg><orig>образомъ</orig></choice>, и даже <choice><reg>таким</reg><orig>такимъ</orig></choice> <choice><reg>выражением</reg><orig>выраженiемъ</orig></choice>, что никто — мужики не поняли. — <choice><reg>Из</reg><orig>Изъ</orig></choice> <choice><reg>судейских</reg><orig>судейскихъ</orig></choice> я никого не <choice><reg>видал</reg><orig>видалъ</orig></choice>. <choice><reg>Переночевал</reg><orig>Переночевалъ</orig></choice> <choice><reg>в</reg><orig>въ</orig></choice> <choice><reg>Крапивне</reg><orig>Крапивнѣ</orig></choice>. Все <choice><reg>читал</reg><orig>читалъ</orig></choice> Тургенева.<note xml:id="note3" resp="volume_editor" index="false"> Толстой перечитывал Тургенева в связи с его смертью 22 августа 1883 г. в Буживале. Он должен был выступить с публичной речью о Тургеневе в Москве.</note> И нынче <choice><reg>в</reg><orig>въ</orig></choice> 9 <choice><reg>часов</reg><orig>часовъ</orig></choice> <choice><reg>выехал</reg><orig>выѣхалъ</orig></choice>. День ясный, жаркой, чудо <choice><reg>как</reg><orig>какъ</orig></choice> хорошо. <choice><reg>В</reg><orig>Въ</orig></choice> 12 <choice><reg>приехал</reg><orig>прiѣхалъ</orig></choice>, и <choice><reg>так</reg><orig>такъ</orig></choice> <choice><reg>как</reg><orig>какъ</orig></choice> ничего не готово было, я <choice><reg>ушел</reg><orig>ушелъ</orig></choice> за валдшнепами, и <choice><reg>вот</reg><orig>вотъ</orig></choice> <choice><reg>проходил</reg><orig>проходилъ</orig></choice> до 5 <choice><reg>часов</reg><orig>часовъ</orig></choice> и <choice><reg>сейчас</reg><orig>сейчасъ</orig></choice> <choice><reg>пришел</reg><orig>пришелъ</orig></choice> и <choice><reg>тебе</reg><orig>тебѣ</orig></choice> пишу. —</p>
<p rend="left"><choice><reg>Коректур</reg><orig>Коректуръ</orig></choice> я <choice><reg>своих</reg><orig>своихъ</orig></choice> еще не <choice><reg>получал</reg><orig>получалъ</orig></choice> и только <choice><reg>один</reg><orig>одинъ</orig></choice> день позанялся и не <choice><reg>кончил</reg><orig>кончилъ</orig></choice> заключенье.<note xml:id="note4" resp="volume_editor" index="false"> К статье «В чем моя вера?»</note> А оно очень <choice><reg>мне</reg><orig>мнѣ</orig></choice> кажется важно, и я <choice><reg>все</reg><orig>всѣ</orig></choice> дни о <choice><reg>нем</reg><orig>немъ</orig></choice> думаю. — Завтра <hi style="opdelimiter">займусь,</hi><hi style="opnumber">395</hi> <hi style="npnumber">396</hi><hi style="npdelimiter">если</hi> <choice><reg>пойдет</reg><orig>пойдетъ</orig></choice> <choice><reg>дело</reg><orig>дѣло</orig></choice>, a <choice><reg>нет</reg><orig>нѣтъ</orig></choice> — <choice><reg>поеду</reg><orig>поѣду</orig></choice> <choice><reg>с</reg><orig>съ</orig></choice> собаками. До <choice><reg>сих</reg><orig>сихъ</orig></choice> <choice><reg>пор</reg><orig>поръ</orig></choice> не <choice><reg>решил</reg><orig>рѣшилъ</orig></choice>, когда <choice><reg>уеду</reg><orig>уѣду</orig></choice>. Хочется кончить, если бы день или два хорошей работы, то <choice><reg>сейчас</reg><orig>сейчасъ</orig></choice> бы <choice><reg>приехал</reg><orig>прiѣхалъ</orig></choice>, потому что <choice><reg>без</reg><orig>безъ</orig></choice> <choice><reg>вас</reg><orig>васъ</orig></choice> и скучно, и за <choice><reg>всех</reg><orig>всѣхъ</orig></choice> жутко. Досадно, что пишу и думаю не <choice><reg>об</reg><orig>объ</orig></choice> одной <choice><reg>тебе</reg><orig>тебѣ</orig></choice>, а о <choice><reg>тебе</reg><orig>тебѣ</orig></choice> и <choice><reg>детях</reg><orig>дѣтяхъ</orig></choice>, представляя <choice><reg>себе</reg><orig>себѣ</orig></choice>, что они <choice><reg>будут</reg><orig>будутъ</orig></choice> читать письмо и потому не пишешь все, что хочешь. Все таки пишу на той <choice><reg>странице</reg><orig>страницѣ</orig></choice>.</p>
<p rend="left">Тебя особенно хочется <choice><reg>видеть</reg><orig>видѣть</orig></choice>. Это <choice><reg>последнее</reg><orig>послѣднее</orig></choice> время (— не могу сказать, какое, — оно все шло, увеличиваясь), — ты <choice><reg>мне</reg><orig>мнѣ</orig></choice> стала особенно дорога и интересна, и дорога со <choice><reg>всех</reg><orig>всѣхъ</orig></choice> <choice><reg>сторон</reg><orig>сторонъ</orig></choice>. <choice><reg>Мне</reg><orig>Мнѣ</orig></choice> кажется, что между нами <choice original_editorial_correction='устанав[л]иваетс[я'><sic>устанавиваетс[я</sic><corr>устанавливается</corr></choice>?] новая связь, и ужасно боюсь, <choice><reg>чтоб</reg><orig>чтобъ</orig></choice> не оборвалась. —</p>
<p rend="left"><choice><reg>Как</reg><orig>Какъ</orig></choice> ни прекрасно <choice><reg>здесь</reg><orig>здѣсь</orig></choice>, я скоро <choice><reg>приеду</reg><orig>прiѣду</orig></choice>. <choice><reg>Писем</reg><orig>Писемъ</orig></choice> не <choice><reg>получал</reg><orig>получалъ</orig></choice>, <choice original_editorial_correction='п[отому]'><sic>п</sic><corr>потому</corr></choice> <choice original_editorial_correction='ч[то]'><sic>ч</sic><corr>что</corr></choice> не <choice><reg>посылал</reg><orig>посылалъ</orig></choice> <choice><reg>в</reg><orig>въ</orig></choice> Тулу. Завтра пошлю.</p>
<p rend="left">Прощай, душенька. <choice><reg>Целую</reg><orig>Цѣлую</orig></choice> тебя и <choice><reg>детей</reg><orig>дѣтей</orig></choice>. M-me Seuron <choice><reg>поклон</reg><orig>поклонъ</orig></choice>.</p>
<p rend="left">Я теперь очень <choice><reg>устал</reg><orig>усталъ</orig></choice> и <choice><reg>отощал</reg><orig>отощалъ</orig></choice>. Пишу до <choice><reg>обеда</reg><orig>обѣда</orig></choice>. А я <choice><reg>тебе</reg><orig>тебѣ</orig></choice> напишу письмо. —</p>
<lb/>
<p rend="left"><hi>На конверте:</hi> Москва. Хамовнической <choice><reg>переулок</reg><orig>переулокъ</orig></choice>. <choice><reg>Графине</reg><orig>Графинѣ</orig></choice> <choice><reg>Софье</reg><orig>Софьѣ</orig></choice> <choice><reg>Андреевне</reg><orig>Андреевнѣ</orig></choice> Толстой. Свой <choice><reg>дом</reg><orig>домъ</orig></choice>.</p>
<comments><p rend="Textpetit_otstup left">Печатается по автографу, хранящемуся в АТБ. Впервые первая половина письма опубликована в Б, II, стр. 453; полностью письмо опубликовано по копии, сделанной С. А. Толстой, в ПЖ, стр. 200—201. Датируется на основании почтовых штемпелей: «Ясенки, почт. ст. 29 сентября 1883; Москва. 30 сентября 1883» и пометы Толстого «четверг», который падал на 29 сентября 1883 г. П. А. Сергеенко датировано 28 сентября.</p>
<p rend="Textpetit_otstup left"><hi>1</hi> Крапивна — уездный город Тульской губернии. В Крапивенском уезде находилась Ясная поляна.</p>
<p rend="petit left"><hi>2</hi> В присяжные заседатели на сессию Окружного суда.</p>
<p rend="petit left"><hi>3</hi> Толстой перечитывал Тургенева в связи с его смертью 22 августа 1883 г. в Буживале. Он должен был выступить с публичной речью о Тургеневе в Москве.</p>
<p rend="petit left"><hi>4</hi> К статье «В чем моя вера?»</p>
<p rend="petit left">В письме от 1 октября С. А. Толстая писала Толстому: «Боюсь, что во вчерашнем письме я не довольно мягко отнеслась к твоему отказу быть присяжным. Во мне поднялось старое эгоистическое чувство, что ты нас, семью, не жалеешь и вводишь в тревогу о тебе и твоей безопасности. Конечно, ты поступил по убеждениям, но не поехавши, не говоривши ничего, а заплативши штраф, ты тоже поступил бы по своим убеждениям, но ничем бы не рисковал и никого бы не огорчил. Ты оттого от меня скрыл, что знал, что я это самое желала бы и на этом бы настаивала. А тебя это смутно радовало высказать это публично и чем то рисковать» (ПСТ, стр. 235).</p>
<p rend="left"><hi style="opnumber">396</hi> <hi style="npnumber">397</hi></p>
</comments></div></body>
        </text>
        </TEI>