<?xml version='1.0' encoding='UTF-8' standalone='no'?>

<TEI xmlns="http://www.tei-c.org/ns/1.0">
       <teiHeader>
          <fileDesc>
             <titleStmt>
                <title>Письмо №527. О. Н. Озмидовой.</title>
             </titleStmt>
             <publicationStmt>
                <publisher>TolstoyLab</publisher>
                <date when="2015-09-14">14 September 2015</date>
             </publicationStmt>
             <sourceDesc>
                <biblStruct>
                   <analytic>
                      <author>Толстой Л.Н.</author>
                   </analytic>
                   <monogr>
                      <title level="m">Полное собрание сочинений. Том 63</title>
                      <imprint>
                         <pubPlace>Москва</pubPlace>
                         <publisher>Государственное издательство "Художественная литература"</publisher>
                         <date when="1934"/>
                      </imprint>
                   </monogr>
                   <series>
                      <title level="s">Л.Н. Толстой. Полное собрание сочинений</title>
                      <biblScope unit="vol">63</biblScope>
                   </series>
                </biblStruct>
				<bibl>Печатается по копии, хранящейся в AЧ. Впервые опубликовано в сб. «Спелые колосья. Л. Н. Толстой. Сборник мыслей и афоризмов, извлеченных из частной переписки Л. Н. Толстого. Составил Д. Р. Кудрявцев» изд. Элпидина. 1894—1896. Вып. 3, стр. 176. Дата копии.</bibl>
             </sourceDesc>
          </fileDesc>
          <encodingDesc>
             <tagsDecl> </tagsDecl>
          </encodingDesc>
          <profileDesc>
             <correspDesc>
                <correspAction type="sending">
                   <persName ref="PersonList.xml#L_N_Tolstoy">Л. Н. Толстой</persName>
                   <placeName ref="PlacesListxml#PLACE">Я. П.</placeName>
                   <date when="1886-05">1886 г. Май?</date>            </correspAction>
                <correspAction type="receiving">
                   <persName ref="PersonList.xml#RECEIVER">Озмидов Николай Лукич</persName>
                </correspAction>
                <correspContext>
                   <ref type="prev"/>
                </correspContext>
             </correspDesc>
          </profileDesc>
       </teiHeader>
       <xenoData><number type="in a volume">527</number></xenoData>

              <text xml:id="O__N__Ozmidovoj_527">
	<body><div>
		<opener index="false">
527. О. Н. Озмидовой.
1886 г. Май? Я. П.</opener>
<p rend="left">Обыкновенно <choice><reg>в</reg><orig>въ</orig></choice> <choice><reg>нашем</reg><orig>нашемъ</orig></choice> <choice><reg>взгляде</reg><orig>взглядѣ</orig></choice> на жизнь и смерть <choice><reg>видят</reg><orig>видятъ</orig></choice> что-то мистическое; но <choice><reg>тут</reg><orig>тутъ</orig></choice> <choice><reg>нет</reg><orig>нѣтъ</orig></choice> ничего такого. Я люблю <hi style="opdelimiter">свой</hi><hi style="opnumber">361</hi> <hi style="npnumber">362</hi><hi style="npdelimiter"><choice><reg>сад</reg><orig>садъ</orig></choice>,</hi> люблю читать книжки, ласкать <choice><reg>детей</reg><orig>дѣтей</orig></choice>. Умирая, я лишаюсь этого, и потому <choice><reg>мне</reg><orig>мнѣ</orig></choice> не хочется умереть и я боюсь смерти. <choice><reg>Может</reg><orig>Можетъ</orig></choice> случиться, что вся моя жизнь составлена <choice><reg>из</reg><orig>изъ</orig></choice> <choice><reg>таких</reg><orig>такихъ</orig></choice> <choice><reg>временных</reg><orig>временныхъ</orig></choice> <choice><reg>мирских</reg><orig>мiрскихъ</orig></choice> <choice><reg>желаний</reg><orig>желанiй</orig></choice> и <choice><reg>их</reg><orig>ихъ</orig></choice> <choice><reg>удовлетворений</reg><orig>удовлетворенiй</orig></choice>. Если <choice><reg>так</reg><orig>такъ</orig></choice>, то <choice><reg>мне</reg><orig>мнѣ</orig></choice> нельзя не бояться того, чтò <choice><reg>прекратит</reg><orig>прекратитъ</orig></choice> эти <choice><reg>желания</reg><orig>желанiя</orig></choice>. Но если эти <choice><reg>желания</reg><orig>желанiя</orig></choice> и <choice><reg>их</reg><orig>ихъ</orig></choice> <choice><reg>удовлетворение</reg><orig>удовлетворенiе</orig></choice> <choice><reg>заменялись</reg><orig>замѣнялись</orig></choice> во <choice><reg>мне</reg><orig>мнѣ</orig></choice> и <choice><reg>заменились</reg><orig>замѣнились</orig></choice> <choice><reg>другим</reg><orig>другимъ</orig></choice> <choice><reg>желанием</reg><orig>желанiемъ</orig></choice> исполнять волю Бога, отдаться ему <choice><reg>в</reg><orig>въ</orig></choice> <choice><reg>том</reg><orig>томъ</orig></choice> <choice><reg>виде</reg><orig>видѣ</orig></choice>, <choice><reg>в</reg><orig>въ</orig></choice> <choice><reg>котором</reg><orig>которомъ</orig></choice> я теперь и во <choice><reg>всех</reg><orig>всѣхъ</orig></choice> <choice><reg>возможных</reg><orig>возможныхъ</orig></choice> <choice><reg>видах</reg><orig>видахъ</orig></choice>, <choice><reg>в</reg><orig>въ</orig></choice> <choice><reg>которых</reg><orig>которыхъ</orig></choice> я буду, или есмь, — то <choice><reg>чем</reg><orig>чѣмъ</orig></choice> больше они <choice><reg>заменились</reg><orig>замѣнились</orig></choice>, <choice><reg>тем</reg><orig>темъ</orig></choice> меньше, не столько мне страшна смерть, — но <choice><reg>тем</reg><orig>тѣмъ</orig></choice> меньше <choice><reg>существует</reg><orig>существуетъ</orig></choice> для меня смерть. А если они <choice><reg>заменились</reg><orig>замѣнились</orig></choice> <choice><reg>совсем</reg><orig>совсѣмъ</orig></choice>, то и <choice><reg>нет</reg><orig>нѣтъ</orig></choice> ничего, <choice><reg>кроме</reg><orig>кромѣ</orig></choice> жизни, и <choice><reg>нет</reg><orig>нѣтъ</orig></choice> смерти. <choice><reg>Заменять</reg><orig>Замѣнять</orig></choice> <choice><reg>мирское</reg><orig>мiрское</orig></choice>, временное <choice><reg>вечным</reg><orig>вѣчнымъ</orig></choice>, это — путь жизни, и по <choice><reg>нем</reg><orig>немъ</orig></choice> то надо итти <choice><reg>нам</reg><orig>намъ</orig></choice>. А <choice><reg>как</reg><orig>какъ</orig></choice> — это <choice><reg>в</reg><orig>въ</orig></choice> своей душе <choice><reg>знает</reg><orig>знаетъ</orig></choice> каждый <choice><reg>из</reg><orig>изъ</orig></choice> <choice><reg>нас</reg><orig>насъ</orig></choice>. И вы знаете, когда поищите у себя вь <choice><reg>глубине</reg><orig>глубинѣ</orig></choice> сердца. Помогай <choice><reg>вам</reg><orig>вамъ</orig></choice> <choice><reg>Бог</reg><orig>Богъ</orig></choice>, милая 0[льга] <choice original_editorial_correction='Н[иколаевна]'><sic>Н</sic><corr>Николаевна</corr></choice>. Жить <choice><reg>вам</reg><orig>вамъ</orig></choice> лучше всего <choice><reg>там</reg><orig>тамъ</orig></choice>, <choice><reg>где</reg><orig>гдѣ</orig></choice> меньше всего заботы о <choice><reg>мирских</reg><orig>мiрскихъ</orig></choice> <choice><reg>условиях</reg><orig>условiяхъ</orig></choice> жизни. И я думаю, что это — дома. Но если вы знаете главное, то вы и все знаете.</p>
<comments><p rend="Textpetit_otstup left">Печатается по копии, хранящейся в AЧ. Впервые опубликовано в сб. «Спелые колосья. Л. Н. Толстой. Сборник мыслей и афоризмов, извлеченных из частной переписки Л. Н. Толстого. Составил Д. Р. Кудрявцев» изд. Элпидина. 1894—1896. Вып. 3, стр. 176. Дата копии.</p>
<p rend="petit left">Ольга Николаевна Озмидова (р. 1865) — дочь Н. Л. Озмидова (о нем см. в прим. к письму № 458), одна из последовательниц Толстого. В 1884—1885 гг. сотрудничала в «Посреднике». В 1886 г. жила в трудовой земледельческой колонии вместе со своим отцом на Кавказе. В январе 1887 г. вышла замуж за Ф. Э. Спенглер (1860—1908). О нем см. в прим. к письмам Толстого к нему, т. 64.</p>
<p rend="petit left">Письмо О. Н. Озмидовой, на которое отвечает Толстой, неизвестно.</p>
</comments></div></body>
        </text>
        </TEI>