<?xml version='1.0' encoding='UTF-8' standalone='no'?>

<TEI xmlns="http://www.tei-c.org/ns/1.0">
       <teiHeader>
          <fileDesc>
             <titleStmt>
                <title>Письмо №*212. С. А. Толстой</title>
             </titleStmt>
             <publicationStmt>
                <publisher>TolstoyLab</publisher>
                <date when="2015-09-14">14 September 2015</date>
             </publicationStmt>
             <sourceDesc>
                <biblStruct>
                   <analytic>
                      <author>Толстой Л.Н.</author>
                   </analytic>
                   <monogr>
                      <title level="m">Полное собрание сочинений. Том 83</title>
                      <imprint>
                         <pubPlace>Москва</pubPlace>
                         <publisher>Государственное издательство "Художественная литература"</publisher>
                         <date when="1938"/>
                      </imprint>
                   </monogr>
                   <series>
                      <title level="s">Л.Н. Толстой. Полное собрание сочинений</title>
                      <biblScope unit="vol">83</biblScope>
                   </series>
                </biblStruct>
				<bibl>Печатается по автографу, хранящемуся в АТБ. Публикуется впервые. Датируется датой письма Т. А. Кузминской, к которому текст Толстого является <hi style="opdelimiter">припиской.</hi><hi style="opnumber">347</hi></bibl>
             </sourceDesc>
          </fileDesc>
          <encodingDesc>
             <tagsDecl> </tagsDecl>
          </encodingDesc>
          <profileDesc>
             <correspDesc>
                <correspAction type="sending">
                   <persName ref="PersonList.xml#L_N_Tolstoy">Л. Н. Толстой</persName>
                   <placeName ref="PlacesListxml#PLACE">Москва.</placeName>
                   <date when="1882-05-26">1882 г. Мая 26.</date>            </correspAction>
                <correspAction type="receiving">
                   <persName ref="PersonList.xml#RECEIVER">Толстая Софья Андреевна</persName>
                </correspAction>
                <correspContext>
                   <ref type="prev"/>
                </correspContext>
             </correspDesc>
          </profileDesc>
       </teiHeader>
       <xenoData><number type="in a volume">212</number></xenoData>

       <text xml:id="a26_212">
	<body><div>
		<opener index="false">
* 212.
1882 г. Мая 26. Москва.</opener>
<p rend="left"><choice><reg>С</reg><orig>Съ</orig></choice> <choice><reg>Юрьевым</reg><orig>Юрьевымъ</orig></choice><note xml:id="note1" resp="volume_editor" index="false"> См. предшествующее письмо.</note> <choice><reg>окончил</reg><orig>окончилъ</orig></choice>. Илюша <choice><reg>тебе</reg><orig>тебѣ</orig></choice> <choice><reg>расскажет</reg><orig>разскажетъ</orig></choice> <choice><reg>как</reg><orig>какъ</orig></choice>. Архитектора все не добьюсь, и это отчасти <choice><reg>задерживает</reg><orig>задерживаетъ</orig></choice> меня. <choice><reg>Дела</reg><orig>Дѣла</orig></choice> <choice><reg>мне</reg><orig>мнѣ</orig></choice>: 1) повидать Боткина,<note xml:id="note2" resp="volume_editor" index="false"> Вероятно, Дмитрий Петрович Боткин, владелец картинной галлереи.</note> Третьякова,<note xml:id="note3" resp="volume_editor" index="false"> Павел Михайлович Третьяков (1832—1898), основатель художественной галлереи.</note> Аксакова<note xml:id="note4" resp="volume_editor" index="false"> Иван Сергеевич Аксаков, издававший в то время газету «Русь».</note> — не устрою ли <choice><reg>место</reg><orig>мѣсто</orig></choice> <choice><reg>Костиньке</reg><orig>Костинькѣ</orig></choice>. 2) <choice><reg>Книг</reg><orig>Книгъ</orig></choice> взять и отдать, 3) убирать вещи и бумаги и свои и <choice><reg>общия</reg><orig>общiя</orig></choice>. — 3) И хочется увидать <choice><reg>Склифасовекого</reg><orig>Склифасовекаго</orig></choice>.<note xml:id="note5" resp="volume_editor" index="false"> В связи с болезнью и операцией А. М. Кузминского.</note> Но все это не задержало бы меня, если бы не <choice><reg>Юрьев</reg><orig>Юрьевъ</orig></choice>, <choice original_editorial_correction='кот[орый]'><sic>кот</sic><corr>который</corr></choice> только что <choice><reg>уехал</reg><orig>уѣхалъ</orig></choice>. —</p>
<p rend="left">&lt;Завтра вышли <choice><reg>в</reg><orig>въ</orig></choice> Ясенки, или <choice><reg>в</reg><orig>въ</orig></choice> Тулу на курьерской. —&gt;</p>
<p rend="left"><choice><reg>Нет</reg><orig>Нѣтъ</orig></choice>, я лучше телеграфирую. Что нибудь <choice><reg>может</reg><orig>можетъ</orig></choice> задержать <choice><reg>выехать</reg><orig>выѣхать</orig></choice> <choice><reg>с</reg><orig>съ</orig></choice> <choice><reg>курьерским</reg><orig>курьерскимъ</orig></choice>. Но если ничего <choice><reg>особенного</reg><orig>особеннаго</orig></choice> не случится, то завтра <choice><reg>приеду</reg><orig>прiѣду</orig></choice>. Дай <choice><reg>Бог</reg><orig>Богъ</orig></choice>, чтобы ты и <choice><reg>дети</reg><orig>дѣти</orig></choice> были здоровы. Погода нынче хороша. А я себя <choice><reg>несовсем</reg><orig>несовсѣмъ</orig></choice> бодро чувствую. — <choice><reg>Целую</reg><orig>Цѣлую</orig></choice> тебя, душенька — и <choice><reg>детей</reg><orig>дѣтей</orig></choice> до завтра.</p>
<comments><p rend="Textpetit_otstup left">Печатается по автографу, хранящемуся в АТБ. Публикуется впервые. Датируется датой письма Т. А. Кузминской, к которому текст Толстого является <hi style="opdelimiter">припиской.</hi><hi style="opnumber">347</hi></p>
<p rend="Textpetit_otstup left"><hi>1</hi> См. предшествующее письмо.</p>
<p rend="petit left"><hi>2</hi> Вероятно, Дмитрий Петрович Боткин, владелец картинной галлереи.</p>
<p rend="petit left"><hi>3</hi> Павел Михайлович Третьяков (1832—1898), основатель художественной галлереи.</p>
<p rend="petit left"><hi>4</hi> Иван Сергеевич Аксаков, издававший в то время газету «Русь».</p>
<p rend="petit left"><hi>5</hi> В связи с болезнью и операцией А. М. Кузминского.</p>
</comments></div></body>
        </text>
        </TEI>