<?xml version='1.0' encoding='UTF-8' standalone='no'?>

<TEI xmlns="http://www.tei-c.org/ns/1.0">
       <teiHeader>
          <fileDesc>
             <titleStmt>
                <title>Письмо №268. П. И. Бартеневу.</title>
             </titleStmt>
             <publicationStmt>
                <publisher>TolstoyLab</publisher>
                <date when="2015-09-14">14 September 2015</date>
             </publicationStmt>
             <sourceDesc>
                <biblStruct>
                   <analytic>
                      <author>Толстой Л.Н.</author>
                   </analytic>
                   <monogr>
                      <title level="m">Полное собрание сочинений. Том 61</title>
                      <imprint>
                         <pubPlace>Москва</pubPlace>
                         <publisher>Государственное издательство "Художественная литература"</publisher>
                         <date when="1953"/>
                      </imprint>
                   </monogr>
                   <series>
                      <title level="s">Л.Н. Толстой. Полное собрание сочинений</title>
                      <biblScope unit="vol">61</biblScope>
                   </series>
                </biblStruct>
             </sourceDesc>
          </fileDesc>
          <encodingDesc>
             <tagsDecl> </tagsDecl>
          </encodingDesc>
          <profileDesc>
             <correspDesc>
                <correspAction type="sending">
                   <persName ref="PersonList.xml#L_N_Tolstoy">Л. Н. Толстой</persName>
                   <placeName ref="PlacesListxml#PLACE">Я. П.</placeName>
                   <date when="1868-09-14">1868 г. Сентября 14.</date>            </correspAction>
                <correspAction type="receiving">
                   <persName ref="PersonList.xml#RECEIVER">Бартенев Петр Иванович</persName>
                </correspAction>
                <correspContext>
                   <ref type="prev"/>
                </correspContext>
             </correspDesc>
          </profileDesc>
       </teiHeader>
       <xenoData><number type="in a volume">268</number></xenoData>

              <text xml:id="P__I__Bartenevu_268">
	<body><div>
		<opener index="false">
268. П. И. Бартеневу.
1868 г. Сентября 14. Я. П.</opener>
<p rend="left">Я затеял перевод Mémorial de S-te Hélène.<note xml:id="note1" resp="volume_editor" index="false"> De Las Cases, «Mémorial de sainte Hélène suivi de Napoléon dans l’exil par M. M. et de l’Historique de la translation des restes mortels de l’empereur Napoléon aux invalides», 2 tomes, Paris 1842. [Де-Лас Каз, «Дневник на острове Св. Елены о пребывании Наполеона в изгнании и о перенесении праха императора Наполеона в Дом инвалидов», в двух томах, Париж 1842.] Книга эта со многими пометками Толстого сохранилась в яснополянской библиотеке. В письме к А. И. Эртелю от 16 января 1890 г. Толстой назвал ее «самым драгоценным материалом» о Наполеоне. См. т. 65.</note> Будьте так добры, любезный Петр Иванович, помогите мне, т. е. дайте Николаю Михайловичу Стромилову (он передаст вам это письмо) письма графа Бальмена,<note xml:id="note2" resp="volume_editor" index="false"> Александр Антонович де Бальмен, шотландец по происхождению, русский подданный, в 1815 г. вследствие конвенции, заключенной между союзниками в Париже, был назначен на о. св. Елены российским комиссаром, где и пробыл, пользуясь доверием Наполеона, до 1820 г.</note> которые напечатаны в Архиве, и не откажите в тех, которые печатаются. Н. М. Стромилов<note xml:id="note3" resp="volume_editor" index="false"> См. прим. 2 к письму № 267.</note> охотно возьмется за работу перевода остальных писем. И он может сделать это отлично. Очень одолжите.</p>
<p rend="right">Преданный вам Л. Толстой.</p>
<p rend="left">14 сентября.</p>
<lb/>
<p rend="left"><hi>На четвертой странице:</hi> Его высокоблагородию Петру Ивановичу Бартеневу.</p>
<comments><p rend="Textpetit_otstup left">Факсимиле воспроизведено в книге H. Н. Апостолова «Лев Толстой. Его жизнь и жизнепонимание. Популярный очерк к 10-летию со дня его смерти», Киев 1920, стр. 25. Опубликовано полностью в журнале «Печать и революция», 1924, 4, стр. 92. Год определяется содержанием: письма гр. де Бальмена, о которых пишет Толстой, были напечатаны, под заглавием: «Из бумаг графа де Бальмена, русского пристава при первом Наполеоне, на острове святой Елены», в «Русском архиве», 1868, 4, стр. 659—734; 5, стр. 1923—1984. См. прим. 2.</p>
<p rend="Textpetit_otstup left"><hi>1</hi> De Las Cases, «Mémorial de sainte Hélène suivi de Napoléon dans l’exil par M. M. et de l’Historique de la translation des restes mortels de l’empereur Napoléon aux invalides», 2 tomes, Paris 1842. [Де-Лас Каз, «Дневник на острове Св. Елены о пребывании Наполеона в изгнании и о перенесении праха императора Наполеона в Дом инвалидов», в двух томах, Париж 1842.] Книга эта со многими пометками Толстого сохранилась в яснополянской библиотеке. В письме к А. И. Эртелю от 16 января 1890 г. Толстой назвал ее «самым драгоценным материалом» о Наполеоне. См. т. 65.</p>
<p rend="petit left"><hi>2</hi> Александр Антонович де Бальмен, шотландец по происхождению, русский подданный, в 1815 г. вследствие конвенции, заключенной между союзниками в Париже, был назначен на о. св. Елены российским комиссаром, где и пробыл, пользуясь доверием Наполеона, до 1820 г.</p>
<p rend="petit left">В ГМТ хранится рукопись, озаглавленная: «Наполеон на острове св. Елены». На обложке ее — недатированная записка Стромилова к Толстому.</p>
<p rend="petit left"><hi>3</hi> См. прим. 2 к письму № 267.</p>
<p rend="left"><hi style="opnumber">206</hi> <hi style="npnumber">207</hi></p>
</comments></div></body>
        </text>
        </TEI>