<?xml version='1.0' encoding='UTF-8' standalone='no'?>

<TEI xmlns="http://www.tei-c.org/ns/1.0">
       <teiHeader>
          <fileDesc>
             <titleStmt>
                <title>Письмо №* 602. С. П. Арбузову.</title>
             </titleStmt>
             <publicationStmt>
                <publisher>TolstoyLab</publisher>
                <date when="2015-09-14">14 September 2015</date>
             </publicationStmt>
             <sourceDesc>
                <biblStruct>
                   <analytic>
                      <author>Толстой Л.Н.</author>
                   </analytic>
                   <monogr>
                      <title level="m">Полное собрание сочинений. Том 63</title>
                      <imprint>
                         <pubPlace>Москва</pubPlace>
                         <publisher>Государственное издательство "Художественная литература"</publisher>
                         <date when="1934"/>
                      </imprint>
                   </monogr>
                   <series>
                      <title level="s">Л.Н. Толстой. Полное собрание сочинений</title>
                      <biblScope unit="vol">63</biblScope>
                   </series>
                </biblStruct>
				<bibl>Печатается по автографу, хранящемуся в ГТМ (куда поступил от дочери С. П. Арбузова В. С. Ляпуновой). Публикуется впервые.</bibl>
             </sourceDesc>
          </fileDesc>
          <encodingDesc>
             <tagsDecl> </tagsDecl>
          </encodingDesc>
          <profileDesc>
             <correspDesc>
                <correspAction type="sending">
                   <persName ref="PersonList.xml#L_N_Tolstoy">Л. Н. Толстой</persName>
                   <placeName ref="PlacesListxml#PLACE">Москва.</placeName>
                   <date when="1884-02-05">1884 г. Февраля 5.</date>            </correspAction>
                <correspAction type="receiving">
                   <persName ref="PersonList.xml#RECEIVER">Арбузов Сергей Петрович</persName>
                </correspAction>
                <correspContext>
                   <ref type="prev"/>
                </correspContext>
             </correspDesc>
          </profileDesc>
       </teiHeader>
       <xenoData><number type="in a volume">602</number></xenoData>

              <text xml:id="Arbuzovu_S__P__602">
	<body><div>
		<opener index="false">
* 602. С. П. Арбузову.
1884 г. Февраля 5. Москва.</opener>
<p rend="left"><choice><reg>Сергей</reg><orig>Сергѣй</orig></choice> <choice><reg>Петрович</reg><orig>Петровичъ</orig></choice> <choice><reg>Арбузов</reg><orig>Арбузовъ</orig></choice>, <choice><reg>известный</reg><orig>извѣстный</orig></choice> <choice><reg>мне</reg><orig>мнѣ</orig></choice> <choice><reg>с</reg><orig>съ</orig></choice> его <choice><reg>детства</reg><orig>дѣтства</orig></choice> своей ловкостью, <choice><reg>сметливостью</reg><orig>смѣтливостью</orig></choice> и очень <choice><reg>добрым</reg><orig>добрымъ</orig></choice> <choice><reg>нравом</reg><orig>нравомъ</orig></choice>, <choice><reg>служил</reg><orig>служилъ</orig></choice> у меня <choice><reg>впоследствии</reg><orig>впослѣдствiи</orig></choice> <choice><reg>более</reg><orig>болѣе</orig></choice> десяти <choice><reg>лет</reg><orig>лѣтъ</orig></choice>, <choice><reg>в</reg><orig>въ</orig></choice> <choice><reg>продолжении</reg><orig>продолженiи</orig></choice> <choice><reg>которых</reg><orig>которыхъ</orig></choice> <choice><reg>вел</reg><orig>велъ</orig></choice> себя очень хорошо и <choice><reg>был</reg><orig>былъ</orig></choice> <choice><reg>прекрасным</reg><orig>прекраснымъ</orig></choice> слугою. 1884 года, 5-го Февраля.</p>
<p rend="right"><choice><reg>Граф</reg><orig>Графъ</orig></choice> <choice><reg>Лев</reg><orig>Левъ</orig></choice> Толстой.</p>
<comments><p rend="Textpetit_otstup left">Печатается по автографу, хранящемуся в ГТМ (куда поступил от дочери С. П. Арбузова В. С. Ляпуновой). Публикуется впервые.</p>
<p rend="petit left">Сергей Петрович Арбузов (1849—1904) — сын няни Толстых Марьи Афанасьевны и Петра Федоровича Арбузова крепостного крестьянина помещика Крапивенского уезда П. А. Воейкова. Был много лет слугою у Толстых; знал столярное ремесло; был хорошо грамотен. Сопровождал Толстого в его поездке в Пензенскую губернию в 1869 г. и ходил с ним в Оптину пустынь в 1881 г. (см. прим. 3 к письму № 54). Автор <hi style="opdelimiter">воспоминаний</hi><hi style="opnumber">450</hi> <hi style="npnumber">451</hi><hi style="npdelimiter">о</hi> Толстом: «Гр. Л. Н. Толстой. Воспоминания С. П. Арбузова, бывшего слуги графа Л. Н. Толстого». М. 1904. (Впервые печатались без подписи автора, как запись с его слов: „«Ясная поляна» о Л. Н. Толстом“, изд. журн. «Развлечение» М. 1900). В 1908 г. переизданы в переработанном и дополненном виде.</p>
</comments></div></body>
        </text>
        </TEI>