<?xml version='1.0' encoding='UTF-8' standalone='no'?>

<TEI xmlns="http://www.tei-c.org/ns/1.0">
       <teiHeader>
          <fileDesc>
             <titleStmt>
                <title>Письмо №* 342. Б. Кашкету. Черновое.</title>
             </titleStmt>
             <publicationStmt>
                <publisher>TolstoyLab</publisher>
                <date when="2015-09-14">14 September 2015</date>
             </publicationStmt>
             <sourceDesc>
                <biblStruct>
                   <analytic>
                      <author>Толстой Л.Н.</author>
                   </analytic>
                   <monogr>
                      <title level="m">Полное собрание сочинений. Том 80</title>
                      <imprint>
                         <pubPlace>Москва</pubPlace>
                         <publisher>Государственное издательство "Художественная литература"</publisher>
                         <date when="1955"/>
                      </imprint>
                   </monogr>
                   <series>
                      <title level="s">Л.Н. Толстой. Полное собрание сочинений</title>
                      <biblScope unit="vol">80</biblScope>
                   </series>
                </biblStruct>
             </sourceDesc>
          </fileDesc>
          <encodingDesc>
             <tagsDecl> </tagsDecl>
          </encodingDesc>
          <profileDesc>
             <correspDesc>
                <correspAction type="draft">
                   <persName ref="PersonList.xml#L_N_Tolstoy">Л. Н. Толстой</persName>
                   <placeName ref="PlacesListxml#PLACE">Я. П.</placeName>
                   <date when="1909-12-06">1909 г. Декабря 6.</date>            </correspAction>
                <correspAction type="receiving">
                   <persName ref="PersonList.xml#RECEIVER">Кашкет Бер</persName>
                </correspAction>
                <correspContext>
                   <ref type="prev"/>
                </correspContext>
             </correspDesc>
          </profileDesc>
       </teiHeader>
       <xenoData><number type="in a volume">342</number></xenoData>

              <text xml:id="B.Kashketu_342">
	<body><div>
		<opener index="false">
* 342. Б. Кашкету. Черновое.
1909 г. Декабря 6. Я. П.</opener>
<p rend="left">Л. Н. полагает, что кокосовое масло — растительное.</p>
<comments><p rend="Textpetit_otstup left">Черновик-автограф написан на конверте письма адресата.</p>
<p rend="petit left">В открытом письме с оплаченным ответом от 3 декабря 1909 г. из Житомира Бер Кашкет спрашивал: «Можно ли вегетарианцу употреблять в пищу кокосовое масло в каком-то твердом виде?»</p>
<p rend="petit left">На письме пометка: «Ответил 6 декабря Л. H.». В какой редакции послан ответ, неизвестно.</p>
</comments></div></body>
        </text>
        </TEI>