<?xml version='1.0' encoding='UTF-8' standalone='no'?>

<TEI xmlns="http://www.tei-c.org/ns/1.0">
       <teiHeader>
          <fileDesc>
             <titleStmt>
                <title>Письмо №33. В. В. Арсеньевой.</title>
             </titleStmt>
             <publicationStmt>
                <publisher>TolstoyLab</publisher>
                <date when="2015-09-14">14 September 2015</date>
             </publicationStmt>
             <sourceDesc>
                <biblStruct>
                   <analytic>
                      <author>Толстой Л.Н.</author>
                   </analytic>
                   <monogr>
                      <title level="m">Полное собрание сочинений. Том 60</title>
                      <imprint>
                         <pubPlace>Москва</pubPlace>
                         <publisher>Государственное издательство "Художественная литература"</publisher>
                         <date when="1949"/>
                      </imprint>
                   </monogr>
                   <series>
                      <title level="s">Л.Н. Толстой. Полное собрание сочинений</title>
                      <biblScope unit="vol">60</biblScope>
                   </series>
                </biblStruct>
				<bibl>Впервые опубликовано в Б. I, 3, стр. 330—332. См. предыдущее письмо.</bibl>
             </sourceDesc>
          </fileDesc>
          <encodingDesc>
             <tagsDecl> </tagsDecl>
          </encodingDesc>
          <profileDesc>
             <correspDesc>
                <correspAction type="sending">
                   <persName ref="PersonList.xml#L_N_Tolstoy">Л. Н. Толстой</persName>
                   <placeName ref="PlacesListxml#PLACE">Петербург.</placeName>
                   <date when="1856-11-08">1856 г. Ноября 8.</date>            </correspAction>
                <correspAction type="receiving">
                   <persName ref="PersonList.xml#RECEIVER">Арсеньев Владимир Михайлович</persName>
                </correspAction>
                <correspContext>
                   <ref type="prev"/>
                </correspContext>
             </correspDesc>
          </profileDesc>
       </teiHeader>
       <xenoData><number type="in a volume">33</number></xenoData>

              <text xml:id="V.V.Arsenevoj_33">
	<body><div>
		<opener index="false">
33. В. В. Арсеньевой.
1856 г. Ноября 8. Петербург.
</opener>
<p rend="Obrashenie left">Любезная Валерия Владимировна!</p>
<p rend="left">«Что было, того уже не будет вновь»,<note xml:id="note1" resp="volume_editor" index="false"> Строка из поэмы Пушкина «Цыганы».</note> сказал Пушкин. Поверьте, ничто не забывается, и не проходит, и не возвращается. Уж никогда мне не испытывать того спокойного чувства привязанности к вам, уважения и доверия, которые я испытывал до вашего отъезда на коронацию. Тогда я с радостью отдавался своему чувству, а теперь я его боюсь. Сейчас я написал было вам длинное письмо, которое не решился послать вам, а покажу когда-нибудь после. Оно было написано под влиянием ненависти к вам. В Москве один господин, <choice original_editorial_correction='кот[орый]'><sic>кот</sic><corr>который</corr></choice> вас не знает, рассказывал мне, что вы влюблены в Мортье, что вы каждый день были у него, что вы в переписке с ним. — Мне очень неприятно было это слышать, и многое, многое я холодно передумал, и написал по этому случаю в письме, <choice original_editorial_correction='кот[орое]'><sic>кот</sic><corr>которое</corr></choice> не посылаю. — <hi>То,</hi> <choice original_editorial_correction='М[ортье]'><sic>М</sic><corr>Мортье</corr></choice>, было увлеченье натуры холодной, которая еще не способна любить, и это тоже; одно уж прошло немного под влиянием времени и другого увлечения, другое еще нет, но любви еще вы не способны испытывать. Даже, ежели подумать хорошенько, которое было истиннее и сильнее, то вы сами сознаетесь, ежели захотите быть искренни, что первое было сильнее и гораздо. В первом вы жертвовали многим и все-таки признавались себе и другим в своей любви; во втором, напротив, вы ничем не жертвуете. Одно спасенье есть время и время. Как бы хорошо было, ежели бы пожили в Москве!.... Жду ваших писем с жадностью. Мне скучно, грустно, тяжело, во всём неудачи, всё противно. Но ни за что не увижусь с вами до тех пор, пока не почувствую, что совсем прошло чувство глупого человека, и что я совершенно верю вам, как прежде. Видел вашу милую тетушку<note xml:id="note2" resp="volume_editor" index="false"> Щербачева — тетка В. В. Арсеньевой по матери.</note> и макрасю [?]<note xml:id="note3" resp="volume_editor" index="false"> Что значит «макрасю», неизвестно.</note> и Долгорукую,<note xml:id="note4" resp="volume_editor" index="false"> Евгения Дмитриевна Долгорукова.</note> <choice original_editorial_correction='кот[орая]'><sic>кот</sic><corr>которая</corr></choice> выходит замуж за Апренина.<note xml:id="note5" resp="volume_editor" index="false"> Сергей Александрович Апреянинов. <hi>В автографе ошибочно:</hi> за Апренину.</note> Непостижимо, как вы могли без отвращения жить с этими людьми. — Я чувствую злость на вас за то, что не могу не любить вас, и поэтому <hi style="opdelimiter">не</hi><hi style="opnumber">102</hi> <hi style="npnumber">103</hi><hi style="npdelimiter">хочу</hi> писать больше. Ваши комиссии исполню нынче и книги пошлю завтра.<note xml:id="note6" resp="volume_editor" index="false"> См. прим. 16 к предыдущему письму.</note> Кланяйтесь всем вашим. Прощайте так, просто, и прощайте мне мою неровность, не я один виноват в ней! О двух вещах умоляю вас: трудитесь, работайте над собой, думайте пристальней, отдавайте себе искренний отчет в своих чувствах и со мной будьте искренни самым невыгодным для себя образом. Рассказывайте мне всё, что было и есть в вас дурного. Хорошего я невольно предполагаю в вас слишком много. Например, ежели бы вы мне рассказали всю историю вашей любви к <choice original_editorial_correction='М[ортье]'><sic>М</sic><corr>Мортье</corr></choice> с уверенностью, что это чувство было хорошо, с сожалением к этому чувству и даже сказали бы, что у вас осталась еще к нему любовь, мне бы было приятнее, чем это равнодушие и будто бы презрение, с <choice original_editorial_correction='кот[орым]'><sic>кот</sic><corr>которым</corr></choice> вы говорите о нем, и которое доказывает, что вы смотрите на него не спокойно, но под влиянием нового увлечения. Вы говорите и думаете, что я холоден, рассудителен, да не дай Бог вам столько и так тяжело перечувствовать, сколько я перечувствовал в эти 5 месяцев. Ну-с, прощайте-с, Христос с вами; постарайтесь не сердиться на меня за это письмо. Я не боюсь выказываться таким, каким я есть, хотя и очень плохим с этой нерешительностью, сомнением и всякой гадостью; делайте и вы так же. Ведь главный вопрос в том, можем ли мы сойтись и любить друг друга; для этого-то и надо высказывать всё дурное, чтоб знать, в состоянии ли мы помириться с ним, а не скрывать его, чтобы потом неожиданно не разочароваться. Мне бы больно, страшно больно было потерять теперь то чувство увлеченья, которое в вас есть ко мне, но уж лучше потерять его теперь, чем вечно упрекать себя в обмане, который бы произвел ваше несчастие. — Ежели вас интересуют дамы и барышни <choice original_editorial_correction='Петерб[ургские]'><sic>Петерб</sic><corr>Петербургские</corr></choice> и Московские, то могу вам сказать, что их до сих пор решительно для меня нет.</p>
<p rend="right">Ваш Гр. Л. Толстой.</p>
<comments><p rend="Textpetit_otstup left">Впервые опубликовано в Б. I, 3, стр. 330—332. См. предыдущее письмо.</p>
<p rend="Textpetit_otstup left"><hi>1</hi> Строка из поэмы Пушкина «Цыганы».</p>
<p rend="petit left"><hi>2</hi> Щербачева — тетка В. В. Арсеньевой по матери.</p>
<p rend="petit left"><hi>3</hi> Что значит «макрасю», неизвестно.</p>
<p rend="petit left"><hi>4</hi> Евгения Дмитриевна Долгорукова.</p>
<p rend="petit left"><hi>5</hi> Сергей Александрович Апреянинов. <hi>В автографе ошибочно:</hi> за Апренину.</p>
<p rend="petit left"><hi>6</hi> См. прим. 16 к предыдущему письму.</p>
<p rend="emptyline left"><hi style="opnumber">103</hi> <hi style="npnumber">104</hi></p>
</comments></div></body>
        </text>
        </TEI>