<?xml version='1.0' encoding='UTF-8' standalone='no'?>

<TEI xmlns="http://www.tei-c.org/ns/1.0">
       <teiHeader>
          <fileDesc>
             <titleStmt>
                <title>Письмо №234. С. А. Толстой</title>
             </titleStmt>
             <publicationStmt>
                <publisher>TolstoyLab</publisher>
                <date when="2015-09-14">14 September 2015</date>
             </publicationStmt>
             <sourceDesc>
                <biblStruct>
                   <analytic>
                      <author>Толстой Л.Н.</author>
                   </analytic>
                   <monogr>
                      <title level="m">Полное собрание сочинений. Том 83</title>
                      <imprint>
                         <pubPlace>Москва</pubPlace>
                         <publisher>Государственное издательство "Художественная литература"</publisher>
                         <date when="1938"/>
                      </imprint>
                   </monogr>
                   <series>
                      <title level="s">Л.Н. Толстой. Полное собрание сочинений</title>
                      <biblScope unit="vol">83</biblScope>
                   </series>
                </biblStruct>
             </sourceDesc>
          </fileDesc>
          <encodingDesc>
             <tagsDecl> </tagsDecl>
          </encodingDesc>
          <profileDesc>
             <correspDesc>
                <correspAction type="sending">
                   <persName ref="PersonList.xml#L_N_Tolstoy">Л. Н. Толстой</persName>
                   <placeName ref="PlacesListxml#PLACE">Самарский хутор.</placeName>
                   <date when="1883-05-25">1883 г. Мая 25.</date>            </correspAction>
                <correspAction type="receiving">
                   <persName ref="PersonList.xml#RECEIVER">Толстая Софья Андреевна</persName>
                </correspAction>
                <correspContext>
                   <ref type="prev"/>
                </correspContext>
             </correspDesc>
          </profileDesc>
       </teiHeader>
       <xenoData><number type="in a volume">234</number></xenoData>

       <text xml:id="a25_234">
	<body><div>
		<opener index="false">
234.
1883 г. Мая 25. Самарский хутор.</opener>
<p rend="right"><hi>22. Середа.</hi></p>
<p rend="left">Второе утро на <choice><reg>хуторе</reg><orig>хуторѣ</orig></choice>. —</p>
<p rend="left"><choice><reg>Мне</reg><orig>Мнѣ</orig></choice> <choice><reg>совсем</reg><orig>совсѣмъ</orig></choice> не весело и не <choice><reg>приятно</reg><orig>прiятно</orig></choice>. Даже уныло и грустно. <choice><reg>Видел</reg><orig>Видѣлъ</orig></choice> тебя во <choice><reg>сне</reg><orig>снѣ</orig></choice>, и думаю <choice><reg>беспрестанно</reg><orig>безпрестанно</orig></choice> о <choice><reg>всех</reg><orig>всѣхъ</orig></choice> <choice><reg>вас</reg><orig>васъ</orig></choice>; но не <choice><reg>жалею</reg><orig>жалѣю</orig></choice>, что <choice><reg>приехал</reg><orig>прiѣхалъ</orig></choice>. Надо развязать ту путаницу, <choice original_editorial_correction='кот[орую]'><sic>кот</sic><corr>которую</corr></choice> я же <choice><reg>завел</reg><orig>завелъ</orig></choice> <choice><reg>здесь</reg><orig>здѣсь</orig></choice>. Половина <choice><reg>жеребят</reg><orig>жеребятъ</orig></choice> <choice><reg>прошлогодних</reg><orig>прошлогоднихъ</orig></choice> подохла, a <choice><reg>нынешних</reg><orig>нынѣшнихъ</orig></choice> <choice><reg>от</reg><orig>отъ</orig></choice> 80 <choice><reg>кобыл</reg><orig>кобылъ</orig></choice> — 24. <choice><reg>Мне</reg><orig>Мнѣ</orig></choice> <choice><reg>к</reg><orig>къ</orig></choice> стыду моему было очень досадно, но <choice><reg>потом</reg><orig>потомъ</orig></choice> я обрадовался, и теперь очень <choice><reg>рад</reg><orig>радъ</orig></choice>, что <choice><reg>от</reg><orig>отъ</orig></choice> меня отскочила эта глупая охота, и я <choice><reg>решил</reg><orig>рѣшилъ</orig></choice> все уничтожить &lt;и&gt; распродать. Это <choice><reg>как</reg><orig>какъ</orig></choice> <choice><reg>пожар</reg><orig>пожаръ</orig></choice> оранжереи,<note xml:id="note1" resp="volume_editor" index="false"> Пожар оранжереи был в Ясной поляне 14 марта 1867 г. Сгорело всё до тла.</note> <choice original_editorial_correction='к[оторый]'><sic>к</sic><corr>который</corr></choice> <choice><reg>освободил</reg><orig>освободилъ</orig></choice> меня <choice><reg>от</reg><orig>отъ</orig></choice> <choice><reg>многих</reg><orig>многихъ</orig></choice> <choice><reg>досад</reg><orig>досадъ</orig></choice>. Давно было пора это <choice><reg>сделать</reg><orig>сдѣлать</orig></choice>. Что мы <choice><reg>будем</reg><orig>будемъ</orig></choice> получать <choice><reg>от</reg><orig>отъ</orig></choice> 4 до 6 <choice><reg>тысяч</reg><orig>тысячъ</orig></choice>, <choice><reg>в</reg><orig>въ</orig></choice> <choice><reg>этом</reg><orig>этомъ</orig></choice> не <choice><reg>может</reg><orig>можетъ</orig></choice> быть <choice><reg>сомнения</reg><orig>сомнѣнiя</orig></choice>. — Отдача <choice><reg>будет</reg><orig>будетъ</orig></choice> только <choice><reg>под</reg><orig>подъ</orig></choice> <choice><reg>покос</reg><orig>покосъ</orig></choice> и <choice><reg>под</reg><orig>подъ</orig></choice> пахоту, <choice><reg>с</reg><orig>съ</orig></choice> уплатой <choice><reg>денег</reg><orig>денегъ</orig></choice> <choice><reg>вперед</reg><orig>впередъ</orig></choice>. Теперь <choice><reg>долгов</reg><orig>долговъ</orig></choice> <choice><reg>с</reg><orig>съ</orig></choice> <choice><reg>новых</reg><orig>новыхъ</orig></choice> — до 10 <choice><reg>тысяч</reg><orig>тысячъ</orig></choice>, <choice><reg>из</reg><orig>изъ</orig></choice> <choice original_editorial_correction='к[оторых]'><sic>к</sic><corr><choice><reg>которых</reg><orig>которыхъ</orig></choice></corr></choice> 5 — пропащи. — Пожалуйста, ты этому не досадуй, а радуйся. И <choice><reg>так</reg><orig>такъ</orig></choice> — <choice><reg>уж</reg><orig>ужъ</orig></choice> <choice><reg>так</reg><orig>такъ</orig></choice> много <choice><reg>лишнего</reg><orig>лишняго</orig></choice>. Продажа всего скота, лошадей, <choice><reg>строений</reg><orig>строенiй</orig></choice> и <choice><reg>посеянного</reg><orig>посѣяннаго</orig></choice> <choice><reg>хлеба</reg><orig>хлѣба</orig></choice> должна принести больше 10 <choice original_editorial_correction='т[ысяч]'><sic>т</sic><corr><choice><reg>тысяч</reg><orig>тысячъ</orig></choice></corr></choice> (я нарочно уменьшаю цифры), <choice><reg>так</reg><orig>такъ</orig></choice> что твое <choice><reg>желание</reg><orig>желанiе</orig></choice> выкупить <choice><reg>дом</reg><orig>домъ</orig></choice><note xml:id="note2" resp="volume_editor" index="false"> Купленный у Арнаутова дом в Москве.</note> — <choice><reg>может</reg><orig>можетъ</orig></choice> исполниться. —</p>
<p rend="left">Я <choice><reg>в</reg><orig>въ</orig></choice> <choice><reg>серьезном</reg><orig>серьезномъ</orig></choice> и не <choice><reg>в</reg><orig>въ</orig></choice> <choice><reg>веселом</reg><orig>веселомъ</orig></choice>, но <choice><reg>в</reg><orig>въ</orig></choice> <choice><reg>спокойном</reg><orig>спокойномъ</orig></choice> <choice><reg>духе</reg><orig>духѣ</orig></choice>, и не могу жить <choice><reg>без</reg><orig>безъ</orig></choice> работы. Вчера проболтался день, и стало <hi style="opdelimiter">стыдно</hi><hi style="opnumber">376</hi> <hi style="npnumber">377</hi><hi style="npdelimiter">и</hi> гадко, и нынче занимаюсь. Жизнь Бибикова и <choice original_editorial_correction='Вас[илия]'><sic>Вас</sic><corr><choice><reg>Василия</reg><orig>Василiя</orig></choice></corr></choice> <choice original_editorial_correction='Ив[ановича]'><sic>Ив</sic><corr>Ивановича</corr></choice><note xml:id="note3" resp="volume_editor" index="false"> <hi>Зачеркнуто:</hi> и <choice><reg>Кумысников</reg><orig>Кумысниковъ</orig></choice> Бибикова — <choice><reg>Богоявленского</reg><orig>Богоявленскаго</orig></choice> <choice><reg>с</reg><orig>съ</orig></choice> женой.</note> <choice><reg>мне</reg><orig>мнѣ</orig></choice> не нравится. Ни то, ни се. Труда <choice><reg>физического</reg><orig>физическаго</orig></choice>, нужды — <choice><reg>нет</reg><orig>нѣтъ</orig></choice>. А <choice><reg>умственного</reg><orig>умственнаго</orig></choice> труда тоже <choice><reg>нет</reg><orig>нѣтъ</orig></choice>. A <choice><reg>отношения</reg><orig>отношенiя</orig></choice> <choice><reg>с</reg><orig>съ</orig></choice> мужиками, отдача земель — <choice><reg>торгование</reg><orig>торгованiе</orig></choice>, <choice><reg>питие</reg><orig>питiе</orig></choice> чая — ужасно тупое, одуряющее и противное <choice><reg>занятие</reg><orig>занятiе</orig></choice>. — Нынче <choice><reg>целое</reg><orig>цѣлое</orig></choice> утро <choice><reg>Петр</reg><orig>Петръ</orig></choice> <choice><reg>Андреич</reg><orig>Андреичъ</orig></choice><note xml:id="note4" resp="volume_editor" index="false"> Петр Андреевич Архангельский, управляющий, заменивший А. А. Бибикова.</note> (это новый <choice><reg>управляющий</reg><orig>управляющiй</orig></choice>) <choice><reg>в</reg><orig>въ</orig></choice> большой <choice><reg>комнате</reg><orig>комнатѣ</orig></choice> <choice><reg>сдает</reg><orig>сдаетъ</orig></choice> луга и торгуется, и <choice><reg>мне</reg><orig>мнѣ</orig></choice> невольно слышно. Я <choice><reg>в</reg><orig>въ</orig></choice> крайней — <choice><reg>детской</reg><orig>дѣтской</orig></choice>. Не знаю, <choice><reg>как</reg><orig>какъ</orig></choice> дальше, но <choice><reg>мне</reg><orig>мнѣ</orig></choice> теперь <choice><reg>неприятно</reg><orig>непрiятно</orig></choice> и невольное <choice><reg>общение</reg><orig>общенiе</orig></choice> <choice><reg>с</reg><orig>съ</orig></choice> <choice original_editorial_correction='Биб[иковым]'><sic>Биб</sic><corr><choice><reg>Бибиковым</reg><orig>Бибиковымъ</orig></choice></corr></choice>, <choice original_editorial_correction='Вас[илием]'><sic>Вас</sic><corr><choice><reg>Василием</reg><orig>Василiемъ</orig></choice></corr></choice> <choice original_editorial_correction='Ив[ановичем]'><sic>Ив</sic><corr><choice><reg>Ивановичем</reg><orig>Ивановичемъ</orig></choice></corr></choice>, и мое <choice><reg>положение</reg><orig>положенiе</orig></choice> — хозяина, и <choice><reg>обращение</reg><orig>обращенiе</orig></choice> <choice><reg>бедных</reg><orig>бѣдныхъ</orig></choice>, <choice original_editorial_correction='кот[орых]'><sic>кот</sic><corr><choice><reg>которых</reg><orig>которыхъ</orig></choice></corr></choice> я не могу удовлетворить. — <choice><reg>Мне</reg><orig>Мнѣ</orig></choice> хоть и <choice><reg>совестно</reg><orig>совѣстно</orig></choice>, и противно думать о <choice><reg>своем</reg><orig>своемъ</orig></choice> <choice><reg>поганом</reg><orig>поганомъ</orig></choice> <choice><reg>теле</reg><orig>тѣлѣ</orig></choice>, но <choice><reg>кумыс</reg><orig>кумысъ</orig></choice>, знаю, что <choice><reg>мне</reg><orig>мнѣ</orig></choice> <choice><reg>будет</reg><orig>будетъ</orig></choice> <choice><reg>полезен</reg><orig>полезенъ</orig></choice>, главное <choice><reg>тем</reg><orig>тѣмъ</orig></choice>, что <choice><reg>справит</reg><orig>справитъ</orig></choice> <choice><reg>желудок</reg><orig>желудокъ</orig></choice>; и потому нервы и <choice><reg>расположение</reg><orig>расположенiе</orig></choice> духа, и я буду <choice><reg>способен</reg><orig>способенъ</orig></choice> больше <choice><reg>делать</reg><orig>дѣлать</orig></choice>, пока <choice><reg>жив</reg><orig>живъ</orig></choice>, и потому <choice><reg>хотелось</reg><orig>хотѣлось</orig></choice> бы попить дольше; но боюсь, что не выдержу. <choice><reg>Может</reg><orig>Можетъ</orig></choice> быть, <choice><reg>перееду</reg><orig>переѣду</orig></choice> на <choice><reg>Каралык</reg><orig>Каралыкъ</orig></choice>.<note xml:id="note5" resp="volume_editor" index="false"> Приток Большого Иргиза с одноименным селом. На Каралыке Толстой жил в 1862 г. и в 1871 г.</note> <choice><reg>Там</reg><orig>Тамъ</orig></choice> я буду <choice><reg>независимее</reg><orig>независимѣе</orig></choice>.</p>
<p rend="left">Сережа<note xml:id="note6" resp="volume_editor" index="false"> «Сергей Львович должен был приехать в Самару и решил совершить этот путь в лодке по Москве, Оке и Волге» (п. С. А.). На лодке С. Л. Толстой доехал до Коломны, где пересел на пароход с своим компаньоном — Ивакиным.</note> что? <choice><reg>Здесь</reg><orig>Здѣсь</orig></choice> ожидая его, я больше <choice><reg>беспокоюсь</reg><orig>безпокоюсь</orig></choice> о <choice><reg>нем</reg><orig>немъ</orig></choice>. <choice><reg>Как</reg><orig>Какъ</orig></choice> <choice><reg>он</reg><orig>онъ</orig></choice> <choice><reg>приедет</reg><orig>прiѣдетъ</orig></choice>, я <choice><reg>тебе</reg><orig>тебѣ</orig></choice> телеграфирую. —</p>
<p rend="left"><choice><reg>Мне</reg><orig>Мнѣ</orig></choice> интересно было себя <choice><reg>примерять</reg><orig>примѣрять</orig></choice> <choice><reg>к</reg><orig>къ</orig></choice> <choice><reg>здешней</reg><orig>здѣшней</orig></choice> жизни. Кажется, недавно я <choice><reg>был</reg><orig>былъ</orig></choice>, а ужасно <choice><reg>изменился</reg><orig>измѣнился</orig></choice>, — и хоть ты и находишь, что <choice><reg>к</reg><orig>къ</orig></choice> худшему, я знаю, что <choice><reg>к</reg><orig>къ</orig></choice> лучшему, — потому что <choice><reg>мне</reg><orig>мнѣ</orig></choice> <choice><reg>покойнее</reg><orig>покойнѣе</orig></choice>, и что <choice><reg>мне</reg><orig>мнѣ</orig></choice> <choice><reg>приятнее</reg><orig>прiятнѣе</orig></choice> быть <choice><reg>с</reg><orig>съ</orig></choice> <choice><reg>таким</reg><orig>такимъ</orig></choice> <choice><reg>человеком</reg><orig>человѣкомъ</orig></choice>, какой я теперь, <choice><reg>чем</reg><orig>чѣмъ</orig></choice> какой я <choice><reg>был</reg><orig>былъ</orig></choice> прежде.</p>
<p rend="left">Дорогой <choice><reg>видел</reg><orig>видѣлъ</orig></choice> много <choice><reg>переселенцев</reg><orig>переселенцевъ</orig></choice>, — очень трогательное и величественное <choice><reg>зрелище</reg><orig>зрѣлище</orig></choice>.</p>
<p rend="left">При <choice><reg>себе</reg><orig>себѣ</orig></choice> и то жутко за <choice><reg>всех</reg><orig>всѣхъ</orig></choice> <choice><reg>вас</reg><orig>васъ</orig></choice>, а <choice><reg>в</reg><orig>въ</orig></choice> <choice><reg>далеке</reg><orig>далекѣ</orig></choice> стараешься или не думать, или <choice><reg>уж</reg><orig>ужъ</orig></choice> думать <choice><reg>серьезнее</reg><orig>серьезнѣе</orig></choice>, — а то, если думать о <choice><reg>том</reg><orig>томъ</orig></choice>, что <choice><reg>может</reg><orig>можетъ</orig></choice> случиться, <choice><reg>с</reg><orig>съ</orig></choice> ума сойдешь <choice><reg>от</reg><orig>отъ</orig></choice> <choice><reg>беспокойства</reg><orig>безпокойства</orig></choice>.</p>
<p rend="left">Пожалуйста, пиши <choice><reg>мне</reg><orig>мнѣ</orig></choice> откровенно,<note xml:id="note7" resp="volume_editor" index="false"> Приток Большого Иргиза с одноименным селом. На Каралыке Толстой жил в 1862 г. и в 1871 г.</note> и не <choice><reg>в</reg><orig>въ</orig></choice> минуты волненья, а <choice><reg>в</reg><orig>въ</orig></choice> <choice original_editorial_correction='спокойну[ю]'><sic>спокойну</sic><corr>спокойную</corr></choice> минуту, <choice><reg>как</reg><orig>какъ</orig></choice> ты смотришь на мое <choice><reg>отсутствие</reg><orig>отсутствiе</orig></choice>; <choice><reg>мне</reg><orig>мнѣ</orig></choice> это нужно знать, чтобы <choice><reg>решить</reg><orig>рѣшить</orig></choice>, когда вернуться. <choice><reg>Кумыс</reg><orig>Кумысъ</orig></choice> — <choice><reg>ведь</reg><orig>вѣдь</orig></choice> это <choice><reg>в</reg><orig>въ</orig></choice> сущности <choice><reg>фантазия</reg><orig>фантазiя</orig></choice>. Я <choice><reg>готов</reg><orig>готовъ</orig></choice> <choice><reg>сейчас</reg><orig>сейчасъ</orig></choice> вернуться и по сердцу хочется <choice><reg>сейчас</reg><orig>сейчасъ</orig></choice> вернуться, и буду очень <choice><reg>рад</reg><orig>радъ</orig></choice>. Во <choice><reg>всяком</reg><orig>всякомъ</orig></choice> <choice><reg>случае</reg><orig>случаѣ</orig></choice> <choice><reg>поездка</reg><orig>поѣздка</orig></choice> моя уже <choice><reg>имела</reg><orig>имѣла</orig></choice> <choice><reg>результат</reg><orig>результатъ</orig></choice>, и очень важный — <choice><reg>упрощения</reg><orig>упрощенiя</orig></choice> <choice><reg>отношений</reg><orig>отношенiй</orig></choice> <choice><reg>хозяйственных</reg><orig>хозяйственныхъ</orig></choice>. Прощай, душенька, <choice><reg>целую</reg><orig>цѣлую</orig></choice> тебя, <choice><reg>детей</reg><orig>дѣтей</orig></choice>; Таню<note xml:id="note8" resp="volume_editor" index="false"> Татьяна Андреевна Кузминская.</note><hi> </hi>и ея дѣтей.<note xml:id="note9" resp="volume_editor" index="false"> Мария, Вера, Михаил, Александр и Василий.</note> И <choice><reg>всем</reg><orig>всѣмъ</orig></choice> <choice original_editorial_correction='домочадц[ам]'><sic>домочадц</sic><corr><choice><reg>домочадцам</reg><orig>домочадцамъ</orig></choice></corr></choice>.</p>
<lb/>
<p rend="left"><hi>На конверте:</hi> <choice><reg>В</reg><orig>Въ</orig></choice> Тулу. <choice><reg>Графине</reg><orig>Графинѣ</orig></choice> <choice><reg>Софье</reg><orig>Софьѣ</orig></choice> <choice><reg>Андревне</reg><orig>Андревнѣ</orig></choice> <hi style="opdelimiter">Толстой.</hi><hi style="opnumber">377</hi></p>
<comments><p rend="Textpetit_otstup left"><hi style="npnumber">378</hi><hi style="npdelimiter">Печатается</hi> по автографу, хранящемуся в АТБ. Впервые опубликовано по копии, сделанной С. А. Толстой, в ПЖ, стр. 188—189. Датируется на основании почтовых штемпелей: «Бузулук. 27 мая 1883; Тула 30 мая 1883» и пометы Толстого «середа», которая падала на 25 мая 1883 г. Дата Толстого «22» — ошибочна.</p>
<p rend="Textpetit_otstup left"><hi>1</hi> Пожар оранжереи был в Ясной поляне 14 марта 1867 г. Сгорело всё до тла.</p>
<p rend="petit left"><hi>2</hi> Купленный у Арнаутова дом в Москве.</p>
<p rend="petit left"><hi>3</hi> <hi>Зачеркнуто:</hi> и <choice><reg>Кумысников</reg><orig>Кумысниковъ</orig></choice> Бибикова — <choice><reg>Богоявленского</reg><orig>Богоявленскаго</orig></choice> <choice><reg>с</reg><orig>съ</orig></choice> женой.</p>
<p rend="petit left"><hi>4</hi> Петр Андреевич Архангельский, управляющий, заменивший А. А. Бибикова.</p>
<p rend="petit left"><hi>5</hi> Приток Большого Иргиза с одноименным селом. На Каралыке Толстой жил в 1862 г. и в 1871 г.</p>
<p rend="petit left"><hi>6</hi> «Сергей Львович должен был приехать в Самару и решил совершить этот путь в лодке по Москве, Оке и Волге» (п. С. А.). На лодке С. Л. Толстой доехал до Коломны, где пересел на пароход с своим компаньоном — Ивакиным.</p>
<p rend="petit left"><hi>7</hi> Татьяна Андреевна Кузминская.</p>
<p rend="petit left"><hi>8</hi> Мария, Вера, Михаил, Александр и Василий.</p>
</comments></div></body>
        </text>
        </TEI>