<?xml version='1.0' encoding='UTF-8' standalone='no'?>

<TEI xmlns="http://www.tei-c.org/ns/1.0">
       <teiHeader>
          <fileDesc>
             <titleStmt>
                <title>Письмо №196. С. А. Толстой</title>
             </titleStmt>
             <publicationStmt>
                <publisher>TolstoyLab</publisher>
                <date when="2015-09-14">14 September 2015</date>
             </publicationStmt>
             <sourceDesc>
                <biblStruct>
                   <analytic>
                      <author>Толстой Л.Н.</author>
                   </analytic>
                   <monogr>
                      <title level="m">Полное собрание сочинений. Том 83</title>
                      <imprint>
                         <pubPlace>Москва</pubPlace>
                         <publisher>Государственное издательство "Художественная литература"</publisher>
                         <date when="1938"/>
                      </imprint>
                   </monogr>
                   <series>
                      <title level="s">Л.Н. Толстой. Полное собрание сочинений</title>
                      <biblScope unit="vol">83</biblScope>
                   </series>
                </biblStruct>
				<bibl>Печатается по автографу, хранящемуся в АТБ. Впервые опубликовано по копии, сделанной С. А. Толстой, в ПЖ, стр. 154—155. Дата Толстого.</bibl>
             </sourceDesc>
          </fileDesc>
          <encodingDesc>
             <tagsDecl> </tagsDecl>
          </encodingDesc>
          <profileDesc>
             <correspDesc>
                <correspAction type="sending">
                   <persName ref="PersonList.xml#L_N_Tolstoy">Л. Н. Толстой</persName>
                   <placeName ref="PlacesListxml#PLACE">Я. П.</placeName>
                   <date when="1882-03-03">1882 г. Марта 3.</date>            </correspAction>
                <correspAction type="receiving">
                   <persName ref="PersonList.xml#RECEIVER">Толстая Софья Андреевна</persName>
                </correspAction>
                <correspContext>
                   <ref type="prev"/>
                </correspContext>
             </correspDesc>
          </profileDesc>
       </teiHeader>
       <xenoData><number type="in a volume">196</number></xenoData>

       <text xml:id="a3_196">
	<body><div>
		<opener index="false">
196.
1882 г. Марта 3. Я. П.</opener>
<p rend="right"><hi>3-го 10 <choice><reg>часов</reg><orig>часовъ</orig></choice> вечера.</hi></p>
<p rend="left"><choice><reg>Как</reg><orig>Какъ</orig></choice> <choice><reg>мне</reg><orig>мнѣ</orig></choice> больно, милая душенька, что я тебя <choice><reg>расстроиваю</reg><orig>разстроиваю</orig></choice> своими письмами. — Это <choice><reg>период</reg><orig>перiодъ</orig></choice> моего <choice><reg>желчного</reg><orig>желчнаго</orig></choice> <choice><reg>состояния</reg><orig>состоянiя</orig></choice>: во рту горько, <choice><reg>ноет</reg><orig>ноетъ</orig></choice> печень и все мрачно и уныло. — Лучше <choice><reg>нигде</reg><orig>нигдѣ</orig></choice> <choice><reg>мне</reg><orig>мнѣ</orig></choice> не <choice><reg>может</reg><orig>можетъ</orig></choice> быть, <choice><reg>как</reg><orig>какъ</orig></choice> <choice><reg>здесь</reg><orig>здѣсь</orig></choice>, совершенно одному <choice><reg>в</reg><orig>въ</orig></choice> <choice><reg>тишине</reg><orig>тишинѣ</orig></choice> и молчаньи. — Нынче и ночь не то что дурно, а мало <choice><reg>спал</reg><orig>спалъ</orig></choice> и не принимался за работу, а <choice><reg>читал</reg><orig>читалъ</orig></choice>. —</p>
<p rend="left"><choice><reg>Писем</reg><orig>Писемъ</orig></choice> я <choice><reg>от</reg><orig>отъ</orig></choice> тебя не <choice><reg>получал</reg><orig>получалъ</orig></choice> еще, <choice><reg>кроме</reg><orig>кромѣ</orig></choice> <choice><reg>шального</reg><orig>шальнаго</orig></choice> письма Александра<note xml:id="note1" resp="volume_editor" index="false"> Вероятно, Александра Андреевича Берса.</note> и неискренняго письма Александры<note xml:id="note2" resp="volume_editor" index="false"> А. А. Толстой. От него сохранился лишь второй листок, на котором она писала: «Как разработается маленькое семячко, унесенное мною, один бог ведает, но во всяком случае я чувствую, что ничто не могло поколебать моей дружбы к вам, ни твердого упования на будущее. Licht sucht Licht [свет стремится к свету], сказал Lavater, и сердце, проникнутое хотя одним лучем солнца правды, конечно осветится со временем вполне. Прощайте, милый друг, — постарайтесь любить меня по прежнему и никогда не говорите и не думайте, что мы служим не одному богу. Христос один, и вы и я любим его. Это главное». С. А. Толстая приписала к этому письму А. А. Толстой: «28 февраля. Эти два письма тебе интересны, я и посылаю». В ответном, неотправленном, письме Толстой писал А. А. Толстой: «Общего между мною и вами быть не может, потому что ту святодуховскую веру, которую вы исповедуете, я исповедовал от всей души и изучал всеми силами своими ума и убедился, что это не вера, а мерзкий обман, выдуманный для погибели людей». (Письмо это хранится в ГТМ.)</note> — на <choice original_editorial_correction='кот[ором]'><sic>кот</sic><corr><choice><reg>котором</reg><orig>которомъ</orig></choice></corr></choice> ты надписала <choice><reg>несколько</reg><orig>нѣсколько</orig></choice> <choice><reg>слов</reg><orig>словъ</orig></choice>. Это письмо Александры взволновало — <choice><reg>рассердило</reg><orig>разсердило</orig></choice> меня, и я <choice><reg>написал</reg><orig>написалъ</orig></choice> ей очень <choice><reg>жесткий</reg><orig>жесткiй</orig></choice> <choice><reg>ответ</reg><orig>отвѣтъ</orig></choice> и <choice><reg>сам</reg><orig>самъ</orig></choice> <choice><reg>свез</reg><orig>свезъ</orig></choice> <choice><reg>верхом</reg><orig>верхомъ</orig></choice> <choice><reg>в</reg><orig>въ</orig></choice> Ясенки, <choice><reg>где</reg><orig>гдѣ</orig></choice> <choice><reg>купил</reg><orig>купилъ</orig></choice> <choice><reg>конвертов</reg><orig>конвертовъ</orig></choice>. Но, возвращаясь домой, <choice><reg>вспомнил</reg><orig>вспомнилъ</orig></choice> и о <choice><reg>том</reg><orig>томъ</orig></choice>, что ты бы очень не одобрила это письмо и самому <choice><reg>неприятно</reg><orig>непрiятно</orig></choice> стало, и я <choice><reg>послал</reg><orig>послалъ</orig></choice> взять письмо <choice><reg>назад</reg><orig>назадъ</orig></choice>, <choice><reg>так</reg><orig>такъ</orig></choice> что не <choice><reg>послал</reg><orig>послалъ</orig></choice>. —</p>
<p rend="left">Утро было солнечное и теплое, и жаворонки заливаются со <choice><reg>всех</reg><orig>всѣхъ</orig></choice> <choice><reg>сторон</reg><orig>сторонъ</orig></choice>, и <choice><reg>проехаться</reg><orig>проѣхаться</orig></choice> было <choice><reg>приятно</reg><orig>прiятно</orig></choice>. А теперь <choice><reg>ветрено</reg><orig>вѣтрено</orig></choice>, тепло и темно, но я <choice><reg>еду</reg><orig>ѣду</orig></choice> на Козловку <choice><reg>в</reg><orig>въ</orig></choice> <choice><reg>санях</reg><orig>саняхъ</orig></choice>; свезу это письмо и поспрошу <choice><reg>от</reg><orig>отъ</orig></choice> тебя. Няня<note xml:id="note3" resp="volume_editor" index="false"> Марья Афанасьевна Арбузова.</note> нынче <choice><reg>ездила</reg><orig>ѣздила</orig></choice> <choice><reg>в</reg><orig>въ</orig></choice> Тулу, отвозила деньги Авдотьи Васильевны<note xml:id="note4" resp="volume_editor" index="false"> Авдотья Васильевна Попова, «жила в доме Ясной поляны экономной много лет» (н. п. С. А.). Получала в то время 8 рублей ежемесячно.</note> и была на <choice><reg>почте</reg><orig>почтѣ</orig></choice>, но письма не привезла. Письмо <choice><reg>от</reg><orig>отъ</orig></choice> тебя очень <choice><reg>развеселит</reg><orig>развеселитъ</orig></choice> меня. —</p>
<p rend="left"><choice><reg>Был</reg><orig>Былъ</orig></choice> Костюшка;<note xml:id="note5" resp="volume_editor" index="false"> См. о нем письмо от 4 июля 1881 г.</note> — жена его больна очень; все тоже — груди. Говорятъ, что отъ твоего лѣкарства прошло; но потомъ ребенокъ ея умеръ, и сдѣлалось тоже въ обѣихъ грудяхъ. Проситъ тотъ пластырь или мазь, какую ты давала. Пришли, если можно.</p>
<p rend="left"><choice><reg>Ходит</reg><orig>Ходитъ</orig></choice> <choice><reg>народ</reg><orig>народъ</orig></choice> просить, но я отказываю, — <choice><reg>денег</reg><orig>денегъ</orig></choice> <choice><reg>нет</reg><orig>нѣтъ</orig></choice>; да и <choice><reg>как-то</reg><orig>какъ-то</orig></choice> <choice><reg>нынешний</reg><orig>нынѣшнiй</orig></choice> и <choice><reg>год</reg><orig>годъ</orig></choice> легче, и много я <choice><reg>думал</reg><orig>думалъ</orig></choice> <choice><reg>об</reg><orig>объ</orig></choice> <choice><reg>этом</reg><orig>этомъ</orig></choice>, и <choice><reg>мне</reg><orig>мнѣ</orig></choice> не <choice><reg>так</reg><orig>такъ</orig></choice> больно отказывать.</p>
<p rend="left">Хорошо ли <choice><reg>приехал</reg><orig>прiѣхалъ</orig></choice> Илюша. Все ли у тебя хорошо? Здоровье? И <choice><reg>дети</reg><orig>дѣти</orig></choice> хороши ли? Это <hi style="opdelimiter">главное.</hi><hi style="opnumber">323</hi></p>
<p rend="left"><hi style="npnumber">324</hi><hi style="npdelimiter">Прощай,</hi> душенька. Не думай, что <choice><reg>мне</reg><orig>мнѣ</orig></choice> не грустно <choice><reg>без</reg><orig>безъ</orig></choice> тебя; грустно, но я чувствую, что я отдыхаю, и несмотря на нездоровье, набираюсь <choice><reg>сил</reg><orig>силъ</orig></choice>, и многое лучше, <choice><reg>яснее</reg><orig>яснѣе</orig></choice> и проще обдумываю. <choice><reg>Может</reg><orig>Можетъ</orig></choice> быть, это мечты и загадыванья <choice><reg>ослабевающего</reg><orig>ослабѣвающаго</orig></choice>, но <choice><reg>приходят</reg><orig>приходятъ</orig></choice> все <choice><reg>в</reg><orig>въ</orig></choice> голову мысли о поэтической <choice><reg>работе</reg><orig>работѣ</orig></choice>.<note xml:id="note6" resp="volume_editor" index="false"> В ответном письме, которое можно датировать 5 или 6 марта 1882 г., С. А. Толстая писала: «Каким радостным чувством меня вдруг охватило, когда прочла, что ты хочешь писать опять в поэтическом роде. Ты почувствовал то, чего я давно жду и желаю. Вот в чем спасенье, радость; вот на чем мы с тобой опять соединимся, что утешит тебя и осветит нашу жизнь. Эта работа настоящая, для нее ты создан, и вне этой сферы <hi style="opdelimiter">нет</hi><hi style="opnumber">324</hi> <hi style="npnumber">325</hi><hi style="npdelimiter">мира</hi> твоей душе. Я знаю, что насиловать ты себя не можешь; но дай бог тебе этот проблеск удержать, чтоб разрослась в тебе опять эта искра божья. Меня в восторг эта мысль приводит» (ПСТ, стр. 188).</note></p>
<p rend="left">И <choice><reg>как</reg><orig>какъ</orig></choice> бы я <choice><reg>отдохнул</reg><orig>отдохнулъ</orig></choice> на такой <choice><reg>работе</reg><orig>работѣ</orig></choice>.</p>
<p rend="left"><choice><reg>Как</reg><orig>Какъ</orig></choice> задумаю <choice><reg>об</reg><orig>объ</orig></choice> <choice><reg>этом</reg><orig>этомъ</orig></choice>, <choice><reg>так</reg><orig>такъ</orig></choice> точно задумаю <choice><reg>об</reg><orig>объ</orig></choice> <choice><reg>летнем</reg><orig>лѣтнемъ</orig></choice> <choice><reg>купанье</reg><orig>купаньѣ</orig></choice>.</p>
<p rend="left">Но, пожалуйста, и <choice><reg>детям</reg><orig>дѣтямъ</orig></choice> <choice><reg>этого</reg><orig>этаго</orig></choice> не говори. — <choice><reg>С</reg><orig>Съ</orig></choice> тобой я думаю <choice><reg>вслух</reg><orig>вслухъ</orig></choice>.</p>
<p rend="left"><choice><reg>Сейчас</reg><orig>Сейчасъ</orig></choice> <choice><reg>получил</reg><orig>получилъ</orig></choice> твое письмо <choice><reg>в</reg><orig>въ</orig></choice> Козловку<note xml:id="note7" resp="volume_editor" index="false"> От 1 марта 1882 г.</note> и очень, очень <choice><reg>повеселел</reg><orig>повеселѣлъ</orig></choice>.</p>
<lb/>
<p rend="left"><hi>На конверте:</hi> Москва. Денежный <choice><reg>переулок</reg><orig>переулокъ</orig></choice>, <choice><reg>дом</reg><orig>домъ</orig></choice> <choice><reg>Волконского</reg><orig>Волконскаго</orig></choice>. Е. С. <choice><reg>Графине</reg><orig>Графинѣ</orig></choice> <choice><reg>Софье</reg><orig>Софьѣ</orig></choice> <choice><reg>Андревне</reg><orig>Андревнѣ</orig></choice> Толстой.</p>
<comments><p rend="Textpetit_otstup left">Печатается по автографу, хранящемуся в АТБ. Впервые опубликовано по копии, сделанной С. А. Толстой, в ПЖ, стр. 154—155. Дата Толстого.</p>
<p rend="Textpetit_otstup left"><hi>1</hi> Вероятно, Александра Андреевича Берса.</p>
<p rend="petit left"><hi>2</hi> А. А. Толстой. От него сохранился лишь второй листок, на котором она писала: «Как разработается маленькое семячко, унесенное мною, один бог ведает, но во всяком случае я чувствую, что ничто не могло поколебать моей дружбы к вам, ни твердого упования на будущее. Licht sucht Licht [свет стремится к свету], сказал Lavater, и сердце, проникнутое хотя одним лучем солнца правды, конечно осветится со временем вполне. Прощайте, милый друг, — постарайтесь любить меня по прежнему и никогда не говорите и не думайте, что мы служим не одному богу. Христос один, и вы и я любим его. Это главное». С. А. Толстая приписала к этому письму А. А. Толстой: «28 февраля. Эти два письма тебе интересны, я и посылаю». В ответном, неотправленном, письме Толстой писал А. А. Толстой: «Общего между мною и вами быть не может, потому что ту святодуховскую веру, которую вы исповедуете, я исповедовал от всей души и изучал всеми силами своими ума и убедился, что это не вера, а мерзкий обман, выдуманный для погибели людей». (Письмо это хранится в ГТМ.)</p>
<p rend="petit left"><hi>3</hi> Марья Афанасьевна Арбузова.</p>
<p rend="petit left"><hi>4</hi> Авдотья Васильевна Попова, «жила в доме Ясной поляны экономной много лет» (н. п. С. А.). Получала в то время 8 рублей ежемесячно.</p>
<p rend="petit left"><hi>5</hi> См. о нем письмо от 4 июля 1881 г.</p>
<p rend="petit left"><hi>6</hi> В ответном письме, которое можно датировать 5 или 6 марта 1882 г., С. А. Толстая писала: «Каким радостным чувством меня вдруг охватило, когда прочла, что ты хочешь писать опять в поэтическом роде. Ты почувствовал то, чего я давно жду и желаю. Вот в чем спасенье, радость; вот на чем мы с тобой опять соединимся, что утешит тебя и осветит нашу жизнь. Эта работа настоящая, для нее ты создан, и вне этой сферы <hi style="opdelimiter">нет</hi><hi style="opnumber">324</hi> <hi style="npnumber">325</hi><hi style="npdelimiter">мира</hi> твоей душе. Я знаю, что насиловать ты себя не можешь; но дай бог тебе этот проблеск удержать, чтоб разрослась в тебе опять эта искра божья. Меня в восторг эта мысль приводит» (ПСТ, стр. 188).</p>
<p rend="petit left"><hi>7</hi> От 1 марта 1882 г.</p>
</comments></div></body>
        </text>
        </TEI>