<?xml version='1.0' encoding='UTF-8' standalone='no'?>

<TEI xmlns="http://www.tei-c.org/ns/1.0">
       <teiHeader>
          <fileDesc>
             <titleStmt>
                <title>Письмо №* 538. О. Н. Озмидовой.</title>
             </titleStmt>
             <publicationStmt>
                <publisher>TolstoyLab</publisher>
                <date when="2015-09-14">14 September 2015</date>
             </publicationStmt>
             <sourceDesc>
                <biblStruct>
                   <analytic>
                      <author>Толстой Л.Н.</author>
                   </analytic>
                   <monogr>
                      <title level="m">Полное собрание сочинений. Том 63</title>
                      <imprint>
                         <pubPlace>Москва</pubPlace>
                         <publisher>Государственное издательство "Художественная литература"</publisher>
                         <date when="1934"/>
                      </imprint>
                   </monogr>
                   <series>
                      <title level="s">Л.Н. Толстой. Полное собрание сочинений</title>
                      <biblScope unit="vol">63</biblScope>
                   </series>
                </biblStruct>
				<bibl>Печатается по копии, хранящейся в AЧ. Публикуется впервые. Дата копии.</bibl>
             </sourceDesc>
          </fileDesc>
          <encodingDesc>
             <tagsDecl> </tagsDecl>
          </encodingDesc>
          <profileDesc>
             <correspDesc>
                <correspAction type="sending">
                   <persName ref="PersonList.xml#L_N_Tolstoy">Л. Н. Толстой</persName>
                   <placeName ref="PlacesListxml#PLACE">Я. П.</placeName>
                   <date when="1886-08-10">1886 г. Августа 10.</date>            </correspAction>
                <correspAction type="receiving">
                   <persName ref="PersonList.xml#RECEIVER">Озмидов Николай Лукич</persName>
                </correspAction>
                <correspContext>
                   <ref type="prev"/>
                </correspContext>
             </correspDesc>
          </profileDesc>
       </teiHeader>
       <xenoData><number type="in a volume">538</number></xenoData>

              <text xml:id="l_538">
	<body><div>
		<opener index="false">
* 538. О. Н. Озмидовой.
1886 г. Августа 10. Я. П.</opener>
<p rend="left">Милая....!<note xml:id="note1" resp="volume_editor" index="false"> Пропуск в копии письма, имеющейся в распоряжении редакции. По содержанию здесь следует вставить: Ольга <hi style="opdelimiter">Николаевна.</hi><hi style="opnumber">372</hi></note> <choice><reg>Пишет</reg><orig>Пишетъ</orig></choice> за меня, Льва Николаевича,....;<note xml:id="note2" resp="volume_editor" index="false"> Пропуск в копии письма, имеющейся в распоряжении редакции.</note> а <choice><reg>пишет</reg><orig>пишетъ</orig></choice> потому, что я пятый день лежу больной<note xml:id="note3" resp="volume_editor" index="false"> В начале августа 1886 г. Толстой, слезая с воза, ушиб ногу о грядку телеги, отчего получилось воспаление надкостницы, почти на два месяца приковавшее его к постели.</note> рожею на <choice><reg>ноге</reg><orig>ногѣ</orig></choice>, и больно всякое <choice><reg>движение</reg><orig>движенiе</orig></choice>. Первое письмо ваше <choice><reg>так</reg><orig>такъ</orig></choice> порадовало меня своею ясностью, простотой и, главное, <choice><reg>сведениями</reg><orig>свѣдѣнiями</orig></choice> о <choice><reg>вашем</reg><orig>вашемъ</orig></choice> <choice><reg>путешествии</reg><orig>путешествiи</orig></choice> и <hi style="opdelimiter">о</hi><hi style="opnumber">371</hi> <hi style="npnumber">372</hi><hi style="npdelimiter"><choice><reg>всех</reg><orig>всѣхъ</orig></choice></hi> <choice><reg>вас</reg><orig>васъ</orig></choice>. <choice><reg>Ятак</reg><orig>Ятакъ</orig></choice> и <choice><reg>надеялся</reg><orig>надѣялся</orig></choice>, и <choice><reg>надеюсь</reg><orig>надѣюсь</orig></choice> получать <choice><reg>сведения</reg><orig>свѣдѣнiя</orig></choice> о <choice><reg>вас</reg><orig>васъ</orig></choice> <choice><reg>через</reg><orig>черезъ</orig></choice> <choice><reg>впечатления</reg><orig>впечатлѣнiя</orig></choice> вашей души. Была и <choice><reg>в</reg><orig>въ</orig></choice> <choice><reg>первом</reg><orig>первомъ</orig></choice> <choice><reg>письме</reg><orig>письмѣ</orig></choice> унылая нотка,<note xml:id="note4" resp="volume_editor" index="false"> В этом письме О. Н. Озмидова описывала свой переезд на Кавказ и между прочим писала: «Я на всё это пока смотрю с недоверием, мне кажется, что божеского ничего не будет. Если мы хороши, то все равно где ни жить, а если плохи, то, конечно, Кавказ не поможет» (из письма О. Н. Озмидовой от 19 июля 1886 г. АТБ).</note> я <choice><reg>заметил</reg><orig>замѣтилъ</orig></choice> ее. И <choice><reg>вот</reg><orig>вотъ</orig></choice>, простите меня, она разрослась до <choice><reg>ребяческого</reg><orig>ребяческаго</orig></choice>, <choice><reg>жалостного</reg><orig>жалостнаго</orig></choice> плача, <choice><reg>неимеющего</reg><orig>неимѣющаго</orig></choice> <choice><reg>никаких</reg><orig>никакихъ</orig></choice> <choice><reg>разумных</reg><orig>разумныхъ</orig></choice> <choice><reg>причин</reg><orig>причинъ</orig></choice>;<note xml:id="note5" resp="volume_editor" index="false"> В следующем письме от 2 августа 1886 г. О. Н. Озмидова сообщала о своих впечатлениях на Кавказе (где она жила в Толстовской колонии) и о своем угнетенном душевном состоянии. Ко Льву Николаевичу она обращалась с просьбой: «Помогите мне, напишите хоть что-нибудь, хоть совсем не об том, о чем я пишу. Ваше слово укрепит меня, потому что оно непременно будет в связи с богом, а я его потеряла теперь. Теперь я совсем упала духом, — прошу помощи, а ведь сама знаю, что ее не может дать мне никто, кроме Христа и моего общения с ним. Пишу оттого, что очень у меня холодно и тяжело на душе. Я совсем одинока, и Христос далеко от меня. Только мысли со мною и одна другой ужасней и чернее» (АТБ).</note> но спасибо <choice><reg>вам</reg><orig>вамъ</orig></choice>, что вы написали <choice><reg>мне</reg><orig>мнѣ</orig></choice> и это; продолжайте также писать.</p>
<p rend="left">Какое <choice><reg>может</reg><orig>можетъ</orig></choice> быть <choice><reg>безлюдие</reg><orig>безлюдiе</orig></choice> для <choice><reg>вас</reg><orig>васъ</orig></choice>, уже только <choice><reg>с</reg><orig>съ</orig></choice> <choice><reg>отцом</reg><orig>отцомъ</orig></choice>, <choice><reg>с</reg><orig>съ</orig></choice> матерью. Есть во <choice><reg>всех</reg><orig>всѣхъ</orig></choice> <choice><reg>нас</reg><orig>насъ</orig></choice> какая-то странная черта <choice><reg>в</reg><orig>въ</orig></choice> <choice><reg>отношениях</reg><orig>отношенiяхъ</orig></choice> между родителями и <choice><reg>детьми</reg><orig>дѣтьми</orig></choice>, и обратно. Есть большая любовь и недостаточное <choice><reg>внимание</reg><orig>вниманiе</orig></choice> <choice><reg>к</reg><orig>къ</orig></choice> <choice><reg>их</reg><orig>ихъ</orig></choice> жизни. Далеко, далеко <choice><reg>нет</reg><orig>нѣтъ</orig></choice> такого <choice><reg>серьезного</reg><orig>серьезнаго</orig></choice> <choice><reg>внимания</reg><orig>вниманiя</orig></choice> <choice><reg>к</reg><orig>къ</orig></choice> жизни отца, дочери, какое есть <choice><reg>к</reg><orig>къ</orig></choice> самому чуждому <choice><reg>человеку</reg><orig>человѣку</orig></choice>, и я борюсь для себя <choice><reg>с</reg><orig>съ</orig></choice> <choice><reg>этим</reg><orig>этимъ</orig></choice> <choice><reg>заблуждением</reg><orig>заблужденiемъ</orig></choice>, которое <choice><reg>встречаю</reg><orig>встрѣчаю</orig></choice> <choice><reg>везде</reg><orig>вездѣ</orig></choice>, и <choice><reg>вам</reg><orig>вамъ</orig></choice> <choice><reg>советую</reg><orig>совѣтую</orig></choice> <choice><reg>сделать</reg><orig>сдѣлать</orig></choice> то же. Вы говорите: «Далеко <choice><reg>от</reg><orig>отъ</orig></choice> людей». Далеко <choice><reg>от</reg><orig>отъ</orig></choice> людей, <choice><reg>тем</reg><orig>тѣмъ</orig></choice> ближе <choice><reg>к</reg><orig>къ</orig></choice> Богу; святые люди, <choice><reg>Индийцы</reg><orig>Индiйцы</orig></choice> и <choice><reg>христиане</reg><orig>христiане</orig></choice> всегда признавали, и совершенно справедливо, что <choice><reg>удаление</reg><orig>удаленiе</orig></choice> <choice><reg>от</reg><orig>отъ</orig></choice> людей, есть средство <choice><reg>приближения</reg><orig>приближенiя</orig></choice> <choice><reg>к</reg><orig>къ</orig></choice> Богу. Ошибка <choice><reg>их</reg><orig>ихъ</orig></choice> была <choice><reg>в</reg><orig>въ</orig></choice> <choice><reg>том</reg><orig>томъ</orig></choice>, что они это умышленно <choice><reg>делали</reg><orig>дѣлали</orig></choice>; на <choice><reg>вас</reg><orig>васъ</orig></choice> же этой ошибки <choice><reg>нет</reg><orig>нѣтъ</orig></choice>. A <choice><reg>переделывать</reg><orig>передѣлывать</orig></choice> <choice><reg>в</reg><orig>въ</orig></choice> <choice><reg>своем</reg><orig>своемъ</orig></choice> <choice><reg>воображении</reg><orig>воображенiи</orig></choice> совершившееся, <choice><reg>жалеть</reg><orig>жалѣть</orig></choice>, упрекать, это <choice><reg>верное</reg><orig>вѣрное</orig></choice> средство погубить свою жизнь.</p>
<p rend="left"><choice><reg>Крепитесь</reg><orig>Крѣпитесь</orig></choice> же, милая....,<note xml:id="note6" resp="volume_editor" index="false"> Пропуск в копии письма, имеющейся в распоряжении редакции. По содержанию здесь следует вставить: Ольга Николаевна.</note> пишите все — и хорошее, и дурное, и побольше подробностей. Большое спасибо <choice><reg>вам</reg><orig>вамъ</orig></choice> за вечернюю приписку<note xml:id="note7" resp="volume_editor" index="false"> О. Н. Озмидова писала: «Я писала это всё утром, писала и плакала, теперь вечер, и я говорю спокойнее. Надо пожить еще вместе с моими, работать над собою, сделать всё, что я могу и тогда уже искать выхода другого, а то рано еще слишком отчаиваться, терпение и любовь, пополнее, побольше!» (из письма О. Н. Озмидовой от 2 августа 1886 г. АТБ).</note> <choice><reg>в</reg><orig>въ</orig></choice> <choice><reg>конце</reg><orig>концѣ</orig></choice> письма; она меня порадовала и успокоила. На <choice><reg>всех</reg><orig>всѣхъ</orig></choice> <choice><reg>находят</reg><orig>находятъ</orig></choice> <choice><reg>тяжелые</reg><orig>тяжелыя</orig></choice> минуты, большею частью <choice><reg>имеющия</reg><orig>имѣющiя</orig></choice> физическую причину. Главное, надо стараться, чтобы <choice><reg>под</reg><orig>подъ</orig></choice> <choice><reg>состояние</reg><orig>состоянiе</orig></choice> общее грусти и <choice><reg>раздражения</reg><orig>раздраженiя</orig></choice> не подставлять <choice><reg>выдуманных</reg><orig>выдуманныхъ</orig></choice> <choice><reg>причин</reg><orig>причинъ</orig></choice> этой грусти и этого <choice><reg>раздражения</reg><orig>раздраженiя</orig></choice>. «<choice><reg>Мне</reg><orig>Мнѣ</orig></choice> грустно, я раздражена», отчего, на что? Когда <choice><reg>человек</reg><orig>человѣкъ</orig></choice> <choice><reg>дойдет</reg><orig>дойдетъ</orig></choice> до того, что искренно <choice><reg>ответит</reg><orig>отвѣтитъ</orig></choice> <choice><reg>себе</reg><orig>себѣ</orig></choice>: «ни <choice><reg>от</reg><orig>отъ</orig></choice> чего, ни на что», а просто грустно, просто раздражена, тогда и грусть, и <choice><reg>раздражение</reg><orig>раздраженiе</orig></choice> <choice><reg>пройдут</reg><orig>пройдутъ</orig></choice> очень скоро. <choice><reg>Поцелуйте</reg><orig>Поцѣлуйте</orig></choice> вашего отца за меня и <choice><reg>поподробнее</reg><orig>поподробнѣе</orig></choice> напишите о <choice><reg>нем</reg><orig>немъ</orig></choice>. Передайте <choice><reg>привет</reg><orig>привѣтъ</orig></choice> <choice><reg>всем</reg><orig>всѣмъ</orig></choice> <choice><reg>вашим</reg><orig>вашимъ</orig></choice>. <choice><reg>Вам</reg><orig>Вамъ</orig></choice> скучно, a <choice><reg>мне</reg><orig>мнѣ</orig></choice> <choice><reg>вам</reg><orig>вамъ</orig></choice> завидно.</p>
<comments><p rend="Textpetit_otstup left">Печатается по копии, хранящейся в AЧ. Публикуется впервые. Дата копии.</p>
<p rend="petit left">Толстой отвечает на письма О. Н. Озмидовой: от 19 июля 1886 г. и 2 августа 1886 г. (оба из Уч-дере).</p>
<p rend="Textpetit_otstup left"><hi>1</hi> Пропуск в копии письма, имеющейся в распоряжении редакции. По содержанию здесь следует вставить: Ольга <hi style="opdelimiter">Николаевна.</hi><hi style="opnumber">372</hi></p>
<p rend="petit left"><hi>2</hi> Пропуск в копии письма, имеющейся в распоряжении редакции.</p>
<p rend="petit left"><hi>3</hi> В начале августа 1886 г. Толстой, слезая с воза, ушиб ногу о грядку телеги, отчего получилось воспаление надкостницы, почти на два месяца приковавшее его к постели.</p>
<p rend="petit left"><hi>4</hi> В этом письме О. Н. Озмидова описывала свой переезд на Кавказ и между прочим писала: «Я на всё это пока смотрю с недоверием, мне кажется, что божеского ничего не будет. Если мы хороши, то все равно где ни жить, а если плохи, то, конечно, Кавказ не поможет» (из письма О. Н. Озмидовой от 19 июля 1886 г. АТБ).</p>
<p rend="petit left"><hi>5</hi> В следующем письме от 2 августа 1886 г. О. Н. Озмидова сообщала о своих впечатлениях на Кавказе (где она жила в Толстовской колонии) и о своем угнетенном душевном состоянии. Ко Льву Николаевичу она обращалась с просьбой: «Помогите мне, напишите хоть что-нибудь, хоть совсем не об том, о чем я пишу. Ваше слово укрепит меня, потому что оно непременно будет в связи с богом, а я его потеряла теперь. Теперь я совсем упала духом, — прошу помощи, а ведь сама знаю, что ее не может дать мне никто, кроме Христа и моего общения с ним. Пишу оттого, что очень у меня холодно и тяжело на душе. Я совсем одинока, и Христос далеко от меня. Только мысли со мною и одна другой ужасней и чернее» (АТБ).</p>
<p rend="petit left"><hi>6</hi> Пропуск в копии письма, имеющейся в распоряжении редакции. По содержанию здесь следует вставить: Ольга Николаевна.</p>
<p rend="petit left"><hi>7</hi> О. Н. Озмидова писала: «Я писала это всё утром, писала и плакала, теперь вечер, и я говорю спокойнее. Надо пожить еще вместе с моими, работать над собою, сделать всё, что я могу и тогда уже искать выхода другого, а то рано еще слишком отчаиваться, терпение и любовь, пополнее, побольше!» (из письма О. Н. Озмидовой от 2 августа 1886 г. АТБ).</p>
</comments></div></body>
        </text>
        </TEI>