<?xml version='1.0' encoding='UTF-8' standalone='no'?>

<TEI xmlns="http://www.tei-c.org/ns/1.0">
       <teiHeader>
          <fileDesc>
             <titleStmt>
                <title>Письмо №242. С. А. Толстой</title>
             </titleStmt>
             <publicationStmt>
                <publisher>TolstoyLab</publisher>
                <date when="2015-09-14">14 September 2015</date>
             </publicationStmt>
             <sourceDesc>
                <biblStruct>
                   <analytic>
                      <author>Толстой Л.Н.</author>
                   </analytic>
                   <monogr>
                      <title level="m">Полное собрание сочинений. Том 83</title>
                      <imprint>
                         <pubPlace>Москва</pubPlace>
                         <publisher>Государственное издательство "Художественная литература"</publisher>
                         <date when="1938"/>
                      </imprint>
                   </monogr>
                   <series>
                      <title level="s">Л.Н. Толстой. Полное собрание сочинений</title>
                      <biblScope unit="vol">83</biblScope>
                   </series>
                </biblStruct>
				<bibl>Печатается по автографу, хранящемуся в АТБ. Впервые опубликовано по копии, сделанной С. А. Толстой, в ПЖ, стр. 198—199. Датируется на основании почтовых штемпелей: «Бузулук. 23 июнь. 1883; Тула. 26 июнь. 1883» и пометы Толстого «понедельник», который падал на 20 июня 1883 г.</bibl>
             </sourceDesc>
          </fileDesc>
          <encodingDesc>
             <tagsDecl> </tagsDecl>
          </encodingDesc>
          <profileDesc>
             <correspDesc>
                <correspAction type="sending">
                   <persName ref="PersonList.xml#L_N_Tolstoy">Л. Н. Толстой</persName>
                   <placeName ref="PlacesListxml#PLACE">Самарский хутор.</placeName>
                   <date when="1883-06-20">1883 г. Июня 20.</date>            </correspAction>
                <correspAction type="receiving">
                   <persName ref="PersonList.xml#RECEIVER">Толстая Софья Андреевна</persName>
                </correspAction>
                <correspContext>
                   <ref type="prev"/>
                </correspContext>
             </correspDesc>
          </profileDesc>
       </teiHeader>
       <xenoData><number type="in a volume">242</number></xenoData>

       <text xml:id="a20_242">
	<body><div>
		<opener index="false">
242.
1883 г. Июня 20. Самарский хутор.</opener>
<p rend="right"><choice><reg>Понедельник</reg><orig>Понедѣльникъ</orig></choice> — <choice><reg>вечер</reg><orig>вечеръ</orig></choice>.</p>
<p rend="left">Сережа завтра <choice><reg>едет</reg><orig>ѣдетъ</orig></choice> и <choice><reg>свезет</reg><orig>свезетъ</orig></choice> это письмо, <choice><reg>в</reg><orig>въ</orig></choice> Самару. <choice><reg>Сам</reg><orig>Самъ</orig></choice> <choice><reg>он</reg><orig>онъ</orig></choice> <choice><reg>едет</reg><orig>ѣдетъ</orig></choice> на <choice><reg>пароходе</reg><orig>пароходѣ</orig></choice> <choice><reg>с</reg><orig>съ</orig></choice> четой <choice><reg>Богоявленских</reg><orig>Богоявленскихъ</orig></choice> и <choice><reg>с</reg><orig>съ</orig></choice> <choice original_editorial_correction='Ив[аном]'><sic>Ив</sic><corr><choice><reg>Иваном</reg><orig>Иваномъ</orig></choice></corr></choice> <choice original_editorial_correction='Мих[айловичем]'><sic>Мих</sic><corr><choice><reg>Михайловичем</reg><orig>Михайловичемъ</orig></choice></corr></choice>. — <choice><reg>Последнее</reg><orig>Послѣднее</orig></choice> письмо мое <choice><reg>к</reg><orig>къ</orig></choice> <choice><reg>тебе</reg><orig>тебѣ</orig></choice> у меня на <choice><reg>сердце</reg><orig>сердцѣ</orig></choice>. <choice><reg>Может</reg><orig>Можетъ</orig></choice> быть, я <choice><reg>был</reg><orig>былъ</orig></choice> <choice><reg>в</reg><orig>въ</orig></choice> <choice><reg>дурном</reg><orig>дурномъ</orig></choice> <choice><reg>расположении</reg><orig>расположенiи</orig></choice> духа, когда <choice><reg>писал</reg><orig>писалъ</orig></choice>. Во <choice><reg>всяком</reg><orig>всякомъ</orig></choice> <choice><reg>случае</reg><orig>случаѣ</orig></choice> не сердись на меня и не скучай, если только у тебя все хорошо. <choice><reg>Совсем</reg><orig>Совсѣмъ</orig></choice> хорошо <choice><reg>с</reg><orig>съ</orig></choice> такой большой семьей не <choice><reg>может</reg><orig>можетъ</orig></choice> быть всегда; но если <choice><reg>нет</reg><orig>нѣтъ</orig></choice> особенно <choice><reg>дурного</reg><orig>дурнаго</orig></choice>. <choice><reg>Последния</reg><orig>Послѣднiя</orig></choice> письма твои<note xml:id="note1" resp="volume_editor" index="false"> Вероятно имеется в виду письмо от 12 июня.</note> успокоили меня <choice><reg>насчет</reg><orig>насчетъ</orig></choice> коклюша. Но справедливо ли? — Я все время <choice><reg>был</reg><orig>былъ</orig></choice> очень <choice><reg>здоров</reg><orig>здоровъ</orig></choice>; но вчера <choice><reg>расстроился</reg><orig>разстроился</orig></choice> <choice><reg>желудком</reg><orig>желудкомъ</orig></choice>, и нынче опять поправился — <choice><reg>без</reg><orig>безъ</orig></choice> <choice><reg>всяких</reg><orig>всякихъ</orig></choice> <choice><reg>лекарств</reg><orig>лекарствъ</orig></choice>. Скучно <choice><reg>мне</reg><orig>мнѣ</orig></choice> <choice><reg>без</reg><orig>безъ</orig></choice> тебя и <choice><reg>всех</reg><orig>всѣхъ</orig></choice> <choice><reg>наших</reg><orig>нашихъ</orig></choice> — мочи <choice><reg>нет</reg><orig>нѣтъ</orig></choice>; но <choice><reg>потратив</reg><orig>потративъ</orig></choice> уже столько времени, надо кончить, и потому пробуду <choice><reg>все</reg><orig>всѣ</orig></choice> 5 <choice><reg>недель</reg><orig>недѣль</orig></choice>, т. е. <choice><reg>выеду</reg><orig>выѣду</orig></choice>, если буду <choice><reg>жив</reg><orig>живъ</orig></choice>, во <choice><reg>вторник</reg><orig>вторникъ</orig></choice>, т.-е. 28, если не ошибаюсь. <choice><reg>Сокращает</reg><orig>Сокращаетъ</orig></choice> <choice><reg>мне</reg><orig>мнѣ</orig></choice> <choice><reg>здесь</reg><orig>здѣсь</orig></choice> время — работа <choice><reg>землемерства</reg><orig>землемѣрства</orig></choice> и хозяйство; и <choice><reg>как</reg><orig>какъ</orig></choice> <choice><reg>раз</reg><orig>разъ</orig></choice> <choice><reg>к</reg><orig>къ</orig></choice> этому же времени и <choice><reg>дела</reg><orig>дѣла</orig></choice> <choice><reg>все</reg><orig>всѣ</orig></choice> кончу. Работа <choice><reg>землемерства</reg><orig>землемѣрства</orig></choice> немного отрывала меня <choice><reg>от</reg><orig>отъ</orig></choice> <choice><reg>правильного</reg><orig>правильнаго</orig></choice> питья кумыса, и <choice><reg>уж</reg><orig>ужъ</orig></choice> очень я изжегся на <choice><reg>солнце</reg><orig>солнцѣ</orig></choice>, <choice><reg>так</reg><orig>такъ</orig></choice> что весь луплюсь; но эту <choice><reg>последнюю</reg><orig>послѣднюю</orig></choice> <choice><reg>неделю</reg><orig>недѣлю</orig></choice> хочу себя<note xml:id="note2" resp="volume_editor" index="false"> <hi>В подлиннике:</hi> <choice><reg>себе</reg><orig>себѣ</orig></choice>.</note> беречь. — Несмотря на скуку, <choice><reg>впечатлений</reg><orig>впечатлѣнiй</orig></choice> я <choice><reg>получил</reg><orig>получилъ</orig></choice> пропасть; но именно <choice><reg>впечатлений</reg><orig>впечатлѣнiй</orig></choice>, а не мыслей. Мыслей <choice><reg>нет</reg><orig>нѣтъ</orig></choice>. И не скажу, чтобы <choice><reg>без</reg><orig>безъ</orig></choice> <choice><reg>них</reg><orig>нихъ</orig></choice> было хорошо. Чувствуешь себя <choice><reg>глупым</reg><orig>глупымъ</orig></choice> и <choice><reg>дрянным</reg><orig>дряннымъ</orig></choice>. — Желаешь <choice><reg>себе</reg><orig>себѣ</orig></choice> всего получше и боишься смерти и <choice><reg>болезни</reg><orig>болѣзни</orig></choice>, А это все дурно. — Письмо это <choice><reg>вероятно</reg><orig>вѣроятно</orig></choice> ты получишь незадолго до моего <choice><reg>приезда</reg><orig>прiѣзда</orig></choice> и <choice><reg>вместе</reg><orig>вмѣстѣ</orig></choice> <choice><reg>с</reg><orig>съ</orig></choice> Сережей. <choice><reg>Он</reg><orig>Онъ</orig></choice> хоть плохой <choice><reg>рассказчик</reg><orig>разсказчикъ</orig></choice>, все таки <choice><reg>расскажет</reg><orig>разскажетъ</orig></choice> все про меня и <choice><reg>наших</reg><orig>нашихъ</orig></choice> жителей, <choice original_editorial_correction='кот[орые]'><sic>кот</sic><corr>которые</corr></choice>, я знаю, тебя <choice><reg>тревожат</reg><orig>тревожатъ</orig></choice> — напрасно. <choice><reg>Народ</reg><orig>Народъ</orig></choice> все добрый, но для <hi style="opdelimiter">меня</hi><hi style="opnumber">393</hi> <hi style="npnumber">394</hi><hi style="npdelimiter"><choice><reg>совсем</reg><orig>совсѣмъ</orig></choice></hi> неинтересный. Все <choice><reg>их</reg><orig>ихъ</orig></choice> <choice><reg>миросозерцание</reg><orig>мiросозерцанiе</orig></choice> <choice><reg>мне</reg><orig>мнѣ</orig></choice> давно знакомо.</p>
<p rend="left"><choice><reg>Хотел</reg><orig>Хотѣлъ</orig></choice> я <choice><reg>с</reg><orig>съ</orig></choice> Сережей послать <choice><reg>в</reg><orig>въ</orig></choice> Москву деньги, чтобы заплатить проценты за <choice><reg>дом</reg><orig>домъ</orig></choice>. Да не помню <choice><reg>срок</reg><orig>срокъ</orig></choice>, количество и боюсь ему поручить. —</p>
<p rend="left"><choice><reg>Денег</reg><orig>Денегъ</orig></choice> я привезу, <choice><reg>вероятно</reg><orig>вѣроятно</orig></choice> около 1000 рублей <choice><reg>с</reg><orig>съ</orig></choice> собою. Тогда <choice><reg>пошлем</reg><orig>пошлемъ</orig></choice>. —</p>
<p rend="left">Посылаю <choice><reg>с</reg><orig>съ</orig></choice> Сережей <choice><reg>человека</reg><orig>человѣка</orig></choice> до Самары, чтобы <choice><reg>он</reg><orig>онъ</orig></choice> <choice><reg>привез</reg><orig>привезъ</orig></choice> <choice><reg>мне</reg><orig>мнѣ</orig></choice> твои письма, и <choice><reg>с</reg><orig>съ</orig></choice> <choice><reg>большим</reg><orig>большимъ</orig></choice> <choice><reg>волнением</reg><orig>волненiемъ</orig></choice> буду ждать <choice><reg>их</reg><orig>ихъ</orig></choice> <choice><reg>в</reg><orig>въ</orig></choice> <choice><reg>четверг</reg><orig>четвергъ</orig></choice>. —</p>
<p rend="left">Лошадей <choice><reg>Сухотинских</reg><orig>Сухотинскихъ</orig></choice> и <choice><reg>своих</reg><orig>своихъ</orig></choice> <choice><reg>несколько</reg><orig>нѣсколько</orig></choice> все не <choice><reg>успеваю</reg><orig>успѣваю</orig></choice> отправить. Должно быть, отправлю на этой <choice><reg>неделе</reg><orig>недѣлѣ</orig></choice>. —</p>
<p rend="left">Прощай, душенька. <choice><reg>Слишком</reg><orig>Слишкомъ</orig></choice> много хочется сказать, <choice><reg>от</reg><orig>отъ</orig></choice> этого не пишу. <choice><reg>Целую</reg><orig>Цѣлую</orig></choice> <choice><reg>всех</reg><orig>всѣхъ</orig></choice>. Напишу еще по <choice><reg>получении</reg><orig>полученiи</orig></choice> <choice><reg>твоих</reg><orig>твоихъ</orig></choice>. — Обнимаю <choice original_editorial_correction='те[бя]'><sic>те</sic><corr>тебя</corr></choice>.</p>
<lb/>
<p rend="left"><hi>На конверте:</hi> Тула. <choice><reg>Графине</reg><orig>Графинѣ</orig></choice> <choice><reg>Софье</reg><orig>Софьѣ</orig></choice> <choice><reg>Андревне</reg><orig>Андревнѣ</orig></choice> Толстой.</p>
<comments><p rend="Textpetit_otstup left">Печатается по автографу, хранящемуся в АТБ. Впервые опубликовано по копии, сделанной С. А. Толстой, в ПЖ, стр. 198—199. Датируется на основании почтовых штемпелей: «Бузулук. 23 июнь. 1883; Тула. 26 июнь. 1883» и пометы Толстого «понедельник», который падал на 20 июня 1883 г.</p>
<p rend="Textpetit_otstup left"><hi>1</hi> Вероятно имеется в виду письмо от 12 июня.</p>
<p rend="petit left"><hi>2</hi> <hi>В подлиннике:</hi> <choice><reg>себе</reg><orig>себѣ</orig></choice>.</p>
</comments></div></body>
        </text>
        </TEI>