<?xml version='1.0' encoding='UTF-8' standalone='no'?>

<TEI xmlns="http://www.tei-c.org/ns/1.0">
       <teiHeader>
          <fileDesc>
             <titleStmt>
                <title>Письмо №105. Н. А. Некрасову.</title>
             </titleStmt>
             <publicationStmt>
                <publisher>TolstoyLab</publisher>
                <date when="2015-09-14">14 September 2015</date>
             </publicationStmt>
             <sourceDesc>
                <biblStruct>
                   <analytic>
                      <author>Толстой Л.Н.</author>
                   </analytic>
                   <monogr>
                      <title level="m">Полное собрание сочинений. Том 60</title>
                      <imprint>
                         <pubPlace>Москва</pubPlace>
                         <publisher>Государственное издательство "Художественная литература"</publisher>
                         <date when="1949"/>
                      </imprint>
                   </monogr>
                   <series>
                      <title level="s">Л.Н. Толстой. Полное собрание сочинений</title>
                      <biblScope unit="vol">60</biblScope>
                   </series>
                </biblStruct>
				<bibl>Впервые опубликовано в АК, стр. 199—200. Письмо является ответом на письмо Некрасова от 22 февраля 1858 г. См. прим. 1 к п. № 104.</bibl>
             </sourceDesc>
          </fileDesc>
          <encodingDesc>
             <tagsDecl> </tagsDecl>
          </encodingDesc>
          <profileDesc>
             <correspDesc>
                <correspAction type="sending">
                   <persName ref="PersonList.xml#L_N_Tolstoy">Л. Н. Толстой</persName>
                   <placeName ref="PlacesListxml#PLACE">Москва.</placeName>
                   <date when="1858-02-26">1858 г. Февраля 26.</date>            </correspAction>
                <correspAction type="receiving">
                   <persName ref="PersonList.xml#RECEIVER">Некрасов Николай Алексеевич</persName>
                </correspAction>
                <correspContext>
                   <ref type="prev"/>
                </correspContext>
             </correspDesc>
          </profileDesc>
       </teiHeader>
       <xenoData><number type="in a volume">105</number></xenoData>

              <text xml:id="N.A.Nekrasovu_105">
	<body><div>
		<opener index="false">
105. Н. А. Некрасову.
1858 г. Февраля 26. Москва.</opener>
<p rend="left">Нынче получил ваш циркуляр и спешу отвечать. Что я вполне согласен на разрыв союза, вы убедитесь из моего прежнего письма. Что вы поступили совершенно справедливо, в этом тоже нет никакого сомненья. Итогом своего рассчета я вполне доволен, и, ежели можете, пришлите мне поскорее следуемые деньги. К Марту месяцу уже я вам не поспею с новой вещью, а в Марте надеюсь сам вас видеть и прочесть вам. Затем прощайте, любезный Николай Алексеевич. Я боюсь, вследствие того, что мы давно не видались, и эти рассчеты, между нами что-то неладно. —</p>
<p rend="left">Я этого очень, очень бы не желал.</p>
<p rend="right">Ваш Гр. Л. Толстой.</p>
<p rend="left">26 Февраля.</p>
<comments><p rend="Textpetit_otstup left">Впервые опубликовано в АК, стр. 199—200. Письмо является ответом на письмо Некрасова от 22 февраля 1858 г. См. прим. 1 к п. № 104.</p>
</comments></div></body>
        </text>
        </TEI>