<?xml version='1.0' encoding='UTF-8' standalone='no'?>

<TEI xmlns="http://www.tei-c.org/ns/1.0">
       <teiHeader>
          <fileDesc>
             <titleStmt>
                <title>Письмо №40. С. А. Толстой</title>
             </titleStmt>
             <publicationStmt>
                <publisher>TolstoyLab</publisher>
                <date when="2015-09-14">14 September 2015</date>
             </publicationStmt>
             <sourceDesc>
                <biblStruct>
                   <analytic>
                      <author>Толстой Л.Н.</author>
                   </analytic>
                   <monogr>
                      <title level="m">Полное собрание сочинений. Том 83</title>
                      <imprint>
                         <pubPlace>Москва</pubPlace>
                         <publisher>Государственное издательство "Художественная литература"</publisher>
                         <date when="1938"/>
                      </imprint>
                   </monogr>
                   <series>
                      <title level="s">Л.Н. Толстой. Полное собрание сочинений</title>
                      <biblScope unit="vol">83</biblScope>
                   </series>
                </biblStruct>
             </sourceDesc>
          </fileDesc>
          <encodingDesc>
             <tagsDecl> </tagsDecl>
          </encodingDesc>
          <profileDesc>
             <correspDesc>
                <correspAction type="sending">
                   <persName ref="PersonList.xml#L_N_Tolstoy">Л. Н. Толстой</persName>
                   <placeName ref="PlacesListxml#PLACE">Никольское.</placeName>
                   <date when="1865-05-21">1865 г. Мая 21.</date>            </correspAction>
                <correspAction type="receiving">
                   <persName ref="PersonList.xml#RECEIVER">Толстая Софья Андреевна</persName>
                </correspAction>
                <correspContext>
                   <ref type="prev"/>
                </correspContext>
             </correspDesc>
          </profileDesc>
       </teiHeader>
       <xenoData><number type="in a volume">40</number></xenoData>

       <text xml:id="a21_40">
	<body><div>
		<opener index="false">
40.
1865 г. Мая 21. Никольское.</opener>
<p rend="right">Пятница, 21.</p>
<p rend="left">Пишу <choice><reg>тебе</reg><orig>тебѣ</orig></choice> <choice><reg>в</reg><orig>въ</orig></choice> 12 <choice><reg>часов</reg><orig>часовъ</orig></choice> дня <choice><reg>из</reg><orig>изъ</orig></choice> <choice><reg>Никольского</reg><orig>Никольскаго</orig></choice>, куда я <choice><reg>сейчас</reg><orig>сейчасъ</orig></choice> <choice><reg>приехал</reg><orig>прiѣхалъ</orig></choice> <choice><reg>от</reg><orig>отъ</orig></choice> Дьякова.<note xml:id="note1" resp="volume_editor" index="false"> Дмитрий Алексеевич Дьяков (1823—1891), сын Алексея Николаевича (1790—1837) и Ирины Дмитриевны, рожд. Полторацкой, майор уланского полка, помещик, владелец имения Черемошня в Новосильском уезде Тульской губернии. В. В. Нагорнова так характеризует его: «Это был человек типа сороковых годов. Барин в душе, образованный и образцовый хозяин. Я как сейчас вижу его: плотный, белокурый, широкоплечий, ростом выше среднего; его лицо выражало доброту с оттенком юмора, свойственного его характеру» (Иллюстр. прил. к «Новому времени» за 1916 г., № 14434). Другая племянница Толстого Е. В. Оболенская описывает Дьякова: «Он был очень хорошим человеком, но совсем другого склада, чем дядя. Веселый, остроумный, с большим юмором, рассказывая самые печальные вещи, он вдруг ввернет такую фразу, что невольно засмеешься. Горячий, благородный, он к жизни относился серьезно, но умствование ему было чуждо; он не задавался никакими вопросами и жил, мало анализируя свои чувства. Он немного отдалился от Льва Николаевича, когда в воззрениях этого последнего на жизнь, на смысл жизни совершился переворот; он как будто перестал понимать его. Помню, как-то после какого-то разговора со Львом Николаевичем, он с присущей ему горячностью сказал: «Я привык разговаривать с Левочкой, а это разве Левочка — это какой-то бог Саваоф» («Октябрь» 1928, № 9—10, стр. 228). Д. А. Дьяков был дружен с Толстым с молодых лет. О своем изображении дружбы между Иртеневым и Нехлюдовым (в «Отрочестве») Толстой писал: «Материал для этого описания дружбы дала мне позднейшая дружба с Дьяковым в первый год моего студенчества в Казани». Толстой был в постоянной переписке с Дьяковым. По свидетельству сына Дьякова, большое количество писем Толстого, остававшихся у Дьяковых, погибло в Москве. О Дьякове см. гл. V в книге И. Л. Толстого «Мои воспоминания». М. 1914.</note> Начну сначала. <choice><reg>В</reg><orig>Въ</orig></choice> Никольское я <choice><reg>приехал</reg><orig>прiѣхалъ</orig></choice> часу во <choice><reg>втором</reg><orig>второмъ</orig></choice> на <choice><reg>рассвете</reg><orig>разсвѣтѣ</orig></choice>. Очень <choice><reg>устал</reg><orig>усталъ</orig></choice> и на <choice><reg>новом</reg><orig>новомъ</orig></choice> <choice><reg>месте</reg><orig>мѣстѣ</orig></choice> долго не <choice><reg>заснул</reg><orig>заснулъ</orig></choice>. Проснулся <choice><reg>в</reg><orig>въ</orig></choice> <choice><reg>11-м</reg><orig>11-мъ</orig></choice>. <choice original_editorial_correction='Т[атьяна]'><sic>Т</sic><corr>Татьяна</corr></choice> <choice original_editorial_correction='Д[митриевна]'><sic>Д</sic><corr><choice><reg>Дмитриевна</reg><orig>Дмитрiевна</orig></choice></corr></choice><note xml:id="note2" resp="volume_editor" index="false"> «Вдова бывшего управляющего Ясной поляной Андрея Ильина, жила в Никольском из жалости» (н. п. С. А.). Возможно, что С. А. Толстая ошиблась, и это — жена И. И. Орлова.</note> угащивала меня <choice><reg>чаем</reg><orig>чаемъ</orig></choice> и <choice><reg>хотела</reg><orig>хотѣла</orig></choice> готовить <choice><reg>обед</reg><orig>обѣдъ</orig></choice>, но я <choice><reg>решился</reg><orig>рѣшился</orig></choice> <choice><reg>ехать</reg><orig>ѣхать</orig></choice> <choice><reg>к</reg><orig>къ</orig></choice> Дьякову. Хозяйство хорошо, и <hi style="opdelimiter"><choice><reg>Иван</reg><orig>Иванъ</orig></choice></hi><hi style="opnumber">98</hi> <hi style="npnumber">99</hi><hi style="npdelimiter"><choice><reg>Иваныч</reg><orig>Иванычъ</orig></choice></hi><note xml:id="note3" resp="volume_editor" index="false"> «Орлов, Ив. Ив., бывший школьный учитель, назначенный Л. Н-чем управляющим в Никольское-Вяземское» (н. п. С. А.).</note> <choice><reg>хорош</reg><orig>хорошъ</orig></choice>. <choice><reg>Xлебà</reg><orig>Xлѣбà</orig></choice> <choice><reg>здесь</reg><orig>здѣсь</orig></choice> гораздо лучше <choice><reg>наших</reg><orig>нашихъ</orig></choice>, но 20 <choice original_editorial_correction='дес[ятин]'><sic>дес</sic><corr><choice><reg>десятин</reg><orig>десятинъ</orig></choice></corr></choice> свекловицы <choice><reg>погибают</reg><orig>погибаютъ</orig></choice> <choice><reg>от</reg><orig>отъ</orig></choice> мушкары. Я все <choice><reg>врал</reg><orig>вралъ</orig></choice>, что <choice><reg>в</reg><orig>въ</orig></choice> <choice><reg>Никольском</reg><orig>Никольскомъ</orig></choice> 800 <choice original_editorial_correction='четв[ертей]'><sic>четв</sic><corr>четвертей</corr></choice> овса. <choice><reg>Здесь</reg><orig>Здѣсь</orig></choice> 500 <choice original_editorial_correction='четв[ертей]'><sic>четв</sic><corr>четвертей</corr></choice> ржи и 480 <choice original_editorial_correction='четв[ертей]'><sic>четв</sic><corr>четвертей</corr></choice> овса. <choice><reg>Так</reg><orig>Такъ</orig></choice> что <choice><reg>денег</reg><orig>денегъ</orig></choice> гораздо больше, <choice><reg>чем</reg><orig>чѣмъ</orig></choice> я <choice><reg>предполагал</reg><orig>предполагалъ</orig></choice>. Тысячи на 2<hi>1</hi>/<sub>2</sub>. Я не нарадуюсь своему счастью, что у меня <choice><reg>здесь</reg><orig>здѣсь</orig></choice> <choice><reg>Иван</reg><orig>Иванъ</orig></choice> <choice><reg>Иваныч</reg><orig>Иванычъ</orig></choice>. Трезвый, <hi>честный</hi> и порядочный <choice><reg>человек</reg><orig>человѣкъ</orig></choice>.</p>
<p rend="left"><choice><reg>Итак</reg><orig>Итакъ</orig></choice>, я <choice><reg>потолковал</reg><orig>потолковалъ</orig></choice> <choice><reg>с</reg><orig>съ</orig></choice> <choice original_editorial_correction='Ив[аном]'><sic>Ив</sic><corr><choice><reg>Иваном</reg><orig>Иваномъ</orig></choice></corr></choice> <choice original_editorial_correction='Иван[овичем]'><sic>Иван</sic><corr><choice><reg>Ивановичем</reg><orig>Ивановичемъ</orig></choice></corr></choice>, <choice><reg>посмотрел</reg><orig>посмотрѣлъ</orig></choice> сады, скотину (все хорошо) и <choice><reg>поехал</reg><orig>поѣхалъ</orig></choice> <choice><reg>к</reg><orig>къ</orig></choice> Дьякову. Ближе, <choice><reg>чем</reg><orig>чѣмъ</orig></choice> 15 <choice><reg>верст</reg><orig>верстъ</orig></choice>. У Дьякова прелесть что за <choice><reg>дом</reg><orig>домъ</orig></choice>, что за <choice><reg>балкон</reg><orig>балконъ</orig></choice>, лучше вашего Покровского,<note xml:id="note5" resp="volume_editor" index="false"> Имеется в виду дача, на которой жили Берсы в Покровском-Стрешневе под Москвой.</note> <choice><reg>как</reg><orig>какъ</orig></choice> <choice><reg>песочком</reg><orig>песочкомъ</orig></choice> усыпаны дорожки, какая ограда.<note xml:id="note6" resp="volume_editor" index="false"> <hi>В подлиннике:</hi> вопросительный знак.</note> Все отлично. А <choice><reg>вошел</reg><orig>вошелъ</orig></choice> <choice><reg>к</reg><orig>къ</orig></choice> нему, <choice><reg>он</reg><orig>онъ</orig></choice> <choice><reg>в</reg><orig>въ</orig></choice> 4 часа еще не <choice><reg>одевался</reg><orig>одѣвался</orig></choice>. Жена<note xml:id="note7" resp="volume_editor" index="false"> Дарья Александровна Дьякова (1830—1867), рожд. Тулубьева.</note> <choice><reg>с</reg><orig>съ</orig></choice> <choice><reg>самого</reg><orig>самаго</orig></choice> <choice><reg>приезда</reg><orig>прiѣзда</orig></choice> все <choice><reg>хворает</reg><orig>хвораетъ</orig></choice> ревматизмами <choice><reg>в</reg><orig>въ</orig></choice> <choice><reg>голове</reg><orig>головѣ</orig></choice>, и Маша<note xml:id="note8" resp="volume_editor" index="false"> Марья Дмитриевна Дьякова (1850—1903), вышла в 1876 г. замуж за Николая Аполлоновича Колокольцова (1848—1920).</note> заболѣла только утромъ — маленькій жаръ. Кромѣ того, что онѣ больны, видно, что она скучаетъ, и онъ опустился — пасмурно у нихъ. Онъ въ полѣ ни разу не былъ. Онъ очень радъ былъ, что его зовутъ къ намъ, и ему хочется. Ежели его жена и Маша поправятся (нынче имъ уже было лучше), онъ пріѣдетъ завтра ко мнѣ, и мы вмѣстѣ пріѣдемъ. Несмотря на его уныніе и апатію къ хозяйству — оно идетъ у него все таки на большую ногу. — Я все таки у него очень пріятно провелъ день. Но съ усталости или съ чего — не знаю, спалъ ночь прескверно, и почувствовалъ себя нехорошо, и потому не уѣхалъ, какъ хотѣлъ вечеромъ или рано утромъ, и потому опоздалъ тебѣ письмомъ. — Теперь въ Никольскомъ получилъ отвѣтъ отъ дурака Посредника, посылалъ Ив[ана] Иван[овича] къ землемѣру, а самъ поѣду (выспавшись) по лѣсамъ и полямъ. Задержать меня ничего, кажется, не можетъ, и къ обѣду, самое позднее, я пріѣду въ воскресенье. — Нынче я начинаю безпокоиться и чувствовать себя одинокимъ, и очень радъ буду твоему письму. Я во все время ни на кого не сердился и не увлекался ничѣмъ, но пасмурно,<note xml:id="note9" resp="volume_editor" index="false"> «пасмурно» — обозначает не погоду, а настроение. Погода стояла засушливая.</note> погода все хуже и хуже.</p>
<p rend="left">Прощай, душенька. Иду спать.</p>
<p rend="left">Устроимся мы <choice><reg>все</reg><orig>всѣ</orig></choice> <choice><reg>в</reg><orig>въ</orig></choice> <choice><reg>Никольском</reg><orig>Никольскомъ</orig></choice> прекрасно.<note xml:id="note10" resp="volume_editor" index="false"> Т. А. Кузминская, жившая в Никольском с Толстыми летом 1865 г., так описывает усадьбу: «В те времена в Никольском был небольшой дом. В доме было пять комнат: общая столовая — довольно <hi style="opdelimiter">большая,</hi><hi style="opnumber">100</hi> <hi style="npnumber">101</hi><hi style="npdelimiter">корридор,</hi> три комнаты жилых и маленький кабинет Льва Николаевича» («Моя жизнь дома и в Ясной поляне», III, стр. 61).</note> Только перегородку переставить, <choice><reg>нужник</reg><orig>нужникъ</orig></choice> <choice><reg>приделать</reg><orig>придѣлать</orig></choice> и одну комнатку подклеить. — <choice><reg>Тетиньке</reg><orig>Тетинькѣ</orig></choice> <choice><reg>будет</reg><orig>будетъ</orig></choice> комната, и <choice><reg>Тане</reg><orig>Танѣ</orig></choice> комната. Когда <choice><reg>приеду</reg><orig>прiѣду</orig></choice>, все растолкую.</p>
<lb/>
<p rend="left"><hi>На четвертой странице:</hi> Ея Сіятельству Графинѣ Софьѣ Андревнѣ Толстой. На Лапотковскую <hi style="opdelimiter"><choice><reg>станцию</reg><orig>станцiю</orig></choice>.</hi><hi style="opnumber">99</hi></p>
<comments><p rend="Textpetit_otstup left"><hi style="npnumber">100</hi><hi style="npdelimiter">Печатается</hi> по автографу, хранящемуся в АТБ. Впервые опубликовано по копии, сделанной С. А. Толстой, в ПЖ, стр. 42—43. В ПЖ датировано: апрель или май.</p>
<p rend="Textpetit_otstup left"><hi>1</hi> Дмитрий Алексеевич Дьяков (1823—1891), сын Алексея Николаевича (1790—1837) и Ирины Дмитриевны, рожд. Полторацкой, майор уланского полка, помещик, владелец имения Черемошня в Новосильском уезде Тульской губернии. В. В. Нагорнова так характеризует его: «Это был человек типа сороковых годов. Барин в душе, образованный и образцовый хозяин. Я как сейчас вижу его: плотный, белокурый, широкоплечий, ростом выше среднего; его лицо выражало доброту с оттенком юмора, свойственного его характеру» (Иллюстр. прил. к «Новому времени» за 1916 г., № 14434). Другая племянница Толстого Е. В. Оболенская описывает Дьякова: «Он был очень хорошим человеком, но совсем другого склада, чем дядя. Веселый, остроумный, с большим юмором, рассказывая самые печальные вещи, он вдруг ввернет такую фразу, что невольно засмеешься. Горячий, благородный, он к жизни относился серьезно, но умствование ему было чуждо; он не задавался никакими вопросами и жил, мало анализируя свои чувства. Он немного отдалился от Льва Николаевича, когда в воззрениях этого последнего на жизнь, на смысл жизни совершился переворот; он как будто перестал понимать его. Помню, как-то после какого-то разговора со Львом Николаевичем, он с присущей ему горячностью сказал: «Я привык разговаривать с Левочкой, а это разве Левочка — это какой-то бог Саваоф» («Октябрь» 1928, № 9—10, стр. 228). Д. А. Дьяков был дружен с Толстым с молодых лет. О своем изображении дружбы между Иртеневым и Нехлюдовым (в «Отрочестве») Толстой писал: «Материал для этого описания дружбы дала мне позднейшая дружба с Дьяковым в первый год моего студенчества в Казани». Толстой был в постоянной переписке с Дьяковым. По свидетельству сына Дьякова, большое количество писем Толстого, остававшихся у Дьяковых, погибло в Москве. О Дьякове см. гл. V в книге И. Л. Толстого «Мои воспоминания». М. 1914.</p>
<p rend="petit left"><hi>2</hi> «Вдова бывшего управляющего Ясной поляной Андрея Ильина, жила в Никольском из жалости» (н. п. С. А.). Возможно, что С. А. Толстая ошиблась, и это — жена И. И. Орлова.</p>
<p rend="petit left"><hi>3</hi> «Орлов, Ив. Ив., бывший школьный учитель, назначенный Л. Н-чем управляющим в Никольское-Вяземское» (н. п. С. А.).</p>
<p rend="petit left"><hi>4</hi> Имеется в виду дача, на которой жили Берсы в Покровском-Стрешневе под Москвой.</p>
<p rend="petit left"><hi>5</hi> <hi>В подлиннике:</hi> вопросительный знак.</p>
<p rend="petit left"><hi>6</hi> Дарья Александровна Дьякова (1830—1867), рожд. Тулубьева.</p>
<p rend="petit left"><hi>7</hi> Марья Дмитриевна Дьякова (1850—1903), вышла в 1876 г. замуж за Николая Аполлоновича Колокольцова (1848—1920).</p>
<p rend="petit left"><hi>8</hi> «пасмурно» — обозначает не погоду, а настроение. Погода стояла засушливая.</p>
<p rend="petit left"><hi>9</hi> Т. А. Кузминская, жившая в Никольском с Толстыми летом 1865 г., так описывает усадьбу: «В те времена в Никольском был небольшой дом. В доме было пять комнат: общая столовая — довольно <hi style="opdelimiter">большая,</hi><hi style="opnumber">100</hi> <hi style="npnumber">101</hi><hi style="npdelimiter">корридор,</hi> три комнаты жилых и маленький кабинет Льва Николаевича» («Моя жизнь дома и в Ясной поляне», III, стр. 61).</p>
</comments></div></body>
        </text>
        </TEI>