<?xml version='1.0' encoding='UTF-8' standalone='no'?>

<TEI xmlns="http://www.tei-c.org/ns/1.0">
       <teiHeader>
          <fileDesc>
             <titleStmt>
                <title>Письмо №239. П. И. Бартеневу.</title>
             </titleStmt>
             <publicationStmt>
                <publisher>TolstoyLab</publisher>
                <date when="2015-09-14">14 September 2015</date>
             </publicationStmt>
             <sourceDesc>
                <biblStruct>
                   <analytic>
                      <author>Толстой Л.Н.</author>
                   </analytic>
                   <monogr>
                      <title level="m">Полное собрание сочинений. Том 61</title>
                      <imprint>
                         <pubPlace>Москва</pubPlace>
                         <publisher>Государственное издательство "Художественная литература"</publisher>
                         <date when="1953"/>
                      </imprint>
                   </monogr>
                   <series>
                      <title level="s">Л.Н. Толстой. Полное собрание сочинений</title>
                      <biblScope unit="vol">61</biblScope>
                   </series>
                </biblStruct>
				<bibl>Впервые опубликовано в «Русском архиве», 1914, 1, стр. 87—88.</bibl>
             </sourceDesc>
          </fileDesc>
          <encodingDesc>
             <tagsDecl> </tagsDecl>
          </encodingDesc>
          <profileDesc>
             <correspDesc>
                <correspAction type="sending">
                   <persName ref="PersonList.xml#L_N_Tolstoy">Л. Н. Толстой</persName>
                   <placeName ref="PlacesListxml#PLACE">Я. П.</placeName>
                   <date when="1867-11-26">1867 г. Ноября 26.</date>            </correspAction>
                <correspAction type="receiving">
                   <persName ref="PersonList.xml#RECEIVER">Бартенев Петр Иванович</persName>
                </correspAction>
                <correspContext>
                   <ref type="prev"/>
                </correspContext>
             </correspDesc>
          </profileDesc>
       </teiHeader>
       <xenoData><number type="in a volume">239</number></xenoData>

              <text xml:id="P__I__Bartenevu_239">
	<body><div>
		<opener index="false">
239. П. И. Бартеневу.
1867 г. Ноября 26. Я. П.</opener>
<p rend="right">26 Nоября.</p>
<p rend="left">Посылаю последние коректуры 3-го тома. Я измучился за ними, но зато единственной стороной доволен. Они ужасно измараны. В большей части есть подряд переписанные для ясности листы, в некоторых — нет. Но прочесть и разобрать всё можно. Ежели же бы вышло недоразумение — неясность, лучше велите прислать мне еще раз коректуры.</p>
<p rend="left">Во многих листах пришитых и сплошь переписанных (для ясности) прибавлено иногда и изменено. Одним словом, <hi>держаться надо редакции переписанных</hi> <hi style="opdelimiter"><hi>листов</hi>.</hi><hi style="opnumber">183</hi></p>
<p rend="left"><hi style="npnumber">184</hi><hi style="npdelimiter">Эти</hi> все гранки самое важное место романа — узел. Ради бога, просмотрите повнимательнее и при малейшем сомнении пришлите мне другой раз.</p>
<p rend="left">У меня в голове страшный дурман — я 4-й день не разгибаясь работаю, и теперь 2-й час ночи.<note xml:id="note1" resp="volume_editor" index="false"> Видимо, письмо писалось в ночь с 26-го на 27 ноября.</note></p>
<p rend="left">Четвертый том пойдет легко, завтра пришлю еще рукописи.</p>
<p rend="right">Л. Толстой.</p>
<p rend="left">Пришлите мне экземпляр. —</p>
<p rend="left">Отвечайте поскорее.</p>
<comments><p rend="Textpetit_otstup left">Впервые опубликовано в «Русском архиве», 1914, 1, стр. 87—88.</p>
<p rend="petit left">Было послано вместе с последней корректурой третьего тома.</p>
<p rend="Textpetit_otstup left"><hi>1</hi> Видимо, письмо писалось в ночь с 26-го на 27 ноября.</p>
</comments></div></body>
        </text>
        </TEI>