<?xml version='1.0' encoding='UTF-8' standalone='no'?>

<TEI xmlns="http://www.tei-c.org/ns/1.0">
       <teiHeader>
          <fileDesc>
             <titleStmt>
                <title>Письмо №* 65. Е. Хлебцевичу. Черновое.</title>
             </titleStmt>
             <publicationStmt>
                <publisher>TolstoyLab</publisher>
                <date when="2015-09-14">14 September 2015</date>
             </publicationStmt>
             <sourceDesc>
                <biblStruct>
                   <analytic>
                      <author>Толстой Л.Н.</author>
                   </analytic>
                   <monogr>
                      <title level="m">Полное собрание сочинений. Том 81</title>
                      <imprint>
                         <pubPlace>Москва</pubPlace>
                         <publisher>Государственное издательство "Художественная литература"</publisher>
                         <date when="1956"/>
                      </imprint>
                   </monogr>
                   <series>
                      <title level="s">Л.Н. Толстой. Полное собрание сочинений</title>
                      <biblScope unit="vol">81</biblScope>
                   </series>
                </biblStruct>
				<bibl>Печатается по черновику-автографу, написанному на почтовой бумаге. На конверте письма Хлебцевича Толстым написано и зачеркнуто: Кооперативы не могут объединить людей в духов... Дата определяется пометами А. Л. Толстой на конверте письма Хлебцевича и в регистрационной книге писем.</bibl>
             </sourceDesc>
          </fileDesc>
          <encodingDesc>
             <tagsDecl> </tagsDecl>
          </encodingDesc>
          <profileDesc>
             <correspDesc>
                <correspAction type="draft">
                   <persName ref="PersonList.xml#L_N_Tolstoy">Л. Н. Толстой</persName>
                   <placeName ref="PlacesListxml#PLACE">Я. П.</placeName>
                   <date when="1910-01-18">1910 г. Января 18.</date>            </correspAction>
                <correspAction type="receiving">
                   <persName ref="PersonList.xml#RECEIVER">Хлебцевич Евгений</persName>
                </correspAction>
                <correspContext>
                   <ref type="prev"/>
                </correspContext>
             </correspDesc>
          </profileDesc>
       </teiHeader>
       <xenoData><number type="in a volume">65</number></xenoData>

       <text xml:id="E.Xlebcevichu_65">
	<body><div>
		<opener index="false">
* 65. Е. Хлебцевичу. Черновое.
1910 г. Января 18. Я. П.</opener>
<p rend="left">Духовное единение людей совершается только через одинаковое понимание человеком своего отношения к миру и вытекающего из этого отношения назначения, т. е. религия.</p>
<p rend="left">Про кооперативы же думаю, что они никак не могут вредить, а <choice original_editorial_correction='скор[ее]'><sic>скор</sic><corr>скорее</corr></choice> могут содействовать единению людей.</p>
<p rend="left">Никакая организация, если только она не поддерживается насилием, не может связать свободного человека. Одобряешь цель и деятельность организации — участвуешь в ней. Находишь их противными своим нравственным требованиям — выходишь из них.</p>
<comments><p rend="Textpetit_otstup left">Печатается по черновику-автографу, написанному на почтовой бумаге. На конверте письма Хлебцевича Толстым написано и зачеркнуто: Кооперативы не могут объединить людей в духов... Дата определяется пометами А. Л. Толстой на конверте письма Хлебцевича и в регистрационной книге писем.</p>
<p rend="petit left">Евгений Хлебцевич — сотрудник газеты «Новая Русь», обратился к Толстому с письмом от 16 января 1910 г., в котором просил Толстого высказаться о значении кооперативов и «о возможности примирения абсолютной свободы личности с какой бы то ни было организацией».</p>
<p rend="emptyline left"><hi style="opnumber">54</hi> <hi style="npnumber">55</hi></p>
</comments></div></body>
        </text>
        </TEI>