<?xml version='1.0' encoding='UTF-8' standalone='no'?>

<TEI xmlns="http://www.tei-c.org/ns/1.0">
       <teiHeader>
          <fileDesc>
             <titleStmt>
                <title>Письмо №60 С. А. Толстой</title>
             </titleStmt>
             <publicationStmt>
                <publisher>TolstoyLab</publisher>
                <date when="2015-09-14">14 September 2015</date>
             </publicationStmt>
             <sourceDesc>
                <biblStruct>
                   <analytic>
                      <author>Толстой Л.Н.</author>
                   </analytic>
                   <monogr>
                      <title level="m">Полное собрание сочинений. Том 83</title>
                      <imprint>
                         <pubPlace>Москва</pubPlace>
                         <publisher>Государственное издательство "Художественная литература"</publisher>
                         <date when="1938"/>
                      </imprint>
                   </monogr>
                   <series>
                      <title level="s">Л.Н. Толстой. Полное собрание сочинений</title>
                      <biblScope unit="vol">83</biblScope>
                   </series>
                </biblStruct>
				<bibl>Печатается по автографу, хранящемуся в АТБ. Впервые опубликовано по копии, сделанной С. А. Толстой, в ПЖ, стр. 61—62. Датируется на основании слов письма: «мечтал я выехать завтра, но едва ли успею..... я поеду в пятницу». Пятница — 18 ноября, следовательно письмо написано в среду 16 ноября.</bibl>
             </sourceDesc>
          </fileDesc>
          <encodingDesc>
             <tagsDecl> </tagsDecl>
          </encodingDesc>
          <profileDesc>
             <correspDesc>
                <correspAction type="sending">
                   <persName ref="PersonList.xml#L_N_Tolstoy">Л. Н. Толстой</persName>
                   <placeName ref="PlacesListxml#PLACE">Москва.</placeName>
                   <date when="1866-11-16">1866 г. Ноября 16.</date>            </correspAction>
                <correspAction type="receiving">
                   <persName ref="PersonList.xml#RECEIVER">Толстая Софья Андреевна</persName>
                </correspAction>
                <correspContext>
                   <ref type="prev"/>
                </correspContext>
             </correspDesc>
          </profileDesc>
       </teiHeader>
       <xenoData><number type="in a volume">60</number></xenoData>

       <text xml:id="a16_60">
	<body><div>
		<opener index="false">
60.
1866 г. Ноября 16. Москва.</opener>
<p rend="left"><choice><reg>С</reg><orig>Съ</orig></choice> утра <choice><reg>пошел</reg><orig>пошелъ</orig></choice> <choice><reg>в</reg><orig>въ</orig></choice> <choice original_editorial_correction='Румянц[евский]'><sic>Румянц</sic><corr><choice><reg>Румянцевский</reg><orig>Румянцевскiй</orig></choice></corr></choice> музей. Чрезвычайно интересно то, что я <choice><reg>нашел</reg><orig>нашелъ</orig></choice> <choice><reg>там</reg><orig>тамъ</orig></choice>. И 2-й день не вижу, <choice><reg>как</reg><orig>какъ</orig></choice> <choice><reg>проходят</reg><orig>проходятъ</orig></choice> <choice><reg>там</reg><orig>тамъ</orig></choice> 3, 4 часа. Это одно чего <choice><reg>мне</reg><orig>мнѣ</orig></choice>, <choice><reg>кроме</reg><orig>кромѣ</orig></choice> <choice><reg>Берсов</reg><orig>Берсовъ</orig></choice>, <choice><reg>будет</reg><orig>будетъ</orig></choice> жалко <choice><reg>в</reg><orig>въ</orig></choice> <choice><reg>Москве</reg><orig>Москвѣ</orig></choice>. <choice><reg>Потом</reg><orig>Потомъ</orig></choice> <choice><reg>зашел</reg><orig>зашелъ</orig></choice> <choice><reg>к</reg><orig>къ</orig></choice> Башилову и <choice><reg>с</reg><orig>съ</orig></choice> <choice><reg>ним</reg><orig>нимъ</orig></choice> домой. <choice><reg>Обедали</reg><orig>Обѣдали</orig></choice>, болтали. Я <choice><reg>ждал</reg><orig>ждалъ</orig></choice> <choice><reg>из</reg><orig>изъ</orig></choice> <choice><reg>типографии</reg><orig>типографiи</orig></choice> <choice><reg>ответа</reg><orig>отвѣта</orig></choice> и <choice><reg>наконец</reg><orig>наконецъ</orig></choice> <choice><reg>получил</reg><orig>получилъ</orig></choice>. Все уладилось. <choice><reg>Катков</reg><orig>Катковъ</orig></choice> <choice><reg>просит</reg><orig>проситъ</orig></choice> напечатать 4 листа<hi>1 </hi><choice><reg>с</reg><orig>съ</orig></choice> <choice><reg>тем</reg><orig>тѣмъ</orig></choice>, чтобы деньги эти пошли <choice><reg>в</reg><orig>въ</orig></choice> <choice><reg>счет</reg><orig>счетъ</orig></choice> <choice><reg>печатания</reg><orig>печатанiя</orig></choice>. Я этому даже <choice><reg>рад</reg><orig>радъ</orig></choice>. — <choice><reg>Вместо</reg><orig>Вмѣсто</orig></choice> того, чтобы идти <choice><reg>к</reg><orig>къ</orig></choice> <choice><reg>Мещерским</reg><orig>Мещерскимъ</orig></choice>,<note xml:id="note1" resp="volume_editor" index="false"> См. прим. 12 к письму № 58.</note> куда на меня должны были собраться Сушковы и <choice><reg>неизбежный</reg><orig>неизбѣжный</orig></choice> <choice><reg>Сухотин</reg><orig>Сухотинъ</orig></choice>, <choice><reg>просидел</reg><orig>просидѣлъ</orig></choice> дома. <choice><reg>Вопервых</reg><orig>Вопервыхъ</orig></choice>, скучно и все <choice><reg>известно</reg><orig>извѣстно</orig></choice>; во <choice><reg>2-х</reg><orig>2-хъ</orig></choice>, пристали бы назначить день <hi style="opdelimiter">читать,</hi><hi style="opnumber">130</hi> <hi style="npnumber">131</hi><hi style="npdelimiter">и</hi> я бы не <choice><reg>съумел</reg><orig>съумѣлъ</orig></choice> отказать, а надо и хочется <choice><reg>скорее</reg><orig>скорѣе</orig></choice>, <choice><reg>скорее</reg><orig>скорѣе</orig></choice> <choice><reg>к</reg><orig>къ</orig></choice> <choice><reg>тебе</reg><orig>тебѣ</orig></choice> <choice><reg>под</reg><orig>подъ</orig></choice> крылышко. — Нынче было одно письмо от тебя, и письмо милое, но огорчительное <choice><reg>тем</reg><orig>тѣмъ</orig></choice>, что оно заставило меня резонно упрекнуть себя.<note xml:id="note2" resp="volume_editor" index="false"> С. А. Толстая писала в своем письме от 12 ноября 1866 г.: «Милый друг мой Лева, вообрази, нынче перед обедом вдруг является длинная англичанка Львовых с своей сестрой — нашей англичанкой. Меня даже всю в жар бросило, и теперь еще все мысли перепутались, и даже от волненья голова болит. Ну, как тебе всё это передать. Она такая, какою я её и ожидала. Очень молода, довольно мила, приятное лицо, даже хорошенькая очень, но наше обоюдное незнание языков — ужасно. Нынче сестра ее у нас ночует, покуда она переводит нам, но что будет потом — бог знает, я даже совсем теряюсь, особенно без тебя, мой милый друг. На этот раз вспомнила твое правило, что надо подумать, как всё это покажется через год легко и ничтожно. А теперь это даже очень трудно. Дети обошлись, Таня сидела у нее на руках, глядела картинки, сама ей что-то рассказывала, Сережа с ней бегал, говорил, что «она как со мной играет!» Потом Таня представляла в детской, как Егличанка <hi style="opdelimiter">говорит,</hi><hi style="opnumber">131</hi> <hi style="npnumber">132</hi><hi style="npdelimiter">и</hi> вероятно, всё это образуется, — но покуда как-то всё это очень неестественно, тяжело, неловко и страшно. Тебя я как-то всё душой ищу, как свою опору, но пускай и без тебя; может быть скорей обойдется. Одно просто ужасно, что мы совсем не понимаем друг друга. Я думала, что буду лучше понимать. Сестра ее, т. е. Львовых англичанка, смотрит на всё как-то недоверчиво и недоброжелательно, а наша, кажется, добродушна и старается подделаться. Вот завтра напишу тебе, как будет без иереводчицы-сестры. Дети мои здоровы, только один Илюша кашляет, а Таня совсем перестала. Все веселы, не капризны, и спали днем. Я как-то очень сильно жила нравственно нынче всё утро; была очень нервно раздражена, но теперь всё это перековеркалось, и все нити ума и сердца направились на англичанку. [Здесь рисунок.] А нравственно меня с некоторого времени очень поднимает твой роман. Как только сяду переписывать, унесусь в какой-то поэтический мир, и даже мне покажется, что это не роман твой так хорош (конечно, инстинктивно покажется), а я так умна. Пожалуйста, ты не смейся надо мной, у меня очень голова болит, и я могу даже от этого врать. Только я, ей-богу, ничего не лгу, так стараюсь обо всем точно выражаться. — Левочка, теперь напишу тебе о том, что ты не любишь, но, право, необходимо. Дело в том, что ты мне оставил 50 р., и у меня почти всё разобрали на веревки, сани, жалованья, дорогу в Москву и проч. И всё, говорят, граф приказал, необходимо нужно. Так что мне не на что будет жить; а пшеницу, будто бы, граф приказал послать, когда придут новые работники, о которых, конечно, ни слуху, ни духу. Уж не знаю, как я пробьюсь. Лучше всего поспеши, всё-таки, если можно, скорее приехать. Так я запуталась. И хозяйство, и дети, и англичанка, и всё это».</note> <choice><reg>Вопервых</reg><orig>Вопервыхъ</orig></choice>, я <choice><reg>виноват</reg><orig>виноватъ</orig></choice>, что не <choice><reg>написал</reg><orig>написалъ</orig></choice> <choice><reg>Англичанке</reg><orig>Англичанкѣ</orig></choice><note xml:id="note3" resp="volume_editor" index="false"> Кн. Евгений Владимирович Львов (1817—1896). В 1856—1858 гг. алексинский предводитель дворянства в Тульской губернии; с 1865 по 1869 г. занимал должность управляющего государственными имуществами Тульской губернии, отец премьера Временного правительства кн. Г. Е. Львова. Тульский помещик, — его имение «Поповка» Алексинского уезда. Сохранилось письмо к нему Толстого («Лев Николаевич Толстой. Юбилейный сборник», 1928, стр. 56). У него жила в качестве гувернантки Дженни Тарсей, рекомендовавшая свою сестру Толстым.</note> или Львову<note xml:id="note4" resp="volume_editor" index="false"> Согласно объявлению от управления Московско-Курской железной Дороги («Московские ведомости» за 1866 г., № 255) движение пассажирских поездов на участке от Москвы до Серпухова началось 17 ноября 1866 г.</note> во <choice><reg>2-ых</reg><orig>2-ыхъ</orig></choice>, <choice><reg>денег</reg><orig>денегъ</orig></choice> <choice><reg>тебе</reg><orig>тебѣ</orig></choice> мало <choice><reg>оставил</reg><orig>оставилъ</orig></choice>. Обойдется, <choice><reg>наверно</reg><orig>навѣрно</orig></choice> обойдется. Я <choice><reg>счастлив</reg><orig>счастливъ</orig></choice>, что она <choice><reg>тебе</reg><orig>тебѣ</orig></choice> понравилась. И чувствуется <choice><reg>мне</reg><orig>мнѣ</orig></choice>, что ты, писавши письмо, была усталая и не <choice><reg>в</reg><orig>въ</orig></choice> <choice><reg>духе</reg><orig>духѣ</orig></choice>. Но и не <choice><reg>в</reg><orig>въ</orig></choice> <choice><reg>духе</reg><orig>духѣ</orig></choice> ты <choice><reg>мне</reg><orig>мнѣ</orig></choice> <choice><reg>милее</reg><orig>милѣе</orig></choice> всего на <choice><reg>свете</reg><orig>свѣтѣ</orig></choice>, и я злюсь на почту, <choice original_editorial_correction='к[отор]ая'><sic>кая</sic><corr>которая</corr></choice> <choice><reg>наверно</reg><orig>навѣрно</orig></choice> задержала одно, а то и два <choice><reg>твоих</reg><orig>твоихъ</orig></choice> письма. Я бы <choice><reg>сказал</reg><orig>сказалъ</orig></choice> <choice><reg>тебе</reg><orig>тебѣ</orig></choice> кое что о <choice><reg>деньгах</reg><orig>деньгахъ</orig></choice>, <choice><reg>англичанке</reg><orig>англичанкѣ</orig></choice> и т. д., но уже думаю, что письмо это <choice><reg>придет</reg><orig>придетъ</orig></choice> <choice><reg>несколько</reg><orig>нѣсколько</orig></choice> <choice><reg>часов</reg><orig>часовъ</orig></choice> прежде меня. <choice><reg>Мечтал</reg><orig>Мечталъ</orig></choice> я <choice><reg>выехать</reg><orig>выѣхать</orig></choice> завтра, но едва ли <choice><reg>успею</reg><orig>успѣю</orig></choice>. 1-е, надо переговорить <choice><reg>с</reg><orig>съ</orig></choice> <choice><reg>Башиловым</reg><orig>Башиловымъ</orig></choice>; 2-е поправить начало <choice><reg>печатного</reg><orig>печатнаго</orig></choice> и рукописи, чтобы оставить <choice><reg>в</reg><orig>въ</orig></choice> <choice><reg>типографии</reg><orig>типографiи</orig></choice>. <choice><reg>Железная</reg><orig>Желѣзная</orig></choice> дорога уже <choice><reg>ходит</reg><orig>ходитъ</orig></choice>,<hi>6</hi> и я <choice><reg>поеду</reg><orig>поѣду</orig></choice> по ней <choice><reg>в</reg><orig>въ</orig></choice> пятницу, <choice><reg>в</reg><orig>въ</orig></choice> 5 <choice><reg>часов</reg><orig>часовъ</orig></choice>, и <choice><reg>к</reg><orig>къ</orig></choice> утру <choice><reg>в</reg><orig>въ</orig></choice> субботу обойму и буду <choice><reg>целовать</reg><orig>цѣловать</orig></choice> тебя, мою милую голубушку. И <choice><reg>с</reg><orig>съ</orig></choice> англичанкой, и <choice><reg>с</reg><orig>съ</orig></choice> <choice><reg>детьми</reg><orig>дѣтьми</orig></choice>, и <choice><reg>с</reg><orig>съ</orig></choice> деньгами все <choice><reg>будет</reg><orig>будетъ</orig></choice> хорошо. Прощай, душа, <choice><reg>целуй</reg><orig>цѣлуй</orig></choice> <choice><reg>детей</reg><orig>дѣтей</orig></choice> и тетиньку. Таня, <choice><reg>бедная</reg><orig>бѣдная</orig></choice>, все плоха.</p>
<comments><p rend="Textpetit_otstup left">Печатается по автографу, хранящемуся в АТБ. Впервые опубликовано по копии, сделанной С. А. Толстой, в ПЖ, стр. 61—62. Датируется на основании слов письма: «мечтал я выехать завтра, но едва ли успею..... я поеду в пятницу». Пятница — 18 ноября, следовательно письмо написано в среду 16 ноября.</p>
<p rend="Textpetit_otstup left"><hi>1</hi> Очевидно, в «Русском вестнике». Однако печатание «Войны и мира» в «Русском вестнике», ни отдельным изданием у Каткова не состоялось.</p>
<p rend="petit left"><hi>2</hi> См. прим. 12 к письму № 58.</p>
<p rend="petit left"><hi>3</hi> С. А. Толстая писала в своем письме от 12 ноября 1866 г.: «Милый друг мой Лева, вообрази, нынче перед обедом вдруг является длинная англичанка Львовых с своей сестрой — нашей англичанкой. Меня даже всю в жар бросило, и теперь еще все мысли перепутались, и даже от волненья голова болит. Ну, как тебе всё это передать. Она такая, какою я её и ожидала. Очень молода, довольно мила, приятное лицо, даже хорошенькая очень, но наше обоюдное незнание языков — ужасно. Нынче сестра ее у нас ночует, покуда она переводит нам, но что будет потом — бог знает, я даже совсем теряюсь, особенно без тебя, мой милый друг. На этот раз вспомнила твое правило, что надо подумать, как всё это покажется через год легко и ничтожно. А теперь это даже очень трудно. Дети обошлись, Таня сидела у нее на руках, глядела картинки, сама ей что-то рассказывала, Сережа с ней бегал, говорил, что «она как со мной играет!» Потом Таня представляла в детской, как Егличанка <hi style="opdelimiter">говорит,</hi><hi style="opnumber">131</hi> <hi style="npnumber">132</hi><hi style="npdelimiter">и</hi> вероятно, всё это образуется, — но покуда как-то всё это очень неестественно, тяжело, неловко и страшно. Тебя я как-то всё душой ищу, как свою опору, но пускай и без тебя; может быть скорей обойдется. Одно просто ужасно, что мы совсем не понимаем друг друга. Я думала, что буду лучше понимать. Сестра ее, т. е. Львовых англичанка, смотрит на всё как-то недоверчиво и недоброжелательно, а наша, кажется, добродушна и старается подделаться. Вот завтра напишу тебе, как будет без иереводчицы-сестры. Дети мои здоровы, только один Илюша кашляет, а Таня совсем перестала. Все веселы, не капризны, и спали днем. Я как-то очень сильно жила нравственно нынче всё утро; была очень нервно раздражена, но теперь всё это перековеркалось, и все нити ума и сердца направились на англичанку. [Здесь рисунок.] А нравственно меня с некоторого времени очень поднимает твой роман. Как только сяду переписывать, унесусь в какой-то поэтический мир, и даже мне покажется, что это не роман твой так хорош (конечно, инстинктивно покажется), а я так умна. Пожалуйста, ты не смейся надо мной, у меня очень голова болит, и я могу даже от этого врать. Только я, ей-богу, ничего не лгу, так стараюсь обо всем точно выражаться. — Левочка, теперь напишу тебе о том, что ты не любишь, но, право, необходимо. Дело в том, что ты мне оставил 50 р., и у меня почти всё разобрали на веревки, сани, жалованья, дорогу в Москву и проч. И всё, говорят, граф приказал, необходимо нужно. Так что мне не на что будет жить; а пшеницу, будто бы, граф приказал послать, когда придут новые работники, о которых, конечно, ни слуху, ни духу. Уж не знаю, как я пробьюсь. Лучше всего поспеши, всё-таки, если можно, скорее приехать. Так я запуталась. И хозяйство, и дети, и англичанка, и всё это».</p>
<p rend="petit left">Ханна Егоровна Тарсей (Hannah Tarsey) (р. около 1845 г.), дочь Садовника Виндзорского дворца, приехала из Англии в 1866 г., пробыла воспитательницей детей Толстых с 1866 г. до 1872 г., когда, вследствие слабого здоровья, уехала в Кутаис с Кузминскими гувернанткой детей Татьяны Андреевны. Через два года вышла замуж за кн. Дмитрия Георгиевича Мачутадзе. О ней см. Воспоминания Т. А. Кузминской, III, стр. 110—111, и Илья Толстой, «Мои воспоминания». М. 1914, стр. 12.</p>
<p rend="petit left"><hi>5</hi> Кн. Евгений Владимирович Львов (1817—1896). В 1856—1858 гг. алексинский предводитель дворянства в Тульской губернии; с 1865 по 1869 г. занимал должность управляющего государственными имуществами Тульской губернии, отец премьера Временного правительства кн. Г. Е. Львова. Тульский помещик, — его имение «Поповка» Алексинского уезда. Сохранилось письмо к нему Толстого («Лев Николаевич Толстой. Юбилейный сборник», 1928, стр. 56). У него жила в качестве гувернантки Дженни Тарсей, рекомендовавшая свою сестру Толстым.</p>
<p rend="petit left"><hi>6</hi> Согласно объявлению от управления Московско-Курской железной Дороги («Московские ведомости» за 1866 г., № 255) движение пассажирских поездов на участке от Москвы до Серпухова началось 17 ноября 1866 г.</p>
</comments></div></body>
        </text>
        </TEI>