<?xml version='1.0' encoding='UTF-8' standalone='no'?>

<TEI xmlns="http://www.tei-c.org/ns/1.0">
       <teiHeader>
          <fileDesc>
             <titleStmt>
                <title>Письмо №249. С. А. Толстой</title>
             </titleStmt>
             <publicationStmt>
                <publisher>TolstoyLab</publisher>
                <date when="2015-09-14">14 September 2015</date>
             </publicationStmt>
             <sourceDesc>
                <biblStruct>
                   <analytic>
                      <author>Толстой Л.Н.</author>
                   </analytic>
                   <monogr>
                      <title level="m">Полное собрание сочинений. Том 83</title>
                      <imprint>
                         <pubPlace>Москва</pubPlace>
                         <publisher>Государственное издательство "Художественная литература"</publisher>
                         <date when="1938"/>
                      </imprint>
                   </monogr>
                   <series>
                      <title level="s">Л.Н. Толстой. Полное собрание сочинений</title>
                      <biblScope unit="vol">83</biblScope>
                   </series>
                </biblStruct>
				<bibl>Печатается по автографу, хранящемуся в АТБ. Впервые отрывок из письма напечатан в Б, II, стр. 454; полностью письмо опубликовано <hi style="opdelimiter">по</hi><hi style="opnumber">402</hi> <hi style="npnumber">403</hi><hi style="npdelimiter">копии,</hi> сделанной С. А. Толстой, в ПЖ, стр. 204. Датируется на основании почтовых штемпелей: «Почтовый вагон. 5 октября 1883 г.; Москв. почт. центр. отд. 5 октября 1883» и пометы Толстого «вторник», который падал на 4 октября 1883 г.</bibl>
             </sourceDesc>
          </fileDesc>
          <encodingDesc>
             <tagsDecl> </tagsDecl>
          </encodingDesc>
          <profileDesc>
             <correspDesc>
                <correspAction type="sending">
                   <persName ref="PersonList.xml#L_N_Tolstoy">Л. Н. Толстой</persName>
                   <placeName ref="PlacesListxml#PLACE">Я. П.</placeName>
                   <date when="1883-10-04">1883 г. Октября 4.</date>            </correspAction>
                <correspAction type="receiving">
                   <persName ref="PersonList.xml#RECEIVER">Толстая Софья Андреевна</persName>
                </correspAction>
                <correspContext>
                   <ref type="prev"/>
                </correspContext>
             </correspDesc>
          </profileDesc>
       </teiHeader>
       <xenoData><number type="in a volume">249</number></xenoData>

       <text xml:id="a4_249">
	<body><div>
		<opener index="false">
249.
1883 г. Октября 4. Я. П.</opener>
<p rend="right"><hi><choice><reg>Вторник</reg><orig>Вторникъ</orig></choice> 9 <choice><reg>часов</reg><orig>часовъ</orig></choice>.</hi></p>
<p rend="left">Нынче <choice><reg>получил</reg><orig>получилъ</orig></choice> твое грустное письмо.<note xml:id="note1" resp="volume_editor" index="false"> От 2 октября; в нем С. А. Толстая писала: «Просидела весь день дома: шила, читала с Андрюшей, учила его, а когда пришел вечер, то подумала: «вот и еще день ближе к смерти, а пусто, пусто идут дни, не знаешь, за что ухватиться». Бывало думаешь, что <hi>обязанности исполнять</hi>, и можно быть покойной. А теперь я не знаю, в чем мои обязанности, и сомневаюсь в уменьи моем их исполнять» (стр. 237).</note> Нездоровье твое — спинная боль меня очень <choice><reg>огорчает</reg><orig>огорчаетъ</orig></choice>.<note xml:id="note2" resp="volume_editor" index="false"> С. А. Толстая писала: «У меня так сильно спина болит, что просто терпенья нет» (от 2 октября).</note> <choice><reg>Впрочем</reg><orig>Впрочемъ</orig></choice>, тебя не разберешь по <choice><reg>письмам</reg><orig>письмамъ</orig></choice>. Когда я <choice><reg>с</reg><orig>съ</orig></choice> тобою, то я все знаю. До <choice><reg>сих</reg><orig>сихъ</orig></choice> <choice><reg>пор</reg><orig>поръ</orig></choice> сбывается то, чего я <choice><reg>желал</reg><orig>желалъ</orig></choice> — второй день по многу работаю, и если завтра также, то кончу коректуры и <choice><reg>после</reg><orig>послѣ</orig></choice> завтра буду <choice><reg>с</reg><orig>съ</orig></choice> вами. Если <choice><reg>б</reg><orig>бъ</orig></choice> я не <choice><reg>решил</reg><orig>рѣшилъ</orig></choice> <choice><reg>ехать</reg><orig>ѣхать</orig></choice> <choice><reg>в</reg><orig>въ</orig></choice> <choice><reg>четверг</reg><orig>четвергъ</orig></choice>,<note xml:id="note3" resp="volume_editor" index="false"> 6 октября. Фактически Толстой приехал в Москву 6 октября 1883 г.</note> я бы по твоему письму <choice><reg>поехал</reg><orig>поѣхалъ</orig></choice>. Ты хоть и не <choice><reg>хотела</reg><orig>хотѣла</orig></choice> <choice><reg>мизинцем</reg><orig>мизинцемъ</orig></choice> тронуть, а потянула <choice><reg>обеими</reg><orig>обѣими</orig></choice> руками.<note xml:id="note4" resp="volume_editor" index="false"> См. прим. 2 к письму № 246 от 1 октября.</note> <choice><reg>Тебе</reg><orig>Тебѣ</orig></choice> досадно на меня за то, что <choice><reg>мне</reg><orig>мнѣ</orig></choice> хорошо одному. И <choice><reg>мне</reg><orig>мнѣ</orig></choice> жалко, что <choice><reg>тебе</reg><orig>тебѣ</orig></choice> не хорошо, но не <choice><reg>совестно</reg><orig>совѣстно</orig></choice>. — Жизнь моя, <choice><reg>как</reg><orig>какъ</orig></choice> заведенные часы. Проснусь <choice><reg>в</reg><orig>въ</orig></choice> 9, пойду <choice><reg>в</reg><orig>въ</orig></choice> <choice><reg>заказ</reg><orig>заказъ</orig></choice>, вернусь, напьюсь кофею, сяду за работу <choice><reg>часов</reg><orig>часовъ</orig></choice> <choice><reg>в</reg><orig>въ</orig></choice> 11 и сижу до <hi>1</hi>/<sub>2</sub> 4-го и опять пойду <choice><reg>в</reg><orig>въ</orig></choice> <choice><reg>заказ</reg><orig>заказъ</orig></choice> до <choice><reg>обеда</reg><orig>обѣда</orig></choice>. <choice><reg>Обедаю</reg><orig>Обѣдаю</orig></choice>, читаю Тургенева. <choice><reg>Придет</reg><orig>Придетъ</orig></choice> Агафья <choice original_editorial_correction='Мих[айловна]'><sic>Мих</sic><corr>Михайловна</corr></choice>, пью чай, пишу <choice><reg>тебе</reg><orig>тебѣ</orig></choice>, погуляю при <choice><reg>лунном</reg><orig>лунномъ</orig></choice> <choice><reg>свете</reg><orig>свѣтѣ</orig></choice> и ложусь спать. И это самое дурное время. Долго не могу заснуть. — Что-то <choice><reg>будет</reg><orig>будетъ</orig></choice> <choice><reg>в</reg><orig>въ</orig></choice> <choice><reg>завтрашнем</reg><orig>завтрашнемъ</orig></choice> <choice><reg>письме</reg><orig>письмѣ</orig></choice>. Прощай, душенька, ты на меня не сердись, <choice><reg>как</reg><orig>какъ</orig></choice> <choice><reg>в</reg><orig>въ</orig></choice> <choice><reg>последнем</reg><orig>послѣднемъ</orig></choice> <choice><reg>письме</reg><orig>письмѣ</orig></choice>.<note xml:id="note6" resp="volume_editor" index="false"> См. прим. 2 к письму № 246 от 1 октября.</note> <choice><reg>Целуй</reg><orig>Цѣлуй</orig></choice> <choice><reg>детей</reg><orig>дѣтей</orig></choice>. —</p>
<lb/>
<p rend="left"><hi>На конверте:</hi> Москва. Хамовнической <choice><reg>переулок</reg><orig>переулокъ</orig></choice>. <choice><reg>Дом</reg><orig>Домъ</orig></choice> <choice><reg>Толстого</reg><orig>Толстаго</orig></choice>. <choice><reg>Графине</reg><orig>Графинѣ</orig></choice> <choice><reg>Софье</reg><orig>Софьѣ</orig></choice> <choice><reg>Андревне</reg><orig>Андревнѣ</orig></choice> Толстой.</p>
<comments><p rend="Textpetit_otstup left">Печатается по автографу, хранящемуся в АТБ. Впервые отрывок из письма напечатан в Б, II, стр. 454; полностью письмо опубликовано <hi style="opdelimiter">по</hi><hi style="opnumber">402</hi> <hi style="npnumber">403</hi><hi style="npdelimiter">копии,</hi> сделанной С. А. Толстой, в ПЖ, стр. 204. Датируется на основании почтовых штемпелей: «Почтовый вагон. 5 октября 1883 г.; Москв. почт. центр. отд. 5 октября 1883» и пометы Толстого «вторник», который падал на 4 октября 1883 г.</p>
<p rend="Textpetit_otstup left"><hi>1</hi> От 2 октября; в нем С. А. Толстая писала: «Просидела весь день дома: шила, читала с Андрюшей, учила его, а когда пришел вечер, то подумала: «вот и еще день ближе к смерти, а пусто, пусто идут дни, не знаешь, за что ухватиться». Бывало думаешь, что <hi>обязанности исполнять</hi>, и можно быть покойной. А теперь я не знаю, в чем мои обязанности, и сомневаюсь в уменьи моем их исполнять» (стр. 237).</p>
<p rend="petit left"><hi>2</hi> С. А. Толстая писала: «У меня так сильно спина болит, что просто терпенья нет» (от 2 октября).</p>
<p rend="petit left"><hi>3</hi> 6 октября. Фактически Толстой приехал в Москву 6 октября 1883 г.</p>
<p rend="petit left"><hi>4</hi> См. прим. 2 к письму № 246 от 1 октября.</p>
<p rend="petit left"><hi>5</hi> См. прим. 2 к письму № 246 от 1 октября.</p>
</comments></div></body>
        </text>
        </TEI>