<?xml version='1.0' encoding='UTF-8' standalone='no'?>

<TEI xmlns="http://www.tei-c.org/ns/1.0">
       <teiHeader>
          <fileDesc>
             <titleStmt>
                <title>Письмо №81. С. А. Толстой</title>
             </titleStmt>
             <publicationStmt>
                <publisher>TolstoyLab</publisher>
                <date when="2015-09-14">14 September 2015</date>
             </publicationStmt>
             <sourceDesc>
                <biblStruct>
                   <analytic>
                      <author>Толстой Л.Н.</author>
                   </analytic>
                   <monogr>
                      <title level="m">Полное собрание сочинений. Том 83</title>
                      <imprint>
                         <pubPlace>Москва</pubPlace>
                         <publisher>Государственное издательство "Художественная литература"</publisher>
                         <date when="1938"/>
                      </imprint>
                   </monogr>
                   <series>
                      <title level="s">Л.Н. Толстой. Полное собрание сочинений</title>
                      <biblScope unit="vol">83</biblScope>
                   </series>
                </biblStruct>
				<bibl>Печатается по автографу, хранящемуся в АТБ. Впервые опубликовано по копии, сделанной С. А. Толстой, в ПЖ, стр. 73—74. Датируется словами Толстого: «нынче 2-го».</bibl>
             </sourceDesc>
          </fileDesc>
          <encodingDesc>
             <tagsDecl> </tagsDecl>
          </encodingDesc>
          <profileDesc>
             <correspDesc>
                <correspAction type="sending">
                   <persName ref="PersonList.xml#L_N_Tolstoy">Л. Н. Толстой</persName>
                   <placeName ref="PlacesListxml#PLACE">Нижний Новгород.</placeName>
                   <date when="1869-09-02">1869 г. Сентября 2.</date>            </correspAction>
                <correspAction type="receiving">
                   <persName ref="PersonList.xml#RECEIVER">Толстая Софья Андреевна</persName>
                </correspAction>
                <correspContext>
                   <ref type="prev"/>
                </correspContext>
             </correspDesc>
          </profileDesc>
       </teiHeader>
       <xenoData><number type="in a volume">81</number></xenoData>

       <text xml:id="a2_81">
	<body><div>
		<opener index="false">
81.
1869 г. Сентября 2. Нижний Новгород.</opener>
<p rend="left"><choice><reg>Приехал</reg><orig>Прiѣхалъ</orig></choice> благополучно <choice><reg>в</reg><orig>въ</orig></choice> <choice><reg>Нижний</reg><orig>Нижнiй</orig></choice>, нынче 2-го, <choice><reg>в</reg><orig>въ</orig></choice> <choice><reg>8-м</reg><orig>8-мъ</orig></choice> часу утра. <choice><reg>Тут</reg><orig>Тутъ</orig></choice> начинаются трудности <choice><reg>путешествия</reg><orig>путешествiя</orig></choice>. Ни <choice><reg>от</reg><orig>отъ</orig></choice> кого ничего не добьешься, <choice><reg>все</reg><orig>всѣ</orig></choice> стараются прижать. Экипажи, <hi style="opdelimiter"><choice original_editorial_correction='кот[орые]'><sic>кот</sic><corr>которые</corr></choice></hi><hi style="opnumber">166</hi> <hi style="npnumber">167</hi><hi style="npdelimiter">можно</hi> достать — тарантасы, — не лучше <choice><reg>телеги</reg><orig>телѣги</orig></choice>, да еще <choice><reg>угрожают</reg><orig>угрожаютъ</orig></choice> сломаться. <choice><reg>Так</reg><orig>Такъ</orig></choice> что я <choice><reg>решился</reg><orig>рѣшился</orig></choice> <choice><reg>ехать</reg><orig>ѣхать</orig></choice> на перекладной.<note xml:id="note1" resp="volume_editor" index="false"> С. П. Арбузов так описывает приезд в Нижний Новгород и отправление на лошадях: «Из багажа вещи наши были взяты артельщиком, а я по приказанию графа пошел на почтовый двор нанять перекладную тройку лошадей» (стр. 46)..... «Ямщик тронул. Коренная лошадь неожиданно выказала очень хорошую рысь, пристяжные гнули головы в стороны и скакали во всю» (стр. 47).</note> Теперь <choice><reg>разъезд</reg><orig>разъѣздъ</orig></choice> <choice><reg>с</reg><orig>съ</orig></choice> ярманки, и, <choice><reg>говорят</reg><orig>говорятъ</orig></choice>, на <choice><reg>станциях</reg><orig>станцiяхъ</orig></choice> лошадей не <choice><reg>будет</reg><orig>будетъ</orig></choice>. На перекладной все таки легче передвигаться и <choice><reg>нет</reg><orig>нѣтъ</orig></choice> опасности сломать, и <choice><reg>в</reg><orig>въ</orig></choice> <choice><reg>случае</reg><orig>случаѣ</orig></choice> грязи все таки <choice><reg>уедешь</reg><orig>уѣдешь</orig></choice>. <choice><reg>В</reg><orig>Въ</orig></choice> <choice><reg>тарантасе</reg><orig>тарантасѣ</orig></choice> <choice><reg>ехал</reg><orig>ѣхалъ</orig></choice> бы день и ночь, теперь буду ночевать. По всему судя, дай <choice><reg>Бог</reg><orig>Богъ</orig></choice> 4-го добраться до <choice><reg>места</reg><orig>мѣста</orig></choice>. <choice><reg>Ехал</reg><orig>Ѣхалъ</orig></choice> я <choice><reg>из</reg><orig>изъ</orig></choice> Москвы до <choice><reg>Нижнего</reg><orig>Нижняго</orig></choice> <choice><reg>решительно</reg><orig>рѣшительно</orig></choice> <choice><reg>один</reg><orig>одинъ</orig></choice>, — только до Павлова,<note xml:id="note2" resp="volume_editor" index="false"> Павловский посад, Московской губернии, Богородского уезда.</note> — 60 <choice><reg>верст</reg><orig>верстъ</orig></choice> <choice><reg>от</reg><orig>отъ</orig></choice> Москвы, <choice><reg>ехал</reg><orig>ѣхалъ</orig></choice> со мной <choice><reg>купец</reg><orig>купецъ</orig></choice>, <choice><reg>богач</reg><orig>богачъ</orig></choice> <choice><reg>Лабзин</reg><orig>Лабзинъ</orig></choice>, <choice><reg>с</reg><orig>съ</orig></choice> <choice original_editorial_correction='к[оторым]'><sic>к</sic><corr><choice><reg>которым</reg><orig>которымъ</orig></choice></corr></choice> я <choice><reg>имел</reg><orig>имѣлъ</orig></choice> чрезвычайно интересный разговор, о <choice><reg>божественном</reg><orig>божественномъ</orig></choice>. <choice><reg>Расскажу</reg><orig>Разскажу</orig></choice>, когда <choice><reg>приеду</reg><orig>прiѣду</orig></choice>. — Прощай, душенька, только напился кофею, тебя <choice><reg>поминал</reg><orig>поминалъ</orig></choice> и <choice><reg>спешу</reg><orig>спѣшу</orig></choice> на почту. <choice><reg>Надеюсь</reg><orig>Надѣюсь</orig></choice> <choice><reg>выехать</reg><orig>выѣхать</orig></choice> <choice><reg>в</reg><orig>въ</orig></choice> 12-ть. До Саранска<note xml:id="note3" resp="volume_editor" index="false"> Уездный город Пензенской губернии.</note> 285 <choice><reg>верст</reg><orig>верстъ</orig></choice> и оттуда 60.</p>
<comments><p rend="Textpetit_otstup left">Печатается по автографу, хранящемуся в АТБ. Впервые опубликовано по копии, сделанной С. А. Толстой, в ПЖ, стр. 73—74. Датируется словами Толстого: «нынче 2-го».</p>
<p rend="Textpetit_otstup left"><hi>1</hi> С. П. Арбузов так описывает приезд в Нижний Новгород и отправление на лошадях: «Из багажа вещи наши были взяты артельщиком, а я по приказанию графа пошел на почтовый двор нанять перекладную тройку лошадей» (стр. 46)..... «Ямщик тронул. Коренная лошадь неожиданно выказала очень хорошую рысь, пристяжные гнули головы в стороны и скакали во всю» (стр. 47).</p>
<p rend="petit left"><hi>2</hi> Павловский посад, Московской губернии, Богородского уезда.</p>
<p rend="petit left"><hi>3</hi> Уездный город Пензенской губернии.</p>
</comments></div></body>
        </text>
        </TEI>