<?xml version='1.0' encoding='UTF-8' standalone='no'?>

<TEI xmlns="http://www.tei-c.org/ns/1.0">
       <teiHeader>
          <fileDesc>
             <titleStmt>
                <title>Письмо №422. П. Д. Голохвастову.</title>
             </titleStmt>
             <publicationStmt>
                <publisher>TolstoyLab</publisher>
                <date when="2015-09-14">14 September 2015</date>
             </publicationStmt>
             <sourceDesc>
                <biblStruct>
                   <analytic>
                      <author>Толстой Л.Н.</author>
                   </analytic>
                   <monogr>
                      <title level="m">Полное собрание сочинений. Том 61</title>
                      <imprint>
                         <pubPlace>Москва</pubPlace>
                         <publisher>Государственное издательство "Художественная литература"</publisher>
                         <date when="1953"/>
                      </imprint>
                   </monogr>
                   <series>
                      <title level="s">Л.Н. Толстой. Полное собрание сочинений</title>
                      <biblScope unit="vol">61</biblScope>
                   </series>
                </biblStruct>
             </sourceDesc>
          </fileDesc>
          <encodingDesc>
             <tagsDecl> </tagsDecl>
          </encodingDesc>
          <profileDesc>
             <correspDesc>
                <correspAction type="sending">
                   <persName ref="PersonList.xml#L_N_Tolstoy">Л. Н. Толстой</persName>
                   <placeName ref="PlacesListxml#PLACE">Москва.</placeName>
                   <date when="1872-12-06">1872 г. Декабря 6.</date>            </correspAction>
                <correspAction type="receiving">
                   <persName ref="PersonList.xml#RECEIVER">Голохвастов Павел Дмитриевич</persName>
                </correspAction>
                <correspContext>
                   <ref type="prev"/>
                </correspContext>
             </correspDesc>
          </profileDesc>
       </teiHeader>
       <xenoData><number type="in a volume">422</number></xenoData>

              <text xml:id="P__D__Goloxvastovu_422">
	<body><div>
		<opener index="false">
422. П. Д. Голохвастову.
1872 г. Декабря 6. Москва.</opener>
<p rend="left">1) Posselt<note xml:id="note1" resp="volume_editor" index="false"> Мориц Федор Поссельт (1805—1875) — историк, преподаватель философии в Дерптском университете, с 1851 г. библиотекарь Публичной библиотеки в Петербурге. Автор книг: «Peter der Grosse und Leibnitz» [«Петр Великий и Лейбниц»], 1843, и «Der General und Admiral Franz Lefort. Sein Leben und Sein Zeit» [«Генерал и адмирал Франц Лефорт. Его жизнь и время»], 1866.</note><note xml:id="note2" resp="volume_editor" index="false"><hi>.</hi> 2) Жизнь Лефорта и Анекдоты Штелина<note xml:id="note3" resp="volume_editor" index="false"> Штелин Якоб (1712—1785) — профессор «элоквенции и поэзии», член С.-Петербургской академии наук. Автор книги, переведенной с немецкого на русский язык: «Подлинные анекдоты Петра Великого, слышанные из уст знатных особ в Москве, в Санктпетербурге, изданные в свет Яковом фон Штелиным, а переведенные на российский язык Карлом Рембовским иждивением С. Петрова. В Москве в вольной типографии Пономарева 1786 года». В 1801 г. вышло второе и в 1830 г. третье издание.</note>. 3) <hi>Гордона дневник</hi> Патрик Гордон (1635—1699) — генерал, родился в Шотландии; с 1661 г. поступил на военную службу в Россию; в смуту 1689 г. стал на сторону Петра и с тех пор был помощником в его военных делах. В 1892 г. «Дневник» Гордона был издан на русском языке.</note>. 4) <hi>Забелин</hi>. <hi>Домашний быт русских царей и</hi> 5) <hi>Забелин</hi>. <hi>Опыт <choice original_editorial_correction='изуч[ения]'><sic>изуч</sic><corr>изучения</corr></choice> русской древности.</hi><note xml:id="note4" resp="volume_editor" index="false"> Иван Егорович Забелин (1820—1908) — историк и археолог. Толстой имел в виду его монографии: «Домашний быт русских царей в XVI и XVII столетиях», М. 1862; «Опыты изучения русских древностей и истории», ч. I, М. 1872 (ч. II, 1873 г.).</note> 6) Болотова.<hi><hi>5 </hi></hi>7) Записки Щербатова.<note xml:id="note5" resp="volume_editor" index="false"> Михаил Михайлович Щербатов (1733—1790) — историк и публицист, автор семитомной «Истории Российской от древнейших времен»; Толстой просил его книгу: «О повреждении нравов в России», вышедшую с предисловием Искандера (А. И. Герцена) в 1858 г. в Лондоне.</note> 8) Котошихин.<note xml:id="note6" resp="volume_editor" index="false"> Григорий Карпович Котошихин (1630—1667) — подьячий Посольского приказа. С 1664 г. жил в Польше, потом в Швеции. Автор сочинения «Россия в царствование Алексея Михайловича», заключающего описание быта и нравов допетровской Руси. Издано было три раза: в 1840, 1859 и 1884 гг.</note> 9) <hi>Олеариус</hi>.<note xml:id="note7" resp="volume_editor" index="false"> Адам Олеарий (1599—1671) — ученый и путешественник. Толстой просил его книгу «Подробное описание путешествия Голштинского <hi style="opdelimiter">посольства</hi><hi style="opnumber">342</hi> <hi style="npnumber">343</hi><hi style="npdelimiter">в</hi> Московию и Персию в 1633, 1636 и 1639 годы, составленное секретарем посольства Адамом Олеарием. Перевел с немецкого П. Барсов», изд. Императорского общества истории и древностей российских при Московском университете, М. 1870.</note> 10) Вебер.<hi><hi>9 </hi></hi>11) Кабинет <choice original_editorial_correction='П[етра]'><sic>П</sic><corr>Петра</corr></choice> <choice original_editorial_correction='В[еликого]'><sic>В</sic><corr>Великого</corr></choice>.<note xml:id="note8" resp="volume_editor" index="false"> «Кабинет Петра Великого... Издано по высочайшему повелению Императорской академии наук унтер-библиотекарем Осипом Беляевым в Санктпетербурге», ч. I, II и III, 1800. Книга заключает описание вещей, хранящихся в «Кунсткамере» Академии наук и связанных в некоторой своей части с Петром I.</note> 12) Записки Базевича.<note xml:id="note9" resp="volume_editor" index="false"> Геннинг-Фридрих Бассевич (1680—1749) — министр голштинского принца Карла-Фридриха, приехавший с ним в Петербург и способствовавший его сближению с Петром I. Толстой просил прислать «Записки о России при Петре Великом, извлеченные из бумаг графа Бассевича», перевод с французского И. Ф. Аммона, М. 1866. Впервые печатались в «Русском архиве» в 1865 г.</note> 13) <hi>Путешествие по России англичанина.</hi><note xml:id="note10" resp="volume_editor" index="false"> Вероятно, «Путевые записки от Москвы до С.-Петербурга одного англичанина в царствование императрицы Екатерины II, заключающие в себе весьма любопытные исторические сведения, относящиеся к России в XVIII столетии» (перевод с французского), М. 1837. См. т. 17, стр. 624—631.</note></p>
<p rend="left">Вот сколько мне нужно, и у меня нет книг. Я и боюсь<hi> </hi>злоупотреблять вашей любезностью, да и очень мне хочется<hi> </hi>иметь эти книги. Те, которые я подчеркнул, мне особенно нужны.</p>
<p rend="left">Хотел я нынче выгадать часок, чтобы повидаться с вами, но не мог. Мне хотелось сказать вам кое-что. Может быть, напишу или скажу при свиданьи, на которое рассчитываю с большой радостью.</p>
<p rend="right">Гр. Л. Толстой.</p>
<p rend="left">6 <hi style="opdelimiter">декабря.</hi><hi style="opnumber">341</hi></p>
<comments><p rend="Textpetit_otstup left"><hi style="npnumber">342</hi><hi style="npdelimiter">Печатается</hi> по тексту, опубликованному в «Русском вестнике», 1904, 11, стр. 196—197. Местонахождение автографа неизвестно. Год определяется содержанием (работа над романом из эпохи Петра I).</p>
<p rend="petit left">Павел Дмитриевич Голохвастов (1838—1892) — писатель-историк, исследователь русских былин, сотрудник «Русского архива». Большая часть работ П. Д. Голохвастова осталась в рукописи. П. Д. Голохвастов несколько раз бывал в Ясной Поляне.</p>
<p rend="petit left">Написано накануне или в день отъезда из Москвы.</p>
<p rend="Textpetit_otstup left"><hi>1</hi> Мориц Федор Поссельт (1805—1875) — историк, преподаватель философии в Дерптском университете, с 1851 г. библиотекарь Публичной библиотеки в Петербурге. Автор книг: «Peter der Grosse und Leibnitz» [«Петр Великий и Лейбниц»], 1843, и «Der General und Admiral Franz Lefort. Sein Leben und Sein Zeit» [«Генерал и адмирал Франц Лефорт. Его жизнь и время»], 1866.</p>
<p rend="petit left"><hi>2</hi> Штелин Якоб (1712—1785) — профессор «элоквенции и поэзии», член С.-Петербургской академии наук. Автор книги, переведенной с немецкого на русский язык: «Подлинные анекдоты Петра Великого, слышанные из уст знатных особ в Москве, в Санктпетербурге, изданные в свет Яковом фон Штелиным, а переведенные на российский язык Карлом Рембовским иждивением С. Петрова. В Москве в вольной типографии Пономарева 1786 года». В 1801 г. вышло второе и в 1830 г. третье издание.</p>
<p rend="petit left"><hi>3</hi> Патрик Гордон (1635—1699) — генерал, родился в Шотландии; с 1661 г. поступил на военную службу в Россию; в смуту 1689 г. стал на сторону Петра и с тех пор был помощником в его военных делах. В 1892 г. «Дневник» Гордона был издан на русском языке.</p>
<p rend="petit left"><hi>4</hi> Иван Егорович Забелин (1820—1908) — историк и археолог. Толстой имел в виду его монографии: «Домашний быт русских царей в XVI и XVII столетиях», М. 1862; «Опыты изучения русских древностей и истории», ч. I, М. 1872 (ч. II, 1873 г.).</p>
<p rend="petit left"><hi>5</hi> Андрей Тимофеевич Болотов (1738—1833) — писатель, автор многочисленных работ по сельскому хозяйству, издатель журнала «Сельский житель». В течение 27 лет (1789—1816) А. Т. Болотов вел записки, которые являются основным трудом его. Редакция «Русской старины» издала их под заглавием: «Жизнь и приключения Андрея Болотова, описанные им самим для своего потомства», тт. I—II — в 1872 г., т. ІІІ — в 1873 г. В 1931 г. книга эта вышла в издании «Academia».</p>
<p rend="petit left"><hi>6</hi> Михаил Михайлович Щербатов (1733—1790) — историк и публицист, автор семитомной «Истории Российской от древнейших времен»; Толстой просил его книгу: «О повреждении нравов в России», вышедшую с предисловием Искандера (А. И. Герцена) в 1858 г. в Лондоне.</p>
<p rend="petit left"><hi>7</hi> Григорий Карпович Котошихин (1630—1667) — подьячий Посольского приказа. С 1664 г. жил в Польше, потом в Швеции. Автор сочинения «Россия в царствование Алексея Михайловича», заключающего описание быта и нравов допетровской Руси. Издано было три раза: в 1840, 1859 и 1884 гг.</p>
<p rend="petit left"><hi>8</hi> Адам Олеарий (1599—1671) — ученый и путешественник. Толстой просил его книгу «Подробное описание путешествия Голштинского <hi style="opdelimiter">посольства</hi><hi style="opnumber">342</hi> <hi style="npnumber">343</hi><hi style="npdelimiter">в</hi> Московию и Персию в 1633, 1636 и 1639 годы, составленное секретарем посольства Адамом Олеарием. Перевел с немецкого П. Барсов», изд. Императорского общества истории и древностей российских при Московском университете, М. 1870.</p>
<p rend="petit left"><hi>9</hi> Христиан Вебер — ганноверский резидент при русском дворе. Толстой просил его книгу «Das Veränderte Russland» («Измененная Россия»), 1739. См. т. 17, стр. 746.</p>
<p rend="petit left"><hi>10</hi> «Кабинет Петра Великого... Издано по высочайшему повелению Императорской академии наук унтер-библиотекарем Осипом Беляевым в Санктпетербурге», ч. I, II и III, 1800. Книга заключает описание вещей, хранящихся в «Кунсткамере» Академии наук и связанных в некоторой своей части с Петром I.</p>
<p rend="petit left"><hi>11</hi> Геннинг-Фридрих Бассевич (1680—1749) — министр голштинского принца Карла-Фридриха, приехавший с ним в Петербург и способствовавший его сближению с Петром I. Толстой просил прислать «Записки о России при Петре Великом, извлеченные из бумаг графа Бассевича», перевод с французского И. Ф. Аммона, М. 1866. Впервые печатались в «Русском архиве» в 1865 г.</p>
<p rend="petit left"><hi>12</hi> Вероятно, «Путевые записки от Москвы до С.-Петербурга одного англичанина в царствование императрицы Екатерины II, заключающие в себе весьма любопытные исторические сведения, относящиеся к России в XVIII столетии» (перевод с французского), М. 1837. См. т. 17, стр. 624—631.</p>
</comments></div></body>
        </text>
        </TEI>