<?xml version='1.0' encoding='UTF-8' standalone='no'?>

<TEI xmlns="http://www.tei-c.org/ns/1.0">
       <teiHeader>
          <fileDesc>
             <titleStmt>
                <title>Письмо №116. Е. Ф. Коршу.</title>
             </titleStmt>
             <publicationStmt>
                <publisher>TolstoyLab</publisher>
                <date when="2015-09-14">14 September 2015</date>
             </publicationStmt>
             <sourceDesc>
                <biblStruct>
                   <analytic>
                      <author>Толстой Л.Н.</author>
                   </analytic>
                   <monogr>
                      <title level="m">Полное собрание сочинений. Том 60</title>
                      <imprint>
                         <pubPlace>Москва</pubPlace>
                         <publisher>Государственное издательство "Художественная литература"</publisher>
                         <date when="1949"/>
                      </imprint>
                   </monogr>
                   <series>
                      <title level="s">Л.Н. Толстой. Полное собрание сочинений</title>
                      <biblScope unit="vol">60</biblScope>
                   </series>
                </biblStruct>
				<bibl>Впервые опубликовано по копии в харьковском журнале «Творчество», 1919, IV, май, стр. 17, а затем по подлиннику в ПТТ, стр. 56. Год определяется содержанием. Ответное письмо Е. Ф. Корша от 18 мая 1858 г. см. ПТТ, стр. 58—59.</bibl>
             </sourceDesc>
          </fileDesc>
          <encodingDesc>
             <tagsDecl> </tagsDecl>
          </encodingDesc>
          <profileDesc>
             <correspDesc>
                <correspAction type="sending">
                   <persName ref="PersonList.xml#L_N_Tolstoy">Л. Н. Толстой</persName>
                   <placeName ref="PlacesListxml#PLACE">Я. П.</placeName>
                   <date when="1858-05-12">1858 г. Мая 12.</date>            </correspAction>
                <correspAction type="receiving">
                   <persName ref="PersonList.xml#RECEIVER">Корш Евгений Федорович</persName>
                </correspAction>
                <correspContext>
                   <ref type="prev"/>
                </correspContext>
             </correspDesc>
          </profileDesc>
       </teiHeader>
       <xenoData><number type="in a volume">116</number></xenoData>

              <text xml:id="E.F.Korshu_116">
	<body><div>
		<opener index="false">
116. Е. Ф. Коршу.
1858 г. Мая 12. Я. П.</opener>
<p rend="left">Хотел писать вам длинное письмо и, между прочим, о деле; но, оказывается, нынче так мало времени, что только успею написать о деле.</p>
<p rend="left">Будьте так добры, любезный Евгений Федорович, ежели вам случится увидать С. Рачинского,<note xml:id="note1" resp="volume_editor" index="false"> О Сергее Александровиче Рачинском см. п. № 246.</note> или кого нибудь, кто часто видит его, передайте ему от меня следующую просьбу. Он хотел переводить «Военные <choice original_editorial_correction='Расск[азы]'><sic>Расск</sic><corr>Рассказы</corr></choice>».<note xml:id="note2" resp="volume_editor" index="false"> О переводе С. А. Рачинским «Военных рассказов» Толстого никаких сведений не сохранилось.</note> Я умоляю его не забыть, что на стр. 255, в рассказе «<choice original_editorial_correction='Севаст[ополь]'><sic>Севаст</sic><corr>Севастополь</corr></choice> в мае», на лин. 17, слова, — <hi>но отрадно думать</hi>, <hi>что не мы начали эту войну</hi>, <hi>что мы защищаем только родной край</hi>, <hi>родную землю</hi>, — принадлежат г-ну Панаеву,<note xml:id="note3" resp="volume_editor" index="false"> Цитируемое Толстым место в первоначальном издании «Ночь весною 1855 года в Севастополе» («Современник», 1855, кн. 9) читается так: «Но не мы начали эту войну, не мы вызвали это страшное кровопролитие. Мы защищаем только родной кров, родную землю и будем защищать ее до последней капли крови...» На этом и заканчивается весь рассказ. В отдельном издании «Военных рассказов» 1856 г., на стр. 255, это место читается так, как приводит Толстой в письме. Об этом же позднее писал Толстой переводчику на английский язык его сочинений Э. Мооду. Подробнее см. т. 4, стр. 387—392.</note> а не мне, и что прошу их выкинуть. Эти слова в книжку попали, кажется, именно потому, что <hi style="opdelimiter">я</hi><hi style="opnumber">269</hi> <hi style="npnumber">270</hi><hi style="npdelimiter">в</hi> 3-х рукописях и корректурах вымарывал их, и согласился бы всякий раз, как читаю их, лучше получить 100 палок, чем видеть их.</p>
<p rend="left">Решительно не могу ничего написать еще, кроме того, что от души жму вам руку и прошу не забывать человека, вас серьезно уважающего и любящего — Гр. Л. Толстого.</p>
<p rend="left">12 Мая.</p>
<comments><p rend="Textpetit_otstup left">Впервые опубликовано по копии в харьковском журнале «Творчество», 1919, IV, май, стр. 17, а затем по подлиннику в ПТТ, стр. 56. Год определяется содержанием. Ответное письмо Е. Ф. Корша от 18 мая 1858 г. см. ПТТ, стр. 58—59.</p>
<p rend="petit left">Евгений Федорович Корш (1810—1897) — примыкал в молодые годы к кружку западников. Его друзьями были Станкевич, Грановский, Герцен, Белинский и др. В 1835—1841 гг. был библиотекарем Московского университета; в 1842—1848 гг. сотрудничал в «Московских ведомостях» под псевдонимами: «Н. Челышевский», «Н. Тупицын». В 1858—1859 гг. издавал журнал «Атеней». В 1862—1892 гг. был библиотекарем в Румянцевском музее. Одновременно Е. Ф. Корш усиленно занимался переводами с иностранных языков историко-философских сочинений и руководил издательским предприятием К. Т. Солдатенкова в Москве.</p>
<p rend="Textpetit_otstup left"><hi>1</hi> О Сергее Александровиче Рачинском см. п. № 246.</p>
<p rend="petit left"><hi>2</hi> О переводе С. А. Рачинским «Военных рассказов» Толстого никаких сведений не сохранилось.</p>
<p rend="petit left"><hi>3</hi> Цитируемое Толстым место в первоначальном издании «Ночь весною 1855 года в Севастополе» («Современник», 1855, кн. 9) читается так: «Но не мы начали эту войну, не мы вызвали это страшное кровопролитие. Мы защищаем только родной кров, родную землю и будем защищать ее до последней капли крови...» На этом и заканчивается весь рассказ. В отдельном издании «Военных рассказов» 1856 г., на стр. 255, это место читается так, как приводит Толстой в письме. Об этом же позднее писал Толстой переводчику на английский язык его сочинений Э. Мооду. Подробнее см. т. 4, стр. 387—392.</p>
</comments></div></body>
        </text>
        </TEI>