<?xml version='1.0' encoding='UTF-8' standalone='no'?>

<TEI xmlns="http://www.tei-c.org/ns/1.0">
       <teiHeader>
          <fileDesc>
             <titleStmt>
                <title>Письмо №376. П. И. Бартеневу.</title>
             </titleStmt>
             <publicationStmt>
                <publisher>TolstoyLab</publisher>
                <date when="2015-09-14">14 September 2015</date>
             </publicationStmt>
             <sourceDesc>
                <biblStruct>
                   <analytic>
                      <author>Толстой Л.Н.</author>
                   </analytic>
                   <monogr>
                      <title level="m">Полное собрание сочинений. Том 62</title>
                      <imprint>
                         <pubPlace>Москва</pubPlace>
                         <publisher>Государственное издательство "Художественная литература"</publisher>
                         <date when="1953"/>
                      </imprint>
                   </monogr>
                   <series>
                      <title level="s">Л.Н. Толстой. Полное собрание сочинений</title>
                      <biblScope unit="vol">62</biblScope>
                   </series>
                </biblStruct>
				<bibl>Впервые опубликовано в «Сборнике Государственного Толстовского музея», М. 1937, стр. 181. Год определяется связанной с работой над «Декабристами» (см. прим. 1 к письму № 356) просьбой материалов о Хивинском походе.</bibl>
             </sourceDesc>
          </fileDesc>
          <encodingDesc>
             <tagsDecl> </tagsDecl>
          </encodingDesc>
          <profileDesc>
             <correspDesc>
                <correspAction type="sending">
                   <persName ref="PersonList.xml#L_N_Tolstoy">Л. Н. Толстой</persName>
                   <placeName ref="PlacesListxml#PLACE">Я. П.</placeName>
                   <date when="1878-01-03">1878 г. Января 3.</date>            </correspAction>
                <correspAction type="receiving">
                   <persName ref="PersonList.xml#RECEIVER">Бартенев Петр Иванович</persName>
                </correspAction>
                <correspContext>
                   <ref type="prev"/>
                </correspContext>
             </correspDesc>
          </profileDesc>
       </teiHeader>
       <xenoData><number type="in a volume">376</number></xenoData>

              <text xml:id="P.I.Bartenevu_376">
	<body><div>
		<opener index="false">
376. П. И. Бартеневу.
1878 г. Января 3. Я. П.
</opener>
<p rend="Obrashenie left">Петр Иванович!</p>
<p rend="left">Очень обяжете меня, если пришлете нумера Архива, где записки Даля о <choice original_editorial_correction='Хив[инском]'><sic>Хив</sic><corr>Хивинском</corr></choice> походе;<note xml:id="note1" resp="volume_editor" index="false">В. И. Даль в качестве военного врача принимал участие в Хивинском походе. Его «Письма к друзьям из похода в Хиву 1839 г.» были напечатаны в «Русском архиве», 1867, №№ 3 и 4.</note> я у себя не найду. Если что вспомните из того, о чем мы говорили,<note xml:id="note2" resp="volume_editor" index="false">Толстой был в Москве около 28—30 декабря 1877 г. и, вероятно, в один из этих дней виделся с П. И. Бартеневым.</note> или вообще <hi style="opdelimiter">из</hi><hi style="opnumber">366</hi> <hi style="npnumber">367</hi><hi style="npdelimiter">времен</hi> Николая характерное, вспомните вашего <choice original_editorial_correction='искренне[го]'><sic>искренне</sic><corr>искреннего</corr></choice> приятеля Л. Толстого.</p>
<p rend="left">3 января.</p>
<comments><p rend="Textpetit_otstup left">Впервые опубликовано в «Сборнике Государственного Толстовского музея», М. 1937, стр. 181. Год определяется связанной с работой над «Декабристами» (см. прим. 1 к письму № 356) просьбой материалов о Хивинском походе.</p>
<p rend="Textpetit_otstup left"><hi>1 </hi>В. И. Даль в качестве военного врача принимал участие в Хивинском походе. Его «Письма к друзьям из похода в Хиву 1839 г.» были напечатаны в «Русском архиве», 1867, №№ 3 и 4.</p>
<p rend="petit left">Поход для завоевания Хивы (Хорезма) был предпринят в 1839 г., во главе с В. А. Перовским, но окончился неудачно — тяжелым отступлением зимой, через пустыню, и громадными потерями в войсковом составе.</p>
<p rend="petit left"><hi>2 </hi>Толстой был в Москве около 28—30 декабря 1877 г. и, вероятно, в один из этих дней виделся с П. И. Бартеневым.</p>
</comments></div></body>
        </text>
        </TEI>