<?xml version='1.0' encoding='UTF-8' standalone='no'?>

<TEI xmlns="http://www.tei-c.org/ns/1.0">
       <teiHeader>
          <fileDesc>
             <titleStmt>
                <title>Письмо №350. С. А. Толстой</title>
             </titleStmt>
             <publicationStmt>
                <publisher>TolstoyLab</publisher>
                <date when="2015-09-14">14 September 2015</date>
             </publicationStmt>
             <sourceDesc>
                <biblStruct>
                   <analytic>
                      <author>Толстой Л.Н.</author>
                   </analytic>
                   <monogr>
                      <title level="m">Полное собрание сочинений. Том 83</title>
                      <imprint>
                         <pubPlace>Москва</pubPlace>
                         <publisher>Государственное издательство "Художественная литература"</publisher>
                         <date when="1938"/>
                      </imprint>
                   </monogr>
                   <series>
                      <title level="s">Л.Н. Толстой. Полное собрание сочинений</title>
                      <biblScope unit="vol">83</biblScope>
                   </series>
                </biblStruct>
				<bibl>Печатается по автографу, хранящемуся в АТБ. Впервые опубликовано по копии, сделанной С. А. Толстой, в ПЖ, стр. 288. Датируется на основании даты предшествующего письма, а также по содержанию письма, из которого явствует, что Т. Л. Толстая в Никольском-Обольянове, остальные дети Толстых в Москве: С. Л. Толстой приехал в Никольское-Обольяново 24 декабря, T. Л. Толстая вернулась в Москву 26 декабря.</bibl>
             </sourceDesc>
          </fileDesc>
          <encodingDesc>
             <tagsDecl> </tagsDecl>
          </encodingDesc>
          <profileDesc>
             <correspDesc>
                <correspAction type="sending">
                   <persName ref="PersonList.xml#L_N_Tolstoy">Л. Н. Толстой</persName>
                   <placeName ref="PlacesListxml#PLACE">Обольяново.</placeName>
                   <date when="1885-12-24">1885 г. Декабря 24.</date>            </correspAction>
                <correspAction type="receiving">
                   <persName ref="PersonList.xml#RECEIVER">Толстая Софья Андреевна</persName>
                </correspAction>
                <correspContext>
                   <ref type="prev"/>
                </correspContext>
             </correspDesc>
          </profileDesc>
       </teiHeader>
       <xenoData><number type="in a volume">350</number></xenoData>

       <text xml:id="a24_350">
	<body><div>
		<opener index="false">
350.
1885 г. Декабря 24. Обольяново.</opener>
<p rend="left"><choice><reg>Живем</reg><orig>Живемъ</orig></choice> мы очень хорошо. Если я сплю дурно и <choice><reg>желудок</reg><orig>желудокъ</orig></choice> не <choice><reg>в</reg><orig>въ</orig></choice> <choice><reg>порядке</reg><orig>порядкѣ</orig></choice>, то это желчное <choice><reg>состояние</reg><orig>состоянiе</orig></choice>, начинавшееся еще <choice><reg>в</reg><orig>въ</orig></choice> <choice><reg>Москве</reg><orig>Москвѣ</orig></choice> и теперь <choice><reg>проходит</reg><orig>проходитъ</orig></choice>. Семейство одно дома;<note xml:id="note1" resp="volume_editor" index="false"> «Т. е. нет приезжих» (п. С. А.).</note> <choice><reg>как</reg><orig>какъ</orig></choice> всегда, <choice><reg>все</reg><orig>всѣ</orig></choice> <choice><reg>приятны</reg><orig>прiятны</orig></choice> и добродушны. Я <choice><reg>нашел</reg><orig>нашелъ</orig></choice> много <choice><reg>книг</reg><orig>книгъ</orig></choice> <choice><reg>в</reg><orig>въ</orig></choice> <choice><reg>библиотеке</reg><orig>библiотекѣ</orig></choice>, <choice><reg>из</reg><orig>изъ</orig></choice> <choice original_editorial_correction='к[оторой]'><sic>к</sic><corr>которой</corr></choice> собираю то, что годится для <choice><reg>издания</reg><orig>изданiя</orig></choice>. Книги особенно хороши <choice><reg>нравоучительные</reg><orig>нравоучительныя</orig></choice> <choice><reg>масонския</reg><orig>масонскiя</orig></choice>.</p>
<p rend="left">Сегодня ходилъ на коньки смотрѣть, какъ они катаются. Таня ведетъ себя хорошо, чего желаю и всѣмъ ея сестрамъ и <hi style="opdelimiter"><choice><reg>братьям</reg><orig>братьямъ</orig></choice>.</hi><hi style="opnumber">555</hi></p>
<p rend="left"><hi style="npnumber">556</hi><hi style="npdelimiter"><choice><reg>Целую</reg><orig>Цѣлую</orig></choice></hi> <choice><reg>всех</reg><orig>всѣхъ</orig></choice> и малышей особенно. — О <choice><reg>тебе</reg><orig>тебѣ</orig></choice> ничего не знаю. <choice><reg>Надеюсь</reg><orig>Надѣюсь</orig></choice>, что <choice><reg>тебе</reg><orig>тебѣ</orig></choice> хорошо.</p>
<p rend="right">Л. Т.</p>
<lb/>
<p rend="left"><hi>На конверте:</hi> Гр. <choice><reg>Софье</reg><orig>Софьѣ</orig></choice> <choice><reg>Андревне</reg><orig>Андревнѣ</orig></choice> Толстой.</p>
<comments><p rend="Textpetit_otstup left">Печатается по автографу, хранящемуся в АТБ. Впервые опубликовано по копии, сделанной С. А. Толстой, в ПЖ, стр. 288. Датируется на основании даты предшествующего письма, а также по содержанию письма, из которого явствует, что Т. Л. Толстая в Никольском-Обольянове, остальные дети Толстых в Москве: С. Л. Толстой приехал в Никольское-Обольяново 24 декабря, T. Л. Толстая вернулась в Москву 26 декабря.</p>
<p rend="Textpetit_otstup left"><hi>1</hi> «Т. е. нет приезжих» (п. С. А.).</p>
</comments></div></body>
        </text>
        </TEI>