<?xml version='1.0' encoding='UTF-8' standalone='no'?>

<TEI xmlns="http://www.tei-c.org/ns/1.0">
       <teiHeader>
          <fileDesc>
             <titleStmt>
                <title>Письмо №221. С. А. Толстой</title>
             </titleStmt>
             <publicationStmt>
                <publisher>TolstoyLab</publisher>
                <date when="2015-09-14">14 September 2015</date>
             </publicationStmt>
             <sourceDesc>
                <biblStruct>
                   <analytic>
                      <author>Толстой Л.Н.</author>
                   </analytic>
                   <monogr>
                      <title level="m">Полное собрание сочинений. Том 83</title>
                      <imprint>
                         <pubPlace>Москва</pubPlace>
                         <publisher>Государственное издательство "Художественная литература"</publisher>
                         <date when="1938"/>
                      </imprint>
                   </monogr>
                   <series>
                      <title level="s">Л.Н. Толстой. Полное собрание сочинений</title>
                      <biblScope unit="vol">83</biblScope>
                   </series>
                </biblStruct>
				<bibl>Печатается по автографу, хранящемуся в АТБ. Впервые опубликовано по копии, сделанной С. А. Толстой, в ПЖ, стр. 178—179. Датируется на основании почтовых штемпелей: «Моск. почт. центр. отд. 18 сентября 1882; Тула 20 сентября 1882» и пометы Толстого «суббота», которая падала на 18 сентября 1882 г.</bibl>
             </sourceDesc>
          </fileDesc>
          <encodingDesc>
             <tagsDecl> </tagsDecl>
          </encodingDesc>
          <profileDesc>
             <correspDesc>
                <correspAction type="sending">
                   <persName ref="PersonList.xml#L_N_Tolstoy">Л. Н. Толстой</persName>
                   <placeName ref="PlacesListxml#PLACE">Москва.</placeName>
                   <date when="1882-09-18">1882 г. Сентября 18.</date>            </correspAction>
                <correspAction type="receiving">
                   <persName ref="PersonList.xml#RECEIVER">Толстая Софья Андреевна</persName>
                </correspAction>
                <correspContext>
                   <ref type="prev"/>
                </correspContext>
             </correspDesc>
          </profileDesc>
       </teiHeader>
       <xenoData><number type="in a volume">221</number></xenoData>

       <text xml:id="a18_221">
	<body><div>
		<opener index="false">
221.
1882 г. Сентября 18. Москва.</opener>
<p rend="right"><hi>18. Суббота, 2-й <choice><reg>час</reg><orig>часъ</orig></choice>.</hi></p>
<p rend="left">Пишу <choice><reg>от</reg><orig>отъ</orig></choice> Костиньки. <choice><reg>Сейчас</reg><orig>Сейчасъ</orig></choice> <choice><reg>пришел</reg><orig>пришелъ</orig></choice> <choice><reg>к</reg><orig>къ</orig></choice> нему,<note xml:id="note1" resp="volume_editor" index="false"> В редакцию «Московских ведомостей», что явствует из штампа почтового листа, на котором написано письмо.</note> и на дворъ Волк[онскаго дома], гдѣ укладываютъ мебель, а пришелъ въ восторгъ отъ квартиры, к[оторую] я нашелъ Сережѣ въ домѣ Роговичъ, квартира Вышеславцева,<note xml:id="note2" resp="volume_editor" index="false"> Петр Михайлович Вышеславцев 1-й, присяжный поверенный.</note> на 7 <choice original_editorial_correction='м[есяцев]'><sic>м</sic><corr><choice><reg>месяцев</reg><orig>мѣсяцевъ</orig></choice></corr></choice>, по 110 р. <choice><reg>в</reg><orig>въ</orig></choice> <choice><reg>месяц</reg><orig>мѣсяцъ</orig></choice>,<note xml:id="note3" resp="volume_editor" index="false"> <hi>В подлиннике:</hi> <choice><reg>месяцев</reg><orig>мѣсяцевъ</orig></choice>. — Об этой квартире Толстой в тот же день написал брату С. Н. Толстому. См. письма 1882 г., т. 63, стр. 102. «В этой квартире и прожила зиму семья гр. Сергея Николаевича Толстого» (н. п. С. А.). См. также описание квартиры дочерью С. Н. Толстого, Марией Сергеевной Бибиковой (Юбилейный сборник «Лев Николаевич Толстой», ГИЗ. M.-Л. 1928, стр. 115).</note> чисто, тепло, роскошно. Я очень <choice><reg>рад</reg><orig>радъ</orig></choice>, что <choice><reg>мне</reg><orig>мнѣ</orig></choice> удалось. Нынче <choice><reg>утром</reg><orig>утромъ</orig></choice> <choice><reg>приехал</reg><orig>прiѣхалъ</orig></choice> Илюша, веселый, бодрый. <choice><reg>Говорит</reg><orig>Говоритъ</orig></choice>, что выспался хорошо <choice><reg>в</reg><orig>въ</orig></choice> <choice><reg>вагоне</reg><orig>вагонѣ</orig></choice>. Я <choice><reg>пошел</reg><orig>пошелъ</orig></choice> <choice><reg>в</reg><orig>въ</orig></choice> <choice><reg>гимназию</reg><orig>гимназiю</orig></choice>,<hi>4 </hi><choice><reg>поговорил</reg><orig>поговорилъ</orig></choice> о <choice><reg>нем</reg><orig>немъ</orig></choice> и <choice><reg>объявил</reg><orig>объявилъ</orig></choice> Поливанову, что я Лелю оставлю дома. Вчера я <choice><reg>целый</reg><orig>цѣлый</orig></choice> день <choice><reg>бегал</reg><orig>бѣгалъ</orig></choice> по <hi style="opdelimiter"><choice><reg>квартирам</reg><orig>квартирамъ</orig></choice>,</hi><hi style="opnumber">360</hi> <hi style="npnumber">361</hi><hi style="npdelimiter"><choice><reg>зашел</reg><orig>зашелъ</orig></choice></hi> <choice><reg>к</reg><orig>къ</orig></choice> <choice><reg>Вариньке</reg><orig>Варинькѣ</orig></choice>, <choice><reg>где</reg><orig>гдѣ</orig></choice> <choice><reg>обедали</reg><orig>обѣдали</orig></choice> Сережа и Леля, и оттуда <choice><reg>пришел</reg><orig>пришелъ</orig></choice> домой, проголодался и <choice><reg>наелся</reg><orig>наѣлся</orig></choice> борщу <choice><reg>вчерашнего</reg><orig>вчерашняго</orig></choice> <choice><reg>так</reg><orig>такъ</orig></choice> плотно, что насилу поднялся идти <choice><reg>к</reg><orig>къ</orig></choice> <choice><reg>Олсуфьевым</reg><orig>Олсуфьевымъ</orig></choice>.<note xml:id="note4" resp="volume_editor" index="false"> Гр. Адам Васильевич Олсуфьев.</note> У <choice original_editorial_correction='Олс[уфьевых]'><sic>Олс</sic><corr><choice><reg>Олсуфьевых</reg><orig>Олсуфьевыхъ</orig></choice></corr></choice> <choice><reg>был</reg><orig>былъ</orig></choice> <choice><reg>Александр</reg><orig>Александръ</orig></choice> <choice><reg>Олсуфьев</reg><orig>Олсуфьевъ</orig></choice><note xml:id="note5" resp="volume_editor" index="false"> Гр. Александр Васильевич Олсуфьев (1843—1907), брат Адама Васильевича. Впоследствии генерал-адъютант, помощник начальника императорской главной квартиры; с ним Толстой был в переписке. Прототип <hi style="opdelimiter">Богатырева.</hi><hi style="opnumber">361</hi></note> <choice><reg>с</reg><orig>съ</orig></choice> женой<note xml:id="note6" resp="volume_editor" index="false"> Гр. Екатерина Львовна Олсуфьева (1847—1902), рожд. гр. Соллогуб, жена Александра Васильевича Олсуфьева с 1875 г.</note> и очень <choice><reg>мне</reg><orig>мнѣ</orig></choice> понравился. <choice><reg>Пришел</reg><orig>Пришелъ</orig></choice> домой <choice><reg>с</reg><orig>съ</orig></choice> Сережей <choice><reg>позднее</reg><orig>позднѣе</orig></choice> <choice><reg>обыкновенного</reg><orig>обыкновеннаго</orig></choice> и <choice><reg>спал</reg><orig>спалъ</orig></choice> дурно. — Твои письма <choice><reg>радуют</reg><orig>радуютъ</orig></choice> меня. <choice><reg>Место</reg><orig>Мѣсто</orig></choice> <choice><reg>из</reg><orig>изъ</orig></choice> Сенеки<note xml:id="note7" resp="volume_editor" index="false"> С. А. Толстая писала 15 сентября: «Когда все вечером спят, я иногда читаю Сенеку; мне не понравилось, что он, описывая «Colère» [«Гнев»], такое обращает внимание на внешность человека». — Толстой имеет в виду следующее место первой главы I книги трактата Сенеки «De ira», где описывается человек в состоянии гнева: «глаза его воспламеняются, сверкают, лицо становится пурпурового цвета, потому что кровь, отхлынувшая от сердца, начинает кипеть и бросаться в голову; губы дрожат, зубы стиснуты, волосы вздымаются, дыхание делается затрудненным и с присвистом, суставы его начинают скручиваться и хрустеть, он стонет, рычит, речь прерывается междометиями, руки судорожно сжимаются, ноги стучат о землю» и т. д.</note> я знаю и не <choice><reg>согласен</reg><orig>согласенъ</orig></choice>. О <choice><reg>моем</reg><orig>моемъ</orig></choice> <choice><reg>душевном</reg><orig>душевномъ</orig></choice> <choice><reg>состоянии</reg><orig>состоянiи</orig></choice> трудно писать. Одно, что оно хорошее и спокойное. Лельку я хочу <choice><reg>с</reg><orig>съ</orig></choice> собой привезти. Если ты не одобришь, — телеграфируй. Я <choice><reg>в</reg><orig>въ</orig></choice> <choice><reg>сомнении</reg><orig>сомнѣнiи</orig></choice>: и хочется ему <choice><reg>приятное</reg><orig>прiятное</orig></choice> <choice><reg>сделать</reg><orig>сдѣлать</orig></choice> и не оставлять его, и чувствую, что это баловство. Я <choice><reg>приеду</reg><orig>прiѣду</orig></choice>, если <choice original_editorial_correction='б[уду]'><sic>б</sic><corr>буду</corr></choice> <choice><reg>жив</reg><orig>живъ</orig></choice>, <choice><reg>в</reg><orig>въ</orig></choice> <choice><reg>понедельник</reg><orig>понедѣльникъ</orig></choice> <choice><reg>с</reg><orig>съ</orig></choice> <choice><reg>почтовым</reg><orig>почтовымъ</orig></choice>, стало быть, телеграфировать нечего.</p>
<p rend="left">Ивана <choice><reg>переменять</reg><orig>перемѣнять</orig></choice> я не <choice><reg>советую</reg><orig>совѣтую</orig></choice>.<note xml:id="note8" resp="volume_editor" index="false"> По поводу инцидента с Ильей Львовичем Толстым см. прим. 1 к письму № 215 от 13 сентября 1882 г.</note> <choice><reg>Хорошего</reg><orig>Хорошаго</orig></choice> лакея <choice><reg>в</reg><orig>въ</orig></choice> эту <choice><reg>цену</reg><orig>цѣну</orig></choice> не найдешь. А если <choice><reg>из</reg><orig>изъ</orig></choice> <choice><reg>этого</reg><orig>этаго</orig></choice> <choice><reg>низшего</reg><orig>низшаго</orig></choice> сорта лакей не <choice><reg>пьет</reg><orig>пьетъ</orig></choice> и <choice><reg>смирен</reg><orig>смиренъ</orig></choice>, и; то благо. — Таня <choice><reg>верно</reg><orig>вѣрно</orig></choice> <choice><reg>преследует</reg><orig>преслѣдуетъ</orig></choice> его. —</p>
<p rend="left">Ну, прощай, душенька, <choice><reg>целую</reg><orig>цѣлую</orig></choice> тебя и <choice><reg>детей</reg><orig>дѣтей</orig></choice>.</p>
<lb/>
<p rend="left"><hi>На конверте:</hi> Тула. Е. С. <choice><reg>Графине</reg><orig>Графинѣ</orig></choice> <choice><reg>Софье</reg><orig>Софьѣ</orig></choice> <choice><reg>Андревне</reg><orig>Андревнѣ</orig></choice> Толстой.</p>
<comments><p rend="Textpetit_otstup left">Печатается по автографу, хранящемуся в АТБ. Впервые опубликовано по копии, сделанной С. А. Толстой, в ПЖ, стр. 178—179. Датируется на основании почтовых штемпелей: «Моск. почт. центр. отд. 18 сентября 1882; Тула 20 сентября 1882» и пометы Толстого «суббота», которая падала на 18 сентября 1882 г.</p>
<p rend="Textpetit_otstup left"><hi>1</hi> В редакцию «Московских ведомостей», что явствует из штампа почтового листа, на котором написано письмо.</p>
<p rend="petit left"><hi>2</hi> Петр Михайлович Вышеславцев 1-й, присяжный поверенный.</p>
<p rend="petit left"><hi>3</hi> <hi>В подлиннике:</hi> <choice><reg>месяцев</reg><orig>мѣсяцевъ</orig></choice>. — Об этой квартире Толстой в тот же день написал брату С. Н. Толстому. См. письма 1882 г., т. 63, стр. 102. «В этой квартире и прожила зиму семья гр. Сергея Николаевича Толстого» (н. п. С. А.). См. также описание квартиры дочерью С. Н. Толстого, Марией Сергеевной Бибиковой (Юбилейный сборник «Лев Николаевич Толстой», ГИЗ. M.-Л. 1928, стр. 115).</p>
<p rend="petit left"><hi>4</hi> Посещения Толстым Поливановской гимназии обычно сопровождались беседами в кабинете директора Л. И. Поливанова на общие темы. В ГТМ хранится застенографированная женой Л. И. Поливанова беседа Поливанова с Толстым, происходившая в 1881 г.</p>
<p rend="petit left"><hi>5</hi> Гр. Адам Васильевич Олсуфьев.</p>
<p rend="petit left"><hi>6</hi> Гр. Александр Васильевич Олсуфьев (1843—1907), брат Адама Васильевича. Впоследствии генерал-адъютант, помощник начальника императорской главной квартиры; с ним Толстой был в переписке. Прототип <hi style="opdelimiter">Богатырева.</hi><hi style="opnumber">361</hi></p>
<p rend="petit left"><hi>7</hi> Гр. Екатерина Львовна Олсуфьева (1847—1902), рожд. гр. Соллогуб, жена Александра Васильевича Олсуфьева с 1875 г.</p>
<p rend="petit left"><hi>8</hi> С. А. Толстая писала 15 сентября: «Когда все вечером спят, я иногда читаю Сенеку; мне не понравилось, что он, описывая «Colère» [«Гнев»], такое обращает внимание на внешность человека». — Толстой имеет в виду следующее место первой главы I книги трактата Сенеки «De ira», где описывается человек в состоянии гнева: «глаза его воспламеняются, сверкают, лицо становится пурпурового цвета, потому что кровь, отхлынувшая от сердца, начинает кипеть и бросаться в голову; губы дрожат, зубы стиснуты, волосы вздымаются, дыхание делается затрудненным и с присвистом, суставы его начинают скручиваться и хрустеть, он стонет, рычит, речь прерывается междометиями, руки судорожно сжимаются, ноги стучат о землю» и т. д.</p>
<p rend="petit left"><hi>9</hi> По поводу инцидента с Ильей Львовичем Толстым см. прим. 1 к письму № 215 от 13 сентября 1882 г.</p>
</comments></div></body>
        </text>
        </TEI>