<?xml version='1.0' encoding='UTF-8' standalone='no'?>

<TEI xmlns="http://www.tei-c.org/ns/1.0">
       <teiHeader>
          <fileDesc>
             <titleStmt>
                <title>Письмо №* 287. М. П. Щепкину.</title>
             </titleStmt>
             <publicationStmt>
                <publisher>TolstoyLab</publisher>
                <date when="2015-09-14">14 September 2015</date>
             </publicationStmt>
             <sourceDesc>
                <biblStruct>
                   <analytic>
                      <author>Толстой Л.Н.</author>
                   </analytic>
                   <monogr>
                      <title level="m">Полное собрание сочинений. Том 63</title>
                      <imprint>
                         <pubPlace>Москва</pubPlace>
                         <publisher>Государственное издательство "Художественная литература"</publisher>
                         <date when="1934"/>
                      </imprint>
                   </monogr>
                   <series>
                      <title level="s">Л.Н. Толстой. Полное собрание сочинений</title>
                      <biblScope unit="vol">63</biblScope>
                   </series>
                </biblStruct>
				<bibl>Печатается по автографу, хранящемуся в ГТМ. Публикуется впервые. Датируется по содержанию, касающемуся хлопот за А. К. Маликова. В данном письме Толстой указывает на «вполне православное направление» его. Известно, что к православию А. К. Маликов пришел к 1882—1884 гг. Эта дата определяет время раннего написания письма Толстого. Очевидно также, что оно было написано близко по времени к указанному периоду, так как уже в дальнейшие годы следует охлаждение отношений Толстого с А. К. Маликовым и почти полное прекращение сношений.</bibl>
             </sourceDesc>
          </fileDesc>
          <encodingDesc>
             <tagsDecl> </tagsDecl>
          </encodingDesc>
          <profileDesc>
             <correspDesc>
                <correspAction type="sending">
                   <persName ref="PersonList.xml#L_N_Tolstoy">Л. Н. Толстой</persName>
                   <placeName ref="PlacesListxml#PLACE"/>
                   <date from="1882" to="1884">1882—1884? гг.</date>            </correspAction>
                <correspAction type="receiving">
                   <persName ref="PersonList.xml#RECEIVER">Щепкин Митрофан Павлович</persName>
                </correspAction>
                <correspContext>
                   <ref type="prev"/>
                </correspContext>
             </correspDesc>
          </profileDesc>
       </teiHeader>
       <xenoData><number type="in a volume">287</number></xenoData>

              <text xml:id="M__P__SHHepkinu_287">
	<body><div>
		<opener index="false">
* 287. М. П. Щепкину.
1882—1884? гг.
</opener>
<p rend="Obrashenie left"><choice><reg>Митрофан</reg><orig>Митрофанъ</orig></choice> <choice><reg>Павлович</reg><orig>Павловичъ</orig></choice>.</p>
<p rend="left">Мой <choice><reg>хороший</reg><orig>хорошiй</orig></choice> знакомый <choice original_editorial_correction='Алекс[андр]'><sic>Алекс</sic><corr><choice><reg>Александр</reg><orig>Александръ</orig></choice></corr></choice> <choice><reg>Капитонович</reg><orig>Капитоновичъ</orig></choice> <choice><reg>Маликов</reg><orig>Маликовъ</orig></choice><note xml:id="note1" resp="volume_editor" index="false"> См. прим. 1 к письму № 49.</note> (вы <choice><reg>верно</reg><orig>вѣрно</orig></choice> его знаете по имени) <choice><reg>желает</reg><orig>желаетъ</orig></choice> занять <choice><reg>место</reg><orig>мѣсто</orig></choice> <choice><reg>школьного</reg><orig>школьнаго</orig></choice> учителя <choice><reg>в</reg><orig>въ</orig></choice> одной <choice><reg>из</reg><orig>изъ</orig></choice> <choice><reg>имеющих</reg><orig>имѣющихъ</orig></choice> быть открытыми Думой <choice><reg>двух</reg><orig>двухъ</orig></choice> <choice><reg>школ</reg><orig>школъ</orig></choice> и <choice><reg>просит</reg><orig>проситъ</orig></choice> меня рекомендовать его <choice><reg>вам</reg><orig>вамъ</orig></choice> <choice><reg>с</reg><orig>съ</orig></choice> <choice><reg>тем</reg><orig>тѣмъ</orig></choice>, чтобы замолвили о <choice><reg>нем</reg><orig>немъ</orig></choice> слово кому <choice><reg>следует</reg><orig>слѣдуетъ</orig></choice>. Я исполняю его <choice><reg>желание</reg><orig>желанiе</orig></choice> <choice><reg>с</reg><orig>съ</orig></choice> <choice><reg>особенным</reg><orig>особеннымъ</orig></choice> <choice><reg>удовольствием</reg><orig>удовольствiемъ</orig></choice>, потому что знаю <choice><reg>вопервых</reg><orig>вопервыхъ</orig></choice> Маликова за очень <choice><reg>хорошего</reg><orig>хорошаго</orig></choice> <choice><reg>человека</reg><orig>человѣка</orig></choice>, <choice><reg>вовторых</reg><orig>вовторыхъ</orig></choice>, потому что его <choice><reg>звание</reg><orig>званiе</orig></choice> Кандидата университета и искреннее <choice><reg>религиозное</reg><orig>религiозное</orig></choice>, <choice><reg>вполне</reg><orig>вполнѣ</orig></choice> православное <choice><reg>направление</reg><orig>направленiе</orig></choice> <choice><reg>делают</reg><orig>дѣлаютъ</orig></choice> его <choice><reg>желательным</reg><orig>желательнымъ</orig></choice> для Думской школы <choice><reg>учителем</reg><orig>учителемъ</orig></choice>. Очень обяжете, если исполните мою просьбу.</p>
<p rend="right"><choice><reg>Ваш</reg><orig>Вашъ</orig></choice> <choice><reg>Лев</reg><orig>Левъ</orig></choice> Толстой.</p>
<p rend="left"><choice><reg>Инспектор</reg><orig>Инспекторъ</orig></choice> <choice><reg>училищ</reg><orig>училищъ</orig></choice> <choice><reg>Некрасов</reg><orig>Некрасовъ</orig></choice><note xml:id="note2" resp="volume_editor" index="false"> Иван Юльевич Некрасов (ум. 1893 г.), инспектор народных училищ Московской губернии и член московского городского училищного совета.</note> <choice><reg>знает</reg><orig>знаетъ</orig></choice> его и ничего не <choice><reg>имеет</reg><orig>имѣетъ</orig></choice> <choice><reg>против</reg><orig>противъ</orig></choice> него.</p>
<comments><p rend="Textpetit_otstup left">Печатается по автографу, хранящемуся в ГТМ. Публикуется впервые. Датируется по содержанию, касающемуся хлопот за А. К. Маликова. В данном письме Толстой указывает на «вполне православное направление» его. Известно, что к православию А. К. Маликов пришел к 1882—1884 гг. Эта дата определяет время раннего написания письма Толстого. Очевидно также, что оно было написано близко по времени к указанному периоду, так как уже в дальнейшие годы следует охлаждение отношений Толстого с А. К. Маликовым и почти полное прекращение сношений.</p>
<p rend="Textpetit_otstup left"><hi>1</hi> См. прим. 1 к письму № 49.</p>
<p rend="petit left"><hi>2</hi> Иван Юльевич Некрасов (ум. 1893 г.), инспектор народных училищ Московской губернии и член московского городского училищного совета.</p>
</comments></div></body>
        </text>
        </TEI>