<?xml version='1.0' encoding='UTF-8' standalone='no'?>

<TEI xmlns="http://www.tei-c.org/ns/1.0">
       <teiHeader>
          <fileDesc>
             <titleStmt>
                <title>Письмо №119. Б. Н. Чичерину.</title>
             </titleStmt>
             <publicationStmt>
                <publisher>TolstoyLab</publisher>
                <date when="2015-09-14">14 September 2015</date>
             </publicationStmt>
             <sourceDesc>
                <biblStruct>
                   <analytic>
                      <author>Толстой Л.Н.</author>
                   </analytic>
                   <monogr>
                      <title level="m">Полное собрание сочинений. Том 60</title>
                      <imprint>
                         <pubPlace>Москва</pubPlace>
                         <publisher>Государственное издательство "Художественная литература"</publisher>
                         <date when="1949"/>
                      </imprint>
                   </monogr>
                   <series>
                      <title level="s">Л.Н. Толстой. Полное собрание сочинений</title>
                      <biblScope unit="vol">60</biblScope>
                   </series>
                </biblStruct>
				<bibl>Впервые опубликовано в ПТТ, стр. 16—18. Письмо датируется 21 и 23 августа, так как Толстой подписал его 23 августа; следовательно, первая часть была написана 21 августа.</bibl>
             </sourceDesc>
          </fileDesc>
          <encodingDesc>
             <tagsDecl> </tagsDecl>
          </encodingDesc>
          <profileDesc>
             <correspDesc>
                <correspAction type="sending">
                   <persName ref="PersonList.xml#L_N_Tolstoy">Л. Н. Толстой</persName>
                   <placeName ref="PlacesListxml#PLACE">Я. П.</placeName>
                   <date when="1858-08-21">1858 г. Августа 21</date>            </correspAction>
                <correspAction type="receiving">
                   <persName ref="PersonList.xml#RECEIVER">Чичерин Борис Николаевич</persName>
                </correspAction>
                <correspContext>
                   <ref type="prev"/>
                </correspContext>
             </correspDesc>
          </profileDesc>
       </teiHeader>
       <xenoData><number type="in a volume">119</number></xenoData>

              <text xml:id="B.N.CHicherinu_119">
	<body><div>
		<opener index="false">
119. Б. Н. Чичерину.
1858 г. Августа 21 и 23. Я. П.</opener>
<p rend="left">Здравствуй, милый друг! Ты, я думаю, злился и уже перезлился на меня, так что письмо это застанет тебя равнодушным, это бы было мне очень, очень больно. Впрочем тебя не угадаешь, ты субъект странный. Не писал я тебе от того, что с приезда моего в деревню и до сей минуты буквально не брал пера в руки — сеял, косил, жал и т. д. — тоже буквально. Я не могу заниматься чем-нибудь немножко, от этого я и тобой не занимался, теперь же, в эту минуту, я весь в тебе и отдал бы все скирды, сложенные моими трудами, за вечер с тобой. — Хочется опять умственных волнений и восторгов, которые, однако, мне так надоели, что я 4 месяца отдыхал от них в физическом труде, хочется слушать тебя, разгадывать, даром, мгновенно, ловить трудом выработанную мысль, усвоивать их, цеплять одну за другую и строить миры новые, громадные, с одной целью: любоваться на их величавость. — Ты, верно, понимаешь, что я хочу сказать. Как я провел нынешнее лето? Трудно сказать и на словах, не только в письме.</p>
<p rend="left">Два дня лежало это письмо; я остановился на том месте, где хотел начать хвастаться, — совестно стало, а есть чем похвастаться. Построить свой честный мирок среди всей окружающей застарелой мерзости и лжи стоит чего-нибудь, и главное успеть — дает гордую радость. Быть искушаемым на каждом шагу употребить власть против обмана, лжи, варварства и, не употребляя ее, обойти обман — штука! И я сделал ее. Зато и труда было много; зато и труд вознагражден; во-первых, самим трудом и огромным новым содержанием, почерпнутым мною в это лето. В чем оно, не расскажешь, но следы его всякой человек, любящий меня, увидит легко на мне; почему я и сам их на себе вижу и чувствую. — Но не о том хочется говорить. Читал ли ты переписку Станкевича?<note xml:id="note1" resp="volume_editor" index="false"> Николай Владимирович Станкевич (1813—1840). Толстой разумеет выдержки из писем Станкевича к друзьям, напечатанные в книге Анненкова «Николай Владимирович Станкевич», М. 1858.</note> Боже мой! что это за прелесть. Вот человек, которого я любил бы, как себя. Веришь ли, у меня теперь слезы на глазах. — Я нынче только кончил его и ни о чем другом не могу думать. Больно читать его — слишком правда, убийственно грустная правда. Вот где ешь его кровь и тело. И зачем? за что? мучалось, радовалось и тщетно желало такое милое, чудное существо. Зачем? ты скажешь: «затем, чтобы ты плакал, его читая». Да это я знаю и согласен, но этот ответ <hi style="opdelimiter">не</hi><hi style="opnumber">272</hi> <hi style="npnumber">273</hi><hi style="npdelimiter">мешает</hi> мне все-таки совсем из другого, более цельного, более человеческого источника, спросить: зачем? и с каким-то болезненным удовольствием знать, что ничем кроме грустью и ужасом нельзя ответить на этот <hi>зачем?</hi> Тот же <hi>зачем</hi> звучит и в моей душе на всё лучшее, что в ней есть; и это лучшее мне тем, не скажу дороже, а больнее. Понимаешь ли ты меня, мой друг? Я бы желал, чтобы ты меня понял; а то на одного много этого — тяжело. Чорт знает, нервы что ли у меня расстроены, но мне хочется плакать и сейчас затворю дверь и буду плакать. Пора умирать нашему брату, когда не только не новы впечатленья бытья,<note xml:id="note2" resp="volume_editor" index="false"> Выражение Пушкина:</note> но нет мысли, нет чувства, которое невольно не привело бы быть на краю бездны. — Счастливый ты человек, и дай Бог тебе счастья. Тебе тесно, а мне широко, всё широко, всё не по силам, не по воображаемым силам. Истаскал я себя, растянул всё, а вложить нечего. Прощай, как бы дорого я дал, чтобы поговорить с тобой и смущенно замолчать. Пускай бы мальчики побегали в глазах,<note xml:id="note3" resp="volume_editor" index="false"> Выражение, навеянное Пушкиным: «И мальчики кровавые в глазах» («Борис Годунов», сцена «Царские палаты»).</note> это ничего. Я зимой буду за границей:<note xml:id="note4" resp="volume_editor" index="false"> За границу Толстой уехал 28 мая 1860 г.</note> и так мне всё равно, где я приеду к тебе. —</p>
<p rend="right">Гр. Л. Толстой.</p>
<p rend="left">23 Августа.</p>
<p rend="left">Адрес всё <hi>в Тулу</hi>.</p>
<comments><p rend="Textpetit_otstup left">Впервые опубликовано в ПТТ, стр. 16—18. Письмо датируется 21 и 23 августа, так как Толстой подписал его 23 августа; следовательно, первая часть была написана 21 августа.</p>
<p rend="Textpetit_otstup left"><hi>1</hi> Николай Владимирович Станкевич (1813—1840). Толстой разумеет выдержки из писем Станкевича к друзьям, напечатанные в книге Анненкова «Николай Владимирович Станкевич», М. 1858.</p>
<p rend="petit left"><hi>2</hi> Выражение Пушкина:</p>
<div rend="poem petit">
<div rend="stanza">
<p rend="v">
В те дни, когда мне были новы
</p>
<p rend="v">
Все впечатленья бытия («Демон»).
</p>
</div>
</div>
<p rend="petit left"><hi>3</hi> Выражение, навеянное Пушкиным: «И мальчики кровавые в глазах» («Борис Годунов», сцена «Царские палаты»).</p>
<p rend="petit left"><hi>4</hi> За границу Толстой уехал 28 мая 1860 г.</p>
</comments></div></body>
        </text>
        </TEI>