<?xml version='1.0' encoding='UTF-8' standalone='no'?>

<TEI xmlns="http://www.tei-c.org/ns/1.0">
       <teiHeader>
          <fileDesc>
             <titleStmt>
                <title>Письмо №286. С. А. Толстой</title>
             </titleStmt>
             <publicationStmt>
                <publisher>TolstoyLab</publisher>
                <date when="2015-09-14">14 September 2015</date>
             </publicationStmt>
             <sourceDesc>
                <biblStruct>
                   <analytic>
                      <author>Толстой Л.Н.</author>
                   </analytic>
                   <monogr>
                      <title level="m">Полное собрание сочинений. Том 83</title>
                      <imprint>
                         <pubPlace>Москва</pubPlace>
                         <publisher>Государственное издательство "Художественная литература"</publisher>
                         <date when="1938"/>
                      </imprint>
                   </monogr>
                   <series>
                      <title level="s">Л.Н. Толстой. Полное собрание сочинений</title>
                      <biblScope unit="vol">83</biblScope>
                   </series>
                </biblStruct>
				<bibl>Печатается по автографу, хранящемуся в АТБ. Впервые опубликовано по копии, сделанной С. А. Толстой, в ПЖ, стр. 240. Открытое письмо. Датируется на основании почтовых штемпелей: «Почтовый вагон. 12 декабря 1884; Москва 12 декабря 1884» и слов письма: «Нынче вечер». В ПЖ датировано 12 декабря.</bibl>
             </sourceDesc>
          </fileDesc>
          <encodingDesc>
             <tagsDecl> </tagsDecl>
          </encodingDesc>
          <profileDesc>
             <correspDesc>
                <correspAction type="sending">
                   <persName ref="PersonList.xml#L_N_Tolstoy">Л. Н. Толстой</persName>
                   <placeName ref="PlacesListxml#PLACE">Я. П.</placeName>
                   <date when="1884-12-11">1884 г. Декабря 11.</date>            </correspAction>
                <correspAction type="receiving">
                   <persName ref="PersonList.xml#RECEIVER">Толстая Софья Андреевна</persName>
                </correspAction>
                <correspContext>
                   <ref type="prev"/>
                </correspContext>
             </correspDesc>
          </profileDesc>
       </teiHeader>
       <xenoData><number type="in a volume">286</number></xenoData>

       <text xml:id="a11_286">
	<body><div>
		<opener index="false">
286.
1884 г. Декабря 11. Я. П.</opener>
<p rend="left">Все утро очень хорошо <choice><reg>работал</reg><orig>работалъ</orig></choice>. <choice><reg>Перевалил</reg><orig>Перевалилъ</orig></choice> самое трудное и теперь <choice><reg>надеюсь</reg><orig>надѣюсь</orig></choice> кончить. Все совершенно <hi style="opdelimiter">благополучно,</hi><hi style="opnumber">461</hi> <hi style="npnumber">462</hi><hi style="npdelimiter">только</hi> немного <choice><reg>болит</reg><orig>болитъ</orig></choice> печень, <choice original_editorial_correction='т[ак]'><sic>т</sic><corr><choice><reg>так</reg><orig>такъ</orig></choice></corr></choice> <choice original_editorial_correction='к[ак]'><sic>к</sic><corr><choice><reg>как</reg><orig>какъ</orig></choice></corr></choice> она <choice><reg>болит</reg><orig>болитъ</orig></choice>, когда я много занимаюсь. Очень <choice><reg>мне</reg><orig>мнѣ</orig></choice> было обидно, что письмо мое, <choice original_editorial_correction='к[оторое]'><sic>к</sic><corr>которое</corr></choice> <choice><reg>мне</reg><orig>мнѣ</orig></choice> <choice><reg>так</reg><orig>такъ</orig></choice> нравилось, <choice><reg>тебе</reg><orig>тебѣ</orig></choice> не понравилось.<note xml:id="note1" resp="volume_editor" index="false"> См. письмо от 8 декабря и ответ на него С. А. Толстой.</note> Нынче <choice><reg>вечер</reg><orig>вечеръ</orig></choice> <choice><reg>провел</reg><orig>провелъ</orig></choice> <choice><reg>с</reg><orig>съ</orig></choice> <choice><reg>мужиком</reg><orig>мужикомъ</orig></choice> <choice><reg>поэтом</reg><orig>поэтомъ</orig></choice>. <choice><reg>Как</reg><orig>Какъ</orig></choice> жаль Илью и Лелю, особенно Илью.<note xml:id="note2" resp="volume_editor" index="false"> С. А. Толстая писала 9 декабря: «дети со всех сторон о коньках начали приставать. Решили, нам, дамам, ехать с малышами в больших санях, а Илье с Лелей на извощике. Илья говорит: «не хочу с Лелькой», я попробовала его уговорить, а он денег не взял, повернулся и ушел. Оказалось, что они вчера у дяди Сережи подрались, что очень меня огорчило» (стр. 287).</note> Если бы я <choice><reg>кончил</reg><orig>кончилъ</orig></choice> <choice><reg>здесь</reg><orig>здѣсь</orig></choice> свою работу, я бы <choice><reg>был</reg><orig>былъ</orig></choice> очень <choice><reg>рад</reg><orig>радъ</orig></choice>. Но это <choice><reg>слишком</reg><orig>слишкомъ</orig></choice> хорошо! <choice><reg>Мне</reg><orig>Мнѣ</orig></choice> <choice><reg>недостает</reg><orig>недостаетъ</orig></choice> очень <choice original_editorial_correction='Дм[итрия]'><sic>Дм</sic><corr><choice><reg>Дмитрия</reg><orig>Дмитрiя</orig></choice></corr></choice> <choice original_editorial_correction='Фед[оровича]'><sic>Фед</sic><corr>Федоровича</corr></choice> для переписки. <choice><reg>Он</reg><orig>Онъ</orig></choice> <choice><reg>поступил</reg><orig>поступилъ</orig></choice> <choice><reg>псаломщиком</reg><orig>псаломщикомъ</orig></choice>. Начинается метель, и потому <choice><reg>может</reg><orig>можетъ</orig></choice> случиться, что это письмо нынче не <choice><reg>поедет</reg><orig>поѣдетъ</orig></choice>. —</p>
<p rend="right">Л. Т.</p>
<lb/>
<p rend="left"><hi>На обороте открытки:</hi> Москва. <choice><reg>Долгохамовнический</reg><orig>Долгохамовническiй</orig></choice> <choice><reg>переулок</reg><orig>переулокъ</orig></choice>, д. Гр. <choice><reg>Толстого</reg><orig>Толстаго</orig></choice>. <choice><reg>Графине</reg><orig>Графинѣ</orig></choice> <choice><reg>Софье</reg><orig>Софьѣ</orig></choice> <choice><reg>Андревне</reg><orig>Андревнѣ</orig></choice> Толстой.</p>
<comments><p rend="Textpetit_otstup left">Печатается по автографу, хранящемуся в АТБ. Впервые опубликовано по копии, сделанной С. А. Толстой, в ПЖ, стр. 240. Открытое письмо. Датируется на основании почтовых штемпелей: «Почтовый вагон. 12 декабря 1884; Москва 12 декабря 1884» и слов письма: «Нынче вечер». В ПЖ датировано 12 декабря.</p>
<p rend="Textpetit_otstup left"><hi>1</hi> См. письмо от 8 декабря и ответ на него С. А. Толстой.</p>
<p rend="petit left"><hi>2</hi> С. А. Толстая писала 9 декабря: «дети со всех сторон о коньках начали приставать. Решили, нам, дамам, ехать с малышами в больших санях, а Илье с Лелей на извощике. Илья говорит: «не хочу с Лелькой», я попробовала его уговорить, а он денег не взял, повернулся и ушел. Оказалось, что они вчера у дяди Сережи подрались, что очень меня огорчило» (стр. 287).</p>
</comments></div></body>
        </text>
        </TEI>