<?xml version='1.0' encoding='UTF-8' standalone='no'?>

<TEI xmlns="http://www.tei-c.org/ns/1.0">
       <teiHeader>
          <fileDesc>
             <titleStmt>
                <title>Письмо №253. С. А. Толстой</title>
             </titleStmt>
             <publicationStmt>
                <publisher>TolstoyLab</publisher>
                <date when="2015-09-14">14 September 2015</date>
             </publicationStmt>
             <sourceDesc>
                <biblStruct>
                   <analytic>
                      <author>Толстой Л.Н.</author>
                   </analytic>
                   <monogr>
                      <title level="m">Полное собрание сочинений. Том 83</title>
                      <imprint>
                         <pubPlace>Москва</pubPlace>
                         <publisher>Государственное издательство "Художественная литература"</publisher>
                         <date when="1938"/>
                      </imprint>
                   </monogr>
                   <series>
                      <title level="s">Л.Н. Толстой. Полное собрание сочинений</title>
                      <biblScope unit="vol">83</biblScope>
                   </series>
                </biblStruct>
				<bibl>Печатается по автографу, хранящемуся в АТБ. Впервые опубликовано по копии, сделанной С. А. Толстой, в ПЖ, стр. 208. Датируется на основании почтовых штемпелей: «Почтовый вагон. 13 ноября 1883; Москва 13 ноября 1883».</bibl>
             </sourceDesc>
          </fileDesc>
          <encodingDesc>
             <tagsDecl> </tagsDecl>
          </encodingDesc>
          <profileDesc>
             <correspDesc>
                <correspAction type="sending">
                   <persName ref="PersonList.xml#L_N_Tolstoy">Л. Н. Толстой</persName>
                   <placeName ref="PlacesListxml#PLACE">Я. П.</placeName>
                   <date when="1883-11-12">1883 г. Ноября 12.</date>            </correspAction>
                <correspAction type="receiving">
                   <persName ref="PersonList.xml#RECEIVER">Толстая Софья Андреевна</persName>
                </correspAction>
                <correspContext>
                   <ref type="prev"/>
                </correspContext>
             </correspDesc>
          </profileDesc>
       </teiHeader>
       <xenoData><number type="in a volume">253</number></xenoData>

       <text xml:id="a12_253">
	<body><div>
		<opener index="false">
253.
1883 г. Ноября 12. Я. П.</opener>
<p rend="left">Не <choice><reg>пеняй</reg><orig>пѣняй</orig></choice>, душа моя, что мои письма <choice><reg>бесцветны</reg><orig>безцвѣтны</orig></choice>. Я <choice><reg>все</reg><orig>всѣ</orig></choice> три дня <choice><reg>в</reg><orig>въ</orig></choice> <choice><reg>упадке</reg><orig>упадкѣ</orig></choice> духа. Печень что-то. Я не <choice><reg>нездоров</reg><orig>нездоровъ</orig></choice> и не <choice><reg>уныл</reg><orig>унылъ</orig></choice>, но сплю. Не могу работать. И <choice><reg>так</reg><orig>такъ</orig></choice> я <choice><reg>был</reg><orig>былъ</orig></choice> <choice><reg>вял</reg><orig>вялъ</orig></choice>, что два дня даже и <choice><reg>ходил</reg><orig>ходилъ</orig></choice> мало. <choice><reg>Сидел</reg><orig>Сидѣлъ</orig></choice> дома и <choice><reg>читал</reg><orig>читалъ</orig></choice>. Нынче <choice><reg>получил</reg><orig>получилъ</orig></choice> твое письмо о <choice><reg>Сергее</reg><orig>Сергѣѣ</orig></choice>.<note xml:id="note1" resp="volume_editor" index="false"> «Лакей Сергей, сын няни Марии Афанасьевны, в то время повел себя дурно: напивался пьян и привел с улицы подозрительную девицу, что очень меня рассердило» (н. п. С. А.). Этот эпизод описан С. А. Толстой в письме от 10 ноября 1883 г.</note> Ужасно жалко. Ариша<note xml:id="note2" resp="volume_editor" index="false"> Жена С. А. Арбузова.</note> же <choice><reg>передаст</reg><orig>передастъ</orig></choice> <choice><reg>тебе</reg><orig>тебѣ</orig></choice> это письмо. Что ты <choice><reg>мне</reg><orig>мнѣ</orig></choice> ничего не пишешь о <choice><reg>себе</reg><orig>себѣ</orig></choice>, о <choice><reg>своем</reg><orig>своемъ</orig></choice> здоровьи. Чиркова<note xml:id="note3" resp="volume_editor" index="false"> Василий Васильевич Чирков, врач Вдовьего дома, ассистент Захарьина. С. А. Толстая писала 10 ноября: «Сейчас был Чирков, стучал Таню по животу, нашел больным желчный пузырь и малокровие, а у Андрюши катарр желудка. Прописал Карлсбад Тане, и потом железо и еще что-то, кажется бром, а Андрюше Эмс» (стр. 239).</note> предписанья очень плохи. Не знаю, кто меньше полезны и больше шарлатаны: попы или доктора. Оба лучше. <choice><reg>Попробовал</reg><orig>Попробовалъ</orig></choice> заниматься, — не пошло. <choice><reg>Оседлал</reg><orig>Осѣдлалъ</orig></choice> лошадь и <choice><reg>поехал</reg><orig>поѣхалъ</orig></choice> <choice><reg>в</reg><orig>въ</orig></choice> Бабурино <choice><reg>к</reg><orig>къ</orig></choice> Головину сговориться охотиться. Дома <choice><reg>нет</reg><orig>нѣтъ</orig></choice>. День прекрасный, и я, вернувшись, <choice><reg>пошел</reg><orig>пошелъ</orig></choice> <choice><reg>с</reg><orig>съ</orig></choice> <choice><reg>ружьем</reg><orig>ружьемъ</orig></choice> по <choice><reg>реке</reg><orig>рѣкѣ</orig></choice> и <choice><reg>кругом</reg><orig>кругомъ</orig></choice> заказа. Ничего не <choice><reg>видал</reg><orig>видалъ</orig></choice>; но 3-го дня можно было по <choice><reg>следу</reg><orig>слѣду</orig></choice> находить. А я <choice><reg>спал</reg><orig>спалъ</orig></choice>. Сколько <choice><reg>тебе</reg><orig>тебѣ</orig></choice> прислали <choice><reg>листиков</reg><orig>листиковъ</orig></choice><note xml:id="note4" resp="volume_editor" index="false"> С. А. Толстая писала 14 ноября: «Ты иногда меня в такой тупик ставишь. Ведь я листков на имя Урусова так и не послала. Перечла твое вчерашнее письмо и вижу написано: «Сколько тебе прислано листков: два или три? Пришли их». А я их три или четыре дня тому назад подписала к печати и уже получила сегодня третий лист, и тоже отсылаю, исправив, завтра утром в типографию. Я думала, было, послать старые листки, с которых печатали, то тогда так и надо было написать мне, а то я боюсь напутать» (ПСТ, стр. 242).</note> 2 или 3? Пришли <choice><reg>их</reg><orig>ихъ</orig></choice>, пожалуйста, на имя Урусова. Придя домой, я переселялся <choice><reg>в</reg><orig>въ</orig></choice> мальчикову комнату. Очень хорошо, тепло, 15°.<note xml:id="note5" resp="volume_editor" index="false"> <hi>В подлиннике:</hi> </note> И это <choice><reg>мне</reg><orig>мнѣ</orig></choice> очень <choice><reg>приятно</reg><orig>прiятно</orig></choice>. Нынче я много <choice><reg>делал</reg><orig>дѣлалъ</orig></choice> движенья, и тепло. <choice><reg>Надеюсь</reg><orig>Надѣюсь</orig></choice> спать хорошо. Читаю, говорю <choice><reg>с</reg><orig>съ</orig></choice> <choice original_editorial_correction='Аг[афьей]'><sic>Аг</sic><corr>Агафьей</corr></choice> <choice original_editorial_correction='Мих[айловной]'><sic>Мих</sic><corr>Михайловной</corr></choice> — и вся. Думаю о <choice><reg>том</reg><orig>томъ</orig></choice> <choice><reg>впечатленьи</reg><orig>впечатлѣньи</orig></choice>, которое <choice><reg>произведет</reg><orig>произведетъ</orig></choice> моя книга, стараюсь не думать о <choice><reg>том</reg><orig>томъ</orig></choice> <choice><reg>месте</reg><orig>мѣстѣ</orig></choice>, <choice original_editorial_correction='кот[орое]'><sic>кот</sic><corr>которое</corr></choice> надо <choice><reg>переделать</reg><orig>передѣлать</orig></choice>, <choice original_editorial_correction='п[отому]'><sic>п</sic><corr>потому</corr></choice> <choice original_editorial_correction='ч[то]'><sic>ч</sic><corr>что</corr></choice> чувствую, что дурно обдумаю; стараюсь тоже не думать о <choice><reg>других</reg><orig>другихъ</orig></choice> <choice><reg>планах</reg><orig>планахъ</orig></choice> работы, <choice original_editorial_correction='п[отому]'><sic>п</sic><corr>потому</corr></choice> <choice original_editorial_correction='ч[то]'><sic>ч</sic><corr>что</corr></choice> надо кончить. Думаю о <choice><reg>тебе</reg><orig>тебѣ</orig></choice> <choice><reg>с</reg><orig>съ</orig></choice> <choice><reg>нежностью</reg><orig>нѣжностью</orig></choice> и <choice><reg>беспокойством</reg><orig>безпокойствомъ</orig></choice>; думаю о <choice><reg>старших</reg><orig>старшихъ</orig></choice> <choice><reg>детях</reg><orig>дѣтяхъ</orig></choice> — не <choice><reg>нужен</reg><orig>нуженъ</orig></choice> ли я кому нибудь бы <choice><reg>был</reg><orig>былъ</orig></choice>. И это немножко <choice><reg>беспокоит</reg><orig>безпокоитъ</orig></choice>.</p>
<p rend="left">Видишь, хоть кратко, но я всего себя представляю <choice><reg>тебе</reg><orig>тебѣ</orig></choice>; а ты <choice><reg>так</reg><orig>такъ</orig></choice> сдержанно пишешь, даже о <choice><reg>своем</reg><orig>своемъ</orig></choice> <choice><reg>нравственном</reg><orig>нравственномъ</orig></choice> и <choice><reg>физическом</reg><orig>физическомъ</orig></choice> <choice><reg>состоянии</reg><orig>состоянiи</orig></choice> ни слова.</p>
<p rend="left">Завтра <choice><reg>приедет</reg><orig>прiѣдетъ</orig></choice>, <choice><reg>вероятно</reg><orig>вѣроятно</orig></choice>, <choice><reg>Урусов</reg><orig>Урусовъ</orig></choice> и, <choice><reg>может</reg><orig>можетъ</orig></choice> быть, <choice><reg>Давыдов</reg><orig>Давыдовъ</orig></choice>. Я не <choice><reg>дал</reg><orig>далъ</orig></choice> знать ему. — Я <choice><reg>забыл</reg><orig>забылъ</orig></choice>, <choice><reg>где</reg><orig>гдѣ</orig></choice> найти твой <choice><reg>разновес</reg><orig>разновѣсъ</orig></choice>. Напиши. Мало <choice><reg>пришлют</reg><orig>пришлютъ</orig></choice>, но жалуются, что мало <hi style="opdelimiter"><choice><reg>дают</reg><orig>даютъ</orig></choice>.</hi><hi style="opnumber">408</hi></p>
<p rend="left"><hi style="npnumber">409</hi><hi style="npdelimiter">Прощай,</hi> душенька, <choice><reg>целую</reg><orig>цѣлую</orig></choice> тебя и <choice><reg>детей</reg><orig>дѣтей</orig></choice>. <choice><reg>Денег</reg><orig>Денегъ</orig></choice> у Митрофана не предвидится. <choice><reg>Вдрочем</reg><orig>Вдрочемъ</orig></choice>, я еще <choice><reg>толком</reg><orig>толкомъ</orig></choice> <choice><reg>с</reg><orig>съ</orig></choice> <choice><reg>ним</reg><orig>нимъ</orig></choice> не <choice><reg>говорил</reg><orig>говорилъ</orig></choice>. Я постараюсь продать лошадей.<note xml:id="note6" resp="volume_editor" index="false"> В сентябре 1883 г. из Самарского имения в Москву и в Ясную поляну было перевезено Толстым сорок пять лошадей.</note> <choice><reg>Четырех</reg><orig>Четырехъ</orig></choice> <choice><reg>сейчас</reg><orig>сейчасъ</orig></choice> надо продать, рублей на 400. Да <choice><reg>Митрофан</reg><orig>Митрофанъ</orig></choice> <choice><reg>говорит</reg><orig>говоритъ</orig></choice>, что теперь продешевишь.</p>
<lb/>
<p rend="left"><hi>На конверте:</hi> <choice><reg>Графине</reg><orig>Графинѣ</orig></choice> <choice><reg>Софье</reg><orig>Софьѣ</orig></choice> <choice><reg>Андревне</reg><orig>Андревнѣ</orig></choice> Толстой.</p>
<comments><p rend="Textpetit_otstup left">Печатается по автографу, хранящемуся в АТБ. Впервые опубликовано по копии, сделанной С. А. Толстой, в ПЖ, стр. 208. Датируется на основании почтовых штемпелей: «Почтовый вагон. 13 ноября 1883; Москва 13 ноября 1883».</p>
<p rend="Textpetit_otstup left"><hi>1</hi> «Лакей Сергей, сын няни Марии Афанасьевны, в то время повел себя дурно: напивался пьян и привел с улицы подозрительную девицу, что очень меня рассердило» (н. п. С. А.). Этот эпизод описан С. А. Толстой в письме от 10 ноября 1883 г.</p>
<p rend="petit left"><hi>2</hi> Жена С. А. Арбузова.</p>
<p rend="petit left"><hi>3</hi> Василий Васильевич Чирков, врач Вдовьего дома, ассистент Захарьина. С. А. Толстая писала 10 ноября: «Сейчас был Чирков, стучал Таню по животу, нашел больным желчный пузырь и малокровие, а у Андрюши катарр желудка. Прописал Карлсбад Тане, и потом железо и еще что-то, кажется бром, а Андрюше Эмс» (стр. 239).</p>
<p rend="petit left"><hi>4</hi> С. А. Толстая писала 14 ноября: «Ты иногда меня в такой тупик ставишь. Ведь я листков на имя Урусова так и не послала. Перечла твое вчерашнее письмо и вижу написано: «Сколько тебе прислано листков: два или три? Пришли их». А я их три или четыре дня тому назад подписала к печати и уже получила сегодня третий лист, и тоже отсылаю, исправив, завтра утром в типографию. Я думала, было, послать старые листки, с которых печатали, то тогда так и надо было написать мне, а то я боюсь напутать» (ПСТ, стр. 242).</p>
<p rend="petit left"><hi>5</hi> <hi>В подлиннике:</hi> </p>
<p rend="petit left"><hi>6</hi> В сентябре 1883 г. из Самарского имения в Москву и в Ясную поляну было перевезено Толстым сорок пять лошадей.</p>
</comments></div></body>
        </text>
        </TEI>