<?xml version='1.0' encoding='UTF-8' standalone='no'?>

<TEI xmlns="http://www.tei-c.org/ns/1.0">
       <teiHeader>
          <fileDesc>
             <titleStmt>
                <title>Письмо №309. С. А. Толстой</title>
             </titleStmt>
             <publicationStmt>
                <publisher>TolstoyLab</publisher>
                <date when="2015-09-14">14 September 2015</date>
             </publicationStmt>
             <sourceDesc>
                <biblStruct>
                   <analytic>
                      <author>Толстой Л.Н.</author>
                   </analytic>
                   <monogr>
                      <title level="m">Полное собрание сочинений. Том 83</title>
                      <imprint>
                         <pubPlace>Москва</pubPlace>
                         <publisher>Государственное издательство "Художественная литература"</publisher>
                         <date when="1938"/>
                      </imprint>
                   </monogr>
                   <series>
                      <title level="s">Л.Н. Толстой. Полное собрание сочинений</title>
                      <biblScope unit="vol">83</biblScope>
                   </series>
                </biblStruct>
				<bibl>Печатается по автографу, хранящемуся в АТБ. Впервые опубликовано по копии, сделанной С. А. Толстой, в ПЖ, стр. 257—258. Датируется на основании почтовых штемпелей: «Орловско-Витебской ж. д. 12 марта 1885; Москва 13 марта 1885» и первых слов следующего письма.</bibl>
             </sourceDesc>
          </fileDesc>
          <encodingDesc>
             <tagsDecl> </tagsDecl>
          </encodingDesc>
          <profileDesc>
             <correspDesc>
                <correspAction type="sending">
                   <persName ref="PersonList.xml#L_N_Tolstoy">Л. Н. Толстой</persName>
                   <placeName ref="PlacesListxml#PLACE">Дядьково.</placeName>
                   <date when="1885-03-10">1885 г. Марта 10.</date>            </correspAction>
                <correspAction type="receiving">
                   <persName ref="PersonList.xml#RECEIVER">Толстая Софья Андреевна</persName>
                </correspAction>
                <correspContext>
                   <ref type="prev"/>
                </correspContext>
             </correspDesc>
          </profileDesc>
       </teiHeader>
       <xenoData><number type="in a volume">309</number></xenoData>

       <text xml:id="a10_309">
	<body><div>
		<opener index="false">
309.
1885 г. Марта 10. Дядьково.</opener>
<p rend="left">Мы пробыли <choice><reg>здесь</reg><orig>здѣсь</orig></choice>, <choice><reg>как</reg><orig>какъ</orig></choice> ты знаешь <choice><reg>из</reg><orig>изъ</orig></choice> <choice><reg>моих</reg><orig>моихъ</orig></choice> <choice><reg>писем</reg><orig>писемъ</orig></choice> (я пишу каждый день), дольше, <choice><reg>чем</reg><orig>чѣмъ</orig></choice> думали, и потому я <choice><reg>получил</reg><orig>получилъ</orig></choice> твое письмо<note xml:id="note1" resp="volume_editor" index="false"> Не сохранилось в АТБ.</note> и <choice><reg>уезжаю</reg><orig>уѣзжаю</orig></choice> <choice><reg>спокойнее</reg><orig>спокойнѣе</orig></choice>. Хорошо, что <choice original_editorial_correction='Ал[еша]'><sic>Ал</sic><corr>Алеша</corr></choice> <choice><reg>здоров</reg><orig>здоровъ</orig></choice>. Нехорошо, что твой <choice><reg>котел</reg><orig>котелъ</orig></choice> все <choice><reg>кипит</reg><orig>кипитъ</orig></choice>. <choice><reg>Разумеется</reg><orig>Разумѣется</orig></choice>, трудно, но всетаки можно сознательно приводить себя <choice><reg>в</reg><orig>въ</orig></choice> <choice><reg>спокойствие</reg><orig>спокойствiе</orig></choice>, — 1) <choice><reg>тем</reg><orig>тѣмъ</orig></choice>, чтобы <choice><reg>делать</reg><orig>дѣлать</orig></choice> <choice><reg>различие</reg><orig>различiе</orig></choice> между очень <choice><reg>важным</reg><orig>важнымъ</orig></choice>, <choice><reg>важным</reg><orig>важнымъ</orig></choice>, <choice><reg>менее</reg><orig>менѣе</orig></choice> <choice><reg>важным</reg><orig>важнымъ</orig></choice> и <choice><reg>ничтожным</reg><orig>ничтожнымъ</orig></choice> и сообразно <choice><reg>с</reg><orig>съ</orig></choice> степенью важности направлять свою <choice><reg>деятельность</reg><orig>дѣятельность</orig></choice>, и 2) <choice><reg>тем</reg><orig>тѣмъ</orig></choice>, чтобы различать между вещами, <choice><reg>от</reg><orig>отъ</orig></choice> меня <choice><reg>вполне</reg><orig>вполнѣ</orig></choice> зависящими, отчасти <choice><reg>от</reg><orig>отъ</orig></choice> меня зависящими, и вещами <choice><reg>вне</reg><orig>внѣ</orig></choice> <choice><reg>в</reg><orig>въ</orig></choice> моей власти, и тоже сообразно <choice><reg>с</reg><orig>съ</orig></choice> <choice><reg>этим</reg><orig>этимъ</orig></choice> направить на <choice><reg>первые</reg><orig>первыя</orig></choice> самую большую и на <choice><reg>последния</reg><orig>послѣднiя</orig></choice> самую малую <choice><reg>энергию</reg><orig>энергiю</orig></choice>. Я нынче, несмотря <hi style="opdelimiter">на</hi><hi style="opnumber">490</hi> <hi style="npnumber">491</hi><hi style="npdelimiter">немного</hi> <choice><reg>расстроившийся</reg><orig>разстроившiйся</orig></choice> <choice><reg>желудок</reg><orig>желудокъ</orig></choice> (<choice><reg>без</reg><orig>безъ</orig></choice> боли), выспался хорошо, и <choice><reg>выезжаем</reg><orig>выѣзжаемъ</orig></choice> мы <choice><reg>сейчас</reg><orig>сейчасъ</orig></choice>, <choice><reg>в</reg><orig>въ</orig></choice> <choice><reg>понедельник</reg><orig>понедѣльникъ</orig></choice>, <choice><reg>в</reg><orig>въ</orig></choice> 12 <choice><reg>часов</reg><orig>часовъ</orig></choice> дня, <choice><reg>в</reg><orig>въ</orig></choice> <choice><reg>хорошем</reg><orig>хорошемъ</orig></choice> <choice><reg>настроении</reg><orig>настроенiи</orig></choice>.</p>
<p rend="left">Вчера я на <choice><reg>лошадях</reg><orig>лошадяхъ</orig></choice> вернулся <choice><reg>к</reg><orig>къ</orig></choice> вечеру <choice><reg>из</reg><orig>изъ</orig></choice> Людинова. Прекрасная <choice><reg>поездка</reg><orig>поѣздка</orig></choice> <choice><reg>прелестным</reg><orig>прелестнымъ</orig></choice> <choice><reg>лесом</reg><orig>лѣсомъ</orig></choice> 30 <choice><reg>верст</reg><orig>верстъ</orig></choice> <choice><reg>с</reg><orig>съ</orig></choice> подставой, <choice><reg>в</reg><orig>въ</orig></choice> <choice><reg>санях</reg><orig>саняхъ</orig></choice> <choice><reg>изобретения</reg><orig>изобрѣтенiя</orig></choice> Мальцова — <choice><reg>сидеть</reg><orig>сидѣть</orig></choice> <choice><reg>задом</reg><orig>задомъ</orig></choice>. <choice><reg>Вечером</reg><orig>Вечеромъ</orig></choice> <choice><reg>попросил</reg><orig>попросилъ</orig></choice> Мальцова<note xml:id="note2" resp="volume_editor" index="false"> H. С. <hi style="opdelimiter">Мальцов.</hi><hi style="opnumber">491</hi></note> играть на фортепьяно. <choice><reg>Он</reg><orig>Онъ</orig></choice> мило <choice><reg>играет</reg><orig>играетъ</orig></choice>. Вообще <choice><reg>он</reg><orig>онъ</orig></choice> дикой <choice><reg>вполне</reg><orig>вполнѣ</orig></choice>, но очень деликатный, <choice><reg>тонкий</reg><orig>тонкiй</orig></choice> по чувству <choice><reg>человек</reg><orig>человѣкъ</orig></choice> и находится <choice><reg>в</reg><orig>въ</orig></choice> <choice><reg>страшном</reg><orig>страшномъ</orig></choice> <choice><reg>положении</reg><orig>положенiи</orig></choice>. <choice><reg>Дело</reg><orig>Дѣло</orig></choice> громадное, требуются сотни <choice><reg>тысяч</reg><orig>тысячъ</orig></choice>. <choice><reg>Рабочих</reg><orig>Рабочихъ</orig></choice> 100,000, <choice><reg>требующих</reg><orig>требующихъ</orig></choice> работы, и <choice><reg>денег</reg><orig>денегъ</orig></choice> <choice><reg>нет</reg><orig>нѣтъ</orig></choice>. <choice><reg>Мне</reg><orig>Мнѣ</orig></choice> его истинно жалко. Все это <choice><reg>так</reg><orig>такъ</orig></choice> сложно, запутано, что <choice><reg>рассказать</reg><orig>разсказать</orig></choice> это трудно. <choice><reg>Он</reg><orig>Онъ</orig></choice> <choice><reg>в</reg><orig>въ</orig></choice> <choice><reg>страшных</reg><orig>страшныхъ</orig></choice> <choice><reg>сетях</reg><orig>сѣтяхъ</orig></choice>.<note xml:id="note3" resp="volume_editor" index="false"> С 1875 г. С. И. Мальцов организовал на своих заводах товарищество, дела его вскоре упали, складочный капитал в шесть миллионов рублей был израсходован, на заводах накопилось долга до десяти миллионов; в 1885 г. было учреждено казенное управление, от заведывания делами сам Мальцов был устранен.</note> — Прощай, душенька, дай <choice><reg>Бог</reg><orig>Богъ</orig></choice> <choice><reg>тебе</reg><orig>тебѣ</orig></choice> здоровья <choice><reg>телесного</reg><orig>тѣлеснаго</orig></choice> и, главное, <choice><reg>душевного</reg><orig>душевнаго</orig></choice>, и тогда все <choice><reg>будет</reg><orig>будетъ</orig></choice> хорошо. Что Илья и Сережа? Бросили ли они гулянье? До <choice><reg>сих</reg><orig>сихъ</orig></choice> <choice><reg>пор</reg><orig>поръ</orig></choice> писать не пришлось. A <choice><reg>совестно</reg><orig>совѣстно</orig></choice> жить <choice><reg>без</reg><orig>безъ</orig></choice> работы. <choice><reg>Все</reg><orig>Всѣ</orig></choice> <choice><reg>работают</reg><orig>работаютъ</orig></choice>, только не я. Вчера я <choice><reg>провел</reg><orig>провелъ</orig></choice> время на площади, <choice><reg>в</reg><orig>въ</orig></choice> <choice><reg>кабаках</reg><orig>кабакахъ</orig></choice>, на <choice><reg>заводе</reg><orig>заводѣ</orig></choice>, <choice><reg>один</reg><orig>одинъ</orig></choice>, <choice><reg>без</reg><orig>безъ</orig></choice> <choice><reg>Чичерон</reg><orig>Чичеронъ</orig></choice>,<note xml:id="note4" resp="volume_editor" index="false"> без проводников</note> и много <choice><reg>видел</reg><orig>видѣлъ</orig></choice> и <choice><reg>слышал</reg><orig>слышалъ</orig></choice> <choice><reg>интересного</reg><orig>интереснаго</orig></choice>, и <choice><reg>видел</reg><orig>видѣлъ</orig></choice> <choice><reg>настоящий</reg><orig>настоящiй</orig></choice> трудовой <choice><reg>народ</reg><orig>народъ</orig></choice>. И когда я его вижу, <choice><reg>мне</reg><orig>мнѣ</orig></choice> всегда еще <choice><reg>сильнее</reg><orig>сильнѣе</orig></choice>, <choice><reg>чем</reg><orig>чѣмъ</orig></choice> обыкновенно, <choice><reg>приходят</reg><orig>приходятъ</orig></choice> эти слова: <choice><reg>все</reg><orig>всѣ</orig></choice> <choice><reg>работают</reg><orig>работаютъ</orig></choice>, только не я. Нынче опять у Мальцова <choice><reg>в</reg><orig>въ</orig></choice> этой роскоши. <choice><reg>Через</reg><orig>Черезъ</orig></choice> 2 дня опять <choice><reg>в</reg><orig>въ</orig></choice> роскоши и праздности.</p>
<p rend="left"><choice><reg>Так</reg><orig>Такъ</orig></choice> и кажется, что <choice><reg>переезжаешь</reg><orig>переѣзжаешь</orig></choice> <choice><reg>из</reg><orig>изъ</orig></choice> одной <choice><reg>богадельни</reg><orig>богадѣльни</orig></choice> <choice><reg>в</reg><orig>въ</orig></choice> другую. <choice><reg>Урусов</reg><orig>Урусовъ</orig></choice> <choice><reg>велел</reg><orig>велѣлъ</orig></choice> <choice><reg>тебе</reg><orig>тебѣ</orig></choice> сказать, что ты ему должна <choice><reg>ответ</reg><orig>отвѣтъ</orig></choice> на его письмо <choice><reg>в</reg><orig>въ</orig></choice> <choice original_editorial_correction='Пет[ербург]'><sic>Пет</sic><corr><choice><reg>Петербург</reg><orig>Петербургъ</orig></choice></corr></choice>, — <choice><reg>он</reg><orig>онъ</orig></choice> <choice><reg>ждет</reg><orig>ждетъ</orig></choice>. <choice><reg>Целую</reg><orig>Цѣлую</orig></choice> тебя и <choice><reg>детей</reg><orig>дѣтей</orig></choice>. Не сердись на <choice><reg>однообразие</reg><orig>однообразiе</orig></choice> <choice><reg>моих</reg><orig>моихъ</orig></choice> мыслей. Эти мысли не <choice><reg>мешают</reg><orig>мѣшаютъ</orig></choice> <choice><reg>мне</reg><orig>мнѣ</orig></choice> любить <choice><reg>вас</reg><orig>васъ</orig></choice>. Что Маша? <choice><reg>Вспомнил</reg><orig>Вспомнилъ</orig></choice> о <choice><reg>Маше</reg><orig>Машѣ</orig></choice>, <choice original_editorial_correction='п[отому]'><sic>п</sic><corr>потому</corr></choice> <choice original_editorial_correction='ч[то]'><sic>ч</sic><corr>что</corr></choice> она <choice><reg>как</reg><orig>какъ</orig></choice> то <choice><reg>мне</reg><orig>мнѣ</orig></choice> представляется, меньше <choice><reg>других</reg><orig>другихъ</orig></choice> <choice><reg>признает</reg><orig>признаетъ</orig></choice> мою любовь <choice><reg>к</reg><orig>къ</orig></choice> ней. Не <choice><reg>приписывает</reg><orig>приписываетъ</orig></choice> <choice><reg>словам</reg><orig>словамъ</orig></choice> <choice><reg>моим</reg><orig>моимъ</orig></choice> <choice><reg>значения</reg><orig>значенiя</orig></choice>. Я пишу, что <choice><reg>взбредет</reg><orig>взбредетъ</orig></choice> <choice><reg>в</reg><orig>въ</orig></choice> голову, — никогда <choice><reg>так</reg><orig>такъ</orig></choice> даже не говоришь.</p>
<lb/>
<p rend="left"><hi>На конверте:</hi> Москва. Хамовники, д. Гр. <choice><reg>Толстого</reg><orig>Толстаго</orig></choice>. <choice><reg>Графине</reg><orig>Графинѣ</orig></choice> С. А. Толстой.</p>
<comments><p rend="Textpetit_otstup left">Печатается по автографу, хранящемуся в АТБ. Впервые опубликовано по копии, сделанной С. А. Толстой, в ПЖ, стр. 257—258. Датируется на основании почтовых штемпелей: «Орловско-Витебской ж. д. 12 марта 1885; Москва 13 марта 1885» и первых слов следующего письма.</p>
<p rend="Textpetit_otstup left"><hi>1</hi> Не сохранилось в АТБ.</p>
<p rend="petit left"><hi>2</hi> H. С. <hi style="opdelimiter">Мальцов.</hi><hi style="opnumber">491</hi></p>
<p rend="petit left"><hi>3</hi> С 1875 г. С. И. Мальцов организовал на своих заводах товарищество, дела его вскоре упали, складочный капитал в шесть миллионов рублей был израсходован, на заводах накопилось долга до десяти миллионов; в 1885 г. было учреждено казенное управление, от заведывания делами сам Мальцов был устранен.</p>
<p rend="petit left"><hi>4</hi> без проводников</p>
</comments></div></body>
        </text>
        </TEI>