<?xml version='1.0' encoding='UTF-8' standalone='no'?>

<TEI xmlns="http://www.tei-c.org/ns/1.0">
       <teiHeader>
          <fileDesc>
             <titleStmt>
                <title>Письмо №* 112. Д. Я. Колбасину.</title>
             </titleStmt>
             <publicationStmt>
                <publisher>TolstoyLab</publisher>
                <date when="2015-09-14">14 September 2015</date>
             </publicationStmt>
             <sourceDesc>
                <biblStruct>
                   <analytic>
                      <author>Толстой Л.Н.</author>
                   </analytic>
                   <monogr>
                      <title level="m">Полное собрание сочинений. Том 60</title>
                      <imprint>
                         <pubPlace>Москва</pubPlace>
                         <publisher>Государственное издательство "Художественная литература"</publisher>
                         <date when="1949"/>
                      </imprint>
                   </monogr>
                   <series>
                      <title level="s">Л.Н. Толстой. Полное собрание сочинений</title>
                      <biblScope unit="vol">60</biblScope>
                   </series>
                </biblStruct>
             </sourceDesc>
          </fileDesc>
          <encodingDesc>
             <tagsDecl> </tagsDecl>
          </encodingDesc>
          <profileDesc>
             <correspDesc>
                <correspAction type="sending">
                   <persName ref="PersonList.xml#L_N_Tolstoy">Л. Н. Толстой</persName>
                   <placeName ref="PlacesListxml#PLACE"/>
                   <date from="1858-04-15" to="1858-05-15">1858 г. Апреля конец — мая начало.</date>            </correspAction>
                <correspAction type="receiving">
                   <persName ref="PersonList.xml#RECEIVER">Колбасин Дмитрий Яковлевич</persName>
                </correspAction>
                <correspContext>
                   <ref type="prev"/>
                </correspContext>
             </correspDesc>
          </profileDesc>
       </teiHeader>
       <xenoData><number type="in a volume">112</number></xenoData>

              <text xml:id="D.YA.Kolbasinu_112">
	<body><div>
		<opener index="false">
* 112. Д. Я. Колбасину.
1858 г. Апреля конец — мая начало.</opener>
<p rend="left">Пишу три слова о деле, любезный Дмитрий Яковлевич: 1) Свешников и кой кто из <choice original_editorial_correction='Москов[ских]'><sic>Москов</sic><corr>Московских</corr></choice> книгопродавцев хотели взять несколько сот <choice original_editorial_correction='экз[емпляров]'><sic>экз</sic><corr>экземпляров</corr></choice> с уступкой. Ежели бы <hi style="opdelimiter">вы</hi><hi style="opnumber">263</hi> <hi style="npnumber">264</hi><hi style="npdelimiter">к</hi> таким книгопродавцам написали, может почти все и разошлось бы. — 2) Ежели у вас есть сколько нибудь моих денег, то купите и <hi>привезите</hi> мне 100 сигар cabanos в 12 р. с. от Фейка на <choice original_editorial_correction='Невск[ом]'><sic>Невск</sic><corr>Невском</corr></choice> у Аничкова и мыла Société Hygiénique несколько кусков. —</p>
<p rend="right">Ваш Гр. Л. Толстой.</p>
<p rend="left">Я вас жду с <choice original_editorial_correction='попутчик[ом]'><sic>попутчик</sic><corr>попутчиком</corr></choice>.</p>
<comments><p rend="Textpetit_otstup left">Датируется пометой Д. Я. Колбасина на письме: «Получ. в мае 1858 года» и содержанием. Толстой отвечает на письмо Колбасина от 21 апреля 1858 г., в котором Колбасин писал, что уезжает из Петербурга в конце мая, а потому им «не мешает объясниться» (относительно продажи «Детства и отрочества»).</p>
</comments></div></body>
        </text>
        </TEI>