<?xml version='1.0' encoding='UTF-8' standalone='no'?>

<TEI xmlns="http://www.tei-c.org/ns/1.0">
       <teiHeader>
          <fileDesc>
             <titleStmt>
                <title>Письмо №575. И. Б. Файнерману.</title>
             </titleStmt>
             <publicationStmt>
                <publisher>TolstoyLab</publisher>
                <date when="2015-09-14">14 September 2015</date>
             </publicationStmt>
             <sourceDesc>
                <biblStruct>
                   <analytic>
                      <author>Толстой Л.Н.</author>
                   </analytic>
                   <monogr>
                      <title level="m">Полное собрание сочинений. Том 63</title>
                      <imprint>
                         <pubPlace>Москва</pubPlace>
                         <publisher>Государственное издательство "Художественная литература"</publisher>
                         <date when="1934"/>
                      </imprint>
                   </monogr>
                   <series>
                      <title level="s">Л.Н. Толстой. Полное собрание сочинений</title>
                      <biblScope unit="vol">63</biblScope>
                   </series>
                </biblStruct>
				<bibl>Печатается по копии, хранящейся в AЧ. Местонахождение автографа неизвестно. Впервые опубликовано в «Елисаветградских новостях» 1903, № 2 от 16 ноября, стр. 3. По содержанию письма («кончил драму») относим его к концу 1886 г. Слова же: «Петр и Никита отправляются с коробом» (см. п. № 573) дают основание предположить, что письмо было написано около 14—15 ноября, но во всяком случае не позднее 20 ноября, так как 21 ноября Толстой уже был в Москве; письмо же очевидно написано из Ясной поляны.</bibl>
             </sourceDesc>
          </fileDesc>
          <encodingDesc>
             <tagsDecl> </tagsDecl>
          </encodingDesc>
          <profileDesc>
             <correspDesc>
                <correspAction type="sending">
                   <persName ref="PersonList.xml#L_N_Tolstoy">Л. Н. Толстой</persName>
                   <placeName ref="PlacesListxml#PLACE">Я. П.</placeName>
                   <date from="1886-11-14" to="1886-11-20">1886 г. Ноября 14 — 20?</date>            </correspAction>
                <correspAction type="receiving">
                   <persName ref="PersonList.xml#RECEIVER">Файнерман Исаак Борисович (псевдоним Тенеромо)</persName>
                </correspAction>
                <correspContext>
                   <ref type="prev"/>
                </correspContext>
             </correspDesc>
          </profileDesc>
       </teiHeader>
       <xenoData><number type="in a volume">575</number></xenoData>

              <text xml:id="I__B__Fajnermanu_575">
	<body><div>
		<opener index="false">
575. И. Б. Файнерману.
1886 г. Ноября 14—20? Я. П.
</opener><p rend="left"><choice><reg>Как</reg><orig>Какъ</orig></choice> это вы не пишете <choice><reg>мне</reg><orig>мнѣ</orig></choice> своего адреса, милый <choice><reg>друг</reg><orig>другъ</orig></choice> <choice original_editorial_correction='И[саак]'><sic>И</sic><corr><choice><reg>Исаак</reg><orig>Исаакъ</orig></choice></corr></choice> <choice original_editorial_correction='Б[орисович]'><sic>Б</sic><corr><choice><reg>Борисович</reg><orig>Борисовичъ</orig></choice></corr></choice>. — <choice><reg>Дойдет</reg><orig>Дойдетъ</orig></choice> ли это письмо? Спасибо, что написали <choice><reg>мне</reg><orig>мнѣ</orig></choice>. Жду <choice><reg>чем</reg><orig>чѣмъ</orig></choice> кончатся ваши мытарства.<note xml:id="note1" resp="volume_editor" index="false"> Осенью 1886 г. И. Б. Файнерман был призван для отбывания воинской повинности, для чего отправился на родину в Кременчуг. По своим убеждениям он был противником военной службы и предполагал отказаться от нее. Но впоследствии обошлось без этого. Он был зачислен в ратники ополчения по первой льготе.</note> Пожалуйста, <choice><reg>известите</reg><orig>извѣстите</orig></choice>. Могу только повторить то же. Поступайте тогда только, когда не можете не поступить <choice><reg>известным</reg><orig>извѣстнымъ</orig></choice> <choice><reg>образом</reg><orig>образомъ</orig></choice>. Это кажется очень условно, но не для <choice><reg>вас</reg><orig>васъ</orig></choice>. Не <choice><reg>может</reg><orig>можетъ</orig></choice> <choice><reg>человек</reg><orig>человѣкъ</orig></choice> не поступить <choice><reg>известным</reg><orig>извѣстнымъ</orig></choice> <choice><reg>образом</reg><orig>образомъ</orig></choice> только тогда, когда <choice><reg>он</reg><orig>онъ</orig></choice> <choice><reg>чувствует</reg><orig>чувствуетъ</orig></choice>, что иначе <choice><reg>он</reg><orig>онъ</orig></choice> <choice><reg>убивает</reg><orig>убиваетъ</orig></choice> себя, свое разумное божеское существо. Во <choice><reg>всем</reg><orig>всемъ</orig></choice> же <choice><reg>остальном</reg><orig>остальномъ</orig></choice> нельзя быть достаточно <choice><reg>уступчивым</reg><orig>уступчивымъ</orig></choice>, чтобы «не соблазнить <hi><choice><reg>их</reg><orig>ихъ</orig></choice></hi>»<hi>.</hi> Помогай <choice><reg>вам</reg><orig>вамъ</orig></choice> <choice><reg>Бог</reg><orig>Богъ</orig></choice>. У <choice><reg>нас</reg><orig>насъ</orig></choice> все хорошо. <choice><reg>Все</reg><orig>Всѣ</orig></choice> <choice><reg>вас</reg><orig>васъ</orig></choice> <choice><reg>помнят</reg><orig>помнятъ</orig></choice> и <choice><reg>любят</reg><orig>любятъ</orig></choice>. <choice><reg>Петр</reg><orig>Петръ</orig></choice> и Никита<note xml:id="note2" resp="volume_editor" index="false"> Петр Егоров и Никита Минаев (см. прим. 1 к письму № 573). И. Б. Файнерман сдружился с ними за свое пребывание в Ясной поляне.</note> отправляются <choice><reg>с</reg><orig>съ</orig></choice> <choice><reg>коробом</reg><orig>коробомъ</orig></choice>.</p>
<p rend="left">Я <choice><reg>кончил</reg><orig>кончилъ</orig></choice> драму<note xml:id="note3" resp="volume_editor" index="false"> «Власть тьмы».</note> и <choice><reg>затеял</reg><orig>затѣялъ</orig></choice> календарь <choice><reg>с</reg><orig>съ</orig></choice> пословицами<note xml:id="note4" resp="volume_editor" index="false"> См. прим. 1 к письму № 576.</note> и <choice><reg>текстом</reg><orig>текстомъ</orig></choice> <choice><reg>Евангелия</reg><orig>Евангелiя</orig></choice>. <choice><reg>Целую</reg><orig>Цѣлую</orig></choice> <choice><reg>вас</reg><orig>васъ</orig></choice>. Передайте <choice><reg>поклон</reg><orig>поклонъ</orig></choice> <choice><reg>вашим</reg><orig>вашимъ</orig></choice>.</p>
<p rend="right">Л. Толстой.</p>
<comments><p rend="Textpetit_otstup left">Печатается по копии, хранящейся в AЧ. Местонахождение автографа неизвестно. Впервые опубликовано в «Елисаветградских новостях» 1903, № 2 от 16 ноября, стр. 3. По содержанию письма («кончил драму») относим его к концу 1886 г. Слова же: «Петр и Никита отправляются с коробом» (см. п. № 573) дают основание предположить, что письмо было написано около 14—15 ноября, но во всяком случае не позднее 20 ноября, так как 21 ноября Толстой уже был в Москве; письмо же очевидно написано из Ясной поляны.</p>
<p rend="petit left">Исаак Борисович Файнерман (р. 186Зг. — ум. 14 декабря 1925г.) — в 1883 г. окончил Киевскую гимназию; в начале лета 1885 г., увлекшись взглядами Толстого, поселился среди крестьян Ясной поляны. Желая поступить на должность сельского учителя и тем самым ближе подойти к народу и быть ему полезным, перешел из иудейства в православие, приняв в августе того года крещение. Но учителем в Яснополянской школе ему пришлось пробыть недолго (до середины октября 1885 г.), так как он не был утвержден попечителем. После этого работал и жил у одного яснополянского крестьянина. Потом переехал в Кременчуг (на родину); работал у столяра. В 1903 г. окончил зубоврачебные курсы в Киеве и в 1903—1904 гг. работал в качестве зубного врача в Киеве и <hi style="opdelimiter">Елисаветграде.</hi><hi style="opnumber">412</hi></p>
<p rend="petit left"><hi style="npnumber">413</hi><hi style="npdelimiter">Впоследствии</hi> занялся журнальной деятельностью (писал под псевдонимом «Тенеромо») и значительно изменил свои взгляды. О Толстом им написано: «Л. Н. Толстой о евреях», изд. «Время», Спб. 1908; «Жизнь и речи Л. Н. Толстого», изд. «Посев», Спб. 1909; «Живые слова Л. Н. Толстого (за последние 25 лет его жизни)», изд. К. И. Тихомирова, М. 1912 г.; «Воспоминания о Л. Н. Толстом и его письма», изд. ред. «Образование», S. а.; «Друзья Толстого» — «Международный Толстовский альманах» 1909; «Завещание Л. Н. Толстого» — «Всемирная панорама» 1911, 112, стр. 1—4; «Из жизни Льва Толстого. По личным воспоминаниям» — «Ежемесячные литературные приложения к журналу Нива» 1908, 9, стр. 103—116; «Из летописи Ясной поляны» — «Огонек» 1908, 33; «Из летописи Ясной поляны. Попытка опроститься» — «Всемирная панорама» 1910, 82, стр. 1—3; «Как крестьяне помогали Л. Н. Толстому писать» — «Всемирная панорама» 1911, 97—98, стр. 1—3; „«К истории «Живого трупа»“ — «Всемирная панорама» 1911, 130, стр. 1 — 5; «Книгоноши Ясной поляны» — «Всемирная панорама» 1911, 133, стр. 1—4; «Л. Н. Толстой и съезд «толстовцев» — «Всемирная панорама» 1911, 90, стр. 1—4; «Л. Н. Толстой пастух» — «Исторический вестник» 1915, 1, стр. 91—104; «Л. Н. Толстой о врачах и фельдшерах» — «Фельдшер» 1908, 20, стр. 609—613; «Как почтить память Л. Н. Толстого» — «Жизнь для всех» 1911, 1, стр. 124—128. «Л. Н. Толстой и голод» — «Голос земли» 1912, от 22 февраля и др.</p>
<p rend="petit left">Кроме того им написан ряд легенд и рассказов, якобы записанных со слов Толстого: «Легенда о злых людях» — «Всемирная панорама» 1912, от 17 января; «Легенда о пасхе» — «Литературные вечера», 1912, 3, стр. 129—134; «Рассказ солдата» — «Литературные вечера», 1912, 8, стр. 528—538; «Рождественская легенда» — «Наш край» 1912, № от 25 декабря; «Слезы человека» — «Волгарь» 1912, № от 22 февраля.</p>
<p rend="petit left">К писаниям И. Б. Файнермана о Толстом нужно подходить осторожно, так как автор зачастую приписывает Толстому свои собственные мысли. В письме к К. П. Стукман от 25 октября 1908 г. Д. П. Маковицкий по просьбе Толстого дает отзыв об одном из сборников («Л. Н. Толстой о евреях»), составленных И. Б. Файнерманом. Вот что мы узнаем из него: «Лев Николаевич получил присланную вами книжку «Л. Н. Толстой о евреях. И. Тенеромо».... О книжке Тенеромо Толстой поручил мне написать вам, что в ней ничего справедливого нет, всё выдумки». Кроме того к этому месту в письме Д. П. Маковицкий сделал примечание: «Лев Николаевич добавил еще: «всё вранье». Этого я Стукману не написал» (АТБ).</p>
<p rend="Textpetit_otstup left"><hi>1</hi> Осенью 1886 г. И. Б. Файнерман был призван для отбывания воинской повинности, для чего отправился на родину в Кременчуг. По своим убеждениям он был противником военной службы и предполагал отказаться от нее. Но впоследствии обошлось без этого. Он был зачислен в ратники ополчения по первой льготе.</p>
<p rend="petit left"><hi>2</hi> Петр Егоров и Никита Минаев (см. прим. 1 к письму № 573). И. Б. Файнерман сдружился с ними за свое пребывание в Ясной поляне.</p>
<p rend="petit left"><hi>3</hi> «Власть тьмы».</p>
<p rend="petit left"><hi>4</hi> См. прим. 1 к письму № 576.</p>
<p rend="left"><hi style="opnumber">413</hi> <hi style="npnumber">414</hi></p>
</comments></div></body>
        </text>
        </TEI>