<?xml version='1.0' encoding='UTF-8' standalone='no'?>

<TEI xmlns="http://www.tei-c.org/ns/1.0">
       <teiHeader>
          <fileDesc>
             <titleStmt>
                <title>Письмо №90. Н. А. Некрасову.</title>
             </titleStmt>
             <publicationStmt>
                <publisher>TolstoyLab</publisher>
                <date when="2015-09-14">14 September 2015</date>
             </publicationStmt>
             <sourceDesc>
                <biblStruct>
                   <analytic>
                      <author>Толстой Л.Н.</author>
                   </analytic>
                   <monogr>
                      <title level="m">Полное собрание сочинений. Том 60</title>
                      <imprint>
                         <pubPlace>Москва</pubPlace>
                         <publisher>Государственное издательство "Художественная литература"</publisher>
                         <date when="1949"/>
                      </imprint>
                   </monogr>
                   <series>
                      <title level="s">Л.Н. Толстой. Полное собрание сочинений</title>
                      <biblScope unit="vol">60</biblScope>
                   </series>
                </biblStruct>
             </sourceDesc>
          </fileDesc>
          <encodingDesc>
             <tagsDecl> </tagsDecl>
          </encodingDesc>
          <profileDesc>
             <correspDesc>
                <correspAction type="sending">
                   <persName ref="PersonList.xml#L_N_Tolstoy">Л. Н. Толстой</persName>
                   <placeName ref="PlacesListxml#PLACE">Я. П.</placeName>
                   <date when="1857-10-11">1857 г. Октября 11.</date>            </correspAction>
                <correspAction type="receiving">
                   <persName ref="PersonList.xml#RECEIVER">Некрасов Николай Алексеевич</persName>
                </correspAction>
                <correspContext>
                   <ref type="prev"/>
                </correspContext>
             </correspDesc>
          </profileDesc>
       </teiHeader>
       <xenoData><number type="in a volume">90</number></xenoData>

              <text xml:id="N.A.Nekrasovu_90">
	<body><div>
		<opener index="false">
90. Н. А. Некрасову.
1857 г. Октября 11. Я. П.</opener>
<p rend="left">Нынче получил я Сентябрской <choice original_editorial_correction='Совр[еменник]'><sic>Совр</sic><corr>Современник</corr></choice>. Ясно, как письмо от вас подействовало на меня:<note xml:id="note1" resp="volume_editor" index="false"> Трудно сказать, какое письмо Некрасова имеет в виду Толстой.</note> хочется поговорить с вами. — Во-первых, по порядку: какова мерзость и плоская мерзость вышла моя статья в печати и при перечтении.<note xml:id="note2" resp="volume_editor" index="false"> В сентябрьской книжке «Современника» был напечатан «Люцерн» Толстого.</note> — Я совершенно надул себя ею да и вас кажется. <choice original_editorial_correction='Ав[дотьи]'><sic>Ав</sic><corr>Авдотьи</corr></choice> <choice original_editorial_correction='Як[овлевны]'><sic>Як</sic><corr>Яковлевны</corr></choice> повесть еще не прочел.<note xml:id="note3" resp="volume_editor" index="false"> Повесть Авдотьи Яковлевны Панаевой, писавшей под псевдонимом «Н. Станицкий», «Домашний ад», напечатанная в сентябрьской книжке «Современника» за 1857 г.</note> Теперь ваши стихи. Вы, может, и знать не хотите моего мнения, а я почему-то чувствую внутреннюю необходимость сказать вам его так же искренно, как желал бы, чтобы говорили всегда мне. — Первое превосходно. Это самородок и чудесный самородок, остальные <hi>все,</hi> по-моему, слабы и <hi>сделаны,</hi> по крайней мере такое произвели на меня впечатление, в сравнении с первым.<note xml:id="note4" resp="volume_editor" index="false"> Стихотворение Некрасова «Тишина».</note> <choice original_editorial_correction='Современ[ное]'><sic>Современ</sic><corr>Современное</corr></choice> Обозрение, хотя и интересно, вышло не то, как я ожидал. Слишком оно петербургское, а не русское. Вообще книжечка так себе, скорее <hi style="opdelimiter">плоха.<note xml:id="note5" resp="volume_editor" index="false"> «Современное обозрение» в сентябрьской книжке «Современника».</note></hi><hi style="opnumber">225</hi></p>
<p rend="left"><hi style="npnumber">226</hi><hi style="npdelimiter">Что</hi> будет у вас или есть уже в Октябре?<note xml:id="note6" resp="volume_editor" index="false"> В октябрьской книжке «Современника».</note> На меня же пожалуйста больше не расчитывайте, надоело мне писать ковыряшки, да еще скверные. Вчера прочел, как меня обругали в <choice original_editorial_correction='П[етербургских]'><sic>П</sic><corr>Петербургских</corr></choice> <choice original_editorial_correction='В[едомостях]'><sic>В</sic><corr>Ведомостях</corr></choice>, и поделом.<note xml:id="note7" resp="volume_editor" index="false"> Толстой имеет в виду фельетон за подписью П. Б. «Русская литература, журналы», помещенный в № 210 «Петербургских ведомостей» от 28 октября 1857 г., с резким отзывом о «Люцерне».</note> Скажите мне пожалуйста откровенно мнение <choice original_editorial_correction='Друж[инина]'><sic>Друж</sic><corr>Дружинина</corr></choice> и <choice original_editorial_correction='Аннен[кова]'><sic>Аннен</sic><corr>Анненкова</corr></choice>. Как они с вами говорили про эту статейку? — Я вчера писал Колбасину<note xml:id="note8" resp="volume_editor" index="false"> Письмо Толстого к Д. Я. Колбасину от 10 октября 1857 г. неизвестно.</note> разный вздор, а забыл про дело. Сделайте милость, передайте ему, что я прошу как можно скорее похлопотать о высылке мне Указа об отставке,<note xml:id="note9" resp="volume_editor" index="false"> Отставка Толстого от военной службы в Петербургском ракетном заведении была проведена в приказе 26 ноября.</note> а то я без вида. Тороплюсь на почту и, признаюсь, чувствую себя не в духе в настоящую минуту; потому кончаю письмо.</p>
<p rend="left">Недели через 2 я надеюсь быть в Петербурге.<note xml:id="note10" resp="volume_editor" index="false"> 16 октября Толстой вместе с М. Н. Толстой выехал в Москву, а 22 октября поехал в Петербург; пробыл там до 30 октября и снова вернулся в Москву.</note> До свидания. Кланяйтесь очень <choice original_editorial_correction='Ив[ану]'><sic>Ив</sic><corr>Ивану</corr></choice> <choice original_editorial_correction='Ив[ановичу]'><sic>Ив</sic><corr>Ивановичу</corr></choice><note xml:id="note11" resp="volume_editor" index="false"> И. И. Панаеву.</note>.</p>
<p rend="right">Ваш Гр. Л. Толстой.</p>
<p rend="left">11 Октября.</p>
<p rend="left">И еще скажите пожалуйста Колбасину, что ежели перевод статьи не сделан, то не нужно<note xml:id="note12" resp="volume_editor" index="false"> Под «статьей» разумеется рассказ «Люцерн».</note>.</p>
<comments><p rend="Textpetit_otstup left">Впервые напечатано в АК, стр. 204.</p>
<p rend="Textpetit_otstup left"><hi>1</hi> Трудно сказать, какое письмо Некрасова имеет в виду Толстой.</p>
<p rend="petit left"><hi>2</hi> В сентябрьской книжке «Современника» был напечатан «Люцерн» Толстого.</p>
<p rend="petit left"><hi>3</hi> Повесть Авдотьи Яковлевны Панаевой, писавшей под псевдонимом «Н. Станицкий», «Домашний ад», напечатанная в сентябрьской книжке «Современника» за 1857 г.</p>
<p rend="petit left"><hi>4</hi> Стихотворение Некрасова «Тишина».</p>
<p rend="petit left"><hi>5</hi> «Современное обозрение» в сентябрьской книжке «Современника».</p>
<p rend="petit left"><hi>6</hi> В октябрьской книжке «Современника».</p>
<p rend="petit left"><hi>7</hi> Толстой имеет в виду фельетон за подписью П. Б. «Русская литература, журналы», помещенный в № 210 «Петербургских ведомостей» от 28 октября 1857 г., с резким отзывом о «Люцерне».</p>
<p rend="petit left"><hi>8</hi> Письмо Толстого к Д. Я. Колбасину от 10 октября 1857 г. неизвестно.</p>
<p rend="petit left"><hi>9</hi> Отставка Толстого от военной службы в Петербургском ракетном заведении была проведена в приказе 26 ноября.</p>
<p rend="petit left"><hi>10</hi> 16 октября Толстой вместе с М. Н. Толстой выехал в Москву, а 22 октября поехал в Петербург; пробыл там до 30 октября и снова вернулся в Москву.</p>
<p rend="petit left"><hi>11</hi> И. И. Панаеву.</p>
<p rend="petit left"><hi>12</hi> Под «статьей» разумеется рассказ «Люцерн».</p>
<p rend="emptyline left"><hi style="opnumber">226</hi> <hi style="npnumber">227</hi></p>
</comments></div></body>
        </text>
        </TEI>