<?xml version='1.0' encoding='UTF-8' standalone='no'?>

<TEI xmlns="http://www.tei-c.org/ns/1.0">
       <teiHeader>
          <fileDesc>
             <titleStmt>
                <title>Письмо №* 282. Г. Ф. Келеру.</title>
             </titleStmt>
             <publicationStmt>
                <publisher>TolstoyLab</publisher>
                <date when="2015-09-14">14 September 2015</date>
             </publicationStmt>
             <sourceDesc>
                <biblStruct>
                   <analytic>
                      <author>Толстой Л.Н.</author>
                   </analytic>
                   <monogr>
                      <title level="m">Полное собрание сочинений. Том 60</title>
                      <imprint>
                         <pubPlace>Москва</pubPlace>
                         <publisher>Государственное издательство "Художественная литература"</publisher>
                         <date when="1949"/>
                      </imprint>
                   </monogr>
                   <series>
                      <title level="s">Л.Н. Толстой. Полное собрание сочинений</title>
                      <biblScope unit="vol">60</biblScope>
                   </series>
                </biblStruct>
             </sourceDesc>
          </fileDesc>
          <encodingDesc>
             <tagsDecl> </tagsDecl>
          </encodingDesc>
          <profileDesc>
             <correspDesc>
                <correspAction type="sending">
                   <persName ref="PersonList.xml#L_N_Tolstoy">Л. Н. Толстой</persName>
                   <placeName ref="PlacesListxml#PLACE">Веймар.</placeName>
                   <date when="1861-04-04">1861 г. Апреля 4</date>            </correspAction>
                <correspAction type="receiving">
                   <persName ref="PersonList.xml#RECEIVER">Келер Густав Федорович</persName>
                </correspAction>
                <correspContext>
                   <ref type="prev"/>
                </correspContext>
             </correspDesc>
          </profileDesc>
       </teiHeader>
       <xenoData><number type="in a volume">282</number></xenoData>

              <text xml:id="G.F.Keleru_282">
	<body><div>
		<opener index="false">
* 282. Г. Ф. Келеру.
1861 г. Апреля 4/16. Веймар.</opener>
<p rend="subtitle centerline">
[Договор]
</p>
<p rend="left">Zwischen Sr. Excellenz dem Herrn Grafen Tolstoi und dem zeitherigen Studenten und Polytechniker Gustav Kaehler ist nachstehender Kontrakt vom heutigen Tage verabredet und beschlossen worden.</p>
<p rend="left">Es verspricht d. g. Kaehler dem Herrn Grafen Tolstoi bei Ausführung der physikalischen und chemischen Experimente behülflich und überhaupt in Angelegenheit der Schule tätig zu sein, wogegen sich S. Excellenz der Herr Graf Tolstoi verbindlich macht, dem G. Kaehler freie Station (nebst Wohnung, Kost usw) und in Voraussicht eines höheren Honorars eine Summe von jährlich dreihundert Talern vom Tage der Ankunft in Toula gerechnet; sowie freie Preise von Weimar bis Toula zu gewahren.</p>
<p rend="right">Graf Leo Tolstoy.</p>
<p rend="left">Weimar den 16. April 1861.</p>
<p rend="left">Am 14-ten dieses Monats vergaß ich meine Zeugniße zurückzunehmen, ich bitte deshalb dieselben gefälligst mit beizulegen. Sollte S. Excellenz etwas zu ergänzen und zu verbessern haben, so bitte das zu bemerken, sowie mir gefälligst den Namen des Hotels in Dresden zu notieren.</p>
<p rend="right rightindent">In ausgezeichnetester Hochachtung</p>
<p rend="right"> Gustav Kaehler.</p>
<lb/>
<p rend="petit left">Между его сиятельством графом Толстым и бывшим студентом — слушателем политехникума Густавом Келером с сего дня заключен нижеследующий договор.</p>
<p rend="petit left">Г. Келер обязуется помогать г-ну графу Толстому при проведении физических и химических опытов и вообще в его работе в школе, на что его сиятельство граф Толстой обязуется предоставить г. Келеру готовый стол и квартиру, оплатить путевые расходы по <hi style="opdelimiter">переезду</hi><hi style="opnumber">476</hi> <hi style="npnumber">477</hi><hi style="npdelimiter">из</hi> Веймара в Тулу, а также выплачивать ему ежегодно гонорар и сумме 300 талеров, считая со дня прибытия в Тулу — с сохранением возможности повышения гонорара в дальнейшем.</p>
<p rend="petit right">Граф Лев Толстой.</p>
<p rend="petit left">Веймар, 16 апреля 1861.</p>
<p rend="petit left">14-го сего месяца я забыл взять мой аттестат и потому прошу Вас оказать мне любезность и принять таковой.</p>
<p rend="petit left">Если В. сиятельство сочтет необходимым что-либо дополнить или исправить, прошу это здесь указать, а также будьте столь любезны сообщите название отеля в Дрездене.</p>
<p rend="petit right rightindent">С глубочайшим почтением </p>
<p rend="petit right">Густав Келер.</p>
<comments><p rend="Textpetit_otstup left">Договор написан на немецком языке готическим шрифтом и подписан собственноручно Толстым.</p>
<p rend="petit left">Густав Федорович Келер (Gustaw Kaehler, 1839—1904). Учился в Иенском университете на математическом факультете и затем в Политехническом институте в Карлсруэ. Толстой, познакомившись с ним в Веймаре, пригласил его преподавателем в свою Яснополянскую школу. В «Дневнике Яснополянской школы за 1862 год» рукою Келера сделан ряд записей и чертежных рисунков (см. т. 8, стр. 455—486 и 622). Им же написан отчет о преподавании рисования, включенный Толстым в третью статью «Яснополянская школа за ноябрь и декабрь месяцы» (т. 8, стр. 116—119 и 509). Кроме того, Келер помогал в написании статьи «О народном образовании» — писал под диктовку Толстого. См. т. 8, стр. 526.</p>
<p rend="petit left">В Яснополянской школе Толстого Келер занимался до ноября 1862 г., затем был воспитателем сына С. Н. Толстого, Григория, а весной 1865 г. поступил в Тульскую мужскую гимназию, где в течение 39 лет (до своей смерти) преподавал немецкий язык. О нем см. также воспоминания В. В. Вересаева «В юные годы», М. 1930, стр. 166.</p>
</comments></div></body>
        </text>
        </TEI>