<?xml version='1.0' encoding='UTF-8' standalone='no'?>

<TEI xmlns="http://www.tei-c.org/ns/1.0">
       <teiHeader>
          <fileDesc>
             <titleStmt>
                <title>Письмо №* 133. К. С. Аксакову.</title>
             </titleStmt>
             <publicationStmt>
                <publisher>TolstoyLab</publisher>
                <date when="2015-09-14">14 September 2015</date>
             </publicationStmt>
             <sourceDesc>
                <biblStruct>
                   <analytic>
                      <author>Толстой Л.Н.</author>
                   </analytic>
                   <monogr>
                      <title level="m">Полное собрание сочинений. Том 60</title>
                      <imprint>
                         <pubPlace>Москва</pubPlace>
                         <publisher>Государственное издательство "Художественная литература"</publisher>
                         <date when="1949"/>
                      </imprint>
                   </monogr>
                   <series>
                      <title level="s">Л.Н. Толстой. Полное собрание сочинений</title>
                      <biblScope unit="vol">60</biblScope>
                   </series>
                </biblStruct>
             </sourceDesc>
          </fileDesc>
          <encodingDesc>
             <tagsDecl> </tagsDecl>
          </encodingDesc>
          <profileDesc>
             <correspDesc>
                <correspAction type="sending">
                   <persName ref="PersonList.xml#L_N_Tolstoy">Л. Н. Толстой</persName>
                   <placeName ref="PlacesListxml#PLACE">Москва.</placeName>
                   <date when="1859-04-26">1859 г. Апреля 26?</date>            </correspAction>
                <correspAction type="receiving">
                   <persName ref="PersonList.xml#RECEIVER">Аксаков Константин Сергеевич</persName>
                </correspAction>
                <correspContext>
                   <ref type="prev"/>
                </correspContext>
             </correspDesc>
          </profileDesc>
       </teiHeader>
       <xenoData><number type="in a volume">133</number></xenoData>

              <text xml:id="K.S.Aksakovu_133">
	<body><div>
		<opener index="false">
* 133. К. С. Аксакову. Неотправленное.
1859 г. Апреля 26? Москва.</opener>
<p rend="left">Я до такой степени загулял последнее время в Москве, что даже не мог выбрать минутки приехать к вам, любезнейший Константин Сергеич, и извиниться перед вашим батюшкой<note xml:id="note1" resp="volume_editor" index="false"> Сергей Тимофеевич Аксаков.</note> за мою неакуратность да и вообще приехать туда, куда мне больше всего нужно, полезно, приятно было бы приехать. Я завтра еду. Поэтому до свиданья. Повторяю просьбу присылать вам на суд то, что выйдет из моего романа; ежели же завтра не уеду, то непременно буду у вас.</p>
<p rend="right">Истинно уважающий вас Гр. Л. Толстой.</p>
<comments><p rend="Textpetit_otstup left">Дата определяется содержанием: 1) Толстой просит у К. С. Аксакова разрешения присылать ему на суд то, что выйдет из его «романа»; единственное произведение Толстого, из напечатанных при жизни К. С. Аксакова, которое Толстой называл «романом», это «Семейное счастье». На этом основании относим письмо к 1859 г. 2) Слова: «завтра еду» позволяют датировать предположительно 26 апреля 1859 г., так как Толстой уехал из Москвы в Ясную Поляну 27 апреля 1859 г. То, что письмо осталось в бумагах Толстого, указывает на то, что отправлено оно не было.</p>
<p rend="petit left">Константин Сергеевич Аксаков (1817—1860) — старший сын писателя С. Т. Аксакова, писатель, публицист, основоположник славянофильства. См. подробнее т. 47, стр. 213.</p>
<p rend="Textpetit_otstup left"><hi>1</hi> Сергей Тимофеевич Аксаков.</p>
</comments></div></body>
        </text>
        </TEI>