<?xml version='1.0' encoding='UTF-8' standalone='no'?>

<TEI xmlns="http://www.tei-c.org/ns/1.0">
       <teiHeader>
          <fileDesc>
             <titleStmt>
                <title>Письмо №48. П. М. Дарагану.</title>
             </titleStmt>
             <publicationStmt>
                <publisher>TolstoyLab</publisher>
                <date when="2015-09-14">14 September 2015</date>
             </publicationStmt>
             <sourceDesc>
                <biblStruct>
                   <analytic>
                      <author>Толстой Л.Н.</author>
                   </analytic>
                   <monogr>
                      <title level="m">Полное собрание сочинений. Том 61</title>
                      <imprint>
                         <pubPlace>Москва</pubPlace>
                         <publisher>Государственное издательство "Художественная литература"</publisher>
                         <date when="1953"/>
                      </imprint>
                   </monogr>
                   <series>
                      <title level="s">Л.Н. Толстой. Полное собрание сочинений</title>
                      <biblScope unit="vol">61</biblScope>
                   </series>
                </biblStruct>
				<bibl>Печатается по тексту, опубликованному в «Красном архиве», 1929, 5 (36), стр. 199. Год определяется пометкой на «Деле канцелярии начальника Тульской губернии», начатом 23 апреля 1864 г., в связи с заявлением Толстого.</bibl>
             </sourceDesc>
          </fileDesc>
          <encodingDesc>
             <tagsDecl> </tagsDecl>
          </encodingDesc>
          <profileDesc>
             <correspDesc>
                <correspAction type="sending">
                   <persName ref="PersonList.xml#L_N_Tolstoy">Л. Н. Толстой</persName>
                   <placeName ref="PlacesListxml#PLACE">Я. П.</placeName>
                   <date when="1864-04-23">1864 г. Апреля 23.</date>            </correspAction>
                <correspAction type="receiving">
                   <persName ref="PersonList.xml#RECEIVER">Дараган Петр Михайлович</persName>
                </correspAction>
                <correspContext>
                   <ref type="prev"/>
                </correspContext>
             </correspDesc>
          </profileDesc>
       </teiHeader>
       <xenoData><number type="in a volume">48</number></xenoData>

              <text xml:id="P__M__Daraganu_48">
	<body><div>
		<opener index="false">
48. П. М. Дарагану.
1864 г. Апреля 23. Я. П.
</opener>
<p rend="Obrashenie left">Ваше превосходительство</p>
<p rend="Obrashenie1">милостивый государь</p>
<p rend="Obrashenie2">Петр Михайлович,</p>
<p rend="left">Воровство в нашей местности с каждым годом увеличивается. Дерзость воров, уведших у меня лошадей, коров, овец и укравших весы с амбара, дошла до того, что прошлой осенью почти перед домом выкопали молодые яблони и увезли. Садовник мой нашел яблони у соседнего мужика, представивши явные доказательства срезки ветвей и прошлогодней, а не осенней, пересадки по положению корней.</p>
<p rend="left">Я объявил о пропаже и находке тогда же и волостному правлению и становому. Посредник мне отвечал бумагой, что яблони не мои и что я имею купить другие (что я и сделал), а становой ничего не сделал и не ответил на неоднократные мои просьбы. Мужик же должно быть собирается пересадить весь мой сад на свой огород.</p>
<p rend="left">Ваше превосходительство, пожалуйста, защитите меня. Я стараюсь не беспокоить вас, но иногда становится невозможным.</p>
<p rend="left">Вашего превосходительства покорный и уважающий слуга</p>
<p rend="right">граф Лев Толстой.</p>
<p rend="left">23 апреля.</p>
<comments><p rend="Textpetit_otstup left">Печатается по тексту, опубликованному в «Красном архиве», 1929, 5 (36), стр. 199. Год определяется пометкой на «Деле канцелярии начальника Тульской губернии», начатом 23 апреля 1864 г., в связи с заявлением Толстого.</p>
</comments></div></body>
        </text>
        </TEI>