<?xml version='1.0' encoding='UTF-8' standalone='no'?>

<TEI xmlns="http://www.tei-c.org/ns/1.0">
       <teiHeader>
          <fileDesc>
             <titleStmt>
                <title>Письмо №* 9. Д. В. Григоровичу.</title>
             </titleStmt>
             <publicationStmt>
                <publisher>TolstoyLab</publisher>
                <date when="2015-09-14">14 September 2015</date>
             </publicationStmt>
             <sourceDesc>
                <biblStruct>
                   <analytic>
                      <author>Толстой Л.Н.</author>
                   </analytic>
                   <monogr>
                      <title level="m">Полное собрание сочинений. Том 60</title>
                      <imprint>
                         <pubPlace>Москва</pubPlace>
                         <publisher>Государственное издательство "Художественная литература"</publisher>
                         <date when="1949"/>
                      </imprint>
                   </monogr>
                   <series>
                      <title level="s">Л.Н. Толстой. Полное собрание сочинений</title>
                      <biblScope unit="vol">60</biblScope>
                   </series>
                </biblStruct>
             </sourceDesc>
          </fileDesc>
          <encodingDesc>
             <tagsDecl> </tagsDecl>
          </encodingDesc>
          <profileDesc>
             <correspDesc>
                <correspAction type="sending">
                   <persName ref="PersonList.xml#L_N_Tolstoy">Л. Н. Толстой</persName>
                   <placeName ref="PlacesListxml#PLACE">Петербург.</placeName>
                   <date when="1856-05-05">1856 г. Мая 5.</date>            </correspAction>
                <correspAction type="receiving">
                   <persName ref="PersonList.xml#RECEIVER">Григорович Дмитрий Васильевич</persName>
                </correspAction>
                <correspContext>
                   <ref type="prev"/>
                </correspContext>
             </correspDesc>
          </profileDesc>
       </teiHeader>
       <xenoData><number type="in a volume">9</number></xenoData>

              <text xml:id="D.V.Grigorovichu_9">
	<body><div>
		<opener index="false">
* 9. Д. В. Григоровичу.
1856 г. Мая 5. Петербург.</opener>
<p rend="left">Давно, давно собирался вам писать, во первых о впечатлении чрезвычайно выгодном, которое произвел ваш Пахарь,<note xml:id="note1" resp="volume_editor" index="false"> «Пахарь» ― роман Григоровича, напечатанный в № 3 «Современника» за 1856 г.</note> и что я знаю об этом впечатлении, а во вторых о впечатлении прекрасном, которое произвела на меня ваша апрельская часть «Переселенцев».<note xml:id="note2" resp="volume_editor" index="false"> «Переселенцы» ― роман Григоровича, печатавшийся в «Отечественных записках» в 1855 г., №№11 и 12, и в 1856 г., №№ 4―8.</note> Теперь ничего не напишу исключая того, что ужасно вас люблю и желаю вас поскорей видеть. Я и Дружинин сбираемся ехать в Москву 8-го числа и пробыть у Боткина с недельку.<note xml:id="note3" resp="volume_editor" index="false"> Толстому удалось выехать в Москву только 17 мая. У В. П. Боткина, жившего в это время на даче в Кунцеве под Москвой, Толстой был два раза: в день приезда (переночевав у него) и 23 мая. Пробыв в Москве 10 дней, 27 мая после обеда Толстой выехал в Ясную Поляну.</note> Приезжайте, душенька, пожалуйста. Мы проведем время отлично, и, может, можно будет вас увезти к нам на недельку, т. е. ко мне, к сестре и к Тургеневу.</p>
<p rend="right">Ваш Гр. Л. Толстой.</p>
<comments><p rend="Textpetit_otstup left">Письмо Толстого является припиской к коллективному письму, посланному 5 мая 1856 г. из Петербурга Д. В. Григоровичу от Дружинина, Панаева, Некрасова и Гончарова. Внизу помета Григоровича: «Получено письмо 15 мая 1856 г. из Петербурга. Л. Н. Толстой (Детство и отрочество). Дружинин, Панаев, Некрасов, Гончаров». Повидимому, это письмо было написано на прощальном обеде у Тургенева перед его отъездом в свое имение Спасское.</p>
<p rend="petit left">Дмитрий Васильевич Григорович (1822―1899). О его знакомстве с Толстым см. Д. В. Григорович, «Литературные воспоминания», «Academia», Л. 1928, стр. 249―254. От переписки между обоими писателями сохранилось лишь одно письмо Толстого и одно Григоровича. Знакомство их поддерживалось и позднее: Григорович бывал в 1880―1890 гг. у Толстого в его хамовническом доме.</p>
<p rend="Textpetit_otstup left"><hi>1</hi> «Пахарь» ― роман Григоровича, напечатанный в № 3 «Современника» за 1856 г.</p>
<p rend="petit left"><hi>2</hi> «Переселенцы» ― роман Григоровича, печатавшийся в «Отечественных записках» в 1855 г., №№11 и 12, и в 1856 г., №№ 4―8.</p>
<p rend="petit left"><hi>3</hi> Толстому удалось выехать в Москву только 17 мая. У В. П. Боткина, жившего в это время на даче в Кунцеве под Москвой, Толстой был два раза: в день приезда (переночевав у него) и 23 мая. Пробыв в Москве 10 дней, 27 мая после обеда Толстой выехал в Ясную Поляну.</p>
<p rend="emptyline left"><hi style="opnumber">59</hi> <hi style="npnumber">60</hi></p>
</comments></div></body>
        </text>
        </TEI>