<?xml version='1.0' encoding='UTF-8' standalone='no'?>

<TEI xmlns="http://www.tei-c.org/ns/1.0">
       <teiHeader>
          <fileDesc>
             <titleStmt>
                <title>Письмо №* 135. П. Д. Боборыкину.</title>
             </titleStmt>
             <publicationStmt>
                <publisher>TolstoyLab</publisher>
                <date when="2015-09-14">14 September 2015</date>
             </publicationStmt>
             <sourceDesc>
                <biblStruct>
                   <analytic>
                      <author>Толстой Л.Н.</author>
                   </analytic>
                   <monogr>
                      <title level="m">Полное собрание сочинений. Том 61</title>
                      <imprint>
                         <pubPlace>Москва</pubPlace>
                         <publisher>Государственное издательство "Художественная литература"</publisher>
                         <date when="1953"/>
                      </imprint>
                   </monogr>
                   <series>
                      <title level="s">Л.Н. Толстой. Полное собрание сочинений</title>
                      <biblScope unit="vol">61</biblScope>
                   </series>
                </biblStruct>
             </sourceDesc>
          </fileDesc>
          <encodingDesc>
             <tagsDecl> </tagsDecl>
          </encodingDesc>
          <profileDesc>
             <correspDesc>
                <correspAction type="sending">
                   <persName ref="PersonList.xml#L_N_Tolstoy">Л. Н. Толстой</persName>
                   <placeName ref="PlacesListxml#PLACE">Никольское-Вяземское.</placeName>
                   <date when="1865-07">1865 г. Июль</date>            </correspAction>
                <correspAction type="receiving">
                   <persName ref="PersonList.xml#RECEIVER">Боборыкин Петр Дмитриевич</persName>
                </correspAction>
                <correspContext>
                   <ref type="prev"/>
                </correspContext>
             </correspDesc>
          </profileDesc>
       </teiHeader>
       <xenoData><number type="in a volume">135</number></xenoData>

              <text xml:id="P__D__Boborykinu_135">
	<body><div>
		<opener index="false">
* 135. П. Д. Боборыкину. Неотправленное.
1865 г. Июль...август. Никольское-Вяземское.
</opener>
<p rend="Obrashenie left">Милостивый государь</p>
<p rend="Obrashenie1_">Петр Дмитриевич.</p>
<p rend="left">Я не отвечал вам на последнее ваше письмо.<note xml:id="note1" resp="volume_editor" index="false"> П. Д. Боборыкин дважды обращался к Толстому с просьбой о сотрудничестве в журнале «Библиотека для чтения». Первое письмо его неизвестно, второе — от 28 сентября 1863 г., хранится в ГМТ.</note> Извините. Но благодаря вашей любезности — присылки мне <choice original_editorial_correction='Б[иблиотеки]'><sic>Б</sic><corr>Библиотеки</corr></choice> для <choice original_editorial_correction='ч[тения]'><sic>ч</sic><corr>чтения</corr></choice>, <choice original_editorial_correction='к[отор]ой'><sic>кой</sic><corr>которой</corr></choice> я не заслуживал, так как так занят своим одним писаньем, что едва ли напишу что-нибудь — благодаря присылки <choice original_editorial_correction='Б[иблиотеки]'><sic>Б</sic><corr>Библиотеки</corr></choice> <choice original_editorial_correction='д[ля]'><sic>д</sic><corr>для</corr></choice> <choice original_editorial_correction='ч[тения]'><sic>ч</sic><corr>чтения</corr></choice>, я получил ваше всеобщее письмо «Земские силы»,<note xml:id="note2" resp="volume_editor" index="false"> «Земские силы», роман П. Д. Боборыкина. Первая часть его и шесть глав второй были напечатаны в «Библиотеке для чтения», 1865, 1—8. В том же году первая часть вышла отдельным изданием.</note> на <choice original_editorial_correction='к[отор]ое'><sic>кое</sic><corr>которое</corr></choice> мне очень хочется отвечать. — Я жил в том мире, в <choice original_editorial_correction='к[отор]ом'><sic>ком</sic><corr>котором</corr></choice> вы теперь живете, и знаю то вредное влияние, под <choice original_editorial_correction='к[отор]ым'><sic>кым</sic><corr>которым</corr></choice> гибнет ваш замечательный художественный талант. Прочтя оба ваши романа,<note xml:id="note3" resp="volume_editor" index="false"> «Земские силы» и «В путь дорогу» (роман в шести частях; был напечатан в «Библиотеке для чтения» за 1864 г. и в том же году вышел отдельным изданием в двух томах).</note> особенно две части последнего, я чувствую, что полюбил сильно ваш талант. Я говорю это для того, чтобы вы простили мне те упреки, <choice original_editorial_correction='к[отор]ые'><sic>кые</sic><corr>которые</corr></choice> на основании этого чувства я считаю себя в праве вам сделать. — Я пишу не затем, чтобы заявить вам свое сочувствие, не затем, чтоб сблизиться с вами — и то и другое мне очень желательно, — но я нахожусь в наивном убеждении, что мои замечания, может быть, <hi style="opdelimiter">насколько-нибудь</hi><hi style="opnumber">99</hi> <hi style="npnumber">100</hi><hi style="npdelimiter">подействуют</hi> и очистят от вредных напущенных на ваш талант петербургско-литературных наплывов. —</p>
<p rend="left">1) Вы пишете слишком небрежно и поспешно, не выбрасываете достаточно из того, что написано (длинноты), недостаточно употребляете тот прием, который для эпика-прозаика составляет всю премудрость искусства — недостаточно просеваете песок, чтобы отделять чистое золото. —</p>
<p rend="left">2) Язык небрежен; а вы, с вашим тонким вкусом, <choice original_editorial_correction='к[отор]ый'><sic>кый</sic><corr>который</corr></choice> чувствуется во всем, усвоили себе безобразную манеру, введенную недавно не знаю кем, говорить так: «Здравствуйте», поклонился он», и употребляете, хотя и меткие, но тривиальные выражения, которые не оскорбляют у Писемского,<note xml:id="note4" resp="volume_editor" index="false"> А. Ф. Писемский. Отзывы Толстого о произведениях Писемского см. в письме № 361 и в т. 60, письма №№ 52, 158 и 238.</note> но оскорбляют у вас. —</p>
<p rend="left">3) И главное. Оба ваши романа писаны на современную тему. Вопросы земства, литературы, эмансипации женщин и т. п. полемически выступают у вас на первый план, а эти вопросы в мире искусства не только не занимательны, но их нет. Вопросы эмансипации женщин и литературных партий невольно представляются вам важными в вашей литературной петербургской среде, но все эти вопросы трепещутся в маленькой луже грязной воды, <choice original_editorial_correction='к[отор]ая'><sic>кая</sic><corr>которая</corr></choice> кажется океаном только для тех, кого судьба поставила в середину этой лужи.<note xml:id="note5" resp="volume_editor" index="false"> Впоследствии М. Горький писал о Боборыкине: «Боборыкин был писатель весьма чуткий ко всяким новым «веяниям времени», очень наблюдательный, но работал он приемами «натуралиста», ...спеша изобразить «новые веяния» и характеры, он впадает в «портретность и «протоколизм» (М. Горький, «О литературе», изд. 3-е, 1937, стр. 242).</note> — Цели художества несоизмеримы (как говорят математики) с целями социальными. Цель художника не в том, чтобы неоспоримо разрешить вопрос, а в том, чтобы заставить любить жизнь в бесчисленных, никогда не истощимых всех ее проявлениях. Ежели бы мне сказали, что я могу написать роман, <choice original_editorial_correction='к[отор]ым'><sic>кым</sic><corr>которым</corr></choice> я неоспоримо установлю кажущееся мне верным воззрение на все социальные вопросы, я бы не посвятил и двух часов труда на такой роман, но ежели бы мне сказали, что то, что я напишу, будут читать теперешние дети лет через 20 и будут над ним плакать и смеяться и полюблять жизнь, я бы посвятил ему всю свою жизнь и все свои силы.</p>
<p rend="left">Я недели две как написал вам это и не послал, раздумывая, как бы не оскорбились вы советами, на <choice original_editorial_correction='к[отор]ые'><sic>кые</sic><corr>которые</corr></choice> ничто мне не дает никакого права.</p>
<comments><p rend="Textpetit_otstup left">Цитата, с датой: «вторая половина 1865 г.», опубликована в Г, II, стр. 100. Датируется предположительно временем выхода апрельской книжки «Библиотеки для чтения» (18 июня 1865 г.), в которой был напечатан роман «Земские силы», посланной Толстому, несомненно, в первые дни выхода. Письмо сохранилось в архиве Толстого, <hi style="opdelimiter">следовательно</hi><hi style="opnumber">100</hi> <hi style="npnumber">101</hi><hi style="npdelimiter">оно</hi> не было послано. Толстой написал и отправил Боборыкину другое письмо, о котором тот пишет в своих воспоминаниях. Текст его неизвестен.</p>
<p rend="petit left">Петр Дмитриевич Боборыкин (1836—1919) — писатель либерально-буржуазного направления. С 1860 по 1865 г. был издателем журнала «Библиотека для чтения».</p>
<p rend="petit left">В 1900 г. Толстой высказался за избрание Боборыкина почетным академиком. (См. письмо к М. И. Сухомлинову, т. 72, № 265.) Впоследствии Толстой неодобрительно отзывался о произведениях Боборыкина, находя, что у автора их нет «определенного миросозерцания», а потому часто нельзя понять, что он хочет сказать. См. В. Микулич, «Встречи с писателями», Издательство писателей в Ленинграде, 1929, стр. 25, и А. Б. Гольденвейзер, «Вблизи Толстого», II, стр. 310.</p>
<p rend="petit left">Личное знакомство П. Д. Боборыкина с Толстым произошло в 1881—1882 гг., когда Толстой переехал в Москву. О своих свиданиях с Толстым Боборыкин подробно писал в статье «В Москве у Толстого». См. «О Толстом. Международный Толстовский альманах», изд. «Книга», М. 1909, стр. 1—11.</p>
<p rend="Textpetit_otstup left"><hi>1</hi> П. Д. Боборыкин дважды обращался к Толстому с просьбой о сотрудничестве в журнале «Библиотека для чтения». Первое письмо его неизвестно, второе — от 28 сентября 1863 г., хранится в ГМТ.</p>
<p rend="petit left"><hi>2</hi> «Земские силы», роман П. Д. Боборыкина. Первая часть его и шесть глав второй были напечатаны в «Библиотеке для чтения», 1865, 1—8. В том же году первая часть вышла отдельным изданием.</p>
<p rend="petit left"><hi>3</hi> «Земские силы» и «В путь дорогу» (роман в шести частях; был напечатан в «Библиотеке для чтения» за 1864 г. и в том же году вышел отдельным изданием в двух томах).</p>
<p rend="petit left"><hi>4</hi> А. Ф. Писемский. Отзывы Толстого о произведениях Писемского см. в письме № 361 и в т. 60, письма №№ 52, 158 и 238.</p>
<p rend="petit left"><hi>5</hi> Впоследствии М. Горький писал о Боборыкине: «Боборыкин был писатель весьма чуткий ко всяким новым «веяниям времени», очень наблюдательный, но работал он приемами «натуралиста», ...спеша изобразить «новые веяния» и характеры, он впадает в «портретность и «протоколизм» (М. Горький, «О литературе», изд. 3-е, 1937, стр. 242).</p>
</comments></div></body>
        </text>
        </TEI>