<?xml version='1.0' encoding='UTF-8' standalone='no'?>

<TEI xmlns="http://www.tei-c.org/ns/1.0">
       <teiHeader>
          <fileDesc>
             <titleStmt>
                <title>Письмо №290. С. А. Толстой</title>
             </titleStmt>
             <publicationStmt>
                <publisher>TolstoyLab</publisher>
                <date when="2015-09-14">14 September 2015</date>
             </publicationStmt>
             <sourceDesc>
                <biblStruct>
                   <analytic>
                      <author>Толстой Л.Н.</author>
                   </analytic>
                   <monogr>
                      <title level="m">Полное собрание сочинений. Том 83</title>
                      <imprint>
                         <pubPlace>Москва</pubPlace>
                         <publisher>Государственное издательство "Художественная литература"</publisher>
                         <date when="1938"/>
                      </imprint>
                   </monogr>
                   <series>
                      <title level="s">Л.Н. Толстой. Полное собрание сочинений</title>
                      <biblScope unit="vol">83</biblScope>
                   </series>
                </biblStruct>
				<bibl>Печатается по автографу, хранящемуся в АТБ. Впервые опубликовано по копии, сделанной С. А. Толстой, в ПЖ, стр. 244—245. Датируется на основании почтовых штемпелей: «Тула. 15 декабря 1884; Москва 16 декабря 1884» и слов письма «вчера я написал такое строгое..... письмо» [от 13 декабря]. В ПЖ датировано 15 декабря.</bibl>
             </sourceDesc>
          </fileDesc>
          <encodingDesc>
             <tagsDecl> </tagsDecl>
          </encodingDesc>
          <profileDesc>
             <correspDesc>
                <correspAction type="sending">
                   <persName ref="PersonList.xml#L_N_Tolstoy">Л. Н. Толстой</persName>
                   <placeName ref="PlacesListxml#PLACE">Тула.</placeName>
                   <date when="1884-12-14">1884 г. Декабря 14.</date>            </correspAction>
                <correspAction type="receiving">
                   <persName ref="PersonList.xml#RECEIVER">Толстая Софья Андреевна</persName>
                </correspAction>
                <correspContext>
                   <ref type="prev"/>
                </correspContext>
             </correspDesc>
          </profileDesc>
       </teiHeader>
       <xenoData><number type="in a volume">290</number></xenoData>

       <text xml:id="a14_290">
	<body><div>
		<opener index="false">
290.
1884 г. Декабря 14. Тула.</opener>
<p rend="left">Пишу <choice><reg>от</reg><orig>отъ</orig></choice> Урусова.<note xml:id="note1" resp="volume_editor" index="false"> Из Тулы от Л. Д. Урусова.</note> <choice><reg>Мне</reg><orig>Мнѣ</orig></choice> не <choice><reg>верно</reg><orig>вѣрно</orig></choice> сказали. <choice><reg>Он</reg><orig>Онъ</orig></choice> не <choice><reg>выехал</reg><orig>выѣхалъ</orig></choice>, a <choice><reg>приехал</reg><orig>прiѣхалъ</orig></choice> 13-го. Нынче <choice><reg>утром</reg><orig>утромъ</orig></choice> <choice original_editorial_correction='Мар[ья]'><sic>Мар</sic><corr>Марья</corr></choice> <choice original_editorial_correction='Аф[анасьевна]'><sic>Аф</sic><corr>Афанасьевна</corr></choice> <choice><reg>мне</reg><orig>мнѣ</orig></choice> сказала: князь <choice><reg>приехал</reg><orig>прiѣхалъ</orig></choice>, и я <choice><reg>решил</reg><orig>рѣшилъ</orig></choice> <choice><reg>поехать</reg><orig>поѣхать</orig></choice> <choice><reg>к</reg><orig>къ</orig></choice> нему, особенно боясь, чтобы <choice><reg>он</reg><orig>онъ</orig></choice> <choice><reg>сам</reg><orig>самъ</orig></choice> не <choice><reg>вздумал</reg><orig>вздумалъ</orig></choice>. <choice><reg>Встал</reg><orig>Всталъ</orig></choice> рано, <choice><reg>пошел</reg><orig>пошелъ</orig></choice> походить, <choice><reg>встретил</reg><orig>встрѣтилъ</orig></choice> мужика, <choice><reg>копавшего</reg><orig>копавшаго</orig></choice> руду, и <choice><reg>от</reg><orig>отъ</orig></choice> его <choice><reg>бестолковости</reg><orig>безтолковости</orig></choice> и своего барства и злости <choice><reg>кричал</reg><orig>кричалъ</orig></choice> <choice><reg>с</reg><orig>съ</orig></choice> <choice><reg>ним</reg><orig>нимъ</orig></choice> и <choice><reg>махал</reg><orig>махалъ</orig></choice> руками. Не <choice><reg>сказал</reg><orig>сказалъ</orig></choice> ему ничего <choice><reg>неприятного</reg><orig>непрiятнаго</orig></choice>, <choice><reg>может</reg><orig>можетъ</orig></choice> быть, и <choice><reg>сказал</reg><orig>сказалъ</orig></choice>, я <choice><reg>видел</reg><orig>видѣлъ</orig></choice>, что <choice><reg>он</reg><orig>онъ</orig></choice> <choice><reg>огорчен</reg><orig>огорченъ</orig></choice> и <choice><reg>сконфужен</reg><orig>сконфуженъ</orig></choice>, и <choice><reg>Филип</reg><orig>Филипъ</orig></choice> <choice><reg>удивлен</reg><orig>удивленъ</orig></choice>, и <choice><reg>пришел</reg><orig>пришелъ</orig></choice> домой — стыдно, гадко, ужасно. Одно <choice><reg>утешенье</reg><orig>утѣшенье</orig></choice>: <choice original_editorial_correction='Мар[ья]'><sic>Мар</sic><corr>Марья</corr></choice> <choice original_editorial_correction='Аф[анасьевна]'><sic>Аф</sic><corr>Афанасьевна</corr></choice> сказала, когда я <choice><reg>спросил</reg><orig>спросилъ</orig></choice>, <choice><reg>где</reg><orig>гдѣ</orig></choice> <choice><reg>вчерашний</reg><orig>вчерашнiй</orig></choice> <choice><reg>суп</reg><orig>супъ</orig></choice>, и оказалось, что она его вылила <choice><reg>Бульке</reg><orig>Булькѣ</orig></choice>, она сказала своей спокойной скороговоркой: <choice><reg>вперед</reg><orig>впередъ</orig></choice> наука. И <choice><reg>мне</reg><orig>мнѣ</orig></choice> <choice><reg>вперед</reg><orig>впередъ</orig></choice> наука. Я <choice><reg>потом</reg><orig>потомъ</orig></choice> помирился <choice><reg>с</reg><orig>съ</orig></choice> <choice><reg>мужиком</reg><orig>мужикомъ</orig></choice> и даже <choice><reg>осчастливил</reg><orig>осчастливилъ</orig></choice> его; но на <choice><reg>душе</reg><orig>душѣ</orig></choice> стыдно, и <choice><reg>вперед</reg><orig>впередъ</orig></choice> наука не <choice><reg>утешает</reg><orig>утѣшаетъ</orig></choice>. <choice><reg>Утешает</reg><orig>Утѣшаетъ</orig></choice> то, что это <choice><reg>смиряет</reg><orig>смиряетъ</orig></choice>. А вчера я <choice><reg>написал</reg><orig>написалъ</orig></choice> такое строгое, скверное письмо. Я похвалился, что не <choice><reg>болит</reg><orig>болитъ</orig></choice> печень, а она все <choice><reg>болит</reg><orig>болитъ</orig></choice>, или, <choice><reg>скорее</reg><orig>скорѣе</orig></choice>, чувствуется; и это все <choice><reg>от</reg><orig>отъ</orig></choice> того. Утро все много <choice><reg>писал</reg><orig>писалъ</orig></choice>, — кажется, порядочно. <choice><reg>Думал</reg><orig>Думалъ</orig></choice> кончить, <choice><reg>здесь</reg><orig>здѣсь</orig></choice>, но <choice><reg>вот</reg><orig>вотъ</orig></choice> <choice><reg>поездка</reg><orig>поѣздка</orig></choice> <choice><reg>к</reg><orig>къ</orig></choice> Князю <choice><reg>помешала</reg><orig>помѣшала</orig></choice>. <choice><reg>В</reg><orig>Въ</orig></choice> 3 <choice><reg>поехал</reg><orig>поѣхалъ</orig></choice> <choice><reg>в</reg><orig>въ</orig></choice> Тулу <choice><reg>верхом</reg><orig>верхомъ</orig></choice>, и не <choice><reg>рассчел</reg><orig>разсчелъ</orig></choice>, что по <choice><reg>дороге</reg><orig>дорогѣ</orig></choice> <choice><reg>лед</reg><orig>ледъ</orig></choice> и <choice><reg>ехать</reg><orig>ѣхать</orig></choice> очень дурно — <choice><reg>ехал</reg><orig>ѣхалъ</orig></choice> тихо. <choice><reg>Приехал</reg><orig>Прiѣхалъ</orig></choice> <choice><reg>к</reg><orig>къ</orig></choice> <choice original_editorial_correction='Урус[ову]'><sic>Урус</sic><corr>Урусову</corr></choice> и <choice><reg>застал</reg><orig>засталъ</orig></choice> его за <choice><reg>евангелием</reg><orig>евангелiемъ</orig></choice>, — <choice><reg>сличает</reg><orig>сличаетъ</orig></choice> переводы старый <choice original_editorial_correction='Фр[анцузский]'><sic>Фр</sic><corr><choice><reg>Французский</reg><orig>Французскiй</orig></choice></corr></choice> и <choice><reg>наш</reg><orig>нашъ</orig></choice>, и <choice><reg>делает</reg><orig>дѣлаетъ</orig></choice> <choice><reg>соображения</reg><orig>соображенiя</orig></choice> и <choice><reg>открытия</reg><orig>открытiя</orig></choice> для себя. Я <choice><reg>рад</reg><orig>радъ</orig></choice> за него, что <choice><reg>он</reg><orig>онъ</orig></choice> <choice><reg>живет</reg><orig>живетъ</orig></choice> <choice><reg>в</reg><orig>въ</orig></choice> <choice><reg>этом</reg><orig>этомъ</orig></choice> <choice><reg>мире</reg><orig>мiрѣ</orig></choice>. Знаю, какой <choice><reg>мир</reg><orig>миръ</orig></choice> <choice><reg>в</reg><orig>въ</orig></choice> <choice><reg>этом</reg><orig>этомъ</orig></choice> <choice><reg>мире</reg><orig>мiрѣ</orig></choice>. Здоровье его, по-моему, хуже, хотя <choice><reg>он</reg><orig>онъ</orig></choice> <choice><reg>считает</reg><orig>считаетъ</orig></choice>, что лучше. <choice><reg>Он</reg><orig>Онъ</orig></choice> <choice><reg>накормил</reg><orig>накормилъ</orig></choice> меня, и мы хорошо провели <choice><reg>вечер</reg><orig>вечеръ</orig></choice> и теперь ложимся спать, 11. Я не <choice><reg>поехал</reg><orig>поѣхалъ</orig></choice> домой, <choice><reg>как</reg><orig>какъ</orig></choice> <choice><reg>хотел</reg><orig>хотѣлъ</orig></choice>, <choice><reg>от</reg><orig>отъ</orig></choice> бойкости дороги. <choice><reg>Поеду</reg><orig>Поѣду</orig></choice> завтра <choice><reg>утром</reg><orig>утромъ</orig></choice> и <choice><reg>приеду</reg><orig>прiѣду</orig></choice> ночевать <choice><reg>к</reg><orig>къ</orig></choice> нему.</p>
<p rend="left"><choice><reg>В</reg><orig>Въ</orig></choice> <choice><reg>середине</reg><orig>серединѣ</orig></choice> нашего разговора <choice><reg>пришел</reg><orig>пришелъ</orig></choice> <choice original_editorial_correction='Мих[аил]'><sic>Мих</sic><corr><choice><reg>Михаил</reg><orig>Михаилъ</orig></choice></corr></choice> <choice><reg>Фомич</reg><orig>Ѳомичъ</orig></choice> и <choice><reg>объявил</reg><orig>объявилъ</orig></choice>, что <choice><reg>пришел</reg><orig>пришелъ</orig></choice> «признаватель» и <choice><reg>желает</reg><orig>желаетъ</orig></choice> <choice><reg>видеть</reg><orig>видѣть</orig></choice> князя. Что? Кто? Признаватель; <choice><reg>он</reg><orig>онъ</orig></choice> <choice><reg>угадывает</reg><orig>угадываетъ</orig></choice> все и все <choice><reg>знает</reg><orig>знаетъ</orig></choice>. Привели. Еврей очень чудной. <choice><reg>Он</reg><orig>Онъ</orig></choice> <choice><reg>жил</reg><orig>жилъ</orig></choice> <choice><reg>в</reg><orig>въ</orig></choice> <choice><reg>Туле</reg><orig>Тулѣ</orig></choice>, и <choice><reg>в</reg><orig>въ</orig></choice> печатной <choice><reg>афишке</reg><orig>афишкѣ</orig></choice> <choice><reg>объявил</reg><orig>объявилъ</orig></choice>, что <choice><reg>он</reg><orig>онъ</orig></choice> <choice><reg>может</reg><orig>можетъ</orig></choice> предсказывать будущее лично и заочно и т. п. По рублю за <choice><reg>вход</reg><orig>входъ</orig></choice>. <choice><reg>Он</reg><orig>Онъ</orig></choice> <choice><reg>предлагал</reg><orig>предлагалъ</orig></choice> <choice><reg>нам</reg><orig>намъ</orig></choice> послушать премудрость или предсказать. И мы послушали. Спасибо за письмо, оно лучше <choice><reg>всех</reg><orig>всѣхъ</orig></choice>; <hi style="opdelimiter">температура</hi><hi style="opnumber">469</hi> <hi style="npnumber">470</hi><hi style="npdelimiter"><choice><reg>как</reg><orig>какъ</orig></choice></hi> будто <choice><reg>в</reg><orig>въ</orig></choice> <choice><reg>повышении</reg><orig>повышенiи</orig></choice>. Это последнее письмо, коли <choice><reg>Бог</reg><orig>Богъ</orig></choice> <choice><reg>даст</reg><orig>дастъ</orig></choice>. — Прощай, душенька, до свиданья — <choice><reg>целую</reg><orig>цѣлую</orig></choice> тебя и <choice><reg>детей</reg><orig>дѣтей</orig></choice>.</p>
<p rend="left">О <choice><reg>Лазареве</reg><orig>Лазаревѣ</orig></choice><note xml:id="note2" resp="volume_editor" index="false">Против Е. Е. Лазарева (см. прим. 5 к письму № 238) вновь было возбуждено дело на основании показания Дегаева, заявившего о пропаганде его среди военных, и вследствие влияний Лазарева на крестьян. 21 июня 1884 г. он был вновь арестован и доставлен в Самарскую тюрьму; согласно постановления особого совещания от 22 июля 1884 г. Лазарев подлежал высылке в Восточную Сибирь, но он выхлопотал себе три недели для устройства дел, почему и попал в Бутырскую тюрьму лишь 22 августа, когда партия уже была в Сибири; оставался в Бутырской тюрьме до весны 1885 г., после чего был Отправлен со следующей партией; в тюрьме его навещал Толстой. Об этом см. в его Воспоминаниях «Моя жизнь», Прага, 1935, стр. 158, глава: «Свидание с Л. Н. Толстым».</note> <choice><reg>просил</reg><orig>просилъ</orig></choice> князя узнать, <choice><reg>он</reg><orig>онъ</orig></choice> <choice><reg>обещал</reg><orig>обѣщалъ</orig></choice>. — <choice><reg>Из</reg><orig>Изъ</orig></choice> <choice><reg>знакомых</reg><orig>знакомыхъ</orig></choice> никого не <choice><reg>видал</reg><orig>видалъ</orig></choice>. Сережу брата увижу <choice original_editorial_correction='Б[ог]'><sic>Б</sic><corr><choice><reg>Бог</reg><orig>Богъ</orig></choice></corr></choice> <choice><reg>даст</reg><orig>дастъ</orig></choice> <choice><reg>в</reg><orig>въ</orig></choice> <choice><reg>Москве</reg><orig>Москвѣ</orig></choice>, — а <choice><reg>остальным</reg><orig>остальнымъ</orig></choice> и я не <choice><reg>нужен</reg><orig>нуженъ</orig></choice> и они <choice><reg>мне</reg><orig>мнѣ</orig></choice>.</p>
<lb/>
<p rend="left"><hi>На конверте:</hi> Москва. <choice><reg>Долгохамовнический</reg><orig>Долгохамовническiй</orig></choice> <choice><reg>переулок</reg><orig>переулокъ</orig></choice>, <choice><reg>дом</reg><orig>домъ</orig></choice> гр. <choice><reg>Толстого</reg><orig>Толстаго</orig></choice>. <choice><reg>Графине</reg><orig>Графинѣ</orig></choice> <choice><reg>Софье</reg><orig>Софьѣ</orig></choice> <choice><reg>Андревне</reg><orig>Андревнѣ</orig></choice> Толстой.</p>
<comments><p rend="Textpetit_otstup left">Печатается по автографу, хранящемуся в АТБ. Впервые опубликовано по копии, сделанной С. А. Толстой, в ПЖ, стр. 244—245. Датируется на основании почтовых штемпелей: «Тула. 15 декабря 1884; Москва 16 декабря 1884» и слов письма «вчера я написал такое строгое..... письмо» [от 13 декабря]. В ПЖ датировано 15 декабря.</p>
<p rend="Textpetit_otstup left"><hi>1</hi> Из Тулы от Л. Д. Урусова.</p>
<p rend="petit left"><hi>2 </hi>Против Е. Е. Лазарева (см. прим. 5 к письму № 238) вновь было возбуждено дело на основании показания Дегаева, заявившего о пропаганде его среди военных, и вследствие влияний Лазарева на крестьян. 21 июня 1884 г. он был вновь арестован и доставлен в Самарскую тюрьму; согласно постановления особого совещания от 22 июля 1884 г. Лазарев подлежал высылке в Восточную Сибирь, но он выхлопотал себе три недели для устройства дел, почему и попал в Бутырскую тюрьму лишь 22 августа, когда партия уже была в Сибири; оставался в Бутырской тюрьме до весны 1885 г., после чего был Отправлен со следующей партией; в тюрьме его навещал Толстой. Об этом см. в его Воспоминаниях «Моя жизнь», Прага, 1935, стр. 158, глава: «Свидание с Л. Н. Толстым».</p>
</comments></div></body>
        </text>
        </TEI>