<?xml version='1.0' encoding='UTF-8' standalone='no'?>

<TEI xmlns="http://www.tei-c.org/ns/1.0">
       <teiHeader>
          <fileDesc>
             <titleStmt>
                <title>Письмо №89. С. А. Толстой</title>
             </titleStmt>
             <publicationStmt>
                <publisher>TolstoyLab</publisher>
                <date when="2015-09-14">14 September 2015</date>
             </publicationStmt>
             <sourceDesc>
                <biblStruct>
                   <analytic>
                      <author>Толстой Л.Н.</author>
                   </analytic>
                   <monogr>
                      <title level="m">Полное собрание сочинений. Том 83</title>
                      <imprint>
                         <pubPlace>Москва</pubPlace>
                         <publisher>Государственное издательство "Художественная литература"</publisher>
                         <date when="1938"/>
                      </imprint>
                   </monogr>
                   <series>
                      <title level="s">Л.Н. Толстой. Полное собрание сочинений</title>
                      <biblScope unit="vol">83</biblScope>
                   </series>
                </biblStruct>
				<bibl>Печатается по автографу, хранящемуся в АТБ. Впервые опубликовано по копии, сделанной С. А. Толстой, в ПЖ, стр. 81. Письмо было получено в Ясной поляне С. А. Толстой 27 июня 1871 г.; она отвечала Толстому 28 июня.</bibl>
             </sourceDesc>
          </fileDesc>
          <encodingDesc>
             <tagsDecl> </tagsDecl>
          </encodingDesc>
          <profileDesc>
             <correspDesc>
                <correspAction type="sending">
                   <persName ref="PersonList.xml#L_N_Tolstoy">Л. Н. Толстой</persName>
                   <placeName ref="PlacesListxml#PLACE">Каралык.</placeName>
                   <date when="1871-06-15">1871 г. Июня 15.</date>            </correspAction>
                <correspAction type="receiving">
                   <persName ref="PersonList.xml#RECEIVER">Толстая Софья Андреевна</persName>
                </correspAction>
                <correspContext>
                   <ref type="prev"/>
                </correspContext>
             </correspDesc>
          </profileDesc>
       </teiHeader>
       <xenoData><number type="in a volume">89</number></xenoData>

       <text xml:id="a15_89">
	<body><div>
		<opener index="false">
89.
1871 г. Июня 15. Каралык.</opener>
<p rend="left">Пишу <choice><reg>тебе</reg><orig>тебѣ</orig></choice> <choice><reg>несколько</reg><orig>нѣсколько</orig></choice> <choice><reg>слов</reg><orig>словъ</orig></choice>, потому что <choice><reg>устал</reg><orig>усталъ</orig></choice> и нездоровится. <choice><reg>Устал</reg><orig>Усталъ</orig></choice> я потому, что только что <choice><reg>проехал</reg><orig>проѣхалъ</orig></choice> <choice><reg>последния</reg><orig>послѣднiя</orig></choice> 130 <choice><reg>верст</reg><orig>верстъ</orig></choice> до Каралыка. Башкирцы мои <choice><reg>все</reg><orig>всѣ</orig></choice> меня узнали<note xml:id="note1" resp="volume_editor" index="false"> Толстой был в первый раз на Каралыке за девять лет до своей поездки 1871 года.</note> и приняли радостно; но, судя потому, что я <choice><reg>увидал</reg><orig>увидалъ</orig></choice> <choice><reg>с</reg><orig>съ</orig></choice> вечера, у <choice><reg>них</reg><orig>нихъ</orig></choice> <choice><reg>совсем</reg><orig>совсѣмъ</orig></choice> не <choice><reg>так</reg><orig>такъ</orig></choice> хорошо, <choice><reg>как</reg><orig>какъ</orig></choice> было прежде. Землю у <choice><reg>них</reg><orig>нихъ</orig></choice> <choice><reg>отрезали</reg><orig>отрѣзали</orig></choice> лучшую, они стали пахать, и бòльшая часть не <choice><reg>выкочевывает</reg><orig>выкочевываетъ</orig></choice> <choice><reg>из</reg><orig>изъ</orig></choice> <choice><reg>зимних</reg><orig>зимнихъ</orig></choice> <choice><reg>квартир</reg><orig>квартиръ</orig></choice>. Я <choice><reg>поместился</reg><orig>помѣстился</orig></choice>, однако, <choice><reg>в</reg><orig>въ</orig></choice> <choice><reg>кибитке</reg><orig>кибиткѣ</orig></choice>, <choice><reg>купил</reg><orig>купилъ</orig></choice> собаку за 15 <choice original_editorial_correction='р[ублей]'><sic>р</sic><corr>рублей</corr></choice> и <choice original_editorial_correction='сбираю[сь]'><sic>сбираю</sic><corr>сбираюсь</corr></choice> <choice><reg>с</reg><orig>съ</orig></choice> <choice><reg>терпением</reg><orig>терпѣнiемъ</orig></choice> выдержать свой <choice><reg>искус</reg><orig>искусъ</orig></choice>, но ужасно трудно. Тоска, и <choice><reg>вопрос</reg><orig>вопросъ</orig></choice>: за <choice><reg>чем</reg><orig>чѣмъ</orig></choice> занесло меня сюда, прочь <choice><reg>от</reg><orig>отъ</orig></choice> тебя и <choice><reg>детей</reg><orig>дѣтей</orig></choice> и найду ли я тебя и <choice><reg>их</reg><orig>ихъ</orig></choice> такими же, какими <choice><reg>оставил</reg><orig>оставилъ</orig></choice>. <choice><reg>Впрочем</reg><orig>Впрочемъ</orig></choice>, нынче <choice><reg>устал</reg><orig>усталъ</orig></choice> и не <choice><reg>в</reg><orig>въ</orig></choice> <choice><reg>духе</reg><orig>духѣ</orig></choice>. —</p>
<p rend="left">Каждую <choice><reg>неделю</reg><orig>недѣлю</orig></choice> <choice><reg>надеюсь</reg><orig>надѣюсь</orig></choice> получать <choice><reg>известия</reg><orig>извѣстiя</orig></choice>.</p>
<p rend="left">Прощай, душенька, обнимаю тебя.</p>
<p rend="right">Л.</p>
<p rend="left">15 Іюня.</p>
<comments><p rend="Textpetit_otstup left">Печатается по автографу, хранящемуся в АТБ. Впервые опубликовано по копии, сделанной С. А. Толстой, в ПЖ, стр. 81. Письмо было получено в Ясной поляне С. А. Толстой 27 июня 1871 г.; она отвечала Толстому 28 июня.</p>
<p rend="Textpetit_otstup left"><hi>1</hi> Толстой был в первый раз на Каралыке за девять лет до своей поездки 1871 года.</p>
</comments></div></body>
        </text>
        </TEI>