<?xml version='1.0' encoding='UTF-8' standalone='no'?>

<TEI xmlns="http://www.tei-c.org/ns/1.0">
       <teiHeader>
          <fileDesc>
             <titleStmt>
                <title>Письмо №91. С. А. Толстой</title>
             </titleStmt>
             <publicationStmt>
                <publisher>TolstoyLab</publisher>
                <date when="2015-09-14">14 September 2015</date>
             </publicationStmt>
             <sourceDesc>
                <biblStruct>
                   <analytic>
                      <author>Толстой Л.Н.</author>
                   </analytic>
                   <monogr>
                      <title level="m">Полное собрание сочинений. Том 83</title>
                      <imprint>
                         <pubPlace>Москва</pubPlace>
                         <publisher>Государственное издательство "Художественная литература"</publisher>
                         <date when="1938"/>
                      </imprint>
                   </monogr>
                   <series>
                      <title level="s">Л.Н. Толстой. Полное собрание сочинений</title>
                      <biblScope unit="vol">83</biblScope>
                   </series>
                </biblStruct>
             </sourceDesc>
          </fileDesc>
          <encodingDesc>
             <tagsDecl> </tagsDecl>
          </encodingDesc>
          <profileDesc>
             <correspDesc>
                <correspAction type="sending">
                   <persName ref="PersonList.xml#L_N_Tolstoy">Л. Н. Толстой</persName>
                   <placeName ref="PlacesListxml#PLACE">Каралык.</placeName>
                   <date when="1871-06-23">1871 г. Июня 23.</date>            </correspAction>
                <correspAction type="receiving">
                   <persName ref="PersonList.xml#RECEIVER">Толстая Софья Андреевна</persName>
                </correspAction>
                <correspContext>
                   <ref type="prev"/>
                </correspContext>
             </correspDesc>
          </profileDesc>
       </teiHeader>
       <xenoData><number type="in a volume">91</number></xenoData>

       <text xml:id="a23_91">
	<body><div>
		<opener index="false">
91.
1871 г. Июня 23. Каралык.</opener>
<p rend="left"><choice><reg>С</reg><orig>Съ</orig></choice> радостью пишу <choice><reg>тебе</reg><orig>тебѣ</orig></choice><note xml:id="note1" resp="volume_editor" index="false"> <hi>В подлиннике:</hi> <choice><reg>тебе</reg><orig>тебѣ</orig></choice></note> <choice><reg>хорошия</reg><orig>хорошiя</orig></choice> <choice><reg>вести</reg><orig>вѣсти</orig></choice>, милый <choice><reg>друг</reg><orig>другъ</orig></choice>, о <choice><reg>себе</reg><orig>себѣ</orig></choice>, т. е. что два дня <choice><reg>после</reg><orig>послѣ</orig></choice> <choice><reg>последнего</reg><orig>послѣдняго</orig></choice> письма моего <choice><reg>к</reg><orig>къ</orig></choice> <choice><reg>тебе</reg><orig>тебѣ</orig></choice>, <choice><reg>где</reg><orig>гдѣ</orig></choice> я жаловался на тоску и нездоровье, я <choice><reg>стал</reg><orig>сталъ</orig></choice> себя чувствовать прекрасно, и <choice><reg>совестно</reg><orig>совѣстно</orig></choice>, что я тебя <choice><reg>тревожил</reg><orig>тревожилъ</orig></choice>. Не могу, по <choice><reg>привычке</reg><orig>привычкѣ</orig></choice>, ни писать, ни говорить <choice><reg>тебе</reg><orig>тебѣ</orig></choice> того, что не думаю. Мучительно только то, что завтра <choice><reg>две</reg><orig>двѣ</orig></choice> <choice><reg>недели</reg><orig>недѣли</orig></choice>, <choice><reg>как</reg><orig>какъ</orig></choice> я <choice><reg>из</reg><orig>изъ</orig></choice> дома, и ни слова еще не <choice><reg>получал</reg><orig>получалъ</orig></choice> <choice><reg>от</reg><orig>отъ</orig></choice> тебя. <choice><reg>Ужас</reg><orig>Ужасъ</orig></choice> <choice><reg>берет</reg><orig>беретъ</orig></choice>, <choice><reg>как</reg><orig>какъ</orig></choice> я подумаю и живо<note xml:id="note2" resp="volume_editor" index="false"> <hi>В подлиннике:</hi> живу</note> представляю тебя и <choice><reg>детей</reg><orig>дѣтей</orig></choice>, и все, что <choice><reg>с</reg><orig>съ</orig></choice> вами <choice><reg>может</reg><orig>можетъ</orig></choice> случиться.</p>
<p rend="left"><choice><reg>В</reg><orig>Въ</orig></choice> <choice><reg>том</reg><orig>томъ</orig></choice>, что я не <choice><reg>получал</reg><orig>получалъ</orig></choice> <choice><reg>писем</reg><orig>писемъ</orig></choice>, никто не <choice><reg>виноват</reg><orig>виноватъ</orig></choice>, <choice><reg>кроме</reg><orig>кромѣ</orig></choice> <choice><reg>местности</reg><orig>мѣстности</orig></choice>, — 130 <choice><reg>верст</reg><orig>верстъ</orig></choice> не почтового тракта. Завтра <choice><reg>будет</reg><orig>будетъ</orig></choice> <choice><reg>неделя</reg><orig>недѣля</orig></choice>, что <choice><reg>поехал</reg><orig>поѣхалъ</orig></choice> посланный <choice><reg>Башкир</reg><orig>Башкиръ</orig></choice>, который <choice><reg>должен</reg><orig>долженъ</orig></choice> <choice><reg>был</reg><orig>былъ</orig></choice> вернуться <choice><reg>в</reg><orig>въ</orig></choice> воскресенье, — нынче середа, и его <choice><reg>нет</reg><orig>нѣтъ</orig></choice>.</p>
<p rend="left">Теперь я <choice><reg>узнал</reg><orig>узналъ</orig></choice> новый мой <choice><reg>адрес</reg><orig>адресъ</orig></choice>, который и приложу <choice><reg>в</reg><orig>въ</orig></choice> <choice><reg>конце</reg><orig>концѣ</orig></choice>. Пиши <choice><reg>через</reg><orig>черезъ</orig></choice> <choice><reg>раз</reg><orig>разъ</orig></choice>: <choice><reg>один</reg><orig>одинъ</orig></choice> <choice><reg>раз</reg><orig>разъ</orig></choice> <choice><reg>в</reg><orig>въ</orig></choice> Самару, другой <choice><reg>раз</reg><orig>разъ</orig></choice> по новому адресу. Когда я получу письма, я напишу, какой <choice><reg>адрес</reg><orig>адресъ</orig></choice> лучше. —</p>
<p rend="left">То, на что я жаловался тоска и <choice><reg>равнодушие</reg><orig>равнодушiе</orig></choice> прошли; чувствую себя <choice><reg>приходящим</reg><orig>приходящимъ</orig></choice> <choice><reg>в</reg><orig>въ</orig></choice> <choice><reg>скифское</reg><orig>скиѳское</orig></choice> <choice><reg>состояние</reg><orig>состоянiе</orig></choice>, и все интересно и ново. Скуки не чувствую ни какой, но <choice><reg>вечный</reg><orig>вѣчный</orig></choice> <choice><reg>страх</reg><orig>страхъ</orig></choice> и <choice><reg>недостаток</reg><orig>недостатокъ</orig></choice> тебя, <choice><reg>вследствии</reg><orig>вслѣдствiи</orig></choice> чего считаю дни, <hi style="opdelimiter">когда</hi><hi style="opnumber">181</hi> <hi style="npnumber">182</hi><hi style="npdelimiter">кончится</hi> мое оторванное, неполное <choice><reg>существование</reg><orig>существованiе</orig></choice>. 6 <choice><reg>недель</reg><orig>недѣль</orig></choice> я, день <choice><reg>в</reg><orig>въ</orig></choice> день, выдержу, и потому <choice><reg>к</reg><orig>къ</orig></choice> 5 Августа думаю, и не <choice><reg>смею</reg><orig>смѣю</orig></choice> говорить и думать, думаю быть дома. Но что <choice><reg>будет</reg><orig>будетъ</orig></choice> дома? <choice><reg>Все</reg><orig>Всѣ</orig></choice> ли <choice><reg>целы</reg><orig>цѣлы</orig></choice>, <choice><reg>все</reg><orig>всѣ</orig></choice> ли <choice><reg>такие</reg><orig>такiе</orig></choice> же, какими я <choice><reg>оставил</reg><orig>оставилъ</orig></choice>. Главное, ты. Ново и интересно многое: и Башкиры, <choice><reg>от</reg><orig>отъ</orig></choice> <choice original_editorial_correction='кот[орых]'><sic>кот</sic><corr><choice><reg>которых</reg><orig>которыхъ</orig></choice></corr></choice> <choice><reg>Геродотом</reg><orig>Геродотомъ</orig></choice><note xml:id="note3" resp="volume_editor" index="false"> Геродот (р. около 484 г., ум. около 425 г. до нашей эры), первый греческий историк. Его история отличается <choice><reg>безыскусственностью</reg><orig>безъискусственностью</orig></choice> изложения и простотой стиля.</note> <choice><reg>пахнет</reg><orig>пахнетъ</orig></choice>, и <choice><reg>русские</reg><orig>русскiе</orig></choice> мужики, и деревни, особенно <choice><reg>прелестные</reg><orig>прелестныя</orig></choice> по <choice><reg>простоте</reg><orig>простотѣ</orig></choice> и <choice><reg>доброте</reg><orig>добротѣ</orig></choice> народа. Я <choice><reg>купил</reg><orig>купилъ</orig></choice> лошадь за 60 <choice original_editorial_correction='ру[блей]'><sic>ру</sic><corr>рублей</corr></choice>, и мы <choice><reg>ездим</reg><orig>ѣздимъ</orig></choice> <choice><reg>с</reg><orig>съ</orig></choice> Степой. Степа <choice><reg>хорош</reg><orig>хорошъ</orig></choice>. Иногда очень <choice><reg>восторжен</reg><orig>восторженъ</orig></choice> и все <choice><reg>с</reg><orig>съ</orig></choice> <choice><reg>значительным</reg><orig>значительнымъ</orig></choice> <choice><reg>видом</reg><orig>видомъ</orig></choice> <choice><reg>ругает</reg><orig>ругаетъ</orig></choice> <choice><reg>Петербург</reg><orig>Петербургъ</orig></choice>, иногда <choice><reg>пристает</reg><orig>пристаетъ</orig></choice>, и <choice><reg>мне</reg><orig>мнѣ</orig></choice> его жалко, потому что ему все таки скучно, и жалко, что <choice><reg>он</reg><orig>онъ</orig></choice> не <choice><reg>в</reg><orig>въ</orig></choice> Ясной. <choice><reg>Рассказывать</reg><orig>Разсказывать</orig></choice> вообще я буду <choice><reg>тебе</reg><orig>тебѣ</orig></choice> много и буду сердиться, что ты слушаешь, <choice><reg>как</reg><orig>какъ</orig></choice> <choice><reg>пищит</reg><orig>пищитъ</orig></choice> Маша,<note xml:id="note4" resp="volume_editor" index="false"> Марья Львовна Толстая (р. 12 февраля 1871 г., ум. 23 ноября 1906 г.), вторая дочь Л. Н. и С. А. Толстых. Из всех детей была наиболее близка Толстому. В 1897 г. вышла замуж за кн. Николая Леонидовича Оболенского (1872—1934), сына Елизаветы Валерьяновны Оболенской, рожд. Толстой. По мнению Ильи Львовича Толстого (см. «Мои воспоминания» М. 1914, стр. 244), только Маша [М. Л. Толстая] могла давать Толстому на старости лет тепло и покой. А. Л. Толстая пишет о ней в своих воспоминаниях: «Когда я вспоминаю Машу, на душе делается радостно и светло. Всем своим обликом она была похожа на отца, хотя, если разбирать отдельно черты ее лица, только серые внимательные и глубокие глаза, да высокий лоб были отцовские Все любили ее, она была приветлива и чутка: кого ни встретит, для всех находилось ласковое слово, и выходило это у нее не деланно, а естественно, как будто она чувствовала, какую струну нажать, чтобы зазвучала обратная» («Современные записки», Париж, 1931, XLV, стр. 15). Толстой писал А. А. Толстой о Марье Львовне, когда ей было два года: «Очень умна и некрасива. Это — будет одна из загадок. Будет страдать, будет искать, ничего не найдет; но будет вечно искать самое недоступное» (ПТ, стр. 423). М. Л. Толстая перевела дневник Амиеля, напечатанный с предисловием Толстого. Много помогала ему, переписывая его сочинения. Письма к ней Толстого опубликованы в «Современных записках» Париж, 1926, XXVII.</note> а не то, что я говорю. <choice><reg>Будет</reg><orig>Будетъ</orig></choice> ли<hi> </hi>это? и когда? Я <choice><reg>стреляю</reg><orig>стрѣляю</orig></choice> <choice><reg>уток</reg><orig>утокъ</orig></choice>, и мы ими кормимся. <choice><reg>Сейчас</reg><orig>Сейчасъ</orig></choice> <choice><reg>ездили</reg><orig>ѣздили</orig></choice> <choice><reg>верхом</reg><orig>верхомъ</orig></choice> за дрофами,<note xml:id="note5" resp="volume_editor" index="false"> Дрохвы (otis L.), род птиц из разряда голенастых и семейства Д (otididae).</note> <choice><reg>как</reg><orig>какъ</orig></choice> всегда, только спугнули, и на <choice><reg>волчий</reg><orig>волчiй</orig></choice> <choice><reg>выводок</reg><orig>выводокъ</orig></choice>, <choice><reg>где</reg><orig>гдѣ</orig></choice> <choice><reg>башкирец</reg><orig>башкирецъ</orig></choice> <choice><reg>поймал</reg><orig>поймалъ</orig></choice> волченка. Я читаю погречески,<note xml:id="note6" resp="volume_editor" index="false"> Зимой 1870—1871 г. Толстой предпринял изучение греческого языка.</note> но очень мало. Самому не хочется. <choice><reg>Кумыс</reg><orig>Кумысъ</orig></choice> лучше никто не <choice><reg>описал</reg><orig>описалъ</orig></choice>, <choice><reg>как</reg><orig>какъ</orig></choice> <choice><reg>мужик</reg><orig>мужикъ</orig></choice>, который на <choice><reg>днях</reg><orig>дняхъ</orig></choice> <choice><reg>мне</reg><orig>мнѣ</orig></choice> <choice><reg>сказал</reg><orig>сказалъ</orig></choice>, что <hi>мы на <choice><reg>траве</reg><orig>травѣ</orig></choice></hi>, — <choice><reg>как</reg><orig>какъ</orig></choice> лошади. Ничего <choice><reg>вредного</reg><orig>вреднаго</orig></choice> самому не хочется: ни <choice><reg>усиленных</reg><orig>усиленныхъ</orig></choice> <choice><reg>занятий</reg><orig>занятiй</orig></choice>, ни курить (Степа меня <choice><reg>отучает</reg><orig>отучаетъ</orig></choice> <choice><reg>от</reg><orig>отъ</orig></choice> <choice><reg>курения</reg><orig>куренiя</orig></choice> и <choice><reg>дает</reg><orig>даетъ</orig></choice> <choice><reg>мне</reg><orig>мнѣ</orig></choice>, все убавляя, теперь уже по 12 <choice original_editorial_correction='пап[ирос]'><sic>пап</sic><corr><choice><reg>папирос</reg><orig>папиросъ</orig></choice></corr></choice> <choice><reg>в</reg><orig>въ</orig></choice> день), ни чая, ни <choice><reg>позднего</reg><orig>поздняго</orig></choice> <choice><reg>сиденья</reg><orig>сидѣнья</orig></choice>.</p>
<p rend="left">Я встаю <choice><reg>в</reg><orig>въ</orig></choice> 6, <choice><reg>в</reg><orig>въ</orig></choice> 7 <choice><reg>часов</reg><orig>часовъ</orig></choice> пью <choice><reg>кумыс</reg><orig>кумысъ</orig></choice>, иду на зимовку,<note xml:id="note7" resp="volume_editor" index="false"> Т. е. в самую деревню Каралык, находившуюся в двух верстах от кибиток, где жили летом.</note> <choice><reg>там</reg><orig>тамъ</orig></choice> <choice><reg>живут</reg><orig>живутъ</orig></choice> кумысники, поговорю <choice><reg>с</reg><orig>съ</orig></choice> ними, прихожу, пью чай <choice><reg>с</reg><orig>съ</orig></choice> Степой, <choice><reg>потом</reg><orig>потомъ</orig></choice> читаю немного, хожу по степи <choice><reg>в</reg><orig>въ</orig></choice> одной <choice><reg>рубашке</reg><orig>рубашкѣ</orig></choice>, все пью <choice><reg>кумыс</reg><orig>кумысъ</orig></choice>, <choice><reg>съедаю</reg><orig>съѣдаю</orig></choice> <choice><reg>кусок</reg><orig>кусокъ</orig></choice> жареной баранины, и, или <choice><reg>идем</reg><orig>идемъ</orig></choice> на охоту, или <choice><reg>едем</reg><orig>ѣдемъ</orig></choice>, и <choice><reg>вечером</reg><orig>вечеромъ</orig></choice>, почти <choice><reg>с</reg><orig>съ</orig></choice> темнотой, ложимся спать.</p>
<p rend="left">Ты <choice><reg>мне</reg><orig>мнѣ</orig></choice> <choice><reg>велела</reg><orig>велѣла</orig></choice> <choice><reg>посмотреть</reg><orig>посмотрѣть</orig></choice>, каковы удобства жизни и <choice><reg>путешествия</reg><orig>путешествiя</orig></choice>. Я все <choice><reg>спрашивал</reg><orig>спрашивалъ</orig></choice> <choice><reg>здесь</reg><orig>здѣсь</orig></choice> о <choice><reg>земле</reg><orig>землѣ</orig></choice>, и <choice><reg>мне</reg><orig>мнѣ</orig></choice> предлагали землю <choice><reg>здесь</reg><orig>здѣсь</orig></choice> по 15 р. за <choice original_editorial_correction='дес[ятину]'><sic>дес</sic><corr>десятину</corr></choice>, <choice original_editorial_correction='кот[орые]'><sic>кот</sic><corr><choice><reg>которые</reg><orig>которыя</orig></choice></corr></choice> <choice><reg>приносят</reg><orig>приносятъ</orig></choice> 6 <choice><reg>без</reg><orig>безъ</orig></choice> <choice><reg>всяких</reg><orig>всякихъ</orig></choice> <choice><reg>хлопот</reg><orig>хлопотъ</orig></choice>, а нынче <choice><reg>один</reg><orig>одинъ</orig></choice> <choice><reg>священник</reg><orig>священникъ</orig></choice> <choice><reg>написал</reg><orig>написалъ</orig></choice> письмо о <choice><reg>земле</reg><orig>землѣ</orig></choice>, 2500 <choice original_editorial_correction='дес[ятин]'><sic>дес</sic><corr><choice><reg>десятин</reg><orig>десятинъ</orig></choice></corr></choice>, по 7 <choice original_editorial_correction='р[ублей]'><sic>р</sic><corr>рублей</corr></choice>, <choice original_editorial_correction='кот[орая]'><sic>кот</sic><corr>которая</corr></choice> кажется очень выгодною. Я завтра <choice><reg>поеду</reg><orig>поѣду</orig></choice> <choice><reg>смотреть</reg><orig>смотрѣть</orig></choice>.</p>
<p rend="left">И <choice><reg>так</reg><orig>такъ</orig></choice> <choice><reg>как</reg><orig>какъ</orig></choice> вообще очень <choice><reg>может</reg><orig>можетъ</orig></choice> быть, что я куплю эту землю или другую, то я прошу тебя прислать <choice><reg>мне</reg><orig>мнѣ</orig></choice> <choice><reg>билет</reg><orig>билетъ</orig></choice> <choice><reg>Купеческого</reg><orig>Купеческаго</orig></choice> банка,<note xml:id="note8" resp="volume_editor" index="false"> Сообщая о возможном приезде А. Н. Бибикова на кумыс, С. А. Толстая в письме от 1 июля добавляет: «С ним пришлю билет Купеческого банка».</note> который <choice><reg>может</reg><orig>можетъ</orig></choice> понадобиться для задатка (<choice><reg>посредством</reg><orig>посредствомъ</orig></choice> перевода <choice><reg>через</reg><orig>черезъ</orig></choice> <choice><reg>Самарский</reg><orig>Самарскiй</orig></choice> <choice><reg>банк</reg><orig>банкъ</orig></choice>).</p>
<p rend="left"><choice><reg>Сон</reg><orig>Сонъ</orig></choice> <choice><reg>здесь</reg><orig>здѣсь</orig></choice> больше всего меня <choice><reg>сближает</reg><orig>сближаетъ</orig></choice> <choice><reg>с</reg><orig>съ</orig></choice> вами. <choice><reg>Первые</reg><orig>Первыя</orig></choice> ночи <choice><reg>видел</reg><orig>видѣлъ</orig></choice> тебя, <choice><reg>потом</reg><orig>потомъ</orig></choice> Сережу.<note xml:id="note9" resp="volume_editor" index="false"> Сына — С. Л. Толстого.</note> <choice><reg>Портрет</reg><orig>Портретъ</orig></choice> <choice><reg>детей</reg><orig>дѣтей</orig></choice> <hi style="opdelimiter">показываю</hi><hi style="opnumber">182</hi> <hi style="npnumber">183</hi><hi style="npdelimiter"><choice><reg>Башкирцам</reg><orig>Башкирцамъ</orig></choice></hi> и <choice><reg>Башкиркам</reg><orig>Башкиркамъ</orig></choice>. Что Таня и нянька.<note xml:id="note10" resp="volume_editor" index="false"> См. прим. к письму от 11 или 12 июня за № 87.</note> Саша<note xml:id="note11" resp="volume_editor" index="false"> А. М. Кузминский выехал 18 июня 1871 г. из Тулы на новую службу в Кутаис через Одессу.</note> <choice><reg>верно</reg><orig>вѣрно</orig></choice> <choice><reg>уехал</reg><orig>уѣхалъ</orig></choice>. Я очень <choice><reg>жалел</reg><orig>жалѣлъ</orig></choice>, что не вышло <choice><reg>с</reg><orig>съ</orig></choice> <choice><reg>ним</reg><orig>нимъ</orig></choice> <choice><reg>перед</reg><orig>передъ</orig></choice> разлукой, и не <choice><reg>сказал</reg><orig>сказалъ</orig></choice> ему, что если между нами <choice><reg>пробегали</reg><orig>пробѣгали</orig></choice> кошки, то теперь я очень <choice><reg>рад</reg><orig>радъ</orig></choice>, что мы <choice><reg>расстались</reg><orig>разстались</orig></choice> <choice><reg>с</reg><orig>съ</orig></choice> <choice><reg>ним</reg><orig>нимъ</orig></choice> <choice><reg>совсем</reg><orig>совсѣмъ</orig></choice> друзьями.</p>
<p rend="left">Что моя надёжа Любовь Александровна? Я теперь <choice><reg>уступил</reg><orig>уступилъ</orig></choice> бы ей здоровья своего. Что <choice><reg>шталмейстер</reg><orig>шталмейстеръ</orig></choice><note xml:id="note12" resp="volume_editor" index="false"> Кн. Леонид Дмитриевич Оболенский, муж Елизаветы Валерьяновны.</note> милый и <choice><reg>девочки</reg><orig>дѣвочки</orig></choice>.<note xml:id="note13" resp="volume_editor" index="false"> В. В. Толстая и Ел. В. Оболенская (дочери М. Н. Толстой).</note> Вариньку <choice><reg>вспоминал</reg><orig>вспоминалъ</orig></choice> вчера при <choice><reg>виде</reg><orig>видѣ</orig></choice> <choice><reg>табунов</reg><orig>табуновъ</orig></choice> <choice><reg>в</reg><orig>въ</orig></choice> <choice><reg>горах</reg><orig>горахъ</orig></choice> и <choice><reg>в</reg><orig>въ</orig></choice> <choice><reg>вечернем</reg><orig>вечернемъ</orig></choice> <choice><reg>освещеньи</reg><orig>освѣщеньи</orig></choice>. —</p>
<p rend="left">Во <choice><reg>сне</reg><orig>снѣ</orig></choice> я <choice><reg>видел</reg><orig>видѣлъ</orig></choice>, что Сережа <choice><reg>шалит</reg><orig>шалитъ</orig></choice>, и что я на него сержусь, на яву, <choice><reg>верно</reg><orig>вѣрно</orig></choice>, это <choice><reg>напротив</reg><orig>напротивъ</orig></choice>. —</p>
<lb/>
Сережа.
<p rend="left">Напиши <choice><reg>мне</reg><orig>мнѣ</orig></choice>, <choice><reg>как</reg><orig>какъ</orig></choice> ты живешь? <choice><reg>Ездишь</reg><orig>Ѣздишь</orig></choice> ли <choice><reg>верхом</reg><orig>верхомъ</orig></choice>, и часто ли тебя <choice><reg>бранят</reg><orig>бранятъ</orig></choice> или <choice><reg>хвалят</reg><orig>хвалятъ</orig></choice> мама и Ганна,<note xml:id="note14" resp="volume_editor" index="false"> Ханна Тарсей, <hi style="opdelimiter">англичанка.</hi><hi style="opnumber">184</hi></note> и сколько у тебя за поведенье? <choice><reg>Целую</reg><orig>Цѣлую</orig></choice> тебя.</p>
<lb/>
Таня!
<p rend="left"><choice><reg>Тут</reg><orig>Тутъ</orig></choice> есть <choice><reg>мальчик</reg><orig>мальчикъ</orig></choice>. Ему 4 года и его <choice><reg>зовут</reg><orig>зовутъ</orig></choice> <choice><reg>Азис</reg><orig>Азисъ</orig></choice>,<note xml:id="note15" resp="volume_editor" index="false"> C. A. Толстая писала в приписке от 6 июля 1871 г.: «Приписываю тебе в детской больших детей, где они ложатся спать и только что с большим волнением приклеивали на свои письма картинки с мыслью, что ты эти картинки отдашь маленькому Азису, и он будет рад». (ПСТ, стр. 112.) Азис — мальчик башкирец, внук Мухамедшаха.</note> и <choice><reg>он</reg><orig>онъ</orig></choice> толстый, круглый, и <choice><reg>пьет</reg><orig>пьетъ</orig></choice> <choice><reg>кумыс</reg><orig>кумысъ</orig></choice>, и все <choice><reg>смеется</reg><orig>смѣется</orig></choice>. Степа его очень <choice><reg>любит</reg><orig>любитъ</orig></choice> и <choice><reg>дает</reg><orig>даетъ</orig></choice> ему карамельки. <choice><reg>Азис</reg><orig>Азисъ</orig></choice> <choice><reg>этот</reg><orig>этотъ</orig></choice> <choice><reg>ходит</reg><orig>ходитъ</orig></choice> голый. А <choice><reg>с</reg><orig>съ</orig></choice> нами <choice><reg>живет</reg><orig>живетъ</orig></choice> <choice><reg>один</reg><orig>одинъ</orig></choice> <choice><reg>барин</reg><orig>баринъ</orig></choice>, и <choice><reg>он</reg><orig>онъ</orig></choice> очень <choice><reg>голоден</reg><orig>голоденъ</orig></choice>, потому что ему <choice><reg>есть</reg><orig>ѣсть</orig></choice> нечего, только баранина. И <choice><reg>барин</reg><orig>баринъ</orig></choice> <choice><reg>этот</reg><orig>этотъ</orig></choice> <choice><reg>говорит</reg><orig>говоритъ</orig></choice>: хорошо бы <choice><reg>съесть</reg><orig>съѣсть</orig></choice> Азиса, — <choice><reg>он</reg><orig>онъ</orig></choice> такой жирный. Напиши, сколько у тебя <choice><reg>в</reg><orig>въ</orig></choice> поведеньи. <choice><reg>Целую</reg><orig>Цѣлую</orig></choice> тебя.</p>
<lb/>
Илюша!
<p rend="left">Попроси Сережу, <choice><reg>он</reg><orig>онъ</orig></choice> <choice><reg>прочтет</reg><orig>прочтетъ</orig></choice> <choice><reg>тебе</reg><orig>тебѣ</orig></choice>, что я напишу.</p>
<p rend="left">Нынче <choice><reg>Башкирец</reg><orig>Башкирецъ</orig></choice> <choice><reg>поехал</reg><orig>поѣхалъ</orig></choice> <choice><reg>верхом</reg><orig>верхомъ</orig></choice> и <choice><reg>увидал</reg><orig>увидалъ</orig></choice> <choice><reg>трех</reg><orig>трехъ</orig></choice> <choice><reg>волков</reg><orig>волковъ</orig></choice>. И <choice><reg>он</reg><orig>онъ</orig></choice> ничего не испугался и прямо <choice><reg>с</reg><orig>съ</orig></choice> лошади <choice><reg>прыгнул</reg><orig>прыгнулъ</orig></choice> на <choice><reg>волков</reg><orig>волковъ</orig></choice>. Они стали кусать его. <choice><reg>Он</reg><orig>Онъ</orig></choice> <choice><reg>пустил</reg><orig>пустилъ</orig></choice> <choice><reg>двух</reg><orig>двухъ</orig></choice>, а <choice><reg>одного</reg><orig>однаго</orig></choice> <choice><reg>поймал</reg><orig>поймалъ</orig></choice> и <choice><reg>привез</reg><orig>привезъ</orig></choice> <choice><reg>к</reg><orig>къ</orig></choice> <choice><reg>нам</reg><orig>намъ</orig></choice>. И нынче ночью, <choice><reg>может</reg><orig>можетъ</orig></choice> быть, <choice><reg>придет</reg><orig>придетъ</orig></choice> мать <choice><reg>этого</reg><orig>этаго</orig></choice> волка. И мы тогда ее <choice><reg>будем</reg><orig>будемъ</orig></choice> <choice><reg>стрелять</reg><orig>стрѣлять</orig></choice>. <choice><reg>Целую</reg><orig>Цѣлую</orig></choice> тебя. <choice><reg>Поцелуй</reg><orig>Поцѣлуй</orig></choice> <choice><reg>от</reg><orig>отъ</orig></choice> меня <choice><reg>обе</reg><orig>обѣ</orig></choice> тети<note xml:id="note16" resp="volume_editor" index="false"> Татьяну Александровну Ергольскую и Пелагею Ильиничну Юшкову. С. А. Толстая писала о них 16 июля: «Пелагея Ильинична всё еще у нас. Целые дни безмолвно сидит и шьет в пяльцах. Тетенька Татьяна Александровна всё такая же, но незаметно почти всё-таки слабеет, а главное очень глупеет, почти совсем ничего не понимает» (не опубликовано).</note> и Левочку,<note xml:id="note17" resp="volume_editor" index="false"> Лев Львович Толстой (р. 20 мая 1869 г.), третий сын Л. Н. и С. А. Толстых. Родился в Ясной поляне. До двенадцати лет воспитывался дома. В 1881 г. поступил в классическую гимназию Поливанова в Москве, которую окончил в 1889 г. В том же году поступил на медицинский факультет, на котором пробыл год, и перешел затем на историко-филологический. На нем пробыл два года, но второй год почти всецело прожил в Самарской губернии на голоде. Организовал вместе с товарищами около двухсот столовых, кормивших до 20 000 человек. В своей автобиографии, хранящейся в архиве Венгерова в Ленинграде, Л. Л. Толстой писал: «Я был в этот период жизни под сильным впечатлением от учения и взглядов отца и мечтал следовать им практически». В 1892 г. поступил в Царском селе под Петербургом в четвертый императорской фамилии батальон, но по болезни был освобожден от военной службы. В 1896 г. повенчался в Стокгольме с дочерью шведского врача Вестерлунда — Дорой Федоровной (1879—1933). В 1905—1906 гг. принадлежал к «Союзу 17 октября». В 1908—1909 гг. увлекался скульптурой и работал в Париже под руководством Родена, Верде и др. В 1916—1917 гг. был в кругосветном путешествии. В 1918 г. издавал в Петрограде периодический вечерний листок «Весточка». В настоящее время живет в Швеции или в Риме. На литературном поприще дебютировал рассказом «Любовь», под псевдонимом «Львов», напечатанным в 1896 г. в журнале «Неделя». Отдельно опубликовал: «Рассказы из времен студенчества». М. 1898; «Для детей». Рассказы, изд. I — М. 1898, изд. второе — М. 1901; «Яша Полянов» «Воспоминания для детей из детства». М. 1899, второе изд. — 1907 г.; «Яшка». Рассказ. Казань. 1899 и 1902; «В голодные года — (записки и статьи)». М. 1900; «Прелюдия Шопена и другие рассказы». М. 1900; «Против общины». Три статьи. М. 1900; «Современная Швеция в письмах, очерках и иллюстрациях». М. 1900; «Семья и школа (их настоящее и будущее)». Спб. 1901; «Ночи безумные» — «Театр и Искусство» 1902, № 27; «Правдивые рассказы для детей». Спб. 1903; «Добрые советы». Издание для народа. Спб. 1903; «Моя гигиена» (Очерки по частной гигиене, с прил. статей по вопросам воспитания) Спб. 1903; изд. второе — Спб. 1904; «Слепушка и др. рассказы», изд. Девриена. Спб. [1905]; «На Упе и другие рассказы для детей среднего и старшего возрастов». Изд. Девриена. Спб. 1905; «Драматические сочинения». T. I. Спб. 1906; «Назначение русского солдата». Патриот. библиотека, № 1; «Доброе дело». Нед. третье. Спб. [1907]; «Женское сердце». Комедия. Издание <hi style="opdelimiter">журн.</hi><hi style="opnumber">185</hi> <hi style="npnumber">186</hi><hi style="npdelimiter">«Театр</hi> и искусство». Спб. 1909; «На берегу». Библиотека «Театра и Искусства». 1912, кн. 7; «Железный занавес». Комедия. Изд. Рассохина. М. 1912 [литографировано]; «Права любви» изд. Рассохина. М. 1912 [литографировано]; «Призрак» изд. Рассохина. М. 1912 [литографировано]; «Солдатка». Драма. М. 1912 [литографировано]; «Талант». Повесть из русской жизни для театра, изд. Рассохина. М. 1912 [литографировано]; «Добрые советы». Изд. для народа. Спб. 1903. Без обозначения года в литографированном виде изданы две пьесы: «Братья-помещики» и «Марк» (в изд. «Театр и искусство»). Кроме того, об отце Л. Л. Толстым написано следующее: «Отрицание или самосовершенствование» («Голос Москвы» 1907, № 17 от 16 января и № 19 от 18 января); «Из детских воспоминаний» («Международный Толстовский альманах», составленный П. А. Сергеенко. М. 1909, стр. 347—354); «Отрывок из моего дневника 1903 г.» (журнал «Столица и усадьба» 1914, № 4 от 15 февраля); «Письмо в редакцию «Нового времени» (об уходе Толстого) — 31 октября 1910 г. (в сборнике «Памяти Толстого» 1911); «В Ясной поляне» под ред. Ляцкого, Прага, 1923; в 1924 г. эта книга под заглавием «Правда о моем отце» вышла в Ленинграде в небрежном переводе с французского и в неполном виде.</note> и Машу, и <choice><reg>Ганне</reg><orig>Ганнѣ</orig></choice> кланяйся, и <choice><reg>Наталье</reg><orig>Натальѣ</orig></choice> <choice><reg>Петровне</reg><orig>Петровнѣ</orig></choice>,<note xml:id="note18" resp="volume_editor" index="false"> Наталья Петровна Охотницкая, жившая при Т. А. Ергольской.</note> и <choice><reg>няне</reg><orig>нянѣ</orig></choice><note xml:id="note19" resp="volume_editor" index="false"> Мария Афанасьевна Арбузова (ум. 1884 г.), няня детей Толстого: Сергея, Татьяны, Ильи и Льва, с 1863 г. по 1880 г. Затем жила на пенсии. «Бесцветная, но добрая старушка» (Илья Толстой «Мои воспоминания»).</note> и еще поди гулять на деревню и скажи <choice><reg>Ивановым</reg><orig>Ивановымъ</orig></choice> <choice><reg>детям</reg><orig>дѣтямъ</orig></choice> и его <choice><reg>жене</reg><orig>женѣ</orig></choice>, что <choice><reg>Иван</reg><orig>Иванъ</orig></choice><note xml:id="note20" resp="volume_editor" index="false"> Иван Васильевич Суворов (ум. в 1900 гг.), слуга, сопровождавший Толстого на кумыс. В главе IX своих воспоминаний Толстой писал: «Очень глупая была мысль у опекунши-тетушки дать нам каждому по мальчику с тем, чтобы потом это был наш преданный слуга. Митеньке дан был Ванюша». Этот Ванюша перешел потом к Льву Николаевичу, с которым поехал на Кавказ; в 1852 г. он переписывал Толстому главы «Детства». Последние годы жизни проживал в Туле.</note> здоровъ и разговариваетъ съ Башкирами потатарски и очень на нихъ кричитъ, a онѣ его не боятся и надъ нимъ смѣются. —</p>
<p rend="left">Прощай, душенька, <choice><reg>целую</reg><orig>цѣлую</orig></choice> тебя.</p>
<p rend="left"><choice><reg>Адрес</reg><orig>Адресъ</orig></choice> <choice><reg>неопределен</reg><orig>неопредѣленъ</orig></choice>. Пиши по старому. <hi style="opdelimiter">—</hi><hi style="opnumber">183</hi></p>
<comments><p rend="Textpetit_otstup left"><hi style="npnumber">184</hi><hi style="npdelimiter">Печатается</hi> по автографу, хранящемуся в АТБ. Одна фраза письма впервые напечатана в Б, II, стр. 173 с неправильным отнесением ее к предшествующему письму от 18 июня 1871 г. Впервые полностью напечатано по копии, сделанной С. А. Толстой, в ПЖ, стр. 83—86. Датируется на основании слов письма: «нынче середа»; среда падала на 23 июня 1871 г., получено письмо С. А. Толстой 1 июля 1871 г.</p>
<p rend="Textpetit_otstup left"><hi>1</hi> <hi>В подлиннике:</hi> <choice><reg>тебе</reg><orig>тебѣ</orig></choice></p>
<p rend="petit left"><hi>2</hi> <hi>В подлиннике:</hi> живу</p>
<p rend="petit left"><hi>3</hi> Геродот (р. около 484 г., ум. около 425 г. до нашей эры), первый греческий историк. Его история отличается <choice><reg>безыскусственностью</reg><orig>безъискусственностью</orig></choice> изложения и простотой стиля.</p>
<p rend="petit left"><hi>4</hi> Марья Львовна Толстая (р. 12 февраля 1871 г., ум. 23 ноября 1906 г.), вторая дочь Л. Н. и С. А. Толстых. Из всех детей была наиболее близка Толстому. В 1897 г. вышла замуж за кн. Николая Леонидовича Оболенского (1872—1934), сына Елизаветы Валерьяновны Оболенской, рожд. Толстой. По мнению Ильи Львовича Толстого (см. «Мои воспоминания» М. 1914, стр. 244), только Маша [М. Л. Толстая] могла давать Толстому на старости лет тепло и покой. А. Л. Толстая пишет о ней в своих воспоминаниях: «Когда я вспоминаю Машу, на душе делается радостно и светло. Всем своим обликом она была похожа на отца, хотя, если разбирать отдельно черты ее лица, только серые внимательные и глубокие глаза, да высокий лоб были отцовские Все любили ее, она была приветлива и чутка: кого ни встретит, для всех находилось ласковое слово, и выходило это у нее не деланно, а естественно, как будто она чувствовала, какую струну нажать, чтобы зазвучала обратная» («Современные записки», Париж, 1931, XLV, стр. 15). Толстой писал А. А. Толстой о Марье Львовне, когда ей было два года: «Очень умна и некрасива. Это — будет одна из загадок. Будет страдать, будет искать, ничего не найдет; но будет вечно искать самое недоступное» (ПТ, стр. 423). М. Л. Толстая перевела дневник Амиеля, напечатанный с предисловием Толстого. Много помогала ему, переписывая его сочинения. Письма к ней Толстого опубликованы в «Современных записках» Париж, 1926, XXVII.</p>
<p rend="petit left"><hi>5</hi> Дрохвы (otis L.), род птиц из разряда голенастых и семейства Д (otididae).</p>
<p rend="petit left"><hi>6</hi> Зимой 1870—1871 г. Толстой предпринял изучение греческого языка.</p>
<p rend="petit left"><hi>7</hi> Т. е. в самую деревню Каралык, находившуюся в двух верстах от кибиток, где жили летом.</p>
<p rend="petit left"><hi>8</hi> Сообщая о возможном приезде А. Н. Бибикова на кумыс, С. А. Толстая в письме от 1 июля добавляет: «С ним пришлю билет Купеческого банка».</p>
<p rend="petit left"><hi>9</hi> Сына — С. Л. Толстого.</p>
<p rend="petit left"><hi>10</hi> См. прим. к письму от 11 или 12 июня за № 87.</p>
<p rend="petit left"><hi>11</hi> А. М. Кузминский выехал 18 июня 1871 г. из Тулы на новую службу в Кутаис через Одессу.</p>
<p rend="petit left"><hi>12</hi> Кн. Леонид Дмитриевич Оболенский, муж Елизаветы Валерьяновны.</p>
<p rend="petit left"><hi>13</hi> В. В. Толстая и Ел. В. Оболенская (дочери М. Н. Толстой).</p>
<p rend="petit left"><hi>14</hi> Ханна Тарсей, <hi style="opdelimiter">англичанка.</hi><hi style="opnumber">184</hi></p>
<p rend="petit left"><hi>15</hi> C. A. Толстая писала в приписке от 6 июля 1871 г.: «Приписываю тебе в детской больших детей, где они ложатся спать и только что с большим волнением приклеивали на свои письма картинки с мыслью, что ты эти картинки отдашь маленькому Азису, и он будет рад». (ПСТ, стр. 112.) Азис — мальчик башкирец, внук Мухамедшаха.</p>
<p rend="petit left"><hi>16</hi> Татьяну Александровну Ергольскую и Пелагею Ильиничну Юшкову. С. А. Толстая писала о них 16 июля: «Пелагея Ильинична всё еще у нас. Целые дни безмолвно сидит и шьет в пяльцах. Тетенька Татьяна Александровна всё такая же, но незаметно почти всё-таки слабеет, а главное очень глупеет, почти совсем ничего не понимает» (не опубликовано).</p>
<p rend="petit left"><hi>17</hi> Лев Львович Толстой (р. 20 мая 1869 г.), третий сын Л. Н. и С. А. Толстых. Родился в Ясной поляне. До двенадцати лет воспитывался дома. В 1881 г. поступил в классическую гимназию Поливанова в Москве, которую окончил в 1889 г. В том же году поступил на медицинский факультет, на котором пробыл год, и перешел затем на историко-филологический. На нем пробыл два года, но второй год почти всецело прожил в Самарской губернии на голоде. Организовал вместе с товарищами около двухсот столовых, кормивших до 20 000 человек. В своей автобиографии, хранящейся в архиве Венгерова в Ленинграде, Л. Л. Толстой писал: «Я был в этот период жизни под сильным впечатлением от учения и взглядов отца и мечтал следовать им практически». В 1892 г. поступил в Царском селе под Петербургом в четвертый императорской фамилии батальон, но по болезни был освобожден от военной службы. В 1896 г. повенчался в Стокгольме с дочерью шведского врача Вестерлунда — Дорой Федоровной (1879—1933). В 1905—1906 гг. принадлежал к «Союзу 17 октября». В 1908—1909 гг. увлекался скульптурой и работал в Париже под руководством Родена, Верде и др. В 1916—1917 гг. был в кругосветном путешествии. В 1918 г. издавал в Петрограде периодический вечерний листок «Весточка». В настоящее время живет в Швеции или в Риме. На литературном поприще дебютировал рассказом «Любовь», под псевдонимом «Львов», напечатанным в 1896 г. в журнале «Неделя». Отдельно опубликовал: «Рассказы из времен студенчества». М. 1898; «Для детей». Рассказы, изд. I — М. 1898, изд. второе — М. 1901; «Яша Полянов» «Воспоминания для детей из детства». М. 1899, второе изд. — 1907 г.; «Яшка». Рассказ. Казань. 1899 и 1902; «В голодные года — (записки и статьи)». М. 1900; «Прелюдия Шопена и другие рассказы». М. 1900; «Против общины». Три статьи. М. 1900; «Современная Швеция в письмах, очерках и иллюстрациях». М. 1900; «Семья и школа (их настоящее и будущее)». Спб. 1901; «Ночи безумные» — «Театр и Искусство» 1902, № 27; «Правдивые рассказы для детей». Спб. 1903; «Добрые советы». Издание для народа. Спб. 1903; «Моя гигиена» (Очерки по частной гигиене, с прил. статей по вопросам воспитания) Спб. 1903; изд. второе — Спб. 1904; «Слепушка и др. рассказы», изд. Девриена. Спб. [1905]; «На Упе и другие рассказы для детей среднего и старшего возрастов». Изд. Девриена. Спб. 1905; «Драматические сочинения». T. I. Спб. 1906; «Назначение русского солдата». Патриот. библиотека, № 1; «Доброе дело». Нед. третье. Спб. [1907]; «Женское сердце». Комедия. Издание <hi style="opdelimiter">журн.</hi><hi style="opnumber">185</hi> <hi style="npnumber">186</hi><hi style="npdelimiter">«Театр</hi> и искусство». Спб. 1909; «На берегу». Библиотека «Театра и Искусства». 1912, кн. 7; «Железный занавес». Комедия. Изд. Рассохина. М. 1912 [литографировано]; «Права любви» изд. Рассохина. М. 1912 [литографировано]; «Призрак» изд. Рассохина. М. 1912 [литографировано]; «Солдатка». Драма. М. 1912 [литографировано]; «Талант». Повесть из русской жизни для театра, изд. Рассохина. М. 1912 [литографировано]; «Добрые советы». Изд. для народа. Спб. 1903. Без обозначения года в литографированном виде изданы две пьесы: «Братья-помещики» и «Марк» (в изд. «Театр и искусство»). Кроме того, об отце Л. Л. Толстым написано следующее: «Отрицание или самосовершенствование» («Голос Москвы» 1907, № 17 от 16 января и № 19 от 18 января); «Из детских воспоминаний» («Международный Толстовский альманах», составленный П. А. Сергеенко. М. 1909, стр. 347—354); «Отрывок из моего дневника 1903 г.» (журнал «Столица и усадьба» 1914, № 4 от 15 февраля); «Письмо в редакцию «Нового времени» (об уходе Толстого) — 31 октября 1910 г. (в сборнике «Памяти Толстого» 1911); «В Ясной поляне» под ред. Ляцкого, Прага, 1923; в 1924 г. эта книга под заглавием «Правда о моем отце» вышла в Ленинграде в небрежном переводе с французского и в неполном виде.</p>
<p rend="petit left"><hi>18</hi> Наталья Петровна Охотницкая, жившая при Т. А. Ергольской.</p>
<p rend="petit left"><hi>19</hi> Мария Афанасьевна Арбузова (ум. 1884 г.), няня детей Толстого: Сергея, Татьяны, Ильи и Льва, с 1863 г. по 1880 г. Затем жила на пенсии. «Бесцветная, но добрая старушка» (Илья Толстой «Мои воспоминания»).</p>
<p rend="petit left"><hi>20</hi> Иван Васильевич Суворов (ум. в 1900 гг.), слуга, сопровождавший Толстого на кумыс. В главе IX своих воспоминаний Толстой писал: «Очень глупая была мысль у опекунши-тетушки дать нам каждому по мальчику с тем, чтобы потом это был наш преданный слуга. Митеньке дан был Ванюша». Этот Ванюша перешел потом к Льву Николаевичу, с которым поехал на Кавказ; в 1852 г. он переписывал Толстому главы «Детства». Последние годы жизни проживал в Туле.</p>
<p rend="petit left">На это письмо С. А. Толстая отвечала 1 июля: «Сейчас получила твое письмо, мой милый друг, и так мне стало весело, радостно, легко, что ты себе представить не можешь. Я почему-то чувствовала, что ты оживешь, если уедешь на кумыс, и страшно еще очень радоваться, но кажется, ты ожил. Не думай и не тревожься о нас. Нас бог тоже хранит, мы все так веселы, здоровы, оживлены, особенно теперь после телеграммы и нынешнего твоего письма, еще будет лучше, так как я весела и тверда духом, а я без тебя и глава всем, и душа всего дома. Мама так тоже была рада, что твое здоровье лучше; она смеялась от радости, сама читала твое письмо и говорила, что теперь она покойно уедет к Лизе. Она едет четвертого в ночь, и Таня с ней на два дня к Лизе. Таня вернется, а мама уж нет. Мне с ней особенно жалко расставаться, и жалко еще то, что она, видимо, тут поправляется, а бог еще знает, что будет в Рязани. Я бы даже написала, что она совсем хорошо себя чувствует, да нынче вечером вдруг у нее опять сделалось небольшое удушие. Таня вместе со мной получила третье письмо от мужа. Он очень скучает, пишет ей с парохода еще только, и то говорит, что «нам жить врозь долго не приходится». Таню это взволновало; она, кажется, боится, что ее потребует Саша скоро, и что она с <hi style="opdelimiter">тобой</hi><hi style="opnumber">186</hi> <hi style="npnumber">187</hi><hi style="npdelimiter">не</hi> увидится. Сегодня вечером, т. е. после обеда, мы ездили в Засеку, по Козловской дороге, налево, со всеми детьми — нашими и Кузминскими, только исключая моей маленькой Маши, пить чай. Брали с собой яйца, баранину, разные сладости, самовар и проч. Напали мы на место чудесное, где Ермил старик снял покос и где гребли сено. Наехало туда из деревни Мостовой пропасть народу, баб, грудных детей. Все они собирались ночевать под большими дубами; построили шалаши, повесили люльки, матери работали, побольше дети качали ребят. Всё это было очень красиво приятно и весело. Сено душистое, народ веселый, вечер чудный, теплый, пары начинали подниматься, тишина, чистая, скошенная земля, старые дубы и яркий закат солнца. Мне давно так не было легко на душе. Ты о всех спрашиваешь. Надо тебе отвечать. Варя в Черемошне [у Дьяковых] до десятого июля; нынче получила от нее письмо, ей в Черемошне очень хорошо и весело. Лиза только нынче поехала к матери мужа в Тулу, а он, т. е. наш милый шталмейстер, поехал нынче же в Москву и будет там покупать мыло, катушки и проч. Когда уедет мама, они меня обещают не оставлять. Здоровье Ханны теперь гораздо лучше; она очень жалела, что не могла ехать с нами в лес чай пить, и только проводила нас в катках до каменных. Таня, отправивши немку, успокоилась духом. С ней наверное едет няня и Трифовна, а если найдет еще няню Верочке или горничную, то возьмет. Дети наши все очень милы; Сережу часто браню, очень непослушен, а больше ничего. Pas-de-géant их совсем с ума сводит. Бегают они уж совсем хорошо, только Илюша всё валяется. Письма твои к ним прочту им завтра, нынче они уж спали, когда пришло письмо. Верно, они сейчас же тебе напишут. Илюша меня уж просил, чтоб за него написать тебе, и просил таким умильным голосом, что он сам не умеет, что я удивилась. Прощай, мой милый. Спаси тебя бог; как хорошо, как хорошо, что ты поправляешься. Выдерживай непременно шесть недель, благо не скучаешь; а о нас, право, беспокоиться нечего. Милого Степу мы все целуем; особенно я; я чувствовала и то, что тебе без него было бы плохо. Хотя страшно вспомнить, как мы еще долго не увидимся; но будет же хоть когда-нибудь это счастье. Целую тебя, голубчик милый, в глаза, губы и руки. Прощай. Твоя Соня». (ПСТ, стр. 108—109.)</p>
</comments></div></body>
        </text>
        </TEI>