<?xml version="1.0" encoding="UTF-8"?>
    <!-- <?xml-stylesheet type="text/xsl" target="../resources/MJT/myletter.xsl"?> -->
    <?xml-stylesheet type="css" target="graves.css"?>
    <?xml-model target="http://www.tei-c.org/release/xml/tei/custom/schema/relaxng/tei_all.rng" type="application/xml" schematypens="http://relaxng.org/ns/structure/1.0"?>
    <?xml-model target="http://www.tei-c.org/release/xml/tei/custom/schema/relaxng/tei_all.rng" type="application/xml"
            schematypens="http://purl.oclc.org/dsdl/schematron"?>
    <TEI xmlns="http://www.tei-c.org/ns/1.0">
       <teiHeader>
          <fileDesc>
             <titleStmt>
                <title>Письмо №219. С. А. Толстой</title>
             </titleStmt>
             <publicationStmt>
                <publisher>TolstoyLab</publisher>
                <date when="2015-09-14">14 September 2015</date>
             </publicationStmt>
             <sourceDesc>
                <biblStruct>
                   <analytic>
                      <author>Толстой Л.Н.</author>
                   </analytic>
                   <monogr>
                      <title level="m">Полное собрание сочинений. Том 83</title>
                      <imprint>
                         <pubPlace>Москва</pubPlace>
                         <publisher>Государственное издательство "Художественная литература"</publisher>
                         <date when="1938"/>
                      </imprint>
                   </monogr>
                   <series>
                      <title level="s">Л.Н. Толстой. Полное собрание сочинений</title>
                      <biblScope unit="vol">83</biblScope>
                   </series>
                </biblStruct>
             </sourceDesc>
          </fileDesc>
          <encodingDesc>
             <tagsDecl> </tagsDecl>
          </encodingDesc>
          <profileDesc>
             <correspDesc>
                <correspAction type="sending">
                   <persName ref="PersonList.xml#L_N_Tolstoy">Л. Н. Толстой</persName>
                   <placeName ref="PlacesListxml#PLACE">Москва.</placeName>
                   <date when="1882-09-16">1882 г. Сентября 16.</date>            </correspAction>
                <correspAction type="receiving">
                   <persName ref="PersonList.xml#RECEIVER">Толстая Софья Андреевна</persName>
                </correspAction>
                <correspContext>
                   <ref type="prev"></ref>
                </correspContext>
             </correspDesc>
          </profileDesc>
       </teiHeader>
       <xenoData><number type="in a volume">219</number></xenoData>

       <text xml:id="a16_219">
	<body><div>
		<opener index="false">
219.
1882 г. Сентября 16. Москва.</opener>
<p rend="right"><hi>Четвергъ 11 часовъ утра.</hi></p>
<p rend="left">Сейчасъ сидѣлъ за кофеемъ и думалъ о разномъ, и чувствовалъ лишеніе, что не могу тебѣ сказать, у тебя спросить, и почувствовалъ, что мнѣ скучно и грустно безъ тебя; и тутъ же принесли твое хорошее письмо отъ вторника.<note xml:id="note1" resp="volume_editor" index="false"> Письмо от 14 сентября. См. комментарий к письму № 214.</note> Все такъ пусть и будетъ, если ничто не помѣшаетъ.<note xml:id="note2" resp="volume_editor" index="false"> С. А. Толстая предполагала 17 сентября отправить сына Илью из Ясной поляны в Москву, чтобы он начал занятия в гимназии.</note> Мальчики будутъ ѣсть дома. У насъ это налажено и безъ кухарки прекрасно идетъ, — немного по-робинзоновски, но отъ этаго только веселѣй. А вкусно и сытно. Я понимаю, что матери-кормилицѣ должно быть особенно больно, когда дѣти худѣютъ: «я выкормила сытаго, а теперь испортили». Лелѣ не дадимъ похудѣть, хотя онъ и испортилъ себѣ желудокъ на день, теперь опять веселъ и здоровъ. Онъ въ гимназіи, Сережа въ университетѣ, а я сижу у открытаго на садъ окна и пишу. Вчера я подбодрилъ архитек[тора] и нынче топятъ всѣ печи, и маляры красятъ отъ двухъ хозяевъ. — Если Илюша пріѣдетъ, то я въ понедѣльникъ поѣду къ вамъ. <hi style="opdelimiter">—</hi><hi style="opnumber">357</hi></p>
<p rend="left"><hi style="npnumber">358</hi><hi style="npdelimiter">О</hi> Костинькѣ я писалъ, а Петю<note xml:id="note3" resp="volume_editor" index="false"> Петр Андреевич Берс.</note> я не видалъ; слышалъ только отъ Васиньки, что мѣсто его, исправника, не вышло. Тотъ, кот[орый] хотѣлъ уйти, не уходитъ, a Вас[илій] Ст[епановичъ]<note xml:id="note4" resp="volume_editor" index="false"> Василий Степанович Перфильев, был в то время московским губернатором.</note> говоритъ что не могу его выгнать. Неудачникъ!</p>
<p rend="left">Въ этихъ неудачахъ надо утѣшаться тѣмъ, что послѣ вены несчастія, пойдетъ вена счастья.<note xml:id="note5" resp="volume_editor" index="false"> Т. е. после полосы несчастий идет полоса удач.</note> Я не шутя это говорю; это не можетъ быть иначе, если только человѣкъ самъ себѣ не портитъ, какъ Кост[инька]. — Петя не былъ нѣсколько дней въ Москвѣ. Онъ былъ нездоровъ, но не серьезно. —</p>
<p rend="left">Вчера, вернувшись съ ходьбы, я засталъ двухъ Гр[афовъ] Олсуфьевыхъ.<note xml:id="note6" resp="volume_editor" index="false"> Приятели Сергея Львовича Толстого по университету: гр. Михаил Адамович Олсуфьев (1860—1918), математик по образованию, позднее предводитель дворянства в Дмитрове Московской губернии, и Дмитрий Адамович Олсуфьев (р. 1862 г.), естественник, в 1893 г. был земским начальником Московского уезда, впоследствии член Государственного совета; эмигрировал за границу.</note> Ихъ родители<note xml:id="note7" resp="volume_editor" index="false"> Адам Васильевич и Анна Михайловна Олсуфьевы. Гр. Адам Васильевич Олсуфьев (1833—1901), отставной свитский генерал, был женат на Анне Михайловне Обольяниновой (1835—1899). Толстой бывал у Олсуфьевых в Москве, а также в их имении Никольское-Горушки-Обильяниново, Дмитровского уезда, Московской губернии, в 20 верстах от станции Подсолнечное Николаевской железной дороги. В 1896 г. (в письме В. Г. Черткову от 19 февраля) Толстой отзывался о них: «Они такие простые, очень добрые люди, что различие их взглядов с моими, и не различие, а непонимание того, чем я живу, не тревожит меня».</note> пріѣхали. Они ѣдутъ въ Саратовъ. Нынче я до кофея былъ у нихъ и видѣлъ однаго Графа. Вчера вечеромъ я зашелъ къ нашимъ Олсуфьевымъ<note xml:id="note8" resp="volume_editor" index="false"> <ref target='file:///Volume_83_sentyabrya11_213.xml'>См. письмо № 213</ref>, прим. 11.</note> съ Сережей. Я сыгралъ партію въ шахматы съ Вас[иліемъ] Ал[ександровичем]<note xml:id="note9" resp="volume_editor" index="false"> Василий Александрович Олсуфьев (1831—1883).</note> и ушелъ домой, и легъ въ 11-мъ часу спать. — Ал[ександра] Гр[игорьевна]<note xml:id="note10" resp="volume_editor" index="false"> Александра Григорьевна Олсуфьева, рожд. Есипова, третья жена В. А. Олсуфьева.</note> предлагаетъ брату Сережѣ квартиру въ ихъ домѣ.</p>
<p rend="left">Надѣюсь нынче увидать его. Вчера, я знаю, что онъ ждалъ меня обѣдать къ Вас[илію] Ст[епановичу]; но мнѣ не то что скучно, а лучше всего дома. Сбираюсь нынѣшній годъ крѣпко и уединенно для себя сидѣть дома. Я говорю <hi>для себя</hi>, п[отому] ч[то] если ѣхать и принимать для удовольствія дѣтей, то это совсѣмъ другое и имѣетъ свою пріятность.</p>
<p rend="left">Въ дѣвичей нынче ставили перегородку, и надо было рѣшить какъ — захватить ли входную дверь или нѣтъ. Я долго колебался и рѣшилъ — не захватить. Не знаю, одобришь ли. Будетъ мѣсто и для спанья одной, и для стола, и для шкаповъ, и бѣгающимъ маленькимъ дѣтямъ будетъ меньше риску студиться. —</p>
<p rend="left">Если бы ты меня здѣсь видѣла, то ты вѣрно бы сказала, что я въ нѣкоторомъ отношеніи исправился.</p>
<p rend="left">Прощай, милая. Не думай, чтобы я упустилъ что-нибудь изъ возможнаго для того, чтобы скорѣе намъ соединиться.</p>
<p rend="left">Сейчасъ пришли Кост[инька] и бр[атъ] Сергѣй.</p>
<p rend="left">Цѣлую дѣтей.</p>
<p rend="left">Поздравляю съ имянинами, — Кост[инька] велѣлъ.</p>
<lb/>
<p rend="left"><hi>На конверте:</hi> Въ Тулу. Е. С. Графинѣ Софьѣ Андревнѣ <hi style="opdelimiter">Толстой.</hi><hi style="opnumber">358</hi></p>
<comments><p rend="Textpetit_otstup left"><hi style="npnumber">359</hi><hi style="npdelimiter">Печатается</hi> по автографу, хранящемуся в АТБ. Впервые опубликовано по копии, сделанной С. А. Толстой, в ПЖ, стр. 176—178. Датируется на основании почтовых штемпелей: «Моск. почт. центр. отд. 16 сентября 1882; Тула 17 сентября 1882» и пометы Толстого «четверг», который падал на 16 сентября 1882 г.</p>
<p rend="Textpetit_otstup left"><hi>1</hi> Письмо от 14 сентября. См. комментарий к письму № 214.</p>
<p rend="petit left"><hi>2</hi> С. А. Толстая предполагала 17 сентября отправить сына Илью из Ясной поляны в Москву, чтобы он начал занятия в гимназии.</p>
<p rend="petit left"><hi>3</hi> Петр Андреевич Берс.</p>
<p rend="petit left"><hi>4</hi> Василий Степанович Перфильев, был в то время московским губернатором.</p>
<p rend="petit left"><hi>5</hi> Т. е. после полосы несчастий идет полоса удач.</p>
<p rend="petit left"><hi>6</hi> Приятели Сергея Львовича Толстого по университету: гр. Михаил Адамович Олсуфьев (1860—1918), математик по образованию, позднее предводитель дворянства в Дмитрове Московской губернии, и Дмитрий Адамович Олсуфьев (р. 1862 г.), естественник, в 1893 г. был земским начальником Московского уезда, впоследствии член Государственного совета; эмигрировал за границу.</p>
<p rend="petit left"><hi>7</hi> Адам Васильевич и Анна Михайловна Олсуфьевы. Гр. Адам Васильевич Олсуфьев (1833—1901), отставной свитский генерал, был женат на Анне Михайловне Обольяниновой (1835—1899). Толстой бывал у Олсуфьевых в Москве, а также в их имении Никольское-Горушки-Обильяниново, Дмитровского уезда, Московской губернии, в 20 верстах от станции Подсолнечное Николаевской железной дороги. В 1896 г. (в письме В. Г. Черткову от 19 февраля) Толстой отзывался о них: «Они такие простые, очень добрые люди, что различие их взглядов с моими, и не различие, а непонимание того, чем я живу, не тревожит меня».</p>
<p rend="petit left"><hi>8</hi> <ref target='file:///Volume_83_sentyabrya11_213.xml'>См. письмо № 213</ref>, прим. 11.</p>
<p rend="petit left"><hi>9</hi> Василий Александрович Олсуфьев (1831—1883).</p>
<p rend="petit left"><hi>10</hi> Александра Григорьевна Олсуфьева, рожд. Есипова, третья жена В. А. Олсуфьева.</p>
</comments></div></body>
        </text>
        </TEI>