<?xml version="1.0" encoding="UTF-8"?>
    <!-- <?xml-stylesheet type="text/xsl" target="../resources/MJT/myletter.xsl"?> -->
    <?xml-stylesheet type="css" target="graves.css"?>
    <?xml-model target="http://www.tei-c.org/release/xml/tei/custom/schema/relaxng/tei_all.rng" type="application/xml" schematypens="http://relaxng.org/ns/structure/1.0"?>
    <?xml-model target="http://www.tei-c.org/release/xml/tei/custom/schema/relaxng/tei_all.rng" type="application/xml"
            schematypens="http://purl.oclc.org/dsdl/schematron"?>
    <TEI xmlns="http://www.tei-c.org/ns/1.0">
       <teiHeader>
          <fileDesc>
             <titleStmt>
                <title>Письмо №303. С. А. Толстой</title>
             </titleStmt>
             <publicationStmt>
                <publisher>TolstoyLab</publisher>
                <date when="2015-09-14">14 September 2015</date>
             </publicationStmt>
             <sourceDesc>
                <biblStruct>
                   <analytic>
                      <author>Толстой Л.Н.</author>
                   </analytic>
                   <monogr>
                      <title level="m">Полное собрание сочинений. Том 83</title>
                      <imprint>
                         <pubPlace>Москва</pubPlace>
                         <publisher>Государственное издательство "Художественная литература"</publisher>
                         <date when="1938"/>
                      </imprint>
                   </monogr>
                   <series>
                      <title level="s">Л.Н. Толстой. Полное собрание сочинений</title>
                      <biblScope unit="vol">83</biblScope>
                   </series>
                </biblStruct>
				<bibl>Печатается по автографу, хранящемуся в АТБ. Впервые опубликовано по копии, сделанной С. А. Толстой, в ПЖ, стр. 253—254. Датируется на основании почтовых штемпелей: «Москва. 25 февраля. 1885; С. Петербург. 26 февраля 1855» и слов письма: «7 ч. вечера». В ПЖ датировано 25 февраля.</bibl>
             </sourceDesc>
          </fileDesc>
          <encodingDesc>
             <tagsDecl> </tagsDecl>
          </encodingDesc>
          <profileDesc>
             <correspDesc>
                <correspAction type="sending">
                   <persName ref="PersonList.xml#L_N_Tolstoy">Л. Н. Толстой</persName>
                   <placeName ref="PlacesListxml#PLACE">Москва.</placeName>
                   <date when="1885-02-24">1885 г. Февраля 24.</date>            </correspAction>
                <correspAction type="receiving">
                   <persName ref="PersonList.xml#RECEIVER">Толстая Софья Андреевна</persName>
                </correspAction>
                <correspContext>
                   <ref type="prev"></ref>
                </correspContext>
             </correspDesc>
          </profileDesc>
       </teiHeader>
       <xenoData><number type="in a volume">303</number></xenoData>

       <text xml:id="a24_303">
	<body><div>
		<opener index="false">
303.
1885 г. Февраля 24. Москва.</opener>
<p rend="left">Вчера не было отъ тебя, письма, и нынче коротенькое<note xml:id="note1" resp="volume_editor" index="false"> Вероятно, не датированное, начинающееся словами: «Милый Левочка, видно для того» (стр. 395).</note> — мнѣ и Машѣ. Тебя видно очень засуетили. — Я здоровъ и только не совсѣмъ въ силѣ — не пишу, и мало энергіи. M-me Seuron плоха. Она не встаетъ. Нынче послали записку Чиркову,<note xml:id="note2" resp="volume_editor" index="false"> В. В. Чирков, доктор.</note> и если онъ пріѣдетъ, я повидаю его. Дѣти наши всѣ прекрасны. Алеша, какъ всегда, неестественно быстро сообразителенъ и милъ. Миша совсѣмъ поправился, Андрюша крикливъ и назойливъ, но хорошъ. Про Сашу не говорю. Что <hi style="opdelimiter">можно</hi><hi style="opnumber">484</hi> <hi style="npnumber">485</hi><hi style="npdelimiter">отъ</hi> нея ждать — здоровый видъ и улыбки, — то это есть. Про Машу не говорю, щадя ея скромность, т[акъ] к[акъ] она читаетъ мои письма. Леля хорошъ; вчера опоздалъ на одинъ урокъ, но, кажется, не былъ за то наказанъ. Спалъ нынче долго и уѣхалъ на катокъ, и теперь дома нѣтъ (7 ч[асовъ] вечера). Вѣрно обѣдалъ у бр[ата] Сережи. Такъ сказалъ Костинька. Илья въ хорошемъ, бодромъ и не зломъ духѣ. Сережа сейчасъ пришелъ попросить 3 р[убля] денегъ и какъ будто хочетъ приблизиться. —</p>
<p rend="left">У меня составился планъ о томъ, что, когда ты вернешься, поѣхать съ Урусовымъ,<note xml:id="note3" resp="volume_editor" index="false"> Л. Д. Урусов, хворавший грудной болезнью.</note> проводить его до Крыма. Планъ этотъ возникъ при чтеніи письма Варв[ары] Дм[итріевны],<note xml:id="note4" resp="volume_editor" index="false"> В этом письме В. Д. Урусова, отвечая на вопрос, неужели в их многочисленной семье нет никого, кто бы взял на себя заботы о Л. Д. Урусове, стремится доказать, что ни один из трех его братьев и ни одна из трех сестер не могут сопровождать больного.</note> к[оторая] отвѣчаетъ тебѣ, что изъ нихъ никто не можетъ ѣхать съ нимъ. Я нынче написалъ это ему, какъ проэктъ. Если я не застану его въ Тулѣ, я могу взять его въ Дятьковѣ.<note xml:id="note5" resp="volume_editor" index="false"> Дядьково, Брянского уезда, Орловской губернии, где жили родственники кн. Л. Д. Урусова — Мальцевы.</note></p>
<p rend="left">Вчера я походилъ вечеромъ, никуда не заходя, и вернулся домой къ чаю. Костинька сидѣлъ за столомъ. На столѣ бутылки всѣ были пусты, а Костинька полонъ и вина, и довольства. О несчастное существо. — Нынче всталъ рано, — повозился много, усталъ и сидѣлъ, писалъ письма и читалъ. Потомъ походилъ, и вотъ отобѣдали, и я жду какого-то неизвѣстного Г-на, к[оторый] просилъ позволенія пріѣхать. Постараюсь быть краткимъ. Коректуры, можетъ быть, поправлю.<note xml:id="note6" resp="volume_editor" index="false">Корректуры пятого полного собрания сочинений Толстого. В полученном Толстым письме С. А. Толстая писала: «Если корректуры поправлять скучно, то оставь до меня».</note> Цѣлую тебя и Таню.</p>
<comments><p rend="Textpetit_otstup left">Печатается по автографу, хранящемуся в АТБ. Впервые опубликовано по копии, сделанной С. А. Толстой, в ПЖ, стр. 253—254. Датируется на основании почтовых штемпелей: «Москва. 25 февраля. 1885; С. Петербург. 26 февраля 1855» и слов письма: «7 ч. вечера». В ПЖ датировано 25 февраля.</p>
<p rend="Textpetit_otstup left"><hi>1</hi> Вероятно, не датированное, начинающееся словами: «Милый Левочка, видно для того» (стр. 395).</p>
<p rend="petit left"><hi>2</hi> В. В. Чирков, доктор.</p>
<p rend="petit left"><hi>3</hi> Л. Д. Урусов, хворавший грудной болезнью.</p>
<p rend="petit left"><hi>4</hi> В этом письме В. Д. Урусова, отвечая на вопрос, неужели в их многочисленной семье нет никого, кто бы взял на себя заботы о Л. Д. Урусове, стремится доказать, что ни один из трех его братьев и ни одна из трех сестер не могут сопровождать больного.</p>
<p rend="petit left"><hi>5</hi> Дядьково, Брянского уезда, Орловской губернии, где жили родственники кн. Л. Д. Урусова — Мальцевы.</p>
<p rend="petit left"><hi>6 </hi>Корректуры пятого полного собрания сочинений Толстого. В полученном Толстым письме С. А. Толстая писала: «Если корректуры поправлять скучно, то оставь до меня».</p>
<p rend="left"><hi style="opnumber">485</hi> <hi style="npnumber">486</hi></p>
</comments></div></body>
        </text>
        </TEI>