<?xml version="1.0" encoding="UTF-8"?>
    <!-- <?xml-stylesheet type="text/xsl" target="../resources/MJT/myletter.xsl"?> -->
    <?xml-stylesheet type="css" target="graves.css"?>
    <?xml-model target="http://www.tei-c.org/release/xml/tei/custom/schema/relaxng/tei_all.rng" type="application/xml" schematypens="http://relaxng.org/ns/structure/1.0"?>
    <?xml-model target="http://www.tei-c.org/release/xml/tei/custom/schema/relaxng/tei_all.rng" type="application/xml"
            schematypens="http://purl.oclc.org/dsdl/schematron"?>
    <TEI xmlns="http://www.tei-c.org/ns/1.0">
       <teiHeader>
          <fileDesc>
             <titleStmt>
                <title>Письмо №* 576. И. Д. Сытину.</title>
             </titleStmt>
             <publicationStmt>
                <publisher>TolstoyLab</publisher>
                <date when="2015-09-14">14 September 2015</date>
             </publicationStmt>
             <sourceDesc>
                <biblStruct>
                   <analytic>
                      <author>Толстой Л.Н.</author>
                   </analytic>
                   <monogr>
                      <title level="m">Полное собрание сочинений. Том 63</title>
                      <imprint>
                         <pubPlace>Москва</pubPlace>
                         <publisher>Государственное издательство "Художественная литература"</publisher>
                         <date when="1934"/>
                      </imprint>
                   </monogr>
                   <series>
                      <title level="s">Л.Н. Толстой. Полное собрание сочинений</title>
                      <biblScope unit="vol">63</biblScope>
                   </series>
                </biblStruct>
				<bibl>Печатается по автографу (письмо открытое), хранящемуся в ГИМ, в бумагах А. П. Бахрушина. Публикуется впервые. Датируется на основании почтового штемпеля: Москва 24 ноября 1886.</bibl>
             </sourceDesc>
          </fileDesc>
          <encodingDesc>
             <tagsDecl> </tagsDecl>
          </encodingDesc>
          <profileDesc>
             <correspDesc>
                <correspAction type="sending">
                   <persName ref="PersonList.xml#L_N_Tolstoy">Л. Н. Толстой</persName>
                   <placeName ref="PlacesListxml#PLACE">Москва.</placeName>
                   <date when="1886-11-24">1886 г. Ноября 24?</date>            </correspAction>
                <correspAction type="receiving">
                   <persName ref="PersonList.xml#RECEIVER">Сытин Иван Дмитриевич</persName>
                </correspAction>
                <correspContext>
                   <ref type="prev"></ref>
                </correspContext>
             </correspDesc>
          </profileDesc>
       </teiHeader>
       <xenoData><number type="in a volume">576</number></xenoData>

              <text xml:id="I__D__Sytinu_576">
	<body><div>
		<opener index="false">
* 576. И. Д. Сытину.
1886 г. Ноября 24? Москва.
</opener>
<p rend="Obrashenie left">Иванъ Дмитріевичъ!</p>
<p rend="left">Дайте знать, пожалуйста, о календарѣ.<note xml:id="note1" resp="volume_editor" index="false"> В конце 1886 г., только что окончив драму «Власть тьмы», Толстой взялся за составление народного «календаря». Понимая какое громадное значение имеет в жизни грамотного крестьянства календарь, он задумал вложить в установившуюся форму разумное содержание. Помимо обычных сведений, включающихся в календарь, были подобраны тексты <hi style="opdelimiter">из</hi><hi style="opnumber">415</hi> <hi style="npnumber">416</hi><hi style="npdelimiter">Евангелия</hi> и пословицы на каждый день; а к каждому месяцу приложена статья о крестьянских работах на это время. После долгих мытарств по цензурам, 7—10 января 1887 г., календарь, хотя и с большими изменениями и урезками, наконец, был разрешен петербургской цензурой и вышел из печати под названием: «Календарь с пословицами на 1887 г.» Спб. 1887, типография Е. Евдокимова. См. П. И. Бирюков, «Как Л. Н. Толстой составлял народный календарь» — «Всеобщий ежемесячник», 1911, XI. Еще см. т. 39.</note> Я въ Москвѣ и радъ буду васъ видѣть, если пріѣдете.</p>
<p rend="right">Л. Толстой.</p>
<p rend="left"><hi>На обороте:</hi></p>
<p rend="left">Москва. У Ильинскихъ воротъ. Книжная торговля Сытина. Ивану Дмитріевичу Сытину.</p>
<comments><p rend="Textpetit_otstup left">Печатается по автографу (письмо открытое), хранящемуся в ГИМ, в бумагах А. П. Бахрушина. Публикуется впервые. Датируется на основании почтового штемпеля: Москва 24 ноября 1886.</p>
<p rend="left">Иван Дмитриевич Сытин (род. в начале января 1851 г.) — книгопродавец и издатель; родился в селе Гнездникове Костромской губ., Солигаличского у., в семье волостного писаря. Учился в сельской школе. С малых лет ходил со своим дядей в отхожие промыслы. 13 сентября 1866 г. приехал в Москву, где поступил (по протекции одного коломенского купца, у которого он работал на Нижегородской ярмарке в меховой лавке) «мальчиком» в книжную лавку Петра Николаевича Шарапова, находившуюся у Ильинских ворот. Через четыре года был переведен на должность приказчика. Благодаря своему природному уму и предприимчивости, он скоро выдвинулся на этой работе, сумев развить дело распространения лубочной литературы и картин для народа, бывшее одной из самых доходных областей тогдашнего книжного дела. В 1876 г. организовал собственную литографию (в кредит, с поручительством хозяина, на половину стоимости). В 1883 г. в товариществе с Д. А. Варопаевым, В. А. Нечаевым и И. И. Соколовым открыл свою книжную торговлю на Старой площади, в небольшой лавочке. В ноябре 1884 г. по предложению В. Г. Черткова занялся изданием книжек «Посредника», тогда еще только организующегося. Успех этих изданий (чему способствовали как идейность содержания, так и дешевизна их) среди народа и среди наиболее передовой интеллигенции доставил Сытину широкую известность. В первые четыре года было распространено около двенадцати миллионов брошюр. Первоначальный успех этого дела помог и его дальнейшему расширению, дошедшему впоследствии до грандиозных размеров. В 1884 году Товарищество открыло уже вторую книжную торговлю в Москве на Никольской улице. В 1885 году приобрело собственную типографию, которую устроило вместе со своей литографией на Пятницкой улице (в Москве). В 1888 г. Товарищество открыло книжную торговлю в Петербурге на Садовой улице, в здании Гостиного двора. В 1893 году приобрело типолитографию в Москве на Валовой улице; открыло новые отделения в Москве, в доме «Славянского базара» и в Киеве на Подоле. В 1899 г. — в Екатеринбурге, в Одессе и Воронеже; в 1903 г. — в Харькове; в 1904 г. <hi style="opdelimiter">—</hi><hi style="opnumber">414</hi> <hi style="npnumber">415</hi><hi style="npdelimiter">в</hi> Иркутске и Ростове на Дону; в 1907 г. — в Москве на Тверской улице; в 1908 г. — в Петербурге, на Невском; в 1911 г. — в Софии (Болгария).</p>
<p rend="petit left">Начавши свою деятельность с грошевых операций, в последние годы т-во И. Д. Сытина исчисляло свои обороты в десятках миллионов рублей. На ряду с лубочной литературой, стали появляться и более капитальные издания, по всем отраслям литературы и науки. Издаются классики, как собраниями сочинений, так и отдельными изданиями. Много книг выходит по вопросам педагогики, общественно-юридическим и политико-экономическим, по вопросам промышленного образования и сельского хозяйства. Громадный отдел книг для детского чтения. Особую отрасль составило издание народного календаря, распространявшегося в последние годы, приблизительно, в десяти миллионах экземпляров.</p>
<p rend="petit left">Помимо этого к издательству И. Д. Сытина переходят периодические издания. Так 22 июня 1891 г. — журнал «Вокруг света»; а в 1899 году — газета «Русское слово», вскоре приобретшие большую известность и расходившиеся в сотнях тысяч экземпляров. В 1901 г. товарищество организовало также свой журнал «Искру».</p>
<p rend="petit left">В своей деятельности И. Д. Сытин, неустанно стремившийся к расширению дела, ставил целью улучшение и возможное удешевление выпускаемой книги, чтобы она действительно стала доступной простому народу. Нельзя не упомянуть о стремлении его улучшить и качество книги со стороны ее внутреннего содержания. С. Ф. Ольденбург в своей статье «Страница из истории преобразования лубочных книг» («Полвека для книги». М. 1916) писал: «Сытин угадал большую силу и жизненность, лежавшие в основе этого дела [т. е. дела народного издания]. — Пробуждавшаяся Россия, еще скованная тогда тяжкими условиями жизни, жаждала света и книги. Но нужно было итти вперед осторожно, пользоваться проторенными лубком путями в деревню: как недоверчивая и темная она принимала охотно только то, что ей было известно издавна, и боялась всякого новшества. И Сытин понимал, что на этот новый путь можно уже вступить только в союзе с силами умственными и культурными, что он и сделал, и в чем великая его заслуга».</p>
<p rend="petit left">С Толстым И. Д. Сытин познакомился в конце 1884 г., на почве издания книг для народа. Первый указал на него Толстому В. Г. Чертков, как на наиболее подходящего издателя в связи с организующимся народным издательством «Посредник». Толстой сам пришел к И. Д. Сытину в лавочку (у Ильинских ворот). Состоявшееся таким образом знакомство уже не прерывалось до самой смерти Толстого. И. Д. Сытиным в 1913 г. издано «Полное собрание сочинений Л. Н. Толстого» в двадцати томах, и второе в том же году в двадцати четырех томах (в двух вариантах).</p>
<p rend="petit left">О Сытине см. «Полвека для книги. Литературно-художественный сборник, посвященный 50-летию деятельности И. Д.Сытина» М. 1916.</p>
<p rend="Textpetit_otstup left"><hi>1</hi> В конце 1886 г., только что окончив драму «Власть тьмы», Толстой взялся за составление народного «календаря». Понимая какое громадное значение имеет в жизни грамотного крестьянства календарь, он задумал вложить в установившуюся форму разумное содержание. Помимо обычных сведений, включающихся в календарь, были подобраны тексты <hi style="opdelimiter">из</hi><hi style="opnumber">415</hi> <hi style="npnumber">416</hi><hi style="npdelimiter">Евангелия</hi> и пословицы на каждый день; а к каждому месяцу приложена статья о крестьянских работах на это время. После долгих мытарств по цензурам, 7—10 января 1887 г., календарь, хотя и с большими изменениями и урезками, наконец, был разрешен петербургской цензурой и вышел из печати под названием: «Календарь с пословицами на 1887 г.» Спб. 1887, типография Е. Евдокимова. См. П. И. Бирюков, «Как Л. Н. Толстой составлял народный календарь» — «Всеобщий ежемесячник», 1911, XI. Еще см. т. 39.</p>
</comments></div></body>
        </text>
        </TEI>