<?xml version="1.0" encoding="UTF-8"?>
    <!-- <?xml-stylesheet type="text/xsl" target="../resources/MJT/myletter.xsl"?> -->
    <?xml-stylesheet type="css" target="graves.css"?>
    <?xml-model target="http://www.tei-c.org/release/xml/tei/custom/schema/relaxng/tei_all.rng" type="application/xml" schematypens="http://relaxng.org/ns/structure/1.0"?>
    <?xml-model target="http://www.tei-c.org/release/xml/tei/custom/schema/relaxng/tei_all.rng" type="application/xml"
            schematypens="http://purl.oclc.org/dsdl/schematron"?>
    <TEI xmlns="http://www.tei-c.org/ns/1.0">
       <teiHeader>
          <fileDesc>
             <titleStmt>
                <title>Письмо №94. С. А. Толстой</title>
             </titleStmt>
             <publicationStmt>
                <publisher>TolstoyLab</publisher>
                <date when="2015-09-14">14 September 2015</date>
             </publicationStmt>
             <sourceDesc>
                <biblStruct>
                   <analytic>
                      <author>Толстой Л.Н.</author>
                   </analytic>
                   <monogr>
                      <title level="m">Полное собрание сочинений. Том 83</title>
                      <imprint>
                         <pubPlace>Москва</pubPlace>
                         <publisher>Государственное издательство "Художественная литература"</publisher>
                         <date when="1938"/>
                      </imprint>
                   </monogr>
                   <series>
                      <title level="s">Л.Н. Толстой. Полное собрание сочинений</title>
                      <biblScope unit="vol">83</biblScope>
                   </series>
                </biblStruct>
				<bibl>Печатается по автографу, хранящемуся в АТБ. Впервые опубликовано по копии, сделанной С. А. Толстой, в ПЖ, стр. 89—90.</bibl>
             </sourceDesc>
          </fileDesc>
          <encodingDesc>
             <tagsDecl> </tagsDecl>
          </encodingDesc>
          <profileDesc>
             <correspDesc>
                <correspAction type="sending">
                   <persName ref="PersonList.xml#L_N_Tolstoy">Л. Н. Толстой</persName>
                   <placeName ref="PlacesListxml#PLACE">Каралык.</placeName>
                   <date when="1871-06-29">1871 г. Июня 29.</date>            </correspAction>
                <correspAction type="receiving">
                   <persName ref="PersonList.xml#RECEIVER">Толстая Софья Андреевна</persName>
                </correspAction>
                <correspContext>
                   <ref type="prev"></ref>
                </correspContext>
             </correspDesc>
          </profileDesc>
       </teiHeader>
       <xenoData><number type="in a volume">94</number></xenoData>

       <text xml:id="a29_94">
	<body><div>
		<opener index="false">
94.
1871 г. Июня 29. Каралык.</opener>
<p rend="left">Пишу изъ Бузулука. Это 90 верстъ отъ насъ. Мы проѣхали сюда съ Степой вдвоемъ, переночевали и нынче, 29 вечеромъ ѣдемъ домой. Поѣздка очень удалась. Здоровье мое хорошо; и такъ хорошо, что послѣ усталости и недоспанной ночи <hi style="opdelimiter">дорогой,</hi><hi style="opnumber">192</hi> <hi style="npnumber">193</hi><hi style="npdelimiter">я,</hi> вмѣсто того, чтобы не спать, спалъ такъ, что не слыхалъ клоповъ, кот[орые] (когда я проснулся, увидалъ) всего обсыпали меня. Ярмар[ка] очень интересная и большая. Такой настоящей, сельской и большой ярмарки я не видалъ еще.</p>
<p rend="left">Разныхъ народовъ больше 10, табуны Киргизскихъ лошадей, уральскихъ,<note xml:id="note1" resp="volume_editor" index="false"> О посещении ярмарки, которую описывает Толстой, С. А. Берс пишет: «Мы сделали еще одну поездку вдвоем на Петровскую ярмарку в г. Бузулук за 70 верст. Поехали мы на одной лошади в небольших дрогах и взяли с собой запас кумыса в небольшом турсуке. Ярмарка отличалась пестротой и разнообразием племен: русские мужики, уральские казаки, башкиры и киргизы, и в этой толпе Лев Николаевич расхаживал со свойственной ему любознательностью и со всеми заговаривал. Даже с пьяными он не боялся вступать в разговор. Какой-то пьяный мужик вздумал обнять его от избытка добродушия, но строгий и внушительный взгляд Л. Н-ча остановил его. Мужик сам опустил свои руки и сказал: «нет, ничаво, нябось» («Воспоминания о Толстом», стр. <hi style="opdelimiter">55).</hi><hi style="opnumber">193</hi></note> сибирскихъ. —</p>
<p rend="left">Пишу только, чтобы воспользоваться прямымъ сообщеніемъ, a подробнѣе буду писать послѣ. Кромѣ того, телеграфирую.<note xml:id="note2" resp="volume_editor" index="false"> Телеграмма эта не сохранилась. С. А. Толстая писала о получении ее 30 июня ночью: «Вчера я получила твою телеграмму, и с тех пор я весела, опять сильна и бодра духом. Милый, ты знал, что ты меня опять этим поставишь нравственно на ноги, и ты действительно это сделал. Я вдруг опять всех полюбила, только оттого, что ты <hi>весел</hi>, <hi>жив</hi> и <hi>здоров</hi>, как пишешь в телеграмме, и что, надеюсь, правда. Поправляйся и не спеши домой, благо не очень тяжело тебе, и потому и мне». (ПСТ, стр. 106.)</note> —</p>
<p rend="left">Я нашелъ средство телеграфировать мнѣ въ Самару. Именно, если случится что-нибудь необыкновенное, то телеграфируй: въ Самару, Гр[афу] Толстому. Нотаріусу Аляеву.<note xml:id="note3" resp="volume_editor" index="false"> Сергей Федорович Аляев, городской нотариус, живший в Самаре на Дворянской улице в доме Новикова.</note> — Этотъ нотаріусъ знакомый однаго изъ кумысниковъ, и я просилъ его объ томъ, чтобы въ случаѣ телеграммы переслать мнѣ ее съ нарочнымъ. Имѣй только въ виду, что пересылка съ нарочнымъ можетъ стоить до Каралыка около 20-ти рублей. Я нынче телеграфирую тебѣ, чтобы тебя повеселить, а самъ не могу получить того же. Думалъ я дослать съ отвѣтомъ, но разсчелъ, что пока придетъ да перешлется изъ Тулы или Ясенковъ,<note xml:id="note4" resp="volume_editor" index="false"> Ясенки, ныне Щёкино — станция Московско-Курской железной дороги, в семи верстах от Ясной поляны.</note> я не дождусь. Да что телеграммы. И хорошее и дурное не имѣетъ времени. Раньше ли, послѣ. Настоящее хорошее и дурное.</p>
<p rend="left">Офенбергу<note xml:id="note5" resp="volume_editor" index="false"> Барон Федор Иванович Оффенберг (1839—1872), полковник лейб-гвардии гусарского полка, владел Алябьевым, имением близ Никольского-Вяземского, Чернского уезда Тульской губернии; о нем С. А. Толстая писала в письме от 13 июня: «От Оффенберга получила глупейшее письмо полное ошибок. Он пишет, что: «именье в сущности не мое, а брата, имейте дело с ним; а я хотя и нахожу, что менее 90 000 р. не выгодно продать Алябьево, но если брат согласен, то я никаких препятствий делать не буду, если брат согласится продать и за 80 000 р.» Если ты хочешь отнестись к брату, так как этот, очевидно, ничего не значит, то вот его адрес до 15 июля: «В Варшаву в расположение 5-го гусарского Александрийского полка, полковому командиру барону Петру Ивановичу Оффенберг. Если ты ему будешь писать, то напиши, что брат его тебе писал, чтоб ты к нему отнесся». П. И. Оффенберг — полковник, флигель-адъютант с 1861 г., с 1874 г. отставной генерал-майор, позднее заведывал лифляндской конюшней.</note> я рѣшилъ ничего не отвѣчать. Можетъ быть, онъ самъ или братъ еще напишутъ, тогда видно будетъ, притомъ здѣшняя покупка застилаете всѣ другія. — Что Любовь Александровна?<note xml:id="note6" resp="volume_editor" index="false"> С. А. Толстая писала о Любови Александровне Берс 21 июня 1871 г.: «Мама сегодня стала пить воды, здоровье ее лучше, но не совсем еще хорошо. Она бодра, помогает нам в доме и с детьми. Читает очень много и гуляет с детьми. Я вчера вечером ей собирала старые книги: «Revue des deux Mondes», и она хочет читать теперь «Le roman d’une honnête femme» («Роман честной женщины»); если помнишь, нам очень нравилось, Cherbullier». (ПСТ, стр. 97.)</note> Какъ я радъ, что ей лучше.</p>
<p rend="left">Придумай же устроить ее попокойнѣе. — Нынче 2 недѣли, что я на кумысѣ, <hi>1</hi>/<sub>3</sub>. Ужасно считаю дни. —</p>
<p rend="left">Прощай, душенька, цѣлую тебя, цѣлуй всѣхъ.</p>
<p rend="left">29 Іюня.</p>
<comments><p rend="Textpetit_otstup left">Печатается по автографу, хранящемуся в АТБ. Впервые опубликовано по копии, сделанной С. А. Толстой, в ПЖ, стр. 89—90.</p>
<p rend="Textpetit_otstup left"><hi>1</hi> О посещении ярмарки, которую описывает Толстой, С. А. Берс пишет: «Мы сделали еще одну поездку вдвоем на Петровскую ярмарку в г. Бузулук за 70 верст. Поехали мы на одной лошади в небольших дрогах и взяли с собой запас кумыса в небольшом турсуке. Ярмарка отличалась пестротой и разнообразием племен: русские мужики, уральские казаки, башкиры и киргизы, и в этой толпе Лев Николаевич расхаживал со свойственной ему любознательностью и со всеми заговаривал. Даже с пьяными он не боялся вступать в разговор. Какой-то пьяный мужик вздумал обнять его от избытка добродушия, но строгий и внушительный взгляд Л. Н-ча остановил его. Мужик сам опустил свои руки и сказал: «нет, ничаво, нябось» («Воспоминания о Толстом», стр. <hi style="opdelimiter">55).</hi><hi style="opnumber">193</hi></p>
<p rend="petit left"><hi>2</hi> Телеграмма эта не сохранилась. С. А. Толстая писала о получении ее 30 июня ночью: «Вчера я получила твою телеграмму, и с тех пор я весела, опять сильна и бодра духом. Милый, ты знал, что ты меня опять этим поставишь нравственно на ноги, и ты действительно это сделал. Я вдруг опять всех полюбила, только оттого, что ты <hi>весел</hi>, <hi>жив</hi> и <hi>здоров</hi>, как пишешь в телеграмме, и что, надеюсь, правда. Поправляйся и не спеши домой, благо не очень тяжело тебе, и потому и мне». (ПСТ, стр. 106.)</p>
<p rend="petit left"><hi>3</hi> Сергей Федорович Аляев, городской нотариус, живший в Самаре на Дворянской улице в доме Новикова.</p>
<p rend="petit left"><hi>4</hi> Ясенки, ныне Щёкино — станция Московско-Курской железной дороги, в семи верстах от Ясной поляны.</p>
<p rend="petit left"><hi>5</hi> Барон Федор Иванович Оффенберг (1839—1872), полковник лейб-гвардии гусарского полка, владел Алябьевым, имением близ Никольского-Вяземского, Чернского уезда Тульской губернии; о нем С. А. Толстая писала в письме от 13 июня: «От Оффенберга получила глупейшее письмо полное ошибок. Он пишет, что: «именье в сущности не мое, а брата, имейте дело с ним; а я хотя и нахожу, что менее 90 000 р. не выгодно продать Алябьево, но если брат согласен, то я никаких препятствий делать не буду, если брат согласится продать и за 80 000 р.» Если ты хочешь отнестись к брату, так как этот, очевидно, ничего не значит, то вот его адрес до 15 июля: «В Варшаву в расположение 5-го гусарского Александрийского полка, полковому командиру барону Петру Ивановичу Оффенберг. Если ты ему будешь писать, то напиши, что брат его тебе писал, чтоб ты к нему отнесся». П. И. Оффенберг — полковник, флигель-адъютант с 1861 г., с 1874 г. отставной генерал-майор, позднее заведывал лифляндской конюшней.</p>
<p rend="petit left"><hi>6</hi> С. А. Толстая писала о Любови Александровне Берс 21 июня 1871 г.: «Мама сегодня стала пить воды, здоровье ее лучше, но не совсем еще хорошо. Она бодра, помогает нам в доме и с детьми. Читает очень много и гуляет с детьми. Я вчера вечером ей собирала старые книги: «Revue des deux Mondes», и она хочет читать теперь «Le roman d’une honnête femme» («Роман честной женщины»); если помнишь, нам очень нравилось, Cherbullier». (ПСТ, стр. 97.)</p>
</comments></div></body>
        </text>
        </TEI>