<?xml version="1.0" encoding="UTF-8"?>
    <!-- <?xml-stylesheet type="text/xsl" target="../resources/MJT/myletter.xsl"?> -->
    <?xml-stylesheet type="css" target="graves.css"?>
    <?xml-model target="http://www.tei-c.org/release/xml/tei/custom/schema/relaxng/tei_all.rng" type="application/xml" schematypens="http://relaxng.org/ns/structure/1.0"?>
    <?xml-model target="http://www.tei-c.org/release/xml/tei/custom/schema/relaxng/tei_all.rng" type="application/xml"
            schematypens="http://purl.oclc.org/dsdl/schematron"?>
    <TEI xmlns="http://www.tei-c.org/ns/1.0">
       <teiHeader>
          <fileDesc>
             <titleStmt>
                <title>Письмо №14. П. М. Дарагану.</title>
             </titleStmt>
             <publicationStmt>
                <publisher>TolstoyLab</publisher>
                <date when="2015-09-14">14 September 2015</date>
             </publicationStmt>
             <sourceDesc>
                <biblStruct>
                   <analytic>
                      <author>Толстой Л.Н.</author>
                   </analytic>
                   <monogr>
                      <title level="m">Полное собрание сочинений. Том 61</title>
                      <imprint>
                         <pubPlace>Москва</pubPlace>
                         <publisher>Государственное издательство "Художественная литература"</publisher>
                         <date when="1953"/>
                      </imprint>
                   </monogr>
                   <series>
                      <title level="s">Л.Н. Толстой. Полное собрание сочинений</title>
                      <biblScope unit="vol">61</biblScope>
                   </series>
                </biblStruct>
				<bibl>Впервые опубликовано в «Летописях Государственного литературного музея», кн. 12, М. 1948, стр. 9.</bibl>
             </sourceDesc>
          </fileDesc>
          <encodingDesc>
             <tagsDecl> </tagsDecl>
          </encodingDesc>
          <profileDesc>
             <correspDesc>
                <correspAction type="sending">
                   <persName ref="PersonList.xml#L_N_Tolstoy">Л. Н. Толстой</persName>
                   <placeName ref="PlacesListxml#PLACE">Я. П.</placeName>
                   <date when="1863-04-19">1863 г. Апреля 19.</date>            </correspAction>
                <correspAction type="receiving">
                   <persName ref="PersonList.xml#RECEIVER">Дараган Петр Михайлович</persName>
                </correspAction>
                <correspContext>
                   <ref type="prev"></ref>
                </correspContext>
             </correspDesc>
          </profileDesc>
       </teiHeader>
       <xenoData><number type="in a volume">14</number></xenoData>

              <text xml:id="P__M__Daraganu_14">
	<body><div>
		<opener index="false">
14. П. М. Дарагану.
1863 г. Апреля 19. Я. П.
</opener>
<p rend="Obrashenie left">Ваше превосходительство</p>
<p rend="Obrashenie1_">милостивый государь, Петр Михайлович,</p>
<p rend="left">Анатолий Константинович Томашевский,<note xml:id="note1" resp="volume_editor" index="false"> Анатолий Константинович Томашевский (1841—1907), исключенный из Московского университета за участие в студенческой демонстрации 1861 г., был приглашен Толстым в организованную им школу в с. Колпне, где проработал с весны 1862 до весны 1863 г., когда оставил педагогическую работу и поступил управляющим Ясной Поляны. См. о нем т. 8, стр. 516—517.</note> который передаст вам это письмо, подлежит той самой странной и неприятной участи, которая поставила и г-на Болля (который был у вас в прошлом году)<note xml:id="note2" resp="volume_editor" index="false"> См. письма Толстого Н. Л. фон-Боолю от 11 сентября 1862 г., т. 60, № 254, и П. М. Дарагану от 30 сентября 1862 г., т. 60, № 259.</note> в самое дурное незаслуженное положение. Будьте так добры, выслушайте г-на Томашевского и дайте ему совет в отношении намерения его подать его письмо его величеству для того, чтобы выдти из столь тяжелого и безвыходного положения.<note xml:id="note3" resp="volume_editor" index="false"> Хлопоты Толстого о Томашевском и самого Томашевского на этот раз имели успех: в 1863 г. Томашевскому было разрешено поступить в Московский университет; но в 1866 г. он был арестован (по каракозовскому делу) и выслан.</note></p>
<p rend="left">С совершенным и истинным почтением и преданностью имею честь быть</p>
<p rend="left">Вашего превосходительства покорный слуга</p>
<p rend="right">гр. Л. Толстой.</p>
<p rend="left">19 апреля 1863.</p>
<comments><p rend="Textpetit_otstup left">Впервые опубликовано в «Летописях Государственного литературного музея», кн. 12, М. 1948, стр. 9.</p>
<p rend="petit left">Петр Михайлович Дараган (1800—1875) — тульский военный и гражданский губернатор с 1850 по 1865 г.</p>
<p rend="Textpetit_otstup left"><hi>1</hi> Анатолий Константинович Томашевский (1841—1907), исключенный из Московского университета за участие в студенческой демонстрации 1861 г., был приглашен Толстым в организованную им школу в с. Колпне, где проработал с весны 1862 до весны 1863 г., когда оставил педагогическую работу и поступил управляющим Ясной Поляны. См. о нем т. 8, стр. 516—517.</p>
<p rend="petit left"><hi>2</hi> См. письма Толстого Н. Л. фон-Боолю от 11 сентября 1862 г., т. 60, № 254, и П. М. Дарагану от 30 сентября 1862 г., т. 60, № 259.</p>
<p rend="petit left"><hi>3</hi> Хлопоты Толстого о Томашевском и самого Томашевского на этот раз имели успех: в 1863 г. Томашевскому было разрешено поступить в Московский университет; но в 1866 г. он был арестован (по каракозовскому делу) и выслан.</p>
</comments></div></body>
        </text>
        </TEI>