<?xml version="1.0" encoding="UTF-8"?>
    <!-- <?xml-stylesheet type="text/xsl" target="../resources/MJT/myletter.xsl"?> -->
    <?xml-stylesheet type="css" target="graves.css"?>
    <?xml-model target="http://www.tei-c.org/release/xml/tei/custom/schema/relaxng/tei_all.rng" type="application/xml" schematypens="http://relaxng.org/ns/structure/1.0"?>
    <?xml-model target="http://www.tei-c.org/release/xml/tei/custom/schema/relaxng/tei_all.rng" type="application/xml"
            schematypens="http://purl.oclc.org/dsdl/schematron"?>
    <TEI xmlns="http://www.tei-c.org/ns/1.0">
       <teiHeader>
          <fileDesc>
             <titleStmt>
                <title>Письмо №* 259. П. И. Бартеневу.</title>
             </titleStmt>
             <publicationStmt>
                <publisher>TolstoyLab</publisher>
                <date when="2015-09-14">14 September 2015</date>
             </publicationStmt>
             <sourceDesc>
                <biblStruct>
                   <analytic>
                      <author>Толстой Л.Н.</author>
                   </analytic>
                   <monogr>
                      <title level="m">Полное собрание сочинений. Том 61</title>
                      <imprint>
                         <pubPlace>Москва</pubPlace>
                         <publisher>Государственное издательство "Художественная литература"</publisher>
                         <date when="1953"/>
                      </imprint>
                   </monogr>
                   <series>
                      <title level="s">Л.Н. Толстой. Полное собрание сочинений</title>
                      <biblScope unit="vol">61</biblScope>
                   </series>
                </biblStruct>
             </sourceDesc>
          </fileDesc>
          <encodingDesc>
             <tagsDecl> </tagsDecl>
          </encodingDesc>
          <profileDesc>
             <correspDesc>
                <correspAction type="sending">
                   <persName ref="PersonList.xml#L_N_Tolstoy">Л. Н. Толстой</persName>
                   <placeName ref="PlacesListxml#PLACE">Москва.</placeName>
                   <date when="1868-04-28">1868 г. Апреля 28.</date>            </correspAction>
                <correspAction type="receiving">
                   <persName ref="PersonList.xml#RECEIVER">Бартенев Петр Иванович</persName>
                </correspAction>
                <correspContext>
                   <ref type="prev"></ref>
                </correspContext>
             </correspDesc>
          </profileDesc>
       </teiHeader>
       <xenoData><number type="in a volume">259</number></xenoData>

              <text xml:id="P__I__Bartenevu_259">
	<body><div>
		<opener index="false">
* 259. П. И. Бартеневу.
1868 г. Апреля 28...30. Москва.</opener>
<p rend="left">Будьте так добры, Петр Иванович, передайте Н. В. Путяте<note xml:id="note1" resp="volume_editor" index="false"> Николай Васильевич Путята (1802—1877) — автор «Обозрения жизни Александра I», сотрудник журнала «Русский архив», с 1862 г. действительный член «Общества любителей российской словесности», а в 1866—1872 гг. временный председатель его.</note> из сверстанного то, что вы найдете удобным для прочтения в обществе.<note xml:id="note2" resp="volume_editor" index="false"> В «Обществе любителей российской словесности при Московском университете».</note></p>
<p rend="left">Я думаю, больше ничто не годится, как разговоры на Поклонной Горе и военный совет.</p>
<p rend="right">Гр. Л. Толстой.</p>
<comments><p rend="Textpetit_otstup left">Датируется по письму Н. В. Путяты к П. И. Бартеневу от 1 мая 1868 г., в котором он благодарил «за доставленные отрывки из романа гр. Л. Н. гр. Толстого».</p>
<p rend="Textpetit_otstup left"><hi>1</hi> Николай Васильевич Путята (1802—1877) — автор «Обозрения жизни Александра I», сотрудник журнала «Русский архив», с 1862 г. действительный член «Общества любителей российской словесности», а в 1866—1872 гг. временный председатель его.</p>
<p rend="petit left"><hi>2</hi> В «Обществе любителей российской словесности при Московском университете».</p>
<p rend="left">5 мая 1868 г. на публичном заседании Общества действительный член Г. В. Кугушев прочел отрывок из романа Толстого «Война и мир» («Общество любителей российской словесности... Исторические записи и материалы за сто лет. 1811—1911», М. 1911, стр. 126). Кроме этого, в 1868 <hi style="opdelimiter">г.</hi><hi style="opnumber">199</hi></p>
<p rend="petit left"><hi style="npnumber">200</hi><hi style="npdelimiter">было</hi> еще два публичных чтения отрывков из «Войны и мира»: первое — 17 января на литературном собрании в пользу «Славянского благотворительного комитета» (см. прим. 8 к письму № 244); второе — 7 марта на вечере, устроенном А. А. Фетом в пользу голодающих Мценского уезда, где Г. В. Кугушев читал отрывок об отступлении войск от Смоленска (т. IV, ч. II, гл. V первого и т. III, ч. II, гл. V настоящего издания).</p>
<p rend="petit left">Впервые отрывки из «Войны и мира» читались 21 ноября и 3 декабря 1867 г. в «Обществе любителей российской словесности».</p>
</comments></div></body>
        </text>
        </TEI>