<?xml version="1.0" encoding="UTF-8"?>
    <!-- <?xml-stylesheet type="text/xsl" target="../resources/MJT/myletter.xsl"?> -->
    <?xml-stylesheet type="css" target="graves.css"?>
    <?xml-model target="http://www.tei-c.org/release/xml/tei/custom/schema/relaxng/tei_all.rng" type="application/xml" schematypens="http://relaxng.org/ns/structure/1.0"?>
    <?xml-model target="http://www.tei-c.org/release/xml/tei/custom/schema/relaxng/tei_all.rng" type="application/xml"
            schematypens="http://purl.oclc.org/dsdl/schematron"?>
    <TEI xmlns="http://www.tei-c.org/ns/1.0">
       <teiHeader>
          <fileDesc>
             <titleStmt>
                <title>Письмо №318. С. А. Толстой</title>
             </titleStmt>
             <publicationStmt>
                <publisher>TolstoyLab</publisher>
                <date when="2015-09-14">14 September 2015</date>
             </publicationStmt>
             <sourceDesc>
                <biblStruct>
                   <analytic>
                      <author>Толстой Л.Н.</author>
                   </analytic>
                   <monogr>
                      <title level="m">Полное собрание сочинений. Том 83</title>
                      <imprint>
                         <pubPlace>Москва</pubPlace>
                         <publisher>Государственное издательство "Художественная литература"</publisher>
                         <date when="1938"/>
                      </imprint>
                   </monogr>
                   <series>
                      <title level="s">Л.Н. Толстой. Полное собрание сочинений</title>
                      <biblScope unit="vol">83</biblScope>
                   </series>
                </biblStruct>
				<bibl>Печатается по автографу, хранящемуся в АТБ. Впервые опубликовано по копии, сделанной С. А. Толстой, в ПЖ, стр. 264—266, с пропуском слов, касающихся сыновей Сергея и Ильи Львовичей Толстых и фразы, относящейся к В. Г. Черткову («Он очень замечательный человек»). Датируется на основании почтовых штемпелей: «Мисхорская п. с. 18 марта. 1885; Москва. 22 марта 1885» и слов письма: «Третьего дня написал тебе вечером письмо».</bibl>
             </sourceDesc>
          </fileDesc>
          <encodingDesc>
             <tagsDecl> </tagsDecl>
          </encodingDesc>
          <profileDesc>
             <correspDesc>
                <correspAction type="sending">
                   <persName ref="PersonList.xml#L_N_Tolstoy">Л. Н. Толстой</persName>
                   <placeName ref="PlacesListxml#PLACE">Симеиз.</placeName>
                   <date when="1885-03-18">1885 г. Марта 18.</date>            </correspAction>
                <correspAction type="receiving">
                   <persName ref="PersonList.xml#RECEIVER">Толстая Софья Андреевна</persName>
                </correspAction>
                <correspContext>
                   <ref type="prev"></ref>
                </correspContext>
             </correspDesc>
          </profileDesc>
       </teiHeader>
       <xenoData><number type="in a volume">318</number></xenoData>

       <text xml:id="a18_318">
	<body><div>
		<opener index="false">
318.
1885 г. Марта 18. Симеиз.</opener>
<p rend="left">Третьяго дня написалъ тебѣ вечеромъ письмо, милый другъ, послѣ полученія твоихъ 3-хъ писемъ въ Крымъ, к[оторыя] я всѣ получилъ заразъ. Прочелъ я въ этихъ письмахъ твое описаніе жизни мальчиковъ старшихъ — Сережи — цыгане и деньги и Илюши до половины ночи у Боянуса и грустно стало, и я написалъ длинное письмо о разныхъ предметахъ и между прочимъ объ этомъ нѣсколько словъ не добрыхъ относительно мальчиковъ и послалъ это письмо, а нынче совѣстно стало и беру это письмо назадъ.<note xml:id="note1" resp="volume_editor" index="false"> Письмо это, однако, было послано, о чем свидетельствует почтовый штемпель.</note> Описываю, вновь мои два дня. Живу я у С[ергѣя] И[вановича] Мальцова, встаю рано. Третьяго <hi style="opdelimiter">дня</hi><hi style="opnumber">500</hi> <hi style="npnumber">501</hi><hi style="npdelimiter">пошелъ</hi> съ Урус[овымъ] въ татарскую деревню; тамъ встрѣтился съ старикомъ Татариномъ, к[оторый] шелъ въ гору на свой виноградникъ, и пошелъ съ нимъ. Онъ мнѣ сталъ показывать свою продажную землю, 6 дес[ятинъ] за 6,000 р. съ каштанами, виноградникомъ и т. п. Потомъ пришли еще выше, на другую его землю. Тамъ его 4 сына молодцы, отъ 27 до 16 лѣтъ, работаютъ заступами, перекапываютъ виноградникъ, сильные, здоровые, веселые. Оттуда поспѣлъ къ обѣду 12 ч[асовъ] домой. Мальцовъ совершенно Генералъ, к[отораго] играетъ дурной актеръ, преувеличивая. Все хвастается, немного напоминаетъ Ник[олая] Сергхѣевича] Воейкова.<note xml:id="note2" resp="volume_editor" index="false"> Николай Сергеевич Воейков, бывший офицер, «брат опекуна мальчиков Толстых [Александра Сергеевича]. Н. С. Воейков жил одно время при монастыре, но спился и был оттуда изгнан. Он бывал в Ясной поляне, часто очень пьяный, чудил, кривлялся, болтая всякий вздор» (н. п. С. А.). О нем см. Т. А. Кузминская, «Моя жизнь дома и в Ясной поляне», II, стр. 92—93, также Фет «Мои воспоминания», часть I, стр. 295. Описан Толстым в отрывке «Два путника».</note></p>
<p rend="left">Урусовъ — слабѣетъ, но духомъ хорошъ. Весь занятъ мыслью объ истинѣ жизни челов[ѣка]. Послѣ обѣда пошелъ на станцію за 7 верстъ и вернулся очень усталый, но здоровый.</p>
<p rend="left">Вчера опять въ 7-мъ часу всталъ, убралъ свою комнату и, пристыженный тѣмъ, что я ничего не работаю, сѣлъ за работу и написалъ для Черткова разсказецъ,<note xml:id="note3" resp="volume_editor" index="false"> В письме от 10 марта: «Леля играл сейчас с Кашевской на фортепиано и, кажется, очень усердно, он стал лучше»; от 13 марта: «Только Леля и Маша в порядке».</note> к[оторый] ему пошлю или привезу.</p>
<p rend="left">Послѣ обѣда взялъ лошадь верховую и поѣхалъ въ Ялту, за 20 в[ерстъ]. Нѣтъ слѣдовъ той Ялты, к[оторую] я зналъ, — великолѣпіе необыкновенное и развратъ цивилизаціи. Выѣзжая оттуда, встрѣтилъ старика и ужасно безобразную старушку; вглядѣлся и что жъ, это Аксаковъ<note xml:id="note4" resp="volume_editor" index="false"> Иван Сергеевич Аксаков.</note> съ женою<hi>5 </hi>— идутъ ко всенощной. Они говѣютъ. Я слѣзъ съ лошади и прошелъ съ ними сотню шаговъ. Пріѣхалъ домой очень усталый, но здоровый. И дорогой получилъ твое 4-е письмо, к[оторому] ужасно радъ. Ты пишешь хорошо. Несмотря на всѣ твои хлопоты, я вижу и чувствую тебя, какая ты есть. Радуюсь, что M-me Seuron поправляется, и тому, что ты озаботилась Василіемъ,<note xml:id="note5" resp="volume_editor" index="false"> С. А. Толстая писала 9 марта: «Ходила к Василию дворнику в сторожку. У него, должно быть, горячка. Такой жар, ужас! Я мерила градусником, вышло 39 и 5. Это очень много для взрослого и пожилого. Я его лечу, но думаю, что ему лучше в больницу отправиться, ему очень <hi style="opdelimiter">плохо</hi><hi style="opnumber">502</hi> <hi style="npnumber">503</hi><hi style="npdelimiter">в</hi> сторожке, где очень тесно и где столько народу; воздух плох. Он сам желает в больницу» (ПСТ, стр. 302).</note> и что ему лучше. — Про Таню<note xml:id="note6" resp="volume_editor" index="false"> 11 марта С. А. Толстая писала: «Таня и мадам [Сейрон] медленно поправляются, но гуляют понемногу» (стр. 305).</note> мнѣ не вѣрится (я вѣрю тебѣ), но не сходится съ моими воспоминаніями о ней, что она больна. Радуюсь, что ты Лелю<note xml:id="note7" resp="volume_editor" index="false"> В письме от 10 марта: «Леля играл сейчас с Кашевской на фортепиано и, кажется, очень усердно, он стал лучше»; от 13 марта: «Только Леля и Маша в порядке».</note> хвалишь. Очень чувствую связи мои съ вами и, не смотря на твое какъ бы разрѣшенье оставаться дольше, завтра хочу ѣхать въ Бахчисарай, съ тѣмъ чтобы 20-го сѣсть на жел[ѣзную] дор[огу]. — Здѣсь хорошо, но хорошо съ людьми своими и съ дѣломъ. Дѣло то, положимъ, есть мнѣ всегда, но какое то, слишкомъ ужъ легкое. А я привыкъ, особенно послѣдніе года, къ очень напряженному. И хотя ты и говоришь, что Дѣтство<note xml:id="note8" resp="volume_editor" index="false"> С. А. Толстая писала 11 марта: «получила корректуры «Детства». Как жаль, что нет тут первого издания; оно в Ясной. Держание корректур полных сочинений, я чувствую, мне всю душу переворотит. Твои старые писания на меня действуют страшно, и я много слез еще пролью, поправляя корректуры. Но это, я думаю, будет хорошо» (стр 305).</note><hi> </hi>лучше, я знаю, что нужнѣе, и послѣ чего моя совѣсть болѣе <hi style="opdelimiter">удовлетворена.</hi><hi style="opnumber">501</hi></p>
<p rend="left"><hi style="npnumber">502</hi><hi style="npdelimiter">Отъ</hi> Черткова получилъ сюда письмецо<note xml:id="note9" resp="volume_editor" index="false"> В письме от 9 марта В. Г. Чертков писал: «Лев Николаевич, присылаю вам на просмотр рассказ «Дядя Мартын». Я приложил листы чистой бумаги на случай, если вам придет в голову сделать какие-нибудь изменения или дополнения. Рассказ этот переделан с иностранного и совсем уже потерял автора, а потому мы можем совсем свободно обращаться с этим рассказом, а мысль его до такой степени важна и дорога, что желательно передать его возможно трогательнее и убедительнее». Рассказ «Дядя Мартын» был напечатан в переводе в журнале «Русский рабочий». Толстой переработал его под заглавием «Где любовь, там и бог». См. т. 25. Автор рассказа «Père Martin» — Р. Сайанс (R. Saillens).</note> и поощреніе къ работѣ. Я радъ, что его письмо тебя расположило къ нему. Онъ очень замѣчательный человѣкъ. — Урусовъ сейчасъ говоритъ изъ другой комнаты: Для того, чтобъ вывести хорошую породу животныхъ, нужно соединить извѣстныхъ свойствъ родителей. И безъ ошибки будутъ извѣстныхъ свойствъ потомки. Отчего этаго нѣтъ между людьми? Свойства родителей передаются въ животномъ отношеніи, но не передаются нравственныя, разумныя свойства. Свойства эти передаются другимъ путемъ, — не матерьяльнымъ, и независимо отъ рожденія. Духовное, нравственное, разумное есть, но оно совершенно независимо отъ физическаго. — Какъ это справедливо. Обнимаю тебя, душенька, и цѣлую дѣтей. —</p>
<lb/>
<p rend="left"><hi>На конвертпе:</hi> Москва. Хамовники, д. Гр. Толстаго, Графинѣ С. А. Толстой.</p>
<comments><p rend="Textpetit_otstup left">Печатается по автографу, хранящемуся в АТБ. Впервые опубликовано по копии, сделанной С. А. Толстой, в ПЖ, стр. 264—266, с пропуском слов, касающихся сыновей Сергея и Ильи Львовичей Толстых и фразы, относящейся к В. Г. Черткову («Он очень замечательный человек»). Датируется на основании почтовых штемпелей: «Мисхорская п. с. 18 марта. 1885; Москва. 22 марта 1885» и слов письма: «Третьего дня написал тебе вечером письмо».</p>
<p rend="Textpetit_otstup left"><hi>1</hi> Письмо это, однако, было послано, о чем свидетельствует почтовый штемпель.</p>
<p rend="petit left"><hi>2</hi> Николай Сергеевич Воейков, бывший офицер, «брат опекуна мальчиков Толстых [Александра Сергеевича]. Н. С. Воейков жил одно время при монастыре, но спился и был оттуда изгнан. Он бывал в Ясной поляне, часто очень пьяный, чудил, кривлялся, болтая всякий вздор» (н. п. С. А.). О нем см. Т. А. Кузминская, «Моя жизнь дома и в Ясной поляне», II, стр. 92—93, также Фет «Мои воспоминания», часть I, стр. 295. Описан Толстым в отрывке «Два путника».</p>
<p rend="petit left"><hi>3</hi> Рассказ «Ильяс» (текст к картине), впервые напечатан в 1886 г. Сытиным.</p>
<p rend="petit left"><hi>4</hi> Иван Сергеевич Аксаков.</p>
<p rend="petit left"><hi>5</hi> Анна Федоровна (1828—1889), рожд. Тютчева, дочь поэта. Фрейлина при Марии Александровне, жене Александра II. Ее воспоминания и дневники опубликованы в изд. Сабашниковых: А. Ф. Тютчева. «При дворе двух императоров», ч. I и II.</p>
<p rend="petit left"><hi>6</hi> С. А. Толстая писала 9 марта: «Ходила к Василию дворнику в сторожку. У него, должно быть, горячка. Такой жар, ужас! Я мерила градусником, вышло 39 и 5. Это очень много для взрослого и пожилого. Я его лечу, но думаю, что ему лучше в больницу отправиться, ему очень <hi style="opdelimiter">плохо</hi><hi style="opnumber">502</hi> <hi style="npnumber">503</hi><hi style="npdelimiter">в</hi> сторожке, где очень тесно и где столько народу; воздух плох. Он сам желает в больницу» (ПСТ, стр. 302).</p>
<p rend="petit left"><hi>7</hi> 11 марта С. А. Толстая писала: «Таня и мадам [Сейрон] медленно поправляются, но гуляют понемногу» (стр. 305).</p>
<p rend="petit left"><hi>8</hi> В письме от 10 марта: «Леля играл сейчас с Кашевской на фортепиано и, кажется, очень усердно, он стал лучше»; от 13 марта: «Только Леля и Маша в порядке».</p>
<p rend="petit left"><hi>9</hi> С. А. Толстая писала 11 марта: «получила корректуры «Детства». Как жаль, что нет тут первого издания; оно в Ясной. Держание корректур полных сочинений, я чувствую, мне всю душу переворотит. Твои старые писания на меня действуют страшно, и я много слез еще пролью, поправляя корректуры. Но это, я думаю, будет хорошо» (стр 305).</p>
<p rend="petit left"><hi>10</hi> В письме от 9 марта В. Г. Чертков писал: «Лев Николаевич, присылаю вам на просмотр рассказ «Дядя Мартын». Я приложил листы чистой бумаги на случай, если вам придет в голову сделать какие-нибудь изменения или дополнения. Рассказ этот переделан с иностранного и совсем уже потерял автора, а потому мы можем совсем свободно обращаться с этим рассказом, а мысль его до такой степени важна и дорога, что желательно передать его возможно трогательнее и убедительнее». Рассказ «Дядя Мартын» был напечатан в переводе в журнале «Русский рабочий». Толстой переработал его под заглавием «Где любовь, там и бог». См. т. 25. Автор рассказа «Père Martin» — Р. Сайанс (R. Saillens).</p>
</comments></div></body>
        </text>
        </TEI>