<?xml version="1.0" encoding="UTF-8"?>
    <!-- <?xml-stylesheet type="text/xsl" target="../resources/MJT/myletter.xsl"?> -->
    <?xml-stylesheet type="css" target="graves.css"?>
    <?xml-model target="http://www.tei-c.org/release/xml/tei/custom/schema/relaxng/tei_all.rng" type="application/xml" schematypens="http://relaxng.org/ns/structure/1.0"?>
    <?xml-model target="http://www.tei-c.org/release/xml/tei/custom/schema/relaxng/tei_all.rng" type="application/xml"
            schematypens="http://purl.oclc.org/dsdl/schematron"?>
    <TEI xmlns="http://www.tei-c.org/ns/1.0">
       <teiHeader>
          <fileDesc>
             <titleStmt>
                <title>Письмо №247. С. А. Толстой</title>
             </titleStmt>
             <publicationStmt>
                <publisher>TolstoyLab</publisher>
                <date when="2015-09-14">14 September 2015</date>
             </publicationStmt>
             <sourceDesc>
                <biblStruct>
                   <analytic>
                      <author>Толстой Л.Н.</author>
                   </analytic>
                   <monogr>
                      <title level="m">Полное собрание сочинений. Том 83</title>
                      <imprint>
                         <pubPlace>Москва</pubPlace>
                         <publisher>Государственное издательство "Художественная литература"</publisher>
                         <date when="1938"/>
                      </imprint>
                   </monogr>
                   <series>
                      <title level="s">Л.Н. Толстой. Полное собрание сочинений</title>
                      <biblScope unit="vol">83</biblScope>
                   </series>
                </biblStruct>
				<bibl>Печатается по автографу, хранящемуся в АТБ. Впервые опубликовано по копии, сделанной С. А. Толстой, в ПЖ, стр. 203. Датируется на основании почтовых штемпелей: «Почтовый вагон. 3 октября. 1883; Москва. 3 октября 1883» и пометы Толстого «воскресенье», которое падало на 2 октября 1883 г.</bibl>
             </sourceDesc>
          </fileDesc>
          <encodingDesc>
             <tagsDecl> </tagsDecl>
          </encodingDesc>
          <profileDesc>
             <correspDesc>
                <correspAction type="sending">
                   <persName ref="PersonList.xml#L_N_Tolstoy">Л. Н. Толстой</persName>
                   <placeName ref="PlacesListxml#PLACE">Я. П.</placeName>
                   <date when="1883-10-02">1883 г. Октября 2.</date>            </correspAction>
                <correspAction type="receiving">
                   <persName ref="PersonList.xml#RECEIVER">Толстая Софья Андреевна</persName>
                </correspAction>
                <correspContext>
                   <ref type="prev"></ref>
                </correspContext>
             </correspDesc>
          </profileDesc>
       </teiHeader>
       <xenoData><number type="in a volume">247</number></xenoData>

       <text xml:id="a2_247">
	<body><div>
		<opener index="false">
247.
1883 г. Октября 2. Я. П. </opener>
<p rend="Data right"><hi>Воскресенье, 12 часовъ ночи.</hi></p>
<p rend="left">Сейчасъ уѣхалъ Урусовъ, и я не успѣлъ писать тебѣ. Главное отъ того, что очень усталъ. Съ утра занялся, <hi style="opdelimiter">потомъ</hi><hi style="opnumber">399</hi> <hi style="npnumber">400</hi><hi style="npdelimiter">пошелъ</hi> съ нимъ за валдшнепами; исходили ужасно много и ничего не убили. Но усталъ я такъ, что послѣ обѣда заснулъ. Нынче получилъ гору коректуръ<note xml:id="note1" resp="volume_editor" index="false"> «В чем моя вера?»</note> изъ Ясенковъ. Постараюсь ихъ поправить, а не испортить. Твое замѣчаніе огорчило меня.<note xml:id="note2" resp="volume_editor" index="false"> С. А. Толстая писала 30 сентября: «перечитываю сегодня [корректуры] и нахожу, что в тетрадях <hi>чувства</hi> было больше, а в корректурах <hi>ума</hi> больше. Но первое лучше» (стр. 233).</note> Вчера получилъ твое 3-е письмо — не хорошее.<note xml:id="note3" resp="volume_editor" index="false"> В этом же письме от 30 сентября С. А. Толстая писала: «Всё дело с присяжными меня всё-таки ужасно встревожило: я хотела было идти к Феде Перфильеву спросить, что могут с тобой за это сделать, и побоялась, что тебе это не понравится. Но не получая ответа на телеграмму, начинаю беспокоиться, не схватили ли тебя. — Сколько еще горя будет впереди! И как ты мог скрывать что-нибудь от меня? Это меня огорчило, может быть я сама бы с тобой поехала. А теперь я думаю, авось ты скоро приедешь. Если только штраф, то куда ни шло; а если судить будут, то плохо дело. Я не знаю, что сделала бы я на твоем месте. Уже горячности молодой во имя какой-нибудь истины у меня, я думаю, не нашлось бы. Больше всего, я думаю, я думала бы о том, чтобы никого слишком не огорчать» (стр. 233—234).</note> Не дурное, но нехорошее тѣмъ, что ты, видно, встревожена. Какъ-то теперь? О судейскихъ дѣлахъ ничего не знаю. Объ отъѣздѣ моемъ рѣшаю условно — все будетъ зависѣть отъ твоихъ писемъ — что поѣду въ четвергъ. Изъ типографіи<note xml:id="note4" resp="volume_editor" index="false"> Кушнерева.</note> просятъ поскорѣе поправить, а то у нихъ нѣтъ шрифта. Въ три дня надѣюсь кончить. Только бы быть здоровымъ. А нынче я чувствую себя лучше всѣхъ дней и надѣюсь, что такъ продолжится. — Что ты? Да этаго я не узнаю, пока не пріѣду. И потому хочется пріѣхать поскорѣе. Прощай. Цѣлую тебя и дѣтей.</p>
<lb/>
<p rend="left"><hi>На конверте:</hi> Москва. Хамовнической переулокъ, домъ Толстаго. Графинѣ Софьѣ Андревнѣ Толстой.</p>
<comments><p rend="Textpetit_otstup left">Печатается по автографу, хранящемуся в АТБ. Впервые опубликовано по копии, сделанной С. А. Толстой, в ПЖ, стр. 203. Датируется на основании почтовых штемпелей: «Почтовый вагон. 3 октября. 1883; Москва. 3 октября 1883» и пометы Толстого «воскресенье», которое падало на 2 октября 1883 г.</p>
<p rend="Textpetit_otstup left"><hi>1</hi> «В чем моя вера?»</p>
<p rend="petit left"><hi>2</hi> С. А. Толстая писала 30 сентября: «перечитываю сегодня [корректуры] и нахожу, что в тетрадях <hi>чувства</hi> было больше, а в корректурах <hi>ума</hi> больше. Но первое лучше» (стр. 233).</p>
<p rend="petit left"><hi>3</hi> В этом же письме от 30 сентября С. А. Толстая писала: «Всё дело с присяжными меня всё-таки ужасно встревожило: я хотела было идти к Феде Перфильеву спросить, что могут с тобой за это сделать, и побоялась, что тебе это не понравится. Но не получая ответа на телеграмму, начинаю беспокоиться, не схватили ли тебя. — Сколько еще горя будет впереди! И как ты мог скрывать что-нибудь от меня? Это меня огорчило, может быть я сама бы с тобой поехала. А теперь я думаю, авось ты скоро приедешь. Если только штраф, то куда ни шло; а если судить будут, то плохо дело. Я не знаю, что сделала бы я на твоем месте. Уже горячности молодой во имя какой-нибудь истины у меня, я думаю, не нашлось бы. Больше всего, я думаю, я думала бы о том, чтобы никого слишком не огорчать» (стр. 233—234).</p>
<p rend="petit left"><hi>4</hi> Кушнерева.</p>
</comments></div></body>
        </text>
        </TEI>