<?xml version="1.0" encoding="UTF-8"?>
    <!-- <?xml-stylesheet type="text/xsl" target="../resources/MJT/myletter.xsl"?> -->
    <?xml-stylesheet type="css" target="graves.css"?>
    <?xml-model target="http://www.tei-c.org/release/xml/tei/custom/schema/relaxng/tei_all.rng" type="application/xml" schematypens="http://relaxng.org/ns/structure/1.0"?>
    <?xml-model target="http://www.tei-c.org/release/xml/tei/custom/schema/relaxng/tei_all.rng" type="application/xml"
            schematypens="http://purl.oclc.org/dsdl/schematron"?>
    <TEI xmlns="http://www.tei-c.org/ns/1.0">
       <teiHeader>
          <fileDesc>
             <titleStmt>
                <title>Письмо №* 45. А. Корнееву. Черновое.</title>
             </titleStmt>
             <publicationStmt>
                <publisher>TolstoyLab</publisher>
                <date when="2015-09-14">14 September 2015</date>
             </publicationStmt>
             <sourceDesc>
                <biblStruct>
                   <analytic>
                      <author>Толстой Л.Н.</author>
                   </analytic>
                   <monogr>
                      <title level="m">Полное собрание сочинений. Том 80</title>
                      <imprint>
                         <pubPlace>Москва</pubPlace>
                         <publisher>Государственное издательство "Художественная литература"</publisher>
                         <date when="1955"/>
                      </imprint>
                   </monogr>
                   <series>
                      <title level="s">Л.Н. Толстой. Полное собрание сочинений</title>
                      <biblScope unit="vol">80</biblScope>
                   </series>
                </biblStruct>
				<bibl>Печатается по черновику-автографу, написанному на конверте письма адресата.</bibl>
             </sourceDesc>
          </fileDesc>
          <encodingDesc>
             <tagsDecl> </tagsDecl>
          </encodingDesc>
          <profileDesc>
             <correspDesc>
                <correspAction type="draft">
                   <persName ref="PersonList.xml#L_N_Tolstoy">Л. Н. Толстой</persName>
                   <placeName ref="PlacesListxml#PLACE">Я. П.</placeName>
                   <date when="1909-07-23">1909 г. Июля 23.</date>            </correspAction>
                <correspAction type="receiving">
                   <persName ref="PersonList.xml#RECEIVER">Корнеев Александр</persName>
                </correspAction>
                <correspContext>
                   <ref type="prev"></ref>
                </correspContext>
             </correspDesc>
          </profileDesc>
       </teiHeader>
       <xenoData><number type="in a volume">45</number></xenoData>

              <text xml:id="A.Korneevu_45">
	<body><div>
		<opener index="false">
* 45. А. Корнееву. Черновое.
1909 г. Июля 23. Я. П.</opener>
<p rend="left">Напрасно ходили. Думаю, что всё, что нужно узнать человеку, можно узнать, живя в деревне, из книг. Посылаю вам некоторые: 1) Евангелие, 2) Голоса народов],<note xml:id="note1" resp="volume_editor" index="false"> Ив. Наживин, «Голоса народов», вып. I, М. 1908. См. об этой книге т. 78.</note> 3) Круг чт[ения].</p>
<comments><p rend="Textpetit_otstup left">Печатается по черновику-автографу, написанному на конверте письма адресата.</p>
<p rend="petit left">В письме от 20 июля 1909 г. крестьянин Александр Корнеев (Четверня Витебской губ.) писал о своем страстном желании учиться, об отсутствии средств и необходимых книг для самостоятельных занятий. Куда ни ездил, нигде не мог устроиться. Просил Толстого дать совет.</p>
<p rend="Textpetit_otstup left"><hi>1</hi> Ив. Наживин, «Голоса народов», вып. I, М. 1908. См. об этой книге т. 78.</p>
<p rend="petit left">На конверте пометка H. Н. Гусева: «Ответил Лев Николаевич 23 июля. Посланы книги». Точный текст письма Толстого редакции неизвестен.</p>
</comments></div></body>
        </text>
        </TEI>