<?xml version="1.0" encoding="UTF-8"?>
    <!-- <?xml-stylesheet type="text/xsl" target="../resources/MJT/myletter.xsl"?> -->
    <?xml-stylesheet type="css" target="graves.css"?>
    <?xml-model target="http://www.tei-c.org/release/xml/tei/custom/schema/relaxng/tei_all.rng" type="application/xml" schematypens="http://relaxng.org/ns/structure/1.0"?>
    <?xml-model target="http://www.tei-c.org/release/xml/tei/custom/schema/relaxng/tei_all.rng" type="application/xml"
            schematypens="http://purl.oclc.org/dsdl/schematron"?>
    <TEI xmlns="http://www.tei-c.org/ns/1.0">
       <teiHeader>
          <fileDesc>
             <titleStmt>
                <title>Письмо №140. М. А. Энгельгардту.</title>
             </titleStmt>
             <publicationStmt>
                <publisher>TolstoyLab</publisher>
                <date when="2015-09-14">14 September 2015</date>
             </publicationStmt>
             <sourceDesc>
                <biblStruct>
                   <analytic>
                      <author>Толстой Л.Н.</author>
                   </analytic>
                   <monogr>
                      <title level="m">Полное собрание сочинений. Том 63</title>
                      <imprint>
                         <pubPlace>Москва</pubPlace>
                         <publisher>Государственное издательство "Художественная литература"</publisher>
                         <date when="1934"/>
                      </imprint>
                   </monogr>
                   <series>
                      <title level="s">Л.Н. Толстой. Полное собрание сочинений</title>
                      <biblScope unit="vol">63</biblScope>
                   </series>
                </biblStruct>
				<bibl>Печатается по копии, хранящейся в AЧ. Впервые (?) опубликована в изд. М. Элпидина: «Lettre à NN, par le comte L. Tolstoi. Письмо к NN графа Л. Н. Толстого» Gènève, М. Elpidine, Libraire-Editeur 3, Rue des Alpes, 3. — S. А. [1885—1889?] Датируется на основании писем М. А. Энгельгардта, первое из которых датировано 10 декабря 1882 г. На это письмо Толстой отвечал письмом, оставшимся редакции неизвестным. В свою очередь М. А. Энгельгардт написал Толстому второе письмо (без даты) и в ответ получил от Толстого приводимое нами выше письмо. Учитывая все эти обстоятельства, мы и относим письмо Толстого к концу декабря, но во всяком случае не позднее 20 января 1883 г., т. к. 24 января помечено ответное письмо М. А. Энгельгардта (см. «Письма М. А. Энгельгардта» — «Письма Толстого и к Толстому. Труды Публичной библиотеки СССР имени В. И. Ленина», Гиз, 1928, стр. 306—325).</bibl>
             </sourceDesc>
          </fileDesc>
          <encodingDesc>
             <tagsDecl> </tagsDecl>
          </encodingDesc>
          <profileDesc>
             <correspDesc>
                <correspAction type="sending">
                   <persName ref="PersonList.xml#L_N_Tolstoy">Л. Н. Толстой</persName>
                   <placeName ref="PlacesListxml#PLACE">Москва</placeName>
                   <date from="1882-12-20" to="1882-12-18">1882 г. Декабря 20? — 18</date>            </correspAction>
                <correspAction type="receiving">
                   <persName ref="PersonList.xml#RECEIVER">Энгельгардт Михаил Александрович</persName>
                </correspAction>
                <correspContext>
                   <ref type="prev"></ref>
                </correspContext>
             </correspDesc>
          </profileDesc>
       </teiHeader>
       <xenoData><number type="in a volume">140</number></xenoData>

              <text xml:id="M__A__Engelgardtu_140">
	<body><div>
		<opener index="false">
140. М. А. Энгельгардту.
1882 г. Декабря 20? — 1883 г. Января 20? Москва.</opener>
<p rend="left">Дорогой мой М[ихаилъ] А[лександровичъ]. Пишу вамъ «дорогой» не потому, что такъ пишутъ, а потому что со времени полученія вашего перваго, а особенно второго письма чувствую, что вы мнѣ очень близки, и я васъ очень люблю. Въ чувствѣ, которое я испытываю къ вамъ есть много эгоистичнаго. Вы вѣрно не думаете этого, но вы не можете и представить себѣ до какой степени я одинокъ, до какой степени то, чтò есть настоящій «я» презираемо всѣми окружающими меня. Знаю, что претерпѣвый до конца спасенъ будетъ; знаю, что только въ пустякахъ дано человѣку право пользоваться плодами своего труда, или хоть видѣть этотъ плодъ, а что о дѣлѣ Божьей истины, которая вѣчна, не можетъ быть дано человѣку видѣть плодъ своего дѣла, особенно же въ короткій періодъ своей коротенькой жизни, знаю все и все-таки часто унываю, и потому встрѣча съ вами и надежда, почти увѣренность найти въ васъ человѣка, искренно идущаго со мной по одной дорогѣ и къ одной и той же цѣли, для меня очень радостна.</p>
<p rend="left">Ну, теперь буду отвѣчать по порядку. Письма ваши къ Аксакову<note xml:id="note1" resp="volume_editor" index="false"> Иван Сергеевич Аксаков в письмах к М. А. Энгельгардту отстаивал церковное христианство, стараясь оправдать его с исторической точки зрения. «Христос не упразднил истории, — говорил он, — Христос не сказал рабовладельцу: освободи рабов.... но сказал — вы все перед богом равны». Другими словами Христос не давал людям практических указаний на их поступки, а дал лишь ряд принципов, рассматривать которые должно в исторической перспективе. В противном же случае, по мнению И. С. Аксакова, из этого может выйти лишь то, что «всякий возомнит себя судьею и начнет творить суд и расправу», т. е. произойдет — революция.</note> мнѣ понравились, особенно послѣднее. Доводы ваши неотразимы, но для него не существуютъ. Все, чтò онъ говоритъ, давно мнѣ знакомо. Все это повторяется въ жизни, въ литературѣ, въ бесѣдахъ: все одно и одно. И именно вотъ что: вы говорите: я вижу, что это истина, а это ложь, вотъ потому-то и потому-то, и что это добро, а это зло, потому-то и потому. Аксаковъ и ему подобные видятъ, что это правда, даже прежде, чѣмъ вы сказали имъ, они знаютъ правду. Но они живутъ <hi style="opdelimiter">во</hi><hi style="opnumber">112</hi> <hi style="npnumber">113</hi><hi style="npdelimiter">лжи,</hi> и имъ для того, чтобы человѣкъ, какъ и всякій другой съ сердцемъ, любящимъ добро и ненавидящимъ зло, и разумомъ, имѣющимъ одну цѣль отличать ложь отъ истины, для того, чтобы человѣкъ могъ жить во лжи и злѣ и служить имъ, онъ долженъ былъ уже прежде закрыть глаза на истину и продолжать дѣлать любимое имъ зло. А ширмы эти однѣ и тѣ же у всѣхъ: историческое воззрѣніе, объективный взглядъ, забота о другихъ и устраненіе вопроса о своемъ отношеніи къ добру и истинѣ. Это дѣлаетъ Аксаковъ, это дѣлаетъ Соловьевъ,<note xml:id="note2" resp="volume_editor" index="false"> Владимир Сергеевич Соловьев.</note> это дѣлаютъ всѣ богословы, это дѣлаютъ всѣ государственные люди, политико-экономы, это дѣлаютъ всѣ, кто живетъ противно истинѣ и добру и которымъ нужно оправдаться передъ самимъ собой.</p>
<p rend="left">(Ев. Іоанна III, 19—21). Нельзя сказать этого яснѣе, чѣмъ тамъ сказано. Изъ этого я дѣлаю тотъ выводъ, что, по отношенію къ этимъ людямъ, не надо метать бисеръ, а надо выработать въ себѣ извѣстное отношеніе къ нимъ, при которомъ не тратились бы напрасно силы. Разсужденіе же съ ними не только праздное дѣло, но вредное для нашей цѣли. Они раздражать васъ вызовомъ на что-нибудь лишнее, неточное и, забывая все главное изъ того, чтò вы сказали, привяжутся къ одному этому. Отношеніе къ нимъ, которое я стараюсь выработать въ себѣ и совѣтую другимъ, такое же, какое мое отношеніе къ развращенному, пьяному ухарю, который хочетъ втянуть въ свой развратъ моего 16-ти лѣтняго сына. Я жалѣю этого развратника, но не буду исправлять его, потому что знаю, что это невозможно. Онъ отпѣтый — и только меня передъ сыномъ подниметъ на смѣхъ. Не буду тоже удалять моего сына насильно отъ него, потому что сыну моему неизбѣжно не нынче, такъ завтра встрѣтиться съ нимъ и съ его подобными; я даже не буду стараться передъ сыномъ разоблачить его гадость. Надо, чтобы сынъ самъ открылъ ее. А я буду стараться наполнить душу своего сына такимъ содержаніемъ, чтобы соблазны молодца не захватывали его, а то потратишь силы, которыхъ и такъ мало, на метаніе бисера, да еще затопчутъ и растерзаютъ — не меня и васъ, и NN, а затушатъ маленькій брежущій свѣтъ среди тьмы.</p>
<p rend="left">И вотъ этимъ отступленіемъ я прямо нечаянно подошелъ ко второму и главному пункту вашего письма. Но какъ же раскрывать глаза людямъ, спасать ихъ отъ соблазновъ <hi style="opdelimiter">распутниковъ,</hi><hi style="opnumber">113</hi> <hi style="npnumber">114</hi><hi style="npdelimiter">когда</hi> насиліе мѣшаетъ этому? <hi>Какъ добиться осуществленія евангельского ученія? Не долженъ ли я заступиться за людей</hi>, <hi>если они просятъ меня о помощи, хотя бы пришлось освобождать ихъ силою, если передъ моими глазами убиваютъ и мучаютъ людей?</hi> Освобождать и заступаться за людей силой — не должно, потому что этого нельзя и потому что пытаться дѣлать добро насиліемъ, т. е. зломъ — глупо. Душа моя, пожалуйста, ради Бога истины, которой выслужите, не торопитесь, не горячитесь, не придумывайте доказательствъ справедливости вашего мнѣнія прежде, чѣмъ не вдумаетесь не въ то, чтò я напишу вамъ, а въ Евангеліе, и не въ Евангеліе, какъ слово Христа или Бога и т. п., а въ Евангеліе, какъ самое ясное, простое, всѣмъ понятное и практическое ученіе о томъ, какъ надо жить каждому изъ насъ и всѣмъ людямъ.</p>
<p rend="left">Если на моихъ глазахъ мать засѣкаетъ своего ребенка, — чтò мнѣ дѣлать? Поймите, что вопросъ въ томъ, чтò мнѣ слѣдуетъ дѣлать, т. е. чтò хорошо и разумно, а не въ томъ, какое будетъ мое первое побужденіе при этомъ. Первое побужденіе при личномъ оскорбленiи — это отомстить; но вопросъ въ томъ — разумно ли это. И точно такой же вопросъ о томъ, разумно ли употребить насиліе противъ этой матери, которая сѣчетъ ребенка. Если мать сѣчетъ своего ребенка, то чтò мнѣ больно и чтò я считаю зломъ? То, что ребенку больно, или то, что мать, вмѣсто радости любви испытываетъ муки злобы? И я думаю, что зло въ томъ и другомъ. Одинъ человѣкъ не можетъ дѣлать ничего злаго. Зло есть разобщеніе людей. И потому, если я хочу дѣйствовать, то могу только съ цѣлью уничтожить разобщеніе и возстановить общеніе между матерью и ребенкомъ. Какъ же мнѣ поступить? Насиловать мать? Я не уничтожу ея разобщенія (грѣха) съ ребенкомъ, а только внесу новый грѣхъ, разобщеніе со мной. Что же можно? Одно — подставить себя вмѣсто ребенка — это не будетъ неразумно. То, чтò пишетъ Достоевскій,<note xml:id="note3" resp="volume_editor" index="false"> М. А. Энгельгардт, указывая на целесообразность «внутренней» революционной борьбы, между прочим писал: «Замечу еще, что наш знаменитый гуманист, сторонник псевдо-христианского смирения, противник всяких революций, Достоевский тоже признает войну, восстания. Именно, по поводу войны с турками он говорит в одном из номеров «Дневника писателя», что лучше сбросить турецкое иго силой, хотя бы и при помощи кровопролитной войны, чем допускать, чтобы башибузуки сажали на кол детей, жгли, насиловали и совершали всякие неслыханные зверства над несчастными болгарами. Я не помню теперь в каком это номере сказано, но помню, что читав эти рассуждения, восхищался их здравым смыслом и удивлялся, почему это здравый смысл не встречается в других рассуждениях его, касающихся внутренних вопросов. Ибо если <hi style="opdelimiter">позволительна</hi><hi style="opnumber">127</hi> <hi style="npnumber">128</hi><hi style="npdelimiter">внешняя</hi> война за угнетенных, то тем более обязательна внутренняя» (из письма М. А. Энгельгардта к И. С. Аксакову от 21—29 ноября 1882 г. АТБ).</note> и чтò мнѣ очень противно, мнѣ говорили схимники и митрополиты, именно, что воевать можно, что это защита — душу положить за братьевъ — я всегда отвѣчалъ: защищать грудью, подставляя себя, — да, но стрѣлять въ людей изъ ружей — это не защищать, а убивать. Вникните въ ученіе Евангелія и вы увидите, что коротенькая 3-я заповѣдь (Матѳ. 5, 38, 39) не противиться злу, т. е. зломъ не отвѣчать на зло — есть не скажу главное, но есть смыкающее звено <hi style="opdelimiter">всего</hi><hi style="opnumber">114</hi> <hi style="npnumber">115</hi><hi style="npdelimiter">ученія,</hi> и то самое, которое старательно обходили и обходятъ всѣ ученія лжехристіанскія, и то самое положеніе, непризнаніе котораго послужило основой всему тому, чтò вы такъ справедливо ненавидите. Не говорю о Никейскомъ соборѣ,<note xml:id="note4" resp="volume_editor" index="false"> Никейский собор — церковный собор в Никее (Вифания) в 325 году, где вырабатывался символ церковно-христианской веры.</note> надѣлавшемъ столько зла и основанномъ на этомъ самомъ непониманіи ученія Христа, т. е. на насиліи во имя добра и Христа; въ Апостольскія времена уже у Павла<note xml:id="note5" resp="volume_editor" index="false"> Павел — апостол и проповедник христианства в I веке. Казнен при императоре Нероне около 65 г. Церковь приписывает ему четырнадцать «Посланий», которые являются попыткой систематического изложения христианского учения. Толстой всегда относился к его «Посланиям» отрицательно, видя в них непонимание учения Христа и иногда искажение самых основ его. Христианство, проповедуемое Павлом, Толстой называл «павлинизмом» в отличие от истинного христианства.</note> въ дѣяніяхъ зарождается это насиліе во имя добра и нарушается смыслъ ученія.</p>
<p rend="left">Какъ часто бывало мнѣ смѣшно въ бесѣдахъ моихъ съ попами и революционерами, смотрящими на евангельское ученіе, какъ на орудіе достиженія цѣли внѣшней — и тѣ, и другіе люди крайнихъ полюсовъ съ одинаковою яростью отрицали это основное положеніе ученія Христа. Первымъ нельзя не гнать, душить разновѣровъ, не благословлять побоища, казни; вторымъ нельзя насиліемъ не разрушать существующей безобразный безпорядокъ, называемый порядкомъ. Очевидно, попы и власти не могутъ себѣ представить даже жизни людской безъ насилія. Точно также и революціонеры. По плодамъ узнаете дерево; не можетъ дерево доброе приносить плоды насилія. Ученіе Христа не можетъ служить ни тому, чтобы душить, ни тому, чтобы сковыривать. И потому и тѣ, и другіе, извращая ученіе, сами лишаютъ себя той единственной силы, которую даетъ вѣра въ истину во всю, а не въ частичку ея. Поднявшіе мечъ — мечемъ погибнутъ; это не предсказаніе, а утвержденіе всѣмъ извѣстнаго факта...</p>
<p rend="left">(Матѳ. VI. 22, 23, 24 — въ особенности 23.) Если свѣтъ твой тьма, если то, что ты считаешь добромъ — зло, то каково же будетъ зло твоей жизни и дѣлъ. Нельзя служить немножко Богу, немножко дьяволу. И Евангеліе не такая глупая книга, какъ намъ ее расписали попы. И всякое положеніе сказано тамъ не на вѣтеръ, а такъ, что оно органически связано со всѣмъ ученіемъ, — такъ и заповѣдь о непротивленіи злу проходить черезъ все Евангеліе и безъ нея ученіе Евангелія для меня по крайней мѣрѣ все распадается. Мало того, что оно выражено много разъ такъ ясно и прямо, что нельзя его скрасть, мало того, что все описаніе жизни и дѣлъ Христа есть приложеніе этой заповѣди; мало того, что у Іоанна<note xml:id="note6" resp="volume_editor" index="false"> Иоанн — евангелист.</note> выставленъ Каіафа,<note xml:id="note7" resp="volume_editor" index="false"> Каиафа — прозвище иудейского первосвященника, имя которого было Иосиф. Высокомерный саддукей, выше всего ценивший личные интересы, он выступал ярым врагом Христа, в котором видел опасного возмутителя. Он первый подал совет пожертвовать этим «галилейским учителем», чтобы не «погиб весь народ», т. е. чтобы не произошло возмущение, которое повлекло бы жестокую расправу со стороны римлян.</note> непонимающимъ этой истины и, вслѣдствіи непониманія ея, во имя блага народа, губящій жизнь Христа, тамъ указано прямо на то, что противленіе злу есть самый <hi style="opdelimiter">страшный</hi><hi style="opnumber">115</hi> <hi style="npnumber">116</hi><hi style="npdelimiter">и</hi> опасный соблазнъ, которому подпадаютъ не только ученики Христа, а чуть было не подпалъ и онъ самъ. Но мало того, мнѣ теперь кажется, что если бы и не было Христа и его ученія, я бы самъ открылъ эту истину, — такъ она мнѣ теперь кажется проста и ясна и я увѣренъ — такою же покажется и вамъ. Мнѣ такъ ясно теперь, что допусти я для себя малѣйшее насиліе во имя исправленія огромнѣйшаго зла, другой на основаніи того же допуститъ и для себя маленькое насиліе и 3-ій, и 4-й и милліоны маленькихъ насилій сложатся въ то ужасное зло, которое царствуетъ теперь и давитъ насъ.</p>
<p rend="left">Вотъ, если вы исполнили мою просьбу и дочли до сихъ поръ спокойно, воздерживаясь отъ доказательствъ подтвержденія вашего мнѣнія, a слѣдили за изложеніемъ моего, то, надѣюсь, вы согласитесь, что есть сильныя доказательства и для противнаго вамъ мнѣнія, и надѣюсь, еще болѣе согласитесь со мной, когда прочтете краткое изложеніе<note xml:id="note8" resp="volume_editor" index="false"> «Краткое изложение Евангелия». См. прим. 7 к письму № 61.</note> и переводъ четвероевангелія,<note xml:id="note9" resp="volume_editor" index="false"> «Соединение, перевод и исследование 4-х Евангелий» — в то время по цензурным условиям еще не появлялось в печати и распространялось в рукописи.</note> которое посылаю вамъ. Сколько я догадываюсь, вы теперь вотъ въ какомъ положеніи: разумъ вашъ говоритъ вамъ, что я правь, но сердце ваше возмущается противъ такого положенія о непротивленіи злу. Вы говорите себѣ: что-нибудь тутъ не такъ, какая-нибудь тутъ есть ошибка разсужденія, я найду её и докажу, потому что не можетъ быть, чтобы ученіе Христа, ученіе любви къ брату — вело къ тому, чтобы сидѣть сложа руки, глядя на зло, совершающееся въ мірѣ. Хорошо, говорите вы, ему, отжившему старику разводить лясы и увѣрять всѣхъ, что надо терпѣть зло. Ему хорошо, онъ сытъ, доволенъ, все у него есть и осталось доживать немного. Весь жаръ жизни уже выжитъ имъ, но я безъ разсужденій чувствую, что во мнѣ заложена любовь къ добру и правдѣ и ненависть къ злу и лжи не даромъ; я не могу не выражать ее и не жить во имя ея, а каждый шагъ моей жизни есть борьба со зломъ. И я долженъ бороться и буду бороться съ нимъ тѣми средствами, которыя мнѣ уяснились уже и которыя еще уяснятся и представятся. Нужна проповѣдь въ народѣ, сближеніе съ сектантами, воздѣйствіе на правительство и т. п.</p>
<p rend="left">Чувство, подсказывающее это, — хорошее чувство, и за него то я люблю васъ, но это самое чувство побудило Петра<note xml:id="note10" resp="volume_editor" index="false"> Петр — апостол, один из приближенных учеников Христа. Случай, о котором упоминает Толстой, известен в евангельском рассказе о взятии Христа в Гефсиманском саду, где Петр бросился с мечем защищать своего учителя. См. Мф. гл. XXVI, ст. 50—54.</note> запастись ножомъ и отрубить ухо рабу. Представьте себѣ, что бы было, если бы Іисусъ не удержалъ ихъ; сдѣлалась бы свалка, Іисусовы бы побѣдили, и потомъ завоевали <hi style="opdelimiter">бы</hi><hi style="opnumber">116</hi> <hi style="npnumber">117</hi><hi style="npdelimiter">Іерусалимъ</hi> <note xml:id="note11" resp="volume_editor" index="false"> Иерусалим — главный город древней Палестины.</note> Они бы порубили и ихъ бы порубили. Каково было бы христіанское ученіе? Его бы не было и намъ бы не на что было упереться; мы были бы хуже Аксаковыхъ и Соловьевыхъ. Для того, чтобы вамъ полнѣе выразить мою мысль, скажу вамъ, въ чемъ я полагаю значеніе Христа, значеніе не туманно-метафизическое, a значеніе ясное, жизненное.</p>
<p rend="left">Всѣ говорятъ, что значеніе христіанства въ томъ, чтобы любить Бога и ближняго, какъ самого себя. Но что такое Богъ? Что такое любить? Что такое любить что-то непонятное — Бога? Что такое ближній? Что такое самъ я? Слова эти имѣютъ для меня значеніе такое: любить Бога — значить любить истину; любить ближняго, какъ самаго себя — значить признавать единство своей сущности души и жизни со всякой другой человеческой жизнью, съ вѣчной истиной— Богомъ. Такъ это для меня. Но мнѣ ясно, что эти ничего не опредѣляющіе слова могутъ быть понимаемы иначе, и что большинство не можетъ даже ихъ понимать такъ, какъ я. Главное же то, что слова эти ни для меня и ни для кого ни къ чему не обязываютъ и ничего не опредѣляютъ. Какъ это люби какого-то Бога, котораго каждый понимаетъ по-своему, a другіе и вовсе не признаютъ, и люби ближняго, какъ самого себя, тогда какъ въ меня вложена, ни на мгновеніе не покидающая меня, любовь къ себѣ, и очень часто столь же постоянная ненависть къ другимъ? Это такъ неясно и неисполнимо, что остается пустою фразою. Мое мнѣніе то, что это положеніе метафизическое, очень важное, какъ таковое, но когда это же положеніе понимается, какъ правило жизненное, какъ законъ, то оно просто глупо. А къ сожалѣнію его очень часто такъ понимаютъ.</p>
<p rend="left">Все это я говорю къ тому, чтобы выяснить то, что значеніе христіанства, какъ и всякой вѣры, не въ метафизическихъ принципахъ (метафизическіе принципы во всемъ человѣчествѣ, Будда,<note xml:id="note12" resp="volume_editor" index="false"> Будда — Сиддарта-Гаутама, — индийский религиозный мыслитель, основатель буддизма. Жил в конце VI в. до н. э. Толстой одно время занимался составлением его жизнеописания (см. т. 25).</note> Конфуцій,<note xml:id="note13" resp="volume_editor" index="false"> Конфуций — китайский мудрец. См. прим. 2 к письму № 116.</note> Сократъ<note xml:id="note14" resp="volume_editor" index="false"> Сократ (469—399 до н. э.) — греческий философ. Одно из основных положений его учения было направлено на опровержение господствовавшего в то время субъективизма софистов. В противовес последним Сократ настаивал на возможности твердого знания и отсюда — абсолютной истины, абсолютного добра. Добро есть тоже знание, поэтому все люди могут стать добрыми. Никто не зол по доброй воле, а лишь по неведению.</note> всегда были и будутъ одни и тѣ же), а въ приложеніи ихъ къ жизни, въ живомъ представленіи о томъ благѣ каждаго человѣка и всего человѣчества, которое достигается при приложеніи этихъ принциповъ къ жизни, въ выясненіи возможности приложенія ихъ и въ опредѣленіи тѣхъ правилъ, которыми оно достигается.</p>
<p rend="left">Еще во второзаконіи<note xml:id="note15" resp="volume_editor" index="false"> Второзаконие — пятая книга Библии, приписываемая церковью Моисею.</note> сказано: люби Бога и ближняго, какъ самого себя; но приложенія этого принципа по второзаконію состояли въ обрѣзаніи, субботѣ и уголовномъ законѣ. <hi style="opdelimiter">Значеніе</hi><hi style="opnumber">117</hi> <hi style="npnumber">118</hi><hi style="npdelimiter">христіанства</hi> состоять въ указаніи возможности и счастія исполненія закона любви. Христосъ въ нагорной проповѣди<note xml:id="note16" resp="volume_editor" index="false"> Нагорная проповедь — так в Евангелии называется проповедь Христа, произнесенная им на дороге между Фавором и Капернаумом (на горе Курн-Хаттин). В ней в сжатой форме выражена сущность его учения (см. Мф. гл. V—VII, Лук. XVII—XIX).</note> очень ясно опредѣлилъ, какъ надо и можно, для счастія своего и всѣхъ людей, исполнять этотъ законъ. Въ нагорной проповеди, которой если бы не было, не было бы ученія Христа, въ чемъ всѣ соглашаются, въ которой Христосъ обращается не къ мудрецамъ, а къ безграмотнымъ, къ сиволапымъ, въ проповеди, которая обставлена вступленіемъ, что кто не исполнитъ единой отъ малыхъ (Мѳ. 5. 17—20) и заключеніемъ, что не говорить надо, а исполнять (Мѳ. 7. 21—27), въ этой проповеди все сказано, и дано 5 заповедей о томъ, какъ исполнять ученіе. Въ нагорной проповеди изложены самыя простыя, легкія, понятныя правила приложенія любви къ Богу и ближнему, къ жизни, безъ признанія и исполненія которыхъ нельзя говорить о Христіанстве. И какъ не странно сказать это послѣ 1800 лѣтъ, мне привелось открывать эти правила, какъ что-то новое. И только, когда я понялъ эти правила, только тогда я понялъ значеніе ученія Христа. Правила эти такъ удивительно захватываюсь всю жизнь каждаго человека и всего человечества, что только представь себе человекъ исполненіе этихъ правилъ на земле, и на земле Царство правды. И потомъ разбери все эти правила отдельно, прилагая ихъ къ себе и увидишь, что этотъ невообразимо блаженный и огромный результатъ получается отъ исполненія самыхъ простыхъ, естественныхъ, не только легкихъ, но пріятныхъ для исполненія правилъ. Подумаешь, нужно ли что нибудь прибавить къ этимъ правиламъ для того, чтобы осуществилось царство правды? Ничего не нужно. Подумаешь, можно ли отрицать одно изъ правилъ, чтобы не нарушилось царство правды? Нельзя. Если бы я ничего не зналъ изъ ученія Христа, кроме 5 правилъ, я и тогда бы былъ такимъ же христіаниномъ, какъ теперь:</p>
<p rend="left">1) Не сердись; 2) Не блядуй; 3) Не клянись; 4) Не судись и 5) Не воюй. Воть въ чемъ для меня сущность ученія Христа.</p>
<p rend="left">И это то ясное выраженіе ученія Христа было спрятано отъ людей, и потому человечество постоянно отступало отъ него въ две крайнія стороны. Одни, видя въ ученіи Христа ученіе о спасеніи души, для грубо представляемой ими себе вечной жизни, устранялись отъ міра, заботясь только о томъ, чтò имъ самимъ для себя дѣлать, — какъ усовершенствоваться въ одиночку, что было бы смешно, если бы не было жалко. И <hi style="opdelimiter">страшныя</hi><hi style="opnumber">118</hi> <hi style="npnumber">119</hi><hi style="npdelimiter">силы</hi> потрачены этими людьми, и ихъ много было, на невозможное и глупое — дѣлать добро для себя въ одиночку, безъ людей. Другіе, напротивъ, не вѣря въ будущую жизнь, жили, лучшіе изъ нихъ, только для другихъ, но не знали и не хотѣли знать, что нужно имъ для себя, и во имя чего они хотятъ добра другимъ и какого добра. Мнѣ кажется, что одно невозможно безъ другого; человѣкъ не можетъ дѣлать себѣ, своей душѣ добро, не дѣйствуя для другихъ и съ другими, какъ это дѣлали аскеты религіозные и лучшіе изъ нихъ, и не можетъ дѣлать добраго людямъ, не зная, что ему самому нужно, и во имя чего онъ дѣйствуетъ, какъ это дѣлали и дѣлаютъ общественные дѣятели безъ вѣры. Я люблю людей перваго разряда, но всѣми силами души ненавижу ихъ ученіе и люблю, очень люблю людей 2 разряда и ненавижу ихъ ученіе. Въ томъ только ученiи истина, которое указываетъ деятельность — жизнь, удовлетворяющую потребностямъ души и которая вмѣстѣ съ тѣмъ есть постоянная дѣятельность для блага другихъ. Таково ученiе Христа. Оно одинаково далеко отъ квіетизма религіознаго, отъ заботы о своей дупгѣ и отъ революціоннаго задора (правительственная, поповская дѣятельность есть революціонная), желающаго благодетельствовать другихъ, не зная вмѣстѣ съ тѣмъ, въ чемъ состоитъ истинное, несомнѣнное благо. Христіанская жизнь такова, что нельзя сдѣлать добра людямъ иначе, какъ сдѣлавъ добро самому себѣ, своей разумной душѣ, и не сдѣлать добро себѣ иначе, какъ дѣлая добро братьямъ. Христіанская жизнь одинаково далека отъ квіетизма и отъ задора. Люди молодые и вашего строя мысли, склонны смѣшивать христіанское ученіе истинное съ квіетизмомъ суевѣровъ. И имъ кажется, что отказаться отъ сопротивленія злу насиліемъ очень удобно и легко, и что отъ этого дѣло христіанское ослабеваетъ и лишается силъ. Это не вѣрно. Вы поймите, что христіанинъ отрекается отъ насилія не потому, что онъ не любитъ того же, чтò вы желаете, не потому, что онъ ясно видитъ, что насиліе — первое, что напрашивается человѣку при видѣ зла, но онъ видитъ, что насиліе отдалитъ его отъ цѣли, а не приблизитъ къ ней, что оно не разумно, какъ неразумно человѣку, желающему добраться до воды родника, палкой пробивать ту землю, которая отдѣляетъ его отъ ключа. И человѣку, отвергающему насиліе не легче, — напротивъ; какъ не легче ваять заступъ и копать, чѣмъ колотить коломъ землю. <hi style="opdelimiter">Ему</hi><hi style="opnumber">119</hi> <hi style="npnumber">120</hi><hi style="npdelimiter">легче</hi> только тѣмъ, что онъ твердо знаетъ, что не противясь злу насиліемъ, a разсѣевая его добромъ и истиной, онъ дѣлаетъ, что можетъ, исполняетъ волю Отца, по выраженію Христа. Нельзя огнемъ тушить огонь, водой тушить воду, зломъ уничтожать зло. Ужъ это дѣлали, дѣлали съ тѣхъ поръ, какъ свѣтъ стоить, и вотъ додѣлали до того положенія, въ которомъ мы живемъ. Пора бы бросить старый пріемъ и взяться за новый, тѣмъ болѣе, что онъ и разумнѣе. Если есть движеніе впередъ, то только благодаря тѣмъ, которые добромъ платили за зло. Что если бы одна милліонная тѣхъ усилій, которыя употребляются людьми на то, чтобы насиліемъ побороть зло, употреблялась на то, чтобы переносить зло, не участвуя въ немъ, и свѣтить тѣмъ свѣтомъ, который данъ каждому. Хоть просто съ опытной точки зрѣнія — тѣмъ ничего не добились, — отчего же не попытать другого, тѣмъ болѣе, что это такъ ясно, очевидно и радостно. Хоть частный примѣръ: вспомнимъ Россію за послѣднія 20 лѣтъ. Сколько истиннаго желанія добра, готовности къ жертвамъ, сколько потрачено нашей интеллигенціей молодой на то, чтобы установить правду, чтобы сдѣлать добро людямъ! И что же сдѣлано? Ничего! Хуже, чѣмъ ничего. Погубили страшныя душевныя силы. Колья переломали и землю убили хуже, чѣмъ прежде, что и заступъ не беретъ. — Вмѣсто тѣхъ страшныхъ жертвъ, которыя принесены молодежью, вмѣсто выстрѣловъ, взрывовъ, типографій, что если бы эти люди вѣрили въ ученіе Христа, т. е. считали бы, что христіанская жизнь есть одна разумная жизнь, что если бы вмѣсто этого страшнаго напряженія силъ, одинъ, два, десятки, сотни людей просто бы на призывъ ихъ въ военную службу, сказали бы: мы не можемъ служить убійцами, потому что мы вѣримъ въ ученіе Христа, то, которое вы исповѣдуете. Это запрещено его заповѣдью. То же бы они сказали по отношенію присяги. То же бы сказали по отношенію судовъ, то же сказали бы и исполняли по отношенію къ насилію, утверждающему собственность; что бы было изъ этого я не знаю, но знаю, что это подвинуло бы дѣло, и что это одинъ путь дѣятельности плодотворной,— не дѣлать того, что противно ученію Христа и прямо, и открыто утверждать его — и не для достиженія только внѣшнихъ цѣлей, а для своего внутренняго удовлетвореиія, которое состоитъ въ томъ, чтобы не дѣлать зла другимъ, пока еще я не въ силахъ дѣлать добро <hi style="opdelimiter">имъ.</hi><hi style="opnumber">120</hi></p>
<p rend="left"><hi style="npnumber">121</hi><hi style="npdelimiter">Вотъ</hi> мой отвѣтъ на ваши вопросы о томъ, чего нужно добиваться. Нужно добиваться того, чтобы исполнять правила Христа для себя и открывать людямъ свѣтъ и радости исполненія ихъ. Все это, впрочемъ, лучше сказано въ Евангеліи: Мѳ. 5. 13—16. — Предвижу еще возраженіе. Вы скажете: неясно, какъ исполнять эти правила и къ чему они приведутъ насъ. Какъ по этимъ правиламъ относиться къ собственности, къ власти, къ международнымъ отношеніямъ?</p>
<p rend="left">Не думайте, чтобы у Христа было бы что-нибудь неясное. Все ясно, какъ день. Отношеніе къ власти выражено въ разсказѣ о динаріи.<note xml:id="note17" resp="volume_editor" index="false"> «Рассказ о динарии» — см. Мф. XXII.</note> Деньги — собственность есть дѣло не христіанское. Оно идетъ отъ властей, власти и отдавай. Но душа твоя свободная отъ Бога истины и потому твои дѣла, твою разумную свободу никому не отдавай. кромѣ Бога. Убить тебя могутъ, но заставить убивать и сдѣлать нехристіанское дѣло не могутъ. Къ собственности: собственности нѣтъ по Евангелію и горе тѣмъ, у кого она есть, т. е. имъ плохо и потому въ какомъ положеніи не находился бы христіанинъ, онъ по отношенію къ собственности ничего другого не можетъ дѣлать, какъ то, чтобы не участвовать въ насиліи, совершаемомъ во имя собственности, и того, чтобы разъяснить другимъ, что собственность есть миѳъ, что собственности нѣтъ, а есть извѣстное привычное насиліе по отношенію къ пользованію вещами, которыя люди называютъ собственностью и которое дурно.</p>
<p rend="left">У человѣка, который будетъ отдавать кафтанъ, когда хотятъ снять рубаху, не можетъ быть рѣчи о собственности. Вопроса о международныхъ отношеніяхъ тоже не можетъ быть. Всѣ люди братья — одинакіе. И если пришли Зулу,<note xml:id="note18" resp="volume_editor" index="false"> «Зулу» — негритянское племя в юго-восточной Африке, в бассейне реки <hi style="opdelimiter">Тугела.</hi><hi style="opnumber">128</hi></note> чтобы изжарить моихъ дѣтей, то одно, что я могу сдѣлать, это постараться внушить Зулу, что это ему не выгодно и не хорошо, — внушить покоряясь ему по силѣ. Тѣмъ болѣе, что мнѣ нѣтъ разсчета съ Зулу бороться. Или онъ одолѣетъ меня и еще больше дѣтей моихъ изжаритъ, или я одолѣю и дѣти мои завтра заболѣютъ въ мученіяхъ худшихъ и умрутъ отъ болѣзни. Разсчета нѣтъ, потому что покоряясь я навѣрно дѣлаю лучше, а сопротивляясь я сомнительно дѣлаю лучшее.</p>
<p rend="left">Такъ вотъ мой отвѣтъ: наилучшее, что мы можемъ сдѣлать — это исполнять самимъ все ученіе Христа. А чтобы исполнять, его мы должны быть увѣрены, что оно есть истина для всего человѣчества и для каждаго изъ насъ. Имѣете ли вы эту <hi style="opdelimiter">вѣру?</hi><hi style="opnumber">121</hi></p>
<p rend="left"><hi style="npnumber">122</hi><hi style="npdelimiter">Статью</hi> вашу,<note xml:id="note19" resp="volume_editor" index="false"> «Пo поводу статей В. С. Соловьева» — рукопись статьи М. А. Энгельгардта. Копия с нее хранится в AЧ</note> я думаю, лучше напечатать, хотя и съ сокращеніями. Еще два возраженія или вопроса, которые, я воображаю, вы должны мнѣ сдѣлать. Первое это то, что если покоряться такъ, какъ я говорю, и Зулу, и городовому и отдавать злому человѣку все, что онъ захочетъ отнять у меня, если не участвовать въ государственныхъ учрежденіяхъ судовъ, учебныхъ заведеній, университетовъ, не признавать свою собственность, то падешь на низшую ступень общественной лѣстницы, тебя затрутъ, затопчутъ, ты будешь бродяга-нищій и свѣтъ, который есть въ тебѣ, пропадетъ даромъ, никто и не увидитъ его и потому не лучше ли поддерживать себя на извѣстной степени независимости отъ нужды и возможности образованія и общенія съ наибольшимъ кругомъ людей — печать. Дѣйствительно такъ кажется, но это только кажется. И кажется такъ потому, что намъ дороги наши удобства жизни, наше образованіе и всѣ тѣ радости мнимыя, которыя оно доставляетъ намъ, и мы кривимъ душой, — говоря это. Это несправедливо потому, что на какой бы низкой степени человѣкъ не стоялъ, онъ всегда будетъ съ людьми и потому въ состояніи дѣлать добро имъ. А лучше ли профессора университета — важнѣе ли жителей ночлежнаго дома для христіанскаго дѣла, — это вопросъ, котораго никто рѣшить не можетъ. Въ пользу нищихъ говорить мое собственное чувство и примѣръ Іисуса. Только нищіе могутъ благовѣствовать, т. е. учить разумной жизни. Я могу разсуждать прекрасно и быть искреннимъ, но никто никогда не повѣритъ мнѣ, пока видитъ, что я живу въ палатахъ и проживаю съ семьею въ день стоимость годовой пищи бѣдной семьи. А что касается нашего мнимаго образованія, то пора бы перестать говорить о немъ, какъ о благѣ. Испортить человѣка оно испортитъ совсѣмъ изъ 100 — 99, но прибавить что-нибудь человѣку ужъ никакъ не можетъ. Вы вѣрно знаете про Сютаева.<note xml:id="note20" resp="volume_editor" index="false"> Василий Кириллович Сютаев. См. прим. 8 к письму № 79.</note> Вотъ вамъ безграмотный мужикъ, — а его вліяніе на людей, на нашу интеллигенцию больше и значительнѣе, чѣмъ всѣхъ русскихъ ученыхъ и писателей со всѣми Пушкиными,<note xml:id="note21" resp="volume_editor" index="false"> Александр Сергеевич Пушкин (1799—1837) — поэт.</note> Бѣлинскими<note xml:id="note22" resp="volume_editor" index="false"> Виссарион Григорьевич Белинский (1811—1848) — критик.</note> вмѣстѣ взятыми, начиная отъ Третьяковскаго<note xml:id="note23" resp="volume_editor" index="false"> Василий Кириллович Тредьяковский (1703—1769) — русский ученый и поэт.</note> и до нашего времени. Такъ потерять ничего не потеряешь. И если кто оставитъ домъ, отца и мать, и братьевъ, и жену, и дѣтей, то найдетъ въ 100 разъ больше здѣсь въ мірѣ этомъ и домовъ, и отцовъ и еще жизнь вѣчную. Многіе первые будутъ послѣдними: Мѳ. X. <hi style="opdelimiter">29.</hi><hi style="opnumber">122</hi></p>
<p rend="left"><hi style="npnumber">123</hi><hi style="npdelimiter">Теперь</hi> другой вопросъ, прямо невольно вытекающій изъ этого. Ну, а вы Л[евъ] Н[иколаевичъ], проповѣдывать вы проповѣдуете, а какъ исполняете? Вопросъ этотъ самый естественный и мнѣ его дѣлаютъ всегда, и всегда побѣдоносно зажимаютъ мнѣ ротъ. — Вы проповѣдуете, а какъ вы живете? И я отвѣчаю, что я не проповѣдую, и не могу проповѣдывать, хотя страстно желаю этого. Проповѣдывать я могу дѣломъ, a дѣла мои скверны. То же, что я говорю, не есть проповѣдь, а есть только опроверженіе ложнаго пониманія христіанскаго ученія и разъясненіе настоящаго его значенія. Значеніе его не въ томъ, чтобы во имя его насиліемъ перестраивать общество; значеніе его въ томъ, чтобы найти смыслъ жизни въ этомъ мірѣ. Исполненіе пяти заповѣдей даетъ этотъ смыслъ. Если вы хотите быть христіаниномъ, то надо исполнять эти заповѣди, а не хотите ихъ исполнять, то не толкуйте о христіанствѣ, внѣ исполненія этихъ заповѣдей. Но, говорятъ мнѣ, —если вы находите, что внѣ исполненія христіанскаго ученія нѣтъ разумной жизни, а вы любите эту разумную жизнь, отчего вы не исполняете заповѣдей? Я отвѣчаю, что я виноватъ, и гадокъ, и достоинъ презрѣнія за то, что не исполняю, но при томъ, не столько въ оправданіе, сколько въ объясненіе непослѣдовательности своей, говорю: посмотрите на мою жизнь прежнюю и теперешнюю и вы увидите, что я пытаюсь исполнять. Я не исполнилъ и <hi>1</hi>/<sub>1000</sub>, — это правда и я виноватъ въ этомъ, но я не исполнилъ не потому что не хотѣлъ, а потому что не умѣлъ. Научите меня, какъ выпутаться изъ сѣти соблазновъ, охватившихъ меня, помогите и я исполню, но и безъ помощи я хочу и надѣюсь исполнить. Обвиняйте меня, я самъ это дѣлаю, но обвиняйте меня, а не тотъ путь, по которому я иду и который указываю тѣмъ, кто спрашиваетъ меня, гдѣ, по моему мнѣнію, дорога. Если я знаю дорогу домой и иду по ней пьяный, шатаясь изъ стороны въ сторону, то неужели отъ этого не вѣренъ путь, по которому я иду? Если не вѣренъ — покажите мнѣ другой, если я сбиваюсь и шатаюсь, — помогите мнѣ, поддержите меня на настоящемъ пути, какъ я готовъ поддержать васъ, а не сбивайте меня, не радуйтесь тому, что я сбился, не кричите съ восторгомъ: вонъ онъ! говоритъ, что идетъ домой, а самъ лѣзетъ въ болото. Да, не радуйтесь же этому, а помогите мнѣ, поддержите меня.</p>
<p rend="left">Вѣдь вы не черти изъ болота, а тоже люди, идущіе домой. Вѣдь я одинъ и вѣдь я не могу желать идти въ болото. <hi style="opdelimiter">Помогите</hi><hi style="opnumber">123</hi> <hi style="npnumber">124</hi><hi style="npdelimiter">мнѣ,</hi> у меня сердце разрывается отъ отчаянія, что мы всѣ заблудились, и, когда я бьюсь всѣми силами, вы, при каждомъ отклоненіи, вмѣсто того, чтобы пожалѣть себя и меня, суете меня и съ восторгомъ кричите: смотрите, съ нами вмѣстѣ въ болото.</p>
<p rend="left">Такъ вотъ мое отношеніе къ ученію и исполненію. Всѣми силами стараюсь исполнить и въ каждомъ неисполненіи не то что только каюсь, но прошу помощи, чтобы быть въ состояніи исполнять, и съ радостью встрѣчаю всякаго, ищущаго путь, какъ и я, и слушаюсь его.</p>
<p rend="left">Если вы прочтете то, что я посылаю,<note xml:id="note25" resp="volume_editor" index="false"> Возможно, что речь идет о рукописи «Краткого изложения Евангелия», которую Толстой послал с М. С. Громекой (см. прим. к письму № 143). О получении рукописи М. А. Энгельгардт писал Толстому в письме от 14 января 1883 г. (см. «Письма М. А. Энгельгардта» — «Письма Толстого и к Толстому. Труды Публичной библиотеки имени В. И. Ленина», Гиз, 1928, стр. 306—325).</note> вамъ будетъ понятнѣе и содержаніе этого письма.</p>
<p rend="left">Пишите мнѣ, я очень радъ общенію съ вами, и съ волненіемъ буду ждать вашего отвѣта.</p>
<comments><p rend="Textpetit_otstup left">Печатается по копии, хранящейся в AЧ. Впервые (?) опубликована в изд. М. Элпидина: «Lettre à NN, par le comte L. Tolstoi. Письмо к NN графа Л. Н. Толстого» Gènève, М. Elpidine, Libraire-Editeur 3, Rue des Alpes, 3. — S. А. [1885—1889?] Датируется на основании писем М. А. Энгельгардта, первое из которых датировано 10 декабря 1882 г. На это письмо Толстой отвечал письмом, оставшимся редакции неизвестным. В свою очередь М. А. Энгельгардт написал Толстому второе письмо (без даты) и в ответ получил от Толстого приводимое нами выше письмо. Учитывая все эти обстоятельства, мы и относим письмо Толстого к концу декабря, но во всяком случае не позднее 20 января 1883 г., т. к. 24 января помечено ответное письмо М. А. Энгельгардта (см. «Письма М. А. Энгельгардта» — «Письма Толстого и к Толстому. Труды Публичной библиотеки СССР имени В. И. Ленина», Гиз, 1928, стр. 306—325).</p>
<p rend="petit left">Михаил Александрович Энгельгардт (р. 1861 г. — ум. 21 июля 1915 г.) — сын известного в свое время общественного деятеля и публициста Александра Николаевича Энгельгардта; воспитывался в Петербургском университете, но курса не кончил и в 1881 г. за участие в студенческих «беспорядках» был выслан на пять лет в имение своего отца Батищево, Смоленской губ. С тех пор посвятил себя почти исключительно журнальной деятельности. В 1890-х и 1900-х годах сотрудничал в «Новостях», помещая статьи по вопросам социально-экономическим и сельско-хозяйственным; состоял секретарем редакции «Хоэяина». Отдельно изданы им: «Письма о земледелии» (Спб. 1899); «Вечный мир и разоружение»; «Прогресс, как эволюция жестокости» (Спб. 1899); «Леса и климат» (Спб. 1902). Помимо этого им написаны для «Биографической библиотеки» Павленкова биографии: Дарвина, Гумбольдта, Коперника, Пастера, Лавуазье, Пржевальского и др. История его переписки с Толстым следующая. Прочитав в «Руси» (1882 г. №№ 38, 39, 40) статью В. С. Соловьева «О церкви и расколе», М. А. Энгельгардт написал свои возражения, в которых высказывался против ортодоксального христианства, и послал редактору «Руси» И. С. <hi style="opdelimiter">Аксакову</hi><hi style="opnumber">124</hi> <hi style="npnumber">125</hi><hi style="npdelimiter">для</hi> напечатания. В виду резкости этих возражений Аксаков напечатать их в своем журнале отказался и переслал их для ответа В. С. Соловьеву, уведомив об этом автора. По этому поводу завязалась переписка между И. С. Аксаковым и М. А. Энгельгардтом. Но, не будучи вполне уверенным в себе, М. А. Энгельгардт обратился письменно к Толстому (письмо от 10 декабря 1882 г. АТБ), как к человеку «хорошо изучившему Евангелие и вообще религиозные вопросы», послав ему свою статью для отзыва. Толстой отвечал ему письмом, оставшимся редакции неизвестным. Обрадовавшись такому вниманию и поддержке со стороны Толстого, М. А. Энгельгардт написал ему второе письмо, более пространное, приложив свою переписку с И. С. Аксаковым, где Энгельгардт, указывая Аксакову на несостоятельность церковного христианства с точки зрения истинного учения Христа, между прочим, пытался дать оправдание революционной борьбы, «борьбы во имя общего блага». Вот что писал Энгельгардт Толстому: «Особенно один вопрос занимает меня: отношение к власти, к насилию: должен ли христианин покоряться даже несправедливым и гнусным постановлениям; не делается ли он через это соучастником преступления? По моему делается. Перед моими глазами убивают или мучат людей, не должен ли я заступиться за них, когда они просят меня о помощи, хотя бы пришлось их освободить силой. Но как же теперь добиться осуществления евангельского учения, что делать? Проповедывать словом и делом, основывать самим общины, действовать на народ и на интеллигенцию, стараться приобретать сторонников как из народа, так и из интеллигенции. Не так ли? Стараться завести сношения с существующими в России сектами и добиваться того, чтобы разбросанные по всей России приверженцы истинного учения соединились в один союз? Должно ли при этом преследовать и политические цели, т. е. на ряду с проповедью истинного учения среди народа стараться влиять на правительство с целью добиться известных реформ. Мне кажется, — должно, для успеха самой проповеди. Многие внешние условия влияют на крестьянство развращающим образом, вызывают и развивают в нем дурные чувства. Возьмем например земельный вопрос. В настоящее время положение вещей, как известно, такое: масса крестьянства поставлена в самые тяжелые экономические условия — земли мало, податей много, и рядом огромные пространства земли пустуют. Постоянная нищета, вечная необходимость биться из-за куска хлеба не дает крестьянину времени одуматься, оглядеться, задать себе вопрос о смысле его жизни, ожесточает его: тут уж не до других — было бы самому живу. Развиваются эгоистические наклонности, а тут перед носом пустующие земли — лакомый кусок; каждому думается: удайся мне заарендовать или купить кусок земли — и вот я пан. И действительно, наиболее ловким, умным, способным личностям удается захватить себе земли и подчинить остальную массу крестьян в качестве батраков. Таким образом, люди вовсе не Колупаевского пошиба, люди, как говорится, с искрой божьей, выделяются из общины в качестве эксплуататоров, община разрушается. Крестьянин наш не превратился еще в сознательного буржуя, засевшего на принципе собственности, как на каменном фундаменте, с которого его никакими рычагами не сдвинешь; но он всё же не видит в общине единственно справедливого <hi style="opdelimiter">и</hi><hi style="opnumber">125</hi> <hi style="npnumber">126</hi><hi style="npdelimiter">разумного</hi> строя; иначе он давно перешел бы к общинной обработке земли. Он не видит ничего дурного в батраческом хозяйстве: «поломай хряпку с мое и ты станешь богат; я своим трудом добро нажил, не воровством, не грабежем».... Выделяется один, а соблазн действует на всех; всякий стремится разбогатеть индивидуалистическим путем; богачу завидуют, да и друг в друге видят конкурентов, соперников.... Предположим, что совершилось равномерное распределение земель; положение общины: нищета ведь озлобляет, ожесточает человека; раз все пользуются благосостоянием, не из-за чего и враждовать. С другой стороны наиболее выдающимся из крестьян окажется невозможным выделяться из общины в качестве контролистов: земель будет негде взять; да батраков тоже негде. Конечно, останутся ленивые и неспособные, да ведь на них не выедешь, не оснуешь буржуазного строя; масса крестьянства имеет слишком сильное стремление к самостоятельному хозяйству, чтобы пойти в батраки. И вот. придется искать новой формы хозяйства: ум народный естественно натолкнется на мысль вести дело сообща. В этом смысле лучшая часть интеллигенции могла бы — мне кажется — оказать огромную услугу сектантству; могла бы исправить ошибку, в которую постоянно впадают секты. Они не обращают внимания на условия жизни народа и думают, оставив эти условия в стороне, преобразовать самих людей; но только часть этих последних способна стать выше окружающих условий; остальные поддаются соблазну. Не должны ли итти рука об руку основание общин, проповедь истинного учения и стремления добиться известных реформ от государства? Не есть ли это наилучший путь для достижения нашей цели? Если бы несколько сот тысяч человек могли соединиться в один союз, то это была бы уже огромная сила. — Как вы думаете обо всем этом? Наша интеллигенция совершенно оставляет в стороне сектантское движение и, мне кажется, этим сама лишает себя возможности сблизиться с народом. Когда совершалось реформационное движение на западе, тамошняя интеллигенция стояла во главе его; у нас религиозное движение в народе совершается без участия в нем образованных людей. А между тем западное реформационное движение вовсе не было христианским; оно совершалось в духе индивидуализма, не даром оно опиралось главным образом на Ветхий завет. У нас же заметно движение к познанию христианства, евангельского учения, что мешает нашей интеллигенции присоединиться к этому движению. Евангелие, как учение о человеческих отношениях, не имеет себе равных, — теологические воззрения могут быть сообразны с научными познаниями нашего времени. Отвергать возможность превращения воды в вино, или хождение по морю, как по сухой земле — не значит отвергать евангельского учения о человеческих отношениях.</p>
<p rend="petit left">Я слышал, что вы написали комментарии к Евангелию. Мне совестно вас беспокоить, но вы сами поймете, как бы мне хотелось их прочесть. А между тем, я не знаю, как их достать; говорят, что они распространены в Москве в рукописях, но у меня нет знакомых, через которых я бы мог достать их. Нельзя ли будет получить через вас? Аксаков писал мне, что если я сокращу свою статью и выброшу из нее резкие выражения (вроде — рукоположения собаки), то он может напечатать ее вместе <hi style="opdelimiter">с</hi><hi style="opnumber">126</hi> <hi style="npnumber">127</hi><hi style="npdelimiter">ответом</hi> Соловьева. Как вы думаете, — стоит? Мне бы хотелось, чтобы мои мнения распространились — быть может найдутся в интеллигенции еще люди, которые поймут, что нельзя смешивать христианство с православием и что насколько лживо последнее, настолько же высоко первое». (из письма М. А. Энгельгардта, без даты — «Письма Толстого и к Толстому. Труды Публичной библиотеки СССР имени В. И. Ленина» Гиз, 1928, стр. 308—311). — На это и отвечал Толстой своим большим письмом. К истории написания этого письма Толстого приведем еще выдержку из дневника Н. Н. Гусева, характеризующую настроение Льва Николаевича и его окружающих в период его написания. Вот что записывает Н. Н. Гусев 21 марта 1908 г. в своем дневнике: «Софья Андреевна вспомнила про письмо к Энгельгардту. — «Я, — сказала она, — положила его в конверт и написала: «Письмо к Энгельгардту, которого Лев Николаевич не только никогда не знал, но и не видал», а там пусть судят, как хотят. Я ужасно оскорбилась этим письмом». — Это то самое письмо, в котором Лев Николаевич пишет о том, как он «страшно одинок и до какой степени то, что есть мое настоящее «я», презираемо всеми окружающими меня». Написано оно было в 1882 году. Слова Софьи Андреевны живо перенесли меня в это тяжелое для Льва Николаевича время» (Н. Н. Гусев, «Два года с Толстым» М. 1912, стр. 265).</p>
<p rend="petit left">О М. А. Энгельгардте см. С. А. Венгеров, «М. А. Энгельгардт» — «Речь» 1915, от 22 июля.</p>
<p rend="Textpetit_otstup left"><hi>1</hi> Иван Сергеевич Аксаков в письмах к М. А. Энгельгардту отстаивал церковное христианство, стараясь оправдать его с исторической точки зрения. «Христос не упразднил истории, — говорил он, — Христос не сказал рабовладельцу: освободи рабов.... но сказал — вы все перед богом равны». Другими словами Христос не давал людям практических указаний на их поступки, а дал лишь ряд принципов, рассматривать которые должно в исторической перспективе. В противном же случае, по мнению И. С. Аксакова, из этого может выйти лишь то, что «всякий возомнит себя судьею и начнет творить суд и расправу», т. е. произойдет — революция.</p>
<p rend="petit left">Переписка М. А. Энгельгардта с И. С. Аксаковым напечатана в сб. «Письма Толстого и к Толстому. Труды Публичной библиотеки СССР имени В. И. Ленина», Гиз, 1928, стр. 317—325.</p>
<p rend="petit left"><hi>2</hi> Владимир Сергеевич Соловьев.</p>
<p rend="petit left"><hi>3</hi> М. А. Энгельгардт, указывая на целесообразность «внутренней» революционной борьбы, между прочим писал: «Замечу еще, что наш знаменитый гуманист, сторонник псевдо-христианского смирения, противник всяких революций, Достоевский тоже признает войну, восстания. Именно, по поводу войны с турками он говорит в одном из номеров «Дневника писателя», что лучше сбросить турецкое иго силой, хотя бы и при помощи кровопролитной войны, чем допускать, чтобы башибузуки сажали на кол детей, жгли, насиловали и совершали всякие неслыханные зверства над несчастными болгарами. Я не помню теперь в каком это номере сказано, но помню, что читав эти рассуждения, восхищался их здравым смыслом и удивлялся, почему это здравый смысл не встречается в других рассуждениях его, касающихся внутренних вопросов. Ибо если <hi style="opdelimiter">позволительна</hi><hi style="opnumber">127</hi> <hi style="npnumber">128</hi><hi style="npdelimiter">внешняя</hi> война за угнетенных, то тем более обязательна внутренняя» (из письма М. А. Энгельгардта к И. С. Аксакову от 21—29 ноября 1882 г. АТБ).</p>
<p rend="petit left"><hi>4</hi> Никейский собор — церковный собор в Никее (Вифания) в 325 году, где вырабатывался символ церковно-христианской веры.</p>
<p rend="petit left"><hi>5</hi> Павел — апостол и проповедник христианства в I веке. Казнен при императоре Нероне около 65 г. Церковь приписывает ему четырнадцать «Посланий», которые являются попыткой систематического изложения христианского учения. Толстой всегда относился к его «Посланиям» отрицательно, видя в них непонимание учения Христа и иногда искажение самых основ его. Христианство, проповедуемое Павлом, Толстой называл «павлинизмом» в отличие от истинного христианства.</p>
<p rend="petit left"><hi>6</hi> Иоанн — евангелист.</p>
<p rend="petit left"><hi>7</hi> Каиафа — прозвище иудейского первосвященника, имя которого было Иосиф. Высокомерный саддукей, выше всего ценивший личные интересы, он выступал ярым врагом Христа, в котором видел опасного возмутителя. Он первый подал совет пожертвовать этим «галилейским учителем», чтобы не «погиб весь народ», т. е. чтобы не произошло возмущение, которое повлекло бы жестокую расправу со стороны римлян.</p>
<p rend="petit left"><hi>8</hi> «Краткое изложение Евангелия». См. прим. 7 к письму № 61.</p>
<p rend="petit left"><hi>9</hi> «Соединение, перевод и исследование 4-х Евангелий» — в то время по цензурным условиям еще не появлялось в печати и распространялось в рукописи.</p>
<p rend="petit left"><hi>10</hi> Петр — апостол, один из приближенных учеников Христа. Случай, о котором упоминает Толстой, известен в евангельском рассказе о взятии Христа в Гефсиманском саду, где Петр бросился с мечем защищать своего учителя. См. Мф. гл. XXVI, ст. 50—54.</p>
<p rend="petit left"><hi>11</hi> Иерусалим — главный город древней Палестины.</p>
<p rend="petit left"><hi>12</hi> Будда — Сиддарта-Гаутама, — индийский религиозный мыслитель, основатель буддизма. Жил в конце VI в. до н. э. Толстой одно время занимался составлением его жизнеописания (см. т. 25).</p>
<p rend="petit left"><hi>13</hi> Конфуций — китайский мудрец. См. прим. 2 к письму № 116.</p>
<p rend="petit left"><hi>14</hi> Сократ (469—399 до н. э.) — греческий философ. Одно из основных положений его учения было направлено на опровержение господствовавшего в то время субъективизма софистов. В противовес последним Сократ настаивал на возможности твердого знания и отсюда — абсолютной истины, абсолютного добра. Добро есть тоже знание, поэтому все люди могут стать добрыми. Никто не зол по доброй воле, а лишь по неведению.</p>
<p rend="petit left"><hi>15</hi> Второзаконие — пятая книга Библии, приписываемая церковью Моисею.</p>
<p rend="petit left"><hi>16</hi> Нагорная проповедь — так в Евангелии называется проповедь Христа, произнесенная им на дороге между Фавором и Капернаумом (на горе Курн-Хаттин). В ней в сжатой форме выражена сущность его учения (см. Мф. гл. V—VII, Лук. XVII—XIX).</p>
<p rend="petit left"><hi>17</hi> «Рассказ о динарии» — см. Мф. XXII.</p>
<p rend="petit left"><hi>18</hi> «Зулу» — негритянское племя в юго-восточной Африке, в бассейне реки <hi style="opdelimiter">Тугела.</hi><hi style="opnumber">128</hi></p>
<p rend="petit left"><hi>19</hi> «Пo поводу статей В. С. Соловьева» — рукопись статьи М. А. Энгельгардта. Копия с нее хранится в AЧ</p>
<p rend="petit left"><hi>20</hi> Василий Кириллович Сютаев. См. прим. 8 к письму № 79.</p>
<p rend="petit left"><hi>21</hi> Александр Сергеевич Пушкин (1799—1837) — поэт.</p>
<p rend="petit left"><hi>22</hi> Виссарион Григорьевич Белинский (1811—1848) — критик.</p>
<p rend="petit left"><hi>23</hi> Василий Кириллович Тредьяковский (1703—1769) — русский ученый и поэт.</p>
<p rend="petit left"><hi>24</hi> Возможно, что речь идет о рукописи «Краткого изложения Евангелия», которую Толстой послал с М. С. Громекой (см. прим. к письму № 143). О получении рукописи М. А. Энгельгардт писал Толстому в письме от 14 января 1883 г. (см. «Письма М. А. Энгельгардта» — «Письма Толстого и к Толстому. Труды Публичной библиотеки имени В. И. Ленина», Гиз, 1928, стр. 306—325).</p>
</comments></div></body>
        </text>
        </TEI>