<?xml version="1.0" encoding="UTF-8"?>
    <!-- <?xml-stylesheet type="text/xsl" target="../resources/MJT/myletter.xsl"?> -->
    <?xml-stylesheet type="css" target="graves.css"?>
    <?xml-model target="http://www.tei-c.org/release/xml/tei/custom/schema/relaxng/tei_all.rng" type="application/xml" schematypens="http://relaxng.org/ns/structure/1.0"?>
    <?xml-model target="http://www.tei-c.org/release/xml/tei/custom/schema/relaxng/tei_all.rng" type="application/xml"
            schematypens="http://purl.oclc.org/dsdl/schematron"?>
    <TEI xmlns="http://www.tei-c.org/ns/1.0">
       <teiHeader>
          <fileDesc>
             <titleStmt>
                <title>Письмо №75. П. Д. Голохвастову.</title>
             </titleStmt>
             <publicationStmt>
                <publisher>TolstoyLab</publisher>
                <date when="2015-09-14">14 September 2015</date>
             </publicationStmt>
             <sourceDesc>
                <biblStruct>
                   <analytic>
                      <author>Толстой Л.Н.</author>
                   </analytic>
                   <monogr>
                      <title level="m">Полное собрание сочинений. Том 62</title>
                      <imprint>
                         <pubPlace>Москва</pubPlace>
                         <publisher>Государственное издательство "Художественная литература"</publisher>
                         <date when="1953"/>
                      </imprint>
                   </monogr>
                   <series>
                      <title level="s">Л.Н. Толстой. Полное собрание сочинений</title>
                      <biblScope unit="vol">62</biblScope>
                   </series>
                </biblStruct>
             </sourceDesc>
          </fileDesc>
          <encodingDesc>
             <tagsDecl> </tagsDecl>
          </encodingDesc>
          <profileDesc>
             <correspDesc>
                <correspAction type="sending">
                   <persName ref="PersonList.xml#L_N_Tolstoy">Л. Н. Толстой</persName>
                   <placeName ref="PlacesListxml#PLACE">Я. П.</placeName>
                   <date when="1874-05-18">1874 г. Мая 18.</date>            </correspAction>
                <correspAction type="receiving">
                   <persName ref="PersonList.xml#RECEIVER">Голохвастов Павел Дмитриевич</persName>
                </correspAction>
                <correspContext>
                   <ref type="prev"></ref>
                </correspContext>
             </correspDesc>
          </profileDesc>
       </teiHeader>
       <xenoData><number type="in a volume">75</number></xenoData>

              <text xml:id="P.D.Goloxvastovu_75">
	<body><div>
		<opener index="false">
75. П. Д. Голохвастову.
1874 г. Мая 18. Я. П.</opener>
<p rend="left">Я писал вам в Славянский базар,<note xml:id="note1" resp="volume_editor" index="false">Толстой имеет в виду свое письмо от 2 мая, адресованное в Москву в гостиницу «Славянский базар».</note> любезный Павел Дмитриевич, но, вероятно, вы не получите этого письма.</p>
<p rend="left">Как же не желать вашего приезда? Всегда и во всякое время. Пожалуйста, присылайте вашу рукопись. Вы не поверите, как мне тяжело ваше доверие к моему суду, именно потому, что я скажу наверное правду своего впечатления, но не обещаюсь сказать только правду, скажу и сверх того. Так, пожалуйста, приезжайте. У нас нынче полно народа, но для вас я найду не только удобный приют, но и главное — досуг воспользоваться вами, сколько возможно. Жена родила сына благополучно, благодарю вас за желания; но теперь не совсем здорова.</p>
<p rend="right">Ваш всей душой гр. Л. Толстой.</p>
<p rend="left">18 мая.</p>
<comments><p rend="Textpetit_otstup left">О первой публикации см. стр. 3. Год определяется упоминанием о рождении сына (<ref target='file:///Volume_62_T.A.Kuzminskoj_68.xml'>см. письмо № 68</ref>).</p>
<p rend="Textpetit_otstup left"><hi>1 </hi>Толстой имеет в виду свое письмо от 2 мая, адресованное в Москву в гостиницу «Славянский базар».</p>
<p rend="left emptyline"><hi style="opnumber">90</hi> <hi style="npnumber">91</hi></p>
</comments></div></body>
        </text>
        </TEI>