<?xml version="1.0" encoding="UTF-8"?>
    <!-- <?xml-stylesheet type="text/xsl" target="../resources/MJT/myletter.xsl"?> -->
    <?xml-stylesheet type="css" target="graves.css"?>
    <?xml-model target="http://www.tei-c.org/release/xml/tei/custom/schema/relaxng/tei_all.rng" type="application/xml" schematypens="http://relaxng.org/ns/structure/1.0"?>
    <?xml-model target="http://www.tei-c.org/release/xml/tei/custom/schema/relaxng/tei_all.rng" type="application/xml"
            schematypens="http://purl.oclc.org/dsdl/schematron"?>
    <TEI xmlns="http://www.tei-c.org/ns/1.0">
       <teiHeader>
          <fileDesc>
             <titleStmt>
                <title>Письмо №152. А. В. Дружинину.</title>
             </titleStmt>
             <publicationStmt>
                <publisher>TolstoyLab</publisher>
                <date when="2015-09-14">14 September 2015</date>
             </publicationStmt>
             <sourceDesc>
                <biblStruct>
                   <analytic>
                      <author>Толстой Л.Н.</author>
                   </analytic>
                   <monogr>
                      <title level="m">Полное собрание сочинений. Том 60</title>
                      <imprint>
                         <pubPlace>Москва</pubPlace>
                         <publisher>Государственное издательство "Художественная литература"</publisher>
                         <date when="1949"/>
                      </imprint>
                   </monogr>
                   <series>
                      <title level="s">Л.Н. Толстой. Полное собрание сочинений</title>
                      <biblScope unit="vol">60</biblScope>
                   </series>
                </biblStruct>
				<bibl>Впервые опубликовано в статье «Молодой Толстой», «Звезда», 1930, 5, стр. 152. Настоящее письмо является ответом на письмо Дружинина от 28 сентября 1859 г., в котором Дружинин просил Толстого дать что-нибудь для напечатания в «Библиотеке для чтения».</bibl>
             </sourceDesc>
          </fileDesc>
          <encodingDesc>
             <tagsDecl> </tagsDecl>
          </encodingDesc>
          <profileDesc>
             <correspDesc>
                <correspAction type="sending">
                   <persName ref="PersonList.xml#L_N_Tolstoy">Л. Н. Толстой</persName>
                   <placeName ref="PlacesListxml#PLACE">Я. П.</placeName>
                   <date when="1859-10-09">1859 г. Октября 9.</date>            </correspAction>
                <correspAction type="receiving">
                   <persName ref="PersonList.xml#RECEIVER">Дружинин Александр Васильевич</persName>
                </correspAction>
                <correspContext>
                   <ref type="prev"></ref>
                </correspContext>
             </correspDesc>
          </profileDesc>
       </teiHeader>
       <xenoData><number type="in a volume">152</number></xenoData>

              <text xml:id="A.V.Druzhininu_152">
	<body><div>
		<opener index="false">
152. А. В. Дружинину.
1859 г. Октября 9. Я. П.</opener>
<p rend="right">9 Октября. Ясная Поляна.</p>
<p rend="left">Верю, любезный друг Александр Васильевич, что вы меня любите, как человека, а не как редактор писаку, который будто бы вам может быть на что-нибудь годен. Теперь же как писатель я уже ни на что не годен. Я не пишу и не писал со времени Сем[ейного] Счастья и, кажется, не буду писать. Льщу себя, по крайней мере, этой надеждой. — Почему так? Длинно и трудно рассказать. Главно[е] же — жизнь коротка, и тратить ее в взрослых летах на писанье таких повестей, какие я писал — совестно. Можно и должно и хочется заниматься делом. Добро бы было содержание такое, которое томило бы, просилось наружу, давало бы дерзость, гордость и силу — тогда бы так. А писать повести очень милые и приятные для чтения в 31 год, ей-Богу руки не поднимаются. — Даже смешно, как подумал, что — не сочинить ли мне повесть? — Поэтому-то желания вашего исполнить не могу, как мне ни досадно вам отказать в чем бы, то ни было. — Пшеницы продать, распорядиться вашим хозяйством и еще кое-что — это могу. А главное могу и хочу облобызать вас, приехать в Петербург полежать с вами, поболтать и поужинать под председательством вашей матушки. И всё это непременно сделаю. Петрова новую повесть сейчас прочел. Она мне положительно не понравилась; хотя видна сила большая.<note xml:id="note1" resp="volume_editor" index="false"> Повесть Петрова «Выборы», напечатанная Дружининым в сентябрьской книжке «Библиотеки для чтения» за 1859 г.</note> Но его горе, противуположное нашему и большое — совершенная бессознательность дарованья. Он сам не знает, что в нем велико, и Катерина намек, тень, когда она должна бы быть всё.<note xml:id="note2" resp="volume_editor" index="false"> Катерина — героиня повести Петрова «Выборы».</note> Ежели бы он был помоложе — горе это было бы исправимо, а теперь, боюсь, он так и останется не «надежда», а «сожаленье». Что бы он мог быть. Писемскому, Гончарову и всем кланяйтесь, я бы желал, чтобы милые мои, прежде бывшие собратья не забывали меня. Я же не перестану дорожить ими. Правда ли, что милый, славный Полонский<note xml:id="note3" resp="volume_editor" index="false"> Яков Петрович Полонский (1820—1898) — поэт, состоял одним из редакторов «Русского слова».</note> в дурном положении? Фет уехал в Москву, и, бедный, у него большое горе — сестра очень больна.<note xml:id="note4" resp="volume_editor" index="false"> Сестра А. А. Фета — Н. А. Борисова заболела психическим расстройством. См. подробное описание этого несчастья в письме Толстого к А. А. Толстой, № 155.</note> Да-с, Фет gagne à être connu,<note xml:id="note5" resp="volume_editor" index="false"> [выигрывает при более близком знакомстве,]</note> чем больше я его знаю, тем больше люблю и уважаю. Тургенев, напротив; в нынешний его приезд я окончательно убедился, что он и<note xml:id="note6" resp="volume_editor" index="false"> <hi>Зачеркнуто</hi>: добрый</note> умный и даровитый человек, но один из самых несноснейших в мире. А с тех пор, как я получил <hi style="opdelimiter">эту</hi><hi style="opnumber">308</hi> <hi style="npnumber">309</hi><hi style="npdelimiter">новую</hi> точку зренья на него, мне с ним легко стало. — Перед Петровым я виноват, не отвечав ему, передайте ему приложенное, ежели напишется.<note xml:id="note7" resp="volume_editor" index="false">Ответил ли Толстой Петрову — неизвестно. Письмо Петрова к Толстому также неизвестно.</note> Прощайте, обнимаю вас от всего сердца.</p>
<p rend="right">Ваш. Л. Толстой.</p>
<comments><p rend="Textpetit_otstup left">Впервые опубликовано в статье «Молодой Толстой», «Звезда», 1930, 5, стр. 152. Настоящее письмо является ответом на письмо Дружинина от 28 сентября 1859 г., в котором Дружинин просил Толстого дать что-нибудь для напечатания в «Библиотеке для чтения».</p>
<p rend="Textpetit_otstup left"><hi>1</hi> Повесть Петрова «Выборы», напечатанная Дружининым в сентябрьской книжке «Библиотеки для чтения» за 1859 г.</p>
<p rend="petit left"><hi>2</hi> Катерина — героиня повести Петрова «Выборы».</p>
<p rend="petit left"><hi>3</hi> Яков Петрович Полонский (1820—1898) — поэт, состоял одним из редакторов «Русского слова».</p>
<p rend="petit left"><hi>4</hi> Сестра А. А. Фета — Н. А. Борисова заболела психическим расстройством. См. подробное описание этого несчастья в письме Толстого к А. А. Толстой, № 155.</p>
<p rend="petit left"><hi>5</hi> [выигрывает при более близком знакомстве,]</p>
<p rend="petit left"><hi>6</hi> <hi>Зачеркнуто</hi>: добрый</p>
<p rend="petit left"><hi>7 </hi>Ответил ли Толстой Петрову — неизвестно. Письмо Петрова к Толстому также неизвестно.</p>
<p rend="petit left">Дружинин ответил Толстому письмом от 15 октября 1859 г. из Петербурга, в котором убеждал Толстого не бросать литературной деятельности. Опубликовано в «Летописях» Государственного литературного музея — «Письма к А. В. Дружинину», М. 1948, стр. 309.</p>
</comments></div></body>
        </text>
        </TEI>