<?xml version="1.0" encoding="UTF-8"?>
    <!-- <?xml-stylesheet type="text/xsl" target="../resources/MJT/myletter.xsl"?> -->
    <?xml-stylesheet type="css" target="graves.css"?>
    <?xml-model target="http://www.tei-c.org/release/xml/tei/custom/schema/relaxng/tei_all.rng" type="application/xml" schematypens="http://relaxng.org/ns/structure/1.0"?>
    <?xml-model target="http://www.tei-c.org/release/xml/tei/custom/schema/relaxng/tei_all.rng" type="application/xml"
            schematypens="http://purl.oclc.org/dsdl/schematron"?>
    <TEI xmlns="http://www.tei-c.org/ns/1.0">
       <teiHeader>
          <fileDesc>
             <titleStmt>
                <title>Письмо №* 513. В. К. Истомину.</title>
             </titleStmt>
             <publicationStmt>
                <publisher>TolstoyLab</publisher>
                <date when="2015-09-14">14 September 2015</date>
             </publicationStmt>
             <sourceDesc>
                <biblStruct>
                   <analytic>
                      <author>Толстой Л.Н.</author>
                   </analytic>
                   <monogr>
                      <title level="m">Полное собрание сочинений. Том 62</title>
                      <imprint>
                         <pubPlace>Москва</pubPlace>
                         <publisher>Государственное издательство "Художественная литература"</publisher>
                         <date when="1953"/>
                      </imprint>
                   </monogr>
                   <series>
                      <title level="s">Л.Н. Толстой. Полное собрание сочинений</title>
                      <biblScope unit="vol">62</biblScope>
                   </series>
                </biblStruct>
             </sourceDesc>
          </fileDesc>
          <encodingDesc>
             <tagsDecl> </tagsDecl>
          </encodingDesc>
          <profileDesc>
             <correspDesc>
                <correspAction type="sending">
                   <persName ref="PersonList.xml#L_N_Tolstoy">Л. Н. Толстой</persName>
                   <placeName ref="PlacesListxml#PLACE">Я. П.</placeName>
                   <date when="1879-06-05">1879 г. Июня 5.</date>            </correspAction>
                <correspAction type="receiving">
                   <persName ref="PersonList.xml#RECEIVER">Истомин Владимир Константинович</persName>
                </correspAction>
                <correspContext>
                   <ref type="prev"></ref>
                </correspContext>
             </correspDesc>
          </profileDesc>
       </teiHeader>
       <xenoData><number type="in a volume">513</number></xenoData>

              <text xml:id="V.K.Istominu_513">
	<body><div>
		<opener index="false">
* 513. В. К. Истомину.
1879 г. Июня 5. Я. П.</opener>
<p rend="left">Нынче получил ваше письмо, любезнейший Владимир Константинович, и нынче же отправляю вам книги.<note xml:id="note1" resp="volume_editor" index="false">В. К. Истомин писал 26 мая: «Мне ужасно нужны книги, которые я Вам дал («Русская старина» и «Русский архив»), так как Бартенев предложил мне большую историческую работу для его журнала, и я бы мог прекрасно заняться на даче. Вспоминая, что летом Вы вообще работаете мало, я решаюсь Вас беспокоить просьбою с тем, что по миновании надобности я Вам их опять отдам».</note> Очень благодарен вам за них. Если книги не все, то, пожалуйста, известите. Зная, чего недостает, я сейчас разыщу и пришлю, а в куче моих рабочих книг я наизусть не припомню. Да не нужно ли вам еще книг — недостающих Архива, Старины, XVIII и XIX век.<note xml:id="note2" resp="volume_editor" index="false">Издания П. И. Бартенева «Осмнадцатый век» (4 тома, М. 1868—1869) и «Девятнадцатый век» (2 тома, М. 1872), представляющие собой сборники материалов по истории России в XVIII и XIX вв.</note> У меня все есть, и к вашим услугам.</p>
<p rend="left">Не адресуйте мне в Ясенки, а в Тулу.</p>
<p rend="left">Прошу передать мой привет куме. Дай бог вам всего хорошего.</p>
<p rend="right">Ваш Л. Толстой.</p>
<p rend="left">5 <hi style="opdelimiter">июня.</hi><hi style="opnumber">490</hi></p>
<comments><p rend="Textpetit_otstup left"><hi style="npnumber">491</hi><hi style="npdelimiter">Год</hi> определяется письмом В. К. Истомина от 26 мая 1879 г., на которое Толстой отвечает.</p>
<p rend="Textpetit_otstup left"><hi>1 </hi>В. К. Истомин писал 26 мая: «Мне ужасно нужны книги, которые я Вам дал («Русская старина» и «Русский архив»), так как Бартенев предложил мне большую историческую работу для его журнала, и я бы мог прекрасно заняться на даче. Вспоминая, что летом Вы вообще работаете мало, я решаюсь Вас беспокоить просьбою с тем, что по миновании надобности я Вам их опять отдам».</p>
<p rend="petit left"><hi>2 </hi>Издания П. И. Бартенева «Осмнадцатый век» (4 тома, М. 1868—1869) и «Девятнадцатый век» (2 тома, М. 1872), представляющие собой сборники материалов по истории России в XVIII и XIX вв.</p>
</comments></div></body>
        </text>
        </TEI>