<?xml version="1.0" encoding="UTF-8"?>
    <!-- <?xml-stylesheet type="text/xsl" target="../resources/MJT/myletter.xsl"?> -->
    <?xml-stylesheet type="css" target="graves.css"?>
    <?xml-model target="http://www.tei-c.org/release/xml/tei/custom/schema/relaxng/tei_all.rng" type="application/xml" schematypens="http://relaxng.org/ns/structure/1.0"?>
    <?xml-model target="http://www.tei-c.org/release/xml/tei/custom/schema/relaxng/tei_all.rng" type="application/xml"
            schematypens="http://purl.oclc.org/dsdl/schematron"?>
    <TEI xmlns="http://www.tei-c.org/ns/1.0">
       <teiHeader>
          <fileDesc>
             <titleStmt>
                <title>Письмо №48. П. И. Бартеневу.</title>
             </titleStmt>
             <publicationStmt>
                <publisher>TolstoyLab</publisher>
                <date when="2015-09-14">14 September 2015</date>
             </publicationStmt>
             <sourceDesc>
                <biblStruct>
                   <analytic>
                      <author>Толстой Л.Н.</author>
                   </analytic>
                   <monogr>
                      <title level="m">Полное собрание сочинений. Том 62</title>
                      <imprint>
                         <pubPlace>Москва</pubPlace>
                         <publisher>Государственное издательство "Художественная литература"</publisher>
                         <date when="1953"/>
                      </imprint>
                   </monogr>
                   <series>
                      <title level="s">Л.Н. Толстой. Полное собрание сочинений</title>
                      <biblScope unit="vol">62</biblScope>
                   </series>
                </biblStruct>
				<bibl>Впервые опубликовано, с датой: «1874 г. Январь», в ТТ, 4, стр. 10. Датируется на основании слов: «...простительно забыть передать вам через Соловьева 10 р....» В счете книжного магазина И. Г. Соловьева от 4 февраля 1874 г. значится: «Выдано по назначению вашему П. И. Бартеневу 10 р.». Возможно, что Толстой, одновременно с настоящим письмом, распорядился, чтобы Соловьев выдал Бартеневу 10 руб., забыв, <hi style="opdelimiter">очевидно,</hi><hi style="opnumber">64</hi> <hi style="npnumber">65</hi><hi style="npdelimiter">сделать</hi> это 15 января, когда он сам был в Москве и когда получил, как это значится в том же счете Соловьева, «лично под расписку 1600 руб.».</bibl>
             </sourceDesc>
          </fileDesc>
          <encodingDesc>
             <tagsDecl> </tagsDecl>
          </encodingDesc>
          <profileDesc>
             <correspDesc>
                <correspAction type="sending">
                   <persName ref="PersonList.xml#L_N_Tolstoy">Л. Н. Толстой</persName>
                   <placeName ref="PlacesListxml#PLACE">Я. П.</placeName>
                   <date when="1874-01">1874 г. Января</date>            </correspAction>
                <correspAction type="receiving">
                   <persName ref="PersonList.xml#RECEIVER">Бартенев Петр Иванович</persName>
                </correspAction>
                <correspContext>
                   <ref type="prev"></ref>
                </correspContext>
             </correspDesc>
          </profileDesc>
       </teiHeader>
       <xenoData><number type="in a volume">48</number></xenoData>

              <text xml:id="P.I.Bartenevu_48">
	<body><div>
		<opener index="false">
48. П. И. Бартеневу.
1874 г. Января конец. Я. П.</opener>
<p rend="left">О акуратные люди!</p>
<p rend="left">Я уж отпетый, поэтому мне простительно забыть передать вам через Сол[овьева] 10 р., так как я Род[ословную] книгу<note xml:id="note1" resp="volume_editor" index="false">«Российская родословная книга, издаваемая князем Петром Долгоруковым», 4 тома, Спб. 1854—1857.</note> желаю удержать; но какие вы книги у меня спрашиваете, это задача, которую вы ни за что не разрешите. Никаких нет, кроме 2-х брошюр, к[оторые] вы мне отдали.<note xml:id="note2" resp="volume_editor" index="false">Письмо П. И. Бартенева к Толстому неизвестно, а потому нельзя установить, о каких книгах и брошюрах шла речь.</note> Архив<note xml:id="note3" resp="volume_editor" index="false"> Журнал «Русский архив», издававшийся Бартеневым.</note> я получал один год и из учтивости не скажу, что я устал его получать; хотя это справедливо, так как я его не читаю. Воспоминания свои о Горч[акове]<note xml:id="note4" resp="volume_editor" index="false"> Михаил Дмитриевич Горчаков (1793—1861) — генерал-от-артиллерии, главнокомандующий во время осады Севастополя, троюродный дядя Толстого.</note> и т. п. я начну писать, когда у меня начнет сыпаться песок; до сих пор процесс этот еще не начинался. Когда же посыплется, не упускайте сотрудника.</p>
<p rend="left">Что делают ваши славные дети? Я часто о них вспоминаю.</p>
<p rend="right">Жму вам руку.</p>
<p rend="right">Л. Толстой.</p>
<lb/>
<p rend="left"><hi>На четвертой странице письма рукой Толстого:</hi> Е. В. Петру Ивановичу Бартеньеву.</p>
<comments><p rend="Textpetit_otstup left">Впервые опубликовано, с датой: «1874 г. Январь», в ТТ, 4, стр. 10. Датируется на основании слов: «...простительно забыть передать вам через Соловьева 10 р....» В счете книжного магазина И. Г. Соловьева от 4 февраля 1874 г. значится: «Выдано по назначению вашему П. И. Бартеневу 10 р.». Возможно, что Толстой, одновременно с настоящим письмом, распорядился, чтобы Соловьев выдал Бартеневу 10 руб., забыв, <hi style="opdelimiter">очевидно,</hi><hi style="opnumber">64</hi> <hi style="npnumber">65</hi><hi style="npdelimiter">сделать</hi> это 15 января, когда он сам был в Москве и когда получил, как это значится в том же счете Соловьева, «лично под расписку 1600 руб.».</p>
<p rend="petit left">О Петре Ивановиче Бартеневе (1829—1912) см. т. 61, стр. 61—62.</p>
<p rend="Textpetit_otstup left"><hi>1 </hi>«Российская родословная книга, издаваемая князем Петром Долгоруковым», 4 тома, Спб. 1854—1857.</p>
<p rend="petit left"><hi>2 </hi>Письмо П. И. Бартенева к Толстому неизвестно, а потому нельзя установить, о каких книгах и брошюрах шла речь.</p>
<p rend="petit left"><hi>3</hi> Журнал «Русский архив», издававшийся Бартеневым.</p>
<p rend="petit left"><hi>4</hi> Михаил Дмитриевич Горчаков (1793—1861) — генерал-от-артиллерии, главнокомандующий во время осады Севастополя, троюродный дядя Толстого.</p>
</comments></div></body>
        </text>
        </TEI>