<?xml version="1.0" encoding="UTF-8"?>
    <!-- <?xml-stylesheet type="text/xsl" target="../resources/MJT/myletter.xsl"?> -->
    <?xml-stylesheet type="css" target="graves.css"?>
    <?xml-model target="http://www.tei-c.org/release/xml/tei/custom/schema/relaxng/tei_all.rng" type="application/xml" schematypens="http://relaxng.org/ns/structure/1.0"?>
    <?xml-model target="http://www.tei-c.org/release/xml/tei/custom/schema/relaxng/tei_all.rng" type="application/xml"
            schematypens="http://purl.oclc.org/dsdl/schematron"?>
    <TEI xmlns="http://www.tei-c.org/ns/1.0">
       <teiHeader>
          <fileDesc>
             <titleStmt>
                <title>Письмо №343. С. А. Толстой</title>
             </titleStmt>
             <publicationStmt>
                <publisher>TolstoyLab</publisher>
                <date when="2015-09-14">14 September 2015</date>
             </publicationStmt>
             <sourceDesc>
                <biblStruct>
                   <analytic>
                      <author>Толстой Л.Н.</author>
                   </analytic>
                   <monogr>
                      <title level="m">Полное собрание сочинений. Том 83</title>
                      <imprint>
                         <pubPlace>Москва</pubPlace>
                         <publisher>Государственное издательство "Художественная литература"</publisher>
                         <date when="1938"/>
                      </imprint>
                   </monogr>
                   <series>
                      <title level="s">Л.Н. Толстой. Полное собрание сочинений</title>
                      <biblScope unit="vol">83</biblScope>
                   </series>
                </biblStruct>
				<bibl>Печатается по автографу, хранящемуся в АТБ. Впервые опубликовано по копии, сделанной С. А. Толстой, в ПЖ, стр. 284—285. Датируется на основании почтовых штемпелей: «Москва. 23 ноября. 1885; С.-Петербург. 24 ноября. 1885», а также на основании пометы Т. Л. Толстой «22-е»; помету эту сделала Т. Л. Толстая в начале своего письма к С. А. Толстой; текст Толстого занимает четвертую страницу почтового листа.</bibl>
             </sourceDesc>
          </fileDesc>
          <encodingDesc>
             <tagsDecl> </tagsDecl>
          </encodingDesc>
          <profileDesc>
             <correspDesc>
                <correspAction type="sending">
                   <persName ref="PersonList.xml#L_N_Tolstoy">Л. Н. Толстой</persName>
                   <placeName ref="PlacesListxml#PLACE">Москва.</placeName>
                   <date when="1885-11-22">1885 г. Ноября 22.</date>            </correspAction>
                <correspAction type="receiving">
                   <persName ref="PersonList.xml#RECEIVER">Толстая Софья Андреевна</persName>
                </correspAction>
                <correspContext>
                   <ref type="prev"></ref>
                </correspContext>
             </correspDesc>
          </profileDesc>
       </teiHeader>
       <xenoData><number type="in a volume">343</number></xenoData>

       <text xml:id="a22_343">
	<body><div>
		<opener index="false">
343.
1885 г. Ноября 22. Москва.</opener>
<p rend="left">Мнѣ очень жаль, что ты не получала нашихъ писемъ, изъ к[оторыхъ], считая съ карточкой, моихъ 3, это 4-е. Я нынче лучше, но все болятъ зубы и не выхожу. По письму твоему вижу, что дѣло твое не устроится.<note xml:id="note1" resp="volume_editor" index="false"> С. А. Толстая писала 21 ноября: «Сейчас был Феоктистов, и я еще вся взволнована этим свиданием и разговорами. Впечатление безотрадное: говорить и приводить аргументы совсем не дает, посылает в духовную цензуру, ни до каких властей не хочет допустить. Под конец взял том и обещал сделать всё, что может. Но часто поминал Победоносцева, и <hi style="opdelimiter">видно</hi><hi style="opnumber">534</hi> <hi style="npnumber">535</hi><hi style="npdelimiter">в</hi> нем вся задержка. Обещал мне Феоктистов дать прочесть этот том [«произведения последних годов»] своему главному цензору и самому проглядеть». С. А. Толстая не добилась разрешения напечатать в XII томе собрания сочинений «В чем моя вера», взамен была опубликована часть статьи «Так что же нам делать»? под заглавием: «Мысли, вызванные переписью».</note> И стараюсь быть равнодушнымъ, но за тебя очень досадно и за дѣло чуть-чуть. Не знаю, что выйдетъ о Залюб[овскомъ],<note xml:id="note2" resp="volume_editor" index="false"> С. А. Толстая писала о деле Залюбовского 23 ноября: «Единственное, что я могу и что сделаю, поеду просительницей к военному министру, а Бирюков поедет к великому князю Сергею Александровичу, будет его просить» (стр. 340).</note> но это дѣло очень трогаетъ меня. Выдержитъ ли онъ, и какъ распутаютъ этотъ узелъ, — узелъ, к[оторый] рано или поздно придется людямъ распутывать. Прощай, душенька. Завтра напишу, Б[огъ] дастъ, лучше.</p>
<comments><p rend="Textpetit_otstup left">Печатается по автографу, хранящемуся в АТБ. Впервые опубликовано по копии, сделанной С. А. Толстой, в ПЖ, стр. 284—285. Датируется на основании почтовых штемпелей: «Москва. 23 ноября. 1885; С.-Петербург. 24 ноября. 1885», а также на основании пометы Т. Л. Толстой «22-е»; помету эту сделала Т. Л. Толстая в начале своего письма к С. А. Толстой; текст Толстого занимает четвертую страницу почтового листа.</p>
<p rend="Textpetit_otstup left"><hi>1</hi> С. А. Толстая писала 21 ноября: «Сейчас был Феоктистов, и я еще вся взволнована этим свиданием и разговорами. Впечатление безотрадное: говорить и приводить аргументы совсем не дает, посылает в духовную цензуру, ни до каких властей не хочет допустить. Под конец взял том и обещал сделать всё, что может. Но часто поминал Победоносцева, и <hi style="opdelimiter">видно</hi><hi style="opnumber">534</hi> <hi style="npnumber">535</hi><hi style="npdelimiter">в</hi> нем вся задержка. Обещал мне Феоктистов дать прочесть этот том [«произведения последних годов»] своему главному цензору и самому проглядеть». С. А. Толстая не добилась разрешения напечатать в XII томе собрания сочинений «В чем моя вера», взамен была опубликована часть статьи «Так что же нам делать»? под заглавием: «Мысли, вызванные переписью».</p>
<p rend="petit left"><hi>2</hi> С. А. Толстая писала о деле Залюбовского 23 ноября: «Единственное, что я могу и что сделаю, поеду просительницей к военному министру, а Бирюков поедет к великому князю Сергею Александровичу, будет его просить» (стр. 340).</p>
</comments></div></body>
        </text>
        </TEI>