<?xml version="1.0" encoding="UTF-8"?>
    <!-- <?xml-stylesheet type="text/xsl" target="../resources/MJT/myletter.xsl"?> -->
    <?xml-stylesheet type="css" target="graves.css"?>
    <?xml-model target="http://www.tei-c.org/release/xml/tei/custom/schema/relaxng/tei_all.rng" type="application/xml" schematypens="http://relaxng.org/ns/structure/1.0"?>
    <?xml-model target="http://www.tei-c.org/release/xml/tei/custom/schema/relaxng/tei_all.rng" type="application/xml"
            schematypens="http://purl.oclc.org/dsdl/schematron"?>
    <TEI xmlns="http://www.tei-c.org/ns/1.0">
       <teiHeader>
          <fileDesc>
             <titleStmt>
                <title>Письмо №7. П. Д. Голохвастову.</title>
             </titleStmt>
             <publicationStmt>
                <publisher>TolstoyLab</publisher>
                <date when="2015-09-14">14 September 2015</date>
             </publicationStmt>
             <sourceDesc>
                <biblStruct>
                   <analytic>
                      <author>Толстой Л.Н.</author>
                   </analytic>
                   <monogr>
                      <title level="m">Полное собрание сочинений. Том 62</title>
                      <imprint>
                         <pubPlace>Москва</pubPlace>
                         <publisher>Государственное издательство "Художественная литература"</publisher>
                         <date when="1953"/>
                      </imprint>
                   </monogr>
                   <series>
                      <title level="s">Л.Н. Толстой. Полное собрание сочинений</title>
                      <biblScope unit="vol">62</biblScope>
                   </series>
                </biblStruct>
             </sourceDesc>
          </fileDesc>
          <encodingDesc>
             <tagsDecl> </tagsDecl>
          </encodingDesc>
          <profileDesc>
             <correspDesc>
                <correspAction type="sending">
                   <persName ref="PersonList.xml#L_N_Tolstoy">Л. Н. Толстой</persName>
                   <placeName ref="PlacesListxml#PLACE">Я. П.</placeName>
                   <date when="1873-03-01">1873 г. Марта 1.</date>            </correspAction>
                <correspAction type="receiving">
                   <persName ref="PersonList.xml#RECEIVER">Голохвастов Павел Дмитриевич</persName>
                </correspAction>
                <correspContext>
                   <ref type="prev"></ref>
                </correspContext>
             </correspDesc>
          </profileDesc>
       </teiHeader>
       <xenoData><number type="in a volume">7</number></xenoData>

              <text xml:id="P.D.Goloxvastovu_7">
	<body><div>
		<opener index="false">
7. П. Д. Голохвастову.
1873 г. Марта 1. Я. П.</opener>
<p rend="left">Уже середина 2-й недели,<note xml:id="note1" resp="volume_editor" index="false">Вторая неделя великого поста в 1873 г. была с 25 февраля по 3 марта.</note> а от вас, Павел Дмитриевич, нет слуха и телеграммы. Боюсь, уже не уехали ли вы в деревню, наказав меня за то, что я не умел воспользоваться во-время вашей готовностью побывать у нас. Это было [бы] очень грустно. В деревне мы бы переговорили о многом, занимающем нас обоих, и успели бы узнать друг друга лучше.</p>
<p rend="left">Если вы в Москве и не оставили вашего намерения, то лучше всего сделать так: выехать с пассажирским (кажется) в 9 утра или около этого из Москвы, а со станции Москвы послать телеграмму в Козловку; тогда бы я вышел за вами в Козловку в 5 часу и вы бы приехали к нам к обеду. Если же вам рано выезжать в 9, то по курьерскому из Москвы в 12 (полдень), и за вами выедут в Тулу и вы приедете к нам в 8.</p>
<p rend="left">Надеюсь, что до свиданья.<note xml:id="note2" resp="volume_editor" index="false">20 марта 1873 г. С. А. Толстая писала Т. А. Кузминской: «Недавно гостил у нас Голохвастов, новый Левочкин знакомый из московского света».</note></p>
<p rend="right">Ваш Л. Толстой.</p>
<p rend="left">1 марта.</p>
<comments><p rend="Textpetit_otstup left">О первой публикации см. стр. 3. Год определяется сопоставлением с письмом Толстого к П. Д. Голохвастову от 12 января 1873 г. и с письмом С. А. Толстой к Т. А. Кузминской от 20 марта 1873 г. (см. прим. 2).</p>
<p rend="Textpetit_otstup left"><hi>1 </hi>Вторая неделя великого поста в 1873 г. была с 25 февраля по 3 марта.</p>
<p rend="petit left"><hi>2 </hi>20 марта 1873 г. С. А. Толстая писала Т. А. Кузминской: «Недавно гостил у нас Голохвастов, новый Левочкин знакомый из московского света».</p>
</comments></div></body>
        </text>
        </TEI>