<?xml version="1.0" encoding="UTF-8"?>
    <!-- <?xml-stylesheet type="text/xsl" target="../resources/MJT/myletter.xsl"?> -->
    <?xml-stylesheet type="css" target="graves.css"?>
    <?xml-model target="http://www.tei-c.org/release/xml/tei/custom/schema/relaxng/tei_all.rng" type="application/xml" schematypens="http://relaxng.org/ns/structure/1.0"?>
    <?xml-model target="http://www.tei-c.org/release/xml/tei/custom/schema/relaxng/tei_all.rng" type="application/xml"
            schematypens="http://purl.oclc.org/dsdl/schematron"?>
    <TEI xmlns="http://www.tei-c.org/ns/1.0">
       <teiHeader>
          <fileDesc>
             <titleStmt>
                <title>Письмо №62. П. В. Анненкову.</title>
             </titleStmt>
             <publicationStmt>
                <publisher>TolstoyLab</publisher>
                <date when="2015-09-14">14 September 2015</date>
             </publicationStmt>
             <sourceDesc>
                <biblStruct>
                   <analytic>
                      <author>Толстой Л.Н.</author>
                   </analytic>
                   <monogr>
                      <title level="m">Полное собрание сочинений. Том 60</title>
                      <imprint>
                         <pubPlace>Москва</pubPlace>
                         <publisher>Государственное издательство "Художественная литература"</publisher>
                         <date when="1949"/>
                      </imprint>
                   </monogr>
                   <series>
                      <title level="s">Л.Н. Толстой. Полное собрание сочинений</title>
                      <biblScope unit="vol">60</biblScope>
                   </series>
                </biblStruct>
				<bibl>Впервые опубликовано в журнале «Наша старина», 1914, № 11.</bibl>
             </sourceDesc>
          </fileDesc>
          <encodingDesc>
             <tagsDecl> </tagsDecl>
          </encodingDesc>
          <profileDesc>
             <correspDesc>
                <correspAction type="sending">
                   <persName ref="PersonList.xml#L_N_Tolstoy">Л. Н. Толстой</persName>
                   <placeName ref="PlacesListxml#PLACE">Дижон.</placeName>
                   <date when="1857-02-26">1857 г. Февраля 26</date>            </correspAction>
                <correspAction type="receiving">
                   <persName ref="PersonList.xml#RECEIVER">Анненков Павел Васильевич</persName>
                </correspAction>
                <correspContext>
                   <ref type="prev"></ref>
                </correspContext>
             </correspDesc>
          </profileDesc>
       </teiHeader>
       <xenoData><number type="in a volume">62</number></xenoData>

              <text xml:id="P.V.Annenkovu_62">
	<body><div>
		<opener index="false">
62. П. В. Анненкову.
1857 г. Февраля 26/марта 10. Дижон.</opener>
<p rend="left"><hi>Рукой И. С</hi>. <hi>Тургенева:</hi></p>
<p rend="petit right">Дижон.<note xml:id="note1" resp="volume_editor" index="false"> Дижон — старый провинциальный город в 315 километрах к югу от Парижа. Толстой и Тургенев провели в нем пять дней, посещая местные достопримечательности, и вернулись обратно 2/14 марта.</note> 26 февраля/10 марта 1857 г.</p>
<p rend="petit left">Вы, я полагаю, еще не настолько забыли географию, изученную вами в нежном возрасте, любезный Анненков, чтобы забыть, что есть на свете и даже во Франции город Дижон, бывшая столица Бургундского герцогства, и т. д.</p>
<p rend="petit left">По почему я нахожусь в Дижоне — это, я воображаю, для вас должно быть совершенно понятно. А дело очень простое: пузырь мой так меня мучил в Париже, что мне посоветовали попробовать перемену воздуха: я вот и выехал в Дижон, а Дижон я выбрал собственно потому, что Виардо<note xml:id="note2" resp="volume_editor" index="false"> Луи Виардо — французский литератор. С его женой Полиной Виардо Тургенев был связан многолетней дружбой.</note> дал мне рекомендательные письма к своим здешним знакомым. — Я их еще не представил, но уже влияние воздуха ощутительно: со дня приезда (т. е. со вчерашнего дня) пузырь мой меня не тревожит, и меня хоть издали можно принять опять за человека. Я здесь намерен пробыть неделю, там опять на три недели в это место пытки, называемое Парижем, а там в Лондон — и домой.</p>
<p rend="petit left">Но вообразите себе, что я здесь не один. Со мной поехал Толстой, который обрадовался случаю уединиться, чтобы привести к окончанию начатую им большую повесть.<note xml:id="note3" resp="volume_editor" index="false"> Тургенев имеет в виду повесть «Альберт», которой был занят в это время Толстой. См. прим. 3 к п. № 59.</note> Несмотря на жесточайший холод, царствующий в комнате гостиницы, в которой мы остановились, холод, заставляющий нас сидеть не близ камина, но в самом камине, на самом пылу огня, он работает усердно, и страницы исписываются за страницами. Я радуюсь, глядя на его деятельность. Что же касается до меня, то из прилагаемого несомненного, хотя и не размазанного г...а, Вы можете усмотреть, в каком плачевном состоянии находится моя творческая деятельность. С неимоверным трудом выдавил я давно затасканный лимон, эти последние капли из себя. — Сделайте с этим «Вторым днем»,<note xml:id="note4" resp="volume_editor" index="false"> «Второй день» — рассказ «Поездка в Полесье», начатый Тургеневым в мае 1853 г. Был напечатан в № 10 «Библиотеки для чтения» 1857 г.</note> что хотите. Присовокупите его к первому и напечатайте или назначьте им мирную могилу на дне ватер-клозета, — это совершенно в вашей воле, но во всяком случае, передайте Дружинину, что если бы не желание исполнить свое слово и очистить его перед публикой, я бы ни за что не дал бы себе труда переписывать такую дребедень. — О денежном вознаграждении, разумеется, и помину быть не может; если он поставит вам бутылку 3-рублевого лафиту, — требовать больше было бы неприлично.</p>
<p rend="petit left">А мы здесь находимся в Бургундии, в самом центре бургундских виноградников. А? Что скажете, почтеннейший! — Если бы вы были с нами, то-то мы нализывались. Здесь мы пьем Nuite<note xml:id="note5" resp="volume_editor" index="false"> [Нюи] — бургундское вино.</note> в 5 фр. за бутылку, <hi style="opdelimiter">которое</hi><hi style="opnumber">163</hi> <hi style="npnumber">164</hi><hi style="npdelimiter">и</hi> за 3 целк. в Петербурге не достанешь! — Едим мы тоже сильно. Открыл я здесь сыр по прозванию fromage de Riceys<note xml:id="note6" resp="volume_editor" index="false"> [Рисейский сыр]</note> — сами боги не едали ничего подобного! — Но зато театр здесь и даваемая на оном Etoil du Nord<hi>7 </hi>— чудо! Посмотрели бы вы на русских солдат, с киверами, в роде мучных совков, на казаков, на мужиков — и как это всё поет! — Такая каша выходит, что вообразить нельзя. — Со всем тем, как патриот Горяйнов<note xml:id="note7" resp="volume_editor" index="false"> Александр Александрович Горяинов, помещик Тамбовской губернии.</note> кричал: Ура! тамбовским дамам, так и я кричу: Ура! Дижону за освобождение меня от пузыря.</p>
<p rend="petit left">Напишите мне в Париж (rue de Arcade, № 11) несколько благорассудительных и благопотребных слов. — Ваши умные речи живительны для меня, подобно манне: сообщите мне также петербургские новости, сжимая их, по вашему обычаю, в нескольких сочных и приятных изречении. А здесь последнее ощущение мое было то, что на рауте у кн. Юсупова<note xml:id="note8" resp="volume_editor" index="false"> Кн. Николай Борисович Юсупов (1827—1891) — один из богатейших землевладельцев в России.</note> у каждой двери два красных лакея с булавами при проходе каждого гостя ударяли дважды в пол, что меня, между прочим, смутило своей неожиданностью. — A propos,<note xml:id="note9" resp="volume_editor" index="false"> [Между прочим,]</note> я познакомился с Мериме:<note xml:id="note10" resp="volume_editor" index="false">Проспер Мериме (1803—1870) — французский беллетрист и поэт. Мериме один из первых во Франции оценил достоинство русской литературы и стал учиться по-русски, чтобы читать в подлиннике произведения Пушкина и Гоголя.</note> похож на свои сочинения; и с Мармие,<note xml:id="note11" resp="volume_editor" index="false"> Ксавье Мармие (1809—1892) — французский писатель и путешественник, автор многочисленных книг, в которых нашли отражение его путевые наблюдения. В 1840-х гг. он посетил, между прочим, Россию; впечатления, вынесенные им из этого путешествия, он изложил в книге «Lettres sur la Russie, la Finlande etla Pologne» («Письма о России, Финляндии и Польше»), 1849. Знакомый с русским языком, Мармье перевел несколько рассказов русских авторов, вошедших в книгу «Novelles du Nord» [«Новости севера»], 1882. Он находился в дружеских отношениях с Тургеневым.</note> и этот похож на свои сочинения.</p>
<p rend="petit left">Письмо это вышло как-то чушевато (новое слово: происходит от чуши), но я думаю, что все-таки лучше прежнего, которое было мрачновато. До другого раза, а теперь передаю письмо Толстому, желающему прибавить от себя несколько слов. — Будьте здоровы и веселы, кланяйтесь друзьям, я остаюсь душевно вас любящий Ив. Тургенев.</p>
<lb/>
<p rend="left"><hi>Рукой Толстого:</hi></p>
<p rend="left">Неприятно и начинать писать вам, дорогой Павел Васильевич, на таком клочке, когда я всё собирался писать вам длинно. Вы верно не примете за фразу то, что думаю о вас часто, ужасно и больно чувствую ваше отсутствие. Вы теперь для меня именно — <hi>то,</hi> а не <hi>не то.</hi> Я пишу, т. е. свою повесть, с удовольствием и надеждой, хотя это не спокойная уверенность, но, слава Богу, далеко не та, уж не скромность и наслаждение, в искреннем или неискреннем саморугании Тургенева. — Кто его знает. Он со своим пузырем — пучина. Хоть я и не должен бы, но думаю себе: может, П[авел] В[асильевич] и напишет мне за эту приписку письмецо, прежде моего длинного письма. Прощайте, от души жму вашу руку и всех наших общих приятелей. Ваш Л. Толстой.</p>
<p rend="left">Напишите, ежели не мне, то Т[ургене]ву ваше искреннее мнение о рассказах брата.<note xml:id="note12" resp="volume_editor" index="false"> «Охота на Кавказе», повесть H. Н. Толстого. См. прим. 5 к п. № 16 и п. № 57, прим. 1.</note></p>
<comments><p rend="Textpetit_otstup left">Впервые опубликовано в журнале «Наша старина», 1914, № 11.</p>
<p rend="petit left">Павел Васильевич Анненков (1813—1887) — писатель, литературный критик. В 1840 г. Анненков уехал за границу, откуда посылал в «Отечественные записки» письма, печатавшиеся в этом журнале за 1841— 1843 гг. В Риме Анненков жил с Гоголем, под диктовку которого <hi style="opdelimiter">писал</hi><hi style="opnumber">164</hi> <hi style="npnumber">165</hi><hi style="npdelimiter">первый</hi> том «Мертвых душ». Во время второй поездки за границу, куда ездил с больным Белинским в 1846—1848 гг., Анненков познакомился с Карлом Марксом. Первый редактор полного собрания сочинений Пушкина (1855—1857), положивший начало научному изучению жизни и творчества поэта. Подробнее о нем и его отношениях с Толстым см. т. 47, стр. 369—370.</p>
<p rend="Textpetit_otstup left"><hi>1</hi> Дижон — старый провинциальный город в 315 километрах к югу от Парижа. Толстой и Тургенев провели в нем пять дней, посещая местные достопримечательности, и вернулись обратно 2/14 марта.</p>
<p rend="petit left"><hi>2</hi> Луи Виардо — французский литератор. С его женой Полиной Виардо Тургенев был связан многолетней дружбой.</p>
<p rend="petit left"><hi>3</hi> Тургенев имеет в виду повесть «Альберт», которой был занят в это время Толстой. См. прим. 3 к п. № 59.</p>
<p rend="petit left"><hi>4</hi> «Второй день» — рассказ «Поездка в Полесье», начатый Тургеневым в мае 1853 г. Был напечатан в № 10 «Библиотеки для чтения» 1857 г.</p>
<p rend="petit left"><hi>5</hi> [Нюи] — бургундское вино.</p>
<p rend="petit left"><hi>6</hi> [Рисейский сыр]</p>
<p rend="petit left"><hi>7</hi> [«Северная звезда»] — опера (1854) Мейербера, сюжетом которой является роман Петра I и Екатерины.</p>
<p rend="petit left"><hi>8</hi> Александр Александрович Горяинов, помещик Тамбовской губернии.</p>
<p rend="petit left"><hi>9</hi> Кн. Николай Борисович Юсупов (1827—1891) — один из богатейших землевладельцев в России.</p>
<p rend="petit left"><hi>10</hi> [Между прочим,]</p>
<p rend="petit left"><hi>11 </hi>Проспер Мериме (1803—1870) — французский беллетрист и поэт. Мериме один из первых во Франции оценил достоинство русской литературы и стал учиться по-русски, чтобы читать в подлиннике произведения Пушкина и Гоголя.</p>
<p rend="petit left"><hi>12</hi> Ксавье Мармие (1809—1892) — французский писатель и путешественник, автор многочисленных книг, в которых нашли отражение его путевые наблюдения. В 1840-х гг. он посетил, между прочим, Россию; впечатления, вынесенные им из этого путешествия, он изложил в книге «Lettres sur la Russie, la Finlande etla Pologne» («Письма о России, Финляндии и Польше»), 1849. Знакомый с русским языком, Мармье перевел несколько рассказов русских авторов, вошедших в книгу «Novelles du Nord» [«Новости севера»], 1882. Он находился в дружеских отношениях с Тургеневым.</p>
<p rend="petit left"><hi>13</hi> См. прим. 3.</p>
<p rend="petit left"><hi>14</hi> «Охота на Кавказе», повесть H. Н. Толстого. См. прим. 5 к п. № 16 и п. № 57, прим. 1.</p>
</comments></div></body>
        </text>
        </TEI>