<?xml version="1.0" encoding="UTF-8"?>
    <!-- <?xml-stylesheet type="text/xsl" target="../resources/MJT/myletter.xsl"?> -->
    <?xml-stylesheet type="css" target="graves.css"?>
    <?xml-model target="http://www.tei-c.org/release/xml/tei/custom/schema/relaxng/tei_all.rng" type="application/xml" schematypens="http://relaxng.org/ns/structure/1.0"?>
    <?xml-model target="http://www.tei-c.org/release/xml/tei/custom/schema/relaxng/tei_all.rng" type="application/xml"
            schematypens="http://purl.oclc.org/dsdl/schematron"?>
    <TEI xmlns="http://www.tei-c.org/ns/1.0">
       <teiHeader>
          <fileDesc>
             <titleStmt>
                <title>Письмо №324. С. А. Толстой</title>
             </titleStmt>
             <publicationStmt>
                <publisher>TolstoyLab</publisher>
                <date when="2015-09-14">14 September 2015</date>
             </publicationStmt>
             <sourceDesc>
                <biblStruct>
                   <analytic>
                      <author>Толстой Л.Н.</author>
                   </analytic>
                   <monogr>
                      <title level="m">Полное собрание сочинений. Том 83</title>
                      <imprint>
                         <pubPlace>Москва</pubPlace>
                         <publisher>Государственное издательство "Художественная литература"</publisher>
                         <date when="1938"/>
                      </imprint>
                   </monogr>
                   <series>
                      <title level="s">Л.Н. Толстой. Полное собрание сочинений</title>
                      <biblScope unit="vol">83</biblScope>
                   </series>
                </biblStruct>
             </sourceDesc>
          </fileDesc>
          <encodingDesc>
             <tagsDecl> </tagsDecl>
          </encodingDesc>
          <profileDesc>
             <correspDesc>
                <correspAction type="sending">
                   <persName ref="PersonList.xml#L_N_Tolstoy">Л. Н. Толстой</persName>
                   <placeName ref="PlacesListxml#PLACE">Я. П.</placeName>
                   <date when="1885-08-19">1885 г. Августа 19.</date>            </correspAction>
                <correspAction type="receiving">
                   <persName ref="PersonList.xml#RECEIVER">Толстая Софья Андреевна</persName>
                </correspAction>
                <correspContext>
                   <ref type="prev"></ref>
                </correspContext>
             </correspDesc>
          </profileDesc>
       </teiHeader>
       <xenoData><number type="in a volume">324</number></xenoData>

       <text xml:id="a19_324">
	<body><div>
		<opener index="false">
324.
1885 г. Августа 19. Я. П.</opener>
<p rend="left">Вчерашнее письмо,<note xml:id="note1" resp="volume_editor" index="false"> В этом письме (от 17 августа) С. А. Толстая писала: «поехала в банк. Там почему-то мне казалось, что пять тысяч, оказалось только три. Поехала к Кувшинову [владелец писчебумажной фабрики] извиняться, что больше трех тысяч теперь дать не могу, просила до октября подождать. Еще нужно будет за бумагу около семи тысяч и за печать около восьми. Всё это озабочивает меня ужасно. Для жизни же денег осталось только в Туле две тысячи и две из заемных же у мама» (ПСТ, стр. 314—315).</note> т. е. полученное нынче, ужъ разстроенное и озабоченное, чего я и боялся. Пожалуйста, душенька, не смущайся тѣмъ, что ты называешь важными дѣлами, — а я пустѣйшими изъ пустыхъ дѣлъ — денежными. Такъ все это устроивается независимо отъ насъ, и такъ мы далеки отъ нужды. Совѣтую тебѣ выпустить отпечатанное съ подпиской. Если что не додѣлаешь, не заботься, я могу съѣздить. — Чертковъ съ Б[ирюковымъ] остались нынче утромъ, до ночи. Я съ ними и пишу это письмо. Я его просилъ поговорить съ тобой<note xml:id="note2" resp="volume_editor" index="false"> С. А. Толстая сообщала в письме от 20 августа: «Заезжал Чертков с Бирюковым. Они всё рассказали, как у вас; очень, видно, довольны своим пребыванием в Ясной, говорили, что все очень веселы, и что никогда не видали Льва Николаевича таким веселым. Вот я и права, что без меня лучше!» (стр. 322).</note> о подпискѣ и помочь черезъ Сытина,<note xml:id="note3" resp="volume_editor" index="false"> Иван Дмитриевич Сытин (1851—1934), крупный книгоиздатель, владелец типографии. Сытин печатал издания «Посредника». См. о нем т. 63, стр. 414.</note> все это знающаго. Они очень милы и, кажется, для всѣхъ не тяжелы — просты. —</p>
<p rend="left">У насѣ все благополучно, только грипъ у Андрюши и Алеши.<note xml:id="note4" resp="volume_editor" index="false"> В этом письме (от 17 августа) С. А. Толстая писала: «поехала в банк. Там почему-то мне казалось, что пять тысяч, оказалось только три. Поехала к Кувшинову [владелец писчебумажной фабрики] извиняться, что больше трех тысяч теперь дать не могу, просила до октября подождать. Еще нужно будет за бумагу около семи тысяч и за печать около восьми. Всё это озабочивает меня ужасно. Для жизни же денег осталось только в Туле две тысячи и две из заемных же у мама» (ПСТ, стр. 314—315).</note> Они оба веселы и днемъ почти не кашляютъ, а ночью вчера кашляли съ лаемъ; но нынче, мнѣ кажется, лучше. Ихъ не выпускали. Очень холодно. Грипъ — повѣтріе, и я, и Сережа кашляемъ. Бауеръ<note xml:id="note5" resp="volume_editor" index="false"> Сведений не имеется.</note> уѣзжаетъ съ Ч[ертковымъ] и Б[ирюковымъ]. Что экзамены?<note xml:id="note6" resp="volume_editor" index="false"> В письме от 20 августа С. А. Толстая писала: «Один удар нанесен. Илья провалился. Ужасно противно! Дали переэкзаменовку, не мог преодолеть слабость и лень и заняться. Сейчас всё это узналось. Что он будет делать — не знаю. То он выходит из гимназии, то остается, то готовится прямо в университет. [У И. Л. Толстого была переэкзаменовка для перехода в восьмой класс.] Леля выдержал русское и, кажется, выдержал латынь. Завтра греческий» (ПСТ, стр. 321).</note> И что твое здоровье. Прощай, душенька, цѣлую тебя и дѣтей.</p>
<lb/>
<p rend="left"><hi>На конверте:</hi> Графинѣ С. А. <hi style="opdelimiter">Толстой.</hi><hi style="opnumber">508</hi></p>
<comments><p rend="Textpetit_otstup left"><hi style="npnumber">509</hi><hi style="npdelimiter">Печатается</hi> по автографу, хранящемуся в АТБ. Впервые опубликовано по копии, сделанной С. А. Толстой, в ПЖ, стр. 268—269. Датируется на основании следующих данных: «1) в настоящем письме Толстой отвечает на письмо С. А. Толстой от воскресенья — 18 августа, 2) письмо Толстого, переданное через Черткова и Бирюкова, было вручено последним С. А. Толстой 20 августа, 3) по содержанию письмо является промежуточным между письмами от 18 и 20 августа.</p>
<p rend="Textpetit_otstup left"><hi>1</hi> В этом письме (от 17 августа) С. А. Толстая писала: «поехала в банк. Там почему-то мне казалось, что пять тысяч, оказалось только три. Поехала к Кувшинову [владелец писчебумажной фабрики] извиняться, что больше трех тысяч теперь дать не могу, просила до октября подождать. Еще нужно будет за бумагу около семи тысяч и за печать около восьми. Всё это озабочивает меня ужасно. Для жизни же денег осталось только в Туле две тысячи и две из заемных же у мама» (ПСТ, стр. 314—315).</p>
<p rend="petit left"><hi>2</hi> С. А. Толстая сообщала в письме от 20 августа: «Заезжал Чертков с Бирюковым. Они всё рассказали, как у вас; очень, видно, довольны своим пребыванием в Ясной, говорили, что все очень веселы, и что никогда не видали Льва Николаевича таким веселым. Вот я и права, что без меня лучше!» (стр. 322).</p>
<p rend="petit left"><hi>3</hi> Иван Дмитриевич Сытин (1851—1934), крупный книгоиздатель, владелец типографии. Сытин печатал издания «Посредника». См. о нем т. 63, стр. 414.</p>
<p rend="petit left"><hi>4</hi> Сведений не имеется.</p>
<p rend="petit left"><hi>5</hi> В письме от 20 августа С. А. Толстая писала: «Один удар нанесен. Илья провалился. Ужасно противно! Дали переэкзаменовку, не мог преодолеть слабость и лень и заняться. Сейчас всё это узналось. Что он будет делать — не знаю. То он выходит из гимназии, то остается, то готовится прямо в университет. [У И. Л. Толстого была переэкзаменовка для перехода в восьмой класс.] Леля выдержал русское и, кажется, выдержал латынь. Завтра греческий» (ПСТ, стр. 321).</p>
</comments></div></body>
        </text>
        </TEI>