<?xml version="1.0" encoding="UTF-8"?>
    <!-- <?xml-stylesheet type="text/xsl" target="../resources/MJT/myletter.xsl"?> -->
    <?xml-stylesheet type="css" target="graves.css"?>
    <?xml-model target="http://www.tei-c.org/release/xml/tei/custom/schema/relaxng/tei_all.rng" type="application/xml" schematypens="http://relaxng.org/ns/structure/1.0"?>
    <?xml-model target="http://www.tei-c.org/release/xml/tei/custom/schema/relaxng/tei_all.rng" type="application/xml"
            schematypens="http://purl.oclc.org/dsdl/schematron"?>
    <TEI xmlns="http://www.tei-c.org/ns/1.0">
       <teiHeader>
          <fileDesc>
             <titleStmt>
                <title>Письмо №259. С. А. Толстой</title>
             </titleStmt>
             <publicationStmt>
                <publisher>TolstoyLab</publisher>
                <date when="2015-09-14">14 September 2015</date>
             </publicationStmt>
             <sourceDesc>
                <biblStruct>
                   <analytic>
                      <author>Толстой Л.Н.</author>
                   </analytic>
                   <monogr>
                      <title level="m">Полное собрание сочинений. Том 83</title>
                      <imprint>
                         <pubPlace>Москва</pubPlace>
                         <publisher>Государственное издательство "Художественная литература"</publisher>
                         <date when="1938"/>
                      </imprint>
                   </monogr>
                   <series>
                      <title level="s">Л.Н. Толстой. Полное собрание сочинений</title>
                      <biblScope unit="vol">83</biblScope>
                   </series>
                </biblStruct>
				<bibl>Печатается по автографу, хранящемуся в АТБ. Впервые опубликовано по копии, сделанной С. А. Толстой, в ПЖ, стр. 212—213. Датируется на основании почтовых штемпелей: «Почтовый вагон. 30 января. 1884; Москва. 30 января 1884» и пометы Толстого «воскресенье», которое падало на 29 января 1884 г.</bibl>
             </sourceDesc>
          </fileDesc>
          <encodingDesc>
             <tagsDecl> </tagsDecl>
          </encodingDesc>
          <profileDesc>
             <correspDesc>
                <correspAction type="sending">
                   <persName ref="PersonList.xml#L_N_Tolstoy">Л. Н. Толстой</persName>
                   <placeName ref="PlacesListxml#PLACE">Я. П.</placeName>
                   <date when="1884-01-29">1884 г. Января 29.</date>            </correspAction>
                <correspAction type="receiving">
                   <persName ref="PersonList.xml#RECEIVER">Толстая Софья Андреевна</persName>
                </correspAction>
                <correspContext>
                   <ref type="prev"></ref>
                </correspContext>
             </correspDesc>
          </profileDesc>
       </teiHeader>
       <xenoData><number type="in a volume">259</number></xenoData>

       <text xml:id="a29_259">
	<body><div>
		<opener index="false">
259.
1884 г. Января 29. Я. П.</opener>
<p rend="right"><hi>Воскресенье.</hi></p>
<p rend="left">Пишу раньше — 7 часовъ вечера; потому что я перешелъ въ домъ; пріѣхалъ Бибиковъ и зоветъ меня ночевать къ себѣ, на что я согласился. Боюсь, не было бы угарно. Я утромъ прочелъ Макбета<note xml:id="note1" resp="volume_editor" index="false"> Трагедия Шекспира.</note> съ болышимъ вниманьемъ, — балаганныя пьесы, писанныя умнымъ и памятливымъ актеромъ, который начитался умныхъ книгъ, — усовершенствованный разбойникъ Чуркинъ.<note xml:id="note2" resp="volume_editor" index="false"> Разбойник Чуркин — бывший рабочий города Богородска Московской губернии. Похождения его относятся ко второй половине 1870-х гг. Его образ лег в основу ряда лубочных рассказов. Ему посвящен уголовный роман издателя «Московского листка» Николая Ивановича Пастухова. Печатался этот роман «Разбойник Чуркин» с 1882 по март 1885 гг. в виде фельетонов зa подписью «Старый знакомый». Благодаря этому роману «Московский листок» стал пользоваться большой популярностью. В пятьдесят второй главе романа несомненно заимствование из «Макбета». Вероятно Толстой имеет в виду именно роман Пастухова. О нем см. И. Кубиков, «Разбойник Чуркин» и его читатели» («Искусство», ГАХН, 1927, кн. II—III).</note> Потомъ пошелъ ходить съ лыжами и ружьемъ; — прошелъ на Грумантъ,<note xml:id="note3" resp="volume_editor" index="false"> Деревня в трех верстах от Ясной поляны.</note> оттуда по засичной дорогѣ на Тулу, и черезъ засѣку на кабачекъ, и по шоссе домой. Пьяный мужичекъ подвезъ меня, цѣловалъ меня и Бульку<note xml:id="note4" resp="volume_editor" index="false"> Охотничья собака.</note> и <hi style="opdelimiter">говорилъ,</hi><hi style="opnumber">415</hi> <hi style="npnumber">416</hi><hi style="npdelimiter">что</hi> я отецъ. — Самое доброе, совершенное и милое существо въ мірѣ — это пьяный — на первомъ взводѣ — мужикъ. Дорогой прекрасно думалъ. Ты не можешь себе представить моего пріятнаго чувства свободы по окончаніи моей работы.<note xml:id="note5" resp="volume_editor" index="false"> Над книгой «В чем моя вера?»</note> Я пересталъ чувствовать une machine à écrire.<note xml:id="note6" resp="volume_editor" index="false"> [машиной для писания].</note> Я тоже все думаю и безпокоюсь о большихъ дѣтяхъ. Нынче получилъ твое короткое письмо.<note xml:id="note7" resp="volume_editor" index="false"> От 27 января.</note> Завтра утромъ вернусь въ Ясную.</p>
<p rend="right">Л. Т.</p>
<lb/>
<p rend="left"><hi>На конверте:</hi> Москва. Хамовники. Графинѣ Софьѣ Андревнѣ Толстой. Свой домъ.</p>
<comments><p rend="Textpetit_otstup left">Печатается по автографу, хранящемуся в АТБ. Впервые опубликовано по копии, сделанной С. А. Толстой, в ПЖ, стр. 212—213. Датируется на основании почтовых штемпелей: «Почтовый вагон. 30 января. 1884; Москва. 30 января 1884» и пометы Толстого «воскресенье», которое падало на 29 января 1884 г.</p>
<p rend="Textpetit_otstup left"><hi>1</hi> Трагедия Шекспира.</p>
<p rend="petit left"><hi>2</hi> Разбойник Чуркин — бывший рабочий города Богородска Московской губернии. Похождения его относятся ко второй половине 1870-х гг. Его образ лег в основу ряда лубочных рассказов. Ему посвящен уголовный роман издателя «Московского листка» Николая Ивановича Пастухова. Печатался этот роман «Разбойник Чуркин» с 1882 по март 1885 гг. в виде фельетонов зa подписью «Старый знакомый». Благодаря этому роману «Московский листок» стал пользоваться большой популярностью. В пятьдесят второй главе романа несомненно заимствование из «Макбета». Вероятно Толстой имеет в виду именно роман Пастухова. О нем см. И. Кубиков, «Разбойник Чуркин» и его читатели» («Искусство», ГАХН, 1927, кн. II—III).</p>
<p rend="petit left"><hi>3</hi> Деревня в трех верстах от Ясной поляны.</p>
<p rend="petit left"><hi>4</hi> Охотничья собака.</p>
<p rend="petit left"><hi>5</hi> Над книгой «В чем моя вера?»</p>
<p rend="petit left"><hi>6</hi> [машиной для писания].</p>
<p rend="petit left"><hi>7</hi> От 27 января.</p>
<p rend="petit left">С. А. Толстая писала в ответ на это письмо 30 января: «Сейчас получила твое письмо; я вижу, что ты полной грудью вдыхаешь в себя и воздух, и простор, и нравственную свободу» (стр. 247).</p>
</comments></div></body>
        </text>
        </TEI>