<?xml version="1.0" encoding="UTF-8"?>
    <!-- <?xml-stylesheet type="text/xsl" target="../resources/MJT/myletter.xsl"?> -->
    <?xml-stylesheet type="css" target="graves.css"?>
    <?xml-model target="http://www.tei-c.org/release/xml/tei/custom/schema/relaxng/tei_all.rng" type="application/xml" schematypens="http://relaxng.org/ns/structure/1.0"?>
    <?xml-model target="http://www.tei-c.org/release/xml/tei/custom/schema/relaxng/tei_all.rng" type="application/xml"
            schematypens="http://purl.oclc.org/dsdl/schematron"?>
    <TEI xmlns="http://www.tei-c.org/ns/1.0">
       <teiHeader>
          <fileDesc>
             <titleStmt>
                <title>Письмо №*146. С. А. Толстой</title>
             </titleStmt>
             <publicationStmt>
                <publisher>TolstoyLab</publisher>
                <date when="2015-09-14">14 September 2015</date>
             </publicationStmt>
             <sourceDesc>
                <biblStruct>
                   <analytic>
                      <author>Толстой Л.Н.</author>
                   </analytic>
                   <monogr>
                      <title level="m">Полное собрание сочинений. Том 83</title>
                      <imprint>
                         <pubPlace>Москва</pubPlace>
                         <publisher>Государственное издательство "Художественная литература"</publisher>
                         <date when="1938"/>
                      </imprint>
                   </monogr>
                   <series>
                      <title level="s">Л.Н. Толстой. Полное собрание сочинений</title>
                      <biblScope unit="vol">83</biblScope>
                   </series>
                </biblStruct>
             </sourceDesc>
          </fileDesc>
          <encodingDesc>
             <tagsDecl> </tagsDecl>
          </encodingDesc>
          <profileDesc>
             <correspDesc>
                <correspAction type="sending">
                   <persName ref="PersonList.xml#L_N_Tolstoy">Л. Н. Толстой</persName>
                   <placeName ref="PlacesListxml#PLACE">Богатово.</placeName>
                   <date when="1878-06-22">1878 г. Июня 22.</date>            </correspAction>
                <correspAction type="receiving">
                   <persName ref="PersonList.xml#RECEIVER">Толстая Софья Андреевна</persName>
                </correspAction>
                <correspContext>
                   <ref type="prev"></ref>
                </correspContext>
             </correspDesc>
          </profileDesc>
       </teiHeader>
       <xenoData><number type="in a volume">146</number></xenoData>

       <text xml:id="a22_146">
	<body><div>
		<opener index="false">
* 146.
1878 г. Июня 22. Богатово.</opener>
<p rend="subtitle centerline center">
Московско-Курской дор[оги].
</p>
<p rend="right rightindent">Козловская Засѣка. Графинѣ Толстой.</p>
<lb/>
<p rend="left">Помѣщеніе, вода, лошади, экипажи хороши: но навозъ, бездна мухъ, засуха; совѣтую ѣхать. Мы всѣ въ полнѣ благополучно. Письмо слѣдуетъ.</p>
<p rend="right">Графъ Толстой.</p>
<comments><p rend="Textpetit_otstup left">Телеграмма. Печатается по телеграфному бланку № 19, хранящемуся в АТБ. Публикуется впервые. Телеграмма подана в Богатове 21 июня 1878 г. в 10 ч. 40 м. утра, получена в Козловке в тот же день в 10 ч. 45 мин. вечера.</p>
<p rend="left"><hi style="opnumber">263</hi> <hi style="npnumber">264</hi></p>
</comments></div></body>
        </text>
        </TEI>