<?xml version="1.0" encoding="UTF-8"?>
    <!-- <?xml-stylesheet type="text/xsl" target="../resources/MJT/myletter.xsl"?> -->
    <?xml-stylesheet type="css" target="graves.css"?>
    <?xml-model target="http://www.tei-c.org/release/xml/tei/custom/schema/relaxng/tei_all.rng" type="application/xml" schematypens="http://relaxng.org/ns/structure/1.0"?>
    <?xml-model target="http://www.tei-c.org/release/xml/tei/custom/schema/relaxng/tei_all.rng" type="application/xml"
            schematypens="http://purl.oclc.org/dsdl/schematron"?>
    <TEI xmlns="http://www.tei-c.org/ns/1.0">
       <teiHeader>
          <fileDesc>
             <titleStmt>
                <title>Письмо №207. С. А. Толстой</title>
             </titleStmt>
             <publicationStmt>
                <publisher>TolstoyLab</publisher>
                <date when="2015-09-14">14 September 2015</date>
             </publicationStmt>
             <sourceDesc>
                <biblStruct>
                   <analytic>
                      <author>Толстой Л.Н.</author>
                   </analytic>
                   <monogr>
                      <title level="m">Полное собрание сочинений. Том 83</title>
                      <imprint>
                         <pubPlace>Москва</pubPlace>
                         <publisher>Государственное издательство "Художественная литература"</publisher>
                         <date when="1938"/>
                      </imprint>
                   </monogr>
                   <series>
                      <title level="s">Л.Н. Толстой. Полное собрание сочинений</title>
                      <biblScope unit="vol">83</biblScope>
                   </series>
                </biblStruct>
				<bibl>Печатается по автографу, хранящемуся в АТБ. Впервые опубликовано копии, сделанной С. А. Толстой, в ПЖ, стр. 167—168. <hi style="opdelimiter">Датируется</hi><hi style="opnumber">342</hi> <hi style="npnumber">343</hi><hi style="npdelimiter">на</hi> основании пометы Толстого: «четверг»; четверг падал на 20 мая в 1882 г. В ПЖ датировано: «около 17 мая».</bibl>
             </sourceDesc>
          </fileDesc>
          <encodingDesc>
             <tagsDecl> </tagsDecl>
          </encodingDesc>
          <profileDesc>
             <correspDesc>
                <correspAction type="sending">
                   <persName ref="PersonList.xml#L_N_Tolstoy">Л. Н. Толстой</persName>
                   <placeName ref="PlacesListxml#PLACE">Я. П.</placeName>
                   <date when="1882-05-20">1882 г. Мая 20.</date>            </correspAction>
                <correspAction type="receiving">
                   <persName ref="PersonList.xml#RECEIVER">Толстая Софья Андреевна</persName>
                </correspAction>
                <correspContext>
                   <ref type="prev"></ref>
                </correspContext>
             </correspDesc>
          </profileDesc>
       </teiHeader>
       <xenoData><number type="in a volume">207</number></xenoData>

       <text xml:id="a20_207">
	<body><div>
		<opener index="false">
207.
1882 г. Мая 20. Я. П.</opener>
<p rend="right"><hi>Четвергъ, вечеръ.</hi></p>
<p rend="left">Неохотно пишу тебѣ, п[отому] ч[то] надѣюсь и всей душой желаю, чтобы ты пріѣхала завтра и отпустила меня. — Я совсѣмъ собрался, когда получили телеграмму, и я не рѣшился уѣхать съ Таней.<note xml:id="note1" resp="volume_editor" index="false"> «Т. А. Кузминская, едва приехав, вернулась в Москву вследствие тревожной телеграммы от меня о здоровье мужа» (н. п. С. А.).</note> Впрочемъ то, что было до нынѣшняго утра, Таня все разскажетъ. Нынче же дѣти гуляли, Таня мазала полотно подъ предлогомъ рисованья портрета Вѣры.<note xml:id="note2" resp="volume_editor" index="false"> Вера Александровна Кузминская.</note> Обѣдали всѣ вмѣстѣ. Вечеромъ большіе съ Мишей Куз[минскимъ] пошли гулять, и я съ ними. A маленъкіе сидѣли дома. Завернулъ къ вечеру холодъ и страшно простудить. Теперь всѣ легли спать, кромѣ Тани большой. Она сейчасъ ходила въ тотъ домъ узнать про маленькихъ Таниныхъ и принесла свѣденья, что Сашѣ<note xml:id="note3" resp="volume_editor" index="false"> Александр Александрович Кузминский (1880—1929), двухлетний сын Кузминских. Был чиновником особых поручений при начальнике кредитной канцелярии; учился во Франции у Блерио, летчик. Был женат первым браком на Любови Андреевне Русановой, вторым — на Ольге Дмитриевне Спечинской, рожд. Заботкиной.</note> лучше, а Вася<note xml:id="note4" resp="volume_editor" index="false"> Василий Александрович Кузминский (1882—1933). Был женат на дочери генерал-лейтенанта Надежде Дмитриевне Заботкиной (1880—1919), офицер гвардейского экипажа, участник Цусимского боя, последние годы служил бухгалтером в Ленинграде.</note> чудесенъ. Такъ и скажи Танѣ.</p>
<p rend="left">Нынче получилъ пріятное письмо отъ Тургенева.<note xml:id="note5" resp="volume_editor" index="false"> От 14/26 мая из Парижа: напечатано в книге «Толстой и Тургенев. Переписка». М. 1928, стр. 102—103.</note> Онъ очень тронутъ моимъ письмомъ и пишетъ, что ему лучше, опасности нѣтъ, но едва ли пріѣдетъ въ Россію. Я занимался большимъ сочиненіемъ<note xml:id="note6" resp="volume_editor" index="false"> Большим сочинением Толстой в 1882 г. называл то, которое расчленилось на три части: 1) «Исповедь», 2) «Исследование догматического богословия», 3) «Соединение, перевод и исследование четырех евангелий». Судя по предшествующему письму, где упоминается Макарий, Толстой занимался в то время второй частью своего сочинения.</note> и въ очень серьезномъ настроеніи. — Телеграмма твоя очень мрачна.<note xml:id="note7" resp="volume_editor" index="false"> «По случаю болезни А. М. Кузминского» (н. п. С. А.).</note> Мнѣ стало ужасно жутко. Дай Богъ, чтобъ кончилось благополучно. Ужасно хочется знать подробности. Цѣлую тебя и 4 сыновей.</p>
<p rend="left">Прощай, душенька.</p>
<comments><p rend="Textpetit_otstup left">Печатается по автографу, хранящемуся в АТБ. Впервые опубликовано копии, сделанной С. А. Толстой, в ПЖ, стр. 167—168. <hi style="opdelimiter">Датируется</hi><hi style="opnumber">342</hi> <hi style="npnumber">343</hi><hi style="npdelimiter">на</hi> основании пометы Толстого: «четверг»; четверг падал на 20 мая в 1882 г. В ПЖ датировано: «около 17 мая».</p>
<p rend="Textpetit_otstup left"><hi>1</hi> «Т. А. Кузминская, едва приехав, вернулась в Москву вследствие тревожной телеграммы от меня о здоровье мужа» (н. п. С. А.).</p>
<p rend="petit left"><hi>2</hi> Вера Александровна Кузминская.</p>
<p rend="petit left"><hi>3</hi> Александр Александрович Кузминский (1880—1929), двухлетний сын Кузминских. Был чиновником особых поручений при начальнике кредитной канцелярии; учился во Франции у Блерио, летчик. Был женат первым браком на Любови Андреевне Русановой, вторым — на Ольге Дмитриевне Спечинской, рожд. Заботкиной.</p>
<p rend="petit left"><hi>4</hi> Василий Александрович Кузминский (1882—1933). Был женат на дочери генерал-лейтенанта Надежде Дмитриевне Заботкиной (1880—1919), офицер гвардейского экипажа, участник Цусимского боя, последние годы служил бухгалтером в Ленинграде.</p>
<p rend="petit left"><hi>5</hi> От 14/26 мая из Парижа: напечатано в книге «Толстой и Тургенев. Переписка». М. 1928, стр. 102—103.</p>
<p rend="petit left"><hi>6</hi> Большим сочинением Толстой в 1882 г. называл то, которое расчленилось на три части: 1) «Исповедь», 2) «Исследование догматического богословия», 3) «Соединение, перевод и исследование четырех евангелий». Судя по предшествующему письму, где упоминается Макарий, Толстой занимался в то время второй частью своего сочинения.</p>
<p rend="petit left"><hi>7</hi> «По случаю болезни А. М. Кузминского» (н. п. С. А.).</p>
</comments></div></body>
        </text>
        </TEI>