<?xml version="1.0" encoding="UTF-8"?>
    <!-- <?xml-stylesheet type="text/xsl" target="../resources/MJT/myletter.xsl"?> -->
    <?xml-stylesheet type="css" target="graves.css"?>
    <?xml-model target="http://www.tei-c.org/release/xml/tei/custom/schema/relaxng/tei_all.rng" type="application/xml" schematypens="http://relaxng.org/ns/structure/1.0"?>
    <?xml-model target="http://www.tei-c.org/release/xml/tei/custom/schema/relaxng/tei_all.rng" type="application/xml"
            schematypens="http://purl.oclc.org/dsdl/schematron"?>
    <TEI xmlns="http://www.tei-c.org/ns/1.0">
       <teiHeader>
          <fileDesc>
             <titleStmt>
                <title>Письмо №368. Б. Н. Чичерину.</title>
             </titleStmt>
             <publicationStmt>
                <publisher>TolstoyLab</publisher>
                <date when="2015-09-14">14 September 2015</date>
             </publicationStmt>
             <sourceDesc>
                <biblStruct>
                   <analytic>
                      <author>Толстой Л.Н.</author>
                   </analytic>
                   <monogr>
                      <title level="m">Полное собрание сочинений. Том 62</title>
                      <imprint>
                         <pubPlace>Москва</pubPlace>
                         <publisher>Государственное издательство "Художественная литература"</publisher>
                         <date when="1953"/>
                      </imprint>
                   </monogr>
                   <series>
                      <title level="s">Л.Н. Толстой. Полное собрание сочинений</title>
                      <biblScope unit="vol">62</biblScope>
                   </series>
                </biblStruct>
				<bibl>Впервые опубликовано в сборнике «Письма Толстого и к Толстому. Труды Публичной библиотеки СССР имени В. И. Ленина», М. 1928, стр. 26—27, Дата определяется содержанием.</bibl>
             </sourceDesc>
          </fileDesc>
          <encodingDesc>
             <tagsDecl> </tagsDecl>
          </encodingDesc>
          <profileDesc>
             <correspDesc>
                <correspAction type="sending">
                   <persName ref="PersonList.xml#L_N_Tolstoy">Л. Н. Толстой</persName>
                   <placeName ref="PlacesListxml#PLACE">Я. П.</placeName>
                   <date when="1877-12-10">1877 г. Декабря 10.</date>            </correspAction>
                <correspAction type="receiving">
                   <persName ref="PersonList.xml#RECEIVER">Чичерин Борис Николаевич</persName>
                </correspAction>
                <correspContext>
                   <ref type="prev"></ref>
                </correspContext>
             </correspDesc>
          </profileDesc>
       </teiHeader>
       <xenoData><number type="in a volume">368</number></xenoData>

              <text xml:id="B.N.CHicherinu_368">
	<body><div>
		<opener index="false">
368. Б. Н. Чичерину.
1877 г. Декабря 10. Я. П.</opener>
<p rend="left">Очень, очень тебе благодарен за твое хорошее письмо.<note xml:id="note1" resp="volume_editor" index="false">Письмо Чичерина от 7 декабря 1877 г. (см. «Письма Толстого и к Толстому», стр. 296—297).</note> Я не видал давно Самарина<note xml:id="note2" resp="volume_editor" index="false">Петра Федоровича Самарина.</note> и потому не получал еще твоей книги,<note xml:id="note3" resp="volume_editor" index="false">Четвертого тома «Истории политических учений» (М. 1877). Книга эта, неразрезанная, с надписью: «Графу Льву Николаевичу Толстому в память старой дружбы от Б. Чичерина», сохранилась в яснополянской библиотеке.</note> за которую тоже очень благодарен.</p>
<p rend="left">Я слышал про твое горе,<note xml:id="note4" resp="volume_editor" index="false">Смерть детей Чичерина: Алексея (род. и умер в 1874 г.) и Екатерины (род. в 1872 г., ум. в конце 1874 или в начале 1875 г.).</note> и оба мы с женой очень сочувствовали ему. Радуюсь, что у вас теперь есть надежда и цель в жизни, но моя судьба с тобой спорить. Я не согласен, чтобы для здоровья и безопасности ребенка выгоднее было жить в Москве. В деревне доктор далеко, но бог гораздо ближе, чем в городе. Мне по крайней мере всегда так казалось. Особенно в Самарской деревне, где мы жили с грудным ребенком за 130 верст от города. И ребенок этот<note xml:id="note5" resp="volume_editor" index="false">Петр Львович, умерший 8 ноября 1873 г.</note> умер через месяц после того, как мы вернулись — на руках у докторов.</p>
<p rend="left">Радуюсь мысли увидать тебя в Москве и продолжать наши дружеские отношения и познакомиться с твоей женой,<note xml:id="note6" resp="volume_editor" index="false"> Александра Алексеевна, рожд. Капнист (1845—1920).</note> про которую я так много слышал единогласно восторженных похвал.</p>
<p rend="left">Я пишу тебе из родильной комнаты жены, которая 5-й день как родила мальчика, счетом 9-го ребенка, из кот[орых] 6 живы и старший уж говорит басом и переводит Цицерона. —</p>
<p rend="left">Очень, очень рад, что ты меня помнишь и любишь, и верь, что я плачу тебе тем же.</p>
<p rend="right">Твой Л. Толстой.</p>
<comments><p rend="Textpetit_otstup left">Впервые опубликовано в сборнике «Письма Толстого и к Толстому. Труды Публичной библиотеки СССР имени В. И. Ленина», М. 1928, стр. 26—27, Дата определяется содержанием.</p>
<p rend="petit left">О Борисе Николаевиче Чичерине см. т. 47, прим. 1472.</p>
<p rend="Textpetit_otstup left"><hi>1 </hi>Письмо Чичерина от 7 декабря 1877 г. (см. «Письма Толстого и к Толстому», стр. 296—297).</p>
<p rend="petit left"><hi>2 </hi>Петра Федоровича Самарина.</p>
<p rend="petit left"><hi>3 </hi>Четвертого тома «Истории политических учений» (М. 1877). Книга эта, неразрезанная, с надписью: «Графу Льву Николаевичу Толстому в память старой дружбы от Б. Чичерина», сохранилась в яснополянской библиотеке.</p>
<p rend="petit left"><hi>4 </hi>Смерть детей Чичерина: Алексея (род. и умер в 1874 г.) и Екатерины (род. в 1872 г., ум. в конце 1874 или в начале 1875 г.).</p>
<p rend="petit left"><hi>5 </hi>Петр Львович, умерший 8 ноября 1873 г.</p>
<p rend="petit left"><hi>6</hi> Александра Алексеевна, рожд. Капнист (1845—1920).</p>
<p rend="left emptyline"><hi style="opnumber">358</hi> <hi style="npnumber">359</hi></p>
</comments></div></body>
        </text>
        </TEI>