<?xml version="1.0" encoding="UTF-8"?>
    <!-- <?xml-stylesheet type="text/xsl" target="../resources/MJT/myletter.xsl"?> -->
    <?xml-stylesheet type="css" target="graves.css"?>
    <?xml-model target="http://www.tei-c.org/release/xml/tei/custom/schema/relaxng/tei_all.rng" type="application/xml" schematypens="http://relaxng.org/ns/structure/1.0"?>
    <?xml-model target="http://www.tei-c.org/release/xml/tei/custom/schema/relaxng/tei_all.rng" type="application/xml"
            schematypens="http://purl.oclc.org/dsdl/schematron"?>
    <TEI xmlns="http://www.tei-c.org/ns/1.0">
       <teiHeader>
          <fileDesc>
             <titleStmt>
                <title>Письмо №323. С. А. Толстой</title>
             </titleStmt>
             <publicationStmt>
                <publisher>TolstoyLab</publisher>
                <date when="2015-09-14">14 September 2015</date>
             </publicationStmt>
             <sourceDesc>
                <biblStruct>
                   <analytic>
                      <author>Толстой Л.Н.</author>
                   </analytic>
                   <monogr>
                      <title level="m">Полное собрание сочинений. Том 83</title>
                      <imprint>
                         <pubPlace>Москва</pubPlace>
                         <publisher>Государственное издательство "Художественная литература"</publisher>
                         <date when="1938"/>
                      </imprint>
                   </monogr>
                   <series>
                      <title level="s">Л.Н. Толстой. Полное собрание сочинений</title>
                      <biblScope unit="vol">83</biblScope>
                   </series>
                </biblStruct>
             </sourceDesc>
          </fileDesc>
          <encodingDesc>
             <tagsDecl> </tagsDecl>
          </encodingDesc>
          <profileDesc>
             <correspDesc>
                <correspAction type="sending">
                   <persName ref="PersonList.xml#L_N_Tolstoy">Л. Н. Толстой</persName>
                   <placeName ref="PlacesListxml#PLACE">Я. П.</placeName>
                   <date when="1885-08-18">1885 г. Августа 18.</date>            </correspAction>
                <correspAction type="receiving">
                   <persName ref="PersonList.xml#RECEIVER">Толстая Софья Андреевна</persName>
                </correspAction>
                <correspContext>
                   <ref type="prev"></ref>
                </correspContext>
             </correspDesc>
          </profileDesc>
       </teiHeader>
       <xenoData><number type="in a volume">323</number></xenoData>

       <text xml:id="a18_323">
	<body><div>
		<opener index="false">
323.
1885 г. Августа 18. Я. П.</opener>
<p rend="left">Пишу только, чтобъ сказать, что твое письмо<note xml:id="note1" resp="volume_editor" index="false"> В этом письме (не датировано — от 16 августа 1885 г.) С. А. Толстая писала: «Из Ясной уехать всё-таки так было грустно, что находит сомнение: да нужно ли всё это делать, переезжать, держать экзамены, жить в Москве и проч.» (ПСТ, стр. 314).</note> меня умилило, Таня все хорошо написала.<note xml:id="note2" resp="volume_editor" index="false"> Письмо не обнаружено.</note> Она очень мила и очень хорошо, спокойно и добро себя держитъ. И все у насъ хорошо, кромѣ насморковъ. — Какъ-то у васъ. Завтра хоть отчасти узнаемъ про мальчиковъ и про тебя. Пожалуйста, будь у доктора. А то послѣ будешь сама себя лечить или сама себѣ вредить. —</p>
<p rend="left">Вечеромъ сошлись въ кабинетѣ: Андрюша, Миша Кузм[инскій], Файнерманъ, Бирюк[овъ], Черт[ковъ] и я; и я предложилъ каждому разсказать исторію, начиная съ младшихъ. И всѣ, начиная съ Андрюши до меня, разсказали. Все въ темнотѣ — очень хорошо было. Вечеромъ читали вслухъ Катакомбы.<note xml:id="note3" resp="volume_editor" index="false"> Роман гр. Ел. Вас. Салиас де Турнемир (Евгении Тур) «Катакомбы», из первых времен христианства; в переделке для народа издан «Посредником» под заглавием «Фабиола» (№ 18, 1885 г.). Толстой писал о романе</note> А теперь, послѣ чая, собираемся расходиться. Я усталъ, почему-то въ нервномъ размягченіи. — Крестины<note xml:id="note4" resp="volume_editor" index="false"> И. Б. Файнермана.</note> сошли благополучно. Только В[еликая] К[нягиня]<note xml:id="note5" resp="volume_editor" index="false"> Так называли мадам Сейрон.</note> возмущена. До свиданья.</p>
<p rend="right">Л. Т.</p>
<lb/>
<p rend="left">Цѣлую тебя, милый другъ, не взыщи, что безцвѣтно пишу, я глупъ.<note xml:id="note6" resp="volume_editor" index="false"> Последние одиннадцать слов приписаны сбоку.</note></p>
<lb/>
<p rend="left"><hi>На конверте:</hi> Москва. — Хамовники, домъ Гр. Толстаго. Графинѣ Софьѣ Андревнѣ <hi style="opdelimiter">Толстой.</hi><hi style="opnumber">507</hi></p>
<comments><p rend="Textpetit_otstup left"><hi style="npnumber">508</hi><hi style="npdelimiter">Печатается</hi> по автографу, хранящемуся в АТБ. Впервые опубликована по копии, сделанной С. А. Толстой, в ПЖ, стр. 268, за исключением приписки сбоку. Датируется на основании почтовых штемпелей: «Почтовый вагон. 19 августа. 1885; Москва. 19 августа 1885» и слов письма «вечером читали вслух».</p>
<p rend="Textpetit_otstup left"><hi>1</hi> В этом письме (не датировано — от 16 августа 1885 г.) С. А. Толстая писала: «Из Ясной уехать всё-таки так было грустно, что находит сомнение: да нужно ли всё это делать, переезжать, держать экзамены, жить в Москве и проч.» (ПСТ, стр. 314).</p>
<p rend="petit left"><hi>2</hi> Письмо не обнаружено.</p>
<p rend="petit left"><hi>3</hi> Роман гр. Ел. Вас. Салиас де Турнемир (Евгении Тур) «Катакомбы», из первых времен христианства; в переделке для народа издан «Посредником» под заглавием «Фабиола» (№ 18, 1885 г.). Толстой писал о романе</p>
<p rend="petit left">В. Г. Черткову 9 мая 1885 г.: «Это превосходная вещь по содержанию».</p>
<p rend="petit left"><hi>4</hi> И. Б. Файнермана.</p>
<p rend="petit left"><hi>5</hi> Так называли мадам Сейрон.</p>
<p rend="petit left"><hi>6</hi> Последние одиннадцать слов приписаны сбоку.</p>
</comments></div></body>
        </text>
        </TEI>