<?xml version="1.0" encoding="UTF-8"?>
    <!-- <?xml-stylesheet type="text/xsl" target="../resources/MJT/myletter.xsl"?> -->
    <?xml-stylesheet type="css" target="graves.css"?>
    <?xml-model target="http://www.tei-c.org/release/xml/tei/custom/schema/relaxng/tei_all.rng" type="application/xml" schematypens="http://relaxng.org/ns/structure/1.0"?>
    <?xml-model target="http://www.tei-c.org/release/xml/tei/custom/schema/relaxng/tei_all.rng" type="application/xml"
            schematypens="http://purl.oclc.org/dsdl/schematron"?>
    <TEI xmlns="http://www.tei-c.org/ns/1.0">
       <teiHeader>
          <fileDesc>
             <titleStmt>
                <title>Письмо №91. Н. А. Некрасову.</title>
             </titleStmt>
             <publicationStmt>
                <publisher>TolstoyLab</publisher>
                <date when="2015-09-14">14 September 2015</date>
             </publicationStmt>
             <sourceDesc>
                <biblStruct>
                   <analytic>
                      <author>Толстой Л.Н.</author>
                   </analytic>
                   <monogr>
                      <title level="m">Полное собрание сочинений. Том 59</title>
                      <imprint>
                         <pubPlace>Москва</pubPlace>
                         <publisher>Государственное издательство "Художественная литература"</publisher>
                         <date when="1935"/>
                      </imprint>
                   </monogr>
                   <series>
                      <title level="s">Л.Н. Толстой. Полное собрание сочинений</title>
                      <biblScope unit="vol">59</biblScope>
                   </series>
                </biblStruct>
				<bibl>Печатается по автографу, хранящемуся в ЛБ. Впервые напечатано Н. С. Ашукиным в АК, 1916, стр. 201—202.</bibl>
             </sourceDesc>
          </fileDesc>
          <encodingDesc>
             <tagsDecl> </tagsDecl>
          </encodingDesc>
          <profileDesc>
             <correspDesc>
                <correspAction type="sending">
                   <persName ref="PersonList.xml#L_N_Tolstoy">Л. Н. Толстой</persName>
                   <placeName ref="PlacesListxml#PLACE">Эски-Орда.</placeName>
                   <date when="1854-12-19">1854 г. Декабря 19.</date>            </correspAction>
                <correspAction type="receiving">
                   <persName ref="PersonList.xml#RECEIVER">Некрасов Николай Алексеевич</persName>
                </correspAction>
                <correspContext>
                   <ref type="prev"></ref>
                </correspContext>
             </correspDesc>
          </profileDesc>
       </teiHeader>
       <xenoData><number type="in a volume">91</number></xenoData>

              <text xml:id="N.A.Nekrasovu_91">
	<body><div>
		<opener index="false">
91. Н. А. Некрасову.
1854 г. Декабря 19. Эски-Орда.
</opener>
<p rend="Obrashenie left">Милостивый Государь</p>
<p rend="Obrashenie1 left">Николай Алексѣевичъ.</p>
<p rend="left">Или мои или ваши письма или тѣ и другія — не доходятъ — иначе я не могу объяснить себѣ вашего 6-ти мѣсячного молчанія; а между тѣмъ мнѣ бы очень многое было интересно знать отъ васъ. Современника тоже съ Августа я не получаю.<hi>1 </hi>—</p>
<p rend="left">Напечатаны-ли и когда будутъ напечатаны <note xml:id="note1" resp="volume_editor" index="false"><hi>Разсказъ маркера</hi>«Рассказ маркера», т. е. «Записки маркера» были напечатаны в «Современнике» 1855, № 1.</note><hi><hi> </hi></hi>и <hi>Отрочество</hi><note xml:id="note2" resp="volume_editor" index="false">Рукопись «Отрочества» Толстой послал Некрасову из Бухареста 27 апреля с неизвестным нам письмом. Получив рукопись и письмо, Некрасов писал Толстому, но письмо это дошло до Толстого только 24 августа, о чем есть запись в дневнике. Письмо это нам также неизвестно. Снова писал Некрасову Толстой 23 июня (из Бухареста), но и это письмо неизвестно. 10 июля 1854 г. Некрасов писал Толстому об «Отрочестве»: «Если я скажу, что не могу прибрать выражения, как достаточно похвалить вашу последнюю вещь, то, кажется, это будет самое верное, что я могу сказать, да и не совсем ловко говорить в письме и вам больше. Перо, подобно языку, имеет свойства застенчивости — это я понял в сию минуту, потому что никак не умею, хоть и попутное, сказать кое-что из всего, что думаю, выберу только, что талант автора «Отрочества» самобытен и симпатичен в высшей степени, и что такие вещи, как описание летней дороги и грозы или сидение в каземате, и многое, многое дадут этому рассказу долгую жизнь в нашей литературе. Я напечатаю «Отрочество» в IX или X кн. «Современника». Не знаю, получите ли вы его — но он вам в Бухарест высылался». (Там же, стр. 189—190.)</note> и почему не получаю я Современника? увѣдомьте меня пожалуйста объ этомъ и письмомъ страховымъ, чтобы это было вѣрнѣе.<note xml:id="note3" resp="volume_editor" index="false">В ответ Некрасов писал 17 января 1865 г.: «Ваше «Отрочество» вышло в свет в октябре 1854 г. (Его изрядно общипала ценсура, вымарав многое из первых проявлений любви в отроке и кое-что там, где рассказчик говорит об отце) и произвело то, что называется эфектом, т. е. некоторый говор в Петербурге. Что касается до литературного круга, то все порядочные люди единогласно находили эту вещь исполненною поэзии, оригинальною и художественно-выполненною. Так как пишу вам об вашем «Отрочестве» уже в 3-й раз, то вы извините меня за угловатость этих фраз, да я же и вечно тороплюсь — вот и теперь мне помешали дописать письмо. Мои приятели Тургенев и Анненков в восторге от этого произведения в таком же, как и я. (Это приписано через час.)</note></p>
<p rend="left">Адресъ мой все тотъ-же: въ Кишеневъ, въ главный штабъ Южной арміи. Мнѣ особенно хотѣлось бы теперь успокоиться на счетъ этихъ 2-хъ вещей — т. е. прочесть ихъ въ печати и забыть — для того, чтобы заняться отдѣлкой новыхъ вещей, которыя надѣюсь помѣстить въ нашемъ журналѣ, и для которыхъ у меня матерьяловъ гибель. Матерьяловъ <hi style="opdelimiter">современнаго,</hi><hi style="opnumber">286</hi> <hi style="npnumber">287</hi><hi style="npdelimiter">военнаго</hi> содержанія, набранныхъ и приготовленныхъ не для вашего Журнала, но для Солдатскаго Листка, о попыткѣ основанія котораго при Южной Арміи вы слышали можетъ быть въ Петербургѣ. На проэктъ мой Государь Императоръ всемилостивѣйше изволилъ разрѣшить печатать статьи наши въ Инвалидѣ!<note xml:id="note4" resp="volume_editor" index="false">В ответ на просьбу о журнале кн. М. Д. Горчакова (см. прим. 3 к п. № 84) военный министр писал 7 ноября: «Его величество, отдавая полную справедливость благонамеренной цели, с каковой предположено было издавать сказанный журнал, изволил признать неудобным разрешить издание оного, так как все статьи, касающиеся военных действий наших войск, предварительно помещения оных в журнале и газетах первоначально печатаются в газете «Русский инвалид» и из оной уже заимствуются в другие периодические издания». Вместе с тем Николай I разрешил инициаторам журнала присылать свои статьи в «Русский инвалид» (военно-политическую газету), на что они имели право и без этого <hi style="opdelimiter">разрешения.</hi><hi style="opnumber">289</hi></note> Въ ожиданіи скораго отвѣта вашего, съ совершеннымъ уваженіемъ имѣю честь быть,</p>
<p rend="right">вашъ покорнѣйшій слуга</p>
<p rend="right">Гр. Л. Толстой.</p>
<p rend="left">19 декабря 1854 г.</p>
<comments><p rend="Textpetit_otstup left">Печатается по автографу, хранящемуся в ЛБ. Впервые напечатано Н. С. Ашукиным в АК, 1916, стр. 201—202.</p>
<p rend="Textpetit_otstup left"><hi>1 </hi>В ответ на это Некрасов писал 17 января 1855 г.: «Мне ужасно неприятно, что моих писем вы не получаете, хотя я и пишу и писал, сколько было нужно, а именно, после вашего отъезда из Тулы писал я вам 1) в Букарест: а) с посылкою записок Маркера, б) с уведомлением о получении «Отрочества» и моими о нем мнениями или лучше сказать, — похвалами. 2) В действующую армию — по адресу вами назначенному — опять несколько слов об «Отрочестве» при посылке вам двух №№ «Современника» с вашими рассказами; 3) в Кишинев по адресу, который достал мне Тургенев от ваших родных в Орловской губернии. В последнем письме я уведомлял вас о напечатании «Отрочества» и желал иметь от вас ответ, чтоб послать вам деньги... Отчего мои письма к вам не попадают — не знаю. Что касается ваших, то я до вчерашнего дня не получал их после того, как вы писали мне о высылке вам 2-х №№ «Современника», что тогда же исполнено (не знаю, получили ли вы эти книги, — а что касается до Современн. 1854 г., то адрес ваш был сдан почтамту в Бухарест, и если вы не послали известия о перемене его в нашу контору или не сделали на месте, откуда выехали, распоряжения, то неудивительно, что вы его не получаете). Всё это мне досадно не менее вашего, потому что я заинтересован вашим талантом, как журналист — умалчиваю о прочем, — не желал бы навлекать на «Современник» ваше неудовольствие...» (Альманах. «Круг», кн. шестая, М. 1927, стр. 192—193.)</p>
<p rend="petit left"><hi>Отъезд из Тулы — </hi>отъезд Толстого из Москвы в дунайскую армию во второй половине февраля 1854 г. <hi>Письмо Некрасова с посылкою «Записок маркера»</hi> (ответ на письмо Толстого от 17 сентября 1853 г. № 80) до Толстого не дошло и, вероятно, вообще пропало. <hi>Письмо Некрасова с уведомлением о получении «Отрочества»</hi> (ответ на недошедшее до нас письмо от 27 апреля 1854 г.), нам неизвестное, вероятно, то, о получении которого записано в дневнике Толстого под 24 августа 1854 г.: «Получил лестное об «Отрочестве» письмо от Некрасова, которое, как и всегда, подняло мой дух и поощрило к продолжению занятий». <hi>Письмо Некрасова в действующую армию по адресу</hi>, <hi>вами назначенному — </hi>письмо от 10 июля 1854 г., напечатанное в альманахе «Круг», кн. шестая, М. 1827, стр. <hi style="opdelimiter">189—190.</hi><hi style="opnumber">287</hi></p>
<p rend="petit left"><hi style="npnumber">288</hi><hi style="npdelimiter"><hi>Письмо</hi></hi> <hi>Некрасова в Кишинев — </hi>письмо от 2 ноября 1854 г. (напечатанное там же, стр. 190—191). <hi>Письмо Толстого</hi> с просьбой о высылке ему 2-х номеров «Современника» — вероятно, неизвестное нам письмо от 27 апреля 1854 г.</p>
<p rend="petit left"><hi>2 </hi>«Рассказ маркера», т. е. «Записки маркера» были напечатаны в «Современнике» 1855, № 1.</p>
<p rend="petit left"><hi>3 </hi>Рукопись «Отрочества» Толстой послал Некрасову из Бухареста 27 апреля с неизвестным нам письмом. Получив рукопись и письмо, Некрасов писал Толстому, но письмо это дошло до Толстого только 24 августа, о чем есть запись в дневнике. Письмо это нам также неизвестно. Снова писал Некрасову Толстой 23 июня (из Бухареста), но и это письмо неизвестно. 10 июля 1854 г. Некрасов писал Толстому об «Отрочестве»: «Если я скажу, что не могу прибрать выражения, как достаточно похвалить вашу последнюю вещь, то, кажется, это будет самое верное, что я могу сказать, да и не совсем ловко говорить в письме и вам больше. Перо, подобно языку, имеет свойства застенчивости — это я понял в сию минуту, потому что никак не умею, хоть и попутное, сказать кое-что из всего, что думаю, выберу только, что талант автора «Отрочества» самобытен и симпатичен в высшей степени, и что такие вещи, как описание летней дороги и грозы или сидение в каземате, и многое, многое дадут этому рассказу долгую жизнь в нашей литературе. Я напечатаю «Отрочество» в IX или X кн. «Современника». Не знаю, получите ли вы его — но он вам в Бухарест высылался». (Там же, стр. 189—190.)</p>
<p rend="petit left">«<hi>Отрочество</hi>» было напечатано в X (октябрьской) книжке «Современника] за 1854 г. с подписью: «Л. H. Т.» <hi>Не знаю</hi>, <hi>получите ли вы его</hi> [«Сов<hi>ременник»] — но он вам в Бухарест высылался</hi>». Толстой получил сколько-то номеров за 1854 г. «Современника» 11 июля, о чем есть запись в дневнике.</p>
<p rend="petit left">2 ноября Некрасов писал Толстому: «Видно уж такова судьба ваша, что и «Отрочество» в печати подверглось значительным и обидным урезываниям. Случилось несколько ценсурных историй, выговоров — и на ценсора нашего, как и на других, напал панический страх, вследствие которого он вымарал более, чем бы следовало. Само собою разумеется, что были употреблены все старания, чтобы отстоять что можно; к счастью, как вы заметите, лучшие вещи все уцелели в неиспорченном виде. — Вещь эта произвела в читающем мире то, что называется <hi>эфект,</hi> а что касается литераторов, разумеется, смыслящих, то они сознаются, что очень давно ничего подобного не было в русской литературе. В самом деле, хорошая вещь». (Там же, стр. 190—191.)</p>
<p rend="petit left"><hi>О цензурных историях</hi>, о которых пишет Некрасов, имеются сведения в дневнике А. В. Никитенки под 26 сентября: «В «Москвитянине», кажется, в июньской книжке, напечатана повесть Лихачева: «Мечтатель». В ней места 3—4 действительно лучше было бы не пропускать, во избежание худшего зла, но цензора Похвистнев и Ржевской пропустили их. Министр велел подать им в отставку. Сколько ни убеждал я, чтобы с ними было поступлено не так строго, министр на этот paз остался при своем решении. К сожалению, это подаст повод злейшим цензорам быть еще неукротимее в своих запрещениях». (А. В. Никитенко. «Записки и дневник», <hi style="opdelimiter">Спб.,</hi><hi style="opnumber">288</hi> <hi style="npnumber">289</hi><hi style="npdelimiter">1905,</hi> т. I, стр. 436). <hi>Цензором</hi> «Современника», в общем довольно мягким, был Владимир Николаевич Бекетов (р. 1809), казанский помещик, родственник попечителя в 1845—1856 гг. Петербургского учебного округа М. Н. Мусина-Пушкина.</p>
<p rend="petit left"><hi>4 </hi>В ответ Некрасов писал 17 января 1865 г.: «Ваше «Отрочество» вышло в свет в октябре 1854 г. (Его изрядно общипала ценсура, вымарав многое из первых проявлений любви в отроке и кое-что там, где рассказчик говорит об отце) и произвело то, что называется эфектом, т. е. некоторый говор в Петербурге. Что касается до литературного круга, то все порядочные люди единогласно находили эту вещь исполненною поэзии, оригинальною и художественно-выполненною. Так как пишу вам об вашем «Отрочестве» уже в 3-й раз, то вы извините меня за угловатость этих фраз, да я же и вечно тороплюсь — вот и теперь мне помешали дописать письмо. Мои приятели Тургенев и Анненков в восторге от этого произведения в таком же, как и я. (Это приписано через час.)</p>
<p rend="petit left">В 1 № Совр. на 1855 год поместил я ваш рассказ «Записки маркера», в котором, кажется, я ошибался, в 1-м чтении он мне не понравился, о чем я вам и писал, но, прочитав его недавно, спустя почти год, я нашел, что он очень хорош и в том виде, как написан — по крайней мере был хорош в рукописи, потому что в печати и его-таки оборвали — впрочем, существенного ничего не тронуто. Надо еще заметить, что наш ценсор — самый лучший. Что скажут об «Зап. марк.» я вам напишу — впрочем едва ли я. Корреспонденцию свою по журналу передаю я Тургеневу (который, мимоходом вам сказать, очень любит ваш талант — мы об вас очень много болтали), ибо сам имею надежду в феврале уехать за границу (я болен — и безнадежно), впрочем ваш ответ вероятно меня еще здесь застанет. Но вы адресуйте на имя Тургенева Ивана Сергеевича, в редакцию Современника, или на имя Панаева И. Ив. — впрочем Тургенев займет мою роль в редакции Современника — по крайней мере до той поры, пока это ему не надоест — и сноситься с ним вам будет прямее». (Там же, стр. 193—194.)</p>
<p rend="petit left">Под <hi>описанием в «Отрочестве</hi>» <hi>первых проявлений любви в отроке</hi> Некрасов разумеет VI («Маша») и XVIII («Девичья») главы, целиком исключенные цензурой в «Современнике». <hi>Кое-что там</hi>, <hi>где рассказчик говорит </hi>о<hi>б отце — </hi>исключение отдельных мест из главы XXII («Папа»). Некрасов умалчивает о ряде других исключений, сделанных цензурой. <hi>О Павле Вас</hi>. <hi>Анненкове</hi> см. том 60. План Некрасова <hi>уехать за границу</hi> в 1855 г. не осуществился. Об <hi>Ив. Ив. Панаеве</hi> см. прим. к п. № 101.</p>
<p rend="petit left"><hi>5 </hi>В ответ на просьбу о журнале кн. М. Д. Горчакова (см. прим. 3 к п. № 84) военный министр писал 7 ноября: «Его величество, отдавая полную справедливость благонамеренной цели, с каковой предположено было издавать сказанный журнал, изволил признать неудобным разрешить издание оного, так как все статьи, касающиеся военных действий наших войск, предварительно помещения оных в журнале и газетах первоначально печатаются в газете «Русский инвалид» и из оной уже заимствуются в другие периодические издания». Вместе с тем Николай I разрешил инициаторам журнала присылать свои статьи в «Русский инвалид» (военно-политическую газету), на что они имели право и без этого <hi style="opdelimiter">разрешения.</hi><hi style="opnumber">289</hi></p>
<p rend="petit left"><hi style="npnumber">290</hi><hi style="npdelimiter">Некрасов</hi> в ответ писал Толстому 17 января 1855 г.: «Пришлите нам ваши <hi>солдатские рассказы — </hi>мы их напечатаем в Современнике, зачем вам их совать в Инвалид? Печатать их в нашем журнале <hi>можно,</hi> разумеется, если они пройдут гражданскую и военную ценсуру. Да пишите побольше — нас всех очень интересует ваш талант, которого у вас много. Кстати в 1 № Современника напечатал я статью Анненкова по поводу последних произведений Тургенева и Л. Н. Т. — в ней вы найдете несколько дельных замечаний о себе — она высказывает несколько мыслей, на которые наводят ваши произведения. — 10 № Современника, где «Отрочество», и 1-й, где «Зап[иски] М[аркера]» велю я завтра же отослать по легкой почте в виде посылки, и они придут вместе с этим письмом. Дальнейшие будут посылаться в Кишинев обыкновенным порядком, впредь до вашего распоряжения, которое адресуйте в контору. — Деньги тоже на-днях отошлю к вам, послал бы при этом письме, да не знаю, не сделал ли уже этого Тургенев. — Пожалуйста пришлите нам вашу повесть или рассказ. Желаю вам всего лучшего, что только можно достать в Кишиневе». (Альманах «Круг», книга шестая, М. А. 1927, стр. 194.)</p>
<p rend="left secend"><hi style="opnumber">290</hi> <hi style="npnumber">291</hi></p>
</comments></div></body>
        </text>
        </TEI>