<?xml version="1.0" encoding="UTF-8"?>
    <!-- <?xml-stylesheet type="text/xsl" target="../resources/MJT/myletter.xsl"?> -->
    <?xml-stylesheet type="css" target="graves.css"?>
    <?xml-model target="http://www.tei-c.org/release/xml/tei/custom/schema/relaxng/tei_all.rng" type="application/xml" schematypens="http://relaxng.org/ns/structure/1.0"?>
    <?xml-model target="http://www.tei-c.org/release/xml/tei/custom/schema/relaxng/tei_all.rng" type="application/xml"
            schematypens="http://purl.oclc.org/dsdl/schematron"?>
    <TEI xmlns="http://www.tei-c.org/ns/1.0">
       <teiHeader>
          <fileDesc>
             <titleStmt>
                <title>Письмо №201. П. Д. Голохвастову.</title>
             </titleStmt>
             <publicationStmt>
                <publisher>TolstoyLab</publisher>
                <date when="2015-09-14">14 September 2015</date>
             </publicationStmt>
             <sourceDesc>
                <biblStruct>
                   <analytic>
                      <author>Толстой Л.Н.</author>
                   </analytic>
                   <monogr>
                      <title level="m">Полное собрание сочинений. Том 62</title>
                      <imprint>
                         <pubPlace>Москва</pubPlace>
                         <publisher>Государственное издательство "Художественная литература"</publisher>
                         <date when="1953"/>
                      </imprint>
                   </monogr>
                   <series>
                      <title level="s">Л.Н. Толстой. Полное собрание сочинений</title>
                      <biblScope unit="vol">62</biblScope>
                   </series>
                </biblStruct>
             </sourceDesc>
          </fileDesc>
          <encodingDesc>
             <tagsDecl> </tagsDecl>
          </encodingDesc>
          <profileDesc>
             <correspDesc>
                <correspAction type="sending">
                   <persName ref="PersonList.xml#L_N_Tolstoy">Л. Н. Толстой</persName>
                   <placeName ref="PlacesListxml#PLACE">Я. П.</placeName>
                   <date when="1875-09-06">1875 г. Сентября 6.</date>            </correspAction>
                <correspAction type="receiving">
                   <persName ref="PersonList.xml#RECEIVER">Голохвастов Павел Дмитриевич</persName>
                </correspAction>
                <correspContext>
                   <ref type="prev"></ref>
                </correspContext>
             </correspDesc>
          </profileDesc>
       </teiHeader>
       <xenoData><number type="in a volume">201</number></xenoData>

              <text xml:id="P.D.Goloxvastovu_201">
	<body><div>
		<opener index="false">
201. П. Д. Голохвастову.
1875 г. Сентября 6...10. Я. П.</opener>
<p rend="left">Мы недели две как приехали, дорогой Павел Дмитрич, и я обрадовался, узнав почерк вашего письма;<note xml:id="note1" resp="volume_editor" index="false">Письмо неизвестно.</note> но очень огорчился, узнав о нездоровье Ольги Андреевны. Надеюсь, что то улучшение, о котором вы пишете, дошло до совершенного выздоровления. Надеюсь, что мне придется побывать в Москве и увидать вас.</p>
<p rend="left">Конец сентября мне приходится провести очень неприятно — присяжным в Сергиевске.<note xml:id="note2" resp="volume_editor" index="false">17 сентября С. А. Толстая писала Т. А. Кузминской: «Вчера Левочка ездил в Сергиевское присяжным, но так о нас беспокоился, что послал сегодня за свидетельством к доктору, а сам вернулся домой».</note> Желаю вам от всей души успеха в вашей работе. Нет ничего хуже, как сообщать друг другу свои планы художественной работы.</p>
<p rend="left">Если бы вы могли в разговоре рассказать то, что вы хотите выразить в своей драме,<note xml:id="note3" resp="volume_editor" index="false"> Драма, над которой работал П. Д. Голохвастов, неизвестна.</note> вам незачем было бы и писать ее. И потому я наверно и не понял того, что вы хотите сделать.</p>
<p rend="left">Художественное произведение есть плод любви. Но любовь без дел мертва. Сделайте дело любви, и мы полюбим то, что вы любите.</p>
<p rend="left">Надеюсь, что до свиданья.</p>
<p rend="right">Ваш Л. Толстой.</p>
<lb/>
<p rend="left">Передайте, пожалуйста, мой душевный поклон и желания выздоровления и продолжения начатого романа Ольге Андреевне.</p>
<comments><p rend="Textpetit_otstup left">О первой публикации см. стр. 3. Датируется содержанием.</p>
<p rend="Textpetit_otstup left"><hi>1 </hi>Письмо неизвестно.</p>
<p rend="petit left"><hi>2 </hi>17 сентября С. А. Толстая писала Т. А. Кузминской: «Вчера Левочка ездил в Сергиевское присяжным, но так о нас беспокоился, что послал сегодня за свидетельством к доктору, а сам вернулся домой».</p>
<p rend="petit left"><hi>3</hi> Драма, над которой работал П. Д. Голохвастов, неизвестна.</p>
<p rend="left emptyline"><hi style="opnumber">203</hi> <hi style="npnumber">204</hi></p>
</comments></div></body>
        </text>
        </TEI>