<?xml version="1.0" encoding="UTF-8"?>
    <!-- <?xml-stylesheet type="text/xsl" target="../resources/MJT/myletter.xsl"?> -->
    <?xml-stylesheet type="css" target="graves.css"?>
    <?xml-model target="http://www.tei-c.org/release/xml/tei/custom/schema/relaxng/tei_all.rng" type="application/xml" schematypens="http://relaxng.org/ns/structure/1.0"?>
    <?xml-model target="http://www.tei-c.org/release/xml/tei/custom/schema/relaxng/tei_all.rng" type="application/xml"
            schematypens="http://purl.oclc.org/dsdl/schematron"?>
    <TEI xmlns="http://www.tei-c.org/ns/1.0">
       <teiHeader>
          <fileDesc>
             <titleStmt>
                <title>Письмо №179. С. А. Толстой</title>
             </titleStmt>
             <publicationStmt>
                <publisher>TolstoyLab</publisher>
                <date when="2015-09-14">14 September 2015</date>
             </publicationStmt>
             <sourceDesc>
                <biblStruct>
                   <analytic>
                      <author>Толстой Л.Н.</author>
                   </analytic>
                   <monogr>
                      <title level="m">Полное собрание сочинений. Том 83</title>
                      <imprint>
                         <pubPlace>Москва</pubPlace>
                         <publisher>Государственное издательство "Художественная литература"</publisher>
                         <date when="1938"/>
                      </imprint>
                   </monogr>
                   <series>
                      <title level="s">Л.Н. Толстой. Полное собрание сочинений</title>
                      <biblScope unit="vol">83</biblScope>
                   </series>
                </biblStruct>
				<bibl>Печатается по автографу, хранящемуся в АТБ. Впервые отрывок из письма опубликован в Б, II, стр 396, полностью — по копии, сделанной С. А. Толстой, в ПЖ, стр. 133—134. Датируется на основании почтовых штемпелей: «Борская. 21 июля 1881; Тула. 24 июля 1881» и слов письма «нынче я с Вас. Ив. (воскресенье)»; Воскресенье падало на 19 июля 1881 г. Бирюковым, С. А. Толстой и Пругавиным датируется 20 июля.</bibl>
             </sourceDesc>
          </fileDesc>
          <encodingDesc>
             <tagsDecl> </tagsDecl>
          </encodingDesc>
          <profileDesc>
             <correspDesc>
                <correspAction type="sending">
                   <persName ref="PersonList.xml#L_N_Tolstoy">Л. Н. Толстой</persName>
                   <placeName ref="PlacesListxml#PLACE">Хутор на Моче.</placeName>
                   <date when="1881-07-19">1881 г. Июля 19.</date>            </correspAction>
                <correspAction type="receiving">
                   <persName ref="PersonList.xml#RECEIVER">Толстая Софья Андреевна</persName>
                </correspAction>
                <correspContext>
                   <ref type="prev"></ref>
                </correspContext>
             </correspDesc>
          </profileDesc>
       </teiHeader>
       <xenoData><number type="in a volume">179</number></xenoData>

       <text xml:id="a19_179">
	<body><div>
		<opener index="false">
179.
1881 г. Июля 19. Хутор на Моче.</opener>
<p rend="left">Завтра будетъ недѣля, милый другъ, что я уѣхалъ, и ужъ 5 дней, что я не писалъ тебѣ, и меня ужасно тяготитъ наша разлука; хотя мнѣ здѣсь очень хорошо. Когда получу отъ тебя письма и буду знать, что ты получила мои, тогда успокоюсь. Здѣсь нынѣшній годъ во всѣхъ отношеніяхъ прекрасно. — Погода жаркая, ясная, а сухости еще нѣтъ; степь зеленая, свѣжая, ковыль вездѣ зеленый, зацвѣтаетъ 2-й разъ. Хлѣбà хорошіе, хотя и не вездѣ, у насъ очень хорошіе. Въ домѣ чисто, просторно; мухъ совсѣмъ нѣтъ — какъ въ Ясномъ. Лошадей много для ѣзды, кумысъ прекрасный. Вас[илій] Ив[ановичъ]<note xml:id="note1" resp="volume_editor" index="false"> Василий Иванович Алексеев. В 1881 г. поселился в Самарской губернии, взяв у Толстого землю в аренду.</note> и въ особенности Лиз[авета] Ал[ександровна]<note xml:id="note2" resp="volume_editor" index="false"> Елизавета Александровна Алексеева, жена В. И. Алексеева; первым ее мужем был Маликов.</note> ухаживаютъ за нами такъ, что совѣстно. — Алекс[ѣй] Алекс[ѣевичъ]<note xml:id="note3" resp="volume_editor" index="false"> А. А. Бибиков, в то время управляющий Самарским имением Толстого.</note> живетъ за полверсты внизъ по Мочѣ,<note xml:id="note4" resp="volume_editor" index="false"> Моча — левый приток Волги, берет начало из отрогов Общего Сырта, близ границы Николаевского и Бузулукского уездов Самарской губернии.</note> въ своей землянкѣ. Я вчера былъ у него. У него землянка обита обоями: чисто, весело. Хозяйка его — сконфуженная, молчаливая женщина. Кумысъ отличный. Мухамеша<note xml:id="note5" resp="volume_editor" index="false">Башкирец, приготовлявший кумыс Толстому. О нем см. прим. 4 к письму № 145. Жену Мухамедшаха звали Алифой.</note> еще глаже, чѣмъ былъ. За занавѣской жена и пищитъ новорожденный Мухомеша. Онъ, смѣясь и конфузясь, говоритъ: «молодой угодилъ».</p>
<p rend="left">Лошади, жеребцы, больше 10 штукъ, очень хороши. Я не ожидалъ такихъ. Должно, я приведу осенью для продажи и для себя. Лошади замѣчательно удались, несмотря на голодные года, въ к[оторые] они голодали, и много истратилось. — Есть лошади, по-моему, по дешевой цѣне въ 300 [рублей] и больше.</p>
<p rend="left">Сережа первые дни былъ хорошъ, но съ своимъ упрямствомъ и неряшливостью купался въ самый жаръ и по нѣскольку разъ и теперь, со вчерашняго дня, у него ненавистная тебѣ — Самарская болѣзнь.<note xml:id="note6" resp="volume_editor" index="false"> Дизентерия.</note> Это было и [у] Кости,<note xml:id="note7" resp="volume_editor" index="false"> Костя Игнатович — внук акушерки С. А. Толстой Марии Ивановны Абрамович. Абрамович была хорошая знакомая Алексеевых, через нее В. И. Алексеев поступил учителем к <hi style="opdelimiter">Толстым.</hi><hi style="opnumber">294</hi></note> и у Бибик[ова], и у всѣхъ послѣ купанья. Я пью кумысъ съ большимъ удовольствіемъ и чувствую, какъ мысли тише ходятъ, и становишься сонливее, спокойнѣе и глупѣе. —</p>
<p rend="left">Виды на доходъ болѣе 10 т[ысячъ], мнѣ кажутся вѣрными, но я уже столько разъ ошибался, что боюсь вѣрить. Нынче я съ Вас. Ив. (воскресенье) провелъ цѣлый день въ Патровкѣ, на Молоканскомъ собраніи, обѣдѣ и на волостномъ судѣ, и опять на молоканскомъ собраніи. Въ Патровкѣ<note xml:id="note8" resp="volume_editor" index="false"> Село при реке Съезжей в 20 верстах от хутора Толстого.</note> мы нашли Пругавин<note xml:id="note9" resp="volume_editor" index="false"> Александр Степанович Пругавин (1850—1920), публицист. Специально изучал раскол и сектантство. В «Неделе» за 1885 г. в № 39 опубликовал статью «Граф Лев Николаевич и Сютаев». Большая часть других статей Пругавина о Толстом сгруппированы в его сборнике «О Льве Толстом и о толстовцах» М. 1911. В момент знакомства с Толстым Пругавин печатал статьи: «Современное движение в сектантстве» («Голос» 1881 г., июнь и июль). О знакомстве Пругавина с Толстым и об описываемом в письме дне см. «О Льве Толстом и о толстовцах», стр. 42—60.</note> (онъ пишетъ о расколѣ), очень интересный степенный человѣкъ. Весь день провели<note xml:id="note10" resp="volume_editor" index="false"> <hi>Зачеркнуто:</hi> у Иван[а Дмитриевича] (И. Д. Кудрин — хозяин дома в Патровке, где помещалась общественная моленная молокан, в которой происходили их собрания).</note> очень интересно. На <hi style="opdelimiter">собраніи</hi><hi style="opnumber">293</hi> <hi style="npnumber">294</hi><hi style="npdelimiter">была</hi> бесѣда объ Евангеліи. Есть умные люди и удивительные по своей смѣлости. —</p>
<p rend="left">Работа здѣсь идетъ — молотьба ржи молотилкой передъ домомъ. Идетъ все споро, хорошо. Работники и всѣ хозяйственныя дѣла у Бибикова очень хорошо налажены. Первую ночь здѣсь я разбудилъ Сережу тѣмъ, что заоралъ во все горло: Соня! Это былъ кошмаръ — душило что-то. Остальныя ночи сплю хорошо. Я въ послѣдней комнатѣ — Эмили<note xml:id="note11" resp="volume_editor" index="false"> Эмили Тэбор, жившая у Толстых в 1870-ых гг., англичанка.</note> гдѣ была, а Сережа въ нашей спальнѣ. Сережа завтракаетъ въ 12 и ужинаетъ въ 10-мъ, съ Вас[илія] И[вановича] семьей, я только ѣмъ за ужиномъ. — Какъ ты? Что дѣти? Вы всѣ. По многу разъ на день вспомню и вглядываюсь въ темноту, и ничего не вижу. Цѣлую всѣхъ, и мальчиковъ<note xml:id="note12" resp="volume_editor" index="false"> Т. е. Илья, Лев, Андрей, Михаил.</note> милыхъ очень, и Кузминскихъ.<note xml:id="note13" resp="volume_editor" index="false"> А. М. и Т. А. Кузминские с семейством проводили лето в Ясной поляне.</note> Очень тебѣ тяжело и скучно. Дастъ Богъ пріѣду, я тебѣ буду служить по московск[имъ] дѣламъ усердно, только приказывай. Слѣдующія письма адресуй не въ Самару, а въ Богатое. Туда чаще случай. Работать все хочу начать и пробовалъ, но нейдетъ. Однаго мнѣ бы хотѣлось — справить свой геморой, а то онъ на душевное состояніе давитъ. Смотри же, люби меня хорошенько.</p>
<lb/>
<p rend="left"><hi>На конверте:</hi> Въ Тулу. Е. С. Графинѣ Софьѣ Андреевнѣ <hi>Толстой.</hi></p>
<comments><p rend="Textpetit_otstup left">Печатается по автографу, хранящемуся в АТБ. Впервые отрывок из письма опубликован в Б, II, стр 396, полностью — по копии, сделанной С. А. Толстой, в ПЖ, стр. 133—134. Датируется на основании почтовых штемпелей: «Борская. 21 июля 1881; Тула. 24 июля 1881» и слов письма «нынче я с Вас. Ив. (воскресенье)»; Воскресенье падало на 19 июля 1881 г. Бирюковым, С. А. Толстой и Пругавиным датируется 20 июля.</p>
<p rend="Textpetit_otstup left"><hi>1</hi> Василий Иванович Алексеев. В 1881 г. поселился в Самарской губернии, взяв у Толстого землю в аренду.</p>
<p rend="petit left"><hi>2</hi> Елизавета Александровна Алексеева, жена В. И. Алексеева; первым ее мужем был Маликов.</p>
<p rend="petit left"><hi>3</hi> А. А. Бибиков, в то время управляющий Самарским имением Толстого.</p>
<p rend="petit left"><hi>4</hi> Моча — левый приток Волги, берет начало из отрогов Общего Сырта, близ границы Николаевского и Бузулукского уездов Самарской губернии.</p>
<p rend="petit left"><hi>5 </hi>Башкирец, приготовлявший кумыс Толстому. О нем см. прим. 4 к письму № 145. Жену Мухамедшаха звали Алифой.</p>
<p rend="petit left"><hi>6</hi> Дизентерия.</p>
<p rend="petit left"><hi>7</hi> Костя Игнатович — внук акушерки С. А. Толстой Марии Ивановны Абрамович. Абрамович была хорошая знакомая Алексеевых, через нее В. И. Алексеев поступил учителем к <hi style="opdelimiter">Толстым.</hi><hi style="opnumber">294</hi></p>
<p rend="petit left"><hi>8</hi> Село при реке Съезжей в 20 верстах от хутора Толстого.</p>
<p rend="petit left"><hi>9</hi> Александр Степанович Пругавин (1850—1920), публицист. Специально изучал раскол и сектантство. В «Неделе» за 1885 г. в № 39 опубликовал статью «Граф Лев Николаевич и Сютаев». Большая часть других статей Пругавина о Толстом сгруппированы в его сборнике «О Льве Толстом и о толстовцах» М. 1911. В момент знакомства с Толстым Пругавин печатал статьи: «Современное движение в сектантстве» («Голос» 1881 г., июнь и июль). О знакомстве Пругавина с Толстым и об описываемом в письме дне см. «О Льве Толстом и о толстовцах», стр. 42—60.</p>
<p rend="petit left"><hi>10</hi> <hi>Зачеркнуто:</hi> у Иван[а Дмитриевича] (И. Д. Кудрин — хозяин дома в Патровке, где помещалась общественная моленная молокан, в которой происходили их собрания).</p>
<p rend="petit left"><hi>11</hi> Эмили Тэбор, жившая у Толстых в 1870-ых гг., англичанка.</p>
<p rend="petit left"><hi>12</hi> Т. е. Илья, Лев, Андрей, Михаил.</p>
<p rend="petit left"><hi>13</hi> А. М. и Т. А. Кузминские с семейством проводили лето в Ясной поляне.</p>
</comments></div></body>
        </text>
        </TEI>