<?xml version="1.0" encoding="UTF-8"?>
    <!-- <?xml-stylesheet type="text/xsl" target="../resources/MJT/myletter.xsl"?> -->
    <?xml-stylesheet type="css" target="graves.css"?>
    <?xml-model target="http://www.tei-c.org/release/xml/tei/custom/schema/relaxng/tei_all.rng" type="application/xml" schematypens="http://relaxng.org/ns/structure/1.0"?>
    <?xml-model target="http://www.tei-c.org/release/xml/tei/custom/schema/relaxng/tei_all.rng" type="application/xml"
            schematypens="http://purl.oclc.org/dsdl/schematron"?>
    <TEI xmlns="http://www.tei-c.org/ns/1.0">
       <teiHeader>
          <fileDesc>
             <titleStmt>
                <title>Письмо №228. С. А. Толстой</title>
             </titleStmt>
             <publicationStmt>
                <publisher>TolstoyLab</publisher>
                <date when="2015-09-14">14 September 2015</date>
             </publicationStmt>
             <sourceDesc>
                <biblStruct>
                   <analytic>
                      <author>Толстой Л.Н.</author>
                   </analytic>
                   <monogr>
                      <title level="m">Полное собрание сочинений. Том 83</title>
                      <imprint>
                         <pubPlace>Москва</pubPlace>
                         <publisher>Государственное издательство "Художественная литература"</publisher>
                         <date when="1938"/>
                      </imprint>
                   </monogr>
                   <series>
                      <title level="s">Л.Н. Толстой. Полное собрание сочинений</title>
                      <biblScope unit="vol">83</biblScope>
                   </series>
                </biblStruct>
				<bibl>Печатается по автографу, хранящемуся в АТБ. Впервые опубликовано по копии, сделанной С. А. Толстой, в ПЖ, стр. 185. Датируется на основании почтового штемпеля: «Моск. почт. центр. отд. 5 октября 1882 12 ч.» и пометы Толстого «вторник», который падал на 5 октября 1882 г.</bibl>
             </sourceDesc>
          </fileDesc>
          <encodingDesc>
             <tagsDecl> </tagsDecl>
          </encodingDesc>
          <profileDesc>
             <correspDesc>
                <correspAction type="sending">
                   <persName ref="PersonList.xml#L_N_Tolstoy">Л. Н. Толстой</persName>
                   <placeName ref="PlacesListxml#PLACE">Москва.</placeName>
                   <date when="1882-10-05">1882 г. Октября 5.</date>            </correspAction>
                <correspAction type="receiving">
                   <persName ref="PersonList.xml#RECEIVER">Толстая Софья Андреевна</persName>
                </correspAction>
                <correspContext>
                   <ref type="prev"></ref>
                </correspContext>
             </correspDesc>
          </profileDesc>
       </teiHeader>
       <xenoData><number type="in a volume">228</number></xenoData>

       <text xml:id="a5_228">
	<body><div>
		<opener index="false">
228.
1882 г. Октября 5. Москва.</opener>
<p rend="right"><hi>Вторникъ утро.</hi></p>
<p rend="left">Получилъ нынче въ 8 часовъ твою телеграмму и очень успокоился.<note xml:id="note1" resp="volume_editor" index="false"> По поводу болезни сына Алексея, у которого сделалась сильная рвота и понос.</note> Я совсѣмъ было собрался ѣхать въ 4 часа, свезъ бы тебѣ деньги и помогъ бы убраться; теперь жду твоего извѣстія. Я уже два дня, кажется, не описывалъ тебѣ нашу жизнь. Воскресенье много дома хлопотали, и все приняло внизу видъ жилой. Что значитъ сѣнники ты велишь набить?<note xml:id="note2" resp="volume_editor" index="false"> В письме от 6 октября С. А. Толстая писала о том, что надо сделать к ее приезду с детьми в Москве: «приготовить и согреть сена, — набить Алеше сенник».</note> Алеша развѣ въ телѣжкѣ? Во время нашихъ хлопотъ пришла наша Лиза Обол[енская], а потомъ пріѣхала Миташина Лиза Обол[енская];<note xml:id="note3" resp="volume_editor" index="false"> Кн. Елизавета Петровна Оболенская, рожд. Вырубова, жена кн. Д. Д. Оболенского.</note> обѣ мнѣ помогали совѣтами. — Главное затрудненіе мое было то, что мы почему то (мнѣ кажется) съ тобой рѣшили, что рядомъ съ спальней будетъ Кари съ двумя мальчиками, а не грудной. По комнатѣ и всѣмъ соображеніямъ это не выходитъ. И я рѣшилъ: рядомъ съ спальней будетъ Алеша, Кари съ двумя, какъ ты и прежде хотѣла, въ большой, ближайшей къ столовой. Обѣ Лизы тоже рѣшили.</p>
<p rend="left">Вечеромъ я сидѣлъ дома и рано легъ спать. Да еще утромъ было интересное: приходилъ ко мнѣ Раввинъ Евр[ейскій],<note xml:id="note4" resp="volume_editor" index="false"> Соломон Алексеевич (Залкинд) Минор (1826—1900), московский раввин, писатель и проповедник. Давал Толстому уроки еврейского языка. Рассказ о том, как Минор с Толстым читали по еврейски библию, см. Б, II, стр. 440—441.</note> очень умный человѣкъ. Это знакомство черезъ однаго Еврея, писавшаго мнѣ и бывшаго у меня въ субботу. А я выразилъ желаніе познакомиться. Еще письмо отъ Тети Тани<note xml:id="note5" resp="volume_editor" index="false"> Т. А. Кузминская.</note> къ Танѣ и тебѣ; я распечаталъ и посылаю. Вчера еще письмо отъ К. Манс[уровой],<note xml:id="note6" resp="volume_editor" index="false"> Екатерина Борисовна Мансурова, дочь Бориса Павловича Мансурова, дружила с T. Л. Толстой.</note> тоже посылаю.</p>
<p rend="left">Воскресенье же былъ у Сурикова,<note xml:id="note7" resp="volume_editor" index="false"> Василий Иванович Суриков (1848—1915), живописец, передвижник. Его Толстой приглашал для уроков живописи с дочерью Т. Л. Толстой.</note> онъ согласенъ давать уроки рисованья. — Вчера я пошелъ покупать критонъ и лампы, и за билетами въ банкъ, и много ходилъ, потомъ зашелъ къ Варѣ<note xml:id="note8" resp="volume_editor" index="false"> В. В. Нагорнова.</note> и Лизѣ.<note xml:id="note9" resp="volume_editor" index="false"> Е. В. Оболенская.</note> Илюша тамъ обѣдалъ. Мы всѣ здоровы, если не считать насморкъ — гриппъ у Илюши, к[оторый] проходитъ, а у меня начинается. —</p>
<p rend="left">Какъ жалко, что не успѣю выслать тебѣ денегъ. По почтѣ долго. Билеты еще не размѣнены. <hi style="opdelimiter">—</hi><hi style="opnumber">370</hi></p>
<p rend="left"><hi style="npnumber">371</hi><hi style="npdelimiter">Пишу</hi> на тощакъ, но не въ мрачности. Нынѣшняя телеграмма успокоила насъ. Нынче и погода какъ будто мягчѣетъ. Цѣлую тебя, душенька, и дѣтей.</p>
<lb/>
<p rend="left"><hi>На конверте:</hi> Московско-Курская дорога. Козловка-Засѣка. Графинѣ Софьѣ Андревнѣ Толстой.</p>
<comments><p rend="Textpetit_otstup left">Печатается по автографу, хранящемуся в АТБ. Впервые опубликовано по копии, сделанной С. А. Толстой, в ПЖ, стр. 185. Датируется на основании почтового штемпеля: «Моск. почт. центр. отд. 5 октября 1882 12 ч.» и пометы Толстого «вторник», который падал на 5 октября 1882 г.</p>
<p rend="Textpetit_otstup left"><hi>1</hi> По поводу болезни сына Алексея, у которого сделалась сильная рвота и понос.</p>
<p rend="petit left"><hi>2</hi> В письме от 6 октября С. А. Толстая писала о том, что надо сделать к ее приезду с детьми в Москве: «приготовить и согреть сена, — набить Алеше сенник».</p>
<p rend="petit left"><hi>3</hi> Кн. Елизавета Петровна Оболенская, рожд. Вырубова, жена кн. Д. Д. Оболенского.</p>
<p rend="petit left"><hi>4</hi> Соломон Алексеевич (Залкинд) Минор (1826—1900), московский раввин, писатель и проповедник. Давал Толстому уроки еврейского языка. Рассказ о том, как Минор с Толстым читали по еврейски библию, см. Б, II, стр. 440—441.</p>
<p rend="petit left"><hi>5</hi> Т. А. Кузминская.</p>
<p rend="petit left"><hi>6</hi> Екатерина Борисовна Мансурова, дочь Бориса Павловича Мансурова, дружила с T. Л. Толстой.</p>
<p rend="petit left"><hi>7</hi> Василий Иванович Суриков (1848—1915), живописец, передвижник. Его Толстой приглашал для уроков живописи с дочерью Т. Л. Толстой.</p>
<p rend="petit left"><hi>8</hi> В. В. Нагорнова.</p>
<p rend="petit left"><hi>9</hi> Е. В. Оболенская.</p>
</comments></div></body>
        </text>
        </TEI>