<?xml version="1.0" encoding="UTF-8"?>
    <!-- <?xml-stylesheet type="text/xsl" target="../resources/MJT/myletter.xsl"?> -->
    <?xml-stylesheet type="css" target="graves.css"?>
    <?xml-model target="http://www.tei-c.org/release/xml/tei/custom/schema/relaxng/tei_all.rng" type="application/xml" schematypens="http://relaxng.org/ns/structure/1.0"?>
    <?xml-model target="http://www.tei-c.org/release/xml/tei/custom/schema/relaxng/tei_all.rng" type="application/xml"
            schematypens="http://purl.oclc.org/dsdl/schematron"?>
    <TEI xmlns="http://www.tei-c.org/ns/1.0">
       <teiHeader>
          <fileDesc>
             <titleStmt>
                <title>Письмо №* 192. М. С. Башилову.</title>
             </titleStmt>
             <publicationStmt>
                <publisher>TolstoyLab</publisher>
                <date when="2015-09-14">14 September 2015</date>
             </publicationStmt>
             <sourceDesc>
                <biblStruct>
                   <analytic>
                      <author>Толстой Л.Н.</author>
                   </analytic>
                   <monogr>
                      <title level="m">Полное собрание сочинений. Том 61</title>
                      <imprint>
                         <pubPlace>Москва</pubPlace>
                         <publisher>Государственное издательство "Художественная литература"</publisher>
                         <date when="1953"/>
                      </imprint>
                   </monogr>
                   <series>
                      <title level="s">Л.Н. Толстой. Полное собрание сочинений</title>
                      <biblScope unit="vol">61</biblScope>
                   </series>
                </biblStruct>
             </sourceDesc>
          </fileDesc>
          <encodingDesc>
             <tagsDecl> </tagsDecl>
          </encodingDesc>
          <profileDesc>
             <correspDesc>
                <correspAction type="sending">
                   <persName ref="PersonList.xml#L_N_Tolstoy">Л. Н. Толстой</persName>
                   <placeName ref="PlacesListxml#PLACE">Я. П.</placeName>
                   <date when="1866-11-19">1866 г. Ноября 19.</date>            </correspAction>
                <correspAction type="receiving">
                   <persName ref="PersonList.xml#RECEIVER">Башилов Михаил Сергеевич</persName>
                </correspAction>
                <correspContext>
                   <ref type="prev"></ref>
                </correspContext>
             </correspDesc>
          </profileDesc>
       </teiHeader>
       <xenoData><number type="in a volume">192</number></xenoData>

              <text xml:id="M__S__Bashilovu_192">
	<body><div>
		<opener index="false">
* 192. М. С. Башилову.
1866 г. Ноября 19. Я. П.</opener>
<p rend="left">Простите великодушно, любезный Михаил Сергеич, что не зашел к вам вчера, как обещал это. Я всё думал успеть, а потом так засуетился, что едва поспел на железную дорогу. Вчера я решил себе, что не только с картинками, но и вообще печатать отдельным изданием я в нынешнем году не буду.<note xml:id="note1" resp="volume_editor" index="false"> Договор о печатании романа Толстой заключил 22 июня 1867 г. с владельцем типографии Ф. Ф. Рисом.</note> Всё придется делать второпях, и потому всё будет сделано плохо. — И то сказать, что, ежели не переставая работать и мне, и вам, и граверу, то дай бог нам только успеть к началу осени 1867-го. Поэтому все наши предначертания остаются те же, и я прошу вас работать и заставлять работать граверов,<note xml:id="note2" resp="volume_editor" index="false"> Кроме Рихау, иллюстрации к «Войне и миру» гравировали К. Брауне и Э. Конден. Первым из них были приготовлены: «Анна Михайловна Друбецкая с Борисом у кн. Василия», «Данила Купор», «Поцелуй Наташи и Бориса» и «Смерть гр. Безухова»; вторым — «Переход русских войск через мост», «Кн. Андрей Болконский у австрийского императора» и «Ростов уличает Телянина в краже денег». Все гравюры хранятся в ГМТ.</note> выдавая им по мере их работ деньги, которые будут у Андр[ея] <hi style="opdelimiter">Евст[афьевича].</hi><hi style="opnumber">150</hi></p>
<p rend="left"><hi style="npnumber">151</hi><hi style="npdelimiter">Петю</hi> я просил снести вам оттиск войны,<note xml:id="note3" resp="volume_editor" index="false"> Петр Андреевич Берс — брат С. А. Толстой. «Оттиск войны», т. е. второй части «1805 года», которая имела подзаголовок «Война».</note> для которого вы сделаете 4 картинки,<note xml:id="note4" resp="volume_editor" index="false"> Имеются следующие рисунки М. С. Башилова к этой части романа: 1. «Смотр войск. Кутузов и Долохов»; 2. «Переход русских войск через мост»; 3. «Дипломат Билибин»; 4. «Кн. Андрей Болконский у австрийского имп. Франца»; 5. «Кн. Багратион» и 6. «Кн. Багратион объезжает позиции».</note> как мы и говорили. И, сделав, пришлите мне. Для дальнейшей работы я вам буду присылать рукопись, с означением сюжетов на мое мнение. И вообще давайте деятельнее переписываться. —</p>
<p rend="left">Я нашел всех здоровыми и англичанку очень удовлетворительною.<note xml:id="note5" resp="volume_editor" index="false"> Когда Толстой был в Москве, в Ясную Поляну приехала англичанка Ханна Терсей, поступившая к Толстым в качестве гувернантки.</note> О поручении М[арьи] И[вановны] напишу в другой раз.<note xml:id="note6" resp="volume_editor" index="false"> О каком поручении пишет Толстой, не выяснено.</note> С женою вместе дружески кланяемся вам и Марье Ивановне.</p>
<p rend="right">Ваш гр. Л. Толстой.</p>
<p rend="left">19 Nоября.</p>
<comments><p rend="Textpetit_otstup left">Отрывок опубликован в ТТ, 3, стр. 151.</p>
<p rend="petit left">Написано в день приезда Толстого из Москвы.</p>
<p rend="petit left">В этот свой приезд в Москву Толстой работал в Румянцевской библиотеке, читая масонские рукописи, и был занят осуществлением плана отдельного издания вновь написанных и привезенных в Москву девятнадцати глав романа (см. прим. 4 к письму № 195). Он вел переговоры с типографией Каткова. М. Н. Катков предложил четыре листа романа отдать в «Русский вестник», с тем чтобы гонорар за них — 1200 руб. — шел на покрытие расходов по отдельному изданию. (<ref target='file:///Volume_83_a16_60.xml'>См. т. 83, письмо № 60</ref>.) Толстой согласился, имея в виду переиздать и все напечатанное в «Русском вестнике» с иллюстрациями М. С. Башилова. Однако подготовка иллюстраций задерживалась, и Толстой решил печатать в 1866 г. весь роман без иллюстраций. Об этом он 12 ноября писал из Москвы C. А. Толстой. <ref target='file:///Volume_83_a12_56.xml'>См. т. 83, письмо № 56</ref>.</p>
<p rend="Textpetit_otstup left"><hi>1</hi> Договор о печатании романа Толстой заключил 22 июня 1867 г. с владельцем типографии Ф. Ф. Рисом.</p>
<p rend="petit left"><hi>2</hi> Кроме Рихау, иллюстрации к «Войне и миру» гравировали К. Брауне и Э. Конден. Первым из них были приготовлены: «Анна Михайловна Друбецкая с Борисом у кн. Василия», «Данила Купор», «Поцелуй Наташи и Бориса» и «Смерть гр. Безухова»; вторым — «Переход русских войск через мост», «Кн. Андрей Болконский у австрийского императора» и «Ростов уличает Телянина в краже денег». Все гравюры хранятся в ГМТ.</p>
<p rend="petit left"><hi>3</hi> Петр Андреевич Берс — брат С. А. Толстой. «Оттиск войны», т. е. второй части «1805 года», которая имела подзаголовок «Война».</p>
<p rend="petit left"><hi>4</hi> Имеются следующие рисунки М. С. Башилова к этой части романа: 1. «Смотр войск. Кутузов и Долохов»; 2. «Переход русских войск через мост»; 3. «Дипломат Билибин»; 4. «Кн. Андрей Болконский у австрийского имп. Франца»; 5. «Кн. Багратион» и 6. «Кн. Багратион объезжает позиции».</p>
<p rend="petit left"><hi>5</hi> Когда Толстой был в Москве, в Ясную Поляну приехала англичанка Ханна Терсей, поступившая к Толстым в качестве гувернантки.</p>
<p rend="petit left"><hi>6</hi> О каком поручении пишет Толстой, не выяснено.</p>
<p rend="left"><hi style="opnumber">151</hi> <hi style="npnumber">152</hi></p>
</comments></div></body>
        </text>
        </TEI>