<?xml version="1.0" encoding="UTF-8"?>
    <!-- <?xml-stylesheet type="text/xsl" target="../resources/MJT/myletter.xsl"?> -->
    <?xml-stylesheet type="css" target="graves.css"?>
    <?xml-model target="http://www.tei-c.org/release/xml/tei/custom/schema/relaxng/tei_all.rng" type="application/xml" schematypens="http://relaxng.org/ns/structure/1.0"?>
    <?xml-model target="http://www.tei-c.org/release/xml/tei/custom/schema/relaxng/tei_all.rng" type="application/xml"
            schematypens="http://purl.oclc.org/dsdl/schematron"?>
    <TEI xmlns="http://www.tei-c.org/ns/1.0">
       <teiHeader>
          <fileDesc>
             <titleStmt>
                <title>Письмо №249. С. А. Толстой</title>
             </titleStmt>
             <publicationStmt>
                <publisher>TolstoyLab</publisher>
                <date when="2015-09-14">14 September 2015</date>
             </publicationStmt>
             <sourceDesc>
                <biblStruct>
                   <analytic>
                      <author>Толстой Л.Н.</author>
                   </analytic>
                   <monogr>
                      <title level="m">Полное собрание сочинений. Том 83</title>
                      <imprint>
                         <pubPlace>Москва</pubPlace>
                         <publisher>Государственное издательство "Художественная литература"</publisher>
                         <date when="1938"/>
                      </imprint>
                   </monogr>
                   <series>
                      <title level="s">Л.Н. Толстой. Полное собрание сочинений</title>
                      <biblScope unit="vol">83</biblScope>
                   </series>
                </biblStruct>
				<bibl>Печатается по автографу, хранящемуся в АТБ. Впервые отрывок из письма напечатан в Б, II, стр. 454; полностью письмо опубликовано <hi style="opdelimiter">по</hi><hi style="opnumber">402</hi> <hi style="npnumber">403</hi><hi style="npdelimiter">копии,</hi> сделанной С. А. Толстой, в ПЖ, стр. 204. Датируется на основании почтовых штемпелей: «Почтовый вагон. 5 октября 1883 г.; Москв. почт. центр. отд. 5 октября 1883» и пометы Толстого «вторник», который падал на 4 октября 1883 г.</bibl>
             </sourceDesc>
          </fileDesc>
          <encodingDesc>
             <tagsDecl> </tagsDecl>
          </encodingDesc>
          <profileDesc>
             <correspDesc>
                <correspAction type="sending">
                   <persName ref="PersonList.xml#L_N_Tolstoy">Л. Н. Толстой</persName>
                   <placeName ref="PlacesListxml#PLACE">Я. П.</placeName>
                   <date when="1883-10-04">1883 г. Октября 4.</date>            </correspAction>
                <correspAction type="receiving">
                   <persName ref="PersonList.xml#RECEIVER">Толстая Софья Андреевна</persName>
                </correspAction>
                <correspContext>
                   <ref type="prev"></ref>
                </correspContext>
             </correspDesc>
          </profileDesc>
       </teiHeader>
       <xenoData><number type="in a volume">249</number></xenoData>

       <text xml:id="a4_249">
	<body><div>
		<opener index="false">
249.
1883 г. Октября 4. Я. П.</opener>
<p rend="right"><hi>Вторникъ 9 часовъ.</hi></p>
<p rend="left">Нынче получилъ твое грустное письмо.<note xml:id="note1" resp="volume_editor" index="false"> От 2 октября; в нем С. А. Толстая писала: «Просидела весь день дома: шила, читала с Андрюшей, учила его, а когда пришел вечер, то подумала: «вот и еще день ближе к смерти, а пусто, пусто идут дни, не знаешь, за что ухватиться». Бывало думаешь, что <hi>обязанности исполнять</hi>, и можно быть покойной. А теперь я не знаю, в чем мои обязанности, и сомневаюсь в уменьи моем их исполнять» (стр. 237).</note> Нездоровье твое — спинная боль меня очень огорчаетъ.<note xml:id="note2" resp="volume_editor" index="false"> С. А. Толстая писала: «У меня так сильно спина болит, что просто терпенья нет» (от 2 октября).</note> Впрочемъ, тебя не разберешь по письмамъ. Когда я съ тобою, то я все знаю. До сихъ поръ сбывается то, чего я желалъ — второй день по многу работаю, и если завтра также, то кончу коректуры и послѣ завтра буду съ вами. Если бъ я не рѣшилъ ѣхать въ четвергъ,<note xml:id="note3" resp="volume_editor" index="false"> 6 октября. Фактически Толстой приехал в Москву 6 октября 1883 г.</note> я бы по твоему письму поѣхалъ. Ты хоть и не хотѣла мизинцемъ тронуть, а потянула обѣими руками.<note xml:id="note4" resp="volume_editor" index="false"> См. прим. 2 к письму № 246 от 1 октября.</note> Тебѣ досадно на меня за то, что мнѣ хорошо одному. И мнѣ жалко, что тебѣ не хорошо, но не совѣстно. — Жизнь моя, какъ заведенные часы. Проснусь въ 9, пойду въ заказъ, вернусь, напьюсь кофею, сяду за работу часовъ въ 11 и сижу до <hi>1</hi>/<sub>2</sub> 4-го и опять пойду въ заказъ до обѣда. Обѣдаю, читаю Тургенева. Придетъ Агафья Мих[айловна], пью чай, пишу тебѣ, погуляю при лунномъ свѣтѣ и ложусь спать. И это самое дурное время. Долго не могу заснуть. — Что-то будетъ въ завтрашнемъ письмѣ. Прощай, душенька, ты на меня не сердись, какъ въ послѣднемъ письмѣ.<note xml:id="note6" resp="volume_editor" index="false"> См. прим. 2 к письму № 246 от 1 октября.</note> Цѣлуй дѣтей. —</p>
<lb/>
<p rend="left"><hi>На конверте:</hi> Москва. Хамовнической переулокъ. Домъ Толстаго. Графинѣ Софьѣ Андревнѣ Толстой.</p>
<comments><p rend="Textpetit_otstup left">Печатается по автографу, хранящемуся в АТБ. Впервые отрывок из письма напечатан в Б, II, стр. 454; полностью письмо опубликовано <hi style="opdelimiter">по</hi><hi style="opnumber">402</hi> <hi style="npnumber">403</hi><hi style="npdelimiter">копии,</hi> сделанной С. А. Толстой, в ПЖ, стр. 204. Датируется на основании почтовых штемпелей: «Почтовый вагон. 5 октября 1883 г.; Москв. почт. центр. отд. 5 октября 1883» и пометы Толстого «вторник», который падал на 4 октября 1883 г.</p>
<p rend="Textpetit_otstup left"><hi>1</hi> От 2 октября; в нем С. А. Толстая писала: «Просидела весь день дома: шила, читала с Андрюшей, учила его, а когда пришел вечер, то подумала: «вот и еще день ближе к смерти, а пусто, пусто идут дни, не знаешь, за что ухватиться». Бывало думаешь, что <hi>обязанности исполнять</hi>, и можно быть покойной. А теперь я не знаю, в чем мои обязанности, и сомневаюсь в уменьи моем их исполнять» (стр. 237).</p>
<p rend="petit left"><hi>2</hi> С. А. Толстая писала: «У меня так сильно спина болит, что просто терпенья нет» (от 2 октября).</p>
<p rend="petit left"><hi>3</hi> 6 октября. Фактически Толстой приехал в Москву 6 октября 1883 г.</p>
<p rend="petit left"><hi>4</hi> См. прим. 2 к письму № 246 от 1 октября.</p>
<p rend="petit left"><hi>5</hi> См. прим. 2 к письму № 246 от 1 октября.</p>
</comments></div></body>
        </text>
        </TEI>