<?xml version="1.0" encoding="UTF-8"?>
    <!-- <?xml-stylesheet type="text/xsl" target="../resources/MJT/myletter.xsl"?> -->
    <?xml-stylesheet type="css" target="graves.css"?>
    <?xml-model target="http://www.tei-c.org/release/xml/tei/custom/schema/relaxng/tei_all.rng" type="application/xml" schematypens="http://relaxng.org/ns/structure/1.0"?>
    <?xml-model target="http://www.tei-c.org/release/xml/tei/custom/schema/relaxng/tei_all.rng" type="application/xml"
            schematypens="http://purl.oclc.org/dsdl/schematron"?>
    <TEI xmlns="http://www.tei-c.org/ns/1.0">
       <teiHeader>
          <fileDesc>
             <titleStmt>
                <title>Письмо №106. Н. А. Некрасову.</title>
             </titleStmt>
             <publicationStmt>
                <publisher>TolstoyLab</publisher>
                <date when="2015-09-14">14 September 2015</date>
             </publicationStmt>
             <sourceDesc>
                <biblStruct>
                   <analytic>
                      <author>Толстой Л.Н.</author>
                   </analytic>
                   <monogr>
                      <title level="m">Полное собрание сочинений. Том 60</title>
                      <imprint>
                         <pubPlace>Москва</pubPlace>
                         <publisher>Государственное издательство "Художественная литература"</publisher>
                         <date when="1949"/>
                      </imprint>
                   </monogr>
                   <series>
                      <title level="s">Л.Н. Толстой. Полное собрание сочинений</title>
                      <biblScope unit="vol">60</biblScope>
                   </series>
                </biblStruct>
             </sourceDesc>
          </fileDesc>
          <encodingDesc>
             <tagsDecl> </tagsDecl>
          </encodingDesc>
          <profileDesc>
             <correspDesc>
                <correspAction type="sending">
                   <persName ref="PersonList.xml#L_N_Tolstoy">Л. Н. Толстой</persName>
                   <placeName ref="PlacesListxml#PLACE">Петербург.</placeName>
                   <date from="1858-03-15" to="1858-03-17">1858 г. Марта 15 — 17?</date>            </correspAction>
                <correspAction type="receiving">
                   <persName ref="PersonList.xml#RECEIVER">Некрасов Николай Алексеевич</persName>
                </correspAction>
                <correspContext>
                   <ref type="prev"></ref>
                </correspContext>
             </correspDesc>
          </profileDesc>
       </teiHeader>
       <xenoData><number type="in a volume">106</number></xenoData>

              <text xml:id="N.A.Nekrasovu_106">
	<body><div>
		<opener index="false">
106. Н. А. Некрасову.
1858 г. Марта 15—17? Петербург.
</opener><p rend="left">Да будет по вашему, любезный Николай Алексеевич. Лучший резон есть то, что я вам не раз был обязан. Мне даже совестно, ужасно совестно; но что делать — принцип — драть сколько можно больше за свое писанье.<note xml:id="note1" resp="volume_editor" index="false"> Речь идет о гонораре за повесть «Альберт».</note> Затем прощайте, пожалуйста поручите коректуры просмотреть повнимательнее.<note xml:id="note2" resp="volume_editor" index="false"> Корректура «Альберта» была послана Толстому Некрасовым 3 апреля 1858 г. См. письмо Некрасова к Толстому от этого числа в альманахе «Круг», книга шестая, М. 1927, стр. 218—219.</note></p>
<p rend="right">Ваш Гр. Л. <hi style="opdelimiter">Толстой.</hi><hi style="opnumber">255</hi></p>
<comments><p rend="Textpetit_otstup left"><hi style="npnumber">256</hi><hi style="npdelimiter">Опубликовано</hi> впервые в АК, стр. 203. Датируется предположительно последними днями пребывания Толстого в Петербурге и словами из письма Е. Я. Колбасина к Тургеневу. См. «Тургенев и круг «Современника», «Academia», М.—Л. 1930, стр. 353.</p>
<p rend="Textpetit_otstup left"><hi>1</hi> Речь идет о гонораре за повесть «Альберт».</p>
<p rend="petit left"><hi>2</hi> Корректура «Альберта» была послана Толстому Некрасовым 3 апреля 1858 г. См. письмо Некрасова к Толстому от этого числа в альманахе «Круг», книга шестая, М. 1927, стр. 218—219.</p>
</comments></div></body>
        </text>
        </TEI>
