<?xml version="1.0" encoding="UTF-8"?>
    <!-- <?xml-stylesheet type="text/xsl" target="../resources/MJT/myletter.xsl"?> -->
    <?xml-stylesheet type="css" target="graves.css"?>
    <?xml-model target="http://www.tei-c.org/release/xml/tei/custom/schema/relaxng/tei_all.rng" type="application/xml" schematypens="http://relaxng.org/ns/structure/1.0"?>
    <?xml-model target="http://www.tei-c.org/release/xml/tei/custom/schema/relaxng/tei_all.rng" type="application/xml"
            schematypens="http://purl.oclc.org/dsdl/schematron"?>
    <TEI xmlns="http://www.tei-c.org/ns/1.0">
       <teiHeader>
          <fileDesc>
             <titleStmt>
                <title>Письмо №164. Б. Н. Чичерину.</title>
             </titleStmt>
             <publicationStmt>
                <publisher>TolstoyLab</publisher>
                <date when="2015-09-14">14 September 2015</date>
             </publicationStmt>
             <sourceDesc>
                <biblStruct>
                   <analytic>
                      <author>Толстой Л.Н.</author>
                   </analytic>
                   <monogr>
                      <title level="m">Полное собрание сочинений. Том 60</title>
                      <imprint>
                         <pubPlace>Москва</pubPlace>
                         <publisher>Государственное издательство "Художественная литература"</publisher>
                         <date when="1949"/>
                      </imprint>
                   </monogr>
                   <series>
                      <title level="s">Л.Н. Толстой. Полное собрание сочинений</title>
                      <biblScope unit="vol">60</biblScope>
                   </series>
                </biblStruct>
             </sourceDesc>
          </fileDesc>
          <encodingDesc>
             <tagsDecl> </tagsDecl>
          </encodingDesc>
          <profileDesc>
             <correspDesc>
                <correspAction type="sending">
                   <persName ref="PersonList.xml#L_N_Tolstoy">Л. Н. Толстой</persName>
                   <placeName ref="PlacesListxml#PLACE">Я. П.</placeName>
                   <date when="1860-03-01">1860 г. Марта 1.</date>            </correspAction>
                <correspAction type="receiving">
                   <persName ref="PersonList.xml#RECEIVER">Чичерин Борис Николаевич</persName>
                </correspAction>
                <correspContext>
                   <ref type="prev"></ref>
                </correspContext>
             </correspDesc>
          </profileDesc>
       </teiHeader>
       <xenoData><number type="in a volume">164</number></xenoData>

              <text xml:id="B.N.CHicherinu_164">
	<body><div>
		<opener index="false">
164. Б. Н. Чичерину.
1860 г. Марта 1. Я. П.</opener>
<p rend="right">30 Февраля.<note xml:id="note1" resp="volume_editor" index="false"> <hi>Описка вместо</hi>: 1 марта.</note></p>
<p rend="left">Ежели твое письмо имело целью задрать меня на ответ, то достигло своей цели. Оно меня даже рассердило. — Ты небрежно и ласково подаешь мне советы, <hi>как надобно развиваться художнику</hi>, <hi>как благотворно Итал</hi>[<hi>ия</hi>] <hi>действует</hi>, <hi>памятники</hi>, <hi>небо</hi>... и т. п. избитые пошлости. <hi>Как вредно бездействие в деревне</hi> — <hi>халат</hi>, <hi>как мне надо жениться и писать милые повести и т. д</hi>. — Как ни мелка и ложна мне кажется твоя деятельность, я не подам тебе советов. Я знаю, что <hi>человек</hi> (т. е. существо, которое живет свободно) в каждой вещи, в каждой мысли видит свое особенное, никем не видимое, и это только одно может привязать его до самопожертвования к делу. Я знаю, что такой человек знает по своему свое место на свете и свою цену и цену своему делу; знаю, что иногда он не в силах рассказать всего, что знает, но знает твердо. Чтобы показать тебе только, как можно ошибаться, не допуская этого или забывая, скажу тебе только, в ответ на твои советы, что, по моему убежденью, в наши года и с нашими средствами, шлянье вне дома, или писанье повестей, приятных для чтения, одинаково дурно и неблагопристойно. В наши года, когда уж не одним путем мысли, а всем существом, всей жизнью дошел до сознанья бесполезности и невозможности отыскиванья наслажденья, когда почувствуешь, что то, что казалось мукой, сделалось единственной сущностью жизни — труд, работа, тогда неуместны и невозможны искания, тоски, недовольства собой, сожаленья и т. п. атрибуты молодости, не скажу нужно работать, а нельзя не работать, ту работу, которой плоды в состоянии видеть настолько вперед, чтобы вполне отдаваться работе. Кто пахать землю, кто учить молодежь быть честной и т. д. Самообольщение же так называемых художников, которое ты, льщу себя надеждой, допускаешь только из дружбы к приятелю (не понимая его), обольщение это для того, кто ему поддается, есть мерзейшая подлость и ложь. Всю жизнь ничего не делать и эксплуатировать труд и лучшие блага чужие, за то, чтобы потом воспроизвести их — скверно, ничтожно, может быть, есть уродство и пакость, которой я слишком много видел вокруг себя мерзких примеров, чтобы не ужаснуться, и, которой ты, обдумав дело и <hi style="opdelimiter">любя</hi><hi style="opnumber">327</hi> <hi style="npnumber">328</hi><hi style="npdelimiter">меня,</hi> не можешь допустить. Что же я делаю? спросишь ты. — Ничего особенного, выдуманного, делаю дело, которое мне так же естественно, как дышать воздух, и вместе такое, с высоты которого, признаюсь, я часто с преступной гордостью люблю смотреть на vous autres.<note xml:id="note2" resp="volume_editor" index="false"> [вас остальных.]</note> Ты полюбишь и поймешь это дело, но рассказывать его нельзя, а приезжай, окончив свои странствования, в Ясную Поляну, и скажи тогда по правде, не позавидуешь ли мне, увидя то, что я сделал, и то спокойствие, с которым я делаю. — Вот тебе и загадка.<note xml:id="note3" resp="volume_editor" index="false"> Толстой разумеет свою педагогическую деятельность.</note> Я не выезжал и не выеду нынешний год из деревни да и впредь не могу себе представить, как и зачем я уеду. — Сестра<note xml:id="note4" resp="volume_editor" index="false"> М. Н. Толстая жила с детьми у себя в Пирогове.</note> в 40 верстах от меня, очень кланяется тебе. Тетушка ужасно тебя любит. Брат Николай поехал стрелять медведей.<note xml:id="note5" resp="volume_editor" index="false"> H. Н. Толстой поехал на медведя с И. И. Раевским. См. письмо к М. Н. Толстой № 161.</note> Прощай, пиши поскорее. —</p>
<comments><p rend="Textpetit_otstup left">Полностью опубликовано в ПТТ, стр. 19—21. Год определяется письмом Б. Н. Чичерина, датированным 5/17 декабря 1859 г. (см. ПТТ, стр. 279—281), на которое Толстой отвечает настоящим письмом.</p>
<p rend="Textpetit_otstup left"><hi>1</hi> <hi>Описка вместо</hi>: 1 марта.</p>
<p rend="petit left"><hi>2</hi> [вас остальных.]</p>
<p rend="petit left"><hi>3</hi> Толстой разумеет свою педагогическую деятельность.</p>
<p rend="petit left"><hi>4</hi> М. Н. Толстая жила с детьми у себя в Пирогове.</p>
<p rend="petit left"><hi>5</hi> H. Н. Толстой поехал на медведя с И. И. Раевским. См. письмо к М. Н. Толстой № 161.</p>
</comments></div></body>
        </text>
        </TEI>