<?xml version="1.0" encoding="UTF-8"?>
    <!-- <?xml-stylesheet type="text/xsl" target="../resources/MJT/myletter.xsl"?> -->
    <?xml-stylesheet type="css" target="graves.css"?>
    <?xml-model target="http://www.tei-c.org/release/xml/tei/custom/schema/relaxng/tei_all.rng" type="application/xml" schematypens="http://relaxng.org/ns/structure/1.0"?>
    <?xml-model target="http://www.tei-c.org/release/xml/tei/custom/schema/relaxng/tei_all.rng" type="application/xml"
            schematypens="http://purl.oclc.org/dsdl/schematron"?>
    <TEI xmlns="http://www.tei-c.org/ns/1.0">
       <teiHeader>
          <fileDesc>
             <titleStmt>
                <title>Письмо №58. С. А. Толстой</title>
             </titleStmt>
             <publicationStmt>
                <publisher>TolstoyLab</publisher>
                <date when="2015-09-14">14 September 2015</date>
             </publicationStmt>
             <sourceDesc>
                <biblStruct>
                   <analytic>
                      <author>Толстой Л.Н.</author>
                   </analytic>
                   <monogr>
                      <title level="m">Полное собрание сочинений. Том 83</title>
                      <imprint>
                         <pubPlace>Москва</pubPlace>
                         <publisher>Государственное издательство "Художественная литература"</publisher>
                         <date when="1938"/>
                      </imprint>
                   </monogr>
                   <series>
                      <title level="s">Л.Н. Толстой. Полное собрание сочинений</title>
                      <biblScope unit="vol">83</biblScope>
                   </series>
                </biblStruct>
             </sourceDesc>
          </fileDesc>
          <encodingDesc>
             <tagsDecl> </tagsDecl>
          </encodingDesc>
          <profileDesc>
             <correspDesc>
                <correspAction type="sending">
                   <persName ref="PersonList.xml#L_N_Tolstoy">Л. Н. Толстой</persName>
                   <placeName ref="PlacesListxml#PLACE">Москва.</placeName>
                   <date from="1866-11-14" to="1866-11-15">1866 г. Ноября 14 — 15</date>            </correspAction>
                <correspAction type="receiving">
                   <persName ref="PersonList.xml#RECEIVER">Толстая Софья Андреевна</persName>
                </correspAction>
                <correspContext>
                   <ref type="prev"></ref>
                </correspContext>
             </correspDesc>
          </profileDesc>
       </teiHeader>
       <xenoData><number type="in a volume">58</number></xenoData>

       <text xml:id="a14_58">
	<body><div>
		<opener index="false">
58.
1866 г. Ноября 14—15. Москва.
</opener><p rend="left">Нынче хоть и поздно, радъ, что ничто не мѣшаетъ писать тебѣ, мой душенька. Утро точь въ точь тоже, какъ и прежніе дни. Но плохо, что немного 70 лѣтъ всѣ эти дни. Пошелъ въ Румянцевскій музей, и по случаю Дагмаринаго<note xml:id="note1" resp="volume_editor" index="false"> Мария Федоровна — жена Александра III, рожд. принцесса Мария-София-Фредерика-Дагмара (1847—1928), дочь датского короля Христиана IX.</note> рожденія заперто: оттуда, чтобъ избавить Таню отъ выѣзда, поѣхалъ въ англійскій магазинъ купить ей платье и тебѣ халатъ. Халатъ всѣмъ понравился, а платье не одобрили, но оттого, что Т[аня] велѣла купить въ 10 рублей.</p>
<p rend="left">Оттуда въ типографію.<note xml:id="note2" resp="volume_editor" index="false"> Каткова.</note> Тамъ на мои условія согласны, но завтра придетъ еще ко мнѣ господинъ окончательно переговорить. Дома ждалъ до обѣда Варвинскаго, к[отор]ый не пріѣхалъ. Онъ болѣнъ и завтра Таня съ папа ѣдутъ къ нему. Пришелъ глупый С[ухоти]нъ.<note xml:id="note3" resp="volume_editor" index="false"> Сергей Михайлович Сухотин.</note> Послѣ обѣда поѣхали въ театръ, въ Фауста;<note xml:id="note4" resp="volume_editor" index="false"> Опера Гуно.</note> тетя Надя,<note xml:id="note5" resp="volume_editor" index="false"> Стендер.</note> Лиза, мама, Таня и я. Потомъ пріѣхалъ А[ндрей] Е[встафьевичъ]. Въ театрѣ парадъ по случаю рожденья Дагмары. Фаустъ глупъ, и хоть ты и не вѣришь, не люблю театръ, и всегда хочется критиковать. Знакомыхъ никого, исключая Сиверцова,<note xml:id="note6" resp="volume_editor" index="false"> Петр Алексеевич Северцев (ум. в 1884 г.). «Пьерчик (как его звали) женился впоследствии на двоюродной сестре С. А-ны — Ольге Шидловской. Брат его был знаменитый ученый» (н. п. С. А.). Николай Алексеевич Северцев (1827—1885), зоолог, зоогеограф и путешественник.</note> к[отор]ый приходилъ въ ложу. Необыкновенно возмужалъ и похорошѣлъ. Да, забылъ. Утромъ былъ В[асилій] Исленьевъ.<note xml:id="note7" resp="volume_editor" index="false"> Василий Владимирович Исленьев (р. 1826 г.), двоюродный брат С. А. Толстой, штабс-капитан.</note> Онъ и всегда былъ противенъ, а теперь еще гаже: онъ поступилъ въ судебные пристава, — это въ родѣ частнаго пристава. Я сдѣлалъ открытіе о томъ впечатлѣніи, к[отор]ое онъ производитъ на меня, и Таня подтвердила. Неловко и <hi>стыдно</hi> смотрѣть на него, точно какъ будто онъ нечаянно безъ панталонъ, и самъ не замѣчаетъ этаго. Потомъ были Зайковскіе: Дм[итрій] Дм[итріевичъ]<note xml:id="note8" resp="volume_editor" index="false"> Дмитрий Дмитриевич Зайковский (1838—1867), доктор медицины, доцент Московского университета. «Брат Ольги. Умер молодым, случайно отравившись газами, над которыми производил опыты. Был очень умный и хороший молодой человек» (н. п. С. А.).</note> и Эмилія. Я отрекаюсь отъ моего перваго впечатлѣнія о <hi style="opdelimiter">Д[митріи]</hi><hi style="opnumber">126</hi> <hi style="npnumber">127</hi><hi style="npdelimiter">Зайковскомъ.</hi> Ты права, онъ премилый, умный и comme il faut молод[ой] человѣкъ. И долженъ быть хорошій. Съ нимъ я особенно б[ылъ] любезенъ, и опять въ твое воспоминаніе. Послѣ обѣда еще получилъ твое первое письмо.<note xml:id="note9" resp="volume_editor" index="false"> От 11 ноября С. А. Толстая писала: «Все эти сутки ехала с вами в своем уме, милый мой Лева, и теперь опять воображаю, как у вас весело, как все вам рады, и признаюсь, если бы не веселые, милые голоса Сережи с Таней, то очень было бы грустно и даже скучно, под монотонное храпенье Наташи [Охотницкой] и тетеньки [Татьяны Александровны Ергольской], которые обе спят и дремлют по вечерам. Я нынче весь день почти списывала [«1805 год»], и написала мало, потому что рассеяна. А списывать так же приятно, как когда в комнате сидит близкий друг, и не надо его занимать, а только хорошо, что он тут. Так и в переписыванье моем думать не надо, а следить и пользуешься разными мыслями другого, близкого человека, и оттого хорошо. ...... Что у вас, что Таня, ее здоровье, и как найдут ее доктора и родители?» (ПСТ, стр. 65—66.)</note> И мы оба съ мама принялись такъ хвалить тебя, что самимъ стало совѣстно. Какъ грустно о Машинькѣ.<note xml:id="note10" resp="volume_editor" index="false"> С. А. Толстая писала в своем письме о М. Н. Толстой: «Нынче утром, вообрази, подают мне из Пирогова записку и к тебе от Егора Михайловича [управляющего М. Н. Толстой]. Он пишет, что графиня требует возок, чтобы послать его в Хитрово, стало быть к барону. Верно, Любочка [сестра бар. Дельвига] приедет <hi>болтать всякий вздор</hi>, и Машенька, верно, намеревается жить еще долго в Пирогове. Мне, признаться, стало даже очень досадно и неприятно. О возке-то я не очень сокрушаюсь, и в кибиточке доедет, а о девочках думаю с большим сожалением» (там же).</note> А Таню маленькую я такъ и вижу, и сіяю при мысли о ней. — Прочти имъ: <hi>Сережа милый, и Таня милая, и Илюша милый, я ихъ люблю. Сережа теперь большой, онъ будетъ писать папашѣ</hi>. И вели ему написать и Танѣ, т.-е. нарисовать что-нибудь мнѣ. — Изъ театра, не дослушавъ акта, поѣхалъ къ Сушковымъ.<note xml:id="note11" resp="volume_editor" index="false"> Николай Васильевич Сушков (1796—1871), писатель и его жена Дарья Ивановна (1806—1879), рожд. Тютчева, сестра поэта. «Старая аристократическая супружеская чета, жившая в Москве с племянницей Тютчевой» (н. п. С. А.). Толстой у них часто бывал в 1850-х гг. В некрологе, посвященном Сушкову, сказано: «В продолжение нескольких десятков лет он умел соединять в своем доме людей равных, <hi style="opdelimiter">иногда</hi><hi style="opnumber">128</hi> <hi style="npnumber">129</hi><hi style="npdelimiter">враждебных</hi> одно другому, направлений» («Русский архив» 1871, стр. 1743).</note> Тамъ все, какъ 15 лѣтъ тому назадъ, и также гости; одна кн. Мещерская,<note xml:id="note12" resp="volume_editor" index="false"> Кн. Марья Александровна Мещерская (ум. в 1903 г.), правнучка гр. П. И. Панина. Жена попечителя Московского учебного округа кн. Николая Петровича Мещерского. Обладательница богатого архива в Дугине Сычевского уезда Смоленской губернии, где и жила. Из ее архива напечатан ряд публикаций в «Русском архиве». Имела сыновей: Александра, Петра (р. 1869 г.) и Сергея и пять дочерей: Софию (по мужу Васильчикова), Марию (по мужу гр. Толстая), Веру (по мужу бар. Оффенберг), Александру (р. 1867 г., по мужу кн. Голицына) и Наталью (по мужу гр. Игнатьева).</note> урожденная Гр. Панина — огромная, съ мужскими чертами женщина, очень добрая и неглупая. Я ее знавалъ барышней, и теперь у нея 4, у меня 3 дѣтей. Очень звала къ себѣ въ середу. Не знаю, поѣду ли? И еще Кн[яжна] Л[иве]нъ,<note xml:id="note13" resp="volume_editor" index="false"> Вероятно, одна из старших дочерей сенатора кн. Александра Карловича Ливен (1801—1880) и Екатерины Никитичны, рожд. Панкратовой (1818—1867): Анна (1840—1871), жена Василия Александровича Олсуфьева, соседа Толстых по Хамовническому дому, или Елена (1842—1915), фрейлина, в 1880-х и 1890-х гг. начальница Елизаветинского института в Москве, впоследствии — Смольного института в Петербурге.</note> очень глупая и топорная барышня. Вернулся домой вмѣстѣ съ нашими и вмѣстѣ ужинали очень весело. Таня весела, но изъ театра какъ вышла, такъ у ней показалась кровь. Ахъ, эта бѣдная, милая Таня. Не могу тебѣ сказать, какъ она мнѣ жалка и мила. Твое письмо<note xml:id="note14" resp="volume_editor" index="false"> Это письмо С. А. Толстой к сестре не сохранилось в архиве Т. А. Кузминской.</note> тронуло ее такъ, что она не могла скрыть слезъ, и я тоже. Очень грустно, что не намъ пришлось ей дать эти деньги, а вся эта крестная путаница. Тютчева,<note xml:id="note15" resp="volume_editor" index="false"> Екатерина Федоровна Тютчева, дочь поэта.</note> какъ мнѣ показалось, очень искренно восхищалась прошлогодней частью 1805 года и говорила, что 2-я часть понравилась ей лучше 1-й, а 3 лучше 2-й. Я дорожу этимъ мнѣніемъ также, какъ мнѣніемъ Сухотина; оно также выраженіе толпы, хоть немного и повыше Сухотина. Приставали, чтобы я у нихъ прочелъ что-нибудь, но я сказалъ, что, вопервыхъ, скоро ѣду и мало времени, и что мнѣ нужно, чтобы за одно слушали тѣ, кого я желаю. Онѣ обѣщаютъ пригласить того, кого я хочу, но я не обѣщалъ рѣшительно. Вяземскаго<note xml:id="note16" resp="volume_editor" index="false"> Вероятно, имеется в виду друг Пушкина кн. Петр Андреевич Вяземский (1792—1878), участник войны 1812 г. В 1855—1858 гг. был товарищем министра народного просвещения, ведая делами цензуры. В 1856 г. запретил часть главы «Юности» Толстого. По поводу романа Толстого «Война и мир» кн. Вяземский написал статью: «Воспоминания о 1812 годе», напечатанную в № 1 «Русского архива» за 1869 г.</note> въ Москвѣ нѣтъ. — Завтра жду уже твоего письма, отвѣта на мое, но теперь ужъ недолго писать. Я скоро пріѣду. Дѣлать больше нечего. И ужъ очень грустно безъ тебя. Ежели не собираюсь еще, то потому чувству, что все думается, не забылъ ли чего-нибудь еще въ Москвѣ, о чемъ послѣ пожалѣешь. Прощай, мой милый голубчикъ, цѣлую тебя въ глаза, въ шею и руки. Тетинькѣ цѣлуй руку. Наташѣ<note xml:id="note17" resp="volume_editor" index="false"> Наталья Петровна Охотницкая, бедная дворянка, жившая при Т. А. Ергольской. После ее смерти поселилась в богадельне, учрежденной в Спасском Ив. Серг. Тургеневым, где и умерла, впавши в слабоумие. От имени Охотницкой Толстой послал И. С. Аксакову свое стихотворение в прозе «Сон» (см. т. 26).</note> скажи, что Джой въ комнатахъ. И что значитъ уходъ — не пакоститъ. Долли [?] возьми въ <hi style="opdelimiter">комнаты.</hi><hi style="opnumber">127</hi></p>
<comments><p rend="Textpetit_otstup left"><hi style="npnumber">128</hi><hi style="npdelimiter">Печатается</hi> по автографу, хранящемуся в АТБ. Впервые опубликовано по копии, сделанной С. А. Толстой, ПЖ, стр. 58—60. Датируется на основании упоминания дня рождения Дагмары (Марии Федоровны), бывшего 14 ноября.</p>
<p rend="Textpetit_otstup left"><hi>1</hi> Мария Федоровна — жена Александра III, рожд. принцесса Мария-София-Фредерика-Дагмара (1847—1928), дочь датского короля Христиана IX.</p>
<p rend="petit left"><hi>2</hi> Каткова.</p>
<p rend="petit left"><hi>3</hi> Сергей Михайлович Сухотин.</p>
<p rend="petit left"><hi>4</hi> Опера Гуно.</p>
<p rend="petit left"><hi>5</hi> Стендер.</p>
<p rend="petit left"><hi>6</hi> Петр Алексеевич Северцев (ум. в 1884 г.). «Пьерчик (как его звали) женился впоследствии на двоюродной сестре С. А-ны — Ольге Шидловской. Брат его был знаменитый ученый» (н. п. С. А.). Николай Алексеевич Северцев (1827—1885), зоолог, зоогеограф и путешественник.</p>
<p rend="petit left"><hi>7</hi> Василий Владимирович Исленьев (р. 1826 г.), двоюродный брат С. А. Толстой, штабс-капитан.</p>
<p rend="petit left"><hi>8</hi> Дмитрий Дмитриевич Зайковский (1838—1867), доктор медицины, доцент Московского университета. «Брат Ольги. Умер молодым, случайно отравившись газами, над которыми производил опыты. Был очень умный и хороший молодой человек» (н. п. С. А.).</p>
<p rend="petit left"><hi>9</hi> От 11 ноября С. А. Толстая писала: «Все эти сутки ехала с вами в своем уме, милый мой Лева, и теперь опять воображаю, как у вас весело, как все вам рады, и признаюсь, если бы не веселые, милые голоса Сережи с Таней, то очень было бы грустно и даже скучно, под монотонное храпенье Наташи [Охотницкой] и тетеньки [Татьяны Александровны Ергольской], которые обе спят и дремлют по вечерам. Я нынче весь день почти списывала [«1805 год»], и написала мало, потому что рассеяна. А списывать так же приятно, как когда в комнате сидит близкий друг, и не надо его занимать, а только хорошо, что он тут. Так и в переписыванье моем думать не надо, а следить и пользуешься разными мыслями другого, близкого человека, и оттого хорошо. ...... Что у вас, что Таня, ее здоровье, и как найдут ее доктора и родители?» (ПСТ, стр. 65—66.)</p>
<p rend="petit left"><hi>10</hi> С. А. Толстая писала в своем письме о М. Н. Толстой: «Нынче утром, вообрази, подают мне из Пирогова записку и к тебе от Егора Михайловича [управляющего М. Н. Толстой]. Он пишет, что графиня требует возок, чтобы послать его в Хитрово, стало быть к барону. Верно, Любочка [сестра бар. Дельвига] приедет <hi>болтать всякий вздор</hi>, и Машенька, верно, намеревается жить еще долго в Пирогове. Мне, признаться, стало даже очень досадно и неприятно. О возке-то я не очень сокрушаюсь, и в кибиточке доедет, а о девочках думаю с большим сожалением» (там же).</p>
<p rend="petit left"><hi>11</hi> Николай Васильевич Сушков (1796—1871), писатель и его жена Дарья Ивановна (1806—1879), рожд. Тютчева, сестра поэта. «Старая аристократическая супружеская чета, жившая в Москве с племянницей Тютчевой» (н. п. С. А.). Толстой у них часто бывал в 1850-х гг. В некрологе, посвященном Сушкову, сказано: «В продолжение нескольких десятков лет он умел соединять в своем доме людей равных, <hi style="opdelimiter">иногда</hi><hi style="opnumber">128</hi> <hi style="npnumber">129</hi><hi style="npdelimiter">враждебных</hi> одно другому, направлений» («Русский архив» 1871, стр. 1743).</p>
<p rend="petit left"><hi>12</hi> Кн. Марья Александровна Мещерская (ум. в 1903 г.), правнучка гр. П. И. Панина. Жена попечителя Московского учебного округа кн. Николая Петровича Мещерского. Обладательница богатого архива в Дугине Сычевского уезда Смоленской губернии, где и жила. Из ее архива напечатан ряд публикаций в «Русском архиве». Имела сыновей: Александра, Петра (р. 1869 г.) и Сергея и пять дочерей: Софию (по мужу Васильчикова), Марию (по мужу гр. Толстая), Веру (по мужу бар. Оффенберг), Александру (р. 1867 г., по мужу кн. Голицына) и Наталью (по мужу гр. Игнатьева).</p>
<p rend="petit left"><hi>13</hi> Вероятно, одна из старших дочерей сенатора кн. Александра Карловича Ливен (1801—1880) и Екатерины Никитичны, рожд. Панкратовой (1818—1867): Анна (1840—1871), жена Василия Александровича Олсуфьева, соседа Толстых по Хамовническому дому, или Елена (1842—1915), фрейлина, в 1880-х и 1890-х гг. начальница Елизаветинского института в Москве, впоследствии — Смольного института в Петербурге.</p>
<p rend="petit left"><hi>14</hi> Это письмо С. А. Толстой к сестре не сохранилось в архиве Т. А. Кузминской.</p>
<p rend="petit left"><hi>15</hi> Екатерина Федоровна Тютчева, дочь поэта.</p>
<p rend="petit left"><hi>16</hi> Вероятно, имеется в виду друг Пушкина кн. Петр Андреевич Вяземский (1792—1878), участник войны 1812 г. В 1855—1858 гг. был товарищем министра народного просвещения, ведая делами цензуры. В 1856 г. запретил часть главы «Юности» Толстого. По поводу романа Толстого «Война и мир» кн. Вяземский написал статью: «Воспоминания о 1812 годе», напечатанную в № 1 «Русского архива» за 1869 г.</p>
<p rend="petit left"><hi>17</hi> Наталья Петровна Охотницкая, бедная дворянка, жившая при Т. А. Ергольской. После ее смерти поселилась в богадельне, учрежденной в Спасском Ив. Серг. Тургеневым, где и умерла, впавши в слабоумие. От имени Охотницкой Толстой послал И. С. Аксакову свое стихотворение в прозе «Сон» (см. т. 26).</p>
</comments></div></body>
        </text>
        </TEI>