<?xml version="1.0" encoding="UTF-8"?>
    <!-- <?xml-stylesheet type="text/xsl" target="../resources/MJT/myletter.xsl"?> -->
    <?xml-stylesheet type="css" target="graves.css"?>
    <?xml-model target="http://www.tei-c.org/release/xml/tei/custom/schema/relaxng/tei_all.rng" type="application/xml" schematypens="http://relaxng.org/ns/structure/1.0"?>
    <?xml-model target="http://www.tei-c.org/release/xml/tei/custom/schema/relaxng/tei_all.rng" type="application/xml"
            schematypens="http://purl.oclc.org/dsdl/schematron"?>
    <TEI xmlns="http://www.tei-c.org/ns/1.0">
       <teiHeader>
          <fileDesc>
             <titleStmt>
                <title>Письмо №175. С. А. Толстой</title>
             </titleStmt>
             <publicationStmt>
                <publisher>TolstoyLab</publisher>
                <date when="2015-09-14">14 September 2015</date>
             </publicationStmt>
             <sourceDesc>
                <biblStruct>
                   <analytic>
                      <author>Толстой Л.Н.</author>
                   </analytic>
                   <monogr>
                      <title level="m">Полное собрание сочинений. Том 83</title>
                      <imprint>
                         <pubPlace>Москва</pubPlace>
                         <publisher>Государственное издательство "Художественная литература"</publisher>
                         <date when="1938"/>
                      </imprint>
                   </monogr>
                   <series>
                      <title level="s">Л.Н. Толстой. Полное собрание сочинений</title>
                      <biblScope unit="vol">83</biblScope>
                   </series>
                </biblStruct>
				<bibl>Печатается по автографу, хранящемуся в АТБ. Впервые опубликовано по копии, сделанной С. А. Толстой, в ПЖ, стр. 132. Датируется на основании начального слова «Вчера» и упоминания в письме поездки Илюши за пластырем Константиновой жене, о чем идет речь в предшествующем письме, а также на основании дневниковой записи Толстого под 4 июля, где значится Ушаков.</bibl>
             </sourceDesc>
          </fileDesc>
          <encodingDesc>
             <tagsDecl> </tagsDecl>
          </encodingDesc>
          <profileDesc>
             <correspDesc>
                <correspAction type="sending">
                   <persName ref="PersonList.xml#L_N_Tolstoy">Л. Н. Толстой</persName>
                   <placeName ref="PlacesListxml#PLACE">Я. П.</placeName>
                   <date when="1881-07-05">1881 г. Июля 5.</date>            </correspAction>
                <correspAction type="receiving">
                   <persName ref="PersonList.xml#RECEIVER">Толстая Софья Андреевна</persName>
                </correspAction>
                <correspContext>
                   <ref type="prev"></ref>
                </correspContext>
             </correspDesc>
          </profileDesc>
       </teiHeader>
       <xenoData><number type="in a volume">175</number></xenoData>

       <text xml:id="a5_175">
	<body><div>
		<opener index="false">
175.
1881 г. Июля 5. Я. П.</opener>
<p rend="left">Вчера все также у насъ благополучно, какъ и прежніе дни. Я пошелъ съ ружьемъ, а Илюша поѣхалъ по поѣзду въ Тулу, главное за пластыремъ Кост[антиновой] женѣ.<note xml:id="note1" resp="volume_editor" index="false"> У Н. И. Зябревой была грудница.</note> Я пришелъ въ 6 часовъ и засталъ Урусова.<note xml:id="note2" resp="volume_editor" index="false"> Кн. Леонид Дмитриевич Урусов (ум. 1885 г.), в 1876—1885 гг. был тульским вице-губернатором, друг Толстых, познакомился с ними в начале 1878 г. Перевел на французский язык статью Толстого «В чем моя вера?», изданную в Париже Фишбахером. Переводчик Марка Аврелия (с французского). Письма к нему Толстого впервые напечатаны в «Вестнике Европы», 1915, 2, стр. 5—23.</note> Онъ отложилъ свой отъѣздъ до воскресенья и пріѣхалъ къ намъ. — Только мы усѣлись, я поджидалъ Илюшу, какъ пріѣхйлъ Ушаковъ<note xml:id="note3" resp="volume_editor" index="false"> Сергей Петрович Ушаков (1828—1894), тульский губернатор в 1873— 1886 гг., впоследствии сенатор, тайный советник; первая жена Ушакова — Мария Александровна (1831—1878), вторая — Юлия Юльевна (1844—1879). В ГТМ хранятся три письма Толстого к Ушакову.</note> съ Валентиной.<note xml:id="note4" resp="volume_editor" index="false"> Дочь С. П. Ушакова Валентина Сергеевна Ушакова (р. 1862 г.), жена камергера Николая Николаевича Гордеева.</note> Таня занимала Валентину, а Урусовъ и Кузминскій помогали занимать Ушакова. Играли всѣ въ крокетъ. Ушаковы уѣхали въ 9 часовъ. Все было хорошо. Уру.<note xml:id="note5" resp="volume_editor" index="false"> Письмо не докончено.</note></p>
<comments><p rend="Textpetit_otstup left">Печатается по автографу, хранящемуся в АТБ. Впервые опубликовано по копии, сделанной С. А. Толстой, в ПЖ, стр. 132. Датируется на основании начального слова «Вчера» и упоминания в письме поездки Илюши за пластырем Константиновой жене, о чем идет речь в предшествующем письме, а также на основании дневниковой записи Толстого под 4 июля, где значится Ушаков.</p>
<p rend="Textpetit_otstup left"><hi>1</hi> У Н. И. Зябревой была грудница.</p>
<p rend="petit left"><hi>2</hi> Кн. Леонид Дмитриевич Урусов (ум. 1885 г.), в 1876—1885 гг. был тульским вице-губернатором, друг Толстых, познакомился с ними в начале 1878 г. Перевел на французский язык статью Толстого «В чем моя вера?», изданную в Париже Фишбахером. Переводчик Марка Аврелия (с французского). Письма к нему Толстого впервые напечатаны в «Вестнике Европы», 1915, 2, стр. 5—23.</p>
<p rend="petit left"><hi>3</hi> Сергей Петрович Ушаков (1828—1894), тульский губернатор в 1873— 1886 гг., впоследствии сенатор, тайный советник; первая жена Ушакова — Мария Александровна (1831—1878), вторая — Юлия Юльевна (1844—1879). В ГТМ хранятся три письма Толстого к Ушакову.</p>
<p rend="petit left"><hi>4</hi> Дочь С. П. Ушакова Валентина Сергеевна Ушакова (р. 1862 г.), жена камергера Николая Николаевича Гордеева.</p>
<p rend="petit left"><hi>5</hi> Письмо не докончено.</p>
</comments></div></body>
        </text>
        </TEI>