<?xml version="1.0" encoding="UTF-8"?>
    <!-- <?xml-stylesheet type="text/xsl" target="../resources/MJT/myletter.xsl"?> -->
    <?xml-stylesheet type="css" target="graves.css"?>
    <?xml-model target="http://www.tei-c.org/release/xml/tei/custom/schema/relaxng/tei_all.rng" type="application/xml" schematypens="http://relaxng.org/ns/structure/1.0"?>
    <?xml-model target="http://www.tei-c.org/release/xml/tei/custom/schema/relaxng/tei_all.rng" type="application/xml"
            schematypens="http://purl.oclc.org/dsdl/schematron"?>
    <TEI xmlns="http://www.tei-c.org/ns/1.0">
       <teiHeader>
          <fileDesc>
             <titleStmt>
                <title>Письмо №* 448. П. Е. Воробьеву.</title>
             </titleStmt>
             <publicationStmt>
                <publisher>TolstoyLab</publisher>
                <date when="2015-09-14">14 September 2015</date>
             </publicationStmt>
             <sourceDesc>
                <biblStruct>
                   <analytic>
                      <author>Толстой Л.Н.</author>
                   </analytic>
                   <monogr>
                      <title level="m">Полное собрание сочинений. Том 61</title>
                      <imprint>
                         <pubPlace>Москва</pubPlace>
                         <publisher>Государственное издательство "Художественная литература"</publisher>
                         <date when="1953"/>
                      </imprint>
                   </monogr>
                   <series>
                      <title level="s">Л.Н. Толстой. Полное собрание сочинений</title>
                      <biblScope unit="vol">61</biblScope>
                   </series>
                </biblStruct>
             </sourceDesc>
          </fileDesc>
          <encodingDesc>
             <tagsDecl> </tagsDecl>
          </encodingDesc>
          <profileDesc>
             <correspDesc>
                <correspAction type="sending">
                   <persName ref="PersonList.xml#L_N_Tolstoy">Л. Н. Толстой</persName>
                   <placeName ref="PlacesListxml#PLACE">Я. П.</placeName>
                   <date when="1861-06-28">1861 г. Июня 28.</date>            </correspAction>
                <correspAction type="receiving">
                   <persName ref="PersonList.xml#RECEIVER">Воробьев Петр Евстратович</persName>
                </correspAction>
                <correspContext>
                   <ref type="prev"></ref>
                </correspContext>
             </correspDesc>
          </profileDesc>
       </teiHeader>
       <xenoData><number type="in a volume">448</number></xenoData>

              <text xml:id="P__E__Vorobevu_448">
	<body><div>
		<opener index="false">
* 448. П. Е. Воробьеву.
1861 г. Июня 28. Я. П.
</opener>
<p rend="Obrashenie left">Петр Евстратьевич!</p>
<p rend="left">Посылаю тебе подписанные мною и братом 24 увольнительных акта на всех дворовых людей, опись дворовых осталась у Ауэрбаха — он уехал, и потому я их написал по памяти <hi style="opdelimiter">и</hi><hi style="opnumber">376</hi> <hi style="npnumber">377</hi><hi style="npdelimiter">кое-где</hi> оставил пробелы имен и годов. Прошу тебя с получением сего свезти эти акты для утверждения и засвидетельствования мировому посреднику, ежели же такового еще нет, то уездному предводителю. В случае ежели бы нашу с братом подпись признали незаконною, то прошу тебя от себя написать по имеющейся у тебя доверенности от покойного Ник[олая] Ник[олаевича]<note xml:id="note1" resp="volume_editor" index="false"> Николай Николаевич Толстой, старший брат Толстого, умерший 20 сентября 1860 г.</note> такие же акты и таким же порядком их утвердить. —</p>
<p rend="left">Посредник или уезд[ный] предводитель определит, сколько на какое семейство следует приплатить, и таковые деньги ты немедленно внеси. Людей же, нужных в хозяйственные должности, ты найми повольно или из посторонних, или из тех же.</p>
<p rend="left">Дома же дворовые объяви в продажу, деньги прошу тебя присылать мне все, исключая тех, которые, по твоим расчетам, тебе необходимы будут в хозяйстве.</p>
<p rend="left">Насчет продажи места постоялого двора торгуйся сам и мне только дай знать о том, сколько ты просишь и сколько тебе дают. Лядовский лес прошу тебя, наняв землемера, измерить, за исключением полян.</p>
<p rend="left">Во всем остальном поступай по своему усмотрению.</p>
<p rend="right">Граф Л. Толстой.</p>
<p rend="left">28 июня.</p>
<p rend="left">Ежели какие-нибудь из актов неправильно составлены, то исправленные пришли тотчас же ко мне для подписи, остальные же приводи в исполнение.</p>
<comments><p rend="Textpetit_otstup left">Датируется сопоставлением с заключением в Тульское губернское по крестьянским делам присутствие (т. 60, письмо № 301). См. также т. 60, письма №№ 218 и 219.</p>
<p rend="Textpetit_otstup left"><hi>1</hi> Николай Николаевич Толстой, старший брат Толстого, умерший 20 сентября 1860 г.</p>
</comments></div></body>
        </text>
        </TEI>