<?xml version="1.0" encoding="UTF-8"?>
    <!-- <?xml-stylesheet type="text/xsl" target="../resources/MJT/myletter.xsl"?> -->
    <?xml-stylesheet type="css" target="graves.css"?>
    <?xml-model target="http://www.tei-c.org/release/xml/tei/custom/schema/relaxng/tei_all.rng" type="application/xml" schematypens="http://relaxng.org/ns/structure/1.0"?>
    <?xml-model target="http://www.tei-c.org/release/xml/tei/custom/schema/relaxng/tei_all.rng" type="application/xml"
            schematypens="http://purl.oclc.org/dsdl/schematron"?>
    <TEI xmlns="http://www.tei-c.org/ns/1.0">
       <teiHeader>
          <fileDesc>
             <titleStmt>
                <title>Письмо №96. П. Д. Голохвастову.</title>
             </titleStmt>
             <publicationStmt>
                <publisher>TolstoyLab</publisher>
                <date when="2015-09-14">14 September 2015</date>
             </publicationStmt>
             <sourceDesc>
                <biblStruct>
                   <analytic>
                      <author>Толстой Л.Н.</author>
                   </analytic>
                   <monogr>
                      <title level="m">Полное собрание сочинений. Том 62</title>
                      <imprint>
                         <pubPlace>Москва</pubPlace>
                         <publisher>Государственное издательство "Художественная литература"</publisher>
                         <date when="1953"/>
                      </imprint>
                   </monogr>
                   <series>
                      <title level="s">Л.Н. Толстой. Полное собрание сочинений</title>
                      <biblScope unit="vol">62</biblScope>
                   </series>
                </biblStruct>
             </sourceDesc>
          </fileDesc>
          <encodingDesc>
             <tagsDecl> </tagsDecl>
          </encodingDesc>
          <profileDesc>
             <correspDesc>
                <correspAction type="sending">
                   <persName ref="PersonList.xml#L_N_Tolstoy">Л. Н. Толстой</persName>
                   <placeName ref="PlacesListxml#PLACE">Я. П.</placeName>
                   <date when="1874-08-15">1874 г. Августа 15.</date>            </correspAction>
                <correspAction type="receiving">
                   <persName ref="PersonList.xml#RECEIVER">Голохвастов Павел Дмитриевич</persName>
                </correspAction>
                <correspContext>
                   <ref type="prev"></ref>
                </correspContext>
             </correspDesc>
          </profileDesc>
       </teiHeader>
       <xenoData><number type="in a volume">96</number></xenoData>

              <text xml:id="P.D.Goloxvastovu_96">
	<body><div>
		<opener index="false">
96. П. Д. Голохвастову.
1874 г. Августа 15. Я. П.</opener>
<p rend="left">Случилось то, чего я боялся, любезный Павел Дмитрич, т. е. что мне не удалось приехать к Шатиловым к 15-му и воспользоваться вашим обществом там. Моя самарская поездка задержала меня, и я приеду в Маховое<note xml:id="note1" resp="volume_editor" index="false">Имение И. Н. Шатилова Новосильского уезда Тульской губ. Летом 1874 г. Толстой в Моховое не ездил.</note> после. Жена просит передать Ольге Андреевне свою великую благодарность за ее хлопоты о гувернантке и надежду на то, что вы не раздумали сделать нам это великое удовольствие побывать у нас. Говоря по-французски, мы делаем себе из этого праздник и рассчитываем увидеть вас в 20 числах. Телеграфировать нам, если вы не успеете написать, чтобы выслать коляску, можно в Ясенки. Приезд к нам может быть по курьерскому в Тулу в 12 часов дня и по почтовому, который приходит в Ясенки в 11 часов вечера. Для нас оба одинаково удобны. Выбирайте, какой для вас удобнее.</p>
<p rend="left">Коректуры мои,<note xml:id="note2" resp="volume_editor" index="false">Корректуры «Анны Карениной». См. прим. 4 к письму № 78.</note> как они мне ни постылы, теперь к вашим услугам.</p>
<p rend="left">Передайте наш поклон Ольге Андреевне и благодарность.</p>
<p rend="right">Ваш Л. Толстой.</p>
<p rend="left">15 августа.</p>
<comments><p rend="Textpetit_otstup left">О первой публикации см. стр. 3. Год определяется сопоставлением с письмом № 85.</p>
<p rend="Textpetit_otstup left"><hi>1 </hi>Имение И. Н. Шатилова Новосильского уезда Тульской губ. Летом 1874 г. Толстой в Моховое не ездил.</p>
<p rend="petit left"><hi>2 </hi>Корректуры «Анны Карениной». См. прим. 4 к письму № 78.</p>
</comments></div></body>
        </text>
        </TEI>