<?xml version="1.0" encoding="UTF-8"?>
    <!-- <?xml-stylesheet type="text/xsl" target="../resources/MJT/myletter.xsl"?> -->
    <?xml-stylesheet type="css" target="graves.css"?>
    <?xml-model target="http://www.tei-c.org/release/xml/tei/custom/schema/relaxng/tei_all.rng" type="application/xml" schematypens="http://relaxng.org/ns/structure/1.0"?>
    <?xml-model target="http://www.tei-c.org/release/xml/tei/custom/schema/relaxng/tei_all.rng" type="application/xml"
            schematypens="http://purl.oclc.org/dsdl/schematron"?>
    <TEI xmlns="http://www.tei-c.org/ns/1.0">
       <teiHeader>
          <fileDesc>
             <titleStmt>
                <title>Письмо №351. С. А. Толстой</title>
             </titleStmt>
             <publicationStmt>
                <publisher>TolstoyLab</publisher>
                <date when="2015-09-14">14 September 2015</date>
             </publicationStmt>
             <sourceDesc>
                <biblStruct>
                   <analytic>
                      <author>Толстой Л.Н.</author>
                   </analytic>
                   <monogr>
                      <title level="m">Полное собрание сочинений. Том 83</title>
                      <imprint>
                         <pubPlace>Москва</pubPlace>
                         <publisher>Государственное издательство "Художественная литература"</publisher>
                         <date when="1938"/>
                      </imprint>
                   </monogr>
                   <series>
                      <title level="s">Л.Н. Толстой. Полное собрание сочинений</title>
                      <biblScope unit="vol">83</biblScope>
                   </series>
                </biblStruct>
             </sourceDesc>
          </fileDesc>
          <encodingDesc>
             <tagsDecl> </tagsDecl>
          </encodingDesc>
          <profileDesc>
             <correspDesc>
                <correspAction type="sending">
                   <persName ref="PersonList.xml#L_N_Tolstoy">Л. Н. Толстой</persName>
                   <placeName ref="PlacesListxml#PLACE">Обольяново.</placeName>
                   <date when="1885-12-27">1885 г. Декабря 27.</date>            </correspAction>
                <correspAction type="receiving">
                   <persName ref="PersonList.xml#RECEIVER">Толстая Софья Андреевна</persName>
                </correspAction>
                <correspContext>
                   <ref type="prev"></ref>
                </correspContext>
             </correspDesc>
          </profileDesc>
       </teiHeader>
       <xenoData><number type="in a volume">351</number></xenoData>

       <text xml:id="a27_351">
	<body><div>
		<opener index="false">
351.
1885 г. Декабря 27. Обольяново.</opener>
<p rend="left">Пишу, милый другъ, на всякій случай, т. е. если бы меня задержало что-нибудь, т[акъ] к[акъ] я завтра, въ субботу, хотѣлъ ѣхать въ Москву. Могу я не поѣхать отъ погоды, отъ дурной ночи; а еще причина та, чтобы Лелины книжки не разъѣхались съ нимъ и я бы получилъ отъ тебя извѣстія.</p>
<p rend="left">Давно, со времени отъѣзда Тани и послѣ твоего больнаго послѣдняго письма,<note xml:id="note1" resp="volume_editor" index="false"> От 24 декабря; в нем С. А. Толстая писала: «Вчера у меня страшно болела голова; сегодня сидит еще эта невралгическая боль, но уже легче. Кажется, не будет ничего кроме суточной мигрени или вроде того» (стр. 354).</note> ничего о тебѣ не знаю. Я же съ дня рожества, могу сказать, что чувствую себя лучше и лучше; главное нравственно. Они ѣздили кататься, а я ходилъ по дорогамъ, гулялъ и думалъ, и каялся, и молился Богу. Не для успокоенія тебя говорю, а искренно я понялъ, какъ я много виноватъ, и какъ только я понялъ это и особенно выдернулъ изъ души всякія выдуманныя укоризны и возстановилъ любовь и къ тебѣ и къ Сережѣ, такъ мнѣ стало хорошо, и будетъ хорошо независимо отъ всѣхъ внѣшнихъ условій. — Писать я такъ и не писалъ. Жизнь здѣсь все та же тихая, чистая и добрая. Нынче, сейчасъ, были ряженныя, и всѣ и Сер[ежа],<note xml:id="note2" resp="volume_editor" index="false"> C. Л. Толстой приехал 24 декабря к Олсуфьевым в Никольское-Обольяново.</note> и Треск[инъ],<note xml:id="note3" resp="volume_editor" index="false"> Владимир Владимирович Трескин.</note> и Лиза наряженные ходили къ свящ[еннику]. То-то Таня бы потащила,<note xml:id="note4" resp="volume_editor" index="false"> «Изречение, которое употреблялось у нас при очень возбужденном состоянии кого-нибудь» (н. п. С. А.). Т. Л. Толстая 26 декабря уехала от Олсуфьевых.</note> я о ней жалѣлъ. Цѣлую, любя, тебя и дѣтей.</p>
<lb/>
<p rend="left"><hi>На конверте:</hi> Москва. Долгохамовническій переулокъ. № 15. Графинѣ Софьѣ Андревнѣ <hi style="opdelimiter">Толстой.</hi><hi style="opnumber">556</hi></p>
<comments><p rend="Textpetit_otstup left"><hi style="npnumber">557</hi><hi style="npdelimiter">Печатается</hi> по автографу, хранящемуся в АТБ. Впервые опубликовано по копии, сделанной С. А. Толстой, в ПЖ, стр. 289. Датируется на основании почтовых штемпелей: «Солнечно гор. почт. ст. Моск. губ. 29 декабря. 1885; Москва. 29 декабря. 1885» и слов письма: «завтра, в субботу», которая падала на 28 декабря 1885 г.</p>
<p rend="Textpetit_otstup left"><hi>1</hi> От 24 декабря; в нем С. А. Толстая писала: «Вчера у меня страшно болела голова; сегодня сидит еще эта невралгическая боль, но уже легче. Кажется, не будет ничего кроме суточной мигрени или вроде того» (стр. 354).</p>
<p rend="petit left"><hi>2</hi> C. Л. Толстой приехал 24 декабря к Олсуфьевым в Никольское-Обольяново.</p>
<p rend="petit left"><hi>3</hi> Владимир Владимирович Трескин.</p>
<p rend="petit left"><hi>4</hi> «Изречение, которое употреблялось у нас при очень возбужденном состоянии кого-нибудь» (н. п. С. А.). Т. Л. Толстая 26 декабря уехала от Олсуфьевых.</p>
</comments></div></body>
        </text>
        </TEI>