<?xml version="1.0" encoding="UTF-8"?>
    <!-- <?xml-stylesheet type="text/xsl" target="../resources/MJT/myletter.xsl"?> -->
    <?xml-stylesheet type="css" target="graves.css"?>
    <?xml-model target="http://www.tei-c.org/release/xml/tei/custom/schema/relaxng/tei_all.rng" type="application/xml" schematypens="http://relaxng.org/ns/structure/1.0"?>
    <?xml-model target="http://www.tei-c.org/release/xml/tei/custom/schema/relaxng/tei_all.rng" type="application/xml"
            schematypens="http://purl.oclc.org/dsdl/schematron"?>
    <TEI xmlns="http://www.tei-c.org/ns/1.0">
       <teiHeader>
          <fileDesc>
             <titleStmt>
                <title>Письмо №277. П. И. Бартеневу.</title>
             </titleStmt>
             <publicationStmt>
                <publisher>TolstoyLab</publisher>
                <date when="2015-09-14">14 September 2015</date>
             </publicationStmt>
             <sourceDesc>
                <biblStruct>
                   <analytic>
                      <author>Толстой Л.Н.</author>
                   </analytic>
                   <monogr>
                      <title level="m">Полное собрание сочинений. Том 61</title>
                      <imprint>
                         <pubPlace>Москва</pubPlace>
                         <publisher>Государственное издательство "Художественная литература"</publisher>
                         <date when="1953"/>
                      </imprint>
                   </monogr>
                   <series>
                      <title level="s">Л.Н. Толстой. Полное собрание сочинений</title>
                      <biblScope unit="vol">61</biblScope>
                   </series>
                </biblStruct>
				<bibl>Впервые опубликовано, с датой: «1869. Февраля 1—3», в ТТ, 4, стр. 6—7. Датируется упоминанием о болезни детей.</bibl>
             </sourceDesc>
          </fileDesc>
          <encodingDesc>
             <tagsDecl> </tagsDecl>
          </encodingDesc>
          <profileDesc>
             <correspDesc>
                <correspAction type="sending">
                   <persName ref="PersonList.xml#L_N_Tolstoy">Л. Н. Толстой</persName>
                   <placeName ref="PlacesListxml#PLACE">Я. П.</placeName>
                   <date when="1869-01-29">1869 г. Января 29.</date>            </correspAction>
                <correspAction type="receiving">
                   <persName ref="PersonList.xml#RECEIVER">Бартенев Петр Иванович</persName>
                </correspAction>
                <correspContext>
                   <ref type="prev"></ref>
                </correspContext>
             </correspDesc>
          </profileDesc>
       </teiHeader>
       <xenoData><number type="in a volume">277</number></xenoData>

              <text xml:id="P__I__Bartenevu_277">
	<body><div>
		<opener index="false">
277. П. И. Бартеневу.
1869 г. Января 29...31. Я. П.</opener>
<p rend="left">Дело мое плохо, любезный Петр Иваныч. Несмотря на все усилия, не могу ни на шаг подвинуть вперед работу — что досаднее всего — почти конченную. Дети все трое в скарлатине, жена уже не может помогать мне, и сам я 2-ю неделю переламываюсь от нездоровья. Досаднее всего то, что мне нужно два часа хорошего расположения для того, чтобы поправить одно место, и тогда более 22-х листов готовы на 5 том, но этих двух часов нет, а закончить 5-й том тем, что я вам послал, кажется, не годится. Напишите мне, как вы думаете, если вы прочли всё, да велите мне прислать эти последние коректуры в поправленном виде с И. И. Орловым. —</p>
<p rend="right">Весь ваш Л. Толстой.</p>
<comments><p rend="Textpetit_otstup left">Впервые опубликовано, с датой: «1869. Февраля 1—3», в ТТ, 4, стр. 6—7. Датируется упоминанием о болезни детей.</p>
<p rend="petit left">Письмо передано П. И. Бартеневу И. И. Орловым вместе с запиской, в которой Орлов писал: «...Рис недоумевает, сколько листов последней корректуры требует Лев Николаевич. Вы это лучше знаете и дайте знать Рису об этом сегодня же. Льву Николаевичу это очень нужно и обещает возвратить через 2 дня...»</p>
<p rend="left"><hi style="opnumber">211</hi> <hi style="npnumber">212</hi></p>
</comments></div></body>
        </text>
        </TEI>