<?xml version="1.0" encoding="UTF-8"?>
    <!-- <?xml-stylesheet type="text/xsl" target="../resources/MJT/myletter.xsl"?> -->
    <?xml-stylesheet type="css" target="graves.css"?>
    <?xml-model target="http://www.tei-c.org/release/xml/tei/custom/schema/relaxng/tei_all.rng" type="application/xml" schematypens="http://relaxng.org/ns/structure/1.0"?>
    <?xml-model target="http://www.tei-c.org/release/xml/tei/custom/schema/relaxng/tei_all.rng" type="application/xml"
            schematypens="http://purl.oclc.org/dsdl/schematron"?>
    <TEI xmlns="http://www.tei-c.org/ns/1.0">
       <teiHeader>
          <fileDesc>
             <titleStmt>
                <title>Письмо №50. С. А. Толстой</title>
             </titleStmt>
             <publicationStmt>
                <publisher>TolstoyLab</publisher>
                <date when="2015-09-14">14 September 2015</date>
             </publicationStmt>
             <sourceDesc>
                <biblStruct>
                   <analytic>
                      <author>Толстой Л.Н.</author>
                   </analytic>
                   <monogr>
                      <title level="m">Полное собрание сочинений. Том 83</title>
                      <imprint>
                         <pubPlace>Москва</pubPlace>
                         <publisher>Государственное издательство "Художественная литература"</publisher>
                         <date when="1938"/>
                      </imprint>
                   </monogr>
                   <series>
                      <title level="s">Л.Н. Толстой. Полное собрание сочинений</title>
                      <biblScope unit="vol">83</biblScope>
                   </series>
                </biblStruct>
				<bibl>Печатается по автографу, хранящемуся в АТБ. Впервые опубликовано по копии, сделанной С. А. Толстой, в ПЖ, стр. 49. Датируется на основании слов: «Видел, как Дьяковская шаталась и собиралась умирать», стоящих в непосредственной связи с текстом предшествующей записки. Приурочиваем к этому письму конверт с надписью рукой Толстого: «Ея Сіятельству Графинѣ Софьѣ Андревнѣ Толстой. На станцію <hi>Ясенки</hi>», штемпель: «Чернь. 1856 г. Авг. 12», принимая во внимание, что в штемпеле набор цыфр неправилен (в 1856 г. Толстой не был женат) и считая, что 1856 было набрано неправильно вместо 1866 г. В ПЖ письмо отнесено к 1865 г.</bibl>
             </sourceDesc>
          </fileDesc>
          <encodingDesc>
             <tagsDecl> </tagsDecl>
          </encodingDesc>
          <profileDesc>
             <correspDesc>
                <correspAction type="sending">
                   <persName ref="PersonList.xml#L_N_Tolstoy">Л. Н. Толстой</persName>
                   <placeName ref="PlacesListxml#PLACE">Чернь.</placeName>
                   <date when="1866-08-12">1866 г. Август 12.</date>            </correspAction>
                <correspAction type="receiving">
                   <persName ref="PersonList.xml#RECEIVER">Толстая Софья Андреевна</persName>
                </correspAction>
                <correspContext>
                   <ref type="prev"></ref>
                </correspContext>
             </correspDesc>
          </profileDesc>
       </teiHeader>
       <xenoData><number type="in a volume">50</number></xenoData>

       <text xml:id="a12_50">
	<body><div>
		<opener index="false">
50.
1866 г. Август 12. Чернь.</opener>
<p rend="left">Пріѣхалъ во 2-мъ часу въ Чернь<note xml:id="note1" resp="volume_editor" index="false"> В 36 верстах от Сергиевского, откуда ехал Толстой.</note> на парѣ. Видѣлъ, какъ Дьяковская шаталась и собиралась умирать, и ужасно жалко. —</p>
<p rend="left">Сейчасъ встрѣтилъ гусарскаго стараго офицера,<note xml:id="note2" resp="volume_editor" index="false"> Кто это, неизвестно. Ротмистр Денисов — действующее лицо в романе «Война и мир».</note> Ваську Денисова нынѣшняго вѣка, — плохъ. Гусаръ съ маленькимъ оттѣнкомъ нигилизма. Нынче буду ночевать у Маши;<note xml:id="note3" resp="volume_editor" index="false"> У М. Н. Толстой в ее имении Покровском, находившемся в 7—8 верстах от Черни Тульской губернии.</note> завтра, ежели Богъ милос[тивъ], рано поѣду въ Николь[ское] и къ завтраку къ Дьяковымъ.<note xml:id="note4" resp="volume_editor" index="false"> В имение Черемошню, в 16—17 верстах от Никольского-Вяземского. С. А. Толстая писала 12 августа: «Где ты провел нынешнюю ночь, был сильный дождь, уж не в дороге ли? Я никак не соображу до сих пор твой маршрут. Должно быть нынче ты у Дьяковых» (не <hi style="opdelimiter">опубликовано).</hi><hi style="opnumber">111</hi></note></p>
<p rend="left">Тамъ переночую; но во всякомъ случаѣ не раньше понедѣльника<note xml:id="note5" resp="volume_editor" index="false"> 15 августа. В письмах того времени С. А. Толстая ошибалась в отношении дней недели: письмо от 11 августа она ошибочно надписала пятницей, а писанное на другой день — субботой; на самом деле 11 число падало на четверг, 12 — на пятницу.</note> буду дома.</p>
<p rend="left">Прощай, душа моя. Цѣлую тебя и дѣтей. —</p>
<comments><p rend="Textpetit_otstup left">Печатается по автографу, хранящемуся в АТБ. Впервые опубликовано по копии, сделанной С. А. Толстой, в ПЖ, стр. 49. Датируется на основании слов: «Видел, как Дьяковская шаталась и собиралась умирать», стоящих в непосредственной связи с текстом предшествующей записки. Приурочиваем к этому письму конверт с надписью рукой Толстого: «Ея Сіятельству Графинѣ Софьѣ Андревнѣ Толстой. На станцію <hi>Ясенки</hi>», штемпель: «Чернь. 1856 г. Авг. 12», принимая во внимание, что в штемпеле набор цыфр неправилен (в 1856 г. Толстой не был женат) и считая, что 1856 было набрано неправильно вместо 1866 г. В ПЖ письмо отнесено к 1865 г.</p>
<p rend="Textpetit_otstup left"><hi>1</hi> В 36 верстах от Сергиевского, откуда ехал Толстой.</p>
<p rend="petit left"><hi>2</hi> Кто это, неизвестно. Ротмистр Денисов — действующее лицо в романе «Война и мир».</p>
<p rend="petit left"><hi>3</hi> У М. Н. Толстой в ее имении Покровском, находившемся в 7—8 верстах от Черни Тульской губернии.</p>
<p rend="petit left"><hi>4</hi> В имение Черемошню, в 16—17 верстах от Никольского-Вяземского. С. А. Толстая писала 12 августа: «Где ты провел нынешнюю ночь, был сильный дождь, уж не в дороге ли? Я никак не соображу до сих пор твой маршрут. Должно быть нынче ты у Дьяковых» (не <hi style="opdelimiter">опубликовано).</hi><hi style="opnumber">111</hi></p>
<p rend="petit left"><hi>5</hi> 15 августа. В письмах того времени С. А. Толстая ошибалась в отношении дней недели: письмо от 11 августа она ошибочно надписала пятницей, а писанное на другой день — субботой; на самом деле 11 число падало на четверг, 12 — на пятницу.</p>
</comments></div></body>
        </text>
        </TEI>