<?xml version="1.0" encoding="UTF-8"?>
    <!-- <?xml-stylesheet type="text/xsl" target="../resources/MJT/myletter.xsl"?> -->
    <?xml-stylesheet type="css" target="graves.css"?>
    <?xml-model target="http://www.tei-c.org/release/xml/tei/custom/schema/relaxng/tei_all.rng" type="application/xml" schematypens="http://relaxng.org/ns/structure/1.0"?>
    <?xml-model target="http://www.tei-c.org/release/xml/tei/custom/schema/relaxng/tei_all.rng" type="application/xml"
            schematypens="http://purl.oclc.org/dsdl/schematron"?>
    <TEI xmlns="http://www.tei-c.org/ns/1.0">
       <teiHeader>
          <fileDesc>
             <titleStmt>
                <title>Письмо №97. С. А. Толстой</title>
             </titleStmt>
             <publicationStmt>
                <publisher>TolstoyLab</publisher>
                <date when="2015-09-14">14 September 2015</date>
             </publicationStmt>
             <sourceDesc>
                <biblStruct>
                   <analytic>
                      <author>Толстой Л.Н.</author>
                   </analytic>
                   <monogr>
                      <title level="m">Полное собрание сочинений. Том 83</title>
                      <imprint>
                         <pubPlace>Москва</pubPlace>
                         <publisher>Государственное издательство "Художественная литература"</publisher>
                         <date when="1938"/>
                      </imprint>
                   </monogr>
                   <series>
                      <title level="s">Л.Н. Толстой. Полное собрание сочинений</title>
                      <biblScope unit="vol">83</biblScope>
                   </series>
                </biblStruct>
				<bibl>Печатается по автографу, хранящемуся в АТБ. Впервые отрывок из письма опубликован в Б, II, 1908, стр. 176; полностью по копии, сделанной С. А. Толстой, в ПЖ, стр. 92—95, причем приписка напечатана как отдельное письмо.</bibl>
             </sourceDesc>
          </fileDesc>
          <encodingDesc>
             <tagsDecl> </tagsDecl>
          </encodingDesc>
          <profileDesc>
             <correspDesc>
                <correspAction type="sending">
                   <persName ref="PersonList.xml#L_N_Tolstoy">Л. Н. Толстой</persName>
                   <placeName ref="PlacesListxml#PLACE">Каралык.</placeName>
                   <date from="1871-07-16" to="1871-07-17">1871 г. Июля 16 — 17</date>            </correspAction>
                <correspAction type="receiving">
                   <persName ref="PersonList.xml#RECEIVER">Толстая Софья Андреевна</persName>
                </correspAction>
                <correspContext>
                   <ref type="prev"></ref>
                </correspContext>
             </correspDesc>
          </profileDesc>
       </teiHeader>
       <xenoData><number type="in a volume">97</number></xenoData>

       <text xml:id="a16-17_97">
	<body><div>
		<opener index="false">
97.
1871 г. Июля 16—17. Каралык.
</opener><p rend="left">Давно я тебѣ не писалъ, милый другъ. Виноватъ немного я, но больше судьба. Я пропустилъ одинъ случай писать, и съ тѣхъ поръ каждый день мнѣ обѣщаютъ: «вотъ поѣдетъ, вотъ поѣдетъ», и я все откладывалъ, 5 дней, но теперь ужъ не могу болѣе терпѣть и посылаю нарочнаго. Послѣднее письмо я писалъ тебѣ, кажется, 10-го или 9-го передъ отъѣздомъ. Мы действительно поѣхали; т[акъ] н[азываемый] Костинька,<note xml:id="note1" resp="volume_editor" index="false"> Муромский помещик.</note> Баронъ Бистромъ, юноша, нѣмчикъ, только что кончившій курсъ въ лицеѣ съ медалью, Степа и я, на парѣ лошадей, въ корзинкѣ плетеной (здѣсь всѣ такъ ѣздятъ), безъ проводника и кучера. Мы сами не знали, куда мы ѣдемъ, и по дорогѣ у встрѣчныхъ спрашивали: не знаютъ ли они, куда мы ѣдемъ? Мы ѣхали собственно кататься по тѣмъ мѣстамъ, гдѣ есть кумысъ, и стрѣлять, имѣя только смутное понятіе о какомъ-то Иргизѣ,<note xml:id="note2" resp="volume_editor" index="false"> Большой Иргиз — река, впадающая в Волгу; притоком ее является Каралык.</note> Камеликѣ.<note xml:id="note3" resp="volume_editor" index="false"> Камелик — левый приток Б. Иргиза, южнее Каралыка.</note> Поѣздка наша продолжалась 4 дня и удалась прекрасно. Дичи пропасть, дѣвать некуда — утокъ и ѣсть не кому, и Башкиры, и мѣста, гдѣ мы были, и товарищи наши были прекрасные.</p>
<p rend="left">Меня, благодаря моему графскому титулу и прежнему моему знакомству съ Сталыпинымъ,<note xml:id="note4" resp="volume_editor" index="false"> Аркадий Дмитриевич Столыпин (1821—1899), генерал; занимался литературой и музыкой. Отец премьера Столыпина. Давнишний приятель Толстого, который был с ним на «ты»; были вместе участниками Севастопольской кампании. Толстой встретился с ним во время своего пребывания на кумысе в 1862 г., когда Столыпин служил атаманом в Уральске.</note> здѣсь всѣ Башкиры знаютъ и очень уважаютъ. Принимали насъ вездѣ съ <hi style="opdelimiter">гостепріимствомъ,</hi><hi style="opnumber">198</hi> <hi style="npnumber">199</hi><hi style="npdelimiter">которое</hi> трудно описать. Куда пріѣзжаешь, хозяинъ закалываетъ жирнаго курдюцкаго барана, становитъ огромную кадку кумысу, стелитъ ковры и подушки на полу, сажаетъ на нихъ гостей и не выпускаетъ, пока не съѣдятъ его барана и не выпьютъ его кумысъ. Изъ рукъ поитъ гостей и руками (безъ вилки) въ ротъ кладетъ гостямъ баранину и жиръ, и нельзя его обидѣть. —</p>
<p rend="left">Много было смѣшнаго. Мы съ Костинькой пили и ѣли съ удовольствіемъ, и это намъ очевидно было въ пользу, но Степа и Баронъ были смѣшны и жалки, особенно Баронъ. Ему хотѣлось не отставать, и онъ пилъ, но подъ конецъ его вырвало на ковры, и потомъ, когда мы на обратномъ пути намекнули, не заѣхать ли опять къ гостепріимному Башкиру, такъ онъ чуть не со слезами сталъ просить, чтобы не ѣздить. Изъ этаго ты можешь видѣть, что здоровье мое хорошо. Немножко болѣлъ бокъ это время; но слабо, и теперь совсѣмъ прошелъ. Главное то, что тоски помину нѣтъ, и что я теперь впился въ кумысъ и вошелъ въ настоящее кумысное состояніе, т. е. съ утра до вечера немного пьянъ кумысомъ, и иногда цѣлые дни ничего не ѣмъ или чуть-чуть. Погода здѣсь чудная. Во время поѣздки былъ дождь; но теперь три дня жара ужасная, но мнѣ пріятная. Степа теперь ужъ не скучаетъ, и, кажется, потолстѣлъ и возмужалъ. Многихъ бы я привезъ сюда. Тебя, Сережу, Ганну. Какъ меня мучаетъ ея болѣзнь.<note xml:id="note5" resp="volume_editor" index="false"> С. А. Толстая писала в своем письме от 30 июня: «У нас Ханна всё хворает, из комнаты не выходит, всё зубы и лихорадочное состояние. Нынче не было лихорадки, и ей лучше, но она всё-таки плоха» (стр. 107).</note> Избави Богъ, какъ она разболится, какъ лѣтось. Съ тѣхъ поръ, какъ ты мнѣ написала о Бибиковѣ,<note xml:id="note6" resp="volume_editor" index="false"> 1 июля С. А. Толстая писала: «К тебе собирается на кумыс Александр Николаевич Бибиков».</note> я каждый день смотрю по дорогѣ и жду его. Если бы онъ пріѣхалъ, я бы былъ очень счастливъ и угостилъ бы его всѣмъ тѣмъ, что онъ любитъ, и навѣрно предпринялъ бы поѣздку въ Уфу (все по Башкирамъ), 400 верстъ, и оттуда уже прямо бы вернулся на пароходѣ по рѣкѣ Бѣлой въ Каму и изъ Камы въ Волгу. Теперь я этой поѣздки, хотя и мечтаю о ней, почти навѣрно не сдѣлаю. Боюсь, что она задержитъ меня хоть на день пріѣздомъ домой. Съ каждымъ днемъ, что я врозь отъ тебя, я все сильнѣе, и тревожнѣе, и страстнѣе думаю о тебѣ, и все тяжеле мнѣ. Про это нельзя говорить. Теперь остается 16 дней. Поѣздка же въ Уфу интересна мнѣ потому, что дорога туда идетъ по одному изъ самыхъ глухихъ и благодатнѣйшихъ краевъ Россіи. Можешь себѣ представить, что тамъ земля, въ которой лѣса, степи, рѣки, вездѣ ключи, и земля нетронутый ковыль съ сотворенія міра, <hi style="opdelimiter">родящая</hi><hi style="opnumber">199</hi> <hi style="npnumber">200</hi><hi style="npdelimiter">лучшую</hi> пшеницу, и земля только въ 100 верстахъ отъ пароходнаго пути продается Башкирцами по 3 р[убля] за дес[ятину]. Ежели не купить, то мнѣ хотѣлось очень посмотрѣть эту землю. Дѣло о покупкѣ здѣшней земли не подвигается. Я написалъ Сашѣ<note xml:id="note7" resp="volume_editor" index="false"> Александру Андреевичу Берсу.</note> въ Петербургъ, чтобъ онъ торговалъ у Тучкова, и здѣшнему повѣренному Тучкова въ Самару, но ни отъ того, ни отъ другаго не получалъ отвѣта. Стороной до меня дошли слухи, что хотятъ теперь просить дороже 7 р[ублей]. Если такъ, то я не куплю. Ты знаешь, я во всемъ предоставляю рѣшеніе судьбѣ. Такъ и въ этомъ.</p>
<p rend="left">Послѣ моего послѣдняго письма, я получилъ еще два письма отъ тебя.<note xml:id="note8" resp="volume_editor" index="false"> Письма от 30 июня и 1 июля 1871 г.</note> Хотѣлъ написать, душенька, пиши чаще и больше; но на это мое письмо едва ли ты успѣешь отвѣтить мнѣ иначе, какъ въ Нижній. Письма твои, однако, мнѣ ужъ вѣроятно вреднѣе всѣхъ Грековъ тѣмъ волненіемъ, к[оторое] они во мнѣ дѣлаютъ. Тѣмъ болѣе, что я ихъ получаю вдругъ. Я не могу ихъ читать безъ слезъ, и весь дрожу, и сердце бьется. И ты пишешь, что придетъ въ голову; a мнѣ <hi>каждое слово</hi> значительно, и всѣ ихъ перечитываю. Два извѣстія твои очень грустны: это то, что я не увижу мама,<note xml:id="note9" resp="volume_editor" index="false"> См. прим. 8 к письму № 96.</note> если не поѣду къ Лизѣ и не увезу ее опять къ намъ, что я намѣренъ сдѣлать, и главное, что милый другъ Таня угрожаетъ уѣхать до меня.<note xml:id="note10" resp="volume_editor" index="false"> Т. А. Кузминская собиралась ехать к мужу в Кутаис.</note> Это было бы очень грустно. Что ты не пишешь о Тет[енькѣ] Тат[ьянѣ] Ал[ександровне]. Получилъ я еще по письму отъ Урусова и Фета и буду имъ отвѣчать.<note xml:id="note11" resp="volume_editor" index="false"> Фет писал Толстому в Самарскую губернию. «.....Пустите в жизнь офицерского (самый скверный) — обломовского, помещичьего, дружеского, какого хотите соку. Но пустите его непременно...... А вот писать до трепету свечей в глазах и выучиться в полгода по Гречески и так всю жизнь —это несколько вредно» (не датировано; хранится письмо в <hi style="opdelimiter">АТБ).</hi><hi style="opnumber">201</hi> <hi style="npnumber">202</hi><hi style="npdelimiter">Урусов</hi> писал 27 июня: «Убедительнейше прошу вас бросить на время греческий язык, ни к чему не ведущий. Читайте вы святых отцов и в особенности великие творения Оригена и Златоуста, — я бы ничего не сказал; это могло бы вас успокоить и вознести на небо. Но ведь переноситесь не на небо, а так сказать в преисподнюю землю, в тот развратный век, когда мальчики и мущины делались женщинами.... Вам испортило это чтение физическое здоровье, но, бог даст, кумыс вас исправит: как исправите вы душевные болезни?» (хранится письмо в АТБ). Толстой ответил Фету 18 июля. См. т. 61 и Фет, «Мои воспоминания», т. II, стр. 236. Писем Толстого к Урусову за 1871 г. не сохранилось.</note> На письмо Офенберга<note xml:id="note12" resp="volume_editor" index="false"> В письме от 1 июля С. А. Толстая писала: «Прилагаю письмо Оффенберга. Ты ему напиши сам». Письмо Оффенберга Толстому не сохранилось.</note> я все не рѣшилъ, что отвѣчать; но и торопиться не къ чему, такъ какъ адресъ его въ Варшаву только до 18. Я хочу однако отвѣчать ему слѣдующее: предложить ему 90 000, к[оторыя] онъ проситъ, но съ разсрочкой, безъ процентовъ, на 2<hi>1</hi>/<sub>2</sub>, три года, по 30 тысячъ.</p>
<p rend="left">Поцѣлуй очень Лизу<note xml:id="note14" resp="volume_editor" index="false"> Е. В. Оболенская; она жила в то время в Ясной поляне. В АТБ сохранилось ее письмо Толстому на кумыс от 24 июня 1871 г. Письмо подробное, на двух почтовых листах; начинается со слов: «Соня просила меня, милый Левочка, написать тебе, и я с величайшим удовольствием исполняю это. Она говорит, что чем больше ты будешь получать писем, тем долее ты пробудешь в Самаре, а я так рада содействовать ей в этом».</note> милую и за тебя, и за меня, и чтобъ она не сердилась, если я не успѣю въ этомъ жару и хмѣлю постоянномъ отвѣчать на ея письмо, кот[орое] доставило мнѣ огромное удовольствіе. — Цѣлуй всѣхъ, даже Дмитр[ія] Алекс[ѣевича],<note xml:id="note15" resp="volume_editor" index="false"> Д. А. Дьяков. В письме от 28 июня С. А. Толстая писала: «В пятницу к обеду приехал к нам Дьяков с Машей. Он всё проповедывал о принципах супружества и упрекал мне и Тане, что мы расстались с мужьями на два месяца. Меня он не смутил: для меня это слишком серьезный вопрос, и слишком больно мне было решиться на это, чтоб вопрос этот слегка обсуживать с Дьяковым. Если мы оба решились, то, стало быть, это так надо было. Но всё-таки Дьяков меня немного расстроил, и мне было неприятно.... Дмитрий Алексеевич обещал и Машу с Софеш привезть к нам». (ПСТ, стр. 104.)</note> если онъ у васъ съ своими, и несмотря на то, что онъ тебя и Таню дразнитъ. Таню успокой. Если мужъ хорошій, а ея мужъ хорошій, то отъ разлуки необходимой, — ничего не будетъ, кромѣ того, что больше оцѣнитъ и сильнѣе полюбитъ, и найдетъ маленькая влюбленная грусть, к[оторая] женѣ должна быть пріятна. Отъ невѣрности же въ разлукѣ <hi style="opdelimiter">дальше</hi><hi style="opnumber">200</hi> <hi style="npnumber">201</hi><hi style="npdelimiter">гораздо,</hi> чѣмъ когда вмѣстѣ; потому что въ разлукѣ есть въ душѣ идеалъ <hi>своей</hi>, съ кот[орымъ] ничто не можетъ сравниться. Это все и къ тебѣ относится. Чтобы Варя<note xml:id="note16" resp="volume_editor" index="false"> В. В. Толстая.</note> написала. Мы зато съ Степой разсказывать много будемъ. Радуюсь, что pas-de-géants<note xml:id="note17" resp="volume_editor" index="false"> В письме от 30 июня С. А. Толстая писала: «Вчера в первый раз все и большие, и маленькие бегали с азартом на pas-de-géant. Поставили хорошо, только дурно, что очень столб качается. Лиза, я, Таня и Леонид, мы бегали все вместе до того, что потом никто двинуться не мог. Я после телеграммы [от Толстого из Бузулука] не только на pas-de-géant, а кажется, на небеса бы взлетела». (ПСТ, стр. 107.)</note> стоятъ, но самъ живо представить себѣ не могу, какъ это у васъ идетъ. Представляю только, какъ Илья падаетъ.</p>
<p rend="left">Ахъ, только дай Богъ, чтобы безъ меня все также хорошо было до конца, какъ по послѣднимъ письмамъ. Прощай, милый голубчикъ, обнимаю тебя. И все нервы разстроены. Сейчасъ плакать хочется, такъ тебя люблю.</p>
<p rend="left">16 Іюля.</p>
<p rend="left">17 Іюля вечеромъ. Приписываю. Здоровъ совершенно. Считаю дни. Писемъ отъ тебя не привезъ Башкиръ. Ему не дали, потому что Jean<note xml:id="note18" resp="volume_editor" index="false"> Иван Васильевич Суворов, слуга.</note> слишкомъ усерденъ и написалъ дурацкую записку на почту. Надѣюсь завтра.</p>
<comments><p rend="Textpetit_otstup left">Печатается по автографу, хранящемуся в АТБ. Впервые отрывок из письма опубликован в Б, II, 1908, стр. 176; полностью по копии, сделанной С. А. Толстой, в ПЖ, стр. 92—95, причем приписка напечатана как отдельное письмо.</p>
<p rend="Textpetit_otstup left"><hi>1</hi> Муромский помещик.</p>
<p rend="petit left"><hi>2</hi> Большой Иргиз — река, впадающая в Волгу; притоком ее является Каралык.</p>
<p rend="petit left"><hi>3</hi> Камелик — левый приток Б. Иргиза, южнее Каралыка.</p>
<p rend="petit left"><hi>4</hi> Аркадий Дмитриевич Столыпин (1821—1899), генерал; занимался литературой и музыкой. Отец премьера Столыпина. Давнишний приятель Толстого, который был с ним на «ты»; были вместе участниками Севастопольской кампании. Толстой встретился с ним во время своего пребывания на кумысе в 1862 г., когда Столыпин служил атаманом в Уральске.</p>
<p rend="petit left"><hi>5</hi> С. А. Толстая писала в своем письме от 30 июня: «У нас Ханна всё хворает, из комнаты не выходит, всё зубы и лихорадочное состояние. Нынче не было лихорадки, и ей лучше, но она всё-таки плоха» (стр. 107).</p>
<p rend="petit left"><hi>6</hi> 1 июля С. А. Толстая писала: «К тебе собирается на кумыс Александр Николаевич Бибиков».</p>
<p rend="petit left"><hi>7</hi> Александру Андреевичу Берсу.</p>
<p rend="petit left"><hi>8</hi> Письма от 30 июня и 1 июля 1871 г.</p>
<p rend="petit left"><hi>9</hi> См. прим. 8 к письму № 96.</p>
<p rend="petit left"><hi>10</hi> Т. А. Кузминская собиралась ехать к мужу в Кутаис.</p>
<p rend="petit left"><hi>11</hi> Фет писал Толстому в Самарскую губернию. «.....Пустите в жизнь офицерского (самый скверный) — обломовского, помещичьего, дружеского, какого хотите соку. Но пустите его непременно...... А вот писать до трепету свечей в глазах и выучиться в полгода по Гречески и так всю жизнь —это несколько вредно» (не датировано; хранится письмо в <hi style="opdelimiter">АТБ).</hi><hi style="opnumber">201</hi> <hi style="npnumber">202</hi><hi style="npdelimiter">Урусов</hi> писал 27 июня: «Убедительнейше прошу вас бросить на время греческий язык, ни к чему не ведущий. Читайте вы святых отцов и в особенности великие творения Оригена и Златоуста, — я бы ничего не сказал; это могло бы вас успокоить и вознести на небо. Но ведь переноситесь не на небо, а так сказать в преисподнюю землю, в тот развратный век, когда мальчики и мущины делались женщинами.... Вам испортило это чтение физическое здоровье, но, бог даст, кумыс вас исправит: как исправите вы душевные болезни?» (хранится письмо в АТБ). Толстой ответил Фету 18 июля. См. т. 61 и Фет, «Мои воспоминания», т. II, стр. 236. Писем Толстого к Урусову за 1871 г. не сохранилось.</p>
<p rend="petit left"><hi>12</hi> В письме от 1 июля С. А. Толстая писала: «Прилагаю письмо Оффенберга. Ты ему напиши сам». Письмо Оффенберга Толстому не сохранилось.</p>
<p rend="petit left"><hi>13</hi> Е. В. Оболенская; она жила в то время в Ясной поляне. В АТБ сохранилось ее письмо Толстому на кумыс от 24 июня 1871 г. Письмо подробное, на двух почтовых листах; начинается со слов: «Соня просила меня, милый Левочка, написать тебе, и я с величайшим удовольствием исполняю это. Она говорит, что чем больше ты будешь получать писем, тем долее ты пробудешь в Самаре, а я так рада содействовать ей в этом».</p>
<p rend="petit left"><hi>14</hi> Д. А. Дьяков. В письме от 28 июня С. А. Толстая писала: «В пятницу к обеду приехал к нам Дьяков с Машей. Он всё проповедывал о принципах супружества и упрекал мне и Тане, что мы расстались с мужьями на два месяца. Меня он не смутил: для меня это слишком серьезный вопрос, и слишком больно мне было решиться на это, чтоб вопрос этот слегка обсуживать с Дьяковым. Если мы оба решились, то, стало быть, это так надо было. Но всё-таки Дьяков меня немного расстроил, и мне было неприятно.... Дмитрий Алексеевич обещал и Машу с Софеш привезть к нам». (ПСТ, стр. 104.)</p>
<p rend="petit left"><hi>15</hi> В. В. Толстая.</p>
<p rend="petit left"><hi>16</hi> В письме от 30 июня С. А. Толстая писала: «Вчера в первый раз все и большие, и маленькие бегали с азартом на pas-de-géant. Поставили хорошо, только дурно, что очень столб качается. Лиза, я, Таня и Леонид, мы бегали все вместе до того, что потом никто двинуться не мог. Я после телеграммы [от Толстого из Бузулука] не только на pas-de-géant, а кажется, на небеса бы взлетела». (ПСТ, стр. 107.)</p>
<p rend="petit left"><hi>17</hi> Иван Васильевич Суворов, слуга.</p>
</comments></div></body>
        </text>
        </TEI>