<?xml version="1.0" encoding="UTF-8"?>
    <!-- <?xml-stylesheet type="text/xsl" target="../resources/MJT/myletter.xsl"?> -->
    <?xml-stylesheet type="css" target="graves.css"?>
    <?xml-model target="http://www.tei-c.org/release/xml/tei/custom/schema/relaxng/tei_all.rng" type="application/xml" schematypens="http://relaxng.org/ns/structure/1.0"?>
    <?xml-model target="http://www.tei-c.org/release/xml/tei/custom/schema/relaxng/tei_all.rng" type="application/xml"
            schematypens="http://purl.oclc.org/dsdl/schematron"?>
    <TEI xmlns="http://www.tei-c.org/ns/1.0">
       <teiHeader>
          <fileDesc>
             <titleStmt>
                <title>Письмо №288. С. А. Толстой</title>
             </titleStmt>
             <publicationStmt>
                <publisher>TolstoyLab</publisher>
                <date when="2015-09-14">14 September 2015</date>
             </publicationStmt>
             <sourceDesc>
                <biblStruct>
                   <analytic>
                      <author>Толстой Л.Н.</author>
                   </analytic>
                   <monogr>
                      <title level="m">Полное собрание сочинений. Том 83</title>
                      <imprint>
                         <pubPlace>Москва</pubPlace>
                         <publisher>Государственное издательство "Художественная литература"</publisher>
                         <date when="1938"/>
                      </imprint>
                   </monogr>
                   <series>
                      <title level="s">Л.Н. Толстой. Полное собрание сочинений</title>
                      <biblScope unit="vol">83</biblScope>
                   </series>
                </biblStruct>
				<bibl>Печатается по автографу, хранящемуся в АТБ. Отрывок из письма впервые опубликован в «Литературном наследстве», 19—21, стр. 706. Полностью публикуется впервые. Неотправленная открытка. Датируется по содержанию письма (баня, чтение евангелия на еврейском языке) <hi style="opdelimiter">и</hi><hi style="opnumber">465</hi> <hi style="npnumber">466</hi><hi style="npdelimiter">на</hi> основании относящихся к открытке слов следующего письма: «Сейчас написал письмо на карточке, но начал за здравие и свел за упокой и не посылаю».</bibl>
             </sourceDesc>
          </fileDesc>
          <encodingDesc>
             <tagsDecl> </tagsDecl>
          </encodingDesc>
          <profileDesc>
             <correspDesc>
                <correspAction type="sending">
                   <persName ref="PersonList.xml#L_N_Tolstoy">Л. Н. Толстой</persName>
                   <placeName ref="PlacesListxml#PLACE">Я. П.</placeName>
                   <date when="1884-12-13">1884 г. Декабря 13.</date>            </correspAction>
                <correspAction type="receiving">
                   <persName ref="PersonList.xml#RECEIVER">Толстая Софья Андреевна</persName>
                </correspAction>
                <correspContext>
                   <ref type="prev"></ref>
                </correspContext>
             </correspDesc>
          </profileDesc>
       </teiHeader>
       <xenoData><number type="in a volume">288</number></xenoData>

       <text xml:id="a13_288">
	<body><div>
		<opener index="false">
* 288. Неотправленное.
1884 г. Декабря 13. Я. П.</opener>
<p rend="left">Получилъ твое письмо<hi>1 </hi>— пріятное. Всталъ рано, печень не болитъ. Часовъ 5 работалъ. Бумаги намаралъ много, а есть ли толкъ или нѣтъ — не знаю. Но какъ будто дѣлалъ дѣло, и на душѣ покойно. Поѣхалъ въ Ясенки верхомъ — славная погода — тихо, таетъ и туманъ. Потомъ сходилъ въ баню, и сейчасъ читаю по еврейски Евангеліе, пью чай и собираюсь раньше спать. Большое спасибо Лелѣ за письмо. Пускай онъ не стыдится быть въ человѣческихъ отношененіяхъ съ тѣми, кто его больше всѣхъ любитъ, т. е. больше, чѣмъ кто либо другой, а стыдится жить рядомъ и быть столь же болѣе далекимъ, чѣмъ въ Новой Зеландіи.<note xml:id="note1" resp="volume_editor" index="false"> Два острова в южной части Тихого океана, Британская колония.</note> Если ничего не случится, пріѣду въ воскресенье. Грустно ѣхать.</p>
<lb/>
<p rend="left"><hi>На обороте открытки:</hi> Москва. Долгохамовническій переулокъ домъ Гр. Толстаго. Графинѣ Софьѣ Андревнѣ Толстой.</p>
<comments><p rend="Textpetit_otstup left">Печатается по автографу, хранящемуся в АТБ. Отрывок из письма впервые опубликован в «Литературном наследстве», 19—21, стр. 706. Полностью публикуется впервые. Неотправленная открытка. Датируется по содержанию письма (баня, чтение евангелия на еврейском языке) <hi style="opdelimiter">и</hi><hi style="opnumber">465</hi> <hi style="npnumber">466</hi><hi style="npdelimiter">на</hi> основании относящихся к открытке слов следующего письма: «Сейчас написал письмо на карточке, но начал за здравие и свел за упокой и не посылаю».</p>
<p rend="Textpetit_otstup left"><hi>1</hi> От 11 декабря.</p>
<p rend="petit left"><hi>2</hi> Два острова в южной части Тихого океана, Британская колония.</p>
</comments></div></body>
        </text>
        </TEI>