<?xml version="1.0" encoding="UTF-8"?>
    <!-- <?xml-stylesheet type="text/xsl" target="../resources/MJT/myletter.xsl"?> -->
    <?xml-stylesheet type="css" target="graves.css"?>
    <?xml-model target="http://www.tei-c.org/release/xml/tei/custom/schema/relaxng/tei_all.rng" type="application/xml" schematypens="http://relaxng.org/ns/structure/1.0"?>
    <?xml-model target="http://www.tei-c.org/release/xml/tei/custom/schema/relaxng/tei_all.rng" type="application/xml"
            schematypens="http://purl.oclc.org/dsdl/schematron"?>
    <TEI xmlns="http://www.tei-c.org/ns/1.0">
       <teiHeader>
          <fileDesc>
             <titleStmt>
                <title>Письмо №*62. С. А. Толстой</title>
             </titleStmt>
             <publicationStmt>
                <publisher>TolstoyLab</publisher>
                <date when="2015-09-14">14 September 2015</date>
             </publicationStmt>
             <sourceDesc>
                <biblStruct>
                   <analytic>
                      <author>Толстой Л.Н.</author>
                   </analytic>
                   <monogr>
                      <title level="m">Полное собрание сочинений. Том 83</title>
                      <imprint>
                         <pubPlace>Москва</pubPlace>
                         <publisher>Государственное издательство "Художественная литература"</publisher>
                         <date when="1938"/>
                      </imprint>
                   </monogr>
                   <series>
                      <title level="s">Л.Н. Толстой. Полное собрание сочинений</title>
                      <biblScope unit="vol">83</biblScope>
                   </series>
                </biblStruct>
				<bibl>Печатается по автографу, хранящемуся в АТБ. Публикуется впервые. Датируется на основании слов письма: «[Таня] собирается к нам на страстной. Саша Куз[минский] за ней приедет» — в Воспоминаниях Т. А. Кузминской мы читаем: «Саша Кузминский приедет завтра [т. е. 20], — сказал Лев Николаевич. — Он не мог ехать за мной, он ведь знает, как ты огорчена» (III, стр. 129). (А. М. Кузминский в это время уже служил в Туле, где его Толстой, очевидно, видел проездом из Ясной поляны.)</bibl>
             </sourceDesc>
          </fileDesc>
          <encodingDesc>
             <tagsDecl> </tagsDecl>
          </encodingDesc>
          <profileDesc>
             <correspDesc>
                <correspAction type="sending">
                   <persName ref="PersonList.xml#L_N_Tolstoy">Л. Н. Толстой</persName>
                   <placeName ref="PlacesListxml#PLACE">Москва.</placeName>
                   <date when="1867-03-20">1867 г. Марта 20?</date>            </correspAction>
                <correspAction type="receiving">
                   <persName ref="PersonList.xml#RECEIVER">Толстая Софья Андреевна</persName>
                </correspAction>
                <correspContext>
                   <ref type="prev"></ref>
                </correspContext>
             </correspDesc>
          </profileDesc>
       </teiHeader>
       <xenoData><number type="in a volume">62</number></xenoData>

       <text xml:id="a20_62">
	<body><div>
		<opener index="false">
* 62.
1867 г. Марта 20? Москва.</opener>
<p rend="left">Голубчикъ Соня. Пишу нѣсколько словъ, оттого что усталъ и голова болитъ. Провелъ день у Башилова,<note xml:id="note1" resp="volume_editor" index="false"> В связи с иллюстрациями, которые Башилов готовил для отдельного издания «Войны и мира».</note> потомъ у Дьяковых съ Таней обѣдали и до 10 часовъ. Никого тамъ не было кромѣ меня, и потому было тихо, пріятно, а потомъ пріѣхали домой, гдѣ застали Фуксъ<note xml:id="note2" resp="volume_editor" index="false"> Эдуард Яковлевич Фукс (1884—1909), деятель судебной реформы самых первых лет ее введения, член и прокурор новооткрытого Московского окружного суда, затем председатель такого же суда в Харькове, прокурор Одесской и Петербургской судебной палат, потом в течение двадцати лет сенатор и, наконец, член Государственного совета (о нем см.: «Исторический вестник» 1909, № 11, стр. 775; некролог — «Новое время» 1909, № 12055). Елена Михайловна Фукс (р. в 1845 г.), рожд. Кузминская, сестра А. М. Кузминского. Фамилию Э. Я. Фукса — Толстой трансформировал в сенатора Вольфа из «Воскресения» (см. ч. II, гл. XVI).</note> чету и Башилова. Таня покашливаетъ. Она сбирается къ намъ на страстной.<note xml:id="note3" resp="volume_editor" index="false"> Пасха в 1867 г. была 16 апреля.</note> Саша Куз[минскій] за ней пріѣдетъ. Прощай.</p>
<p rend="left">Душенька, цѣлую тетиньку, тебя и дѣтей.</p>
<comments><p rend="Textpetit_otstup left">Печатается по автографу, хранящемуся в АТБ. Публикуется впервые. Датируется на основании слов письма: «[Таня] собирается к нам на страстной. Саша Куз[минский] за ней приедет» — в Воспоминаниях Т. А. Кузминской мы читаем: «Саша Кузминский приедет завтра [т. е. 20], — сказал Лев Николаевич. — Он не мог ехать за мной, он ведь знает, как ты огорчена» (III, стр. 129). (А. М. Кузминский в это время уже служил в Туле, где его Толстой, очевидно, видел проездом из Ясной поляны.)</p>
<p rend="Textpetit_otstup left"><hi>1</hi> В связи с иллюстрациями, которые Башилов готовил для отдельного издания «Войны и мира».</p>
<p rend="petit left"><hi>2</hi> Эдуард Яковлевич Фукс (1884—1909), деятель судебной реформы самых первых лет ее введения, член и прокурор новооткрытого Московского окружного суда, затем председатель такого же суда в Харькове, прокурор Одесской и Петербургской судебной палат, потом в течение двадцати лет сенатор и, наконец, член Государственного совета (о нем см.: «Исторический вестник» 1909, № 11, стр. 775; некролог — «Новое время» 1909, № 12055). Елена Михайловна Фукс (р. в 1845 г.), рожд. Кузминская, сестра А. М. Кузминского. Фамилию Э. Я. Фукса — Толстой трансформировал в сенатора Вольфа из «Воскресения» (см. ч. II, гл. XVI).</p>
<p rend="petit left"><hi>3</hi> Пасха в 1867 г. была 16 апреля.</p>
</comments></div></body>
        </text>
        </TEI>