<?xml version="1.0" encoding="UTF-8"?>
    <!-- <?xml-stylesheet type="text/xsl" target="../resources/MJT/myletter.xsl"?> -->
    <?xml-stylesheet type="css" target="graves.css"?>
    <?xml-model target="http://www.tei-c.org/release/xml/tei/custom/schema/relaxng/tei_all.rng" type="application/xml" schematypens="http://relaxng.org/ns/structure/1.0"?>
    <?xml-model target="http://www.tei-c.org/release/xml/tei/custom/schema/relaxng/tei_all.rng" type="application/xml"
            schematypens="http://purl.oclc.org/dsdl/schematron"?>
    <TEI xmlns="http://www.tei-c.org/ns/1.0">
       <teiHeader>
          <fileDesc>
             <titleStmt>
                <title>Письмо №186. С. А. Толстой</title>
             </titleStmt>
             <publicationStmt>
                <publisher>TolstoyLab</publisher>
                <date when="2015-09-14">14 September 2015</date>
             </publicationStmt>
             <sourceDesc>
                <biblStruct>
                   <analytic>
                      <author>Толстой Л.Н.</author>
                   </analytic>
                   <monogr>
                      <title level="m">Полное собрание сочинений. Том 83</title>
                      <imprint>
                         <pubPlace>Москва</pubPlace>
                         <publisher>Государственное издательство "Художественная литература"</publisher>
                         <date when="1938"/>
                      </imprint>
                   </monogr>
                   <series>
                      <title level="s">Л.Н. Толстой. Полное собрание сочинений</title>
                      <biblScope unit="vol">83</biblScope>
                   </series>
                </biblStruct>
				<bibl>Печатается по автографу, хранящемуся в АТБ. Впервые опубликовано по копии, сделанной С. А. Толстой, в ПЖ, стр. 145—146. Датируется на основании почтового штемпеля: «Моск. почт, центр, отд. 27 авг. 1881 г.» и начальных слов письма: «нынче среда вечеромъ». Среда приходилась 26 августа 1881 г.</bibl>
             </sourceDesc>
          </fileDesc>
          <encodingDesc>
             <tagsDecl> </tagsDecl>
          </encodingDesc>
          <profileDesc>
             <correspDesc>
                <correspAction type="sending">
                   <persName ref="PersonList.xml#L_N_Tolstoy">Л. Н. Толстой</persName>
                   <placeName ref="PlacesListxml#PLACE">Я. П.</placeName>
                   <date when="1881-08-26">1881 г. Августа 26.</date>            </correspAction>
                <correspAction type="receiving">
                   <persName ref="PersonList.xml#RECEIVER">Толстая Софья Андреевна</persName>
                </correspAction>
                <correspContext>
                   <ref type="prev"></ref>
                </correspContext>
             </correspDesc>
          </profileDesc>
       </teiHeader>
       <xenoData><number type="in a volume">186</number></xenoData>

       <text xml:id="a26_186">
	<body><div>
		<opener index="false">
186.
1881 г. Августа 26. Я. П.</opener>
<p rend="left">Нынче среда вечеромъ. Пишу тебѣ въ гостиной, а рядомъ въ залѣ всѣ дѣти наши и Кузминскіе<note xml:id="note1" resp="volume_editor" index="false"> Вероятно дети А. М. и Т. А. Кузминских: Мария, Вера и Михаил.</note> поютъ куплеты. Всѣ здоровы и веселы. У Саши<note xml:id="note2" resp="volume_editor" index="false"> А. М. Кузминский.</note> все кончилось кашлемъ. Машу нынче я выпустилъ. У ней ничего не болитъ. Маленькіе совсѣмъ хороши и милы, особенно Миша. Какъ только тебя нѣтъ, онъ льнетъ ко мнѣ: папа! и на руки лѣзетъ, и таскаетъ съ нимъ бѣгать.</p>
<p rend="left">M-lle Guillod<note xml:id="note3" resp="volume_editor" index="false"> Француженка — гувернантка.</note> нынче утромъ со всѣми ѣздила въ Судаково<note xml:id="note4" resp="volume_editor" index="false"> Деревня в 7 верстах от Ясной поляны.</note> покупать медъ. Хотѣли взять Андрюшу, и хотя жалко <hi style="opdelimiter">было</hi><hi style="opnumber">307</hi> <hi style="npnumber">308</hi><hi style="npdelimiter">лишать</hi> няню, я не разрѣшилъ, — боялся, что утромъ будетъ свѣжо, да и далеко.</p>
<p rend="left">Нынче до обѣда дошелъ слухъ черезъ какую то бабу, что Вас[илій] Ив[ановичъ],<note xml:id="note5" resp="volume_editor" index="false"> В. И Карницкий (1831—1881), священник ближайшей Кочаковской церкви, учил закону божию всех детей Толстого. «Был простой, <hi style="opdelimiter">хороший</hi><hi style="opnumber">308</hi> <hi style="npnumber">309</hi><hi style="npdelimiter">человек</hi> с большой семьей» (н. п. С. А.). Дочь его, Евдокия Васильевна, была крестницей Толстого.</note> священникъ, умеръ. Я ходилъ въ церковь, но слухъ не подтвердился. Мар[ья] Дмитр[іевна]<note xml:id="note6" resp="volume_editor" index="false"> Жена Василия Ивановича Карницкого.</note> вчера была у него. Онъ у зятя въ Обидимѣ,<note xml:id="note7" resp="volume_editor" index="false"> Обидимо или Абидимо, село Тульского уезда в 16 верстах от Тулы. Станция Сызрано-Вяземской железной дороги.</note> по Калужской дорогѣ, и она не получала извѣстій. Если слухъ не подтвердится, то я завтра съѣзжу къ нему. Таню<note xml:id="note8" resp="volume_editor" index="false"> Т. А. Кузминская.</note> я просилъ безъ меня дома постеречь. Илюша вернулся вчера еще. Убилъ 6 штукъ. Жалуются, что дичи нѣтъ. Сережа нынче ѣздилъ въ Малахово<note xml:id="note9" resp="volume_editor" index="false"> Болото в 10 верстах от Ясной поляны.</note> и тоже только одну утку убилъ. Илюша нынче ѣздилъ съ Бибиковымъ<note xml:id="note10" resp="volume_editor" index="false"> Владимир Александрович Бибиков (р. 1874 г.). сын Телятинского помещика А. Н. Бибикова и О. А. Фирекель. Приятельствовал с Ильей и позднее с Андреем Львовичем Толстыми.</note> за волками, ничего не нашли.</p>
<p rend="left">Я вчера цѣлое утро писалъ Петину исторію<note xml:id="note11" resp="volume_editor" index="false"> «Чем люди живы?».</note> и все не могу кончить. —</p>
<p rend="left">Мнѣ очень грустно было въ ночь твоего отъѣзда, теперь привыкаю. —</p>
<p rend="left">Пожалуйста не воображай, что непремѣнно нужно тебѣ все кончить. Сдѣлай, что успѣешь до субботы, не торопясь, — остальное я додѣлаю.<note xml:id="note12" resp="volume_editor" index="false"> С. А. Толстая писала 26 августа об устройстве квартиры в доме кн. Волконских: «Сегодня мы накупили пропасть мебели, почти весь дом, без гостиной. Но я нашла магазин, где почти наверное закажу гостиную. Очень уж надежный старик, хозяин магазина. Кое-что передала, кое-что дешевле; но я не могу сказать, чтоб я была недовольна покупками. Завтра займусь посудой, лампами и проч. Но еще ужасно много дела: обойщики еще не принялись за обивку, многое не куплено, ничего не устроено. Я не могу приехать раньше воскресенья вечера, это мне очевидно. Воскресенье надо ехать утром с Петей [Берсом] на Сухареву; только по воскресеньям торг; а простого многое не куплено; без меня нельзя купить, а вещи все серьезно нужные».</note> Нынче коронація,<note xml:id="note13" resp="volume_editor" index="false"> День коронации Александра II — 26 августа 1856 г.</note> не помѣшало ли это твоимъ дѣламъ? Я оба дня не въ духѣ, — печень болитъ, но не унываю, п[отому] ч[то] знаю, что скоро пройдетъ. — Священника мнѣ очень жалко и его семью,<note xml:id="note14" resp="volume_editor" index="false"> У В. И. Карницкого были дети: Людмила (по мужу Кудрявцева), Евдокия, Александра, София, Николай, Владимир, Михаил и Александр.</note> и хотѣлось бы увидать его передъ смертью. Завтра поѣду въ 12-ть и если нѣтъ поѣзда, возвращающагося рано, возьму лошадей. —</p>
<p rend="left">Завтра пошлю телеграмму; цѣлую тебя, душенька, до субботы — утра. —</p>
<lb/>
<p rend="left"><hi>На конверте:</hi> Москва. У Каменнаго моста Софійская набережная. <hi>[Оборвано.]</hi> некое училище. [Квартир]а смотрителя. <hi>[Оборвано.]</hi> Софьѣ Андревнѣ Толстой.</p>
<comments><p rend="Textpetit_otstup left">Печатается по автографу, хранящемуся в АТБ. Впервые опубликовано по копии, сделанной С. А. Толстой, в ПЖ, стр. 145—146. Датируется на основании почтового штемпеля: «Моск. почт, центр, отд. 27 авг. 1881 г.» и начальных слов письма: «нынче среда вечеромъ». Среда приходилась 26 августа 1881 г.</p>
<p rend="Textpetit_otstup left"><hi>1</hi> Вероятно дети А. М. и Т. А. Кузминских: Мария, Вера и Михаил.</p>
<p rend="petit left"><hi>2</hi> А. М. Кузминский.</p>
<p rend="petit left"><hi>3</hi> Француженка — гувернантка.</p>
<p rend="petit left"><hi>4</hi> Деревня в 7 верстах от Ясной поляны.</p>
<p rend="petit left"><hi>6</hi> В. И Карницкий (1831—1881), священник ближайшей Кочаковской церкви, учил закону божию всех детей Толстого. «Был простой, <hi style="opdelimiter">хороший</hi><hi style="opnumber">308</hi> <hi style="npnumber">309</hi><hi style="npdelimiter">человек</hi> с большой семьей» (н. п. С. А.). Дочь его, Евдокия Васильевна, была крестницей Толстого.</p>
<p rend="petit left"><hi>6</hi> Жена Василия Ивановича Карницкого.</p>
<p rend="petit left"><hi>7</hi> Обидимо или Абидимо, село Тульского уезда в 16 верстах от Тулы. Станция Сызрано-Вяземской железной дороги.</p>
<p rend="petit left"><hi>8</hi> Т. А. Кузминская.</p>
<p rend="petit left"><hi>9</hi> Болото в 10 верстах от Ясной поляны.</p>
<p rend="petit left"><hi>10</hi> Владимир Александрович Бибиков (р. 1874 г.). сын Телятинского помещика А. Н. Бибикова и О. А. Фирекель. Приятельствовал с Ильей и позднее с Андреем Львовичем Толстыми.</p>
<p rend="petit left"><hi>11</hi> «Чем люди живы?».</p>
<p rend="petit left"><hi>12</hi> С. А. Толстая писала 26 августа об устройстве квартиры в доме кн. Волконских: «Сегодня мы накупили пропасть мебели, почти весь дом, без гостиной. Но я нашла магазин, где почти наверное закажу гостиную. Очень уж надежный старик, хозяин магазина. Кое-что передала, кое-что дешевле; но я не могу сказать, чтоб я была недовольна покупками. Завтра займусь посудой, лампами и проч. Но еще ужасно много дела: обойщики еще не принялись за обивку, многое не куплено, ничего не устроено. Я не могу приехать раньше воскресенья вечера, это мне очевидно. Воскресенье надо ехать утром с Петей [Берсом] на Сухареву; только по воскресеньям торг; а простого многое не куплено; без меня нельзя купить, а вещи все серьезно нужные».</p>
<p rend="petit left"><hi>13</hi> День коронации Александра II — 26 августа 1856 г.</p>
<p rend="petit left"><hi>14</hi> У В. И. Карницкого были дети: Людмила (по мужу Кудрявцева), Евдокия, Александра, София, Николай, Владимир, Михаил и Александр.</p>
</comments></div></body>
        </text>
        </TEI>