<?xml version="1.0" encoding="UTF-8"?>
    <!-- <?xml-stylesheet type="text/xsl" target="../resources/MJT/myletter.xsl"?> -->
    <?xml-stylesheet type="css" target="graves.css"?>
    <?xml-model target="http://www.tei-c.org/release/xml/tei/custom/schema/relaxng/tei_all.rng" type="application/xml" schematypens="http://relaxng.org/ns/structure/1.0"?>
    <?xml-model target="http://www.tei-c.org/release/xml/tei/custom/schema/relaxng/tei_all.rng" type="application/xml"
            schematypens="http://purl.oclc.org/dsdl/schematron"?>
    <TEI xmlns="http://www.tei-c.org/ns/1.0">
       <teiHeader>
          <fileDesc>
             <titleStmt>
                <title>Письмо №218. С. А. Толстой</title>
             </titleStmt>
             <publicationStmt>
                <publisher>TolstoyLab</publisher>
                <date when="2015-09-14">14 September 2015</date>
             </publicationStmt>
             <sourceDesc>
                <biblStruct>
                   <analytic>
                      <author>Толстой Л.Н.</author>
                   </analytic>
                   <monogr>
                      <title level="m">Полное собрание сочинений. Том 83</title>
                      <imprint>
                         <pubPlace>Москва</pubPlace>
                         <publisher>Государственное издательство "Художественная литература"</publisher>
                         <date when="1938"/>
                      </imprint>
                   </monogr>
                   <series>
                      <title level="s">Л.Н. Толстой. Полное собрание сочинений</title>
                      <biblScope unit="vol">83</biblScope>
                   </series>
                </biblStruct>
				<bibl>Печатается по автографу, хранящемуся в АТБ. Впервые опубликовано по копии, сделанной С. А. Толстой, в ПЖ, стр. 175—176. Датируется на основании почтовых штемпелей: «Моск. почт. центр. отд. 15 сентября 1882; Тула 16 сентября 1882» и пометы Толстого «Середа», которая падала на 15 сентября 1882 г.</bibl>
             </sourceDesc>
          </fileDesc>
          <encodingDesc>
             <tagsDecl> </tagsDecl>
          </encodingDesc>
          <profileDesc>
             <correspDesc>
                <correspAction type="sending">
                   <persName ref="PersonList.xml#L_N_Tolstoy">Л. Н. Толстой</persName>
                   <placeName ref="PlacesListxml#PLACE">Москва.</placeName>
                   <date when="1882-09-15">1882 г. Сентября 15.</date>            </correspAction>
                <correspAction type="receiving">
                   <persName ref="PersonList.xml#RECEIVER">Толстая Софья Андреевна</persName>
                </correspAction>
                <correspContext>
                   <ref type="prev"></ref>
                </correspContext>
             </correspDesc>
          </profileDesc>
       </teiHeader>
       <xenoData><number type="in a volume">218</number></xenoData>

       <text xml:id="a15_218">
	<body><div>
		<opener index="false">
218.
1882 г. Сентября 15. Москва.</opener>
<p rend="right"><hi>Среда, 3 часа.</hi></p>
<p rend="left">Нынче получилъ твое третье письмо,<note xml:id="note1" resp="volume_editor" index="false"> Письмо с пометой: «понедельник, вечер», от 13 сентября.</note> — спокойное; но еще не отвѣтъ на мое второе. —</p>
<p rend="left">Вчера сидѣлъ утро дома, погулялъ до Кудрина, — я забылъ тамъ калоши у Дьякова,<note xml:id="note2" resp="volume_editor" index="false"> Дьяков жил в Конюшках, близ Кудринской площади в Москве в доме <hi style="opdelimiter">Ладыженского.</hi><hi style="opnumber">356</hi></note> обѣдали; потомъ, вечеромъ, пришли Адамъ,<note xml:id="note3" resp="volume_editor" index="false"> Сын соседа Василия Александровича Олсуфьева, Адам Васильевич. Ср. стр. 349.</note> Миташа Оболенской и Варинька съ мужемъ<note xml:id="note4" resp="volume_editor" index="false"> Варвара Валерьяновна и Николай Михайлович Нагорновы.</note> и <hi style="opdelimiter">просидѣли</hi><hi style="opnumber">355</hi> <hi style="npnumber">356</hi><hi style="npdelimiter">у</hi> насъ до 11 часовъ. Архитекторъ былъ не вчера, а нынче. Идетъ работа хорошо и спѣшно, но все не такъ, какъ ожидаешь. Перевезти мебель можно будетъ въ пятницу. Оказалось, паркетъ нужно строгать, корнизы пола отчистить. А нужно отдѣлать совсѣмъ, чтобы не входить. — Я принялъ мѣры, чтобы маляровъ было больше и чтобы топить печи; но еще не топили, — нынче будутъ. Погода на счастье для сушки чудесная. — Леля вчера напугалъ меня. Онъ 3-го дня наѣлся винограду и не переставая икалъ, а вчера заболѣлъ животъ и поносъ.<note xml:id="note5" resp="volume_editor" index="false"> 17 сентября С. А. Толстая писала: «Лелино объядение меня неприятно смутило. Мог бы поберечься, чтобы тебе не доставлять лишнего расстройства» (стр. 202).</note> Надѣлъ фланель, — не даемъ ничего, кромѣ бульону, и теперь ему совсѣмъ хорошо, а утромъ пропустилъ гимназію. О немъ ты не заботься. Я забочусь такъ, что чувствую, что балую.</p>
<p rend="left">Сережа-братъ все ищетъ квартиру, — не знаю нашелъ ли. Нынче ѣдетъ обѣдать къ Васинькѣ. Костинька облекся въ мой сюртукъ и пошелъ къ Полякову-богачу.<note xml:id="note6" resp="volume_editor" index="false"> Лазарь Соломонович Поляков (ум. в 1914 г.), московский банкир, член правления общества Московско-Киево-Воронежской железной дороги. Дома его находились на Тверском бульваре в Москве.</note> Ему обѣщаютъ мѣсто черезъ какого то Шидловскаго. Дай Богъ. — Погода чудная. Теперь 3 часа, и я пойду погулять до обѣда, посмотрю стулья краснаго дерева.<note xml:id="note7" resp="volume_editor" index="false"> Стулья красного дерева были куплены Толстым. Они стояли в зале Хамовнического дома, а в 1919 г. находились в складе Ступина на хранении.</note></p>
<p rend="left">Яблоки пришли въ очень дурномъ положеніи. Ящики перебиты, и потаскано много яблокъ.<note xml:id="note8" resp="volume_editor" index="false"> С. А. Толстая запрашивала в письме от 12 сентября: «Получили ли вы квитанцию на яблоки?»</note> Мы ихъ перевезли къ себѣ въ сарай и тутъ продадимъ.</p>
<p rend="left">Я надѣюсь, что къ 1-му Октября: мы въѣдемъ; если что будетъ не готово, при насъ додѣлаютъ. —</p>
<p rend="left">До завтра. Не унывай. Я пріѣду скоро. Какая прелесть садъ: сидишь у окна въ. садъ — весело, спокойно; выйдешь, на улицѣ — уныло, тревожно. —</p>
<p rend="left">Цѣлую тебя и дѣтей. Варинька 3 дня какъ переѣхала. Келеръ<note xml:id="note9" resp="volume_editor" index="false"> Вероятно, гр. Виктор Викторович Келлер, старший сын гр. В. Ф. Келлера (1834—1906), окончил Московский лицей в 1885 г., был офицером Сумского драгунского полка, позднее земским начальником и подольским депутатом дворянства (1890—1893) и предводителем дворянства (1893—1898).</note> старшій былъ боленъ, и они ѣдутъ за границу. Сережа Обол[енскій]<note xml:id="note10" resp="volume_editor" index="false"> Кн. Сергей Дмитриевич Оболенский (р. 1868 г.), сын Дм. Дм. и Елиз. Петр., рожд. Вырубовой; в 1889—1896 гг. офицер Нижегородского драгунского полка, впоследствии ставропольский губернатор.</note> въ лицеѣ, а Миташа<note xml:id="note11" resp="volume_editor" index="false"> Кн. Дмитрий Дмитриевич Оболенский.</note> уѣзжаетъ домой, а княгиня<note xml:id="note12" resp="volume_editor" index="false"> Кн. Елизавета Петровна Оболенская.</note> въ деревнѣ. —</p>
<lb/>
<p rend="left"><hi>На конверте:</hi> Въ Тулу. Е. С. Графинѣ Софьѣ Андревнѣ Толстой.</p>
<comments><p rend="Textpetit_otstup left">Печатается по автографу, хранящемуся в АТБ. Впервые опубликовано по копии, сделанной С. А. Толстой, в ПЖ, стр. 175—176. Датируется на основании почтовых штемпелей: «Моск. почт. центр. отд. 15 сентября 1882; Тула 16 сентября 1882» и пометы Толстого «Середа», которая падала на 15 сентября 1882 г.</p>
<p rend="Textpetit_otstup left"><hi>1</hi> Письмо с пометой: «понедельник, вечер», от 13 сентября.</p>
<p rend="petit left"><hi>2</hi> Дьяков жил в Конюшках, близ Кудринской площади в Москве в доме <hi style="opdelimiter">Ладыженского.</hi><hi style="opnumber">356</hi></p>
<p rend="petit left"><hi>3</hi> Сын соседа Василия Александровича Олсуфьева, Адам Васильевич. Ср. стр. 349.</p>
<p rend="petit left"><hi>4</hi> Варвара Валерьяновна и Николай Михайлович Нагорновы.</p>
<p rend="petit left"><hi>5</hi> 17 сентября С. А. Толстая писала: «Лелино объядение меня неприятно смутило. Мог бы поберечься, чтобы тебе не доставлять лишнего расстройства» (стр. 202).</p>
<p rend="petit left"><hi>6</hi> Лазарь Соломонович Поляков (ум. в 1914 г.), московский банкир, член правления общества Московско-Киево-Воронежской железной дороги. Дома его находились на Тверском бульваре в Москве.</p>
<p rend="petit left"><hi>7</hi> Стулья красного дерева были куплены Толстым. Они стояли в зале Хамовнического дома, а в 1919 г. находились в складе Ступина на хранении.</p>
<p rend="petit left"><hi>8</hi> С. А. Толстая запрашивала в письме от 12 сентября: «Получили ли вы квитанцию на яблоки?»</p>
<p rend="petit left"><hi>9</hi> Вероятно, гр. Виктор Викторович Келлер, старший сын гр. В. Ф. Келлера (1834—1906), окончил Московский лицей в 1885 г., был офицером Сумского драгунского полка, позднее земским начальником и подольским депутатом дворянства (1890—1893) и предводителем дворянства (1893—1898).</p>
<p rend="petit left"><hi>10</hi> Кн. Сергей Дмитриевич Оболенский (р. 1868 г.), сын Дм. Дм. и Елиз. Петр., рожд. Вырубовой; в 1889—1896 гг. офицер Нижегородского драгунского полка, впоследствии ставропольский губернатор.</p>
<p rend="petit left"><hi>11</hi> Кн. Дмитрий Дмитриевич Оболенский.</p>
<p rend="petit left"><hi>12</hi> Кн. Елизавета Петровна Оболенская.</p>
</comments></div></body>
        </text>
        </TEI>