<?xml version="1.0" encoding="UTF-8"?>
    <!-- <?xml-stylesheet type="text/xsl" target="../resources/MJT/myletter.xsl"?> -->
    <?xml-stylesheet type="css" target="graves.css"?>
    <?xml-model target="http://www.tei-c.org/release/xml/tei/custom/schema/relaxng/tei_all.rng" type="application/xml" schematypens="http://relaxng.org/ns/structure/1.0"?>
    <?xml-model target="http://www.tei-c.org/release/xml/tei/custom/schema/relaxng/tei_all.rng" type="application/xml"
            schematypens="http://purl.oclc.org/dsdl/schematron"?>
    <TEI xmlns="http://www.tei-c.org/ns/1.0">
       <teiHeader>
          <fileDesc>
             <titleStmt>
                <title>Письмо №36. В. В. Арсеньевой.</title>
             </titleStmt>
             <publicationStmt>
                <publisher>TolstoyLab</publisher>
                <date when="2015-09-14">14 September 2015</date>
             </publicationStmt>
             <sourceDesc>
                <biblStruct>
                   <analytic>
                      <author>Толстой Л.Н.</author>
                   </analytic>
                   <monogr>
                      <title level="m">Полное собрание сочинений. Том 60</title>
                      <imprint>
                         <pubPlace>Москва</pubPlace>
                         <publisher>Государственное издательство "Художественная литература"</publisher>
                         <date when="1949"/>
                      </imprint>
                   </monogr>
                   <series>
                      <title level="s">Л.Н. Толстой. Полное собрание сочинений</title>
                      <biblScope unit="vol">60</biblScope>
                   </series>
                </biblStruct>
             </sourceDesc>
          </fileDesc>
          <encodingDesc>
             <tagsDecl> </tagsDecl>
          </encodingDesc>
          <profileDesc>
             <correspDesc>
                <correspAction type="sending">
                   <persName ref="PersonList.xml#L_N_Tolstoy">Л. Н. Толстой</persName>
                   <placeName ref="PlacesListxml#PLACE">Петербург.</placeName>
                   <date from="1856-11-12" to="1856-11-13">1856 г. Ноября 12 — 13</date>            </correspAction>
                <correspAction type="receiving">
                   <persName ref="PersonList.xml#RECEIVER">Арсеньев Владимир Михайлович</persName>
                </correspAction>
                <correspContext>
                   <ref type="prev"></ref>
                </correspContext>
             </correspDesc>
          </profileDesc>
       </teiHeader>
       <xenoData><number type="in a volume">36</number></xenoData>

              <text xml:id="V.V.Arsenevoj_36">
	<body><div>
		<opener index="false">
36. В. В. Арсеньевой.
1856 г. Ноября 12—13. Петербург.
</opener><p rend="left">Чувствую, что я глуп, но не могу удержаться, милая барышня, и, не получив все-таки от вас ни строчки, опять пишу вам. Теперь уж за 12 часов ночи, и вы сами знаете, как это время располагает к нежности и, следовательно, глупости. — Напишу вам о будущем образе жизни Храповицких, ежели суждено им жить на свете. — Образ жизни мущины и женщины зависит 1) от их наклонностей, а 2) от их средств. Разберем и то и другое. Храповицкой, человек морально старый, в молодости делавший много глупостей, за которые поплатился счастьем лучших годов жизни, и теперь нашедший себе дорогу и призвание — литературу, — в душе презирает <hi>свет</hi>, обожает тихую, семейную, нравственную жизнь и ничего в мире не боится так, как жизни рассеянной, светской, в которой пропадают<note xml:id="note1" resp="volume_editor" index="false"> <hi>В автографе:</hi> пропадает</note> все хорошие, честные, чистые мысли и чувства, и в которой делаешься рабом светских условий и кредиторов. — Он уж поплатился за это заблуждение лучшими годами своей жизни, так это убеждение в нем не фраза, а убеждение, выстраданное жизнью. Милая Г-жа Дембицкая<note xml:id="note2" resp="volume_editor" index="false"> Дембицкой Толстой называл В. В. Арсеньеву, изображая в письмах историю их отношений.</note> еще ничего этого не испытала, для нее счастье: бал, голые плечи, карета, брильянты, знакомства с Камергерами, Генерал-Адъютантами и т. д. Но так случилось, что Х[раповицкий] и Д[ембицка]я как будто бы любят друг друга (я, может быть, лгу перед самим собой, но опять в эту минуту я вас страшно люблю). — Итак эти люди с противуположными наклонностями будто бы полюбили друг друга. Как же им надо устроиться, чтобы жить вместе? Во-первых, они должны делать уступки друг другу; во-вторых, тот должен делать больше уступок, чьи наклонности <hi style="opdelimiter">менее</hi><hi style="opnumber">108</hi> <hi style="npnumber">109</hi><hi style="npdelimiter">нравственны.</hi> Я бы готов был жить всю свою жизнь в деревне. У меня бы было 3 занятия: любовь к Д[ембицкой] и заботы о ее счастии, литература и хозяйство — так, как я его понимаю, т. е. исполнение долга в отношении людей, вверенных мне. При этом одно нехорошо — я бы невольно отстал от века, а это грех. — Г-жа Д[ембицкая] мечтает о том, чтоб жить в Петербурге, ездить на 30 балов в зиму, принимать у себя хороших приятелей и кататься по Невскому в своей карете. Середина между этими двумя требования[ми] есть жизнь 5 месяцев в Петербурге, без балов, без кареты, без необыкновенных туалетов с гипюрами и point d’Alençon<note xml:id="note3" resp="volume_editor" index="false"> Кружева из французского города того же названия.</note> и <hi>совершенно без света</hi>, и 7 мес[яцев] в деревне. У Храп[овицкого] есть 2000 сер. дохода с именья (т. е. ежели он не будет тянуть последнее, <hi>как делают все</hi>, с несчастных мужиков, <hi>как делают все</hi>), есть у него еще около 1,000 р. сер. за свои литературные труды в год (но это неверно — он может поглупеть или быть несчастлив и не напишет ничего). У Г-жи Д[ембицкой] есть какой-то запутанный вексель в 20,000, с кот[орого], ежели бы она получила его, она бы имела процентов 800 р. — итого, при самых выгодных условиях, 3,800 р. — Знаете ли вы, что это такое 3,800 р. в Петербурге? Для того, чтобы с этими деньгами прожить 5 мес[яцев] в Пет[ербурге], надо жить в 5-м этаже, иметь 4 комнаты, иметь не повара, а кухарку, не сметь думать о том, чтобы иметь карету и попелиновое платье с point Alençon, или голубую шляпку, потому что такая шляпка jurera<note xml:id="note4" resp="volume_editor" index="false"> [не будет гармонировать]</note> со всей остальной обстановкой. — Можно с этими средствами жить в Туле или Москве, и даже изредка блеснуть перед Лазаревичами,<note xml:id="note5" resp="volume_editor" index="false"> О Лазаревичах см. прим. 3 к п. № <hi style="opdelimiter">34.</hi><hi style="opnumber">110</hi></note> но за это merci. Можно тоже и в Петербурге жить в 3-м этаже, иметь карету и point Alençon и прятаться от кредиторов, портных и магазинщиков, и писать в деревню, что всё, что я приказал для облегчения мужиков, — это вздор, а тяни с них последнее, и потом самим ехать в деревню и с стыдом сидеть там годы, злясь друг на друга, и за это — merci. Я испытал это. — Есть другого рода жизнь на 5 этаже (бедно, но честно), где всё, что можно употребить на роскошь, употребляется на роскошь домашнюю, на отделку этой квартирки на 5 этаже, на повара, на кухню, на вино, чтоб друзьям радостно было придти на этот 5 этаж, на книги, ноты, картины, концерты, квартеты дома, а не на роскошь внешнюю для удивления Лазарев[ичей], холопей и болванов (12 Nоября). Прощайте, ложусь спать, <hi style="opdelimiter">жму</hi><hi style="opnumber">109</hi> <hi style="npnumber">110</hi><hi style="npdelimiter">вашу</hi> милую руку и слишком, слишком много думая о вас. Завтра буду продолжать. Теперь же буду писать в желтую книжечку и опять о вас<note xml:id="note6" resp="volume_editor" index="false"> В Записной книжке Толстого 1856 г. после записи от 25 октября идет сразу 18 ноября, но следует принять во внимание, что часть записей сделана без дат; к тому же часть записи от 18 ноября написана не в Ясной Поляне, а позже. Запись о В. В. Арсеньевой см. в т. 47, стр. 199.</note>. Я дурак.</p>
<p rend="left"><hi>13 Nоября.</hi> Буду продолжать это письмо в другой раз, получив от вас; а теперь как-то это не занимает, и в голове другое. — Последний раз пишу вам. Что с вами? Больны вы? или вам снова совестно отчего-нибудь передо мной, или вы стыдитесь за те отношения, которые установились между нами? Но что бы то ни было, напишите строчку. Сначала я нежничал, потом злился, теперь чувствую, что становлюсь уже равнодушен, и слава Богу. Какой-то инстинкт давно говорит мне, что кроме вашего и моего несчастия, ничего из этого не выйдет. Лучше остановиться во время. Посылаю вам программу о вступлении в приготов[ительный] класс Правоведения.<note xml:id="note7" resp="volume_editor" index="false"> Императорское училище правоведения — привилегированное закрытое учебное заведение, учрежденное в 1835 г. (см. прим. 16 к п. № 32).</note> Там всё есть. Когда будете подавать в Мае прошение, напишите в нем, что документы, посланные мной тогда-то, уже находятся в Совете Правоведения. Заметьте, что Николиньке нужно для поступления выучиться читать и писать по-немецки, чего он, кажется, не знает. Поручительство даст тот, кто его повезет. — Когда я люблю вас, мне часто хочется приехать к вам и сказать вам всё, что чувствую; но в такие минуты, как теперь, когда я злюсь на вас и чувствую себя совершенно равнодушным, мне еще больше хочется видеть вас и высказать вам всё, что накипело, и доказать вам, что мы никогда не можем понимать и поэтому любить друг друга, и что в этом никто не виноват, кроме Бога и нас, ежели мы будем обманывать себя и друг друга. —</p>
<p rend="left">Во всяком случае, ради истинного Бога, памятью вашего отца и всего, что для вас есть священного, умоляю вас, будьте искренны со мной, совершенно искренны, не позволяйте себе увлекаться. —</p>
<p rend="left">Прощайте, дай вам Бог всего хорошего.</p>
<p rend="right">Ваш Гр. Л. Толстой.</p>
<comments><p rend="Textpetit_otstup left">Впервые полностью опубликовано в Б. I, 3, стр. 336—340. См. записи в Дневнике Толстого под 12 ноября (т. 47, стр. 100).</p>
<p rend="Textpetit_otstup left"><hi>1</hi> <hi>В автографе:</hi> пропадает</p>
<p rend="petit left"><hi>2</hi> Дембицкой Толстой называл В. В. Арсеньеву, изображая в письмах историю их отношений.</p>
<p rend="petit left"><hi>3</hi> Кружева из французского города того же названия.</p>
<p rend="petit left"><hi>4</hi> [не будет гармонировать]</p>
<p rend="petit left"><hi>5</hi> О Лазаревичах см. прим. 3 к п. № <hi style="opdelimiter">34.</hi><hi style="opnumber">110</hi></p>
<p rend="petit left"><hi>6</hi> В Записной книжке Толстого 1856 г. после записи от 25 октября идет сразу 18 ноября, но следует принять во внимание, что часть записей сделана без дат; к тому же часть записи от 18 ноября написана не в Ясной Поляне, а позже. Запись о В. В. Арсеньевой см. в т. 47, стр. 199.</p>
<p rend="petit left"><hi>7</hi> Императорское училище правоведения — привилегированное закрытое учебное заведение, учрежденное в 1835 г. (см. прим. 16 к п. № 32).</p>
</comments></div></body>
        </text>
        </TEI>