<?xml version="1.0" encoding="UTF-8"?>
    <!-- <?xml-stylesheet type="text/xsl" target="../resources/MJT/myletter.xsl"?> -->
    <?xml-stylesheet type="css" target="graves.css"?>
    <?xml-model target="http://www.tei-c.org/release/xml/tei/custom/schema/relaxng/tei_all.rng" type="application/xml" schematypens="http://relaxng.org/ns/structure/1.0"?>
    <?xml-model target="http://www.tei-c.org/release/xml/tei/custom/schema/relaxng/tei_all.rng" type="application/xml"
            schematypens="http://purl.oclc.org/dsdl/schematron"?>
    <TEI xmlns="http://www.tei-c.org/ns/1.0">
       <teiHeader>
          <fileDesc>
             <titleStmt>
                <title>Письмо №* 243. М. Г. Клебанову. Неотправленное.</title>
             </titleStmt>
             <publicationStmt>
                <publisher>TolstoyLab</publisher>
                <date when="2015-09-14">14 September 2015</date>
             </publicationStmt>
             <sourceDesc>
                <biblStruct>
                   <analytic>
                      <author>Толстой Л.Н.</author>
                   </analytic>
                   <monogr>
                      <title level="m">Полное собрание сочинений. Том 81</title>
                      <imprint>
                         <pubPlace>Москва</pubPlace>
                         <publisher>Государственное издательство "Художественная литература"</publisher>
                         <date when="1956"/>
                      </imprint>
                   </monogr>
                   <series>
                      <title level="s">Л.Н. Толстой. Полное собрание сочинений</title>
                      <biblScope unit="vol">81</biblScope>
                   </series>
                </biblStruct>
             </sourceDesc>
          </fileDesc>
          <encodingDesc>
             <tagsDecl> </tagsDecl>
          </encodingDesc>
          <profileDesc>
             <correspDesc>
                <correspAction type="unsent">
                   <persName ref="PersonList.xml#L_N_Tolstoy">Л. Н. Толстой</persName>
                   <placeName ref="PlacesListxml#PLACE">Я. П.</placeName>
                   <date when="1910-03-27">1910 г. Марта 27.</date>            </correspAction>
                <correspAction type="receiving">
                   <persName ref="PersonList.xml#RECEIVER">Клебанов М. Г.</persName>
                </correspAction>
                <correspContext>
                   <ref type="prev"></ref>
                </correspContext>
             </correspDesc>
          </profileDesc>
       </teiHeader>
       <xenoData><number type="in a volume">243</number></xenoData>

       <text xml:id="M.G.Klebanovu_243">
	<body><div>
		<opener index="false">
* 243. М. Г. Клебанову. Неотправленное.
1910 г. Марта 27. Я. П.</opener>
<p rend="right">27 марта 10 г. Ясная Поляна.</p>
<p rend="left">Посылаю вам письмо, написанное мною по случаю такого же обращения ко мне, как и то, про которое вы пишете.</p>
<comments><p rend="Textpetit_otstup left">Кроме машинописного подлинника, сохранился черновик-автограф написанный на конверте письма Клебанова. Письмо, повидимому, отправлено не было, так как оно сохранилось в конверте письма Клебанова вместе с его письмом.</p>
<p rend="petit left">М. Г. Клебанов — студент Горного института, в письме из Петербурга от 25 марта 1910 г. писал, что к нему обратилась одна знакомая женщина с просьбой достать яду, чтобы отравиться. Он спрашивал Толстого: «Что делать? »</p>
<p rend="emptyline left"><hi style="opnumber">190</hi> <hi style="npnumber">191</hi></p>
</comments></div></body>
        </text>
        </TEI>
