<?xml version="1.0" encoding="UTF-8"?>
    <!-- <?xml-stylesheet type="text/xsl" target="../resources/MJT/myletter.xsl"?> -->
    <?xml-stylesheet type="css" target="graves.css"?>
    <?xml-model target="http://www.tei-c.org/release/xml/tei/custom/schema/relaxng/tei_all.rng" type="application/xml" schematypens="http://relaxng.org/ns/structure/1.0"?>
    <?xml-model target="http://www.tei-c.org/release/xml/tei/custom/schema/relaxng/tei_all.rng" type="application/xml"
            schematypens="http://purl.oclc.org/dsdl/schematron"?>
    <TEI xmlns="http://www.tei-c.org/ns/1.0">
       <teiHeader>
          <fileDesc>
             <titleStmt>
                <title>Письмо №193. А. И. Герцену.</title>
             </titleStmt>
             <publicationStmt>
                <publisher>TolstoyLab</publisher>
                <date when="2015-09-14">14 September 2015</date>
             </publicationStmt>
             <sourceDesc>
                <biblStruct>
                   <analytic>
                      <author>Толстой Л.Н.</author>
                   </analytic>
                   <monogr>
                      <title level="m">Полное собрание сочинений. Том 60</title>
                      <imprint>
                         <pubPlace>Москва</pubPlace>
                         <publisher>Государственное издательство "Художественная литература"</publisher>
                         <date when="1949"/>
                      </imprint>
                   </monogr>
                   <series>
                      <title level="s">Л.Н. Толстой. Полное собрание сочинений</title>
                      <biblScope unit="vol">60</biblScope>
                   </series>
                </biblStruct>
             </sourceDesc>
          </fileDesc>
          <encodingDesc>
             <tagsDecl> </tagsDecl>
          </encodingDesc>
          <profileDesc>
             <correspDesc>
                <correspAction type="sending">
                   <persName ref="PersonList.xml#L_N_Tolstoy">Л. Н. Толстой</persName>
                   <placeName ref="PlacesListxml#PLACE">Брюссель.</placeName>
                   <date when="1861-03-08">1861 г. Марта 8</date>            </correspAction>
                <correspAction type="receiving">
                   <persName ref="PersonList.xml#RECEIVER">Герцен Александр Иванович</persName>
                </correspAction>
                <correspContext>
                   <ref type="prev"></ref>
                </correspContext>
             </correspDesc>
          </profileDesc>
       </teiHeader>
       <xenoData><number type="in a volume">193</number></xenoData>

              <text xml:id="A.I.Gercenu_193">
	<body><div>
		<opener index="false">
193. А. И. Герцену.
1861 г. Марта 8/20. Брюссель.</opener>
<p rend="right">20 Марта 1861.</p>
<p rend="left">Чувствую потребность написать вам словечко, хотя собственно, нечего мне сказать вам, любезный Александр Иваныч. Хочется сказать, что я очень рад, что узнал вас, и что, несмотря на то, что вы все искали меня на том конце, на котором бы не должен быть никто по всем вероятиям, мне весело думать, что вы такой, какой есть, т. е. способный сбегать за микстурой для Тимашева<note xml:id="note1" resp="volume_editor" index="false"> Под «микстурой для Тимашева» Толстой подразумевает статью Герцена в новогоднем, за 1861 г., номере «Колокола», написанную по поводу приезжавшего в Лондон шефа жандармов и начальника III отделения генерала Александра Егоровича Тимашева (1818—1893). По возвращении своем из-за границы Тимашев был с понижением переведен в Пермь на должность генерал-губернатора. Впоследствии (1868—1877) был министром внутренних дел.</note> и вследствие того способный написать то, что вы написали. Дай-то Бог, чтобы через 6 месяцев сбылись ваши надежды. Всё возможно в наше время; хотя я и возможность эту понимаю иначе, чем вы. Тесье<note xml:id="note2" resp="volume_editor" index="false"> Мари-Эдмон Тесье дю Моттэ — французский ученый, участник февральской революции, друг Герцена.</note> вам сказал, верно, что я уехал только вечером и не успел зайти к вам, что бы мне даже нужно было сделать для письма Прудону.<note xml:id="note3" resp="volume_editor" index="false"> Пьер-Жозеф Прудон (1809—1865) — французский экономист, теоретик анархизма. Герцен приготовил рекомендательное письмо для Толстого, но так как Толстой не зашел перед своим отъездом за письмом, Герцен отправил письмо по почте. О свидании своем с Прудоном и их разговоре, в котором Прудон говорил: «вам, русским, принадлежит будущность», Толстой писал в своей статье «О значении народного образования». См. т. 8, стр. 405.</note> Тесье милый человек, но как он невыносимо льстит в глаза. Я пробыл с ним долго, но не знаю его, такого он напустил льстивого дыма — чаду, что ничего разобрать нельзя. Как-то сошла ваша иллюминация?<note xml:id="note4" resp="volume_editor" index="false"> Под «иллюминацией» Толстой подразумевал затеваемый Герценом торжественный банкет по случаю освобождения крестьян в России.</note> Здесь же, к удивлению моему, старые русские, как князь Дундук,<note xml:id="note5" resp="volume_editor" index="false"> Кн. М. А. Дондуков-Корсаков. См. п. № 198.</note> похваливают государя за его твердость. Влияние совершившегося факта будет страшно сильно. Все будут либералы теперь, когда интересы будут натыкаться только на стеснения, а не поддерживаться ими.</p>
<p rend="left">(Monnai).</p>
<p rend="left">Я буду здесь, должно быть, около недели, ожидая писем и посылок из Лондона, Парижа и России. Ежели захотите написать мне, то адресуйте в Hôtel d’Angleterre, Place Monnai.<note xml:id="note6" resp="volume_editor" index="false"> [Английская гостиница. Монетная площадь.]</note></p>
<p rend="left">Жму руку всем вашим. Всё я хотел спросить у вас, что за человек ваша непонятная англичано-ненавистница гувернантка; и не успел. Вы к ней привыкли, а она престранная. Николай Платонычу крепко жму руку и имею честь донести по его части, что вчера, слушая Фауста Гуно, испытал весьма сильное и глубокое впечатление, хотя не мог разобрать, произведено ли оно было музыкой или этой величайшей в мире драмой, <hi style="opdelimiter">которая</hi><hi style="opnumber">370</hi> <hi style="npnumber">371</hi><hi style="npdelimiter">осталась</hi> так велика даже в переделке французского либрето. Но музыка в самом деле не дурна.</p>
<p rend="right">Толстой.</p>
<p rend="Textpetit_otstup left">Александр Иванович Герцен (1812—1870).</p>
<comments><p rend="Textpetit_otstup left">Все три письма Толстого к Герцену (№№ 193, 195 и 197) впервые опубликованы Н. Н. Гусевым по фотокопиям в статье «Толстой и Герцен», «Литературное наследство», № 41—42, изд. Академии наук СССР, М. 1941, стр. 494—495, 496—497 и 498, 503.</p>
<p rend="petit left">Толстой лично познакомился с Александром Ивановичем Герценом посетив его в Лондоне в первых числах марта (по н. с.) 1861 г.</p>
<p rend="petit left">До своего отъезда 16 марта (н. с.) из Лондона, где в то время жил Герцен, Толстой постоянно виделся с Герценом и, как видно по публикуемым письмам и другим материалам, вел с ним оживленные беседы. Обоих писателей особенно волновали вопросы освобождения крестьян, поднятые в связи с только что опубликованным манифестом 19 февраля 1861 г.</p>
<p rend="petit left">О Толстом и Герцене подробнее см. в статье H. H. Гусева в № 41—42 «Литературного наследства».</p>
<p rend="Textpetit_otstup left"><hi>1</hi> Под «микстурой для Тимашева» Толстой подразумевает статью Герцена в новогоднем, за 1861 г., номере «Колокола», написанную по поводу приезжавшего в Лондон шефа жандармов и начальника III отделения генерала Александра Егоровича Тимашева (1818—1893). По возвращении своем из-за границы Тимашев был с понижением переведен в Пермь на должность генерал-губернатора. Впоследствии (1868—1877) был министром внутренних дел.</p>
<p rend="petit left"><hi>2</hi> Мари-Эдмон Тесье дю Моттэ — французский ученый, участник февральской революции, друг Герцена.</p>
<p rend="petit left"><hi>3</hi> Пьер-Жозеф Прудон (1809—1865) — французский экономист, теоретик анархизма. Герцен приготовил рекомендательное письмо для Толстого, но так как Толстой не зашел перед своим отъездом за письмом, Герцен отправил письмо по почте. О свидании своем с Прудоном и их разговоре, в котором Прудон говорил: «вам, русским, принадлежит будущность», Толстой писал в своей статье «О значении народного образования». См. т. 8, стр. 405.</p>
<p rend="petit left"><hi>4</hi> Под «иллюминацией» Толстой подразумевал затеваемый Герценом торжественный банкет по случаю освобождения крестьян в России.</p>
<p rend="petit left"><hi>5</hi> Кн. М. А. Дондуков-Корсаков. См. п. № 198.</p>
<p rend="petit left"><hi>6</hi> [Английская гостиница. Монетная площадь.]</p>
</comments></div></body>
        </text>
        </TEI>
