<?xml version="1.0" encoding="UTF-8"?>
    <!-- <?xml-stylesheet type="text/xsl" target="../resources/MJT/myletter.xsl"?> -->
    <?xml-stylesheet type="css" target="graves.css"?>
    <?xml-model target="http://www.tei-c.org/release/xml/tei/custom/schema/relaxng/tei_all.rng" type="application/xml" schematypens="http://relaxng.org/ns/structure/1.0"?>
    <?xml-model target="http://www.tei-c.org/release/xml/tei/custom/schema/relaxng/tei_all.rng" type="application/xml"
            schematypens="http://purl.oclc.org/dsdl/schematron"?>
    <TEI xmlns="http://www.tei-c.org/ns/1.0">
       <teiHeader>
          <fileDesc>
             <titleStmt>
                <title>Письмо №285. С. А. Толстой</title>
             </titleStmt>
             <publicationStmt>
                <publisher>TolstoyLab</publisher>
                <date when="2015-09-14">14 September 2015</date>
             </publicationStmt>
             <sourceDesc>
                <biblStruct>
                   <analytic>
                      <author>Толстой Л.Н.</author>
                   </analytic>
                   <monogr>
                      <title level="m">Полное собрание сочинений. Том 83</title>
                      <imprint>
                         <pubPlace>Москва</pubPlace>
                         <publisher>Государственное издательство "Художественная литература"</publisher>
                         <date when="1938"/>
                      </imprint>
                   </monogr>
                   <series>
                      <title level="s">Л.Н. Толстой. Полное собрание сочинений</title>
                      <biblScope unit="vol">83</biblScope>
                   </series>
                </biblStruct>
             </sourceDesc>
          </fileDesc>
          <encodingDesc>
             <tagsDecl> </tagsDecl>
          </encodingDesc>
          <profileDesc>
             <correspDesc>
                <correspAction type="sending">
                   <persName ref="PersonList.xml#L_N_Tolstoy">Л. Н. Толстой</persName>
                   <placeName ref="PlacesListxml#PLACE">Я. П.</placeName>
                   <date when="1884-12-10">1884 г. Декабря 10.</date>            </correspAction>
                <correspAction type="receiving">
                   <persName ref="PersonList.xml#RECEIVER">Толстая Софья Андреевна</persName>
                </correspAction>
                <correspContext>
                   <ref type="prev"></ref>
                </correspContext>
             </correspDesc>
          </profileDesc>
       </teiHeader>
       <xenoData><number type="in a volume">285</number></xenoData>

       <text xml:id="a10_285">
	<body><div>
		<opener index="false">
285.
1884 г. Декабря 10. Я. П.</opener>
<p rend="left">Получллъ нынче твое коротенькое письмо<note xml:id="note1" resp="volume_editor" index="false"> От 8 декабря, начинающееся словами: «Пишу тебе от дяди Сережи, где засиделась и я, и дети».</note> отъ Сережи. Нехорошо твое нервное состояніе съ кали бромати.<note xml:id="note2" resp="volume_editor" index="false"> С. А. Толстая писала 8 декабря: «Вчера до пятого часу совсем не спала, без тебя подъем нервов еще сильнее, просто точно с ума сходишь, так эта бессонница тяжела» (стр. 277).</note> Я на твоемъ мѣстѣ рѣшительно сдѣлалъ бы одно изъ двухъ: или присталъ бы къ доктору, чтобы онъ предписалъ мнѣ послѣдовательное лѣченіе, и строго бы слѣдовалъ ему, или бы бросилъ всякія лѣченія и велъ бы гигіенически правильную жизнь — много бы былъ на воздухѣ, много бы дѣлалъ движенія и не думалъ бы о болѣзни. Право, подумай и сдѣлай одно изъ двухъ; а то это ни то, ни сё — очень вредно для тебя, — для твоего душевнаго состоянія.<note xml:id="note3" resp="volume_editor" index="false"> С. А. Толстая отвечала в письме от вторника, 11 декабря: «За что ты нападаешь на мое душевное состояние? Именно <hi>что</hi> не хорошо? Напиши, пожалуйста. Может быть я и пуста, и глупа, и легкомысленна, но я теперь совсем <hi>не зла</hi>, и очень мне это легко и приятно» (стр. 286).</note> — Ты написала Филипу, чтобы кормить <hi style="opdelimiter">птицу,<note xml:id="note4" resp="volume_editor" index="false"> С. А. Толстая писала 11 декабря: «На счет птиц, — я совсем не велела <hi>откармливать</hi>, а только сказала, до Рождества покормить, а потом убить и прислать, если ты хочешь, чтоб их больше не водить».</note></hi><hi style="opnumber">459</hi> <hi style="npnumber">460</hi><hi style="npdelimiter">а</hi> я, было, велѣлъ ее уничтожить, п[отому] ч[то] она не стоитъ корма. Она очень плоха. По-моему оставить однихъ куръ. Валухъ,<hi>5 </hi>к[отораго] кормятъ, очень великъ, но не совсѣмъ сытъ. Его можно продать рублей за 100. Сообрази, будетъ ли онъ стоить тебѣ мясомъ рублей на 90, такъ какъ 10 рублей стоитъ шкура. — Скотница Акулина Ѳоканычева<note xml:id="note5" resp="volume_editor" index="false"> Акулина Михайловна Фоканычева или Фоканова, дочь Михаила Максимовича, сестра бурмистра Тимофея Михайловича Фоканова.</note> и, кажется, очень хороша. Нынче взяли кухарку, старую, степенную женщину, и старухи говорятъ, что въ черной<hi>7 </hi>благодать. Знаю, что надобно бы отпустить Филипа по его не законному положенію и замѣнить его, но жалко. Онъ степененъ и очень старается.</p>
<p rend="left">Нынче я всталъ въ 9 и съ 10 до 2 писалъ не очень хорошо, но и не безполезно, — подвигаюсь. Въ 2 пошелъ ходить на шоссе. Дошелъ до Кабачка<note xml:id="note6" resp="volume_editor" index="false"> В трех верстах от Ясной поляны по дороге в Тулу, с левой стороны, где кончается засека.</note> и назадъ. Пообѣдалъ прекрасно. Я купилъ себѣ рыбы и ѣмъ прекрасно — судака и севрюгу. — Потомъ почиталъ, пришла Аг[афья] Мих[айловна] и болтаетъ съ Мар[ьей] Аф[анасьевной]. Сейчасъ поѣду на Козловку получать и отдавать письмо. Нынче сильное и пріятное впечатлѣніе. Это сочиненія — стихи того самаго мужика-поэта, кот[орый] давно еще привозилъ мнѣ свои стихи. Онъ нынче заѣзжалъ. Я былъ занятъ и не поговорилъ съ нимъ, велѣлъ ему заѣхать завтра. Одно его стихотворенье — превосходно. Есть неровности, уродства невѣжественныя, но все прелестно. Хорошо бы поправить и издать лубочно — Черткову.<note xml:id="note7" resp="volume_editor" index="false"> Владимир Григорьевич Чертков (1854—1936). Толстой познакомился с ним осенью 1883 г. В октябре 1884 г. ими совместно учреждено издательство «Посредник» для распространения книг, предназначавшихся для народного чтения. О В. Г. Черткове см. 85 том писем настоящего издания.</note> Я попробую.</p>
<p rend="left">Когда я уѣзжалъ изъ Москвы, на Покровкѣ мнѣ встрѣтился. Маковскій,<note xml:id="note8" resp="volume_editor" index="false"> Владимир Егорович Маковский (1846—1920), художник-жанрист. В 1883 г. иллюстрировал на ряду с Васнецовым, Репиным и Суриковым сборник: «Рассказы для детей И. С. Тургенева и графа Л. Н. Толстого».</note> Владиміръ, остановилъ меня и сталъ говорить, что ему очень нужно меня видѣть по дѣлу. Дѣло такое, что есть одинъ богачъ, Кузнецовъ,<note xml:id="note9" resp="volume_editor" index="false"> Михаил Назарович Кузнецов, председатель группы фабричных и ремесленных изделий из металлов на промышленно-художественной выставке 1882 г., гласный думы, выборный Московского купеческого сословия, член Московского коммерческого суда.</note> кот[орый] хочетъ издавать для народа хорошія лубочныя картины, — то самое, что Чертковъ. Я торопился и много не могъ говорить съ нимъ. Онъ хотѣлъ пріѣхать въ субботу. Я думалъ вернуться къ субботѣ, и теперь думаю, немножко жалко уѣхать въ тотъ самый день, какъ пріѣдетъ Урусовъ.<note xml:id="note10" resp="volume_editor" index="false"> Л. Д. Урусов возвращался из Крыма. С. А. Толстая писала 11 декабря: «Конечно, очень жаль будет тебе не повидать Урусова. Я думаю, тебе остаться и в субботу поехать в Тулу, ночевать у Урусова, и в воскресенье с курьерским приехать» (стр. 285).</note> Если у тебя все будетъ благополучно, то я постараюсь увидать его въ Тулѣ, въ тотъ день, когда онъ пріѣдетъ. Если онъ выѣдетъ 13, то пріѣдетъ 16, т.-е. въ субботу. —</p>
<p rend="left">Аг[афья] Мих[айловна], не переставая, болтаетъ и мѣшаетъ мнѣ писать, и потому кончаю. Цѣлую тебя и дѣтей. Пишите мнѣ. —</p>
<lb/>
<p rend="left"><hi>На конверте:</hi> Москва. Долго-хамовническій переулокъ, домъ Гр. Толстаго. Графинѣ Софьѣ Андревнѣ <hi style="opdelimiter">Толстой.</hi><hi style="opnumber">460</hi></p>
<comments><p rend="Textpetit_otstup left"><hi style="npnumber">461</hi><hi style="npdelimiter">Печатается</hi> по автографу, хранящемуся в АТБ. Впервые опубликовано по копии, сделанной С. А. Толстой, в ПЖ, стр. 239—240. Датируется на основании почтовых штемпелей: «Почтовый вагон. 11 декабря 1884; Москва. 11 декабря 1884». В ПЖ датировано 11 декабря.</p>
<p rend="Textpetit_otstup left"><hi>1</hi> От 8 декабря, начинающееся словами: «Пишу тебе от дяди Сережи, где засиделась и я, и дети».</p>
<p rend="petit left"><hi>2</hi> С. А. Толстая писала 8 декабря: «Вчера до пятого часу совсем не спала, без тебя подъем нервов еще сильнее, просто точно с ума сходишь, так эта бессонница тяжела» (стр. 277).</p>
<p rend="petit left"><hi>3</hi> С. А. Толстая отвечала в письме от вторника, 11 декабря: «За что ты нападаешь на мое душевное состояние? Именно <hi>что</hi> не хорошо? Напиши, пожалуйста. Может быть я и пуста, и глупа, и легкомысленна, но я теперь совсем <hi>не зла</hi>, и очень мне это легко и приятно» (стр. 286).</p>
<p rend="petit left"><hi>4</hi> С. А. Толстая писала 11 декабря: «На счет птиц, — я совсем не велела <hi>откармливать</hi>, а только сказала, до Рождества покормить, а потом убить и прислать, если ты хочешь, чтоб их больше не водить».</p>
<p rend="petit left"><hi>5</hi> Об этом бычке С. А. Толстая писала 11 декабря: «Валуха тоже, я думаю, продать там» (стр. 285).</p>
<p rend="petit left"><hi>6</hi> Акулина Михайловна Фоканычева или Фоканова, дочь Михаила Максимовича, сестра бурмистра Тимофея Михайловича Фоканова.</p>
<p rend="petit left"><hi>7</hi> Черная кухня.</p>
<p rend="petit left"><hi>8</hi> В трех верстах от Ясной поляны по дороге в Тулу, с левой стороны, где кончается засека.</p>
<p rend="petit left"><hi>9</hi> Владимир Григорьевич Чертков (1854—1936). Толстой познакомился с ним осенью 1883 г. В октябре 1884 г. ими совместно учреждено издательство «Посредник» для распространения книг, предназначавшихся для народного чтения. О В. Г. Черткове см. 85 том писем настоящего издания.</p>
<p rend="petit left"><hi>10</hi> Владимир Егорович Маковский (1846—1920), художник-жанрист. В 1883 г. иллюстрировал на ряду с Васнецовым, Репиным и Суриковым сборник: «Рассказы для детей И. С. Тургенева и графа Л. Н. Толстого».</p>
<p rend="petit left"><hi>11</hi> Михаил Назарович Кузнецов, председатель группы фабричных и ремесленных изделий из металлов на промышленно-художественной выставке 1882 г., гласный думы, выборный Московского купеческого сословия, член Московского коммерческого суда.</p>
<p rend="petit left"><hi>12</hi> Л. Д. Урусов возвращался из Крыма. С. А. Толстая писала 11 декабря: «Конечно, очень жаль будет тебе не повидать Урусова. Я думаю, тебе остаться и в субботу поехать в Тулу, ночевать у Урусова, и в воскресенье с курьерским приехать» (стр. 285).</p>
</comments></div></body>
        </text>
        </TEI>