<?xml version="1.0" encoding="UTF-8"?>
    <!-- <?xml-stylesheet type="text/xsl" target="../resources/MJT/myletter.xsl"?> -->
    <?xml-stylesheet type="css" target="graves.css"?>
    <?xml-model target="http://www.tei-c.org/release/xml/tei/custom/schema/relaxng/tei_all.rng" type="application/xml" schematypens="http://relaxng.org/ns/structure/1.0"?>
    <?xml-model target="http://www.tei-c.org/release/xml/tei/custom/schema/relaxng/tei_all.rng" type="application/xml"
            schematypens="http://purl.oclc.org/dsdl/schematron"?>
    <TEI xmlns="http://www.tei-c.org/ns/1.0">
       <teiHeader>
          <fileDesc>
             <titleStmt>
                <title>Письмо №202. С. А. Толстой</title>
             </titleStmt>
             <publicationStmt>
                <publisher>TolstoyLab</publisher>
                <date when="2015-09-14">14 September 2015</date>
             </publicationStmt>
             <sourceDesc>
                <biblStruct>
                   <analytic>
                      <author>Толстой Л.Н.</author>
                   </analytic>
                   <monogr>
                      <title level="m">Полное собрание сочинений. Том 83</title>
                      <imprint>
                         <pubPlace>Москва</pubPlace>
                         <publisher>Государственное издательство "Художественная литература"</publisher>
                         <date when="1938"/>
                      </imprint>
                   </monogr>
                   <series>
                      <title level="s">Л.Н. Толстой. Полное собрание сочинений</title>
                      <biblScope unit="vol">83</biblScope>
                   </series>
                </biblStruct>
				<bibl>Печатается по автографу, хранящемуся в АТБ. Впервые опубликовано по копии, сделанной С. А. Толстой, в ПЖ, стр. 163—164. Датируется на основании фразы письма: «пишу тебе и вместе посылаю тебе телеграмму еще», телеграмма — от 12 апреля, 12 ч. 05 мин. ночи. В ПЖ датировано 10 апреля 1882 г.</bibl>
             </sourceDesc>
          </fileDesc>
          <encodingDesc>
             <tagsDecl> </tagsDecl>
          </encodingDesc>
          <profileDesc>
             <correspDesc>
                <correspAction type="sending">
                   <persName ref="PersonList.xml#L_N_Tolstoy">Л. Н. Толстой</persName>
                   <placeName ref="PlacesListxml#PLACE">Я. П.</placeName>
                   <date when="1882-04-11">1882 г. Апреля 11.</date>            </correspAction>
                <correspAction type="receiving">
                   <persName ref="PersonList.xml#RECEIVER">Толстая Софья Андреевна</persName>
                </correspAction>
                <correspContext>
                   <ref type="prev"></ref>
                </correspContext>
             </correspDesc>
          </profileDesc>
       </teiHeader>
       <xenoData><number type="in a volume">202</number></xenoData>

       <text xml:id="a11_202">
	<body><div>
		<opener index="false">
202.
1882 г. Апреля 11. Я. П.</opener>
<p rend="left">Вчера получилъ твое письмо на почтѣ,<note xml:id="note1" resp="volume_editor" index="false"> От 9 апреля 1882 г.</note> а нынче другую записочку съ Мишей<note xml:id="note2" resp="volume_editor" index="false"> Записка от 10 апреля, посланная с лакеем Михаилом Фомичем Крюковым.</note> и телеграмму. — Очень мнѣ жаль, что письмо мое одно не дошло во время.<note xml:id="note3" resp="volume_editor" index="false"> Письмо от 9 апреля, что явствует из почтового штемпеля: «11 апреля».</note> Вѣроятно, нач[альникъ] ст[анціи] забылъ положить въ ящикъ. А тебя, бѣдную, это разстроило, а ты и такъ, я вижу, нездорова и взволнована. Пріѣду я во вторникъ<note xml:id="note4" resp="volume_editor" index="false"> 13 апреля.</note> по курьерскому.</p>
<p rend="left">Вчера ходилъ въ баню, потомъ бесѣдовали долго съ Ур[усовымъ], ожидая возвращенія изъ Ясенк[овъ], куда я посылалъ за корект[урами]<note xml:id="note5" resp="volume_editor" index="false"> «Исповедь». См. прим. 1 к предшествующему письму.</note> Онъ пріѣхалъ поздно, и я не спалъ до 5 часовъ. Первый разъ дурно. И нынче день провелъ дурно. Разговоры съ Ур[усовымъ] и потомъ ходили въ лѣсъ искать валдшнепа. Онъ нашелъ вчерашняго, а я погулялъ. За обѣдомъ нашимъ — опять капуста и рѣдька съ квасомъ и зеленые щи. — Въ концѣ является Давыдовъ<note xml:id="note6" resp="volume_editor" index="false"> Николай Васильевич Давыдов (1848—1920), с 1878 г. прокурор Окружного суда в Туле, а затем председатель, в 1897 г. переехал в Москву в качестве председателя Московского окружного суда, был доцентом Московского университета, профессором и ректором Университета имени Шанявского. Читал курс уголовного судопроизводства. Состоял председателем Толстовского общества в Москве. Письма Л. Н Толстого к Н. В. Давыдову напечатаны в сборнике «Толстой. Памятники творчества и жизни», 2. М. 1920, стр 29—65. Очерк «Л. Н. Толстой» напечатан в сборнике Давыдова «Из прошлого» М. 1914, стр 211—277. На стр. 221—222 своих воспоминаний Н. В. Давыдов описал свой приезд с гостями в Ясную поляну, о котором идет речь в настоящем письме.</note> — на тягу. Очень радъ. Онъ встаетъ. Да что вы? — Да тамъ со мной. — Кто же? Да тамъ Лопухинъ.<note xml:id="note7" resp="volume_editor" index="false"> Сергей Алексеевич Лопухин, товарищ прокурора в Туле, впоследствии сенатор. Был женат на гр. Александре Павловне Барановой.</note> — Такъ чтожъ, зовите его. — Да тамъ моя жена.<note xml:id="note8" resp="volume_editor" index="false"> Екатерина Михайловна Давыдова, рожд. Карпакова.</note> Ахъ, ваша жена; ну, да зовите ее. Она не взыщетъ. — Такъ я пойду. — И идетъ. Да вы скажите, нѣтъ ли еще кого-нибудь! — Нѣтъ, да, есть. Маdамъ Добрынина.<note xml:id="note9" resp="volume_editor" index="false"> Елизавета Николаевна Добрынина, жена Павла Петровича Добрынина (ум. около 1912 г.), впоследствии председателя Окружного суда в Калуге.</note> — Ахъ, Добрын[ина]; ну чтожъ, зовите ее. Вотъ три стула и сундукъ; но теперь ужъ всѣ? — Теперь всѣ. — Идетъ и останавливается. — Нѣтъ, есть еще Типольдъ.<note xml:id="note10" resp="volume_editor" index="false"> Эммануил Александрович Типольт, товарищ прокурора в Туле.</note> — Теперь ей Богу всѣ. — Они всѣ пришл[и], посидѣли, и мы пошли на тягу въ заказъ. Я не стрѣлялъ, они стрѣляли, и Ур[усовъ] убилъ еще однаго. Они уѣхали. Мы напились чаю, и вотъ я пишу тебѣ и вмѣстѣ посылаю тебѣ телеграму<note xml:id="note11" resp="volume_editor" index="false"> См. ниже.</note> еще, — отвѣтъ на вопросъ, — когда я пріѣду. Я, возвратясь къ обѣду, получилъ твою телеграму,<note xml:id="note12" resp="volume_editor" index="false"> Она не сохранилась, была послана 11 апреля. С. А. Толстая писала 11 апреля вечером: «Я беспокоилась и телеграфировала тебе, а теперь раскаиваюсь, как бы тебя не встревожить».</note> сначала испугался, потомъ успокоился и послалъ отвѣтъ, а потомъ, перечитывая, нашелъ вопросъ; когда я вернусь. Ты, вѣрно, не разсердишься, когда эта 2-я телегр[ама] разбудитъ тебя <hi style="opdelimiter">ночью.</hi><hi style="opnumber">336</hi></p>
<p rend="left"><hi style="npnumber">337</hi><hi style="npdelimiter">Ну</hi> вотъ, скоро послѣ этаго письма и я пріѣду, если буду живъ. Только бы твое здоровье также скоро поправилось, какъ всѣхъ дѣтей. — Спасибо Таничкѣ,<note xml:id="note13" resp="volume_editor" index="false"> С. А. Толстая писала 9 апреля: «Таня очень мила, помогает с детьми, делает мне бертолетовую соль; одевает и занимает Андрюшу, тиха и добра». (Не опубликовано.)</note> что она помогаетъ тебѣ; вотъ это хорошо, «понравилось». Ты два раза это пишешь, значитъ, по-настоящему помогаетъ. Цѣлую тебя и дѣтей.</p>
<lb/>
<p rend="left"><hi>На конверте:</hi> Москва. Денежный переулокъ. Домъ Волконскихъ. Е. С. Графинѣ Софьѣ Андревнѣ Толстой.</p>
<comments><p rend="Textpetit_otstup left">Печатается по автографу, хранящемуся в АТБ. Впервые опубликовано по копии, сделанной С. А. Толстой, в ПЖ, стр. 163—164. Датируется на основании фразы письма: «пишу тебе и вместе посылаю тебе телеграмму еще», телеграмма — от 12 апреля, 12 ч. 05 мин. ночи. В ПЖ датировано 10 апреля 1882 г.</p>
<p rend="Textpetit_otstup left"><hi>1</hi> От 9 апреля 1882 г.</p>
<p rend="petit left"><hi>2</hi> Записка от 10 апреля, посланная с лакеем Михаилом Фомичем Крюковым.</p>
<p rend="petit left"><hi>3</hi> Письмо от 9 апреля, что явствует из почтового штемпеля: «11 апреля».</p>
<p rend="petit left"><hi>4</hi> 13 апреля.</p>
<p rend="petit left"><hi>5</hi> «Исповедь». См. прим. 1 к предшествующему письму.</p>
<p rend="petit left"><hi>6</hi> Николай Васильевич Давыдов (1848—1920), с 1878 г. прокурор Окружного суда в Туле, а затем председатель, в 1897 г. переехал в Москву в качестве председателя Московского окружного суда, был доцентом Московского университета, профессором и ректором Университета имени Шанявского. Читал курс уголовного судопроизводства. Состоял председателем Толстовского общества в Москве. Письма Л. Н Толстого к Н. В. Давыдову напечатаны в сборнике «Толстой. Памятники творчества и жизни», 2. М. 1920, стр 29—65. Очерк «Л. Н. Толстой» напечатан в сборнике Давыдова «Из прошлого» М. 1914, стр 211—277. На стр. 221—222 своих воспоминаний Н. В. Давыдов описал свой приезд с гостями в Ясную поляну, о котором идет речь в настоящем письме.</p>
<p rend="petit left"><hi>7</hi> Сергей Алексеевич Лопухин, товарищ прокурора в Туле, впоследствии сенатор. Был женат на гр. Александре Павловне Барановой.</p>
<p rend="petit left"><hi>8</hi> Екатерина Михайловна Давыдова, рожд. Карпакова.</p>
<p rend="petit left"><hi>9</hi> Елизавета Николаевна Добрынина, жена Павла Петровича Добрынина (ум. около 1912 г.), впоследствии председателя Окружного суда в Калуге.</p>
<p rend="petit left"><hi>10</hi> Эммануил Александрович Типольт, товарищ прокурора в Туле.</p>
<p rend="petit left"><hi>11</hi> См. ниже.</p>
<p rend="petit left"><hi>12</hi> Она не сохранилась, была послана 11 апреля. С. А. Толстая писала 11 апреля вечером: «Я беспокоилась и телеграфировала тебе, а теперь раскаиваюсь, как бы тебя не встревожить».</p>
<p rend="petit left"><hi>13</hi> С. А. Толстая писала 9 апреля: «Таня очень мила, помогает с детьми, делает мне бертолетовую соль; одевает и занимает Андрюшу, тиха и добра». (Не опубликовано.)</p>
<p rend="left"><hi style="opnumber">337</hi> <hi style="npnumber">338</hi></p>
</comments></div></body>
        </text>
        </TEI>