<?xml version="1.0" encoding="UTF-8"?>
    <!-- <?xml-stylesheet type="text/xsl" target="../resources/MJT/myletter.xsl"?> -->
    <?xml-stylesheet type="css" target="graves.css"?>
    <?xml-model target="http://www.tei-c.org/release/xml/tei/custom/schema/relaxng/tei_all.rng" type="application/xml" schematypens="http://relaxng.org/ns/structure/1.0"?>
    <?xml-model target="http://www.tei-c.org/release/xml/tei/custom/schema/relaxng/tei_all.rng" type="application/xml"
            schematypens="http://purl.oclc.org/dsdl/schematron"?>
    <TEI xmlns="http://www.tei-c.org/ns/1.0">
       <teiHeader>
          <fileDesc>
             <titleStmt>
                <title>Письмо №287. П. Д. Голохвастову</title>
             </titleStmt>
             <publicationStmt>
                <publisher>TolstoyLab</publisher>
                <date when="2015-09-14">14 September 2015</date>
             </publicationStmt>
             <sourceDesc>
                <biblStruct>
                   <analytic>
                      <author>Толстой Л.Н.</author>
                   </analytic>
                   <monogr>
                      <title level="m">Полное собрание сочинений. Том 62</title>
                      <imprint>
                         <pubPlace>Москва</pubPlace>
                         <publisher>Государственное издательство "Художественная литература"</publisher>
                         <date when="1953"/>
                      </imprint>
                   </monogr>
                   <series>
                      <title level="s">Л.Н. Толстой. Полное собрание сочинений</title>
                      <biblScope unit="vol">62</biblScope>
                   </series>
                </biblStruct>
             </sourceDesc>
          </fileDesc>
          <encodingDesc>
             <tagsDecl> </tagsDecl>
          </encodingDesc>
          <profileDesc>
             <correspDesc>
                <correspAction type="sending">
                   <persName ref="PersonList.xml#L_N_Tolstoy">Л. Н. Толстой</persName>
                   <placeName ref="PlacesListxml#PLACE">Я. П.</placeName>
                   <date when="1876-09-25">1876 г. Сентября 25.</date>            </correspAction>
                <correspAction type="receiving">
                   <persName ref="PersonList.xml#RECEIVER">Голохвастов Павел Дмитриевич</persName>
                </correspAction>
                <correspContext>
                   <ref type="prev"></ref>
                </correspContext>
             </correspDesc>
          </profileDesc>
       </teiHeader>
       <xenoData><number type="in a volume">287</number></xenoData>

              <text xml:id="P.D.Goloxvastovu_287">
	<body><div>
		<opener index="false">
287. П. Д. Голохвастову
1876 г. Сентября 25...27? Я. П.</opener>
<p rend="left">На днях вернулся из Самары и Оренбурга, дорогой Павел Дмитриевич, и получил ваше милое письмо. Очень бы было обидно, если бы не пришлось увидаться; но наше положение и планы следующие:</p>
<p rend="left">Я, после продолжительной и тяжелой поездки, усталый и не совсем здоровый, намерен безвыездно сидеть дома и наверстывать потерянное летом время, т. е. много и усердно работать, жена же, только дожидавшаяся моего возвращения, на днях уезжает, т. е. около 27, в Москву на несколько дней для отыскивания и выбирания гувернантки для дочери.</p>
<p rend="left">Малые дети — малые заботы, большие дети... Я никогда не думал, чтобы воспитание детей, т. е. доведение их только до того, чтобы они были такие же, как все, давало столько труда и отнимало столько времени.</p>
<p rend="left">Жена очень сожалеет, если вследствие этого она будет лишена удовольствия принять Ольгу Андреевну; но если бы ваш приезд сошелся с ее возвращением, то мы бы очень рады были вас видеть.</p>
<p rend="left">Вы пишете об обязательном обучении и о противодействии этому.<note xml:id="note1" resp="volume_editor" index="false"> П. Д. Голохвастов, возмущаясь появившимся в газетах проектом введения обязательного обучения, который, по его мнению, в тогдашних условиях грозил «отвратить народ от школы», писал: «Мне кажется, противодействовать этому делу одно средство, и может это только один человек на Руси — Вы...»</note> Вы не поверите, как с годами, семьей и общественными обязанностями всё больше и больше чувствуешь <hi style="opdelimiter">несоответственность</hi><hi style="opnumber">285</hi> <hi style="npnumber">286</hi><hi style="npdelimiter">сил</hi> с предстоящим делом: дела всё больше и больше, а сил всё меньше.</p>
<p rend="left">Во всяком случае прошу верить в мою искреннюю дружбу.</p>
<p rend="right">Ваш Л. Толстой.</p>
<lb/>
<p rend="left">Наш душевный привет Ольге Андреевне.</p>
<comments><p rend="Textpetit_otstup left">О первой публикации см. стр. 3. Дата определяется содержанием, а также письмом П. Д. Голохвастова от 14 сентября, на которое Толстой отвечает.</p>
<p rend="Textpetit_otstup left"><hi>1</hi> П. Д. Голохвастов, возмущаясь появившимся в газетах проектом введения обязательного обучения, который, по его мнению, в тогдашних условиях грозил «отвратить народ от школы», писал: «Мне кажется, противодействовать этому делу одно средство, и может это только один человек на Руси — Вы...»</p>
</comments></div></body>
        </text>
        </TEI>