<?xml version="1.0" encoding="UTF-8"?>
    <!-- <?xml-stylesheet type="text/xsl" target="../resources/MJT/myletter.xsl"?> -->
    <?xml-stylesheet type="css" target="graves.css"?>
    <?xml-model target="http://www.tei-c.org/release/xml/tei/custom/schema/relaxng/tei_all.rng" type="application/xml" schematypens="http://relaxng.org/ns/structure/1.0"?>
    <?xml-model target="http://www.tei-c.org/release/xml/tei/custom/schema/relaxng/tei_all.rng" type="application/xml"
            schematypens="http://purl.oclc.org/dsdl/schematron"?>
    <TEI xmlns="http://www.tei-c.org/ns/1.0">
       <teiHeader>
          <fileDesc>
             <titleStmt>
                <title>Письмо №82. С. А. Толстой</title>
             </titleStmt>
             <publicationStmt>
                <publisher>TolstoyLab</publisher>
                <date when="2015-09-14">14 September 2015</date>
             </publicationStmt>
             <sourceDesc>
                <biblStruct>
                   <analytic>
                      <author>Толстой Л.Н.</author>
                   </analytic>
                   <monogr>
                      <title level="m">Полное собрание сочинений. Том 83</title>
                      <imprint>
                         <pubPlace>Москва</pubPlace>
                         <publisher>Государственное издательство "Художественная литература"</publisher>
                         <date when="1938"/>
                      </imprint>
                   </monogr>
                   <series>
                      <title level="s">Л.Н. Толстой. Полное собрание сочинений</title>
                      <biblScope unit="vol">83</biblScope>
                   </series>
                </biblStruct>
				<bibl>Печатается по автографу, хранящемуся в АТБ. Впервые отрывок из письма напечатан в Б, II, стр. 79—80. Полностью впервые опубликовано по копии, сделанной С. А. Толстой, в ПЖ, стр. 74—75. Датируется на основании слов предшествующего письма: «По всему судя, дай бог 4-го добраться до места». Настоящее же письмо писано, не доезжая 46 верст до места назначения.</bibl>
             </sourceDesc>
          </fileDesc>
          <encodingDesc>
             <tagsDecl> </tagsDecl>
          </encodingDesc>
          <profileDesc>
             <correspDesc>
                <correspAction type="sending">
                   <persName ref="PersonList.xml#L_N_Tolstoy">Л. Н. Толстой</persName>
                   <placeName ref="PlacesListxml#PLACE">Саранск.</placeName>
                   <date when="1869-09-04">1869 г. Сентября 4.</date>            </correspAction>
                <correspAction type="receiving">
                   <persName ref="PersonList.xml#RECEIVER">Толстая Софья Андреевна</persName>
                </correspAction>
                <correspContext>
                   <ref type="prev"></ref>
                </correspContext>
             </correspDesc>
          </profileDesc>
       </teiHeader>
       <xenoData><number type="in a volume">82</number></xenoData>

       <text xml:id="a4_82">
	<body><div>
		<opener index="false">
82.
1869 г. Сентября 4. Саранск.</opener>
<p rend="left">Пишу тебѣ изъ Саранска, милый другъ. Доѣхалъ почти до мѣста. Отсюда 46 верстъ. Я беру вольныхъ и ѣду прямо до мѣста. —</p>
<p rend="left">Что съ тобой и дѣтьми? Не случилось ли что? Я второй день мучаюсь безпокойствомъ. Третьяго дня въ ночь я ночевалъ въ Арзамасѣ, и со мной было что-то необыкновенное. Было 2 часа ночи, я усталъ страшно, хотѣлось спать и ничего не болѣло. Но вдругъ на меня нашла тоска, страхъ, ужасъ такіе, какихъ я никогда не испытывалъ. Подробности этаго чувства я тебѣ разскажу впослѣдствіи; но подобнаго мучительнаго чувства я никогда не испытывалъ, и никому не дай Богъ <hi style="opdelimiter">испытать.</hi><note xml:id="note1" resp="volume_editor" index="false"> Переживание ужаса, испытанного Толстым ночью, изображено им в рассказе «Записки сумасшедшего» (см. т. 26).</note><hi style="opnumber">167</hi></p>
<p rend="left"><hi style="npnumber">168</hi><hi style="npdelimiter">Я</hi> вскочилъ, велѣлъ закладывать. Пока закладывали, я заснулъ, и проснулся здоровымъ. Вчера это чувство въ гораздо меньшей степени возвратилось во время ѣзды, но я былъ приготовленъ и не поддался ему, тѣмъ болѣе, что оно и было слабѣе. Нынче чувствую себя здоровымъ и веселымъ, насколько могу быть внѣ семьи. —</p>
<p rend="left">Въ эту поѣздку въ первый разъ я почувствовалъ, до какой степени я сросся съ тобой и съ дѣтьми. Я могу оставаться одинъ въ постоянныхъ занятіяхъ, какъ я бываю въ Москвѣ, но какъ теперь безъ дѣла, я рѣшительно чувствую, что не могу быть одинъ. —</p>
<p rend="left">Кажется по всему, что я узналъ здѣсь, что я поѣду назадъ на Моршанскъ, что гораздо ближе. Въ Саранскъ и въ Нижній я напишу на почту со вложеніемъ марки, чтобы мнѣ прислали твои письма въ Тулу. —</p>
<p rend="left">Ѣхалъ я все время одинъ, какъ въ пустынѣ, не встрѣтивъ ни однаго цивилизованнаго человѣка.</p>
<p rend="left">Отъ Нижняго до <hi>2</hi>/<sub>3</sub> дороги одинъ характеръ мѣстности: песчаный грунтъ — прекрасныя мужицкія постройки въ родѣ подмосковныхъ. Я не люблю этотъ характеръ. Къ Саранску начинается черноземъ, похожее все на Тулу и очень живописно.—</p>
<p rend="left">Я надѣюсь сократить свой отпускъ, но ничего рѣшительно не пишу, пока не былъ на мѣстѣ. Страшно, главное, ненастье. Морозъ подираетъ по кожѣ при одной мысли ѣхать назадъ эти 300 верстъ по грязи. —</p>
<p rend="left">Я забылъ двѣ вещи: кожанъ и варенье. Но кожанъ я намѣренъ замѣнить кафтаномъ, который куплю, а варенье замѣняю сахаромъ.</p>
<p rend="left">Прощай, душенька. Одно хорошо, что мыслей о романѣ и философіи совсѣмъ нѣтъ.<note xml:id="note3" resp="volume_editor" index="false"> Речь идет о последнем, шестом, томе «Войны и мира», изобилующем философскими рассуждениями.</note></p>
<comments><p rend="Textpetit_otstup left">Печатается по автографу, хранящемуся в АТБ. Впервые отрывок из письма напечатан в Б, II, стр. 79—80. Полностью впервые опубликовано по копии, сделанной С. А. Толстой, в ПЖ, стр. 74—75. Датируется на основании слов предшествующего письма: «По всему судя, дай бог 4-го добраться до места». Настоящее же письмо писано, не доезжая 46 верст до места назначения.</p>
<p rend="Textpetit_otstup left"><hi>1</hi> Переживание ужаса, испытанного Толстым ночью, изображено им в рассказе «Записки сумасшедшего» (см. т. 26).</p>
<p rend="petit left"><hi>2</hi> Речь идет о последнем, шестом, томе «Войны и мира», изобилующем философскими рассуждениями.</p>
<p rend="left"><hi style="opnumber">168</hi> <hi style="npnumber">169</hi></p>
</comments></div></body>
        </text>
        </TEI>