<?xml version="1.0" encoding="UTF-8"?>
    <!-- <?xml-stylesheet type="text/xsl" target="../resources/MJT/myletter.xsl"?> -->
    <?xml-stylesheet type="css" target="graves.css"?>
    <?xml-model target="http://www.tei-c.org/release/xml/tei/custom/schema/relaxng/tei_all.rng" type="application/xml" schematypens="http://relaxng.org/ns/structure/1.0"?>
    <?xml-model target="http://www.tei-c.org/release/xml/tei/custom/schema/relaxng/tei_all.rng" type="application/xml"
            schematypens="http://purl.oclc.org/dsdl/schematron"?>
    <TEI xmlns="http://www.tei-c.org/ns/1.0">
       <teiHeader>
          <fileDesc>
             <titleStmt>
                <title>Письмо №41. К. П. Победоносцеву.</title>
             </titleStmt>
             <publicationStmt>
                <publisher>TolstoyLab</publisher>
                <date when="2015-09-14">14 September 2015</date>
             </publicationStmt>
             <sourceDesc>
                <biblStruct>
                   <analytic>
                      <author>Толстой Л.Н.</author>
                   </analytic>
                   <monogr>
                      <title level="m">Полное собрание сочинений. Том 63</title>
                      <imprint>
                         <pubPlace>Москва</pubPlace>
                         <publisher>Государственное издательство "Художественная литература"</publisher>
                         <date when="1934"/>
                      </imprint>
                   </monogr>
                   <series>
                      <title level="s">Л.Н. Толстой. Полное собрание сочинений</title>
                      <biblScope unit="vol">63</biblScope>
                   </series>
                </biblStruct>
				<bibl>Печатается по автографу, хранящемуся в БЛ. Впервые опубликовано (факсимильно) в кн. «К. П. Победоносцев и его корреспонденты». Письма и записки с предисловием М. Н. Покровского. Т. I, полутом I, Гиз, 1923, стр. 171. Датируется по содержанию. См. прим. к письму № 40.</bibl>
             </sourceDesc>
          </fileDesc>
          <encodingDesc>
             <tagsDecl> </tagsDecl>
          </encodingDesc>
          <profileDesc>
             <correspDesc>
                <correspAction type="sending">
                   <persName ref="PersonList.xml#L_N_Tolstoy">Л. Н. Толстой</persName>
                   <placeName ref="PlacesListxml#PLACE">Я. П.</placeName>
                   <date when="1881-03-15">1881 г. Марта 15?</date>            </correspAction>
                <correspAction type="receiving">
                   <persName ref="PersonList.xml#RECEIVER">Победоносцев Константин Петрович</persName>
                </correspAction>
                <correspContext>
                   <ref type="prev"></ref>
                </correspContext>
             </correspDesc>
          </profileDesc>
       </teiHeader>
       <xenoData><number type="in a volume">41</number></xenoData>

              <text xml:id="K__P__Pobedonoscevu_41">
	<body><div>
		<opener index="false">
41. К. П. Победоносцеву.
1881 г. Марта 15? Я. П.
</opener>
<p rend="Obrashenie left">Милостивый Государь</p>
<p rend="Obrashenie1_ left">Константинъ Петровичъ!</p>
<p rend="left">Я знаю Васъ за христіанина и, не поминая всего того, что я знаю о Васъ, мнѣ этого достаточно, чтобы смѣло обратиться къ Вамъ съ важной и трудной просьбой передать Государю письмо, написанное мною по поводу страшныхъ событій послѣдняго времени. —</p>
<p rend="left">Не самонадѣянность побудила меня къ такому смѣлому поступку, но единственно мысль или вѣрнѣе чувство, не дающее мнѣ покоя, что я буду виноватъ передъ собою и передъ Богомъ, если никто не скажетъ Царю того, чтò я думаю, и что мысли эти оставятъ хоть какой нибудь слѣдъ въ душѣ Царя; а я могъ это сдѣлать и не сдѣлалъ. Вы близко стоите и къ Государю, и къ высшимъ сферамъ; Вы знаете все, что сказано было и говорится о настоящемъ положеніи. — Ради Бога возьмите на себя трудъ прочесть мое письмо, и если Вы найдете, что въ немъ нѣтъ ничего такого, что бы не было высказано, пожалуйста, уничтожьте письмо и простите меня за трудъ, который я доставилъ Вамъ. — Но если Вы найдете, что въ письмѣ моемъ есть что нибудь новое, такое, что можетъ обратить на себя вниманіе Государя, то пожалуйста передайте или перешлите его.</p>
<p rend="left">Простите за смѣлость моего обращенія къ Вамъ и вѣрьте въ чувства истиннаго уваженія и преданности, съ которыми имѣю честь быть Вашъ покорный слуга</p>
<p rend="right">Графъ Левъ Толстой.</p>
<comments><p rend="Textpetit_otstup left">Печатается по автографу, хранящемуся в БЛ. Впервые опубликовано (факсимильно) в кн. «К. П. Победоносцев и его корреспонденты». Письма и записки с предисловием М. Н. Покровского. Т. I, полутом I, Гиз, 1923, стр. 171. Датируется по содержанию. См. прим. к письму № 40.</p>
<p rend="petit left">Константин Петрович Победоносцев (1827—1906) — государственный деятель, действительный тайный советник, статс-секретарь. Окончил Училище правоведения; в 1860—1865 гг. занимал кафедру гражданского права в Московском университете; в то же время состоял преподавателем законоведения наследникам Александра II (а позднее — Александра III). В 1865 г. назначен членом консультации министерства юстиции, в 1868 г. сенатором, в 1872 г. членом Государственного совета и в 1880 г. обер-прокурором Синода. В этой должности пробыл до 19 октября 1905 г. Реакционер по своим убеждениям, он имел громадное влияние на царей <hi style="opdelimiter">—</hi><hi style="opnumber">57</hi> <hi style="npnumber">58</hi><hi style="npdelimiter">Александра</hi> III и потом Николая II и их политику и был составителем всех манифестов и рескриптов того периода. Время его безответственного владычества в «делах веры» было самым темным периодом в истории. Гонения, ссылки, каторга ждали всех не признающих учения официальной русской православной церкви. Толстой в письме (первая версия) царю Николаю II в декабре 1900 г. писал о Победоносцеве: «Из всех преступных дел самые гадкие и возмущающие душу всякого честного человека, это — дела, творимые отвратительным, бессердечным, бессовестным советчиком вашим по религиозным делам — злодеем, имя которого, как образцового злодея, перейдет в историю, — Победоносцевым». Победоносцева Толстой вывел в «Воскресении» (ч. II, гл. 27) под именем Топорова (см. В. И. Срезневский, «Заметка к дневнику Т. Л. Сухотиной» ТП 3, стр. 74—79).</p>
<p rend="petit left">Письмо Толстого к К. П. Победоносцеву вызвано событием 1 марта 1881 г. Толстой просил Победоносцева передать написанное им по этому поводу письмо государю (см. п. № 40). Письмо Толстого к государю Победоносцев передать отказался. Очевидно, под влиянием этого письма Толстого, ставшего скоро известным многим высокопоставленным лицам, писал К. П. Победоносцев Александру III: «Ваше императорское величество. Простите, ради бога, что так часто тревожу Вас и беспокою. — Сегодня пущена в ход мысль, которая приводит меня в ужас. Люди так развратились в мыслях, что иные считают возможным избавление осужденных преступников от смертной казни. Уже распространяется между русскими людьми страх, что могут представить Вашему величеству извращенные мысли и убедить Вас к помилованию преступников. Слух этот дошел до старика гр. Строганова, который приехал ко мне сегодня в волнении. — Может ли это случиться? Нет, нет, и тысячу раз нет — этого быть не может, чтобы Вы, перед лицом всего народа русского, в такую минуту простили <hi>убийц отца Вашего</hi>, русского государя, за кровь которого вся земля (кроме немногих ослабевших умом и сердцем) требует мщения и громко ропщет, что оно замедляется. — Еслиб это могло случиться, верьте мне, государь, это будет принято за грех великий, и поколеблет сердца всех Ваших подданных. Я русский человек, живу посреди русских и знаю, что чувствует народ и чего требует. В эту минуту все жаждут возмездия. Тот из этих злодеев, кто избежит смерти, будет тотчас же строить новые ковы. Ради бога, ваше величество, — да не проникнет в сердце Вам голос лести и мечтательности! Вашего императорского величества верноподданный Константин Победоносцев. 30 Марта 1881. Петербург». На письме К. П. Победоносцева Александр III написал: «Будьте покойны, с подобными предложениями ко мне не посмеют прийти никто и что <hi>все шестеро будут повешены</hi>, за это я ручаюсь. — А.» («К. П. Победоносцев и его корреспонденты». Гиз. 1923, т. I, полутом I, стр. 47—48).</p>
<p rend="petit left">Толстому К. П. Победоносцев ответил лишь через три месяца: «Не взыщите, достопочтеннейший граф Лев Николаевич, во-первых, за то, что я оставил до сего времени без ответа письмо Ваше, врученное мне Н. Н. Страховым. Это произошло не из неучтивости или равнодушия, а от невозможности опознаться вскоре в той суете и путанице мыслей и забот, которая одолевала и не перестает еще одолевать меня после 1 <hi style="opdelimiter">марта.</hi><hi style="opnumber">58</hi></p>
<p rend="petit left"><hi style="npnumber">59</hi><hi style="npdelimiter">Во-вторых,</hi> не взыщите за то, что я уклонился от исполнения Вашего поручения. В таком важном деле всё должно делаться по вере. А, прочитав письмо Ваше, я увидел, что Ваша вера одна, а моя и церковная другая, и что наш Христос — не Ваш Христос. — Своего я знаю мужем силы и истины, исцеляющим расслабленных, а в Вашем показались мне черты расслабленного, который сам требует исцеления. Вот почему я по своей вере и не мог исполнить Ваше поручение. Душевно уважающий и преданный Вам К. Победоносцев. Петербург, 15 июня 1881 года» (Б II, стр. 176—177).</p>
<p rend="petit left">На письме Толстого К. П. Победоносцевым надписано: «Он писал, что необходимо оставить злодеев без всякого преследования».</p>
<p rend="petit left">Об отношении К. П. Победоносцева к Толстому см. также в письмах его к Александру III от 18 февраля 1887 г. и от 1 ноября 1891 г. в кн.: «Письма Победоносцева к Александру III» т. II, изд. «Новая Москва», 1926, стр. 130—134, 251—254.</p>
</comments></div></body>
        </text>
        </TEI>