<?xml version="1.0" encoding="UTF-8"?>
    <!-- <?xml-stylesheet type="text/xsl" target="../resources/MJT/myletter.xsl"?> -->
    <?xml-stylesheet type="css" target="graves.css"?>
    <?xml-model target="http://www.tei-c.org/release/xml/tei/custom/schema/relaxng/tei_all.rng" type="application/xml" schematypens="http://relaxng.org/ns/structure/1.0"?>
    <?xml-model target="http://www.tei-c.org/release/xml/tei/custom/schema/relaxng/tei_all.rng" type="application/xml"
            schematypens="http://purl.oclc.org/dsdl/schematron"?>
    <TEI xmlns="http://www.tei-c.org/ns/1.0">
       <teiHeader>
          <fileDesc>
             <titleStmt>
                <title>Письмо №*203. С. А. Толстой</title>
             </titleStmt>
             <publicationStmt>
                <publisher>TolstoyLab</publisher>
                <date when="2015-09-14">14 September 2015</date>
             </publicationStmt>
             <sourceDesc>
                <biblStruct>
                   <analytic>
                      <author>Толстой Л.Н.</author>
                   </analytic>
                   <monogr>
                      <title level="m">Полное собрание сочинений. Том 83</title>
                      <imprint>
                         <pubPlace>Москва</pubPlace>
                         <publisher>Государственное издательство "Художественная литература"</publisher>
                         <date when="1938"/>
                      </imprint>
                   </monogr>
                   <series>
                      <title level="s">Л.Н. Толстой. Полное собрание сочинений</title>
                      <biblScope unit="vol">83</biblScope>
                   </series>
                </biblStruct>
             </sourceDesc>
          </fileDesc>
          <encodingDesc>
             <tagsDecl> </tagsDecl>
          </encodingDesc>
          <profileDesc>
             <correspDesc>
                <correspAction type="sending">
                   <persName ref="PersonList.xml#L_N_Tolstoy">Л. Н. Толстой</persName>
                   <placeName ref="PlacesListxml#PLACE">Козловка.</placeName>
                   <date when="1882-04-12">1882 г. Апреля 12.</date>            </correspAction>
                <correspAction type="receiving">
                   <persName ref="PersonList.xml#RECEIVER">Толстая Софья Андреевна</persName>
                </correspAction>
                <correspContext>
                   <ref type="prev"></ref>
                </correspContext>
             </correspDesc>
          </profileDesc>
       </teiHeader>
       <xenoData><number type="in a volume">203</number></xenoData>

       <text xml:id="a12_203">
	<body><div>
		<opener index="false">
* 203.
1882 г. Апреля 12. Козловка.
</opener>
<p rend="Obrashenie left">Москва. Денежный пер. домъ Волконской.</p>
<p rend="Obrashenie2 left">Графинѣ Толстой.</p>
<lb/>
<p rend="left">Пріѣду вторникъ<note xml:id="note1" resp="volume_editor" index="false"> 13 апреля.</note> курьерскимъ.</p>
<p rend="right">Толстой.</p>
<comments><p rend="Textpetit_otstup left">Телеграмма. Печатается по телеграфному бланку № 4, хранящемуся в АТБ. Публикуется впервые. Подана в Козловке — 12 апреля 1882 г., в 12 ч. 05 мин. ночи.</p>
<p rend="Textpetit_otstup left"><hi>1</hi> 13 апреля.</p>
</comments></div></body>
        </text>
        </TEI>