<?xml version="1.0" encoding="UTF-8"?>
    <!-- <?xml-stylesheet type="text/xsl" target="../resources/MJT/myletter.xsl"?> -->
    <?xml-stylesheet type="css" target="graves.css"?>
    <?xml-model target="http://www.tei-c.org/release/xml/tei/custom/schema/relaxng/tei_all.rng" type="application/xml" schematypens="http://relaxng.org/ns/structure/1.0"?>
    <?xml-model target="http://www.tei-c.org/release/xml/tei/custom/schema/relaxng/tei_all.rng" type="application/xml"
            schematypens="http://purl.oclc.org/dsdl/schematron"?>
    <TEI xmlns="http://www.tei-c.org/ns/1.0">
       <teiHeader>
          <fileDesc>
             <titleStmt>
                <title>Письмо №* 3. П. Е. Воробьеву.</title>
             </titleStmt>
             <publicationStmt>
                <publisher>TolstoyLab</publisher>
                <date when="2015-09-14">14 September 2015</date>
             </publicationStmt>
             <sourceDesc>
                <biblStruct>
                   <analytic>
                      <author>Толстой Л.Н.</author>
                   </analytic>
                   <monogr>
                      <title level="m">Полное собрание сочинений. Том 61</title>
                      <imprint>
                         <pubPlace>Москва</pubPlace>
                         <publisher>Государственное издательство "Художественная литература"</publisher>
                         <date when="1953"/>
                      </imprint>
                   </monogr>
                   <series>
                      <title level="s">Л.Н. Толстой. Полное собрание сочинений</title>
                      <biblScope unit="vol">61</biblScope>
                   </series>
                </biblStruct>
             </sourceDesc>
          </fileDesc>
          <encodingDesc>
             <tagsDecl> </tagsDecl>
          </encodingDesc>
          <profileDesc>
             <correspDesc>
                <correspAction type="sending">
                   <persName ref="PersonList.xml#L_N_Tolstoy">Л. Н. Толстой</persName>
                   <placeName ref="PlacesListxml#PLACE">Я. П.</placeName>
                   <date when="1863-02-21">1863 г. Февраля 21.</date>            </correspAction>
                <correspAction type="receiving">
                   <persName ref="PersonList.xml#RECEIVER">Воробьев Петр Евстратович</persName>
                </correspAction>
                <correspContext>
                   <ref type="prev"></ref>
                </correspContext>
             </correspDesc>
          </profileDesc>
       </teiHeader>
       <xenoData><number type="in a volume">3</number></xenoData>

              <text xml:id="P__E__Vorobevu_3">
	<body><div>
		<opener index="false">
* 3. П. Е. Воробьеву.
1863 г. Февраля 21. Я. П.
</opener>
<p rend="Obrashenie left">Петр Евстратьевич!</p>
<p rend="left">Прошу тебя о следующем:</p>
<p rend="left">1) поскорее известить меня о подробностях описи Никольского, именно, сколько ровно долгу? с процентами или без процентов?</p>
<p rend="left">2) похлопотать, чтобы в описи годовой доход был означен выше 3000, и по доверенности подать в Губернское правление прошение о том, что мы просим, не продавая имения, <hi style="opdelimiter">предоставить</hi><hi style="opnumber">4</hi> <hi style="npnumber">5</hi><hi style="npdelimiter">нам</hi> заплатить долг в продолжении 2-х лет.<note xml:id="note1" resp="volume_editor" index="false"><ref target='file:///Volume_61_V_Tulskoe_gubernskoe_pravlenie_431.xml'>См. письмо № 431</ref>.</note> На это есть закон, который должны знать приказные.</p>
<p rend="left">3) Предложить Никольскому мельнику вступить со мною в товарищество для постройки в Никольском винокуренного завода с 6-ю тысячами капитала.<note xml:id="note2" resp="volume_editor" index="false"> Первоначальный грандиозный план постройки двух заводов с затратой на это большого капитала был значительно сокращен, и, вероятно, в мае был пущен в ход один небольшой завод (<ref target='file:///Volume_61_A__A__Fetu_15.xml'>см. письмо № 15</ref>). О постройке Толстым винокуренного завода см.: 1) письма тестя Толстого А. Е. Берса, относящиеся к весне 1863 г.; 2) письма В. А. Иславина к Толстому от 15—30 марта и 14 апреля 1863 г.; 3) письма С. А. Толстой к Толстому в Москву 1864 г. (см. ПСТ, № 10); 4) неопубликованную автобиографию С. А. Толстой «Моя жизнь». Просуществовал винокуренный завод не более полутора лет.</note> В случае его согласия, предложить ему приехать ко мне для подробного обсуждения дела. В случае несогласия, предложить ему составить условие о ежегодном помоле для меня 2000 четв[ертей] ржи и узнать его требования. —</p>
<p rend="left">4) Объявить о продаже леса в Никольском знакомым купцам.</p>
<p rend="left">5) Готовить хлеб в продажу, но о последних ценах меня уведомить до продажи.</p>
<p rend="left">6) Прислать проект разверстания.<note xml:id="note3" resp="volume_editor" index="false"> Проект разверстания, т. е. выделения земли в пользу освобожденных от крепостной зависимости крестьян села Никольского и деревни Платицыной.</note></p>
<p rend="right">Гр. Л. Толстой.</p>
<p rend="left">21 февраля.</p>
<comments><p rend="Textpetit_otstup left">Год определяется сопоставлением с письмом № 2.</p>
<p rend="Textpetit_otstup left"><hi>1</hi><ref target='file:///Volume_61_V_Tulskoe_gubernskoe_pravlenie_431.xml'>См. письмо № 431</ref>.</p>
<p rend="petit left"><hi>2</hi> Первоначальный грандиозный план постройки двух заводов с затратой на это большого капитала был значительно сокращен, и, вероятно, в мае был пущен в ход один небольшой завод (<ref target='file:///Volume_61_A__A__Fetu_15.xml'>см. письмо № 15</ref>). О постройке Толстым винокуренного завода см.: 1) письма тестя Толстого А. Е. Берса, относящиеся к весне 1863 г.; 2) письма В. А. Иславина к Толстому от 15—30 марта и 14 апреля 1863 г.; 3) письма С. А. Толстой к Толстому в Москву 1864 г. (см. ПСТ, № 10); 4) неопубликованную автобиографию С. А. Толстой «Моя жизнь». Просуществовал винокуренный завод не более полутора лет.</p>
<p rend="petit left"><hi>3</hi> Проект разверстания, т. е. выделения земли в пользу освобожденных от крепостной зависимости крестьян села Никольского и деревни Платицыной.</p>
</comments></div></body>
        </text>
        </TEI>