<?xml version="1.0" encoding="UTF-8"?>
    <!-- <?xml-stylesheet type="text/xsl" target="../resources/MJT/myletter.xsl"?> -->
    <?xml-stylesheet type="css" target="graves.css"?>
    <?xml-model target="http://www.tei-c.org/release/xml/tei/custom/schema/relaxng/tei_all.rng" type="application/xml" schematypens="http://relaxng.org/ns/structure/1.0"?>
    <?xml-model target="http://www.tei-c.org/release/xml/tei/custom/schema/relaxng/tei_all.rng" type="application/xml"
            schematypens="http://purl.oclc.org/dsdl/schematron"?>
    <TEI xmlns="http://www.tei-c.org/ns/1.0">
       <teiHeader>
          <fileDesc>
             <titleStmt>
                <title>Письмо №* 254. П. И. Бартеневу.</title>
             </titleStmt>
             <publicationStmt>
                <publisher>TolstoyLab</publisher>
                <date when="2015-09-14">14 September 2015</date>
             </publicationStmt>
             <sourceDesc>
                <biblStruct>
                   <analytic>
                      <author>Толстой Л.Н.</author>
                   </analytic>
                   <monogr>
                      <title level="m">Полное собрание сочинений. Том 61</title>
                      <imprint>
                         <pubPlace>Москва</pubPlace>
                         <publisher>Государственное издательство "Художественная литература"</publisher>
                         <date when="1953"/>
                      </imprint>
                   </monogr>
                   <series>
                      <title level="s">Л.Н. Толстой. Полное собрание сочинений</title>
                      <biblScope unit="vol">61</biblScope>
                   </series>
                </biblStruct>
             </sourceDesc>
          </fileDesc>
          <encodingDesc>
             <tagsDecl> </tagsDecl>
          </encodingDesc>
          <profileDesc>
             <correspDesc>
                <correspAction type="sending">
                   <persName ref="PersonList.xml#L_N_Tolstoy">Л. Н. Толстой</persName>
                   <placeName ref="PlacesListxml#PLACE">Москва.</placeName>
                   <date when="1868-03-01">1868 г. Марта 1.</date>            </correspAction>
                <correspAction type="receiving">
                   <persName ref="PersonList.xml#RECEIVER">Бартенев Петр Иванович</persName>
                </correspAction>
                <correspContext>
                   <ref type="prev"></ref>
                </correspContext>
             </correspDesc>
          </profileDesc>
       </teiHeader>
       <xenoData><number type="in a volume">254</number></xenoData>

              <text xml:id="P__I__Bartenevu_254">
	<body><div>
		<opener index="false">
* 254. П. И. Бартеневу.
1868 г. Марта 1...8? Москва.</opener>
<p rend="left">Я вчера только получил в первый раз задержавшиеся листы IV т. — Нынче посылаю дальнейшую рукопись.<note xml:id="note1" resp="volume_editor" index="false"> Пятого тома «Войны и мира», часть которой Толстой послал в начале января.</note> Остается у меня меньше половины. Поругайте Риса за задержки. Деньги я ему дам на праздниках.</p>
<p rend="left">Пошлите экземпляры<note xml:id="note2" resp="volume_editor" index="false"> Экземпляры четвертого тома, который вышел 14—15 марта.</note> в редакции. Один экземпляр пошлите, пожалуйста, <hi>Ивану Петровичу Борисову <hi style="opdelimiter">Мценск.</hi></hi><hi style="opnumber">194</hi></p>
<comments><p rend="Textpetit_otstup left"><hi style="npnumber">195</hi><hi style="npdelimiter">Датируется</hi> по неопубликованному письму И. П. Борисова к П. И. Бартеневу от 20 марта 1868 г., в котором он благодарил за присылку IV тома «Войны и мира».</p>
<p rend="Textpetit_otstup left"><hi>1</hi> Пятого тома «Войны и мира», часть которой Толстой послал в начале января.</p>
<p rend="petit left"><hi>2</hi> Экземпляры четвертого тома, который вышел 14—15 марта.</p>
</comments></div></body>
        </text>
        </TEI>