<?xml version="1.0" encoding="UTF-8"?>
    <!-- <?xml-stylesheet type="text/xsl" target="../resources/MJT/myletter.xsl"?> -->
    <?xml-stylesheet type="css" target="graves.css"?>
    <?xml-model target="http://www.tei-c.org/release/xml/tei/custom/schema/relaxng/tei_all.rng" type="application/xml" schematypens="http://relaxng.org/ns/structure/1.0"?>
    <?xml-model target="http://www.tei-c.org/release/xml/tei/custom/schema/relaxng/tei_all.rng" type="application/xml"
            schematypens="http://purl.oclc.org/dsdl/schematron"?>
    <TEI xmlns="http://www.tei-c.org/ns/1.0">
       <teiHeader>
          <fileDesc>
             <titleStmt>
                <title>Письмо №338. С. А. Толстой</title>
             </titleStmt>
             <publicationStmt>
                <publisher>TolstoyLab</publisher>
                <date when="2015-09-14">14 September 2015</date>
             </publicationStmt>
             <sourceDesc>
                <biblStruct>
                   <analytic>
                      <author>Толстой Л.Н.</author>
                   </analytic>
                   <monogr>
                      <title level="m">Полное собрание сочинений. Том 83</title>
                      <imprint>
                         <pubPlace>Москва</pubPlace>
                         <publisher>Государственное издательство "Художественная литература"</publisher>
                         <date when="1938"/>
                      </imprint>
                   </monogr>
                   <series>
                      <title level="s">Л.Н. Толстой. Полное собрание сочинений</title>
                      <biblScope unit="vol">83</biblScope>
                   </series>
                </biblStruct>
				<bibl>Печатается по автографу, хранящемуся в АТБ. Впервые опубликовано по копии, сделанной С. А. Толстой, в ПЖ, стр. 279—280. Датируется на основании Почтовых штемпелей: «Почтовый вагон. 29 октября. 1885; Москва. 29 октября 1885», а также на основании слов письма: «письмо, не запечатывая свезу завтра на Козловку и там..... припишу» и соответствующей приписки.</bibl>
             </sourceDesc>
          </fileDesc>
          <encodingDesc>
             <tagsDecl> </tagsDecl>
          </encodingDesc>
          <profileDesc>
             <correspDesc>
                <correspAction type="sending">
                   <persName ref="PersonList.xml#L_N_Tolstoy">Л. Н. Толстой</persName>
                   <placeName ref="PlacesListxml#PLACE">Я. П.</placeName>
                   <date from="1885-10-27" to="1885-10-28">1885 г. Октября 27 — 28</date>            </correspAction>
                <correspAction type="receiving">
                   <persName ref="PersonList.xml#RECEIVER">Толстая Софья Андреевна</persName>
                </correspAction>
                <correspContext>
                   <ref type="prev"></ref>
                </correspContext>
             </correspDesc>
          </profileDesc>
       </teiHeader>
       <xenoData><number type="in a volume">338</number></xenoData>

       <text xml:id="a27-28_338">
	<body><div>
		<opener index="false">
338.
1885 г. Октября 27—28. Я. П. Козловка.
</opener><p rend="left">Нынче не былъ на Козловкѣ и не получилъ твоего письма, и мнѣ отъ того ли или вообще уныло. Тѣмъ болѣе, что по вчерашнему письму ты ждешь моего пріѣзда, а я еще не пріѣхалъ. — Живу я все по старому, совсѣмъ одинъ день какъ другой, и все также много работаю. Ал[ександръ] Петр[овичъ] еще не дописалъ, а я привожу въ порядокъ то, что переписано. И все еще тянетъ и не опротивѣло. — Скоро должно кончиться — т. е. ходъ мыслей въ этомъ направленіи; а теперь жалко бросать. Письмо, не запечатывая, свезу завтра на Козл[овку] и тамъ, судя по твоему письму, рѣшу, когда пріѣду, и припишу. —</p>
<p rend="left">Изъ событій — главное то, что пріѣхала Фейнермана жена.<note xml:id="note1" resp="volume_editor" index="false"> Эсфирь Борисовна Файнерман-Варшавская, жена Файнермана. В ней особое участие принимала С. А. Толстая, доставив ей возможность держать акушерские экзамены, когда ее, как еврейку, полиция выселяла из Москвы, она же стремилась получить самостоятельный заработок.</note> Она телеграф[ировала] ему, и онъ съ Конст[антиномъ], у к[отораго] онъ живетъ, выѣзжалъ ей навстрѣчу и нынче вечеромъ приходилъ съ ней ко мнѣ. Она чистенькая, недурная Еврейка, готовилась держать экзаменъ на домашнюю учительницу, а теперь пріѣхала совсѣмъ къ нему. Ребенка оставила у свекрови. Они живутъ въ Константиновой семьѣ, всѣ 6 душъ въ крошечной черной избѣ. Она, какъ кажется, раздѣляетъ его убѣжденія. На вопросъ: что они будутъ дѣлать? <hi style="opdelimiter">Они</hi><hi style="opnumber">525</hi> <hi style="npnumber">526</hi><hi style="npdelimiter">говорятъ:</hi> будутъ жить, — работать и стараться быть полезными. Я предложилъ имъ переписку. И очень радъ, что они взялись.</p>
<p rend="left">Очень странно и ни на что не похоже, но я его считаю искреннимъ человѣкомъ (ему только 20 л[ѣтъ]), и увѣренъ, что въ немъ нѣтъ ничего скрытаго. А она, очевидно, любитъ его. Я нынче послѣ обѣда рубилъ лѣсъ, 3 осины Павлу,<note xml:id="note2" resp="volume_editor" index="false"> Вероятно, Павел Федорович Шентяков, крестьянин Ясной поляны.</note> на починку избы, и пріятно усталъ. Ѣмъ и сплю хорошо. Только Ал[ександръ] Пет[ровичъ] очень хлюпаетъ. Никогда не видалъ человѣка болѣе похожаго на птицу — воробей. — Все, что пишутъ про себя, и ты про дѣтей, все относительно хорошо. Но что Илья. Съ нимъ примирились? Чертковъ спрашиваетъ сказку и изъ Зола статью.<note xml:id="note3" resp="volume_editor" index="false"> Ранее напечатанные и отданные для бесплатной перепечатки в издании «Посредника» произведения М. К. Цебриковой: сказка — «Ткач и хлебопек» (в «Посреднике» не была перепечатана) и эпизод из романа Золя «Assomoir», в переложении вышла в <hi style="opdelimiter">«Посреднике»</hi><hi style="opnumber">526</hi> <hi style="npnumber">527</hi><hi style="npdelimiter">1886</hi> г. под заглавием: «Жервеза. Рассказ из жизни рабочего люда». Оба рассказа были посланы на просмотр Толстому и одно время у него затерялись.</note> Я хотѣлъ найти ее въ шкапу въ гостиной, но не могъ отпереть.</p>
<p rend="left">Очень хочется увидать васъ и очень хочется получить завтра такое письмо, которое побудило бы меня пріѣхать.</p>
<p rend="left">Цѣлую тебя и дѣтей.</p>
<p rend="left">Опоздалъ на 5 минутъ къ поѣзду и телеграф[ировалъ].<note xml:id="note4" resp="volume_editor" index="false"> Телеграмма эта не сохранилась.</note> Получилъ твое письмо открытое,<note xml:id="note5" resp="volume_editor" index="false"> От 26 октября. С. А. Толстая писала в нем: «Мне нездоровится, лихорадка была ночью, и я две ночи совсем не спала. Не знаю, радоваться ли твоему приезду; он тебе не будет радостен, ты так тяготишься жизнью городской. Вообще, всячески плохо: вместе будет чуждо и врозь скучно. Дети здоровы, а я от лихорадки нынче совсем шальная. Что-то ты? Опять за водой без ведерки ездил»? (ПСТ, стр. 335—336).</note> — грустное. Ты нездорова и скучна. Это еще болѣе поощряетъ меня поскорѣе пріѣхать, но хочется докончить, запечатать работу. Дома обдумаю. Получилъ Танино письмо<note xml:id="note6" resp="volume_editor" index="false"> В этом письме Т. Л. Толстая писала: «Про важность и пустячность вещей я очень с тобой согласна, но главное то грустно, что не виден их вред, а только вся прелесть. Здесь я осаждаема ими. Что ты пишешь про народ, который мы видаем, то же и я думаю, но для меня огромное лишение никого никогда не видать. Для издания я бы очень рада работать, но сейчас у меня столько в виду занятия — переписыванья, рисованья и чтения, что боюсь взять и провалять долго». Т. Л. Толстая отвечала на письмо Толстого от 18 октября.</note> и былъ очень радъ. Цѣлую тебя и всѣхъ. Не понимаю, что же смотрѣлъ докторъ, если ея палецъ не на мѣстѣ. И это меня немного призываетъ въ Москву. Хочется самому видѣть. </p>
<lb/>
<p rend="left"><hi>На конверте:</hi> Москва Долгохамовническій № 15. Графинѣ Софьѣ Андревнѣ Толстой.</p>
<comments><p rend="Textpetit_otstup left">Печатается по автографу, хранящемуся в АТБ. Впервые опубликовано по копии, сделанной С. А. Толстой, в ПЖ, стр. 279—280. Датируется на основании Почтовых штемпелей: «Почтовый вагон. 29 октября. 1885; Москва. 29 октября 1885», а также на основании слов письма: «письмо, не запечатывая свезу завтра на Козловку и там..... припишу» и соответствующей приписки.</p>
<p rend="Textpetit_otstup left"><hi>1</hi> Эсфирь Борисовна Файнерман-Варшавская, жена Файнермана. В ней особое участие принимала С. А. Толстая, доставив ей возможность держать акушерские экзамены, когда ее, как еврейку, полиция выселяла из Москвы, она же стремилась получить самостоятельный заработок.</p>
<p rend="petit left"><hi>2</hi> Вероятно, Павел Федорович Шентяков, крестьянин Ясной поляны.</p>
<p rend="petit left"><hi>3</hi> Ранее напечатанные и отданные для бесплатной перепечатки в издании «Посредника» произведения М. К. Цебриковой: сказка — «Ткач и хлебопек» (в «Посреднике» не была перепечатана) и эпизод из романа Золя «Assomoir», в переложении вышла в <hi style="opdelimiter">«Посреднике»</hi><hi style="opnumber">526</hi> <hi style="npnumber">527</hi><hi style="npdelimiter">1886</hi> г. под заглавием: «Жервеза. Рассказ из жизни рабочего люда». Оба рассказа были посланы на просмотр Толстому и одно время у него затерялись.</p>
<p rend="petit left"><hi>4</hi> Телеграмма эта не сохранилась.</p>
<p rend="petit left"><hi>5</hi> От 26 октября. С. А. Толстая писала в нем: «Мне нездоровится, лихорадка была ночью, и я две ночи совсем не спала. Не знаю, радоваться ли твоему приезду; он тебе не будет радостен, ты так тяготишься жизнью городской. Вообще, всячески плохо: вместе будет чуждо и врозь скучно. Дети здоровы, а я от лихорадки нынче совсем шальная. Что-то ты? Опять за водой без ведерки ездил»? (ПСТ, стр. 335—336).</p>
<p rend="petit left"><hi>6</hi> В этом письме Т. Л. Толстая писала: «Про важность и пустячность вещей я очень с тобой согласна, но главное то грустно, что не виден их вред, а только вся прелесть. Здесь я осаждаема ими. Что ты пишешь про народ, который мы видаем, то же и я думаю, но для меня огромное лишение никого никогда не видать. Для издания я бы очень рада работать, но сейчас у меня столько в виду занятия — переписыванья, рисованья и чтения, что боюсь взять и провалять долго». Т. Л. Толстая отвечала на письмо Толстого от 18 октября.</p>
</comments></div></body>
        </text>
        </TEI>