<?xml version="1.0" encoding="UTF-8"?>
    <!-- <?xml-stylesheet type="text/xsl" target="../resources/MJT/myletter.xsl"?> -->
    <?xml-stylesheet type="css" target="graves.css"?>
    <?xml-model target="http://www.tei-c.org/release/xml/tei/custom/schema/relaxng/tei_all.rng" type="application/xml" schematypens="http://relaxng.org/ns/structure/1.0"?>
    <?xml-model target="http://www.tei-c.org/release/xml/tei/custom/schema/relaxng/tei_all.rng" type="application/xml"
            schematypens="http://purl.oclc.org/dsdl/schematron"?>
    <TEI xmlns="http://www.tei-c.org/ns/1.0">
       <teiHeader>
          <fileDesc>
             <titleStmt>
                <title>Письмо №85. П. И. Бартеневу.</title>
             </titleStmt>
             <publicationStmt>
                <publisher>TolstoyLab</publisher>
                <date when="2015-09-14">14 September 2015</date>
             </publicationStmt>
             <sourceDesc>
                <biblStruct>
                   <analytic>
                      <author>Толстой Л.Н.</author>
                   </analytic>
                   <monogr>
                      <title level="m">Полное собрание сочинений. Том 61</title>
                      <imprint>
                         <pubPlace>Москва</pubPlace>
                         <publisher>Государственное издательство "Художественная литература"</publisher>
                         <date when="1953"/>
                      </imprint>
                   </monogr>
                   <series>
                      <title level="s">Л.Н. Толстой. Полное собрание сочинений</title>
                      <biblScope unit="vol">61</biblScope>
                   </series>
                </biblStruct>
				<bibl>Впервые опубликовано в ТТ, 4, стр. 4.</bibl>
             </sourceDesc>
          </fileDesc>
          <encodingDesc>
             <tagsDecl> </tagsDecl>
          </encodingDesc>
          <profileDesc>
             <correspDesc>
                <correspAction type="sending">
                   <persName ref="PersonList.xml#L_N_Tolstoy">Л. Н. Толстой</persName>
                   <placeName ref="PlacesListxml#PLACE">Москва.</placeName>
                   <date when="1864-12-07">1864 г. Декабря 7.</date>            </correspAction>
                <correspAction type="receiving">
                   <persName ref="PersonList.xml#RECEIVER">Бартенев Петр Иванович</persName>
                </correspAction>
                <correspContext>
                   <ref type="prev"></ref>
                </correspContext>
             </correspDesc>
          </profileDesc>
       </teiHeader>
       <xenoData><number type="in a volume">85</number></xenoData>

              <text xml:id="P__I__Bartenevu_85">
	<body><div>
		<opener index="false">
85. П. И. Бартеневу.
1864 г. Декабря 7. Москва.
</opener>
<p rend="Obrashenie left">Петр Иванович!</p>
<p rend="left">Я был у Уварова.<note xml:id="note1" resp="volume_editor" index="false"> Алексей Сергеевич Уваров (1828—1884) — председатель Московского археологического общества. Толстой ездил к Уварову за разрешением прочитать находившиеся у П. И. Бартенева письма генерала Федора Петровича Уварова (1769—1824), близкого к Александру I. Письма были нужны Толстому для работы над «Войной и миром».</note> Он в Петербурге. Я совершенно уверен, что он не откажет мне в своем согласии прочесть письма, о которых вы говорили. Не можете ли вы дать просмотреть их — не вынося их из вашей квартиры. Ежели вам это можно, то назначьте мне время, когда бы я мог приехать к вам и заняться этим. Я так пристаю к вам, потому что должен ехать в конце этой недели. «Ясную поляну» не успели еще отрыть в кладовой, где она завалена, но завтра принесут вам. Пришлите, пожалуйста, Архив<note xml:id="note2" resp="volume_editor" index="false"> В «Русском архиве» за 1864 г. были напечатаны следующие материалы, относящиеся к истории 1812 г., которыми интересовался Толстой в связи со своей работой над «Войной и миром»: «Письмо гр. Растопчина», стр. 414; «Московский Новодевичий монастырь в 1812 г. Рассказ очевидца, штатного служителя Семена Климыча», стр. 416—434; «Расписание особам, составлявшим французское правление или муниципалитет в Москве 1812 г.», стр. 412—416; «Французские афиши 1812 года», стр. 410; «Новые подлинные черты из истории Отечественной войны 1812 г.», стр. 1190—1245.</note> и Местра.<note xml:id="note3" resp="volume_editor" index="false"> Жозеф де Местр (1754—1821) — французский дипломат, живший в Петербурге с 1803 по 1817 г. в качестве полномочного представителя Сардинского короля при русском дворе. Известно, что Толстым были использованы в работе над романом следующие книги де Местра: 1) J. de Maistre, «Correspondance diplomatique (1811—1817), recueillié et publiée par Albert Blanc», Paris [Ж. де Местр, «Дипломатическая переписка, собранная и опубликованная Альбертом Бланком», Париж], 1858—1861. Экземпляр этой книги сохранился в яснополянской библиотеке; 2) J. de Maistre, «Les soirées de St.-Petersbourg» [Ж. де Местр, «Вечера Петербурга»]. См. Б. М. Эйхенбаум, «Лев Толстой», ч. II, М. — Л. 1931, стр. 309—317. Имя де Местра упоминается Толстым в тексте «Войны и мира», т. IV, ч. III, гл. XIX.</note></p>
<p rend="left">Искренно уважающий и благодарный гр. Л. Толстой.</p>
<p rend="left">7 декабря.</p>
<p rend="left">Сколько всех частей «Галлереи зимнего дворца»?<note xml:id="note4" resp="volume_editor" index="false"> А. И. Михайловский-Данилевский, «Император Александр I и его сподвижники в 1812, 1813, 1814 и 1815 годах. Военная галлерея Зимнего дворца», изд. Межевича и Песоцкого, Спб. 1845—1849. Издание состояло из пяти томов, заключавших сто пятьдесят два литографированных портрета и биографий.</note></p>
<comments><p rend="Textpetit_otstup left">Впервые опубликовано в ТТ, 4, стр. 4.</p>
<p rend="petit left">Петр Иванович Бартенев (1829—1912) — историк, основатель журнала «Русский архив», бессменным редактором которого состоял с 1863 г. до <hi style="opdelimiter">смерти.</hi><hi style="opnumber">61</hi></p>
<p rend="petit left"><hi style="npnumber">62</hi><hi style="npdelimiter">Будучи</hi> в ноябре — декабре 1864 г. в Москве, Толстой работал в Румянцевской и Чертковской библиотеках. Заведующим последней был П. И. Бартенев. Толстой собирал материал для второй части «1805 года», знакомился с бумагами из Архива дворцового ведомства. См. т. 83, № 33.</p>
<p rend="petit left">Во время работы Толстого над «Войной и миром» П. И. Бартенев не только снабжал его необходимыми материалами, но и был ответственным корректором романа, печатавшегося в Москве в типографии Риса.</p>
<p rend="petit left">О знакомстве Толстого с Бартеневым см.: М. А. Цявловский, Вступительная заметка к письмам Толстого к П. И. Бартеневу — ТТ, 4, стр. 3—4; H. Н. Апостолов, «Толстой и Бартенев» — «Толстой. Памятники творчества и жизни», вып. 2, М. 1920, стр. 174—179.</p>
<p rend="Textpetit_otstup left"><hi>1</hi> Алексей Сергеевич Уваров (1828—1884) — председатель Московского археологического общества. Толстой ездил к Уварову за разрешением прочитать находившиеся у П. И. Бартенева письма генерала Федора Петровича Уварова (1769—1824), близкого к Александру I. Письма были нужны Толстому для работы над «Войной и миром».</p>
<p rend="petit left"><hi>2</hi> В «Русском архиве» за 1864 г. были напечатаны следующие материалы, относящиеся к истории 1812 г., которыми интересовался Толстой в связи со своей работой над «Войной и миром»: «Письмо гр. Растопчина», стр. 414; «Московский Новодевичий монастырь в 1812 г. Рассказ очевидца, штатного служителя Семена Климыча», стр. 416—434; «Расписание особам, составлявшим французское правление или муниципалитет в Москве 1812 г.», стр. 412—416; «Французские афиши 1812 года», стр. 410; «Новые подлинные черты из истории Отечественной войны 1812 г.», стр. 1190—1245.</p>
<p rend="petit left"><hi>3</hi> Жозеф де Местр (1754—1821) — французский дипломат, живший в Петербурге с 1803 по 1817 г. в качестве полномочного представителя Сардинского короля при русском дворе. Известно, что Толстым были использованы в работе над романом следующие книги де Местра: 1) J. de Maistre, «Correspondance diplomatique (1811—1817), recueillié et publiée par Albert Blanc», Paris [Ж. де Местр, «Дипломатическая переписка, собранная и опубликованная Альбертом Бланком», Париж], 1858—1861. Экземпляр этой книги сохранился в яснополянской библиотеке; 2) J. de Maistre, «Les soirées de St.-Petersbourg» [Ж. де Местр, «Вечера Петербурга»]. См. Б. М. Эйхенбаум, «Лев Толстой», ч. II, М. — Л. 1931, стр. 309—317. Имя де Местра упоминается Толстым в тексте «Войны и мира», т. IV, ч. III, гл. XIX.</p>
<p rend="petit left"><hi>4</hi> А. И. Михайловский-Данилевский, «Император Александр I и его сподвижники в 1812, 1813, 1814 и 1815 годах. Военная галлерея Зимнего дворца», изд. Межевича и Песоцкого, Спб. 1845—1849. Издание состояло из пяти томов, заключавших сто пятьдесят два литографированных портрета и биографий.</p>
</comments></div></body>
        </text>
        </TEI>