<?xml version="1.0" encoding="UTF-8"?>
    <!-- <?xml-stylesheet type="text/xsl" target="../resources/MJT/myletter.xsl"?> -->
    <?xml-stylesheet type="css" target="graves.css"?>
    <?xml-model target="http://www.tei-c.org/release/xml/tei/custom/schema/relaxng/tei_all.rng" type="application/xml" schematypens="http://relaxng.org/ns/structure/1.0"?>
    <?xml-model target="http://www.tei-c.org/release/xml/tei/custom/schema/relaxng/tei_all.rng" type="application/xml"
            schematypens="http://purl.oclc.org/dsdl/schematron"?>
    <TEI xmlns="http://www.tei-c.org/ns/1.0">
       <teiHeader>
          <fileDesc>
             <titleStmt>
                <title>Письмо №444. П. И. Бирюкову.</title>
             </titleStmt>
             <publicationStmt>
                <publisher>TolstoyLab</publisher>
                <date when="2015-09-14">14 September 2015</date>
             </publicationStmt>
             <sourceDesc>
                <biblStruct>
                   <analytic>
                      <author>Толстой Л.Н.</author>
                   </analytic>
                   <monogr>
                      <title level="m">Полное собрание сочинений. Том 63</title>
                      <imprint>
                         <pubPlace>Москва</pubPlace>
                         <publisher>Государственное издательство "Художественная литература"</publisher>
                         <date when="1934"/>
                      </imprint>
                   </monogr>
                   <series>
                      <title level="s">Л.Н. Толстой. Полное собрание сочинений</title>
                      <biblScope unit="vol">63</biblScope>
                   </series>
                </biblStruct>
				<bibl>Печатается по автографу, хранящемуся в БЛ. Впервые опубликовано в Б, II, изд. 3, стр. 595. Датируется на основании упоминания в нем о письме А. П. Залюбовского. В письме Толстого к С. А. Толстой от 20 ноября 1885 г. также читаем: «Вчера получил письмо, которое очень меня взволновало; посылаю тебе с него копию и прошу тебя очень, очень что-нибудь сделать для облегчения участи этого человека, весьма замечательного». И дальше: «Приписываю вечером — всё возился с письмами и перепиской письма Залюбовского» (см. т. 83, № 331).</bibl>
             </sourceDesc>
          </fileDesc>
          <encodingDesc>
             <tagsDecl> </tagsDecl>
          </encodingDesc>
          <profileDesc>
             <correspDesc>
                <correspAction type="sending">
                   <persName ref="PersonList.xml#L_N_Tolstoy">Л. Н. Толстой</persName>
                   <placeName ref="PlacesListxml#PLACE">Москва.</placeName>
                   <date when="1885-11-20">1885 г. Ноября 20.</date>            </correspAction>
                <correspAction type="receiving">
                   <persName ref="PersonList.xml#RECEIVER">Бирюков Павел Иванович</persName>
                </correspAction>
                <correspContext>
                   <ref type="prev"></ref>
                </correspContext>
             </correspDesc>
          </profileDesc>
       </teiHeader>
       <xenoData><number type="in a volume">444</number></xenoData>

              <text xml:id="P__I__Biryukovu_444">
	<body><div>
		<opener index="false">
444. П. И. Бирюкову.
1885 г. Ноября 20. Москва.
</opener>
<p rend="Obrashenie left">Дорогой Павелъ Ивановичъ!</p>
<p rend="left">Вчера я получилъ письмо, очень взволновавшее меня, отъ офицера Артил[лерійской] Академіи Анат[олія] Петр[овича] Залюбовскаго,<note xml:id="note1" resp="volume_editor" index="false"> Анатолий Петрович Залюбовский. См. прим. к письму № 448.</note> брата того Залюбовскаго,<note xml:id="note2" resp="volume_editor" index="false"> Алексей Петрович Залюбовский. См. прим. к письму № <hi style="opdelimiter">448.</hi><hi style="opnumber">299</hi></note> к[оторый] въ прошломъ году отказался отъ воинской повинности въ Москвѣ. Я думалъ, что его освободили отъ фронтовой службы, и онъ живетъ въ Кишиневѣ, но оказывается, что его ужъ годъ мучаютъ, посылаютъ по этапамъ съ бродягами, помѣщаютъ въ госпитали, пересылаютъ изъ части въ часть и заслали теперь въ Закаспійской край. И онъ до сихъ поръ продолжаетъ на основаніи ученія Христа отказываться отъ участія въ убійствѣ. — Я кое-кому писалъ объ этомъ. Пишу вамъ, не можете ли узнать и что нибудь сдѣлать? Дѣло было у военнаго министра<note xml:id="note3" resp="volume_editor" index="false"> Пост военного министра в то время (с 1 января 1882 г. по 1 января 1898 г.) занимал Петр Семенович Ванновский (1882—1904); с 1898 г. — член Государственного совета; в 1901—1902 гг. — министр народного просвещения.</note> и въ главномъ Штабѣ. — Я прошу<note xml:id="note4" resp="volume_editor" index="false"> <hi>Зачеркнуто:</hi> Графиня Елена Ивановна. <hi>Толстой, очевидно, вначале на этом листе начал писать письмо гр. Е. И. Шуваловой, оставшееся редакции неизвестным.</hi></note> объ одномъ, чтобы съ нимъ поступили по закону, признавъ его такъ назыв[аемымъ] сектантомъ. А то они сами не знаютъ, чтò дѣлать, и прямо отступаютъ отъ закона и ведутъ дѣло тайно. Хорошо бы ужъ и то, чтобы начальствующіе знали, что дѣло это не тайно и есть люди, слѣдящіе за судьбой Залюбовскаго. Неужели мученичество первыхъ временъ христіанства опять возможно и нужно?</p>
<p rend="left">Жена въ Петерб[ургѣ] у Кузминскихъ,<note xml:id="note5" resp="volume_editor" index="false"> Александр Михайлович и Татьяна Андреевна Кузминские.</note> зайдите къ ней; я ей посылаю копію письма Залюб[овскаго].<note xml:id="note6" resp="volume_editor" index="false"> Оно неизвестно.</note> — Посовѣтуйтесь, подумайте и напишите.</p>
<p rend="right">Вашъ Л. Толстой.</p>
<p rend="left">Нельзя ли гдѣ напечатать объ этомъ. Я бы написалъ съ радостью.</p>
<comments><p rend="Textpetit_otstup left">Печатается по автографу, хранящемуся в БЛ. Впервые опубликовано в Б, II, изд. 3, стр. 595. Датируется на основании упоминания в нем о письме А. П. Залюбовского. В письме Толстого к С. А. Толстой от 20 ноября 1885 г. также читаем: «Вчера получил письмо, которое очень меня взволновало; посылаю тебе с него копию и прошу тебя очень, очень что-нибудь сделать для облегчения участи этого человека, весьма замечательного». И дальше: «Приписываю вечером — всё возился с письмами и перепиской письма Залюбовского» (см. т. 83, № 331).</p>
<p rend="Textpetit_otstup left"><hi>1</hi> Анатолий Петрович Залюбовский. См. прим. к письму № 448.</p>
<p rend="petit left"><hi>2</hi> Алексей Петрович Залюбовский. См. прим. к письму № <hi style="opdelimiter">448.</hi><hi style="opnumber">299</hi></p>
<p rend="petit left"><hi>3</hi> Пост военного министра в то время (с 1 января 1882 г. по 1 января 1898 г.) занимал Петр Семенович Ванновский (1882—1904); с 1898 г. — член Государственного совета; в 1901—1902 гг. — министр народного просвещения.</p>
<p rend="petit left"><hi>4</hi> <hi>Зачеркнуто:</hi> Графиня Елена Ивановна. <hi>Толстой, очевидно, вначале на этом листе начал писать письмо гр. Е. И. Шуваловой, оставшееся редакции неизвестным.</hi></p>
<p rend="petit left"><hi>5</hi> Александр Михайлович и Татьяна Андреевна Кузминские.</p>
<p rend="petit left"><hi>6</hi> Оно неизвестно.</p>
</comments></div></body>
        </text>
        </TEI>