<?xml version="1.0" encoding="UTF-8"?>
    <!-- <?xml-stylesheet type="text/xsl" target="../resources/MJT/myletter.xsl"?> -->
    <?xml-stylesheet type="css" target="graves.css"?>
    <?xml-model target="http://www.tei-c.org/release/xml/tei/custom/schema/relaxng/tei_all.rng" type="application/xml" schematypens="http://relaxng.org/ns/structure/1.0"?>
    <?xml-model target="http://www.tei-c.org/release/xml/tei/custom/schema/relaxng/tei_all.rng" type="application/xml"
            schematypens="http://purl.oclc.org/dsdl/schematron"?>
    <TEI xmlns="http://www.tei-c.org/ns/1.0">
       <teiHeader>
          <fileDesc>
             <titleStmt>
                <title>Письмо №322. С. А. Толстой</title>
             </titleStmt>
             <publicationStmt>
                <publisher>TolstoyLab</publisher>
                <date when="2015-09-14">14 September 2015</date>
             </publicationStmt>
             <sourceDesc>
                <biblStruct>
                   <analytic>
                      <author>Толстой Л.Н.</author>
                   </analytic>
                   <monogr>
                      <title level="m">Полное собрание сочинений. Том 83</title>
                      <imprint>
                         <pubPlace>Москва</pubPlace>
                         <publisher>Государственное издательство "Художественная литература"</publisher>
                         <date when="1938"/>
                      </imprint>
                   </monogr>
                   <series>
                      <title level="s">Л.Н. Толстой. Полное собрание сочинений</title>
                      <biblScope unit="vol">83</biblScope>
                   </series>
                </biblStruct>
				<bibl>Печатается по автографу, хранящемуся в АТБ. Впервые опубликовано по копий, сделанной С. А. Толстой, в ПЖ, стр. 267—268. Датируется на основании почтовых штемпелей: «Почтовый вагон. 18 августа 1885; Москва. 18 августа. 1885» и указания в письме, что Толстой пишет после обеда.</bibl>
             </sourceDesc>
          </fileDesc>
          <encodingDesc>
             <tagsDecl> </tagsDecl>
          </encodingDesc>
          <profileDesc>
             <correspDesc>
                <correspAction type="sending">
                   <persName ref="PersonList.xml#L_N_Tolstoy">Л. Н. Толстой</persName>
                   <placeName ref="PlacesListxml#PLACE">Я. П.</placeName>
                   <date when="1885-08-17">1885 г. Августа 17.</date>            </correspAction>
                <correspAction type="receiving">
                   <persName ref="PersonList.xml#RECEIVER">Толстая Софья Андреевна</persName>
                </correspAction>
                <correspContext>
                   <ref type="prev"></ref>
                </correspContext>
             </correspDesc>
          </profileDesc>
       </teiHeader>
       <xenoData><number type="in a volume">322</number></xenoData>

       <text xml:id="a17_322">
	<body><div>
		<opener index="false">
322.
1885 г. Августа 17. Я. П.</opener>
<p rend="left">Жалѣю, что вчера не написалъ тебѣ, хотя Таня и сказала, что ты не велѣла. Послѣ тебя я пошелъ съ моими гостями за грибами. Потомъ читалъ имъ статью. Пріѣхала Халевинская.<note xml:id="note1" resp="volume_editor" index="false"> Мария Михайловна Холевинская, земский врач.</note> Обѣдали всѣ вмѣстѣ. Послѣ обѣда Сережа собрался таки ѣхать въ Пирогово съ Трескинымъ.<note xml:id="note2" resp="volume_editor" index="false"> Владимир Владимирович Трескин (1863—1920), «сын московского нотариуса, приятель моих детей. В то время он взялся помочь держать корректуры» (н. п. С. А.).</note> Ему хотѣлось ѣхать, и я его успокоилъ, что коректуры будутъ всѣ сдѣланы безъ него. И будутъ сдѣланы исправно.<note xml:id="note3" resp="volume_editor" index="false"> Речь идет о корректурах пятого полного собрания сочинений Толстого. С. А. Толстая писала 20 августа 1885 г.: «Если не получите корректур, не удивляйтесь, и опять посылайте за ними. Вышло недоразумение, я просила прислать просмотренные вами листы, а они прислали и новые. Я и просмотрела. Хорошо бы, если б сравнивали «Военные рассказы» по первому изданию: оно у меня на полке в спальне» (ПСТ, стр. 322).</note> — Гости совсѣмъ одолѣли — къ счастью однаго сорта Обол[енскій],<note xml:id="note4" resp="volume_editor" index="false"> Кн. Дмитрий Дмитриевич Оболенский.</note> Халевинская, Файнерманъ<note xml:id="note5" resp="volume_editor" index="false"> Исаак Борисович Файнерман (1863—1925), еврей; будучи в то время крайним последователем Толстого, поселился в деревне Ясной поляне, работал у крестьян и отдавал всякому просящему все, что у него было. Его бедствовавшей жене помогала С. А. Толстая. Впоследствии, под <hi style="opdelimiter">псевдонимом</hi><hi style="opnumber">506</hi> <hi style="npnumber">507</hi><hi style="npdelimiter">Тенеромо,</hi> написал ряд книг о Толстом по личным воспоминаниям; весьма недостоверного содержания. См. о нем в письмах 1886 г., т. 63 настоящего издания.</note> и др. Сидѣли наверху, читали вслухъ; Халевинская уѣхала прежде, потомъ Оболенской. Дома все вполнѣ благополучно, — т. е. всѣ дѣти и нравственно, и физически здоровы. — Очень усталъ: легъ поздно, всталъ рано. Утромъ, оглядѣвъ весь народъ, <hi style="opdelimiter">к[оторый]</hi><hi style="opnumber">505</hi> <hi style="npnumber">506</hi><hi style="npdelimiter">продолжаетъ</hi> быть благополученъ, пошелъ за грибами съ Чертк[овымъ] и Бир[юковымъ].<note xml:id="note6" resp="volume_editor" index="false"> Павел Иванович Бирюков (1860—1931), друг и единомышленник Толстого. Автор четырехтомной биографии Толстого. В 1890 г. предполагалась женитьба Бирюкова на М. Л. Толстой. См. о Бирюкове в письмах 1885 г., т. 63.</note> — Тебя не бранилъ, и не могу представить, какъ это бы можно дѣлать. Подходя къ дому, увидалъ генеральскій мундиръ. — Это Бестужевы два брата<note xml:id="note7" resp="volume_editor" index="false"> Василий Николаевич Бестужев-Рюмин (1835—1910), племянник декабриста Михайла Павловича Бестужева-Рюмина, генерал-лейтенант, в 1876—1889 гг. был начальником оружейного завода в Туле. Бывал в Ясной поляне с женой Марией Филипповной, рожденной Левдик, и дочерью. — Брат его, Константин Николаевич Бестужев-Рюмин (1829—1897), русский историк, профессор Петербургского университета, с 1890 г. — академик. В 1878—1882 гг. заведовал высшими женскими курсами в Петербурге, которые обычно назывались «Бестужевскими».</note> — нашъ и професоръ съ одной Катюшей.</p>
<p rend="left">Обѣдали всѣ наши, послѣ обѣда переливанье изъ пустаго въ порожнее. Чертковъ смѣшилъ молодежь мнимымъ спиритизмомъ. Вотъ уѣхали Бестужевы, и я тебѣ пишу. У Алеши насморкъ сталъ къ вечеру. Его не будемъ выпускать завтра.</p>
<p rend="left">Коректуръ нынче не было. Вчерашнія перечли, поправили и отправили.</p>
<p rend="left">Нынче дѣвочки ѣздили въ церковь узнать о крещеніи,<note xml:id="note8" resp="volume_editor" index="false"> Файнермана.</note> и завтра ѣдутъ крестить. Крестить будетъ наша Таня.<note xml:id="note9" resp="volume_editor" index="false"> Т. Л. Толстая.</note> О[льга] Н[иколаевна]<note xml:id="note10" resp="volume_editor" index="false"> Гувернантка детей Кузминских Ольга Николаевна Тиблен.</note> протестантка. M-me Seuron тоже, говорятъ, нельзя; а большая Таня, — я боюсь, какъ бы отъ Саши не было попрековъ, т[акъ] к[акъ] онъ выразилъ несочувствіе. Теперь «I hope»,<note xml:id="note11" resp="volume_editor" index="false"> [я надеюсь,]</note> I hope, что ты не будешь себя мучать, не будешь приписывать важности ничему, кромѣ того, чтобы тебѣ было нравственно хорошо. Поцѣлуй мальчиковъ и себя. Жду извѣстій о всѣхъ васъ. —</p>
<lb/>
<p rend="left"><hi>На конверте:</hi> Москва. Хамовники, д. Гр. K. Толстого. Графинѣ С. А. Толстой.</p>
<comments><p rend="Textpetit_otstup left">Печатается по автографу, хранящемуся в АТБ. Впервые опубликовано по копий, сделанной С. А. Толстой, в ПЖ, стр. 267—268. Датируется на основании почтовых штемпелей: «Почтовый вагон. 18 августа 1885; Москва. 18 августа. 1885» и указания в письме, что Толстой пишет после обеда.</p>
<p rend="Textpetit_otstup left"><hi>1</hi> Мария Михайловна Холевинская, земский врач.</p>
<p rend="petit left"><hi>2</hi> Владимир Владимирович Трескин (1863—1920), «сын московского нотариуса, приятель моих детей. В то время он взялся помочь держать корректуры» (н. п. С. А.).</p>
<p rend="petit left"><hi>3</hi> Речь идет о корректурах пятого полного собрания сочинений Толстого. С. А. Толстая писала 20 августа 1885 г.: «Если не получите корректур, не удивляйтесь, и опять посылайте за ними. Вышло недоразумение, я просила прислать просмотренные вами листы, а они прислали и новые. Я и просмотрела. Хорошо бы, если б сравнивали «Военные рассказы» по первому изданию: оно у меня на полке в спальне» (ПСТ, стр. 322).</p>
<p rend="petit left"><hi>4</hi> Кн. Дмитрий Дмитриевич Оболенский.</p>
<p rend="petit left"><hi>5</hi> Исаак Борисович Файнерман (1863—1925), еврей; будучи в то время крайним последователем Толстого, поселился в деревне Ясной поляне, работал у крестьян и отдавал всякому просящему все, что у него было. Его бедствовавшей жене помогала С. А. Толстая. Впоследствии, под <hi style="opdelimiter">псевдонимом</hi><hi style="opnumber">506</hi> <hi style="npnumber">507</hi><hi style="npdelimiter">Тенеромо,</hi> написал ряд книг о Толстом по личным воспоминаниям; весьма недостоверного содержания. См. о нем в письмах 1886 г., т. 63 настоящего издания.</p>
<p rend="petit left"><hi>6</hi> Павел Иванович Бирюков (1860—1931), друг и единомышленник Толстого. Автор четырехтомной биографии Толстого. В 1890 г. предполагалась женитьба Бирюкова на М. Л. Толстой. См. о Бирюкове в письмах 1885 г., т. 63.</p>
<p rend="petit left"><hi>7</hi> Василий Николаевич Бестужев-Рюмин (1835—1910), племянник декабриста Михайла Павловича Бестужева-Рюмина, генерал-лейтенант, в 1876—1889 гг. был начальником оружейного завода в Туле. Бывал в Ясной поляне с женой Марией Филипповной, рожденной Левдик, и дочерью. — Брат его, Константин Николаевич Бестужев-Рюмин (1829—1897), русский историк, профессор Петербургского университета, с 1890 г. — академик. В 1878—1882 гг. заведовал высшими женскими курсами в Петербурге, которые обычно назывались «Бестужевскими».</p>
<p rend="petit left"><hi>8</hi> Файнермана.</p>
<p rend="petit left"><hi>9</hi> Т. Л. Толстая.</p>
<p rend="petit left"><hi>10</hi> Гувернантка детей Кузминских Ольга Николаевна Тиблен.</p>
<p rend="petit left"><hi>11</hi> [я надеюсь,]</p>
</comments></div></body>
        </text>
        </TEI>