<?xml version="1.0" encoding="UTF-8"?>
    <!-- <?xml-stylesheet type="text/xsl" target="../resources/MJT/myletter.xsl"?> -->
    <?xml-stylesheet type="css" target="graves.css"?>
    <?xml-model target="http://www.tei-c.org/release/xml/tei/custom/schema/relaxng/tei_all.rng" type="application/xml" schematypens="http://relaxng.org/ns/structure/1.0"?>
    <?xml-model target="http://www.tei-c.org/release/xml/tei/custom/schema/relaxng/tei_all.rng" type="application/xml"
            schematypens="http://purl.oclc.org/dsdl/schematron"?>
    <TEI xmlns="http://www.tei-c.org/ns/1.0">
       <teiHeader>
          <fileDesc>
             <titleStmt>
                <title>Письмо №127. С. А. Толстой</title>
             </titleStmt>
             <publicationStmt>
                <publisher>TolstoyLab</publisher>
                <date when="2015-09-14">14 September 2015</date>
             </publicationStmt>
             <sourceDesc>
                <biblStruct>
                   <analytic>
                      <author>Толстой Л.Н.</author>
                   </analytic>
                   <monogr>
                      <title level="m">Полное собрание сочинений. Том 83</title>
                      <imprint>
                         <pubPlace>Москва</pubPlace>
                         <publisher>Государственное издательство "Художественная литература"</publisher>
                         <date when="1938"/>
                      </imprint>
                   </monogr>
                   <series>
                      <title level="s">Л.Н. Толстой. Полное собрание сочинений</title>
                      <biblScope unit="vol">83</biblScope>
                   </series>
                </biblStruct>
				<bibl>Печатается по автографу, хранящемуся в АТБ. Впервые опубликовано по копии, сделанной С. А. Толстой, в ПЖ, стр. 110—111. Датируется на основании пометы Толстого на письме «26 вечером», а также согласно дневниковой записи С. А. Толстой под 25 августа 1877 г.; «Ездил в Оптину пустынь 26 июля и остался очень доволен мудростью, образованием и жизнью тамошних монахов старцев» (ДСТ. 1860—1891, М. 1928, стр. 39). В ПЖ отнесено к июню 1877 г.</bibl>
             </sourceDesc>
          </fileDesc>
          <encodingDesc>
             <tagsDecl> </tagsDecl>
          </encodingDesc>
          <profileDesc>
             <correspDesc>
                <correspAction type="sending">
                   <persName ref="PersonList.xml#L_N_Tolstoy">Л. Н. Толстой</persName>
                   <placeName ref="PlacesListxml#PLACE">Оптина пустынь.</placeName>
                   <date when="1877-07-26">1877 г. Июля 26.</date>            </correspAction>
                <correspAction type="receiving">
                   <persName ref="PersonList.xml#RECEIVER">Толстая Софья Андреевна</persName>
                </correspAction>
                <correspContext>
                   <ref type="prev"></ref>
                </correspContext>
             </correspDesc>
          </profileDesc>
       </teiHeader>
       <xenoData><number type="in a volume">127</number></xenoData>

       <text xml:id="a26_127">
	<body><div>
		<opener index="false">
127.
1877 г. Июля 26. Оптина пустынь.</opener>
<p rend="right">26 вечеромъ.</p>
<p rend="left">Пишу тебѣ, милый другъ, изъ гостинницы Оптиной<note xml:id="note1" resp="volume_editor" index="false"> Оптина-Введенская-Макариева мужская пустынь Калужской губернии, Козельского уезда. По преданию основана в XIV веке разбойничьим атаманом Оптою. Монастырь был известен своими отшельниками-старцами, посещавшимися рядом русских писателей: Гоголем, Достоевским, Вл. Соловьевым. Толстой был в Оптиной пустыни пять раз: в 1877, 1881, 1890, 1896 гг. и в 1910 г. (О трех первых и последнем посещении — см. С. А. Толстая, «Четыре посещения Л. Н. Толстого монастыря Оптиной пустыни» — «Толстовский ежегодник 1913 г.», стр. 3—7). В 1877 г. Толстой путешествовал с Н. Н. Страховым. В своих воспоминаниях кн. А. Д. Оболенский так описывает приезд Толстого: «Он остановился в так называемой странноприимной гостиннице, всегда битком набитой разным народом и богомольцами, стекавшимися в монастырь со всех концов России» («Толстой. Памятники творчества и жизни». 3, М. 1923, стр. 29).</note> послѣ 4-хъ часовой <hi style="opdelimiter">всенощной.</hi><hi style="opnumber">238</hi></p>
<p rend="left"><hi style="npnumber">239</hi><hi style="npdelimiter">Пріѣхали</hi> мы прекрасно благодаря Оболенскому.<note xml:id="note2" resp="volume_editor" index="false"> Кн. Дмитрий Александрович Оболенский (1822—1881), деятель эпохи реформ Александра II; сначала служил по судебному ведомству, затем в Морском министерстве, был директором Департамента таможенных сборов, исправляющим должность министра финансов и товарищем министра государственных имуществ, с 1872 г. состоял членом Государственного совета.</note> На поѣздѣ ждала великолѣпная четверомѣстная коляска. Мы устали, но всетаки пріѣхали въ 3 часа ночи. Утромъ нынче явился Дмитрій Оболенскій и цѣлое утро провелъ съ нами, отчасти мѣшалъ.<note xml:id="note3" resp="volume_editor" index="false"> А. Д. Оболенский описывает так: «Отец мой, знавший лично давно Льва Николаевича, решил его позвать к нам в гости. В это лето у <hi style="opdelimiter">нас</hi><hi style="opnumber">239</hi> <hi style="npnumber">240</hi><hi style="npdelimiter">гостило</hi> довольно много знакомых, в том числе был и Н. Г. Рубинштейн, так что мы могли угостить Толстого и хорошей музыкой. Мы все поехали в монастырь. Сперва и раньше старшие, как это и делалось обыкновенно, чтобы застать обедню, а мы, молодежь, не особенно прилежные богомольцы, попозже. Нас было довольно много, и мы, приехав в монастырь, целой гурьбой взошли в гостинницу, где уже сидели наши, вперед прибывшие, и разговаривали с Толстым. Наше появление нарушило, по-видимому, тихое и спокойное монастырское настроение» («Толстой. Памятники творчества и жизни», 3, стр. 30—31).</note> Насилу отдѣлался, чтобы не ѣхать къ нему нынче, но завтра поѣду въ 5 часовъ, переночую и выѣду на зарѣ, чтобы поспѣть въ 12 въ Калугу, а въ 5 въ Тулу, куда и прошу прислать лошадей — въ 5 часовъ, 28 го. Если не пріѣду, то пусть выѣдутъ въ тотъ же день въ 11.</p>
<p rend="left">Могу проспать и опоздать. Я здоровъ, и мнѣ очень пріятно — хорошо.</p>
<p rend="left">Ужасно жалѣлъ, что Саша<note xml:id="note4" resp="volume_editor" index="false"> А. М. Кузминский.</note> съ нами не поѣхалъ. Только дай Богъ, чтобы ты была здорова и ничто тебя не тревожило. До свиданья, душенька. —</p>
<comments><p rend="Textpetit_otstup left">Печатается по автографу, хранящемуся в АТБ. Впервые опубликовано по копии, сделанной С. А. Толстой, в ПЖ, стр. 110—111. Датируется на основании пометы Толстого на письме «26 вечером», а также согласно дневниковой записи С. А. Толстой под 25 августа 1877 г.; «Ездил в Оптину пустынь 26 июля и остался очень доволен мудростью, образованием и жизнью тамошних монахов старцев» (ДСТ. 1860—1891, М. 1928, стр. 39). В ПЖ отнесено к июню 1877 г.</p>
<p rend="Textpetit_otstup left"><hi>1</hi> Оптина-Введенская-Макариева мужская пустынь Калужской губернии, Козельского уезда. По преданию основана в XIV веке разбойничьим атаманом Оптою. Монастырь был известен своими отшельниками-старцами, посещавшимися рядом русских писателей: Гоголем, Достоевским, Вл. Соловьевым. Толстой был в Оптиной пустыни пять раз: в 1877, 1881, 1890, 1896 гг. и в 1910 г. (О трех первых и последнем посещении — см. С. А. Толстая, «Четыре посещения Л. Н. Толстого монастыря Оптиной пустыни» — «Толстовский ежегодник 1913 г.», стр. 3—7). В 1877 г. Толстой путешествовал с Н. Н. Страховым. В своих воспоминаниях кн. А. Д. Оболенский так описывает приезд Толстого: «Он остановился в так называемой странноприимной гостиннице, всегда битком набитой разным народом и богомольцами, стекавшимися в монастырь со всех концов России» («Толстой. Памятники творчества и жизни». 3, М. 1923, стр. 29).</p>
<p rend="petit left"><hi>2</hi> Кн. Дмитрий Александрович Оболенский (1822—1881), деятель эпохи реформ Александра II; сначала служил по судебному ведомству, затем в Морском министерстве, был директором Департамента таможенных сборов, исправляющим должность министра финансов и товарищем министра государственных имуществ, с 1872 г. состоял членом Государственного совета.</p>
<p rend="petit left"><hi>3</hi> А. Д. Оболенский описывает так: «Отец мой, знавший лично давно Льва Николаевича, решил его позвать к нам в гости. В это лето у <hi style="opdelimiter">нас</hi><hi style="opnumber">239</hi> <hi style="npnumber">240</hi><hi style="npdelimiter">гостило</hi> довольно много знакомых, в том числе был и Н. Г. Рубинштейн, так что мы могли угостить Толстого и хорошей музыкой. Мы все поехали в монастырь. Сперва и раньше старшие, как это и делалось обыкновенно, чтобы застать обедню, а мы, молодежь, не особенно прилежные богомольцы, попозже. Нас было довольно много, и мы, приехав в монастырь, целой гурьбой взошли в гостинницу, где уже сидели наши, вперед прибывшие, и разговаривали с Толстым. Наше появление нарушило, по-видимому, тихое и спокойное монастырское настроение» («Толстой. Памятники творчества и жизни», 3, стр. 30—31).</p>
<p rend="petit left"><hi>4</hi> А. М. Кузминский.</p>
</comments></div></body>
        </text>
        </TEI>