<?xml version="1.0" encoding="UTF-8"?>
    <!-- <?xml-stylesheet type="text/xsl" target="../resources/MJT/myletter.xsl"?> -->
    <?xml-stylesheet type="css" target="graves.css"?>
    <?xml-model target="http://www.tei-c.org/release/xml/tei/custom/schema/relaxng/tei_all.rng" type="application/xml" schematypens="http://relaxng.org/ns/structure/1.0"?>
    <?xml-model target="http://www.tei-c.org/release/xml/tei/custom/schema/relaxng/tei_all.rng" type="application/xml"
            schematypens="http://purl.oclc.org/dsdl/schematron"?>
    <TEI xmlns="http://www.tei-c.org/ns/1.0">
       <teiHeader>
          <fileDesc>
             <titleStmt>
                <title>Письмо №201. С. А. Толстой</title>
             </titleStmt>
             <publicationStmt>
                <publisher>TolstoyLab</publisher>
                <date when="2015-09-14">14 September 2015</date>
             </publicationStmt>
             <sourceDesc>
                <biblStruct>
                   <analytic>
                      <author>Толстой Л.Н.</author>
                   </analytic>
                   <monogr>
                      <title level="m">Полное собрание сочинений. Том 83</title>
                      <imprint>
                         <pubPlace>Москва</pubPlace>
                         <publisher>Государственное издательство "Художественная литература"</publisher>
                         <date when="1938"/>
                      </imprint>
                   </monogr>
                   <series>
                      <title level="s">Л.Н. Толстой. Полное собрание сочинений</title>
                      <biblScope unit="vol">83</biblScope>
                   </series>
                </biblStruct>
				<bibl>Печатается по автографу, хранящемуся в АТБ. Впервые отрывок из письма опубликован в Б, II, стр. 430; полностью по копии, сделанной С. А. Толстой, в ПЖ, стр. 162—163. Датируется на основании почтовых штемпелей: «Почтовый вагон № 16. 11 апреля 1882; Моск. почт. центр. от 11 апреля 1882» и дат предшествующего и следующего писем (от 9 и 11 апреля 1882 г.).</bibl>
             </sourceDesc>
          </fileDesc>
          <encodingDesc>
             <tagsDecl> </tagsDecl>
          </encodingDesc>
          <profileDesc>
             <correspDesc>
                <correspAction type="sending">
                   <persName ref="PersonList.xml#L_N_Tolstoy">Л. Н. Толстой</persName>
                   <placeName ref="PlacesListxml#PLACE">Я. П.</placeName>
                   <date when="1882-04-10">1882 г. Апреля 10.</date>            </correspAction>
                <correspAction type="receiving">
                   <persName ref="PersonList.xml#RECEIVER">Толстая Софья Андреевна</persName>
                </correspAction>
                <correspContext>
                   <ref type="prev"></ref>
                </correspContext>
             </correspDesc>
          </profileDesc>
       </teiHeader>
       <xenoData><number type="in a volume">201</number></xenoData>

       <text xml:id="a10_201">
	<body><div>
		<opener index="false">
201.
1882 г. Апреля 10. Я. П.</opener>
<p rend="left">Нынче пишу тебѣ до тяги, пот[ому] что посылаю въ Ясенки засвѣтло, чтобы получить посылку.<note xml:id="note1" resp="volume_editor" index="false"> С. А. Толстая писала 8 апреля: «Другое твое дело — корректуры [«Исповеди»]. Их принесли сегодня, в 8 часов вечера; конверт так велик и толст, что невозможно бросить в ящик, и я завтра посылаю по почте, в Ясенки, где ты и получишь в виде посылки».</note> —</p>
<p rend="left">На этомъ мѣстѣ меня засталъ Урусовъ.<note xml:id="note2" resp="volume_editor" index="false"> Л. Д. Урусов.</note> Я писалъ ему нынче утромъ съ нянинымъ внукомъ,<note xml:id="note3" resp="volume_editor" index="false"> Вероятно сын С. П. и Арины Арбузовых, Федор Сергеевич Арбузов (1872—1922?).</note> и вотъ онъ пріѣхалъ съ ружьемъ. Я только успѣлъ пообѣдать, начавъ съ удивительной капусты съ удивительнѣйптмъ квасомъ, и мы пошли въ Заказъ.<note xml:id="note4" resp="volume_editor" index="false"> Лес близ Ясной поляны. В ответном письме от 11 апреля С. А. Толстая писала: «Ты очень соблазнительно пишешь о деревне и зеленой травке и вальдшнепах, но всё это недосягаемо».</note> Валдшнеповъ было пропасть. Дождичекъ шелъ теплый. Я два раза промахнулся, а Урусовъ, кажется, убилъ двухъ. Обѣихъ не нашли. Завтра онъ пойдетъ искать. Утромъ я ходилъ къ Варварѣ мирить ее съ Константиномъ,<note xml:id="note5" resp="volume_editor" index="false"> Константин Михайлович Орехов (р. в 1856 г.), племянник А. С. Орехова по матери.</note> и удивительно, какъ нужно имъ доброе слово. Она горячилась, горячилась и вдругъ затихла, и Иванъ Алексѣичъ<note xml:id="note6" resp="volume_editor" index="false"> Шорник; муж В. Н. Михайловой.</note> пришелъ ко мнѣ послѣ и говоритъ: она теперь успокоилась, говоритъ, графъ съ меня 10 пудовъ снялъ. Потомъ были: Таниной кормилицы<note xml:id="note7" resp="volume_editor" index="false"> «Ребенка сестры Тани» (п. С. А.). Кормилицей была Матрена Чурюхина, мать ее — Агафья Петровна Агеева.</note> мать, Степанъ<note xml:id="note8" resp="volume_editor" index="false"> Степан Михайлович Пелагеюшкин (1812—1885), звали его Степан Кривой.</note> печникъ и еще другіе, и всѣмъ я какъ будто нуженъ. Нынче былъ и городовой — урядникъ съ саблей. Этотъ не доставилъ мнѣ удовольствія: — какія-то свѣденія, ни ему, ни кому не нужное, и «ваше сіятельство», и ложь, и <hi style="opdelimiter">вздоръ.</hi><hi style="opnumber">334</hi></p>
<p rend="left"><hi style="npnumber">335</hi><hi style="npdelimiter">Нынче</hi> день теплый съ дождичкомъ. Трава такъ и лѣзетъ. Зеленя стали такой яркой, зеленой краски, какой не найдешь у Аванцо.<note xml:id="note9" resp="volume_editor" index="false"> Магазин картин и художественных принадлежностей на Кузнецком мосту в Москве.</note> Я занимался порядочно, хуже, чѣмъ вчера, но тоже покормить стоитъ, и въ 4 часа пошелъ гулять къ Тулѣ, — думалъ встрѣтить Урусова, — но дошелъ до кабачка<note xml:id="note10" resp="volume_editor" index="false"> В трех верстах не доходя до Косой горы, с левой стороны, где кончается Засека, по направлению к Туле.</note> и вернулся. —</p>
<p rend="left">Урусовъ много интереснаго разсказывалъ и между прочимъ про смерть Глазкова. Ты, вѣрно, слышала отъ Леонида.<note xml:id="note11" resp="volume_editor" index="false"> Л. Д. Оболенский. В письме от 11 апреля С. А. Толстая писала: «Леонид ничего о Глазкове не говорил: он приехал вечером <hi style="opdelimiter">предложить,</hi><hi style="opnumber">335</hi> <hi style="npnumber">336</hi><hi style="npdelimiter">не</hi> нужен ли он на что-нибудь». О Глазкове см. предшествующее письмо.</note> Это ужасно! —</p>
<p rend="left">Обнимаю тебя и дѣтей.</p>
<p rend="left">I hope,<note xml:id="note12" resp="volume_editor" index="false"> [Я надеюсь,]</note> что Сережа<note xml:id="note13" resp="volume_editor" index="false"> Сергей Львович Толстой держал в университете переходный экзамен с первого курса на второй. С. А. Толстая писала 8 апреля: «Сережа выдержал свой первый экзамен, получил пять и счастлив и доволен».</note> сдѣлаетъ мнѣ и себѣ честь, во всемъ получивъ пятерки.</p>
<lb/>
<p rend="left"><hi>На конверте:</hi> Москва. Денежной переулокъ. Пречистенка Е. С. Графинѣ Софьѣ Андревнѣ Толстой.</p>
<comments><p rend="Textpetit_otstup left">Печатается по автографу, хранящемуся в АТБ. Впервые отрывок из письма опубликован в Б, II, стр. 430; полностью по копии, сделанной С. А. Толстой, в ПЖ, стр. 162—163. Датируется на основании почтовых штемпелей: «Почтовый вагон № 16. 11 апреля 1882; Моск. почт. центр. от 11 апреля 1882» и дат предшествующего и следующего писем (от 9 и 11 апреля 1882 г.).</p>
<p rend="Textpetit_otstup left"><hi>1</hi> С. А. Толстая писала 8 апреля: «Другое твое дело — корректуры [«Исповеди»]. Их принесли сегодня, в 8 часов вечера; конверт так велик и толст, что невозможно бросить в ящик, и я завтра посылаю по почте, в Ясенки, где ты и получишь в виде посылки».</p>
<p rend="petit left"><hi>2</hi> Л. Д. Урусов.</p>
<p rend="petit left"><hi>3</hi> Вероятно сын С. П. и Арины Арбузовых, Федор Сергеевич Арбузов (1872—1922?).</p>
<p rend="petit left"><hi>4</hi> Лес близ Ясной поляны. В ответном письме от 11 апреля С. А. Толстая писала: «Ты очень соблазнительно пишешь о деревне и зеленой травке и вальдшнепах, но всё это недосягаемо».</p>
<p rend="petit left"><hi>5</hi> Константин Михайлович Орехов (р. в 1856 г.), племянник А. С. Орехова по матери.</p>
<p rend="petit left"><hi>6</hi> Шорник; муж В. Н. Михайловой.</p>
<p rend="petit left"><hi>7</hi> «Ребенка сестры Тани» (п. С. А.). Кормилицей была Матрена Чурюхина, мать ее — Агафья Петровна Агеева.</p>
<p rend="petit left"><hi>8</hi> Степан Михайлович Пелагеюшкин (1812—1885), звали его Степан Кривой.</p>
<p rend="petit left"><hi>9</hi> Магазин картин и художественных принадлежностей на Кузнецком мосту в Москве.</p>
<p rend="petit left"><hi>10</hi> В трех верстах не доходя до Косой горы, с левой стороны, где кончается Засека, по направлению к Туле.</p>
<p rend="petit left"><hi>11</hi> Л. Д. Оболенский. В письме от 11 апреля С. А. Толстая писала: «Леонид ничего о Глазкове не говорил: он приехал вечером <hi style="opdelimiter">предложить,</hi><hi style="opnumber">335</hi> <hi style="npnumber">336</hi><hi style="npdelimiter">не</hi> нужен ли он на что-нибудь». О Глазкове см. предшествующее письмо.</p>
<p rend="petit left"><hi>12</hi> [Я надеюсь,]</p>
<p rend="petit left"><hi>13</hi> Сергей Львович Толстой держал в университете переходный экзамен с первого курса на второй. С. А. Толстая писала 8 апреля: «Сережа выдержал свой первый экзамен, получил пять и счастлив и доволен».</p>
</comments></div></body>
        </text>
        </TEI>