<?xml version="1.0" encoding="UTF-8"?>
    <!-- <?xml-stylesheet type="text/xsl" target="../resources/MJT/myletter.xsl"?> -->
    <?xml-stylesheet type="css" target="graves.css"?>
    <?xml-model target="http://www.tei-c.org/release/xml/tei/custom/schema/relaxng/tei_all.rng" type="application/xml" schematypens="http://relaxng.org/ns/structure/1.0"?>
    <?xml-model target="http://www.tei-c.org/release/xml/tei/custom/schema/relaxng/tei_all.rng" type="application/xml"
            schematypens="http://purl.oclc.org/dsdl/schematron"?>
    <TEI xmlns="http://www.tei-c.org/ns/1.0">
       <teiHeader>
          <fileDesc>
             <titleStmt>
                <title>Письмо №57. С. А. Толстой</title>
             </titleStmt>
             <publicationStmt>
                <publisher>TolstoyLab</publisher>
                <date when="2015-09-14">14 September 2015</date>
             </publicationStmt>
             <sourceDesc>
                <biblStruct>
                   <analytic>
                      <author>Толстой Л.Н.</author>
                   </analytic>
                   <monogr>
                      <title level="m">Полное собрание сочинений. Том 83</title>
                      <imprint>
                         <pubPlace>Москва</pubPlace>
                         <publisher>Государственное издательство "Художественная литература"</publisher>
                         <date when="1938"/>
                      </imprint>
                   </monogr>
                   <series>
                      <title level="s">Л.Н. Толстой. Полное собрание сочинений</title>
                      <biblScope unit="vol">83</biblScope>
                   </series>
                </biblStruct>
				<bibl>Печатается по автографу, хранящемуся в АТБ. Опубликовано по копии, сделанной С. А. Толстой, в ПЖ, стр. 56—58. Датируется на основании первых строк письма: «Пишу в понедельник утром, в 7 часов». Помета Толстого перед письмом: «воскресенье» объясняется тем, что Толстой накануне забыл написать письмо и мучился этим ночью. В ПЖ датировано 13 ноября.</bibl>
             </sourceDesc>
          </fileDesc>
          <encodingDesc>
             <tagsDecl> </tagsDecl>
          </encodingDesc>
          <profileDesc>
             <correspDesc>
                <correspAction type="sending">
                   <persName ref="PersonList.xml#L_N_Tolstoy">Л. Н. Толстой</persName>
                   <placeName ref="PlacesListxml#PLACE">Москва.</placeName>
                   <date when="1866-11-14">1866 г. Ноября 14.</date>            </correspAction>
                <correspAction type="receiving">
                   <persName ref="PersonList.xml#RECEIVER">Толстая Софья Андреевна</persName>
                </correspAction>
                <correspContext>
                   <ref type="prev"></ref>
                </correspContext>
             </correspDesc>
          </profileDesc>
       </teiHeader>
       <xenoData><number type="in a volume">57</number></xenoData>

       <text xml:id="a14_57">
	<body><div>
		<opener index="false">
57.
1866 г. Ноября 14. Москва.</opener>
<p rend="right">Воскресенье. 14-го.</p>
<p rend="left">Пишу въ понедѣльникъ утромъ — въ 7 часовъ. Вчера вечеромъ потушивъ свѣчу, въ постели вспомнилъ, что не писалъ тебѣ, и ночью, какъ будто сбираясь на порошу, просыпался безпрестанно изъ страха пропустить время, — 8 часовъ. —</p>
<p rend="left">Вотъ вчерашній день. Утренній кофе, какъ всегда. Потомъ я отправился къ Перф[ильевымъ],<note xml:id="note1" resp="volume_editor" index="false"> Степан Васильевич Перфильев, его вторая жена — Анастасия Сергеевна и их дети.</note> въ Зоологическій садъ, къ Зайковскимъ,<note xml:id="note2" resp="volume_editor" index="false"> Ольга Дмитриевна Зайковская (1844—1919) — дочь Дмитрия Ефремовича Зайковского (1807—1885) и Евфалии Леонтьевны Назимовой (по первому мужу Липовка-Половинец, ум. 1896 г.). Отец был штаб-лекарем, инспектором студентов Московского университета. «О. Зайковская — моя подруга, с которой я держала в университете экзамен» (п. С. А.).</note> въ типографію зa отвѣтомъ, на выставку картинъ<note xml:id="note3" resp="volume_editor" index="false"> Постоянная выставка общества любителей художеств, находившаяся на Тверском бульваре в доме Дубовицкой. На выставке в ноябре 1866 <hi style="opdelimiter">г.</hi><hi style="opnumber">123</hi> <hi style="npnumber">124</hi><hi style="npdelimiter">находились</hi> произведения Сверчкова, Перова, Шварца, Суходольского, Ходякова, Киндлера, Ахенбаха и снова помещенная картина профессора Маркова «Колизей».</note> и на Петровку къ Ржевскому<note xml:id="note4" resp="volume_editor" index="false"> «Держал в Москве молочное и скотное хозяйство» (п. С. А.). Владелец молочной фермы под Москвой, имел магазин на Петровке и киоск на Страстном бульваре.</note> о телятахъ. Лиза свечера еще хотѣла увязаться со мной на выставку, но, благодаря тому, что она дрыхнетъ до 12-ти, я ушелъ безъ нея, и <hi style="opdelimiter">вмѣсто</hi><hi style="opnumber">121</hi> <hi style="npnumber">122</hi><hi style="npdelimiter">ея</hi> взялъ Петю. Право, что за человѣкъ эта Лиза! Я ѣхалъ къ Мооквѣ съ мыслью, что за глупость, что Лиза, умная, молодая, здоровая дѣвушка, сестра жены, и я отъ нея кромѣ непріятнаго чувства ничего не имѣю. Не я ли виноватъ въ этомъ? Постараюсь въ этотъ разъ быть съ ней какъ можно проще. Ну, и можешь себѣ представить, не прошло двухъ дней, и она ужъ тяжела, и я радъ, какъ отдѣлаюсь отъ нея. Вчера онѣ легли съ Таней спать. Таня умоляетъ не топить, отворить форточку. Лиза настояла, натопила, и Таня всю ночь не спала и потѣла. — Ну, такъ я пошелъ съ Петей. Въ Зоологич[ескомъ] саду ничего изъ скотины не нашелъ новаго. Одну телочку Холмогорскую, можеть быть, куплю весною, когда будетъ аукціонъ. — У Перфильевыхъ застали дома всѣхъ, кромѣ старика.<note xml:id="note5" resp="volume_editor" index="false"> Степан Васильевич Перфильев (1796—1878).</note> Лакей пошелъ докладывать, и слышу изъ за двери голосъ Нас[тасьи] Серг[ѣевны]:<note xml:id="note6" resp="volume_editor" index="false"> Анастасия Сергеевна Перфильева (ум. в 1891 г.), дочь гр. С. С. Ланского и кж. В. И. Одоевской.</note> давай его сюда! и сидитъ въ сѣрыхъ букляхъ и корсетѣ, нарядная, только отъ обѣдни. Варинька<note xml:id="note7" resp="volume_editor" index="false"> Варвара Степановна Перфильева (ум. в 1890 г.), дочь Степана Васильевича Перфильева.</note> постарѣла, похудѣла. Она связала одѣяло Илюшѣ<note xml:id="note8" resp="volume_editor" index="false"> Сыну Толстых, Илье, которому шел шестой месяц.</note> въ Перфильевскомъ вкусѣ. Фани<note xml:id="note9" resp="volume_editor" index="false"> Фани Александровна Перфильева (1837—1929 г.), рожд. Снеткова, дочь театрального парикмахера в Петербурге. Окончив театральное училище в 1857 г., поступила в Александринский театр под фамилией Снеткова третья. Играла Катерину в «Грозе» по желанию А. Н. Островского при первой постановке «Грозы» в Петербурге. Выйдя в 1863 г. замуж за Сергея Степановича Перфильева., навсегда оставила сцену. В советское время получала персональную пенсию. О ней: Нильский, «Воспоминания» («Исторический вестник» 1899, ноябрь); Боборыкин, «Три любимицы» («Артист», 1892, кн. XI, стр. 34—35).</note> съ старшимъ сыномъ,<note xml:id="note10" resp="volume_editor" index="false"> Степан Сергеевич Перфильев (1864—1907), сгорел на даче в Быкове.</note> здоровая, веселая, тутъ же. Варинька увязалась съ нами на выставку. По дорогѣ встрѣтили Серг[ѣя] Степ[ановича],<note xml:id="note11" resp="volume_editor" index="false"> Сергей Степанович Перфильев (1836—1909), сын С. В. Перфильева; был адъютантом кн. Барятинского на Кавказе в 1857—1863 гг., участвовал во взятии Шамиля, был ранен. Выйдя в отставку, служил при министерстве финансов, состоял в Москве мировым судьей первого призыва, товарищем председателя гражданского отделения суда, в конце жизни почетный опекун.</note> и онъ пошелъ съ нами. На выставкѣ есть картина Пукирева,<note xml:id="note12" resp="volume_editor" index="false"> Василий Владимирович Пукирев (1832—1890), воспитанник Московского училища живописи, ваяния и зодчества; в 1861—1873 гг. служил в нем преподавателем. За картину «Неравный брак» (Третьяковская галлерея в Москве) получил звание профессора живописи народных сцен. Его картина «Мастерская художника» (1863—1864) была приобретена в Третьяковскую галлерею.</note> — того, чей Неровный бракъ, — Мастерская художника: попь, чиновникъ и купецъ разсматриваютъ картину — превосходно. Остальное все не очень замѣчательно. Есть картинка Башилова. Чего то недостаетъ Башилову какъ въ жизни, такъ и въ искуствѣ, — какого то жизненнаго нерва. — То, да не то.</p>
<p rend="left">Встрѣтилъ тамъ Боткина<note xml:id="note13" resp="volume_editor" index="false"> Дмитрий Петрович Боткин (1829—1889), брат жены Фета, владелец картинной галлереи, председатель Московского общества любителей художеств. О нем см. воспоминания Н. И. Шатилова («Голос минувшего» 1916, № 12, стр. 120). Был женат на Софии Сергеевне, рожд. Мазуриной (1840—1889).</note> съ женой, у к[отор]ыхъ Фетъ останавливается. Его ждутъ каждый день. Съ выставки поѣхалъ съ Петей къ Зайковскимъ. Головиныхъ<note xml:id="note14" resp="volume_editor" index="false"> Дмитрий Владимирович Головин (1841—1920), председатель Александровской земской управы, был женат на Софье Дмитриевне, рожд. Зайковской.</note> нѣтъ, но видѣлъ въ первый разъ мать.<note xml:id="note15" resp="volume_editor" index="false"> Ольга Дмитриевна Зайковская (1844—1919) — дочь Дмитрия Ефремовича Зайковского (1807—1885) и Евфалии Леонтьевны Назимовой (по первому мужу Липовка-Половинец, ум. 1896 г.). Отец был штаб-лекарем, инспектором студентов Московского университета. «О. Зайковская — моя подруга, с которой я держала в университете экзамен» (п. С. А.).</note> У нихъ былъ гость, Пановскій,<note xml:id="note16" resp="volume_editor" index="false"> Николай Михайлович Пановский (1797—1872) — писатель. Наиболее крупное его произведение: «Могила двух братьев». Мелкие рассказы подписывал псевдонимом «Вдвоем». Последние двадцать лет был деятельным участником газеты «Московские ведомости».</note> тотъ самый, что я ругаю за фельетоны, и по-французски въ гостиной лопочутъ, и стараются ужасно. Такъ это мнѣ смѣшно. А Ольга милая. Эмилія<note xml:id="note17" resp="volume_editor" index="false"> Эмилия (Евфалия) Дмитриевна Зайковская (1846—1922), сестра Ольги и Софьи <hi style="opdelimiter">Зайковских.</hi><hi style="opnumber">124</hi></note> не нравится мнѣ. Очень здорова и какъ будто преисполнена грѣшныхъ мыслей. Она выдумала себѣ выщипать брови тамъ, гдѣ онѣ срослись, и можешь себѣ представить, какъ это вышло уродливо. Это я, какъ сказалъ и Зайковск[имъ], творилъ въ твое воспоминаніе. И въ самомъ дѣлѣ, мнѣ то только весело, что я дѣлаю, и знаю, что ежели бы ты была, ты бы со мной дѣлала и одобряла. Я не <hi style="opdelimiter">вспоминаю</hi><hi style="opnumber">122</hi> <hi style="npnumber">123</hi><hi style="npdelimiter">о</hi> тебѣ, a сознаніе тебя при мнѣ всегда. Это не фраза, а это именно такъ. —</p>
<p rend="left">Въ типографіи было заперто, и не получилъ отвѣта. У Ржевскихъ поговорилъ, какъ бы получить штукъ 5 телятъ отъ него, но незнаю, какъ еще устроится съ поеніемъ. Дома къ обѣду пришелъ Томашевскій<note xml:id="note18" resp="volume_editor" index="false"> Анатолий Константинович Томашевский (1842—1908), сын помещика Саратовской губернии. Окончил Саратовскую гимназию в 1859 г. Был учителем у Толстого в Бабуринской и Колпенской школах (1861—1863 гг.). Недолго был управляющим в Ясной поляне. Подвергался политическим репрессиям. Был арестован еще в 1861 г. В 1866 г. привлекался к дознанию зa участие в неразрешенном Обществе взаимного вспомоществования. Об нем А. Е. Берс хлопотал у обер-полицеймейстера. Тогда же жена Томашевского, на которой он только что женился, привлекалась к дознанию зa сношения с «государственными преступниками». Позднее А. К. Томашевский сделался бухгалтером. В этой должности служил на постройке Сызрано-Вяземской железной дороги и в других частных учреждениях. Работал впоследствии в министерстве финансов, будучи лично знаком с Витте. В своем дневнике С. М. Сухотин под 14 ноября 1866 г. записал: «Виделся с Л. Н. Толстым и с ним был разговор о том же, что и вчера; о Каракозовском деле, о всех невинно пострадавших из-за этого безумца. Толстой рассказывал об одном молодом человеке, Томашевском, уроженце Саратовской губернии, католике, который тоже был арестован совершенно невинно. После четырех месяцев заключения его выпустили, как и многих заподозренных по каким-то теням обвинения» (С. М. Сухотин, «Из памятных тетрадей» — «Русский архив», 1894, III).</note> и Майнъ.<note xml:id="note19" resp="volume_editor" index="false"> Андрей Данилович Мейн (1847—1899), служил в канцелярии Московского губернатора. Принимал участие в газетах «Русские ведомости» и «Голос». С 1866 г. по 1872 г. заведывал неофициальной частью «Московских ведомостей». Постоянный посетитель Берсов. Некролог его в «Историческом вестнике» 1899, IX, стр. 1053.</note> Майнъ, какъ всегда, уменъ, толковъ, льстивъ и непріятенъ. Томашевскій ужасно жалокъ. Онъ только 3-й день изъ тюрьмы, гдѣ высидѣлъ одинъ, безъ сообщеній ни съ кѣмъ, ни съ молодой женой,<note xml:id="note20" resp="volume_editor" index="false"> Анна Дмитриевна Томашевская (ум. 1908 г.).</note> безъ книгъ, 4 мѣсяца, и ни за что. За то, что онъ былъ знакомъ съ Петерсономъ,<note xml:id="note21" resp="volume_editor" index="false"> Николай Павлович Петерсон (1845—1919). В 1861—1862 гг. учительствовал в деревне Плеханово в 17 верстах от Ясной поляны в школе, находившейся в ведении Толстого; держал корректуры «Войны и мира»; был преподавателем уездного училища в Богородске Московской губернии, состоял библиотекарем Чертковской библиотеки. Позднее служил по судебному ведомству — в Верном, перед революцией — в Зарайске. Последователь философа Н. Ф. Федорова, издатель его сочинений. Автор книги: «Н. Ф. Федоров и его книга «Философия общего дела» в противоположность учению Л. Н. Толстого о непротивлении и другим идеям нашего времени». Верный. 1912. Воспоминания Петерсона о Толстом помещены в «Международном Толстовском альманахе», составленном П. Сергеенко, изд. «Книга» 1909, стр. 257—268.</note> кот[орый] тоже ни въ чемъ не виноватъ. Кто судьи его: Сычинской,<note xml:id="note22" resp="volume_editor" index="false"> Иван Иванович Сечинский, полковник, полицеймейстер третьего отделения в Москве.</note> Берингъ,<note xml:id="note23" resp="volume_editor" index="false"> Алексей Александрович Тимашев-Беринг (р. 1813 г.), был московским оберполицеймейстером в 1850-х гг. О применявшихся им жестоких телесных наказаниях см. воспоминания А. А. Пеликана («Во второй половине XIX века» — Голос Минувшего, 1914, II). В 1860-х гг. он у власти уже не был; возможно, поэтому, что здесь разумеется другое лицо.</note> Михайловскій<note xml:id="note24" resp="volume_editor" index="false"> Кирилл Кириллович Михайловский, титулярный советник, надзиратель первого квартала Рогожской <hi style="opdelimiter">части.</hi><hi style="opnumber">125</hi></note> и т. п. отребье рода человѣческаго. «А напрасно совсѣмъ мы васъ брали», они сказали ему, выпуская. Послѣ обѣда пріѣхала тетя Надя<note xml:id="note25" resp="volume_editor" index="false"> «Стендер, родственница отца, милая, веселая девушка, впоследствии была замужем за Каютовым, умерла от настоящей оспы» (н. п. С. А.).</note> съ отцомъ своимъ. — Онъ боленъ, она его привезла. Она мнѣ очень понравилась. О тебѣ, разумѣется, очень распрашиваетъ. Вечеромъ поѣхалъ къ Горчаковыми Засталъ всѣхъ, т.-е. старика,<note xml:id="note26" resp="volume_editor" index="false"> Кн. Сергей Дмитриевич Горчаков (1794—1873), троюродный дядя Толстого.</note> старуху,<note xml:id="note27" resp="volume_editor" index="false"> Кн. Анна Александровна Горчакова (1800—1882), рожд. гр. Шереметева.</note> Эленъ<note xml:id="note28" resp="volume_editor" index="false"> Кж. Елена Сергеевна Горчакова (1824—1897).</note> и 3-хъ ея сестеръ.<hi>28 </hi>Посидѣлъ, ни скучно, ни весело, часа два и вернулся. Заужинался и легъ, забывъ писать тебѣ. Прощай, душенька, я чувствую, что скоро пріѣду. Теперь не могу ничего рѣшительно сказать, оттого что вопросы о печатаніи и деньгахъ ничего не рѣшены. Скажи дѣтямъ, что папаша велѣлъ пикестить,<note xml:id="note29" resp="volume_editor" index="false"> «Что значило в устах маленькой Тани: перекрестить» (п. С. А.).</note> и поцѣловать, и прочти имъ что-нибудь изъ письма или выдумай, но чтобъ они знали, что такое значитъ писать.</p>
<comments><p rend="Textpetit_otstup left">Печатается по автографу, хранящемуся в АТБ. Опубликовано по копии, сделанной С. А. Толстой, в ПЖ, стр. 56—58. Датируется на основании первых строк письма: «Пишу в понедельник утром, в 7 часов». Помета Толстого перед письмом: «воскресенье» объясняется тем, что Толстой накануне забыл написать письмо и мучился этим ночью. В ПЖ датировано 13 ноября.</p>
<p rend="Textpetit_otstup left"><hi>1</hi> Степан Васильевич Перфильев, его вторая жена — Анастасия Сергеевна и их дети.</p>
<p rend="petit left"><hi>2</hi> Ольга Дмитриевна Зайковская (1844—1919) — дочь Дмитрия Ефремовича Зайковского (1807—1885) и Евфалии Леонтьевны Назимовой (по первому мужу Липовка-Половинец, ум. 1896 г.). Отец был штаб-лекарем, инспектором студентов Московского университета. «О. Зайковская — моя подруга, с которой я держала в университете экзамен» (п. С. А.).</p>
<p rend="petit left"><hi>3</hi> Постоянная выставка общества любителей художеств, находившаяся на Тверском бульваре в доме Дубовицкой. На выставке в ноябре 1866 <hi style="opdelimiter">г.</hi><hi style="opnumber">123</hi> <hi style="npnumber">124</hi><hi style="npdelimiter">находились</hi> произведения Сверчкова, Перова, Шварца, Суходольского, Ходякова, Киндлера, Ахенбаха и снова помещенная картина профессора Маркова «Колизей».</p>
<p rend="petit left"><hi>4</hi> «Держал в Москве молочное и скотное хозяйство» (п. С. А.). Владелец молочной фермы под Москвой, имел магазин на Петровке и киоск на Страстном бульваре.</p>
<p rend="petit left"><hi>5</hi> Степан Васильевич Перфильев (1796—1878).</p>
<p rend="petit left"><hi>6</hi> Анастасия Сергеевна Перфильева (ум. в 1891 г.), дочь гр. С. С. Ланского и кж. В. И. Одоевской.</p>
<p rend="petit left"><hi>7</hi> Варвара Степановна Перфильева (ум. в 1890 г.), дочь Степана Васильевича Перфильева.</p>
<p rend="petit left"><hi>8</hi> Сыну Толстых, Илье, которому шел шестой месяц.</p>
<p rend="petit left"><hi>9</hi> Фани Александровна Перфильева (1837—1929 г.), рожд. Снеткова, дочь театрального парикмахера в Петербурге. Окончив театральное училище в 1857 г., поступила в Александринский театр под фамилией Снеткова третья. Играла Катерину в «Грозе» по желанию А. Н. Островского при первой постановке «Грозы» в Петербурге. Выйдя в 1863 г. замуж за Сергея Степановича Перфильева., навсегда оставила сцену. В советское время получала персональную пенсию. О ней: Нильский, «Воспоминания» («Исторический вестник» 1899, ноябрь); Боборыкин, «Три любимицы» («Артист», 1892, кн. XI, стр. 34—35).</p>
<p rend="petit left"><hi>10</hi> Степан Сергеевич Перфильев (1864—1907), сгорел на даче в Быкове.</p>
<p rend="petit left"><hi>11</hi> Сергей Степанович Перфильев (1836—1909), сын С. В. Перфильева; был адъютантом кн. Барятинского на Кавказе в 1857—1863 гг., участвовал во взятии Шамиля, был ранен. Выйдя в отставку, служил при министерстве финансов, состоял в Москве мировым судьей первого призыва, товарищем председателя гражданского отделения суда, в конце жизни почетный опекун.</p>
<p rend="petit left"><hi>12</hi> Василий Владимирович Пукирев (1832—1890), воспитанник Московского училища живописи, ваяния и зодчества; в 1861—1873 гг. служил в нем преподавателем. За картину «Неравный брак» (Третьяковская галлерея в Москве) получил звание профессора живописи народных сцен. Его картина «Мастерская художника» (1863—1864) была приобретена в Третьяковскую галлерею.</p>
<p rend="petit left"><hi>13</hi> Дмитрий Петрович Боткин (1829—1889), брат жены Фета, владелец картинной галлереи, председатель Московского общества любителей художеств. О нем см. воспоминания Н. И. Шатилова («Голос минувшего» 1916, № 12, стр. 120). Был женат на Софии Сергеевне, рожд. Мазуриной (1840—1889).</p>
<p rend="petit left"><hi>14</hi> Дмитрий Владимирович Головин (1841—1920), председатель Александровской земской управы, был женат на Софье Дмитриевне, рожд. Зайковской.</p>
<p rend="petit left"><hi>15</hi> Николай Михайлович Пановский (1797—1872) — писатель. Наиболее крупное его произведение: «Могила двух братьев». Мелкие рассказы подписывал псевдонимом «Вдвоем». Последние двадцать лет был деятельным участником газеты «Московские ведомости».</p>
<p rend="petit left"><hi>16</hi> Эмилия (Евфалия) Дмитриевна Зайковская (1846—1922), сестра Ольги и Софьи <hi style="opdelimiter">Зайковских.</hi><hi style="opnumber">124</hi></p>
<p rend="petit left"><hi>17</hi> Анатолий Константинович Томашевский (1842—1908), сын помещика Саратовской губернии. Окончил Саратовскую гимназию в 1859 г. Был учителем у Толстого в Бабуринской и Колпенской школах (1861—1863 гг.). Недолго был управляющим в Ясной поляне. Подвергался политическим репрессиям. Был арестован еще в 1861 г. В 1866 г. привлекался к дознанию зa участие в неразрешенном Обществе взаимного вспомоществования. Об нем А. Е. Берс хлопотал у обер-полицеймейстера. Тогда же жена Томашевского, на которой он только что женился, привлекалась к дознанию зa сношения с «государственными преступниками». Позднее А. К. Томашевский сделался бухгалтером. В этой должности служил на постройке Сызрано-Вяземской железной дороги и в других частных учреждениях. Работал впоследствии в министерстве финансов, будучи лично знаком с Витте. В своем дневнике С. М. Сухотин под 14 ноября 1866 г. записал: «Виделся с Л. Н. Толстым и с ним был разговор о том же, что и вчера; о Каракозовском деле, о всех невинно пострадавших из-за этого безумца. Толстой рассказывал об одном молодом человеке, Томашевском, уроженце Саратовской губернии, католике, который тоже был арестован совершенно невинно. После четырех месяцев заключения его выпустили, как и многих заподозренных по каким-то теням обвинения» (С. М. Сухотин, «Из памятных тетрадей» — «Русский архив», 1894, III).</p>
<p rend="petit left"><hi>18</hi> Андрей Данилович Мейн (1847—1899), служил в канцелярии Московского губернатора. Принимал участие в газетах «Русские ведомости» и «Голос». С 1866 г. по 1872 г. заведывал неофициальной частью «Московских ведомостей». Постоянный посетитель Берсов. Некролог его в «Историческом вестнике» 1899, IX, стр. 1053.</p>
<p rend="petit left"><hi>19</hi> Анна Дмитриевна Томашевская (ум. 1908 г.).</p>
<p rend="petit left"><hi>20</hi> Николай Павлович Петерсон (1845—1919). В 1861—1862 гг. учительствовал в деревне Плеханово в 17 верстах от Ясной поляны в школе, находившейся в ведении Толстого; держал корректуры «Войны и мира»; был преподавателем уездного училища в Богородске Московской губернии, состоял библиотекарем Чертковской библиотеки. Позднее служил по судебному ведомству — в Верном, перед революцией — в Зарайске. Последователь философа Н. Ф. Федорова, издатель его сочинений. Автор книги: «Н. Ф. Федоров и его книга «Философия общего дела» в противоположность учению Л. Н. Толстого о непротивлении и другим идеям нашего времени». Верный. 1912. Воспоминания Петерсона о Толстом помещены в «Международном Толстовском альманахе», составленном П. Сергеенко, изд. «Книга» 1909, стр. 257—268.</p>
<p rend="petit left"><hi>21</hi> Иван Иванович Сечинский, полковник, полицеймейстер третьего отделения в Москве.</p>
<p rend="petit left"><hi>22</hi> Алексей Александрович Тимашев-Беринг (р. 1813 г.), был московским оберполицеймейстером в 1850-х гг. О применявшихся им жестоких телесных наказаниях см. воспоминания А. А. Пеликана («Во второй половине XIX века» — Голос Минувшего, 1914, II). В 1860-х гг. он у власти уже не был; возможно, поэтому, что здесь разумеется другое лицо.</p>
<p rend="petit left"><hi>23</hi> Кирилл Кириллович Михайловский, титулярный советник, надзиратель первого квартала Рогожской <hi style="opdelimiter">части.</hi><hi style="opnumber">125</hi></p>
<p rend="petit left"><hi>24</hi> «Стендер, родственница отца, милая, веселая девушка, впоследствии была замужем за Каютовым, умерла от настоящей оспы» (н. п. С. А.).</p>
<p rend="petit left"><hi>25</hi> Кн. Сергей Дмитриевич Горчаков (1794—1873), троюродный дядя Толстого.</p>
<p rend="petit left"><hi>26</hi> Кн. Анна Александровна Горчакова (1800—1882), рожд. гр. Шереметева.</p>
<p rend="petit left"><hi>27</hi> Кж. Елена Сергеевна Горчакова (1824—1897).</p>
<p rend="petit left"><hi>28</hi> У кж. Е. С. Горчаковой было четыре сестры: Наталья Сергеевна (1826—1903), Ольга Сергеевна (1834—1910), Юлия Сергеевна (1840— 1919) и Марья Сергеевна Хольмберг (1841—1932).</p>
<p rend="petit left"><hi>29</hi> «Что значило в устах маленькой Тани: перекрестить» (п. С. А.).</p>
</comments></div></body>
        </text>
        </TEI>