<?xml version="1.0" encoding="UTF-8"?>
    <!-- <?xml-stylesheet type="text/xsl" target="../resources/MJT/myletter.xsl"?> -->
    <?xml-stylesheet type="css" target="graves.css"?>
    <?xml-model target="http://www.tei-c.org/release/xml/tei/custom/schema/relaxng/tei_all.rng" type="application/xml" schematypens="http://relaxng.org/ns/structure/1.0"?>
    <?xml-model target="http://www.tei-c.org/release/xml/tei/custom/schema/relaxng/tei_all.rng" type="application/xml"
            schematypens="http://purl.oclc.org/dsdl/schematron"?>
    <TEI xmlns="http://www.tei-c.org/ns/1.0">
       <teiHeader>
          <fileDesc>
             <titleStmt>
                <title>Письмо №* 602. С. П. Арбузову.</title>
             </titleStmt>
             <publicationStmt>
                <publisher>TolstoyLab</publisher>
                <date when="2015-09-14">14 September 2015</date>
             </publicationStmt>
             <sourceDesc>
                <biblStruct>
                   <analytic>
                      <author>Толстой Л.Н.</author>
                   </analytic>
                   <monogr>
                      <title level="m">Полное собрание сочинений. Том 63</title>
                      <imprint>
                         <pubPlace>Москва</pubPlace>
                         <publisher>Государственное издательство "Художественная литература"</publisher>
                         <date when="1934"/>
                      </imprint>
                   </monogr>
                   <series>
                      <title level="s">Л.Н. Толстой. Полное собрание сочинений</title>
                      <biblScope unit="vol">63</biblScope>
                   </series>
                </biblStruct>
				<bibl>Печатается по автографу, хранящемуся в ГТМ (куда поступил от дочери С. П. Арбузова В. С. Ляпуновой). Публикуется впервые.</bibl>
             </sourceDesc>
          </fileDesc>
          <encodingDesc>
             <tagsDecl> </tagsDecl>
          </encodingDesc>
          <profileDesc>
             <correspDesc>
                <correspAction type="sending">
                   <persName ref="PersonList.xml#L_N_Tolstoy">Л. Н. Толстой</persName>
                   <placeName ref="PlacesListxml#PLACE">Москва.</placeName>
                   <date when="1884-02-05">1884 г. Февраля 5.</date>            </correspAction>
                <correspAction type="receiving">
                   <persName ref="PersonList.xml#RECEIVER">Арбузов Сергей Петрович</persName>
                </correspAction>
                <correspContext>
                   <ref type="prev"></ref>
                </correspContext>
             </correspDesc>
          </profileDesc>
       </teiHeader>
       <xenoData><number type="in a volume">602</number></xenoData>

              <text xml:id="Arbuzovu_S__P__602">
	<body><div>
		<opener index="false">
* 602. С. П. Арбузову.
1884 г. Февраля 5. Москва.</opener>
<p rend="left">Сергѣй Петровичъ Арбузовъ, извѣстный мнѣ съ его дѣтства своей ловкостью, смѣтливостью и очень добрымъ нравомъ, служилъ у меня впослѣдствіи болѣе десяти лѣтъ, въ продолженіи которыхъ велъ себя очень хорошо и былъ прекраснымъ слугою. 1884 года, 5-го Февраля.</p>
<p rend="right">Графъ Левъ Толстой.</p>
<comments><p rend="Textpetit_otstup left">Печатается по автографу, хранящемуся в ГТМ (куда поступил от дочери С. П. Арбузова В. С. Ляпуновой). Публикуется впервые.</p>
<p rend="petit left">Сергей Петрович Арбузов (1849—1904) — сын няни Толстых Марьи Афанасьевны и Петра Федоровича Арбузова крепостного крестьянина помещика Крапивенского уезда П. А. Воейкова. Был много лет слугою у Толстых; знал столярное ремесло; был хорошо грамотен. Сопровождал Толстого в его поездке в Пензенскую губернию в 1869 г. и ходил с ним в Оптину пустынь в 1881 г. (см. прим. 3 к письму № 54). Автор <hi style="opdelimiter">воспоминаний</hi><hi style="opnumber">450</hi> <hi style="npnumber">451</hi><hi style="npdelimiter">о</hi> Толстом: «Гр. Л. Н. Толстой. Воспоминания С. П. Арбузова, бывшего слуги графа Л. Н. Толстого». М. 1904. (Впервые печатались без подписи автора, как запись с его слов: „«Ясная поляна» о Л. Н. Толстом“, изд. журн. «Развлечение» М. 1900). В 1908 г. переизданы в переработанном и дополненном виде.</p>
</comments></div></body>
        </text>
        </TEI>