<?xml version="1.0" encoding="UTF-8"?>
    <!-- <?xml-stylesheet type="text/xsl" target="../resources/MJT/myletter.xsl"?> -->
    <?xml-stylesheet type="css" target="graves.css"?>
    <?xml-model target="http://www.tei-c.org/release/xml/tei/custom/schema/relaxng/tei_all.rng" type="application/xml" schematypens="http://relaxng.org/ns/structure/1.0"?>
    <?xml-model target="http://www.tei-c.org/release/xml/tei/custom/schema/relaxng/tei_all.rng" type="application/xml"
            schematypens="http://purl.oclc.org/dsdl/schematron"?>
    <TEI xmlns="http://www.tei-c.org/ns/1.0">
       <teiHeader>
          <fileDesc>
             <titleStmt>
                <title>Письмо №313. С. А. Толстой</title>
             </titleStmt>
             <publicationStmt>
                <publisher>TolstoyLab</publisher>
                <date when="2015-09-14">14 September 2015</date>
             </publicationStmt>
             <sourceDesc>
                <biblStruct>
                   <analytic>
                      <author>Толстой Л.Н.</author>
                   </analytic>
                   <monogr>
                      <title level="m">Полное собрание сочинений. Том 83</title>
                      <imprint>
                         <pubPlace>Москва</pubPlace>
                         <publisher>Государственное издательство "Художественная литература"</publisher>
                         <date when="1938"/>
                      </imprint>
                   </monogr>
                   <series>
                      <title level="s">Л.Н. Толстой. Полное собрание сочинений</title>
                      <biblScope unit="vol">83</biblScope>
                   </series>
                </biblStruct>
				<bibl>Печатается по автографу, хранящемуся в АТБ. Открытое письмо. Впервые опубликовано по копии, сделанной С. А. Толстой, в ПЖ, стр. 260. Датируется на основании первых слов письма и почтовых штемпелей: «Севастополь. 14 марта 1885; Москва. 17 марта. 1885».</bibl>
             </sourceDesc>
          </fileDesc>
          <encodingDesc>
             <tagsDecl> </tagsDecl>
          </encodingDesc>
          <profileDesc>
             <correspDesc>
                <correspAction type="sending">
                   <persName ref="PersonList.xml#L_N_Tolstoy">Л. Н. Толстой</persName>
                   <placeName ref="PlacesListxml#PLACE">Севастополь.</placeName>
                   <date when="1885-03-14">1885 г. Марта 14.</date>            </correspAction>
                <correspAction type="receiving">
                   <persName ref="PersonList.xml#RECEIVER">Толстая Софья Андреевна</persName>
                </correspAction>
                <correspContext>
                   <ref type="prev"></ref>
                </correspContext>
             </correspDesc>
          </profileDesc>
       </teiHeader>
       <xenoData><number type="in a volume">313</number></xenoData>

       <text xml:id="a14_313">
	<body><div>
		<opener index="false">
313.
1885 г. Марта 14. Севастополь.</opener>
<p rend="left">14-го, 9 часовъ утра, выѣзжаемъ изъ Севастополя<note xml:id="note1" resp="volume_editor" index="false"> Толстой и Урусов ехали в Симеиз, имение Мальцовых, Ялтинского уезда, Таврической губернии, в 20 верстах от Ялты.</note> въ ландо (такъ хотѣлъ кн[язь]), на лошадяхъ. Въ 5 часовъ будемъ на мѣстѣ. Я усталъ отъ праздности и скучаю отъ безвѣстности о васъ. Здоровье хорошо. Л. Т.</p>
<lb/>
<p rend="left"><hi>На обороте открытки:</hi> Москва. Хамовники, д. Гр. Толстаго. Графинѣ С. А. Толстой.</p>
<comments><p rend="Textpetit_otstup left">Печатается по автографу, хранящемуся в АТБ. Открытое письмо. Впервые опубликовано по копии, сделанной С. А. Толстой, в ПЖ, стр. 260. Датируется на основании первых слов письма и почтовых штемпелей: «Севастополь. 14 марта 1885; Москва. 17 марта. 1885».</p>
<p rend="Textpetit_otstup left"><hi>1</hi> Толстой и Урусов ехали в Симеиз, имение Мальцовых, Ялтинского уезда, Таврической губернии, в 20 верстах от Ялты.</p>
<p rend="left"><hi style="opnumber">494</hi> <hi style="npnumber">495</hi></p>
</comments></div></body>
        </text>
        </TEI>