<?xml version="1.0" encoding="UTF-8"?>
    <!-- <?xml-stylesheet type="text/xsl" target="../resources/MJT/myletter.xsl"?> -->
    <?xml-stylesheet type="css" target="graves.css"?>
    <?xml-model target="http://www.tei-c.org/release/xml/tei/custom/schema/relaxng/tei_all.rng" type="application/xml" schematypens="http://relaxng.org/ns/structure/1.0"?>
    <?xml-model target="http://www.tei-c.org/release/xml/tei/custom/schema/relaxng/tei_all.rng" type="application/xml"
            schematypens="http://purl.oclc.org/dsdl/schematron"?>
    <TEI xmlns="http://www.tei-c.org/ns/1.0">
       <teiHeader>
          <fileDesc>
             <titleStmt>
                <title>Письмо №197. А. И. Герцену.</title>
             </titleStmt>
             <publicationStmt>
                <publisher>TolstoyLab</publisher>
                <date when="2015-09-14">14 September 2015</date>
             </publicationStmt>
             <sourceDesc>
                <biblStruct>
                   <analytic>
                      <author>Толстой Л.Н.</author>
                   </analytic>
                   <monogr>
                      <title level="m">Полное собрание сочинений. Том 60</title>
                      <imprint>
                         <pubPlace>Москва</pubPlace>
                         <publisher>Государственное издательство "Художественная литература"</publisher>
                         <date when="1949"/>
                      </imprint>
                   </monogr>
                   <series>
                      <title level="s">Л.Н. Толстой. Полное собрание сочинений</title>
                      <biblScope unit="vol">60</biblScope>
                   </series>
                </biblStruct>
             </sourceDesc>
          </fileDesc>
          <encodingDesc>
             <tagsDecl> </tagsDecl>
          </encodingDesc>
          <profileDesc>
             <correspDesc>
                <correspAction type="sending">
                   <persName ref="PersonList.xml#L_N_Tolstoy">Л. Н. Толстой</persName>
                   <placeName ref="PlacesListxml#PLACE">Франкфурт-на-Майне.</placeName>
                   <date when="1861-04-09">1861 г. Апреля 9.</date>            </correspAction>
                <correspAction type="receiving">
                   <persName ref="PersonList.xml#RECEIVER">Герцен Александр Иванович</persName>
                </correspAction>
                <correspContext>
                   <ref type="prev"></ref>
                </correspContext>
             </correspDesc>
          </profileDesc>
       </teiHeader>
       <xenoData><number type="in a volume">197</number></xenoData>

              <text xml:id="A.I.Gercenu_197">
	<body><div>
		<opener index="false">
197. А. И. Герцену.
1861 г. Апреля 9. Франкфурт-на-Майне.</opener>
<p rend="left">В тот самый день, как я получил ваше письмо,<note xml:id="note1" resp="volume_editor" index="false"> Письмо Герцена не сохранилось.</note> любезный Александр Иваныч, я получил письмо от Тургенева,<note xml:id="note2" resp="volume_editor" index="false"> От 4 апреля (н. с.) 1861 г., см. ТТП, стр. 60.</note> обещавшего через два дня приехать в Брюссель. Tremendous light sir<note xml:id="note3" resp="volume_editor" index="false"> Буквально — «потрясающее освещение» — «иллюминация», см. прим. 4 к п. № 193.</note> и т. д. и меня так пленило, что я намеревался по приезде Тургенева предложить ему съездить на ваш пир. Но приезд этот, к несчастью, не последовал по случаю кашля и наклеенной мушки, над которой я не могу смеяться, ибо сам в то время был оклеен мушками. — Потом почему-то два или три письма, в которых я писал к вам про Лелевеля<note xml:id="note4" resp="volume_editor" index="false"> Иоахим Лелевель (1786—1861) — польский революционный демократ, профессор-историк.</note> и про впечатленье, произведенное им на меня, я разорвал. — Теперь, чтобы не случилось того же, не буду писать и про это. Пишу только, чтобы вас поблагодарить за Колокол и добрый совет о романе.<note xml:id="note5" resp="volume_editor" index="false"> О романе Толстого «Декабристы» <ref target='file:///Volume_60_A.I.Gercenu_195.xml'>см. письмо № 195</ref>.</note> За слишком лестное мнение о мне не благодарю. Оно вредно. Огарева воспоминания<note xml:id="note6" resp="volume_editor" index="false"> «Кавказские воды», в шестой книге «Полярная звезда» за 1861 г.</note> я читал с наслаждением и очень был горд тем, что, не знав ни одного декабриста, чутьем угадал свойственный этим людям христианский мистицизм. Из брабантских кружев я вчера вырвался и нынче ночую в Ейзенахе, день в Иене, 2 дня в Дрездене и в Варшаву, которая всё <hi style="opdelimiter">больше</hi><hi style="opnumber">376</hi> <hi style="npnumber">377</hi><hi style="npdelimiter">и</hi> больше интересует меня. Ежели найду случай, напишу вам из Варшавы. Читали ли вы подробные положения о освобождении? Я нахожу, что это совершенно напрасная болтовня. Из России же я получил с двух сторон письма,<note xml:id="note7" resp="volume_editor" index="false"> Известно лишь одно из тех писем, о которых пишет Толстой Герцену, — письмо брата Толстого Сергея Николаевича от 12 марта 1861 г.</note> в которых говорят, что мужики положительно недовольны. Прежде у них была надежда, что завтра будет отлично, а теперь они верно знают, что два года будет еще скверно, и для них ясно, что потом еще отложат и что всё это «господа» делают. Кланяюсь вашей дочери,<note xml:id="note8" resp="volume_editor" index="false"> Наталия Александровна Герцен.</note> Николай Платон[ычу] и его жене,<note xml:id="note9" resp="volume_editor" index="false"> Николай Платонович Огарев (1813—1877) и Наталия Александровна Огарева, рожд. Тучкова (1829—1913).</note> и вам дружески жму руку, надеясь так или иначе до свиданья.</p>
<p rend="left">Ежели захотите мне прислать что-нибудь в скором времени, то в Дрезден poste restante, а то через Киснена.</p>
<p rend="right">Л. Толстой.</p>
<p rend="left">9 Апреля.</p>
<p rend="left">Франкфурт.</p>
<comments><p rend="Textpetit_otstup left"><hi>1 </hi> Письмо Герцена не сохранилось.</p>
<p rend="petit left"><hi>2</hi> От 4 апреля (н. с.) 1861 г., см. ТТП, стр. 60.</p>
<p rend="petit left"><hi>3</hi> Буквально — «потрясающее освещение» — «иллюминация», см. прим. 4 к п. № 193.</p>
<p rend="petit left"><hi>4</hi> Иоахим Лелевель (1786—1861) — польский революционный демократ, профессор-историк.</p>
<p rend="petit left"><hi>5</hi> О романе Толстого «Декабристы» <ref target='file:///Volume_60_A.I.Gercenu_195.xml'>см. письмо № 195</ref>.</p>
<p rend="petit left"><hi>6</hi> «Кавказские воды», в шестой книге «Полярная звезда» за 1861 г.</p>
<p rend="petit left"><hi>7</hi> Известно лишь одно из тех писем, о которых пишет Толстой Герцену, — письмо брата Толстого Сергея Николаевича от 12 марта 1861 г.</p>
<p rend="petit left"><hi>8</hi> Наталия Александровна Герцен.</p>
<p rend="petit left"><hi>9</hi> Николай Платонович Огарев (1813—1877) и Наталия Александровна Огарева, рожд. Тучкова (1829—1913).</p>
</comments></div></body>
        </text>
        </TEI>