<?xml version="1.0" encoding="UTF-8"?>
    <!-- <?xml-stylesheet type="text/xsl" target="../resources/MJT/myletter.xsl"?> -->
    <?xml-stylesheet type="css" target="graves.css"?>
    <?xml-model target="http://www.tei-c.org/release/xml/tei/custom/schema/relaxng/tei_all.rng" type="application/xml" schematypens="http://relaxng.org/ns/structure/1.0"?>
    <?xml-model target="http://www.tei-c.org/release/xml/tei/custom/schema/relaxng/tei_all.rng" type="application/xml"
            schematypens="http://purl.oclc.org/dsdl/schematron"?>
    <TEI xmlns="http://www.tei-c.org/ns/1.0">
       <teiHeader>
          <fileDesc>
             <titleStmt>
                <title>Письмо №25. С. А. Толстой</title>
             </titleStmt>
             <publicationStmt>
                <publisher>TolstoyLab</publisher>
                <date when="2015-09-14">14 September 2015</date>
             </publicationStmt>
             <sourceDesc>
                <biblStruct>
                   <analytic>
                      <author>Толстой Л.Н.</author>
                   </analytic>
                   <monogr>
                      <title level="m">Полное собрание сочинений. Том 83</title>
                      <imprint>
                         <pubPlace>Москва</pubPlace>
                         <publisher>Государственное издательство "Художественная литература"</publisher>
                         <date when="1938"/>
                      </imprint>
                   </monogr>
                   <series>
                      <title level="s">Л.Н. Толстой. Полное собрание сочинений</title>
                      <biblScope unit="vol">83</biblScope>
                   </series>
                </biblStruct>
				<bibl>Печатается по автографу, хранящемуся в АТБ. Впервые небольшой отрывок опубликован в Б, II, М. 1908, стр. 23. Почти полностью напечатано по копии С. А. Толстой, в ПЖ, стр. 20—21. Датируется на основании начальных слов: «Вчера в первый раз не успел написать тебе вечером» (не опубликовано).</bibl>
             </sourceDesc>
          </fileDesc>
          <encodingDesc>
             <tagsDecl> </tagsDecl>
          </encodingDesc>
          <profileDesc>
             <correspDesc>
                <correspAction type="sending">
                   <persName ref="PersonList.xml#L_N_Tolstoy">Л. Н. Толстой</persName>
                   <placeName ref="PlacesListxml#PLACE">Москва.</placeName>
                   <date when="1864-11-27">1864 г. Ноября 27.</date>            </correspAction>
                <correspAction type="receiving">
                   <persName ref="PersonList.xml#RECEIVER">Толстая Софья Андреевна</persName>
                </correspAction>
                <correspContext>
                   <ref type="prev"></ref>
                </correspContext>
             </correspDesc>
          </profileDesc>
       </teiHeader>
       <xenoData><number type="in a volume">25</number></xenoData>

       <text xml:id="a27_25">
	<body><div>
		<opener index="false">
25.
1864 г. Ноября 27. Москва.</opener>
<p rend="left">Вчера въ первый разъ не успѣлъ написать тебѣ вечеромъ въ тотъ же день и пишу теперь утромъ, еще всѣ спятъ, чтобъ поспѣть до 9 на почту. Посылай, пожалуйста, Кондратья<note xml:id="note1" resp="volume_editor" index="false"> Кучер.</note> или Сережку<note xml:id="note2" resp="volume_editor" index="false"> Сергей Петрович Арбузов, в то время служивший в качестве мальчика, посылавшегося зa разными поручениями.</note> каждый день.<note xml:id="note3" resp="volume_editor" index="false"> С. А. Толстая писала в письме от 1 декабря 1864 г.: «Я, признаюсь, ужасно рада, милый друг мой Левочка, что ты велел мне всякий день посылать в Тулу. Самой бы мне страшно было гонять человека и лошадь, а по твоей воле я смею посылать каждый день. Теперь живу, живу целый день, и думаю: «а вечером Левочке напишу», — это моя рекреация и мое утешение» (не опубликовано).</note> Не успѣлъ я написать вчера отъ того, что зачитался Рославлевымъ.<note xml:id="note4" resp="volume_editor" index="false"> Исторический роман Загоскина из времен 1812 года.</note> Понимаешь, какъ онъ мнѣ нуженъ и интересенъ. Вчерашній день: никуда не выѣзжалъ, ожидая гимнаста Фосса, и пробовалъ, было, писать, но негдѣ, мѣшаютъ, да и не въ духѣ былъ, должно быть. Невесело, совсѣмъ не весело въ Кремлѣ. А[ндрей] Е[встафьевичъ] только и говоритъ, что о своей болѣзни, к[отор]ую онъ видитъ <hi style="opdelimiter">въ</hi><hi style="opnumber">58</hi> <hi style="npnumber">59</hi><hi style="npdelimiter">кишкахъ.</hi> Лиза тихо сидитъ и шевелится по своимъ дѣламъ, а Таня плачетъ цѣлые дни, какъ вчерашнее утро. О чемъ? не добьешься, или все о томъ же, или о томъ, что ей скучно. Это правда. Года 3, 2 тому назадъ былъ вашъ цѣлый міръ твой и ея, съ влюбленьями разными и ленточками, и со всей поэзіею и глупостью молодости, а теперь вдругъ и послѣ нашего міра, ей очень полюбившагося, и всѣхъ передрягъ, т. е. чувства, испытаннаго ею, она, вернувшись домой, не нашла больше этаго міра, к[отор]ый у нея б[ылъ] съ тобою, а осталась добродѣтельная, но скучная Лиза, и поставлена она лицомъ къ лицу, т. е. ближе къ родителямъ, к[отор]ые вслѣдствіи болѣзни стали тяжелы.<note xml:id="note5" resp="volume_editor" index="false"> Орехов.</note> Ну, записались на коньки, сдѣлали шапочку мерлушечью, записались въ концертъ, но этаго ей мало.</p>
<p rend="left">Вчера же она ревѣла кромѣ того, потому, что черезъ Алексея<note xml:id="note6" resp="volume_editor" index="false"> <hi>В подлиннике</hi>: к[отор]ая вследствіи болѣзни стала тяжела.</note> она будто узнала, что Сережа женится на Машѣ.<note xml:id="note7" resp="volume_editor" index="false"> Марья Михайловна Шишкина, гражданская жена С. Н. Толстого.</note> Поговорилъ я съ ней, но говорить и скучно и грустно. Потомъ пришелъ Любимовъ<note xml:id="note8" resp="volume_editor" index="false"> Николай Алексеевич Любимов (1830—1896), профессор физики Московского университета, сподвижник Каткова, принимал ближайшее участие в «Русском вестнике».</note> отъ Каткова. Онъ завѣдуетъ Р[усск]имъ В[ѣстник]омъ. Надо было слышать, какъ онъ въ продолженіи, я думаю, 2-хъ часовъ торговался со мной изъ-за 50 р. за листъ и при этомъ, съ пѣной у рта, по професорски смѣялся. Я остался твердъ и жду нынче отвѣта. — Имъ очень хочется, и вѣроятно согласятся на 300, а я, признаюсь, боюсь издавать самъ, хлопотъ и съ типографіей, и, главное, съ цензурой. Послѣ него пошелъ я гулять къ Фоссу. Какъ на бѣду, когда я хотѣлъ начинать, онъ два дня не былъ. За обѣдомъ позвонили, газеты, Таня все сбѣгала, позвонили другой разъ — твое письмо. Просили у меня всѣ читать, но мнѣ жалко было давать его. Оно слишкомъ хорошо, и они не поймутъ, и не поняли.<note xml:id="note9" resp="volume_editor" index="false"> В письме С. А. Толстой от 22 ноября читаем: «я нынче весь день писала [оставленную Львом Николаевичем для переписыванья рукопись «1805 год»]; надеюсь скоро кончить, и пользуюсь просто всякой секундой времени, чтоб написать хоть одно слово, всё подвигается. Как кончу, перешлю немедленно. Хотела я тебе напомнить, что ты сам говорил, — не читай никому своего романа, никому, кто может быть судьей тебе. Помни, что тебя не раз сбивали, а теперь дело серьезное, кто-нибудь скажет глупость, а ты к сердцу примешь. Если тебе что понадобится переписать, дай мамаше, она славный писарь, да и охотно будет писать». (ПСТ, стр. <hi style="opdelimiter">25.)</hi><hi style="opnumber">60</hi></note> На меня же оно подѣйствовало, какъ хорошая музыка и весело, и грустно, и пріятно — плакать хочется. Какая ты умница, что пишешь, чтобы я никому не давалъ читать романа; ежели бы даже это было не умно, я бы исполнилъ потому, что ты хочешь. — Между родителями не было столкновеній за солонину и т. п., и Таня послѣ обѣда развеселилась (молодость беретъ же свое), и было пріятно. Я собрался съ Петей<note xml:id="note10" resp="volume_editor" index="false"> Петр Андреевич Берс.</note> и Володей<note xml:id="note11" resp="volume_editor" index="false"> Владимир Андреевич Берс (1853—1874), брат С. А. Толстой, гусар, умер от перитонита.</note> въ баню, а Таня съ мама на Кузнецкой мостъ. Послѣ бани мнѣ дали Рославлева, и за чаемъ слушая, разговаривая и, слушая пѣнье Тани, все читалъ съ наслажденьемъ, к[отор]аго никто, кромѣ автора, понять не можетъ. — А[ндрей] Е[встафьевичъ] сварилъ какао и неотступно гонитъ меня <hi style="opdelimiter">пить.</hi><hi style="opnumber">59</hi> <hi style="npnumber">60</hi><hi style="npdelimiter">Прощай.</hi> Рука болитъ, но я надѣюсь. Мазалъ іодомъ, и нынче во что бы то ни стало съищу Фосса. — Прощай, милая; пиши и посылай въ Тулу каждый день.</p>
<p rend="left">Да, вотъ, подумай и объясни. 3-го дня б[ылъ] Саша Купфершмитъ,<note xml:id="note12" resp="volume_editor" index="false"> Александр Михайлович Купфершмидт (1805—1879) — музыкант, альтист в Большом театре, сын капельмейстера, управлявшего домашним оркестром Сергея Николаевича Тургенева, отца писателя. Держал с актером Степановым костюмерный магазин. Об нем артистка А. И. Шуберт вспоминала: «Музыкант, скрипач, ярый охотник, приятель И. С. Тургенева, часто ездил к нему в Спасское охотиться, милый, веселый собеседник, со всеми дружный» («Моя жизнь», М. 1928, стр. 120).</note> я съ нимъ часа 2 разговаривалъ объ охотѣ; и вчера сошелъ къ нянѣ и съ ней о дѣтяхъ и разныхъ казусахъ говорилъ; и повѣришь ли, что эти два разговора были пріятнѣе всѣхъ, к[отор]ые я имѣлъ во все время пребыванія моего въ Москвѣ, включая и Любимова, и Сухотина, и Тютчеву.<note xml:id="note13" resp="volume_editor" index="false"> Екатерина Федоровна Тютчева (1835—1882), третья дочь поэта. Окончила Смольный институт в 1851 г. С 1867 г — фрейлина. В 1858 г. в литературных кругах распространился слух, что Толстой на ней женится, о чем писал Тургенев Фету 24 февраля 1858 г. Неоднократно упоминается в Дневниках молодости Толстого. О ней см. «Русский архив», 1882, II, стр. 560.</note> — Чѣмъ больше я сталкиваюсь съ людьми теперь, вырасши большой, я убѣждаюсь, что я совсѣмъ особенный человѣкъ, и отличаюсь только тѣмъ, что нѣтъ во мнѣ прежняго тщеславія и мальчишества, к[отор]ое рѣдко кого оставляетъ.</p>
<comments><p rend="Textpetit_otstup left">Печатается по автографу, хранящемуся в АТБ. Впервые небольшой отрывок опубликован в Б, II, М. 1908, стр. 23. Почти полностью напечатано по копии С. А. Толстой, в ПЖ, стр. 20—21. Датируется на основании начальных слов: «Вчера в первый раз не успел написать тебе вечером» (не опубликовано).</p>
<p rend="Textpetit_otstup left"><hi>1</hi> Кучер.</p>
<p rend="petit left"><hi>2</hi> Сергей Петрович Арбузов, в то время служивший в качестве мальчика, посылавшегося зa разными поручениями.</p>
<p rend="petit left"><hi>3</hi> С. А. Толстая писала в письме от 1 декабря 1864 г.: «Я, признаюсь, ужасно рада, милый друг мой Левочка, что ты велел мне всякий день посылать в Тулу. Самой бы мне страшно было гонять человека и лошадь, а по твоей воле я смею посылать каждый день. Теперь живу, живу целый день, и думаю: «а вечером Левочке напишу», — это моя рекреация и мое утешение» (не опубликовано).</p>
<p rend="petit left"><hi>4</hi> Исторический роман Загоскина из времен 1812 года.</p>
<p rend="petit left"><hi>5</hi> Орехов.</p>
<p rend="petit left"><hi>6</hi> <hi>В подлиннике</hi>: к[отор]ая вследствіи болѣзни стала тяжела.</p>
<p rend="petit left"><hi>7</hi> Марья Михайловна Шишкина, гражданская жена С. Н. Толстого.</p>
<p rend="petit left"><hi>8</hi> Николай Алексеевич Любимов (1830—1896), профессор физики Московского университета, сподвижник Каткова, принимал ближайшее участие в «Русском вестнике».</p>
<p rend="petit left"><hi>9</hi> В письме С. А. Толстой от 22 ноября читаем: «я нынче весь день писала [оставленную Львом Николаевичем для переписыванья рукопись «1805 год»]; надеюсь скоро кончить, и пользуюсь просто всякой секундой времени, чтоб написать хоть одно слово, всё подвигается. Как кончу, перешлю немедленно. Хотела я тебе напомнить, что ты сам говорил, — не читай никому своего романа, никому, кто может быть судьей тебе. Помни, что тебя не раз сбивали, а теперь дело серьезное, кто-нибудь скажет глупость, а ты к сердцу примешь. Если тебе что понадобится переписать, дай мамаше, она славный писарь, да и охотно будет писать». (ПСТ, стр. <hi style="opdelimiter">25.)</hi><hi style="opnumber">60</hi></p>
<p rend="petit left"><hi>10</hi> Петр Андреевич Берс.</p>
<p rend="petit left"><hi>11</hi> Владимир Андреевич Берс (1853—1874), брат С. А. Толстой, гусар, умер от перитонита.</p>
<p rend="petit left"><hi>12</hi> Александр Михайлович Купфершмидт (1805—1879) — музыкант, альтист в Большом театре, сын капельмейстера, управлявшего домашним оркестром Сергея Николаевича Тургенева, отца писателя. Держал с актером Степановым костюмерный магазин. Об нем артистка А. И. Шуберт вспоминала: «Музыкант, скрипач, ярый охотник, приятель И. С. Тургенева, часто ездил к нему в Спасское охотиться, милый, веселый собеседник, со всеми дружный» («Моя жизнь», М. 1928, стр. 120).</p>
<p rend="petit left"><hi>13</hi> Екатерина Федоровна Тютчева (1835—1882), третья дочь поэта. Окончила Смольный институт в 1851 г. С 1867 г — фрейлина. В 1858 г. в литературных кругах распространился слух, что Толстой на ней женится, о чем писал Тургенев Фету 24 февраля 1858 г. Неоднократно упоминается в Дневниках молодости Толстого. О ней см. «Русский архив», 1882, II, стр. 560.</p>
<p rend="petit left">С. А. Толстая так описывает получение этого письма: «Сейчас приехал большой Сережа и привез мне твое письмо, мой милый голубчик Лева. Все истории о руке остались в прошедшем, — но я всё-таки ужасно обрадовалась, и так хорошо мне стало от твоего письма. Только бедная Таня, очень мне за нее грустно и жаль ее; она много отравляет мою жизнь, потому что я ее очень люблю. После тебя и детей — ее и мама люблю больше всего. Теперь совестно мне стало, милый друг мой, что я не всякий день писала тебе, а пропустила два раза. Это не лень, а совестно всякий день было в Тулу гонять. Когда воротишься ты? ничего-то я про тебя не знаю. Отчего не пишешь ты мне, где бываешь? Как приняли тебя у Сушковых, что говорили, весело ли было? Мне так всё это интересно». (ПСТ, стр. 35.)</p>
</comments></div></body>
        </text>
        </TEI>