<?xml version="1.0" encoding="UTF-8"?>
    <!-- <?xml-stylesheet type="text/xsl" target="../resources/MJT/myletter.xsl"?> -->
    <?xml-stylesheet type="css" target="graves.css"?>
    <?xml-model target="http://www.tei-c.org/release/xml/tei/custom/schema/relaxng/tei_all.rng" type="application/xml" schematypens="http://relaxng.org/ns/structure/1.0"?>
    <?xml-model target="http://www.tei-c.org/release/xml/tei/custom/schema/relaxng/tei_all.rng" type="application/xml"
            schematypens="http://purl.oclc.org/dsdl/schematron"?>
    <TEI xmlns="http://www.tei-c.org/ns/1.0">
       <teiHeader>
          <fileDesc>
             <titleStmt>
                <title>Письмо №163. Н. А. Некрасову.</title>
             </titleStmt>
             <publicationStmt>
                <publisher>TolstoyLab</publisher>
                <date when="2015-09-14">14 September 2015</date>
             </publicationStmt>
             <sourceDesc>
                <biblStruct>
                   <analytic>
                      <author>Толстой Л.Н.</author>
                   </analytic>
                   <monogr>
                      <title level="m">Полное собрание сочинений. Том 62</title>
                      <imprint>
                         <pubPlace>Москва</pubPlace>
                         <publisher>Государственное издательство "Художественная литература"</publisher>
                         <date when="1953"/>
                      </imprint>
                   </monogr>
                   <series>
                      <title level="s">Л.Н. Толстой. Полное собрание сочинений</title>
                      <biblScope unit="vol">62</biblScope>
                   </series>
                </biblStruct>
				<bibl>Впервые опубликовано в «Литературном наследстве», т. 51-52, М. 1949, стр. 530—531.</bibl>
             </sourceDesc>
          </fileDesc>
          <encodingDesc>
             <tagsDecl> </tagsDecl>
          </encodingDesc>
          <profileDesc>
             <correspDesc>
                <correspAction type="sending">
                   <persName ref="PersonList.xml#L_N_Tolstoy">Л. Н. Толстой</persName>
                   <placeName ref="PlacesListxml#PLACE">Я. П.</placeName>
                   <date when="1875-04-02">1875 г. Апреля 2.</date>            </correspAction>
                <correspAction type="receiving">
                   <persName ref="PersonList.xml#RECEIVER">Некрасов Николай Алексеевич</persName>
                </correspAction>
                <correspContext>
                   <ref type="prev"></ref>
                </correspContext>
             </correspDesc>
          </profileDesc>
       </teiHeader>
       <xenoData><number type="in a volume">163</number></xenoData>

              <text xml:id="N.A.Nekrasovu_163">
	<body><div>
		<opener index="false">
163. Н. А. Некрасову.
1875 г. Апреля 2. Я. П.
</opener>
<p rend="Obrashenie left">Милостивый государь</p>
<p rend="Obrashenie2 left">Николай Алексеевич!</p>
<p rend="left">Я составляю отчет о ходе школьного дела за нынешнюю зиму в нашем Крапивенском уезде<note xml:id="note1" resp="volume_editor" index="false">От работы Толстого над отчетом и новой статьей по вопросам народного образования сохранились два наброска. См. т. 17, стр. 336—337.</note> на тех основаниях, которые были изложены мною в напечатанной в вашем журнале статье о Н[ародном] о[бразовании]. Некоторые соображения, наблюдения и выводы о ходе этого дела составят статью,<note xml:id="note2" resp="volume_editor" index="false">От работы Толстого над отчетом и новой статьей по вопросам народного образования сохранились два наброска. См. т. 17, стр. 336—337.</note> по содержанию и величине подобную той, которая была у вас напечатана.</p>
<p rend="left">Угодно ли вам будет напечатать и эту статью на тех же условиях, как и первую?</p>
<p rend="left">Статья может быть готова к майской книжке От[ечественных] зап[исок]. Относительно этой статьи, как относительно первой, — в случае Вашего согласия напечатать ее — я просил бы редакцию высказаться — не говорю благоприятно (это зависит от убеждений и взглядов), но сколь возможно серьезнее по вопросу, поднимаемому статьей<note xml:id="note3" resp="volume_editor" index="false">8 апреля 1875 г. Некрасов отвечал: «Место для Вашей новой педагогической статьи будет отведено в майской книжке «Отечественных записок». В свое время постараемся исполнить и то, что Вы желаете относительно изготовляемой Вами азбуки. Статью для майской книжки доставьте не позже 25—27 апреля» (Н. А. Некрасов, Полное собрание сочинений и писем, т. XI, М. 1952, стр. 358).</note>. На днях выйдет тоже новая, составленная мною для народных школ Азбука. Не говорю о том труде, который положен мною на эту 12-ти копеечную книжку; до отношения автора к своему делу никому нет дела. Но книжечка эта, по моему убеждению, составляет необходимость для дела народного образования и должна много помочь ему; и потому я бы был вам очень обязан, если [бы] вы содействовали тому, чтобы Азбука эта была рассмотрена компетентными и <hi style="opdelimiter">беспристрастными</hi><hi style="opnumber">170</hi> <hi style="npnumber">171</hi><hi style="npdelimiter">людьми,</hi> и о ней бы было сказано серьезное слово, которого она заслуживает уж по тому значению, которое она может иметь, если она хороша.</p>
<p rend="left">В ожидании вашего ответа с совершенным уважением и преданностью остаюсь ваш покорный слуга</p>
<p rend="right">гр. Лев Толстой.</p>
<p rend="left">2 апреля 1875 г.</p>
<comments><p rend="Textpetit_otstup left">Впервые опубликовано в «Литературном наследстве», т. 51-52, М. 1949, стр. 530—531.</p>
<p rend="Textpetit_otstup left"><hi>1</hi>, <hi>2</hi> От работы Толстого над отчетом и новой статьей по вопросам народного образования сохранились два наброска. См. т. 17, стр. 336—337.</p>
<p rend="petit left"><hi>3 </hi>8 апреля 1875 г. Некрасов отвечал: «Место для Вашей новой педагогической статьи будет отведено в майской книжке «Отечественных записок». В свое время постараемся исполнить и то, что Вы желаете относительно изготовляемой Вами азбуки. Статью для майской книжки доставьте не позже 25—27 апреля» (Н. А. Некрасов, Полное собрание сочинений и писем, т. XI, М. 1952, стр. 358).</p>
</comments></div></body>
        </text>
        </TEI>