<?xml version="1.0" encoding="UTF-8"?>
    <!-- <?xml-stylesheet type="text/xsl" target="../resources/MJT/myletter.xsl"?> -->
    <?xml-stylesheet type="css" target="graves.css"?>
    <?xml-model target="http://www.tei-c.org/release/xml/tei/custom/schema/relaxng/tei_all.rng" type="application/xml" schematypens="http://relaxng.org/ns/structure/1.0"?>
    <?xml-model target="http://www.tei-c.org/release/xml/tei/custom/schema/relaxng/tei_all.rng" type="application/xml"
            schematypens="http://purl.oclc.org/dsdl/schematron"?>
    <TEI xmlns="http://www.tei-c.org/ns/1.0">
       <teiHeader>
          <fileDesc>
             <titleStmt>
                <title>Письмо №55. И. С. Тургеневу.</title>
             </titleStmt>
             <publicationStmt>
                <publisher>TolstoyLab</publisher>
                <date when="2015-09-14">14 September 2015</date>
             </publicationStmt>
             <sourceDesc>
                <biblStruct>
                   <analytic>
                      <author>Толстой Л.Н.</author>
                   </analytic>
                   <monogr>
                      <title level="m">Полное собрание сочинений. Том 63</title>
                      <imprint>
                         <pubPlace>Москва</pubPlace>
                         <publisher>Государственное издательство "Художественная литература"</publisher>
                         <date when="1934"/>
                      </imprint>
                   </monogr>
                   <series>
                      <title level="s">Л.Н. Толстой. Полное собрание сочинений</title>
                      <biblScope unit="vol">63</biblScope>
                   </series>
                </biblStruct>
				<bibl>Печатается по автографу, хранящемуся в ИЛ. Впервые опубликовано А. Е. Грузинским и М. А. Цявловским в кн. «Толстой и Тургенев» изд. Сабашниковых М. 1928, № 40. Датируется на основании упоминания Толстого о своем «паломничестве» — т. е. путешествии в Оптину пустынь (см. прим. 3 к настоящему письму), откуда он возвратился 20 июня 1881 г. Письмо Толстого писано, как видно, на шестой-седьмой день по возвращении.</bibl>
             </sourceDesc>
          </fileDesc>
          <encodingDesc>
             <tagsDecl> </tagsDecl>
          </encodingDesc>
          <profileDesc>
             <correspDesc>
                <correspAction type="sending">
                   <persName ref="PersonList.xml#L_N_Tolstoy">Л. Н. Толстой</persName>
                   <placeName ref="PlacesListxml#PLACE">Я. П.</placeName>
                   <date from="1881-06-26" to="1881-06-27">1881 г. Июня 26 — 27?</date>            </correspAction>
                <correspAction type="receiving">
                   <persName ref="PersonList.xml#RECEIVER">Тургенев Иван Сергеевич</persName>
                </correspAction>
                <correspContext>
                   <ref type="prev"></ref>
                </correspContext>
             </correspDesc>
          </profileDesc>
       </teiHeader>
       <xenoData><number type="in a volume">55</number></xenoData>

              <text xml:id="I__S__Turgenevu_55">
	<body><div>
		<opener index="false">
55. И. С. Тургеневу.
1881 г. Июня 26—27? Я. П.
</opener><p rend="left">Очень хочется побывать у васъ, дорогой Иванъ Сергѣевичъ. Мнѣ такъ было въ послѣднее свиданіе<note xml:id="note1" resp="volume_editor" index="false"> Свидание состоялось в Ясной поляне, куда И. С. Тургенев заезжал 5—10? июня 1881 г. по дороге из Спасского в Москву. См. «Толстой и Тургенев. Переписка». Изд. М. и С. Сабашниковых, М. 1928, стр. 98.</note> хорошо съ вами, <hi style="opdelimiter">какъ</hi><hi style="opnumber">69</hi> <hi style="npnumber">70</hi><hi style="npdelimiter">никогда</hi> прежде не было. И какъ ни странно это сказать, но я чувствую, что теперь только послѣ всѣхъ перипетій<note xml:id="note2" resp="volume_editor" index="false"> Отношения И. С. Тургенева с Толстым далеко не были ровными на протяжении их знакомства (с 1855 г.). 27 мая 1861 г. они были прерваны происшедшей между ними ссорой у А. А. Фета в Степановке, разорвавшей их сношения почти на семнадцать лет. Об этом см.: А. А. Фет, «Мои воспоминания», I, М. 1890, стр. 370—371; «Дневники Софьи Андреевны Толстой» I, изд. Сабашниковых, М. 1928, стр. 47; «Толстой и Тургенев. Переписка» изд. Сабашниковых, М. 1928, стр. 63—72.</note> нашего знакомства вполнѣ сошелся съ вами и что теперь я все ближе и ближе буду сходиться съ вами.</p>
<p rend="left">Паломничество мое удалось прекрасно.<note xml:id="note3" resp="volume_editor" index="false"> 10 июня 1881 г. Толстой со своим слугой С. П. Арбузовым отправился пешком в Оптину пустынь (Калужской губ. Козельского у.). Возвратился 20 июня. Сохранился дневничек, который он вел во время своего путешествия. См. т. <hi style="opdelimiter">49.</hi><hi style="opnumber">70</hi></note> Я наберу изъ своей жизни годовъ 5, которые отдамъ за эти 10 дней. Я бы сейчасъ поѣхалъ къ вамъ, но послѣ моего возвращенія случилось со мной то, чего не бывало — флюсъ, который не давалъ мнѣ ни ѣсть, ни спать 6 сутокъ. Я нынче первый день всталъ и слабъ, какъ послѣ тифа. Во вторникъ жена ѣдетъ въ Москву,<note xml:id="note4" resp="volume_editor" index="false"> С. А. Толстая ездила в Москву для подыскания квартиры.</note> а я остаюсь караулить домъ. Когда она вернется, т. е. между 5 и 20 іюля, очень хочу съѣздить къ вамь.<note xml:id="note5" resp="volume_editor" index="false"> Толстой был в Спасском-Лутовинове 8—10 июля. В дневнике своем 1881 г. от 9—10 июля он записывает: «У Тургенева. Милый Полонский, спокойно занятой живописью и писаньем, неосуждающий и — бедный — спокойный. Тургенев — боится имени бога, а признает его. Но тоже наивно спокойный в роскоши и праздности жизни» (ГТМ). О пребывании Толстого у И. С. Тургенева в Спасском см. Я. П. Полонский, «И. С. Тургенев у себя в его последний приезд на родину» — «Нива», 1884, 5, стр. 114—115 (перепечатано в книге Я. П. Полонского «На высотах спиритизма», Спб. 1889).</note> Очень радъ буду возобновить знакомство съ Яковомъ Петровичемъ,<note xml:id="note6" resp="volume_editor" index="false"> Яков Петрович Полонский (1819—1898) — поэт. О нем подробнее см. в прим. к письмам Толстого к нему, т. 71.</note> которому передайте мой поклонъ. Наши всѣ благодарятъ за память, а я дружески жму вашу руку.</p>
<p rend="right">Толстой.</p>
<comments><p rend="Textpetit_otstup left">Печатается по автографу, хранящемуся в ИЛ. Впервые опубликовано А. Е. Грузинским и М. А. Цявловским в кн. «Толстой и Тургенев» изд. Сабашниковых М. 1928, № 40. Датируется на основании упоминания Толстого о своем «паломничестве» — т. е. путешествии в Оптину пустынь (см. прим. 3 к настоящему письму), откуда он возвратился 20 июня 1881 г. Письмо Толстого писано, как видно, на шестой-седьмой день по возвращении.</p>
<p rend="petit left">Иван Сергеевич Тургенев (1818—1883) — писатель. О нем подробнее см. в прим. к письмам Толстого к нему, т. 59.</p>
<p rend="petit left">В настоящем письме Толстой отвечает на письмо И. С. Тургенева от 21 июня 1881 г. (см. «Толстой и Тургенев», изд. Сабашниковых, М. 1928, № 39).</p>
<p rend="Textpetit_otstup left"><hi>1</hi> Свидание состоялось в Ясной поляне, куда И. С. Тургенев заезжал 5—10? июня 1881 г. по дороге из Спасского в Москву. См. «Толстой и Тургенев. Переписка». Изд. М. и С. Сабашниковых, М. 1928, стр. 98.</p>
<p rend="petit left"><hi>2</hi> Отношения И. С. Тургенева с Толстым далеко не были ровными на протяжении их знакомства (с 1855 г.). 27 мая 1861 г. они были прерваны происшедшей между ними ссорой у А. А. Фета в Степановке, разорвавшей их сношения почти на семнадцать лет. Об этом см.: А. А. Фет, «Мои воспоминания», I, М. 1890, стр. 370—371; «Дневники Софьи Андреевны Толстой» I, изд. Сабашниковых, М. 1928, стр. 47; «Толстой и Тургенев. Переписка» изд. Сабашниковых, М. 1928, стр. 63—72.</p>
<p rend="petit left"><hi>3</hi> 10 июня 1881 г. Толстой со своим слугой С. П. Арбузовым отправился пешком в Оптину пустынь (Калужской губ. Козельского у.). Возвратился 20 июня. Сохранился дневничек, который он вел во время своего путешествия. См. т. <hi style="opdelimiter">49.</hi><hi style="opnumber">70</hi></p>
<p rend="petit left"><hi>4</hi> С. А. Толстая ездила в Москву для подыскания квартиры.</p>
<p rend="petit left"><hi>5</hi> Толстой был в Спасском-Лутовинове 8—10 июля. В дневнике своем 1881 г. от 9—10 июля он записывает: «У Тургенева. Милый Полонский, спокойно занятой живописью и писаньем, неосуждающий и — бедный — спокойный. Тургенев — боится имени бога, а признает его. Но тоже наивно спокойный в роскоши и праздности жизни» (ГТМ). О пребывании Толстого у И. С. Тургенева в Спасском см. Я. П. Полонский, «И. С. Тургенев у себя в его последний приезд на родину» — «Нива», 1884, 5, стр. 114—115 (перепечатано в книге Я. П. Полонского «На высотах спиритизма», Спб. 1889).</p>
<p rend="petit left"><hi>6</hi> Яков Петрович Полонский (1819—1898) — поэт. О нем подробнее см. в прим. к письмам Толстого к нему, т. 71.</p>
<p rend="petit left">На это письмо Толстого И. С. Тургенев отвечал письмом от 4 июля 1881 г. (см. «Толстой и Тургенев», изд. Сабашниковых, М. 1928, № 41).</p>
</comments></div></body>
        </text>
        </TEI>