<?xml version="1.0" encoding="UTF-8"?>
    <!-- <?xml-stylesheet type="text/xsl" target="../resources/MJT/myletter.xsl"?> -->
    <?xml-stylesheet type="css" target="graves.css"?>
    <?xml-model target="http://www.tei-c.org/release/xml/tei/custom/schema/relaxng/tei_all.rng" type="application/xml" schematypens="http://relaxng.org/ns/structure/1.0"?>
    <?xml-model target="http://www.tei-c.org/release/xml/tei/custom/schema/relaxng/tei_all.rng" type="application/xml"
            schematypens="http://purl.oclc.org/dsdl/schematron"?>
    <TEI xmlns="http://www.tei-c.org/ns/1.0">
       <teiHeader>
          <fileDesc>
             <titleStmt>
                <title>Письмо №*315. С. А. Толстой</title>
             </titleStmt>
             <publicationStmt>
                <publisher>TolstoyLab</publisher>
                <date when="2015-09-14">14 September 2015</date>
             </publicationStmt>
             <sourceDesc>
                <biblStruct>
                   <analytic>
                      <author>Толстой Л.Н.</author>
                   </analytic>
                   <monogr>
                      <title level="m">Полное собрание сочинений. Том 83</title>
                      <imprint>
                         <pubPlace>Москва</pubPlace>
                         <publisher>Государственное издательство "Художественная литература"</publisher>
                         <date when="1938"/>
                      </imprint>
                   </monogr>
                   <series>
                      <title level="s">Л.Н. Толстой. Полное собрание сочинений</title>
                      <biblScope unit="vol">83</biblScope>
                   </series>
                </biblStruct>
				<bibl>Печатается по телеграфному бланку, № 50, хранящемуся в АТБ. Публикуется впервые. Телеграмма подана в Алупке 15 марта в 9 час. 40 мин. утра. Алупка — курорт в 16 верстах от г. Ялты.</bibl>
             </sourceDesc>
          </fileDesc>
          <encodingDesc>
             <tagsDecl> </tagsDecl>
          </encodingDesc>
          <profileDesc>
             <correspDesc>
                <correspAction type="sending">
                   <persName ref="PersonList.xml#L_N_Tolstoy">Л. Н. Толстой</persName>
                   <placeName ref="PlacesListxml#PLACE">Алупка.</placeName>
                   <date when="1885-03-15">1885 г. Марта 15.</date>            </correspAction>
                <correspAction type="receiving">
                   <persName ref="PersonList.xml#RECEIVER">Толстая Софья Андреевна</persName>
                </correspAction>
                <correspContext>
                   <ref type="prev"></ref>
                </correspContext>
             </correspDesc>
          </profileDesc>
       </teiHeader>
       <xenoData><number type="in a volume">315</number></xenoData>

       <text xml:id="a15_315">
	<body><div>
		<opener index="false">
* 315.
1885 г. Марта 15. Алупка.</opener>
<p rend="subtitle centerline center">
Москва. Хамовники, домъ Толстаго. 
</p>
<p rend="subtitle centerline center">
Графинѣ Толстой.
</p>
<lb/>
<p rend="left">Пріѣхали благополучно. Здоровъ.</p>
<p rend="right">Толстой.</p>
<comments><p rend="Textpetit_otstup left">Печатается по телеграфному бланку, № 50, хранящемуся в АТБ. Публикуется впервые. Телеграмма подана в Алупке 15 марта в 9 час. 40 мин. утра. Алупка — курорт в 16 верстах от г. Ялты.</p>
<p rend="petit left">С. А. Толстая писала в ответ 15 марта: «Сегодня была телеграмма уже из Алупки. Почему оттуда? не пойму. Я думала, что вы едете на Ялту» (стр. 310).</p>
</comments></div></body>
        </text>
        </TEI>