<?xml version="1.0" encoding="UTF-8"?>
    <!-- <?xml-stylesheet type="text/xsl" target="../resources/MJT/myletter.xsl"?> -->
    <?xml-stylesheet type="css" target="graves.css"?>
    <?xml-model target="http://www.tei-c.org/release/xml/tei/custom/schema/relaxng/tei_all.rng" type="application/xml" schematypens="http://relaxng.org/ns/structure/1.0"?>
    <?xml-model target="http://www.tei-c.org/release/xml/tei/custom/schema/relaxng/tei_all.rng" type="application/xml"
            schematypens="http://purl.oclc.org/dsdl/schematron"?>
    <TEI xmlns="http://www.tei-c.org/ns/1.0">
       <teiHeader>
          <fileDesc>
             <titleStmt>
                <title>Письмо №281. С. А. Толстой</title>
             </titleStmt>
             <publicationStmt>
                <publisher>TolstoyLab</publisher>
                <date when="2015-09-14">14 September 2015</date>
             </publicationStmt>
             <sourceDesc>
                <biblStruct>
                   <analytic>
                      <author>Толстой Л.Н.</author>
                   </analytic>
                   <monogr>
                      <title level="m">Полное собрание сочинений. Том 83</title>
                      <imprint>
                         <pubPlace>Москва</pubPlace>
                         <publisher>Государственное издательство "Художественная литература"</publisher>
                         <date when="1938"/>
                      </imprint>
                   </monogr>
                   <series>
                      <title level="s">Л.Н. Толстой. Полное собрание сочинений</title>
                      <biblScope unit="vol">83</biblScope>
                   </series>
                </biblStruct>
				<bibl>Печатается по автографу, хранящемуся в АТБ. Впервые опубликовано по копии, сделанной С. А. Толстой, в ПЖ, стр. 233—234. Датируется на основании почтовых штемпелей: «Почтовый вагон. 1 ноября. 1884; Москва. 1 ноября. 1884». В ПЖ датировано 1 ноября.</bibl>
             </sourceDesc>
          </fileDesc>
          <encodingDesc>
             <tagsDecl> </tagsDecl>
          </encodingDesc>
          <profileDesc>
             <correspDesc>
                <correspAction type="sending">
                   <persName ref="PersonList.xml#L_N_Tolstoy">Л. Н. Толстой</persName>
                   <placeName ref="PlacesListxml#PLACE">Я. П.</placeName>
                   <date when="1884-10-31">1884 г. Октября 31.</date>            </correspAction>
                <correspAction type="receiving">
                   <persName ref="PersonList.xml#RECEIVER">Толстая Софья Андреевна</persName>
                </correspAction>
                <correspContext>
                   <ref type="prev"></ref>
                </correspContext>
             </correspDesc>
          </profileDesc>
       </teiHeader>
       <xenoData><number type="in a volume">281</number></xenoData>

       <text xml:id="a31_281">
	<body><div>
		<opener index="false">
281.
1884 г. Октября 31. Я. П.</opener>
<p rend="left">Кажется, что это то последнее письмо, о кот[оромъ] ты пишешь. Нынче получилъ твое хорошее письмо.<note xml:id="note1" resp="volume_editor" index="false"> От 29 октября. В нем С. А. Толстая писала: «Ты мне пишешь, что я не зову тебя? Ах, Левочка...... Мне иногда во всех отношениях невыразимо тяжело без тебя. Но я задалась мыслью <hi>исполнять свой долг</hi> по отношению к тебе, как к писателю, как к человеку, нуждающемуся в свободе прежде всего, и потому ничего от тебя не требую» (стр. 272).</note> Спалъ дурно, — мыши мѣшаютъ. Хоть <hi>онъ</hi> и <hi>сѣдой</hi> мышь,<note xml:id="note2" resp="volume_editor" index="false"> Подчеркнутые слова — обычные выражения старой Агафьи Михайловны.</note> a пренепріятно, когда цыпляетъ когтями по одѣялу.</p>
<p rend="left">Порубилъ дровъ, поработалъ порядочно и пошелъ ходить по шоссе, къ церкви, тамъ сватьба на 3-хъ парахъ съ колоколами. Сергѣй Болхинъ<note xml:id="note3" resp="volume_editor" index="false"> Сергей Григорьевич Болхин.</note> въ поддевкѣ и платкѣ, съ глупымъ лицомъ; молодцоватая и веселая Полька<note xml:id="note4" resp="volume_editor" index="false"> Пелагея Васильевна, рожд. Цветкова, вышедшая замуж за Сергея Болхина.</note> въ ковровомъ платкѣ; поѣзжане выпившіе, и нѣмой улыбающійся, правитъ парой и сидитъ бочкомъ. Оттуда пошелъ къ Бибикову<note xml:id="note5" resp="volume_editor" index="false"> Александр Николаевич Бибиков был председателем Крапивенской земской управы, С. Н. Толстой был одновременно уездным предводителем дворянства в Крапивне.</note> узнать про Сережу бр[ата], к[отораго] мнѣ очень хочется видѣть. Посидѣлъ у него и пришелъ домой; съѣлъ прекрасный обѣдъ Мар[ьи] Аф[анасьевны], написалъ нѣсколько писемъ,<note xml:id="note6" resp="volume_editor" index="false"> Одно из них — В. Г. Черткову, см. т. 85 настоящего издания, стр. 110; другие — неизвестны.</note> распорядился съ Филипомъ, к[оторый] ѣдетъ завтра въ Тулу, и вотъ пишу тебѣ рано, п[отому] ч[то] либо Сережа пріѣдетъ ко мнѣ, либо я поѣду къ нему къ Бибикову.</p>
<p rend="left">Завтра буду укладываться.</p>
<p rend="left">Странно я провелъ это время — не весело, не дурно и не безполезно. Впрочемъ, ты лучше знаешь и узнаешь. — Можетъ быть, еще припишу, а теперь надо выдумывать. Какъ хорошо, что тебѣ лучше, и какъ дурно, что ты ѣздишь. —</p>
<p rend="left">Цѣлую тебя и всѣхъ дѣтей.</p>
<p rend="emptyline left"><hi style="opnumber">452</hi> <hi style="npnumber">453</hi></p>
<lb/>
<p rend="left"><hi>На конверте:</hi> Москва. Хамовники. Графинѣ С. А. Толстой, свой домъ.</p>
<comments><p rend="Textpetit_otstup left">Печатается по автографу, хранящемуся в АТБ. Впервые опубликовано по копии, сделанной С. А. Толстой, в ПЖ, стр. 233—234. Датируется на основании почтовых штемпелей: «Почтовый вагон. 1 ноября. 1884; Москва. 1 ноября. 1884». В ПЖ датировано 1 ноября.</p>
<p rend="Textpetit_otstup left"><hi>1</hi> От 29 октября. В нем С. А. Толстая писала: «Ты мне пишешь, что я не зову тебя? Ах, Левочка...... Мне иногда во всех отношениях невыразимо тяжело без тебя. Но я задалась мыслью <hi>исполнять свой долг</hi> по отношению к тебе, как к писателю, как к человеку, нуждающемуся в свободе прежде всего, и потому ничего от тебя не требую» (стр. 272).</p>
<p rend="petit left"><hi>2</hi> Подчеркнутые слова — обычные выражения старой Агафьи Михайловны.</p>
<p rend="petit left"><hi>3</hi> Сергей Григорьевич Болхин.</p>
<p rend="petit left"><hi>4</hi> Пелагея Васильевна, рожд. Цветкова, вышедшая замуж за Сергея Болхина.</p>
<p rend="petit left"><hi>5</hi> Александр Николаевич Бибиков был председателем Крапивенской земской управы, С. Н. Толстой был одновременно уездным предводителем дворянства в Крапивне.</p>
<p rend="petit left"><hi>6</hi> Одно из них — В. Г. Черткову, см. т. 85 настоящего издания, стр. 110; другие — неизвестны.</p>
</comments></div></body>
        </text>
        </TEI>