<?xml version="1.0" encoding="UTF-8"?>
    <!-- <?xml-stylesheet type="text/xsl" target="../resources/MJT/myletter.xsl"?> -->
    <?xml-stylesheet type="css" target="graves.css"?>
    <?xml-model target="http://www.tei-c.org/release/xml/tei/custom/schema/relaxng/tei_all.rng" type="application/xml" schematypens="http://relaxng.org/ns/structure/1.0"?>
    <?xml-model target="http://www.tei-c.org/release/xml/tei/custom/schema/relaxng/tei_all.rng" type="application/xml"
            schematypens="http://purl.oclc.org/dsdl/schematron"?>
    <TEI xmlns="http://www.tei-c.org/ns/1.0">
       <teiHeader>
          <fileDesc>
             <titleStmt>
                <title>Письмо №138. Ф. А. Свечину.</title>
             </titleStmt>
             <publicationStmt>
                <publisher>TolstoyLab</publisher>
                <date when="2015-09-14">14 September 2015</date>
             </publicationStmt>
             <sourceDesc>
                <biblStruct>
                   <analytic>
                      <author>Толстой Л.Н.</author>
                   </analytic>
                   <monogr>
                      <title level="m">Полное собрание сочинений. Том 63</title>
                      <imprint>
                         <pubPlace>Москва</pubPlace>
                         <publisher>Государственное издательство "Художественная литература"</publisher>
                         <date when="1934"/>
                      </imprint>
                   </monogr>
                   <series>
                      <title level="s">Л.Н. Толстой. Полное собрание сочинений</title>
                      <biblScope unit="vol">63</biblScope>
                   </series>
                </biblStruct>
				<bibl>Печатается по автографу, хранящемуся в ИЛ (в ГТМ хранится черновик этого письма, написанный на обратной стороне черновика рассказа Толстого: «Жил в селе человек праведный»). Впервые опубликовано в ПТСО, № 31.</bibl>
             </sourceDesc>
          </fileDesc>
          <encodingDesc>
             <tagsDecl> </tagsDecl>
          </encodingDesc>
          <profileDesc>
             <correspDesc>
                <correspAction type="sending">
                   <persName ref="PersonList.xml#L_N_Tolstoy">Л. Н. Толстой</persName>
                   <placeName ref="PlacesListxml#PLACE">Москва?</placeName>
                   <date when="1882-12-16">1882 г.Декабря 16.</date>            </correspAction>
                <correspAction type="receiving">
                   <persName ref="PersonList.xml#RECEIVER">Свечин Федор Александрович</persName>
                </correspAction>
                <correspContext>
                   <ref type="prev"></ref>
                </correspContext>
             </correspDesc>
          </profileDesc>
       </teiHeader>
       <xenoData><number type="in a volume">138</number></xenoData>

              <text xml:id="F__A__Svechinu_138">
	<body><div>
		<opener index="false">
138. Ф. А. Свечину.
1882 г. Декабря 16. Москва?
</opener><p rend="subtitle centerline">
Его Превосходительству
</p>
<p rend="subtitle centerline">
Тульскому Губернскому Предводителю Дворянства
</p>
<p rend="subtitle centerline">
Ѳедору Александровичу
</p>
<p rend="subtitle centerline">
Свѣчину
</p>
<p rend="right">Графа Льва Николаевича Толстого</p>
<p rend="center">Заявленіе.</p>
<p rend="left">По незаявленію мною своевременно отказа баллотироваться по дворянскимъ выборамъ, я быль избранъ сего Декабря Предводителемъ по Крапивенскому уѣзду. <hi style="opdelimiter">—</hi><hi style="opnumber">107</hi></p>
<p rend="left"><hi style="npnumber">108</hi><hi style="npdelimiter">Не</hi> желая служить, покорно прошу ваше Превосходительство исходатайствовать мое увольненіе.</p>
<p rend="right">Графъ Левъ Николаевячъ Толстой.</p>
<p rend="Data left">1882 года, Декабря 16.</p>
<comments><p rend="Textpetit_otstup left">Печатается по автографу, хранящемуся в ИЛ (в ГТМ хранится черновик этого письма, написанный на обратной стороне черновика рассказа Толстого: «Жил в селе человек праведный»). Впервые опубликовано в ПТСО, № 31.</p>
<p rend="petit left">Федор Александрович Свечин (р. 12 февраля 1844 г. — ум. 13 марта 1894 г.) — тульский губернский предводитель дворянства в 1880—1885 гг., автор «Сборника охотничьих и других рассказов» (М. 1891) и пр.</p>
<p rend="petit left">В Тульском дворянском собрании в большой зале были укреплены мраморные доски, на которых золотыми буквами были обозначены фамилии предводителей дворянства. На доске Крапивенского уезда значился, между прочим: <hi>Поручик граф Лев Николаевич Толстой. 1882</hi>. (См. В. И. Чернопятов, «Дворянское сословие Тульской губернии» т. IX (XVIII) М. 1912, стр. 34.) На эти доски заносились имена всех избранных, хотя бы и не вступивших в должность. Так было и с Толстым. После его отказа вступил в должность предводителя брат его Сергей Николаевич, избранный кандидатом.</p>
</comments></div></body>
        </text>
        </TEI>