<?xml version="1.0" encoding="UTF-8"?>
    <!-- <?xml-stylesheet type="text/xsl" target="../resources/MJT/myletter.xsl"?> -->
    <?xml-stylesheet type="css" target="graves.css"?>
    <?xml-model target="http://www.tei-c.org/release/xml/tei/custom/schema/relaxng/tei_all.rng" type="application/xml" schematypens="http://relaxng.org/ns/structure/1.0"?>
    <?xml-model target="http://www.tei-c.org/release/xml/tei/custom/schema/relaxng/tei_all.rng" type="application/xml"
            schematypens="http://purl.oclc.org/dsdl/schematron"?>
    <TEI xmlns="http://www.tei-c.org/ns/1.0">
       <teiHeader>
          <fileDesc>
             <titleStmt>
                <title>Письмо №255. М. П. Погодину.</title>
             </titleStmt>
             <publicationStmt>
                <publisher>TolstoyLab</publisher>
                <date when="2015-09-14">14 September 2015</date>
             </publicationStmt>
             <sourceDesc>
                <biblStruct>
                   <analytic>
                      <author>Толстой Л.Н.</author>
                   </analytic>
                   <monogr>
                      <title level="m">Полное собрание сочинений. Том 61</title>
                      <imprint>
                         <pubPlace>Москва</pubPlace>
                         <publisher>Государственное издательство "Художественная литература"</publisher>
                         <date when="1953"/>
                      </imprint>
                   </monogr>
                   <series>
                      <title level="s">Л.Н. Толстой. Полное собрание сочинений</title>
                      <biblScope unit="vol">61</biblScope>
                   </series>
                </biblStruct>
				<bibl>Впервые опубликовано, с датой: «1868 март», в журнале «На литературном посту», 1928, 10, стр. 64—65. Датируется по письму М. П. Погодина от 21 марта 1868 г., в котором он просил дать прочесть ему рукопись пятого тома «Войны и мира» и делился своими мыслями о статье Толстого «Несколько слов по поводу книги «Война и мир». См. прим. 1 к письму № 246.</bibl>
             </sourceDesc>
          </fileDesc>
          <encodingDesc>
             <tagsDecl> </tagsDecl>
          </encodingDesc>
          <profileDesc>
             <correspDesc>
                <correspAction type="sending">
                   <persName ref="PersonList.xml#L_N_Tolstoy">Л. Н. Толстой</persName>
                   <placeName ref="PlacesListxml#PLACE">Москва.</placeName>
                   <date when="1868-03-21">1868 г. Марта 21.</date>            </correspAction>
                <correspAction type="receiving">
                   <persName ref="PersonList.xml#RECEIVER">Погодин Михаил Петрович</persName>
                </correspAction>
                <correspContext>
                   <ref type="prev"></ref>
                </correspContext>
             </correspDesc>
          </profileDesc>
       </teiHeader>
       <xenoData><number type="in a volume">255</number></xenoData>

              <text xml:id="M__P__Pogodinu_255">
	<body><div>
		<opener index="false">
255. М. П. Погодину.
1868 г. Марта 21...23? Москва.</opener>
<p rend="left">Меня очень обрадовало ваше письмо, многоуважаемый Михаил Петрович. Мысли мои о границах свободы и зависимости, и мой взгляд на историю не случайный парадокс, кот[орый] на минутку занял меня. Мысли эти плод всей умственной работы моей жизни и составляют нераздельную часть того мирос[оз]ерцания, которое бог один знает, какими трудами и страданиями выработалось во мне и дало мне совершенное спокойствие и счастье. А вместе с тем я знаю и знал, что в моей книге будут хвалить чувствительную сцену барышни, насмешку над Сперанским<note xml:id="note1" resp="volume_editor" index="false"> Михаил Михайлович Сперанский (1772—1839). Изображен в томах II и III «Войны и <hi style="opdelimiter">мира».</hi><hi style="opnumber">195</hi></note> и т. п. дребедень, к[оторая] им по силам, а главное-то никто не заметит. Вы заметите и, пожалуйста, читайте и замечайте на полях. И, пожалуйста, поговоримте. Назначьте время, когда бы мне повидаться с вами.<note xml:id="note2" resp="volume_editor" index="false"> В неопубликованном дневнике М. П. Погодина за 1868 г. есть следующая запись о визите Толстого к нему 14 апреля: «Посещение Толстого. Он хочет писать жизнь Суворова и Кутузова. Очень был рад. Много толковали». Прочтя первые четыре тома «Войны и мира», Погодин писал Толстому 3 апреля: «Читаю, читаю — изменяю и Мстиславу, и Всеволоду, и Ярополку, вижу, как они морщатся на меня, досадно мне, — а вот сию минуту дочитал до 149 стр. третьего тома, и просто растаял, плачу, радуюсь.</note></p>
<p rend="right">Ваш Л. Толстой.</p>
<p rend="left">5-ая часть в коректурах есть начало, и она к вашим услугам, а рукопись моя невозможна для чтения.</p>
<p rend="left">За книгу благодарю.<note xml:id="note3" resp="volume_editor" index="false"> М. П. Погодин прислал Толстому свою книгу «Исторические афоризмы», М. 1836.</note> Прочту и уверен, что найду подтверждение своего взгляда.</p>
<comments><p rend="Textpetit_otstup left">Впервые опубликовано, с датой: «1868 март», в журнале «На литературном посту», 1928, 10, стр. 64—65. Датируется по письму М. П. Погодина от 21 марта 1868 г., в котором он просил дать прочесть ему рукопись пятого тома «Войны и мира» и делился своими мыслями о статье Толстого «Несколько слов по поводу книги «Война и мир». См. прим. 1 к письму № 246.</p>
<p rend="Textpetit_otstup left"><hi>1</hi> Михаил Михайлович Сперанский (1772—1839). Изображен в томах II и III «Войны и <hi style="opdelimiter">мира».</hi><hi style="opnumber">195</hi></p>
<p rend="petit left"><hi>2</hi> В неопубликованном дневнике М. П. Погодина за 1868 г. есть следующая запись о визите Толстого к нему 14 апреля: «Посещение Толстого. Он хочет писать жизнь Суворова и Кутузова. Очень был рад. Много толковали». Прочтя первые четыре тома «Войны и мира», Погодин писал Толстому 3 апреля: «Читаю, читаю — изменяю и Мстиславу, и Всеволоду, и Ярополку, вижу, как они морщатся на меня, досадно мне, — а вот сию минуту дочитал до 149 стр. третьего тома, и просто растаял, плачу, радуюсь.</p>
<p rend="petit left">Где, как, когда всосал он в себя из этого воздуха, которым дышал в разных гостиных и холостых военных компаниях этот дух и проч. Славный вы человек, прекрасный талант!... Я боюсь за Наташу (она до сих понравилась мне больше всех), чтоб не случилось с ней чего, чтоб не испортилась она! Я стал бы бояться и за вас. Но, кажется, вы уже на другом берегу.</p>
<p rend="petit left">Весь этот мир для меня совершенно непонятный, хоть я и вижу, что он дагеротипически верен: что за страшная пустота, какое колобродство в мыслях и чувствованиях!..</p>
<p rend="petit left">...А ведь все это прекрасные, добрые люди, с такими движениями, каких нет, кажется, нигде... Все они могли бы... Да куда же меня бросило! Вот как вы меня взволновали... Мне под 70, а чувствую я, что теперешние мои слезы те же, что были в 1809 году, когда я читал «Марьину рощу» Жуковского и когда приходили меня смотреть и слушать соседи...</p>
<p rend="petit right">Ваш М. Погодин».</p>
<p rend="petit left">И на следующий день, 4 апреля:</p>
<p rend="petit left">«Четверг. Утро. А все читаю... Прекрасно, прекрасно, стр. 179 встреча Сони и Николая — нехорошо, совсем нехорошо, оборвано, — ну вот теперь и могу оставить книгу — примусь за свою работу... посмотрю однако же дальше: — Соня, тебе хорошо? — А тебе? — Опять видно пойдет хорошо. Но нет, останавливаюсь решительно. Обнимаю вас.</p>
<p rend="petit left">Послушайте — да что же это такое! Вы меня измучили. Принялся опять читать... и дошел... И что же я за дурак! Вы из меня сделали Наташу на старости лет, и прощай все Ярополки! Присылайте же, по крайней мере, скорее Марью Дмитриевну какую-нибудь, которая отняла бы у меня ваши книги, посадила бы меня за мою работу.</p>
<p rend="petit left">Четверг, вечер.</p>
<p rend="petit left">Ах — нет Пушкина! Как бы он был весел, как бы он был счастлив, и как бы стал потирать себе руки. — Целую вас за него и за всех наших стариков. Пушкин — и его я понял теперь из вашей книги яснее, его смерть, его жизнь. Он из той же среды — и что это за лаборатория, что за мельница — святая Русь, которая все перемалывает. Кстати — любимое его выражение: все перемелется, мука будет».</p>
<p rend="petit left"><hi>3</hi> М. П. Погодин прислал Толстому свою книгу «Исторические афоризмы», М. 1836.</p>
<p rend="left"><hi style="opnumber">196</hi> <hi style="npnumber">197</hi></p>
</comments></div></body>
        </text>
        </TEI>