<?xml version="1.0" encoding="UTF-8"?>
    <!-- <?xml-stylesheet type="text/xsl" target="../resources/MJT/myletter.xsl"?> -->
    <?xml-stylesheet type="css" target="graves.css"?>
    <?xml-model target="http://www.tei-c.org/release/xml/tei/custom/schema/relaxng/tei_all.rng" type="application/xml" schematypens="http://relaxng.org/ns/structure/1.0"?>
    <?xml-model target="http://www.tei-c.org/release/xml/tei/custom/schema/relaxng/tei_all.rng" type="application/xml"
            schematypens="http://purl.oclc.org/dsdl/schematron"?>
    <TEI xmlns="http://www.tei-c.org/ns/1.0">
       <teiHeader>
          <fileDesc>
             <titleStmt>
                <title>Письмо №* 574. Н. Л. Озмидову.</title>
             </titleStmt>
             <publicationStmt>
                <publisher>TolstoyLab</publisher>
                <date when="2015-09-14">14 September 2015</date>
             </publicationStmt>
             <sourceDesc>
                <biblStruct>
                   <analytic>
                      <author>Толстой Л.Н.</author>
                   </analytic>
                   <monogr>
                      <title level="m">Полное собрание сочинений. Том 63</title>
                      <imprint>
                         <pubPlace>Москва</pubPlace>
                         <publisher>Государственное издательство "Художественная литература"</publisher>
                         <date when="1934"/>
                      </imprint>
                   </monogr>
                   <series>
                      <title level="s">Л.Н. Толстой. Полное собрание сочинений</title>
                      <biblScope unit="vol">63</biblScope>
                   </series>
                </biblStruct>
             </sourceDesc>
          </fileDesc>
          <encodingDesc>
             <tagsDecl> </tagsDecl>
          </encodingDesc>
          <profileDesc>
             <correspDesc>
                <correspAction type="sending">
                   <persName ref="PersonList.xml#L_N_Tolstoy">Л. Н. Толстой</persName>
                   <placeName ref="PlacesListxml#PLACE">Я. П.</placeName>
                   <date when="1886-11-15">1886 г. Ноября 15.</date>            </correspAction>
                <correspAction type="receiving">
                   <persName ref="PersonList.xml#RECEIVER">Озмидов Николай Лукич</persName>
                </correspAction>
                <correspContext>
                   <ref type="prev"></ref>
                </correspContext>
             </correspDesc>
          </profileDesc>
       </teiHeader>
       <xenoData><number type="in a volume">574</number></xenoData>

              <text xml:id="N__L__Ozmidovu_574">
	<body><div>
		<opener index="false">
* 574. Н. Л. Озмидову.
1886 г. Ноября 15. Я. П.</opener>
<p rend="left">Только-что отправилъ вамъ письмо, какъ получилъ ваши. Давно уже это было. Все хотѣлъ и не могъ по слабости здоровья и по занятіямъ, и лѣни.</p>
<p rend="left">Что вы спрашиваете, дорогой Н[иколай] Л[укичъ]? Намъ другъ у друга спрашивать нечего. Мы все знаемъ, что намъ нужно, и знаемъ, гдѣ искать разъясненій, если чего не знаемъ. Въ вашихъ вопросахъ — и отвѣты. «И узнаете отъ меня, потому что я кротокъ и смиренъ сердцемъ, мнѣ все хорошо и все легко».</p>
<p rend="left">Мы съ вами вѣримъ что для кроткаго и смиреннаго сердцемъ все легко и все благо — вѣримъ, я знаю; но, вотъ, <hi style="opdelimiter">начнемъ</hi><hi style="opnumber">410</hi> <hi style="npnumber">411</hi><hi style="npdelimiter">жить</hi> и чувствуемъ, что иго наше не благо и бремя наше тяжело, что Сазоновы огорчаютъ насъ, дѣлаютъ намъ жизнь тяжелою. Что же это значитъ? Одно изъ двухъ: что неправда то, что для смиреннаго и кроткаго все благо и все легко, или то, что мы недостаточно кротки и смирны. И не потому, что мы не хотимъ быть такими, а потому что за нами виситъ нашъ балластъ прошедшихъ годовъ и привычекъ заблужденія.</p>
<p rend="left">Это я отвѣчаю на вашъ вопросъ: мучаться ли и молчать, или мучаться и искать лекарства? Мучиться, коли мы не выучились еще радоваться и учиться радоваться. Это отвѣчаетъ, помоему, на всѣ три вопроса.</p>
<p rend="left">Нынче получилъ извѣстіе, что М[арья] А[лександровна] уѣхала съ О[льгой] Алексеевной].<note xml:id="note1" resp="volume_editor" index="false"> М. А. Шмидт и О. А. Баршева уехали от Озмидовых в Харьков.</note> Вамъ стало одиночнѣе. Жалко. Одно еще хотѣлось написать вамъ тогда еще при полученiи вашего письма. Именно то, что въ послѣднее время меня сильно занимало. Люди не могутъ жить безъ того, чтобы не устраивать себѣ формы жизни, и формы, сообразной съ своею степенью нравственности. Вы избрали форму, напр[имѣръ], по-моему наилучшую; но всякая форма жизни, отъ лорда англійскаго до вашей, сама по себѣ есть не только мертвечина, но помѣха истинной жизни. Изъ этого не слѣдуетъ, что нужно жить безъ формы определенной, плана жизни — безъ этого не можетъ человѣкъ — но слѣдуетъ то, что не только дорожить ею не должно, но бояться ее, какъ огня. Жизнь истинная только въ отношеніяхъ между людьми. Въ мірской же жизни все въ форме, и отношенія къ людямъ жертвуются вполне форме. Но и въ самой нравственной формѣ жизни искушеніе это всегда сопутствуетъ человеку. Я хочу кончить письмо, а пришелъ рекрутъ прощаться. Кончить до конца, это — форма, планъ, а рекрутъ, это — человѣкъ, и отношенія съ нимъ, это — истинная жизнь. Вѣдь это не помѣшаетъ мнѣ кончить письмо, коли буду живъ и т. п. Оглянусь на свою жизнь: сколько разнообразныхъ формъ жизни я устраивалъ себѣ! Что изъ нихъ осталось? Ничего. А что осталось въ прошедшей жизни — отношеній съ людьми? И во всю сороколѣтнюю мірскую жизнь я отношеній почти никакихъ не устраивалъ съ людьми, п[отому] ч[то] жилъ для формы. А въ короткіе года, когда жилъ безъ формы, сколько дорогихъ отношеній, съ которыми и жить, и<hi> </hi>умирать радостно!</p>
<p rend="left">Обнимаю васъ, милый другъ, и всѣхъ друзей <hi style="opdelimiter">нашихъ.</hi><hi style="opnumber">411</hi></p>
<comments><p rend="Textpetit_otstup left"><hi style="npnumber">412</hi><hi style="npdelimiter">Печатается</hi> по копии, хранящейся в AЧ. Местонахождение автографа неизвестно. Публикуется впервые. Дата копии.</p>
<p rend="petit left">Письмо Н. Л. Озмидова, на которое отвечает Толстой, неизвестно.</p>
<p rend="Textpetit_otstup left"><hi>1</hi> М. А. Шмидт и О. А. Баршева уехали от Озмидовых в Харьков.</p>
</comments></div></body>
        </text>
        </TEI>