<?xml version="1.0" encoding="UTF-8"?>
    <!-- <?xml-stylesheet type="text/xsl" target="../resources/MJT/myletter.xsl"?> -->
    <?xml-stylesheet type="css" target="graves.css"?>
    <?xml-model target="http://www.tei-c.org/release/xml/tei/custom/schema/relaxng/tei_all.rng" type="application/xml" schematypens="http://relaxng.org/ns/structure/1.0"?>
    <?xml-model target="http://www.tei-c.org/release/xml/tei/custom/schema/relaxng/tei_all.rng" type="application/xml"
            schematypens="http://purl.oclc.org/dsdl/schematron"?>
    <TEI xmlns="http://www.tei-c.org/ns/1.0">
       <teiHeader>
          <fileDesc>
             <titleStmt>
                <title>Письмо №196. С. А. Толстой</title>
             </titleStmt>
             <publicationStmt>
                <publisher>TolstoyLab</publisher>
                <date when="2015-09-14">14 September 2015</date>
             </publicationStmt>
             <sourceDesc>
                <biblStruct>
                   <analytic>
                      <author>Толстой Л.Н.</author>
                   </analytic>
                   <monogr>
                      <title level="m">Полное собрание сочинений. Том 83</title>
                      <imprint>
                         <pubPlace>Москва</pubPlace>
                         <publisher>Государственное издательство "Художественная литература"</publisher>
                         <date when="1938"/>
                      </imprint>
                   </monogr>
                   <series>
                      <title level="s">Л.Н. Толстой. Полное собрание сочинений</title>
                      <biblScope unit="vol">83</biblScope>
                   </series>
                </biblStruct>
				<bibl>Печатается по автографу, хранящемуся в АТБ. Впервые опубликовано по копии, сделанной С. А. Толстой, в ПЖ, стр. 154—155. Дата Толстого.</bibl>
             </sourceDesc>
          </fileDesc>
          <encodingDesc>
             <tagsDecl> </tagsDecl>
          </encodingDesc>
          <profileDesc>
             <correspDesc>
                <correspAction type="sending">
                   <persName ref="PersonList.xml#L_N_Tolstoy">Л. Н. Толстой</persName>
                   <placeName ref="PlacesListxml#PLACE">Я. П.</placeName>
                   <date when="1882-03-03">1882 г. Марта 3.</date>            </correspAction>
                <correspAction type="receiving">
                   <persName ref="PersonList.xml#RECEIVER">Толстая Софья Андреевна</persName>
                </correspAction>
                <correspContext>
                   <ref type="prev"></ref>
                </correspContext>
             </correspDesc>
          </profileDesc>
       </teiHeader>
       <xenoData><number type="in a volume">196</number></xenoData>

       <text xml:id="a3_196">
	<body><div>
		<opener index="false">
196.
1882 г. Марта 3. Я. П.</opener>
<p rend="right"><hi>3-го 10 часовъ вечера.</hi></p>
<p rend="left">Какъ мнѣ больно, милая душенька, что я тебя разстроиваю своими письмами. — Это періодъ моего желчнаго состоянія: во рту горько, ноетъ печень и все мрачно и уныло. — Лучше нигдѣ мнѣ не можетъ быть, какъ здѣсь, совершенно одному въ тишинѣ и молчаньи. — Нынче и ночь не то что дурно, а мало спалъ и не принимался за работу, а читалъ. —</p>
<p rend="left">Писемъ я отъ тебя не получалъ еще, кромѣ шальнаго письма Александра<note xml:id="note1" resp="volume_editor" index="false"> Вероятно, Александра Андреевича Берса.</note> и неискренняго письма Александры<note xml:id="note2" resp="volume_editor" index="false"> А. А. Толстой. От него сохранился лишь второй листок, на котором она писала: «Как разработается маленькое семячко, унесенное мною, один бог ведает, но во всяком случае я чувствую, что ничто не могло поколебать моей дружбы к вам, ни твердого упования на будущее. Licht sucht Licht [свет стремится к свету], сказал Lavater, и сердце, проникнутое хотя одним лучем солнца правды, конечно осветится со временем вполне. Прощайте, милый друг, — постарайтесь любить меня по прежнему и никогда не говорите и не думайте, что мы служим не одному богу. Христос один, и вы и я любим его. Это главное». С. А. Толстая приписала к этому письму А. А. Толстой: «28 февраля. Эти два письма тебе интересны, я и посылаю». В ответном, неотправленном, письме Толстой писал А. А. Толстой: «Общего между мною и вами быть не может, потому что ту святодуховскую веру, которую вы исповедуете, я исповедовал от всей души и изучал всеми силами своими ума и убедился, что это не вера, а мерзкий обман, выдуманный для погибели людей». (Письмо это хранится в ГТМ.)</note> — на кот[оромъ] ты надписала нѣсколько словъ. Это письмо Александры взволновало — разсердило меня, и я написалъ ей очень жесткій отвѣтъ и самъ свезъ верхомъ въ Ясенки, гдѣ купилъ конвертовъ. Но, возвращаясь домой, вспомнилъ и о томъ, что ты бы очень не одобрила это письмо и самому непріятно стало, и я послалъ взять письмо назадъ, такъ что не послалъ. —</p>
<p rend="left">Утро было солнечное и теплое, и жаворонки заливаются со всѣхъ сторонъ, и проѣхаться было пріятно. А теперь вѣтрено, тепло и темно, но я ѣду на Козловку въ саняхъ; свезу это письмо и поспрошу отъ тебя. Няня<note xml:id="note3" resp="volume_editor" index="false"> Марья Афанасьевна Арбузова.</note> нынче ѣздила въ Тулу, отвозила деньги Авдотьи Васильевны<note xml:id="note4" resp="volume_editor" index="false"> Авдотья Васильевна Попова, «жила в доме Ясной поляны экономной много лет» (н. п. С. А.). Получала в то время 8 рублей ежемесячно.</note> и была на почтѣ, но письма не привезла. Письмо отъ тебя очень развеселитъ меня. —</p>
<p rend="left">Былъ Костюшка;<note xml:id="note5" resp="volume_editor" index="false"> См. о нем письмо от 4 июля 1881 г.</note> — жена его больна очень; все тоже — груди. Говорятъ, что отъ твоего лѣкарства прошло; но потомъ ребенокъ ея умеръ, и сдѣлалось тоже въ обѣихъ грудяхъ. Проситъ тотъ пластырь или мазь, какую ты давала. Пришли, если можно.</p>
<p rend="left">Ходитъ народъ просить, но я отказываю, — денегъ нѣтъ; да и какъ-то нынѣшній и годъ легче, и много я думалъ объ этомъ, и мнѣ не такъ больно отказывать.</p>
<p rend="left">Хорошо ли пріѣхалъ Илюша. Все ли у тебя хорошо? Здоровье? И дѣти хороши ли? Это <hi style="opdelimiter">главное.</hi><hi style="opnumber">323</hi></p>
<p rend="left"><hi style="npnumber">324</hi><hi style="npdelimiter">Прощай,</hi> душенька. Не думай, что мнѣ не грустно безъ тебя; грустно, но я чувствую, что я отдыхаю, и несмотря на нездоровье, набираюсь силъ, и многое лучше, яснѣе и проще обдумываю. Можетъ быть, это мечты и загадыванья ослабѣвающаго, но приходятъ все въ голову мысли о поэтической работѣ.<note xml:id="note6" resp="volume_editor" index="false"> В ответном письме, которое можно датировать 5 или 6 марта 1882 г., С. А. Толстая писала: «Каким радостным чувством меня вдруг охватило, когда прочла, что ты хочешь писать опять в поэтическом роде. Ты почувствовал то, чего я давно жду и желаю. Вот в чем спасенье, радость; вот на чем мы с тобой опять соединимся, что утешит тебя и осветит нашу жизнь. Эта работа настоящая, для нее ты создан, и вне этой сферы <hi style="opdelimiter">нет</hi><hi style="opnumber">324</hi> <hi style="npnumber">325</hi><hi style="npdelimiter">мира</hi> твоей душе. Я знаю, что насиловать ты себя не можешь; но дай бог тебе этот проблеск удержать, чтоб разрослась в тебе опять эта искра божья. Меня в восторг эта мысль приводит» (ПСТ, стр. 188).</note></p>
<p rend="left">И какъ бы я отдохнулъ на такой работѣ.</p>
<p rend="left">Какъ задумаю объ этомъ, такъ точно задумаю объ лѣтнемъ купаньѣ.</p>
<p rend="left">Но, пожалуйста, и дѣтямъ этаго не говори. — Съ тобой я думаю вслухъ.</p>
<p rend="left">Сейчасъ получилъ твое письмо въ Козловку<note xml:id="note7" resp="volume_editor" index="false"> От 1 марта 1882 г.</note> и очень, очень повеселѣлъ.</p>
<lb/>
<p rend="left"><hi>На конверте:</hi> Москва. Денежный переулокъ, домъ Волконскаго. Е. С. Графинѣ Софьѣ Андревнѣ Толстой.</p>
<comments><p rend="Textpetit_otstup left">Печатается по автографу, хранящемуся в АТБ. Впервые опубликовано по копии, сделанной С. А. Толстой, в ПЖ, стр. 154—155. Дата Толстого.</p>
<p rend="Textpetit_otstup left"><hi>1</hi> Вероятно, Александра Андреевича Берса.</p>
<p rend="petit left"><hi>2</hi> А. А. Толстой. От него сохранился лишь второй листок, на котором она писала: «Как разработается маленькое семячко, унесенное мною, один бог ведает, но во всяком случае я чувствую, что ничто не могло поколебать моей дружбы к вам, ни твердого упования на будущее. Licht sucht Licht [свет стремится к свету], сказал Lavater, и сердце, проникнутое хотя одним лучем солнца правды, конечно осветится со временем вполне. Прощайте, милый друг, — постарайтесь любить меня по прежнему и никогда не говорите и не думайте, что мы служим не одному богу. Христос один, и вы и я любим его. Это главное». С. А. Толстая приписала к этому письму А. А. Толстой: «28 февраля. Эти два письма тебе интересны, я и посылаю». В ответном, неотправленном, письме Толстой писал А. А. Толстой: «Общего между мною и вами быть не может, потому что ту святодуховскую веру, которую вы исповедуете, я исповедовал от всей души и изучал всеми силами своими ума и убедился, что это не вера, а мерзкий обман, выдуманный для погибели людей». (Письмо это хранится в ГТМ.)</p>
<p rend="petit left"><hi>3</hi> Марья Афанасьевна Арбузова.</p>
<p rend="petit left"><hi>4</hi> Авдотья Васильевна Попова, «жила в доме Ясной поляны экономной много лет» (н. п. С. А.). Получала в то время 8 рублей ежемесячно.</p>
<p rend="petit left"><hi>5</hi> См. о нем письмо от 4 июля 1881 г.</p>
<p rend="petit left"><hi>6</hi> В ответном письме, которое можно датировать 5 или 6 марта 1882 г., С. А. Толстая писала: «Каким радостным чувством меня вдруг охватило, когда прочла, что ты хочешь писать опять в поэтическом роде. Ты почувствовал то, чего я давно жду и желаю. Вот в чем спасенье, радость; вот на чем мы с тобой опять соединимся, что утешит тебя и осветит нашу жизнь. Эта работа настоящая, для нее ты создан, и вне этой сферы <hi style="opdelimiter">нет</hi><hi style="opnumber">324</hi> <hi style="npnumber">325</hi><hi style="npdelimiter">мира</hi> твоей душе. Я знаю, что насиловать ты себя не можешь; но дай бог тебе этот проблеск удержать, чтоб разрослась в тебе опять эта искра божья. Меня в восторг эта мысль приводит» (ПСТ, стр. 188).</p>
<p rend="petit left"><hi>7</hi> От 1 марта 1882 г.</p>
</comments></div></body>
        </text>
        </TEI>