<?xml version="1.0" encoding="UTF-8"?>
    <!-- <?xml-stylesheet type="text/xsl" target="../resources/MJT/myletter.xsl"?> -->
    <?xml-stylesheet type="css" target="graves.css"?>
    <?xml-model target="http://www.tei-c.org/release/xml/tei/custom/schema/relaxng/tei_all.rng" type="application/xml" schematypens="http://relaxng.org/ns/structure/1.0"?>
    <?xml-model target="http://www.tei-c.org/release/xml/tei/custom/schema/relaxng/tei_all.rng" type="application/xml"
            schematypens="http://purl.oclc.org/dsdl/schematron"?>
    <TEI xmlns="http://www.tei-c.org/ns/1.0">
       <teiHeader>
          <fileDesc>
             <titleStmt>
                <title>Письмо №85. П. Д. Голохвастову.</title>
             </titleStmt>
             <publicationStmt>
                <publisher>TolstoyLab</publisher>
                <date when="2015-09-14">14 September 2015</date>
             </publicationStmt>
             <sourceDesc>
                <biblStruct>
                   <analytic>
                      <author>Толстой Л.Н.</author>
                   </analytic>
                   <monogr>
                      <title level="m">Полное собрание сочинений. Том 62</title>
                      <imprint>
                         <pubPlace>Москва</pubPlace>
                         <publisher>Государственное издательство "Художественная литература"</publisher>
                         <date when="1953"/>
                      </imprint>
                   </monogr>
                   <series>
                      <title level="s">Л.Н. Толстой. Полное собрание сочинений</title>
                      <biblScope unit="vol">62</biblScope>
                   </series>
                </biblStruct>
             </sourceDesc>
          </fileDesc>
          <encodingDesc>
             <tagsDecl> </tagsDecl>
          </encodingDesc>
          <profileDesc>
             <correspDesc>
                <correspAction type="sending">
                   <persName ref="PersonList.xml#L_N_Tolstoy">Л. Н. Толстой</persName>
                   <placeName ref="PlacesListxml#PLACE">Я. П.</placeName>
                   <date when="1874-07-08">1874 г. Июля 8?</date>            </correspAction>
                <correspAction type="receiving">
                   <persName ref="PersonList.xml#RECEIVER">Голохвастов Павел Дмитриевич</persName>
                </correspAction>
                <correspContext>
                   <ref type="prev"></ref>
                </correspContext>
             </correspDesc>
          </profileDesc>
       </teiHeader>
       <xenoData><number type="in a volume">85</number></xenoData>

              <text xml:id="P.D.Goloxvastovu_85">
	<body><div>
		<opener index="false">
85. П. Д. Голохвастову.
1874 г. Июля 8?...12? Я. П.</opener>
<p rend="left">Очень рад был узнать о вас, дорогой Павел Дмитриевич, еще более рад тому (и в особенности жена), что вы не раздумали заехать к нам в августе. К 15-му мне очень, очень хочется приехать к Шатиловым и непременно приеду, если <hi style="opdelimiter">что-нибудь</hi><hi style="opnumber">97</hi> <hi style="npnumber">98</hi><hi style="npdelimiter">особенное</hi> не задержит. У нас на днях случилось очень важное для нашей семейной жизни событие: нашего немца при детях<note xml:id="note1" resp="volume_editor" index="false">Федор Федорович Кауфман, служивший у Толстых с осени 1871 г.</note> сманили в управляющие, и на нас с женой, и так очень занятых, навалилось много новой заботы; и мы ищем со всех сторон помощника или помощницу. Я вступил в переговоры о чехе, которого мы хотим выписать, но хотим тоже и швейцарку к девочке. И взяли бы и швейцарца-гувернера, вместо чеха. Я хотел писать <hi>Петрову</hi><note xml:id="note2" resp="volume_editor" index="false">Петров — русский священник в Женеве, с которым Толстой познакомился во время своего заграничного путешествия в 1857 г.</note> в Женеву, но не знаю его адреса, имени, отчества. Вы меня очень обяжете, если напишете ему, как, помните, вы были так добры, хотели, или пришлете мне его адрес. У нас теперь нет никого, кроме няни-англичанки, и нужны и гувернер к мальчикам и гувернантка к девочкам. Я верю, что не только <hi>помощник</hi> в воспитании детей, но кучер, который наймется, — предопределен, и потому не знаю, кого именно мне нужно. Попадись отличная — само собою разумеется, что качество одно — главное, чтоб был хороший человек, — отличная гувернантка, мы менее требовательны будем на учителя, и наоборот. Я пишу это к тому, что, кто знает, у ваших друзей, знакомых есть такой человек, тогда, пожалуйста, вспомните обо мне.</p>
<p rend="left">Во всяком случае до скорого свиданья. Напрасно вы не работаете над <hi>переделкой</hi> былин. Я этого жду и требую от вас. Впрочем: Faites ce que je dis, ne faites pas ce que je fais.<note xml:id="note3" resp="volume_editor" index="false">[Делайте то, что я говорю, но не делайте того, что я делаю.]</note> Мое печатание стоит, и не могу себя заставить заниматься им летом.<note xml:id="note4" resp="volume_editor" index="false">Речь идет об «Анне Карениной».</note></p>
<p rend="left">Прошу передать мой поклон Ольге Андреевне.</p>
<p rend="right">Ваш</p>
<p rend="right">Л. Толстой.</p>
<comments><p rend="Textpetit_otstup left">О первой публикации см. стр. 3. Год определяется сопоставлением с письмом к А. А. Толстой от 27 июля 1874 г., в котором Толстой также просит помочь в поисках гувернера и гувернантки; число месяца предположительно — упоминанием о недавнем уходе Ф. Ф. Кауфмана.</p>
<p rend="Textpetit_otstup left"><hi>1 </hi>Федор Федорович Кауфман, служивший у Толстых с осени 1871 г.</p>
<p rend="petit left"><hi>2 </hi>Петров — русский священник в Женеве, с которым Толстой познакомился во время своего заграничного путешествия в 1857 г.</p>
<p rend="petit left"><hi>3 </hi>[Делайте то, что я говорю, но не делайте того, что я делаю.]</p>
<p rend="petit left"><hi>4 </hi>Речь идет об «Анне Карениной».</p>
<p rend="left emptyline"><hi style="opnumber">98</hi> <hi style="npnumber">99</hi></p>
</comments></div></body>
        </text>
        </TEI>