<?xml version="1.0" encoding="UTF-8"?>
    <!-- <?xml-stylesheet type="text/xsl" target="../resources/MJT/myletter.xsl"?> -->
    <?xml-stylesheet type="css" target="graves.css"?>
    <?xml-model target="http://www.tei-c.org/release/xml/tei/custom/schema/relaxng/tei_all.rng" type="application/xml" schematypens="http://relaxng.org/ns/structure/1.0"?>
    <?xml-model target="http://www.tei-c.org/release/xml/tei/custom/schema/relaxng/tei_all.rng" type="application/xml"
            schematypens="http://purl.oclc.org/dsdl/schematron"?>
    <TEI xmlns="http://www.tei-c.org/ns/1.0">
       <teiHeader>
          <fileDesc>
             <titleStmt>
                <title>Письмо №59. С. А. Толстой</title>
             </titleStmt>
             <publicationStmt>
                <publisher>TolstoyLab</publisher>
                <date when="2015-09-14">14 September 2015</date>
             </publicationStmt>
             <sourceDesc>
                <biblStruct>
                   <analytic>
                      <author>Толстой Л.Н.</author>
                   </analytic>
                   <monogr>
                      <title level="m">Полное собрание сочинений. Том 83</title>
                      <imprint>
                         <pubPlace>Москва</pubPlace>
                         <publisher>Государственное издательство "Художественная литература"</publisher>
                         <date when="1938"/>
                      </imprint>
                   </monogr>
                   <series>
                      <title level="s">Л.Н. Толстой. Полное собрание сочинений</title>
                      <biblScope unit="vol">83</biblScope>
                   </series>
                </biblStruct>
				<bibl>Печатается по автографу, хранящемуся в АТБ. Впервые опубликовано по копии, сделанной С. А. Толстой, в ПЖ, стр. 60—61. Датируется на основании датировки следующего письма, которое должно быть отнесено к 16 ноября.</bibl>
             </sourceDesc>
          </fileDesc>
          <encodingDesc>
             <tagsDecl> </tagsDecl>
          </encodingDesc>
          <profileDesc>
             <correspDesc>
                <correspAction type="sending">
                   <persName ref="PersonList.xml#L_N_Tolstoy">Л. Н. Толстой</persName>
                   <placeName ref="PlacesListxml#PLACE">Москва.</placeName>
                   <date when="1866-11-15">1866 г. Ноября 15.</date>            </correspAction>
                <correspAction type="receiving">
                   <persName ref="PersonList.xml#RECEIVER">Толстая Софья Андреевна</persName>
                </correspAction>
                <correspContext>
                   <ref type="prev"></ref>
                </correspContext>
             </correspDesc>
          </profileDesc>
       </teiHeader>
       <xenoData><number type="in a volume">59</number></xenoData>

       <text xml:id="a15_59">
	<body><div>
		<opener index="false">
59.
1866 г. Ноября 15. Москва.</opener>
<p rend="left">Кажется бы, не отъ чего, но очень усталъ, милая моя душенька, и напишу коротко.</p>
<p rend="left">Послѣ кофею пошелъ въ Румянцевской музей и сидѣлъ тамъ до 3-хъ, читалъ масонскія рукописи, — очень интересныя. И не могу тебѣ описать, почему чтеніе нагнало на меня тоску, отъ которой не могъ избавиться весь день. Грустно то, что всѣ эти массоны были дураки. —</p>
<p rend="left">Оттуда пошелъ на гимнастику.<note xml:id="note1" resp="volume_editor" index="false"> Гимнастическое заведение Пуаре.</note> Чувствовалъ себя сильнѣе прежняго. И обѣдать. Обѣдалъ Анке и Сухотинъ, пожиравшій все въ огромномъ размѣрѣ и болтавшій безъ умолку. Да <hi style="opdelimiter">еще</hi><hi style="opnumber">129</hi> <hi style="npnumber">130</hi><hi style="npdelimiter">Варинька</hi> Перф[ильева], к[отор]ой я и не видалъ отъ Сухотина. Вечеромъ пріѣхали Зайковскія<note xml:id="note2" resp="volume_editor" index="false"> Вероятно, Ольга и Эмилия Дмитриевны.</note> и Башиловъ и изъ типографіи. Суетня, крики Зайковскихъ, торопливость, неловкость — знаешь это чувство. Я очень радъ былъ, что меня звала княжна Элена,<note xml:id="note3" resp="volume_editor" index="false"> Кж. Елена Сергеевна Горчакова.</note> — я уѣхалъ къ ней, и вотъ сейчасъ отъ нея, гдѣ пробылъ съ ней en tête-à-tête часа 1<hi>1</hi>/<sub>2</sub> и не скучно. Изрѣдка она очень пріятна, но все таки спать захотѣлось. — Варвинской былъ безъ меня и нашелъ тоже, что Разсвѣтовъ, хотя, по словамъ А[ндрея] Е[встафьевича] и Л[юбовь] А[лександровны], сказалъ, что бугорковъ еще нѣтъ, но могутъ быть. — Ждалъ во время болтовни Сухотина и писка Зайковскихъ все письма отъ тебя, но проклятая почта вѣрно завтра принесетъ два. Съ типографіей все некончилъ. И теперь является опять возможность сдѣлать картинки. Завтра навѣрно все рѣшу, а утро постараюсь кончить выписки и чтеніе, к[отор]ыя мнѣ нужны въ музеѣ. Прощай, милая голубушка. До завтра.</p>
<comments><p rend="Textpetit_otstup left">Печатается по автографу, хранящемуся в АТБ. Впервые опубликовано по копии, сделанной С. А. Толстой, в ПЖ, стр. 60—61. Датируется на основании датировки следующего письма, которое должно быть отнесено к 16 ноября.</p>
<p rend="Textpetit_otstup left"><hi>1</hi> Гимнастическое заведение Пуаре.</p>
<p rend="petit left"><hi>2</hi> Вероятно, Ольга и Эмилия Дмитриевны.</p>
<p rend="petit left"><hi>3</hi> Кж. Елена Сергеевна Горчакова.</p>
</comments></div></body>
        </text>
        </TEI>