<?xml version="1.0" encoding="UTF-8"?>
    <!-- <?xml-stylesheet type="text/xsl" target="../resources/MJT/myletter.xsl"?> -->
    <?xml-stylesheet type="css" target="graves.css"?>
    <?xml-model target="http://www.tei-c.org/release/xml/tei/custom/schema/relaxng/tei_all.rng" type="application/xml" schematypens="http://relaxng.org/ns/structure/1.0"?>
    <?xml-model target="http://www.tei-c.org/release/xml/tei/custom/schema/relaxng/tei_all.rng" type="application/xml"
            schematypens="http://purl.oclc.org/dsdl/schematron"?>
    <TEI xmlns="http://www.tei-c.org/ns/1.0">
       <teiHeader>
          <fileDesc>
             <titleStmt>
                <title>Письмо №89. С. А. Толстой</title>
             </titleStmt>
             <publicationStmt>
                <publisher>TolstoyLab</publisher>
                <date when="2015-09-14">14 September 2015</date>
             </publicationStmt>
             <sourceDesc>
                <biblStruct>
                   <analytic>
                      <author>Толстой Л.Н.</author>
                   </analytic>
                   <monogr>
                      <title level="m">Полное собрание сочинений. Том 83</title>
                      <imprint>
                         <pubPlace>Москва</pubPlace>
                         <publisher>Государственное издательство "Художественная литература"</publisher>
                         <date when="1938"/>
                      </imprint>
                   </monogr>
                   <series>
                      <title level="s">Л.Н. Толстой. Полное собрание сочинений</title>
                      <biblScope unit="vol">83</biblScope>
                   </series>
                </biblStruct>
				<bibl>Печатается по автографу, хранящемуся в АТБ. Впервые опубликовано по копии, сделанной С. А. Толстой, в ПЖ, стр. 81. Письмо было получено в Ясной поляне С. А. Толстой 27 июня 1871 г.; она отвечала Толстому 28 июня.</bibl>
             </sourceDesc>
          </fileDesc>
          <encodingDesc>
             <tagsDecl> </tagsDecl>
          </encodingDesc>
          <profileDesc>
             <correspDesc>
                <correspAction type="sending">
                   <persName ref="PersonList.xml#L_N_Tolstoy">Л. Н. Толстой</persName>
                   <placeName ref="PlacesListxml#PLACE">Каралык.</placeName>
                   <date when="1871-06-15">1871 г. Июня 15.</date>            </correspAction>
                <correspAction type="receiving">
                   <persName ref="PersonList.xml#RECEIVER">Толстая Софья Андреевна</persName>
                </correspAction>
                <correspContext>
                   <ref type="prev"></ref>
                </correspContext>
             </correspDesc>
          </profileDesc>
       </teiHeader>
       <xenoData><number type="in a volume">89</number></xenoData>

       <text xml:id="a15_89">
	<body><div>
		<opener index="false">
89.
1871 г. Июня 15. Каралык.</opener>
<p rend="left">Пишу тебѣ нѣсколько словъ, потому что усталъ и нездоровится. Усталъ я потому, что только что проѣхалъ послѣднія 130 верстъ до Каралыка. Башкирцы мои всѣ меня узнали<note xml:id="note1" resp="volume_editor" index="false"> Толстой был в первый раз на Каралыке за девять лет до своей поездки 1871 года.</note> и приняли радостно; но, судя потому, что я увидалъ съ вечера, у нихъ совсѣмъ не такъ хорошо, какъ было прежде. Землю у нихъ отрѣзали лучшую, они стали пахать, и бòльшая часть не выкочевываетъ изъ зимнихъ квартиръ. Я помѣстился, однако, въ кибиткѣ, купилъ собаку за 15 р[ублей] и сбираю[сь] съ терпѣніемъ выдержать свой искусъ, но ужасно трудно. Тоска, и вопросъ: за чѣмъ занесло меня сюда, прочь отъ тебя и дѣтей и найду ли я тебя и ихъ такими же, какими оставилъ. Впрочемъ, нынче усталъ и не въ духѣ. —</p>
<p rend="left">Каждую недѣлю надѣюсь получать извѣстія.</p>
<p rend="left">Прощай, душенька, обнимаю тебя.</p>
<p rend="right">Л.</p>
<p rend="left">15 Іюня.</p>
<comments><p rend="Textpetit_otstup left">Печатается по автографу, хранящемуся в АТБ. Впервые опубликовано по копии, сделанной С. А. Толстой, в ПЖ, стр. 81. Письмо было получено в Ясной поляне С. А. Толстой 27 июня 1871 г.; она отвечала Толстому 28 июня.</p>
<p rend="Textpetit_otstup left"><hi>1</hi> Толстой был в первый раз на Каралыке за девять лет до своей поездки 1871 года.</p>
</comments></div></body>
        </text>
        </TEI>