<?xml version="1.0" encoding="UTF-8"?>
    <!-- <?xml-stylesheet type="text/xsl" target="../resources/MJT/myletter.xsl"?> -->
    <?xml-stylesheet type="css" target="graves.css"?>
    <?xml-model target="http://www.tei-c.org/release/xml/tei/custom/schema/relaxng/tei_all.rng" type="application/xml" schematypens="http://relaxng.org/ns/structure/1.0"?>
    <?xml-model target="http://www.tei-c.org/release/xml/tei/custom/schema/relaxng/tei_all.rng" type="application/xml"
            schematypens="http://purl.oclc.org/dsdl/schematron"?>
    <TEI xmlns="http://www.tei-c.org/ns/1.0">
       <teiHeader>
          <fileDesc>
             <titleStmt>
                <title>Письмо №*30. С. А. Толстой</title>
             </titleStmt>
             <publicationStmt>
                <publisher>TolstoyLab</publisher>
                <date when="2015-09-14">14 September 2015</date>
             </publicationStmt>
             <sourceDesc>
                <biblStruct>
                   <analytic>
                      <author>Толстой Л.Н.</author>
                   </analytic>
                   <monogr>
                      <title level="m">Полное собрание сочинений. Том 83</title>
                      <imprint>
                         <pubPlace>Москва</pubPlace>
                         <publisher>Государственное издательство "Художественная литература"</publisher>
                         <date when="1938"/>
                      </imprint>
                   </monogr>
                   <series>
                      <title level="s">Л.Н. Толстой. Полное собрание сочинений</title>
                      <biblScope unit="vol">83</biblScope>
                   </series>
                </biblStruct>
				<bibl>Печатается по подлиннику, хранящемуся в ГТМ (архив Т. А. Кузминской). Публикуется впервые. Датируется на основании слов письма: «Вчера ..... и Левочка поехали в Малый театр, он видел «Шутники» во второй раз». «Шутники» шли 3 декабря. Публикуемый текст является письмом Т. А. Берс к С. А. Толстой с припиской нескольких фраз от лица Толстого под диктовку рукой Т. А. Берс. Печатаем письмо с начала, кончая припиской Толстого до слов Т. А. Берс: «Я пишу от себя».</bibl>
             </sourceDesc>
          </fileDesc>
          <encodingDesc>
             <tagsDecl> </tagsDecl>
          </encodingDesc>
          <profileDesc>
             <correspDesc>
                <correspAction type="sending">
                   <persName ref="PersonList.xml#L_N_Tolstoy">Л. Н. Толстой</persName>
                   <placeName ref="PlacesListxml#PLACE">Москва.</placeName>
                   <date when="1864-12-04">1864 г. Декабря 4.</date>            </correspAction>
                <correspAction type="receiving">
                   <persName ref="PersonList.xml#RECEIVER">Толстая Софья Андреевна</persName>
                </correspAction>
                <correspContext>
                   <ref type="prev"></ref>
                </correspContext>
             </correspDesc>
          </profileDesc>
       </teiHeader>
       <xenoData><number type="in a volume">30</number></xenoData>

       <text xml:id="a4_30">
	<body><div>
		<opener index="false">
* 30.
1864 г. Декабря 4. Москва.</opener>
<p rend="petit left">Милый друг мой Соня, Левочка хотел писать тебе вчера вечером, да мы поехали в театр, сегодня вечером он тебе напишет. Вчера он получил твое письмо,<note xml:id="note1" resp="volume_editor" index="false"> Вероятно, от 30 ноября.</note> и на счет эдоровья Сережи немного успокоился, как-то он теперь? мы с таким интересом ждем всякое после обеда твоего письма. Вчера приезжали к Левочке оба доктора, развязали ему руку, и сказали, что она не совсем на месте, но всё-таки гораздо лучше, чем было, ему вчера ей махали и развязывали, и немножко больно от этого. Вчера утром он ходил в Грановитую Палату<note xml:id="note2" resp="volume_editor" index="false"> Грановитая палата — находится в Московском Кремле. Построена при Иоанне III. Несколько раз горела. В 1880 г. реставрирована, служила помещением для царского трона и подношений от иностранных государей.</note> с Петей и во дворец, потом всё читал, а вечером мы вчетвером: дедушка, мы две и Левочка поехали в Малый театр, он видел <hi>Шутники</hi><note xml:id="note3" resp="volume_editor" index="false"> Комедия Островского. Спектакль 3 декабря 1864 г. в Малом театре состоял из следующих пьес: 1) «Маленькое облачко или что поссорило, то и помирило» Скриба, 2) «Шутники», 3) «Жена за столом, а муж под полом», с французского. «Шутники» шли в общем в том же составе исполнителей, что и при первом посещении Толстого. (См. прим. к письму 22.)</note> во второй раз, и ему очень понравилось. Всё хочется ехать домой, да ему доктора запрещают. Твое это письмо, Соня, было гораздо веселее того, и его много утешило, хоть бы почаще получать от тебя благополучные <hi style="opdelimiter">письма.</hi><hi style="opnumber">76</hi></p>
<p rend="petit left"><hi style="npnumber">77</hi><hi style="npdelimiter">Вчера</hi> в театре, почти возле нас в креслах (мы сидели в бенуаре) сидел Юргенс<note xml:id="note4" resp="volume_editor" index="false">Эдуард Иванович Юргенс, гоф-медик (1832—1885), муж А. К. Зенгер.</note> и Анеточка,<note xml:id="note5" resp="volume_editor" index="false">Анна Карловна Юргенс (р. в 1843 г.), дочь содержателя аптеки в Москве. «Подруга С. А.» (н. п. С. А.).</note> и Левочке они очень нравятся, говорит: «вот милые люди», они приходили к нам в ложу, потом Левочка пошел к ней, сидел и говорил про хозяйство, про детей, про тебя; она, кажется, беременна, и Левочка хочет со мной ехать к ней. Дома у нас всё так же скучно для Левочки, и желаю, чтобы он как можно скорее уехал в Ясную, а мне будет вдвое скучнее без него, и пристройка опустеет, и некому будет всё на ночь на столике готовить, как скучно будет. Вот пришел сейчас Левочка и написал тебе. Прощай, милая, до вечера, у меня болят зубы, и я не в ударе писать. Целую всех. Приписка Л. Н. мне под диктовку.</p>
<lb/>
<p rend="left">Соня милая моя, совсѣмъ я безъ тебя растроился, ни спокойствія, ни рѣшительности, ни дѣятельности никакихъ, а всё оттого, что безъ тебя я теряю «équilibre»,<note xml:id="note6" resp="volume_editor" index="false">[равновесие,]</note> всё равно, какъ всё время на одной ногѣ стоишь.</p>
<comments><p rend="Textpetit_otstup left">Печатается по подлиннику, хранящемуся в ГТМ (архив Т. А. Кузминской). Публикуется впервые. Датируется на основании слов письма: «Вчера ..... и Левочка поехали в Малый театр, он видел «Шутники» во второй раз». «Шутники» шли 3 декабря. Публикуемый текст является письмом Т. А. Берс к С. А. Толстой с припиской нескольких фраз от лица Толстого под диктовку рукой Т. А. Берс. Печатаем письмо с начала, кончая припиской Толстого до слов Т. А. Берс: «Я пишу от себя».</p>
<p rend="Textpetit_otstup left"><hi>1</hi> Вероятно, от 30 ноября.</p>
<p rend="petit left"><hi>2</hi> Грановитая палата — находится в Московском Кремле. Построена при Иоанне III. Несколько раз горела. В 1880 г. реставрирована, служила помещением для царского трона и подношений от иностранных государей.</p>
<p rend="petit left"><hi>3</hi> Комедия Островского. Спектакль 3 декабря 1864 г. в Малом театре состоял из следующих пьес: 1) «Маленькое облачко или что поссорило, то и помирило» Скриба, 2) «Шутники», 3) «Жена за столом, а муж под полом», с французского. «Шутники» шли в общем в том же составе исполнителей, что и при первом посещении Толстого. (См. прим. к письму 22.)</p>
<p rend="petit left"><hi>4 </hi>Эдуард Иванович Юргенс, гоф-медик (1832—1885), муж А. К. Зенгер.</p>
<p rend="petit left"><hi>5 </hi>Анна Карловна Юргенс (р. в 1843 г.), дочь содержателя аптеки в Москве. «Подруга С. А.» (н. п. С. А.).</p>
<p rend="petit left"><hi>6 </hi>[равновесие,]</p>
</comments></div></body>
        </text>
        </TEI>