<?xml version="1.0" encoding="UTF-8"?>
    <!-- <?xml-stylesheet type="text/xsl" target="../resources/MJT/myletter.xsl"?> -->
    <?xml-stylesheet type="css" target="graves.css"?>
    <?xml-model target="http://www.tei-c.org/release/xml/tei/custom/schema/relaxng/tei_all.rng" type="application/xml" schematypens="http://relaxng.org/ns/structure/1.0"?>
    <?xml-model target="http://www.tei-c.org/release/xml/tei/custom/schema/relaxng/tei_all.rng" type="application/xml"
            schematypens="http://purl.oclc.org/dsdl/schematron"?>
    <TEI xmlns="http://www.tei-c.org/ns/1.0">
       <teiHeader>
          <fileDesc>
             <titleStmt>
                <title>Письмо №64. С. А. Толстой</title>
             </titleStmt>
             <publicationStmt>
                <publisher>TolstoyLab</publisher>
                <date when="2015-09-14">14 September 2015</date>
             </publicationStmt>
             <sourceDesc>
                <biblStruct>
                   <analytic>
                      <author>Толстой Л.Н.</author>
                   </analytic>
                   <monogr>
                      <title level="m">Полное собрание сочинений. Том 83</title>
                      <imprint>
                         <pubPlace>Москва</pubPlace>
                         <publisher>Государственное издательство "Художественная литература"</publisher>
                         <date when="1938"/>
                      </imprint>
                   </monogr>
                   <series>
                      <title level="s">Л.Н. Толстой. Полное собрание сочинений</title>
                      <biblScope unit="vol">83</biblScope>
                   </series>
                </biblStruct>
				<bibl>Печатается по автографу, хранящемуся в АТБ. Впервые опубликовано по копии, сделанной С. А. Толстой, в ПЖ, стр. 8. Датируется на основании фразы из письма С. А. Толстой от 17 июня: «Теперь после твоей записки, буду и о пчельнике заботиться, даже постараюсь побывать два раза». Записка написана вслед за предшествующей, что подтверждается написанным на обороте: «Отпустить линейку, оставленную подрядчиком Губониным на станции Малахове. П. Берс» [брат С. А. Толстой]. Имеется в виду линейка, сломанная под Малаховым. Петр Андреевич Берс гостил в это время в Ясной поляне и, очевидно, провожал Толстого. В ПЖ датировано «летом 1864 г.».</bibl>
             </sourceDesc>
          </fileDesc>
          <encodingDesc>
             <tagsDecl> </tagsDecl>
          </encodingDesc>
          <profileDesc>
             <correspDesc>
                <correspAction type="sending">
                   <persName ref="PersonList.xml#L_N_Tolstoy">Л. Н. Толстой</persName>
                   <placeName ref="PlacesListxml#PLACE">Марьино.</placeName>
                   <date when="1867-06-16">1867 г. Июня 16.</date>            </correspAction>
                <correspAction type="receiving">
                   <persName ref="PersonList.xml#RECEIVER">Толстая Софья Андреевна</persName>
                </correspAction>
                <correspContext>
                   <ref type="prev"></ref>
                </correspContext>
             </correspDesc>
          </profileDesc>
       </teiHeader>
       <xenoData><number type="in a volume">64</number></xenoData>

       <text xml:id="a16_64">
	<body><div>
		<opener index="false">
64.
1867 г. Июня 16. Марьино.</opener>
<p rend="left">Забылъ тебѣ сказать очень важное: посылай каждый день Николку<hi>1 </hi>на пчельникъ<hi>2 </hi>— присутствовать, и сама вели себѣ сказывать, — сколько и когда отроилось, и старостѣ вели смотрѣть.</p>
<p rend="left">Это я пишу уже изъ Марьина.<note xml:id="note1" resp="volume_editor" index="false"> Марьино — при реке Епанчинке, почтовая станция к северу от Малого Малахова по Московско-Тульскому шоссе, в 25 верстах от Алексина, на полдороге между Тулой и Серпуховом.</note></p>
<comments><p rend="Textpetit_otstup left">Печатается по автографу, хранящемуся в АТБ. Впервые опубликовано по копии, сделанной С. А. Толстой, в ПЖ, стр. 8. Датируется на основании фразы из письма С. А. Толстой от 17 июня: «Теперь после твоей записки, буду и о пчельнике заботиться, даже постараюсь побывать два раза». Записка написана вслед за предшествующей, что подтверждается написанным на обороте: «Отпустить линейку, оставленную подрядчиком Губониным на станции Малахове. П. Берс» [брат С. А. Толстой]. Имеется в виду линейка, сломанная под Малаховым. Петр Андреевич Берс гостил в это время в Ясной поляне и, очевидно, провожал Толстого. В ПЖ датировано «летом 1864 г.».</p>
<p rend="Textpetit_otstup left"><hi>1</hi> «Николка, прозванный Киской, был живой, милый мальчик, сын Судаковского садовника» (н. п. С. А.). (Судаково — имение в 7 верстах от Ясной поляны.)</p>
<p rend="petit left"><hi>2</hi> В письме от 18 июня 1867 г. С. А. Толстая писала: «На счет пчел, вчера и нынче отроились по два роя, а Николка сидел эти дни, но кто их сажает и умеет ли старик, этого я хорошенько не знаю, но завтра уже позабочусь» (не опубликовано.)</p>
<p rend="petit left"><hi>3</hi> Марьино — при реке Епанчинке, почтовая станция к северу от Малого Малахова по Московско-Тульскому шоссе, в 25 верстах от Алексина, на полдороге между Тулой и Серпуховом.</p>
<p rend="left"><hi style="opnumber">138</hi> <hi style="npnumber">139</hi></p>
</comments></div></body>
        </text>
        </TEI>