<?xml version="1.0" encoding="UTF-8"?>
    <!-- <?xml-stylesheet type="text/xsl" target="../resources/MJT/myletter.xsl"?> -->
    <?xml-stylesheet type="css" target="graves.css"?>
    <?xml-model target="http://www.tei-c.org/release/xml/tei/custom/schema/relaxng/tei_all.rng" type="application/xml" schematypens="http://relaxng.org/ns/structure/1.0"?>
    <?xml-model target="http://www.tei-c.org/release/xml/tei/custom/schema/relaxng/tei_all.rng" type="application/xml"
            schematypens="http://purl.oclc.org/dsdl/schematron"?>
    <TEI xmlns="http://www.tei-c.org/ns/1.0">
       <teiHeader>
          <fileDesc>
             <titleStmt>
                <title>Письмо №7. С. А. Толстой</title>
             </titleStmt>
             <publicationStmt>
                <publisher>TolstoyLab</publisher>
                <date when="2015-09-14">14 September 2015</date>
             </publicationStmt>
             <sourceDesc>
                <biblStruct>
                   <analytic>
                      <author>Толстой Л.Н.</author>
                   </analytic>
                   <monogr>
                      <title level="m">Полное собрание сочинений. Том 83</title>
                      <imprint>
                         <pubPlace>Москва</pubPlace>
                         <publisher>Государственное издательство "Художественная литература"</publisher>
                         <date when="1938"/>
                      </imprint>
                   </monogr>
                   <series>
                      <title level="s">Л.Н. Толстой. Полное собрание сочинений</title>
                      <biblScope unit="vol">83</biblScope>
                   </series>
                </biblStruct>
				<bibl>Печатается по автографу, хранящемуся в АТБ. Впервые опубликовано по копии, сделанной С. А. Толстой, в ПЖ, стр. 9. Датируется на основании сходства выражений в данном письме с фразами письма Толстого гр. А. А. Толстой (от 17 октября 1863 г.): «Я никогда не чувствовал свои умственные и даже все нравственные силы столько свободными и столько способны[ми] к работе. И работа эта есть у меня. Работа эта — роман из времени 1810 и 20-х годов, который занимает меня вполне с осени» (ПТ, № 52). В ПЖ датировано летом 1864 г. «С охоты» (п. С. <hi style="opdelimiter">А.).</hi><hi style="opnumber">22</hi></bibl>
             </sourceDesc>
          </fileDesc>
          <encodingDesc>
             <tagsDecl> </tagsDecl>
          </encodingDesc>
          <profileDesc>
             <correspDesc>
                <correspAction type="sending">
                   <persName ref="PersonList.xml#L_N_Tolstoy">Л. Н. Толстой</persName>
                   <placeName ref="PlacesListxml#PLACE"></placeName>
                   <date from="1863-08" to="1863-10">1863. Август — октябрь.</date>            </correspAction>
                <correspAction type="receiving">
                   <persName ref="PersonList.xml#RECEIVER">Толстая Софья Андреевна</persName>
                </correspAction>
                <correspContext>
                   <ref type="prev"></ref>
                </correspContext>
             </correspDesc>
          </profileDesc>
       </teiHeader>
       <xenoData><number type="in a volume">7</number></xenoData>

       <text xml:id="a-oktyabrya_7">
	<body><div>
		<opener index="false">
7.
1863. Август — октябрь.</opener>
<p rend="left">Я видѣлъ цѣлую ночь страшные сны про Сережу<note xml:id="note1" resp="volume_editor" index="false"> Сергей Львович Толстой.</note> маленького и про твоего отца.<note xml:id="note2" resp="volume_editor" index="false"> Андрей Евстафьевич Берс (р. 9 апреля 1808 г., ум. 1 мая 1868 г.) — отец Софии Андреевны, сын аптекаря, врач Московской дворцовой конторы.</note> Видѣлъ, что Сережа на уздѣ водилъ вокругъ себя скелета въ холодной комнатѣ. Я проснулся въ 4 въ очень раздраженномъ и хорошемъ состояніи. Очень хочется писать, и знаю, что. Прощай, милая жена.</p>
<p rend="left">А можетъ быть будетъ хорошая погода, тогда пріѣзжай. Ко мнѣ въ два часа выѣзжай.</p>
<comments><p rend="Textpetit_otstup left">Печатается по автографу, хранящемуся в АТБ. Впервые опубликовано по копии, сделанной С. А. Толстой, в ПЖ, стр. 9. Датируется на основании сходства выражений в данном письме с фразами письма Толстого гр. А. А. Толстой (от 17 октября 1863 г.): «Я никогда не чувствовал свои умственные и даже все нравственные силы столько свободными и столько способны[ми] к работе. И работа эта есть у меня. Работа эта — роман из времени 1810 и 20-х годов, который занимает меня вполне с осени» (ПТ, № 52). В ПЖ датировано летом 1864 г. «С охоты» (п. С. <hi style="opdelimiter">А.).</hi><hi style="opnumber">22</hi></p>
<p rend="Textpetit_otstup left"><hi>1</hi> Сергей Львович Толстой.</p>
<p rend="petit left"><hi>2</hi> Андрей Евстафьевич Берс (р. 9 апреля 1808 г., ум. 1 мая 1868 г.) — отец Софии Андреевны, сын аптекаря, врач Московской дворцовой конторы.</p>
<p rend="petit left">По окончании университета А. Е. Берс в начале 1830-х гг. ездил за границу в качестве домашнего врача матери И. С. Тургенева. Затем поступил на службу в сенат. Получил дворянство в 1843 г. Состоял сверхштатным врачем Московских театров, откуда его знакомства с театральным миром. Сохраняя связь с семьей Тургеневых, часто бывал в Спасском; от В. П. Тургеневой у него была внебрачная дочь В. Н. Богданович-Лутовинова, по мужу Житова (1833—1900), составительница мемуаров «Семья И. С. Тургенева» («Вестник Европы» 1884, VI). Отцовство А. Е. Берса засвидетельствовано в печати впервые Л. И. Микулич-Веселитской («Звенья» 1932, I, стр. 501), крестной дочерью В. Н. Житовой. С 1842 г. А. Е. Берс был женат на дочери А. М. Исленьева Любови Александровне Иславиной, познакомившись с ней проездом в Орловскую губернию. После женитьбы Толстого между ним и Берсом установились дружественные отношения, о чем свидетельствует сохранившаяся переписка. А. Е. Берс с интересом следил за литературной деятельностью Толстого, помогал ему в получении нужных материалов и в издательских делах. В статье „Как писался роман «Война и мир»“ М. А. Цявловский пишет: «В первоначальной стадии работ Толстого над романом, в деле розыскания и собирания материалов, обожавший Льва Николаевича добрейший Андрей Евстафьевич всячески старался помочь, чем только мог» (ТТ, 3. М. 1927, стр. 131). Т. А. Кузминская так описала А. Е. Берса: «Отец мой был хороший хозяин. Он был человек очень цельный — прямодушный, энергичный, горячий сердцем и очень вспыльчивый. Он имел неровный характер, от которого нередко терпели домашние. Иногда его несдержанный крик в порыве гнева пугал нас детей, тогда как мы никогда не слышали возвышенного голоса матери, но, несмотря на эти вспышки, он был очень любим в доме за свою доброту и щедрость. Благодаря его общительности нас очень многие знавали во всех слоях общества Москвы. Отец умел подходить к людям просто и ласково, легко сходился и даже дружил со многими» («Моя жизнь дома и в Ясной поляне. 1846—1862», М. 1925, стр. 37). А. Е. Берс был страстным охотником и любителем собак.</p>
</comments></div></body>
        </text>
        </TEI>