<?xml version="1.0" encoding="UTF-8"?>
    <!-- <?xml-stylesheet type="text/xsl" target="../resources/MJT/myletter.xsl"?> -->
    <?xml-stylesheet type="css" target="graves.css"?>
    <?xml-model target="http://www.tei-c.org/release/xml/tei/custom/schema/relaxng/tei_all.rng" type="application/xml" schematypens="http://relaxng.org/ns/structure/1.0"?>
    <?xml-model target="http://www.tei-c.org/release/xml/tei/custom/schema/relaxng/tei_all.rng" type="application/xml"
            schematypens="http://purl.oclc.org/dsdl/schematron"?>
    <TEI xmlns="http://www.tei-c.org/ns/1.0">
       <teiHeader>
          <fileDesc>
             <titleStmt>
                <title>Письмо №*166. С. А. Толстой</title>
             </titleStmt>
             <publicationStmt>
                <publisher>TolstoyLab</publisher>
                <date when="2015-09-14">14 September 2015</date>
             </publicationStmt>
             <sourceDesc>
                <biblStruct>
                   <analytic>
                      <author>Толстой Л.Н.</author>
                   </analytic>
                   <monogr>
                      <title level="m">Полное собрание сочинений. Том 83</title>
                      <imprint>
                         <pubPlace>Москва</pubPlace>
                         <publisher>Государственное издательство "Художественная литература"</publisher>
                         <date when="1938"/>
                      </imprint>
                   </monogr>
                   <series>
                      <title level="s">Л.Н. Толстой. Полное собрание сочинений</title>
                      <biblScope unit="vol">83</biblScope>
                   </series>
                </biblStruct>
             </sourceDesc>
          </fileDesc>
          <encodingDesc>
             <tagsDecl> </tagsDecl>
          </encodingDesc>
          <profileDesc>
             <correspDesc>
                <correspAction type="sending">
                   <persName ref="PersonList.xml#L_N_Tolstoy">Л. Н. Толстой</persName>
                   <placeName ref="PlacesListxml#PLACE">Москва.</placeName>
                   <date when="1880-08-30">1880 г. Августа 30.</date>            </correspAction>
                <correspAction type="receiving">
                   <persName ref="PersonList.xml#RECEIVER">Толстая Софья Андреевна</persName>
                </correspAction>
                <correspContext>
                   <ref type="prev"></ref>
                </correspContext>
             </correspDesc>
          </profileDesc>
       </teiHeader>
       <xenoData><number type="in a volume">166</number></xenoData>

       <text xml:id="a30_166">
	<body><div>
		<opener index="false">
* 166.
1880 г. Августа 30. Москва.</opener>
<p rend="subtitle centerline center">
Московско-Курская Козловская — Засѣка.
</p>
<p rend="subtitle centerline center">
Графинѣ Толстой.
</p>
<lb/>
<p rend="left">Кандидата<note xml:id="note1" resp="volume_editor" index="false"> Иван Михайлович Ивакин (1855—1910), филолог. Учитель сыновей Толстого. Позднее служил библиотекарем в Румянцевском музее и преподавателем русского языка в Московской третьей гимназии. С. А. Толстая писала о нем Т. А. Кузминской 5 октября 1880 г.: «Учитель наш. новый премилый. Учит прекрасно и притом тихий, наивный, с ним очень легко и образованный такой». И. М. Ивакину принадлежат воспоминания о Толстом и И. Ф. Федорове (не напечатано; хранится в ГЛМ).</note> нашелъ прекраснаго, гувернантку не рѣшилъ. Усталъ Москвой. Здоровъ, пріѣду завтра курьерскимъ.</p>
<p rend="right">Толстой.</p>
<comments><p rend="Textpetit_otstup left">Телеграмма. Печатается по телеграфному бланку, № 60217, хранящемуся в АТБ. Публикуется впервые. Подана в Москве 30 августа в 5 ч. 45 мин. дня, получена в Козловке-Засеке в тот же день в 8 ч. 45 мин.. вечера.</p>
<p rend="Textpetit_otstup left"><hi>1</hi> Иван Михайлович Ивакин (1855—1910), филолог. Учитель сыновей Толстого. Позднее служил библиотекарем в Румянцевском музее и преподавателем русского языка в Московской третьей гимназии. С. А. Толстая писала о нем Т. А. Кузминской 5 октября 1880 г.: «Учитель наш. новый премилый. Учит прекрасно и притом тихий, наивный, с ним очень легко и образованный такой». И. М. Ивакину принадлежат воспоминания о Толстом и И. Ф. Федорове (не напечатано; хранится в ГЛМ).</p>
</comments></div></body>
        </text>
        </TEI>