<?xml version="1.0" encoding="UTF-8"?>
    <!-- <?xml-stylesheet type="text/xsl" target="../resources/MJT/myletter.xsl"?> -->
    <?xml-stylesheet type="css" target="graves.css"?>
    <?xml-model target="http://www.tei-c.org/release/xml/tei/custom/schema/relaxng/tei_all.rng" type="application/xml" schematypens="http://relaxng.org/ns/structure/1.0"?>
    <?xml-model target="http://www.tei-c.org/release/xml/tei/custom/schema/relaxng/tei_all.rng" type="application/xml"
            schematypens="http://purl.oclc.org/dsdl/schematron"?>
    <TEI xmlns="http://www.tei-c.org/ns/1.0">
       <teiHeader>
          <fileDesc>
             <titleStmt>
                <title>Письмо №* 171. М. С. Башилову.</title>
             </titleStmt>
             <publicationStmt>
                <publisher>TolstoyLab</publisher>
                <date when="2015-09-14">14 September 2015</date>
             </publicationStmt>
             <sourceDesc>
                <biblStruct>
                   <analytic>
                      <author>Толстой Л.Н.</author>
                   </analytic>
                   <monogr>
                      <title level="m">Полное собрание сочинений. Том 61</title>
                      <imprint>
                         <pubPlace>Москва</pubPlace>
                         <publisher>Государственное издательство "Художественная литература"</publisher>
                         <date when="1953"/>
                      </imprint>
                   </monogr>
                   <series>
                      <title level="s">Л.Н. Толстой. Полное собрание сочинений</title>
                      <biblScope unit="vol">61</biblScope>
                   </series>
                </biblStruct>
             </sourceDesc>
          </fileDesc>
          <encodingDesc>
             <tagsDecl> </tagsDecl>
          </encodingDesc>
          <profileDesc>
             <correspDesc>
                <correspAction type="sending">
                   <persName ref="PersonList.xml#L_N_Tolstoy">Л. Н. Толстой</persName>
                   <placeName ref="PlacesListxml#PLACE">Я. П.</placeName>
                   <date when="1866-06-04">1866 г. Июня 4.</date>            </correspAction>
                <correspAction type="receiving">
                   <persName ref="PersonList.xml#RECEIVER">Башилов Михаил Сергеевич</persName>
                </correspAction>
                <correspContext>
                   <ref type="prev"></ref>
                </correspContext>
             </correspDesc>
          </profileDesc>
       </teiHeader>
       <xenoData><number type="in a volume">171</number></xenoData>

              <text xml:id="M__S__Bashilovu_171">
	<body><div>
		<opener index="false">
* 171. М. С. Башилову.
1866 г. Июня 4. Я. П.
</opener>
<p rend="Obrashenie left">Уважаемый Михаил Сергеич!</p>
<p rend="left">В самом начале моего писания 1805 года, я где-то нашел, что пудра была снята в начале царствования Александра, и на этом основании так и писал; потом, так же, как и вам, мне встречались доказательства, что в 5-м году она была. Я так и не знал, как быть, и решил, как в известном анекдоте чиновника с начальником, не знавшим, нужна или не нужна запятая и решившимся поставить маленькую. Я поставил <hi>маленькую</hi>, т. е. избегал говорить о форме; вам же нельзя обойтись <hi>маленькой</hi>, нужно решиться. —</p>
<p rend="left">Решайтесь же вы сами. Как вам приятнее и ловчее. В пользу того, чтобы рисовать в пудре, говорит то обстоятельство, что, ежели есть положительные доказательства, что была пудра в 5-м г., то я в новом издании исправлю и намекну о пудре и форме. Даже наверно надо рисовать в пудре и исторически верной форме, к[отор]ой я постараюсь быть верным в новом издании.<note xml:id="note1" resp="volume_editor" index="false"> В яснополянской библиотеке есть книга: «Историческое описание одежды и вооружения Российских войск с рисунками, составленное по высочайшему повелению», Спб. 1841. Три тома. Никаких поправок, касающихся формы, Толстым в «Войне и мире» не было сделано.</note></p>
<p rend="left">Ожидаю ваши рисунки и того подстрекающего чувства, к[отор]ое они вызывают во мне, а то летом моя работа стала. Как ваша работа — картина?<note xml:id="note2" resp="volume_editor" index="false"> В 1866 г. на выставке, устроенной Академией художеств, была картина М. С. Башилова «Крестьянин в беде». После его смерти была вторично выставлена в 1882 г. в Москве.</note> Дай вам бог успеха и довольства в труде — это лучшее счастье.</p>
<p rend="left">Моя жена родила 22 мая сына. Она целует вашу жену и детей и вам кланяется.</p>
<p rend="left">Очень хорошо сделали, что взяли денег у Андрея Евстаф[ьевича]. У меня теперь есть свободные деньги и поэтому я к вашим услугам. —</p>
<p rend="right">Ваш гр. Л. Толстой.</p>
<p rend="left">4 июня.</p>
<comments><p rend="Textpetit_otstup left">Отрывок опубликован впервые в «Голосе минувшего», 1913, 9, стр. 269. Год в дате определяется содержанием.</p>
<p rend="Textpetit_otstup left"><hi>1</hi> В яснополянской библиотеке есть книга: «Историческое описание одежды и вооружения Российских войск с рисунками, составленное по высочайшему повелению», Спб. 1841. Три тома. Никаких поправок, касающихся формы, Толстым в «Войне и мире» не было сделано.</p>
<p rend="petit left"><hi>2</hi> В 1866 г. на выставке, устроенной Академией художеств, была картина М. С. Башилова «Крестьянин в беде». После его смерти была вторично выставлена в 1882 г. в Москве.</p>
<p rend="left"><hi style="opnumber">143</hi> <hi style="npnumber">144</hi></p>
</comments></div></body>
        </text>
        </TEI>