<?xml version="1.0" encoding="UTF-8"?>
    <!-- <?xml-stylesheet type="text/xsl" target="../resources/MJT/myletter.xsl"?> -->
    <?xml-stylesheet type="css" target="graves.css"?>
    <?xml-model target="http://www.tei-c.org/release/xml/tei/custom/schema/relaxng/tei_all.rng" type="application/xml" schematypens="http://relaxng.org/ns/structure/1.0"?>
    <?xml-model target="http://www.tei-c.org/release/xml/tei/custom/schema/relaxng/tei_all.rng" type="application/xml"
            schematypens="http://purl.oclc.org/dsdl/schematron"?>
    <TEI xmlns="http://www.tei-c.org/ns/1.0">
       <teiHeader>
          <fileDesc>
             <titleStmt>
                <title>Письмо №393. К. М. Сибирякову.</title>
             </titleStmt>
             <publicationStmt>
                <publisher>TolstoyLab</publisher>
                <date when="2015-09-14">14 September 2015</date>
             </publicationStmt>
             <sourceDesc>
                <biblStruct>
                   <analytic>
                      <author>Толстой Л.Н.</author>
                   </analytic>
                   <monogr>
                      <title level="m">Полное собрание сочинений. Том 63</title>
                      <imprint>
                         <pubPlace>Москва</pubPlace>
                         <publisher>Государственное издательство "Художественная литература"</publisher>
                         <date when="1934"/>
                      </imprint>
                   </monogr>
                   <series>
                      <title level="s">Л.Н. Толстой. Полное собрание сочинений</title>
                      <biblScope unit="vol">63</biblScope>
                   </series>
                </biblStruct>
				<bibl>Печатается по рукописной копии в тетради «Письма о журнале для народа» (стр. 59—61), хранящейся у К. С. Шохор-Троцкого. Впервые опубликовано Ю. О. Якубовским без обращения и трех последних фраз в «Жизни для всех» 1911, 7, стр. 885. Датируется на основании упоминания о нем в письме Толстого к В. Г. Черткову от 13—14 июля 1885 г. (см. т. 85, № 74) где читаем: «На днях тоже получил письмо Сибирякова — прилагаю его. Я ему отвечал, что ведение всего дела, учреждения, <hi style="opdelimiter">разрешения</hi><hi style="opnumber">273</hi> <hi style="npnumber">274</hi><hi style="npdelimiter">журнала,</hi> вероятно, вы возьмете на себя, и что редактором лучше всего будет Бирюков» (AЧ).</bibl>
             </sourceDesc>
          </fileDesc>
          <encodingDesc>
             <tagsDecl> </tagsDecl>
          </encodingDesc>
          <profileDesc>
             <correspDesc>
                <correspAction type="sending">
                   <persName ref="PersonList.xml#L_N_Tolstoy">Л. Н. Толстой</persName>
                   <placeName ref="PlacesListxml#PLACE">Я. П.</placeName>
                   <date from="1885-07-10" to="1885-07-12">1885 г. Июля 10 — 12?</date>            </correspAction>
                <correspAction type="receiving">
                   <persName ref="PersonList.xml#RECEIVER">Сибиряков Константин Михайлович</persName>
                </correspAction>
                <correspContext>
                   <ref type="prev"></ref>
                </correspContext>
             </correspDesc>
          </profileDesc>
       </teiHeader>
       <xenoData><number type="in a volume">393</number></xenoData>

              <text xml:id="K__M__Sibiryakovu_393">
	<body><div>
		<opener index="false">
393. К. М. Сибирякову.
1885 г. Июля 10—12? Я. П.
</opener>
<p rend="Obrashenie left">Константинъ Михайловичъ!</p>
<p rend="left">Дѣло народнаго журнала мнѣ очень дорого, но я не могу имъ заняться, главное же не могу себя связывать никакими обязательствами. В. Г. Чертковъ, какъ вы знаете, болѣе всѣхъ насъ способенъ руководить этимъ дѣломъ. И онъ бы былъ тотъ идеальный редакторъ, котораго можно желать. Мы съ нимъ переписывались объ этомъ — онъ теперь въ Лондонѣ — и рѣшили, что если журналъ состоится, то редакторомъ лучше всего быть Павлу Ивановичу Бирюкову.<note xml:id="note1" resp="volume_editor" index="false"> В. Г. Чертков в письме от 22 мая 1885 г. писал Толстому по этому поводу: «Для народной газеты я нашел лучшего, мне известного, редактора — Бирюкова. Насколько понимаю, он самый лучший. Но он не решается согласиться на это (при обсуждении, конечно, только потому, что не мне предлагать, а Сибирякову). Не чувствует в себе уверенности с одной стороны. А с другой не знает достаточно ли это прочное дело, чтобы ему оставить службу в обсерватории. Он стесняется за такое дело брать деньги. А деньги ему нужны для жизни. Там он получает 1500 р. в год. Но не в деньгах у него тут главное, а в неуверенности. Если вы сочувствуете ему в редакторы, то напишите ему, уговорите его. Он вам сообщит все свои сомнения и затруднения, и вы поможете ему всё это выяснить. Я же думаю так: для газеты нельзя лучше, чем он (я совсем не гожусь — об этом [нечего и] думать, и могу теперь и определенно сообщить вам почему). Газету Сибиряков может по возможности обеспечить лет на десять, — разумеется, насколько человек может обеспечивать то, что зависит от бога. Газету можно и следует вести так, чтобы подчиняться всем требованиям земной власти, и всё-таки можно держаться направления христианского, если не так положительно, как было бы желательно, то всегда отрицательно и хоть немного положительно — и <hi style="opdelimiter">это</hi><hi style="opnumber">274</hi> <hi style="npnumber">275</hi><hi style="npdelimiter">всегда</hi> будет давать хорошее читателям. Бирюкову теперь очень тяжело (он этого не показывает) с обсерваториею и складом. Разнородные занятия и каждое требующее много напряжения. Редакция же газеты по самой цели сродна складу и изданиям, и ему было бы и легче и, думаю, приятнее всецело отдаться одному делу в двух формах, чем, как теперь, двум совершенно самостоятельным и бессвязным между собой делам» (АТБ).</note></p>
<p rend="left">Это молодой человѣкъ, кончившій курсъ въ Морской Академіи и завѣдующій теперь метеорологической обсерваторіей въ Петербургѣ. Это человѣкъ весьма образованный, умный, аккуратный, раздѣляющій вполнѣ наши взгляды и могущій, и желающій посвятить себя вполнѣ этому дѣлу. Для правительства Бирюковъ, какъ личность, не можетъ представлять ничего нежелательнаго. Я думаю, что ему разрѣшатъ, и тогда, и я, и Чертковъ будемъ принимать самое дѣятельное участіе въ изданіи. Я съ этой же почтой пишу Черткову, и онъ вѣроятно напишетъ вамъ, и тогда вы устроите съ ними какъ лучше. Я же въ практическихъ дѣлахъ всегда былъ неспособенъ и потому содѣйствовать при учрежденіи журнала и совѣтывать ничего не могу; трудомъ же своимъ, когда дѣло установится, буду, если живъ буду, помогать всѣми силами.</p>
<p rend="left">Очень благодаренъ вамъ за помощь журналу Оболенскаго. Я полагаю, что это хорошее дѣло.</p>
<p rend="left">Желая вамъ всего лучшаго и надѣясь имѣть съ вами сношенія при состоявшемся журналѣ, остаюсь уважающимъ васъ</p>
<p rend="right">Левъ Толстой.</p>
<comments><p rend="Textpetit_otstup left">Печатается по рукописной копии в тетради «Письма о журнале для народа» (стр. 59—61), хранящейся у К. С. Шохор-Троцкого. Впервые опубликовано Ю. О. Якубовским без обращения и трех последних фраз в «Жизни для всех» 1911, 7, стр. 885. Датируется на основании упоминания о нем в письме Толстого к В. Г. Черткову от 13—14 июля 1885 г. (см. т. 85, № 74) где читаем: «На днях тоже получил письмо Сибирякова — прилагаю его. Я ему отвечал, что ведение всего дела, учреждения, <hi style="opdelimiter">разрешения</hi><hi style="opnumber">273</hi> <hi style="npnumber">274</hi><hi style="npdelimiter">журнала,</hi> вероятно, вы возьмете на себя, и что редактором лучше всего будет Бирюков» (AЧ).</p>
<p rend="petit left">Толстой отвечает на письмо К. М. Сибирякова (без даты): «Выработанная программа Народного журнала, которую Вы одобрили, без сомнения вполне удовлетворительна и отвечает своему назначению, к сожалению только трудно будет добиться разрешения правительства. По моему мнению, прежде чем хлопотать об этом, нужно найти редактора, который, приняв на себя переговоры и устройство дела, позаботился бы сохранить по возможности целость программы. Не имея знакомств в литературном кружке, я не могу найти такого человека, увлеченного идеями, преследуемыми журналом и вместе с тем широко развитого, образованного и обладающего литературным талантом. Затруднительность положения осложняется еще требованиями цензуры: лицо, неизвестное цензурному комитету, не будет им утверждено. Три лица, которые, как говорят, согласились бы принять на себя редакторство, мне очень мало известны: один их них поэт Александр Николаевич Плещеев, другой бывший директор Коллегии Галагана, теперь эксперт по учебной части при комиссии заведывания начальными городскими училищами Петербурга и заведующий изданием сочинений Ушинского — Василий Васильевич Григорьев и третий — Виктор Петрович Острогорский, — инспектор Лaринской гимназии в Петербурге и редактор «Детского чтения». Лиц этих, кроме Плещеева, повторяю, я не знаю и поэтому позволяю себе просить Вас, с своей стороны, не отказаться рекомендовать. — Идеальным редактором проектируемого журнала я считаю Вас, Лев Николаевич; в крайнем случае можно найти фиктивного, который бы предоставил заведывание тому, кто будет стоять во главе, — без права вмешательства в дела» (Копия. Тетрадь «Письма о журнале для народа», стр. 58—59. Арх. К. С. Шохор-Троцкого).</p>
<p rend="Textpetit_otstup left"><hi>1</hi> В. Г. Чертков в письме от 22 мая 1885 г. писал Толстому по этому поводу: «Для народной газеты я нашел лучшего, мне известного, редактора — Бирюкова. Насколько понимаю, он самый лучший. Но он не решается согласиться на это (при обсуждении, конечно, только потому, что не мне предлагать, а Сибирякову). Не чувствует в себе уверенности с одной стороны. А с другой не знает достаточно ли это прочное дело, чтобы ему оставить службу в обсерватории. Он стесняется за такое дело брать деньги. А деньги ему нужны для жизни. Там он получает 1500 р. в год. Но не в деньгах у него тут главное, а в неуверенности. Если вы сочувствуете ему в редакторы, то напишите ему, уговорите его. Он вам сообщит все свои сомнения и затруднения, и вы поможете ему всё это выяснить. Я же думаю так: для газеты нельзя лучше, чем он (я совсем не гожусь — об этом [нечего и] думать, и могу теперь и определенно сообщить вам почему). Газету Сибиряков может по возможности обеспечить лет на десять, — разумеется, насколько человек может обеспечивать то, что зависит от бога. Газету можно и следует вести так, чтобы подчиняться всем требованиям земной власти, и всё-таки можно держаться направления христианского, если не так положительно, как было бы желательно, то всегда отрицательно и хоть немного положительно — и <hi style="opdelimiter">это</hi><hi style="opnumber">274</hi> <hi style="npnumber">275</hi><hi style="npdelimiter">всегда</hi> будет давать хорошее читателям. Бирюкову теперь очень тяжело (он этого не показывает) с обсерваториею и складом. Разнородные занятия и каждое требующее много напряжения. Редакция же газеты по самой цели сродна складу и изданиям, и ему было бы и легче и, думаю, приятнее всецело отдаться одному делу в двух формах, чем, как теперь, двум совершенно самостоятельным и бессвязным между собой делам» (АТБ).</p>
</comments></div></body>
        </text>
        </TEI>