<?xml version="1.0" encoding="UTF-8"?>
    <!-- <?xml-stylesheet type="text/xsl" target="../resources/MJT/myletter.xsl"?> -->
    <?xml-stylesheet type="css" target="graves.css"?>
    <?xml-model target="http://www.tei-c.org/release/xml/tei/custom/schema/relaxng/tei_all.rng" type="application/xml" schematypens="http://relaxng.org/ns/structure/1.0"?>
    <?xml-model target="http://www.tei-c.org/release/xml/tei/custom/schema/relaxng/tei_all.rng" type="application/xml"
            schematypens="http://purl.oclc.org/dsdl/schematron"?>
    <TEI xmlns="http://www.tei-c.org/ns/1.0">
       <teiHeader>
          <fileDesc>
             <titleStmt>
                <title>Письмо №*118. С. А. Толстой</title>
             </titleStmt>
             <publicationStmt>
                <publisher>TolstoyLab</publisher>
                <date when="2015-09-14">14 September 2015</date>
             </publicationStmt>
             <sourceDesc>
                <biblStruct>
                   <analytic>
                      <author>Толстой Л.Н.</author>
                   </analytic>
                   <monogr>
                      <title level="m">Полное собрание сочинений. Том 83</title>
                      <imprint>
                         <pubPlace>Москва</pubPlace>
                         <publisher>Государственное издательство "Художественная литература"</publisher>
                         <date when="1938"/>
                      </imprint>
                   </monogr>
                   <series>
                      <title level="s">Л.Н. Толстой. Полное собрание сочинений</title>
                      <biblScope unit="vol">83</biblScope>
                   </series>
                </biblStruct>
             </sourceDesc>
          </fileDesc>
          <encodingDesc>
             <tagsDecl> </tagsDecl>
          </encodingDesc>
          <profileDesc>
             <correspDesc>
                <correspAction type="sending">
                   <persName ref="PersonList.xml#L_N_Tolstoy">Л. Н. Толстой</persName>
                   <placeName ref="PlacesListxml#PLACE">Оренбург.</placeName>
                   <date when="1876-09-12">1876 г. Сентября 12.</date>            </correspAction>
                <correspAction type="receiving">
                   <persName ref="PersonList.xml#RECEIVER">Толстая Софья Андреевна</persName>
                </correspAction>
                <correspContext>
                   <ref type="prev"></ref>
                </correspContext>
             </correspDesc>
          </profileDesc>
       </teiHeader>
       <xenoData><number type="in a volume">118</number></xenoData>

       <text xml:id="a12_118">
	<body><div>
		<opener index="false">
* 118.
1876 г. Сентября 12. Оренбург.</opener>
<p rend="subtitle centerline center">
Тула нарочнымъ Ясная Поляна 
</p>
<p rend="subtitle centerline center">
Графинѣ Толстой.
</p>
<lb/>
<p rend="left">Чугунка задержала два дня Оренбургъ здоровъ очень интересно<note xml:id="note1" resp="volume_editor" index="false"> Вернувшись домой, Толстой в письме Фету от 24 сентября 1876 г. писал о поездке в целом: «Я съездил хорошо, но устал ужасно».</note> телеграфируй о себѣ Самару безпокоюсь.</p>
<p rend="right">Толстой.</p>
<comments><p rend="Textpetit_otstup left">Телеграмма. Печатается по телеграфному бланку № 326, хранящемуся в АТБ. Публикуется впервые. Телеграмма подана в Оренбурге 11 сентября в 2 ч. 10 минут пополудни. Получена в Туле — 12 сентября 1876 г. В день получения телеграммы С. А. Толстая писала Т. А. Кузминской: «От Левочки сегодня получила телеграмму из Оренбурга, что он здоров и еще два дня позднее приедет». В своем дневнике под 15 сентября она записала так: «Левочка уехал в Самару и проехал в Оренбург, куда ему очень хотелось. Из Оренбурга получила от него телеграмму. Я очень тоскую и еще больше беспокоюсь. Хочу убедить себя, что я рада, что он себе доставил удовольствие, но не правда, я не рада, я даже оскорбляюсь, что он среди прелестного времени нашей обоюдной любви и дружбы, — как было всё это последнее время, — мог оторваться добровольно от меня и нашего счастья и наказать меня мучительной двухнедельной тревогой и грустью» («Дневник С. А. Толстой. 1860—1891». М. 1928, стр. 107).</p>
<p rend="Textpetit_otstup left"><hi>1</hi> Вернувшись домой, Толстой в письме Фету от 24 сентября 1876 г. писал о поездке в целом: «Я съездил хорошо, но устал ужасно».</p>
</comments></div></body>
        </text>
        </TEI>