<?xml version="1.0" encoding="UTF-8"?>
    <!-- <?xml-stylesheet type="text/xsl" target="../resources/MJT/myletter.xsl"?> -->
    <?xml-stylesheet type="css" target="graves.css"?>
    <?xml-model target="http://www.tei-c.org/release/xml/tei/custom/schema/relaxng/tei_all.rng" type="application/xml" schematypens="http://relaxng.org/ns/structure/1.0"?>
    <?xml-model target="http://www.tei-c.org/release/xml/tei/custom/schema/relaxng/tei_all.rng" type="application/xml"
            schematypens="http://purl.oclc.org/dsdl/schematron"?>
    <TEI xmlns="http://www.tei-c.org/ns/1.0">
       <teiHeader>
          <fileDesc>
             <titleStmt>
                <title>Письмо №399. П. И. Бирюкову.</title>
             </titleStmt>
             <publicationStmt>
                <publisher>TolstoyLab</publisher>
                <date when="2015-09-14">14 September 2015</date>
             </publicationStmt>
             <sourceDesc>
                <biblStruct>
                   <analytic>
                      <author>Толстой Л.Н.</author>
                   </analytic>
                   <monogr>
                      <title level="m">Полное собрание сочинений. Том 63</title>
                      <imprint>
                         <pubPlace>Москва</pubPlace>
                         <publisher>Государственное издательство "Художественная литература"</publisher>
                         <date when="1934"/>
                      </imprint>
                   </monogr>
                   <series>
                      <title level="s">Л.Н. Толстой. Полное собрание сочинений</title>
                      <biblScope unit="vol">63</biblScope>
                   </series>
                </biblStruct>
				<bibl>Печатается по автографу, хранящемуся в БЛ. Впервые опубликовано в ПТС, II, № 342. По содержанию этого письма относим его к 1885 г. Датируем на основании письма П. И. Бирюкова от 15 июля 1885 г., на которое отвечает Толстой, и упоминания Толстым в этом письме о своем нездоровье. В письме к В. Г. Черткову от 24 июля 1885 г. Толстой также писал: «Не писал я вам долго от того, что был болен. Болела печень, был слаб и в унылом духе, недели две, а потом разошлось до болей сильных и жару, а нынче совсем здоров и особенно весел и бодр» (AЧ). Так что, очевидно, время написания этих писем было, приблизительно, одно и то же.</bibl>
             </sourceDesc>
          </fileDesc>
          <encodingDesc>
             <tagsDecl> </tagsDecl>
          </encodingDesc>
          <profileDesc>
             <correspDesc>
                <correspAction type="sending">
                   <persName ref="PersonList.xml#L_N_Tolstoy">Л. Н. Толстой</persName>
                   <placeName ref="PlacesListxml#PLACE">Я. П.</placeName>
                   <date from="1885-07-23" to="1885-07-24">1885 г. Июля 23 — 24?</date>            </correspAction>
                <correspAction type="receiving">
                   <persName ref="PersonList.xml#RECEIVER">Бирюков Павел Иванович</persName>
                </correspAction>
                <correspContext>
                   <ref type="prev"></ref>
                </correspContext>
             </correspDesc>
          </profileDesc>
       </teiHeader>
       <xenoData><number type="in a volume">399</number></xenoData>

              <text xml:id="P__I__Biryukovu_399">
	<body><div>
		<opener index="false">
399. П. И. Бирюкову.
1885 г. Июля 23—24? Я. П.
</opener><p rend="left">Я былъ нездоровъ и отъ того не отвѣтилъ вамъ скоро. Библіотеки въ острогахъ очень важное дѣло и по моему, заняться ими очень доброе дѣло. Это время досуга, кот[орое] часто <hi style="opdelimiter">всю</hi><hi style="opnumber">279</hi> <hi style="npnumber">280</hi><hi style="npdelimiter">жизнь</hi> не знаетъ рабочій человѣкъ. Сколько я знаю внутреннихъ переворотовъ совершилось въ тюрьмахъ среди политическихъ, начиная съ декабристовъ. Знаю и случаи между мужиками. Сютаевъ спрашивалъ у меня совѣта: хорошо ли будетъ сдѣлать какое нибудь не грѣшное дѣло, но такое; чтобы посадили въ острогъ — для того, чтобы тамъ проповѣдывать. — Въ острожную библіотеку, я думаю, хорошо бы включить Евангелія Матѳея по 2 к. и ученіе 12-ти Апостоловъ, кіевское изданіе. Оно продается въ Кіевѣ. Есть ли оно у васъ въ складѣ. Какъ бы хорошо было его напечатать отдѣльно и дешево хоть все, но лучше бы первыя 5 главъ. Въ журналѣ Дѣтская Помощь № 8, 1885, напечатанъ мой переводъ съ предисловіемъ и послѣсловіемъ. Нельзя ли попытаться провести его черезъ цензуру, разумѣется, не упоминая, главное, моего имени.</p>
<p rend="left">До свиданья, дорогой Павелъ Ивановичъ. Сибиряковъ пишетъ о журналѣ и редакторѣ. Я писалъ ему о васъ и Чертковѣ тоже.<note xml:id="note1" resp="volume_editor" index="false"> <ref target='file:///Volume_63_K__M__Sibiryakovu_393.xml'>См. письмо № 393</ref>.</note> Что-то будетъ изъ этаго. Л. Т.</p>
<comments><p rend="Textpetit_otstup left">Печатается по автографу, хранящемуся в БЛ. Впервые опубликовано в ПТС, II, № 342. По содержанию этого письма относим его к 1885 г. Датируем на основании письма П. И. Бирюкова от 15 июля 1885 г., на которое отвечает Толстой, и упоминания Толстым в этом письме о своем нездоровье. В письме к В. Г. Черткову от 24 июля 1885 г. Толстой также писал: «Не писал я вам долго от того, что был болен. Болела печень, был слаб и в унылом духе, недели две, а потом разошлось до болей сильных и жару, а нынче совсем здоров и особенно весел и бодр» (AЧ). Так что, очевидно, время написания этих писем было, приблизительно, одно и то же.</p>
<p rend="petit left">В письме, на которое отвечает Толстой, П. И. Бирюков писал: «Сегодня я получил письмо от одного тюремного начальника из города Суджи; он просил прислать каталог книг нашего склада, так как желает устроить библиотеку для арестантов. Мне кажется, что таким случаем не следует пренебрегать, чтобы сделать всё возможное. Только можно ли здесь что-нибудь сделать? Хочу посоветоваться с вами. Я пошлю ему каталог и напишу, что мы готовы содействовать ему в устройстве библиотеки, а вы помогите мне в этом, если найдете возможным помочь арестантам» (из письма П. И. Бирюкова от 15 июля 1885 г. АТБ).</p>
<p rend="Textpetit_otstup left"><hi>1</hi> <ref target='file:///Volume_63_K__M__Sibiryakovu_393.xml'>См. письмо № 393</ref>.</p>
</comments></div></body>
        </text>
        </TEI>