<?xml version="1.0" encoding="UTF-8"?>
    <!-- <?xml-stylesheet type="text/xsl" target="../resources/MJT/myletter.xsl"?> -->
    <?xml-stylesheet type="css" target="graves.css"?>
    <?xml-model target="http://www.tei-c.org/release/xml/tei/custom/schema/relaxng/tei_all.rng" type="application/xml" schematypens="http://relaxng.org/ns/structure/1.0"?>
    <?xml-model target="http://www.tei-c.org/release/xml/tei/custom/schema/relaxng/tei_all.rng" type="application/xml"
            schematypens="http://purl.oclc.org/dsdl/schematron"?>
    <TEI xmlns="http://www.tei-c.org/ns/1.0">
       <teiHeader>
          <fileDesc>
             <titleStmt>
                <title>Письмо №180. С. А. Толстой</title>
             </titleStmt>
             <publicationStmt>
                <publisher>TolstoyLab</publisher>
                <date when="2015-09-14">14 September 2015</date>
             </publicationStmt>
             <sourceDesc>
                <biblStruct>
                   <analytic>
                      <author>Толстой Л.Н.</author>
                   </analytic>
                   <monogr>
                      <title level="m">Полное собрание сочинений. Том 83</title>
                      <imprint>
                         <pubPlace>Москва</pubPlace>
                         <publisher>Государственное издательство "Художественная литература"</publisher>
                         <date when="1938"/>
                      </imprint>
                   </monogr>
                   <series>
                      <title level="s">Л.Н. Толстой. Полное собрание сочинений</title>
                      <biblScope unit="vol">83</biblScope>
                   </series>
                </biblStruct>
             </sourceDesc>
          </fileDesc>
          <encodingDesc>
             <tagsDecl> </tagsDecl>
          </encodingDesc>
          <profileDesc>
             <correspDesc>
                <correspAction type="sending">
                   <persName ref="PersonList.xml#L_N_Tolstoy">Л. Н. Толстой</persName>
                   <placeName ref="PlacesListxml#PLACE">Хутор на Моче.</placeName>
                   <date from="1881-07-22" to="1881-07-23">1881 г. Июля 22 — 23</date>            </correspAction>
                <correspAction type="receiving">
                   <persName ref="PersonList.xml#RECEIVER">Толстая Софья Андреевна</persName>
                </correspAction>
                <correspContext>
                   <ref type="prev"></ref>
                </correspContext>
             </correspDesc>
          </profileDesc>
       </teiHeader>
       <xenoData><number type="in a volume">180</number></xenoData>

       <text xml:id="a22-23_180">
	<body><div>
		<opener index="false">
180.
1881 г. Июля 22—23. Хутор на Моче.
</opener><p rend="left">Все нѣтъ случая въ Самару, милый, милый другъ Соня, и до сихъ поръ нѣтъ отъ тебя извѣстій. Если не будетъ случая до воскресенья (нынче середа), пошлю нарочнаго (четвергъ). Первое письмо пошло черезъ Краснорядца,<note xml:id="note1" resp="volume_editor" index="false"> Торговец красным товаром.</note> это черезъ Пругавина. — Нынче недѣля, что мы здѣсь. —</p>
<p rend="left">Хвалиться очень не можемъ этой недѣлей, потому что у Сережи послѣдніе три дня былъ поносъ и боль живота; вчера еще ему стало лучше, онъ ужъ ѣлъ циплятъ безъ боли и пилъ кумысъ, и нынче совсѣмъ хорошъ. — Да и надо жъ ему было распорядиться: наѣсться рѣпы, напиться кумыса и въ самый жаръ пробыть въ водѣ два часа. — А у меня два дня былъ флюсъ на томъ же мѣстѣ, какъ и тогда, но почти безъ боли, а только съ маленькимъ жаромъ. Нынче (четвергъ) я всталъ совсѣмъ здоровъ. — Мнѣ очень хорошо здѣсь, какъ можетъ быть хорошо безъ тебя и 6-ти съ <hi>3</hi>/<sub>4</sub><note xml:id="note3" resp="volume_editor" index="false"> Имеются в виду Татьяна, Илья, Лев, Мария, Андрей, Михаил и ребенок, которым была в то время беременна С. А. Толстая (будущий Алеша).</note> дѣтей. Безпокойство и неловкость какая то безъ привычной заботы ежечасной не оставляютъ меня. Но хорошо физически. Желудокъ, какъ всегда на кумысѣ уже совсѣмъ перемѣнился. — Люди здѣсь — Вас[илій] Ив[ановичъ], Ал[ексѣй] Ал[ексѣевичъ] не веселые, но добрые, хорошіе. Ничего непріятного противнаго не встрѣтится въ цѣлую недѣлю. — Условія внѣшнія тоже прекрасны. Все идетъ ладно, молотятъ, жнутъ, все споро; народъ рабочій довольный, хорошо работаетъ. Блохъ и клоповъ и мухъ нѣтъ. Были <hi style="opdelimiter">сильные</hi><hi style="opnumber">295</hi> <hi style="npnumber">296</hi><hi style="npdelimiter">жары</hi> 3 дня, нынче свѣжій день, сѣрый. Ожиданія дохода самыя хорошія. Одно было бы грустно, если бы нельзя было помогать хоть немного, это то, что много бѣдности по деревнямъ. И бѣдность робкая, сама себя не знающая. — Интересны молоканы въ высшей степени. Былъ я у нихъ на моленіи, присутствовалъ при ихъ толкованіи Евангелія и принималъ участіе, и они пріѣзжали и просили меня толковать,<note xml:id="note4" resp="volume_editor" index="false"> Приезд молокан к Толстому с Пругавиным описан последним в книге: «О Льве Толстом и толстовцах», стр. 61—62; Пругавин описывает так: «Толстой предложил молоканам тут же прочитать извлечения из его «Толкования на Евангелие», которое в то время было еще в рукописи. Конечно, молокане с радостью согласились на это» (стр. 62).</note> какъ я понимаю; и я читалъ имъ отрывки изъ моего изложенія и серьезность, интересъ, и здравый, ясный смыслъ этихъ полуграмотныхъ людей удивительна.<note xml:id="note5" resp="volume_editor" index="false"> В Дневнике 22 июля Толстой записал: «Молокане. Я читал свое. Горячо слушают. Толкование 6 гл. Прекрасно» (т. 49).</note> Былъ я еще въ Гавриловкѣ,<note xml:id="note6" resp="volume_editor" index="false"> Ближайшее к хутору Толстого село Бузулукского уезда (в 6 верстах).</note> у суботника.<note xml:id="note7" resp="volume_editor" index="false"> Субботниками называют ту ветвь молокан, которая празднует субботу вместо воскресенья. В Самарской губернии было распространено учение последователей Семена Далматова, пытавшегося слить субботничество и молоканство. См. П. Астырев, «Субботники в России и в Сибири» («Северный вестник» 1891, № 6, стр. 34).</note> Тоже очень интересно. Вообще впечатлѣній за эту недѣлю даже слишкомъ много. Писать все не начиналъ. На счетъ хозяйства мы оба съ Бибиковымъ находимся въ совершенной нерѣшительности. — Прекратить ли посѣвъ совсѣмъ, оставивъ лошадей, или продолжать, или прекратить совсѣмъ и уничтожить лошадей. Видишь ли, какъ дѣло: Если оставить посѣвъ, то въ нынѣшнемъ году можетъ получиться отъ 10 до 20 тыс[ячъ], и есть вѣроятіе, что въ будущемъ году можетъ получиться тоже; но есть и вѣроятіе, что въ будущемъ году получится и меньше 10 т[ысячъ]. Если прекратить посѣвъ, то въ нынѣшнемъ году можно получить до 25 т[ысячъ], но на будущій годъ уже не ожидать болѣе 6 или 7 т[ысячъ] и 2-хъ т[ысячъ] съ лошадей. — Если прекратить и посѣвъ и лошадей, то нынѣшній годъ можно получить до 30 т[ысячъ], но съ лошадей уже ничего.</p>
<p rend="left">Я думалъ и такъ и сякъ, и не знаю, на что рѣшиться. Сначала хотѣлъ все уничтожить, потомъ думаю: «dans le doute abstiens toi»,<note xml:id="note8" resp="volume_editor" index="false"> [в сомненьи — воздержись,]</note> a хозяйство идетъ и налажено такъ, какъ никогда не было, и быки, и молотилка, и лошади, и земли хорошія. Такъ что уничтожить значитъ перемѣнять. А съ другой стороны. Придетъ опять голодный годъ и всѣ ожиданія не сбудутся? Подумай и присовѣтуй.</p>
<p rend="left">Какъ, какъ ты живешь? Не мучай себя, не принимай къ сердцу того, что не дошло до сердца. Дѣтей Таню (помнитъ ли она, что я ей сказалъ), Илью (авось онъ помнитъ тебя), Лельку-сюську, Машу — и малышей,<note xml:id="note9" resp="volume_editor" index="false"> Андрей и Михаил Львовичи Толстые.</note> цѣлуй. Кузминскихъ цѣлуй, Урусову<note xml:id="note10" resp="volume_editor" index="false"> Л. Д. Урусов.</note><hi> </hi>кланяйся. Я часто вспоминаю о немъ. — Ивану Михайловичу],<note xml:id="note11" resp="volume_editor" index="false"> Ивакин.</note> M-lle Guillod<note xml:id="note12" resp="volume_editor" index="false"> Француженка, гувернантка.</note> и нянюшкамъ, и Серг[ѣю] Петровичу]<note xml:id="note13" resp="volume_editor" index="false"> С. П. Арбузов.</note> и всѣмъ кланяюсь.</p>
<p rend="left"><hi>На конверте:</hi> Въ Тулу. Графинѣ Софьѣ Андревнѣ <hi style="opdelimiter">Толстой.</hi><hi style="opnumber">296</hi></p>
<comments><p rend="Textpetit_otstup left"><hi style="npnumber">297</hi><hi style="npdelimiter">Печатается</hi> по автографу, хранящемуся в АТБ. Отрывок из письма впервые опубликован в Б, II, стр. 397; полностью — по копии, сделанной С. А. Толстой, в ПЖ, стр. 135—137. Датируется на основании слов письма «нынче середа» и ниже «нынче (четверг)», — письмо писалось два дня. Бирюковым и С. А. Толстой датируется 24 июля 1881 г.</p>
<p rend="Textpetit_otstup left"><hi>1</hi> Торговец красным товаром.</p>
<p rend="petit left"><hi>2</hi> Имеются в виду Татьяна, Илья, Лев, Мария, Андрей, Михаил и ребенок, которым была в то время беременна С. А. Толстая (будущий Алеша).</p>
<p rend="petit left"><hi>3</hi> Приезд молокан к Толстому с Пругавиным описан последним в книге: «О Льве Толстом и толстовцах», стр. 61—62; Пругавин описывает так: «Толстой предложил молоканам тут же прочитать извлечения из его «Толкования на Евангелие», которое в то время было еще в рукописи. Конечно, молокане с радостью согласились на это» (стр. 62).</p>
<p rend="petit left"><hi>4</hi> В Дневнике 22 июля Толстой записал: «Молокане. Я читал свое. Горячо слушают. Толкование 6 гл. Прекрасно» (т. 49).</p>
<p rend="petit left"><hi>5</hi> Ближайшее к хутору Толстого село Бузулукского уезда (в 6 верстах).</p>
<p rend="petit left"><hi>6</hi> Субботниками называют ту ветвь молокан, которая празднует субботу вместо воскресенья. В Самарской губернии было распространено учение последователей Семена Далматова, пытавшегося слить субботничество и молоканство. См. П. Астырев, «Субботники в России и в Сибири» («Северный вестник» 1891, № 6, стр. 34).</p>
<p rend="petit left"><hi>7</hi> [в сомненьи — воздержись,]</p>
<p rend="petit left"><hi>8</hi> Андрей и Михаил Львовичи Толстые.</p>
<p rend="petit left"><hi>9</hi> Л. Д. Урусов.</p>
<p rend="petit left"><hi>10</hi> Ивакин.</p>
<p rend="petit left"><hi>11</hi> Француженка, гувернантка.</p>
<p rend="petit left"><hi>12</hi> С. П. Арбузов.</p>
<p rend="petit left">С. А. Толстая писала в ответ 30 июля 1881 г.: «Я рада, что тебе физически хорошо в Самаре. Не даром, по крайней мере, эта разлука. Но тебе там и вообще интереснее, спокойнее, симпатичнее жизнь, чем дома. Это жалко, но это так. Хозяйство там пусть идет, как налажено, я не желаю ничего переменять. Будут убытки, то к ним уж не привыкать, будут большие выгоды, — то деньги могут и не достаться ни мне, ни детям, если их раздать. Во всяком случае ты знаешь мое мнение о помощи бедным: тысячи Самарских и всякого бедного народонаселения не прокормишь. А если видишь и знаешь <hi>такого-то</hi> или <hi>такую-то</hi>, что они бедны, что нет хлеба, или нет лошади, коровы, избы и проч., то дать всё это надо сейчас же; удержаться нельзя, чтоб не дать, потому что жалко и. потому что так надо» (не опубликовано).</p>
</comments></div></body>
        </text>
        </TEI>