<?xml version="1.0" encoding="UTF-8"?>
    <!-- <?xml-stylesheet type="text/xsl" target="../resources/MJT/myletter.xsl"?> -->
    <?xml-stylesheet type="css" target="graves.css"?>
    <?xml-model target="http://www.tei-c.org/release/xml/tei/custom/schema/relaxng/tei_all.rng" type="application/xml" schematypens="http://relaxng.org/ns/structure/1.0"?>
    <?xml-model target="http://www.tei-c.org/release/xml/tei/custom/schema/relaxng/tei_all.rng" type="application/xml"
            schematypens="http://purl.oclc.org/dsdl/schematron"?>
    <TEI xmlns="http://www.tei-c.org/ns/1.0">
       <teiHeader>
          <fileDesc>
             <titleStmt>
                <title>Письмо №* 91. Д. М. Щелину.</title>
             </titleStmt>
             <publicationStmt>
                <publisher>TolstoyLab</publisher>
                <date when="2015-09-14">14 September 2015</date>
             </publicationStmt>
             <sourceDesc>
                <biblStruct>
                   <analytic>
                      <author>Толстой Л.Н.</author>
                   </analytic>
                   <monogr>
                      <title level="m">Полное собрание сочинений. Том 60</title>
                      <imprint>
                         <pubPlace>Москва</pubPlace>
                         <publisher>Государственное издательство "Художественная литература"</publisher>
                         <date when="1949"/>
                      </imprint>
                   </monogr>
                   <series>
                      <title level="s">Л.Н. Толстой. Полное собрание сочинений</title>
                      <biblScope unit="vol">60</biblScope>
                   </series>
                </biblStruct>
             </sourceDesc>
          </fileDesc>
          <encodingDesc>
             <tagsDecl> </tagsDecl>
          </encodingDesc>
          <profileDesc>
             <correspDesc>
                <correspAction type="sending">
                   <persName ref="PersonList.xml#L_N_Tolstoy">Л. Н. Толстой</persName>
                   <placeName ref="PlacesListxml#PLACE">Я. П.</placeName>
                   <date when="1857-10">1857 г. Октября</date>            </correspAction>
                <correspAction type="receiving">
                   <persName ref="PersonList.xml#RECEIVER">Щелин Дмитрий Матвеевич</persName>
                </correspAction>
                <correspContext>
                   <ref type="prev"></ref>
                </correspContext>
             </correspDesc>
          </profileDesc>
       </teiHeader>
       <xenoData><number type="in a volume">91</number></xenoData>

              <text xml:id="D.M.SHHelinu_91">
	<body><div>
		<opener index="false">
* 91. Д. М. Щелину.
1857 г. Октября первая половина. Я. П.
</opener>
<p rend="Obrashenie left">Милостивый Государь, </p>
<p rend="Obrashenie1_ left">Дмитрий Матвеевич!</p>
<p rend="left">Тетушке моей для поездки в Москву нужно свидетельство, вместе с детьми сестры моей, будьте так добры: — прикажите написать такого рода бумагу и извините меня, что утруждаю Вас этой покорнейшей просьбой. «Дочери Гвардии Поручика, девице Татьяне Александровне Ергольской и трем малолетним детям<note xml:id="note1" resp="volume_editor" index="false"> Елизавета, Варвара и Николай Толстые.</note> Майора Графа Валерьяна Петровича Толстого». С совершенным почтением имею честь быть </p>
<p rend="right rightindent1">Милостивейший Государь </p>
<p rend="right rightindent">Ваш покорнейший слуга </p>
<p rend="right">Гр. Л. Толстой.</p>
<comments><p rend="Textpetit_otstup left">Датируется содержанием: 16 октября 1857 г. Толстой вместе с сестрой Марией Николаевной выехал в Москву, дети же М. Н. Толстой должны были приехать с Т. А. Ергольской позднее. Для этой-то их поездки Толстой и просил Щелина выдать свидетельство.</p>
<p rend="petit left">Дмитрий Матвеевич Щелин (1800—1866) — в 1850—1866 гг. крапивенский уездный предводитель дворянства, штаб-ротмистр.</p>
<p rend="Textpetit_otstup left"><hi>1</hi> Елизавета, Варвара и Николай Толстые.</p>
</comments></div></body>
        </text>
        </TEI>