<?xml version="1.0" encoding="UTF-8"?>
    <!-- <?xml-stylesheet type="text/xsl" target="../resources/MJT/myletter.xsl"?> -->
    <?xml-stylesheet type="css" target="graves.css"?>
    <?xml-model target="http://www.tei-c.org/release/xml/tei/custom/schema/relaxng/tei_all.rng" type="application/xml" schematypens="http://relaxng.org/ns/structure/1.0"?>
    <?xml-model target="http://www.tei-c.org/release/xml/tei/custom/schema/relaxng/tei_all.rng" type="application/xml"
            schematypens="http://purl.oclc.org/dsdl/schematron"?>
    <TEI xmlns="http://www.tei-c.org/ns/1.0">
       <teiHeader>
          <fileDesc>
             <titleStmt>
                <title>Письмо №* 204. М. Н. Лаврову.</title>
             </titleStmt>
             <publicationStmt>
                <publisher>TolstoyLab</publisher>
                <date when="2015-09-14">14 September 2015</date>
             </publicationStmt>
             <sourceDesc>
                <biblStruct>
                   <analytic>
                      <author>Толстой Л.Н.</author>
                   </analytic>
                   <monogr>
                      <title level="m">Полное собрание сочинений. Том 61</title>
                      <imprint>
                         <pubPlace>Москва</pubPlace>
                         <publisher>Государственное издательство "Художественная литература"</publisher>
                         <date when="1953"/>
                      </imprint>
                   </monogr>
                   <series>
                      <title level="s">Л.Н. Толстой. Полное собрание сочинений</title>
                      <biblScope unit="vol">61</biblScope>
                   </series>
                </biblStruct>
             </sourceDesc>
          </fileDesc>
          <encodingDesc>
             <tagsDecl> </tagsDecl>
          </encodingDesc>
          <profileDesc>
             <correspDesc>
                <correspAction type="sending">
                   <persName ref="PersonList.xml#L_N_Tolstoy">Л. Н. Толстой</persName>
                   <placeName ref="PlacesListxml#PLACE"></placeName>
                   <date when="1867-03-24">1867 г. Марта 24.</date>            </correspAction>
                <correspAction type="receiving">
                   <persName ref="PersonList.xml#RECEIVER">Лавров Михаил Николаевич</persName>
                </correspAction>
                <correspContext>
                   <ref type="prev"></ref>
                </correspContext>
             </correspDesc>
          </profileDesc>
       </teiHeader>
       <xenoData><number type="in a volume">204</number></xenoData>

              <text xml:id="M__N__Lavrovu_204">
	<body><div>
		<opener index="false">
* 204. М. Н. Лаврову. Черновое.
1867 г. Марта 24...25. Москва.
</opener>
<p rend="Obrashenie left">Милостивый государь,</p>
<p rend="Obrashenie1_">Михаил Николаевич.</p>
<p rend="left">На письмо Ваше, от 23 сего марта, имею честь уведомить Вас, что я согласен отдать в типографию Г. г. Каткова и К<hi>0</hi> для напечатания мою книгу, под заглавием «Война и мир»,<note xml:id="note1" resp="volume_editor" index="false"> Слова «Война и мир» вставлены рукой Толстого над зачеркнутым «Тысяча восемьсот пятый год». Здесь своему новому произведению Толстой впервые дает заглавие «Война и мир». (См. прим. 23 к письму № 168.)</note> на следующих <hi style="opdelimiter">основаниях.</hi><hi style="opnumber">163</hi></p>
<p rend="left"><hi style="npnumber">164</hi><hi style="npdelimiter">&lt;1.</hi> Типография должна начать печатание с пятнадцатого маия тысяча восемьсот шестьдесят седьмого года и окончить в декабре месяце сего же года, если не будет задержек, независящих от типографии, для чего оригинал должен быть доставлен мною в типографию не позднее первых чисел маия сего года и корректуры читаться и возвращаться своевременно; 2. При начале заказа я обязан уплатить типографии в задаток одну тысячу рублей; через месяц&gt; по выпуске первой части, приблизительно в тридцать листов, долженствующей выйти в конце октября сего года, уплатить типографии по семидесяти рублей за выпущенный лист; по выпуске второй части, приблизительно 25 листов, долженствующей выйти в конце ноября сего же года, точно так же по истечении месяца со времени выпуска по семидесяти рублей за лист, а через месяц по выходе последней части в декабре сего же года остальные деньги, которые будут причитаться за всё издание; платеж должен быть с моей стороны обеспечен векселями, выданными в свое время сообразно выходу каждой части. 3. Набор, печать, бумага и другие расходы должны быть по следующим ценам:</p>
<p rend="left">Набор и печать 1 листа в 8 д. — по 16 руб.</p>
<p rend="left">Бумага по 3,60 за стопу.</p>
<p rend="left">Печать 60 картин в 30 формах — 360 руб.</p>
<p rend="left">Бумага для картин по 15 руб. за стопу.</p>
<p rend="left">Сантиметровка [?] по 1 руб. за стопу.</p>
<p rend="left">Бумага для обертки по 24 р. за стопу.</p>
<p rend="left">Брошировка по 6 к. за экземпляр каждой части.</p>
<p rend="left">Набор и печать в каждой части обертки по 7 р. 50 к.</p>
<p rend="left">Пересылка корректур по почте должна быть на мой счет.</p>
<lb/>
<p rend="left">Если почему-либо произойдет с моей стороны остановка издания, то к концу установленного для печатания срока я обязан сделать расчет за всё, что к тому времени будет напечатано типографией.</p>
<p rend="left">С истинным почтением имею честь быть</p>
<p rend="left">его высокоблагородию</p>
<p rend="left">М. Н. Лаврову.</p>
<p rend="left">Марта дня 1867</p>
<p rend="Obrashenie"><hi style="opdelimiter">Москва</hi><hi style="opnumber">164</hi></p>
<comments><p rend="Textpetit_otstup left"><hi style="npnumber">165</hi><hi style="npdelimiter">Текст</hi> написан рукой неизвестного. Число определяется предположительно — на том основании, что условие было написано Толстым в Москве, когда он приезжал на похороны Д. А. Дьяковой (см. прим. 2 к письму № 205).</p>
<p rend="petit left">М. Н. Лавров — профессор химии, служил в типографии Каткова.</p>
<p rend="Textpetit_otstup left"><hi>1</hi> Слова «Война и мир» вставлены рукой Толстого над зачеркнутым «Тысяча восемьсот пятый год». Здесь своему новому произведению Толстой впервые дает заглавие «Война и мир». (См. прим. 23 к письму № 168.)</p>
</comments></div></body>
        </text>
        </TEI>
