<?xml version="1.0" encoding="UTF-8"?>
    <!-- <?xml-stylesheet type="text/xsl" target="../resources/MJT/myletter.xsl"?> -->
    <?xml-stylesheet type="css" target="graves.css"?>
    <?xml-model target="http://www.tei-c.org/release/xml/tei/custom/schema/relaxng/tei_all.rng" type="application/xml" schematypens="http://relaxng.org/ns/structure/1.0"?>
    <?xml-model target="http://www.tei-c.org/release/xml/tei/custom/schema/relaxng/tei_all.rng" type="application/xml"
            schematypens="http://purl.oclc.org/dsdl/schematron"?>
    <TEI xmlns="http://www.tei-c.org/ns/1.0">
       <teiHeader>
          <fileDesc>
             <titleStmt>
                <title>Письмо №251. С. А. Толстой</title>
             </titleStmt>
             <publicationStmt>
                <publisher>TolstoyLab</publisher>
                <date when="2015-09-14">14 September 2015</date>
             </publicationStmt>
             <sourceDesc>
                <biblStruct>
                   <analytic>
                      <author>Толстой Л.Н.</author>
                   </analytic>
                   <monogr>
                      <title level="m">Полное собрание сочинений. Том 83</title>
                      <imprint>
                         <pubPlace>Москва</pubPlace>
                         <publisher>Государственное издательство "Художественная литература"</publisher>
                         <date when="1938"/>
                      </imprint>
                   </monogr>
                   <series>
                      <title level="s">Л.Н. Толстой. Полное собрание сочинений</title>
                      <biblScope unit="vol">83</biblScope>
                   </series>
                </biblStruct>
				<bibl>Печатается по автографу, хранящемуся в АТБ. Впервые опубликовано по копии, сделанной С. А. Толстой, в ПЖ, стр. 205—206. Датируется на основании почтового штемпеля: «Почтовый вагон. 11 ноября 1883» и пометы Толстого «четверг», который падал на 10 ноября 1883 г.</bibl>
             </sourceDesc>
          </fileDesc>
          <encodingDesc>
             <tagsDecl> </tagsDecl>
          </encodingDesc>
          <profileDesc>
             <correspDesc>
                <correspAction type="sending">
                   <persName ref="PersonList.xml#L_N_Tolstoy">Л. Н. Толстой</persName>
                   <placeName ref="PlacesListxml#PLACE">Я. П.</placeName>
                   <date when="1883-11-10">1883 г. Ноября 10.</date>            </correspAction>
                <correspAction type="receiving">
                   <persName ref="PersonList.xml#RECEIVER">Толстая Софья Андреевна</persName>
                </correspAction>
                <correspContext>
                   <ref type="prev"></ref>
                </correspContext>
             </correspDesc>
          </profileDesc>
       </teiHeader>
       <xenoData><number type="in a volume">251</number></xenoData>

       <text xml:id="a10_251">
	<body><div>
		<opener index="false">
251.
1883 г. Ноября 10. Я. П.</opener>
<p rend="right"><hi>Четвергъ, 10 часовъ вечера.</hi></p>
<p rend="left">Спалъ дурно. Было холодно и нездоровилось.<note xml:id="note1" resp="volume_editor" index="false"> Сведений не имеется.</note> Но нынче все наладилось. Натопилъ въ кабинетѣ, замазалъ окна, и тепло, и хорошо и теперь вечеръ, чувствую себя прекрасно. — Нынче получилъ письма изъ Ясенковъ — интересныя отъ Sandoz<note xml:id="note2" resp="volume_editor" index="false"> Филипп Родионович Егоров, кучер.</note> — и еще отъ однаго Француза.<note xml:id="note3" resp="volume_editor" index="false"> Михаил Филиппович Егоров, старший сын кучера Ф. Р. Егорова.</note> Ходилъ смотрѣлъ лошадей. Очень хороши, но я боюсь, что будутъ непріятности, хлопоты изъ за нихъ, и постараюсь ихъ продать. — Сѣно они съѣдятъ, а доходъ отъ нихъ еще когда будетъ. Филипа<note xml:id="note4" resp="volume_editor" index="false"> Николай Михайлович Румянцев, повар.</note> не было дома. Онъ возилъ своего Михаилу<note xml:id="note5" resp="volume_editor" index="false"> С. А. Толстая писала в ответном письме от 12 ноября: «Вот я бы и рада кого полечила, да делать то тут, в Москве, нечего. Я рада, что выздоровел тот мужик с ранами на ногах; три года не ходил, из Рвов, верно; и я очень о нем старалась, иногда, бывало, не в духе, так кое-как отнесешься к больному, а иногда так всё ясно станет и так возьмешься горячо, и выйдет так точно» (стр. 240).</note> въ солдаты. Слава Богу, не взяли, — онъ остался льготнымъ. Николай Михаилычъ<note xml:id="note6" resp="volume_editor" index="false"> Николай Васильевич Давыдов, в то время — прокурор Тульского окружного суда. Письмо к нему Толстого см. т. 63 писем настоящего издания.</note> тоже возилъ, и тоже не взяли. У конюшни встрѣтилъ мужика съ <hi style="opdelimiter">бабой.</hi><hi style="opnumber">404</hi> <hi style="npnumber">405</hi><hi style="npdelimiter">Мужикъ</hi> пріѣхалъ къ тебѣ издалека, изъ за засѣки, лечиться, и ужасно горевалъ, что тебя нѣтъ. Онъ говорилъ, что онъ знаетъ однаго мужика, котораго всѣ лечили, и никто не вылечилъ, а ты вылечила.<note xml:id="note7" resp="volume_editor" index="false"> Митрофан Николаевич Михайлов.</note> Мнѣ лестно даже было. Потомъ ко мнѣ пріѣхала баба, — брюхата на сносѣ, и 4-о дѣтей маленькихъ, — старуха свекровь и молодайка, деверняя невѣстка. Были два мужика и въ одну недѣлю ея мужа посадили въ острогъ за драку, отъ к[отор]ой произошла смерть, а деверя отдали въ солдаты. И осталась одна. Написалъ Давыдову<note xml:id="note8" resp="volume_editor" index="false"> С. Н. Толстой.</note> письмо, — нельзя ли хоть выпустить на поруки. Потомъ сѣлъ заниматься, но сдѣлалъ очень мало. Митрофанъ<note xml:id="note9" resp="volume_editor" index="false"> А. Н. Бибиков, телятинский помещик.</note> сказалъ мнѣ, что Сережа<note xml:id="note10" resp="volume_editor" index="false"> «История одной жизни» — Гюи-де-Мопассана. С. А. Толстая писала 12 ноября: „«Une vie» читает madame Seuron“.</note> будетъ обѣдать у Бибикова.<note xml:id="note11" resp="volume_editor" index="false"> «Жалкое потому, что, когда меня рисовала институтка Соколовская, у меня была лихорадка» (н. п. С. А.).</note> Я пошелъ въ Телятинки, но Сережа уѣхалъ въ Москву. Вернулся, пообѣдалъ. Агафья Мих[айловна] сидитъ, и Дмитрій Ѳедор[овичъ] переписываетъ. Комната нагрѣлась. A кромѣ того топлю мальчикову съ сводами. Если нагрѣется, то завтра перейду туда. Я забылъ дома Une Vie.<note xml:id="note12" resp="volume_editor" index="false"> [возмущением]</note> Читайте ее покамѣстъ и спрячьте.</p>
<p rend="left">Портретъ твой карандашомъ, кажется, плохъ, а я какъ взгляну на него, такъ ужасно живо вспоминаю, и что-то жалкое<hi>13</hi> есть въ немъ, и что такое же показалось мнѣ при прощаньи съ тобой. И это меня очень трогаетъ. Душенька, зачѣмъ ты несчастлива. Мнѣ такъ видно, какъ ты можешь и должна быть счастлива, и какъ ты своей révolte<hi>14</hi> противъ всего — сама себя мучаешь. Неужели нельзя смириться. Какъ бы хорошо и тебѣ и вокругъ тебя всѣмъ было. Я пишу это и представляю себѣ, какъ ты можешь разсердиться за это. Не сердись, голубчикъ; взглядывая на этотъ портретъ, я знаю, какъ я тебя люблю и какъ ты нужна мнѣ. —</p>
<p rend="left">Цѣлую тебя и дѣтей. M-me Seuron — поклонъ.</p>
<lb/>
<p rend="left"><hi>На конверте:</hi> Москва. Хамовнической переулокъ въ своемъ домѣ. Графинѣ Софьѣ Андревнѣ Толстой.</p>
<comments><p rend="Textpetit_otstup left">Печатается по автографу, хранящемуся в АТБ. Впервые опубликовано по копии, сделанной С. А. Толстой, в ПЖ, стр. 205—206. Датируется на основании почтового штемпеля: «Почтовый вагон. 11 ноября 1883» и пометы Толстого «четверг», который падал на 10 ноября 1883 г.</p>
<p rend="Textpetit_otstup left"><hi>1</hi> С. A. Толстая писала в ответ 12 ноября: «Очень жаль, что тебе всё не по себе, милый Левочка. Как будто напрасно поехал и напрасно живешь в Ясной» (стр. 240).</p>
<p rend="petit left"><hi>2</hi> Письмо это не сохранилось. В АТБ имеются два позднейшие письма швейцарца Сандо Толстому от 13 января и 3 февраля 1885 г. В первом <hi style="opdelimiter">—</hi><hi style="opnumber">405</hi></p>
<p rend="petit left"><hi style="npnumber">406</hi><hi style="npdelimiter">Сандо</hi> заявляет о себе, как поклоннике книги Толстого «В чем моя вера». Сандо изучал богословие, но разочаровался в ортодоксальном направлении и считает, что религиозное сознание должно быть преобразовано. На этой почве он ищет объединения.</p>
<p rend="petit left">Во втором письме Сандо благодарит Толстого за ответ и согласие сотрудничать в организуемом журнале и сообщает петербургский адрес француженки-переводчицы для обещанной Толстым статьи (оригиналы по-французски).</p>
<p rend="Textpetit_otstup left"><hi>3</hi> Сведений не имеется.</p>
<p rend="petit left"><hi>4</hi> Филипп Родионович Егоров, кучер.</p>
<p rend="petit left"><hi>5</hi> Михаил Филиппович Егоров, старший сын кучера Ф. Р. Егорова.</p>
<p rend="petit left"><hi>6</hi> Николай Михайлович Румянцев, повар.</p>
<p rend="petit left"><hi>7</hi> С. А. Толстая писала в ответном письме от 12 ноября: «Вот я бы и рада кого полечила, да делать то тут, в Москве, нечего. Я рада, что выздоровел тот мужик с ранами на ногах; три года не ходил, из Рвов, верно; и я очень о нем старалась, иногда, бывало, не в духе, так кое-как отнесешься к больному, а иногда так всё ясно станет и так возьмешься горячо, и выйдет так точно» (стр. 240).</p>
<p rend="petit left"><hi>8</hi> Николай Васильевич Давыдов, в то время — прокурор Тульского окружного суда. Письмо к нему Толстого см. т. 63 писем настоящего издания.</p>
<p rend="petit left"><hi>9</hi> Митрофан Николаевич Михайлов.</p>
<p rend="petit left"><hi>10</hi> С. Н. Толстой.</p>
<p rend="petit left"><hi>11</hi> А. Н. Бибиков, телятинский помещик.</p>
<p rend="petit left"><hi>12</hi> «История одной жизни» — Гюи-де-Мопассана. С. А. Толстая писала 12 ноября: „«Une vie» читает madame Seuron“.</p>
<p rend="petit left"><hi>13</hi> «Жалкое потому, что, когда меня рисовала институтка Соколовская, у меня была лихорадка» (н. п. С. А.).</p>
<p rend="petit left"><hi>14</hi> [возмущением]</p>
</comments></div></body>
        </text>
        </TEI>