<?xml version="1.0" encoding="UTF-8"?>
    <!-- <?xml-stylesheet type="text/xsl" target="../resources/MJT/myletter.xsl"?> -->
    <?xml-stylesheet type="css" target="graves.css"?>
    <?xml-model target="http://www.tei-c.org/release/xml/tei/custom/schema/relaxng/tei_all.rng" type="application/xml" schematypens="http://relaxng.org/ns/structure/1.0"?>
    <?xml-model target="http://www.tei-c.org/release/xml/tei/custom/schema/relaxng/tei_all.rng" type="application/xml"
            schematypens="http://purl.oclc.org/dsdl/schematron"?>
    <TEI xmlns="http://www.tei-c.org/ns/1.0">
       <teiHeader>
          <fileDesc>
             <titleStmt>
                <title>Письмо №184. С. А. Толстой</title>
             </titleStmt>
             <publicationStmt>
                <publisher>TolstoyLab</publisher>
                <date when="2015-09-14">14 September 2015</date>
             </publicationStmt>
             <sourceDesc>
                <biblStruct>
                   <analytic>
                      <author>Толстой Л.Н.</author>
                   </analytic>
                   <monogr>
                      <title level="m">Полное собрание сочинений. Том 83</title>
                      <imprint>
                         <pubPlace>Москва</pubPlace>
                         <publisher>Государственное издательство "Художественная литература"</publisher>
                         <date when="1938"/>
                      </imprint>
                   </monogr>
                   <series>
                      <title level="s">Л.Н. Толстой. Полное собрание сочинений</title>
                      <biblScope unit="vol">83</biblScope>
                   </series>
                </biblStruct>
				<bibl>Печатается по автографу, хранящемуся в АТБ. Впервые часть письма опубликована в Б, II, стр. 397—398; полностью — по копии, сделанной С. А. Толстой, в ПЖ, стр. 142—143. Датируется на основании слов письма: «два дня, вчера и нынче, 1-е и 2-е». В Б, II датировано 24 августом 1891 г.</bibl>
             </sourceDesc>
          </fileDesc>
          <encodingDesc>
             <tagsDecl> </tagsDecl>
          </encodingDesc>
          <profileDesc>
             <correspDesc>
                <correspAction type="sending">
                   <persName ref="PersonList.xml#L_N_Tolstoy">Л. Н. Толстой</persName>
                   <placeName ref="PlacesListxml#PLACE">Хутор на Моче.</placeName>
                   <date when="1881-08-02">1881 г. Августа 2.</date>            </correspAction>
                <correspAction type="receiving">
                   <persName ref="PersonList.xml#RECEIVER">Толстая Софья Андреевна</persName>
                </correspAction>
                <correspContext>
                   <ref type="prev"></ref>
                </correspContext>
             </correspDesc>
          </profileDesc>
       </teiHeader>
       <xenoData><number type="in a volume">184</number></xenoData>

       <text xml:id="a2_184">
	<body><div>
		<opener index="false">
184.
1881 г. Августа 2. Хутор на Моче.</opener>
<p rend="left">Въ послѣднемъ письмѣ твоемъ<note xml:id="note1" resp="volume_editor" index="false"> От 27 июля 1881 г. В этом письме С. А. Толстая писала: «Не балуешь ты меня письмами; я думала, ты будешь добрее в этом отношении. Сегодня две недели, как вы с Сережей уехали, а я получила с хутора только одно письмо» (ПСТ, стр. 166—167).</note> ты упрекаешь меня за то, что мало пишу. Это 5-е письмо, кромѣ Богатовскаго. Но, разумѣется, мало. Я знаю и чувствую по себѣ, какъ радостно письмо и какъ тоскливо безъ нихъ. Первое письмо мое передалъ Ал[ексѣй] А[лексѣевичъ] и оно-то задержалось или пропало. Я 3-го дня написалъ письмо и телеграмму и только что отправлял нарочнаго къ мужику отъѣзжающему въ Самару, какъ пріѣхалъ ямщикъ изъ Богатова и вмѣсто телеграммы привезъ твое 4-е письмо. У меня сердце дрогнуло: но потомъ я очень обрадовался его ошибкѣ. — Мы живемъ хорошо. Сережа здоровъ и веселъ, что, знаешь, съ нимъ рѣдко бываетъ. У меня болятъ зубы — не сильно, но лихорадочно. Общее здоровье хорошо, и кумысъ пью, особенно послѣ твоего письма, съ большимъ усердіемъ и удовольствіемъ. — Два дня, вчера и нынче, 1-е и 2-е у насъ по утрамъ выѣзжали дикихъ лошадей. Очень хорошо, и всѣмъ была потѣха. Косячники<note xml:id="note2" resp="volume_editor" index="false"> Табунщики — конепасы.</note> башкиры новые и удивительные молодцы. — Нынче я ходилъ на тотъ хуторъ гонять на кордѣ жеребцовъ. Завтра Сережа, Костя и Митя ѣдутъ въ Землянки. Я думаю, что не поѣду. — Ты нынче выезжаешь въ Москву. — Ты не повѣришь, какъ меня мучаетъ мысль о томъ, что ты черезъ силу работаешь, и раскаяніе въ томъ, что я мало (вовсе) не помогалъ тебѣ. — Вотъ уже на это кумысъ б[ылъ] хорошъ, чтобы заставить меня спуститься съ той точки зрѣнія, съ кот[орой] я невольно, увлеченный своимъ дѣломъ, смотрѣлъ на все. Я теперь иначе смотрю. Я все тоже думаю и чувствую, но я излѣчился отъ заблужденія, что другіе люди могутъ и должны смотрѣть на все, какъ я. Я много передъ тобой былъ виноватъ, душенька, — безсознательно, невольно виноватъ, ты знаешь это, но виноватъ. — Оправданіе мое въ томъ, что для того, чтобы работать съ такимъ напряженіемъ, съ какимъ я работалъ, и сдѣлать что-нибудь, нужно <hi style="opdelimiter">забыть</hi><hi style="opnumber">304</hi> <hi style="npnumber">305</hi><hi style="npdelimiter">все.</hi> И я слишкомъ забывалъ о тебѣ и каюсь. Ради Бога и любви нашей, какъ можно, береги себя. Откладывай побольше до моего пріѣзда; я все сдѣлаю съ радостью, и сдѣлаю недурно, потому что буду стараться. Тани, хотя и милыя, но напрасно затѣваютъ театръ. Это не выйдетъ и тебя замучаетъ.<note xml:id="note3" resp="volume_editor" index="false"> В письме от 27 июля С. А. Толстая писала: «Завтра рано утром я еду с Таней на сутки к Менгден. Мне не хочется, потому что всё тяжело стало, и здоровье не хорошо эти дни».</note> Нынче исключительный годъ для тебя — это надо помнить — брюхо, моя поѣздка и Москва. —</p>
<p rend="left">У насъ тоже вотъ уже недѣля отвратительная погода: дожди, вѣтеръ, холодъ. Вас[илій] Ив[ановичъ] устлалъ всю мою комнату коврами, но все-таки свѣжо и болитъ зубъ. Отъ того и письмо это нескладно. Прощай, душенька, цѣлую тебя и всѣхъ.</p>
<p rend="right">Т[вой] Л.</p>
<comments><p rend="Textpetit_otstup left">Печатается по автографу, хранящемуся в АТБ. Впервые часть письма опубликована в Б, II, стр. 397—398; полностью — по копии, сделанной С. А. Толстой, в ПЖ, стр. 142—143. Датируется на основании слов письма: «два дня, вчера и нынче, 1-е и 2-е». В Б, II датировано 24 августом 1891 г.</p>
<p rend="Textpetit_otstup left"><hi>1</hi> От 27 июля 1881 г. В этом письме С. А. Толстая писала: «Не балуешь ты меня письмами; я думала, ты будешь добрее в этом отношении. Сегодня две недели, как вы с Сережей уехали, а я получила с хутора только одно письмо» (ПСТ, стр. 166—167).</p>
<p rend="petit left"><hi>2</hi> Табунщики — конепасы.</p>
<p rend="petit left"><hi>3</hi> В письме от 27 июля С. А. Толстая писала: «Завтра рано утром я еду с Таней на сутки к Менгден. Мне не хочется, потому что всё тяжело стало, и здоровье не хорошо эти дни».</p>
</comments></div></body>
        </text>
        </TEI>