<?xml version="1.0" encoding="UTF-8"?>
    <!-- <?xml-stylesheet type="text/xsl" target="../resources/MJT/myletter.xsl"?> -->
    <?xml-stylesheet type="css" target="graves.css"?>
    <?xml-model target="http://www.tei-c.org/release/xml/tei/custom/schema/relaxng/tei_all.rng" type="application/xml" schematypens="http://relaxng.org/ns/structure/1.0"?>
    <?xml-model target="http://www.tei-c.org/release/xml/tei/custom/schema/relaxng/tei_all.rng" type="application/xml"
            schematypens="http://purl.oclc.org/dsdl/schematron"?>
    <TEI xmlns="http://www.tei-c.org/ns/1.0">
       <teiHeader>
          <fileDesc>
             <titleStmt>
                <title>Письмо №77 С. А. Толстой</title>
             </titleStmt>
             <publicationStmt>
                <publisher>TolstoyLab</publisher>
                <date when="2015-09-14">14 September 2015</date>
             </publicationStmt>
             <sourceDesc>
                <biblStruct>
                   <analytic>
                      <author>Толстой Л.Н.</author>
                   </analytic>
                   <monogr>
                      <title level="m">Полное собрание сочинений. Том 83</title>
                      <imprint>
                         <pubPlace>Москва</pubPlace>
                         <publisher>Государственное издательство "Художественная литература"</publisher>
                         <date when="1938"/>
                      </imprint>
                   </monogr>
                   <series>
                      <title level="s">Л.Н. Толстой. Полное собрание сочинений</title>
                      <biblScope unit="vol">83</biblScope>
                   </series>
                </biblStruct>
				<bibl>Печатается по автографу, хранящемуся в АТБ. Публикуется впервые. Датируется на основании 1) записи С. А. Толстой в ее мемуарах, озаглавленных «Моя жизнь», об ударе с отцом А. Е. Берсом 27 декабря 1867 г. и 2) пометы Толстого в конце письма «28 вечеромъ».</bibl>
             </sourceDesc>
          </fileDesc>
          <encodingDesc>
             <tagsDecl> </tagsDecl>
          </encodingDesc>
          <profileDesc>
             <correspDesc>
                <correspAction type="sending">
                   <persName ref="PersonList.xml#L_N_Tolstoy">Л. Н. Толстой</persName>
                   <placeName ref="PlacesListxml#PLACE">Москва.</placeName>
                   <date when="1867-12-28">1867. Декабря 28.</date>            </correspAction>
                <correspAction type="receiving">
                   <persName ref="PersonList.xml#RECEIVER">Толстая Софья Андреевна</persName>
                </correspAction>
                <correspContext>
                   <ref type="prev"></ref>
                </correspContext>
             </correspDesc>
          </profileDesc>
       </teiHeader>
       <xenoData><number type="in a volume">77</number></xenoData>

       <text xml:id="a28_77">
	<body><div>
		<opener index="false">
* 77.
1867. Декабря 28. Москва.</opener>
<p rend="left">Я тебѣ не писалъ вчера потому, что телеграмма<note xml:id="note1" resp="volume_editor" index="false"> Извещавшая об ударе А. Е. Берса. Ее нет в АТБ.</note> все сказала. Болѣе и вполнѣ подробно можно только разсказать. — Я ничего не дѣлалъ и нигде не былъ, кромѣ какъ у Захарьина, чтобы позвать его къ намъ, и у Бартенева,<note xml:id="note2" resp="volume_editor" index="false"> Указание на пребывание Толстого в Москве в конце декабря мы находим в письме его к Бартеневу от 22 января 1868 г.: «Потом я в торопях, поправляя корректуры в Москве, тотчас после отпечатанного [из романа «Война и мир»] поставил II часть. Это не нужно».</note> сказаться, что я пріѣхалъ. Вечеромъ на часъ времени былъ у Машеньки.<note xml:id="note3" resp="volume_editor" index="false"> В середине октября 1867 г. М. Н. Толстая с дочерьми переехала в Москву, где первоначально остановилась в гостинице Кокорева, а затем поселилась с Дьяковыми.</note> У ней елка. И всѣ веселые молодые; я никакъ не могъ подладиться къ нимъ. Захарьинъ былъ и сказалъ, что болѣзнь, произведшая ударъ, неизлѣчима и что удары могутъ и даже должны повторяться, но что когда они будутъ — нельзя опредѣлить. Можетъ быть сейчасъ, можетъ быть черезъ 5 лѣтъ. — Отъ того же удара, кот[орый] былъ, онъ можетъ оправиться, и встать и ходить. — Съ Павленкой<note xml:id="note4" resp="volume_editor" index="false"> Гавриил Емельянович Павленков, жених Е. А. Берс; их свадьба состоялась 7 января 1868 г.</note> познакомился. Онъ славный, добрый человѣкъ. Прощай, душенька, до 30-го.</p>
<p rend="left">28 вечеромъ.</p>
<lb/>
<p rend="left"><hi>На четвертой странице:</hi> Сонѣ.</p>
<comments><p rend="Textpetit_otstup left">Печатается по автографу, хранящемуся в АТБ. Публикуется впервые. Датируется на основании 1) записи С. А. Толстой в ее мемуарах, озаглавленных «Моя жизнь», об ударе с отцом А. Е. Берсом 27 декабря 1867 г. и 2) пометы Толстого в конце письма «28 вечеромъ».</p>
<p rend="Textpetit_otstup left"><hi>1</hi> Извещавшая об ударе А. Е. Берса. Ее нет в АТБ.</p>
<p rend="petit left"><hi>2</hi> Указание на пребывание Толстого в Москве в конце декабря мы находим в письме его к Бартеневу от 22 января 1868 г.: «Потом я в торопях, поправляя корректуры в Москве, тотчас после отпечатанного [из романа «Война и мир»] поставил II часть. Это не нужно».</p>
<p rend="petit left"><hi>3</hi> В середине октября 1867 г. М. Н. Толстая с дочерьми переехала в Москву, где первоначально остановилась в гостинице Кокорева, а затем поселилась с Дьяковыми.</p>
<p rend="petit left"><hi>4</hi> Гавриил Емельянович Павленков, жених Е. А. Берс; их свадьба состоялась 7 января 1868 г.</p>
</comments></div></body>
        </text>
        </TEI>