<?xml version="1.0" encoding="UTF-8"?>
    <!-- <?xml-stylesheet type="text/xsl" target="../resources/MJT/myletter.xsl"?> -->
    <?xml-stylesheet type="css" target="graves.css"?>
    <?xml-model target="http://www.tei-c.org/release/xml/tei/custom/schema/relaxng/tei_all.rng" type="application/xml" schematypens="http://relaxng.org/ns/structure/1.0"?>
    <?xml-model target="http://www.tei-c.org/release/xml/tei/custom/schema/relaxng/tei_all.rng" type="application/xml"
            schematypens="http://purl.oclc.org/dsdl/schematron"?>
    <TEI xmlns="http://www.tei-c.org/ns/1.0">
       <teiHeader>
          <fileDesc>
             <titleStmt>
                <title>Письмо №297. С. А. Толстой</title>
             </titleStmt>
             <publicationStmt>
                <publisher>TolstoyLab</publisher>
                <date when="2015-09-14">14 September 2015</date>
             </publicationStmt>
             <sourceDesc>
                <biblStruct>
                   <analytic>
                      <author>Толстой Л.Н.</author>
                   </analytic>
                   <monogr>
                      <title level="m">Полное собрание сочинений. Том 83</title>
                      <imprint>
                         <pubPlace>Москва</pubPlace>
                         <publisher>Государственное издательство "Художественная литература"</publisher>
                         <date when="1938"/>
                      </imprint>
                   </monogr>
                   <series>
                      <title level="s">Л.Н. Толстой. Полное собрание сочинений</title>
                      <biblScope unit="vol">83</biblScope>
                   </series>
                </biblStruct>
				<bibl>Печатается по автографу, хранящемуся в АТБ. Впервые опубликовано по копии, сделанной С. А. Толстой, в ПЖ, стр. 249—251. Датируется <hi style="opdelimiter">на</hi><hi style="opnumber">477</hi> <hi style="npnumber">478</hi><hi style="npdelimiter">основании</hi> почтовых штемпелей: «Почтовый вагон. 3 февраля. 1885: Москва. 3 февраля 1885». Слова письма: «Нынче утром — пятницу» — ошибочны: Толстой писал в субботу 2 февраля.</bibl>
             </sourceDesc>
          </fileDesc>
          <encodingDesc>
             <tagsDecl> </tagsDecl>
          </encodingDesc>
          <profileDesc>
             <correspDesc>
                <correspAction type="sending">
                   <persName ref="PersonList.xml#L_N_Tolstoy">Л. Н. Толстой</persName>
                   <placeName ref="PlacesListxml#PLACE">Я. П.</placeName>
                   <date when="1885-02-02">1885 г. Февраля 2.</date>            </correspAction>
                <correspAction type="receiving">
                   <persName ref="PersonList.xml#RECEIVER">Толстая Софья Андреевна</persName>
                </correspAction>
                <correspContext>
                   <ref type="prev"></ref>
                </correspContext>
             </correspDesc>
          </profileDesc>
       </teiHeader>
       <xenoData><number type="in a volume">297</number></xenoData>

       <text xml:id="a2_297">
	<body><div>
		<opener index="false">
297.
1885 г. Февраля 2. Я. П.</opener>
<p rend="left">Получилъ нынче утромъ, — пятницу, твое письмо послѣднее.<note xml:id="note1" resp="volume_editor" index="false"> Письма этого не сохранилось.</note> Оно по лучше, можетъ быть, и я по лучше; но оно уменьшило мою тоску по тебѣ. — Я провелъ весь день дома — писалъ, читалъ и тихо сидѣлъ и думалъ. Вечеромъ прошелъ на деревню къ Николаю Ермилину<note xml:id="note2" resp="volume_editor" index="false"> Николай Ермилович Зябрев.</note> усовѣщивать его въ долгѣ, отъ к[отораго] онъ отрекается, и къ Костюшкѣ,<note xml:id="note3" resp="volume_editor" index="false"> Константин Николаевич Зябрев.</note> и Ганѣ<note xml:id="note4" resp="volume_editor" index="false"> Жена работника Григорья Ивановича.</note> воровкѣ. Вотъ несчастное существо, затравленное людьми и потому озлившееся — одна съ 3-мя дѣтьми.</p>
<p rend="left">Много еще было впечатлѣній бѣдности и страданій. Я ихъ вижу всегда и вездѣ, но въ деревнѣ легче видѣть. Здѣсь видишь <hi>все</hi> до конца. И видишь и причину, и средство. И я люблю, не то, что люблю, a мнѣ хорошо, когда я ясно вижу свое положеніе среди другихъ людей.</p>
<p rend="left">Потому, что ты написала о Гаршинѣ,<note xml:id="note5" resp="volume_editor" index="false"> Всеволод Михайлович Гаршин (1855—1888), беллетрист. О его приезде к Толстым в яснополянский дом см. Илья Толстой, «Мои воспоминания» М. 1914, стр. 155. О знакомстве Толстого с Гаршиным идет речь в главе XV книги Ильи Толстого. Гаршину и Толстому посвящена статья С. Н. Дурылина в № 5 «Звеньев».</note> я не жалѣю, что не видалъ его. Да и вообще я такъ много принужденъ видѣть <hi style="opdelimiter">людей</hi><hi style="opnumber">476</hi> <hi style="npnumber">477</hi><hi style="npdelimiter">въ</hi> Москвѣ, что чѣмъ меньше, тѣмъ легче. Мнѣ всегда кажется, что я совсѣмъ не нуженъ имъ. —</p>
<p rend="left">Читаю я Elliot’а Felix Holt.<note xml:id="note6" resp="volume_editor" index="false"> Джордж Элиот (Мария Анна Эванс) (1819—1880), английская писательница. Ее повесть на политические темы «Felix Holt» появилась в 1866 г. В Яснополянской библиотеке сохранился экземпляр «Felix Holt» с пометами Толстого, в издании Leipzig. В. Tauchnitz 1867. 2 тома.</note> Превосходное сочиненіе. Я читалъ его, но когда былъ очень глупъ, и совсѣмъ забылъ. Вотъ вещь, к[оторую] бы надо перевести, если она не переведена. Танѣ бы работа. Я еще не кончилъ и боюсь, что конецъ испортитъ. Это мнѣ далъ братъ Сережа. Передай ему, что все правда, что онъ говорилъ мнѣ про эту книгу, — все тамъ есть. Второй разъ я изъ деревни хвалю книги его рекомендации.<note xml:id="note7" resp="volume_editor" index="false"> Первый раз Толстой хвалил книгу Gustave Droz «Tristesses et sourires» 1884. См. письмо от 28 января 1884 г., № 258.</note> —</p>
<p rend="left">Лежитъ передо мной записка вдовы, к[оторая] нынче была у меня. У ней нѣтъ дома, нѣтъ земли, — мужъ ея б[ылъ] солдата въ Грумантской<note xml:id="note8" resp="volume_editor" index="false"> Грумонт — деревня в трех верстах от Ясной поляны.</note> казармѣ. Она осталась вдовой 32 лѣтъ съ 8-ю дѣтьми, — старшей 11 лѣтъ. — Когда я сталъ записывать, то долго не могъ понять — оказалось, одна двойня. Поручикъ<note xml:id="note9" resp="volume_editor" index="false"> Франц Иванович Баратынский, казенный лесничий.</note> далъ ей уголъ на зиму.</p>
<p rend="left">Завтра я поѣду въ Тулу и постараюсь, что можно, сдѣлать для нея.</p>
<p rend="left">Везу это письмо на Козловку — и съ трепетомъ открою твое. Что твое здоровье? Тебѣ очень нехорошо по письмамъ. Что Миша<note xml:id="note10" resp="volume_editor" index="false"> Михаил Львович Толстой.</note> и весь домъ?</p>
<p rend="left">Я вчера сожалѣлъ о нелюбовности нашей временной. Слѣдствіе этой нелюбовности не ясность взаимныхъ желаній. Я тебѣ говорилъ, что если ты хочешь, чтобъ я вернулся, то напиши мнѣ, и я сейчасъ пріѣду, и не черезъ силу, а съ истинной радостью, что тебѣ могу сдѣлать желаемое. А ты ничего не пишешь, или какъ то неопредѣленно.</p>
<p rend="left">Прощай, душа моя, цѣлую тебя и дѣтей.</p>
<p rend="right">Л.</p>
<lb/>
<p rend="left">Урусовъ гораздо лучше, чѣмъ въ Москвѣ. Ему надо беречься, и онъ бережется, но я вижу, какъ, бережась такимъ образомъ, онъ можетъ прожить долго.</p>
<p rend="left">Сейчасъ въ Козловкѣ получилъ твое доброе вполнѣ письмо<note xml:id="note11" resp="volume_editor" index="false"> Письмо не сохранилось.</note> и уѣзжаю спокоенъ и счастливъ домой. Ты зовешь, и потому я пріѣду въ понедѣльникъ;<note xml:id="note12" resp="volume_editor" index="false"> 4 февраля.</note> —</p>
<lb/>
<p rend="left"><hi>На конверте:</hi> Москва. Хамовники, домъ Гр. Толстаго. Графинѣ Софьѣ Андревнѣ Толстой.</p>
<comments><p rend="Textpetit_otstup left">Печатается по автографу, хранящемуся в АТБ. Впервые опубликовано по копии, сделанной С. А. Толстой, в ПЖ, стр. 249—251. Датируется <hi style="opdelimiter">на</hi><hi style="opnumber">477</hi> <hi style="npnumber">478</hi><hi style="npdelimiter">основании</hi> почтовых штемпелей: «Почтовый вагон. 3 февраля. 1885: Москва. 3 февраля 1885». Слова письма: «Нынче утром — пятницу» — ошибочны: Толстой писал в субботу 2 февраля.</p>
<p rend="Textpetit_otstup left"><hi>1</hi> Письма этого не сохранилось.</p>
<p rend="petit left"><hi>2</hi> Николай Ермилович Зябрев.</p>
<p rend="petit left"><hi>3</hi> Константин Николаевич Зябрев.</p>
<p rend="petit left"><hi>4</hi> Жена работника Григорья Ивановича.</p>
<p rend="petit left"><hi>5</hi> Всеволод Михайлович Гаршин (1855—1888), беллетрист. О его приезде к Толстым в яснополянский дом см. Илья Толстой, «Мои воспоминания» М. 1914, стр. 155. О знакомстве Толстого с Гаршиным идет речь в главе XV книги Ильи Толстого. Гаршину и Толстому посвящена статья С. Н. Дурылина в № 5 «Звеньев».</p>
<p rend="petit left"><hi>6</hi> Джордж Элиот (Мария Анна Эванс) (1819—1880), английская писательница. Ее повесть на политические темы «Felix Holt» появилась в 1866 г. В Яснополянской библиотеке сохранился экземпляр «Felix Holt» с пометами Толстого, в издании Leipzig. В. Tauchnitz 1867. 2 тома.</p>
<p rend="petit left"><hi>7</hi> Первый раз Толстой хвалил книгу Gustave Droz «Tristesses et sourires» 1884. См. письмо от 28 января 1884 г., № 258.</p>
<p rend="petit left"><hi>8</hi> Грумонт — деревня в трех верстах от Ясной поляны.</p>
<p rend="petit left"><hi>9</hi> Франц Иванович Баратынский, казенный лесничий.</p>
<p rend="petit left"><hi>10</hi> Михаил Львович Толстой.</p>
<p rend="petit left"><hi>11</hi> Письмо не сохранилось.</p>
<p rend="petit left"><hi>12</hi> 4 февраля.</p>
</comments></div></body>
        </text>
        </TEI>