<?xml version="1.0" encoding="UTF-8"?>
    <!-- <?xml-stylesheet type="text/xsl" target="../resources/MJT/myletter.xsl"?> -->
    <?xml-stylesheet type="css" target="graves.css"?>
    <?xml-model target="http://www.tei-c.org/release/xml/tei/custom/schema/relaxng/tei_all.rng" type="application/xml" schematypens="http://relaxng.org/ns/structure/1.0"?>
    <?xml-model target="http://www.tei-c.org/release/xml/tei/custom/schema/relaxng/tei_all.rng" type="application/xml"
            schematypens="http://purl.oclc.org/dsdl/schematron"?>
    <TEI xmlns="http://www.tei-c.org/ns/1.0">
       <teiHeader>
          <fileDesc>
             <titleStmt>
                <title>Письмо №* 287. М. П. Щепкину.</title>
             </titleStmt>
             <publicationStmt>
                <publisher>TolstoyLab</publisher>
                <date when="2015-09-14">14 September 2015</date>
             </publicationStmt>
             <sourceDesc>
                <biblStruct>
                   <analytic>
                      <author>Толстой Л.Н.</author>
                   </analytic>
                   <monogr>
                      <title level="m">Полное собрание сочинений. Том 63</title>
                      <imprint>
                         <pubPlace>Москва</pubPlace>
                         <publisher>Государственное издательство "Художественная литература"</publisher>
                         <date when="1934"/>
                      </imprint>
                   </monogr>
                   <series>
                      <title level="s">Л.Н. Толстой. Полное собрание сочинений</title>
                      <biblScope unit="vol">63</biblScope>
                   </series>
                </biblStruct>
				<bibl>Печатается по автографу, хранящемуся в ГТМ. Публикуется впервые. Датируется по содержанию, касающемуся хлопот за А. К. Маликова. В данном письме Толстой указывает на «вполне православное направление» его. Известно, что к православию А. К. Маликов пришел к 1882—1884 гг. Эта дата определяет время раннего написания письма Толстого. Очевидно также, что оно было написано близко по времени к указанному периоду, так как уже в дальнейшие годы следует охлаждение отношений Толстого с А. К. Маликовым и почти полное прекращение сношений.</bibl>
             </sourceDesc>
          </fileDesc>
          <encodingDesc>
             <tagsDecl> </tagsDecl>
          </encodingDesc>
          <profileDesc>
             <correspDesc>
                <correspAction type="sending">
                   <persName ref="PersonList.xml#L_N_Tolstoy">Л. Н. Толстой</persName>
                   <placeName ref="PlacesListxml#PLACE"></placeName>
                   <date from="1882" to="1884">1882—1884? гг.</date>            </correspAction>
                <correspAction type="receiving">
                   <persName ref="PersonList.xml#RECEIVER">Щепкин Митрофан Павлович</persName>
                </correspAction>
                <correspContext>
                   <ref type="prev"></ref>
                </correspContext>
             </correspDesc>
          </profileDesc>
       </teiHeader>
       <xenoData><number type="in a volume">287</number></xenoData>

              <text xml:id="M__P__SHHepkinu_287">
	<body><div>
		<opener index="false">
* 287. М. П. Щепкину.
1882—1884? гг.
</opener>
<p rend="Obrashenie left">Митрофанъ Павловичъ.</p>
<p rend="left">Мой хорошій знакомый Алекс[андръ] Капитоновичъ Маликовъ<note xml:id="note1" resp="volume_editor" index="false"> См. прим. 1 к письму № 49.</note> (вы вѣрно его знаете по имени) желаетъ занять мѣсто школьнаго учителя въ одной изъ имѣющихъ быть открытыми Думой двухъ школъ и проситъ меня рекомендовать его вамъ съ тѣмъ, чтобы замолвили о немъ слово кому слѣдуетъ. Я исполняю его желаніе съ особеннымъ удовольствіемъ, потому что знаю вопервыхъ Маликова за очень хорошаго человѣка, вовторыхъ, потому что его званіе Кандидата университета и искреннее религіозное, вполнѣ православное направленіе дѣлаютъ его желательнымъ для Думской школы учителемъ. Очень обяжете, если исполните мою просьбу.</p>
<p rend="right">Вашъ Левъ Толстой.</p>
<p rend="left">Инспекторъ училищъ Некрасовъ<note xml:id="note2" resp="volume_editor" index="false"> Иван Юльевич Некрасов (ум. 1893 г.), инспектор народных училищ Московской губернии и член московского городского училищного совета.</note> знаетъ его и ничего не имѣетъ противъ него.</p>
<comments><p rend="Textpetit_otstup left">Печатается по автографу, хранящемуся в ГТМ. Публикуется впервые. Датируется по содержанию, касающемуся хлопот за А. К. Маликова. В данном письме Толстой указывает на «вполне православное направление» его. Известно, что к православию А. К. Маликов пришел к 1882—1884 гг. Эта дата определяет время раннего написания письма Толстого. Очевидно также, что оно было написано близко по времени к указанному периоду, так как уже в дальнейшие годы следует охлаждение отношений Толстого с А. К. Маликовым и почти полное прекращение сношений.</p>
<p rend="Textpetit_otstup left"><hi>1</hi> См. прим. 1 к письму № 49.</p>
<p rend="petit left"><hi>2</hi> Иван Юльевич Некрасов (ум. 1893 г.), инспектор народных училищ Московской губернии и член московского городского училищного совета.</p>
</comments></div></body>
        </text>
        </TEI>