<?xml version="1.0" encoding="UTF-8"?>
    <!-- <?xml-stylesheet type="text/xsl" target="../resources/MJT/myletter.xsl"?> -->
    <?xml-stylesheet type="css" target="graves.css"?>
    <?xml-model target="http://www.tei-c.org/release/xml/tei/custom/schema/relaxng/tei_all.rng" type="application/xml" schematypens="http://relaxng.org/ns/structure/1.0"?>
    <?xml-model target="http://www.tei-c.org/release/xml/tei/custom/schema/relaxng/tei_all.rng" type="application/xml"
            schematypens="http://purl.oclc.org/dsdl/schematron"?>
    <TEI xmlns="http://www.tei-c.org/ns/1.0">
       <teiHeader>
          <fileDesc>
             <titleStmt>
                <title>Письмо №573. П. И. Бирюкову.</title>
             </titleStmt>
             <publicationStmt>
                <publisher>TolstoyLab</publisher>
                <date when="2015-09-14">14 September 2015</date>
             </publicationStmt>
             <sourceDesc>
                <biblStruct>
                   <analytic>
                      <author>Толстой Л.Н.</author>
                   </analytic>
                   <monogr>
                      <title level="m">Полное собрание сочинений. Том 63</title>
                      <imprint>
                         <pubPlace>Москва</pubPlace>
                         <publisher>Государственное издательство "Художественная литература"</publisher>
                         <date when="1934"/>
                      </imprint>
                   </monogr>
                   <series>
                      <title level="s">Л.Н. Толстой. Полное собрание сочинений</title>
                      <biblScope unit="vol">63</biblScope>
                   </series>
                </biblStruct>
             </sourceDesc>
          </fileDesc>
          <encodingDesc>
             <tagsDecl> </tagsDecl>
          </encodingDesc>
          <profileDesc>
             <correspDesc>
                <correspAction type="sending">
                   <persName ref="PersonList.xml#L_N_Tolstoy">Л. Н. Толстой</persName>
                   <placeName ref="PlacesListxml#PLACE">Я. П.</placeName>
                   <date from="1886-11-14" to="1886-11-15">1886 г. Ноября 14 — 15?</date>            </correspAction>
                <correspAction type="receiving">
                   <persName ref="PersonList.xml#RECEIVER">Бирюков Павел Иванович</persName>
                </correspAction>
                <correspContext>
                   <ref type="prev"></ref>
                </correspContext>
             </correspDesc>
          </profileDesc>
       </teiHeader>
       <xenoData><number type="in a volume">573</number></xenoData>

              <text xml:id="P__I__Biryukovu_573">
	<body><div>
		<opener index="false">
573. П. И. Бирюкову.
1886 г. Ноября 14—15? Я. П.
</opener>
<p rend="left">Пришлите мнѣ, пожалуйста, дорогой Павелъ Ивановичъ для 2-хъ моихъ коробочниковъ<note xml:id="note1" resp="volume_editor" index="false"> Толстой здесь имеет в виду молодых крестьян дер. Ясная поляна: Петра Филипповича Егорова (р. 1866) — сына Филиппа Родионовича Егорова, и Никиту Васильевича Минаева (р. 1864 г., ум. 1908—1913? гг.). Об их хождении с книгами по Крапивенскому уезду см. «Толстой и департамент полиции» — «Былое» 1918, 3.</note> кромѣ изданій Посредника по 30 каждаго, еще рублей на 10 лучшихъ изъ одобренныхъ вами. — Соскучился о васъ, дорогой П[авелъ] И[вановичъ]. Не чувствую вашу душу. Какъ вы? что вы? Про меня узнаете все отъ Джунк[овскаго].</p>
<p rend="left">Л. Т.</p>
<comments><p rend="Textpetit_otstup left">Печатается по автографу, хранящемуся в Б Л. Впервые опубликовано в ТБ, 1913, стр. 115. Относим его к ноябрю 1886 г. на основании упоминания в нем о Джунковском. Н. Ф. Джунковский был у Толстого в Ясной поляне в начале ноября 1886 г. О нем писал Лев Николаевич в письме к В. Г. Черткову от 14 ноября 1886 г.: «Радовал меня за это время Джунковский и его рассказы про Хилкова. Какой слуга божий!» В письме же П. И. Бирюкова к Толстому от 17 ноября 1886 г. говорится: «Джунковский был у меня и рассказывал сколько вы наработали» (АТБ). Следовательно, приводимое выше письмо Толстого к П. И. Бирюкову было написано приблизительно около этих чисел.</p>
<p rend="Textpetit_otstup left"><hi>1</hi> Толстой здесь имеет в виду молодых крестьян дер. Ясная поляна: Петра Филипповича Егорова (р. 1866) — сына Филиппа Родионовича Егорова, и Никиту Васильевича Минаева (р. 1864 г., ум. 1908—1913? гг.). Об их хождении с книгами по Крапивенскому уезду см. «Толстой и департамент полиции» — «Былое» 1918, 3.</p>
</comments></div></body>
        </text>
        </TEI>