<?xml version="1.0" encoding="UTF-8"?>
    <!-- <?xml-stylesheet type="text/xsl" target="../resources/MJT/myletter.xsl"?> -->
    <?xml-stylesheet type="css" target="graves.css"?>
    <?xml-model target="http://www.tei-c.org/release/xml/tei/custom/schema/relaxng/tei_all.rng" type="application/xml" schematypens="http://relaxng.org/ns/structure/1.0"?>
    <?xml-model target="http://www.tei-c.org/release/xml/tei/custom/schema/relaxng/tei_all.rng" type="application/xml"
            schematypens="http://purl.oclc.org/dsdl/schematron"?>
    <TEI xmlns="http://www.tei-c.org/ns/1.0">
       <teiHeader>
          <fileDesc>
             <titleStmt>
                <title>Письмо №275. С. А. Толстой</title>
             </titleStmt>
             <publicationStmt>
                <publisher>TolstoyLab</publisher>
                <date when="2015-09-14">14 September 2015</date>
             </publicationStmt>
             <sourceDesc>
                <biblStruct>
                   <analytic>
                      <author>Толстой Л.Н.</author>
                   </analytic>
                   <monogr>
                      <title level="m">Полное собрание сочинений. Том 83</title>
                      <imprint>
                         <pubPlace>Москва</pubPlace>
                         <publisher>Государственное издательство "Художественная литература"</publisher>
                         <date when="1938"/>
                      </imprint>
                   </monogr>
                   <series>
                      <title level="s">Л.Н. Толстой. Полное собрание сочинений</title>
                      <biblScope unit="vol">83</biblScope>
                   </series>
                </biblStruct>
				<bibl>Печатается по автографу, хранящемуся в АТБ. Впервые опубликовано по копии, сделанной С. А. Толстой, в ПЖ, стр. 226—227. Датируется на основании почтовых штемпелей: «Почтовый вагон. 25 октября 1884; Москва. 25 октября 1884» и фразы письма: «Сейчас поеду сам на Козловку, отдам это письмо и возьму твое». В ПЖ датировано 26 октября.</bibl>
             </sourceDesc>
          </fileDesc>
          <encodingDesc>
             <tagsDecl> </tagsDecl>
          </encodingDesc>
          <profileDesc>
             <correspDesc>
                <correspAction type="sending">
                   <persName ref="PersonList.xml#L_N_Tolstoy">Л. Н. Толстой</persName>
                   <placeName ref="PlacesListxml#PLACE">Я. П.</placeName>
                   <date when="1884-10-25">1884 г. Октября 25.</date>            </correspAction>
                <correspAction type="receiving">
                   <persName ref="PersonList.xml#RECEIVER">Толстая Софья Андреевна</persName>
                </correspAction>
                <correspContext>
                   <ref type="prev"></ref>
                </correspContext>
             </correspDesc>
          </profileDesc>
       </teiHeader>
       <xenoData><number type="in a volume">275</number></xenoData>

       <text xml:id="a25_275">
	<body><div>
		<opener index="false">
275.
1884 г. Октября 25. Я. П.</opener>
<p rend="left">Всталъ рано. Здоровъ. Поправляю богословіе.<note xml:id="note1" resp="volume_editor" index="false"> «Исследование догматического богословия».</note> Нынче хорошо работалъ. Пришла Ѳедотова<note xml:id="note2" resp="volume_editor" index="false"> Екатерина Анисимовна Орехова (р. 1841 г.), жена Федота Терентьевича Орехова (1846—1884). С. А. Толстая писала 27 октября: «Бедный Федот! хорошо, что он умер, а то каково бы всю зиму лежать в этом мраке избы холодной, в одиночестве и страданиях» (стр. 268).</note> жена объявить, что онъ умеръ. Я въ 3 часа пошелъ къ нему. Старухи стоятъ; онъ лежитъ покрытый чистымъ полотномъ, свѣчка въ чашкѣ. Дѣти босикомъ, его и Капыловы,<note xml:id="note3" resp="volume_editor" index="false"> Александр Дмитриевич (ум. в 1886 г.) и Анисья Степановна Копыловы. Вдове Анисье Толстой строил мазанку, сгоревшую в 1889 г. О Копыловых см. в воспоминаниях А. Г. Зябрева («Ежемесячный журнал» Миролюбова, 1915, № 8, стр. 76—78).</note> рѣзвятся съ моими собаками. Пошелъ походить по лѣсу. Увидалъ срубленное хорошее дерево, липу, и пень прикрытъ листомъ, а дерево лежитъ. Съ трудомъ удержался ничего не сказать.<note xml:id="note4" resp="volume_editor" index="false"> С. А. Толстая писала 27 октября: «Дерево и мне жаль: я бы не оштрафовала, ни наказала, но нашумела бы, наверное, ужасно».</note> Но не сказалъ, и мнѣ пріятно, такъ что пишу про это. Съ Митрофаномъ еще ничего не предпринималъ. Думаю, что онъ не нуженъ. И экономіи больше 300 р[ублей] въ годъ. Только бы его не обидѣть. Ты права, что судить нравственные поступки не слѣдъ, и не мнѣ; но я думаю, что будетъ лучше. Только бы дѣла по дому было кому поручить. — Вернулся къ обѣду раньше другихъ дней и почему то усталъ и заснулъ послѣ обѣда. Потомъ хотѣлъ шить сапоги, но взялся за свои тетради и опять сталъ писать. Не думай, чтобы это было праздная работа; на противъ, я вижу, что теперь я окончательно додѣлываю эту работу, такъ что больше не возьмусь за нее. — Получилъ твое письмо<note xml:id="note5" resp="volume_editor" index="false"> От 23 октября.</note> — хорошее. Только о здоровьи все не рѣшено, и дурно, что ты мало спишь. И ваши имянины у Леонида,<note xml:id="note6" resp="volume_editor" index="false"> Л. Д. Оболенский. С. А. Толстая писала: «Вчера была у Оболенских, имянины Лизы, были гости, родные, как обыкновенно, ужин и сидели поздно» (От 23 октября).</note> мнѣ за васъ скучно было. Спасибо Танѣ за письмо,<note xml:id="note7" resp="volume_editor" index="false"> Письмо это не <hi style="opdelimiter">выявлено.</hi><hi style="opnumber">440</hi></note> — some more.<note xml:id="note8" resp="volume_editor" index="false"> «T. e. «еще». Эта поговорка, выражающая одобрение и желание получить еще, завелась в семье после того, как маленький Лев Львович после причастия сказал в церкви: «please some more [пожалуйста, еще немного]» (п. С. А.).</note> Уроки ея устрою къ ея удовольствію, только бы она занималась охотно, не пускала бы энергію, какъ воду въ запрудѣ, на колесо пустяковъ, тогда все будетъ хорошо. Читаю я Русск[ую] Старину съ <hi style="opdelimiter">большимъ</hi><hi style="opnumber">439</hi> <hi style="npnumber">440</hi><hi style="npdelimiter">удовольствіемъ</hi> — тѣмъ удовольствіемъ разъигрывающагося воображенія на разныя темы жизни. Теперь вечеромъ Дм[итрій] Фед[оровичъ] и Агаф[ья] Мих[айловна] пили чай. Агаф[ья] Мих[айловна] тебя очень любитъ и хвалитъ, — и искренно, и мнѣ это очень радостно было. — Хорошо она сказала: «Я думаю, чтож это, здѣсь плохо жить, и за грѣхи нужда и болѣзни, а тамъ, говорятъ, тоже плохо будетъ. Что жъ это?» —</p>
<p rend="left">Недѣли еще нѣтъ, что я одинъ, и мнѣ хорошо, — но кажется очень давно и скучно (въ мужицкомъ смыслѣ) безъ васъ. —</p>
<p rend="left">Сейчасъ поѣду самъ на Козловку, отдамъ это письмо и возьму твое. —</p>
<p rend="left">Выходилъ на дворъ, туманъ, но свѣтло; на деревнѣ пѣсни — это сватьба у Васил[ья] Севаст[ьянова];<note xml:id="note9" resp="volume_editor" index="false"> Василий Савостьянович Макарычев или Макаров (р. в 1846 г.).</note> а у Ѳедота, я знаю, звали читать псалтирь Костюшку<note xml:id="note10" resp="volume_editor" index="false"> Константин Михайлович Орехов (Ромашкин), яснополянский крестьянин.</note> (уѣхалъ на сватьбу), Козлова<note xml:id="note11" resp="volume_editor" index="false"> Даниил Давыдович Козлов (1848—1918), бывший ученик школы Л. Н. Толстого. О нем «Воспоминания о Л. Н. Толстом ученика яснополянской школы В. Морозова». «Посредник» М. 1917, стр. 21.</note> (уѣхалъ судиться съ братомъ), и читаетъ псалтырь Алексѣй Жидковъ.<note xml:id="note12" resp="volume_editor" index="false"> Алексей Анисимович Жидков (р. в 1860 г.).</note> Мать его предлагаетъ въ дворники въ Москву. Онъ чудесный малый. Для насъ хорошо, а для него дурно. Лучше Александра.<note xml:id="note13" resp="volume_editor" index="false"> Александр Федорович Прасекин «овчарник», служил сторожем в лесу. Колол дрова.</note> Цѣлую тебя и дѣтей.</p>
<lb/>
<p rend="left"><hi>На конверте:</hi> Москва. Хамовники. Графинѣ С. А. Толстой. Свой домъ.</p>
<comments><p rend="Textpetit_otstup left">Печатается по автографу, хранящемуся в АТБ. Впервые опубликовано по копии, сделанной С. А. Толстой, в ПЖ, стр. 226—227. Датируется на основании почтовых штемпелей: «Почтовый вагон. 25 октября 1884; Москва. 25 октября 1884» и фразы письма: «Сейчас поеду сам на Козловку, отдам это письмо и возьму твое». В ПЖ датировано 26 октября.</p>
<p rend="Textpetit_otstup left"><hi>1</hi> «Исследование догматического богословия».</p>
<p rend="petit left"><hi>2</hi> Екатерина Анисимовна Орехова (р. 1841 г.), жена Федота Терентьевича Орехова (1846—1884). С. А. Толстая писала 27 октября: «Бедный Федот! хорошо, что он умер, а то каково бы всю зиму лежать в этом мраке избы холодной, в одиночестве и страданиях» (стр. 268).</p>
<p rend="petit left"><hi>3</hi> Александр Дмитриевич (ум. в 1886 г.) и Анисья Степановна Копыловы. Вдове Анисье Толстой строил мазанку, сгоревшую в 1889 г. О Копыловых см. в воспоминаниях А. Г. Зябрева («Ежемесячный журнал» Миролюбова, 1915, № 8, стр. 76—78).</p>
<p rend="petit left"><hi>4</hi> С. А. Толстая писала 27 октября: «Дерево и мне жаль: я бы не оштрафовала, ни наказала, но нашумела бы, наверное, ужасно».</p>
<p rend="petit left"><hi>5</hi> От 23 октября.</p>
<p rend="petit left"><hi>6</hi> Л. Д. Оболенский. С. А. Толстая писала: «Вчера была у Оболенских, имянины Лизы, были гости, родные, как обыкновенно, ужин и сидели поздно» (От 23 октября).</p>
<p rend="petit left"><hi>7</hi> Письмо это не <hi style="opdelimiter">выявлено.</hi><hi style="opnumber">440</hi></p>
<p rend="petit left"><hi>8</hi> «T. e. «еще». Эта поговорка, выражающая одобрение и желание получить еще, завелась в семье после того, как маленький Лев Львович после причастия сказал в церкви: «please some more [пожалуйста, еще немного]» (п. С. А.).</p>
<p rend="petit left"><hi>9</hi> Василий Савостьянович Макарычев или Макаров (р. в 1846 г.).</p>
<p rend="petit left"><hi>10</hi> Константин Михайлович Орехов (Ромашкин), яснополянский крестьянин.</p>
<p rend="petit left"><hi>11</hi> Даниил Давыдович Козлов (1848—1918), бывший ученик школы Л. Н. Толстого. О нем «Воспоминания о Л. Н. Толстом ученика яснополянской школы В. Морозова». «Посредник» М. 1917, стр. 21.</p>
<p rend="petit left"><hi>12</hi> Алексей Анисимович Жидков (р. в 1860 г.).</p>
<p rend="petit left"><hi>13</hi> Александр Федорович Прасекин «овчарник», служил сторожем в лесу. Колол дрова.</p>
</comments></div></body>
        </text>
        </TEI>