<?xml version="1.0" encoding="UTF-8"?>
    <!-- <?xml-stylesheet type="text/xsl" target="../resources/MJT/myletter.xsl"?> -->
    <?xml-stylesheet type="css" target="graves.css"?>
    <?xml-model target="http://www.tei-c.org/release/xml/tei/custom/schema/relaxng/tei_all.rng" type="application/xml" schematypens="http://relaxng.org/ns/structure/1.0"?>
    <?xml-model target="http://www.tei-c.org/release/xml/tei/custom/schema/relaxng/tei_all.rng" type="application/xml"
            schematypens="http://purl.oclc.org/dsdl/schematron"?>
    <TEI xmlns="http://www.tei-c.org/ns/1.0">
       <teiHeader>
          <fileDesc>
             <titleStmt>
                <title>Письмо №149. С. А. Толстой</title>
             </titleStmt>
             <publicationStmt>
                <publisher>TolstoyLab</publisher>
                <date when="2015-09-14">14 September 2015</date>
             </publicationStmt>
             <sourceDesc>
                <biblStruct>
                   <analytic>
                      <author>Толстой Л.Н.</author>
                   </analytic>
                   <monogr>
                      <title level="m">Полное собрание сочинений. Том 83</title>
                      <imprint>
                         <pubPlace>Москва</pubPlace>
                         <publisher>Государственное издательство "Художественная литература"</publisher>
                         <date when="1938"/>
                      </imprint>
                   </monogr>
                   <series>
                      <title level="s">Л.Н. Толстой. Полное собрание сочинений</title>
                      <biblScope unit="vol">83</biblScope>
                   </series>
                </biblStruct>
				<bibl>Печатается по автографу, хранящемуся в АТБ. Впервые опубликовано по копии, сделанной С. А. Толстой, в ПЖ, стр. 124. Датируется на основании пометы «Jan. 22. 1879» письма гувернантки Анни Филлипс, писавшей С. А. Толстой в Москву одновременно с Толстым.</bibl>
             </sourceDesc>
          </fileDesc>
          <encodingDesc>
             <tagsDecl> </tagsDecl>
          </encodingDesc>
          <profileDesc>
             <correspDesc>
                <correspAction type="sending">
                   <persName ref="PersonList.xml#L_N_Tolstoy">Л. Н. Толстой</persName>
                   <placeName ref="PlacesListxml#PLACE">Я. П.</placeName>
                   <date when="1879-01-22">1879 г. Января 22.</date>            </correspAction>
                <correspAction type="receiving">
                   <persName ref="PersonList.xml#RECEIVER">Толстая Софья Андреевна</persName>
                </correspAction>
                <correspContext>
                   <ref type="prev"></ref>
                </correspContext>
             </correspDesc>
          </profileDesc>
       </teiHeader>
       <xenoData><number type="in a volume">149</number></xenoData>

       <text xml:id="a22_149">
	<body><div>
		<opener index="false">
149.
1879 г. Января 22. Я. П.</opener>
<p rend="left">Все самое интересное тебѣ написано,<note xml:id="note1" resp="volume_editor" index="false"> Имеется в виду сопроводительное письмо Анни Филлипс, в котором она сообщает С. А. Толстой о детях: Илье, Льве, Марии и Андрее Львовичах. Сергей и Татьяна были при С. А. Толстой, сопровождая ее в Москву.</note> милый другъ. О себѣ не могу сказать хорошаго. Все таже вялость, насморкъ и кашель. Дай вамъ Богъ быть здоровыми и хорошо повеселиться.</p>
<p rend="left">Всѣхъ васъ цѣлую.</p>
<p rend="emptyline left"><hi style="opnumber">265</hi> <hi style="npnumber">266</hi></p>
<lb/>
<p rend="left">Съ почты ничего не привезли интереснаго. Письмо отъ переводчицы,<note xml:id="note2" resp="volume_editor" index="false"> Письмо от бар. Ольги Дунгерн, рожд. Гротхусс. Письмо содержит просьбу разрешить перевод «Анны Карениной» на немецкий язык (письмо писано по-французски, хранится в ГТМ).</note> отъ Ѳеди Перфильева<note xml:id="note3" resp="volume_editor" index="false"> Федор Васильёвич Перфильев (р. 1856), сын В. С. и П. Ф. Перфильевых. С 1880 г. был женат на кж. М. Н. Голицыной. Умер сумасшедшим.</note> и книжка отъ Готье.<note xml:id="note4" resp="volume_editor" index="false"> Владелец книжного магазина французских книг на Кузнецком мосту.</note></p>
<p rend="left">Соловьева <hi>20-й томъ</hi><note xml:id="note5" resp="volume_editor" index="false"> Имеется в виду двадцатый том «Истории России с древнейших времен» С. М. Соловьева (1820—1879), посвященный времени Анны Иоанновны.</note> у меня есть, — стало быть, <hi>не надо</hi>.</p>
<p rend="left">Илюша и Леля здоровы и ходили гулять. Вас[илій] Ив[ановичъ]<note xml:id="note6" resp="volume_editor" index="false"> Василий Иванович Алексеев (1848—1919). В 1873 г. окончил Петербургский университет по физико-математическому факультету. Сошелся с Н. В. Чайковским, примкнув к его кружку. Вел занятия с фабричными рабочими в Петербурге. Тогда же познакомился с А. К. Маликовым. Осенью 1875 г. с группой единомышленников эмигрировал в Америку, где принимал участие в организации земледельческой общины в штате Канзас. В 1877 г. община распалась. С октября 1877 г. по 1881 г. жил у Толстых в качестве учителя старших детей Толстых. Был близок с Толстым. В 1881 г. сочувственно отнесся к мысли Толстого написать письмо Александру III о прощении убийц его отца, чем вызвал раздражение С. А. Толстой, боявшейся преследований со стороны властей. В связи с этим инцидентом принуждец был покинуть Яснополянский дом, в виду того, что, как он пишет в своих воспоминаниях, «отношение Софьи Андреевны ко мне всё более и более обострялось из-за моего сочувственного отношения к новому направлению Льва Николаевича» (стр. 105 рукописи). По предложению Толстого поселился в его Самарском хуторе, где управляющим был старый его знакомый А. А. Бибиков. На хуторе Алексееву был отведен участок земли. Позднее, в 1891 г. Алексеев служил контролером Харьковско-Азовской железной дороги. В 1894 г. <hi style="opdelimiter">получил</hi><hi style="opnumber">266</hi> <hi style="npnumber">267</hi><hi style="npdelimiter">место</hi> инспектора Сельско-хозяйственного ремесленного училища имени Чижова, близ Чухломы Костромской губернии. С 1900 г. до конца жизни состоял директором Коммерческого училища в Нижнем Новгороде. Был в переписке с Толстым. Оставил свои «Воспоминания» о знакомстве с Толстым (не напечатаны). Об Алексееве писали: Е. Поливанова «Семидесятники» «Исторический вестник» 1913, № 5; Е. Лазарев «Моя жизнь», стр. 146—148.</note> нездоровъ и не приходилъ. Въ Тулу ѣдутъ M[-elle] Gachet<note xml:id="note7" resp="volume_editor" index="false"> Швейцарка, гувернантка, поступила к дочерям Толстого Татьяне и Марии Львовнам в сентябре 1876 г.</note>и Nief, въ 3 часа, и съ ними ѣдетъ это письмо.</p>
<p rend="left">Завтра пошлю на Козловку.</p>
<lb/>
<p rend="left"><hi>К адресу на конверте:</hi> Для передачи Гр. Толстой.</p>
<comments><p rend="Textpetit_otstup left">Печатается по автографу, хранящемуся в АТБ. Впервые опубликовано по копии, сделанной С. А. Толстой, в ПЖ, стр. 124. Датируется на основании пометы «Jan. 22. 1879» письма гувернантки Анни Филлипс, писавшей С. А. Толстой в Москву одновременно с Толстым.</p>
<p rend="Textpetit_otstup left"><hi>1</hi> Имеется в виду сопроводительное письмо Анни Филлипс, в котором она сообщает С. А. Толстой о детях: Илье, Льве, Марии и Андрее Львовичах. Сергей и Татьяна были при С. А. Толстой, сопровождая ее в Москву.</p>
<p rend="petit left"><hi>2</hi> Письмо от бар. Ольги Дунгерн, рожд. Гротхусс. Письмо содержит просьбу разрешить перевод «Анны Карениной» на немецкий язык (письмо писано по-французски, хранится в ГТМ).</p>
<p rend="petit left"><hi>3</hi> Федор Васильёвич Перфильев (р. 1856), сын В. С. и П. Ф. Перфильевых. С 1880 г. был женат на кж. М. Н. Голицыной. Умер сумасшедшим.</p>
<p rend="petit left"><hi>4</hi> Владелец книжного магазина французских книг на Кузнецком мосту.</p>
<p rend="petit left"><hi>5</hi> Имеется в виду двадцатый том «Истории России с древнейших времен» С. М. Соловьева (1820—1879), посвященный времени Анны Иоанновны.</p>
<p rend="petit left"><hi>6</hi> Василий Иванович Алексеев (1848—1919). В 1873 г. окончил Петербургский университет по физико-математическому факультету. Сошелся с Н. В. Чайковским, примкнув к его кружку. Вел занятия с фабричными рабочими в Петербурге. Тогда же познакомился с А. К. Маликовым. Осенью 1875 г. с группой единомышленников эмигрировал в Америку, где принимал участие в организации земледельческой общины в штате Канзас. В 1877 г. община распалась. С октября 1877 г. по 1881 г. жил у Толстых в качестве учителя старших детей Толстых. Был близок с Толстым. В 1881 г. сочувственно отнесся к мысли Толстого написать письмо Александру III о прощении убийц его отца, чем вызвал раздражение С. А. Толстой, боявшейся преследований со стороны властей. В связи с этим инцидентом принуждец был покинуть Яснополянский дом, в виду того, что, как он пишет в своих воспоминаниях, «отношение Софьи Андреевны ко мне всё более и более обострялось из-за моего сочувственного отношения к новому направлению Льва Николаевича» (стр. 105 рукописи). По предложению Толстого поселился в его Самарском хуторе, где управляющим был старый его знакомый А. А. Бибиков. На хуторе Алексееву был отведен участок земли. Позднее, в 1891 г. Алексеев служил контролером Харьковско-Азовской железной дороги. В 1894 г. <hi style="opdelimiter">получил</hi><hi style="opnumber">266</hi> <hi style="npnumber">267</hi><hi style="npdelimiter">место</hi> инспектора Сельско-хозяйственного ремесленного училища имени Чижова, близ Чухломы Костромской губернии. С 1900 г. до конца жизни состоял директором Коммерческого училища в Нижнем Новгороде. Был в переписке с Толстым. Оставил свои «Воспоминания» о знакомстве с Толстым (не напечатаны). Об Алексееве писали: Е. Поливанова «Семидесятники» «Исторический вестник» 1913, № 5; Е. Лазарев «Моя жизнь», стр. 146—148.</p>
<p rend="petit left"><hi>7</hi> Швейцарка, гувернантка, поступила к дочерям Толстого Татьяне и Марии Львовнам в сентябре 1876 г.</p>
</comments></div></body>
        </text>
        </TEI>