<?xml version="1.0" encoding="UTF-8"?>
    <!-- <?xml-stylesheet type="text/xsl" target="../resources/MJT/myletter.xsl"?> -->
    <?xml-stylesheet type="css" target="graves.css"?>
    <?xml-model target="http://www.tei-c.org/release/xml/tei/custom/schema/relaxng/tei_all.rng" type="application/xml" schematypens="http://relaxng.org/ns/structure/1.0"?>
    <?xml-model target="http://www.tei-c.org/release/xml/tei/custom/schema/relaxng/tei_all.rng" type="application/xml"
            schematypens="http://purl.oclc.org/dsdl/schematron"?>
    <TEI xmlns="http://www.tei-c.org/ns/1.0">
       <teiHeader>
          <fileDesc>
             <titleStmt>
                <title>Письмо №* 38. В. В. Арсеньевой.</title>
             </titleStmt>
             <publicationStmt>
                <publisher>TolstoyLab</publisher>
                <date when="2015-09-14">14 September 2015</date>
             </publicationStmt>
             <sourceDesc>
                <biblStruct>
                   <analytic>
                      <author>Толстой Л.Н.</author>
                   </analytic>
                   <monogr>
                      <title level="m">Полное собрание сочинений. Том 60</title>
                      <imprint>
                         <pubPlace>Москва</pubPlace>
                         <publisher>Государственное издательство "Художественная литература"</publisher>
                         <date when="1949"/>
                      </imprint>
                   </monogr>
                   <series>
                      <title level="s">Л.Н. Толстой. Полное собрание сочинений</title>
                      <biblScope unit="vol">60</biblScope>
                   </series>
                </biblStruct>
             </sourceDesc>
          </fileDesc>
          <encodingDesc>
             <tagsDecl> </tagsDecl>
          </encodingDesc>
          <profileDesc>
             <correspDesc>
                <correspAction type="sending">
                   <persName ref="PersonList.xml#L_N_Tolstoy">Л. Н. Толстой</persName>
                   <placeName ref="PlacesListxml#PLACE">Петербург.</placeName>
                   <date when="1856-11-19">1856 г. Ноября 19.</date>            </correspAction>
                <correspAction type="receiving">
                   <persName ref="PersonList.xml#RECEIVER">Арсеньев Владимир Михайлович</persName>
                </correspAction>
                <correspContext>
                   <ref type="prev"></ref>
                </correspContext>
             </correspDesc>
          </profileDesc>
       </teiHeader>
       <xenoData><number type="in a volume">38</number></xenoData>

              <text xml:id="V.V.Arsenevoj_38">
	<body><div>
		<opener index="false">
* 38. В. В. Арсеньевой.
1856 г. Ноября 19. Петербург.</opener>
<p rend="right">19 Nоября.</p>
<p rend="left">Благодарствуйте, голубчик, за ваши письма. Я получил три,<note xml:id="note1" resp="volume_editor" index="false"> Письма эти не сохранились.</note> портрета не получал, но не бойтесь: никто ни писем, ни портрета смотреть не будет и не может. Я пишу это письмо 7-е.<note xml:id="note2" resp="volume_editor" index="false"> Сохранилось пять писем Толстого к В. В. Арсеньевой со времени его отъезда из Ясной Поляны по 19 ноября, но, судя по записи в Дневнике, было еще одно письмо, написанное из Петербурга 11 ноября. Таким образом это письмо действительно является седьмым.</note> Ваше последнее письмо очень и очень меня тронуло, и стыдно стало за то, что сделал вам больно. Что делать, все-таки лучше, чем ежели бы я в самом себе спрятал это сомненье. Буду отвечать по пунктам. 1) О Киреевском<note xml:id="note3" resp="volume_editor" index="false"> Николай Васильевич Киреевский.</note> вы судите хорошо, но не совсем искренно — боитесь понять мою мысль, которая состоит в том, что он богат, а вы бедны, он ваш дядюшка и крестный отец и поэтому может думать, что вы надеетесь получить от него деньги. Ежели бы я был на вашем месте, я бы твердо взял решение никогда не получить от него ничего, и тогда бы уж любил и уважал его, ежели он стоит того. — 2) Вы говорите, что за письмо от меня готовы жертвовать <hi>всем.</hi> Избави Бог, чтобы вы так думали, да и говорить не надо. В числе этого <hi>всего</hi> есть <hi>добродетель</hi>, которой нельзя жертвовать не только для такой дряни, как я, но ни для чего на свете. <hi style="opdelimiter">—</hi><hi style="opnumber">114</hi> <hi style="npnumber">115</hi><hi style="npdelimiter">Подумайте</hi> об этом. Без уважения, выше всего, к <hi>добру</hi> нельзя прожить хорошо на свете. 3) Ваша привычка просыпаться по ночам хороша и мила очень. 4) Отчего нагнала на вас мрак комедия Островского? —</p>
<p rend="left">5) Женичкина<note xml:id="note4" resp="volume_editor" index="false"> Вергани.</note> приписка жестокая. Неужели, в самом деле, вы так монтируетесь, что доходите до гаданий и таких вздоров? Избегайте всех этих монтирующих средств и особенно праздности. Не говорите, что пропадает золотое время. Напротив, мы живем оба и живем таким хорошим чувством, каким дай Бог жить когда-нибудь после. 6) Не думайте, голубчик, чтобы никогда никто не любил вас так, как любил вас ваш отец. Вы стоите большой и сильной любви и поэтому будете иметь ее. Так свет устроен. — 7) Не пишите и не делайте глупостей приезжать в Петербург, а ежели богаты деньгами, поезжайте хоть месяц прожить в Москве, а потом, пожалуй, и в Петербург. —</p>
<p rend="left">8) Ради Бога, не думайте, что я такой отличный, вы меня смущаете этим ужасно. Ежели я умен, то это не заслуга, зато сердце у меня испорчено сомнением, недоверием и разной мерзостью. Ежели есть во мне, что можно любить, так это честность в деле чувства. Я никогда не обманывал и не обману вас. Вы — другое дело, вы натура свежая, неиспорченная сомнениями, вы любите, так любите, ненавидите, так ненавидите; многого, что занимает меня, вы не поймете никогда, но зато я никогда не дойду до той высоты любви, до которой вы можете дойти, ежели только не будете себя форсировать и обманывать. — Так мне надо чувствовать себя недостойным вас, а не вам, мой голубчик. И я чувствую это. — Но эта-то разница наших характеров, которая уж не переменится и которая, ежели бы переменилась, было бы тем хуже, эта-то разница и страшна для нашей будущности. Нам надо помириться вот с чем: мне — с тем, что большая часть моих умственных, главных в моей жизни интересов останутся чужды для вас, несмотря на всю вашу любовь, вам — надо помириться с мыслью, что той полноты чувства, которое вы будете давать мне, вы никогда не найдете во мне. Хотя порывами, временно мое чувство может быть и гораздо сильнее вашего, а уважение и признательность к вашей любви, покуда она будет существовать, ни на секунду не ослабнут. Одно, что может прочно соединить нас, это истинная любовь к добру, до которой я дошел умом, а вы <hi style="opdelimiter">дойдете</hi><hi style="opnumber">115</hi> <hi style="npnumber">116</hi><hi style="npdelimiter">сердцем.</hi> Мне так кажется, а впрочем дай Бог, чтобы было так, как вы мечтаете, ходя по зале с заложенными за спину руками. Моя сила, за кот[орую] вы меня любите — ум, ваша сила — сердце. И то и другое вещи хорошие, и будем стараться развивать с взаимной помощью и то и другое: вы меня выучите любить, я вас выучу думать. — Как это вы понимаете необходимость труда и любви в жизни, а не понимаете самоотвержения. Разве труд не самоотвержение? А любовь? Вы сами в предпоследнем письме говорите, что вы чувствуете, что любили меня с эгоизмом. Это очень верно; только, значит, вы вовсе не любили. Любить для своего наслаждения нельзя, а любят для наслаждения другого. Да что вам толковать то, что лежит в вашем отличном сердце. Пожалуйста, не переставайте писать мне о своих занятиях и поподробнее, что читали, что играли, и сколько часов. Вечера, пожалуйста, не теряйте. Возьмите на себя. Не столько для того, что вам полезны будут вечерние занятия, сколько для того, чтобы приучить себя преодолевать дурные наклонности и лень. — Я здесь остановился и долго думал о вашем характере. Ваш главный недостаток это слабость характера, и от него происходят все другие мелкие недостатки. Вырабатывайте силу воли. Возьмите на себя и воюйте упорно с своими дурными привычками. Журжиньку<note xml:id="note5" resp="volume_editor" index="false"> Журжинькой в семье Арсеньевых называли Евгению Владимировну <hi style="opdelimiter">Арсеньеву.</hi><hi style="opnumber">120</hi></note> скучно учить, тут-то и принуждайте себя непременно. Без труда ничего и — главное — счастие невозможно. А я буду подпрыгивать от радости, читая ваши успехи над самой собой. Ради Бога, гуляйте и не сидите вечером долго, берегите свое здоровье. Женичка говорит, что вы худеете, это нехорошо. — Я приеду к Январю, почти наверно.<note xml:id="note6" resp="volume_editor" index="false"> Толстой выехал из Петербурга в Москву 12 января 1857 г., а 29 января из Москвы в мальпосте уехал за границу.</note> Что хочется мне и ужасно хочется сейчас приехать и никогда не уезжать, этому верьте, потому что я никогда не лгу вам в этом смысле, скорее в противуположном. — Дня три тому назад провел я вечер у Тургеневой О[льги] А[лександровны], она милая девушка, и невольно я сравнивал ее с другой знакомой мне девушкой. Нет, до сих пор лучше этой другой девушки я не знаю; и собой она лучше, и сердце у нее лучшее на свете, и играет она лучше, только та девушка больше читала, больше развита и больше любит и понимает поэзию.<note xml:id="note7" resp="volume_editor" index="false"> У О. А. Тургеневой Толстой был 10 ноября, записав в Дневнике: «Ольга Тургенева право, не считая красоты, хуже Валерии. — Много о ней думаю» (т. 47, стр. 93).</note> Я спрашиваю себя беспрестанно: влюблен ли я в вас или нет, и я отвечаю: нет, но что-то тянет к вам, всё кажется, что должны мы быть близкими людьми, и что вы лучший мой друг. — Вот как, я думаю, должны жить <hi style="opdelimiter">Храп[овицкие].</hi><hi style="opnumber">116</hi></p>
<p rend="left"><hi style="npnumber">117</hi><hi style="npdelimiter">Средства</hi> у них малые, такие, что с трудом и с уменьем практическим жить, которого нет вовсе у него и кот[орого] мало у неё (что бы очень желательно, чтобы она в себе развивала), Храповицкие могут жить 5 мес[яцев] в городе и 7 м[есяцев] в деревне и там и здесь бедно, но честно. Зимние 5 м[есяцев] они могут проводить один год за границей, другой в Пет[ербурге], потом опять за гр[аницей] и т. д. Но непременно в Пет[ербурге] или за границей, для того, чтобы ни тому, ни другому не отставать от века, не опровинцияливаться, что в своем роде несчастие. И не отставать от века не в том смысле, чтобы знать, какие носят шляпки и жилеты, а знать, какая вышла новая замечательная книга, какой вопрос занимает Европу, не продавать и покупать людей и сбирать баранов с мужиков, когда уже всякой студент знает, что это постыдно, и т. д. — В Петербурге, не ездивши в свет, Хр[аповицкие] могут иметь маленькой круг знакомых, избранных не из людей comme и только il faut, кот[орых] как собак, но из людей умных, образованных и хороших. Это статья особенно важна для Г-жи Хр[аповицкой], кот[орая] по молодости своей любит много новых знакомых, не требуя от них ничего, кроме того, чтобы они были comme il faut и не болваны. Г-н Хр[аповицкий] в этом отношении, напротив, убежден, что этого мало, а следует как можно быть осторож[нее] в выборе знакомых, потому что беды нет, что знаком с одним пустым человеком, но ежели знаком с 30, то они, не делая вам никакого зла, одними своими посещениями и приглашениями лишат вас свободы loisir<note xml:id="note8" resp="volume_editor" index="false"> [досуга]</note> и отравят вам жизнь. Притом Г-н Х[раповицкий] думает, что ему с литературой и милой Г-жей Хр[аповицкой], и Г-же Хр[аповицкой] с музыкой и Г-ном Хр[аповицким] не будет одним скучно дома. Храп[овицкие] все свои средства, как они не прибавятся, будут употреблять на внутреннюю роскошь, на устройство комнат, на картины, на музыку, на еду и вино, чтоб радостнее всего было дома, и этим преимущественно будет заниматься Г-жа Хр[аповицкая]. Во время Петербургской или заграничной жизни Храповицкие будут мало видеться, потому что и общество и занятия будут развлекать и того и другого; и от этого не так скоро надоедят друг другу; зато в деревне, где они постараются не видать ни одной души посторонних, они вдоволь будут надоедать друг другу. Но тихой ненависти не будет, потому что и тут будут занятия у обоих. Это главное, главное. <hi style="opdelimiter">Г-н</hi><hi style="opnumber">117</hi> <hi style="npnumber">118</hi><hi style="npdelimiter">Храв[овицкий]</hi> будет исполнять давнишнее свое намерение, в котором Г-жа Хр[аповицкая] наверное поддержит его, сделать сколько возможно своих крестьян счастливыми, будет писать, будет читать и учиться и учить Г-жу Храп[овицкую] и называть ее «пупунькой». Г-жа Храп[овицкая] будет заниматься музыкой, чтением и, разделяя планы Г-на Х[раповицкого], будет помогать ему в его главном деле. — Я воображаю ее в виде маленького Провиденья для крестьян, как она в каком-нибудь попелин[овом] платье с своей черной головкой будет ходить к ним в избы и каждый день ворочаться с сознанием, что она сделала доброе дело, и просыпаться ночью с довольством собой и желанием, чтобы поскорее рассвело, чтобы опять жить и делать добро, за которое всё больше и больше, до бесконечности, будет обожать ее Г-н Храповицкой. А потом снова они поедут в город, снова поведут умеренную, довольно трудную жизнь с лишениями и сожалениями, но зато с сознанием того, что они хорошие и честные люди, что они изо всех сил любят друг друга, и с добрыми друзьями, которые их будут сильно любить обоих, и каждый с своим любимым занятием. — Может быть, им случится когда-нибудь в извощичьей старой карете, возвращаясь от какого-нибудь скромного приятеля, проехать мимо освещенного дома, в кот[ором] бал и слышен оркестр Страуса,<note xml:id="note9" resp="volume_editor" index="false"> Иоганн Штраус (1825—1899) — немецкий композитор и дирижер.</note> играющий удивительные вальсы. Может быть, Г-жа Хр[аповицкая] при этом глубоко вздохнет и задумается, но уж она должна привыкнуть к мысли, что это удовольствие никогда уж ей не испытывать. Зато Г-жа Х[раповицкая] может быть твердо уверена, что редкой, редкой, а может ни один из всех, кому она завидует на этом бале, ни один никогда не испытывал ее наслаждений, спокойной любви, дружбы, прелести семейной жизни, дружеского кружка милых людей, поэзии, музыки и главного наслаждения — сознания того, что не даром живешь на свете, делаешь добро и ни в чем не имеешь упрекнуть себя. У каждого свои наслаждения, но высшие наслаждения, которые даны человеку — наслаждения <hi>добра</hi>, к[оторое] делаешь, чистой <hi>любви и поэзии</hi> (l’art).<note xml:id="note10" resp="volume_editor" index="false"> [искусства]</note> Но избрав раз эту дорогу, надо, чтобы Храп[овицкие] твердо верили, что это лучшая дорога, и что по другой им не нужно ходить, чтобы они поддерживали один другого, останавливали, указывали бы друг другу овраги и с помощью религии, к[оторая] указывает на ту же дорогу, никогда бы не сбивались с нее. Потому <hi style="opdelimiter">что</hi><hi style="opnumber">118</hi> <hi style="npnumber">119</hi><hi style="npdelimiter">малейший</hi> faux pas<note xml:id="note11" resp="volume_editor" index="false"> [ложный шаг]</note> разрушает всё, и уж не поймаешь потерянное счастье. A faux pas этих много: и <hi>кокетство</hi>, вследствие его недоверие, ревность, злоба, и <hi>ревность</hi> без причины, и <hi>фютильность</hi>, уничтожающая любовь и доверие, и <hi>скрытность</hi>, вселяющая подозрение, и <hi>праздность</hi>, от которой надоедают друг другу, и <hi>вспыльчивость</hi>, от к[оторой] говорят друг другу вещи, порождающие вечных мальчиков, и <hi>неакуратность </hi>и непоследовательность в планах, и главное — <hi>нерасчетливость</hi>, тароватость, от которой путаются дела, расположение духа портится, планы разрушаются, спокойствие пропадает, и рождается отвращение друг к другу — и прощай!</p>
<p rend="left">Трудная дорога, да; но она прелестна и одна ведет к истинному счастию; поэтому стоит того, чтобы поработать над собой и уничтожить все те подчеркнутые причины, от кот[орых] делаются «faux pas». —</p>
<p rend="left">А ежели слишком трудно, то я советую Храп[овицким] поступить вот как: жить в Петерб[урге] не в 4-м этаже, а в бельэтаже, сделать Г-же Хр[аповицкой] 30 платьев, ездить на все балы, принимать у себя всех Генерал- и флигель-адъютан[тов] и гордиться этим, кататься по Невск[ому] в своей карете. Г-же Х[раповицкой] кокетнич[ать], Г-ну Хр[аповицкому] играть в карты, потом, осрамившись, бежать от долгов в деревню, потом опротиветь друг другу, и...... Всё это очень и очень легко, только стоит не принуждать себя, это само собой так сделается, и, сбившись с первой дороги, Х[раповицк]им очень легко попасть на эту. И даже они непременно попадут, ежели собьются, потому что Г-н Х[раповицкий] натура не практическая и бесхарактерная и Г-жа Х[раповицкая] тоже. — Но первая дорога, что это за счастливая, прелестная мечта! Ежели бы я теперь сидел с вами в Судакове в уголке у гостиной, я много, много рассказал вам. Впрочем, может быть, вы сами понимаете прелесть этой мечты. Ежели да, то не забудьте одно — я говорю, обдумав серьезно и из опыта жизни, — <hi>середины нет</hi>, <hi>выбирайте одно из двух:</hi> или со всей строгостью первое, каждый день, каждую минуту повторяя себе, что я хочу идти по этой дороге, или вы невольно попадете во вторую, в омут, в кот[ором] грязнут 999 из 1,000. Долго я засиделся над этим письмом, не столько писал, сколько думал, уж 2 ч[аса] ночи. Про себя скажу вам, — я здоров, работаю, что? — вас еще не интересует, вижу людей очень мало и всё еще визитов никому не делал <hi style="opdelimiter">и</hi><hi style="opnumber">119</hi> <hi style="npnumber">120</hi><hi style="npdelimiter">не</hi> буду делать до Декабря. Портрет не успел сделать нынче. Завтра. — Прощайте, мой голубчик, работайте над собой, крепитесь, мужайтесь, учитесь и любите меня всё так же, только немножко поспокойнее. Я так счастлив мыслью, что есть вы, которая меня любит, что не знаю, что бы со мной было, ежели бы вы вдруг мне сказали, что вы меня не любите. Пожалуйста, не пробуйте этого. — Женичку обнимаю, Олиньке<note xml:id="note12" resp="volume_editor" index="false"> Ольга Владимировна Арсеньева.</note> жму руку, Наташу<note xml:id="note13" resp="volume_editor" index="false"> Н. П. Охотницкая.</note> целую в задние ноги. И[ван] И[ванович]<note xml:id="note14" resp="volume_editor" index="false"> И. И. Сахаров — переписчик.</note> вчера был в Гугенотах,<note xml:id="note15" resp="volume_editor" index="false"> «Гугеноты» — опера Мейербера.</note> ему не понравилось очень, а Алешка<hi>16 </hi>нашел, что славно!</p>
<p rend="left">Ваш друг Иван Иванович виноват, что книги опоздали 2-мя днями. В повестях Тургенева не читайте <hi>Жид</hi> и <hi>Петушков: </hi>барышням нельзя; особенно из них рекомендую: <hi>Андрей Колосов</hi>, <hi>Затишье и Два приятеля</hi>.<note xml:id="note16" resp="volume_editor" index="false"> Новые повести Тургенева. См. прим. 6 к п. № 34.</note> Nicols Nickleby<note xml:id="note17" resp="volume_editor" index="false"> «Жизнь и приключения Николая Никльби» — роман (1838—1839) Чарльза Диккенса.</note> и La Foir aux vanites<note xml:id="note18" resp="volume_editor" index="false"> «Ярмарка тщеславия» — роман (1846) Теккерея.</note> из Английских. — Шмигаро<note xml:id="note19" resp="volume_editor" index="false"> Шмигаро — прозвище младшего брата В. В. Арсеньевой — Николая. Шмигаро был в Туле врач (см. Кузминская, «Моя жизнь дома и в Ясной Поляне»).</note> и Журжиньке каждому по книжке. Пов[ести] Тургенева, когда прочтете, отошлите тетиньке. — Соната эта та, про которую я говорил вам не раз — она не трудна. Особенно хорошо Rondo и Largo. Писать мне вам ужасно хочется, и много есть чего, но не решаюсь, всё жду от вас. Не выходите ли уж вы замуж за Громова?<note xml:id="note20" resp="volume_editor" index="false"> Федор Васильевич Громов — тульский губернский архитектор.</note> Тогда бы это совсем было похоже на французский роман. Я нынче переехал на квартиру: на углу Большой Мещанской и Вознесенской, в доме Блума № 14. Ежели вас интересует знать, в каком положении находятся мои мысли о вас, то о прискорбием должен донести, что пошло, было, после Москвы diminuendo, а теперь опять идет crescendo. — Да пишите же мне ради Бога. Отчего вы не пишете? Прощайте, милая барышня, Христос с вами. —</p>
<p rend="right">Гр. Л. Толстой.</p>
<comments><p rend="Textpetit_otstup left">Отрывки из письма опубликованы H. Н. Гусевым в его биографии «Жизнь Льва Николаевича Толстого. Молодой Толстой», М. 1927, стр. 264 и 379. См. запись в Дневнике под 19 ноября 1856 г. (т. 47, стр. 101).</p>
<p rend="Textpetit_otstup left"><hi>1</hi> Письма эти не сохранились.</p>
<p rend="petit left"><hi>2</hi> Сохранилось пять писем Толстого к В. В. Арсеньевой со времени его отъезда из Ясной Поляны по 19 ноября, но, судя по записи в Дневнике, было еще одно письмо, написанное из Петербурга 11 ноября. Таким образом это письмо действительно является седьмым.</p>
<p rend="petit left"><hi>3</hi> Николай Васильевич Киреевский.</p>
<p rend="petit left"><hi>4</hi> Вергани.</p>
<p rend="petit left"><hi>5</hi> Журжинькой в семье Арсеньевых называли Евгению Владимировну <hi style="opdelimiter">Арсеньеву.</hi><hi style="opnumber">120</hi></p>
<p rend="petit left"><hi>6</hi> Толстой выехал из Петербурга в Москву 12 января 1857 г., а 29 января из Москвы в мальпосте уехал за границу.</p>
<p rend="petit left"><hi>7</hi> У О. А. Тургеневой Толстой был 10 ноября, записав в Дневнике: «Ольга Тургенева право, не считая красоты, хуже Валерии. — Много о ней думаю» (т. 47, стр. 93).</p>
<p rend="petit left"><hi>8</hi> [досуга]</p>
<p rend="petit left"><hi>9</hi> Иоганн Штраус (1825—1899) — немецкий композитор и дирижер.</p>
<p rend="petit left"><hi>10</hi> [искусства]</p>
<p rend="petit left"><hi>11</hi> [ложный шаг]</p>
<p rend="petit left"><hi>12</hi> Ольга Владимировна Арсеньева.</p>
<p rend="petit left"><hi>13</hi> Н. П. Охотницкая.</p>
<p rend="petit left"><hi>14</hi> И. И. Сахаров — переписчик.</p>
<p rend="petit left"><hi>15</hi> «Гугеноты» — опера Мейербера.</p>
<p rend="petit left"><hi>16</hi> Алексей Степанович Орехов (ум. в 1882 г.) — из яснополянских крепостных. А. С. Орехов, в качестве камердинера, был с Толстым на Кавказе, на Дунае и в Севастополе.</p>
<p rend="petit left"><hi>17</hi> Новые повести Тургенева. См. прим. 6 к п. № 34.</p>
<p rend="petit left"><hi>18</hi> «Жизнь и приключения Николая Никльби» — роман (1838—1839) Чарльза Диккенса.</p>
<p rend="petit left"><hi>19</hi> «Ярмарка тщеславия» — роман (1846) Теккерея.</p>
<p rend="petit left"><hi>20</hi> Шмигаро — прозвище младшего брата В. В. Арсеньевой — Николая. Шмигаро был в Туле врач (см. Кузминская, «Моя жизнь дома и в Ясной Поляне»).</p>
<p rend="petit left"><hi>21</hi> Федор Васильевич Громов — тульский губернский архитектор.</p>
</comments></div></body>
        </text>
        </TEI>