<?xml version="1.0" encoding="UTF-8"?>
    <!-- <?xml-stylesheet type="text/xsl" target="../resources/MJT/myletter.xsl"?> -->
    <?xml-stylesheet type="css" target="graves.css"?>
    <?xml-model target="http://www.tei-c.org/release/xml/tei/custom/schema/relaxng/tei_all.rng" type="application/xml" schematypens="http://relaxng.org/ns/structure/1.0"?>
    <?xml-model target="http://www.tei-c.org/release/xml/tei/custom/schema/relaxng/tei_all.rng" type="application/xml"
            schematypens="http://purl.oclc.org/dsdl/schematron"?>
    <TEI xmlns="http://www.tei-c.org/ns/1.0">
       <teiHeader>
          <fileDesc>
             <titleStmt>
                <title>Письмо №427. П. И. Бартеневу.</title>
             </titleStmt>
             <publicationStmt>
                <publisher>TolstoyLab</publisher>
                <date when="2015-09-14">14 September 2015</date>
             </publicationStmt>
             <sourceDesc>
                <biblStruct>
                   <analytic>
                      <author>Толстой Л.Н.</author>
                   </analytic>
                   <monogr>
                      <title level="m">Полное собрание сочинений. Том 62</title>
                      <imprint>
                         <pubPlace>Москва</pubPlace>
                         <publisher>Государственное издательство "Художественная литература"</publisher>
                         <date when="1953"/>
                      </imprint>
                   </monogr>
                   <series>
                      <title level="s">Л.Н. Толстой. Полное собрание сочинений</title>
                      <biblScope unit="vol">62</biblScope>
                   </series>
                </biblStruct>
				<bibl>Впервые опубликовано в «Сборнике Государственного Толстовского музея», М. 1937, стр. 182. Год определяется на основании интереса Толстого к семье декабриста А. И. Одоевского. Датируется днями пребывания Толстого в Москве в конце апреля — начале мая 1878 г., так как та черновая редакция «Декабристов», в которой центральной фигурой должен был быть А. И. Одоевский, помечена 6 мая (см. т. 17, стр. <hi style="opdelimiter">272—275</hi><hi style="opnumber">416</hi> <hi style="npnumber">417</hi><hi style="npdelimiter">и</hi> 535—536); следующая поездка Толстого в Москву в том же году, если не считать нескольких часов, проведенных там летом проездом в самарское имение и оттуда назад, была 6 декабря, когда интерес Толстого перешел от Одоевского к семье Чернышевых.</bibl>
             </sourceDesc>
          </fileDesc>
          <encodingDesc>
             <tagsDecl> </tagsDecl>
          </encodingDesc>
          <profileDesc>
             <correspDesc>
                <correspAction type="sending">
                   <persName ref="PersonList.xml#L_N_Tolstoy">Л. Н. Толстой</persName>
                   <placeName ref="PlacesListxml#PLACE">Москва.</placeName>
                   <date when="1878-04-30">1878 г. Апреля 30.</date>            </correspAction>
                <correspAction type="receiving">
                   <persName ref="PersonList.xml#RECEIVER">Бартенев Петр Иванович</persName>
                </correspAction>
                <correspContext>
                   <ref type="prev"></ref>
                </correspContext>
             </correspDesc>
          </profileDesc>
       </teiHeader>
       <xenoData><number type="in a volume">427</number></xenoData>

              <text xml:id="P.I.Bartenevu_427">
	<body><div>
		<opener index="false">
427. П. И. Бартеневу.
1878 г. Апреля 30...мая 2? Москва.
</opener>
<p rend="Obrashenie left">Любезнейший Петр Иванович.</p>
<p rend="left">Как зовут и как адрес детей и наследников И. С. кн. Одоевского?<note xml:id="note1" resp="volume_editor" index="false">Иван Сергеевич Одоевский (1769—1839) — отец декабриста Александра Ивановича Одоевского (1802—1839), генерал, помещик Владимирской губ. Наследниками его были дочери от второго брака: Софья (1828—1909), замужем за гвардии ротмистром Николаем Масловым, Мария (1833—1866), замужем за олонецким губернатором Григорием Григорьевичем Григорьевым, и Нина (р. 1836), замужем за коллежским асессором Новиковым. Толстой надеялся получить от них какие-нибудь материалы об их сводном брате-декабристе.</note> Я буду дома до 2-х часов, но ответ напишите мне пожалуйста.</p>
<p rend="right">Ваш Л. Толстой.</p>
<lb/>
<p rend="left"><hi>На обороте:</hi></p>
<p rend="left">Е. В. Петру Ивановичу Бартеневу.</p>
<comments><p rend="Textpetit_otstup left">Впервые опубликовано в «Сборнике Государственного Толстовского музея», М. 1937, стр. 182. Год определяется на основании интереса Толстого к семье декабриста А. И. Одоевского. Датируется днями пребывания Толстого в Москве в конце апреля — начале мая 1878 г., так как та черновая редакция «Декабристов», в которой центральной фигурой должен был быть А. И. Одоевский, помечена 6 мая (см. т. 17, стр. <hi style="opdelimiter">272—275</hi><hi style="opnumber">416</hi> <hi style="npnumber">417</hi><hi style="npdelimiter">и</hi> 535—536); следующая поездка Толстого в Москву в том же году, если не считать нескольких часов, проведенных там летом проездом в самарское имение и оттуда назад, была 6 декабря, когда интерес Толстого перешел от Одоевского к семье Чернышевых.</p>
<p rend="Textpetit_otstup left"><hi>1 </hi>Иван Сергеевич Одоевский (1769—1839) — отец декабриста Александра Ивановича Одоевского (1802—1839), генерал, помещик Владимирской губ. Наследниками его были дочери от второго брака: Софья (1828—1909), замужем за гвардии ротмистром Николаем Масловым, Мария (1833—1866), замужем за олонецким губернатором Григорием Григорьевичем Григорьевым, и Нина (р. 1836), замужем за коллежским асессором Новиковым. Толстой надеялся получить от них какие-нибудь материалы об их сводном брате-декабристе.</p>
</comments></div></body>
        </text>
        </TEI>