<?xml version="1.0" encoding="UTF-8"?>
    <!-- <?xml-stylesheet type="text/xsl" target="../resources/MJT/myletter.xsl"?> -->
    <?xml-stylesheet type="css" target="graves.css"?>
    <?xml-model target="http://www.tei-c.org/release/xml/tei/custom/schema/relaxng/tei_all.rng" type="application/xml" schematypens="http://relaxng.org/ns/structure/1.0"?>
    <?xml-model target="http://www.tei-c.org/release/xml/tei/custom/schema/relaxng/tei_all.rng" type="application/xml"
            schematypens="http://purl.oclc.org/dsdl/schematron"?>
    <TEI xmlns="http://www.tei-c.org/ns/1.0">
       <teiHeader>
          <fileDesc>
             <titleStmt>
                <title>Письмо №239. С. А. Толстой</title>
             </titleStmt>
             <publicationStmt>
                <publisher>TolstoyLab</publisher>
                <date when="2015-09-14">14 September 2015</date>
             </publicationStmt>
             <sourceDesc>
                <biblStruct>
                   <analytic>
                      <author>Толстой Л.Н.</author>
                   </analytic>
                   <monogr>
                      <title level="m">Полное собрание сочинений. Том 83</title>
                      <imprint>
                         <pubPlace>Москва</pubPlace>
                         <publisher>Государственное издательство "Художественная литература"</publisher>
                         <date when="1938"/>
                      </imprint>
                   </monogr>
                   <series>
                      <title level="s">Л.Н. Толстой. Полное собрание сочинений</title>
                      <biblScope unit="vol">83</biblScope>
                   </series>
                </biblStruct>
				<bibl>Печатается по автографу, хранящемуся в АТБ. Впервые опубликовано по копии, сделанной С. А. Толстой, в ПЖ, стр. 195—196. Датируется на основании почтовых штемпелей: «Самара. 14 июнь. 1883; Почтовый вагон. 16 июнь. 1883; Тула. 16 июнь. 1883» и пометы Толстого «воскресенье», которое падало на 12 июня 1883 г.</bibl>
             </sourceDesc>
          </fileDesc>
          <encodingDesc>
             <tagsDecl> </tagsDecl>
          </encodingDesc>
          <profileDesc>
             <correspDesc>
                <correspAction type="sending">
                   <persName ref="PersonList.xml#L_N_Tolstoy">Л. Н. Толстой</persName>
                   <placeName ref="PlacesListxml#PLACE">Самарский хутор.</placeName>
                   <date when="1883-06-12">1883 г. Июня 12.</date>            </correspAction>
                <correspAction type="receiving">
                   <persName ref="PersonList.xml#RECEIVER">Толстая Софья Андреевна</persName>
                </correspAction>
                <correspContext>
                   <ref type="prev"></ref>
                </correspContext>
             </correspDesc>
          </profileDesc>
       </teiHeader>
       <xenoData><number type="in a volume">239</number></xenoData>

       <text xml:id="a12_239">
	<body><div>
		<opener index="false">
239.
1883 г. Июня 12. Самарский хутор.</opener>
<p rend="right"><hi>Воскресенье.</hi></p>
<p rend="left">Нынче пошла 4-я недѣля изгнанія (добровольнаго). Скучно, хочется скорѣе быть вмѣстѣ; но намъ здѣсь хорошо, спокойно, здорово и нѣтъ ничего дурнаго; дай Богъ, чтобы и у тебя также было.</p>
<p rend="left">Послѣ 3-хъ писемъ, еще не имѣлъ отъ тебя, остановился на томъ, что ты съ Алсидомъ поѣхала къ доктору въ Тулу.<note xml:id="note1" resp="volume_editor" index="false"> С. A. Толстая писала 31 мая в связи с нездоровьем сына Алексея: «еду советоваться с Кнерцером [тульский врач] и везу с собой Альсида и Лёлю. Альсид сейчас за обедом порезал себе графином четыре пальца, не можем остановить кровь. Madame чуть не в отчаянии и умоляла его везти к доктору. Соединив эти обстоятельства, мы решили ехать к доктору».</note> Больше всего безпокоюсь за тебя и Алешу. Черезъ два дня получу извѣстіе. Бибиковъ ѣдетъ въ Самару, и я пишу съ нимъ. Послѣднее мое письмо было въ четвергъ. Гости уѣхали, и хотя они были очень интересны и хороши, — я радъ. Со вчерашняго дня я началъ мѣрять съ мужиками землю, которую сдаю имъ. Работу эту можно было сдать землемѣру <hi style="opdelimiter">и</hi><hi style="opnumber">388</hi> <hi style="npnumber">389</hi><hi style="npdelimiter">заплатить</hi> 300 р[ублей]. А я хочу сдѣлать самъ. Вчера сдѣлалъ первый опытъ, и очень хорошо. Я, Ив[анъ] Мих[айловичъ], Вас[илій] Ив[ановичъ] и человѣкъ 8 мужиковъ цѣлый день ходили по степи, мѣряли, вычисляли и примѣчали. Было жарко и устали; но было очень пріятно, и дѣло пошло хорошо. Послѣднее время моего пребыванія, если буду живъ, посвящу этому. Сережа вчера случайно не пошелъ съ нами. Онъ вѣроятно будетъ ходить. Погода у насъ жаркая, мухъ бездна; но дожди частые, и хлѣба обѣщаютъ быть чудесные. Я дичаю все больше и больше; — нетолько не пишу, но ничего не читаю, — чулокъ не надѣваю, ни рубашки. Каждый день мы съ постели идемъ купаться. Если жаловаться мнѣ на что, то на сонъ. Долго не засыпаю и встаю поздно. — Съ твоимъ предложеніемъ,<note xml:id="note2" resp="volume_editor" index="false"> 31 мая С. А. Толстая писала: «тебе спокойно можно жить еще четыре недели. К концу июня или первого июля я и так жду тебя. Береги здоровье и помни меня и люби, хотя и недостойную, не такую, какой бы ты меня хотел».</note> чтобы мнѣ вернуться 1-му Іюля, я совершенно согласенъ, и такъ и считаю дни. Ужасно тянетъ домой, — къ тебѣ и къ работѣ; но все думается, что 5 недѣль кумыса совсѣмъ освободятъ меня отъ гемороидальнаго состоянія, того, съ кот[орымъ] такъ трудно бороться, п[отому] ч[то] оно дѣйствуетъ на душу.<note xml:id="note3" resp="volume_editor" index="false"> <hi>Зачеркнуто:</hi> <hi style="opdelimiter">ясность</hi><hi style="opnumber">389</hi></note> Кузминскій вѣрно уже пріѣхалъ,<note xml:id="note4" resp="volume_editor" index="false"> A. M. Кузминский вследствие отсутствия денег приехал из Петербурга в Ясную поляну только 21 июня.</note> кланяйся ему и Урусову.<note xml:id="note5" resp="volume_editor" index="false"> Кн. Л. Д. Урусов. С. А. Толстая писала: «Читаю я из стола твою рукопись с большим интересом. Ее только теперь привез Урусов, он ее переписывал. Урусов благодарит тебя за память и кланяется тебе» (письмо от 19 июня).</note> Нашихъ цѣлуй. Рука останавливается писать про нашихъ. Что, какъ что нибудь не благополучно и ты одна. Жертвую еще 75 к[оп.], чтобы телеграмой<note xml:id="note6" resp="volume_editor" index="false"> Телеграмма была послана 13 июня.</note> извѣстить тебя и еще 75 к., чтобы самому узнать. Прощай, душенька, обнимаю тебя. Какъ то прервалось письмо, а выдумывать не хочу, чѣмъ наполнить.</p>
<lb/>
<p rend="left"><hi>На конверте:</hi> Тула. Графинѣ Софьѣ Андревнѣ Толстой.</p>
<comments><p rend="Textpetit_otstup left">Печатается по автографу, хранящемуся в АТБ. Впервые опубликовано по копии, сделанной С. А. Толстой, в ПЖ, стр. 195—196. Датируется на основании почтовых штемпелей: «Самара. 14 июнь. 1883; Почтовый вагон. 16 июнь. 1883; Тула. 16 июнь. 1883» и пометы Толстого «воскресенье», которое падало на 12 июня 1883 г.</p>
<p rend="Textpetit_otstup left"><hi>1</hi> С. A. Толстая писала 31 мая в связи с нездоровьем сына Алексея: «еду советоваться с Кнерцером [тульский врач] и везу с собой Альсида и Лёлю. Альсид сейчас за обедом порезал себе графином четыре пальца, не можем остановить кровь. Madame чуть не в отчаянии и умоляла его везти к доктору. Соединив эти обстоятельства, мы решили ехать к доктору».</p>
<p rend="petit left"><hi>2</hi> 31 мая С. А. Толстая писала: «тебе спокойно можно жить еще четыре недели. К концу июня или первого июля я и так жду тебя. Береги здоровье и помни меня и люби, хотя и недостойную, не такую, какой бы ты меня хотел».</p>
<p rend="petit left"><hi>3</hi> <hi>Зачеркнуто:</hi> <hi style="opdelimiter">ясность</hi><hi style="opnumber">389</hi></p>
<p rend="petit left"><hi>4</hi> A. M. Кузминский вследствие отсутствия денег приехал из Петербурга в Ясную поляну только 21 июня.</p>
<p rend="petit left"><hi>5</hi> Кн. Л. Д. Урусов. С. А. Толстая писала: «Читаю я из стола твою рукопись с большим интересом. Ее только теперь привез Урусов, он ее переписывал. Урусов благодарит тебя за память и кланяется тебе» (письмо от 19 июня).</p>
<p rend="petit left"><hi>6</hi> Телеграмма была послана 13 июня.</p>
<p rend="petit left">В ответ на это письмо С. А. Толстая писала 19 июня: «Сегодня получила еще письмо от тебя, милый Левочка, то, которое ты послал в Самару с Бибиковым, письмо вялое, не веселое, и тем мне не понравившееся, что ты на себя взял этот землемерческий труд, который кроме вреда ничего не принесет. На солнце, на жаре нагибаться, отходить далеко от кумыса, и всё это из трехсот рублей, стоит ли того! Я понимаю, что тебе приятно думать, что ты заработал, как будто. Но ведь ты теперь лечишься и это главное надо было помнить» (ПСТ, стр. 224—225).</p>
</comments></div></body>
        </text>
        </TEI>