<?xml version="1.0" encoding="UTF-8"?>
    <!-- <?xml-stylesheet type="text/xsl" target="../resources/MJT/myletter.xsl"?> -->
    <?xml-stylesheet type="css" target="graves.css"?>
    <?xml-model target="http://www.tei-c.org/release/xml/tei/custom/schema/relaxng/tei_all.rng" type="application/xml" schematypens="http://relaxng.org/ns/structure/1.0"?>
    <?xml-model target="http://www.tei-c.org/release/xml/tei/custom/schema/relaxng/tei_all.rng" type="application/xml"
            schematypens="http://purl.oclc.org/dsdl/schematron"?>
    <TEI xmlns="http://www.tei-c.org/ns/1.0">
       <teiHeader>
          <fileDesc>
             <titleStmt>
                <title>Письмо №103. Н. А. Некрасову.</title>
             </titleStmt>
             <publicationStmt>
                <publisher>TolstoyLab</publisher>
                <date when="2015-09-14">14 September 2015</date>
             </publicationStmt>
             <sourceDesc>
                <biblStruct>
                   <analytic>
                      <author>Толстой Л.Н.</author>
                   </analytic>
                   <monogr>
                      <title level="m">Полное собрание сочинений. Том 60</title>
                      <imprint>
                         <pubPlace>Москва</pubPlace>
                         <publisher>Государственное издательство "Художественная литература"</publisher>
                         <date when="1949"/>
                      </imprint>
                   </monogr>
                   <series>
                      <title level="s">Л.Н. Толстой. Полное собрание сочинений</title>
                      <biblScope unit="vol">60</biblScope>
                   </series>
                </biblStruct>
             </sourceDesc>
          </fileDesc>
          <encodingDesc>
             <tagsDecl> </tagsDecl>
          </encodingDesc>
          <profileDesc>
             <correspDesc>
                <correspAction type="sending">
                   <persName ref="PersonList.xml#L_N_Tolstoy">Л. Н. Толстой</persName>
                   <placeName ref="PlacesListxml#PLACE">Москва.</placeName>
                   <date when="1858-01-21">1858 г. Января 21.</date>            </correspAction>
                <correspAction type="receiving">
                   <persName ref="PersonList.xml#RECEIVER">Некрасов Николай Алексеевич</persName>
                </correspAction>
                <correspContext>
                   <ref type="prev"></ref>
                </correspContext>
             </correspDesc>
          </profileDesc>
       </teiHeader>
       <xenoData><number type="in a volume">103</number></xenoData>

              <text xml:id="N.A.Nekrasovu_103">
	<body><div>
		<opener index="false">
103. Н. А. Некрасову.
1858 г. Января 21. Москва.</opener>
<p rend="left">Нехорошо это, любезный Николай Алексеич, что вы так себя распустили. Нехорошо для тех, кто вас любит, нехорошо для дела и главное для самих вас. — Ведь и без того скоро умрем и забудемся совсем, так стоит ли того насильственно забываться, да еще без счастья для себя и без пользы и счастья для других. —</p>
<p rend="left">Насчет 1-го № доложу вам искренно, что он очень плох.<note xml:id="note1" resp="volume_editor" index="false"> Отзыв о январской книжке «Современника» за 1858 г.</note> Кавеньяк,<note xml:id="note2" resp="volume_editor" index="false"> Статья Н. Г. Чернышевского «Кавеньяк» представляет собою, как пишет Чернышевский во вступительной части статьи, «свод высказываний иностранных газет о государственной деятельности Кавеньяка». В статье подробно разбирается деятельность «чистых республиканцев», пришедших к власти в феврале 1848 г., и та страшная жестокость, с которой они подавили восстание рабочих в июне 1848 г.</note> политич[еская] и хорошая статья, стоит впереди, так же как в Рус[ском] Вестн[ике]; это-то и производит неприятное впечатление. Совр[еменник] должен и имеет право иметь свои традиции. В стихотворении Фета две ужасные опечатки: <hi>О защитите</hi>, вместо <hi>защитите же</hi> и <hi>с улыбкой</hi>, вместо <hi>с усилъем? </hi>«Ася» Тургенева, по моему мнению, самая слабая вещь из всего, что он написал.<note xml:id="note3" resp="volume_editor" index="false"> Рассказ Тургенева «Ася», напечатанный в № 1 «Современника» за 1858 г.</note> — Островского вещи не читал всей; но знаю, что она слаба в чтении.<note xml:id="note4" resp="volume_editor" index="false"> «Не сошлись характерами! Картины из московской жизни», напечатано в том же номере <hi style="opdelimiter">«Современника».</hi><hi style="opnumber">253</hi></note> Политической перец, рассыпанной повсюду и в приложении «Дяди Тома»,<note xml:id="note5" resp="volume_editor" index="false"> При этой книжке «Современника» приложен роман Бичер-Стоу «Хижина дяди Тома».</note> нейдет, по моему мнению, Современнику и никогда не сравнится по условиям <hi style="opdelimiter">Моск[овской]</hi><hi style="opnumber">252</hi> <hi style="npnumber">253</hi><hi style="npdelimiter">цензуры</hi> с перцем М[осковских] журналов. Теперь о себе доложу, что я пишу маленькую по количеству листов вещь, весьма странного содержания, которую, может, пришлю вам в конце месяца.<note xml:id="note6" resp="volume_editor" index="false"> Речь идет о рассказе Толстого «Три смерти», над которым он работал в январе 1858 г. Рассказ был напечатан в № 1 «Библиотеки для чтения» 1859 г. Подробнее см. т. 5, стр. 300—303.</note> Повесть свою спрятал, но придумал еще в ней переделки, которые сообщу вам когда нибудь, когда будем вместе.<note xml:id="note7" resp="volume_editor" index="false"> Толстой был занят переработкой повести «Альберт», см. прим. 1 к п. № 95.</note> Кавказской роман всё переделываю в плане и не подвигаюсь.<note xml:id="note8" resp="volume_editor" index="false"> Речь идет о повести «Казаки».</note></p>
<p rend="left">Скажите, что наш рассчет и дивиденд? Пришлите мне то, что следует, в Москву.</p>
<p rend="left">Ежели Григорович не уехал, скажите ему, что я, может быть, поеду скоро за границу и желаю знать, когда он отправляется. Может быть, пришлось бы ехать вместе.</p>
<p rend="left">Ежели удастся моя коротенькая поездка в Италию месяца на два, то скоро увижу вас.<note xml:id="note9" resp="volume_editor" index="false"> Предполагаемые поездки Толстого и Григоровича за границу не состоялись.</note> Так до свиданья, от души жму вам руку и кланяюсь всем общим знакомым.</p>
<p rend="right">Ваш Гр. Л. Толстой.</p>
<p rend="left">21 Января.</p>
<p rend="left">Ежели увидите Давыдова,<note xml:id="note10" resp="volume_editor" index="false"> Книгопродавец и издатель Алексей Иванович Давыдов.</note> то скажите ему пожалуйста, что я в последний раз напоминаю ему о высылке мне журналов и с 1-го февраля обращаюсь к другому книгопродавцу; поэтому, чтобы он и заботился больше о высылке мне книг.</p>
<comments><p rend="Textpetit_otstup left">Впервые напечатано в АК, стр. 197—198. Письмо является ответом на письмо Некрасова от 19 февраля 1858 г. (см. альманах «Круг», книга шестая, М. 1927, стр. 216—217).</p>
<p rend="Textpetit_otstup left"><hi>1</hi> Отзыв о январской книжке «Современника» за 1858 г.</p>
<p rend="petit left"><hi>2</hi> Статья Н. Г. Чернышевского «Кавеньяк» представляет собою, как пишет Чернышевский во вступительной части статьи, «свод высказываний иностранных газет о государственной деятельности Кавеньяка». В статье подробно разбирается деятельность «чистых республиканцев», пришедших к власти в феврале 1848 г., и та страшная жестокость, с которой они подавили восстание рабочих в июне 1848 г.</p>
<p rend="petit left">Эжен-Луи Кавеньяк (1802—1857) — французский генерал и государственный деятель, руководивший подавлением Французской революции 1848 г.</p>
<p rend="petit left"><hi>3</hi> Предсмертное стихотворение Беранже, переведенное А. А. Фетом. См. п. № 96, прим. 5.</p>
<p rend="petit left"><hi>4</hi> Рассказ Тургенева «Ася», напечатанный в № 1 «Современника» за 1858 г.</p>
<p rend="petit left"><hi>5</hi> «Не сошлись характерами! Картины из московской жизни», напечатано в том же номере <hi style="opdelimiter">«Современника».</hi><hi style="opnumber">253</hi></p>
<p rend="petit left"><hi>6</hi> При этой книжке «Современника» приложен роман Бичер-Стоу «Хижина дяди Тома».</p>
<p rend="petit left"><hi>7</hi> Речь идет о рассказе Толстого «Три смерти», над которым он работал в январе 1858 г. Рассказ был напечатан в № 1 «Библиотеки для чтения» 1859 г. Подробнее см. т. 5, стр. 300—303.</p>
<p rend="petit left"><hi>8</hi> Толстой был занят переработкой повести «Альберт», см. прим. 1 к п. № 95.</p>
<p rend="petit left"><hi>9</hi> Речь идет о повести «Казаки».</p>
<p rend="petit left"><hi>10</hi> Предполагаемые поездки Толстого и Григоровича за границу не состоялись.</p>
<p rend="petit left"><hi>11</hi> Книгопродавец и издатель Алексей Иванович Давыдов.</p>
</comments></div></body>
        </text>
        </TEI>