<?xml version="1.0" encoding="UTF-8"?>
    <!-- <?xml-stylesheet type="text/xsl" target="../resources/MJT/myletter.xsl"?> -->
    <?xml-stylesheet type="css" target="graves.css"?>
    <?xml-model target="http://www.tei-c.org/release/xml/tei/custom/schema/relaxng/tei_all.rng" type="application/xml" schematypens="http://relaxng.org/ns/structure/1.0"?>
    <?xml-model target="http://www.tei-c.org/release/xml/tei/custom/schema/relaxng/tei_all.rng" type="application/xml"
            schematypens="http://purl.oclc.org/dsdl/schematron"?>
    <TEI xmlns="http://www.tei-c.org/ns/1.0">
       <teiHeader>
          <fileDesc>
             <titleStmt>
                <title>Письмо №332. С. А. Толстой</title>
             </titleStmt>
             <publicationStmt>
                <publisher>TolstoyLab</publisher>
                <date when="2015-09-14">14 September 2015</date>
             </publicationStmt>
             <sourceDesc>
                <biblStruct>
                   <analytic>
                      <author>Толстой Л.Н.</author>
                   </analytic>
                   <monogr>
                      <title level="m">Полное собрание сочинений. Том 83</title>
                      <imprint>
                         <pubPlace>Москва</pubPlace>
                         <publisher>Государственное издательство "Художественная литература"</publisher>
                         <date when="1938"/>
                      </imprint>
                   </monogr>
                   <series>
                      <title level="s">Л.Н. Толстой. Полное собрание сочинений</title>
                      <biblScope unit="vol">83</biblScope>
                   </series>
                </biblStruct>
				<bibl>Печатается по автографу, хранящемуся в АТБ. Впервые опубликовано по копии, сделанной С. А. Толстой, в ПЖ, стр. 274. Датируется на основании почтовых штемпелей: «Почтовый вагон. 19 октября. 1885; Москва. 19 октября 1885» и слов письма: «Теперь 9-й час, и я устал и ложусь спать».</bibl>
             </sourceDesc>
          </fileDesc>
          <encodingDesc>
             <tagsDecl> </tagsDecl>
          </encodingDesc>
          <profileDesc>
             <correspDesc>
                <correspAction type="sending">
                   <persName ref="PersonList.xml#L_N_Tolstoy">Л. Н. Толстой</persName>
                   <placeName ref="PlacesListxml#PLACE">Я. П.</placeName>
                   <date when="1885-10-18">1885 г. Октября 18.</date>            </correspAction>
                <correspAction type="receiving">
                   <persName ref="PersonList.xml#RECEIVER">Толстая Софья Андреевна</persName>
                </correspAction>
                <correspContext>
                   <ref type="prev"></ref>
                </correspContext>
             </correspDesc>
          </profileDesc>
       </teiHeader>
       <xenoData><number type="in a volume">332</number></xenoData>

       <text xml:id="a18_332">
	<body><div>
		<opener index="false">
332.
1885 г. Октября 18. Я. П.</opener>
<p rend="left">Вчера написалъ тебѣ длинное письмо и Танѣ,<note xml:id="note1" resp="volume_editor" index="false"> От 17 октября. В нем Толстой писал дочери: «Это моя единственная мечта и возможная радость, на которую я не смею надеяться, — та, чтобы найти в своей семье братьев и сестер, а не то, что я видел до сих пор — отчужденное и умышленное противодействи е, в котором я вижу <hi style="opdelimiter">не</hi><hi style="opnumber">517</hi> <hi style="npnumber">518</hi><hi style="npdelimiter">то</hi> пренебрежение, не ко мне, а к истине, не то страх перед чем-то». См. т. 63, № 428.</note> но боюсь, что оно опоздаетъ, и ты опять встревожишься, и потому пишу и нынче хоть нисколько словъ. Нынче получилъ только отъ <hi style="opdelimiter">Тани.<note xml:id="note2" resp="volume_editor" index="false"> От 16 октября; в нем Т. Л. Толстая писала: «Сегодня убедили меня все ехать к Новатскому, мальчики, дядя Костя и мама советовали посоветоваться, и теперь мне очень досадно, что я была, и пяти рублей жаль. Он сказал, что очевидно был вывих, потому что все связки больны, а что вправлено отлично».</note></hi><hi style="opnumber">516</hi> <hi style="npnumber">517</hi><hi style="npdelimiter">Жаль</hi> 5 р[ублей] за палецъ. Я живу все по прежнему очень хорошо тѣмъ, что очень много физически и умственно работаю, ничѣмъ не развлекаюсь, умѣренно и хорошо ѣмъ и сплю во время. Нынче вышла вода, и я пошелъ въ конюшню рано утромъ (кучеръ былъ на сватьбѣ), запрегъ Крысу въ бочку и поѣхалъ за водой. Чудное утро: съ одной стороны лошади разсыпаются по лугу, съ другой — стадо идетъ мимо посадки, съ третьей бабы съ пѣснями идутъ на работу. Вода чистая, лошадь милая, добрая, работа пріятная, ну, рѣдко, я испытывалъ такое удовольствіе. Это единственное событіе внѣшней жизни. Приходилъ Фейнерманъ еще, разстроенный тѣмъ, что ребята расшалились и онъ добромъ не могъ покорить ихъ. Но это произошло отъ новаго элемента Казначеевскихъ,<note xml:id="note3" resp="volume_editor" index="false"> Т. е. ребят из деревни Казначеевки (в полутора верстах от Ясной поляны).</note> и онъ не унываетъ. Внутренняя моя жизнь та, что пишу о наукѣ<note xml:id="note4" resp="volume_editor" index="false"> Отдел о назначении науки и искусства в статье «Так что же нам делать?»</note> и думаю о васъ безпрестанно, и особенно послѣ вчерашнихъ писемъ. — Теперь 9-й часъ, и я усталъ и ложусь спать. Какъ — хоть ты и не любишь это признавать — какъ ты, въ какомъ ты состояніи душевномъ? а не какъ твои дѣла? Я все таки всегда думаю и буду думать, что какъ только ты въ хорошемъ душевномъ состояніи, то и дѣла всѣ всегда идутъ прекрасно. Жду съ нетерпѣніемъ завтрашняго письма — вѣроятно, будетъ отъ тебя. Прощай, душа моя, да свиданья.</p>
<p rend="right">Л. Т.</p>
<lb/>
<p rend="left">На Козловкѣ мнѣ помощникъ начальн[ика] станціи сказалъ, что есть положеніе, по к[оторому] имъ слѣдуетъ по 3 к[опейки] за письмо; а въ нынѣш[немъ] году передано до 500 п[исемъ], такъ что надо имъ 15 р[ублей].<note xml:id="note5" resp="volume_editor" index="false"> С. А. Толстая писала 17 октября: «На Козловке помощник начальника станции обижается, что за корректуры и корреспонденции за лето ему ничего не дали, хотя обещали. Вели Филиппу дать ему 10 рублей» (стр. 328).</note> Я отдамъ.<note xml:id="note6" resp="volume_editor" index="false"> <hi>Переделано из:</hi> Гдѣ взять.</note></p>
<lb/>
<p rend="left"><hi>На конверте:</hi> Москва. Долгохамовнической 15. ГрафинЬ Софьѣ Андревнѣ Толстой.</p>
<comments><p rend="Textpetit_otstup left">Печатается по автографу, хранящемуся в АТБ. Впервые опубликовано по копии, сделанной С. А. Толстой, в ПЖ, стр. 274. Датируется на основании почтовых штемпелей: «Почтовый вагон. 19 октября. 1885; Москва. 19 октября 1885» и слов письма: «Теперь 9-й час, и я устал и ложусь спать».</p>
<p rend="Textpetit_otstup left"><hi>1</hi> От 17 октября. В нем Толстой писал дочери: «Это моя единственная мечта и возможная радость, на которую я не смею надеяться, — та, чтобы найти в своей семье братьев и сестер, а не то, что я видел до сих пор — отчужденное и умышленное противодействи е, в котором я вижу <hi style="opdelimiter">не</hi><hi style="opnumber">517</hi> <hi style="npnumber">518</hi><hi style="npdelimiter">то</hi> пренебрежение, не ко мне, а к истине, не то страх перед чем-то». См. т. 63, № 428.</p>
<p rend="petit left"><hi>2</hi> От 16 октября; в нем Т. Л. Толстая писала: «Сегодня убедили меня все ехать к Новатскому, мальчики, дядя Костя и мама советовали посоветоваться, и теперь мне очень досадно, что я была, и пяти рублей жаль. Он сказал, что очевидно был вывих, потому что все связки больны, а что вправлено отлично».</p>
<p rend="petit left"><hi>3</hi> Т. е. ребят из деревни Казначеевки (в полутора верстах от Ясной поляны).</p>
<p rend="petit left"><hi>4</hi> Отдел о назначении науки и искусства в статье «Так что же нам делать?»</p>
<p rend="petit left"><hi>5</hi> С. А. Толстая писала 17 октября: «На Козловке помощник начальника станции обижается, что за корректуры и корреспонденции за лето ему ничего не дали, хотя обещали. Вели Филиппу дать ему 10 рублей» (стр. 328).</p>
<p rend="petit left"><hi>6</hi> <hi>Переделано из:</hi> Гдѣ взять.</p>
</comments></div></body>
        </text>
        </TEI>