<?xml version="1.0" encoding="UTF-8"?>
    <!-- <?xml-stylesheet type="text/xsl" target="../resources/MJT/myletter.xsl"?> -->
    <?xml-stylesheet type="css" target="graves.css"?>
    <?xml-model target="http://www.tei-c.org/release/xml/tei/custom/schema/relaxng/tei_all.rng" type="application/xml" schematypens="http://relaxng.org/ns/structure/1.0"?>
    <?xml-model target="http://www.tei-c.org/release/xml/tei/custom/schema/relaxng/tei_all.rng" type="application/xml"
            schematypens="http://purl.oclc.org/dsdl/schematron"?>
    <TEI xmlns="http://www.tei-c.org/ns/1.0">
       <teiHeader>
          <fileDesc>
             <titleStmt>
                <title>Письмо №214. С. А. Толстой</title>
             </titleStmt>
             <publicationStmt>
                <publisher>TolstoyLab</publisher>
                <date when="2015-09-14">14 September 2015</date>
             </publicationStmt>
             <sourceDesc>
                <biblStruct>
                   <analytic>
                      <author>Толстой Л.Н.</author>
                   </analytic>
                   <monogr>
                      <title level="m">Полное собрание сочинений. Том 83</title>
                      <imprint>
                         <pubPlace>Москва</pubPlace>
                         <publisher>Государственное издательство "Художественная литература"</publisher>
                         <date when="1938"/>
                      </imprint>
                   </monogr>
                   <series>
                      <title level="s">Л.Н. Толстой. Полное собрание сочинений</title>
                      <biblScope unit="vol">83</biblScope>
                   </series>
                </biblStruct>
				<bibl>Печатается по автографу, хранящемуся в АТБ. Впервые опубликовано по копии, сделанной С. А. Толстой, в ПЖ, стр. 171—172. Датируется на основании почтовых штемпелей: «12 сентября 1882; Москва. 15 сентября 1882» и пометы Толстого «воскресенье», которое падало на 12 сентября, 1882 г.</bibl>
             </sourceDesc>
          </fileDesc>
          <encodingDesc>
             <tagsDecl> </tagsDecl>
          </encodingDesc>
          <profileDesc>
             <correspDesc>
                <correspAction type="sending">
                   <persName ref="PersonList.xml#L_N_Tolstoy">Л. Н. Толстой</persName>
                   <placeName ref="PlacesListxml#PLACE">Москва.</placeName>
                   <date when="1882-09-12">1882 г. Сентября 12.</date>            </correspAction>
                <correspAction type="receiving">
                   <persName ref="PersonList.xml#RECEIVER">Толстая Софья Андреевна</persName>
                </correspAction>
                <correspContext>
                   <ref type="prev"></ref>
                </correspContext>
             </correspDesc>
          </profileDesc>
       </teiHeader>
       <xenoData><number type="in a volume">214</number></xenoData>

       <text xml:id="a12_214">
	<body><div>
		<opener index="false">
214.
1882 г. Сентября 12. Москва.</opener>
<p rend="right"><hi>Воскресенье, утро.</hi></p>
<p rend="left">Нынче все могу написать обстоятельно. Архитекторъ вчера къ ужасу моему объявилъ, что до 1-го Окт[ября] онъ проситъ не переѣзжать. (Ради Бога, не ужасайся и не отчаивайся.) Къ 1-му онъ ручается (да я и самъ вижу), что все будетъ готово такъ, что можно будетъ жить удобно. Предложу тебѣ прежде мой планъ нашей жизни въ эти двѣ недѣли съ половиной, а потомъ напишу всѣ подробности. Планъ такой: я пробуду здѣсь до конца недѣли, перевезу мебель внизъ въ сарай и приму Илюшу,<note xml:id="note1" resp="volume_editor" index="false"> С. А. Толстая писала 14 сентября: «в пятницу [17 сентября] в ночь Илья хочет ехать в Москву. В субботу он явится в гимназию, а в воскресенье доделает свои приготовления; а с понедельника начнет ходить в гимназию аккуратно» (не опубликовано).</note> кот[ораго] ты пришлешь ко мнѣ, если онъ окрѣпъ, и налажу его въ гимназіи и побуду съ нимъ, и пріѣду къ вамъ около 20-го. Пробуду съ вами недѣлю или опять уѣду черезъ недѣлю, дня за 4 до васъ, или съ вами. Такъ ты не будешь скучать долго, и Илюша пробудетъ безъ насъ не долго. — Домъ вотъ въ какомъ положеніи: ko вторнику будутъ готовы нижнія 4 комнаты: мальчикова, столовая, Танина и спальня. Онѣ оклеены, только не докрашены двери и подоконники. Въ нихъ я поставлю всю мебель хорошую; — похуже — въ сарай. Остальныя три комнаты внизу неготовы, п[отому] ч[то] въ нихъ начали красить полъ. Я остановилъ краску — онѣ загрунтованы (желтые, свѣтло) и я рѣшилъ такъ и оставить. Согласна ты? Комнаты эти и передняя дня черезъ три тоже будутъ готовы. — Штукатурная работа вчера кончена послѣдняя въ домѣ. — Штукатурить остается кухню. Это дня на три. Въ большихъ комнатахъ штукатурка уже почти просохла; — сыра она, и дольше всего будетъ сыра въ верхнемъ коридорѣ. Я тамъ велѣлъ топить жарче. Лѣстницу начнуть ставить завтра. Она вся сдѣлана, только собрать и поставить. Тоже и съ паркетомъ. Онъ готовъ, и завтра начнутъ стелить. Ватерклозеты еще не совсѣмъ готовы, крыльцо, въ передней полъ.<note xml:id="note2" resp="volume_editor" index="false"> В письме от 17 сентября С. А. Толстая писала: «Левочка, ты мне не пишешь, что у тебя на душе и о чем ты думаешь, и что тебе хорошо, и что дурно, что скучно и что радостно? Только о практических вещах мне пишешь; или ты думаешь, что я совсем уж одервенела? Ведь не одни, же паркеты и клозеты меня интересуют» (ПСТ, стр. 202—205).</note> Верхнія комнаты, старыя и дѣвичья не оклеены. Я велѣлъ все бѣлить. Согласна? Полъ в передней архитект[оръ] совѣтуетъ обтянуть солдатскимъ сукномъ и лѣстницу не красить. Площадку и лѣстницу, стѣны не оклеивать, а выкрасить бѣлой краской. Вообще домъ выходитъ очень хорошъ. А ужъ покой — чудо. Мнѣ выходить не хочется изъ флигеля — такъ тихо, хорошо, деревья шумятъ. Я вчера былъ вялъ, провелъ день на постройкѣ и съ <hi style="opdelimiter">Сережей,<note xml:id="note3" resp="volume_editor" index="false"> Гр. С. Н. Толстой.</note></hi><hi style="opnumber">350</hi> <hi style="npnumber">351</hi><hi style="npdelimiter">Оболенскимъ</hi> Леонидомъ и Дьяковымъ.<note xml:id="note4" resp="volume_editor" index="false"> Д. А. Дьяков.</note> Они и утро у меня провели, и вечеръ вчера я просидѣлъ съ ними у Дьякова, и очень пріятно. Цѣлую тебя, душенька, будь покойна и любовна, особенно ко мнѣ.</p>
<p rend="left">Дѣтей цѣлую.</p>
<lb/>
<p rend="left"><hi>На конверте:</hi> Тула Е. С. Графинѣ Софьѣ Андревнѣ Толстой.</p>
<comments><p rend="Textpetit_otstup left">Печатается по автографу, хранящемуся в АТБ. Впервые опубликовано по копии, сделанной С. А. Толстой, в ПЖ, стр. 171—172. Датируется на основании почтовых штемпелей: «12 сентября 1882; Москва. 15 сентября 1882» и пометы Толстого «воскресенье», которое падало на 12 сентября, 1882 г.</p>
<p rend="Textpetit_otstup left"><hi>1</hi> С. А. Толстая писала 14 сентября: «в пятницу [17 сентября] в ночь Илья хочет ехать в Москву. В субботу он явится в гимназию, а в воскресенье доделает свои приготовления; а с понедельника начнет ходить в гимназию аккуратно» (не опубликовано).</p>
<p rend="petit left"><hi>2</hi> В письме от 17 сентября С. А. Толстая писала: «Левочка, ты мне не пишешь, что у тебя на душе и о чем ты думаешь, и что тебе хорошо, и что дурно, что скучно и что радостно? Только о практических вещах мне пишешь; или ты думаешь, что я совсем уж одервенела? Ведь не одни, же паркеты и клозеты меня интересуют» (ПСТ, стр. 202—205).</p>
<p rend="petit left"><hi>3</hi> Гр. С. Н. Толстой.</p>
<p rend="petit left"><hi>4</hi> Д. А. Дьяков.</p>
<p rend="petit left">В ответном письме от 14 сентября С. А. Толстая писала: «Сегодня наконец получила твое подробное письмо, милый Левочка, и Лелино обстоятельное и очень хорошее письмо. Сама не знаю — ужасаюсь я или нет, что так долго не могу поехать в Москву. Конечно, мне было бы много лучше и удобнее переехать раньше: что еще будет через шестнадцать дней!..... О краске белым лестницы и площадки и не краски полов — со всем этим я согласна. Обтянуть серым сукном (которое, кстати, есть) лестницу и переднюю — тоже, я думаю, будет хорошо. Вообще я много равнодушнее стала ко всему этому. Я рада, что всем занимаешься ты, a не я; мне от этого так легко, и я рада, что ты находишь, что там хорошо и тихо, и что Леля <hi>одобряет»</hi> (не опубликовано).</p>
</comments></div></body>
        </text>
        </TEI>