<?xml version="1.0" encoding="UTF-8"?>
    <!-- <?xml-stylesheet type="text/xsl" target="../resources/MJT/myletter.xsl"?> -->
    <?xml-stylesheet type="css" target="graves.css"?>
    <?xml-model target="http://www.tei-c.org/release/xml/tei/custom/schema/relaxng/tei_all.rng" type="application/xml" schematypens="http://relaxng.org/ns/structure/1.0"?>
    <?xml-model target="http://www.tei-c.org/release/xml/tei/custom/schema/relaxng/tei_all.rng" type="application/xml"
            schematypens="http://purl.oclc.org/dsdl/schematron"?>
    <TEI xmlns="http://www.tei-c.org/ns/1.0">
       <teiHeader>
          <fileDesc>
             <titleStmt>
                <title>Письмо №170. А. В. Дружинину.</title>
             </titleStmt>
             <publicationStmt>
                <publisher>TolstoyLab</publisher>
                <date when="2015-09-14">14 September 2015</date>
             </publicationStmt>
             <sourceDesc>
                <biblStruct>
                   <analytic>
                      <author>Толстой Л.Н.</author>
                   </analytic>
                   <monogr>
                      <title level="m">Полное собрание сочинений. Том 60</title>
                      <imprint>
                         <pubPlace>Москва</pubPlace>
                         <publisher>Государственное издательство "Художественная литература"</publisher>
                         <date when="1949"/>
                      </imprint>
                   </monogr>
                   <series>
                      <title level="s">Л.Н. Толстой. Полное собрание сочинений</title>
                      <biblScope unit="vol">60</biblScope>
                   </series>
                </biblStruct>
				<bibl>Впервые опубликовано в «Звезде», 1930, 5, стр. 155.</bibl>
             </sourceDesc>
          </fileDesc>
          <encodingDesc>
             <tagsDecl> </tagsDecl>
          </encodingDesc>
          <profileDesc>
             <correspDesc>
                <correspAction type="sending">
                   <persName ref="PersonList.xml#L_N_Tolstoy">Л. Н. Толстой</persName>
                   <placeName ref="PlacesListxml#PLACE">Я. П.</placeName>
                   <date when="1860-04-14">1860 г. Апреля 14.</date>            </correspAction>
                <correspAction type="receiving">
                   <persName ref="PersonList.xml#RECEIVER">Дружинин Александр Васильевич</persName>
                </correspAction>
                <correspContext>
                   <ref type="prev"></ref>
                </correspContext>
             </correspDesc>
          </profileDesc>
       </teiHeader>
       <xenoData><number type="in a volume">170</number></xenoData>

              <text xml:id="A.V.Druzhininu_170">
	<body><div>
		<opener index="false">
170. А. В. Дружинину.
1860 г. Апреля 14. Я. П.
</opener>
<p rend="Obrashenie left">Любезный друг Александр Васильевич.</p>
<p rend="left">На Ваше последнее письмо я было тотчас ответил, но не послал это письмо, потому что в нем, неизвестно почему, как это бывает в одиночестве, разгорячился на ваш литературный фонд и рассудил, что такая выходка могла бы вам быть неприятна.<note xml:id="note1" resp="volume_editor" index="false"> Горничная М. Н. Толстой — Агафья Михайловна Трубецкая.</note></p>
<p rend="left">Теперь же пишу вам, откровенно признаюсь, потому что есть дело в Петербурге и больше не к кому обратиться, как к вам. Дело вот в чем. Сестра с детьми и братом Николаем едут за границу, на Штетин, нужно взять места для двух дам и <hi style="opdelimiter">одного</hi><hi style="opnumber">336</hi> <hi style="npnumber">337</hi><hi style="npdelimiter">господина</hi> и трех детей (все ниже 12 лет) в первом классе и для одной девушки<note xml:id="note2" resp="volume_editor" index="false"> <hi>Слово</hi>: добры <hi>в подлиннике написано два раза</hi>.</note> в третьем классе. Сестра желает ехать не раньше половины Июня и не позже конца навигации. Следовательно, ежели есть места, то берите теперь на Июнь. Ежели есть каюты семейные, в которых могут поместиться все, кроме девушки, то берите каюту. Деньги посылаю с этой же почтой 300 р. сер. Ежели вы будете добры<note xml:id="note3" resp="volume_editor" index="false"> Алексей Иванович Давыдов — книгопродавец.</note> сделаете это, или поручите кому-нибудь, то отпишите тотчас же, и счет, ежели мало денег, или остаток, ежели лишние — оставьте у Давыдова,<note xml:id="note4" resp="volume_editor" index="false"> Герман Андреевич Ауэрбах и его жена Юлия Федоровна, рожд. Берхольц — тульские помещики, жившие в имении Горячкино близ Тулы, где у них был свеклосахарный завод. Ю. Ф. Ауэрбах была начальницей Тульской женской гимназии.</note> так как, я полагаю, вас не будет в Петербурге в Июне месяце. — Мне кажется, что вы охотно возьмете на себя эти хлопоты, а ежели я ошибся, то простите. Я бы для вас охотно похлопотал. Что вы летом намерены делать? Что план и обещанье в Ясную? Мне совестно вас звать, как будто при случае порученья. А право хорошо бы было, я бы вас угостил многим хорошим, кроме своей особы, 1° Фетом, который, кажется, поживет у меня, 2° прекрасной природой и 3° крестьянской школой, которой могу похвастаться.</p>
<p rend="left">Про себя собственно могу сказать, что мне хорошо. Сначала было тяжело разорвать связь с литературой, задавить в себе честолюбивую потребность высказываться, но теперь, напротив, всё вокруг меня стало гораздо яснее, проще и ближе ко мне, чем было. Главное ближе. И вы не поверите, как это отрадно. Ногам тяжелее, но прочнее стоишь на земле. Дело не так красиво и свободно, но прочнее и ощутительнее. Кроме того, дела мои идут хорошо, я здоров, весел, вижусь часто с братьями и сестрой, кот[орых] люблю, нашел в Туле супругов Ауербахов,<note xml:id="note5" resp="volume_editor" index="false"> Д. Н. Толстой.</note> прекрасных людей, а еще притом весна и всё бы хорошо, а тут страшное горе сбирается над нашей головой. Вы знаете, что один мой брат умер от чахотки,<hi>6</hi> в нынешнем году у брата Николая все те же симптомы и усиливаются с страшной быстротой. Как и все, он не понимает своего положения и, кроме того, упрям и на наших глазах человек, которого мы любим лучше всех других, сам убивает себя, когда, может быть, еще была бы надежда. Одна моя надежда это поездка за границу хоть в Июне. Теперь он ни за что не хочет. Пожалуйста постарайтесь к половине Июня достать места. Может быть, особенно ежели Ник[олаю] будет хуже, я провожу их до Петербурга, но едва ли тогда увижу вас. Право, приезжайте в Ясную. Мне кажется, мы бы славно прожили <hi style="opdelimiter">вместе.</hi><hi style="opnumber">337</hi></p>
<p rend="left"><hi style="npnumber">338</hi><hi style="npdelimiter">Прощайте,</hi> кланяйтесь матушке и отвечайте мне поскорей, хоть двумя словами.</p>
<p rend="right">Л. Толстой.</p>
<p rend="left">14 Апреля.</p>
<comments><p rend="Textpetit_otstup left">Впервые опубликовано в «Звезде», 1930, 5, стр. 155.</p>
<p rend="Textpetit_otstup left">Толстой имеет в виду неотправленное и несохранившееся письмо к Дружинину от начала января 1860 г., которое являлось ответом на письмо Дружинина от 31 декабря 1859 г.</p>
<p rend="petit left"><hi>2</hi> Горничная М. Н. Толстой — Агафья Михайловна Трубецкая.</p>
<p rend="petit left"><hi>3</hi> <hi>Слово</hi>: добры <hi>в подлиннике написано два раза</hi>.</p>
<p rend="petit left"><hi>4</hi> Алексей Иванович Давыдов — книгопродавец.</p>
<p rend="petit left"><hi>5</hi> Герман Андреевич Ауэрбах и его жена Юлия Федоровна, рожд. Берхольц — тульские помещики, жившие в имении Горячкино близ Тулы, где у них был свеклосахарный завод. Ю. Ф. Ауэрбах была начальницей Тульской женской гимназии.</p>
<p rend="petit left"><hi>6</hi> Д. Н. Толстой.</p>
</comments></div></body>
        </text>
        </TEI>