<?xml version="1.0" encoding="UTF-8"?>
    <!-- <?xml-stylesheet type="text/xsl" target="../resources/MJT/myletter.xsl"?> -->
    <?xml-stylesheet type="css" target="graves.css"?>
    <?xml-model target="http://www.tei-c.org/release/xml/tei/custom/schema/relaxng/tei_all.rng" type="application/xml" schematypens="http://relaxng.org/ns/structure/1.0"?>
    <?xml-model target="http://www.tei-c.org/release/xml/tei/custom/schema/relaxng/tei_all.rng" type="application/xml"
            schematypens="http://purl.oclc.org/dsdl/schematron"?>
    <TEI xmlns="http://www.tei-c.org/ns/1.0">
       <teiHeader>
          <fileDesc>
             <titleStmt>
                <title>Письмо №*302. С. А. Толстой</title>
             </titleStmt>
             <publicationStmt>
                <publisher>TolstoyLab</publisher>
                <date when="2015-09-14">14 September 2015</date>
             </publicationStmt>
             <sourceDesc>
                <biblStruct>
                   <analytic>
                      <author>Толстой Л.Н.</author>
                   </analytic>
                   <monogr>
                      <title level="m">Полное собрание сочинений. Том 83</title>
                      <imprint>
                         <pubPlace>Москва</pubPlace>
                         <publisher>Государственное издательство "Художественная литература"</publisher>
                         <date when="1938"/>
                      </imprint>
                   </monogr>
                   <series>
                      <title level="s">Л.Н. Толстой. Полное собрание сочинений</title>
                      <biblScope unit="vol">83</biblScope>
                   </series>
                </biblStruct>
				<bibl>Печатается по автографу, хранящемуся в АТБ. Публикуется впервые. В письме приписка М. Л. Толстой. Датируется на основании почтового штемпеля: «Москва. 24 февраля. 1885» и на основании слов письма «завтра воскресенье», — воскресенье падало на 23 февраля.</bibl>
             </sourceDesc>
          </fileDesc>
          <encodingDesc>
             <tagsDecl> </tagsDecl>
          </encodingDesc>
          <profileDesc>
             <correspDesc>
                <correspAction type="sending">
                   <persName ref="PersonList.xml#L_N_Tolstoy">Л. Н. Толстой</persName>
                   <placeName ref="PlacesListxml#PLACE">Москва.</placeName>
                   <date when="1885-02-23">1885 г. Февраля 23.</date>            </correspAction>
                <correspAction type="receiving">
                   <persName ref="PersonList.xml#RECEIVER">Толстая Софья Андреевна</persName>
                </correspAction>
                <correspContext>
                   <ref type="prev"></ref>
                </correspContext>
             </correspDesc>
          </profileDesc>
       </teiHeader>
       <xenoData><number type="in a volume">302</number></xenoData>

       <text xml:id="a23_302">
	<body><div>
		<opener index="false">
* 302.
1885 г. Февраля 23. Москва.</opener>
<p rend="left">Пишу нынче раньше, п[отому] ч[то] свободенъ вечеромъ (8<hi>1</hi>/<sub>2 </sub>часовъ). Дѣти раздѣваются и ложатся, Маша читаетъ. Лёля, Илюша, Сережа съ дядей Сережей поѣхали въ концертъ Лаврова-Лапатина.<note xml:id="note2" resp="volume_editor" index="false"> Об этом концерте Лопатина и Лаврова, как предстоявшем, Толстой писал С. А. Толстой 20 февраля, назвав в этом письме ошибочно Лаврова Лавровским.</note> У меня была незнакомая дама и Богословскій,<note xml:id="note3" resp="volume_editor" index="false"> О переплетчике Богословском Толстой писал в том же письме от 20 февраля.</note> и я не безъ грубости отдѣлался отъ нихъ и вотъ свободенъ. Здоровье лучше — остатокъ кашля и насморка. — Всё читаю своего G[eorge’a] и нынче кончилъ. Жду моихъ професоровъ<note xml:id="note4" resp="volume_editor" index="false"> Вероятно имеется в виду А. И. Чупров (1842—1908), И. И. Янжул (1845—1914) и И. И. Иванюков (1844—1912), взглядами которых в области экономики Толстой интересовался и которым он в 1885 г. читал отрывки из «Так что ж нам делать?» о деньгах, как средстве обмена (см. «Международный Толстовский альманах», М. 1909, стр. 410).</note> и интересной бесѣды съ ними. G[eorge] есть переворотъ важный. Я постараюсь узнать его адресъ и напишу ему.<note xml:id="note5" resp="volume_editor" index="false"> Толстой обратился с письмом к Г. Джорджу гораздо позднее — 27 марта 1896 г. (см. т. 69).</note> — Нынче не было отъ тебя письма. Это жалко. Дѣти и здоровы и пріятны — всѣ безъ исключенія. Madame всё плоха; — но такъ какъ у ней дѣла,<note xml:id="note6" resp="volume_editor" index="false"> Так в семье Толстых обозначались у женщин менструации.</note> то лѣкарствъ принимать нельзя. Тебѣ вчера было письмо отъ Щепкина<note xml:id="note7" resp="volume_editor" index="false"> М. П. Щепкин был владельцем типографии, помещавшейся на Средней Кисловке в Москве. В типографии Щепкина С. А. Толстая печатала отдельным изданием «Азбуку» Толстого. Письмо Щепкина не сохранилось.</note> — онъ обѣщаетъ прислать Азбуки завтра, воскресенье, и еще масло изъ Ясной. Нынче коректуры отъ <hi style="opdelimiter">Мамонтова.<note xml:id="note8" resp="volume_editor" index="false"> Быть может, речь идет о корректурах «Детства и Отрочества», выпущенных в 1885 г. отдельным изданием в типографии Мамонтова.</note></hi><hi style="opnumber">483</hi></p>
<p rend="left"><hi style="npnumber">484</hi><hi style="npdelimiter">Можно</hi> продержать ихъ, но не знаю, будешь ли ты довольна. —</p>
<p rend="left">Нынче въ первый разъ выходилъ и сейчасъ пойду погулять и зайду либо къ Машенькѣ, либо къ Алсуфьевымъ, какъ погода понравится. Прощай, душенька. — Я радъ, что вы вмѣстѣ и у Кузм[инскихъ]. Цѣлую тебя, Таню и милыхъ Кузм[инскихъ]. Я Таню все забываю включать въ Кузминскихъ.</p>
<comments><p rend="Textpetit_otstup left">Печатается по автографу, хранящемуся в АТБ. Публикуется впервые. В письме приписка М. Л. Толстой. Датируется на основании почтового штемпеля: «Москва. 24 февраля. 1885» и на основании слов письма «завтра воскресенье», — воскресенье падало на 23 февраля.</p>
<p rend="Textpetit_otstup left"><hi>1</hi> Об этом концерте Лопатина и Лаврова, как предстоявшем, Толстой писал С. А. Толстой 20 февраля, назвав в этом письме ошибочно Лаврова Лавровским.</p>
<p rend="petit left"><hi>2</hi> О переплетчике Богословском Толстой писал в том же письме от 20 февраля.</p>
<p rend="petit left"><hi>3</hi> Вероятно имеется в виду А. И. Чупров (1842—1908), И. И. Янжул (1845—1914) и И. И. Иванюков (1844—1912), взглядами которых в области экономики Толстой интересовался и которым он в 1885 г. читал отрывки из «Так что ж нам делать?» о деньгах, как средстве обмена (см. «Международный Толстовский альманах», М. 1909, стр. 410).</p>
<p rend="petit left"><hi>4</hi> Толстой обратился с письмом к Г. Джорджу гораздо позднее — 27 марта 1896 г. (см. т. 69).</p>
<p rend="petit left"><hi>5</hi> Так в семье Толстых обозначались у женщин менструации.</p>
<p rend="petit left"><hi>6</hi> М. П. Щепкин был владельцем типографии, помещавшейся на Средней Кисловке в Москве. В типографии Щепкина С. А. Толстая печатала отдельным изданием «Азбуку» Толстого. Письмо Щепкина не сохранилось.</p>
<p rend="petit left"><hi>7</hi> Быть может, речь идет о корректурах «Детства и Отрочества», выпущенных в 1885 г. отдельным изданием в типографии Мамонтова.</p>
</comments></div></body>
        </text>
        </TEI>