<?xml version="1.0" encoding="UTF-8"?>
    <!-- <?xml-stylesheet type="text/xsl" target="../resources/MJT/myletter.xsl"?> -->
    <?xml-stylesheet type="css" target="graves.css"?>
    <?xml-model target="http://www.tei-c.org/release/xml/tei/custom/schema/relaxng/tei_all.rng" type="application/xml" schematypens="http://relaxng.org/ns/structure/1.0"?>
    <?xml-model target="http://www.tei-c.org/release/xml/tei/custom/schema/relaxng/tei_all.rng" type="application/xml"
            schematypens="http://purl.oclc.org/dsdl/schematron"?>
    <TEI xmlns="http://www.tei-c.org/ns/1.0">
       <teiHeader>
          <fileDesc>
             <titleStmt>
                <title>Письмо №2. С. А. Толстой</title>
             </titleStmt>
             <publicationStmt>
                <publisher>TolstoyLab</publisher>
                <date when="2015-09-14">14 September 2015</date>
             </publicationStmt>
             <sourceDesc>
                <biblStruct>
                   <analytic>
                      <author>Толстой Л.Н.</author>
                   </analytic>
                   <monogr>
                      <title level="m">Полное собрание сочинений. Том 83</title>
                      <imprint>
                         <pubPlace>Москва</pubPlace>
                         <publisher>Государственное издательство "Художественная литература"</publisher>
                         <date when="1938"/>
                      </imprint>
                   </monogr>
                   <series>
                      <title level="s">Л.Н. Толстой. Полное собрание сочинений</title>
                      <biblScope unit="vol">83</biblScope>
                   </series>
                </biblStruct>
				<bibl>Печатается по автографу, хранящемуся в АТБ. Впервые опубликовано по копии, сделанной С. А. Толстой, в ПЖ, стр. 1. Дата определяется дневниковой записью Толстого от 13 сентября 1862 г.: «4-й час ночи. Я написал ей письмо и отдам завтра, т. е. нынче 14-го». В ПЖ письмо датировано 16—17 сентября. «Предложение было написано на четвертой части листа простой белой бумаги, уже помятой и несвежей. Передано это было вечером в спальне (с перегородкой) моей матери. Жили мы тогда на казенной квартире в Кремле, в доме возле Троицких ворот» (н. п. С. А.). На конверте надпись рукой С. А. Толстой: «Предложение Лёвочки 16-го сентября 1862 года. Москва». В Дневнике Толстого под 13 сентября значится: «Завтра пойду, как встану, и всё скажу или &lt;застрелюсь&gt;». Но 14 сентября письмо не было передано, так же, как и пятнадцатого. 15 сентября Толстой записал в Дневнике: «Не сказал, но сказал, что есть, что сказать». Письмо было вручено Софье Андреевне шестнадцатого сентября. С. А. Толстая вспоминала об этом так в 1912 г.: «16-го сентября...., вечером, приехали кадеты: мой брат Саша и его товарищи.... Лев Николаевич весь этот день провел у нас, и, выбрав от посторонних глаз минутку, вызвал меня в комнату моей матери, где никого в то время не было. — Я хотел с вами поговорить, — начал он, — но не мог. Вот письмо, которое я уже несколько дней ношу в кармане. Прочтите его. Я буду здесь ждать вашего ответа. — Я схватила письмо и стремительно бросилась бежать вниз, в нашу общую, девичью комнату, где мы жили все три сестры.... Письмо это я <hi style="opdelimiter">хорошенько</hi><hi style="opnumber">17</hi> <hi style="npnumber">18</hi><hi style="npdelimiter">не</hi> прочла сразу, а пробежала глазами до слов: «Хотите ли быть моей женой». И уже хотела вернуться наверх, к Льву Николаевичу с утвердительным ответом, как встретила в дверях сестру Лизу, которая спросила меня: «Ну что?» — Le comte m’a fait la proposition [граф мне сделал предложение], — отвечала я ей быстро. Вошла моя мать и сразу поняла, в чем дело. Взяв меня решительно за плечи и повернув к двери, она сказала: Поди к нему и скажи ему свой ответ. — Точно на крыльях, с страшной быстротой вбежала я на лестницу, промелькнула мимо столовой, гостиной и вбежала в комнату матери. Лев Николаевич стоял, прислонившись к стене, в углу комнаты и ждал меня. Я подошла к нему, и он взял меня зa обе руки. — Ну, что? — спросил он. — Разумеется, да, — отвечала я. Через несколько минут весь дом знал о случившемся, и все стали нас поздравлять» («Дневник С. А. Толстой. 1860—1891», стр. 21—23).</bibl>
             </sourceDesc>
          </fileDesc>
          <encodingDesc>
             <tagsDecl> </tagsDecl>
          </encodingDesc>
          <profileDesc>
             <correspDesc>
                <correspAction type="sending">
                   <persName ref="PersonList.xml#L_N_Tolstoy">Л. Н. Толстой</persName>
                   <placeName ref="PlacesListxml#PLACE">Москва.</placeName>
                   <date when="1862-09-14">1862. Сентября 14.</date>            </correspAction>
                <correspAction type="receiving">
                   <persName ref="PersonList.xml#RECEIVER">Толстая Софья Андреевна</persName>
                </correspAction>
                <correspContext>
                   <ref type="prev"></ref>
                </correspContext>
             </correspDesc>
          </profileDesc>
       </teiHeader>
       <xenoData><number type="in a volume">2</number></xenoData>

       <text xml:id="a14_2">
	<body><div>
		<opener index="false">
2.
1862. Сентября 14. Москва.
</opener>
<p rend="Obrashenie left">Софья Андревна!</p>
<p rend="left">Мнѣ становится невыносимо. Три недѣли я каждый день говорю: нынче все скажу, и ухожу съ той же тоской, раскаяньемъ, страхомъ и счастьемъ въ душѣ. И каждую ночь, какъ и теперь, я перебираю прошлое, мучаюсь и говорю: зачѣмъ я не сказалъ, и какъ, и что бы я сказалъ. Я беру съ собой это письмо, чтобы отдать его вамъ, ежели опять мнѣ нельзя или не достанетъ духу сказать вамъ все.</p>
<p rend="left"><hi>Ложный взглядъ вашего семейства</hi> на меня состоитъ въ томъ, какъ мнѣ кажется, что я влюбленъ въ вашу сестру Лизу.<note xml:id="note1" resp="volume_editor" index="false"> Елизавета Андреевна Берс. См. прим. 3 к п. № 1.</note> <hi>Это несправедливо. Повѣсть вашa засѣла у меня въ головњ</hi>, оттого что, прочтя ее, я убѣдился въ томъ, что мнѣ, Дублицкому,<note xml:id="note2" resp="volume_editor" index="false"><sub> </sub>См. прим. 4 к п. № 1.</note> непристало мечтать о счастіи, что ваши <hi>отличныя,</hi> поэтическія требованія любви... что я не завидовалъ и не буду завидовать тому, кого вы полюбите. Мнѣ казалось, что я могу радоваться на васъ, какъ на дѣтей.</p>
<p rend="left">В Ивицахъ<note xml:id="note3" resp="volume_editor" index="false"> См. прим. 6 к п. № 1.</note> я писалъ: <hi>Ваше присутствіе слишкомъ <hi style="opdelimiter">живо</hi></hi><hi style="opnumber">16</hi> <hi style="npnumber">17</hi><hi><hi style="npdelimiter">напоминаешъ</hi> мнњ мою старость и невозможность счастія, и именно вы.</hi></p>
<p rend="left">Но и тогда, и послѣ я лгалъ передъ собой. Еще тогда я бы могъ оборвать все и опять пойти въ свой монастырь одинокаго труда и увлеченья дѣломъ. Теперь я ничего не могу, а чувствую, что я напуталъ у васъ въ семействѣ, что простыя, дорогія отношенія съ вами, какъ съ другомъ, честнымъ человѣкомъ — потеряны. А я не могу уѣхать и не смѣю остаться. Вы, честный человѣкъ, руку на сердце, — <hi>не торопясь, ради Бога не торопясь</hi>, скажите, что мнѣ дѣлать. Чему посмѣешься, тому поработаешь. Я бы померъ со смѣху, ежели бы мѣсяцъ тому назадъ мнѣ сказали, что можно мучаться такъ, какъ я мучаюсь, и счастливо мучаюсь, это время. Скажите, как <hi>честный человњкъ, </hi>— хотите ли вы быть моей женой? Только ежели отъ всей души, <hi>смњло</hi> вы можете сказать <hi>да</hi>, а то лучше скажите нѣтъ, ежели есть въ васъ тѣнь сомнѣнья въ себѣ.</p>
<p rend="left">Ради Бога спросите себя хорошо.</p>
<p rend="left">Мнѣ страшно будетъ услышать нѣтъ, но я его предвижу и найду въ себѣ силы снести; но ежели никогда мужемъ я не буду любимымъ такъ, какъ я люблю, это будетъ ужаснѣй.</p>
<comments><p rend="Textpetit_otstup left">Печатается по автографу, хранящемуся в АТБ. Впервые опубликовано по копии, сделанной С. А. Толстой, в ПЖ, стр. 1. Дата определяется дневниковой записью Толстого от 13 сентября 1862 г.: «4-й час ночи. Я написал ей письмо и отдам завтра, т. е. нынче 14-го». В ПЖ письмо датировано 16—17 сентября. «Предложение было написано на четвертой части листа простой белой бумаги, уже помятой и несвежей. Передано это было вечером в спальне (с перегородкой) моей матери. Жили мы тогда на казенной квартире в Кремле, в доме возле Троицких ворот» (н. п. С. А.). На конверте надпись рукой С. А. Толстой: «Предложение Лёвочки 16-го сентября 1862 года. Москва». В Дневнике Толстого под 13 сентября значится: «Завтра пойду, как встану, и всё скажу или &lt;застрелюсь&gt;». Но 14 сентября письмо не было передано, так же, как и пятнадцатого. 15 сентября Толстой записал в Дневнике: «Не сказал, но сказал, что есть, что сказать». Письмо было вручено Софье Андреевне шестнадцатого сентября. С. А. Толстая вспоминала об этом так в 1912 г.: «16-го сентября...., вечером, приехали кадеты: мой брат Саша и его товарищи.... Лев Николаевич весь этот день провел у нас, и, выбрав от посторонних глаз минутку, вызвал меня в комнату моей матери, где никого в то время не было. — Я хотел с вами поговорить, — начал он, — но не мог. Вот письмо, которое я уже несколько дней ношу в кармане. Прочтите его. Я буду здесь ждать вашего ответа. — Я схватила письмо и стремительно бросилась бежать вниз, в нашу общую, девичью комнату, где мы жили все три сестры.... Письмо это я <hi style="opdelimiter">хорошенько</hi><hi style="opnumber">17</hi> <hi style="npnumber">18</hi><hi style="npdelimiter">не</hi> прочла сразу, а пробежала глазами до слов: «Хотите ли быть моей женой». И уже хотела вернуться наверх, к Льву Николаевичу с утвердительным ответом, как встретила в дверях сестру Лизу, которая спросила меня: «Ну что?» — Le comte m’a fait la proposition [граф мне сделал предложение], — отвечала я ей быстро. Вошла моя мать и сразу поняла, в чем дело. Взяв меня решительно за плечи и повернув к двери, она сказала: Поди к нему и скажи ему свой ответ. — Точно на крыльях, с страшной быстротой вбежала я на лестницу, промелькнула мимо столовой, гостиной и вбежала в комнату матери. Лев Николаевич стоял, прислонившись к стене, в углу комнаты и ждал меня. Я подошла к нему, и он взял меня зa обе руки. — Ну, что? — спросил он. — Разумеется, да, — отвечала я. Через несколько минут весь дом знал о случившемся, и все стали нас поздравлять» («Дневник С. А. Толстой. 1860—1891», стр. 21—23).</p>
<p rend="Textpetit_otstup left"><hi>1</hi> Елизавета Андреевна Берс. См. прим. 3 к п. № 1.</p>
<p rend="petit left"><hi>2</hi><sub> </sub>См. прим. 4 к п. № 1.</p>
<p rend="petit left"><hi>3</hi> См. прим. 6 к п. № 1.</p>
</comments></div></body>
        </text>
        </TEI>