<?xml version="1.0" encoding="UTF-8"?>
    <!-- <?xml-stylesheet type="text/xsl" target="../resources/MJT/myletter.xsl"?> -->
    <?xml-stylesheet type="css" target="graves.css"?>
    <?xml-model target="http://www.tei-c.org/release/xml/tei/custom/schema/relaxng/tei_all.rng" type="application/xml" schematypens="http://relaxng.org/ns/structure/1.0"?>
    <?xml-model target="http://www.tei-c.org/release/xml/tei/custom/schema/relaxng/tei_all.rng" type="application/xml"
            schematypens="http://purl.oclc.org/dsdl/schematron"?>
    <TEI xmlns="http://www.tei-c.org/ns/1.0">
       <teiHeader>
          <fileDesc>
             <titleStmt>
                <title>Письмо №3. П. Д. Голохвастову.</title>
             </titleStmt>
             <publicationStmt>
                <publisher>TolstoyLab</publisher>
                <date when="2015-09-14">14 September 2015</date>
             </publicationStmt>
             <sourceDesc>
                <biblStruct>
                   <analytic>
                      <author>Толстой Л.Н.</author>
                   </analytic>
                   <monogr>
                      <title level="m">Полное собрание сочинений. Том 62</title>
                      <imprint>
                         <pubPlace>Москва</pubPlace>
                         <publisher>Государственное издательство "Художественная литература"</publisher>
                         <date when="1953"/>
                      </imprint>
                   </monogr>
                   <series>
                      <title level="s">Л.Н. Толстой. Полное собрание сочинений</title>
                      <biblScope unit="vol">62</biblScope>
                   </series>
                </biblStruct>
             </sourceDesc>
          </fileDesc>
          <encodingDesc>
             <tagsDecl> </tagsDecl>
          </encodingDesc>
          <profileDesc>
             <correspDesc>
                <correspAction type="sending">
                   <persName ref="PersonList.xml#L_N_Tolstoy">Л. Н. Толстой</persName>
                   <placeName ref="PlacesListxml#PLACE">Я. П.</placeName>
                   <date when="1873-01-24">1873 г. Января 24.</date>            </correspAction>
                <correspAction type="receiving">
                   <persName ref="PersonList.xml#RECEIVER">Голохвастов Павел Дмитриевич</persName>
                </correspAction>
                <correspContext>
                   <ref type="prev"></ref>
                </correspContext>
             </correspDesc>
          </profileDesc>
       </teiHeader>
       <xenoData><number type="in a volume">3</number></xenoData>

              <text xml:id="P.D.Goloxvastovu_3">
	<body><div>
		<opener index="false">
3. П. Д. Голохвастову.
1873 г. Января 24. Я. П.</opener>
<p rend="left">Я становлюсь бессовестен. Не успел отказаться от вашего предложения, как мне уже понадобились 3 книги. Справился с вашим предпоследним письмом<note xml:id="note1" resp="volume_editor" index="false">Письмо неизвестно.</note> — две из них там есть: Корба<note xml:id="note2" resp="volume_editor" index="false">Иоганн Георг Корб — секретарь посольства, отправленного в 1698 г. Леопольдом I в Москву к Петру I. Был в Москве во время стрелецкого розыска и подробно описал его в своем дневнике, изданном в Вене в 1700 г. Русский перевод дневника Корба вышел в Москве в 1867 г.</note> и Есипова раскольничьи дела.<note xml:id="note3" resp="volume_editor" index="false"> Григорий Васильевич Есипов (1812—1899) — историк. Толстой просил его книгу «Раскольничьи дела XVIII столетия, извлеченные из дел Преображенского приказа и Тайной розыскных дел канцелярии», тт. 1—2, изд. Д. Е. Кожанчикова, Спб. 1861—1863.</note> Если я вам не надоел, пришлите их, пожалуйста. Третья книга — это Кирилова статистика,<note xml:id="note4" resp="volume_editor" index="false"> Иван Кириллов (ум. 1738) — секретарь Сената, автор составленного в 1728 г. по подлинным документам первого статистического описания России (издано М. П. Погодиным под заглавием: «Цветущее состояние всего Российского государства», тт. 1—2, М. 1831).</note> о которой упоминает Устрялов.<note xml:id="note5" resp="volume_editor" index="false"> Николай Герасимович Устрялов (1805—1870) — историк, автор «Истории царствования Петра Великого», тт. 1—4, 6, Спб. 1858—1864.</note> Если она есть в продаже, то (простите ради бога), когда будете у Соловьева,<note xml:id="note6" resp="volume_editor" index="false"> Иван Григорьевич Соловьев (ум. 1881) — московский книгопродавец, комиссионер Толстого по продаже его сочинений.</note> возьмите у него на мой счет и пришлите мне, пожалуйста. Я уже дошел в своем изучении времени до той степени (вы верно это испытывали), что начинаешь вертеться в заколдованном кругу. С разных сторон повторяют одно и то же, и знаешь откуда. Неужели только?</p>
<p rend="left">Есть у меня еще надежда на родословные. Не знаете, нет ли чего в этом роде? В особенности Шереметевы<note xml:id="note7" resp="volume_editor" index="false"> Шереметевы — дворянский род. Толстого интересовала личность Бориса Петровича Шереметева (1652—1719), ревностного сторонника реформ Петра I.</note> и Апраксины.<note xml:id="note8" resp="volume_editor" index="false"> Апраксины Петр, Федор и Андрей Матвеевичи — братья второй жены царя Федора Алексеевича, занимавшие важные посты в царствование Петра I.</note> С другой стороны, я дошел до того периода, когда, начитавшись описаний того времени, всегда ложных, с пошлой европейской, героичной точки зрения, испытываешь озлобление<note xml:id="note9" resp="volume_editor" index="false"> В печатном тексте: «одно биение» — вследствие неверного прочтения издательницей письма В. Н. Остроумовой.</note> на эту фальшь и, желая разорвать этот волшебный круг фальши, теряешь спокойствие и внимательность, которые так нужны.</p>
<p rend="left">Письмо ваше мне было очень приятно. В хорошие минуты я приблизительно то же думаю; но приятно со стороны получить подтверждение.</p>
<p rend="left">Я тоже хочу сказать вам от души совет; но мой не будет приятен, хотя вы, вероятно, знаете сами то, что я скажу. Не живите в Москве. Для людей, которым предстоит упорный умственный труд, есть две опасности: журналистика и разговоры. Против первой вы непромокаемы, как я думаю; но второе вам, кажется, опасно. Вы говорите хорошо, вас слушают охотно, потому что вам есть что говорить; но это беда. И чем умнее те люди, с которыми говоришь, тем хуже. Для умных людей <hi style="opdelimiter">достаешь</hi><hi style="opnumber">5</hi> <hi style="npnumber">6</hi><hi style="npdelimiter">самую</hi> начинку из пирога, а этого-то и не надобно, чтоб они не нанюхали, как собаки, кушанье, которое готовится к празднику.</p>
<p rend="left">Должно быть, скоро буду в Москве; и мне нужно напоминать ваш адрес, чтоб видеться с вами.</p>
<p rend="left">Мой адрес всегда: Тула.</p>
<p rend="right">Ваш Л. Толстой.</p>
<p rend="left">24 января.</p>
<comments><p rend="Textpetit_otstup left">О первой публикации см. стр. 3. Год определяется ответным письмом П. Д. Голохвастова от 27 января 1873 г.</p>
<p rend="Textpetit_otstup left"><hi>1 </hi>Письмо неизвестно.</p>
<p rend="petit left"><hi>2 </hi>Иоганн Георг Корб — секретарь посольства, отправленного в 1698 г. Леопольдом I в Москву к Петру I. Был в Москве во время стрелецкого розыска и подробно описал его в своем дневнике, изданном в Вене в 1700 г. Русский перевод дневника Корба вышел в Москве в 1867 г.</p>
<p rend="petit left"><hi>3</hi> Григорий Васильевич Есипов (1812—1899) — историк. Толстой просил его книгу «Раскольничьи дела XVIII столетия, извлеченные из дел Преображенского приказа и Тайной розыскных дел канцелярии», тт. 1—2, изд. Д. Е. Кожанчикова, Спб. 1861—1863.</p>
<p rend="petit left"><hi>4</hi> Иван Кириллов (ум. 1738) — секретарь Сената, автор составленного в 1728 г. по подлинным документам первого статистического описания России (издано М. П. Погодиным под заглавием: «Цветущее состояние всего Российского государства», тт. 1—2, М. 1831).</p>
<p rend="petit left"><hi>5</hi> Николай Герасимович Устрялов (1805—1870) — историк, автор «Истории царствования Петра Великого», тт. 1—4, 6, Спб. 1858—1864.</p>
<p rend="petit left"><hi>6</hi> Иван Григорьевич Соловьев (ум. 1881) — московский книгопродавец, комиссионер Толстого по продаже его сочинений.</p>
<p rend="petit left"><hi>7</hi> Шереметевы — дворянский род. Толстого интересовала личность Бориса Петровича Шереметева (1652—1719), ревностного сторонника реформ Петра I.</p>
<p rend="petit left"><hi>8</hi> Апраксины Петр, Федор и Андрей Матвеевичи — братья второй жены царя Федора Алексеевича, занимавшие важные посты в царствование Петра I.</p>
<p rend="petit left"><hi>9</hi> В печатном тексте: «одно биение» — вследствие неверного прочтения издательницей письма В. Н. Остроумовой.</p>
</comments></div></body>
        </text>
        </TEI>