<?xml version="1.0" encoding="UTF-8"?>
    <!-- <?xml-stylesheet type="text/xsl" target="../resources/MJT/myletter.xsl"?> -->
    <?xml-stylesheet type="css" target="graves.css"?>
    <?xml-model target="http://www.tei-c.org/release/xml/tei/custom/schema/relaxng/tei_all.rng" type="application/xml" schematypens="http://relaxng.org/ns/structure/1.0"?>
    <?xml-model target="http://www.tei-c.org/release/xml/tei/custom/schema/relaxng/tei_all.rng" type="application/xml"
            schematypens="http://purl.oclc.org/dsdl/schematron"?>
    <TEI xmlns="http://www.tei-c.org/ns/1.0">
       <teiHeader>
          <fileDesc>
             <titleStmt>
                <title>Письмо №218. П. И. Бартеневу.</title>
             </titleStmt>
             <publicationStmt>
                <publisher>TolstoyLab</publisher>
                <date when="2015-09-14">14 September 2015</date>
             </publicationStmt>
             <sourceDesc>
                <biblStruct>
                   <analytic>
                      <author>Толстой Л.Н.</author>
                   </analytic>
                   <monogr>
                      <title level="m">Полное собрание сочинений. Том 61</title>
                      <imprint>
                         <pubPlace>Москва</pubPlace>
                         <publisher>Государственное издательство "Художественная литература"</publisher>
                         <date when="1953"/>
                      </imprint>
                   </monogr>
                   <series>
                      <title level="s">Л.Н. Толстой. Полное собрание сочинений</title>
                      <biblScope unit="vol">61</biblScope>
                   </series>
                </biblStruct>
				<bibl>Впервые опубликовано в «Русском архиве», 1913, 12, стр. 832—833. Год определяется содержанием: написано вскоре по возвращении Толстого из Москвы, после заключения договора с типографией Риса и привлечения П. И. Бартенева к работе над изданием «Войны и мира».</bibl>
             </sourceDesc>
          </fileDesc>
          <encodingDesc>
             <tagsDecl> </tagsDecl>
          </encodingDesc>
          <profileDesc>
             <correspDesc>
                <correspAction type="sending">
                   <persName ref="PersonList.xml#L_N_Tolstoy">Л. Н. Толстой</persName>
                   <placeName ref="PlacesListxml#PLACE">Я. П.</placeName>
                   <date when="1867-06-30">1867 г. Июня 30.</date>            </correspAction>
                <correspAction type="receiving">
                   <persName ref="PersonList.xml#RECEIVER">Бартенев Петр Иванович</persName>
                </correspAction>
                <correspContext>
                   <ref type="prev"></ref>
                </correspContext>
             </correspDesc>
          </profileDesc>
       </teiHeader>
       <xenoData><number type="in a volume">218</number></xenoData>

              <text xml:id="P__I__Bartenevu_218">
	<body><div>
		<opener index="false">
218. П. И. Бартеневу.
1867 г. Июня 30. Я. П.</opener>
<p rend="left">Посылаю вам первую половину второй части<note xml:id="note1" resp="volume_editor" index="false"> Первая половина второй части «Войны и мира», т. е. то, что было напечатано в № 2 «Русского вестника» за 1866 г. и что составило главы XXIX—XXXVII первой части первого тома первого издания и первые восемь глав второй части издания 1886 г. и всех последующих, включая и настоящее. Для отдельного издания Толстой перерабатывал текст «Русского вестника». См. т. 9 и письмо № <hi style="opdelimiter">221.</hi><hi style="opnumber">173</hi></note> — листов девять печатных, считая с тем, что я отдал.<note xml:id="note2" resp="volume_editor" index="false"> При подписании условия с типографией Толстой оставил для набора первую половину первой части, т. е. напечатанное в № 1 «Русского вестника» за 1865 г.</note> Ожидаю с нетерпением коректур и удивляюсь, почему до сих пор мне их еще не присылали.<note xml:id="note3" resp="volume_editor" index="false"> Первые корректуры Толстой получил только после 12 июля. В промежуток от 6 до 14 июля ему были высланы 5 пакетов, содержащих больше восьми типографских листов корректуры, но произошла задержка на почте, о чем 15 июля писал Толстому А. Е. Берс. Письмо Берса опубликовано в ТТ, 3, стр. 155—156.</note> Также обещанные бандероли с адресами. Рис не принес мне, ни Берсу, которого я просил переслать мне их, ни прислал мне их.<note xml:id="note4" resp="volume_editor" index="false"> Бандероли с адресами — готовые бандероли с адресом типографии для пересылки корректур.</note></p>
<p rend="left">Вторую половину первой части,<note xml:id="note5" resp="volume_editor" index="false"> Вторая половина первой части, т. е. то, что было напечатано в № 2 «Русского вестника» за 1865 г. и составило главы XXI—XXVIII первой части первого тома отдельного издания.</note> печатное, я отошлю завтра. Работа моя идет успешно, и я уверен, что с своей стороны не задержу печатания и не буду платить штрафа, только бы пересылка шла правильно. — Посылаю теперь рукопись на ваше имя, т. к. не имею адреса Риса. Получите от него расписку и погоните его печатанием и присылкой мне адресов и коректур.</p>
<p rend="left">Об англичанке для вас жду ответа на посланное в Англию письмо. Как получу, извещу вас.</p>
<p rend="right">Л. Толстой.</p>
<p rend="left">30 июня.</p>
<comments><p rend="Textpetit_otstup left">Впервые опубликовано в «Русском архиве», 1913, 12, стр. 832—833. Год определяется содержанием: написано вскоре по возвращении Толстого из Москвы, после заключения договора с типографией Риса и привлечения П. И. Бартенева к работе над изданием «Войны и мира».</p>
<p rend="Textpetit_otstup left"><hi>1</hi> Первая половина второй части «Войны и мира», т. е. то, что было напечатано в № 2 «Русского вестника» за 1866 г. и что составило главы XXIX—XXXVII первой части первого тома первого издания и первые восемь глав второй части издания 1886 г. и всех последующих, включая и настоящее. Для отдельного издания Толстой перерабатывал текст «Русского вестника». См. т. 9 и письмо № <hi style="opdelimiter">221.</hi><hi style="opnumber">173</hi></p>
<p rend="petit left"><hi>2</hi> При подписании условия с типографией Толстой оставил для набора первую половину первой части, т. е. напечатанное в № 1 «Русского вестника» за 1865 г.</p>
<p rend="petit left"><hi>3</hi> Первые корректуры Толстой получил только после 12 июля. В промежуток от 6 до 14 июля ему были высланы 5 пакетов, содержащих больше восьми типографских листов корректуры, но произошла задержка на почте, о чем 15 июля писал Толстому А. Е. Берс. Письмо Берса опубликовано в ТТ, 3, стр. 155—156.</p>
<p rend="petit left"><hi>4</hi> Бандероли с адресами — готовые бандероли с адресом типографии для пересылки корректур.</p>
<p rend="petit left"><hi>5</hi> Вторая половина первой части, т. е. то, что было напечатано в № 2 «Русского вестника» за 1865 г. и составило главы XXI—XXVIII первой части первого тома отдельного издания.</p>
</comments></div></body>
        </text>
        </TEI>