<?xml version="1.0" encoding="UTF-8"?>
    <!-- <?xml-stylesheet type="text/xsl" target="../resources/MJT/myletter.xsl"?> -->
    <?xml-stylesheet type="css" target="graves.css"?>
    <?xml-model target="http://www.tei-c.org/release/xml/tei/custom/schema/relaxng/tei_all.rng" type="application/xml" schematypens="http://relaxng.org/ns/structure/1.0"?>
    <?xml-model target="http://www.tei-c.org/release/xml/tei/custom/schema/relaxng/tei_all.rng" type="application/xml"
            schematypens="http://purl.oclc.org/dsdl/schematron"?>
    <TEI xmlns="http://www.tei-c.org/ns/1.0">
       <teiHeader>
          <fileDesc>
             <titleStmt>
                <title>Письмо №* 74. С. П. Ситникову. Черновое.</title>
             </titleStmt>
             <publicationStmt>
                <publisher>TolstoyLab</publisher>
                <date when="2015-09-14">14 September 2015</date>
             </publicationStmt>
             <sourceDesc>
                <biblStruct>
                   <analytic>
                      <author>Толстой Л.Н.</author>
                   </analytic>
                   <monogr>
                      <title level="m">Полное собрание сочинений. Том 82</title>
                      <imprint>
                         <pubPlace>Москва</pubPlace>
                         <publisher>Государственное издательство "Художественная литература"</publisher>
                         <date when="1956"/>
                      </imprint>
                   </monogr>
                   <series>
                      <title level="s">Л.Н. Толстой. Полное собрание сочинений</title>
                      <biblScope unit="vol">82</biblScope>
                   </series>
                </biblStruct>
				<bibl>Печатается по черновику-автографу, написанному на почтовой бумаге. Копии письма не сохранилось. На конверте письма Ситникова помета Толстого: Ответить. Дата определяется пометами на конверте рукой В. Ф. Булгакова и в регистрационной книге писем рукой Д. П. Маковицкого об ответе Толстого 27 июня.</bibl>
             </sourceDesc>
          </fileDesc>
          <encodingDesc>
             <tagsDecl> </tagsDecl>
          </encodingDesc>
          <profileDesc>
             <correspDesc>
                <correspAction type="draft">
                   <persName ref="PersonList.xml#L_N_Tolstoy">Л. Н. Толстой</persName>
                   <placeName ref="PlacesListxml#PLACE">Я. П.</placeName>
                   <date when="1910-06-27">1910 г. Июня 27.</date>            </correspAction>
                <correspAction type="receiving">
                   <persName ref="PersonList.xml#RECEIVER">Ситников Степан Платонович</persName>
                </correspAction>
                <correspContext>
                   <ref type="prev"></ref>
                </correspContext>
             </correspDesc>
          </profileDesc>
       </teiHeader>
       <xenoData><number type="in a volume">74</number></xenoData>

       <text xml:id="C.P.Sitnikovu_74">
	<body><div>
		<opener index="false">
* 74. С. П. Ситникову. Черновое.
1910 г. Июня 27. Я. П.</opener>
<p rend="left">Получил ваше письмо и спешу ответить, как сумею, на ваш вопрос о том, можно ли ва[м] искупить грех брата и как это сделать?</p>
<p rend="left">Мое мнение то, что никто не может искупить не только чужих, но и своих грехов. То, что какие-нибудь молитвы, или жертвы, или вера могут искупить грехи — всё это или суеверие, или обман.</p>
<p rend="left">Людям открыт закон их жизни великими учителями мира Христом и другими мудрыми людьми, открыт этот закон людям и в сердце их, и люд[ям] надо всеми силами стараться по мере сил своих исполнять этот закон. И чем точнее и ближе исполня[ет] человек этот закон, тем жизнь его лучше, спокойнее и радостнее, что бы с ним ни случилось. А закон этот оч[ень] прост. Он весь в том, чтобы любить бога, т. е. совершенство любви, и ближнего, т. е. <hi>всех</hi> людей, с к[оторыми] сходишься в жизни.</p>
<p rend="left">Бедный брат ваш не знал этого закона и искал, вероятно, не исполнения закона любви, к[оторому] никто и ничто помешать не может, а чего-нибудь другого, и потому и находил, что жизнь невыносима. И мне оч[ень] жалко его. Понимаю, что вам должно быть особенно жалко.</p>
<p rend="left">Но искупать его грех ничем нельзя, главное, п[отому], ч[то] о том, что бывает с людьми после телесной их смерти людям не дано [знать], так что всё, ч[то] толкуют о рае и аде, и молитвы за умерших, всё это пустые выдумки. Людям дано знать, как им надо жить для того, чтобы исполнить волю бога, и, когда они ее исполняют, им хорошо и больше им ничего не дано и не нужно знать.</p>
<p rend="left">Посылаю вам Н[а] к[аждый] д[ень] и Е[диную] з[аповедь]. Из книг этих вы ясно поймете мои мысли об этом предмете.</p>
<p rend="right">Брат ваш</p>
<comments><p rend="Textpetit_otstup left">Печатается по черновику-автографу, написанному на почтовой бумаге. Копии письма не сохранилось. На конверте письма Ситникова помета Толстого: Ответить. Дата определяется пометами на конверте рукой В. Ф. Булгакова и в регистрационной книге писем рукой Д. П. Маковицкого об ответе Толстого 27 июня.</p>
<p rend="petit left">Степан Платонович Ситников из г. Вятки прислал Толстому письмо от 23 июня, в котором писал, что 21 июня отравился его брат Максим вследствие тяжести жизни. Смерть брата его мучит, и он не знает, как искупить вину брата. Просил совета у Толстого.</p>
<p rend="emptyline left"><hi style="opnumber">64</hi> <hi style="npnumber">65</hi></p>
</comments></div></body>
        </text>
        </TEI>