<?xml version="1.0" encoding="UTF-8"?>
    <!-- <?xml-stylesheet type="text/xsl" target="../resources/MJT/myletter.xsl"?> -->
    <?xml-stylesheet type="css" target="graves.css"?>
    <?xml-model target="http://www.tei-c.org/release/xml/tei/custom/schema/relaxng/tei_all.rng" type="application/xml" schematypens="http://relaxng.org/ns/structure/1.0"?>
    <?xml-model target="http://www.tei-c.org/release/xml/tei/custom/schema/relaxng/tei_all.rng" type="application/xml"
            schematypens="http://purl.oclc.org/dsdl/schematron"?>
    <TEI xmlns="http://www.tei-c.org/ns/1.0">
       <teiHeader>
          <fileDesc>
             <titleStmt>
                <title>Письмо №* 6. П. Е. Воробьеву.</title>
             </titleStmt>
             <publicationStmt>
                <publisher>TolstoyLab</publisher>
                <date when="2015-09-14">14 September 2015</date>
             </publicationStmt>
             <sourceDesc>
                <biblStruct>
                   <analytic>
                      <author>Толстой Л.Н.</author>
                   </analytic>
                   <monogr>
                      <title level="m">Полное собрание сочинений. Том 61</title>
                      <imprint>
                         <pubPlace>Москва</pubPlace>
                         <publisher>Государственное издательство "Художественная литература"</publisher>
                         <date when="1953"/>
                      </imprint>
                   </monogr>
                   <series>
                      <title level="s">Л.Н. Толстой. Полное собрание сочинений</title>
                      <biblScope unit="vol">61</biblScope>
                   </series>
                </biblStruct>
             </sourceDesc>
          </fileDesc>
          <encodingDesc>
             <tagsDecl> </tagsDecl>
          </encodingDesc>
          <profileDesc>
             <correspDesc>
                <correspAction type="sending">
                   <persName ref="PersonList.xml#L_N_Tolstoy">Л. Н. Толстой</persName>
                   <placeName ref="PlacesListxml#PLACE">Я. П.</placeName>
                   <date when="1863-03-05">1863 г. Марта 5.</date>            </correspAction>
                <correspAction type="receiving">
                   <persName ref="PersonList.xml#RECEIVER">Воробьев Петр Евстратович</persName>
                </correspAction>
                <correspContext>
                   <ref type="prev"></ref>
                </correspContext>
             </correspDesc>
          </profileDesc>
       </teiHeader>
       <xenoData><number type="in a volume">6</number></xenoData>

              <text xml:id="P__E__Vorobevu_6">
	<body><div>
		<opener index="false">
* 6. П. Е. Воробьеву.
1863 г. Марта 5. Я. П.
</opener>
<p rend="Obrashenie left">Петр Евстратович!</p>
<p rend="left">Посылаю нарочно с прошением<note xml:id="note1" resp="volume_editor" index="false"> Прошение о приостановке описи Никольского-Вяземского.</note> в Земской суд Алексея.<note xml:id="note2" resp="volume_editor" index="false"> А. С. Орехов, камердинер Толстого. О нем см. т. 59, стр. 14.</note> Ты ошибся либо в копии с прошения Левицкого,<note xml:id="note3" resp="volume_editor" index="false"> Григорий Павлович Левицкий — чиновник особых поручений при военном министре. Ему Ф. Н. Дохтуров передал заемное письмо Д. H. Толстого, и он требовал через Московскую управу благочиния уплаты процентов на капитальную сумму долга.</note> либо в своем письме, обозначая недоплату капитальной суммы в 2363 р., ибо из 4500 — вычесть 2464 останется 2036. Деньги эти прошу тебя с прошением представить в Земской суд.<note xml:id="note4" resp="volume_editor" index="false"> В производстве Тульского губернского правления есть отношение Чернского земского суда от 13 марта 1863 г., в котором упоминается о том, что пристав 1 стана взыскал «с имения гр. Толстых капитальную сумму в 2035 р. 96 к. без причитающихся процентов и донес об этом рапортом от 11 марта».</note> Ежели почему-нибудь прошение мое бы не годилось, прошу тебя <hi>немедленно </hi>написать таковое и подать от себя. — Ведомости оставшегося хлеба и расходы денежной суммы прошу прислать.</p>
<p rend="right">Гр. Л. Толстой.</p>
<p rend="left">5 марта.</p>
<p rend="left">Проект разверстания<note xml:id="note5" resp="volume_editor" index="false"> См. прим. 3 к письму № 3.</note> прошу тебя представить не позже этого месяца посреднику. —</p>
<comments><p rend="Textpetit_otstup left">Год определяется сопоставлением с письмами №№ 2 и 3.</p>
<p rend="Textpetit_otstup left"><hi>1</hi> Прошение о приостановке описи Никольского-Вяземского.</p>
<p rend="petit left"><hi>2</hi> А. С. Орехов, камердинер Толстого. О нем см. т. 59, стр. 14.</p>
<p rend="petit left"><hi>3</hi> Григорий Павлович Левицкий — чиновник особых поручений при военном министре. Ему Ф. Н. Дохтуров передал заемное письмо Д. H. Толстого, и он требовал через Московскую управу благочиния уплаты процентов на капитальную сумму долга.</p>
<p rend="petit left">Толстой опротестовал иск. Протест, однако, не был удовлетворен.</p>
<p rend="petit left"><hi>4</hi> В производстве Тульского губернского правления есть отношение Чернского земского суда от 13 марта 1863 г., в котором упоминается о том, что пристав 1 стана взыскал «с имения гр. Толстых капитальную сумму в 2035 р. 96 к. без причитающихся процентов и донес об этом рапортом от 11 марта».</p>
<p rend="petit left"><hi>5</hi> См. прим. 3 к письму № 3.</p>
</comments></div></body>
        </text>
        </TEI>