<?xml version="1.0" encoding="UTF-8"?>
    <!-- <?xml-stylesheet type="text/xsl" target="../resources/MJT/myletter.xsl"?> -->
    <?xml-stylesheet type="css" target="graves.css"?>
    <?xml-model target="http://www.tei-c.org/release/xml/tei/custom/schema/relaxng/tei_all.rng" type="application/xml" schematypens="http://relaxng.org/ns/structure/1.0"?>
    <?xml-model target="http://www.tei-c.org/release/xml/tei/custom/schema/relaxng/tei_all.rng" type="application/xml"
            schematypens="http://purl.oclc.org/dsdl/schematron"?>
    <TEI xmlns="http://www.tei-c.org/ns/1.0">
       <teiHeader>
          <fileDesc>
             <titleStmt>
                <title>Письмо №312. С. А. Толстой</title>
             </titleStmt>
             <publicationStmt>
                <publisher>TolstoyLab</publisher>
                <date when="2015-09-14">14 September 2015</date>
             </publicationStmt>
             <sourceDesc>
                <biblStruct>
                   <analytic>
                      <author>Толстой Л.Н.</author>
                   </analytic>
                   <monogr>
                      <title level="m">Полное собрание сочинений. Том 83</title>
                      <imprint>
                         <pubPlace>Москва</pubPlace>
                         <publisher>Государственное издательство "Художественная литература"</publisher>
                         <date when="1938"/>
                      </imprint>
                   </monogr>
                   <series>
                      <title level="s">Л.Н. Толстой. Полное собрание сочинений</title>
                      <biblScope unit="vol">83</biblScope>
                   </series>
                </biblStruct>
				<bibl>Печатается по автографу, хранящемуся в. АТБ. Открытое письмо. Впервые опубликовано по копии, сделанной С. А. Толстой, в ПЖ, стр. 259. Датируется на основании первой фразы письма и почтовых штемпелей: «Почтовый вагон. 13 марта. 1885; Москва. 15 марта. 1885».</bibl>
             </sourceDesc>
          </fileDesc>
          <encodingDesc>
             <tagsDecl> </tagsDecl>
          </encodingDesc>
          <profileDesc>
             <correspDesc>
                <correspAction type="sending">
                   <persName ref="PersonList.xml#L_N_Tolstoy">Л. Н. Толстой</persName>
                   <placeName ref="PlacesListxml#PLACE">Синельниково.</placeName>
                   <date when="1885-03-13">1885 г. Марта 13.</date>            </correspAction>
                <correspAction type="receiving">
                   <persName ref="PersonList.xml#RECEIVER">Толстая Софья Андреевна</persName>
                </correspAction>
                <correspContext>
                   <ref type="prev"></ref>
                </correspContext>
             </correspDesc>
          </profileDesc>
       </teiHeader>
       <xenoData><number type="in a volume">312</number></xenoData>

       <text xml:id="a13_312">
	<body><div>
		<opener index="false">
312.
1885 г. Марта 13. Синельниково.</opener>
<p rend="left">Пишу со станціи Синельникова,<note xml:id="note1" resp="volume_editor" index="false"> Станция по железнодорожному пути Москва-Севастополь, Павлоградского уезда, Екатеринославской губернии.</note> — 8 часовъ утра, 13-го. Мы ѣдемъ благополучно, спимъ прекрасно, и, если Б[огъ] дастъ, будемъ въ ночь въ Севастополѣ. Я здоровъ и бодръ; и кн[язь] относительно хорошъ, т. е. не хуже. — Л. Т.</p>
<lb/>
<p rend="left"><hi>На обороте открытки:</hi> Москва. Хамовники, д. Гр. Толстаго. Графинѣ С. А. Толстой.</p>
<comments><p rend="Textpetit_otstup left">Печатается по автографу, хранящемуся в. АТБ. Открытое письмо. Впервые опубликовано по копии, сделанной С. А. Толстой, в ПЖ, стр. 259. Датируется на основании первой фразы письма и почтовых штемпелей: «Почтовый вагон. 13 марта. 1885; Москва. 15 марта. 1885».</p>
<p rend="Textpetit_otstup left"><hi>1</hi> Станция по железнодорожному пути Москва-Севастополь, Павлоградского уезда, Екатеринославской губернии.</p>
</comments></div></body>
        </text>
        </TEI>