<?xml version="1.0" encoding="UTF-8"?>
    <!-- <?xml-stylesheet type="text/xsl" target="../resources/MJT/myletter.xsl"?> -->
    <?xml-stylesheet type="css" target="graves.css"?>
    <?xml-model target="http://www.tei-c.org/release/xml/tei/custom/schema/relaxng/tei_all.rng" type="application/xml" schematypens="http://relaxng.org/ns/structure/1.0"?>
    <?xml-model target="http://www.tei-c.org/release/xml/tei/custom/schema/relaxng/tei_all.rng" type="application/xml"
            schematypens="http://purl.oclc.org/dsdl/schematron"?>
    <TEI xmlns="http://www.tei-c.org/ns/1.0">
       <teiHeader>
          <fileDesc>
             <titleStmt>
                <title>Письмо №337. С. А. Толстой</title>
             </titleStmt>
             <publicationStmt>
                <publisher>TolstoyLab</publisher>
                <date when="2015-09-14">14 September 2015</date>
             </publicationStmt>
             <sourceDesc>
                <biblStruct>
                   <analytic>
                      <author>Толстой Л.Н.</author>
                   </analytic>
                   <monogr>
                      <title level="m">Полное собрание сочинений. Том 83</title>
                      <imprint>
                         <pubPlace>Москва</pubPlace>
                         <publisher>Государственное издательство "Художественная литература"</publisher>
                         <date when="1938"/>
                      </imprint>
                   </monogr>
                   <series>
                      <title level="s">Л.Н. Толстой. Полное собрание сочинений</title>
                      <biblScope unit="vol">83</biblScope>
                   </series>
                </biblStruct>
             </sourceDesc>
          </fileDesc>
          <encodingDesc>
             <tagsDecl> </tagsDecl>
          </encodingDesc>
          <profileDesc>
             <correspDesc>
                <correspAction type="sending">
                   <persName ref="PersonList.xml#L_N_Tolstoy">Л. Н. Толстой</persName>
                   <placeName ref="PlacesListxml#PLACE">Я. П.</placeName>
                   <date when="1885-10-25">1885 г. Октября 25.</date>            </correspAction>
                <correspAction type="receiving">
                   <persName ref="PersonList.xml#RECEIVER">Толстая Софья Андреевна</persName>
                </correspAction>
                <correspContext>
                   <ref type="prev"></ref>
                </correspContext>
             </correspDesc>
          </profileDesc>
       </teiHeader>
       <xenoData><number type="in a volume">337</number></xenoData>

       <text xml:id="a25_337">
	<body><div>
		<opener index="false">
337.
1885 г. Октября 25. Я. П.</opener>
<p rend="left">Былъ вечеромъ на Козловкѣ и получилъ твое доброе письмо,<note xml:id="note1" resp="volume_editor" index="false"> От 23 октября. В нем С. А. Толстая писала: «Твое коротенькое письмо [от 22 октября] сегодня, милый друг, как-то особенно тронуло меня. В первый раз я почувствовала, что ты потянул за ту сердечную нить, которая нас с тобой связывает, и я стала веселей..... Не советую еще приезжать в Москву; очень скверно; снег и санный путь немного смягчит тяжелое впечатление. Если тебе жаль уединения и своего труда, то что же спешить? Конечно, мы испытываем то же, что и ты, т. е. сильное желание тебя увидеть и быть с тобой, но есть мотивы более серьезные, ради которых надо жертвовать этой радостью, — мотивы эти — именно душевное спокойствие и умственный труд» (ПСТ, стр. 333—334).</note> к[оторому] б[ылъ] очень радъ. Вчера не писалъ; надѣюсь, что ты не безпокоилась. Я совсѣмъ здоровъ и бодръ. Вчера работалъ много всячески и сходилъ въ Ясенки, и усталъ. Нынче очень много писалъ, и написалъ заключенье. Все это очень начерно, и еще много придется передѣлывать. Но все таки я радъ. Я воспользуюсь еще своимъ расположеніемъ, чтобы кончить хоть такъ, чтобы можно было, отъ нужды, оставить такъ и не трогать больше. Завтра у меня будетъ свободный день, если Ал[ександръ] Пет[ровичъ] не перепишетъ. — Что ты мнѣ не отвѣчаешь на то, что я писалъ о сказкѣ?<note xml:id="note2" resp="volume_editor" index="false"> См. письмо от 19 октября 1885 г.</note> Хотѣлъ писать Танѣ, чтобъ она не думала, что я о ней не думаю, и только разъ расхрабрился, написалъ; но разговорился съ Файнерманомъ. Онъ очень удивителенъ. Теперь живетъ у Константина и ничего не ищетъ. Досталъ я себѣ пудъ муки пшеничной, цѣльной, и нынче опять смѣшилъ Мар[ью] Аф[анасьевну], какъ я мѣсилъ. Она покатывалась со смѣха, когда я хотѣлъ налить воды на столъ, и вообще на мои пріемы.<note xml:id="note3" resp="volume_editor" index="false"> «Л. Н-ч очень любил сам себе служить, но был особенно неловок в приемах всякого домашнего хозяйства» (н. п. С. А.).</note> Холодно на дворѣ, но зато сухо ходить. Въ комнатахъ тепло.</p>
<p rend="left">Цѣлую всѣхъ дѣтей, и большихъ и малыхъ. Какъ успокоительно знать, что у васъ все благополучно, и напиши побольше про нихъ и про Алешу. Я что-то нынче о немъ все думалъ.</p>
<p rend="left">Цѣлую тебя.</p>
<p rend="left">Хлѣбъ безъ дрожжей выходитъ вкусный по мнѣ, хотя М[арья] А[фанасьевна] смѣется надъ нимъ. Въ Москвѣ угощу вегетаріанокъ.</p>
<lb/>
<p rend="left"><hi>На конверте:</hi> Москва. Долгохамовническій. № 15. Графинѣ Софьѣ Андревнѣ <hi style="opdelimiter">Толстой.</hi><hi style="opnumber">524</hi></p>
<comments><p rend="Textpetit_otstup left"><hi style="npnumber">525</hi><hi style="npdelimiter">Печатается</hi> по автографу, хранящемуся в АТБ. Впервые опубликовано по копии, сделанной С. А. Толстой, в ПЖ, стр. 278—279. Датируется на основании почтовых штемпелей: «Почтовый вагон. 26 октября. 1885; Москва. 26 октября 1885».</p>
<p rend="Textpetit_otstup left"><hi>1</hi> От 23 октября. В нем С. А. Толстая писала: «Твое коротенькое письмо [от 22 октября] сегодня, милый друг, как-то особенно тронуло меня. В первый раз я почувствовала, что ты потянул за ту сердечную нить, которая нас с тобой связывает, и я стала веселей..... Не советую еще приезжать в Москву; очень скверно; снег и санный путь немного смягчит тяжелое впечатление. Если тебе жаль уединения и своего труда, то что же спешить? Конечно, мы испытываем то же, что и ты, т. е. сильное желание тебя увидеть и быть с тобой, но есть мотивы более серьезные, ради которых надо жертвовать этой радостью, — мотивы эти — именно душевное спокойствие и умственный труд» (ПСТ, стр. 333—334).</p>
<p rend="petit left"><hi>2</hi> См. письмо от 19 октября 1885 г.</p>
<p rend="petit left"><hi>3</hi> «Л. Н-ч очень любил сам себе служить, но был особенно неловок в приемах всякого домашнего хозяйства» (н. п. С. А.).</p>
</comments></div></body>
        </text>
        </TEI>