<?xml version="1.0" encoding="UTF-8"?>
    <!-- <?xml-stylesheet type="text/xsl" target="../resources/MJT/myletter.xsl"?> -->
    <?xml-stylesheet type="css" target="graves.css"?>
    <?xml-model target="http://www.tei-c.org/release/xml/tei/custom/schema/relaxng/tei_all.rng" type="application/xml" schematypens="http://relaxng.org/ns/structure/1.0"?>
    <?xml-model target="http://www.tei-c.org/release/xml/tei/custom/schema/relaxng/tei_all.rng" type="application/xml"
            schematypens="http://purl.oclc.org/dsdl/schematron"?>
    <TEI xmlns="http://www.tei-c.org/ns/1.0">
       <teiHeader>
          <fileDesc>
             <titleStmt>
                <title>Письмо №115. С. А. Толстой</title>
             </titleStmt>
             <publicationStmt>
                <publisher>TolstoyLab</publisher>
                <date when="2015-09-14">14 September 2015</date>
             </publicationStmt>
             <sourceDesc>
                <biblStruct>
                   <analytic>
                      <author>Толстой Л.Н.</author>
                   </analytic>
                   <monogr>
                      <title level="m">Полное собрание сочинений. Том 83</title>
                      <imprint>
                         <pubPlace>Москва</pubPlace>
                         <publisher>Государственное издательство "Художественная литература"</publisher>
                         <date when="1938"/>
                      </imprint>
                   </monogr>
                   <series>
                      <title level="s">Л.Н. Толстой. Полное собрание сочинений</title>
                      <biblScope unit="vol">83</biblScope>
                   </series>
                </biblStruct>
				<bibl>Печатается по автографу, хранящемуся в АТБ. Впервые опубликовано по копии, сделанной С. А. Толстой, в ПЖ, стр. 106—107. Датируется на основании первых слов письма: «Пишу тебе..... из Казани, сегодня, 5-го». Почтовые штемпеля: «Казань. 6 сентября 1876; Тула 10 сентября 1876».</bibl>
             </sourceDesc>
          </fileDesc>
          <encodingDesc>
             <tagsDecl> </tagsDecl>
          </encodingDesc>
          <profileDesc>
             <correspDesc>
                <correspAction type="sending">
                   <persName ref="PersonList.xml#L_N_Tolstoy">Л. Н. Толстой</persName>
                   <placeName ref="PlacesListxml#PLACE">Казань.</placeName>
                   <date when="1876-09-05">1876 г. Сентября 5.</date>            </correspAction>
                <correspAction type="receiving">
                   <persName ref="PersonList.xml#RECEIVER">Толстая Софья Андреевна</persName>
                </correspAction>
                <correspContext>
                   <ref type="prev"></ref>
                </correspContext>
             </correspDesc>
          </profileDesc>
       </teiHeader>
       <xenoData><number type="in a volume">115</number></xenoData>

       <text xml:id="a5_115">
	<body><div>
		<opener index="false">
115.
1876 г. Сентября 5. Казань.</opener>
<p rend="left">Пишу тебѣ, милый другъ, изъ Казани, сегодня, 5-го, въ 11 часовъ вечера, и не съ парохода, а изъ самаго города Казани, куда мы пріѣхали ночевать, такъ какъ, отъ безпорядицы Самолетскаго парохода, на который мы къ несчастію попали и к[оторый] сѣлъ на мели и сломался, мы потеряли цѣлыя <hi style="opdelimiter">сутки.</hi><hi style="opnumber">227</hi> <hi style="npnumber">228</hi><hi style="npdelimiter">Ты</hi> не можешь себѣ представить, какъ это обидно, когда, какъ я, считаешь каждую минуту и для тебя, и еще болѣе для себя. Поѣздка по Волгѣ до сихъ поръ имѣла мало пріятнаго — тѣснота и купеческое общество. Впрочемъ, я нашелъ нѣсколько интересныхъ и даже очень интересных людей, въ томъ числѣ купца Дѣева,<note xml:id="note1" resp="volume_editor" index="false"> Из семьи богачей Деевых, арендовывавших в компании с другими лицами Илецкие казенные копи.</note> владѣтеля 100 тысячъ дес[ятинъ] земли, съ кот[орымъ] я теперь сижу въ номерѣ, в то время какъ Николенька съ Хивинцемъ пошли въ Казанской театръ. Былъ еще Татаринъ, попъ. —</p>
<p rend="left">Погода прелестная, здоровье хорошо. Вы вѣрно ѣздите за грыбами. Пожалуйста, не ѣзди на Шарикѣ.<note xml:id="note2" resp="volume_editor" index="false"> Шарик — лошадь из киргизских степей. Описывая проводы Т. А. Кузминской 3 сентября (в письме от 7 сентября), С. А. Толстая писала: «Таня сестра и я поехали в тележке, и Степа на приступке правил Шариком и Гнедым».</note></p>
<p rend="left">Объ Оренбургскомъ планѣ напишу тебѣ изъ Самары. Въ Оренбургъ мнѣ бы пріятно съѣздить потому, что Дѣевъ этотъ тамошній и мнѣ поможетъ въ покупкѣ лошадей, и тамъ бы я увидалъ Крыжановскаго.<note xml:id="note3" resp="volume_editor" index="false"> Николай Андреевич Крыжановский (1818—1888). Во время Восточной войны был начальником штаба артиллерии. После взятия Севастополя поручил Толстому написать общий отчет о действиях русской <hi style="opdelimiter">артиллерии</hi><hi style="opnumber">228</hi> <hi style="npnumber">229</hi><hi style="npdelimiter">во</hi> время последней бомбардировки. В 1857—1860 гг. — начальник артиллерийской академии. Затем был варшавским генерал-губернатором. В 1865—1881 гг. — оренбургский генерал-губернатор.</note> Во всякомъ случаѣ я постараюсь не выйти изъ 14 дней. —</p>
<p rend="left">Казань возбуждаетъ во мнѣ своими воспоминаніями непріятную грусть.<note xml:id="note4" resp="volume_editor" index="false"> В Казани Толстой жил у опекунши П. И. Юшковой с 1841 г. по 1847 г.</note> Ахъ, только бы ты и дѣти, главное ты была здорова и спокойна. Цѣлую тебя, душенька голубчикъ мой, цѣлуй дѣтей и кланяйся Софешъ,<note xml:id="note5" resp="volume_editor" index="false"> С. Р. Войткевич, вышедшая в июле 1877 г. замуж за Д. А. Дьякова. О ней писала С. А. Толстая 7 сентября: «За Софеш я распорядилась, чтоб выехал тарантас Ермилина, как ты говорил, и она благополучно приехала в первом часу. Сначала я ей не очень обрадовалась, но теперь мне с ней приятно, и я по вечерам не скучаю с ней и Степой... Софеш, бедная, очень грустна и несчастлива, всё плачет и мне рассказывает свое горе и свое предшествующее горе-счастье, а первые два дня на меня, и без того грустную, она навела такую тоску, что я не знала, куда деваться. Теперь она спокойнее и я веселее» (ПСТ, стр. 133).</note> если она у насъ и Mr. Rеу.<note xml:id="note6" resp="volume_editor" index="false"> В письме от 7 сентября С. А. Толстая писала: «Mr Rey всякий день ходит с ружьем и Снобом, и вчера было за столом десять штук его дичи, из которых, кажется, два дупеля и два бекаса. А вчера же он убил двух вальдшнепов, и очень горд и весел. Мы с ним в хороших отношениях. Вместе устроили ordre du jour [распорядок дня], делая уступки друг другу, как нам удобнее, и по моему отлично расписали занятия детей. Вчера уже учились очень охотно и довольно хорошо, но мальчики подрались на гулянье, и им поставили по два за поведение. Баллы я тоже начала ставить; всё на зимнем положении, но при чудесной летней погоде» (ПСТ, стр. 133).</note> —</p>
<p rend="right">Твой Л.</p>
<lb/>
<p rend="left">Писать какъ будто очень хочется.<note xml:id="note7" resp="volume_editor" index="false"> «Анну Каренину». Предстояло дописать конец пятой части романа, напечатанный в № 12 «Русского вестника» за 1876 г.</note></p>
<lb/>
<p rend="left"><hi>На конверте:</hi> Въ Тулу. Ея Сіятельству Графинѣ Софьѣ Андреевнѣ Толстой.</p>
<comments><p rend="Textpetit_otstup left">Печатается по автографу, хранящемуся в АТБ. Впервые опубликовано по копии, сделанной С. А. Толстой, в ПЖ, стр. 106—107. Датируется на основании первых слов письма: «Пишу тебе..... из Казани, сегодня, 5-го». Почтовые штемпеля: «Казань. 6 сентября 1876; Тула 10 сентября 1876».</p>
<p rend="Textpetit_otstup left"><hi>1</hi> Из семьи богачей Деевых, арендовывавших в компании с другими лицами Илецкие казенные копи.</p>
<p rend="petit left"><hi>2</hi> Шарик — лошадь из киргизских степей. Описывая проводы Т. А. Кузминской 3 сентября (в письме от 7 сентября), С. А. Толстая писала: «Таня сестра и я поехали в тележке, и Степа на приступке правил Шариком и Гнедым».</p>
<p rend="petit left"><hi>3</hi> Николай Андреевич Крыжановский (1818—1888). Во время Восточной войны был начальником штаба артиллерии. После взятия Севастополя поручил Толстому написать общий отчет о действиях русской <hi style="opdelimiter">артиллерии</hi><hi style="opnumber">228</hi> <hi style="npnumber">229</hi><hi style="npdelimiter">во</hi> время последней бомбардировки. В 1857—1860 гг. — начальник артиллерийской академии. Затем был варшавским генерал-губернатором. В 1865—1881 гг. — оренбургский генерал-губернатор.</p>
<p rend="petit left"><hi>4</hi> В Казани Толстой жил у опекунши П. И. Юшковой с 1841 г. по 1847 г.</p>
<p rend="petit left"><hi>5</hi> С. Р. Войткевич, вышедшая в июле 1877 г. замуж за Д. А. Дьякова. О ней писала С. А. Толстая 7 сентября: «За Софеш я распорядилась, чтоб выехал тарантас Ермилина, как ты говорил, и она благополучно приехала в первом часу. Сначала я ей не очень обрадовалась, но теперь мне с ней приятно, и я по вечерам не скучаю с ней и Степой... Софеш, бедная, очень грустна и несчастлива, всё плачет и мне рассказывает свое горе и свое предшествующее горе-счастье, а первые два дня на меня, и без того грустную, она навела такую тоску, что я не знала, куда деваться. Теперь она спокойнее и я веселее» (ПСТ, стр. 133).</p>
<p rend="petit left"><hi>6</hi> В письме от 7 сентября С. А. Толстая писала: «Mr Rey всякий день ходит с ружьем и Снобом, и вчера было за столом десять штук его дичи, из которых, кажется, два дупеля и два бекаса. А вчера же он убил двух вальдшнепов, и очень горд и весел. Мы с ним в хороших отношениях. Вместе устроили ordre du jour [распорядок дня], делая уступки друг другу, как нам удобнее, и по моему отлично расписали занятия детей. Вчера уже учились очень охотно и довольно хорошо, но мальчики подрались на гулянье, и им поставили по два за поведение. Баллы я тоже начала ставить; всё на зимнем положении, но при чудесной летней погоде» (ПСТ, стр. 133).</p>
<p rend="petit left"><hi>7</hi> «Анну Каренину». Предстояло дописать конец пятой части романа, напечатанный в № 12 «Русского вестника» за 1876 г.</p>
</comments></div></body>
        </text>
        </TEI>