<?xml version="1.0" encoding="UTF-8"?>
    <!-- <?xml-stylesheet type="text/xsl" target="../resources/MJT/myletter.xsl"?> -->
    <?xml-stylesheet type="css" target="graves.css"?>
    <?xml-model target="http://www.tei-c.org/release/xml/tei/custom/schema/relaxng/tei_all.rng" type="application/xml" schematypens="http://relaxng.org/ns/structure/1.0"?>
    <?xml-model target="http://www.tei-c.org/release/xml/tei/custom/schema/relaxng/tei_all.rng" type="application/xml"
            schematypens="http://purl.oclc.org/dsdl/schematron"?>
    <TEI xmlns="http://www.tei-c.org/ns/1.0">
       <teiHeader>
          <fileDesc>
             <titleStmt>
                <title>Письмо №210. И. С. Тургеневу.</title>
             </titleStmt>
             <publicationStmt>
                <publisher>TolstoyLab</publisher>
                <date when="2015-09-14">14 September 2015</date>
             </publicationStmt>
             <sourceDesc>
                <biblStruct>
                   <analytic>
                      <author>Толстой Л.Н.</author>
                   </analytic>
                   <monogr>
                      <title level="m">Полное собрание сочинений. Том 60</title>
                      <imprint>
                         <pubPlace>Москва</pubPlace>
                         <publisher>Государственное издательство "Художественная литература"</publisher>
                         <date when="1949"/>
                      </imprint>
                   </monogr>
                   <series>
                      <title level="s">Л.Н. Толстой. Полное собрание сочинений</title>
                      <biblScope unit="vol">60</biblScope>
                   </series>
                </biblStruct>
				<bibl>Впервые опубликовано в ТТП, № 20. Письмо написано из Новоселок, куда Толстой приехал в день ссоры с Тургеневым, 27 мая 1861 г.</bibl>
             </sourceDesc>
          </fileDesc>
          <encodingDesc>
             <tagsDecl> </tagsDecl>
          </encodingDesc>
          <profileDesc>
             <correspDesc>
                <correspAction type="sending">
                   <persName ref="PersonList.xml#L_N_Tolstoy">Л. Н. Толстой</persName>
                   <placeName ref="PlacesListxml#PLACE">Новоселки.</placeName>
                   <date when="1861-05-27">1861 г. Мая 27.</date>            </correspAction>
                <correspAction type="receiving">
                   <persName ref="PersonList.xml#RECEIVER">Тургенев Иван Сергеевич</persName>
                </correspAction>
                <correspContext>
                   <ref type="prev"></ref>
                </correspContext>
             </correspDesc>
          </profileDesc>
       </teiHeader>
       <xenoData><number type="in a volume">210</number></xenoData>

              <text xml:id="I.S.Turgenevu_210">
	<body><div>
		<opener index="false">
210. И. С. Тургеневу.
1861 г. Мая 27. Новоселки.</opener>
<p rend="left">Надеюсь, что ваша совесть вам уже сказала, как вы не правы передо мной, особенно в глазах Фета и его жены. Поэтому напишите мне такое письмо, которое бы я мог послать Фетам. Ежели же вы находите, что требование мое несправедливо, то известите меня. Я буду ждать в Богуславе.<note xml:id="note1" resp="volume_editor" index="false"> Богослов — почтовая станция на полпути по большой дороге между Мценском и Чернью и между имениями Толстого Никольское-Вяземское и Спасское Тургенева.</note></p>
<p rend="right">Л. Толстой.</p>
<comments><p rend="Textpetit_otstup left">Впервые опубликовано в ТТП, № 20. Письмо написано из Новоселок, куда Толстой приехал в день ссоры с Тургеневым, 27 мая 1861 г.</p>
<p rend="petit left">26 мая к Фету в Степаповку приехали из Спасского Тургенев и Толстой. На другой день за утренним кофе между ними произошло резкое столкновение, о чем рассказывает Фет в своих воспоминаниях: «Утром в наше обычное время, т. е. в 8 часов, гости вышли в столовую, в которой жена моя занимала верхний конец стола за самоваром, а я, в ожидании кофея, поместился на другом конце, Тургенев сел по правую руку хозяйки, а Толстой по левую. Зная важность, которую в это время Тургенев придавал воспитанию своей дочери, жена моя спросила его, доволен ли он своей английской гувернанткой. Тургенев стал изливаться в похвалах гувернантке и между прочим рассказал ей, как гувернантка с английскою пунктуальностью просила Тургенева определить сумму, которою <hi style="opdelimiter">дочь</hi><hi style="opnumber">391</hi> <hi style="npnumber">392</hi><hi style="npdelimiter">его</hi> может располагать для благотворительных целей. — Теперь, — сказал Тургенев, — англичанка требует, чтобы моя дочь забирала на руки худую одежду бедняков и, собственноручно вычинив оную, возвращала по принадлежности.</p>
<p rend="petit left">— И это вы считаете хорошим? — спросил Толстой.</p>
<p rend="petit left">— Конечно; это сближает благотворительницу с насущною нуждой.</p>
<p rend="petit left">— А я считаю, что разряженная девушка, держащая на коленях грязные и зловонные лохмотья, играет неискреннюю, театральную сцену.</p>
<p rend="petit left">— Я вас прошу этого не говорить! — воскликнул Тургенев с раздувающимися ноздрями.</p>
<p rend="petit left">— Отчего же мне не говорить того, в чем я убежден, — отвечал Толстой.</p>
<p rend="petit left">Не успел я крикнуть Тургеневу: «перестаньте!», как, бледный от злобы, он сказал: «Так я вас заставлю молчать оскорблением». Так передает Фет. С. А. Толстая, со слов мужа, в своем дневнике 23 января 1877 г., сообщает следующую фразу Тургенева: «А если вы будете так говорить, я вам дам в рожу» («Дневник Софьи Андреевны Толстой», М. 1928, стр. 45). «С этими словами, — рассказывает далее Фет, — он вскочил из-за стола и, схватившись руками за голову, взволнованно зашагал в другую комнату. Через секунду он вернулся к нам и сказал, обращаясь к жене моей: «Ради бога извините мой безобразный поступок, в котором я глубоко раскаиваюсь». С этим вместе он снова ушел.</p>
<p rend="petit left">Поняв полную невозможность двум бывшим приятелям оставаться вместе, я распорядился, чтобы Тургеневу запрягли его коляску, а графа обещал доставить до половины дороги к вольному ямщику» (см. А. Фет, «Мои воспоминания», I, М. 1890, стр. 370—371).</p>
<p rend="petit left">Тургенев поехал к себе в Спасское, Толстой — в Новоселки к И. П. Борисову, откуда и было написано Толстым настоящее письмо Тургеневу.</p>
<p rend="Textpetit_otstup left"><hi>1</hi> Богослов — почтовая станция на полпути по большой дороге между Мценском и Чернью и между имениями Толстого Никольское-Вяземское и Спасское Тургенева.</p>
<p rend="petit left">На это письмо Толстого Тургенев ответил сейчас, же, то есть 28 мая: «Милостивый государь, Лев Николаевич! В ответ на Ваше письмо я могу повторить только то, что я сам почел своей обязанностью объявить Вам у Фета: увлеченный чувством невольной неприязни, в причины которой теперь входить не место, я оскорбил Вас безо всякого положительного повода с Вашей стороны и попросил у Вас извинения. — Это же самое я готов повторить теперь письменно — и вторично прошу у Вас извинения. — Происшедшее сегодня поутру доказало ясно, что всякие попытки сближения между такими противоположными натурами, каковы Ваша и моя, не могут повести ни к чему хорошему; а потому я тем охотнее исполняю мой долг перед Вами, что настоящее письмо есть, вероятно, последнее проявление каких бы то ни было отношений между нами. От души желаю, чтоб оно Вас удовлетворило, и заранее объявляю свое согласие на всякое употребление, которое Вам заблагорассудится сделать из <hi style="opdelimiter">него.</hi><hi style="opnumber">392</hi></p>
<p rend="petit left"><hi style="npnumber">393</hi><hi style="npdelimiter">С</hi> совершенным уважением, имею честь остаться, Милостивый Государь! Ваш покорнейший слуга </p>
<p rend="petit right">Ив. Тургенев.</p>
<p rend="petit left">С. Спасское. 27 мая 1861. 10 <hi>1</hi>/<sub>2</sub> ч. ночи».</p>
<p rend="petit left">Иван Петрович сейчас привез мне мое письмо, которое мой человек по глупости отправил в <hi>Новоселки</hi>, вместо того, чтобы отослать его в <hi>Богослов.</hi></p>
<p rend="petit left">Покорнейше прошу Вас извинить эту невольную неприятную оплошность. — Надеюсь, что мой посланный застанет Вас еще в Богослове».</p>
<p rend="petit left">Как видно из приписки, письмо это из Спасского пошло ошибочно в Новоселки, откуда его привез обратно в Спасское И. П. Борисов, а затем было отправлено Тургеневым в Богослов. Пока все это происходило, Толстой в Богослове, как он писал Фету 28 мая, «по промедлению... послал другое письмо довольно жестокое, с вызовом» (см. п. № 211). Письмо это до нас не дошло, но в записи С. А. Толстой об этом рассказано так: «Оттуда [т. е. из Богослова] Лев Николаевич послал за ружьями и пулями, а к Тургеневу — письмо с вызовом за оскорбление. В письме этом он писал Тургеневу, что не желает стреляться пошлым образом, т. е. чтобы два литератора приехали с третьим литератором, с пистолетами, и дуэль бы кончилась шампанским, а желает стреляться по-настоящему и просит Тургенева приехать в Богослов к опушке леса с ружьями».</p>
<p rend="petit left">«Всю ночь Лев Николаевич не спал и ждал, — записывает С. А. Толстая. — К утру только пришло письмо от Тургенева». Это был ответ на первое письмо Толстого из Новоселок, которое задержалось по вине слуги Тургенева. На обороте этого же письма и, повидимому, в день его получения, то есть 28 мая, Толстой написал А. А. Фету, следующее письмо.</p>
</comments></div></body>
        </text>
        </TEI>