<?xml version="1.0" encoding="UTF-8"?>
    <!-- <?xml-stylesheet type="text/xsl" target="../resources/MJT/myletter.xsl"?> -->
    <?xml-stylesheet type="css" target="graves.css"?>
    <?xml-model target="http://www.tei-c.org/release/xml/tei/custom/schema/relaxng/tei_all.rng" type="application/xml" schematypens="http://relaxng.org/ns/structure/1.0"?>
    <?xml-model target="http://www.tei-c.org/release/xml/tei/custom/schema/relaxng/tei_all.rng" type="application/xml"
            schematypens="http://purl.oclc.org/dsdl/schematron"?>
    <TEI xmlns="http://www.tei-c.org/ns/1.0">
       <teiHeader>
          <fileDesc>
             <titleStmt>
                <title>Письмо №* 44. М. Н. Лонгинову.</title>
             </titleStmt>
             <publicationStmt>
                <publisher>TolstoyLab</publisher>
                <date when="2015-09-14">14 September 2015</date>
             </publicationStmt>
             <sourceDesc>
                <biblStruct>
                   <analytic>
                      <author>Толстой Л.Н.</author>
                   </analytic>
                   <monogr>
                      <title level="m">Полное собрание сочинений. Том 61</title>
                      <imprint>
                         <pubPlace>Москва</pubPlace>
                         <publisher>Государственное издательство "Художественная литература"</publisher>
                         <date when="1953"/>
                      </imprint>
                   </monogr>
                   <series>
                      <title level="s">Л.Н. Толстой. Полное собрание сочинений</title>
                      <biblScope unit="vol">61</biblScope>
                   </series>
                </biblStruct>
             </sourceDesc>
          </fileDesc>
          <encodingDesc>
             <tagsDecl> </tagsDecl>
          </encodingDesc>
          <profileDesc>
             <correspDesc>
                <correspAction type="sending">
                   <persName ref="PersonList.xml#L_N_Tolstoy">Л. Н. Толстой</persName>
                   <placeName ref="PlacesListxml#PLACE">Я. П.</placeName>
                   <date when="1864-03-26">1864 г.? Марта 26.</date>            </correspAction>
                <correspAction type="receiving">
                   <persName ref="PersonList.xml#RECEIVER">Лонгинов Михаил Николаевич</persName>
                </correspAction>
                <correspContext>
                   <ref type="prev"></ref>
                </correspContext>
             </correspDesc>
          </profileDesc>
       </teiHeader>
       <xenoData><number type="in a volume">44</number></xenoData>

              <text xml:id="M__N__Longinovu_44">
	<body><div>
		<opener index="false">
* 44. М. Н. Лонгинову.
1864 г.? Марта 26. Я. П.</opener>
<p rend="left">Очень мне совестно, любезный Михаил Николаевич, за то, что я похвастался своим порядком в книгах, да тут-то и попался!</p>
<p rend="left">Дело в том, что в то время, как я брал у вас книги, я много накупил, и две из ваших книг, именно: Походн[ые] записки р[усского] оф[ицера]<note xml:id="note1" resp="volume_editor" index="false"> «Походные записки русского офицера, изданные И. Лажечниковым», М. 1836.</note> и брошюры, я, спутав, принял за свои книги и не <hi style="opdelimiter">отложил.</hi><hi style="opnumber">42</hi></p>
<p rend="left"><hi style="npnumber">43</hi><hi style="npdelimiter">Получив</hi> же ваше письмо,<note xml:id="note2" resp="volume_editor" index="false"> Письмо неизвестно.</note> тотчас нашел требуемое. Если бы вы написали мне, что 6 книг, то тогда бы я сейчас нашел их. Извините, пожалуйста, за то беспокойство, которое доставила вам эта мнимая пропажа. В вознаграждение за эту мнимую пропажу, если бы вы мне сделали когда-нибудь большое удовольствие заехать ко мне, я бы вас попросил взять у меня те книги из моих материалов, которые бы вам показались того достойными. Мне они не нужны, а именно, судя по тому, что описание пожара Москвы Шаликова,<note xml:id="note3" resp="volume_editor" index="false"> Петр Иванович Шаликов (1768—1852). Толстой имеет в виду его книгу: «Историческое известие о пребывании в Москве французов 1812 года», М. 1813.</note> которое оказывается редкостью, у меня есть в другом экземпляре. Я думаю, что есть и другие для вашей библиотеки<note xml:id="note4" resp="volume_editor" index="false"> Многотомная библиотека М. Н. Лонгинова заключала немало библиографических редкостей. После смерти его была передана его дочерью А. М. Козловской Пушкинскому дому.</note> годные книги.</p>
<p rend="center">Искренно преданный вам</p>
<p rend="right">гр. Л. Толстой.</p>
<p rend="left">26 марта.</p>
<comments><p rend="Textpetit_otstup left">Датируется сопоставлением с письмом № 42.</p>
<p rend="Textpetit_otstup left"><hi>1</hi> «Походные записки русского офицера, изданные И. Лажечниковым», М. 1836.</p>
<p rend="petit left"><hi>2</hi> Письмо неизвестно.</p>
<p rend="petit left"><hi>3</hi> Петр Иванович Шаликов (1768—1852). Толстой имеет в виду его книгу: «Историческое известие о пребывании в Москве французов 1812 года», М. 1813.</p>
<p rend="petit left"><hi>4</hi> Многотомная библиотека М. Н. Лонгинова заключала немало библиографических редкостей. После смерти его была передана его дочерью А. М. Козловской Пушкинскому дому.</p>
</comments></div></body>
        </text>
        </TEI>