<?xml version="1.0" encoding="UTF-8"?>
    <!-- <?xml-stylesheet type="text/xsl" target="../resources/MJT/myletter.xsl"?> -->
    <?xml-stylesheet type="css" target="graves.css"?>
    <?xml-model target="http://www.tei-c.org/release/xml/tei/custom/schema/relaxng/tei_all.rng" type="application/xml" schematypens="http://relaxng.org/ns/structure/1.0"?>
    <?xml-model target="http://www.tei-c.org/release/xml/tei/custom/schema/relaxng/tei_all.rng" type="application/xml"
            schematypens="http://purl.oclc.org/dsdl/schematron"?>
    <TEI xmlns="http://www.tei-c.org/ns/1.0">
       <teiHeader>
          <fileDesc>
             <titleStmt>
                <title>Письмо №14. П. Д. Голохвастову.</title>
             </titleStmt>
             <publicationStmt>
                <publisher>TolstoyLab</publisher>
                <date when="2015-09-14">14 September 2015</date>
             </publicationStmt>
             <sourceDesc>
                <biblStruct>
                   <analytic>
                      <author>Толстой Л.Н.</author>
                   </analytic>
                   <monogr>
                      <title level="m">Полное собрание сочинений. Том 62</title>
                      <imprint>
                         <pubPlace>Москва</pubPlace>
                         <publisher>Государственное издательство "Художественная литература"</publisher>
                         <date when="1953"/>
                      </imprint>
                   </monogr>
                   <series>
                      <title level="s">Л.Н. Толстой. Полное собрание сочинений</title>
                      <biblScope unit="vol">62</biblScope>
                   </series>
                </biblStruct>
				<bibl>Впервые опубликовано в «Литературном наследстве», т. 37-38, М. 1939, стр. 148—149. Год определяется сопоставлением с письмом С. А. Толстой к Т. А. Кузминской от 20 марта 1873 г. На письме пометка С. А. Толстой: «Непосланное письмо». Ср. ниже письмо к П. Д. Голохвастову от 9...10? апреля 1873 г.</bibl>
             </sourceDesc>
          </fileDesc>
          <encodingDesc>
             <tagsDecl> </tagsDecl>
          </encodingDesc>
          <profileDesc>
             <correspDesc>
                <correspAction type="sending">
                   <persName ref="PersonList.xml#L_N_Tolstoy">Л. Н. Толстой</persName>
                   <placeName ref="PlacesListxml#PLACE">Я. П.</placeName>
                   <date when="1873-03-30">1873 г. Марта 30.</date>            </correspAction>
                <correspAction type="receiving">
                   <persName ref="PersonList.xml#RECEIVER">Голохвастов Павел Дмитриевич</persName>
                </correspAction>
                <correspContext>
                   <ref type="prev"></ref>
                </correspContext>
             </correspDesc>
          </profileDesc>
       </teiHeader>
       <xenoData><number type="in a volume">14</number></xenoData>

              <text xml:id="P.D.Goloxvastovu_14">
	<body><div>
		<opener index="false">
14. П. Д. Голохвастову. Неотправленное.
1873 г. Марта 30. Я. П.
</opener><p rend="right">30 марта.</p>
<p rend="left">Очень вам благодарен, Павел Дмитриевич, за вашу память обо мне и за присылку книг. Я их еще не получал и нынче посылаю объявленье. — Радуюсь вашей свободе и надеюсь, что вы ее употребите хорошо. Мои любимые для вас занятия это повесть в прозе и былину Ильи для Шатилова.<note xml:id="note1" resp="volume_editor" index="false">Имеется в виду работа П. Д. Голохвастова над переделкой былины об Илье Муромце для предпринятого Московским комитетом грамотности, председателем которого был И. Н. Шатилов (см. прим. 2 к письму № 63), издания книг для народного чтения.</note> Драма это ваше дело с самим собой, и я сужденья иметь себе не позволяю. —</p>
<p rend="left">Вы не поверите, что я с восторгом, давно уже мною не испытываемым, читал это последнее время, после вас — повести Белкина, в 7-й раз в моей жизни. Писателю надо не переставать изучать это сокровище. На меня это новое изучение произвело сильное действие. Я работаю, но совсем не то, что хотел.<note xml:id="note2" resp="volume_editor" index="false"> <ref target='file:///Volume_62_N.N.Straxovu_13.xml'>См. письмо № 13</ref>.</note> —</p>
<p rend="left">Прочел на днях Le petit chose, Daudet.<hi>8</hi> Вероятно, Ольга Андреевна<note xml:id="note3" resp="volume_editor" index="false">Ольга Андреевна Голохвастова (ум. 1894), жена П. Д. Голохвастова, писательница. Перу ее принадлежит несколько драм и повестей, печатавшихся в «Беседе» и «Русском вестнике».</note> обмолвилась, назвав его рядом с Droz.<note xml:id="note4" resp="volume_editor" index="false"> Гюстав Дроз (1832—1895) — французский писатель. В автобиографических записях С. А. Толстой, в части, относящейся к 1873 г., есть воспоминания о совместном с Толстым чтении вслух романа Дроза «Babolain» (Париж, 1872). Его, вероятно, и сравнивает Толстой с «Малышом» Додэ.</note> Поэзия и дрова. Но очень хорошая вещь Prosper Randoce Gherbulier<note xml:id="note5" resp="volume_editor" index="false"> Виктор Шербюлье (1829—1899) — французский романист. В образе героя своего романа «Проспер Рандос» (Париж, 1868), бездарного, тщеславного поэта, Шербюлье высмеял отрицательные стороны литератора, мнящего себя гением.</note> — советую прочесть. — Замечательная вещь, что у англичан и у французов не переводится поэзия, а у всех остальных европейцев, особенно у немцев — ничего. Как вы это подведете под свою теорию <hi style="opdelimiter">искусства?</hi><hi style="opnumber">18</hi></p>
<p rend="left"><hi style="npnumber">19</hi><hi style="npdelimiter">До</hi> свиданья, желаю от всей души вам плодотворной и удовлетворяющей деятельности и прошу не забывать, что я горячо сочувствую вам и вашим замыслам и стремлениям.</p>
<p rend="right">Ваш Л. Толстой.</p>
<lb/>
<p rend="left"><hi>На конверте рукой Толстого:</hi></p>
<p rend="left">В Воскресенск. Московской губернии.</p>
<p rend="Obrashenie_ left">Его высокоблагородию</p>
<p rend="Obrashenie1 left">Павлу Дмитриевичу </p>
<p rend="Obrashenie2 left">Голохвастову</p>
<comments><p rend="Textpetit_otstup left">Впервые опубликовано в «Литературном наследстве», т. 37-38, М. 1939, стр. 148—149. Год определяется сопоставлением с письмом С. А. Толстой к Т. А. Кузминской от 20 марта 1873 г. На письме пометка С. А. Толстой: «Непосланное письмо». Ср. ниже письмо к П. Д. Голохвастову от 9...10? апреля 1873 г.</p>
<p rend="Textpetit_otstup left"><hi>1 </hi>Имеется в виду работа П. Д. Голохвастова над переделкой былины об Илье Муромце для предпринятого Московским комитетом грамотности, председателем которого был И. Н. Шатилов (см. прим. 2 к письму № 63), издания книг для народного чтения.</p>
<p rend="petit left"><hi>2</hi> <ref target='file:///Volume_62_N.N.Straxovu_13.xml'>См. письмо № 13</ref>.</p>
<p rend="petit left"><hi>3 </hi>«Малыш» — роман Альфонса Додэ (1840—1897).</p>
<p rend="petit left"><hi>4 </hi>Ольга Андреевна Голохвастова (ум. 1894), жена П. Д. Голохвастова, писательница. Перу ее принадлежит несколько драм и повестей, печатавшихся в «Беседе» и «Русском вестнике».</p>
<p rend="petit left"><hi>5</hi> Гюстав Дроз (1832—1895) — французский писатель. В автобиографических записях С. А. Толстой, в части, относящейся к 1873 г., есть воспоминания о совместном с Толстым чтении вслух романа Дроза «Babolain» (Париж, 1872). Его, вероятно, и сравнивает Толстой с «Малышом» Додэ.</p>
<p rend="petit left"><hi>6</hi> Виктор Шербюлье (1829—1899) — французский романист. В образе героя своего романа «Проспер Рандос» (Париж, 1868), бездарного, тщеславного поэта, Шербюлье высмеял отрицательные стороны литератора, мнящего себя гением.</p>
</comments></div></body>
        </text>
        </TEI>