<?xml version="1.0" encoding="UTF-8"?>
    <!-- <?xml-stylesheet type="text/xsl" target="../resources/MJT/myletter.xsl"?> -->
    <?xml-stylesheet type="css" target="graves.css"?>
    <?xml-model target="http://www.tei-c.org/release/xml/tei/custom/schema/relaxng/tei_all.rng" type="application/xml" schematypens="http://relaxng.org/ns/structure/1.0"?>
    <?xml-model target="http://www.tei-c.org/release/xml/tei/custom/schema/relaxng/tei_all.rng" type="application/xml"
            schematypens="http://purl.oclc.org/dsdl/schematron"?>
    <TEI xmlns="http://www.tei-c.org/ns/1.0">
       <teiHeader>
          <fileDesc>
             <titleStmt>
                <title>Письмо №* 11. М. А. Иславину.</title>
             </titleStmt>
             <publicationStmt>
                <publisher>TolstoyLab</publisher>
                <date when="2015-09-14">14 September 2015</date>
             </publicationStmt>
             <sourceDesc>
                <biblStruct>
                   <analytic>
                      <author>Толстой Л.Н.</author>
                   </analytic>
                   <monogr>
                      <title level="m">Полное собрание сочинений. Том 60</title>
                      <imprint>
                         <pubPlace>Москва</pubPlace>
                         <publisher>Государственное издательство "Художественная литература"</publisher>
                         <date when="1949"/>
                      </imprint>
                   </monogr>
                   <series>
                      <title level="s">Л.Н. Толстой. Полное собрание сочинений</title>
                      <biblScope unit="vol">60</biblScope>
                   </series>
                </biblStruct>
             </sourceDesc>
          </fileDesc>
          <encodingDesc>
             <tagsDecl> </tagsDecl>
          </encodingDesc>
          <profileDesc>
             <correspDesc>
                <correspAction type="sending">
                   <persName ref="PersonList.xml#L_N_Tolstoy">Л. Н. Толстой</persName>
                   <placeName ref="PlacesListxml#PLACE">Я. П.</placeName>
                   <date when="1856-05-29">1856 г. Мая 29.</date>            </correspAction>
                <correspAction type="receiving">
                   <persName ref="PersonList.xml#RECEIVER">Иславин Михаил Александрович</persName>
                </correspAction>
                <correspContext>
                   <ref type="prev"></ref>
                </correspContext>
             </correspDesc>
          </profileDesc>
       </teiHeader>
       <xenoData><number type="in a volume">11</number></xenoData>

              <text xml:id="M.A.Islavinu_11">
	<body><div>
		<opener index="false">
* 11. М. А. Иславину.
1856 г. Мая 29. Я. П.</opener>
<p rend="left">Что с вами случилось, милейший Михаил Александрович? ― Все ваши в Москве в том же неведении и недоумении, как и я. Для меня же, кроме недоумения, есть важный вопрос о квартере, в которой у меня осталась мебель и за которую, за квартеру, за май я не платил еще. Согласны ли вы все-таки удержать ее (за май вы вычтете) и взять мебель кроме кабинетной? ― У меня там остался господин Горбунов,<note xml:id="note1" resp="volume_editor" index="false"> Иван Федорович Горбунов. См. прим. к п. № 15.</note> который всё передаст вам. Лучше всего бы было, ежели бы вы заехали ко мне на обратном пути. Передайте пожалуйста мой душевный поклон Ал[ександру] Мих[айловичу] и С[офье] Ал[ександровне]<note xml:id="note2" resp="volume_editor" index="false">Александр Михайлович Исленьев (1794―1882) (о нем см. т. 59, стр. 671) и его вторая жена Софья Александровна, рожд. Жданова (1812―1880), дочь одоевского исправника. Она изображена в «Детстве» в лице «belle Flamande».</note> и до свиданья. ―</p>
<p rend="right rightindent">Вам преданный </p>
<p rend="right">Гр. Л. Толстой.</p>
<p rend="left">29 Мая.</p>
<lb/>
<p rend="left"><hi>На четвертой странице:</hi></p>
<p rend="left">Его Высокоблагородию Михаилу Александро[вичу] Иславину.</p>
<comments><p rend="Textpetit_otstup left">Год определяется содержанием.</p>
<p rend="petit left">На 4-й странице письма, свернутого и запечатанного сургучом, написано рукой неизвестного: «Очень бы желал вас видеть ― я ожидаю на-днях к себе Веру и сам поеду ее проводить до Тулы ― как-нибудь и вас авось увижу. ― Письмо отсылаю вам назад, потому что Михаила Александровича здесь не было и нет, и я совершенно не знаю, где он обретается».</p>
<p rend="petit left">Михаил Александрович Иславин (1819―1905) ― второй сын приятеля отца Толстого Александра Михайловича Исленьева, чиновник <hi style="opdelimiter">Министерства</hi><hi style="opnumber">61</hi> <hi style="npnumber">62</hi><hi style="npdelimiter">государственных</hi> имуществ. Толстой впоследствии женился на его племяннице Софье Андреевне Берс.</p>
<p rend="petit left">Толстому 10 июня 1856 г. Иславин написал письмо с отказом сохранить петербургскую квартиру Толстого за собой.</p>
<p rend="Textpetit_otstup left"><hi>1</hi> Иван Федорович Горбунов. См. прим. к п. № 15.</p>
<p rend="petit left"><hi>2 </hi>Александр Михайлович Исленьев (1794―1882) (о нем см. т. 59, стр. 671) и его вторая жена Софья Александровна, рожд. Жданова (1812―1880), дочь одоевского исправника. Она изображена в «Детстве» в лице «belle Flamande».</p>
</comments></div></body>
        </text>
        </TEI>