<?xml version="1.0" encoding="UTF-8"?>
    <!-- <?xml-stylesheet type="text/xsl" target="../resources/MJT/myletter.xsl"?> -->
    <?xml-stylesheet type="css" target="graves.css"?>
    <?xml-model target="http://www.tei-c.org/release/xml/tei/custom/schema/relaxng/tei_all.rng" type="application/xml" schematypens="http://relaxng.org/ns/structure/1.0"?>
    <?xml-model target="http://www.tei-c.org/release/xml/tei/custom/schema/relaxng/tei_all.rng" type="application/xml"
            schematypens="http://purl.oclc.org/dsdl/schematron"?>
    <TEI xmlns="http://www.tei-c.org/ns/1.0">
       <teiHeader>
          <fileDesc>
             <titleStmt>
                <title>Письмо №407. П. Н. Свистунову.</title>
             </titleStmt>
             <publicationStmt>
                <publisher>TolstoyLab</publisher>
                <date when="2015-09-14">14 September 2015</date>
             </publicationStmt>
             <sourceDesc>
                <biblStruct>
                   <analytic>
                      <author>Толстой Л.Н.</author>
                   </analytic>
                   <monogr>
                      <title level="m">Полное собрание сочинений. Том 62</title>
                      <imprint>
                         <pubPlace>Москва</pubPlace>
                         <publisher>Государственное издательство "Художественная литература"</publisher>
                         <date when="1953"/>
                      </imprint>
                   </monogr>
                   <series>
                      <title level="s">Л.Н. Толстой. Полное собрание сочинений</title>
                      <biblScope unit="vol">62</biblScope>
                   </series>
                </biblStruct>
				<bibl>Впервые опубликовано в юбилейном сборнике «Лев Николаевич Толстой», М. — Л. 1928, стр. 61—62. Год определяется содержанием.</bibl>
             </sourceDesc>
          </fileDesc>
          <encodingDesc>
             <tagsDecl> </tagsDecl>
          </encodingDesc>
          <profileDesc>
             <correspDesc>
                <correspAction type="sending">
                   <persName ref="PersonList.xml#L_N_Tolstoy">Л. Н. Толстой</persName>
                   <placeName ref="PlacesListxml#PLACE">Я. П.</placeName>
                   <date when="1878-03-14">1878 г. Марта 14.</date>            </correspAction>
                <correspAction type="receiving">
                   <persName ref="PersonList.xml#RECEIVER">Свистунов Петр Николаевич</persName>
                </correspAction>
                <correspContext>
                   <ref type="prev"></ref>
                </correspContext>
             </correspDesc>
          </profileDesc>
       </teiHeader>
       <xenoData><number type="in a volume">407</number></xenoData>

              <text xml:id="P.N.Svistunovu_407">
	<body><div>
		<opener index="false">
407. П. Н. Свистунову.
1878 г. Марта 14. Я. П.
</opener>
<p rend="Obrashenie left">Многоуважаемый Петр Николаевич!</p>
<p rend="left">Когда вы говорите со мной, вам кажется, вероятно, что всё, что вы говорите, очень просто и обыкновенно, а для меня каждое ваше слово, взгляд, мысль кажутся чрезвычайно важны и необыкновенны; и не потому, чтобы я особенно дорожил <hi style="opdelimiter">теми</hi><hi style="opnumber">394</hi> <hi style="npnumber">395</hi><hi style="npdelimiter">фактическими</hi> сведениями, которые вы сообщаете; а потому, что ваша беседа переносит меня на такую высоту чувства, которая очень редко встречается в жизни и всегда глубоко трогает меня. Я пишу эти несколько слов только, чтобы сказать вам это и попросить о двух вещах: 1) передать А. П. Беляеву вложенное письмо<note xml:id="note1" resp="volume_editor" index="false">Александр Петрович Беляев (1803—1885) — декабрист. Не будучи членом тайного общества, он, как «энтузиаст свободы», принял <hi style="opdelimiter">участие</hi><hi style="opnumber">395</hi> <hi style="npnumber">396</hi><hi style="npdelimiter">в</hi> восстании 14 декабря и был осужден к 12 годам каторжных работ и ссылке в Сибирь; срок был сокращен до 8 лет, и в 1833 г. он был переведен на поселение в Минусинск, а в 1839 г. определен рядовым на Кавказ в Кабардинский полк; в 1846 г. уволен в отставку с чином подпоручика. — Толстой познакомился с Беляевым в 1878 г., вероятно во второй свой приезд в Москву 4—5 марта. Упоминаемое письмо Толстого неизвестно. Ответ А. П. Беляева от 10 апреля 1878 г. напечатан в сборнике «Тайные общества в России в начале XIX столетия», М. 1926, стр. 206.</note> (я не знаю его адреса) и 2), пользуясь вашим позволением делать вопросы, спросить, нет ли у вас того религиозного сочинения или записки Бобрищева-Пушкина,<note xml:id="note2" resp="volume_editor" index="false"> Павел Сергеевич Бобрищев-Пушкин (1802—1865) — декабрист, член Южного общества; был приговорен к 12 годам каторжных работ и вечному поселению в Сибири. В 1832 г. был переведен на поселение в Красноярск; в 1839 г. переехал в Тобольск, где жил у П. Н. Свистунова, с которым был связан тесной дружбой. В 1856 г. по амнистии вернулся в Тульскую губернию в имение сестры. «Записка» его, о которой упоминает Толстой, неизвестна.</note> которое он написал в Чите, и ответа Барятинского.<note xml:id="note3" resp="volume_editor" index="false"> Александр Петрович Барятинский (1798—1844) — декабрист, член Южного общества. Был приговорен к пожизненным каторжным работам; срок был сокращен до 15 лет; отбывал каторгу в Нерчинских рудниках; в 1839 г. переведен на поселение в Тобольск, где и умер. По мировоззрению — материалист и атеист в духе французских энциклопедистов. Возражения его на религиозное сочинение П. С. Бобрищева-Пушкина неизвестны.</note> Если нет, то не можете ли вы вспомнить и рассказать, в чем состояло и то и другое.</p>
<p rend="left">Я был в Петропавловск[ой] крепости,<note xml:id="note4" resp="volume_editor" index="false"> Толстой осматривал Петропавловскую крепость 8 марта. См. «Воспоминания гр. А. А. Толстой» (ПТ, стр. 19).</note> и там мне рассказывали, что <hi>один</hi> из преступников бросился в Неву и потом ел стекло. Не могу выразить того странного и сильного чувства, которое я испытал, зная, что это были вы.<note xml:id="note5" resp="volume_editor" index="false"> К этому месту письма неизвестной рукой (не Свистунова) сделано примечание: «Толстой ошибся: это был Муравьев-Апостол». Однако в действительности это событие произошло (16 июня 1826 г.) именно со Свистуновым, как это следует из рапорта коменданта Сукина от 17 июня 1826 г. (напечатан в примечании к публикации письма Толстого к Свистунову в юбилейном сборнике «Лев Николаевич Толстой», М. — Л. 1928, стр. 62—63).</note> Подобное же чувство я испытал там же, когда мне принесли кандалы ручные и ножные 25-го года. —</p>
<p rend="right">Истинно и глубоко уважающий вас гр. Л. Толстой.</p>
<p rend="left">14 марта.</p>
<p rend="left">Адрес: Л. Н. Толстому, Тула.</p>
<p rend="left">Еще вопрос: что за лицо был комендант Сукин.<note xml:id="note6" resp="volume_editor" index="false"> Александр Яковлевич Сукин (1764—1837) — генерал от инфантерии, член Государственного и Военного советов, в 1825 г. — комендант Петропавловской крепости.</note></p>
<comments><p rend="Textpetit_otstup left">Впервые опубликовано в юбилейном сборнике «Лев Николаевич Толстой», М. — Л. 1928, стр. 61—62. Год определяется содержанием.</p>
<p rend="petit left">Петр Николаевич Свистунов (1803—1889) — декабрист, член Северного и Южного обществ; арестованный после восстания 14 декабря, был присужден Верховным уголовным судом к бессрочной каторге, замененной 20 годами каторжных работ и вечным поселением в Сибири. Срок этот был впоследствии сокращен до десяти лет. В 1836 г. вышел на поселение. По возвращении в 1856 г. в Россию поселился в Калуге и принимал деятельное участие в проведении крестьянской реформы в качестве члена Калужского по крестьянским делам присутствия, где состоял в группе либерального меньшинства вместе с декабристами Г. С. Батенковым и Е. П. Оболенским и петрашевцем Н. С. Кашкиным. В 1863 г. переехал в Москву. Четыре письма его к Толстому опубликованы в сборнике «Тайные общества в России в начале XIX столетия», М. 1926, стр. 199—204.</p>
<p rend="petit left">Толстой познакомился со Свистуновым 9 февраля 1878 г., вероятно, при посредстве редактора «Русского архива» П. И. Бартенева. Остановившись на два дня в Москве 4—5 марта, проездом в Петербург, он опять был у Свистунова и «просидел у него 4 часа, слушая прелестные рассказы его и другого декабриста, Беляева» (письмо к С. А. Толстой от 5 марта 1878 г., т. 83, стр. 245).</p>
<p rend="Textpetit_otstup left"><hi>1 </hi>Александр Петрович Беляев (1803—1885) — декабрист. Не будучи членом тайного общества, он, как «энтузиаст свободы», принял <hi style="opdelimiter">участие</hi><hi style="opnumber">395</hi> <hi style="npnumber">396</hi><hi style="npdelimiter">в</hi> восстании 14 декабря и был осужден к 12 годам каторжных работ и ссылке в Сибирь; срок был сокращен до 8 лет, и в 1833 г. он был переведен на поселение в Минусинск, а в 1839 г. определен рядовым на Кавказ в Кабардинский полк; в 1846 г. уволен в отставку с чином подпоручика. — Толстой познакомился с Беляевым в 1878 г., вероятно во второй свой приезд в Москву 4—5 марта. Упоминаемое письмо Толстого неизвестно. Ответ А. П. Беляева от 10 апреля 1878 г. напечатан в сборнике «Тайные общества в России в начале XIX столетия», М. 1926, стр. 206.</p>
<p rend="petit left"><hi>2</hi> Павел Сергеевич Бобрищев-Пушкин (1802—1865) — декабрист, член Южного общества; был приговорен к 12 годам каторжных работ и вечному поселению в Сибири. В 1832 г. был переведен на поселение в Красноярск; в 1839 г. переехал в Тобольск, где жил у П. Н. Свистунова, с которым был связан тесной дружбой. В 1856 г. по амнистии вернулся в Тульскую губернию в имение сестры. «Записка» его, о которой упоминает Толстой, неизвестна.</p>
<p rend="petit left"><hi>3</hi> Александр Петрович Барятинский (1798—1844) — декабрист, член Южного общества. Был приговорен к пожизненным каторжным работам; срок был сокращен до 15 лет; отбывал каторгу в Нерчинских рудниках; в 1839 г. переведен на поселение в Тобольск, где и умер. По мировоззрению — материалист и атеист в духе французских энциклопедистов. Возражения его на религиозное сочинение П. С. Бобрищева-Пушкина неизвестны.</p>
<p rend="petit left"><hi>4</hi> Толстой осматривал Петропавловскую крепость 8 марта. См. «Воспоминания гр. А. А. Толстой» (ПТ, стр. 19).</p>
<p rend="petit left"><hi>5</hi> К этому месту письма неизвестной рукой (не Свистунова) сделано примечание: «Толстой ошибся: это был Муравьев-Апостол». Однако в действительности это событие произошло (16 июня 1826 г.) именно со Свистуновым, как это следует из рапорта коменданта Сукина от 17 июня 1826 г. (напечатан в примечании к публикации письма Толстого к Свистунову в юбилейном сборнике «Лев Николаевич Толстой», М. — Л. 1928, стр. 62—63).</p>
<p rend="petit left"><hi>6</hi> Александр Яковлевич Сукин (1764—1837) — генерал от инфантерии, член Государственного и Военного советов, в 1825 г. — комендант Петропавловской крепости.</p>
<p rend="petit left">Свистунов ответил 20 марта 1878 г. Письмо его опубликовано в книге «Тайные общества в России в начале XIX столетия», М. 1926, стр. 200—201.</p>
</comments></div></body>
        </text>
        </TEI>