<?xml version="1.0" encoding="UTF-8"?>
    <!-- <?xml-stylesheet type="text/xsl" target="../resources/MJT/myletter.xsl"?> -->
    <?xml-stylesheet type="css" target="graves.css"?>
    <?xml-model target="http://www.tei-c.org/release/xml/tei/custom/schema/relaxng/tei_all.rng" type="application/xml" schematypens="http://relaxng.org/ns/structure/1.0"?>
    <?xml-model target="http://www.tei-c.org/release/xml/tei/custom/schema/relaxng/tei_all.rng" type="application/xml"
            schematypens="http://purl.oclc.org/dsdl/schematron"?>
    <TEI xmlns="http://www.tei-c.org/ns/1.0">
       <teiHeader>
          <fileDesc>
             <titleStmt>
                <title>Письмо №31. В. В. Арсеньевой.</title>
             </titleStmt>
             <publicationStmt>
                <publisher>TolstoyLab</publisher>
                <date when="2015-09-14">14 September 2015</date>
             </publicationStmt>
             <sourceDesc>
                <biblStruct>
                   <analytic>
                      <author>Толстой Л.Н.</author>
                   </analytic>
                   <monogr>
                      <title level="m">Полное собрание сочинений. Том 60</title>
                      <imprint>
                         <pubPlace>Москва</pubPlace>
                         <publisher>Государственное издательство "Художественная литература"</publisher>
                         <date when="1949"/>
                      </imprint>
                   </monogr>
                   <series>
                      <title level="s">Л.Н. Толстой. Полное собрание сочинений</title>
                      <biblScope unit="vol">60</biblScope>
                   </series>
                </biblStruct>
             </sourceDesc>
          </fileDesc>
          <encodingDesc>
             <tagsDecl> </tagsDecl>
          </encodingDesc>
          <profileDesc>
             <correspDesc>
                <correspAction type="sending">
                   <persName ref="PersonList.xml#L_N_Tolstoy">Л. Н. Толстой</persName>
                   <placeName ref="PlacesListxml#PLACE">Москва.</placeName>
                   <date when="1856-11-02">1856 г. Ноября 2.</date>            </correspAction>
                <correspAction type="receiving">
                   <persName ref="PersonList.xml#RECEIVER">Арсеньев Владимир Михайлович</persName>
                </correspAction>
                <correspContext>
                   <ref type="prev"></ref>
                </correspContext>
             </correspDesc>
          </profileDesc>
       </teiHeader>
       <xenoData><number type="in a volume">31</number></xenoData>

              <text xml:id="V.V.Arsenevoj_31">
	<body><div>
		<opener index="false">
31. В. В. Арсеньевой.
1856 г. Ноября 2. Москва.</opener>
<p rend="right">2-е Ноября.</p>
<p rend="right">Москва.</p>
<p rend="left">Вчера приехал ночью,<note xml:id="note1" resp="volume_editor" index="false"> Толстой приехал в Москву ночью 1 ноября.</note> сейчас встал и с радостью почувствовал, что первая мысль моя была о вас и что сажусь писать не для того, чтобы исполнить обещание, а потому что хочется, тянет. — Ваш фаворит, <hi>глупый человек</hi> во всё время дороги совершенно вышел из повиновения, рассуждал такой вздор и делал такие нелепые, хотя и милые планы, что я начинал бояться его. Он дошел до того, что хотел ехать назад с тем, чтобы вернуться в Судаково, наговорить вам глупостей и никогда больше не расставаться с вами. К счастью, я давно привык презирать его рассужденья и не обращать на него никакого внимания. — Но когда он пустился в рассуждения, его товарищ, хороший человек, которого вы не любите, тоже стал рассуждать и разбил глупого человека в дребезги. <hi style="opdelimiter">Глупый</hi><hi style="opnumber">95</hi> <hi style="npnumber">96</hi><hi style="npdelimiter">человек</hi> говорил, что глупо рисковать будущим, искушать себя и терять хоть минуту счастия. «Ведь ты счастлив, когда ты с ней, смотришь на нее, слушаешь, говоришь? — говорил <hi>г</hi>[<hi>лупый</hi>] <hi>ч</hi>[<hi>еловек</hi>]<hi>,</hi> — так зачем же ты лишаешь себя этого счастия, может, тебе только день, только час впереди, может быть, ты так устроен, что ты не можешь любить долго, а все-таки это самая сильная любовь, которую ты в состоянии испытывать, ежели бы ты только свободно предался ей. Потом, не гадко ли с твоей стороны отвечать таким холодным, рассудительным чувством на ее чистую, преданную любовь». — Всё это говорил <hi>г</hi>[<hi>лупый</hi>]<hi> ч</hi>[<hi>еловек</hi>],<hi> </hi>но хороший человек, хотя и растерялся немного сначала, на всё это отвечал вот как: «Во первых, ты врешь, что с ней счастлив; правда, я испытываю наслаждение слушать ее, смотреть ей в глаза, но это не счастье и даже не хорошее наслаждение, простительное для Мортье,<note xml:id="note2" resp="volume_editor" index="false"> О Мортье см. прим. 7 к п. № 19.</note> а не для тебя; потом, часто даже мне тяжело бывает с ней, а главное, что я нисколько не теряю счастия, как ты говоришь, я теперь счастлив ею, хотя не вижу ее. Насчет того, что ты называешь моим холодным чувством, я скажу тебе, что оно в 1000 раз сильнее и лучше твоего, хотя я и удерживаю его. Ты любишь ее для своего счастия, а я люблю ее для ее счастия». Вот как они рассуждали, и хороший человек 1000 раз прав. Полюбите его немного. Ежели бы я отдался чувству глупого человека и вашему, я знаю, что всё, что могло бы произойти от этого, это месяц безалаберного счастия. Я отдавался ему теперь перед моим отъездом и чувствовал, что я становился дурен и недоволен собой; я ничего не мог говорить вам, кроме глупых нежностей, за которые мне совестно теперь. На это будет время, и счастливое время. Я благодарю Бога за то, что он внушил мне мысль и поддержал меня в намереньи уехать, потому что я один не мог бы этого сделать. Я верю, что он руководил мной для нашего общего счастья. Вам простительно думать и чувствовать как <hi>гл</hi>[<hi>упый</hi>]<hi> ч</hi>[<hi>еловек</hi>]<hi>,</hi> но мне бы было постыдно и грешно. Я уже люблю в вас вашу красоту, но я начинаю только любить в вас то, что вечно и всегда драгоценно — ваше сердце, вашу душу. Красоту можно узнать и полюбить в час и разлюбить так же скоро, но душу надо узнать. Поверьте, ничто в мире не дается без труда — даже любовь, самое прекрасное и естественное чувcтво. Простите за глупое сравнение. Любить, как любит <hi>гл</hi>[<hi>упый</hi>] <hi>чел</hi>[<hi>овек</hi>]<hi>,</hi> это играть <hi style="opdelimiter">сонату</hi><hi style="opnumber">96</hi> <hi style="npnumber">97</hi><hi style="npdelimiter">без</hi> такту, без знаков, с постоянной педалью, но с <hi>чувством</hi>, не доставляя этим ни себе, ни другим истинного наслаждения. Но для того, чтобы позволить себе отдаться чувству музыки, нужно прежде удерживаться, трудиться, работать, и поверьте, что нет наслаждения в жизни, кот[орое] бы давалось так. Всё приобретается трудом и лишениями. Но зато, чем тяжелее труд и лишения, тем выше награда. А нам предстоит огромный труд — понять друг друга и удержать друг к другу любовь и уважение. — Неужели вы думаете, что, ежели бы мы отдались чувству <hi>гл</hi>[<hi>упого</hi>]<hi> чел</hi>[<hi>овека</hi>], мы теперь бы поняли друг друга? Нам бы показалось, но потом мы бы увидали громадный овраг и, истратив чувство на глупые нежности, уж ничем его бы не заравняли. Я берегу чувство, как сокровище, потому что оно одно в состоянии прочно соединить нас во всех взглядах на жизнь; а без этого нет любви. — Я в этом отношении очень много ожидаю от нашей переписки, мы будем рассуждать спокойно; я буду вникать в каждое ваше слово, и вы делайте то же, и я не сомневаюсь, что мы поймем друг друга. Для этого есть все условия — и чувство и честность с обеих сторон. — Спорьте, доказывайте, учите меня, спрашивайте объяснений. — Вы, пожалуй, скажете, что мы и теперь понимаем друг друга. Нет, мы только верим друг другу (я иногда, глядя на вас, готов согласиться, что il n’y a rien de plus beau au monde, qu’une rob brochée d’or<note xml:id="note3" resp="volume_editor" index="false"> [ничего нет на свете более прекрасного, чем вытканное золотом платье]</note>), но не согласны еще во многом. Я дорогой перебирал 1000 предметов, писем или разговоров. В следующем письме напишу вам планы образа жизни Храповицких,<note xml:id="note4" resp="volume_editor" index="false"> Храповицкими Толстой называл в письмах себя и В. В. Арсеньеву, изображая историю их отношений.</note> потом о ваших родных, о Киреевск[ом],<note xml:id="note5" resp="volume_editor" index="false"> Николай Васильевич Киреевский. О нем см. прим. 12 к п. № 19.</note> с кот[орым] ваши отношения для меня неприятнее, чем бывшие с М[ортье], о Vergani и миллион вопросов, которые не столько важны потому, как мы их решим, как потому, как мы будем соглашаться, толкуя о них.</p>
<p rend="left">Нынче видел вас во сне, что Сережа<note xml:id="note6" resp="volume_editor" index="false"> Сергей Николаевич Толстой.</note> вас сконфузил чем-то, и вы от конфузу делаетесь рябая и курносая, и я так испугался этого, что проснулся. Теперь даю волю глупому человеку. Вспомнил я несколько недоконченных наших разговоров.</p>
<p rend="left">1) Какая ваша особенная молитва? 2) зачем вы у меня спрашивали, случается ли мне просыпаться ночью и вспоминать, что было? Вы что-то хотели сказать и не кончили. — Я вас вспоминаю особенно приятно в 3-х видах: 1) когда вы на бале попрыгиваете как-то наивно на одном месте и держитесь <hi style="opdelimiter">ужасно</hi><hi style="opnumber">97</hi> <hi style="npnumber">98</hi><hi style="npdelimiter">прямо;</hi> 2) когда вы говорите слабым, болезненным голосом, немножко с кряхтеньем и 3) как вы на берегу Грумантского пруда в тетинькиных вязаных огромных башмаках злобно закидываете удочку. Глупый человек всегда с особенной любовью представляет вас в этих 3-х видах. Нет ли у M-lle Vеrgani вашего лишнего портрета, или нельзя [ли] отобрать назад у тетиньки, я бы очень желал иметь его. — Про себя писать нечего, потому что никого не видал еще. Пожалуйста, ежели ваше здоровье нехорошо, то напишите мне о нем подробно; последние два дня вы бы[ли] плохи. Ежели бы милейшая Женичка написала мне несколько строчек об этом предмете и о вашем расположении духа с своей всегдашней правдивостью, она бы меня очень порадовала. Пожалуйста <hi>ходите</hi> гулять каждый день, какая бы ни была погода. Это отлично вам скажет каждый доктор, и корсет носите и чулки надевайте сами и вообще в таком роде делайте над собой разные улучшения. Не отчаивайтесь сделаться совершенством. Но это всё пустяки. Главное, живите так, чтоб, ложась спать, можно сказать себе: нынче я сделала 1) доброе дело для кого-нибудь и 2) сама стала хоть немножко лучше. Попробуйте, <hi>пожалуйста</hi>, <hi>пожалуйста</hi>, определять себе вперед занятия дня и вечером поверять себя. Вы увидите, какое спокойное, но большое наслаждение, — каждый день сказать себе: нынче я стала лучше, чем вчера. Нынче я добилась делать ровно триоли на четверти, или поняла, прочувствовала хорошее произведение искусства или поэзии, или, лучше всего, сделала добра тому[-то] и заставила его любить и благодарить за себя Бога. Это наслаждение и для себя одной, а теперь вы знаете, что есть человек, который всё больше и больше, до бесконечности будет любить вас за всё хорошее, что вам нетрудно приобретать, преодолев только лень и апатию. Прощайте, милая барышня, глупый человек любит вас, но глупо, хороший человек est tout disposé<note xml:id="note7" resp="volume_editor" index="false"> [вполне расположен]</note> любит вас самой сильной, нежной и вечной любовью. Отвечайте мне подлиннее, пооткровеннее, посерьезнее, кланяйтесь вашим. Христос с вами, да поможет он нам понимать и любить друг друга хорошо. — Но чем бы всё это ни кончилось, я всегда буду благодарить Бога за то настоящее счастье, которое я испытываю, благодаря вам — чувствовать себя лучше и выше и честнее. Дай Бог, чтобы вы так же <hi style="opdelimiter">думали.</hi><hi style="opnumber">98</hi></p>
<comments><p rend="Textpetit_otstup left"><hi style="npnumber">99</hi><hi style="npdelimiter">Впервые</hi> опубликовано в Б. I, 3, стр. 325—330. Об этом письме см. Дневник от 2 ноября, т. 47, стр. 97.</p>
<p rend="Textpetit_otstup left"><hi>1</hi> Толстой приехал в Москву ночью 1 ноября.</p>
<p rend="petit left"><hi>2</hi> О Мортье см. прим. 7 к п. № 19.</p>
<p rend="petit left"><hi>3</hi> [ничего нет на свете более прекрасного, чем вытканное золотом платье]</p>
<p rend="petit left"><hi>4</hi> Храповицкими Толстой называл в письмах себя и В. В. Арсеньеву, изображая историю их отношений.</p>
<p rend="petit left"><hi>5</hi> Николай Васильевич Киреевский. О нем см. прим. 12 к п. № 19.</p>
<p rend="petit left"><hi>6</hi> Сергей Николаевич Толстой.</p>
<p rend="petit left"><hi>7</hi> [вполне расположен]</p>
</comments></div></body>
        </text>
        </TEI>