<?xml version="1.0" encoding="UTF-8"?>
    <!-- <?xml-stylesheet type="text/xsl" target="../resources/MJT/myletter.xsl"?> -->
    <?xml-stylesheet type="css" target="graves.css"?>
    <?xml-model target="http://www.tei-c.org/release/xml/tei/custom/schema/relaxng/tei_all.rng" type="application/xml" schematypens="http://relaxng.org/ns/structure/1.0"?>
    <?xml-model target="http://www.tei-c.org/release/xml/tei/custom/schema/relaxng/tei_all.rng" type="application/xml"
            schematypens="http://purl.oclc.org/dsdl/schematron"?>
    <TEI xmlns="http://www.tei-c.org/ns/1.0">
       <teiHeader>
          <fileDesc>
             <titleStmt>
                <title>Письмо №* 43. А. М. Быкову.</title>
             </titleStmt>
             <publicationStmt>
                <publisher>TolstoyLab</publisher>
                <date when="2015-09-14">14 September 2015</date>
             </publicationStmt>
             <sourceDesc>
                <biblStruct>
                   <analytic>
                      <author>Толстой Л.Н.</author>
                   </analytic>
                   <monogr>
                      <title level="m">Полное собрание сочинений. Том 62</title>
                      <imprint>
                         <pubPlace>Москва</pubPlace>
                         <publisher>Государственное издательство "Художественная литература"</publisher>
                         <date when="1953"/>
                      </imprint>
                   </monogr>
                   <series>
                      <title level="s">Л.Н. Толстой. Полное собрание сочинений</title>
                      <biblScope unit="vol">62</biblScope>
                   </series>
                </biblStruct>
             </sourceDesc>
          </fileDesc>
          <encodingDesc>
             <tagsDecl> </tagsDecl>
          </encodingDesc>
          <profileDesc>
             <correspDesc>
                <correspAction type="sending">
                   <persName ref="PersonList.xml#L_N_Tolstoy">Л. Н. Толстой</persName>
                   <placeName ref="PlacesListxml#PLACE">Я. П.</placeName>
                   <date when="1873-12-03">1873 г. Декабря 3.</date>            </correspAction>
                <correspAction type="receiving">
                   <persName ref="PersonList.xml#RECEIVER">Быков Александр Михайлович</persName>
                </correspAction>
                <correspContext>
                   <ref type="prev"></ref>
                </correspContext>
             </correspDesc>
          </profileDesc>
       </teiHeader>
       <xenoData><number type="in a volume">43</number></xenoData>

              <text xml:id="A.M.Bykovu_43">
	<body><div>
		<opener index="false">
* 43. А. М. Быкову.
1873 г. Декабря 3. Я. П.
</opener>
<p rend="Obrashenie left">Милостивый государь Александр Михайлович!</p>
<p rend="left">Боюсь, что я надоел Вам своим посредничеством о различных обиженных и злоупотребляю Вашей добротой; но принужден опять утруждать Вас. — Покорнейшая просьба моя состоит в том, чтобы выслушать жалобы этого мужика на Сергиевского станового. Если Вы выслушаете этого хорошего и толкового мужика, Вы, вероятно, сами захотите помочь ему. — Я несколько раз выспрашивал на все лады этого человека, боясь вступиться за выдумщика; но, по моему убеждению, он говорит правду. Если же это правда, то это одно из возмутительнейших дел, в возможность которых я бы не поверил. Надеясь на Ваше великодушие, чтобы помочь этому человеку и меня извинить за мою назойливость, имею честь быть с искренним уважением покорный слуга</p>
<p rend="right">граф Лев Толстой.</p>
<p rend="left">3 декабря 1873.</p>
<comments><p rend="Textpetit_otstup left">Александр Михайлович Быков (1812—1878) — тульский вице-губернатор с 1866 по 1877 г.</p>
<p rend="left emptyline"><hi style="opnumber">58</hi> <hi style="npnumber">59</hi></p>
</comments></div></body>
        </text>
        </TEI>
