<?xml version="1.0" encoding="UTF-8"?>
    <!-- <?xml-stylesheet type="text/xsl" target="../resources/MJT/myletter.xsl"?> -->
    <?xml-stylesheet type="css" target="graves.css"?>
    <?xml-model target="http://www.tei-c.org/release/xml/tei/custom/schema/relaxng/tei_all.rng" type="application/xml" schematypens="http://relaxng.org/ns/structure/1.0"?>
    <?xml-model target="http://www.tei-c.org/release/xml/tei/custom/schema/relaxng/tei_all.rng" type="application/xml"
            schematypens="http://purl.oclc.org/dsdl/schematron"?>
    <TEI xmlns="http://www.tei-c.org/ns/1.0">
       <teiHeader>
          <fileDesc>
             <titleStmt>
                <title>Письмо №256. С. А. Толстой</title>
             </titleStmt>
             <publicationStmt>
                <publisher>TolstoyLab</publisher>
                <date when="2015-09-14">14 September 2015</date>
             </publicationStmt>
             <sourceDesc>
                <biblStruct>
                   <analytic>
                      <author>Толстой Л.Н.</author>
                   </analytic>
                   <monogr>
                      <title level="m">Полное собрание сочинений. Том 83</title>
                      <imprint>
                         <pubPlace>Москва</pubPlace>
                         <publisher>Государственное издательство "Художественная литература"</publisher>
                         <date when="1938"/>
                      </imprint>
                   </monogr>
                   <series>
                      <title level="s">Л.Н. Толстой. Полное собрание сочинений</title>
                      <biblScope unit="vol">83</biblScope>
                   </series>
                </biblStruct>
             </sourceDesc>
          </fileDesc>
          <encodingDesc>
             <tagsDecl> </tagsDecl>
          </encodingDesc>
          <profileDesc>
             <correspDesc>
                <correspAction type="sending">
                   <persName ref="PersonList.xml#L_N_Tolstoy">Л. Н. Толстой</persName>
                   <placeName ref="PlacesListxml#PLACE">Я. П.</placeName>
                   <date when="1883-11-15">1883 г. Ноября 15.</date>            </correspAction>
                <correspAction type="receiving">
                   <persName ref="PersonList.xml#RECEIVER">Толстая Софья Андреевна</persName>
                </correspAction>
                <correspContext>
                   <ref type="prev"></ref>
                </correspContext>
             </correspDesc>
          </profileDesc>
       </teiHeader>
       <xenoData><number type="in a volume">256</number></xenoData>

       <text xml:id="a15_256">
	<body><div>
		<opener index="false">
256.
1883 г. Ноября 15. Я. П.</opener>
<p rend="left">Нынче въ первый разъ спалъ почеловѣчески, и проснулся рано. Снѣгъ шелъ все утро, и надежды не было на хорошую порошу, но я всетаки поѣхалъ. Получилъ утромъ твои два — за разъ, — оба хорошія письма<note xml:id="note1" resp="volume_editor" index="false"> От 12 и 14 ноября. 12 ноября С. А. Толстая писала: «Нынче был чудный, морозный день, такой, в какие мы, бывало, на коньках по всему пруду катаемся. И так как я особенная мастерица грустить, то я опять до слез грустила о том, <hi>что</hi> прошло, чем, бывало, тяготилась и что теперь стало мило и дорого. А о себе думала, что если <hi>я</hi> прежде была не хороша, то какая же я теперь мерзость! И что если <hi>ты</hi> прежде был хорош, то насколько же ты теперь лучше!» (ПСТ, стр. 240).</note> и поѣхалъ съ болѣе спокойнымъ духомъ. Пороши не было, но я всетаки нашелъ 3-хъ зайцевъ; но или отъ того, что бойко, или отъ того, что не задача, ни однаго не затравилъ. Одинъ запищалъ у молодаго Спорта въ зубахъ; но крикъ этотъ такъ вѣрно удивилъ его, что онъ его выпустилъ, и онъ ушелъ. Но пріятно усталъ, проѣздивъ отъ 8 до 5 часовъ. Опять обѣдалъ одинъ, опять Аг[афья] Мих[айловна], toujours avec un nouveau plaisir.<note xml:id="note2" resp="volume_editor" index="false"> всегда с новым удовольствием.</note> Былъ еще Сергѣй.<note xml:id="note3" resp="volume_editor" index="false"> С. П. Арбузов.</note> Онъ очень жалокъ и смѣшенъ, какъ смѣшны бываютъ сумашедшіе. Я боюсь, что онъ не справится. Я совѣтовалъ ему помѣститься въ Тулѣ въ лакеи и порекомендую его къ знакомымъ. — Въ глазахъ снѣгъ, слѣды чуть видные, въ ушахъ голосъ Аг[афьи] Мих[айловны], въ головѣ пустота, въ сердцѣ бы полное спокойствіе, если бъ не безпокойство о васъ.</p>
<p rend="left">Извѣстіе о твоемъ нездоровьи — подробности я очень радъ былъ узнать. Если это такъ, то ты должна быть не въ нормальномъ состояніи. Я знаю, — слыхалъ, что это ужасно дѣйствуетъ на душу.<note xml:id="note4" resp="volume_editor" index="false"> Новая беременность Александрой Львовной Толстой.</note> На счастье, что ты знаешь это. Душенька, если бы ты могла привыкнуть къ той мысли, къ которой мы всѣ волей неволей привыкнемъ, что мы физически никогда не въ нашей власти, но за то нравственно всегда полная свобода и власть. Какъ легче жить, когда не то что поймешь это, — ты понимаешь, — но когда повѣришь и на дѣлѣ живешь такъ.</p>
<p rend="left">Завтра будетъ настоящая пороша, я опять поѣду, и послѣзавтра буду съ тобой, если живъ буду. Какой Кошелевъ?<note xml:id="note5" resp="volume_editor" index="false"> С. А. Толстая писала 12 ноября: «сейчас пришел Саша Перфильев, кадет, и говорит, что Кошелев умер. Какой Кошелев — я не знаю, отец или сын. В газетах еще нет». Скончался 12 ноября Александр Иванович Кошелев (1806—1883), публицист, славянофил, общественный деятель.</note> Если это старикъ, к[оторый] б[ылъ] у меня въ день моего отъѣзда, то мнѣ это очень поразительно. — Онъ говорилъ про политику, а я видѣлъ въ немъ смерть.</p>
<p rend="left">Обнимаю тебя, поцѣлуй дѣтей. Какъ бы хорошо было, коли бы ты перестала болѣть! —</p>
<p rend="left">11-й часъ. Ложусь спать.</p>
<lb/>
<p rend="left"><hi>На конверте:</hi> Москва. Хамовники. Домъ Гр. Толстаго. Графинѣ Софьѣ Андревнѣ <hi style="opdelimiter">Толстой.</hi><hi style="opnumber">412</hi></p>
<comments><p rend="Textpetit_otstup left"><hi style="npnumber">413</hi><hi style="npdelimiter">Печатается</hi> по автографу, хранящемуся в АТБ. Впервые письмо опубликовано по копии, сделанной С. А. Толстой, в ПЖ, стр. 210—211. Датируется на основании почтовых штемпелей: «Почтовый вагон. 16 ноября 1883; Москва. 16 ноября 1883» и заключительных слов письма: «11-й час. Ложусь спать».</p>
<p rend="Textpetit_otstup left"><hi>1</hi> От 12 и 14 ноября. 12 ноября С. А. Толстая писала: «Нынче был чудный, морозный день, такой, в какие мы, бывало, на коньках по всему пруду катаемся. И так как я особенная мастерица грустить, то я опять до слез грустила о том, <hi>что</hi> прошло, чем, бывало, тяготилась и что теперь стало мило и дорого. А о себе думала, что если <hi>я</hi> прежде была не хороша, то какая же я теперь мерзость! И что если <hi>ты</hi> прежде был хорош, то насколько же ты теперь лучше!» (ПСТ, стр. 240).</p>
<p rend="petit left"><hi>2</hi> всегда с новым удовольствием.</p>
<p rend="petit left"><hi>3</hi> С. П. Арбузов.</p>
<p rend="petit left"><hi>4</hi> Новая беременность Александрой Львовной Толстой.</p>
<p rend="petit left"><hi>5</hi> С. А. Толстая писала 12 ноября: «сейчас пришел Саша Перфильев, кадет, и говорит, что Кошелев умер. Какой Кошелев — я не знаю, отец или сын. В газетах еще нет». Скончался 12 ноября Александр Иванович Кошелев (1806—1883), публицист, славянофил, общественный деятель.</p>
</comments></div></body>
        </text>
        </TEI>