<?xml version="1.0" encoding="UTF-8"?>
    <!-- <?xml-stylesheet type="text/xsl" target="../resources/MJT/myletter.xsl"?> -->
    <?xml-stylesheet type="css" target="graves.css"?>
    <?xml-model target="http://www.tei-c.org/release/xml/tei/custom/schema/relaxng/tei_all.rng" type="application/xml" schematypens="http://relaxng.org/ns/structure/1.0"?>
    <?xml-model target="http://www.tei-c.org/release/xml/tei/custom/schema/relaxng/tei_all.rng" type="application/xml"
            schematypens="http://purl.oclc.org/dsdl/schematron"?>
    <TEI xmlns="http://www.tei-c.org/ns/1.0">
       <teiHeader>
          <fileDesc>
             <titleStmt>
                <title>Письмо №56. С. А. Толстой</title>
             </titleStmt>
             <publicationStmt>
                <publisher>TolstoyLab</publisher>
                <date when="2015-09-14">14 September 2015</date>
             </publicationStmt>
             <sourceDesc>
                <biblStruct>
                   <analytic>
                      <author>Толстой Л.Н.</author>
                   </analytic>
                   <monogr>
                      <title level="m">Полное собрание сочинений. Том 83</title>
                      <imprint>
                         <pubPlace>Москва</pubPlace>
                         <publisher>Государственное издательство "Художественная литература"</publisher>
                         <date when="1938"/>
                      </imprint>
                   </monogr>
                   <series>
                      <title level="s">Л.Н. Толстой. Полное собрание сочинений</title>
                      <biblScope unit="vol">83</biblScope>
                   </series>
                </biblStruct>
				<bibl>Печатается по автографу, хранящемуся в АТБ. Впервые опубликовано по копии, сделанной С. А. Толстой, в ПЖ, стр. 54—56. На письме собственноручная помета Толстого: «суббота вечером», суббота была 12 <hi style="opdelimiter">ноября.</hi><hi style="opnumber">120</hi></bibl>
             </sourceDesc>
          </fileDesc>
          <encodingDesc>
             <tagsDecl> </tagsDecl>
          </encodingDesc>
          <profileDesc>
             <correspDesc>
                <correspAction type="sending">
                   <persName ref="PersonList.xml#L_N_Tolstoy">Л. Н. Толстой</persName>
                   <placeName ref="PlacesListxml#PLACE">Москва.</placeName>
                   <date when="1866-11-12">1866 г. Ноября 12.</date>            </correspAction>
                <correspAction type="receiving">
                   <persName ref="PersonList.xml#RECEIVER">Толстая Софья Андреевна</persName>
                </correspAction>
                <correspContext>
                   <ref type="prev"></ref>
                </correspContext>
             </correspDesc>
          </profileDesc>
       </teiHeader>
       <xenoData><number type="in a volume">56</number></xenoData>

       <text xml:id="a12_56">
	<body><div>
		<opener index="false">
56.
1866 г. Ноября 12. Москва.</opener>
<p rend="right">Суббота, вечеромъ.</p>
<p rend="left">Вотъ, мой милый другъ, голубчикъ, второй день и второе письмо. Вотъ всѣ событія дня: Спалъ я отчего-то дурно — проснулся въ 7-мъ часу, — знаешь, въ томъ нервномъ раздраженіи, к[отор]ое предшествуетъ моему 70-ти лѣтнему состоянію, к[отор]ое и было. Утромъ пили кофей всѣ вмѣстѣ. Таня такая же. Ждали Разсвѣтова,<note xml:id="note1" resp="volume_editor" index="false"> Александр Павлович Расцветов (ум. в 1902 г.) — ассистент факультетской клиники Московского университета. С 1874 г. ординарный профессор.</note> и потому я со двора не выходилъ. Разсвѣтовъ пріѣхалъ, я ему сказалъ, что умоляю его безъ учтивости къ А[ндрею] Е[встафьевичу] и безъ ménagement<note xml:id="note2" resp="volume_editor" index="false"> [не стесняясь]</note> сказать самымъ рѣзкимъ и положительнымъ образомъ свое мнѣніе. Пришла Таня, стали ее слушать. Меня всегда ужасно волнуетъ это слушанье и разговоры. Разсвѣтовъ сказалъ самымъ положительнымъ образомъ, что легкія Тани въ худшемъ состояніи, чѣмъ были прошлаго года, что у нея даже, по его мнѣнію, есть начало чахотки, что онъ совѣтуетъ ѣхать за границу, и все то, что мы знали, т. е. régime спокойствія, питанія, воздержаній отъ усилій пѣнья и т. д. Онъ посовѣтовалъ еще позвать Варвинскаго.<note xml:id="note3" resp="volume_editor" index="false"> Иосиф Васильевич Варваринский (1811—1878) — профессор Московского университета госпитальной терапевтической клиники.</note> И Варвинскій будетъ въ понедѣльникъ. Для меня и безъ Варв[инскаго] и Разсвѣт[ова] сомнѣнія нѣтъ въ ея положеніи, но, что я и предвидѣлъ, А[ндрей] Е[встафьевичъ] и Л[юбовь] А[лександровна] упорно стоятъ на своемъ, что у ней легкія здоровы, а А[ндрей] Е[встафьевичъ] толкуетъ о лихорадки, желудкѣ и т. д., но я не далъ ему мудрить, и, слава Богу, на существенное-то, на поѣздку за границу, родители согласны. Бѣдная наша милая Таня, какъ она мнѣ жалка и мила. Я впрочемъ твердо надѣюсь, что она оправится. Вчера мнѣ сказалъ А[ндрей] Е[встафьевичъ], что ея крестная мать<note xml:id="note4" resp="volume_editor" index="false"> Татьяна Ивановна Захарьина, была замужем зa Василием Борисовичем Захарьиным. Знакомая Берсов. Богатая ярославская помещица. Об ней см. в книге Т. А. Кузминской, «Моя жизнь дома и в Ясной поляне», 1846—1862, М. 1925, стр. 44—46.</note> даетъ ей деньги за границу, но подробно не разсказалъ, вѣрно ли и сколько; и понимаешь, что я не распрашивалъ, какъ и что, а сказалъ, что мы даемъ деньги.</p>
<p rend="left">Съ деньгами очень непріятно, А[ндрей] Е[встафьевичъ] ѣздилъ къ Булочкину, мѣнялѣ, и тотъ ему сказалъ, что билеты иначе нельзя заложить, какъ по 10 процентовъ, такъ что, <hi style="opdelimiter">отдавъ</hi><hi style="opnumber">119</hi> <hi style="npnumber">120</hi><hi style="npdelimiter">Дьякову</hi> за 8, будешь получать только 3 вмѣсто прежнихъ 5. — Продать билеты было бы выгоднѣе, но я знаю, что тебѣ это будетъ непріятно, и поэтому я заложу. Потеря небольшая. </p>
<p rend="left">Въ 12 часу я пошелъ со двора къ Башилову. Засталъ сначала одну Мар[ью] Ив[ановну]<note xml:id="note5" resp="volume_editor" index="false"> Мария Ивановна Башилова, рожд. Беленко. С 1853 г. жена М. С. Башилова.</note> и дѣтей.<note xml:id="note6" resp="volume_editor" index="false"> Дарья (р. 1857 г.), Марья (р. 1859 г.) и Наталья (р. 1861 г.).</note> Какія прелесть дѣвочки. Всѣ онѣ были страшно больны въ скарлатинѣ. Теперь выздоровѣли. Меньшая дѣвочка была въ поносѣ 3 мѣсяца, и чуть до смерти не залечили, и вылечилъ Высоцкій<note xml:id="note7" resp="volume_editor" index="false"> Капитон Алексеевич Высоцкий, врач.</note> чѣмъ? однимъ молокомъ сырымъ. Пришелъ Башиловъ. Картинокъ онъ сдѣлалъ всего только 13. Нѣкоторыя, какъ смерть Безухова и поцѣлуй, необыкновенно хороши; но вся часть, напечатанная въ прошломъ году, еще нерисована, а Рихау<note xml:id="note8" resp="volume_editor" index="false"> Даниил-Карл Иванович Рихау (1827—1883), гравер, основатель ксилографического заведения в Москве.</note> отсталъ еще больше въ работѣ, такъ что нѣтъ возможности кончить картинки къ новому году. Такъ что я рѣшилъ въ нынѣшнемъ году картинокъ вовсе непечатать. О томъ же, ни [?] къ будущему году печатать ли картинки со всѣмъ романомъ, я еще не рѣшилъ.</p>
<p rend="left">Оттуда пошелъ въ типографію Каткова. Тамъ мнѣ дали счетъ всего печатанія въ 1200 р[ублей]; впередъ денегъ я дамъ только 300 р[ублей]. Завтра получу отъ нихъ рѣшительный отвѣтъ. — Экземпляровъ 3600.<note xml:id="note9" resp="volume_editor" index="false"> Речь идет о печатании «Войны и мира». Толстой привез 19 глав романа, являвшихся продолжением напечатанного в «Русском вестнике», и предполагал их выпустить отдельным изданием в типографии Каткова.</note> — Потомъ зашелъ на гимнастику, но былъ такой 70-лѣтній, что ничего не могъ дѣлать, да и Берсы теперь обѣдаютъ въ три.</p>
<p rend="left">Послѣ обѣда, за к[отор]ымъ была только Кат[ерина] Егор[овна],<note xml:id="note10" resp="volume_editor" index="false"> Екатерина Егоровна Безе, гувернантка у Берсов.</note> заснулъ за ширмами въ спальнѣ. Потомъ, поболтавши, чтобы не пропалъ вечеръ, поѣхалъ къ Эленѣ Горчаковой,<note xml:id="note11" resp="volume_editor" index="false"> Кж. Елена Сергеевна Горчакова (1824—1897), четвероюродная сестра Толстого, начальница третьей женской гимназии, жившая в помещении гимназии на Пятницкой улице в Москве. Она нравилась Толстому; в своей дневниковой записи под 23 января 1863 г. он пишет: «Элен славная». Кж. Е. С. Горчаковой принадлежат стихотворения монархическо-патриотического содержания: «10 декабря 1877 г.», «Стихотворение в пользу раненых воинов» М. 1877 г., «Стихотворение в пользу бедных детей» М. 1884, а также особый сборник стихов.</note> но не засталъ ее, и вечеръ провелъ дома. —</p>
<p rend="left">Знаешь ли, что Саша Кузьминской переводится въ Тулу судебнымъ слѣдователемъ. Я радъ, особенно за тебя. Сашѣ<note xml:id="note12" resp="volume_editor" index="false"> Александр Андреевич Берс.</note> нашему не телеграфировали, а написали письмо. — Петя мраченъ и скученъ и лѣнивъ. Онъ стыдится, что въ 5-мъ классѣ гимназіи. Но Степа и Володя очень оживленно толкуютъ о гимназіи и, видно, довольны и хорошо учатся. Завтра, вѣрно, получу твое письмо. Безпрестанно о тебѣ думаю, и боюсь, что нынѣшній разъ нисколько не безпокоюсь. Храни васъ Богъ, цѣлую тебя и твои руки, милый голубчикъ. Цѣлуй тетиньку и дѣтей.</p>
<comments><p rend="Textpetit_otstup left">Печатается по автографу, хранящемуся в АТБ. Впервые опубликовано по копии, сделанной С. А. Толстой, в ПЖ, стр. 54—56. На письме собственноручная помета Толстого: «суббота вечером», суббота была 12 <hi style="opdelimiter">ноября.</hi><hi style="opnumber">120</hi></p>
<p rend="Textpetit_otstup left"><hi>1</hi> Александр Павлович Расцветов (ум. в 1902 г.) — ассистент факультетской клиники Московского университета. С 1874 г. ординарный профессор.</p>
<p rend="petit left"><hi>2</hi> [не стесняясь]</p>
<p rend="petit left"><hi>3</hi> Иосиф Васильевич Варваринский (1811—1878) — профессор Московского университета госпитальной терапевтической клиники.</p>
<p rend="petit left"><hi>4</hi> Татьяна Ивановна Захарьина, была замужем зa Василием Борисовичем Захарьиным. Знакомая Берсов. Богатая ярославская помещица. Об ней см. в книге Т. А. Кузминской, «Моя жизнь дома и в Ясной поляне», 1846—1862, М. 1925, стр. 44—46.</p>
<p rend="petit left"><hi>5</hi> Мария Ивановна Башилова, рожд. Беленко. С 1853 г. жена М. С. Башилова.</p>
<p rend="petit left"><hi>6</hi> Дарья (р. 1857 г.), Марья (р. 1859 г.) и Наталья (р. 1861 г.).</p>
<p rend="petit left"><hi>7</hi> Капитон Алексеевич Высоцкий, врач.</p>
<p rend="petit left"><hi>8</hi> Даниил-Карл Иванович Рихау (1827—1883), гравер, основатель ксилографического заведения в Москве.</p>
<p rend="petit left"><hi>9</hi> Речь идет о печатании «Войны и мира». Толстой привез 19 глав романа, являвшихся продолжением напечатанного в «Русском вестнике», и предполагал их выпустить отдельным изданием в типографии Каткова.</p>
<p rend="petit left"><hi>10</hi> Екатерина Егоровна Безе, гувернантка у Берсов.</p>
<p rend="petit left"><hi>11</hi> Кж. Елена Сергеевна Горчакова (1824—1897), четвероюродная сестра Толстого, начальница третьей женской гимназии, жившая в помещении гимназии на Пятницкой улице в Москве. Она нравилась Толстому; в своей дневниковой записи под 23 января 1863 г. он пишет: «Элен славная». Кж. Е. С. Горчаковой принадлежат стихотворения монархическо-патриотического содержания: «10 декабря 1877 г.», «Стихотворение в пользу раненых воинов» М. 1877 г., «Стихотворение в пользу бедных детей» М. 1884, а также особый сборник стихов.</p>
<p rend="petit left"><hi>12</hi> Александр Андреевич Берс.</p>
</comments></div></body>
        </text>
        </TEI>