<?xml version="1.0" encoding="UTF-8"?>
    <!-- <?xml-stylesheet type="text/xsl" target="../resources/MJT/myletter.xsl"?> -->
    <?xml-stylesheet type="css" target="graves.css"?>
    <?xml-model target="http://www.tei-c.org/release/xml/tei/custom/schema/relaxng/tei_all.rng" type="application/xml" schematypens="http://relaxng.org/ns/structure/1.0"?>
    <?xml-model target="http://www.tei-c.org/release/xml/tei/custom/schema/relaxng/tei_all.rng" type="application/xml"
            schematypens="http://purl.oclc.org/dsdl/schematron"?>
    <TEI xmlns="http://www.tei-c.org/ns/1.0">
       <teiHeader>
          <fileDesc>
             <titleStmt>
                <title>Письмо №* 253. М. И. Зайцеву. Черновое.</title>
             </titleStmt>
             <publicationStmt>
                <publisher>TolstoyLab</publisher>
                <date when="2015-09-14">14 September 2015</date>
             </publicationStmt>
             <sourceDesc>
                <biblStruct>
                   <analytic>
                      <author>Толстой Л.Н.</author>
                   </analytic>
                   <monogr>
                      <title level="m">Полное собрание сочинений. Том 82</title>
                      <imprint>
                         <pubPlace>Москва</pubPlace>
                         <publisher>Государственное издательство "Художественная литература"</publisher>
                         <date when="1956"/>
                      </imprint>
                   </monogr>
                   <series>
                      <title level="s">Л.Н. Толстой. Полное собрание сочинений</title>
                      <biblScope unit="vol">82</biblScope>
                   </series>
                </biblStruct>
				<bibl>Печатается по копии, сверенной с черновиком-автографом, написанным на конверте письма Зайцева.</bibl>
             </sourceDesc>
          </fileDesc>
          <encodingDesc>
             <tagsDecl> </tagsDecl>
          </encodingDesc>
          <profileDesc>
             <correspDesc>
                <correspAction type="draft">
                   <persName ref="PersonList.xml#L_N_Tolstoy">Л. Н. Толстой</persName>
                   <placeName ref="PlacesListxml#PLACE">Я. П.</placeName>
                   <date when="1910-10-17">1910 г. Октября 17.</date>            </correspAction>
                <correspAction type="receiving">
                   <persName ref="PersonList.xml#RECEIVER">Зайцев Михаил Иванович</persName>
                </correspAction>
                <correspContext>
                   <ref type="prev">Ответ на письмо учителя в с. Екимовское Рязанского уезда и губ. Михаила Ивановича Зайцева, писавшего, что его очень интересуют вопросы о боге и загробной жизни.</ref>
                </correspContext>
             </correspDesc>
          </profileDesc>
       </teiHeader>
       <xenoData><number type="in a volume">253</number></xenoData>

       <text xml:id="M.I.Zajcevu_253">
	<body><div>
		<opener index="false">
* 253. М. И. Зайцеву. Черновое.
1910 г. Октября 17. Я. П.</opener>
<p rend="left">Все мои писания, начиная с (Исповеди) 81 года, заключают в себе только те ответы, которые я умел дать на вопросы, занимающие вас. Посылаю вам книги, которые в более сжатой форме отвечают на эти вопросы. Эти самые вопросы мучают не только вас, но и всех искренне мыслящих людей нашего времени.</p>
<comments><p rend="Textpetit_otstup left">Печатается по копии, сверенной с черновиком-автографом, написанным на конверте письма Зайцева.</p>
<p rend="petit left">Ответ на письмо учителя в с. Екимовское Рязанского уезда и губ. Михаила Ивановича Зайцева, писавшего, что его очень интересуют вопросы о боге и загробной жизни.</p>
</comments></div></body>
        </text>
        </TEI>