<?xml version="1.0" encoding="UTF-8"?>
    <!-- <?xml-stylesheet type="text/xsl" target="../resources/MJT/myletter.xsl"?> -->
    <?xml-stylesheet type="css" target="graves.css"?>
    <?xml-model target="http://www.tei-c.org/release/xml/tei/custom/schema/relaxng/tei_all.rng" type="application/xml" schematypens="http://relaxng.org/ns/structure/1.0"?>
    <?xml-model target="http://www.tei-c.org/release/xml/tei/custom/schema/relaxng/tei_all.rng" type="application/xml"
            schematypens="http://purl.oclc.org/dsdl/schematron"?>
    <TEI xmlns="http://www.tei-c.org/ns/1.0">
       <teiHeader>
          <fileDesc>
             <titleStmt>
                <title>Письмо №303. П. И. Бартеневу.</title>
             </titleStmt>
             <publicationStmt>
                <publisher>TolstoyLab</publisher>
                <date when="2015-09-14">14 September 2015</date>
             </publicationStmt>
             <sourceDesc>
                <biblStruct>
                   <analytic>
                      <author>Толстой Л.Н.</author>
                   </analytic>
                   <monogr>
                      <title level="m">Полное собрание сочинений. Том 61</title>
                      <imprint>
                         <pubPlace>Москва</pubPlace>
                         <publisher>Государственное издательство "Художественная литература"</publisher>
                         <date when="1953"/>
                      </imprint>
                   </monogr>
                   <series>
                      <title level="s">Л.Н. Толстой. Полное собрание сочинений</title>
                      <biblScope unit="vol">61</biblScope>
                   </series>
                </biblStruct>
				<bibl>Впервые опубликовано в ТТ, 4, стр. 9—10. Год определяется сопоставлением с письмом № 304 и тем, что письмо находилось в архиве П. И. Бартенева в томе переплетенных писем за 1870 г.</bibl>
             </sourceDesc>
          </fileDesc>
          <encodingDesc>
             <tagsDecl> </tagsDecl>
          </encodingDesc>
          <profileDesc>
             <correspDesc>
                <correspAction type="sending">
                   <persName ref="PersonList.xml#L_N_Tolstoy">Л. Н. Толстой</persName>
                   <placeName ref="PlacesListxml#PLACE">Я. П.</placeName>
                   <date when="1870-03-06">1870 г. Марта 6.</date>            </correspAction>
                <correspAction type="receiving">
                   <persName ref="PersonList.xml#RECEIVER">Бартенев Петр Иванович</persName>
                </correspAction>
                <correspContext>
                   <ref type="prev"></ref>
                </correspContext>
             </correspDesc>
          </profileDesc>
       </teiHeader>
       <xenoData><number type="in a volume">303</number></xenoData>

              <text xml:id="P__I__Bartenevu_303">
	<body><div>
		<opener index="false">
303. П. И. Бартеневу.
1870 г. Марта 6. Я. П.
</opener>
<p rend="Obrashenie left">Любезный Петр Иваныч.</p>
<p rend="left">Я всё время моего пребывания в Москве — как и всегда со мной бывает — был нездоров, а в тот день, когда хотел зайти к вам — совсем расклеился.</p>
<p rend="left">Мне это очень жалко и совестно; поэтому и пишу вам, прося меня извинить; и, если будет милость ваша, — если не прислать, то выписать мне заглавия статей о Сковороде.<note xml:id="note1" resp="volume_editor" index="false"> Григорий Саввич Сковорода (1722―1794) ― украинский философ, просветитель-демократ. В 1907 г. Толстой написал «Биографию украинского мыслителя Г. С. Сковороды». Некоторые мысли Сковороды включены Толстым в «Круг чтения», «На каждый день» и «Путь жизни».</note></p>
<p rend="right">Ваш гр. Л. Толстой.</p>
<p rend="left">6 марта.</p>
<comments><p rend="Textpetit_otstup left">Впервые опубликовано в ТТ, 4, стр. 9—10. Год определяется сопоставлением с письмом № 304 и тем, что письмо находилось в архиве П. И. Бартенева в томе переплетенных писем за 1870 г.</p>
<p rend="Textpetit_otstup left"><hi>1</hi> Григорий Саввич Сковорода (1722―1794) ― украинский философ, просветитель-демократ. В 1907 г. Толстой написал «Биографию украинского мыслителя Г. С. Сковороды». Некоторые мысли Сковороды включены Толстым в «Круг чтения», «На каждый день» и «Путь жизни».</p>
<p rend="left"><hi style="opnumber">229</hi> <hi style="npnumber">230</hi></p>
</comments></div></body>
        </text>
        </TEI>