<?xml version="1.0" encoding="UTF-8"?>
    <!-- <?xml-stylesheet type="text/xsl" target="../resources/MJT/myletter.xsl"?> -->
    <?xml-stylesheet type="css" target="graves.css"?>
    <?xml-model target="http://www.tei-c.org/release/xml/tei/custom/schema/relaxng/tei_all.rng" type="application/xml" schematypens="http://relaxng.org/ns/structure/1.0"?>
    <?xml-model target="http://www.tei-c.org/release/xml/tei/custom/schema/relaxng/tei_all.rng" type="application/xml"
            schematypens="http://purl.oclc.org/dsdl/schematron"?>
    <TEI xmlns="http://www.tei-c.org/ns/1.0">
       <teiHeader>
          <fileDesc>
             <titleStmt>
                <title>Письмо №102. С. А. Толстой</title>
             </titleStmt>
             <publicationStmt>
                <publisher>TolstoyLab</publisher>
                <date when="2015-09-14">14 September 2015</date>
             </publicationStmt>
             <sourceDesc>
                <biblStruct>
                   <analytic>
                      <author>Толстой Л.Н.</author>
                   </analytic>
                   <monogr>
                      <title level="m">Полное собрание сочинений. Том 83</title>
                      <imprint>
                         <pubPlace>Москва</pubPlace>
                         <publisher>Государственное издательство "Художественная литература"</publisher>
                         <date when="1938"/>
                      </imprint>
                   </monogr>
                   <series>
                      <title level="s">Л.Н. Толстой. Полное собрание сочинений</title>
                      <biblScope unit="vol">83</biblScope>
                   </series>
                </biblStruct>
				<bibl>Печатается по автографу, хранящемуся в АТБ. Впервые напечатано по копии, сделанной С. А. Толстой в ПЖ, стр. 98—101. Датируется на основании даты предшествующего письма от 12 июля и слов данного письма: «Мы приехали в середу [12 июля] к Тимроту вечером. Я ночевал у него и уехал вчера с ним к себе, и первую ночь выспался», <hi style="opdelimiter">свидетельствующих,</hi><hi style="opnumber">211</hi> <hi style="npnumber">212</hi><hi style="npdelimiter">что</hi> прошло две ночи, т. е. двое суток. Дату Толстого 13-го следует признать ошибочной.</bibl>
             </sourceDesc>
          </fileDesc>
          <encodingDesc>
             <tagsDecl> </tagsDecl>
          </encodingDesc>
          <profileDesc>
             <correspDesc>
                <correspAction type="sending">
                   <persName ref="PersonList.xml#L_N_Tolstoy">Л. Н. Толстой</persName>
                   <placeName ref="PlacesListxml#PLACE">Хутор на Тананыке.</placeName>
                   <date when="1872-07-14">1872 г. Июля 14.</date>            </correspAction>
                <correspAction type="receiving">
                   <persName ref="PersonList.xml#RECEIVER">Толстая Софья Андреевна</persName>
                </correspAction>
                <correspContext>
                   <ref type="prev"></ref>
                </correspContext>
             </correspDesc>
          </profileDesc>
       </teiHeader>
       <xenoData><number type="in a volume">102</number></xenoData>

       <text xml:id="a14_102">
	<body><div>
		<opener index="false">
102.
1872 г. Июля 14. Хутор на Тананыке.</opener>
<p rend="right">13-го.</p>
<p rend="left">Пишу съ хутора. Доѣхали съ Тимротомъ благополучно. Слухи о<hi>1 </hi>порядочномъ урожаѣ не оправдались. Очень плохо. Я еще не видалъ полей всѣхъ; но по тому, что видѣлъ и слышалъ, думаю, что не вернешь затраченнаго, тѣмъ болѣе, что непремѣнно надо опять посѣять столько же. Надо посѣять по тому, что послѣ двухъ лѣтъ плохихъ надо ожидать хорошіе, и остановиться теперь было бы глупо. Тимротъ<note xml:id="note1" resp="volume_editor" index="false"> <hi>Зачеркнуто:</hi> ошиб</note> писалъ о томъ, что онъ видѣлъ весной, а потомъ сдѣлалось такое бѣдствіе, какого не запомнятъ старики; и травы, и хлѣба сгорѣли отъ жара, земля была черная, и народъ сталъ разбѣгаться отъ страха голода. Теперь всѣ не нарадуются на благодать, что есть травы и въ хлѣбѣ хоть что нибудь. Въ денежномъ отношеніи наши самарскія дѣла вотъ какія будутъ: Придется отдать Тимроту отъ 2000 до 3000 на уборку и пахоту для будущаго года и надо надѣяться, что онъ мнѣ пришлетъ, продавши пшеницу, назадъ отъ 2-хъ до 3-хъ тысячъ и кромѣ того <hi style="opdelimiter">обзаведетъ</hi><hi style="opnumber">209</hi> <hi style="npnumber">210</hi><hi style="npdelimiter">хуторъ</hi> такъ, что на будущій годъ можно будетъ<note xml:id="note2" resp="volume_editor" index="false"> <hi>Зачеркнуто:</hi> совсѣмъ</note> пріѣхать, и будетъ совсѣмъ независимое хозяйство.</p>
<p rend="left">Нынче несчастный годъ, но, не смотря на это несчастье, можно сказать, что самарская земля принесетъ 8. Можно сказать, что 8, потому что, хотя ничего денегъ не получится, обзаведеніе хутора стоитъ уже не менѣе 2000. Покосовъ было отдано на 670 р[ублей].</p>
<p rend="left">Впрочемъ, въ письмѣ все не объяснить. Разскажу о самомъ хуторѣ и домѣ. Мѣсто не на Тананыкѣ, а на мѣстѣ стараго хутора, очень хорошее въ хозяйственномъ отношеніи и очень веселое. Первое впечатлѣніе очень пріятное было мнѣ и вѣрно тебѣ будетъ; несмотря на то, что прудъ еще без воды. —</p>
<p rend="left">Домъ старенькій (это непріятно), сѣренькій; но кажется, что будетъ совершенно достаточный для насъ. Въ немъ нѣтъ еще перегородокъ, a двѣ большія горницы, и я сдѣлалъ планъ расположенія, который тебѣ посылаю. Кромѣ того, ужъ готова огромная кухня для прикащика и рабочихъ, и еще построится кухня для насъ. Кромѣ того, погребъ, кладовая, амбарчикъ. Это все изъ землянаго кирпича съ землянымъ поломъ. — Кромѣ того, въ сторонѣ отъ хутора огромный амбаръ. Все это почти готово. —</p>
<p rend="left">Есть 5 лошадей и плетушка, и я дѣлаю распоряженіе о покупкѣ коровъ, овецъ, хомутовъ, куръ и т. д.</p>
<p rend="left">Тимротъ очень честный человѣкъ, но, какъ кажется, былъ стѣсненъ деньгами (онъ строилъ домъ въ городѣ), и счеты у него по моему хозяйству смѣшаны съ своими; онъ самъ мнѣ это говорилъ.</p>
<p rend="left">И что выводъ счетовъ теперь тотъ, что немного моихъ денегъ за нимъ. Онъ честный человѣкъ навѣрное; но очень мнѣ противный, равно и его вся семья, и его участіе въ моемъ дѣлѣ, хотя и очень полезное, мнѣ очень противны. Купчая<note xml:id="note3" resp="volume_editor" index="false"> Купчая на землю, приобретенную Толстым, утверждена самарским Старшим нотариусом 9 сентября 1871 г.</note> и исполнительный листъ давно готовы, но не введенъ во владѣнье, потому что 450 р. поземельныхъ не заплачены. — О себѣ. Мы пріѣхали въ середу къ Тимроту вечеромъ.<note xml:id="note4" resp="volume_editor" index="false"> Толстой с парохода приехал к Тимроту на дачу под Самарой. Оттуда они вдвоем отправились в имение Тимрота, находившееся вблизи хутора Толстого. Приехав вечером 12 июля, Толстой первую ночь переночевал в имении Тимрота, после чего он направился на свой хутор.</note> Я ночевалъ у него и уѣхалъ вчера, съ нимъ къ себѣ,<note xml:id="note5" resp="volume_editor" index="false"> <hi>Зачеркнуто:</hi> нынче</note> и первую ночь выспался. Посылалъ къ Башкирцамъ за кумысомъ, и потому съ кумысомъ матерьяльная жизнь обезпечена. Нынче пріѣхалъ ко мнѣ изъ Гавриловки,<note xml:id="note6" resp="volume_editor" index="false"> Гавриловка — казачье село при речке Съезжей (приток Самары) в 70 верстах от Бузулука. В Гавриловне, по сведениям 1859 г., было 203 двора и 1700 жителей.</note> которая за 6 верстъ видна изъ хутора, мой другъ, мужикъ Василій Никитычъ,<note xml:id="note7" resp="volume_editor" index="false"> «Крестьянин села Гавриловки, очень дружелюбно относившийся ко Л. Н. Говорил про чай, что он в чаю <hi>средствие</hi> (любимое его слово) нашел» (н. п. С. А.) См. о нем у Ильи Толстого «Мои воспоминания». М. 1914, стр. 59.</note> и привезъ куръ, молока, яицъ. Дождь идетъ ливнемъ, и я пережидаю, чтобы ѣхать къ Тимроту. Онъ нынче уѣзжаетъ въ Самару, и я съ нимъ переговорю обо всемъ и отправлю письмо. Главное дѣло то, <hi style="opdelimiter">что</hi><hi style="opnumber">210</hi> <hi style="npnumber">211</hi><hi style="npdelimiter">хлѣбъ,</hi> что есть, поспѣетъ не скоро, да и не веселитъ, и потому я только осмотрю поля, выберу мѣста для посѣва, съѣзжу на одинъ продающійся участокъ, осмотрѣть его. Если будутъ деньги, чтобъ купить и вернусь гораздо раньше, чѣмъ я думалъ. Въ слѣдующемъ письмѣ,<note xml:id="note8" resp="volume_editor" index="false"> Такого письма в архиве не имеется.</note> я напишу тебѣ опредѣленно, когда именно вернусь, а теперь еще не могу, потому что это я рѣшилъ нынче, и не видалъ еще ни полей, ни с Тимротомъ не переговорилъ.</p>
<p rend="left">Про свое тѣлесное состояніе могу сказать, что ничто не болитъ, и дорогу перенесъ отлично; про душевное — разумѣется, неловко, неполно, и точно я сплю. Не позволяю себѣ думать. Здѣсь на хуторѣ живетъ прикащикъ, молодой холостой малый и солдатъ. Кругомъ вездѣ народъ на покосахъ и на пахотѣ. Тимофей очень мнѣ полезенъ и милъ. —</p>
<p rend="left">Съ Петей бы я остался здѣсь 4 недѣли, потому что утѣшался бы мыслью, что ему въ пользу; и точно; что здѣсь за воздухъ — это нельзя понять, не испытавши; — но одному — не то что скучно, а совѣстно вырыватъ изъ своей счастливой и полезной жизни время на пустяки. А работать безъ тебя — безъ того, чтобъ знать, что ты тутъ, я, кажется, не могу. Скажи Степѣ,<note xml:id="note9" resp="volume_editor" index="false"> С. А. Берсу, ездившему с Толстым на кумыс летом 1871 г.</note> какая жалость, — Вас[илія] Ник[итыча] милая дѣвочка, внучка Саша, умерла корью.</p>
<p rend="left">Прощай, душенька, напишу тебѣ черезъ три дня.</p>
<p rend="left">А когда буду ѣхать, телеграфирую. —</p>
<p rend="left">Дѣтей цѣлуй и всѣхъ нашихъ.</p>
<lb/>
<div rend="image"><figure><graphic url="./img/b00001815.png"/></figure></div>
<comments><p rend="Textpetit_otstup left">Печатается по автографу, хранящемуся в АТБ. Впервые напечатано по копии, сделанной С. А. Толстой в ПЖ, стр. 98—101. Датируется на основании даты предшествующего письма от 12 июля и слов данного письма: «Мы приехали в середу [12 июля] к Тимроту вечером. Я ночевал у него и уехал вчера с ним к себе, и первую ночь выспался», <hi style="opdelimiter">свидетельствующих,</hi><hi style="opnumber">211</hi> <hi style="npnumber">212</hi><hi style="npdelimiter">что</hi> прошло две ночи, т. е. двое суток. Дату Толстого 13-го следует признать ошибочной.</p>
<p rend="Textpetit_otstup left"><hi>1</hi> <hi>Зачеркнуто:</hi> хоро[шемъ]</p>
<p rend="petit left"><hi>2</hi> <hi>Зачеркнуто:</hi> ошиб</p>
<p rend="petit left"><hi>3</hi> <hi>Зачеркнуто:</hi> совсѣмъ</p>
<p rend="petit left"><hi>4</hi> Купчая на землю, приобретенную Толстым, утверждена самарским Старшим нотариусом 9 сентября 1871 г.</p>
<p rend="petit left"><hi>5</hi> Толстой с парохода приехал к Тимроту на дачу под Самарой. Оттуда они вдвоем отправились в имение Тимрота, находившееся вблизи хутора Толстого. Приехав вечером 12 июля, Толстой первую ночь переночевал в имении Тимрота, после чего он направился на свой хутор.</p>
<p rend="petit left"><hi>6</hi> <hi>Зачеркнуто:</hi> нынче</p>
<p rend="petit left"><hi>7</hi> Гавриловка — казачье село при речке Съезжей (приток Самары) в 70 верстах от Бузулука. В Гавриловне, по сведениям 1859 г., было 203 двора и 1700 жителей.</p>
<p rend="petit left"><hi>8</hi> «Крестьянин села Гавриловки, очень дружелюбно относившийся ко Л. Н. Говорил про чай, что он в чаю <hi>средствие</hi> (любимое его слово) нашел» (н. п. С. А.) См. о нем у Ильи Толстого «Мои воспоминания». М. 1914, стр. 59.</p>
<p rend="petit left"><hi>9</hi> Такого письма в архиве не имеется.</p>
<p rend="petit left"><hi>10</hi> С. А. Берсу, ездившему с Толстым на кумыс летом 1871 г.</p>
</comments></div></body>
        </text>
        </TEI>