<?xml version="1.0" encoding="UTF-8"?>
    <!-- <?xml-stylesheet type="text/xsl" target="../resources/MJT/myletter.xsl"?> -->
    <?xml-stylesheet type="css" target="graves.css"?>
    <?xml-model target="http://www.tei-c.org/release/xml/tei/custom/schema/relaxng/tei_all.rng" type="application/xml" schematypens="http://relaxng.org/ns/structure/1.0"?>
    <?xml-model target="http://www.tei-c.org/release/xml/tei/custom/schema/relaxng/tei_all.rng" type="application/xml"
            schematypens="http://purl.oclc.org/dsdl/schematron"?>
    <TEI xmlns="http://www.tei-c.org/ns/1.0">
       <teiHeader>
          <fileDesc>
             <titleStmt>
                <title>Письмо №264. С. А. Толстой</title>
             </titleStmt>
             <publicationStmt>
                <publisher>TolstoyLab</publisher>
                <date when="2015-09-14">14 September 2015</date>
             </publicationStmt>
             <sourceDesc>
                <biblStruct>
                   <analytic>
                      <author>Толстой Л.Н.</author>
                   </analytic>
                   <monogr>
                      <title level="m">Полное собрание сочинений. Том 83</title>
                      <imprint>
                         <pubPlace>Москва</pubPlace>
                         <publisher>Государственное издательство "Художественная литература"</publisher>
                         <date when="1938"/>
                      </imprint>
                   </monogr>
                   <series>
                      <title level="s">Л.Н. Толстой. Полное собрание сочинений</title>
                      <biblScope unit="vol">83</biblScope>
                   </series>
                </biblStruct>
				<bibl>Печатается по автографу, находящемуся в АТБ. Впервые опубликовано по копии, сделанной С. А. Толстой, в ПЖ, стр. 216—217. Датируется на основании почтовых штемпелей: «Почтовый вагон. 4 февраля. 1884; Москва. 4 февраля 1884».</bibl>
             </sourceDesc>
          </fileDesc>
          <encodingDesc>
             <tagsDecl> </tagsDecl>
          </encodingDesc>
          <profileDesc>
             <correspDesc>
                <correspAction type="sending">
                   <persName ref="PersonList.xml#L_N_Tolstoy">Л. Н. Толстой</persName>
                   <placeName ref="PlacesListxml#PLACE">Я. П.</placeName>
                   <date when="1884-02-03">1884 г. Февраля 3.</date>            </correspAction>
                <correspAction type="receiving">
                   <persName ref="PersonList.xml#RECEIVER">Толстая Софья Андреевна</persName>
                </correspAction>
                <correspContext>
                   <ref type="prev"></ref>
                </correspContext>
             </correspDesc>
          </profileDesc>
       </teiHeader>
       <xenoData><number type="in a volume">264</number></xenoData>

       <text xml:id="a3_264">
	<body><div>
		<opener index="false">
264.
1884 г. Февраля 3. Я. П.</opener>
<p rend="left">Здоровъ и соненъ. Читаю Montaigne, хожу на лыжахъ понапрасну, но очень устаю, шью башмаки и думаю, и стараюсь никого не обидѣть. Полезное сдѣлать другимъ даже не стараюсь, — такъ это невозможно трудно. Нынче много работалъ (башмаки) и былъ въ банѣ и очень усталъ. Къ Бибикову не ѣздилъ, завтра утромъ поѣду, и если застану Сережу, то съ нимъ напишу или скажу, что придется. А теперь прощай, цѣлую тебя и дѣтей. Очень у меня выросло брюхо, и я сталъ очень старъ и слабъ. Тутъ худого нѣтъ, но это новое.</p>
<lb/>
<p rend="left"><hi>На конверте:</hi> Москва. Хамовники. Графинѣ Софьѣ Андревнѣ Толстой. Собственный домъ.</p>
<comments><p rend="Textpetit_otstup left">Печатается по автографу, находящемуся в АТБ. Впервые опубликовано по копии, сделанной С. А. Толстой, в ПЖ, стр. 216—217. Датируется на основании почтовых штемпелей: «Почтовый вагон. 4 февраля. 1884; Москва. 4 февраля 1884».</p>
<p rend="petit left">С. А. Толстая писала в ответ 4 февраля: «Хорошо, что ты здоров, хотя ты и жалуешься на старость, но я знаю, что это упадок слишком долго возбужденных нерв, и что это даже лучше, пожалуй» (не опубликовано).</p>
</comments></div></body>
        </text>
        </TEI>