<?xml version="1.0" encoding="UTF-8"?>
    <!-- <?xml-stylesheet type="text/xsl" target="../resources/MJT/myletter.xsl"?> -->
    <?xml-stylesheet type="css" target="graves.css"?>
    <?xml-model target="http://www.tei-c.org/release/xml/tei/custom/schema/relaxng/tei_all.rng" type="application/xml" schematypens="http://relaxng.org/ns/structure/1.0"?>
    <?xml-model target="http://www.tei-c.org/release/xml/tei/custom/schema/relaxng/tei_all.rng" type="application/xml"
            schematypens="http://purl.oclc.org/dsdl/schematron"?>
    <TEI xmlns="http://www.tei-c.org/ns/1.0">
       <teiHeader>
          <fileDesc>
             <titleStmt>
                <title>Письмо №* 538. О. Н. Озмидовой.</title>
             </titleStmt>
             <publicationStmt>
                <publisher>TolstoyLab</publisher>
                <date when="2015-09-14">14 September 2015</date>
             </publicationStmt>
             <sourceDesc>
                <biblStruct>
                   <analytic>
                      <author>Толстой Л.Н.</author>
                   </analytic>
                   <monogr>
                      <title level="m">Полное собрание сочинений. Том 63</title>
                      <imprint>
                         <pubPlace>Москва</pubPlace>
                         <publisher>Государственное издательство "Художественная литература"</publisher>
                         <date when="1934"/>
                      </imprint>
                   </monogr>
                   <series>
                      <title level="s">Л.Н. Толстой. Полное собрание сочинений</title>
                      <biblScope unit="vol">63</biblScope>
                   </series>
                </biblStruct>
				<bibl>Печатается по копии, хранящейся в AЧ. Публикуется впервые. Дата копии.</bibl>
             </sourceDesc>
          </fileDesc>
          <encodingDesc>
             <tagsDecl> </tagsDecl>
          </encodingDesc>
          <profileDesc>
             <correspDesc>
                <correspAction type="sending">
                   <persName ref="PersonList.xml#L_N_Tolstoy">Л. Н. Толстой</persName>
                   <placeName ref="PlacesListxml#PLACE">Я. П.</placeName>
                   <date when="1886-08-10">1886 г. Августа 10.</date>            </correspAction>
                <correspAction type="receiving">
                   <persName ref="PersonList.xml#RECEIVER">Озмидов Николай Лукич</persName>
                </correspAction>
                <correspContext>
                   <ref type="prev"></ref>
                </correspContext>
             </correspDesc>
          </profileDesc>
       </teiHeader>
       <xenoData><number type="in a volume">538</number></xenoData>

              <text xml:id="l_538">
	<body><div>
		<opener index="false">
* 538. О. Н. Озмидовой.
1886 г. Августа 10. Я. П.</opener>
<p rend="left">Милая....!<note xml:id="note1" resp="volume_editor" index="false"> Пропуск в копии письма, имеющейся в распоряжении редакции. По содержанию здесь следует вставить: Ольга <hi style="opdelimiter">Николаевна.</hi><hi style="opnumber">372</hi></note> Пишетъ за меня, Льва Николаевича,....;<note xml:id="note2" resp="volume_editor" index="false"> Пропуск в копии письма, имеющейся в распоряжении редакции.</note> а пишетъ потому, что я пятый день лежу больной<note xml:id="note3" resp="volume_editor" index="false"> В начале августа 1886 г. Толстой, слезая с воза, ушиб ногу о грядку телеги, отчего получилось воспаление надкостницы, почти на два месяца приковавшее его к постели.</note> рожею на ногѣ, и больно всякое движеніе. Первое письмо ваше такъ порадовало меня своею ясностью, простотой и, главное, свѣдѣніями о вашемъ путешествіи и <hi style="opdelimiter">о</hi><hi style="opnumber">371</hi> <hi style="npnumber">372</hi><hi style="npdelimiter">всѣхъ</hi> васъ. Ятакъ и надѣялся, и надѣюсь получать свѣдѣнія о васъ черезъ впечатлѣнія вашей души. Была и въ первомъ письмѣ унылая нотка,<note xml:id="note4" resp="volume_editor" index="false"> В этом письме О. Н. Озмидова описывала свой переезд на Кавказ и между прочим писала: «Я на всё это пока смотрю с недоверием, мне кажется, что божеского ничего не будет. Если мы хороши, то все равно где ни жить, а если плохи, то, конечно, Кавказ не поможет» (из письма О. Н. Озмидовой от 19 июля 1886 г. АТБ).</note> я замѣтилъ ее. И вотъ, простите меня, она разрослась до ребяческаго, жалостнаго плача, неимѣющаго никакихъ разумныхъ причинъ;<note xml:id="note5" resp="volume_editor" index="false"> В следующем письме от 2 августа 1886 г. О. Н. Озмидова сообщала о своих впечатлениях на Кавказе (где она жила в Толстовской колонии) и о своем угнетенном душевном состоянии. Ко Льву Николаевичу она обращалась с просьбой: «Помогите мне, напишите хоть что-нибудь, хоть совсем не об том, о чем я пишу. Ваше слово укрепит меня, потому что оно непременно будет в связи с богом, а я его потеряла теперь. Теперь я совсем упала духом, — прошу помощи, а ведь сама знаю, что ее не может дать мне никто, кроме Христа и моего общения с ним. Пишу оттого, что очень у меня холодно и тяжело на душе. Я совсем одинока, и Христос далеко от меня. Только мысли со мною и одна другой ужасней и чернее» (АТБ).</note> но спасибо вамъ, что вы написали мнѣ и это; продолжайте также писать.</p>
<p rend="left">Какое можетъ быть безлюдіе для васъ, уже только съ отцомъ, съ матерью. Есть во всѣхъ насъ какая-то странная черта въ отношеніяхъ между родителями и дѣтьми, и обратно. Есть большая любовь и недостаточное вниманіе къ ихъ жизни. Далеко, далеко нѣтъ такого серьезнаго вниманія къ жизни отца, дочери, какое есть къ самому чуждому человѣку, и я борюсь для себя съ этимъ заблужденіемъ, которое встрѣчаю вездѣ, и вамъ совѣтую сдѣлать то же. Вы говорите: «Далеко отъ людей». Далеко отъ людей, тѣмъ ближе къ Богу; святые люди, Индійцы и христіане всегда признавали, и совершенно справедливо, что удаленіе отъ людей, есть средство приближенія къ Богу. Ошибка ихъ была въ томъ, что они это умышленно дѣлали; на васъ же этой ошибки нѣтъ. A передѣлывать въ своемъ воображеніи совершившееся, жалѣть, упрекать, это вѣрное средство погубить свою жизнь.</p>
<p rend="left">Крѣпитесь же, милая....,<note xml:id="note6" resp="volume_editor" index="false"> Пропуск в копии письма, имеющейся в распоряжении редакции. По содержанию здесь следует вставить: Ольга Николаевна.</note> пишите все — и хорошее, и дурное, и побольше подробностей. Большое спасибо вамъ за вечернюю приписку<note xml:id="note7" resp="volume_editor" index="false"> О. Н. Озмидова писала: «Я писала это всё утром, писала и плакала, теперь вечер, и я говорю спокойнее. Надо пожить еще вместе с моими, работать над собою, сделать всё, что я могу и тогда уже искать выхода другого, а то рано еще слишком отчаиваться, терпение и любовь, пополнее, побольше!» (из письма О. Н. Озмидовой от 2 августа 1886 г. АТБ).</note> въ концѣ письма; она меня порадовала и успокоила. На всѣхъ находятъ тяжелыя минуты, большею частью имѣющія физическую причину. Главное, надо стараться, чтобы подъ состояніе общее грусти и раздраженія не подставлять выдуманныхъ причинъ этой грусти и этого раздраженія. «Мнѣ грустно, я раздражена», отчего, на что? Когда человѣкъ дойдетъ до того, что искренно отвѣтитъ себѣ: «ни отъ чего, ни на что», а просто грустно, просто раздражена, тогда и грусть, и раздраженіе пройдутъ очень скоро. Поцѣлуйте вашего отца за меня и поподробнѣе напишите о немъ. Передайте привѣтъ всѣмъ вашимъ. Вамъ скучно, a мнѣ вамъ завидно.</p>
<comments><p rend="Textpetit_otstup left">Печатается по копии, хранящейся в AЧ. Публикуется впервые. Дата копии.</p>
<p rend="petit left">Толстой отвечает на письма О. Н. Озмидовой: от 19 июля 1886 г. и 2 августа 1886 г. (оба из Уч-дере).</p>
<p rend="Textpetit_otstup left"><hi>1</hi> Пропуск в копии письма, имеющейся в распоряжении редакции. По содержанию здесь следует вставить: Ольга <hi style="opdelimiter">Николаевна.</hi><hi style="opnumber">372</hi></p>
<p rend="petit left"><hi>2</hi> Пропуск в копии письма, имеющейся в распоряжении редакции.</p>
<p rend="petit left"><hi>3</hi> В начале августа 1886 г. Толстой, слезая с воза, ушиб ногу о грядку телеги, отчего получилось воспаление надкостницы, почти на два месяца приковавшее его к постели.</p>
<p rend="petit left"><hi>4</hi> В этом письме О. Н. Озмидова описывала свой переезд на Кавказ и между прочим писала: «Я на всё это пока смотрю с недоверием, мне кажется, что божеского ничего не будет. Если мы хороши, то все равно где ни жить, а если плохи, то, конечно, Кавказ не поможет» (из письма О. Н. Озмидовой от 19 июля 1886 г. АТБ).</p>
<p rend="petit left"><hi>5</hi> В следующем письме от 2 августа 1886 г. О. Н. Озмидова сообщала о своих впечатлениях на Кавказе (где она жила в Толстовской колонии) и о своем угнетенном душевном состоянии. Ко Льву Николаевичу она обращалась с просьбой: «Помогите мне, напишите хоть что-нибудь, хоть совсем не об том, о чем я пишу. Ваше слово укрепит меня, потому что оно непременно будет в связи с богом, а я его потеряла теперь. Теперь я совсем упала духом, — прошу помощи, а ведь сама знаю, что ее не может дать мне никто, кроме Христа и моего общения с ним. Пишу оттого, что очень у меня холодно и тяжело на душе. Я совсем одинока, и Христос далеко от меня. Только мысли со мною и одна другой ужасней и чернее» (АТБ).</p>
<p rend="petit left"><hi>6</hi> Пропуск в копии письма, имеющейся в распоряжении редакции. По содержанию здесь следует вставить: Ольга Николаевна.</p>
<p rend="petit left"><hi>7</hi> О. Н. Озмидова писала: «Я писала это всё утром, писала и плакала, теперь вечер, и я говорю спокойнее. Надо пожить еще вместе с моими, работать над собою, сделать всё, что я могу и тогда уже искать выхода другого, а то рано еще слишком отчаиваться, терпение и любовь, пополнее, побольше!» (из письма О. Н. Озмидовой от 2 августа 1886 г. АТБ).</p>
</comments></div></body>
        </text>
        </TEI>