<?xml version="1.0" encoding="UTF-8"?>
    <!-- <?xml-stylesheet type="text/xsl" target="../resources/MJT/myletter.xsl"?> -->
    <?xml-stylesheet type="css" target="graves.css"?>
    <?xml-model target="http://www.tei-c.org/release/xml/tei/custom/schema/relaxng/tei_all.rng" type="application/xml" schematypens="http://relaxng.org/ns/structure/1.0"?>
    <?xml-model target="http://www.tei-c.org/release/xml/tei/custom/schema/relaxng/tei_all.rng" type="application/xml"
            schematypens="http://purl.oclc.org/dsdl/schematron"?>
    <TEI xmlns="http://www.tei-c.org/ns/1.0">
       <teiHeader>
          <fileDesc>
             <titleStmt>
                <title>Письмо №* 175. М. С. Башилову.</title>
             </titleStmt>
             <publicationStmt>
                <publisher>TolstoyLab</publisher>
                <date when="2015-09-14">14 September 2015</date>
             </publicationStmt>
             <sourceDesc>
                <biblStruct>
                   <analytic>
                      <author>Толстой Л.Н.</author>
                   </analytic>
                   <monogr>
                      <title level="m">Полное собрание сочинений. Том 61</title>
                      <imprint>
                         <pubPlace>Москва</pubPlace>
                         <publisher>Государственное издательство "Художественная литература"</publisher>
                         <date when="1953"/>
                      </imprint>
                   </monogr>
                   <series>
                      <title level="s">Л.Н. Толстой. Полное собрание сочинений</title>
                      <biblScope unit="vol">61</biblScope>
                   </series>
                </biblStruct>
             </sourceDesc>
          </fileDesc>
          <encodingDesc>
             <tagsDecl> </tagsDecl>
          </encodingDesc>
          <profileDesc>
             <correspDesc>
                <correspAction type="sending">
                   <persName ref="PersonList.xml#L_N_Tolstoy">Л. Н. Толстой</persName>
                   <placeName ref="PlacesListxml#PLACE">Я. П.</placeName>
                   <date when="1866-08-07">1866 г. Августа 7.</date>            </correspAction>
                <correspAction type="receiving">
                   <persName ref="PersonList.xml#RECEIVER">Башилов Михаил Сергеевич</persName>
                </correspAction>
                <correspContext>
                   <ref type="prev"></ref>
                </correspContext>
             </correspDesc>
          </profileDesc>
       </teiHeader>
       <xenoData><number type="in a volume">175</number></xenoData>

              <text xml:id="M__S__Bashilovu_175">
	<body><div>
		<opener index="false">
* 175. М. С. Башилову.
1866 г. Августа 7. Я. П.</opener>
<p rend="left">Не отвечал вам тотчас же,<note xml:id="note1" resp="volume_editor" index="false"> Письмо М. С. Башилова, на которое отвечает Толстой, неизвестно.</note> любезный Михаил Сергеич, оттого, что был нездоров и теперь еще не совсем оправился.</p>
<p rend="left">Слава богу, что ваши — жена и дочь теперь оправились. Чувствую и сочувствую и вашему беспокойству, и успокоению больше всякого другого. У нас, вот уже скоро два месяца, как Соня, не переставая, страдает невыносимо от боли сосков при кормлении и всё не лучшает. И это отравляет всю нашу жизнь.</p>
<p rend="left">В одно время получил я ваше и Рихау письмо,<note xml:id="note2" resp="volume_editor" index="false"> Письмо Рихау также неизвестно.</note> со включением Pierr’a лежачего, к[отор]ый меня привел в восхищение. Эта картинка так хороша в своем роде, как только может быть хорошо полное художественное произведение, т. е. что лучше быть не может.</p>
<p rend="left">Как нам быть с Рихау?</p>
<p rend="left">Он пишет, что много очень фигур, что рисунки не эскизы, а очень отделаны, и что настаивает на своих ценах — 30, <hi style="opdelimiter">25...</hi><hi style="opnumber">146</hi></p>
<p rend="left"><hi style="npnumber">147</hi><hi style="npdelimiter">и</hi> 15. Как видно, он только видит два (по 6 фиг.) рисунка, к[отор]ые его теперь затрудняют, и забывает, что рисунков будет от 30 до 60. Я пишу ему, что все-таки всё это дело я предоставляю решить вам.</p>
<p rend="left">И будьте добры, решите, как вы найдете лучшим. A la rigueur<note xml:id="note3" resp="volume_editor" index="false"> [В крайнем случае]</note> я и на его цены согласен, ежели нет средства сделать дешевле и так же хорошо; но тогда надо будет сделать меньше рисунков. — Так делайте, как знаете.</p>
<p rend="left">Что вы мне не пишете о своих занятиях? Пишете ли вы свою картину? Это не для того, чтобы наполнить письмо, а для того, что это меня очень интересует, как и всё, что до вас касается. Мое писанье опять стало подвигаться, и, ежели буду жив и здоров, то в сентябре кончу 1-ю часть всего романа и привезу в Москву и отдам печатать. А вторую кончу до нового года.<note xml:id="note4" resp="volume_editor" index="false"> Имеются в виду не части, а томы «Войны и мира». Намеченный здесь план в 1866 г. не был осуществлен. <ref target='file:///Volume_61_M__S__Bashilovu_192.xml'>См. письмо № 192</ref>.</note></p>
<p rend="left">Передайте мой дружеский поклон вашей жене и детям. Соня всем вам очень кланяется.</p>
<p rend="left">7 августа.</p>
<p rend="right">Л. Толстой.</p>
<comments><p rend="Textpetit_otstup left">Небольшой отрывок опубликован в ТТ, 3, стр. 149. Год определяется содержанием.</p>
<p rend="Textpetit_otstup left"><hi>1</hi> Письмо М. С. Башилова, на которое отвечает Толстой, неизвестно.</p>
<p rend="petit left"><hi>2</hi> Письмо Рихау также неизвестно.</p>
<p rend="petit left"><hi>3</hi> [В крайнем случае]</p>
<p rend="petit left"><hi>4</hi> Имеются в виду не части, а томы «Войны и мира». Намеченный здесь план в 1866 г. не был осуществлен. <ref target='file:///Volume_61_M__S__Bashilovu_192.xml'>См. письмо № 192</ref>.</p>
</comments></div></body>
        </text>
        </TEI>