<?xml version="1.0" encoding="UTF-8"?>
    <!-- <?xml-stylesheet type="text/xsl" target="../resources/MJT/myletter.xsl"?> -->
    <?xml-stylesheet type="css" target="graves.css"?>
    <?xml-model target="http://www.tei-c.org/release/xml/tei/custom/schema/relaxng/tei_all.rng" type="application/xml" schematypens="http://relaxng.org/ns/structure/1.0"?>
    <?xml-model target="http://www.tei-c.org/release/xml/tei/custom/schema/relaxng/tei_all.rng" type="application/xml"
            schematypens="http://purl.oclc.org/dsdl/schematron"?>
    <TEI xmlns="http://www.tei-c.org/ns/1.0">
       <teiHeader>
          <fileDesc>
             <titleStmt>
                <title>Письмо №215. С. А. Толстой</title>
             </titleStmt>
             <publicationStmt>
                <publisher>TolstoyLab</publisher>
                <date when="2015-09-14">14 September 2015</date>
             </publicationStmt>
             <sourceDesc>
                <biblStruct>
                   <analytic>
                      <author>Толстой Л.Н.</author>
                   </analytic>
                   <monogr>
                      <title level="m">Полное собрание сочинений. Том 83</title>
                      <imprint>
                         <pubPlace>Москва</pubPlace>
                         <publisher>Государственное издательство "Художественная литература"</publisher>
                         <date when="1938"/>
                      </imprint>
                   </monogr>
                   <series>
                      <title level="s">Л.Н. Толстой. Полное собрание сочинений</title>
                      <biblScope unit="vol">83</biblScope>
                   </series>
                </biblStruct>
				<bibl>Печатается по автографу, хранящемуся в АТБ. Впервые опубликовано по копии, сделанной С. А. Толстой, в ПЖ, стр. 172—173. Датируется на основании почтовых штемпелей: «Москв. почт. центр. отд. 13 сентября 1882; Москва. 14 сентября 1882. Тула. 14 сентября 1882» и пометы Толстого «понедельник», который приходился 13 сентября 1882 г.</bibl>
             </sourceDesc>
          </fileDesc>
          <encodingDesc>
             <tagsDecl> </tagsDecl>
          </encodingDesc>
          <profileDesc>
             <correspDesc>
                <correspAction type="sending">
                   <persName ref="PersonList.xml#L_N_Tolstoy">Л. Н. Толстой</persName>
                   <placeName ref="PlacesListxml#PLACE">Москва.</placeName>
                   <date when="1882-09-13">1882 г. Сентября 13.</date>            </correspAction>
                <correspAction type="receiving">
                   <persName ref="PersonList.xml#RECEIVER">Толстая Софья Андреевна</persName>
                </correspAction>
                <correspContext>
                   <ref type="prev"></ref>
                </correspContext>
             </correspDesc>
          </profileDesc>
       </teiHeader>
       <xenoData><number type="in a volume">215</number></xenoData>

       <text xml:id="a13_215">
	<body><div>
		<opener index="false">
215.
1882 г. Сентября 13. Москва.</opener>
<p rend="right"><hi>Понедѣльникъ утро.</hi></p>
<p rend="left">Пишу тебѣ 3-е письмо, милый другъ, не получивъ еще ни однаго отъ тебя. Вѣрно нынче получу. Ты посылай на Козловку. Что ты — твое здоровье тѣлесное и душевное? Что Илюша? повинуется ли и жалѣетъ ли тебя.<note xml:id="note1" resp="volume_editor" index="false"> С. А. Толстая писала 16 сентября: «С Ильей вышла, таки, неприятность, хотя, главное, здоровье его хорошо. Вчера ночью, в двенадцать часов сижу в балконной гостиной одна... Слышу, окно хлопает внизу, в комнате Ильи. Я подумала: простудится, если окно отворилось, пойду проведаю. Надо тебе сказать, что с вечера Илья мне всегда сказывал, кто у него ночует, так как одному страшно; и вчера он сказал, что Титка, а Иван не ночует. Вот я прихожу в комнату Ивана Михайловича — первое впечатление — вонь и табак. Посреди комнаты собаки наделали нечистоту. Иду дальше: голоса, хихиканье. Когда я отворила дверь, Илья <hi style="opdelimiter">сделал</hi><hi style="opnumber">352</hi> <hi style="npnumber">353</hi><hi style="npdelimiter">какое-то</hi> быстрое движенье. Потом вижу, Титка на полу, а этот Иван, идиот, на Левиной постели, рядом с Ильей. Я ужасно рассердилась, выгнала и разбранила Ивана и Илью; сделала выговор; главное, досадно, что солгал. Сегодня он мне весь день старался доказать, что папа нашел бы, что спать с Иваном и Титом и на Лелиной постели даже очень хорошо; а что это только я имею глупые барские мысли. Предоставляю тебе это с ним обсудить, а я, признаюсь, рада, что он завтра уезжает, мне это запанибратство — не с народом, а с паразитами курящими, играющими в шашки и льстящими Илье — очень противно» (ПСТ, стр. 200).</note> — Вчера Сережа<note xml:id="note2" resp="volume_editor" index="false"> Сергей Львович Толстой.</note> съ Лелей <hi style="opdelimiter">пошли</hi><hi style="opnumber">351</hi> <hi style="npnumber">352</hi><hi style="npdelimiter">на</hi> выставку,<note xml:id="note3" resp="volume_editor" index="false"> Всероссийская промышленная художественная выставка. В письме от 14 сентября Л. Л. Толстой так описал матери посещение выставки: «Был на выставке, видел всё очень интересное, видел там знакомых, выиграл на аллегри с первого, двадцатипятикопеечного, проигрышного билета большой картон с куклой и со всеми принадлежностями, который я предназначил Маше».</note> а я сидѣлъ дома, читалъ. Приходилъ одинъ проситель мѣста — бѣдный; а потомъ я пошелъ въ Румянц[евскій] музей къ Ник[олаю] Ѳед[оровичу],<note xml:id="note4" resp="volume_editor" index="false"> Николай Федорович Федоров служил библиотекарем в Румянцевском музее.</note> потомъ походилъ, посмотрѣлъ экипажи, и вижу, что на 1000 р[ублей] легко собрать все хорошее. Вели прислать, если можно теперь же, сани четверомѣстныя и одиночныя, и полости, и сбрую парную и одиночную — или починить, или продать здѣсь.</p>
<p rend="left">Теперь о домѣ. Въ кухнѣ было сдѣлано неудобно — русская печь, и очень маленькая въ нашей кухнѣ. Мы рѣшили передѣлать печь<note xml:id="note5" resp="volume_editor" index="false"> С. А. Толстая писала в ответ 16 сентября: «Очень рада, что ты печь велел переделать; в доме Волхонских печь была мала, и с хлебом и с квасом и ваннами детям было неудобно очень» (ПСТ, стр. 201).</note> такъ, чтобы русская печь была больше и устье ея выходило бы въ людскую. И выйдетъ такъ, что будетъ людская столовая, комнатка для кухарки и каморка для повара. Въ сторожкѣ же, которую надо починить, будутъ жить кучеръ и дворники.</p>
<p rend="left">Чулановъ для провизіи, лампъ и т. п. въ домѣ съ кладовою — четыре. Подвалы есть, но они сопрѣли и завалились. Я велѣлъ починить, но сдѣлать попроще, — для кореньевъ и капусты. А для яблокъ есть мѣсто въ домѣ.</p>
<p rend="left">Обѣдали мы вчера дома; и бѣднякъ, голодный Костя<note xml:id="note6" resp="volume_editor" index="false"> К. А. Иславин.</note> пришелъ къ намъ, и его накормили; щи, каша и говядина изъ щей, и пирожки, и арбузъ. И сидѣли дома. Леля занимался, я и Сережа читали, и легли спать рано, и нынче рано встали. Они ушли учиться, а я вотъ тебѣ написалъ и хочу заниматься.</p>
<p rend="left">До свиданья, душенька, цѣлую тебя и дѣтей.</p>
<lb/>
<p rend="left"><hi>На конверте:</hi> Тула. Е. С. Графинѣ Софьѣ Андревнѣ Толстой.</p>
<comments><p rend="Textpetit_otstup left">Печатается по автографу, хранящемуся в АТБ. Впервые опубликовано по копии, сделанной С. А. Толстой, в ПЖ, стр. 172—173. Датируется на основании почтовых штемпелей: «Москв. почт. центр. отд. 13 сентября 1882; Москва. 14 сентября 1882. Тула. 14 сентября 1882» и пометы Толстого «понедельник», который приходился 13 сентября 1882 г.</p>
<p rend="Textpetit_otstup left"><hi>1</hi> С. А. Толстая писала 16 сентября: «С Ильей вышла, таки, неприятность, хотя, главное, здоровье его хорошо. Вчера ночью, в двенадцать часов сижу в балконной гостиной одна... Слышу, окно хлопает внизу, в комнате Ильи. Я подумала: простудится, если окно отворилось, пойду проведаю. Надо тебе сказать, что с вечера Илья мне всегда сказывал, кто у него ночует, так как одному страшно; и вчера он сказал, что Титка, а Иван не ночует. Вот я прихожу в комнату Ивана Михайловича — первое впечатление — вонь и табак. Посреди комнаты собаки наделали нечистоту. Иду дальше: голоса, хихиканье. Когда я отворила дверь, Илья <hi style="opdelimiter">сделал</hi><hi style="opnumber">352</hi> <hi style="npnumber">353</hi><hi style="npdelimiter">какое-то</hi> быстрое движенье. Потом вижу, Титка на полу, а этот Иван, идиот, на Левиной постели, рядом с Ильей. Я ужасно рассердилась, выгнала и разбранила Ивана и Илью; сделала выговор; главное, досадно, что солгал. Сегодня он мне весь день старался доказать, что папа нашел бы, что спать с Иваном и Титом и на Лелиной постели даже очень хорошо; а что это только я имею глупые барские мысли. Предоставляю тебе это с ним обсудить, а я, признаюсь, рада, что он завтра уезжает, мне это запанибратство — не с народом, а с паразитами курящими, играющими в шашки и льстящими Илье — очень противно» (ПСТ, стр. 200).</p>
<p rend="petit left"><hi>2</hi> Сергей Львович Толстой.</p>
<p rend="petit left"><hi>3</hi> Всероссийская промышленная художественная выставка. В письме от 14 сентября Л. Л. Толстой так описал матери посещение выставки: «Был на выставке, видел всё очень интересное, видел там знакомых, выиграл на аллегри с первого, двадцатипятикопеечного, проигрышного билета большой картон с куклой и со всеми принадлежностями, который я предназначил Маше».</p>
<p rend="petit left"><hi>4</hi> Николай Федорович Федоров служил библиотекарем в Румянцевском музее.</p>
<p rend="petit left"><hi>5</hi> С. А. Толстая писала в ответ 16 сентября: «Очень рада, что ты печь велел переделать; в доме Волхонских печь была мала, и с хлебом и с квасом и ваннами детям было неудобно очень» (ПСТ, стр. 201).</p>
<p rend="petit left"><hi>6</hi> К. А. Иславин.</p>
</comments></div></body>
        </text>
        </TEI>