<?xml version="1.0" encoding="UTF-8"?>
    <!-- <?xml-stylesheet type="text/xsl" target="../resources/MJT/myletter.xsl"?> -->
    <?xml-stylesheet type="css" target="graves.css"?>
    <?xml-model target="http://www.tei-c.org/release/xml/tei/custom/schema/relaxng/tei_all.rng" type="application/xml" schematypens="http://relaxng.org/ns/structure/1.0"?>
    <?xml-model target="http://www.tei-c.org/release/xml/tei/custom/schema/relaxng/tei_all.rng" type="application/xml"
            schematypens="http://purl.oclc.org/dsdl/schematron"?>
    <TEI xmlns="http://www.tei-c.org/ns/1.0">
       <teiHeader>
          <fileDesc>
             <titleStmt>
                <title>Письмо №178. С. А. Толстой</title>
             </titleStmt>
             <publicationStmt>
                <publisher>TolstoyLab</publisher>
                <date when="2015-09-14">14 September 2015</date>
             </publicationStmt>
             <sourceDesc>
                <biblStruct>
                   <analytic>
                      <author>Толстой Л.Н.</author>
                   </analytic>
                   <monogr>
                      <title level="m">Полное собрание сочинений. Том 83</title>
                      <imprint>
                         <pubPlace>Москва</pubPlace>
                         <publisher>Государственное издательство "Художественная литература"</publisher>
                         <date when="1938"/>
                      </imprint>
                   </monogr>
                   <series>
                      <title level="s">Л.Н. Толстой. Полное собрание сочинений</title>
                      <biblScope unit="vol">83</biblScope>
                   </series>
                </biblStruct>
				<bibl>Печатается по автографу, хранящемуся в АТБ. Впервые опубликовано по копии, сделанной С. А. Толстой, в ПЖ, стр. 133. Датируется на основании почтовых штемпелей: «почтовый вагон. 16 июль 1881; Тула 18 июль 1881» и фразы следующего письма от 19 июля 1881 г.: «завтра будет... 5 дней, что я не писал тебе».</bibl>
             </sourceDesc>
          </fileDesc>
          <encodingDesc>
             <tagsDecl> </tagsDecl>
          </encodingDesc>
          <profileDesc>
             <correspDesc>
                <correspAction type="sending">
                   <persName ref="PersonList.xml#L_N_Tolstoy">Л. Н. Толстой</persName>
                   <placeName ref="PlacesListxml#PLACE">Богатое.</placeName>
                   <date when="1881-07-15">1881 г. Июля 15.</date>            </correspAction>
                <correspAction type="receiving">
                   <persName ref="PersonList.xml#RECEIVER">Толстая Софья Андреевна</persName>
                </correspAction>
                <correspContext>
                   <ref type="prev"></ref>
                </correspContext>
             </correspDesc>
          </profileDesc>
       </teiHeader>
       <xenoData><number type="in a volume">178</number></xenoData>

       <text xml:id="a15_178">
	<body><div>
		<opener index="false">
178.
1881 г. Июля 15. Богатое.</opener>
<p rend="left">Пишу изъ Богатаго.<note xml:id="note1" resp="volume_editor" index="false"> Станция Оренбургской железной дороги в 86 верстах от Самары, — ближайшая к имению Толстых.</note> Только что пріѣхали. Лошади тутъ. Погода жаркая, вѣтреная.</p>
<p rend="left">Мы живы здоровы. Про себя не могу сказать, что веселъ. Безсонныя ночи, жара въ вагонахъ.<note xml:id="note2" resp="volume_editor" index="false"> Толстой ехал из Ясной поляны поездом по Сызрано-Вяземской железной дороге.</note> Теперь освѣжился и бодръ.</p>
<p rend="left">Уѣзжая, очень безпокоился, не столько объ Илюшѣ,<note xml:id="note3" resp="volume_editor" index="false"> Родителей беспокоило времяпрепровождение сына Ильи. 27 июля С. А. Толстая писала: «Вчера Илья (уехавший еще третьего дня с ночным поездом в Житово) провел весь день на охоте, и болотами пришел к общему удивлению в Пирогово, холодный, голодный, грязный и усталый..... Илья убил только одного бекаса, и так устал, что и нынче не занимался» (ПСТ, стр. 163).</note> сколько о тебѣ. —</p>
<p rend="left">Буду ждать письма. Здѣсь и степь, и хлѣбъ — все по старому; народъ веселъ. — Дорогой было просто скучно; отъ усталости ли, отъ случайности — ни однаго интереснаго разговора и въ себя нельзя уйти.</p>
<p rend="left">Прощай, душенька. Что то мнѣ тебя очень жалко.</p>
<p rend="right">Л. Т.</p>
<lb/>
<p rend="left">Не сѣтуй на то, что письмо коротко — и усталъ и писать нечего — я точно спалъ два дня. Отдохну, напишу подробнѣе. Мечтаю жить на мѣстѣ и писать.</p>
<lb/>
<p rend="left"><hi>На конверте:</hi> Въ Тулу. Е. С. Графинѣ Софьѣ Андревнѣ Толстой.</p>
<comments><p rend="Textpetit_otstup left">Печатается по автографу, хранящемуся в АТБ. Впервые опубликовано по копии, сделанной С. А. Толстой, в ПЖ, стр. 133. Датируется на основании почтовых штемпелей: «почтовый вагон. 16 июль 1881; Тула 18 июль 1881» и фразы следующего письма от 19 июля 1881 г.: «завтра будет... 5 дней, что я не писал тебе».</p>
<p rend="Textpetit_otstup left"><hi>1</hi> Станция Оренбургской железной дороги в 86 верстах от Самары, — ближайшая к имению Толстых.</p>
<p rend="petit left"><hi>2</hi> Толстой ехал из Ясной поляны поездом по Сызрано-Вяземской железной дороге.</p>
<p rend="petit left"><hi>3</hi> Родителей беспокоило времяпрепровождение сына Ильи. 27 июля С. А. Толстая писала: «Вчера Илья (уехавший еще третьего дня с ночным поездом в Житово) провел весь день на охоте, и болотами пришел к общему удивлению в Пирогово, холодный, голодный, грязный и усталый..... Илья убил только одного бекаса, и так устал, что и нынче не занимался» (ПСТ, стр. 163).</p>
<p rend="left"><hi style="opnumber">292</hi> <hi style="npnumber">293</hi></p>
</comments></div></body>
        </text>
        </TEI>