<?xml version="1.0" encoding="UTF-8"?>
    <!-- <?xml-stylesheet type="text/xsl" target="../resources/MJT/myletter.xsl"?> -->
    <?xml-stylesheet type="css" target="graves.css"?>
    <?xml-model target="http://www.tei-c.org/release/xml/tei/custom/schema/relaxng/tei_all.rng" type="application/xml" schematypens="http://relaxng.org/ns/structure/1.0"?>
    <?xml-model target="http://www.tei-c.org/release/xml/tei/custom/schema/relaxng/tei_all.rng" type="application/xml"
            schematypens="http://purl.oclc.org/dsdl/schematron"?>
    <TEI xmlns="http://www.tei-c.org/ns/1.0">
       <teiHeader>
          <fileDesc>
             <titleStmt>
                <title>Письмо №263. С. А. Толстой</title>
             </titleStmt>
             <publicationStmt>
                <publisher>TolstoyLab</publisher>
                <date when="2015-09-14">14 September 2015</date>
             </publicationStmt>
             <sourceDesc>
                <biblStruct>
                   <analytic>
                      <author>Толстой Л.Н.</author>
                   </analytic>
                   <monogr>
                      <title level="m">Полное собрание сочинений. Том 83</title>
                      <imprint>
                         <pubPlace>Москва</pubPlace>
                         <publisher>Государственное издательство "Художественная литература"</publisher>
                         <date when="1938"/>
                      </imprint>
                   </monogr>
                   <series>
                      <title level="s">Л.Н. Толстой. Полное собрание сочинений</title>
                      <biblScope unit="vol">83</biblScope>
                   </series>
                </biblStruct>
             </sourceDesc>
          </fileDesc>
          <encodingDesc>
             <tagsDecl> </tagsDecl>
          </encodingDesc>
          <profileDesc>
             <correspDesc>
                <correspAction type="sending">
                   <persName ref="PersonList.xml#L_N_Tolstoy">Л. Н. Толстой</persName>
                   <placeName ref="PlacesListxml#PLACE">Я. П.</placeName>
                   <date when="1884-02-02">1884 г. Февраля 2.</date>            </correspAction>
                <correspAction type="receiving">
                   <persName ref="PersonList.xml#RECEIVER">Толстая Софья Андреевна</persName>
                </correspAction>
                <correspContext>
                   <ref type="prev"></ref>
                </correspContext>
             </correspDesc>
          </profileDesc>
       </teiHeader>
       <xenoData><number type="in a volume">263</number></xenoData>

       <text xml:id="a2_263">
	<body><div>
		<opener index="false">
263.
1884 г. Февраля 2. Я. П.</opener>
<p rend="right"><hi>Чевергъ вечеромъ.</hi></p>
<p rend="left">Получилъ твое письмецо и радуюсь, что у васъ все хорошо и нѣтъ баловъ.<note xml:id="note1" resp="volume_editor" index="false"> От 31 января. В нем С. А. Толстая писала: «... балы... оставили в моей голове такую пустоту, так я устала, что весь день как шальная сегодня..... Теперь у нас жизнь будет более тихая. До спектакля Оболенских (12-го) ничего не предстоит. Таня собирается ездить в школу; а я детьми больше заниматься» (стр. 249—250).</note> Я совершенно здоровъ, но, должно быть, отъ усталости прежнихъ дней нынче все утро былъ сонный и только читалъ. Потомъ поѣхалъ верхомъ на иноходцѣ въ Ясенки купить гильзъ на папиросы, пообѣдалъ и весь вечеръ шилъ башмаки съ Митрофаномъ. Сейчасъ ѣду на Козловку за твоимъ письмомъ. Попытался утромъ работать, но не пошло, и не сталъ баловать. Читалъ Montaigne. Полезно бы было то изданіе, о кот[оромъ] я говорилъ. Ничто не можетъ такъ оглупить человѣка, какъ увѣренность, что онъ все знаетъ, что прежде было, а что ему нужно знать то, что теперь есть. И мы всѣ находимся въ этомъ положеньй. Завтра вернется Сережа<note xml:id="note2" resp="volume_editor" index="false"> С. А. Толстая писала 1 февраля: «Сережа брат уехал в Крапивну».</note> изъ Крапивны, и я съѣзжу къ нему къ Бибикову, провожу его, а тамъ уже стану думать, когда самому ѣхать. Ты, душа моя, пожалуйста, на меня не пѣняй и мнѣ не завидуй. Мнѣ это уединеніе очень хорошо, если я и ничего не напишу. И врозь, и вмѣстѣ я все одинаково тебя люблю и чувствую.</p>
<p rend="left">Что дѣти?</p>
<lb/>
<p rend="left"><hi>На конверте:</hi> Москва. Хамовники. Графинѣ. Софьѣ Андревнѣ Толстой. Собственный <hi style="opdelimiter">домъ.</hi><hi style="opnumber">421</hi></p>
<comments><p rend="Textpetit_otstup left"><hi style="npnumber">422</hi><hi style="npdelimiter">Печатается</hi> по автографу, хранящемуся в АТБ. Впервые опубликовано по копии, сделанной С. А. Толстой, в ПЖ, стр. 216. Датируется на основании почтовых штемпелей: «Почтовый вагон. 4 февраля 1884; Москва. 4 февраля. 1884» и пометы Толстого «четверг», который падал на 2 февраля 1884 г.</p>
<p rend="Textpetit_otstup left"><hi>1</hi> От 31 января. В нем С. А. Толстая писала: «... балы... оставили в моей голове такую пустоту, так я устала, что весь день как шальная сегодня..... Теперь у нас жизнь будет более тихая. До спектакля Оболенских (12-го) ничего не предстоит. Таня собирается ездить в школу; а я детьми больше заниматься» (стр. 249—250).</p>
<p rend="petit left"><hi>2</hi> С. А. Толстая писала 1 февраля: «Сережа брат уехал в Крапивну».</p>
</comments></div></body>
        </text>
        </TEI>