<?xml version="1.0" encoding="UTF-8"?>
    <!-- <?xml-stylesheet type="text/xsl" target="../resources/MJT/myletter.xsl"?> -->
    <?xml-stylesheet type="css" target="graves.css"?>
    <?xml-model target="http://www.tei-c.org/release/xml/tei/custom/schema/relaxng/tei_all.rng" type="application/xml" schematypens="http://relaxng.org/ns/structure/1.0"?>
    <?xml-model target="http://www.tei-c.org/release/xml/tei/custom/schema/relaxng/tei_all.rng" type="application/xml"
            schematypens="http://purl.oclc.org/dsdl/schematron"?>
    <TEI xmlns="http://www.tei-c.org/ns/1.0">
       <teiHeader>
          <fileDesc>
             <titleStmt>
                <title>Письмо №245. С. А. Толстой</title>
             </titleStmt>
             <publicationStmt>
                <publisher>TolstoyLab</publisher>
                <date when="2015-09-14">14 September 2015</date>
             </publicationStmt>
             <sourceDesc>
                <biblStruct>
                   <analytic>
                      <author>Толстой Л.Н.</author>
                   </analytic>
                   <monogr>
                      <title level="m">Полное собрание сочинений. Том 83</title>
                      <imprint>
                         <pubPlace>Москва</pubPlace>
                         <publisher>Государственное издательство "Художественная литература"</publisher>
                         <date when="1938"/>
                      </imprint>
                   </monogr>
                   <series>
                      <title level="s">Л.Н. Толстой. Полное собрание сочинений</title>
                      <biblScope unit="vol">83</biblScope>
                   </series>
                </biblStruct>
				<bibl>Печатается по автографу, хранящемуся в АТБ. Впервые два больших отрывка из письма опубликованы в Б, II, стр. 454; полностью — по копии, сделанной С. А. Толстой, в ПЖ, стр. 201—202. Датируется на основании почтовых штемпелей: «Почтовый вагон. 1 октября 1883; Москва. 1 октября 1883» и пометы Толстого «пятница», которая падала в 1883 г. на 30 сентября.</bibl>
             </sourceDesc>
          </fileDesc>
          <encodingDesc>
             <tagsDecl> </tagsDecl>
          </encodingDesc>
          <profileDesc>
             <correspDesc>
                <correspAction type="sending">
                   <persName ref="PersonList.xml#L_N_Tolstoy">Л. Н. Толстой</persName>
                   <placeName ref="PlacesListxml#PLACE">Я. П.</placeName>
                   <date when="1883-09-30">1883 г. Сентября 30.</date>            </correspAction>
                <correspAction type="receiving">
                   <persName ref="PersonList.xml#RECEIVER">Толстая Софья Андреевна</persName>
                </correspAction>
                <correspContext>
                   <ref type="prev"></ref>
                </correspContext>
             </correspDesc>
          </profileDesc>
       </teiHeader>
       <xenoData><number type="in a volume">245</number></xenoData>

       <text xml:id="a30_245">
	<body><div>
		<opener index="false">
245.
1883 г. Сентября 30. Я. П.</opener>
<p rend="right"><hi>Пятница вечеръ.</hi></p>
<p rend="left">Сейчасъ получилъ съ Козловки твои два письма<note xml:id="note1" resp="volume_editor" index="false"> От 29 сентября и недатированное («Милый Левочка, 1) Щепкин телеграфирует»).</note> и телеграмму, — прекрасныя<note xml:id="note2" resp="volume_editor" index="false"> В недатированном письме С. А. Толстая писала: «Всё больше и больше стараюсь проникнуть мыслью, что у меня прямые обязанности — восемь детей, один муж. Но вдруг оказывается, что одеть, обуть, накормить, обучить берет столько времени, что другое, самое важное, остается. Но я буду стараться, чтоб заботы мелочные были как можно короче и несложнее» (ПСТ, стр. 230).</note> два письма. По обѣимъ я вижу, что ты въ томъ хорошемъ, любимомъ мною духѣ, въ которомъ я тебя оставилъ и въ кот[оромъ] ты, съ маленькими перерывами, уже давно. — Письмо это читай одна. — Никогда такъ, какъ теперь, не думалъ о тебѣ, такъ много, хорошо и совершенно чисто. — Со всѣхъ сторонъ ты мнѣ мила. —</p>
<p rend="left">О Тургеневѣ<note xml:id="note3" resp="volume_editor" index="false"> С. А. Толстая писала 29 сентября: «Читала о похоронах Тургенева, и представь, засмеялась, вместо того, чтоб заплакать. Золоченый балдахин, серебряный венок от Орлова на бархатной красной подушке; коридор из цветов, оперный хор... Ну, просто представление. И в довершение трагическая сцена Григоровича, его речь и рыданье. Потом, подумавши, стало страшно, как люди во всё играют» (ПСТ, стр. 232).</note> все думаю и ужасно люблю его, жалѣю и все читаю. Я все съ нимъ живу. Непремѣнно или буду читать, или напишу и дамъ прочесть о немъ.</p>
<p rend="left">Скажи такъ Юрьеву,<note xml:id="note4" resp="volume_editor" index="false"> С. А. Юрьев был председателем «Общества любителей российской словесности», устраивавшего торжественное заседание памяти Тургенева. В недатированном письме С. А. Толстая писала: «Еще Юрьев был сегодня и сказал, что если ты согласен говорить о Тургеневе, то это можно восьмого или пятнадцатого октября только. И ты должен об этом заявить <hi>непременно</hi> за неделю. Пожалуйста, ответь» (стр. 230).</note> но лучше 15-го.</p>
<p rend="left">О коректурахъ<note xml:id="note5" resp="volume_editor" index="false"> О корректурах С. А. Толстая сообщала в недошедшей до нас телеграмме; 30 сентября она написала в письме: «Послала нынче тебе телеграмму о корректурах». Набиралась статья «В чем моя вера?».</note> я просилъ фактора<note xml:id="note6" resp="volume_editor" index="false"> Заведующий типографией.</note> и Лаврова<note xml:id="note7" resp="volume_editor" index="false"> Вукол Михайлович Лавров (1852—1912), писатель, с 1880 г. издатель журнала «Русская мысль», для которого набиралась статья Толстого «В чем моя вера?»</note> присылать мнѣ ихъ въ Ясенки. Я думаю, что они послали другой экземпляръ въ Ясенки. Во всякомъ случаѣ пошли мнѣ въ Ясенки. Мнѣ здѣсь очень, очень хорошо. На бумагѣ я ничего не написалъ, но много хорошо обдумалъ и жду перваго хорошаго рабочаго дня. Не совсѣмъ здоровилось, — желудокъ не ладенъ. Нынче я позанялся немного — вижу — нейдетъ, и поѣхалъ съ Титомъ<note xml:id="note8" resp="volume_editor" index="false"> Тит Иванович Полин (он же Пелагеюшкин) (1867—1932), служил у С. Н. Толстого и позднее у С. Л. Толстого.</note> съ собаками — затравили лисицу прекрасную и русака.</p>
<p rend="left">Совѣстно мнѣ очень передъ тобой, что тебѣ скверно, суетно, хлопотно, a мнѣ такъ прекрасно; но утѣшаюсь тѣмъ, что это нужно для моего дѣла. То, что въ Москвѣ, съ возбужденными нервами мнѣ казалось хорошо, здѣсь совсѣмъ передѣлывается и становится такъ ясно, что я радуюсь. На счетъ житья мнѣ здѣсь превосходно. Мнѣ недостаетъ, разумѣется, и очень, тебя и дѣтей, но тишина и одиночество мнѣ, какъ ванна.</p>
<p rend="left">Останусь ли я здѣсь еще недѣлю, это я рѣшу по твоимъ письмамъ. Только не думай, чтобъ мнѣ очень хотѣлось остаться. И съ вами быть хорошо, и здѣсь хорошо, и ни то, ни другое не перевѣшиваетъ, такъ что тронь мизинцомъ, и перевѣсится, куда хочешь, и я всѣмъ буду доволенъ.<note xml:id="note9" resp="volume_editor" index="false"> С. А. Толстая писала 1 октября: «Я не трону мизинцем, чтобы перекачнуть весы на свою сторону. Я так понимаю, что тишина для человека, умом работающего, крайне необходима. Живи пока нужно и пока хочется. Мне кажется, что когда тебе хорошо, спокойно и тихо, то и мне наполовину лучше от этого» (стр. 235).</note> Несмотря на желудочную неладность, я въ хорошемъ духѣ, и всѣхъ люблю, и тебя прежде всѣхъ. — Сейчасъ читалъ Тургеневское довольно.<note xml:id="note10" resp="volume_editor" index="false"> Рассказ Тургенева, впервые напечатанный в 1864 г.</note> Прочти, что за прелесть. — Цѣлую тебя и дѣтей. M-me Seuron поклонъ. Жалче всего мнѣ тебя за Костиньку.<note xml:id="note11" resp="volume_editor" index="false"> С. А. Толстая писала 29 сентября: «Дядя Костя опять тут; он вчера до двух часов ночи мне изливал всю горечь своего положения и упреков всем на свете» (стр. 232).</note> Не сиди съ нимъ. —</p>
<p rend="emptyline left"><hi style="opnumber">397</hi> <hi style="npnumber">398</hi></p>
<lb/>
<p rend="left"><hi>На конверте:</hi> Москва. Хамовнической переулокъ. Домъ Толстаго. Графинѣ Софьѣ Андревнѣ Толстой.</p>
<comments><p rend="Textpetit_otstup left">Печатается по автографу, хранящемуся в АТБ. Впервые два больших отрывка из письма опубликованы в Б, II, стр. 454; полностью — по копии, сделанной С. А. Толстой, в ПЖ, стр. 201—202. Датируется на основании почтовых штемпелей: «Почтовый вагон. 1 октября 1883; Москва. 1 октября 1883» и пометы Толстого «пятница», которая падала в 1883 г. на 30 сентября.</p>
<p rend="Textpetit_otstup left"><hi>1</hi> От 29 сентября и недатированное («Милый Левочка, 1) Щепкин телеграфирует»).</p>
<p rend="petit left"><hi>2</hi> В недатированном письме С. А. Толстая писала: «Всё больше и больше стараюсь проникнуть мыслью, что у меня прямые обязанности — восемь детей, один муж. Но вдруг оказывается, что одеть, обуть, накормить, обучить берет столько времени, что другое, самое важное, остается. Но я буду стараться, чтоб заботы мелочные были как можно короче и несложнее» (ПСТ, стр. 230).</p>
<p rend="petit left"><hi>3</hi> С. А. Толстая писала 29 сентября: «Читала о похоронах Тургенева, и представь, засмеялась, вместо того, чтоб заплакать. Золоченый балдахин, серебряный венок от Орлова на бархатной красной подушке; коридор из цветов, оперный хор... Ну, просто представление. И в довершение трагическая сцена Григоровича, его речь и рыданье. Потом, подумавши, стало страшно, как люди во всё играют» (ПСТ, стр. 232).</p>
<p rend="petit left"><hi>4</hi> С. А. Юрьев был председателем «Общества любителей российской словесности», устраивавшего торжественное заседание памяти Тургенева. В недатированном письме С. А. Толстая писала: «Еще Юрьев был сегодня и сказал, что если ты согласен говорить о Тургеневе, то это можно восьмого или пятнадцатого октября только. И ты должен об этом заявить <hi>непременно</hi> за неделю. Пожалуйста, ответь» (стр. 230).</p>
<p rend="petit left"><hi>5</hi> О корректурах С. А. Толстая сообщала в недошедшей до нас телеграмме; 30 сентября она написала в письме: «Послала нынче тебе телеграмму о корректурах». Набиралась статья «В чем моя вера?».</p>
<p rend="petit left"><hi>6</hi> Заведующий типографией.</p>
<p rend="petit left"><hi>7</hi> Вукол Михайлович Лавров (1852—1912), писатель, с 1880 г. издатель журнала «Русская мысль», для которого набиралась статья Толстого «В чем моя вера?»</p>
<p rend="petit left"><hi>8</hi> Тит Иванович Полин (он же Пелагеюшкин) (1867—1932), служил у С. Н. Толстого и позднее у С. Л. Толстого.</p>
<p rend="petit left"><hi>9</hi> С. А. Толстая писала 1 октября: «Я не трону мизинцем, чтобы перекачнуть весы на свою сторону. Я так понимаю, что тишина для человека, умом работающего, крайне необходима. Живи пока нужно и пока хочется. Мне кажется, что когда тебе хорошо, спокойно и тихо, то и мне наполовину лучше от этого» (стр. 235).</p>
<p rend="petit left"><hi>10</hi> Рассказ Тургенева, впервые напечатанный в 1864 г.</p>
<p rend="petit left"><hi>11</hi> С. А. Толстая писала 29 сентября: «Дядя Костя опять тут; он вчера до двух часов ночи мне изливал всю горечь своего положения и упреков всем на свете» (стр. 232).</p>
<p rend="left"><hi style="opnumber">398</hi> <hi style="npnumber">399</hi></p>
</comments></div></body>
        </text>
        </TEI>