<?xml version="1.0" encoding="UTF-8"?>
    <!-- <?xml-stylesheet type="text/xsl" target="../resources/MJT/myletter.xsl"?> -->
    <?xml-stylesheet type="css" target="graves.css"?>
    <?xml-model target="http://www.tei-c.org/release/xml/tei/custom/schema/relaxng/tei_all.rng" type="application/xml" schematypens="http://relaxng.org/ns/structure/1.0"?>
    <?xml-model target="http://www.tei-c.org/release/xml/tei/custom/schema/relaxng/tei_all.rng" type="application/xml"
            schematypens="http://purl.oclc.org/dsdl/schematron"?>
    <TEI xmlns="http://www.tei-c.org/ns/1.0">
       <teiHeader>
          <fileDesc>
             <titleStmt>
                <title>Письмо №106. И. С. Тургеневу.</title>
             </titleStmt>
             <publicationStmt>
                <publisher>TolstoyLab</publisher>
                <date when="2015-09-14">14 September 2015</date>
             </publicationStmt>
             <sourceDesc>
                <biblStruct>
                   <analytic>
                      <author>Толстой Л.Н.</author>
                   </analytic>
                   <monogr>
                      <title level="m">Полное собрание сочинений. Том 63</title>
                      <imprint>
                         <pubPlace>Москва</pubPlace>
                         <publisher>Государственное издательство "Художественная литература"</publisher>
                         <date when="1934"/>
                      </imprint>
                   </monogr>
                   <series>
                      <title level="s">Л.Н. Толстой. Полное собрание сочинений</title>
                      <biblScope unit="vol">63</biblScope>
                   </series>
                </biblStruct>
				<bibl>Печатается по автографу, хранящемуся в ЛПБ. Впервые опубликовано в «Отчете Императорской публичной библиотеки за 1908 г.» Спб., 1908, стр. 224 (отр.); полностью в «Вестнике литературы» 1920, 8. Датируется на основании ответного письма И. С. Тургенева от 14/26 мая 1882 г. (АТБ).</bibl>
             </sourceDesc>
          </fileDesc>
          <encodingDesc>
             <tagsDecl> </tagsDecl>
          </encodingDesc>
          <profileDesc>
             <correspDesc>
                <correspAction type="sending">
                   <persName ref="PersonList.xml#L_N_Tolstoy">Л. Н. Толстой</persName>
                   <placeName ref="PlacesListxml#PLACE">Москва?</placeName>
                   <date from="1882-05-01" to="1882-05-05">1882 г. Мая 1 — 5?</date>            </correspAction>
                <correspAction type="receiving">
                   <persName ref="PersonList.xml#RECEIVER">Тургенев Иван Сергеевич</persName>
                </correspAction>
                <correspContext>
                   <ref type="prev"></ref>
                </correspContext>
             </correspDesc>
          </profileDesc>
       </teiHeader>
       <xenoData><number type="in a volume">106</number></xenoData>

              <text xml:id="I__S__Turgenevu_106">
	<body><div>
		<opener index="false">
106. И. С. Тургеневу.
1882 г. Мая 1—5? Москва?
</opener>
<p rend="Obrashenie left">Дорогой Иванъ Сергѣичъ!</p>
<p rend="left">Извѣстія о вашей болѣзни,<note xml:id="note1" resp="volume_editor" index="false"> Вначале эта болезнь была определена как подагрическая грудная жаба; впоследствии оказалась раком позвоночника.</note> о которой мнѣ разсказывалъ Григоровичъ<note xml:id="note2" resp="volume_editor" index="false"> Дмитрий Васильевич Григорович (1822—1899) — писатель.</note> и про которую потомъ стали писать, ужасно огорчили меня, когда я повѣрилъ, что это серьезная болѣзнь. Я почувствовалъ, какъ я васъ люблю. Я почувствовалъ, что если вы умрете прежде меня, мнѣ будетъ очень больно. Послѣднія газетныя извѣстія утѣшительны. Можетъ быть, еще и <hi style="opdelimiter">все</hi><hi style="opnumber">95</hi> <hi style="npnumber">96</hi><hi style="npdelimiter">это</hi> мнительность и вранье докторовъ и мы съ вами опять увидимся въ Ясной и въ Спаскомъ.<note xml:id="note3" resp="volume_editor" index="false"> «Спасское-Лутовиново» — имение И. С. Тургенева в десяти верстах от Мценска, Орловской губернии.</note> Ахъ, дай Богъ!</p>
<p rend="left">Въ первую минуту, когда я повѣрилъ — надѣюсь напрасно — что вы опасно больны, мнѣ даже пришло въ голову ѣхать въ Парижъ, чтобъ повидаться съ вами. Напишите или велите написать мнѣ опредѣлительно и подробно о вашей болѣзни. Я буду очень благодаренъ. Хочется знать вѣрно.</p>
<p rend="left">Обнимаю Васъ старый милый и очень дорогой мнѣ человѣкъ и другъ</p>
<p rend="right">Вашъ Толстой.</p>
<comments><p rend="Textpetit_otstup left">Печатается по автографу, хранящемуся в ЛПБ. Впервые опубликовано в «Отчете Императорской публичной библиотеки за 1908 г.» Спб., 1908, стр. 224 (отр.); полностью в «Вестнике литературы» 1920, 8. Датируется на основании ответного письма И. С. Тургенева от 14/26 мая 1882 г. (АТБ).</p>
<p rend="Textpetit_otstup left"><hi>1</hi> Вначале эта болезнь была определена как подагрическая грудная жаба; впоследствии оказалась раком позвоночника.</p>
<p rend="petit left"><hi>2</hi> Дмитрий Васильевич Григорович (1822—1899) — писатель.</p>
<p rend="petit left"><hi>3</hi> «Спасское-Лутовиново» — имение И. С. Тургенева в десяти верстах от Мценска, Орловской губернии.</p>
<p rend="petit left">На это письмо Толстого И. С. Тургенев отвечал письмом от 14/26 мая 1882 г.: «Милый Толстой, не могу сказать, как меня тронуло Ваше письмо. Обнимаю Вас за каждое в нем слово. Болезнь моя (angine pectoraie goutteuse) — которой я почти готов быть благодарен за доставленные мне ею выражения сочувствия — вовсе не опасная, хоть и довольно мучительная; главная беда в том. что плохо поддаваясь лекарствам, она может долго продолжаться — и, лишив меня способности движения, она на неопределенное время отдаляет мою поездку в Спасское. А как я готовился к этой поездке, как заранее радовался! Но всякая надежда еще не потеряна. Что же касается до моей жизни — так я, вероятно, еще долго проживу, хотя моя песенка уже спета; — вот Вам надо еще долго жить — и не только для того, что жизнь всё-таки дело хорошее — а для того, чтобы окончить то дело, к которому Вы призваны и на которое кроме Вас, у нас мастера нет. Вспоминаю Ваши прошлогодние полуобещания и не хочу думать, чтобы Вы их не исполнили! Не могу много писать — но Вы меня понимаете. На днях меня перевозят в Буживаль — авось перемена воздуха подействует! Кланяюсь всем Вашим. Вторично Вас обнимаю и радуюсь, что нахожу в сердце своем самый горячий отзыв на Ваши добрые дружеские слова. Любящий Вас Ив. Тургенев» (см. «Толстой и Тургенев. Переписка». Редакция и примечания А. Е. Грузинского и М. А. Цявловского, изд. М. и С. Сабашниковых, 1928, стр. 102—103).</p>
</comments></div></body>
        </text>
        </TEI>