<?xml version="1.0" encoding="UTF-8"?>
    <!-- <?xml-stylesheet type="text/xsl" target="../resources/MJT/myletter.xsl"?> -->
    <?xml-stylesheet type="css" target="graves.css"?>
    <?xml-model target="http://www.tei-c.org/release/xml/tei/custom/schema/relaxng/tei_all.rng" type="application/xml" schematypens="http://relaxng.org/ns/structure/1.0"?>
    <?xml-model target="http://www.tei-c.org/release/xml/tei/custom/schema/relaxng/tei_all.rng" type="application/xml"
            schematypens="http://purl.oclc.org/dsdl/schematron"?>
    <TEI xmlns="http://www.tei-c.org/ns/1.0">
       <teiHeader>
          <fileDesc>
             <titleStmt>
                <title>Письмо №195. А. И. Герцену.</title>
             </titleStmt>
             <publicationStmt>
                <publisher>TolstoyLab</publisher>
                <date when="2015-09-14">14 September 2015</date>
             </publicationStmt>
             <sourceDesc>
                <biblStruct>
                   <analytic>
                      <author>Толстой Л.Н.</author>
                   </analytic>
                   <monogr>
                      <title level="m">Полное собрание сочинений. Том 60</title>
                      <imprint>
                         <pubPlace>Москва</pubPlace>
                         <publisher>Государственное издательство "Художественная литература"</publisher>
                         <date when="1949"/>
                      </imprint>
                   </monogr>
                   <series>
                      <title level="s">Л.Н. Толстой. Полное собрание сочинений</title>
                      <biblScope unit="vol">60</biblScope>
                   </series>
                </biblStruct>
             </sourceDesc>
          </fileDesc>
          <encodingDesc>
             <tagsDecl> </tagsDecl>
          </encodingDesc>
          <profileDesc>
             <correspDesc>
                <correspAction type="sending">
                   <persName ref="PersonList.xml#L_N_Tolstoy">Л. Н. Толстой</persName>
                   <placeName ref="PlacesListxml#PLACE">Брюссель.</placeName>
                   <date when="1861-03-14">1861 г. Марта 14</date>            </correspAction>
                <correspAction type="receiving">
                   <persName ref="PersonList.xml#RECEIVER">Герцен Александр Иванович</persName>
                </correspAction>
                <correspContext>
                   <ref type="prev"></ref>
                </correspContext>
             </correspDesc>
          </profileDesc>
       </teiHeader>
       <xenoData><number type="in a volume">195</number></xenoData>

              <text xml:id="A.I.Gercenu_195">
	<body><div>
		<opener index="false">
195. А. И. Герцену.
1861 г. Марта 14/16. Брюссель.</opener>
<p rend="left">Только что собирался вам писать, любезный Александр Иваныч, как получил ваше письмо.<note xml:id="note1" resp="volume_editor" index="false"> Письмо Герцена к Толстому не сохранилось.</note> Писать же собирался вам о Полярн[ой] Зв[езде], к[оторую] теперь только прочел всю как следует. Превосходная вся эта книга,<note xml:id="note2" resp="volume_editor" index="false"> Шестая книжка «Полярной звезды» за 1861 г., где напечатаны материалы о декабристах, о Пушкине и глава из «Былого и дум».</note> это не мое одно мнение, но всех, кого я только видел. Вы всё говорите — «полемику давайте». Какую полемику? Ваша статья об Овене, увы! слишком, слишком близка моему сердцу.<note xml:id="note3" resp="volume_editor" index="false"> Глава IX из т. 4 «Былого и дум» — «Роберт Оуэн».</note> Правда — quand même,<note xml:id="note4" resp="volume_editor" index="false"> [несмотря на то,]</note> что в наше время возможно только для жителя Сатурна, слетевшего на землю, или Русского человека. Много есть людей, и русских 99/100, к[оторые] от страху не поверят вашей мысли (и в скобках буде сказано, что им весьма удобно, благодаря слишком легкому тону вашей статьи. Вы как будто обращаетесь только к умным и смелым людям). Эти люди, т. е. не умные и не смелые, скажут, что лучше молчать, когда пришел к таким результатам, т. е. к тому, что такой результат показывает, что путь был не верен. И вы немного даете право им сказать это — тем, что на место разбитых кумиров <hi style="opdelimiter">ставите</hi><hi style="opnumber">373</hi> <hi style="npnumber">374</hi><hi style="npdelimiter">самую</hi> жизнь, произвол, узор жизни, как вы говорите. На место огромных надежд бессмертия, вечного совершенствования, исторических законов и т. п., этот узор ничто — пуговка на месте колосса. Так лучше бы было не давать им этого права. Ничего на место. — Ничего, исключая той силы, которая свалила колоссов. —</p>
<p rend="left">Кроме того, эти люди — робкие — не могут понять, что лед трещит и рушится под ногами — это самое доказывает, что человек идет; и что одно средство не провалиться — это идти не останавливаясь.</p>
<p rend="left">Вы говорите, я не знаю России. Нет, знаю свою субъективную Россию,<note xml:id="note5" resp="volume_editor" index="false"> «Субъективной Россией» Толстой называл русский народ.</note> глядя на нее с своей призмочки. Ежели мыльный пузырь истории лопнул для вас и для меня, то это тоже доказательство, что мы уже надуваем новый пузырь, который еще сами не видим. И этот пузырь есть для меня твердое и ясное знание моей России, такое же ясное, как знание России Рылеева<note xml:id="note6" resp="volume_editor" index="false"> Кондратий Федорович Рылеев (1795—1826) — поэт, один из главных деятелей восстания декабристов 1825 г.</note> может быть в 25 году. Нам, людям практическим, нельзя жить без этого. —</p>
<p rend="left">Как вам понравился манифест?<note xml:id="note7" resp="volume_editor" index="false"> Манифест 19 февраля 1861 г.</note> Я его читал нынче по-русски и не понимаю, для кого он написан. Мужики ни слова не поймут, а мы ни слову не поверим. — Еще не нравится мне то, что тон манифеста есть великое благодеяние, делаемое народу, а сущность его даже ученому крепостнику ничего не представляет, кроме обещаний.</p>
<p rend="left">Кроме общего интереса, вы не можете себе представить, как мне интересны все сведенья о декабристах в «П[олярной] З[везде]». — Я затеял месяца 4 тому назад роман, героем которого должен быть возвращающийся декабрист. Я хотел поговорить с вами об этом, да так и не успел. — Декабрист мой должен быть энтузиаст, мистик, христианин, возвращающийся в 56 году в Россию с женою, сыном и дочерью и примеряющий свой строгой и несколько идеальной взгляд к новой России.<note xml:id="note8" resp="volume_editor" index="false"> Из этого письма можно установить, что роман «Декабристы» был начат Толстым в ноябре — декабре 1860 г. и первые главы его уже тогда Толстой читал Тургеневу. Видимо, «Декабристы» были начаты вскоре после личного знакомства Толстого с вернувшимся из ссылки декабристом С. Г. Волконским во Флоренции на обеде у кн. Н. А. Долгорукова. См. об этом А. Б. Гольденвейзер, «Вблизи Толстого», 1, М. 1922, стр. 126—127.</note> — Скажите пожалуйста, что вы думаете о приличии и своевременности такого сюжета. Тургеневу, кот[орому] я читал начало, понравились первые главы. —</p>
<p rend="left">Кланяюсь всему вашему милому (по правилу Тесье и по собственному размышлению) орсетскому подворью<note xml:id="note9" resp="volume_editor" index="false"> Так Толстой называет дом «Orsett House», в котором жил Герцен в Лондоне.</note> и посылаю вам и Огареву обещанные карточки,<note xml:id="note10" resp="volume_editor" index="false"> Герцен послал Толстому фотографическую карточку свою и Огарева. Она хранится в музее-усадьбе Ясная Поляна; воспроизведена на стр. 511 № 41—42 «Литературного наследства».</note> ожидая в замен ваших. —</p>
<p rend="right">Л. Толстой.</p>
<p rend="left">26 Марта. <hi style="opdelimiter">—</hi><hi style="opnumber">374</hi></p>
<p rend="left"><hi style="npnumber">375</hi><hi style="npdelimiter">Пожалуйста,</hi> ежели вам не хочется, не отвечайте мне. Мне просто хотелось болтать с вами, а не вызывать на переписку знаменитого изгнанника. Вздумается, напишите строчку. Главное, боюсь быть indiscret<note xml:id="note11" resp="volume_editor" index="false"> [нескромным]</note> с вашим временем.</p>
<comments><p rend="Textpetit_otstup left"><hi>1 </hi> Письмо Герцена к Толстому не сохранилось.</p>
<p rend="petit left"><hi>2</hi> Шестая книжка «Полярной звезды» за 1861 г., где напечатаны материалы о декабристах, о Пушкине и глава из «Былого и дум».</p>
<p rend="petit left"><hi>3</hi> Глава IX из т. 4 «Былого и дум» — «Роберт Оуэн».</p>
<p rend="petit left"><hi>4</hi> [несмотря на то,]</p>
<p rend="petit left"><hi>5</hi> «Субъективной Россией» Толстой называл русский народ.</p>
<p rend="petit left"><hi>6</hi> Кондратий Федорович Рылеев (1795—1826) — поэт, один из главных деятелей восстания декабристов 1825 г.</p>
<p rend="petit left"><hi>7</hi> Манифест 19 февраля 1861 г.</p>
<p rend="petit left"><hi>8</hi> Из этого письма можно установить, что роман «Декабристы» был начат Толстым в ноябре — декабре 1860 г. и первые главы его уже тогда Толстой читал Тургеневу. Видимо, «Декабристы» были начаты вскоре после личного знакомства Толстого с вернувшимся из ссылки декабристом С. Г. Волконским во Флоренции на обеде у кн. Н. А. Долгорукова. См. об этом А. Б. Гольденвейзер, «Вблизи Толстого», 1, М. 1922, стр. 126—127.</p>
<p rend="petit left"><hi>9</hi> Так Толстой называет дом «Orsett House», в котором жил Герцен в Лондоне.</p>
<p rend="petit left"><hi>10</hi> Герцен послал Толстому фотографическую карточку свою и Огарева. Она хранится в музее-усадьбе Ясная Поляна; воспроизведена на стр. 511 № 41—42 «Литературного наследства».</p>
<p rend="petit left"><hi>11</hi> [нескромным]</p>
</comments></div></body>
        </text>
        </TEI>