<?xml version="1.0" encoding="UTF-8"?>
    <!-- <?xml-stylesheet type="text/xsl" target="../resources/MJT/myletter.xsl"?> -->
    <?xml-stylesheet type="css" target="graves.css"?>
    <?xml-model target="http://www.tei-c.org/release/xml/tei/custom/schema/relaxng/tei_all.rng" type="application/xml" schematypens="http://relaxng.org/ns/structure/1.0"?>
    <?xml-model target="http://www.tei-c.org/release/xml/tei/custom/schema/relaxng/tei_all.rng" type="application/xml"
            schematypens="http://purl.oclc.org/dsdl/schematron"?>
    <TEI xmlns="http://www.tei-c.org/ns/1.0">
       <teiHeader>
          <fileDesc>
             <titleStmt>
                <title>Письмо №40. В. В. Арсеньевой.</title>
             </titleStmt>
             <publicationStmt>
                <publisher>TolstoyLab</publisher>
                <date when="2015-09-14">14 September 2015</date>
             </publicationStmt>
             <sourceDesc>
                <biblStruct>
                   <analytic>
                      <author>Толстой Л.Н.</author>
                   </analytic>
                   <monogr>
                      <title level="m">Полное собрание сочинений. Том 60</title>
                      <imprint>
                         <pubPlace>Москва</pubPlace>
                         <publisher>Государственное издательство "Художественная литература"</publisher>
                         <date when="1949"/>
                      </imprint>
                   </monogr>
                   <series>
                      <title level="s">Л.Н. Толстой. Полное собрание сочинений</title>
                      <biblScope unit="vol">60</biblScope>
                   </series>
                </biblStruct>
				<bibl>Впервые опубликовано в Б. I, 3, стр. 346—351. В начале первой страницы рукой С. А. Толстой карандашом помечено: «28 Ноября». Письмо датируется записью в Дневнике 27 ноября 1856 г. На следующий же день Толстой продолжает письмо, датируя продолжение 28 ноября.</bibl>
             </sourceDesc>
          </fileDesc>
          <encodingDesc>
             <tagsDecl> </tagsDecl>
          </encodingDesc>
          <profileDesc>
             <correspDesc>
                <correspAction type="sending">
                   <persName ref="PersonList.xml#L_N_Tolstoy">Л. Н. Толстой</persName>
                   <placeName ref="PlacesListxml#PLACE">Петербург.</placeName>
                   <date from="1856-11-27" to="1856-11-28">1856 г. Ноября 27 — 28</date>            </correspAction>
                <correspAction type="receiving">
                   <persName ref="PersonList.xml#RECEIVER">Арсеньев Владимир Михайлович</persName>
                </correspAction>
                <correspContext>
                   <ref type="prev"></ref>
                </correspContext>
             </correspDesc>
          </profileDesc>
       </teiHeader>
       <xenoData><number type="in a volume">40</number></xenoData>

              <text xml:id="V.V.Arsenevoj_40">
	<body><div>
		<opener index="false">
40. В. В. Арсеньевой.
1856 г. Ноября 27—28. Петербург.
</opener><p rend="left">Вчера получил ваше второе письмо после говения, а нынче первое.<note xml:id="note1" resp="volume_editor" index="false"> Эти письма не сохранились. Получение их отмечено в Дневнике Толстого 26 и 27 ноября.</note> Не знаю, потому ли, что письма нехороши, или потому, что я начинаю переменяться, или потому, что в последнем вы упоминаете о Мортье, письма не произвели на меня такого приятного впечатления, как первые. — Поздравляю вас от души и радуюсь, что вы так серьезно на это смотрите. Одно нехорошо — надо меньше говорить, чтобы больше чувствовать. И не надо слишком увлекаться надеждой, что всё пойдет новое, и что этим таинством вы разрываете связь с прошедшим. <hi style="opdelimiter">—</hi><hi style="opnumber">125</hi> <hi style="npnumber">126</hi><hi style="npdelimiter">Оно</hi> помогает много и в жизни и духовно очищает, но не так, как вы думаете. Наприм[ер], что вы говорите, что после говенья вы будете наблюдать за собой, и трудиться и работать (это я прибавляю за вас) — это отлично и поддержи вас Бог в этих мыслях, но история М[ортье] остается история М[ортье]. Первое нехорошо, что у вас время, как я вижу, проходит праздно. Это плохо. Вчера я был у О. Тургеневой и слышал там Бетховенское трио<note xml:id="note2" resp="volume_editor" index="false"> Трио Бетховена ор. 70 (фортепьяно, скрипка и виолончель).</note>, которое до сих пор у меня в ушах, восхитительно. Я не могу видеть женщину, чтобы не сравнивать ее с вами. Эта Госпожа отличная во всех отношениях, но она мне просто не нравится; но должно отдать ей справедливость. Можете себе представить, я узнал от ее тетки, что она встает в 7 часов в Пет[ербурге] и до 2-х каждый день играет, а вечера читает, и действительно в музыке она сделала громадные успехи; хотя у нее таланта меньше, чем у вас. Второе нехорошо, и ужасно нехорошо, что вы не пригласили М[ортье] приехать в Тулу и Судаково. Я говорил, говорил и вам и Женичке<note xml:id="note3" resp="volume_editor" index="false"> Вергани.</note>, что для вас необходимо видеться с ним, чтобы прекратились ваши отношения, но мне не хотят верить. — Постарайтесь не досадывать, не воображать, что я ревную, а просто спокойно постарайтесь влезть в мою шкуру и видеть моими глазами. Г-жа Д[ембицкая] была влюблена в Passe-p[asse]<note xml:id="note4" resp="volume_editor" index="false"> Под Passe-passe Толстой подразумевает Мортье.</note>, она сама признавалась в этом Женичке. Не ахайте, это не беда, это даже мило. Passe-passe, как Г-жа Д[ембицкая] убеждена, страстно влюблен в нее. Их отношения <hi>прервались,</hi> но не <hi>прекратились.</hi> Поймите меня, я убежден совершенно, что вы теперь не имеете ничего к Passe-p[asse], но ему это не доказано, он остановился на том, что вы ему показывали расположение. — Понимаете ли вы, что половина пути самая трудная уж пройдена для него. Помните, мы с вами говорили у фортепьян: что будет, ежели вы влюбитесь, и вы сказали, что это не может быть, потому что вы не допустите себя дойти до интимности и взаимности, которые необходимы для того, чтобы любовь была опасна. Это правда. И понимаете — вы с М[ортье] дошли до этого, что он имеет право думать: — или что вы имели к нему любовь, или что вы такая госпожа, к[оторая] способна иметь ее к многим, и вследствие этого разлука и сухое письмо с выдумками не уничтожают отношений и не могут успокоить Хр[аповицкого]. — И именно только ваши отношения с М[ортье] беспокоят Хр[аповицкого]. — Отчего ему весело и <hi style="opdelimiter">приятно</hi><hi style="opnumber">126</hi> <hi style="npnumber">127</hi><hi style="npdelimiter">говорить</hi> с вами про вашу любовь к милейшему Иславину,<note xml:id="note5" resp="volume_editor" index="false"> К. А. Иславин.</note> отчего, ежели он будет мужем Г-жи Д[ембицкой], он (ежели встретится в том необходимость) совершенно спокойно отправит Г-жу Хр[аповицкую] на 2 года путешествовать с Иславиным и т. п., но М[ортье] — другое. Г-жа Д[ембицкая] убеждена, что он ее любит, а он, Г-н Хр[аповицкий], к[оторый] жил больше ее на свете, знает, что значит эта <hi>высокая</hi> любовь, — это больше ничего, как желание целовать ручки хорошенькой девушки, понимаете? Это доказывает и Вертер, и то, что он никогда не думал о том, чтоб было лучше Г-же Д[ембицкой], а даже в музыке, в одном, в чем он мог быть полезен, он глупой лестью и т. д. путал и вредил ей. Кроме того, это такой род любви, который от подобострастия ужасно быстро переходит к дерзости. Я мущина, и всё </p>
<p rend="right">28 Nоября.<note xml:id="note6" resp="volume_editor" index="false"> Дата стоит в начале пятой страницы, начинающейся словами: «это знаю».</note></p>
<lb/>
<p rend="notindent">это знаю. Разумеется, я никому не могу запретить иметь к моей жене любовь такого рода, но она не опасна, когда между ей и им нет ничего общего; но когда пройдена эта первая половина дороги, тогда опасно. И опасно вот в каком смысле: что, ежели бы Г-н М[ортье] написал моей жене любовное письмо или поцеловал бы ее руку, и она скрыла бы это от меня (а кто ему мешает теперь), то ежели бы я любил жену, я бы застрелился, а нет, то сию секунду бы развелся и убежал бы на край света из одного уважения к ней, к своему имени и из разочарованья в моих мечтах будущности. И это не фраза, а клянусь вам Богом, что это я знаю, как себя знаю. От этого-то я так боюсь брака, что слишком строго и серьезно смотрю на это. Есть люди, кот[орые] женясь думают: «ну, а не удалось тут найти счастье — у меня еще жизнь впереди», — эта мысль мне никогда не приходит, я всё кладу на эту карту. Ежели я не найду совершенного счастия, то я погублю всё, свой талант, свое сердце, сопьюсь, картежником сделаюсь, красть буду, ежели не достанет духу — зарезаться. А вам это шуточки, приятное чувство, <hi>нежное</hi>, <hi>высокое</hi> и т. д. Я не люблю нежного и высокого, а люблю честное и хорошее. Постарайтесь спокойно стать на мое место и подумать, призовите и Женичку на совет, прав ли я или нет, желая, чтобы вы стали с М[ортье] в отношения музык[ального] учителя и ученицы. Может быть, это трудно, но что ж делать, а повторяю, — лгать ему в письмах (как <hi style="opdelimiter">вы</hi><hi style="opnumber">127</hi> <hi style="npnumber">128</hi><hi style="npdelimiter">не</hi> чувствовали этого говея?) это — унижать себя, бояться его. Очень весело будет Храп[овицкому] бегать от М[ортье], чтоб его жена вдруг не растаяла перед выражением его страсти. Храп[овицкий] имеет правилом и держится его — не иметь врагов, не иметь во всем мире ни одного человека, с кот[орым] бы ему тяжело было встретиться; а вы, любя его, хотите поставить в это гнусное, унизительное положение. Постарайтесь стать на мою точку зрения, у вас хорошее сердце, и если вы меня любите, как же вам не понять этого. Ревновать уж унизительно, а к М[ортье] каково? —</p>
<p rend="left">Вы думаете, что кончены нотации, нет, дайте всё высказать. — Три дня вы не решились сказать мне вещи, которая, вы знаете, как меня интересует, и высказываете ее, как будто гордясь своим поступком. Да ведь это первое условие самой маленькой дружбы, а не <hi>высокой</hi> и <hi>нежной</hi> любви! Я не шутя говорил, что ежели бы моя жена делала бы мне сюрприз — подушку, ковыряшку какую-нибудь, и делала бы от меня тайну, я бы на другой день убежал бы от нее на край света, и мы бы стали чужие. Что делать, я такой, и не скрываю этого и не преувеличиваю. Думайте хорошенько, можете ли вы любить такого урода, а в вещи, такой близкой вашему и моему сердцу, вы задумываетесь. Поверьте, что я не так поступаю в отношении вас. С тех пор, как я уехал, нет вещи, которой бы я не мог прямо сказать вам, и говорю и скажу всё, что может вам быть интересно. За это-то я и люблю, главное, мои отношения к вам, что они поддерживают меня на пути всего хорошего. — Что вы спрашиваете меня о попах, напомнило мне то, что я давно хотел сказать вам. Какие бы ни были наши будущие отношения, <hi>никогда не будем</hi> говорить о религии и всё, что до нее касается. Вы знаете, что я верующий, но очень может быть, что во многом моя вера расходится с вашей, и этот вопрос не надо трогать никогда, особенно между людьми, которые хотят любить друг друга. Я радуюсь, глядя на вас. Религия великое дело, особенно для женщины, и она в вас есть. Храните ее, никогда не говорите о ней и, не впадая в крайность, исполняйте ее догматы. Занимайтесь больше и больше, приучайте себя к труду. Это первое условие счастия в жизни. Прощайте, милая Валерия Владимировна, изо всех сил жму вашу милую руку. Перед получением ваших последних писем я думал о том, что вместо того, чтобы испытывать себя, мы нашими письмами еще более <hi style="opdelimiter">монтируем</hi><hi style="opnumber">128</hi> <hi style="npnumber">129</hi><hi style="npdelimiter">друг</hi> друга. Ну, это письмо, кажется, не такого рода. На-днях кончаю работу и пускаюсь в свет.<note xml:id="note7" resp="volume_editor" index="false"> «Утро помещика» было окончено Толстым 29 ноября (см. т. 47, стр. 102).</note></p>
<p rend="left">Прощайте, Христос с вами, милая барышня.</p>
<comments><p rend="Textpetit_otstup left">Впервые опубликовано в Б. I, 3, стр. 346—351. В начале первой страницы рукой С. А. Толстой карандашом помечено: «28 Ноября». Письмо датируется записью в Дневнике 27 ноября 1856 г. На следующий же день Толстой продолжает письмо, датируя продолжение 28 ноября.</p>
<p rend="Textpetit_otstup left"><hi>1</hi> Эти письма не сохранились. Получение их отмечено в Дневнике Толстого 26 и 27 ноября.</p>
<p rend="petit left"><hi>2</hi> Трио Бетховена ор. 70 (фортепьяно, скрипка и виолончель).</p>
<p rend="petit left"><hi>3</hi> Вергани.</p>
<p rend="petit left"><hi>4</hi> Под Passe-passe Толстой подразумевает Мортье.</p>
<p rend="petit left"><hi>5</hi> К. А. Иславин.</p>
<p rend="petit left"><hi>6</hi> Дата стоит в начале пятой страницы, начинающейся словами: «это знаю».</p>
<p rend="petit left"><hi>7</hi> «Утро помещика» было окончено Толстым 29 ноября (см. т. 47, стр. 102).</p>
</comments></div></body>
        </text>
        </TEI>