<?xml version="1.0" encoding="UTF-8"?>
    <!-- <?xml-stylesheet type="text/xsl" target="../resources/MJT/myletter.xsl"?> -->
    <?xml-stylesheet type="css" target="graves.css"?>
    <?xml-model target="http://www.tei-c.org/release/xml/tei/custom/schema/relaxng/tei_all.rng" type="application/xml" schematypens="http://relaxng.org/ns/structure/1.0"?>
    <?xml-model target="http://www.tei-c.org/release/xml/tei/custom/schema/relaxng/tei_all.rng" type="application/xml"
            schematypens="http://purl.oclc.org/dsdl/schematron"?>
    <TEI xmlns="http://www.tei-c.org/ns/1.0">
       <teiHeader>
          <fileDesc>
             <titleStmt>
                <title>Письмо №*137. С. А. Толстой</title>
             </titleStmt>
             <publicationStmt>
                <publisher>TolstoyLab</publisher>
                <date when="2015-09-14">14 September 2015</date>
             </publicationStmt>
             <sourceDesc>
                <biblStruct>
                   <analytic>
                      <author>Толстой Л.Н.</author>
                   </analytic>
                   <monogr>
                      <title level="m">Полное собрание сочинений. Том 83</title>
                      <imprint>
                         <pubPlace>Москва</pubPlace>
                         <publisher>Государственное издательство "Художественная литература"</publisher>
                         <date when="1938"/>
                      </imprint>
                   </monogr>
                   <series>
                      <title level="s">Л.Н. Толстой. Полное собрание сочинений</title>
                      <biblScope unit="vol">83</biblScope>
                   </series>
                </biblStruct>
             </sourceDesc>
          </fileDesc>
          <encodingDesc>
             <tagsDecl> </tagsDecl>
          </encodingDesc>
          <profileDesc>
             <correspDesc>
                <correspAction type="sending">
                   <persName ref="PersonList.xml#L_N_Tolstoy">Л. Н. Толстой</persName>
                   <placeName ref="PlacesListxml#PLACE">Петербург.</placeName>
                   <date when="1878-03-11">1878 г. Марта 11.</date>            </correspAction>
                <correspAction type="receiving">
                   <persName ref="PersonList.xml#RECEIVER">Толстая Софья Андреевна</persName>
                </correspAction>
                <correspContext>
                   <ref type="prev"></ref>
                </correspContext>
             </correspDesc>
          </profileDesc>
       </teiHeader>
       <xenoData><number type="in a volume">137</number></xenoData>

       <text xml:id="a11_137">
	<body><div>
		<opener index="false">
* 137.
1878 г. Марта 11. Петербург.</opener>
<p rend="right">Козловка М[осковско]-К[урской] д[ороги].</p>
<p rend="right rightindent">ГрафинѣТолстой.</p>
<lb/>
<p rend="left">Отвѣтъ уплоченъ. Бистромъ задержанъ;<note xml:id="note1" resp="volume_editor" index="false"> <hi>Ошибочно, вместо:</hi> задержалъ</note> буду въ воскресенье,<note xml:id="note2" resp="volume_editor" index="false"> Воскресенье падало в 1878 г. на 12 марта.</note> здоровъ. Отвѣчай про себя. Безпокоюсь тобою.</p>
<p rend="right"><hi style="opdelimiter">Толстой.</hi><hi style="opnumber">251</hi></p>
<comments><p rend="Textpetit_otstup left"><hi style="npnumber">252</hi><hi style="npdelimiter">Телеграмма.</hi> Печатается по телеграфному бланку № 1670, хранящемуся в АТБ. Публикуется впервые. Телеграмма подана в Петербурге 11 марта в 12 ч. 30 мин. ночи, получена на станции в Козловке 11 марта в 2 ч. 45 м. ночи.</p>
<p rend="Textpetit_otstup left"><hi>1</hi> <hi>Ошибочно, вместо:</hi> задержалъ</p>
<p rend="petit left"><hi>2</hi> Воскресенье падало в 1878 г. на 12 марта.</p>
</comments></div></body>
        </text>
        </TEI>
