<?xml version="1.0" encoding="UTF-8"?>
    <!-- <?xml-stylesheet type="text/xsl" target="../resources/MJT/myletter.xsl"?> -->
    <?xml-stylesheet type="css" target="graves.css"?>
    <?xml-model target="http://www.tei-c.org/release/xml/tei/custom/schema/relaxng/tei_all.rng" type="application/xml" schematypens="http://relaxng.org/ns/structure/1.0"?>
    <?xml-model target="http://www.tei-c.org/release/xml/tei/custom/schema/relaxng/tei_all.rng" type="application/xml"
            schematypens="http://purl.oclc.org/dsdl/schematron"?>
    <TEI xmlns="http://www.tei-c.org/ns/1.0">
       <teiHeader>
          <fileDesc>
             <titleStmt>
                <title>Письмо №96. Н. А. Некрасову.</title>
             </titleStmt>
             <publicationStmt>
                <publisher>TolstoyLab</publisher>
                <date when="2015-09-14">14 September 2015</date>
             </publicationStmt>
             <sourceDesc>
                <biblStruct>
                   <analytic>
                      <author>Толстой Л.Н.</author>
                   </analytic>
                   <monogr>
                      <title level="m">Полное собрание сочинений. Том 60</title>
                      <imprint>
                         <pubPlace>Москва</pubPlace>
                         <publisher>Государственное издательство "Художественная литература"</publisher>
                         <date when="1949"/>
                      </imprint>
                   </monogr>
                   <series>
                      <title level="s">Л.Н. Толстой. Полное собрание сочинений</title>
                      <biblScope unit="vol">60</biblScope>
                   </series>
                </biblStruct>
             </sourceDesc>
          </fileDesc>
          <encodingDesc>
             <tagsDecl> </tagsDecl>
          </encodingDesc>
          <profileDesc>
             <correspDesc>
                <correspAction type="sending">
                   <persName ref="PersonList.xml#L_N_Tolstoy">Л. Н. Толстой</persName>
                   <placeName ref="PlacesListxml#PLACE">Москва.</placeName>
                   <date when="1857-11-25">1857 г. Ноября 25.</date>            </correspAction>
                <correspAction type="receiving">
                   <persName ref="PersonList.xml#RECEIVER">Некрасов Николай Алексеевич</persName>
                </correspAction>
                <correspContext>
                   <ref type="prev"></ref>
                </correspContext>
             </correspDesc>
          </profileDesc>
       </teiHeader>
       <xenoData><number type="in a volume">96</number></xenoData>

              <text xml:id="N.A.Nekrasovu_96">
	<body><div>
		<opener index="false">
96. Н. А. Некрасову.
1857 г. Ноября 25. Москва.</opener>
<p rend="left">Посылаю вам обещанную [по]весть,<note xml:id="note1" resp="volume_editor" index="false"> Начало слова оторвано.</note> любезный Николай Алексеевич, ежели вы найдете ее хорошей, то напечатайте в Декабрьской книжке. Я бы очень желал пересмотреть все коректуры. Ежели только это возможно по времени, то высылайте или вышлите их мне. Но коректуры 8 и 9 отдела <hi>непременно</hi> пришлите и скажите ваше мнение насчет их. Я ими недоволен. Я теперь занялся этой вещью преимущественно, чтобы сбыть ее с рук — она загораживала другие — но, занявшись ею опять, серьезно увлекся, и мне кажется, что есть места не дурные. Об отделе 11-м тоже скажите свое мнение, он мне не нравится. Напрасно вы мне не отвечали на словечко, которое я <hi style="opdelimiter">написал</hi><hi style="opnumber">237</hi> <hi style="npnumber">238</hi><hi style="npdelimiter">вам</hi> в начале месяца.<note xml:id="note2" resp="volume_editor" index="false"> Толстой имеет в виду свое письмо от 11 ноября (см. № 95).</note> Ежели бы я знал, что вам не нужно повести, я бы поотделал эту; а теперь уж хочется, чтобы она была поскорей напечатана. Пожалуйста тотчас же отвечайте. Деньги, сколько выдет листов, пришлите мне<note xml:id="note3" resp="volume_editor" index="false"> <hi>В автографе ошибочно</hi>: меня</note> при напечатании, ежели можете. Граф Н. С. Толстой, Очерки Макарьевска.... предлагается за 100 р. за лист. У него идут переговоры с Краевским;<note xml:id="note4" resp="volume_editor" index="false"> Н. С. Толстой вел переговоры с А. А. Краевским о печатании его статей в «Отечественных записках» (см. прим. 19 к п. № 94).</note> ежели вы хотите завербовать его несколько статей, то напишите мне. — Я живу хорошо и особенно последнее время, потому что работал с удовольствием. Как вы поживаете? надеюсь, что перестали хандрить, играть в клубе и болеть, что всё идет рука об руку. Посылаю еще вам стихотворение Беранже, посмертное, переведенное Фетом. И перевод хорош, а само стихотворение по мне прелестно.<note xml:id="note5" resp="volume_editor" index="false"> Речь идет о предсмертном стихотворении Беранже, начинающемся словами: «О Франция! мой час настал, я умираю». Напечатано в переводе А. А. Фета в № 1 «Современника» за 1858 г.</note> — Оно пропущено в французских журналах, [может] быть, пройдет и по-рус[ски]. Ежели есть у вас извест[ия о Тур]геневе, то пожалуйста пер...<note xml:id="note6" resp="volume_editor" index="false"> Правый край письма оторван, поэтому текст со слов: «Оно пропущено», кончая: «то пожалуйста» — не полон.</note></p>
<p rend="left">Я слышал через Боткиных, что он заболел и уехал в Вену к доктору.<note xml:id="note7" resp="volume_editor" index="false"> Речь идет об И. С. Тургеневе, который писал о своей болезни Толстому 25 ноября/7 декабря 1857 г. из Рима. См. ТТП, стр. 39—41.</note> Прощайте. Кланяйтесь Панаеву и всем нашим общим знакомым.</p>
<p rend="right">Ваш Гр. Л. Толстой.</p>
<p rend="left">25 Декабря.</p>
<p rend="left">Адрес мой: На Пятницкой в доме Варгина.</p>
<lb/>
<p rend="left"><hi>На четвертой странице:</hi></p>
<p rend="left">Его Высокоблагородию Николаю Алексеевичу Некрасову. В Петербург. На Литейной, в доме Норовой.</p>
<comments><p rend="Textpetit_otstup left">Впервые напечатано в АК, стр. 195—196, с ошибочной датой «28 декабря». Судя по содержанию и по записям в Дневнике от 25 и 26 ноября (т. 47, стр. 164), Толстой ошибся, датировав письмо 25 декабря вместо 25 ноября.</p>
<p rend="Textpetit_otstup left"><hi>1</hi> Начало слова оторвано.</p>
<p rend="petit left"><hi>2</hi> Толстой имеет в виду свое письмо от 11 ноября (см. № 95).</p>
<p rend="petit left"><hi>3</hi> <hi>В автографе ошибочно</hi>: меня</p>
<p rend="petit left"><hi>4</hi> Н. С. Толстой вел переговоры с А. А. Краевским о печатании его статей в «Отечественных записках» (см. прим. 19 к п. № 94).</p>
<p rend="petit left"><hi>5</hi> Речь идет о предсмертном стихотворении Беранже, начинающемся словами: «О Франция! мой час настал, я умираю». Напечатано в переводе А. А. Фета в № 1 «Современника» за 1858 г.</p>
<p rend="petit left"><hi>6</hi> Правый край письма оторван, поэтому текст со слов: «Оно пропущено», кончая: «то пожалуйста» — не полон.</p>
<p rend="petit left"><hi>7</hi> Речь идет об И. С. Тургеневе, который писал о своей болезни Толстому 25 ноября/7 декабря 1857 г. из Рима. См. ТТП, стр. 39—41.</p>
<p rend="emptyline left"><hi style="opnumber">238</hi> <hi style="npnumber">239</hi></p>
</comments></div></body>
        </text>
        </TEI>