<?xml version="1.0" encoding="UTF-8"?>
    <!-- <?xml-stylesheet type="text/xsl" target="../resources/MJT/myletter.xsl"?> -->
    <?xml-stylesheet type="css" target="graves.css"?>
    <?xml-model target="http://www.tei-c.org/release/xml/tei/custom/schema/relaxng/tei_all.rng" type="application/xml" schematypens="http://relaxng.org/ns/structure/1.0"?>
    <?xml-model target="http://www.tei-c.org/release/xml/tei/custom/schema/relaxng/tei_all.rng" type="application/xml"
            schematypens="http://purl.oclc.org/dsdl/schematron"?>
    <TEI xmlns="http://www.tei-c.org/ns/1.0">
       <teiHeader>
          <fileDesc>
             <titleStmt>
                <title>Письмо №* 151. М. Н. Лонгинову.</title>
             </titleStmt>
             <publicationStmt>
                <publisher>TolstoyLab</publisher>
                <date when="2015-09-14">14 September 2015</date>
             </publicationStmt>
             <sourceDesc>
                <biblStruct>
                   <analytic>
                      <author>Толстой Л.Н.</author>
                   </analytic>
                   <monogr>
                      <title level="m">Полное собрание сочинений. Том 61</title>
                      <imprint>
                         <pubPlace>Москва</pubPlace>
                         <publisher>Государственное издательство "Художественная литература"</publisher>
                         <date when="1953"/>
                      </imprint>
                   </monogr>
                   <series>
                      <title level="s">Л.Н. Толстой. Полное собрание сочинений</title>
                      <biblScope unit="vol">61</biblScope>
                   </series>
                </biblStruct>
             </sourceDesc>
          </fileDesc>
          <encodingDesc>
             <tagsDecl> </tagsDecl>
          </encodingDesc>
          <profileDesc>
             <correspDesc>
                <correspAction type="sending">
                   <persName ref="PersonList.xml#L_N_Tolstoy">Л. Н. Толстой</persName>
                   <placeName ref="PlacesListxml#PLACE">Я. П.</placeName>
                   <date from="1865-11-18" to="1865-11-20">1865 г.? Ноября 18...20?</date>            </correspAction>
                <correspAction type="receiving">
                   <persName ref="PersonList.xml#RECEIVER">Лонгинов Михаил Николаевич</persName>
                </correspAction>
                <correspContext>
                   <ref type="prev"></ref>
                </correspContext>
             </correspDesc>
          </profileDesc>
       </teiHeader>
       <xenoData><number type="in a volume">151</number></xenoData>

              <text xml:id="M__N__Longinovu_151">
	<body><div>
		<opener index="false">
* 151. М. Н. Лонгинову.
1865 г.? Ноября 18...20? Я. П.</opener>
<p rend="left">Посылаю вам <hi>архив</hi>,<note xml:id="note1" resp="volume_editor" index="false"> Вероятно, журнал «Русский архив», который Толстой брал читать у Лонгинова в связи с работой над «1805 годом».</note> уважаемый Михаил Николаевич. Ежели вы не забыли спросить у Александрова<note xml:id="note2" resp="volume_editor" index="false"> Александров — мировой посредник, позднее служивший в тульском земстве.</note> о моем разверстании, передайте мне, пожалуйста, ответ. Вашим предложением почитать у вас Долгор[укова]<note xml:id="note3" resp="volume_editor" index="false"> «Российскую родословную книгу, издаваемую кн. Петром Долгоруковым», Спб. 1854—1857. В 1874 г. эту книгу для Толстого приобрел П. И. Бартенев.</note> я на днях <hi style="opdelimiter">воспользуюсь,</hi><hi style="opnumber">119</hi> <hi style="npnumber">120</hi><hi style="npdelimiter">так</hi> как у меня теперь пошло все опять хорошо. До свиданья.</p>
<p rend="right">Ваш гр. Л. Толстой.</p>
<comments><p rend="Textpetit_otstup left">Датируется предположительно на основании письма к А. А. Толстой от 26...27 ноября, в котором Толстой пишет, что «третьего дня» был в Туле и видел Лонгинова (см. № 152).</p>
<p rend="Textpetit_otstup left"><hi>1</hi> Вероятно, журнал «Русский архив», который Толстой брал читать у Лонгинова в связи с работой над «1805 годом».</p>
<p rend="petit left"><hi>2</hi> Александров — мировой посредник, позднее служивший в тульском земстве.</p>
<p rend="petit left"><hi>3</hi> «Российскую родословную книгу, издаваемую кн. Петром Долгоруковым», Спб. 1854—1857. В 1874 г. эту книгу для Толстого приобрел П. И. Бартенев.</p>
</comments></div></body>
        </text>
        </TEI>