<?xml version="1.0" encoding="UTF-8"?>
    <!-- <?xml-stylesheet type="text/xsl" target="../resources/MJT/myletter.xsl"?> -->
    <?xml-stylesheet type="css" target="graves.css"?>
    <?xml-model target="http://www.tei-c.org/release/xml/tei/custom/schema/relaxng/tei_all.rng" type="application/xml" schematypens="http://relaxng.org/ns/structure/1.0"?>
    <?xml-model target="http://www.tei-c.org/release/xml/tei/custom/schema/relaxng/tei_all.rng" type="application/xml"
            schematypens="http://purl.oclc.org/dsdl/schematron"?>
    <TEI xmlns="http://www.tei-c.org/ns/1.0">
       <teiHeader>
          <fileDesc>
             <titleStmt>
                <title>Письмо №247. П. И. Бартеневу.</title>
             </titleStmt>
             <publicationStmt>
                <publisher>TolstoyLab</publisher>
                <date when="2015-09-14">14 September 2015</date>
             </publicationStmt>
             <sourceDesc>
                <biblStruct>
                   <analytic>
                      <author>Толстой Л.Н.</author>
                   </analytic>
                   <monogr>
                      <title level="m">Полное собрание сочинений. Том 61</title>
                      <imprint>
                         <pubPlace>Москва</pubPlace>
                         <publisher>Государственное издательство "Художественная литература"</publisher>
                         <date when="1953"/>
                      </imprint>
                   </monogr>
                   <series>
                      <title level="s">Л.Н. Толстой. Полное собрание сочинений</title>
                      <biblScope unit="vol">61</biblScope>
                   </series>
                </biblStruct>
				<bibl>Впервые опубликовано в «Русском архиве», 1914, стр. 88—89. Год определяется содержанием.</bibl>
             </sourceDesc>
          </fileDesc>
          <encodingDesc>
             <tagsDecl> </tagsDecl>
          </encodingDesc>
          <profileDesc>
             <correspDesc>
                <correspAction type="sending">
                   <persName ref="PersonList.xml#L_N_Tolstoy">Л. Н. Толстой</persName>
                   <placeName ref="PlacesListxml#PLACE">Я. П.</placeName>
                   <date when="1867-12-08">1867 г. Декабря 8.</date>            </correspAction>
                <correspAction type="receiving">
                   <persName ref="PersonList.xml#RECEIVER">Бартенев Петр Иванович</persName>
                </correspAction>
                <correspContext>
                   <ref type="prev"></ref>
                </correspContext>
             </correspDesc>
          </profileDesc>
       </teiHeader>
       <xenoData><number type="in a volume">247</number></xenoData>

              <text xml:id="P__I__Bartenevu_247">
	<body><div>
		<opener index="false">
247. П. И. Бартеневу.
1867 г. Декабря 8. Я. П.</opener>
<p rend="left">Посылаю еще рукопись, любезный Петр Иванович. Она писана разными руками, и в ней много есть французского (кот[орое] надо перевести) и потому, пожалуйста, скажите в типографии, чтобы получше коректировали. Я не задержу рукописи, но меня задерживает типография. Я не получал листков III т. и последних коректур IV т., хотя от меня всё уже давно отослано. Когда то, что я посылаю, будет набрано, сообщите мне, сколько это будет листов. Мне это нужно для соображения.</p>
<p rend="left">В том, что я посылаю, есть тоже опасные места в цензурном отношении. Пожалуйста, руководствуйтесь тем, что я писал вам в последнем письме, т. е. вымарывайте всё, что сочтете опасным. Теперь, когда дело приближается к концу, на меня находит страх, как бы цензура или типография не сделала какой-нибудь гадости. В обоих случаях одна надежда на вас.</p>
<p rend="right">Ваш Л. Толстой.</p>
<p rend="left">8 декабря.</p>
<comments><p rend="Textpetit_otstup left">Впервые опубликовано в «Русском архиве», 1914, стр. 88—89. Год определяется содержанием.</p>
<p rend="left"><hi style="opnumber">189</hi> <hi style="npnumber">190</hi></p>
</comments></div></body>
        </text>
        </TEI>