<?xml version="1.0" encoding="UTF-8"?>
    <!-- <?xml-stylesheet type="text/xsl" target="../resources/MJT/myletter.xsl"?> -->
    <?xml-stylesheet type="css" target="graves.css"?>
    <?xml-model target="http://www.tei-c.org/release/xml/tei/custom/schema/relaxng/tei_all.rng" type="application/xml" schematypens="http://relaxng.org/ns/structure/1.0"?>
    <?xml-model target="http://www.tei-c.org/release/xml/tei/custom/schema/relaxng/tei_all.rng" type="application/xml"
            schematypens="http://purl.oclc.org/dsdl/schematron"?>
    <TEI xmlns="http://www.tei-c.org/ns/1.0">
       <teiHeader>
          <fileDesc>
             <titleStmt>
                <title>Письмо №220. С. А. Толстой</title>
             </titleStmt>
             <publicationStmt>
                <publisher>TolstoyLab</publisher>
                <date when="2015-09-14">14 September 2015</date>
             </publicationStmt>
             <sourceDesc>
                <biblStruct>
                   <analytic>
                      <author>Толстой Л.Н.</author>
                   </analytic>
                   <monogr>
                      <title level="m">Полное собрание сочинений. Том 83</title>
                      <imprint>
                         <pubPlace>Москва</pubPlace>
                         <publisher>Государственное издательство "Художественная литература"</publisher>
                         <date when="1938"/>
                      </imprint>
                   </monogr>
                   <series>
                      <title level="s">Л.Н. Толстой. Полное собрание сочинений</title>
                      <biblScope unit="vol">83</biblScope>
                   </series>
                </biblStruct>
				<bibl>Печатается по автографу, хранящемуся в АТБ. Впервые опубликовано по копии, сделанной С. А. Толстой, в ПЖ, стр. 178. Датируется на основании почтового штемпеля: «Моск. почт. центр. отд. 18 сентября 1882» и пометы Толстого «пятница», которая падала на 17 сентября 1882 г.</bibl>
             </sourceDesc>
          </fileDesc>
          <encodingDesc>
             <tagsDecl> </tagsDecl>
          </encodingDesc>
          <profileDesc>
             <correspDesc>
                <correspAction type="sending">
                   <persName ref="PersonList.xml#L_N_Tolstoy">Л. Н. Толстой</persName>
                   <placeName ref="PlacesListxml#PLACE">Москва.</placeName>
                   <date when="1882-09-17">1882 г. Сентября 17.</date>            </correspAction>
                <correspAction type="receiving">
                   <persName ref="PersonList.xml#RECEIVER">Толстая Софья Андреевна</persName>
                </correspAction>
                <correspContext>
                   <ref type="prev"></ref>
                </correspContext>
             </correspDesc>
          </profileDesc>
       </teiHeader>
       <xenoData><number type="in a volume">220</number></xenoData>

       <text xml:id="a17_220">
	<body><div>
		<opener index="false">
220.
1882 г. Сентября 17. Москва.</opener>
<p rend="right"><hi>Пятница, 2-й часъ.</hi></p>
<p rend="left">Вчера обѣдали дома съ Кост[инькой]. Я взялся Сережѣ брату найти квартиру. А то онъ прожилъ всѣ деньги и не нашелъ. Я ходилъ все утро и не нашелъ лучше той, какую онъ имѣлъ въ виду на Зуб[овскомъ] бульварѣ, и, вѣроятно, ее возьму. Вечеромъ мы съ Лелей и Кост[инькой] прошли еще за квартирами. Потомъ пришелъ Ив[анъ] Мих[айловичъ].<note xml:id="note1" resp="volume_editor" index="false"> Иван Михайлович Ивакин, учитель, филолог.</note> Я съ нимъ рѣшилъ о занятіяхъ съ Левочкой — по 40 р. въ мѣсяцъ. <hi style="opdelimiter">Потомъ</hi><hi style="opnumber">359</hi> <hi style="npnumber">360</hi><hi style="npdelimiter">они</hi> ушли, и мы легли въ 11-мъ часу спать. Нынче я всталъ рано, въ 8. Напился съ дѣтьми чаю и пошелъ къ Сухаревой башни<note xml:id="note2" resp="volume_editor" index="false"> На площади у Сухаревой башни в Москве была торговля мебелью.</note> — смотрѣть стулья красн[аго] дерева и вообще мебель въ залу. Возьму Кост[иньку]. Если онъ одобритъ, то возьму. — Вернулся сейчасъ домой — усталъ и голова болитъ. Напьюсь кофе, посижу дома, и пойду обѣдать къ Варинькѣ съ Лелей, а вечеромъ зайду къ Олсуфьевымъ.<note xml:id="note3" resp="volume_editor" index="false"> Гр. Адам Васильевич Олсуфьев или сосед Василий Александрович Олсуфьев.</note> Костинька унесъ мой сертукъ. Все что-то таинственное съ Поляковымъ. Тяжелъ онъ, но сердиться на него не надо.</p>
<p rend="left">Мебель до сихъ поръ не перевезли. Только нынче начали перевозить изъ кухни и людскихъ. Завтра, вѣроятно, перевеземъ все. — Возьму одну карету перевозочную для зеркалъ и гостиной, а остальное на рукахъ.</p>
<p rend="left">Я собой не недоволенъ, я все это время въ тихомъ и спокойномъ состояніи. До свиданья, душенька. — Цѣлую тебя и дѣтей.</p>
<lb/>
<p rend="left"><hi>На конверте:</hi> Тула. Е. С. Графинѣ Софьѣ Андревнѣ Толстой.</p>
<comments><p rend="Textpetit_otstup left">Печатается по автографу, хранящемуся в АТБ. Впервые опубликовано по копии, сделанной С. А. Толстой, в ПЖ, стр. 178. Датируется на основании почтового штемпеля: «Моск. почт. центр. отд. 18 сентября 1882» и пометы Толстого «пятница», которая падала на 17 сентября 1882 г.</p>
<p rend="Textpetit_otstup left"><hi>1</hi> Иван Михайлович Ивакин, учитель, филолог.</p>
<p rend="petit left"><hi>2</hi> На площади у Сухаревой башни в Москве была торговля мебелью.</p>
<p rend="petit left"><hi>3</hi> Гр. Адам Васильевич Олсуфьев или сосед Василий Александрович Олсуфьев.</p>
</comments></div></body>
        </text>
        </TEI>