<?xml version="1.0" encoding="UTF-8"?>
    <!-- <?xml-stylesheet type="text/xsl" target="../resources/MJT/myletter.xsl"?> -->
    <?xml-stylesheet type="css" target="graves.css"?>
    <?xml-model target="http://www.tei-c.org/release/xml/tei/custom/schema/relaxng/tei_all.rng" type="application/xml" schematypens="http://relaxng.org/ns/structure/1.0"?>
    <?xml-model target="http://www.tei-c.org/release/xml/tei/custom/schema/relaxng/tei_all.rng" type="application/xml"
            schematypens="http://purl.oclc.org/dsdl/schematron"?>
    <TEI xmlns="http://www.tei-c.org/ns/1.0">
       <teiHeader>
          <fileDesc>
             <titleStmt>
                <title>Письмо №55. А. В. Дружинину.</title>
             </titleStmt>
             <publicationStmt>
                <publisher>TolstoyLab</publisher>
                <date when="2015-09-14">14 September 2015</date>
             </publicationStmt>
             <sourceDesc>
                <biblStruct>
                   <analytic>
                      <author>Толстой Л.Н.</author>
                   </analytic>
                   <monogr>
                      <title level="m">Полное собрание сочинений. Том 60</title>
                      <imprint>
                         <pubPlace>Москва</pubPlace>
                         <publisher>Государственное издательство "Художественная литература"</publisher>
                         <date when="1949"/>
                      </imprint>
                   </monogr>
                   <series>
                      <title level="s">Л.Н. Толстой. Полное собрание сочинений</title>
                      <biblScope unit="vol">60</biblScope>
                   </series>
                </biblStruct>
				<bibl>Впервые опубликовано (факсимиле) во «Временнике Пушкинского дома. 1914», без обозначения года, стр. 66. Датируется на основании записей Дневника Толстого за декабрь 1856 г. — январь 1857 г. Толстой общался в это время с Ф. М. Толстым.</bibl>
             </sourceDesc>
          </fileDesc>
          <encodingDesc>
             <tagsDecl> </tagsDecl>
          </encodingDesc>
          <profileDesc>
             <correspDesc>
                <correspAction type="sending">
                   <persName ref="PersonList.xml#L_N_Tolstoy">Л. Н. Толстой</persName>
                   <placeName ref="PlacesListxml#PLACE">Петербург.</placeName>
                   <date from="1856-12" to="1856-12-18">1856 г. Декабрь — 18</date>            </correspAction>
                <correspAction type="receiving">
                   <persName ref="PersonList.xml#RECEIVER">Дружинин Александр Васильевич</persName>
                </correspAction>
                <correspContext>
                   <ref type="prev"></ref>
                </correspContext>
             </correspDesc>
          </profileDesc>
       </teiHeader>
       <xenoData><number type="in a volume">55</number></xenoData>

              <text xml:id="A.V.Druzhininu_55">
	<body><div>
		<opener index="false">
55. А. В. Дружинину.
1856 г. Декабрь — 1857 г. январь перв. пол. Петербург.</opener>
<p rend="left">Были мы у вас с Ф. М. Толстым<note xml:id="note1" resp="volume_editor" index="false"> Феофил Матвеевич Толстой (1810—1881) — музыкальный критик и композитор, сын Матвея Федоровича Толстого (1772—1815) и Прасковьи Михайловны Голенищевой-Кутузовой (1777—1844), старшей дочери полководца (см. т. 47, стр. 393—394).</note> и очень огорчены, что вас не застали.</p>
<p rend="right">Гр. Л. Толстой.</p>
<comments><p rend="Textpetit_otstup left">Впервые опубликовано (факсимиле) во «Временнике Пушкинского дома. 1914», без обозначения года, стр. 66. Датируется на основании записей Дневника Толстого за декабрь 1856 г. — январь 1857 г. Толстой общался в это время с Ф. М. Толстым.</p>
<p rend="Textpetit_otstup left"><hi>1</hi> Феофил Матвеевич Толстой (1810—1881) — музыкальный критик и композитор, сын Матвея Федоровича Толстого (1772—1815) и Прасковьи Михайловны Голенищевой-Кутузовой (1777—1844), старшей дочери полководца (см. т. 47, стр. 393—394).</p>
</comments></div></body>
        </text>
        </TEI>