<?xml version="1.0" encoding="UTF-8"?>
    <!-- <?xml-stylesheet type="text/xsl" target="../resources/MJT/myletter.xsl"?> -->
    <?xml-stylesheet type="css" target="graves.css"?>
    <?xml-model target="http://www.tei-c.org/release/xml/tei/custom/schema/relaxng/tei_all.rng" type="application/xml" schematypens="http://relaxng.org/ns/structure/1.0"?>
    <?xml-model target="http://www.tei-c.org/release/xml/tei/custom/schema/relaxng/tei_all.rng" type="application/xml"
            schematypens="http://purl.oclc.org/dsdl/schematron"?>
    <TEI xmlns="http://www.tei-c.org/ns/1.0">
       <teiHeader>
          <fileDesc>
             <titleStmt>
                <title>Письмо №210. С. А. Толстой</title>
             </titleStmt>
             <publicationStmt>
                <publisher>TolstoyLab</publisher>
                <date when="2015-09-14">14 September 2015</date>
             </publicationStmt>
             <sourceDesc>
                <biblStruct>
                   <analytic>
                      <author>Толстой Л.Н.</author>
                   </analytic>
                   <monogr>
                      <title level="m">Полное собрание сочинений. Том 83</title>
                      <imprint>
                         <pubPlace>Москва</pubPlace>
                         <publisher>Государственное издательство "Художественная литература"</publisher>
                         <date when="1938"/>
                      </imprint>
                   </monogr>
                   <series>
                      <title level="s">Л.Н. Толстой. Полное собрание сочинений</title>
                      <biblScope unit="vol">83</biblScope>
                   </series>
                </biblStruct>
				<bibl>Печатается по автографу, хранящемуся в АТБ. Впервые опубликовано не полностью по копии, сделанной С. А. Толстой, в ПЖ, стр. 168. Датируется на основании почтового штемпеля: «Москв. почт. центр. отд. 24 мая 1882» и слов письма: «В 12 разошлись».</bibl>
             </sourceDesc>
          </fileDesc>
          <encodingDesc>
             <tagsDecl> </tagsDecl>
          </encodingDesc>
          <profileDesc>
             <correspDesc>
                <correspAction type="sending">
                   <persName ref="PersonList.xml#L_N_Tolstoy">Л. Н. Толстой</persName>
                   <placeName ref="PlacesListxml#PLACE">Москва.</placeName>
                   <date when="1882-05-24">1882 г. Мая 24.</date>            </correspAction>
                <correspAction type="receiving">
                   <persName ref="PersonList.xml#RECEIVER">Толстая Софья Андреевна</persName>
                </correspAction>
                <correspContext>
                   <ref type="prev"></ref>
                </correspContext>
             </correspDesc>
          </profileDesc>
       </teiHeader>
       <xenoData><number type="in a volume">210</number></xenoData>

       <text xml:id="a24_210">
	<body><div>
		<opener index="false">
210.
1882 г. Мая 24. Москва.</opener>
<p rend="left">Пріѣхалъ безъ приключеній въ 8-мъ часу. Всѣ дома. Сережа получилъ 3<note xml:id="note1" resp="volume_editor" index="false"> При переходном университетском экзамене на второй курс.</note> и Илюша выдержалъ<note xml:id="note2" resp="volume_editor" index="false"> Экзамен в Поливановской гимназии; И. Л. Толстой был учеником пятого класса.</note> — 3. Жалуется, что онъ зналъ лучше, и ему поставили мало. Саша<note xml:id="note3" resp="volume_editor" index="false"> Александр Михайлович Кузминский должен был подвергнуться операции горла. О болезни его Толстой так писал сестре, М. Н. Толстой 15 августа 1874 г.: «Кузминского болезнь страшна особенно по слухам. У него заткнута дырка в небе и ничего не заметно; и доктора объясняют это костоедом, а не той болезнью, которая всем невольно при этом представляется». Боясь огласки о своей болезни, Кузминский решил делать операцию в Москве и просил Толстого сговориться с врачом, — соответствующее письмо Кузминского Толстому от 12 апреля 1882 г. сохранилось в архиве Толстого (АТБ).</note> поразилъ меня своей блѣдностью и жалкимъ видомъ. Дѣло, однако, идетъ хорошо.</p>
<p rend="left">Склефасовскій<note xml:id="note4" resp="volume_editor" index="false"> Николай Васильевич Склифасовский (1836—1904) — с 1880 г. — ординарный профессор хирургической факультетской клиники Московского университета. Впоследствии директор Клинического института в. кн. Елены Павловны (в Петербурге). Его имя присвоено институту неотложной помощи в Москве.</note> былъ и сказалъ, что можетъ быть неудача, но всѣ шансы въ пользу. У Илюши были Боянусъ,<note xml:id="note5" resp="volume_editor" index="false"> Александр Карлович Боянус (ум. 1917 г.), сын врача гомеопата, дружил с И. Л. Толстым. Впоследствии был военным. Ему принадлежат: «Поправки к воспоминаниям K. Л. Юдина» («Голос Минувшего», 1915 г., XII, 287—289).</note> что мнѣ было пріятно, и они завтра ѣдутъ на выставку.<note xml:id="note6" resp="volume_editor" index="false"> 20 мая в Москве открылась «Всероссийская промышленно-художественная выставка», помещавшаяся в Петровском парке.</note> Костинька<note xml:id="note7" resp="volume_editor" index="false"> Константин Александрович Иславин.</note> такой, какой есть, и я дѣлаю большія усилія, чтобы не досадовать на него. Очень пріятно, тихо сидѣли дома. Въ 12 разошлись, а я прошелъ походить по Дѣвичьему полю.<note xml:id="note8" resp="volume_editor" index="false"> Площадь и сад близ клиник в Москве.</note> Не жарко и тихо такъ, какъ въ Ясной. — Завтра запишу себѣ всѣ дѣла и по пунктамъ буду исполнять.</p>
<p rend="left">Таня не уѣдетъ, пока онъ<note xml:id="note9" resp="volume_editor" index="false"> А. М. Кузминский после операции горла.</note> не будетъ говорить. Она говоритъ, что думаетъ до Iюня, а онъ говоритъ, что отошлетъ ее, <hi style="opdelimiter">какъ</hi><hi style="opnumber">344</hi> <hi style="npnumber">345</hi><hi style="npdelimiter">заговоритъ.</hi> Завтра или послѣ завтра пріѣдетъ Склефасовскій снимать швы, и тогда все опредѣлится; я постараюсь увидать его.</p>
<p rend="left">Ты очень жалка была нынче утромъ, и мнѣ жалко было тебя будить. Отдыхай хорошенько за много ночей и дней духомъ и тѣломъ. И умѣряй свою заботливость. Только бы дѣти не хворали. Прощай, милая, завтра напишу, когда вернусь. Смотря по дѣламъ и рѣшенью Склифасовскаго. Лучше бы всего уѣхать съ Кузминскими. — Впрочемъ, я нынче очень усталъ что то и голова не свѣжа. Завтра все напишу. —</p>
<p rend="left">Цѣлую 6-хъ<note xml:id="note10" resp="volume_editor" index="false"> Татьяну, Льва, Марию, Андрея, Михаила и Алексея.</note> дѣтей.</p>
<lb/>
<p rend="left"><hi>На конверте:</hi> Московско-Курской дороги. Полустанція Козловка-Засѣка. Графинѣ Софьѣ Андревнѣ Толстой.</p>
<comments><p rend="Textpetit_otstup left">Печатается по автографу, хранящемуся в АТБ. Впервые опубликовано не полностью по копии, сделанной С. А. Толстой, в ПЖ, стр. 168. Датируется на основании почтового штемпеля: «Москв. почт. центр. отд. 24 мая 1882» и слов письма: «В 12 разошлись».</p>
<p rend="Textpetit_otstup left"><hi>1</hi> При переходном университетском экзамене на второй курс.</p>
<p rend="petit left"><hi>2</hi> Экзамен в Поливановской гимназии; И. Л. Толстой был учеником пятого класса.</p>
<p rend="petit left"><hi>3</hi> Александр Михайлович Кузминский должен был подвергнуться операции горла. О болезни его Толстой так писал сестре, М. Н. Толстой 15 августа 1874 г.: «Кузминского болезнь страшна особенно по слухам. У него заткнута дырка в небе и ничего не заметно; и доктора объясняют это костоедом, а не той болезнью, которая всем невольно при этом представляется». Боясь огласки о своей болезни, Кузминский решил делать операцию в Москве и просил Толстого сговориться с врачом, — соответствующее письмо Кузминского Толстому от 12 апреля 1882 г. сохранилось в архиве Толстого (АТБ).</p>
<p rend="petit left"><hi>4</hi> Николай Васильевич Склифасовский (1836—1904) — с 1880 г. — ординарный профессор хирургической факультетской клиники Московского университета. Впоследствии директор Клинического института в. кн. Елены Павловны (в Петербурге). Его имя присвоено институту неотложной помощи в Москве.</p>
<p rend="petit left"><hi>5</hi> Александр Карлович Боянус (ум. 1917 г.), сын врача гомеопата, дружил с И. Л. Толстым. Впоследствии был военным. Ему принадлежат: «Поправки к воспоминаниям K. Л. Юдина» («Голос Минувшего», 1915 г., XII, 287—289).</p>
<p rend="petit left"><hi>6</hi> 20 мая в Москве открылась «Всероссийская промышленно-художественная выставка», помещавшаяся в Петровском парке.</p>
<p rend="petit left"><hi>7</hi> Константин Александрович Иславин.</p>
<p rend="petit left"><hi>8</hi> Площадь и сад близ клиник в Москве.</p>
<p rend="petit left"><hi>9</hi> А. М. Кузминский после операции горла.</p>
<p rend="petit left"><hi>10</hi> Татьяну, Льва, Марию, Андрея, Михаила и Алексея.</p>
<p rend="left"><hi style="opnumber">345</hi> <hi style="npnumber">346</hi></p>
</comments></div></body>
        </text>
        </TEI>