<?xml version="1.0" encoding="UTF-8"?>
    <!-- <?xml-stylesheet type="text/xsl" target="../resources/MJT/myletter.xsl"?> -->
    <?xml-stylesheet type="css" target="graves.css"?>
    <?xml-model target="http://www.tei-c.org/release/xml/tei/custom/schema/relaxng/tei_all.rng" type="application/xml" schematypens="http://relaxng.org/ns/structure/1.0"?>
    <?xml-model target="http://www.tei-c.org/release/xml/tei/custom/schema/relaxng/tei_all.rng" type="application/xml"
            schematypens="http://purl.oclc.org/dsdl/schematron"?>
    <TEI xmlns="http://www.tei-c.org/ns/1.0">
       <teiHeader>
          <fileDesc>
             <titleStmt>
                <title>Письмо №221. С. А. Толстой</title>
             </titleStmt>
             <publicationStmt>
                <publisher>TolstoyLab</publisher>
                <date when="2015-09-14">14 September 2015</date>
             </publicationStmt>
             <sourceDesc>
                <biblStruct>
                   <analytic>
                      <author>Толстой Л.Н.</author>
                   </analytic>
                   <monogr>
                      <title level="m">Полное собрание сочинений. Том 83</title>
                      <imprint>
                         <pubPlace>Москва</pubPlace>
                         <publisher>Государственное издательство "Художественная литература"</publisher>
                         <date when="1938"/>
                      </imprint>
                   </monogr>
                   <series>
                      <title level="s">Л.Н. Толстой. Полное собрание сочинений</title>
                      <biblScope unit="vol">83</biblScope>
                   </series>
                </biblStruct>
				<bibl>Печатается по автографу, хранящемуся в АТБ. Впервые опубликовано по копии, сделанной С. А. Толстой, в ПЖ, стр. 178—179. Датируется на основании почтовых штемпелей: «Моск. почт. центр. отд. 18 сентября 1882; Тула 20 сентября 1882» и пометы Толстого «суббота», которая падала на 18 сентября 1882 г.</bibl>
             </sourceDesc>
          </fileDesc>
          <encodingDesc>
             <tagsDecl> </tagsDecl>
          </encodingDesc>
          <profileDesc>
             <correspDesc>
                <correspAction type="sending">
                   <persName ref="PersonList.xml#L_N_Tolstoy">Л. Н. Толстой</persName>
                   <placeName ref="PlacesListxml#PLACE">Москва.</placeName>
                   <date when="1882-09-18">1882 г. Сентября 18.</date>            </correspAction>
                <correspAction type="receiving">
                   <persName ref="PersonList.xml#RECEIVER">Толстая Софья Андреевна</persName>
                </correspAction>
                <correspContext>
                   <ref type="prev"></ref>
                </correspContext>
             </correspDesc>
          </profileDesc>
       </teiHeader>
       <xenoData><number type="in a volume">221</number></xenoData>

       <text xml:id="a18_221">
	<body><div>
		<opener index="false">
221.
1882 г. Сентября 18. Москва.</opener>
<p rend="right"><hi>18. Суббота, 2-й часъ.</hi></p>
<p rend="left">Пишу отъ Костиньки. Сейчасъ пришелъ къ нему,<note xml:id="note1" resp="volume_editor" index="false"> В редакцию «Московских ведомостей», что явствует из штампа почтового листа, на котором написано письмо.</note> и на дворъ Волк[онскаго дома], гдѣ укладываютъ мебель, а пришелъ въ восторгъ отъ квартиры, к[оторую] я нашелъ Сережѣ въ домѣ Роговичъ, квартира Вышеславцева,<note xml:id="note2" resp="volume_editor" index="false"> Петр Михайлович Вышеславцев 1-й, присяжный поверенный.</note> на 7 м[ѣсяцевъ], по 110 р. въ мѣсяцъ,<note xml:id="note3" resp="volume_editor" index="false"> <hi>В подлиннике:</hi> мѣсяцевъ. — Об этой квартире Толстой в тот же день написал брату С. Н. Толстому. См. письма 1882 г., т. 63, стр. 102. «В этой квартире и прожила зиму семья гр. Сергея Николаевича Толстого» (н. п. С. А.). См. также описание квартиры дочерью С. Н. Толстого, Марией Сергеевной Бибиковой (Юбилейный сборник «Лев Николаевич Толстой», ГИЗ. M.-Л. 1928, стр. 115).</note> чисто, тепло, роскошно. Я очень радъ, что мнѣ удалось. Нынче утромъ пріѣхалъ Илюша, веселый, бодрый. Говоритъ, что выспался хорошо въ вагонѣ. Я пошелъ въ гимназію,<hi>4 </hi>поговорилъ о немъ и объявилъ Поливанову, что я Лелю оставлю дома. Вчера я цѣлый день бѣгалъ по <hi style="opdelimiter">квартирамъ,</hi><hi style="opnumber">360</hi> <hi style="npnumber">361</hi><hi style="npdelimiter">зашелъ</hi> къ Варинькѣ, гдѣ обѣдали Сережа и Леля, и оттуда пришелъ домой, проголодался и наѣлся борщу вчерашняго такъ плотно, что насилу поднялся идти къ Олсуфьевымъ.<note xml:id="note4" resp="volume_editor" index="false"> Гр. Адам Васильевич Олсуфьев.</note> У Олс[уфьевыхъ] былъ Александръ Олсуфьевъ<note xml:id="note5" resp="volume_editor" index="false"> Гр. Александр Васильевич Олсуфьев (1843—1907), брат Адама Васильевича. Впоследствии генерал-адъютант, помощник начальника императорской главной квартиры; с ним Толстой был в переписке. Прототип <hi style="opdelimiter">Богатырева.</hi><hi style="opnumber">361</hi></note> съ женой<note xml:id="note6" resp="volume_editor" index="false"> Гр. Екатерина Львовна Олсуфьева (1847—1902), рожд. гр. Соллогуб, жена Александра Васильевича Олсуфьева с 1875 г.</note> и очень мнѣ понравился. Пришелъ домой съ Сережей позднѣе обыкновеннаго и спалъ дурно. — Твои письма радуютъ меня. Мѣсто изъ Сенеки<note xml:id="note7" resp="volume_editor" index="false"> С. А. Толстая писала 15 сентября: «Когда все вечером спят, я иногда читаю Сенеку; мне не понравилось, что он, описывая «Colère» [«Гнев»], такое обращает внимание на внешность человека». — Толстой имеет в виду следующее место первой главы I книги трактата Сенеки «De ira», где описывается человек в состоянии гнева: «глаза его воспламеняются, сверкают, лицо становится пурпурового цвета, потому что кровь, отхлынувшая от сердца, начинает кипеть и бросаться в голову; губы дрожат, зубы стиснуты, волосы вздымаются, дыхание делается затрудненным и с присвистом, суставы его начинают скручиваться и хрустеть, он стонет, рычит, речь прерывается междометиями, руки судорожно сжимаются, ноги стучат о землю» и т. д.</note> я знаю и не согласенъ. О моемъ душевномъ состояніи трудно писать. Одно, что оно хорошее и спокойное. Лельку я хочу съ собой привезти. Если ты не одобришь, — телеграфируй. Я въ сомнѣніи: и хочется ему пріятное сдѣлать и не оставлять его, и чувствую, что это баловство. Я пріѣду, если б[уду] живъ, въ понедѣльникъ съ почтовымъ, стало быть, телеграфировать нечего.</p>
<p rend="left">Ивана перемѣнять я не совѣтую.<note xml:id="note8" resp="volume_editor" index="false"> По поводу инцидента с Ильей Львовичем Толстым см. прим. 1 к письму № 215 от 13 сентября 1882 г.</note> Хорошаго лакея въ эту цѣну не найдешь. А если изъ этаго низшаго сорта лакей не пьетъ и смиренъ, и; то благо. — Таня вѣрно преслѣдуетъ его. —</p>
<p rend="left">Ну, прощай, душенька, цѣлую тебя и дѣтей.</p>
<lb/>
<p rend="left"><hi>На конверте:</hi> Тула. Е. С. Графинѣ Софьѣ Андревнѣ Толстой.</p>
<comments><p rend="Textpetit_otstup left">Печатается по автографу, хранящемуся в АТБ. Впервые опубликовано по копии, сделанной С. А. Толстой, в ПЖ, стр. 178—179. Датируется на основании почтовых штемпелей: «Моск. почт. центр. отд. 18 сентября 1882; Тула 20 сентября 1882» и пометы Толстого «суббота», которая падала на 18 сентября 1882 г.</p>
<p rend="Textpetit_otstup left"><hi>1</hi> В редакцию «Московских ведомостей», что явствует из штампа почтового листа, на котором написано письмо.</p>
<p rend="petit left"><hi>2</hi> Петр Михайлович Вышеславцев 1-й, присяжный поверенный.</p>
<p rend="petit left"><hi>3</hi> <hi>В подлиннике:</hi> мѣсяцевъ. — Об этой квартире Толстой в тот же день написал брату С. Н. Толстому. См. письма 1882 г., т. 63, стр. 102. «В этой квартире и прожила зиму семья гр. Сергея Николаевича Толстого» (н. п. С. А.). См. также описание квартиры дочерью С. Н. Толстого, Марией Сергеевной Бибиковой (Юбилейный сборник «Лев Николаевич Толстой», ГИЗ. M.-Л. 1928, стр. 115).</p>
<p rend="petit left"><hi>4</hi> Посещения Толстым Поливановской гимназии обычно сопровождались беседами в кабинете директора Л. И. Поливанова на общие темы. В ГТМ хранится застенографированная женой Л. И. Поливанова беседа Поливанова с Толстым, происходившая в 1881 г.</p>
<p rend="petit left"><hi>5</hi> Гр. Адам Васильевич Олсуфьев.</p>
<p rend="petit left"><hi>6</hi> Гр. Александр Васильевич Олсуфьев (1843—1907), брат Адама Васильевича. Впоследствии генерал-адъютант, помощник начальника императорской главной квартиры; с ним Толстой был в переписке. Прототип <hi style="opdelimiter">Богатырева.</hi><hi style="opnumber">361</hi></p>
<p rend="petit left"><hi>7</hi> Гр. Екатерина Львовна Олсуфьева (1847—1902), рожд. гр. Соллогуб, жена Александра Васильевича Олсуфьева с 1875 г.</p>
<p rend="petit left"><hi>8</hi> С. А. Толстая писала 15 сентября: «Когда все вечером спят, я иногда читаю Сенеку; мне не понравилось, что он, описывая «Colère» [«Гнев»], такое обращает внимание на внешность человека». — Толстой имеет в виду следующее место первой главы I книги трактата Сенеки «De ira», где описывается человек в состоянии гнева: «глаза его воспламеняются, сверкают, лицо становится пурпурового цвета, потому что кровь, отхлынувшая от сердца, начинает кипеть и бросаться в голову; губы дрожат, зубы стиснуты, волосы вздымаются, дыхание делается затрудненным и с присвистом, суставы его начинают скручиваться и хрустеть, он стонет, рычит, речь прерывается междометиями, руки судорожно сжимаются, ноги стучат о землю» и т. д.</p>
<p rend="petit left"><hi>9</hi> По поводу инцидента с Ильей Львовичем Толстым см. прим. 1 к письму № 215 от 13 сентября 1882 г.</p>
</comments></div></body>
        </text>
        </TEI>