<?xml version="1.0" encoding="UTF-8"?>
    <!-- <?xml-stylesheet type="text/xsl" target="../resources/MJT/myletter.xsl"?> -->
    <?xml-stylesheet type="css" target="graves.css"?>
    <?xml-model target="http://www.tei-c.org/release/xml/tei/custom/schema/relaxng/tei_all.rng" type="application/xml" schematypens="http://relaxng.org/ns/structure/1.0"?>
    <?xml-model target="http://www.tei-c.org/release/xml/tei/custom/schema/relaxng/tei_all.rng" type="application/xml"
            schematypens="http://purl.oclc.org/dsdl/schematron"?>
    <TEI xmlns="http://www.tei-c.org/ns/1.0">
       <teiHeader>
          <fileDesc>
             <titleStmt>
                <title>Письмо №* 143. П. В. Анненкову.</title>
             </titleStmt>
             <publicationStmt>
                <publisher>TolstoyLab</publisher>
                <date when="2015-09-14">14 September 2015</date>
             </publicationStmt>
             <sourceDesc>
                <biblStruct>
                   <analytic>
                      <author>Толстой Л.Н.</author>
                   </analytic>
                   <monogr>
                      <title level="m">Полное собрание сочинений. Том 62</title>
                      <imprint>
                         <pubPlace>Москва</pubPlace>
                         <publisher>Государственное издательство "Художественная литература"</publisher>
                         <date when="1953"/>
                      </imprint>
                   </monogr>
                   <series>
                      <title level="s">Л.Н. Толстой. Полное собрание сочинений</title>
                      <biblScope unit="vol">62</biblScope>
                   </series>
                </biblStruct>
             </sourceDesc>
          </fileDesc>
          <encodingDesc>
             <tagsDecl> </tagsDecl>
          </encodingDesc>
          <profileDesc>
             <correspDesc>
                <correspAction type="sending">
                   <persName ref="PersonList.xml#L_N_Tolstoy">Л. Н. Толстой</persName>
                   <placeName ref="PlacesListxml#PLACE">Я. П.</placeName>
                   <date when="1875-02-21">1875 г. Февраля 21.</date>            </correspAction>
                <correspAction type="receiving">
                   <persName ref="PersonList.xml#RECEIVER">Анненков Павел Васильевич</persName>
                </correspAction>
                <correspContext>
                   <ref type="prev"></ref>
                </correspContext>
             </correspDesc>
          </profileDesc>
       </teiHeader>
       <xenoData><number type="in a volume">143</number></xenoData>

              <text xml:id="P.V.Annenkovu_143">
	<body><div>
		<opener index="false">
* 143. П. В. Анненкову.
1875 г. Февраля 21. Я. П.
</opener>
<p rend="Obrashenie left">Милостивый государь</p>
<p rend="Obrashenie1_ left">Павел Васильевич!</p>
<p rend="left">Сообразно выраженному при посылке желанию, имею честь уведомить вас, что превосходный перевод повести «Два гусара»<note xml:id="note1" resp="volume_editor" index="false">10 февраля н. с. 1875 г. в газете «Temps» был напечатан перевод повести Толстого «Два гусара», сделанный Шарлем Роллина (Charles Rollinat). Переводу предпослана в виде предисловия статья Тургенева, дающая краткие сведения о жизни и литературной деятельности Толстого. Перевод этой статьи был напечатан в «Московских ведомостях», 1875, № 34 от 5 февраля. См. ниже, письмо № 145.</note> мною получен.</p>
<p rend="left">С совершенным уважением и преданностью имею честь быть</p>
<p rend="right">Ваш покорный слуга</p>
<p rend="right">гр. Лев Толстой.</p>
<p rend="left">21 февраля.</p>
<comments><p rend="Textpetit_otstup left">Год определяется содержанием.</p>
<p rend="petit left">О Павле Васильевиче Анненкове (1813—1887) см. т. 47, прим. <hi style="opdelimiter">1104.</hi><hi style="opnumber">147</hi></p>
<p rend="Textpetit_otstup left"><hi style="npnumber">148</hi><hi style="npdelimiter"><hi>1 </hi>10 февраля</hi> н. с. 1875 г. в газете «Temps» был напечатан перевод повести Толстого «Два гусара», сделанный Шарлем Роллина (Charles Rollinat). Переводу предпослана в виде предисловия статья Тургенева, дающая краткие сведения о жизни и литературной деятельности Толстого. Перевод этой статьи был напечатан в «Московских ведомостях», 1875, № 34 от 5 февраля. См. ниже, письмо № 145.</p>
</comments></div></body>
        </text>
        </TEI>