<?xml version="1.0" encoding="UTF-8"?>
    <!-- <?xml-stylesheet type="text/xsl" target="../resources/MJT/myletter.xsl"?> -->
    <?xml-stylesheet type="css" target="graves.css"?>
    <?xml-model target="http://www.tei-c.org/release/xml/tei/custom/schema/relaxng/tei_all.rng" type="application/xml" schematypens="http://relaxng.org/ns/structure/1.0"?>
    <?xml-model target="http://www.tei-c.org/release/xml/tei/custom/schema/relaxng/tei_all.rng" type="application/xml"
            schematypens="http://purl.oclc.org/dsdl/schematron"?>
    <TEI xmlns="http://www.tei-c.org/ns/1.0">
       <teiHeader>
          <fileDesc>
             <titleStmt>
                <title>Письмо №236. П. И. Бартеневу.</title>
             </titleStmt>
             <publicationStmt>
                <publisher>TolstoyLab</publisher>
                <date when="2015-09-14">14 September 2015</date>
             </publicationStmt>
             <sourceDesc>
                <biblStruct>
                   <analytic>
                      <author>Толстой Л.Н.</author>
                   </analytic>
                   <monogr>
                      <title level="m">Полное собрание сочинений. Том 61</title>
                      <imprint>
                         <pubPlace>Москва</pubPlace>
                         <publisher>Государственное издательство "Художественная литература"</publisher>
                         <date when="1953"/>
                      </imprint>
                   </monogr>
                   <series>
                      <title level="s">Л.Н. Толстой. Полное собрание сочинений</title>
                      <biblScope unit="vol">61</biblScope>
                   </series>
                </biblStruct>
				<bibl>Впервые опубликовано в «Русском архиве», 1914, 1, стр. 87.</bibl>
             </sourceDesc>
          </fileDesc>
          <encodingDesc>
             <tagsDecl> </tagsDecl>
          </encodingDesc>
          <profileDesc>
             <correspDesc>
                <correspAction type="sending">
                   <persName ref="PersonList.xml#L_N_Tolstoy">Л. Н. Толстой</persName>
                   <placeName ref="PlacesListxml#PLACE">Я. П.</placeName>
                   <date when="1867-11-14">1867 г. Ноября 14.</date>            </correspAction>
                <correspAction type="receiving">
                   <persName ref="PersonList.xml#RECEIVER">Бартенев Петр Иванович</persName>
                </correspAction>
                <correspContext>
                   <ref type="prev"></ref>
                </correspContext>
             </correspDesc>
          </profileDesc>
       </teiHeader>
       <xenoData><number type="in a volume">236</number></xenoData>

              <text xml:id="P__I__Bartenevu_236">
	<body><div>
		<opener index="false">
236. П. И. Бартеневу.
1867 г. Ноября 14. Я. П.</opener>
<p rend="left">В одном месте рассуждений Пьера о лжи он говорит: <hi>Императоры спорят о том</hi>, <hi>кто предложит Наполеону свою дочь в незаконные жены.</hi> Ежели это опасно, то замените: Имп[ератор] Австр[ийский] считает себя счастливым, что успел прежде других предложить свою дочь в незаконную жену. —<note xml:id="note1" resp="volume_editor" index="false"> В окончательной редакции место это совершенно выпущено, но та же мысль высказана Толстым в эпилоге. См. Эпилог, ч. I, гл. III — т. 12, стр. 243.</note></p>
<p rend="left">Не получал еще коректур, а нахожусь в хорошем рабочем духе. Только бы еще на месяц. —</p>
<p rend="left">Четвертого тома первые листы пришлю на этой неделе. —</p>
<p rend="left">Пора бы напечатать объявления.<note xml:id="note2" resp="volume_editor" index="false"> Первое объявление о выходе «Войны и мира» в четырех томах было напечатано 17 декабря в № 276 «Московских ведомостей».</note></p>
<p rend="right">Л. Толстой.</p>
<p rend="left">14 Nоября</p>
<comments><p rend="Textpetit_otstup left">Впервые опубликовано в «Русском архиве», 1914, 1, стр. 87.</p>
<p rend="Textpetit_otstup left"><hi>1</hi> В окончательной редакции место это совершенно выпущено, но та же мысль высказана Толстым в эпилоге. См. Эпилог, ч. I, гл. III — т. 12, стр. 243.</p>
<p rend="petit left"><hi>2</hi> Первое объявление о выходе «Войны и мира» в четырех томах было напечатано 17 декабря в № 276 «Московских ведомостей».</p>
</comments></div></body>
        </text>
        </TEI>