<?xml version="1.0" encoding="UTF-8"?>
    <!-- <?xml-stylesheet type="text/xsl" target="../resources/MJT/myletter.xsl"?> -->
    <?xml-stylesheet type="css" target="graves.css"?>
    <?xml-model target="http://www.tei-c.org/release/xml/tei/custom/schema/relaxng/tei_all.rng" type="application/xml" schematypens="http://relaxng.org/ns/structure/1.0"?>
    <?xml-model target="http://www.tei-c.org/release/xml/tei/custom/schema/relaxng/tei_all.rng" type="application/xml"
            schematypens="http://purl.oclc.org/dsdl/schematron"?>
    <TEI xmlns="http://www.tei-c.org/ns/1.0">
       <teiHeader>
          <fileDesc>
             <titleStmt>
                <title>Письмо №261. С. А. Толстой</title>
             </titleStmt>
             <publicationStmt>
                <publisher>TolstoyLab</publisher>
                <date when="2015-09-14">14 September 2015</date>
             </publicationStmt>
             <sourceDesc>
                <biblStruct>
                   <analytic>
                      <author>Толстой Л.Н.</author>
                   </analytic>
                   <monogr>
                      <title level="m">Полное собрание сочинений. Том 83</title>
                      <imprint>
                         <pubPlace>Москва</pubPlace>
                         <publisher>Государственное издательство "Художественная литература"</publisher>
                         <date when="1938"/>
                      </imprint>
                   </monogr>
                   <series>
                      <title level="s">Л.Н. Толстой. Полное собрание сочинений</title>
                      <biblScope unit="vol">83</biblScope>
                   </series>
                </biblStruct>
				<bibl>Печатается по автографу, хранящемуся в АТБ. Впервые напечатано по копии, сделанной С. А. Толстой, в ПЖ, стр. 214—215. Датируется на основании почтовых штемпелей: «Почтовый вагон. 1 февраля 1884» и пометы Толстого «вторник», который падал на 31 января 1884 г.</bibl>
             </sourceDesc>
          </fileDesc>
          <encodingDesc>
             <tagsDecl> </tagsDecl>
          </encodingDesc>
          <profileDesc>
             <correspDesc>
                <correspAction type="sending">
                   <persName ref="PersonList.xml#L_N_Tolstoy">Л. Н. Толстой</persName>
                   <placeName ref="PlacesListxml#PLACE">Я. П.</placeName>
                   <date when="1884-01-31">1884 г. Января 31.</date>            </correspAction>
                <correspAction type="receiving">
                   <persName ref="PersonList.xml#RECEIVER">Толстая Софья Андреевна</persName>
                </correspAction>
                <correspContext>
                   <ref type="prev"></ref>
                </correspContext>
             </correspDesc>
          </profileDesc>
       </teiHeader>
       <xenoData><number type="in a volume">261</number></xenoData>

       <text xml:id="a31_261">
	<body><div>
		<opener index="false">
261.
1884 г. Января 31. Я. П.</opener>
<p rend="right"><hi>Вторникъ, 11 вечера.</hi></p>
<p rend="left">Боюсь, что вчерашнее письмо было непріятно. Я, должно быть, начиналъ угорать, когда писалъ. Нынче чувствую себя совсѣмъ хорошо, и угару нѣтъ. Тоже не пѣняй, пожалуйста, что не послалъ телеграмму,<note xml:id="note1" resp="volume_editor" index="false"> С. А. Толстая писала 29 января: «За Вороного дают 250 рублей серебром, покупатель <hi>серьезный</hi>, я нынче его видела. Телеграфируй скорей, отдавать ли, и прибавь о здоровье своем в телеграмме» (стр. 246).</note> — не стоитъ. Лошадь отдай за 250. Обо мнѣ не тужи, — я могу привести другую.<note xml:id="note2" resp="volume_editor" index="false"> 27 января С. А. Толстая писала о лошади: «а мне жаль продавать, это тебе так здорово и весело будет весной верхом ездить» (не опубликовано).</note> — Вчера я объѣлся. Ник[олай] Мих[айловичъ]<note xml:id="note3" resp="volume_editor" index="false"> Николай Михайлович Румянцев, старый повар на пенсии.</note> наготовитъ много, а я не воздержусь. Нынче читалъ Montaigne’а<note xml:id="note4" resp="volume_editor" index="false"> Мишель Монтэнь (1533—1592), автор философских размышлений «Опыты» («Essais»). 1 февраля С. А. Толстая писала: «Привези Montaigne, мне и так после некоторых намеков о нем интересно бы было его прочесть, а теперь тем более, как ты его хвалишь». «Л. Н-ч перечитывал Монтень’а в конце своей жизни, и книга эта осталась и поныне на столе в его комнате» (н. п. С. А.). В Яснополянской библиотеке сохранились два тома с многочисленными отметками Толстого издания de Montaigne. М. «Essais». Edition stéréotype. Paris, Didot, в трех томах.</note> съ болышимъ удовольствіемъ и пользой и ходилъ на лыжахъ. Очень усталъ, но чувствую себя прекрасно. Вечеръ весь шилъ башмаки Аг[афьѣ] Мих[айловнѣ]. Митрофанъ меня учитъ и помогаетъ. Былъ Дмитр[ій] Ѳед[оровичъ] и Аг[афья] Мих[айловна] и читали вслухъ Житія Святыхъ. Не берусь за работу, потому что не хочется взяться и бросить. Она укладывается въ головѣ.</p>
<p rend="left">Извѣстіе твое отъ Маракуева<note xml:id="note5" resp="volume_editor" index="false"> Владимир Николаевич Маракуев, составитель популярных брошюр по сельскому хозяйству, издатель журнала «Сотрудник» (1890—1891 г.), редактор-издатель газеты «Южное обозрение». Маракуева Толстой привлекал в 1884 г. к делу организации издания книг для народа.</note> о мнѣніи Архимандрита<note xml:id="note6" resp="volume_editor" index="false"> С. А. Толстая писала 29 января: «Маракуев сказал, что книгу твою новую [«В чем моя вера?»] цензура светская передала в цензуру духовную, что архимандрит [Амфилохий], председатель цензурного комитета ее прочел и сказал, что в этой книге столько высоких истин, что нельзя не признать их, и что он с своей стороны не видит причины не пропустить ее. Но я думаю, что Победоносцев с своей бестактностью и педантизмом опять запретит. Пока она запечатана у Кушнерева и решенья никакого нет».</note> мнѣ очень пріятно. Если оно справедливо. — Ничье одобреніе мнѣ не дорого бы было, какъ духовныхъ. Но боюсь, что оно невозможно. Цѣлую тебя и дѣтей. Напиши мнѣ <hi style="opdelimiter">подлиннѣй,</hi><hi style="opnumber">418</hi> <hi style="npnumber">419</hi><hi style="npdelimiter">если</hi> у васъ все благополучно. Выбери времячко. — Я привыкъ чувствовать твой душевный пульсъ, и, не чувствуя его, мнѣ чего-то недостаетъ.</p>
<lb/>
<p rend="left"><hi>На конверте:</hi> Москва. Хамовники. Графинѣ Софьѣ Андревнѣ Толстой. Собственный домъ.</p>
<comments><p rend="Textpetit_otstup left">Печатается по автографу, хранящемуся в АТБ. Впервые напечатано по копии, сделанной С. А. Толстой, в ПЖ, стр. 214—215. Датируется на основании почтовых штемпелей: «Почтовый вагон. 1 февраля 1884» и пометы Толстого «вторник», который падал на 31 января 1884 г.</p>
<p rend="Textpetit_otstup left"><hi>1</hi> С. А. Толстая писала 29 января: «За Вороного дают 250 рублей серебром, покупатель <hi>серьезный</hi>, я нынче его видела. Телеграфируй скорей, отдавать ли, и прибавь о здоровье своем в телеграмме» (стр. 246).</p>
<p rend="petit left"><hi>2</hi> 27 января С. А. Толстая писала о лошади: «а мне жаль продавать, это тебе так здорово и весело будет весной верхом ездить» (не опубликовано).</p>
<p rend="petit left"><hi>3</hi> Николай Михайлович Румянцев, старый повар на пенсии.</p>
<p rend="petit left"><hi>4</hi> Мишель Монтэнь (1533—1592), автор философских размышлений «Опыты» («Essais»). 1 февраля С. А. Толстая писала: «Привези Montaigne, мне и так после некоторых намеков о нем интересно бы было его прочесть, а теперь тем более, как ты его хвалишь». «Л. Н-ч перечитывал Монтень’а в конце своей жизни, и книга эта осталась и поныне на столе в его комнате» (н. п. С. А.). В Яснополянской библиотеке сохранились два тома с многочисленными отметками Толстого издания de Montaigne. М. «Essais». Edition stéréotype. Paris, Didot, в трех томах.</p>
<p rend="petit left"><hi>5</hi> Владимир Николаевич Маракуев, составитель популярных брошюр по сельскому хозяйству, издатель журнала «Сотрудник» (1890—1891 г.), редактор-издатель газеты «Южное обозрение». Маракуева Толстой привлекал в 1884 г. к делу организации издания книг для народа.</p>
<p rend="petit left"><hi>6</hi> С. А. Толстая писала 29 января: «Маракуев сказал, что книгу твою новую [«В чем моя вера?»] цензура светская передала в цензуру духовную, что архимандрит [Амфилохий], председатель цензурного комитета ее прочел и сказал, что в этой книге столько высоких истин, что нельзя не признать их, и что он с своей стороны не видит причины не пропустить ее. Но я думаю, что Победоносцев с своей бестактностью и педантизмом опять запретит. Пока она запечатана у Кушнерева и решенья никакого нет».</p>
</comments></div></body>
        </text>
        </TEI>