<?xml version="1.0" encoding="UTF-8"?>
    <!-- <?xml-stylesheet type="text/xsl" target="../resources/MJT/myletter.xsl"?> -->
    <?xml-stylesheet type="css" target="graves.css"?>
    <?xml-model target="http://www.tei-c.org/release/xml/tei/custom/schema/relaxng/tei_all.rng" type="application/xml" schematypens="http://relaxng.org/ns/structure/1.0"?>
    <?xml-model target="http://www.tei-c.org/release/xml/tei/custom/schema/relaxng/tei_all.rng" type="application/xml"
            schematypens="http://purl.oclc.org/dsdl/schematron"?>
    <TEI xmlns="http://www.tei-c.org/ns/1.0">
       <teiHeader>
          <fileDesc>
             <titleStmt>
                <title>Письмо №60 С. А. Толстой</title>
             </titleStmt>
             <publicationStmt>
                <publisher>TolstoyLab</publisher>
                <date when="2015-09-14">14 September 2015</date>
             </publicationStmt>
             <sourceDesc>
                <biblStruct>
                   <analytic>
                      <author>Толстой Л.Н.</author>
                   </analytic>
                   <monogr>
                      <title level="m">Полное собрание сочинений. Том 83</title>
                      <imprint>
                         <pubPlace>Москва</pubPlace>
                         <publisher>Государственное издательство "Художественная литература"</publisher>
                         <date when="1938"/>
                      </imprint>
                   </monogr>
                   <series>
                      <title level="s">Л.Н. Толстой. Полное собрание сочинений</title>
                      <biblScope unit="vol">83</biblScope>
                   </series>
                </biblStruct>
				<bibl>Печатается по автографу, хранящемуся в АТБ. Впервые опубликовано по копии, сделанной С. А. Толстой, в ПЖ, стр. 61—62. Датируется на основании слов письма: «мечтал я выехать завтра, но едва ли успею..... я поеду в пятницу». Пятница — 18 ноября, следовательно письмо написано в среду 16 ноября.</bibl>
             </sourceDesc>
          </fileDesc>
          <encodingDesc>
             <tagsDecl> </tagsDecl>
          </encodingDesc>
          <profileDesc>
             <correspDesc>
                <correspAction type="sending">
                   <persName ref="PersonList.xml#L_N_Tolstoy">Л. Н. Толстой</persName>
                   <placeName ref="PlacesListxml#PLACE">Москва.</placeName>
                   <date when="1866-11-16">1866 г. Ноября 16.</date>            </correspAction>
                <correspAction type="receiving">
                   <persName ref="PersonList.xml#RECEIVER">Толстая Софья Андреевна</persName>
                </correspAction>
                <correspContext>
                   <ref type="prev"></ref>
                </correspContext>
             </correspDesc>
          </profileDesc>
       </teiHeader>
       <xenoData><number type="in a volume">60</number></xenoData>

       <text xml:id="a16_60">
	<body><div>
		<opener index="false">
60.
1866 г. Ноября 16. Москва.</opener>
<p rend="left">Съ утра пошелъ въ Румянц[евскій] музей. Чрезвычайно интересно то, что я нашелъ тамъ. И 2-й день не вижу, какъ проходятъ тамъ 3, 4 часа. Это одно чего мнѣ, кромѣ Берсовъ, будетъ жалко въ Москвѣ. Потомъ зашелъ къ Башилову и съ нимъ домой. Обѣдали, болтали. Я ждалъ изъ типографіи отвѣта и наконецъ получилъ. Все уладилось. Катковъ проситъ напечатать 4 листа<hi>1 </hi>съ тѣмъ, чтобы деньги эти пошли въ счетъ печатанія. Я этому даже радъ. — Вмѣсто того, чтобы идти къ Мещерскимъ,<note xml:id="note1" resp="volume_editor" index="false"> См. прим. 12 к письму № 58.</note> куда на меня должны были собраться Сушковы и неизбѣжный Сухотинъ, просидѣлъ дома. Вопервыхъ, скучно и все извѣстно; во 2-хъ, пристали бы назначить день <hi style="opdelimiter">читать,</hi><hi style="opnumber">130</hi> <hi style="npnumber">131</hi><hi style="npdelimiter">и</hi> я бы не съумѣлъ отказать, а надо и хочется скорѣе, скорѣе къ тебѣ подъ крылышко. — Нынче было одно письмо от тебя, и письмо милое, но огорчительное тѣмъ, что оно заставило меня резонно упрекнуть себя.<note xml:id="note2" resp="volume_editor" index="false"> С. А. Толстая писала в своем письме от 12 ноября 1866 г.: «Милый друг мой Лева, вообрази, нынче перед обедом вдруг является длинная англичанка Львовых с своей сестрой — нашей англичанкой. Меня даже всю в жар бросило, и теперь еще все мысли перепутались, и даже от волненья голова болит. Ну, как тебе всё это передать. Она такая, какою я её и ожидала. Очень молода, довольно мила, приятное лицо, даже хорошенькая очень, но наше обоюдное незнание языков — ужасно. Нынче сестра ее у нас ночует, покуда она переводит нам, но что будет потом — бог знает, я даже совсем теряюсь, особенно без тебя, мой милый друг. На этот раз вспомнила твое правило, что надо подумать, как всё это покажется через год легко и ничтожно. А теперь это даже очень трудно. Дети обошлись, Таня сидела у нее на руках, глядела картинки, сама ей что-то рассказывала, Сережа с ней бегал, говорил, что «она как со мной играет!» Потом Таня представляла в детской, как Егличанка <hi style="opdelimiter">говорит,</hi><hi style="opnumber">131</hi> <hi style="npnumber">132</hi><hi style="npdelimiter">и</hi> вероятно, всё это образуется, — но покуда как-то всё это очень неестественно, тяжело, неловко и страшно. Тебя я как-то всё душой ищу, как свою опору, но пускай и без тебя; может быть скорей обойдется. Одно просто ужасно, что мы совсем не понимаем друг друга. Я думала, что буду лучше понимать. Сестра ее, т. е. Львовых англичанка, смотрит на всё как-то недоверчиво и недоброжелательно, а наша, кажется, добродушна и старается подделаться. Вот завтра напишу тебе, как будет без иереводчицы-сестры. Дети мои здоровы, только один Илюша кашляет, а Таня совсем перестала. Все веселы, не капризны, и спали днем. Я как-то очень сильно жила нравственно нынче всё утро; была очень нервно раздражена, но теперь всё это перековеркалось, и все нити ума и сердца направились на англичанку. [Здесь рисунок.] А нравственно меня с некоторого времени очень поднимает твой роман. Как только сяду переписывать, унесусь в какой-то поэтический мир, и даже мне покажется, что это не роман твой так хорош (конечно, инстинктивно покажется), а я так умна. Пожалуйста, ты не смейся надо мной, у меня очень голова болит, и я могу даже от этого врать. Только я, ей-богу, ничего не лгу, так стараюсь обо всем точно выражаться. — Левочка, теперь напишу тебе о том, что ты не любишь, но, право, необходимо. Дело в том, что ты мне оставил 50 р., и у меня почти всё разобрали на веревки, сани, жалованья, дорогу в Москву и проч. И всё, говорят, граф приказал, необходимо нужно. Так что мне не на что будет жить; а пшеницу, будто бы, граф приказал послать, когда придут новые работники, о которых, конечно, ни слуху, ни духу. Уж не знаю, как я пробьюсь. Лучше всего поспеши, всё-таки, если можно, скорее приехать. Так я запуталась. И хозяйство, и дети, и англичанка, и всё это».</note> Вопервыхъ, я виноватъ, что не написалъ Англичанкѣ<note xml:id="note3" resp="volume_editor" index="false"> Кн. Евгений Владимирович Львов (1817—1896). В 1856—1858 гг. алексинский предводитель дворянства в Тульской губернии; с 1865 по 1869 г. занимал должность управляющего государственными имуществами Тульской губернии, отец премьера Временного правительства кн. Г. Е. Львова. Тульский помещик, — его имение «Поповка» Алексинского уезда. Сохранилось письмо к нему Толстого («Лев Николаевич Толстой. Юбилейный сборник», 1928, стр. 56). У него жила в качестве гувернантки Дженни Тарсей, рекомендовавшая свою сестру Толстым.</note> или Львову<note xml:id="note4" resp="volume_editor" index="false"> Согласно объявлению от управления Московско-Курской железной Дороги («Московские ведомости» за 1866 г., № 255) движение пассажирских поездов на участке от Москвы до Серпухова началось 17 ноября 1866 г.</note> во 2-ыхъ, денегъ тебѣ мало оставилъ. Обойдется, навѣрно обойдется. Я счастливъ, что она тебѣ понравилась. И чувствуется мнѣ, что ты, писавши письмо, была усталая и не въ духѣ. Но и не въ духѣ ты мнѣ милѣе всего на свѣтѣ, и я злюсь на почту, к[отор]ая навѣрно задержала одно, а то и два твоихъ письма. Я бы сказалъ тебѣ кое что о деньгахъ, англичанкѣ и т. д., но уже думаю, что письмо это придетъ нѣсколько часовъ прежде меня. Мечталъ я выѣхать завтра, но едва ли успѣю. 1-е, надо переговорить съ Башиловымъ; 2-е поправить начало печатнаго и рукописи, чтобы оставить въ типографіи. Желѣзная дорога уже ходитъ,<hi>6</hi> и я поѣду по ней въ пятницу, въ 5 часовъ, и къ утру въ субботу обойму и буду цѣловать тебя, мою милую голубушку. И съ англичанкой, и съ дѣтьми, и съ деньгами все будетъ хорошо. Прощай, душа, цѣлуй дѣтей и тетиньку. Таня, бѣдная, все плоха.</p>
<comments><p rend="Textpetit_otstup left">Печатается по автографу, хранящемуся в АТБ. Впервые опубликовано по копии, сделанной С. А. Толстой, в ПЖ, стр. 61—62. Датируется на основании слов письма: «мечтал я выехать завтра, но едва ли успею..... я поеду в пятницу». Пятница — 18 ноября, следовательно письмо написано в среду 16 ноября.</p>
<p rend="Textpetit_otstup left"><hi>1</hi> Очевидно, в «Русском вестнике». Однако печатание «Войны и мира» в «Русском вестнике», ни отдельным изданием у Каткова не состоялось.</p>
<p rend="petit left"><hi>2</hi> См. прим. 12 к письму № 58.</p>
<p rend="petit left"><hi>3</hi> С. А. Толстая писала в своем письме от 12 ноября 1866 г.: «Милый друг мой Лева, вообрази, нынче перед обедом вдруг является длинная англичанка Львовых с своей сестрой — нашей англичанкой. Меня даже всю в жар бросило, и теперь еще все мысли перепутались, и даже от волненья голова болит. Ну, как тебе всё это передать. Она такая, какою я её и ожидала. Очень молода, довольно мила, приятное лицо, даже хорошенькая очень, но наше обоюдное незнание языков — ужасно. Нынче сестра ее у нас ночует, покуда она переводит нам, но что будет потом — бог знает, я даже совсем теряюсь, особенно без тебя, мой милый друг. На этот раз вспомнила твое правило, что надо подумать, как всё это покажется через год легко и ничтожно. А теперь это даже очень трудно. Дети обошлись, Таня сидела у нее на руках, глядела картинки, сама ей что-то рассказывала, Сережа с ней бегал, говорил, что «она как со мной играет!» Потом Таня представляла в детской, как Егличанка <hi style="opdelimiter">говорит,</hi><hi style="opnumber">131</hi> <hi style="npnumber">132</hi><hi style="npdelimiter">и</hi> вероятно, всё это образуется, — но покуда как-то всё это очень неестественно, тяжело, неловко и страшно. Тебя я как-то всё душой ищу, как свою опору, но пускай и без тебя; может быть скорей обойдется. Одно просто ужасно, что мы совсем не понимаем друг друга. Я думала, что буду лучше понимать. Сестра ее, т. е. Львовых англичанка, смотрит на всё как-то недоверчиво и недоброжелательно, а наша, кажется, добродушна и старается подделаться. Вот завтра напишу тебе, как будет без иереводчицы-сестры. Дети мои здоровы, только один Илюша кашляет, а Таня совсем перестала. Все веселы, не капризны, и спали днем. Я как-то очень сильно жила нравственно нынче всё утро; была очень нервно раздражена, но теперь всё это перековеркалось, и все нити ума и сердца направились на англичанку. [Здесь рисунок.] А нравственно меня с некоторого времени очень поднимает твой роман. Как только сяду переписывать, унесусь в какой-то поэтический мир, и даже мне покажется, что это не роман твой так хорош (конечно, инстинктивно покажется), а я так умна. Пожалуйста, ты не смейся надо мной, у меня очень голова болит, и я могу даже от этого врать. Только я, ей-богу, ничего не лгу, так стараюсь обо всем точно выражаться. — Левочка, теперь напишу тебе о том, что ты не любишь, но, право, необходимо. Дело в том, что ты мне оставил 50 р., и у меня почти всё разобрали на веревки, сани, жалованья, дорогу в Москву и проч. И всё, говорят, граф приказал, необходимо нужно. Так что мне не на что будет жить; а пшеницу, будто бы, граф приказал послать, когда придут новые работники, о которых, конечно, ни слуху, ни духу. Уж не знаю, как я пробьюсь. Лучше всего поспеши, всё-таки, если можно, скорее приехать. Так я запуталась. И хозяйство, и дети, и англичанка, и всё это».</p>
<p rend="petit left">Ханна Егоровна Тарсей (Hannah Tarsey) (р. около 1845 г.), дочь Садовника Виндзорского дворца, приехала из Англии в 1866 г., пробыла воспитательницей детей Толстых с 1866 г. до 1872 г., когда, вследствие слабого здоровья, уехала в Кутаис с Кузминскими гувернанткой детей Татьяны Андреевны. Через два года вышла замуж за кн. Дмитрия Георгиевича Мачутадзе. О ней см. Воспоминания Т. А. Кузминской, III, стр. 110—111, и Илья Толстой, «Мои воспоминания». М. 1914, стр. 12.</p>
<p rend="petit left"><hi>5</hi> Кн. Евгений Владимирович Львов (1817—1896). В 1856—1858 гг. алексинский предводитель дворянства в Тульской губернии; с 1865 по 1869 г. занимал должность управляющего государственными имуществами Тульской губернии, отец премьера Временного правительства кн. Г. Е. Львова. Тульский помещик, — его имение «Поповка» Алексинского уезда. Сохранилось письмо к нему Толстого («Лев Николаевич Толстой. Юбилейный сборник», 1928, стр. 56). У него жила в качестве гувернантки Дженни Тарсей, рекомендовавшая свою сестру Толстым.</p>
<p rend="petit left"><hi>6</hi> Согласно объявлению от управления Московско-Курской железной Дороги («Московские ведомости» за 1866 г., № 255) движение пассажирских поездов на участке от Москвы до Серпухова началось 17 ноября 1866 г.</p>
</comments></div></body>
        </text>
        </TEI>