<?xml version="1.0" encoding="UTF-8"?>
    <!-- <?xml-stylesheet type="text/xsl" target="../resources/MJT/myletter.xsl"?> -->
    <?xml-stylesheet type="css" target="graves.css"?>
    <?xml-model target="http://www.tei-c.org/release/xml/tei/custom/schema/relaxng/tei_all.rng" type="application/xml" schematypens="http://relaxng.org/ns/structure/1.0"?>
    <?xml-model target="http://www.tei-c.org/release/xml/tei/custom/schema/relaxng/tei_all.rng" type="application/xml"
            schematypens="http://purl.oclc.org/dsdl/schematron"?>
    <TEI xmlns="http://www.tei-c.org/ns/1.0">
       <teiHeader>
          <fileDesc>
             <titleStmt>
                <title>Письмо №341. С. А. Толстой</title>
             </titleStmt>
             <publicationStmt>
                <publisher>TolstoyLab</publisher>
                <date when="2015-09-14">14 September 2015</date>
             </publicationStmt>
             <sourceDesc>
                <biblStruct>
                   <analytic>
                      <author>Толстой Л.Н.</author>
                   </analytic>
                   <monogr>
                      <title level="m">Полное собрание сочинений. Том 83</title>
                      <imprint>
                         <pubPlace>Москва</pubPlace>
                         <publisher>Государственное издательство "Художественная литература"</publisher>
                         <date when="1938"/>
                      </imprint>
                   </monogr>
                   <series>
                      <title level="s">Л.Н. Толстой. Полное собрание сочинений</title>
                      <biblScope unit="vol">83</biblScope>
                   </series>
                </biblStruct>
				<bibl>Печатается по автографу, хранящемуся в АТБ. Впервые опубликовано по копии, сделанной С. А. Толстой, в ПЖ, стр. 282—283. Датируется на основании почтовых штемпелей: «Москва. 20 ноября. <hi style="opdelimiter">1885;</hi><hi style="opnumber">530</hi> <hi style="npnumber">531</hi><hi style="npdelimiter">С.-Петербург.</hi> 21 ноября. 1885» и упоминания о получении открытого письма от С. А. Толстой, посланного из Петербурга 19 ноября. В ПЖ датировано 3 ноября.</bibl>
             </sourceDesc>
          </fileDesc>
          <encodingDesc>
             <tagsDecl> </tagsDecl>
          </encodingDesc>
          <profileDesc>
             <correspDesc>
                <correspAction type="sending">
                   <persName ref="PersonList.xml#L_N_Tolstoy">Л. Н. Толстой</persName>
                   <placeName ref="PlacesListxml#PLACE">Москва.</placeName>
                   <date when="1885-11-20">1885 г. Ноября 20.</date>            </correspAction>
                <correspAction type="receiving">
                   <persName ref="PersonList.xml#RECEIVER">Толстая Софья Андреевна</persName>
                </correspAction>
                <correspContext>
                   <ref type="prev"></ref>
                </correspContext>
             </correspDesc>
          </profileDesc>
       </teiHeader>
       <xenoData><number type="in a volume">341</number></xenoData>

       <text xml:id="a20_341">
	<body><div>
		<opener index="false">
341.
1885 г. Ноября 20. Москва.</opener>
<p rend="left">Написалъ тебѣ, милый другъ, нынче на карточкѣ,<note xml:id="note1" resp="volume_editor" index="false"> См. предшествующее письмо.</note> к[оторая] дойдетъ вѣроятно днемъ раньше этаго. Вчера я сидѣлъ цѣлый день въ Таниной комнатѣ въ жару, и цѣлый день были посѣтители: Стах[овичъ],<note xml:id="note2" resp="volume_editor" index="false"> Александр Александрович Стахович.</note> нотар[іусъ], факторъ,<note xml:id="note3" resp="volume_editor" index="false"> Заведующий типографией Волчанинова.</note> потомъ Количка Ге<note xml:id="note4" resp="volume_editor" index="false"> Николай Николаевич Ге-младший (р. 1857 г.), старший сын художника Н. Н. Ге-старшего; один из близких друзей Толстого и всей семьи Толстых.</note> съ Мясоѣдовымъ,<note xml:id="note5" resp="volume_editor" index="false"> Григорий Григорьевич Мясоедов (1835—1911), художник-жанрист.</note> потомъ Вѣрочка<note xml:id="note6" resp="volume_editor" index="false"> Вера Сергеевна Толстая (1865—1923), дочь С. Н. Толстого. По взглядам последовательница Толстого.</note> и Эленъ;<note xml:id="note7" resp="volume_editor" index="false"> Елена Сергеевна Толстая (р. 1863 г.), племянница Толстого, дочь М. Н. Толстой от ее гражданского брака с Гектором-Виктором де-Клен. Воспитывалась за границей, откуда приехала в Россию в 1880 г. Давала уроки музыки, преподавала иностранные языки. С 1893 г. замужем за Иваном Васильевичем Денисенко (1851— 1916).</note> потомъ и Сережа;<note xml:id="note8" resp="volume_editor" index="false"> С. Н. Толстой.</note> но Сережу я къ сожалѣнію не видалъ, я ушелъ въ 10-мъ часу спать, и спалъ лучше. Нынче совсѣмъ поправляюсь и не буду выходить, — будь спокойна. — Сережа<note xml:id="note9" resp="volume_editor" index="false"> С. Л. Толстой.</note> свезъ <hi style="opdelimiter">деньги</hi><hi style="opnumber">529</hi> <hi style="npnumber">530</hi><hi style="npdelimiter">и</hi> положилъ. Теперь 2-й часъ дня. Вчера я получилъ письмо, к[оторое] меня очень взволновало — посылаю тебѣ съ него копію и прошу тебя очень, очень что нибудь сдѣлать для облегченія участи этаго человѣка,<note xml:id="note10" resp="volume_editor" index="false"> Алексей Петрович Залюбовский (р. 1863 г.?), в ноябре 1884 г. под влиянием сочинений Толстого отказался от военной службы (первый случай такого воздействия учения Толстого). Залюбовский по этапам был сослан в Закаспийский край. Его брат — офицер — Анатолий Петрович, обратился к Толстому, опасаясь за его жизнь. Имеются неопубликованные воспоминания Алексея Залюбовского, в которых описаны его странствования в период гонения.</note> — весьма замѣчательнаго. Попроси у Саши Кузм[инскаго] совѣта, что сдѣлать. Что собственно сдѣлать? — Просить военнаго<note xml:id="note11" resp="volume_editor" index="false"> <hi>В подлиннике зачеркнуто:</hi> въ <hi>и по ошибке оставлено:</hi> военномъ. Военным министром в 1885 году был Петр Семенович Ванновский (1822—1904).</note> министра и начальника главнаго штаба,<note xml:id="note12" resp="volume_editor" index="false"> Начальником штаба был генерал Николай Николаевич Обручев (1830—1904), профессор Академии генерального штаба. С ним в Петербурге С. А. Толстая добилась свидания; в результате Залюбовский отбыл наказание в качестве нестроевого солдата.</note> чтобы съ Залюбовскимъ поступили по закону — у нихъ есть законъ для т[акъ] наз[ываемыхъ] сектантовъ, — менонитовъ<note xml:id="note13" resp="volume_editor" index="false"> Протестантская секта. Немецкие менониты жили в России в Екатеринославской, Херсонской губерниях и Мелитопольском уезде Таврической губернии и пользовались по закону привилегией замены военной службы лесными и другими не военными работами.</note> и др[угихъ], к[оторые] отказываются по религіознымъ причинамъ отъ военной службы. Я думаю попросить Толстую.<note xml:id="note14" resp="volume_editor" index="false"> Александра Андреевна Толстая.</note> Нужно непремѣнно попросить за него; главное затѣмъ, чтобы начальствующіе знали, что положеніе этаго человѣка и поступки съ нимъ извѣстны въ обществѣ. — Боюсь, что у тебя много дѣла, и что ты задосадуешь на меня за то, что я тебѣ наваливаю это дѣло. Здѣсь я не знаю, къ кому обратиться. Попробую къ Шуваловой.<note xml:id="note15" resp="volume_editor" index="false"> Елена Ивановна Шувалова (1830—1922), родная тетка В. Г. Черткова по отцу. В первом браке за гр. М. В. Орловым-Денисовым; вторым — за гр. П. А. Шуваловым, начальником III отделения. Была попечительницей Александровского убежища для увечных воинов. Письма Толстого Шуваловой неизвестно.</note> Почему то я надѣюсь на Сашу,<note xml:id="note16" resp="volume_editor" index="false"> 23 ноября С. А. Толстая писала: «Саша положительно никого из военного мира не знает и затрудняется, что сказать» (стр. <hi style="opdelimiter">239).</hi><hi style="opnumber">531</hi></note> что онъ тебя научитъ и поможетъ.</p>
<p rend="left">Припишу еще вечеромъ. Я написалъ Стасову,<note xml:id="note17" resp="volume_editor" index="false"> Владимир Васильевич Стасов (1824—1906), искусствовед, библиотекарь Петербургской Публичной библиотеки. Познакомился с Толстым в 1878 г. в связи с розысками Толстым исторических материалов для своих писаний. Стасов доставлял Толстому материалы для романа времен Петра I, «Декабристов», «Хаджи Мурата», «Воскресения», «Круга чтения» и др. Называл Толстого «Львом Великим» и в письмах писал эти два слова крупными печатными буквами. Толстой считал, что Стасов ценил в нем то, что он, Толстой, не ценил и не мог ценить в себе, и что Стасов по своей доброте «прощал» Толстому то, что он сам ценил и ценит в себе «выше всего». В этом, по мнению Толстого, заключалось коренное недоразумение в их взаимоотношениях. Во второй части книги Владимира Каренина «Владимир Стасов. Очерк его жизни и деятельности», Л. 1927, рассказано о знакомстве Стасова с Толстым. Переписка Толстого со Стасовым, заключающая в себе девяносто семь писем Толстого и сто двадцать одно ответное письмо, опубликована в книге «Лев Толстой и В. В. Стасов». Переписка 1878—1906. Редакция и прим. В. Д. Комаровой и Б. Л. Модзалевского. Л. «Прибой» 1929. См. также Б. Модзалевский, «Стасов и Толстой» («Л. Н. Толстой. Юбилейный сборник». М.—Л. ГИЗ. 1928, стр. 232—386). «Письмо Толстого к Стасову о Залюбовском от 20 ноября 1885 г. см. в томе 63, стр. 300—301.</note> чтобъ онъ дѣйствовалъ, написалъ Шуваловой,<note xml:id="note18" resp="volume_editor" index="false"> Письмо это неизвестно.</note> написалъ Бирюкову.<note xml:id="note19" resp="volume_editor" index="false"> Письмо это см. т. 63, № 444.</note> Бирюк[овъ] и Стасовъ можетъ быть придутъ къ тебѣ, ты имъ покажи письмо. Если бы знать, гдѣ Мирскій,<note xml:id="note20" resp="volume_editor" index="false"> Дмитрий Иванович Святополк-Мирский. См. прим. 6 к письму № 284.</note> я бы написалъ ему. Не можетъ ли Саша сдѣлать что черезъ Лорисъ-Меликова?<note xml:id="note21" resp="volume_editor" index="false"> Гр. Михаил Тариелович Лорис-Меликов (1825—1888); в 1880—1881 гг. министр внутренних дел. С ним А. М. Кузминский был лично знаком.</note> Главное то, что имъ нужно, чтобы это дѣло не получило бы извѣстности. Если бы они послали его служителемъ въ больницу, никто бы и не зналъ; а теперь, если, избави Богъ, его замучаютъ или разстрѣляютъ, они достигнутъ обратной цѣли. —</p>
<p rend="left">Приписываю поздно вечеромъ — все возился съ письмами и перепиской письма Зал[юбовскаго]. Заставилъ писать Лелю и Теплова,<note xml:id="note22" resp="volume_editor" index="false"> Приятель Льва Львовича.</note> к[оторый] пришелъ къ нему прыгать. У насъ все очень хорошо. Былъ вечеромъ бр[атъ] Сережа. Мнѣ лучше, но есть еще malaise. — Это мое обычное нездоровье. Получилъ твою карточку,<note xml:id="note23" resp="volume_editor" index="false"> Открытое письмо С. А. Толстой от 29 ноября, извещавшее об ее приезде в Петербург.</note> — спасибо. Ну прощай, душа моя. Не волнуйся. Если ты ни въ чемъ не успѣешь, то ничего не убавится отъ счастья твоей жизни. Цѣлуй милыхъ Кузминскихъ и у Тани проси за меня прощенія, что я не исполнилъ ея порученія — поправить,<note xml:id="note24" resp="volume_editor" index="false"> Рассказ Т. А. Кузминской «Бешеный волк». Об нем С. А. Толстая писала 25 ноября: «еду в...... «Новое время» для Таниного «Волка». Напечатан был рассказ в «Вестнике Европы» за 1886 г., № 6.</note> — трудно.</p>
<comments><p rend="Textpetit_otstup left">Печатается по автографу, хранящемуся в АТБ. Впервые опубликовано по копии, сделанной С. А. Толстой, в ПЖ, стр. 282—283. Датируется на основании почтовых штемпелей: «Москва. 20 ноября. <hi style="opdelimiter">1885;</hi><hi style="opnumber">530</hi> <hi style="npnumber">531</hi><hi style="npdelimiter">С.-Петербург.</hi> 21 ноября. 1885» и упоминания о получении открытого письма от С. А. Толстой, посланного из Петербурга 19 ноября. В ПЖ датировано 3 ноября.</p>
<p rend="Textpetit_otstup left"><hi>1</hi> См. предшествующее письмо.</p>
<p rend="petit left"><hi>2</hi> Александр Александрович Стахович.</p>
<p rend="petit left"><hi>3</hi> Заведующий типографией Волчанинова.</p>
<p rend="petit left"><hi>4</hi> Николай Николаевич Ге-младший (р. 1857 г.), старший сын художника Н. Н. Ге-старшего; один из близких друзей Толстого и всей семьи Толстых.</p>
<p rend="petit left"><hi>5</hi> Григорий Григорьевич Мясоедов (1835—1911), художник-жанрист.</p>
<p rend="petit left"><hi>6</hi> Вера Сергеевна Толстая (1865—1923), дочь С. Н. Толстого. По взглядам последовательница Толстого.</p>
<p rend="petit left"><hi>7</hi> Елена Сергеевна Толстая (р. 1863 г.), племянница Толстого, дочь М. Н. Толстой от ее гражданского брака с Гектором-Виктором де-Клен. Воспитывалась за границей, откуда приехала в Россию в 1880 г. Давала уроки музыки, преподавала иностранные языки. С 1893 г. замужем за Иваном Васильевичем Денисенко (1851— 1916).</p>
<p rend="petit left"><hi>8</hi> С. Н. Толстой.</p>
<p rend="petit left"><hi>9</hi> С. Л. Толстой.</p>
<p rend="petit left"><hi>10</hi> Алексей Петрович Залюбовский (р. 1863 г.?), в ноябре 1884 г. под влиянием сочинений Толстого отказался от военной службы (первый случай такого воздействия учения Толстого). Залюбовский по этапам был сослан в Закаспийский край. Его брат — офицер — Анатолий Петрович, обратился к Толстому, опасаясь за его жизнь. Имеются неопубликованные воспоминания Алексея Залюбовского, в которых описаны его странствования в период гонения.</p>
<p rend="petit left"><hi>11</hi> <hi>В подлиннике зачеркнуто:</hi> въ <hi>и по ошибке оставлено:</hi> военномъ. Военным министром в 1885 году был Петр Семенович Ванновский (1822—1904).</p>
<p rend="petit left"><hi>12</hi> Начальником штаба был генерал Николай Николаевич Обручев (1830—1904), профессор Академии генерального штаба. С ним в Петербурге С. А. Толстая добилась свидания; в результате Залюбовский отбыл наказание в качестве нестроевого солдата.</p>
<p rend="petit left"><hi>13</hi> Протестантская секта. Немецкие менониты жили в России в Екатеринославской, Херсонской губерниях и Мелитопольском уезде Таврической губернии и пользовались по закону привилегией замены военной службы лесными и другими не военными работами.</p>
<p rend="petit left"><hi>14</hi> Александра Андреевна Толстая.</p>
<p rend="petit left"><hi>15</hi> Елена Ивановна Шувалова (1830—1922), родная тетка В. Г. Черткова по отцу. В первом браке за гр. М. В. Орловым-Денисовым; вторым — за гр. П. А. Шуваловым, начальником III отделения. Была попечительницей Александровского убежища для увечных воинов. Письма Толстого Шуваловой неизвестно.</p>
<p rend="petit left"><hi>16</hi> 23 ноября С. А. Толстая писала: «Саша положительно никого из военного мира не знает и затрудняется, что сказать» (стр. <hi style="opdelimiter">239).</hi><hi style="opnumber">531</hi></p>
<p rend="petit left"><hi>17</hi> Владимир Васильевич Стасов (1824—1906), искусствовед, библиотекарь Петербургской Публичной библиотеки. Познакомился с Толстым в 1878 г. в связи с розысками Толстым исторических материалов для своих писаний. Стасов доставлял Толстому материалы для романа времен Петра I, «Декабристов», «Хаджи Мурата», «Воскресения», «Круга чтения» и др. Называл Толстого «Львом Великим» и в письмах писал эти два слова крупными печатными буквами. Толстой считал, что Стасов ценил в нем то, что он, Толстой, не ценил и не мог ценить в себе, и что Стасов по своей доброте «прощал» Толстому то, что он сам ценил и ценит в себе «выше всего». В этом, по мнению Толстого, заключалось коренное недоразумение в их взаимоотношениях. Во второй части книги Владимира Каренина «Владимир Стасов. Очерк его жизни и деятельности», Л. 1927, рассказано о знакомстве Стасова с Толстым. Переписка Толстого со Стасовым, заключающая в себе девяносто семь писем Толстого и сто двадцать одно ответное письмо, опубликована в книге «Лев Толстой и В. В. Стасов». Переписка 1878—1906. Редакция и прим. В. Д. Комаровой и Б. Л. Модзалевского. Л. «Прибой» 1929. См. также Б. Модзалевский, «Стасов и Толстой» («Л. Н. Толстой. Юбилейный сборник». М.—Л. ГИЗ. 1928, стр. 232—386). «Письмо Толстого к Стасову о Залюбовском от 20 ноября 1885 г. см. в томе 63, стр. 300—301.</p>
<p rend="petit left"><hi>18</hi> Письмо это неизвестно.</p>
<p rend="petit left"><hi>19</hi> Письмо это см. т. 63, № 444.</p>
<p rend="petit left"><hi>20</hi> Дмитрий Иванович Святополк-Мирский. См. прим. 6 к письму № 284.</p>
<p rend="petit left"><hi>21</hi> Гр. Михаил Тариелович Лорис-Меликов (1825—1888); в 1880—1881 гг. министр внутренних дел. С ним А. М. Кузминский был лично знаком.</p>
<p rend="petit left"><hi>22</hi> Приятель Льва Львовича.</p>
<p rend="petit left"><hi>23</hi> Открытое письмо С. А. Толстой от 29 ноября, извещавшее об ее приезде в Петербург.</p>
<p rend="petit left"><hi>24</hi> Рассказ Т. А. Кузминской «Бешеный волк». Об нем С. А. Толстая писала 25 ноября: «еду в...... «Новое время» для Таниного «Волка». Напечатан был рассказ в «Вестнике Европы» за 1886 г., № 6.</p>
</comments></div></body>
        </text>
        </TEI>