<?xml version="1.0" encoding="UTF-8"?>
    <!-- <?xml-stylesheet type="text/xsl" target="../resources/MJT/myletter.xsl"?> -->
    <?xml-stylesheet type="css" target="graves.css"?>
    <?xml-model target="http://www.tei-c.org/release/xml/tei/custom/schema/relaxng/tei_all.rng" type="application/xml" schematypens="http://relaxng.org/ns/structure/1.0"?>
    <?xml-model target="http://www.tei-c.org/release/xml/tei/custom/schema/relaxng/tei_all.rng" type="application/xml"
            schematypens="http://purl.oclc.org/dsdl/schematron"?>
    <TEI xmlns="http://www.tei-c.org/ns/1.0">
       <teiHeader>
          <fileDesc>
             <titleStmt>
                <title>Письмо №63. Д. Я. Колбасину.</title>
             </titleStmt>
             <publicationStmt>
                <publisher>TolstoyLab</publisher>
                <date when="2015-09-14">14 September 2015</date>
             </publicationStmt>
             <sourceDesc>
                <biblStruct>
                   <analytic>
                      <author>Толстой Л.Н.</author>
                   </analytic>
                   <monogr>
                      <title level="m">Полное собрание сочинений. Том 60</title>
                      <imprint>
                         <pubPlace>Москва</pubPlace>
                         <publisher>Государственное издательство "Художественная литература"</publisher>
                         <date when="1949"/>
                      </imprint>
                   </monogr>
                   <series>
                      <title level="s">Л.Н. Толстой. Полное собрание сочинений</title>
                      <biblScope unit="vol">60</biblScope>
                   </series>
                </biblStruct>
				<bibl>Впервые опубликовано с пропуском нескольких неразобранных слов в «Литературной газете», 1931, № 24 (123), от 3 мая.</bibl>
             </sourceDesc>
          </fileDesc>
          <encodingDesc>
             <tagsDecl> </tagsDecl>
          </encodingDesc>
          <profileDesc>
             <correspDesc>
                <correspAction type="sending">
                   <persName ref="PersonList.xml#L_N_Tolstoy">Л. Н. Толстой</persName>
                   <placeName ref="PlacesListxml#PLACE">Париж.</placeName>
                   <date when="1857-03-24">1857 г. Марта 24</date>            </correspAction>
                <correspAction type="receiving">
                   <persName ref="PersonList.xml#RECEIVER">Колбасин Дмитрий Яковлевич</persName>
                </correspAction>
                <correspContext>
                   <ref type="prev"></ref>
                </correspContext>
             </correspDesc>
          </profileDesc>
       </teiHeader>
       <xenoData><number type="in a volume">63</number></xenoData>

              <text xml:id="D.YA.Kolbasinu_63">
	<body><div>
		<opener index="false">
63. Д. Я. Колбасину.
1857 г. Марта 24/апреля 5. Париж.</opener>
<p rend="left">Мне ужасно совестно и досадно, любезный Дмитрий Яковлевич, за то, что я, не зная таможенных порядков, побоялся исполнить ваше поручение. Вот я уже слишком 1 <hi>1</hi>/<sub>2</sub> месяца живу в Париже и уезжать не хочется, так много я нашел здесь <hi style="opdelimiter">интересного</hi><hi style="opnumber">165</hi> <hi style="npnumber">166</hi><hi style="npdelimiter">и</hi> приятного. Я еще не отвечал вам на то, что вы мне пишете об «Утре помещ[ика]».<note xml:id="note2" resp="volume_editor" index="false"> Письмо Д. Я. Колбасина, на которое отвечает Толстой, неизвестно.</note> Спасибо вам, что вы не видите в нем злонамеренности. Тому, кому хочется видеть ее в этом и в Разжал[ованном] — очень легко. Я теперь понемногу принимаюсь за работу, но идет медленно — так много других занятий. Тургенев точно болен и физически и морально и на него смотреть тяжело и грустно. Надо надеяться, что лето и воды помогут ему, и я жду этого с нетерпением. Вы ему пишете, чтоб он мне сказал, что ноги у вас еще цены.<note xml:id="note3" resp="volume_editor" index="false"> Колбасин 5 марта писал Тургеневу: «Что Толстой?.. Скажите ему, что нога моя цела и, кажется, до конца дней останется цела» («Тургенев и круг «Современника», «Academia», М.—Л. 1930, стр. 329).</note> Желаю, чтобы до поры до времени они оставались целы, а не миновать им опасности. Огромное количество Русских, шляющихся за границей, особенно в Париже, мне кажется, обещает много хорошего России в этом отношении. Не говоря о людях, которых взгляд совершенно изменяется от такого путешествия, нет такого дубины офицера, который возится здесь с б....ми и в cafés, на которого не подействовало бы это чувство социяльной свободы, которая составляет главную прелесть здешней жизни и о которой, не испытав ее, судить невозможно. Ежели не поленитесь, сообщите мне кое-какие новости литературные, что делает ваш брат,<note xml:id="note4" resp="volume_editor" index="false"> Елисей Яковлевич Колбасин.</note> которому я от души жму руку, и что милый Дружинин, кот[орого] вы так не любите, и т. д. Что это Сын Отечества так свирепотвует?<note xml:id="note5" resp="volume_editor" index="false"> Очевидно, Колбасин писал Толстому о критической статье по поводу «Юности», появившейся в № 8 «Сына отечества» от 24 февраля.</note> Да нет ли возможности пересылать сюда журналов? Как идут дела продажи?<note xml:id="note6" resp="volume_editor" index="false"> Речь идет о продаже отдельного издания «Детства и отрочества».</note> Нет ли денег? Рублей 500 мне бы были не лишни через месяц. Ежели есть, хотя и меньше, то перешлите мне кредитив от дома Брандебурга и комн. в Москве, но и в Петербурге должна быть контора. Прощайте, любезный друг, пожалуйста отпишите словечко; я отвечать буду аккуратно.</p>
<p rend="right">Ваш Гр. Л. Толстой.</p>
<p rend="left">5 Апреля (н. с.).</p>
<comments><p rend="Textpetit_otstup left">Впервые опубликовано с пропуском нескольких неразобранных слов в «Литературной газете», 1931, № 24 (123), от 3 мая.</p>
<p rend="Textpetit_otstup left"><hi>1</hi> Письмо Д. Я. Колбасина, на которое отвечает Толстой, неизвестно.</p>
<p rend="petit left"><hi>2</hi> Колбасин 5 марта писал Тургеневу: «Что Толстой?.. Скажите ему, что нога моя цела и, кажется, до конца дней останется цела» («Тургенев и круг «Современника», «Academia», М.—Л. 1930, стр. 329).</p>
<p rend="petit left"><hi>3</hi> Елисей Яковлевич Колбасин.</p>
<p rend="petit left"><hi>4</hi> Очевидно, Колбасин писал Толстому о критической статье по поводу «Юности», появившейся в № 8 «Сына отечества» от 24 февраля.</p>
<p rend="petit left"><hi>5</hi> Речь идет о продаже отдельного издания «Детства и отрочества».</p>
<p rend="emptyline left"><hi style="opnumber">166</hi> <hi style="npnumber">167</hi></p>
</comments></div></body>
        </text>
        </TEI>