<?xml version="1.0" encoding="UTF-8"?>
    <!-- <?xml-stylesheet type="text/xsl" target="../resources/MJT/myletter.xsl"?> -->
    <?xml-stylesheet type="css" target="graves.css"?>
    <?xml-model target="http://www.tei-c.org/release/xml/tei/custom/schema/relaxng/tei_all.rng" type="application/xml" schematypens="http://relaxng.org/ns/structure/1.0"?>
    <?xml-model target="http://www.tei-c.org/release/xml/tei/custom/schema/relaxng/tei_all.rng" type="application/xml"
            schematypens="http://purl.oclc.org/dsdl/schematron"?>
    <TEI xmlns="http://www.tei-c.org/ns/1.0">
       <teiHeader>
          <fileDesc>
             <titleStmt>
                <title>Письмо №274. С. А. Толстой</title>
             </titleStmt>
             <publicationStmt>
                <publisher>TolstoyLab</publisher>
                <date when="2015-09-14">14 September 2015</date>
             </publicationStmt>
             <sourceDesc>
                <biblStruct>
                   <analytic>
                      <author>Толстой Л.Н.</author>
                   </analytic>
                   <monogr>
                      <title level="m">Полное собрание сочинений. Том 83</title>
                      <imprint>
                         <pubPlace>Москва</pubPlace>
                         <publisher>Государственное издательство "Художественная литература"</publisher>
                         <date when="1938"/>
                      </imprint>
                   </monogr>
                   <series>
                      <title level="s">Л.Н. Толстой. Полное собрание сочинений</title>
                      <biblScope unit="vol">83</biblScope>
                   </series>
                </biblStruct>
				<bibl>Печатается по автографу, хранящемуся в АТБ. Отрывок из письма напечатан в Б, II, стр. 475—476 с неправильным отнесением к письму от 23 мая. Полностью письмо впервые опубликовано по копии, <hi style="opdelimiter">сделанной</hi><hi style="opnumber">437</hi> <hi style="npnumber">438</hi><hi style="npdelimiter">С.</hi> A. Толстой в ПЖ, стр. 224—226. Датируется на основании почтовых штемпелей: «Почтовый вагон. 25 октября 1884; Москва. 25 октября 1884». В ПЖ датировано 25 октября.</bibl>
             </sourceDesc>
          </fileDesc>
          <encodingDesc>
             <tagsDecl> </tagsDecl>
          </encodingDesc>
          <profileDesc>
             <correspDesc>
                <correspAction type="sending">
                   <persName ref="PersonList.xml#L_N_Tolstoy">Л. Н. Толстой</persName>
                   <placeName ref="PlacesListxml#PLACE">Я. П.</placeName>
                   <date when="1884-10-24">1884 г. Октября 24.</date>            </correspAction>
                <correspAction type="receiving">
                   <persName ref="PersonList.xml#RECEIVER">Толстая Софья Андреевна</persName>
                </correspAction>
                <correspContext>
                   <ref type="prev"></ref>
                </correspContext>
             </correspDesc>
          </profileDesc>
       </teiHeader>
       <xenoData><number type="in a volume">274</number></xenoData>

       <text xml:id="a24_274">
	<body><div>
		<opener index="false">
274.
1884 г. Октября 24. Я. П.</opener>
<p rend="left">Утро провелъ, какъ обыкновенно. Получилъ твое письмо<note xml:id="note1" resp="volume_editor" index="false"> От 22 октября.</note> подлиннѣе перваго. Двѣ вещи не хороши — это Танино<note xml:id="note2" resp="volume_editor" index="false"> С. А. Толстая писала: «Стахович опять засуетил, стал уговаривать ехать в театр, я было согласилась, давали Пушкина «Бориса Годунова», но потом к моему счастью оказалось уже двадцать минут восьмого, мы страшно бы опоздали; потом Андрюша принялся реветь, что все уедут, и пришла Лиза Оболенская, мы и остались, за что к крайнему моему огорчению Таня начала грубо упрекать и ворчать. Вот где начинается уже для меня та адская, ненавистная и неизбежная борьба, в которой устоять труднее, чем по этому течению пуститься, хотя знать наверное, что унесет в пучину» (от 22 октября; не опубликовано).</note> возмущеніе и твое не здоровье.<note xml:id="note3" resp="volume_editor" index="false"> С. А. Толстая писала: «Легли рано, всё потушила я, но от боли спинной опять не спала» (там же).</note> Ну что скажетъ Чижъ?<note xml:id="note4" resp="volume_editor" index="false"> Николай Ильич Чиж, врач Родильного госпиталя. С. А. Толстая писала 22 октября: «Еще не получила ответа от Чижа, когда он меня может принять, и потому не была у него».</note> Мнѣ это интересно не по существу, п[отому] ч[то] я знаю, что доктора могутъ только попортить нашу жизнь, но пользы принести не могутъ, но интересно по отношенію къ тебѣ. —</p>
<p rend="left">Потомъ поѣхалъ въ Тулу на желтомъ. Что за прелестная лошадь. Смирна, сильна, росла, красива и быстра. Дѣла въ Тулѣ у меня были слѣдующія: получить заказное письмо на твое имя — (это оказалось письмо отъ Вас[илія] Ив[ановича],<note xml:id="note5" resp="volume_editor" index="false"> Василий Иванович Алексеев. В своем письме к С. А. Толстой от 15 октября (хранится в АТБ) он писал про патровских крестьян: «они не могут продолжать арендовать ваш участок на прежних условиях, потому что считают для себя эту аренду дорогою. Вновь согласны снять участок только отменивши озимую карту летний срок платежа аренды перенести на 14 сентября». С. А. Толстая писала 25 октября: «Перерыв моего письма сделался потому, что я получила сейчас твое и письмо Василия Ивановича. Всё мое спокойное и хорошее расположение духа перебаломутилось. Как ты ни утешаешь, что деньги будут, я никак не соображу, откуда же? А расходы в Москве при самой усиленной экономии так велики, что просто беда, в ужас приводит всякий день» (стр. 262).</note> я посылаю его тебѣ) купить на ботинки Стаховичу, купить калачей и публиковать въ газетахъ о продажѣ лошадей.<note xml:id="note6" resp="volume_editor" index="false"> В № 88 «Тульских губернских ведомостей» (от 3 ноября) было напечатано: «Крапивенского уезда, в с-це Ясной поляне продаются десять молодых жеребцов от заводских жеребцов и Киргизских маток, годные для упряжки и для верховой езды. Спросить приказчика». Публикация была повторена в газете 10 и 14 ноября.</note> Все это сдѣлалъ, и ужаснулся на городскую жизнь. Никого знакомыхъ не видалъ. —</p>
<p rend="left">Насчетъ извѣстій Самарскихъ не смущайся. Видно дѣйствительно тамъ ужасный годъ. Если бы случилось, что они и не заплатятъ нынѣшній годъ, тѣмъ дороже будетъ слѣдующій. Землю можно раздавать нынѣшній годъ по рознь. Я съѣзжу туда. А если нужны будутъ деньги, то повѣрь, что найдутся (кнесчастью). Можно продать мои сочиненія (они вѣрно выйдутъ нынѣшній годъ); можно продать Азбуки,<note xml:id="note7" resp="volume_editor" index="false"> Издание «Азбуки» Толстого.</note> можно лѣсъ начать продавать. Кнесчастью деньги есть и будутъ, и есть охотники проживать чужіе труды.</p>
<p rend="left">Какъ я говорилъ тебѣ, всякое сознательное и добровольное уменьшеніе своихъ требованій въ нашей семьѣ на 5 <hi style="opdelimiter">р[ублей]</hi><hi style="opnumber">436</hi> <hi style="npnumber">437</hi><hi style="npdelimiter">въ</hi> мѣсяцъ дороже пріобрѣтенія въ 50,000. — Вотъ увидимся, поговоримъ. Лошадей въ самомъ дѣлѣ можно бы продать и съ экипажами.</p>
<p rend="left">Я нынче усталъ что-то. Вечеръ читалъ Митрофанову счетную книгу, вникалъ въ установившійся обиходъ хозяйства. — Я не говорилъ еще Митрофану, но не измѣняю своего намѣренія. Жду твоего мнѣнія.<note xml:id="note8" resp="volume_editor" index="false"> С. А. Толстая писала 25 октября: «Если ты разочтешь Митрофана, спроси у него книжки, по которым брали провизию, я дала ему сто рублей в мясную лавку Попова отдать. Еще надо у него отобрать ключ от кладовой и того дома. Если он сам и честный, то бабы, его окружающие, страшные мошенницы» (стр. 261).</note></p>
<p rend="left">Нынче погода хуже и гололедка. Самое хорошее впечатлѣніе нынѣшняго дня это встрѣченные на дорогѣ два старика, два брата изъ Сибири; идутъ безъ копейки денегъ изъ Афона<note xml:id="note9" resp="volume_editor" index="false"> Так называемый Старый Афон, — чтимый монастырь, расположенный на восточном выступе полуострова Халкидики в Турции.</note> и стар[аго] Ерусалима. Вмѣстѣ имъ 150 лѣтъ. Оба не ѣдятъ мяса. Былъ у нихъ домъ съ имуществомъ, к[оторый] стоилъ 1400 р[ублей]. Когда они въ первый разъ ушли, прошелъ слухъ, что они умерли, и домъ передали въ опеку. А опека раззорила. Они пришли и подали прошенье. Потомъ монахъ имъ сказалъ что это грѣхъ, что по ихъ прошенью люди могутъ попасть въ острогъ, что имъ лучше бросить, чтобы [?] идти въ Іерусалимъ. Они бросили, и вотъ остались ни съ чѣмъ. У однаго есть сынъ, и опять построилъ домъ.</p>
<p rend="left">Очень величественные и умильные старики. Я не видалъ, какъ отъ Рудак[ова] дошелъ съ ними до Тулы. —</p>
<p rend="left">Спасибо Лелѣ,<note xml:id="note10" resp="volume_editor" index="false"> Письмо в АТБ не сохранилось.</note> что написалъ мнѣ. Мнѣ очень было пріятно. И письма его очень похожи на него. Тамъ васъ много, вы бы написали получше и чтобъ было похоже на себя.</p>
<p rend="left">Братъ Сережа, я знаю, на другой день проѣхалъ за вами. —</p>
<p rend="left">Ив[анъ] Ив[ановичъ] о доходѣ, какъ я писалъ, пишетъ, что около 4 т[ысячъ]. Объ овсѣ пишетъ, что будетъ высылать къ 22-му.</p>
<p rend="left">О письмахъ ко мнѣ: Ягна<note xml:id="note11" resp="volume_editor" index="false"> С. А. Толстая писала 22 октября: «Есть письмо А. Ягна толстое». Письмо в АТБ не сохранилось. — Известен Николай Иванович Ягн (1822—1892), был председателем Тульского окружного суда. Основал в Туле приют для малолетних преступников, позднее <hi style="opdelimiter">сенатор.</hi><hi style="opnumber">438</hi></note> и Мельницкаго<note xml:id="note12" resp="volume_editor" index="false"> С. A. Толстая писала 22 октября: «есть просьба Мельницкого о защите опять и проч.» В этом письме-просьбе от 14 октября 1884 г. кадет шестого класса Петр Федорович Мельницкий пишет: «18 октября в зале Окружного суда будет вновь разбираться дело». Дело — отца П. Мельницкого, Федора Илиодоровича, казначея Московского воспитательного дома, приговоренного в ноябре 1882 г. к ссылке в Сибирь за присвоение казенных денег. Толстой выражал желание принять участие в защите, чтобы сказать на суде, что виноват не Мельницкий, а весь строй жизни, основанный на узаконенном воровстве. См. «Черновое письмо Л. Н. Толстого к неизвестному по поводу дела Мельницкого» TT, I, стр. 25—27.</note> лучше не высылать, но, можетъ быть, есть нужныя, то или сама просмотри и рѣши, что не нужное, или высылай. Цѣлуй всѣхъ дѣтей. Hy, прощай. Какое-то письмо будетъ завтра. До сихъ поръ не было ни очень хорошихъ, ни очень дурныхъ. Такъ и надо. Леля тебя хорошо атестовалъ. Цѣлую тебя, душенька.</p>
<lb/>
<p rend="left"><hi>На конверте:</hi> Москва. Хамовники. Графинѣ С. А. Толстой. Свой домъ.</p>
<comments><p rend="Textpetit_otstup left">Печатается по автографу, хранящемуся в АТБ. Отрывок из письма напечатан в Б, II, стр. 475—476 с неправильным отнесением к письму от 23 мая. Полностью письмо впервые опубликовано по копии, <hi style="opdelimiter">сделанной</hi><hi style="opnumber">437</hi> <hi style="npnumber">438</hi><hi style="npdelimiter">С.</hi> A. Толстой в ПЖ, стр. 224—226. Датируется на основании почтовых штемпелей: «Почтовый вагон. 25 октября 1884; Москва. 25 октября 1884». В ПЖ датировано 25 октября.</p>
<p rend="Textpetit_otstup left"><hi>1</hi> От 22 октября.</p>
<p rend="petit left"><hi>2</hi> С. А. Толстая писала: «Стахович опять засуетил, стал уговаривать ехать в театр, я было согласилась, давали Пушкина «Бориса Годунова», но потом к моему счастью оказалось уже двадцать минут восьмого, мы страшно бы опоздали; потом Андрюша принялся реветь, что все уедут, и пришла Лиза Оболенская, мы и остались, за что к крайнему моему огорчению Таня начала грубо упрекать и ворчать. Вот где начинается уже для меня та адская, ненавистная и неизбежная борьба, в которой устоять труднее, чем по этому течению пуститься, хотя знать наверное, что унесет в пучину» (от 22 октября; не опубликовано).</p>
<p rend="petit left"><hi>3</hi> С. А. Толстая писала: «Легли рано, всё потушила я, но от боли спинной опять не спала» (там же).</p>
<p rend="petit left"><hi>4</hi> Николай Ильич Чиж, врач Родильного госпиталя. С. А. Толстая писала 22 октября: «Еще не получила ответа от Чижа, когда он меня может принять, и потому не была у него».</p>
<p rend="petit left"><hi>5</hi> Василий Иванович Алексеев. В своем письме к С. А. Толстой от 15 октября (хранится в АТБ) он писал про патровских крестьян: «они не могут продолжать арендовать ваш участок на прежних условиях, потому что считают для себя эту аренду дорогою. Вновь согласны снять участок только отменивши озимую карту летний срок платежа аренды перенести на 14 сентября». С. А. Толстая писала 25 октября: «Перерыв моего письма сделался потому, что я получила сейчас твое и письмо Василия Ивановича. Всё мое спокойное и хорошее расположение духа перебаломутилось. Как ты ни утешаешь, что деньги будут, я никак не соображу, откуда же? А расходы в Москве при самой усиленной экономии так велики, что просто беда, в ужас приводит всякий день» (стр. 262).</p>
<p rend="petit left"><hi>6</hi> В № 88 «Тульских губернских ведомостей» (от 3 ноября) было напечатано: «Крапивенского уезда, в с-це Ясной поляне продаются десять молодых жеребцов от заводских жеребцов и Киргизских маток, годные для упряжки и для верховой езды. Спросить приказчика». Публикация была повторена в газете 10 и 14 ноября.</p>
<p rend="petit left"><hi>7</hi> Издание «Азбуки» Толстого.</p>
<p rend="petit left"><hi>8</hi> С. А. Толстая писала 25 октября: «Если ты разочтешь Митрофана, спроси у него книжки, по которым брали провизию, я дала ему сто рублей в мясную лавку Попова отдать. Еще надо у него отобрать ключ от кладовой и того дома. Если он сам и честный, то бабы, его окружающие, страшные мошенницы» (стр. 261).</p>
<p rend="petit left"><hi>9</hi> Так называемый Старый Афон, — чтимый монастырь, расположенный на восточном выступе полуострова Халкидики в Турции.</p>
<p rend="petit left"><hi>10</hi> Письмо в АТБ не сохранилось.</p>
<p rend="petit left"><hi>11</hi> С. А. Толстая писала 22 октября: «Есть письмо А. Ягна толстое». Письмо в АТБ не сохранилось. — Известен Николай Иванович Ягн (1822—1892), был председателем Тульского окружного суда. Основал в Туле приют для малолетних преступников, позднее <hi style="opdelimiter">сенатор.</hi><hi style="opnumber">438</hi></p>
<p rend="petit left"><hi>12</hi> С. A. Толстая писала 22 октября: «есть просьба Мельницкого о защите опять и проч.» В этом письме-просьбе от 14 октября 1884 г. кадет шестого класса Петр Федорович Мельницкий пишет: «18 октября в зале Окружного суда будет вновь разбираться дело». Дело — отца П. Мельницкого, Федора Илиодоровича, казначея Московского воспитательного дома, приговоренного в ноябре 1882 г. к ссылке в Сибирь за присвоение казенных денег. Толстой выражал желание принять участие в защите, чтобы сказать на суде, что виноват не Мельницкий, а весь строй жизни, основанный на узаконенном воровстве. См. «Черновое письмо Л. Н. Толстого к неизвестному по поводу дела Мельницкого» TT, I, стр. 25—27.</p>
</comments></div></body>
        </text>
        </TEI>