<?xml version="1.0" encoding="UTF-8"?>
    <!-- <?xml-stylesheet type="text/xsl" target="../resources/MJT/myletter.xsl"?> -->
    <?xml-stylesheet type="css" target="graves.css"?>
    <?xml-model target="http://www.tei-c.org/release/xml/tei/custom/schema/relaxng/tei_all.rng" type="application/xml" schematypens="http://relaxng.org/ns/structure/1.0"?>
    <?xml-model target="http://www.tei-c.org/release/xml/tei/custom/schema/relaxng/tei_all.rng" type="application/xml"
            schematypens="http://purl.oclc.org/dsdl/schematron"?>
    <TEI xmlns="http://www.tei-c.org/ns/1.0">
       <teiHeader>
          <fileDesc>
             <titleStmt>
                <title>Письмо №287. С. А. Толстой</title>
             </titleStmt>
             <publicationStmt>
                <publisher>TolstoyLab</publisher>
                <date when="2015-09-14">14 September 2015</date>
             </publicationStmt>
             <sourceDesc>
                <biblStruct>
                   <analytic>
                      <author>Толстой Л.Н.</author>
                   </analytic>
                   <monogr>
                      <title level="m">Полное собрание сочинений. Том 83</title>
                      <imprint>
                         <pubPlace>Москва</pubPlace>
                         <publisher>Государственное издательство "Художественная литература"</publisher>
                         <date when="1938"/>
                      </imprint>
                   </monogr>
                   <series>
                      <title level="s">Л.Н. Толстой. Полное собрание сочинений</title>
                      <biblScope unit="vol">83</biblScope>
                   </series>
                </biblStruct>
				<bibl>Печатается по автографу, хранящемуся в АТБ. Впервые опубликовано по копии, сделанной С. А. Толстой, в ПЖ, стр. 240—242, с пропуском тридцати трех слов по цензурным соображениям. Датируется на основании почтовых штемпелей: «Почтовый вагон. 13 декабря 1884; Москва. 13 декабря 1884» и слов письма: «читал до вечера». В ПЖ датировано 13 декабря.</bibl>
             </sourceDesc>
          </fileDesc>
          <encodingDesc>
             <tagsDecl> </tagsDecl>
          </encodingDesc>
          <profileDesc>
             <correspDesc>
                <correspAction type="sending">
                   <persName ref="PersonList.xml#L_N_Tolstoy">Л. Н. Толстой</persName>
                   <placeName ref="PlacesListxml#PLACE">Я. П.</placeName>
                   <date when="1884-12-12">1884 г. Декабря 12.</date>            </correspAction>
                <correspAction type="receiving">
                   <persName ref="PersonList.xml#RECEIVER">Толстая Софья Андреевна</persName>
                </correspAction>
                <correspContext>
                   <ref type="prev"></ref>
                </correspContext>
             </correspDesc>
          </profileDesc>
       </teiHeader>
       <xenoData><number type="in a volume">287</number></xenoData>

       <text xml:id="a12_287">
	<body><div>
		<opener index="false">
287.
1884 г. Декабря 12. Я. П.</opener>
<p rend="left">Спалъ мало, — печенка болитъ, но въ хорошемъ, бодромъ и писательскомъ духѣ. Много писалъ, и, какъ всегда, что дальше въ лѣсъ, то больше дровъ<note xml:id="note1" resp="volume_editor" index="false"> Речь идет о писании статьи «Так что же нам делать?»</note> — все разростается, становится (для меня) болѣе интереснымъ. — Пошелъ было гулять, но дождь и вѣтеръ, и вернулся. Хотѣлъ заснуть, но не спалось, и читалъ до вечера. У Бибикова я тогда еще встрѣтилъ молодаго доктора<note xml:id="note2" resp="volume_editor" index="false"> Лицо неизвестно.</note> на мѣсто Холевинской<note xml:id="note3" resp="volume_editor" index="false"> Мария Михайловна Халевинская (р. в 1856 г.), служила земским врачем в Крапивенском уезде. Была близка взглядам Толстого. В 1896 г. по просьбе Толстого дала рабочему сочинения Толстого, запрещенные цензурой, за что была арестована и выслана в Астрахань.</note> и онъ говорилъ мнѣ про книгу: проституція и сифилисъ въ Россіи,<note xml:id="note4" resp="volume_editor" index="false">Вероятно, Кузнецова.</note> и вотъ прислалъ ее. Книга дѣльная. Страшно, и гадко, и жалко, и досадно. Такъ просто и легко хорошо жить и избѣгнуть всѣхъ тѣхъ <hi style="opdelimiter">ужасовъ,</hi><hi style="opnumber">462</hi> <hi style="npnumber">463</hi><hi style="npdelimiter">которыми</hi> мы губимъ себя (себя бы еще ничего, коли кто этаго хочетъ), а другихъ.</p>
<p rend="left">Часовъ въ 5 пошелъ на деревню, къ Петру Осипову,<note xml:id="note5" resp="volume_editor" index="false"> Петр Осипович Зябрев.</note> къ новому учителю,<note xml:id="note6" resp="volume_editor" index="false"> Сведений не имеется.</note> пригласить его переписывать, и къ Сергѣю Рѣзунову.<note xml:id="note7" resp="volume_editor" index="false"> Сергей Семенович Резунов, плотник.</note> Среди мужиковъ и въ бѣсѣдахъ съ ними я чувствую себя одинокимъ, чувствую, что они не могутъ понять меня; но всетаки не до такой степени, какъ съ Ковалевскимъ,<hi>8 </hi>проф[ессоромъ] и мн[огими] др[угими]. Петръ Осиповъ очень удивилъ меня. Онъ безъ всякаго вызова съ моей стороны сталъ говорить, что не ходитъ къ обѣднѣ, п[отому] ч[то] дьаконъ все поминаетъ царей и Марью Ѳедор[овну].<note xml:id="note8" resp="volume_editor" index="false"> Жена Александра III.</note> О здравіи. Они и такъ гладки, а то еще молись о здравіи, чтобъ еще поглажѣли и тоже про Царя. Заботъ много, говорятъ, а его отъ этихъ заботъ вонъ какъ расперло. Такъ что я перемѣнилъ разговоръ.</p>
<p rend="left">По письмамъ твоимъ вижу,<note xml:id="note9" resp="volume_editor" index="false"> С. А. Толстая писала Толстому 9, 10 и 11 декабря.</note> что ты въ дурномъ духѣ, не то, чтобы ты была сердита или грустна, а въ очень легкомъ, поверхностномъ.<note xml:id="note10" resp="volume_editor" index="false"> 9 декабря С. А. Толстая писала: «опять приходится писать <hi>под бомбами</hi>, как я называю шум, суету и крик». В письме от 10 декабря: «я утратила свою осеннюю ясность — это я вижу по тому, что как я стала в те же условия разлуки и переписки с тобой, так, проверив себя, я вижу, что уже несусь по другому теченью, что балы, гости, комплименты, сказанные мне, Танино стремленье на бал, мои собственные мечты о костюме Тани и о том, как будут говорить обо мне; разговор дяди Кости и madame [Seuron] и проч., и проч. — всё это меня охватывает, и я погибаю. Мне даже не грустно это, и это хуже всего» (ПСТ, стр. 280).</note> И ты сама недовольна, и это жалко. Впрочемъ, — ты такъ часто мѣняешься, что, можетъ быть, завтра письмо будетъ ужъ другое. — О возвращеніи своемъ я писалъ тебѣ; если Урусовъ пріѣдетъ 16, я пробуду съ нимъ день и пріѣду. Хорошо ли, дурно, но положеніе мое тѣмъ отличается отъ другихъ, что общеніе съ нѣкото[рыми] людьми, единовѣрцами, къ числу кот[орыхъ] принадлежитъ Урусовъ, мнѣ особенно дорого. — Нѣтъ ли писемъ ко мнѣ нужныхъ для отвѣта.</p>
<p rend="left">Прощай, душенька, пью чай и ложусь. Цѣлую тебя и дѣтей. Нынче продалъ лошака; надѣюсь, что никто изъ дѣтей на это не обидится. А то корму онъ съѣстъ столько же, сколько корова.</p>
<p rend="left">Сундукъ цѣлъ;<note xml:id="note11" resp="volume_editor" index="false"> 10 декабря С. А. Толстая запрашивала: «Был ли ты в кладовой, и цел ли и заперт ли Дуничкин сундук и все <hi style="opdelimiter">наши?»</hi><hi style="opnumber">464</hi></note> — мы караулимъ съ Мар[ьей] Аф[анасьевной] и булькой.<note xml:id="note12" resp="volume_editor" index="false"> Охотничья собака.</note> Поклонись M-me Seuron. Да она вредно на тебя дѣйствуетъ, и нынче мнѣ пришла мелькомъ мысль, не нарочно ли она это, не любя тебя, дѣлаетъ. Лесть и лесть о внѣшности страшно портитъ.<note xml:id="note13" resp="volume_editor" index="false"> 13 декабря С. А. Толстая отвечала: «Лесть madame меня не трогает. Я знаю ее, и теперь мне временами кажется, что с одной стороны лесть ко мне для того, чтобы с другой — кокетничать с тобой. Если это последнее подтвердится — elle aura affaire à moi [ей придется иметь дело со мной], и я ее вперед жалею, ибо в моем полусумасшествии я ни за что не ручаюсь» (стр. 288).</note> Я сравниваю это съ лестью о писаніи; когда подаешься на нее, сейчасъ чувствуешь, что слабѣешь и глупѣешь. Пиши хорошенько. Это не значитъ: пиши неправду, — но значитъ, что я очень желаю, чтобы ты б[ыла] въ хорошемъ духѣ. Лѣчиться я бы совѣтовалъ тебѣ, строго исполняя все по крайней мѣрѣ мѣсяцъ; потомъ можно рѣшить, а хуже всего — ни то, ни се.</p>
<p rend="left">Жалко, что Таня не пишетъ. Хоть костюмъ бы описала, я и изъ него узналъ бы немножко состояніе ея души.<note xml:id="note14" resp="volume_editor" index="false"> См. письмо 7 декабря. 12 декабря С. А. Толстая писала: «я хочу, чтобы Таня тебе писала, а она говорит: «он пишет три строчки, за что же мы ему будем писать три человека по три листа». А я говорю: «Он зато пишет триста страниц для всего мира» (стр. 287).</note> — Ахъ, <hi style="opdelimiter">какъ</hi><hi style="opnumber">463</hi> <hi style="npnumber">464</hi><hi style="npdelimiter">жалко!</hi> Что это Илюша все спитъ.<note xml:id="note15" resp="volume_editor" index="false"> 10 декабря С. А. Толстая сообщала: «Илья спит весь вечер».</note> Еще при мнѣ онъ это дѣлалъ. Это нехорошо. — Если письмо это нескладно, и невесело, то прими въ разсчетъ боль печени и прости.<note xml:id="note16" resp="volume_editor" index="false"> С. А. Толстая писала в ответ 13 декабря: «Ты оговариваешься в конце письма, что оно грустно и нехорошо. Нет, оно очень хорошее, что-то в нем есть, что меня заставляет оглянуться на себя и пожалеть, что я к старости под гору пошла. Да, это странно; на меня все смотрят, что я столб семьи, что я твердая, что я «une femme vertueuse» [добродетельная женщина], а я сама себя чувствую слабой, легкомысленной, полусумасшедшей и готовой на всякие самые безумные крайности» (стр. 288).</note></p>
<p rend="left">Боль печени теперь къ вечеру лучше.</p>
<lb/>
<p rend="left"><hi>На конверте:</hi> Москва. Долго Хамовническій пер. д. Гр. Толстаго. Графинѣ Софьѣ Андревнѣ Толстой.</p>
<comments><p rend="Textpetit_otstup left">Печатается по автографу, хранящемуся в АТБ. Впервые опубликовано по копии, сделанной С. А. Толстой, в ПЖ, стр. 240—242, с пропуском тридцати трех слов по цензурным соображениям. Датируется на основании почтовых штемпелей: «Почтовый вагон. 13 декабря 1884; Москва. 13 декабря 1884» и слов письма: «читал до вечера». В ПЖ датировано 13 декабря.</p>
<p rend="Textpetit_otstup left"><hi>1</hi> Речь идет о писании статьи «Так что же нам делать?»</p>
<p rend="petit left"><hi>2</hi> Лицо неизвестно.</p>
<p rend="petit left"><hi>3</hi> Мария Михайловна Халевинская (р. в 1856 г.), служила земским врачем в Крапивенском уезде. Была близка взглядам Толстого. В 1896 г. по просьбе Толстого дала рабочему сочинения Толстого, запрещенные цензурой, за что была арестована и выслана в Астрахань.</p>
<p rend="petit left"><hi>4 </hi>Вероятно, Кузнецова.</p>
<p rend="petit left"><hi>5</hi> Петр Осипович Зябрев.</p>
<p rend="petit left"><hi>6</hi> Сведений не имеется.</p>
<p rend="petit left"><hi>7</hi> Сергей Семенович Резунов, плотник.</p>
<p rend="petit left"><hi>8</hi> Максим Максимович Ковалевский (1851—1916), профессор Московского университета, с 1914 г. академик по кафедре государствоведения. С 1877 г. по 1887 г. читал в Москве лекции по сравнительной истории права (истории иностранных законодательств) и по государственному праву. Его перу принадлежит: «Можно ли считать Толстого продолжателем Руссо» («Вестник Европы» 1913, книга шестая, стр. 343—352). О встречах с Толстым в начале 1880-х гг. М. М. Ковалевский рассказывает в воспоминаниях, напечатанных в «Вестнике Европы», 1910, май, стр. 207 и след. М. М. Ковалевский пишет о себе: «я не был в числе любимцев автора «Войны и мира» (стр. 208).</p>
<p rend="petit left"><hi>9</hi> Жена Александра III.</p>
<p rend="petit left"><hi>10</hi> С. А. Толстая писала Толстому 9, 10 и 11 декабря.</p>
<p rend="petit left"><hi>11</hi> 9 декабря С. А. Толстая писала: «опять приходится писать <hi>под бомбами</hi>, как я называю шум, суету и крик». В письме от 10 декабря: «я утратила свою осеннюю ясность — это я вижу по тому, что как я стала в те же условия разлуки и переписки с тобой, так, проверив себя, я вижу, что уже несусь по другому теченью, что балы, гости, комплименты, сказанные мне, Танино стремленье на бал, мои собственные мечты о костюме Тани и о том, как будут говорить обо мне; разговор дяди Кости и madame [Seuron] и проч., и проч. — всё это меня охватывает, и я погибаю. Мне даже не грустно это, и это хуже всего» (ПСТ, стр. 280).</p>
<p rend="petit left"><hi>12</hi> 10 декабря С. А. Толстая запрашивала: «Был ли ты в кладовой, и цел ли и заперт ли Дуничкин сундук и все <hi style="opdelimiter">наши?»</hi><hi style="opnumber">464</hi></p>
<p rend="petit left"><hi>13</hi> Охотничья собака.</p>
<p rend="petit left"><hi>14</hi> 13 декабря С. А. Толстая отвечала: «Лесть madame меня не трогает. Я знаю ее, и теперь мне временами кажется, что с одной стороны лесть ко мне для того, чтобы с другой — кокетничать с тобой. Если это последнее подтвердится — elle aura affaire à moi [ей придется иметь дело со мной], и я ее вперед жалею, ибо в моем полусумасшествии я ни за что не ручаюсь» (стр. 288).</p>
<p rend="petit left"><hi>15</hi> См. письмо 7 декабря. 12 декабря С. А. Толстая писала: «я хочу, чтобы Таня тебе писала, а она говорит: «он пишет три строчки, за что же мы ему будем писать три человека по три листа». А я говорю: «Он зато пишет триста страниц для всего мира» (стр. 287).</p>
<p rend="petit left"><hi>16</hi> 10 декабря С. А. Толстая сообщала: «Илья спит весь вечер».</p>
<p rend="petit left"><hi>17</hi> С. А. Толстая писала в ответ 13 декабря: «Ты оговариваешься в конце письма, что оно грустно и нехорошо. Нет, оно очень хорошее, что-то в нем есть, что меня заставляет оглянуться на себя и пожалеть, что я к старости под гору пошла. Да, это странно; на меня все смотрят, что я столб семьи, что я твердая, что я «une femme vertueuse» [добродетельная женщина], а я сама себя чувствую слабой, легкомысленной, полусумасшедшей и готовой на всякие самые безумные крайности» (стр. 288).</p>
</comments></div></body>
        </text>
        </TEI>