<?xml version="1.0" encoding="UTF-8"?>
    <!-- <?xml-stylesheet type="text/xsl" target="../resources/MJT/myletter.xsl"?> -->
    <?xml-stylesheet type="css" target="graves.css"?>
    <?xml-model target="http://www.tei-c.org/release/xml/tei/custom/schema/relaxng/tei_all.rng" type="application/xml" schematypens="http://relaxng.org/ns/structure/1.0"?>
    <?xml-model target="http://www.tei-c.org/release/xml/tei/custom/schema/relaxng/tei_all.rng" type="application/xml"
            schematypens="http://purl.oclc.org/dsdl/schematron"?>
    <TEI xmlns="http://www.tei-c.org/ns/1.0">
       <teiHeader>
          <fileDesc>
             <titleStmt>
                <title>Письмо №110. Н. А. Некрасову.</title>
             </titleStmt>
             <publicationStmt>
                <publisher>TolstoyLab</publisher>
                <date when="2015-09-14">14 September 2015</date>
             </publicationStmt>
             <sourceDesc>
                <biblStruct>
                   <analytic>
                      <author>Толстой Л.Н.</author>
                   </analytic>
                   <monogr>
                      <title level="m">Полное собрание сочинений. Том 59</title>
                      <imprint>
                         <pubPlace>Москва</pubPlace>
                         <publisher>Государственное издательство "Художественная литература"</publisher>
                         <date when="1935"/>
                      </imprint>
                   </monogr>
                   <series>
                      <title level="s">Л.Н. Толстой. Полное собрание сочинений</title>
                      <biblScope unit="vol">59</biblScope>
                   </series>
                </biblStruct>
				<bibl>Печатается по автографу, хранящемуся в ИРЛИ. Впервые опубликовано в «Современнике» 1913, № 8, стр. 266.</bibl>
             </sourceDesc>
          </fileDesc>
          <encodingDesc>
             <tagsDecl> </tagsDecl>
          </encodingDesc>
          <profileDesc>
             <correspDesc>
                <correspAction type="sending">
                   <persName ref="PersonList.xml#L_N_Tolstoy">Л. Н. Толстой</persName>
                   <placeName ref="PlacesListxml#PLACE">Петербург.</placeName>
                   <date when="1855-12-31">1855 г. Декабря 31.</date>            </correspAction>
                <correspAction type="receiving">
                   <persName ref="PersonList.xml#RECEIVER">Некрасов Николай Алексеевич</persName>
                </correspAction>
                <correspContext>
                   <ref type="prev"></ref>
                </correspContext>
             </correspDesc>
          </profileDesc>
       </teiHeader>
       <xenoData><number type="in a volume">110</number></xenoData>

              <text xml:id="N.A.Nekrasovu_110">
	<body><div>
		<opener index="false">
110. Н. А. Некрасову.
1855 г. Декабря 31. Петербург.</opener>
<p rend="left">Отпускъ мой вышелъ и не на 28, а на 14 дней, поэтому я, не теряя ни одного дня, завтра, т. е. 1-го, ѣду въ Москву. Корректуру кончу завтра,<note xml:id="note1" resp="volume_editor" index="false"> Речь идет о корректуре рассказа «Севастополь в августе»,</note> Краевскому напишу, а васъ, ежели вы можете, прошу прислать мнѣ 100 рублей, за будущее. Выздоравливайте. Ежели успѣю, то самъ заѣду.</p>
<p rend="right">Вашъ гр. Л. Толстой.</p>
<comments><p rend="Textpetit_otstup left">Печатается по автографу, хранящемуся в ИРЛИ. Впервые опубликовано в «Современнике» 1913, № 8, стр. 266.</p>
<p rend="petit left">Датируется содержанием: Толстой едет в отпуск «завтра, т. е. 1-го». Так как Толстой вернулся в Петербург числа 2 февраля, а отпуск он получил на 28 дней в январе 1856 г., как значится в его формулярном списке, то «1-е», это — 1 января 1856 г.</p>
<p rend="Textpetit_otstup left"><hi>1</hi> Речь идет о корректуре рассказа «Севастополь в августе»,</p>
</comments></div></body>
        </text>
        </TEI>