<?xml version="1.0" encoding="UTF-8"?>
    <!-- <?xml-stylesheet type="text/xsl" target="../resources/MJT/myletter.xsl"?> -->
    <?xml-stylesheet type="css" target="graves.css"?>
    <?xml-model target="http://www.tei-c.org/release/xml/tei/custom/schema/relaxng/tei_all.rng" type="application/xml" schematypens="http://relaxng.org/ns/structure/1.0"?>
    <?xml-model target="http://www.tei-c.org/release/xml/tei/custom/schema/relaxng/tei_all.rng" type="application/xml"
            schematypens="http://purl.oclc.org/dsdl/schematron"?>
    <TEI xmlns="http://www.tei-c.org/ns/1.0">
       <teiHeader>
          <fileDesc>
             <titleStmt>
                <title>Письмо №132. А. В. Дружинину.</title>
             </titleStmt>
             <publicationStmt>
                <publisher>TolstoyLab</publisher>
                <date when="2015-09-14">14 September 2015</date>
             </publicationStmt>
             <sourceDesc>
                <biblStruct>
                   <analytic>
                      <author>Толстой Л.Н.</author>
                   </analytic>
                   <monogr>
                      <title level="m">Полное собрание сочинений. Том 60</title>
                      <imprint>
                         <pubPlace>Москва</pubPlace>
                         <publisher>Государственное издательство "Художественная литература"</publisher>
                         <date when="1949"/>
                      </imprint>
                   </monogr>
                   <series>
                      <title level="s">Л.Н. Толстой. Полное собрание сочинений</title>
                      <biblScope unit="vol">60</biblScope>
                   </series>
                </biblStruct>
				<bibl>Впервые опубликовано в «Звезде», 1930, 5, стр. 150—151.</bibl>
             </sourceDesc>
          </fileDesc>
          <encodingDesc>
             <tagsDecl> </tagsDecl>
          </encodingDesc>
          <profileDesc>
             <correspDesc>
                <correspAction type="sending">
                   <persName ref="PersonList.xml#L_N_Tolstoy">Л. Н. Толстой</persName>
                   <placeName ref="PlacesListxml#PLACE">Москва.</placeName>
                   <date when="1859-04-16">1859 г. Апреля 16.</date>            </correspAction>
                <correspAction type="receiving">
                   <persName ref="PersonList.xml#RECEIVER">Дружинин Александр Васильевич</persName>
                </correspAction>
                <correspContext>
                   <ref type="prev"></ref>
                </correspContext>
             </correspDesc>
          </profileDesc>
       </teiHeader>
       <xenoData><number type="in a volume">132</number></xenoData>

              <text xml:id="A.V.Druzhininu_132">
	<body><div>
		<opener index="false">
132. А. В. Дружинину.
1859 г. Апреля 16. Москва.</opener>
<p rend="left">Неужели же вы так и не приедете нынче весной в Ясные Поляны, любезный Александр Васильевич? Я еще не хочу этому верить и надеюсь, что ваша Маша<hi>1</hi> поправится. Во всяком случае напишите, что и как? Я так жду вас, да и жалею о вашем горе. Я на Пасху уезжал в деревню и встретил весну и праздник с своими. Уж сирени развернулись, березки подернуты зеленью, соловей посвистывал, была гроза, прибило жаркую пыль, пахло свежестью и пылью, лягушки заливаются. Нынешнее лето тем паче мне бы хотелось быть с вами, что хозяйство уже не так всего меня требует, как прежде, и я намерен наслаждаться просто. Жизнь коротка. Еще что будет хорошо. Вы верно сойдетесь и полюбите обоих моих братьев. Как они меня порадовали тем, что оба в восхищеньи от Сарг[иной] Мог[илы]<hi>2</hi> собственным чувством. Что Петров? Возьмите между прочим у Давыдова по экземпляру моих книжечек и подарите от меня<hi>3</hi> и дайте его адрес. A propos de<hi>4</hi> литература. Обломов — капитальнейшая вещь, какой давно, давно не было. Скажите Гончарову, что я в восторге от Облом[ова] и перечитываю его еще раз. Но что приятнее ему будет — это, что Обломов имеет успех не случайный, не с треском, а здоровый, капитальный и невременный в настоящей публике. Это я был même de savoir<hi>5</hi> по деревенским толкам, по молодежи и по тамбовским барышням.<hi>6</hi> — Я же с тех пор, как стал литератором, не могу не искать недостатков во всех больших и сильных вещах и об Обломове многое желаю <hi style="opdelimiter">поговорить.<hi>7</hi></hi><hi style="opnumber">290</hi> <hi style="npnumber">291</hi><hi style="npdelimiter">Кто</hi> пишет «деревенские письма» в О[течественных] Зап[исках]?<hi>8</hi> Это, по моему, славный талант, и вещи прекрасные, и, я боюсь, не оцененные. Во всяком случае поздравьте Кра[е]вского с этим приобретением. Тургенева я не видал, но брат Н[иколай] всё время жил у него. Он, т. е. Тург[енев], охотится, ездит по соседям и твердо убежден, что он заводит фермы и делает то, «<hi>что уж надо же наконец покончить</hi>».<hi>9</hi> Что деньги я вам так прислал — это ничего не значит. Новая повесть Кохановской есть <hi>г...о</hi> по моему мнению; хотя и тут есть размах и смелость редкая и дорогая в наше время, но зато, увы! нет чувства меры, и не художник.<hi>10</hi> Я свою повесть 3-й раз переделываю, и мне всё кажется, что что-то да выходит.<hi>11</hi> Прощайте, ради Бога не измените. Кланяйтесь матушке<hi>12</hi> и всем знакомым.</p>
<p rend="left">У Боткина карбункул на ж..е, и он лежит, но мил бедняжка. —</p>
<p rend="left">16 Апреля.</p>
<comments><p rend="Textpetit_otstup left">Впервые опубликовано в «Звезде», 1930, 5, стр. 150—151.</p>
<p rend="Textpetit_otstup left"><hi>1</hi> Маша — малолетняя племянница А. В. Дружинина. В следующем письме, от 22 апреля, Дружинин сообщал Толстому о смерти Маши.</p>
<p rend="petit left"><hi>2</hi> «Саргина могила» напечатана в январской книжке «Библиотеки для чтения» за 1859 г.</p>
<p rend="petit left"><hi>3</hi> Толстой просит подарить Петрову две свои книги, продававшиеся у А. И. Давыдова: «Детство и отрочество» и «Военные рассказы».</p>
<p rend="petit left"><hi>4</hi> [что касается]</p>
<p rend="petit left"><hi>5</hi> [в состоянии узнать]</p>
<p rend="petit left"><hi>6</hi> Намек на Е. И. Чихачеву (впоследствии Сытина). См. п. № 173.</p>
<p rend="petit left"><hi>7</hi> Роман Гончарова «Обломов» был напечатан в «Отечественных записках» за 1859 г., №№ 1—4, и в том же году вышел отдельной книгой. Дружинин передал Гончарову похвалу Толстого, и Гончаров ответил Толстому благодарственным письмом: «Слову вашему о моем романе я тем более придаю цену, что знаю, как вы строги, иногда даже капризно-взыскательны в деле литературного вкуса и суда» («Красная нива», 1928, № 37).</p>
<p rend="petit left"><hi>8</hi> «Деревенские письма», напечатанные в № 3 «Отечественных записок» за 1859 г., подписаны буквами: П. С. Начало «Деревенских писем» появилось в «Отечественных записках» 1858 г.</p>
<p rend="petit left"><hi>9</hi> И. С. Тургенев приехал из Москвы в Спасское 28 марта 1859 г. и прожил там месяц.</p>
<p rend="petit left"><hi>10</hi> Повесть Кохановской «Из провинциальной галлереи», напечатанная в мартовской книжке «Русского вестника» за 1859 г.</p>
<p rend="petit left"><hi>11</hi> Речь идет о «Семейном счастье».</p>
<p rend="petit left"><hi>12</hi> Марья Павловна Дружинина.</p>
<p rend="Textpetit_otstup left">На это письмо Толстого Дружинин ответил 22 апреля 1859 г.</p>
<p rend="emptyline left"><hi style="opnumber">291</hi> <hi style="npnumber">292</hi></p>
</comments></div></body>
        </text>
        </TEI>