<?xml version="1.0" encoding="UTF-8"?>
    <!-- <?xml-stylesheet type="text/xsl" target="../resources/MJT/myletter.xsl"?> -->
    <?xml-stylesheet type="css" target="graves.css"?>
    <?xml-model target="http://www.tei-c.org/release/xml/tei/custom/schema/relaxng/tei_all.rng" type="application/xml" schematypens="http://relaxng.org/ns/structure/1.0"?>
    <?xml-model target="http://www.tei-c.org/release/xml/tei/custom/schema/relaxng/tei_all.rng" type="application/xml"
            schematypens="http://purl.oclc.org/dsdl/schematron"?>
    <TEI xmlns="http://www.tei-c.org/ns/1.0">
       <teiHeader>
          <fileDesc>
             <titleStmt>
                <title>Письмо №242. Е. В. Львову.</title>
             </titleStmt>
             <publicationStmt>
                <publisher>TolstoyLab</publisher>
                <date when="2015-09-14">14 September 2015</date>
             </publicationStmt>
             <sourceDesc>
                <biblStruct>
                   <analytic>
                      <author>Толстой Л.Н.</author>
                   </analytic>
                   <monogr>
                      <title level="m">Полное собрание сочинений. Том 62</title>
                      <imprint>
                         <pubPlace>Москва</pubPlace>
                         <publisher>Государственное издательство "Художественная литература"</publisher>
                         <date when="1953"/>
                      </imprint>
                   </monogr>
                   <series>
                      <title level="s">Л.Н. Толстой. Полное собрание сочинений</title>
                      <biblScope unit="vol">62</biblScope>
                   </series>
                </biblStruct>
				<bibl>Впервые опубликовано в юбилейном сборнике «Лев Николаевич Толстой», М. 1928, стр. 59—60. Датируется почтовым штемпелем отправления: «Тула 1 марта 1876 г.».</bibl>
             </sourceDesc>
          </fileDesc>
          <encodingDesc>
             <tagsDecl> </tagsDecl>
          </encodingDesc>
          <profileDesc>
             <correspDesc>
                <correspAction type="sending">
                   <persName ref="PersonList.xml#L_N_Tolstoy">Л. Н. Толстой</persName>
                   <placeName ref="PlacesListxml#PLACE">Я. П.</placeName>
                   <date when="1876-02-29">1876 г. Февраля 29.</date>            </correspAction>
                <correspAction type="receiving">
                   <persName ref="PersonList.xml#RECEIVER">Львов Евгений Владимирович</persName>
                </correspAction>
                <correspContext>
                   <ref type="prev">Ответ на неизвестное письмо Е. В. Львова, написанное им после ознакомления с «Русскими книгами для чтения» Толстого, вышедшими в ноябре 1875 г.</ref>
                </correspContext>
             </correspDesc>
          </profileDesc>
       </teiHeader>
       <xenoData><number type="in a volume">242</number></xenoData>

              <text xml:id="E.V.Lvovu_242">
	<body><div>
		<opener index="false">
242. Е. В. Львову.
1876 г. Февраля 29...марта 1. Я. П.</opener>
<p rend="left">Ваше письмо очень порадовало меня, любезный князь, и огорчило. Порадовало, что вы оценили форму моих рассказов для народа, а огорчило то, что вы в продолжение, кажется, 5 лет, как вышли эти рассказы,<note xml:id="note1" resp="volume_editor" index="false"> Первое издание «Азбуки» Толстого вышло в 1872 г. в четырех книгах, заключавших в себе и те рассказы и басни, которые составили впоследствии содержание «Книг для чтения».</note> нигде не встретили их и вместе с публикой считали меня или аферистом, для денег пишущим для народа, или дураком 50-летним, говорящим о том, чего он не знает. Я воевал с немецкой педагогией<note xml:id="note2" resp="volume_editor" index="false"> «Война» Толстого с немецкой педагогикой началась еще в 1862 г. его статьями в журнале «Ясная Поляна» и продолжалась в 1874 г. в заседаниях Московского комитета грамотности, а более всего — в статье «О народном образовании».</note> именно потому, что я большую часть жизни посвятил на это дело, что я знаю, как думает народ и народный ребенок, и знаю, как говорить с ним; и это знание не слетело мне с неба от того, что у меня талант (самое глупое, бессмысленное слово), а от того, что я и любовью и трудом приобрел это знание. Рассказы, басни, написанные в книжках, есть просеянное из в 20 раз большего количества приготовленных рассказов, и каждый из них был переделыван по 10 раз и стоил мне большего труда, чем какое бы ни было место из всех моих писаний. Еще больше труда мне стоила Азбука. Меня хвалили за всё, что я писал; но об одном, точно хорошем и полезном, что я сделал, об Азбуке и этих книжках, не сказано в печати ни единого неругательного слова. Вы прочли и оценили потому, что вы сами пишете и хотите писать, и потому, что у вас есть вкус и чутье. Но всякий с чутьем и вкусом, прочетший эти книжечки, скажет: «да, ничего, просто, ясно, кое-где все-таки нехорошо и фальшиво». И всякий, при чтении сказавший это, будет совершенно прав. Но пусть попробует кто-нибудь написать такие же рассказы, тот увидит, как трудно даются эти отрицательные достоинства, состоящие только в том, чтобы было просто, ясно, не было бы ничего лишнего и фальшивого.</p>
<p rend="left">Я пишу это всё вам потому, что мне кажется, что вы поняли это, и еще потому, что я думаю, что вы в состоянии написать так же и, может быть, и лучше. Только вы увидите, как это долго и как мало можно написать хорошего. Joseph de Maistre<note xml:id="note3" resp="volume_editor" index="false"> Жозеф де Местр (1754—1821) — французский католический писатель, посланник сардинского короля при русском дворе. См. о нем т. 48.</note> пишет своему королю в 12-м году длинное письмо о войне и Петербурге и кончает письмо так: Je prie Votre Majesté d’excuser la longueur de cette lettre. Je n’ai pas eu le temps de la faire plus courte<note xml:id="note4" resp="volume_editor" index="false"> [Прошу ваше величество простить меня за длинное письмо, у меня не было времени написать короче.] Имеется в виду письмо де Местра от 5/17 августа 1812 г. См. «Correspondance diplomatique de Joseph de Maistre 1811—1817, recueilliée et publiée par Albert Blanc», том I, Париж, 1860, стр. 156.</note>.</p>
<p rend="left">И когда вы станете употреблять время на то, чтобы делать вещи как можно короче (это первое правило), вы увидите, <hi style="opdelimiter">как</hi><hi style="opnumber">250</hi> <hi style="npnumber">251</hi><hi style="npdelimiter">это</hi> трудно. Книжечки вашей я все-таки не получил. Очень, очень прошу вас прислать мне ее. Мне очень это нужно.</p>
<p rend="left">Кавказский сборник<note xml:id="note5" resp="volume_editor" index="false"> «Сборник сведений о кавказских горцах». <ref target='file:///Volume_62_A.A.Fetu_210.xml'>См. письмо № 210</ref>.</note> я отдал знакомому, когда получу, то пришлю вам. Передайте наш с женою поклон княгине.<note xml:id="note6" resp="volume_editor" index="false"> Е. В. Львов был женат на Варваре Алексеевне Мосоловой.</note></p>
<p rend="left">Пожалуйста же, не забудьте обещание летом заехать к нам. Если буду в Москве, то буду у вас непременно.</p>
<p rend="right">Ваш Л. Толстой.</p>
<lb/>
<p rend="left"><hi>На конверте:</hi></p>
<p rend="left">Москва, Собачья Площадка, дом Домбровского. Его высокоблагородию Николаю Михайловичу Нагорнову. Для передачи князю Евгению Владимировичу Львову.</p>
<comments><p rend="Textpetit_otstup left">Впервые опубликовано в юбилейном сборнике «Лев Николаевич Толстой», М. 1928, стр. 59—60. Датируется почтовым штемпелем отправления: «Тула 1 марта 1876 г.».</p>
<p rend="petit left">Евгений Владимирович Львов (1817—1896) — помещик Тульской губ. См. о нем т. 83, стр. 132. Ответ на неизвестное письмо Е. В. Львова, написанное им после ознакомления с «Русскими книгами для чтения» Толстого, вышедшими в ноябре 1875 г.</p>
<p rend="Textpetit_otstup left"><hi>1</hi> Первое издание «Азбуки» Толстого вышло в 1872 г. в четырех книгах, заключавших в себе и те рассказы и басни, которые составили впоследствии содержание «Книг для чтения».</p>
<p rend="petit left"><hi>2</hi> «Война» Толстого с немецкой педагогикой началась еще в 1862 г. его статьями в журнале «Ясная Поляна» и продолжалась в 1874 г. в заседаниях Московского комитета грамотности, а более всего — в статье «О народном образовании».</p>
<p rend="petit left"><hi>3</hi> Жозеф де Местр (1754—1821) — французский католический писатель, посланник сардинского короля при русском дворе. См. о нем т. 48.</p>
<p rend="petit left"><hi>4</hi> [Прошу ваше величество простить меня за длинное письмо, у меня не было времени написать короче.] Имеется в виду письмо де Местра от 5/17 августа 1812 г. См. «Correspondance diplomatique de Joseph de Maistre 1811—1817, recueilliée et publiée par Albert Blanc», том I, Париж, 1860, стр. 156.</p>
<p rend="petit left"><hi>5</hi> «Сборник сведений о кавказских горцах». <ref target='file:///Volume_62_A.A.Fetu_210.xml'>См. письмо № 210</ref>.</p>
<p rend="petit left"><hi>6</hi> Е. В. Львов был женат на Варваре Алексеевне Мосоловой.</p>
</comments></div></body>
        </text>
        </TEI>