<?xml version="1.0" encoding="UTF-8"?>
    <!-- <?xml-stylesheet type="text/xsl" target="../resources/MJT/myletter.xsl"?> -->
    <?xml-stylesheet type="css" target="graves.css"?>
    <?xml-model target="http://www.tei-c.org/release/xml/tei/custom/schema/relaxng/tei_all.rng" type="application/xml" schematypens="http://relaxng.org/ns/structure/1.0"?>
    <?xml-model target="http://www.tei-c.org/release/xml/tei/custom/schema/relaxng/tei_all.rng" type="application/xml"
            schematypens="http://purl.oclc.org/dsdl/schematron"?>
    <TEI xmlns="http://www.tei-c.org/ns/1.0">
       <teiHeader>
          <fileDesc>
             <titleStmt>
                <title>Письмо №* 262. П. И. Бартеневу.</title>
             </titleStmt>
             <publicationStmt>
                <publisher>TolstoyLab</publisher>
                <date when="2015-09-14">14 September 2015</date>
             </publicationStmt>
             <sourceDesc>
                <biblStruct>
                   <analytic>
                      <author>Толстой Л.Н.</author>
                   </analytic>
                   <monogr>
                      <title level="m">Полное собрание сочинений. Том 61</title>
                      <imprint>
                         <pubPlace>Москва</pubPlace>
                         <publisher>Государственное издательство "Художественная литература"</publisher>
                         <date when="1953"/>
                      </imprint>
                   </monogr>
                   <series>
                      <title level="s">Л.Н. Толстой. Полное собрание сочинений</title>
                      <biblScope unit="vol">61</biblScope>
                   </series>
                </biblStruct>
             </sourceDesc>
          </fileDesc>
          <encodingDesc>
             <tagsDecl> </tagsDecl>
          </encodingDesc>
          <profileDesc>
             <correspDesc>
                <correspAction type="sending">
                   <persName ref="PersonList.xml#L_N_Tolstoy">Л. Н. Толстой</persName>
                   <placeName ref="PlacesListxml#PLACE">Я. П.</placeName>
                   <date when="1868-05-14">1868 г. Мая 14.</date>            </correspAction>
                <correspAction type="receiving">
                   <persName ref="PersonList.xml#RECEIVER">Бартенев Петр Иванович</persName>
                </correspAction>
                <correspContext>
                   <ref type="prev"></ref>
                </correspContext>
             </correspDesc>
          </profileDesc>
       </teiHeader>
       <xenoData><number type="in a volume">262</number></xenoData>

              <text xml:id="P__I__Bartenevu_262">
	<body><div>
		<opener index="false">
* 262. П. И. Бартеневу.
1868 г. Мая 14. Я. П.</opener>
<p rend="left">В день выезда из Москвы я заболел и, приехав сюда, провалялся 4 дня не в силах приняться за работу. Только поэтому не присылаю еще рукописи. —</p>
<p rend="left">Я очень скоро буду совсем готов. —</p>
<p rend="left">Только что уехал из Москвы, как у меня набралась куча забытых дел. О некоторых из них сим низко кланяюсь, прося вас исполнить, ежели вам не в труд, в противном же случае, написать, что некогда. —</p>
<p rend="left">1) Выпустить всю историю Пьера в деревне с стариками и юродивыми и отнятием лошади. <note xml:id="note1" resp="volume_editor" index="false"><hi>Сбежав в конце Бор[одинского] сражения</hi>, <hi>во второй раз с бат[ареи], Пьер замешался с толпами раненых</hi>, <hi>дошел до перевяз[очного] пункта</hi>, <hi>а оттуда до большой дороги. Там он сел на землю</hi>. <hi>Он не помнил</hi>, <hi>долго ли он просидел там и т. д.</hi> В окончательной редакции текст несколько иной, см. т. V, ч. I, гл. VIII первого и т. III (11), ч. III, гл. VIII настоящего издания. Один из вариантов «Истории Пьера с стариками и юродивыми» опубликован в «Литературном наследстве», № 35-36, M. 1939, стр. 342—345; другие варианты этого эпизода см. в т. 14 настоящего <hi style="opdelimiter">издания.</hi><hi style="opnumber">202</hi></note></p>
<p rend="left">В сновидении его надо выпустить воспоминание про старика.<note xml:id="note2" resp="volume_editor" index="false"> T. V, ч. I, гл. IX первого и т. III, ч. III, гл. IX настоящего издания. Ср. т. 14.</note></p>
<p rend="left">2) в том месте, где говорится об Элен, надо выпустить: <hi>только немногие видели в этом поругание таинства брака и т. д.</hi> до <hi>Большинство же и т. д.</hi> и на место этого вставить: <hi>Только М. Д. Ахросимова</hi>, <hi>приезжавшая в это время в Петербург</hi> <hi style="opdelimiter"><hi>для</hi></hi><hi style="opnumber">201</hi> <hi style="npnumber">202</hi><hi style="npdelimiter"><hi>свидания</hi></hi> <hi>с одним из своих сыновей</hi>, <hi>не одобряла намерения Элен и с свойственной ей грубостью</hi>, <hi>встретив граф[иню] Безухую на вечере [у] очень важного лица</hi>, <hi>через всю залу прокричала ей, как будто для кулачного боя засучивая свои широкие рукава (это была ее привычка): «А ты</hi>, <hi>говорят, матушка</hi>, <hi>новенькую штучку выдумала. За двух мужей сразу идти хочешь. Напрасно, мать моя, напрасно.</hi><note xml:id="note3" resp="volume_editor" index="false"> В окончательной редакции текст изменен — см. т. V, ч. I, гл. VII первого и т. III, ч. III, гл. VII настоящего издания. Ср. т. 14.</note> Да и не ты первая выдумала. Это уже давно придумано во всех...»</p>
<p rend="left">И Марья Дмитриевна сказала такое грубое слово, которое не могло быть понято и услышано тем высоким обществом, в котором она находилась. Слово это было принято comme non avenu.<note xml:id="note4" resp="volume_editor" index="false"> [как не сказанное.]</note> Большинство же и т. д.</p>
<p rend="left">3) В том месте, где Наполеон думает, что он посвятит богоугодные заведения своей матери, после слов: <note xml:id="note5" resp="volume_editor" index="false"><hi>нет</hi>, <hi>просто à та mère</hi> надо прибавить: <hi>думал он</hi>, <hi>как думают все французы, непременно приплетающие «Mère, mère u ma pauvre mère»</hi> [«Матушка, матушка и моя бедная матушка»]</note><hi> ко всем тем обстоятельствам жизни, где они хотят быть патетичны.</hi><note xml:id="note6" resp="volume_editor" index="false"> В окончательной редакции текст изменен — см. т. V, ч. I, гл. XIX первого и т. III, ч. III, гл. XIX настоящего издания.</note></p>
<p rend="left">Впрочем, эти коректуры я не возвратил в Москве, а поэтому надеюсь получить их еще. —</p>
<p rend="left">4) Я просил кн[язя] Одоевского<note xml:id="note7" resp="volume_editor" index="false"> Владимир Федорович Одоевский (1803—1869) — писатель и музыкальный деятель.</note> и Соболевского<note xml:id="note8" resp="volume_editor" index="false"> Сергей Александрович Соболевский (1803—1870) — биограф, автор эпиграмм и каламбуров, друг Пушкина.</note> дать мне выписку из Данта о несчастной любви.</p>
<p rend="left">Соболевскому мне не хочется писать, и я боюсь, что он мне не ответит, а кн[язя] Одоевского я забыл, как зовут. Ежели вы увидите того или другого, передайте им мою просьбу и пришлите мне, если они дадут вам. —</p>
<p rend="left">5) Вы развратили меня своими сигарами. Если вы будете брать себе, и есть мои деньги, пришлите мне ящик 15-ти рублевых.</p>
<p rend="left">Теперь сразу услышьте мою слезную просьбу исполнить все 5 поручений и услышьте мои извинения за мою докучливость.</p>
<p rend="right">Гр. Л. Толстой.</p>
<p rend="left">14 мая.</p>
<comments><p rend="Textpetit_otstup left">Отрывки впервые опубликованы в сборнике ТПТ, 2, стр. 177—178, и в журнале «Печать и революция», 1924, 4, стр. 91—92. Датируется упоминанием о пятом томе «Войны и мира».</p>
<p rend="Textpetit_otstup left"><hi>1</hi> В окончательной редакции текст несколько иной, см. т. V, ч. I, гл. VIII первого и т. III (11), ч. III, гл. VIII настоящего издания. Один из вариантов «Истории Пьера с стариками и юродивыми» опубликован в «Литературном наследстве», № 35-36, M. 1939, стр. 342—345; другие варианты этого эпизода см. в т. 14 настоящего <hi style="opdelimiter">издания.</hi><hi style="opnumber">202</hi></p>
<p rend="petit left"><hi>2</hi> T. V, ч. I, гл. IX первого и т. III, ч. III, гл. IX настоящего издания. Ср. т. 14.</p>
<p rend="petit left"><hi>3</hi> В окончательной редакции текст изменен — см. т. V, ч. I, гл. VII первого и т. III, ч. III, гл. VII настоящего издания. Ср. т. 14.</p>
<p rend="petit left"><hi>4</hi> [как не сказанное.]</p>
<p rend="petit left"><hi>5</hi> [«Матушка, матушка и моя бедная матушка»]</p>
<p rend="petit left"><hi>6</hi> В окончательной редакции текст изменен — см. т. V, ч. I, гл. XIX первого и т. III, ч. III, гл. XIX настоящего издания.</p>
<p rend="petit left"><hi>7</hi> Владимир Федорович Одоевский (1803—1869) — писатель и музыкальный деятель.</p>
<p rend="petit left"><hi>8</hi> Сергей Александрович Соболевский (1803—1870) — биограф, автор эпиграмм и каламбуров, друг Пушкина.</p>
</comments></div></body>
        </text>
        </TEI>