<?xml version="1.0" encoding="UTF-8"?>
    <!-- <?xml-stylesheet type="text/xsl" target="../resources/MJT/myletter.xsl"?> -->
    <?xml-stylesheet type="css" target="graves.css"?>
    <?xml-model target="http://www.tei-c.org/release/xml/tei/custom/schema/relaxng/tei_all.rng" type="application/xml" schematypens="http://relaxng.org/ns/structure/1.0"?>
    <?xml-model target="http://www.tei-c.org/release/xml/tei/custom/schema/relaxng/tei_all.rng" type="application/xml"
            schematypens="http://purl.oclc.org/dsdl/schematron"?>
    <TEI xmlns="http://www.tei-c.org/ns/1.0">
       <teiHeader>
          <fileDesc>
             <titleStmt>
                <title>Письмо №*141. С. А. Толстой</title>
             </titleStmt>
             <publicationStmt>
                <publisher>TolstoyLab</publisher>
                <date when="2015-09-14">14 September 2015</date>
             </publicationStmt>
             <sourceDesc>
                <biblStruct>
                   <analytic>
                      <author>Толстой Л.Н.</author>
                   </analytic>
                   <monogr>
                      <title level="m">Полное собрание сочинений. Том 83</title>
                      <imprint>
                         <pubPlace>Москва</pubPlace>
                         <publisher>Государственное издательство "Художественная литература"</publisher>
                         <date when="1938"/>
                      </imprint>
                   </monogr>
                   <series>
                      <title level="s">Л.Н. Толстой. Полное собрание сочинений</title>
                      <biblScope unit="vol">83</biblScope>
                   </series>
                </biblStruct>
				<bibl>Печатается по автографу, хранящемуся в АТБ. Впервые опубликовано по копии, сделанной С. А. Толстой, в ПЖ, стр. 116—117. <hi style="opdelimiter">Датируется</hi><hi style="opnumber">255</hi> <hi style="npnumber">256</hi><hi style="npdelimiter">на</hi> основании начала следующего письма, писанного на другой день и открывающегося словами: «Здравствуй, душенька, утром в середу», т. е. 14 июня.</bibl>
             </sourceDesc>
          </fileDesc>
          <encodingDesc>
             <tagsDecl> </tagsDecl>
          </encodingDesc>
          <profileDesc>
             <correspDesc>
                <correspAction type="sending">
                   <persName ref="PersonList.xml#L_N_Tolstoy">Л. Н. Толстой</persName>
                   <placeName ref="PlacesListxml#PLACE">Нижний Новгород.</placeName>
                   <date when="1878-06-13">1878 г. Июня 13.</date>            </correspAction>
                <correspAction type="receiving">
                   <persName ref="PersonList.xml#RECEIVER">Толстая Софья Андреевна</persName>
                </correspAction>
                <correspContext>
                   <ref type="prev"></ref>
                </correspContext>
             </correspDesc>
          </profileDesc>
       </teiHeader>
       <xenoData><number type="in a volume">141</number></xenoData>

       <text xml:id="a13_141">
	<body><div>
		<opener index="false">
* 141.
1878 г. Июня 13. Нижний Новгород.</opener>
<p rend="left">Милый другъ Соня. Теперь чувствую, что я уже окончательно осрамился передъ тобой, и что мнѣ уже въ практическихъ дѣлахъ остается только признавать свою полную къ нимъ неспособность. Не понимаю, какъ я могъ забыть, потерять или дать украсть у меня бумажникъ. Я не обѣдалъ въ Москвѣ, и пошли мы всѣ въ Павловѣ<note xml:id="note1" resp="volume_editor" index="false"> Первая большая остановка по Нижегородской железной дороге, в 61 версте от Москвы. Поезд стоял на станции 17 минут.</note> на станцію, — дѣти чай пить, а мы съ Ньефомъ, ужинать. Я еще не доѣлъ своей стерлядки, какъ стали звонить. Я досталъ бумажникъ и, не находя въ немъ 3-хъ рублей, обратился къ Ньефу. Онъ далъ 2 рубля, я заплатилъ и пошелъ въ вагонъ. Въ вагонѣ тотчасъ же стали спрашивать билеты. Я хватился — нѣтъ. Или я забылъ его на столѣ, или не попалъ въ карманъ, или у меня его вытащили. Первое самое вѣроятное. Телеграфировали въ Павлово, но отвѣтили въ Нижнемъ, что бумажника не оказалось. Денег было рублей 270. —</p>
<p rend="left">Счастье мое, что Соловьевъ<note xml:id="note2" resp="volume_editor" index="false"> Книгопродавец.</note> не могъ мнѣ дать болѣе 300, и что Ньефъ взялъ у меня 95. Все же произошло преимущественно потому, что я очень раскисъ, какъ писалъ тебѣ изъ Москвы. Не знаю, дошло ли до тебя это письмо, написанное на клочкѣ буфетной бумаги. Вслѣдствіи ли болѣзни, или перемѣны пищи, или безсонницы, но мнѣ было вчера 100 лѣтъ и я былъ какъ <hi style="opdelimiter">во</hi><hi style="opnumber">254</hi> <hi style="npnumber">255</hi><hi style="npdelimiter">снѣ.</hi> — Денегъ у насъ осталось у Ньефа 25, у дѣтей 5, у Сергѣя 6. Господинъ, съ которымъ я ѣхалъ, Граве, предложилъ мнѣ взять въ кредитъ билеты на пароходъ, въ кампаніи котораго онъ членомъ, и даже денегъ. Я согласился и теперь, на вокзалѣ, жду отъ него извѣстія. Ѣхать же въ тотъ же день, нынче, не пришлось, и, какъ кажется, къ лучшему: идетъ одинъ самолетскій пароходъ. Должна быть большая тѣснота. И при мнѣ одна дама, не потерявшая денегъ, осталась до завтра. Скучно и досадно, но чтожъ дѣлать. Это все Степины<note xml:id="note3" resp="volume_editor" index="false"> Степан Андреевич Берс.</note> 300 р[ублей] пропадаютъ. — У Соловьева я взялъ векселя на 3500 рублей и оставилъ ихъ ему, съ тѣмъ, чтобы онъ ихъ дисконтировалъ и прислалъ въ Самару. Если ты поѣдешь, то, можетъ, они у него только что будутъ готовы, и ты ихъ возьмешь съ собой. Я объ этомъ напишу ему и Нагорному.<note xml:id="note4" resp="volume_editor" index="false"> Есть письмо Толстого к Н. М. Нагорному от 13 июня 1878 г. из Нижнего Новгорода с просьбой о деньгах. В письме от 15 июня С. А. Толстая писала: «Вчера от Нагорного получила письмо из Покровского. Пишет, что денег ближе конца этого месяца не может собрать, потому что в деревне. Я писала и просила поспешить мне прислать». Н. М. Нагорнов вел расчеты по продаже изданий Толстого.</note> За исключеніемъ этой досады, путешествіе идетъ хорошо. Изъ Казани напишу тебѣ и изъ Самары, а главное съ хутора, и постараюсь какъ можно вѣрнѣе взвѣсить всѣ удобства, неудобства, выгоды, невыгоды, удовольствія, неудовольствія твоего пріѣзда. Хвалятъ очень пароходы америк[анскіе], ходящіе по середамъ и суботамъ, и если ты поѣдешь, я бы тебѣ присовѣтовалъ попадать на нихъ, но боюсь, не опаздываютъ ли они. Объ этомъ напишу съ парохода.</p>
<p rend="left">Въ Москвѣ никого, кромѣ Кост[еньки]. Перфильевы уѣхали на дачу; Истомина нѣтъ. Встрѣтилъ однаго Аксакова<note xml:id="note5" resp="volume_editor" index="false"> Иван Сергеевич Аксаков.</note> въ лавкѣ Соловьева и съ нимъ много говорилъ, что утомило меня при моей старости.</p>
<p rend="left">Дѣти хороши и физически, и духовно, и внѣшне, и внутренно. Письма ихъ глупы, но они устали, и хотя и отлично спали на двухъ сдвинутыхъ лавочкахъ 2-го класса, но все-таки не столько, сколько обыкновенно.</p>
<p rend="left">Дѣти пошли теперь купить марки и апельсины, а я допишу письма, позавтракаю съ ними, походимъ съ ними же и поѣдемъ на пароходъ, гдѣ и можно ночевать, какъ говорилъ мнѣ мой покровитель.</p>
<p rend="left">Если что еще случится, то припишу. Пока прощай, душенька. Во всякомъ случаѣ не больше, какъ черезъ 2 недѣли, увидимся. Цѣлуй дѣтей<note xml:id="note6" resp="volume_editor" index="false"> При С. А. Толстой, кроме Андрея, оставались: Сергей, Татьяна и Мария.</note> и главнаго Андрея.</p>
<p rend="right">Твой Л.</p>
<comments><p rend="Textpetit_otstup left">Печатается по автографу, хранящемуся в АТБ. Впервые опубликовано по копии, сделанной С. А. Толстой, в ПЖ, стр. 116—117. <hi style="opdelimiter">Датируется</hi><hi style="opnumber">255</hi> <hi style="npnumber">256</hi><hi style="npdelimiter">на</hi> основании начала следующего письма, писанного на другой день и открывающегося словами: «Здравствуй, душенька, утром в середу», т. е. 14 июня.</p>
<p rend="Textpetit_otstup left"><hi>1</hi> Первая большая остановка по Нижегородской железной дороге, в 61 версте от Москвы. Поезд стоял на станции 17 минут.</p>
<p rend="petit left"><hi>2</hi> Книгопродавец.</p>
<p rend="petit left"><hi>3</hi> Степан Андреевич Берс.</p>
<p rend="petit left"><hi>4</hi> Есть письмо Толстого к Н. М. Нагорному от 13 июня 1878 г. из Нижнего Новгорода с просьбой о деньгах. В письме от 15 июня С. А. Толстая писала: «Вчера от Нагорного получила письмо из Покровского. Пишет, что денег ближе конца этого месяца не может собрать, потому что в деревне. Я писала и просила поспешить мне прислать». Н. М. Нагорнов вел расчеты по продаже изданий Толстого.</p>
<p rend="petit left"><hi>5</hi> Иван Сергеевич Аксаков.</p>
<p rend="petit left"><hi>6</hi> При С. А. Толстой, кроме Андрея, оставались: Сергей, Татьяна и Мария.</p>
<p rend="petit left">В ответном письме от 15 июня 1878 г. С. А. Толстая писала: «Что это, милый мой, как ты смутился и точно растерялся от таких пустяков. Это на тебя, Левочка, не похоже. Гораздо больше меня смутило, что ты пишешь, будто ты нездоров..... Упрекать тебе в этой потере никогда не могу; с какого права? У тебя столько желания всё устроить и сделать хорошо, что все мои упреки, если они когда и бывают, то только стыдно мне за то, что я несправедлива. А сам можешь себя утешать, что это твоя первая потеря в жизни». В приписке к письму С. А. Толстой Т. А. Кузминская и С. А. Берс писали: «Пой: <hi>Капитааалы-то растеряли</hi>! <hi>А еще апельсины в Нижнем покупаааются</hi>!.... Ваше сиятельство, честь имею доложить вам, что всё у нас обстоит благополучно, и о потере капиталов читали нынче с большим смехом».</p>
</comments></div></body>
        </text>
        </TEI>