<?xml version="1.0" encoding="UTF-8"?>
    <!-- <?xml-stylesheet type="text/xsl" target="../resources/MJT/myletter.xsl"?> -->
    <?xml-stylesheet type="css" target="graves.css"?>
    <?xml-model target="http://www.tei-c.org/release/xml/tei/custom/schema/relaxng/tei_all.rng" type="application/xml" schematypens="http://relaxng.org/ns/structure/1.0"?>
    <?xml-model target="http://www.tei-c.org/release/xml/tei/custom/schema/relaxng/tei_all.rng" type="application/xml"
            schematypens="http://purl.oclc.org/dsdl/schematron"?>
    <TEI xmlns="http://www.tei-c.org/ns/1.0">
       <teiHeader>
          <fileDesc>
             <titleStmt>
                <title>Письмо №66. Н. А. Некрасову.</title>
             </titleStmt>
             <publicationStmt>
                <publisher>TolstoyLab</publisher>
                <date when="2015-09-14">14 September 2015</date>
             </publicationStmt>
             <sourceDesc>
                <biblStruct>
                   <analytic>
                      <author>Толстой Л.Н.</author>
                   </analytic>
                   <monogr>
                      <title level="m">Полное собрание сочинений. Том 59</title>
                      <imprint>
                         <pubPlace>Москва</pubPlace>
                         <publisher>Государственное издательство "Художественная литература"</publisher>
                         <date when="1935"/>
                      </imprint>
                   </monogr>
                   <series>
                      <title level="s">Л.Н. Толстой. Полное собрание сочинений</title>
                      <biblScope unit="vol">59</biblScope>
                   </series>
                </biblStruct>
				<bibl>Печатается по автографу, хранящемуся в ЛБ. Впервые напечатано Н. С. Ашукиным в АК, стр. 186—187.</bibl>
             </sourceDesc>
          </fileDesc>
          <encodingDesc>
             <tagsDecl> </tagsDecl>
          </encodingDesc>
          <profileDesc>
             <correspDesc>
                <correspAction type="sending">
                   <persName ref="PersonList.xml#L_N_Tolstoy">Л. Н. Толстой</persName>
                   <placeName ref="PlacesListxml#PLACE">Станица Старогладковская.</placeName>
                   <date when="1852-09-15">1852 г. Сентября 15.</date>            </correspAction>
                <correspAction type="receiving">
                   <persName ref="PersonList.xml#RECEIVER">Некрасов Николай Алексеевич</persName>
                </correspAction>
                <correspContext>
                   <ref type="prev"></ref>
                </correspContext>
             </correspDesc>
          </profileDesc>
       </teiHeader>
       <xenoData><number type="in a volume">66</number></xenoData>

              <text xml:id="N.A.Nekrasovu_66">
	<body><div>
		<opener index="false">
66. Н. А. Некрасову.
1852 г. Сентября 15. Станица Старогладковская.
</opener>
<p rend="Obrashenie left">Милостивый Государь.</p>
<p rend="left">Меня очѣнь порадовало доброе мнѣніе, выраженное Вами о моемъ романѣ; тѣмъ болѣе, что оно было первое, которое я о немъ слышалъ и что мнѣніе это было, имянно, Ваше. Несмотря на это, повторяю просьбу, съ которой обращался къ Вамъ въ первомъ письмѣ моемъ: оцѣнить рукопись, выслать мнѣ деньги, которыя она стоитъ по вашему мнѣнію, или прямо сказать мнѣ, что она ничего не стоитъ. —</p>
<p rend="left">Принятая мною форма автобіографіи и принужденная связь послѣдующихъ частей съ предъидущею, такъ стѣсняютъ <hi style="opdelimiter">меня,</hi><hi style="opnumber">202</hi> <hi style="npnumber">203</hi><hi style="npdelimiter">что</hi> я часто чувствую желанiе бросить ихъ и оставить 1-ую безъ продолжения. —</p>
<p rend="left">Во всякомъ случай, ежели продолжете будетъ окончено, и какъ скоро оно будетъ окончено, я пришлю его Вамъ. — Въ ожиданiи вашего ответа, съ истиннымъ уваженiемъ, имѣю честь быть,</p>
<p rend="Obrashenie_ left">
Милостивый Государь
</p>
<p rend="Obrashenie1 left">
Вашъ покорный слуга 
</p>
<p rend="Obrashenie3 left">
Л. Н.
</p>
<p rend="left">Адресъ: Въ г. Кизляръ. Графу Николаю Николаевичу Толстому, съ передачею Л. Н.</p>
<p rend="left">15 Сентября</p>
<p rend="left">1852.</p>
<comments><p rend="Textpetit_otstup left">Печатается по автографу, хранящемуся в ЛБ. Впервые напечатано Н. С. Ашукиным в АК, стр. 186—187.</p>
<p rend="petit left">Письмо Толстого является ответом на письмо Некрасова (без даты) от первых чисел августа 1852 г.:</p>
<p rend="petit left">«Милостивый Государь! Я прочел вашу рукопись (Детство). Она имеет в себе настолько интереса, что я ее напечатаю. Не зная продолжения, не могу сказать решительно, но мне кажется, что в авторе ее есть талант. Во всяком случае, направление автора, простота и действительность содержания составляют неотъемлемое достоинство этого произведения. Если в дальнейших частях (как и следует ожидать) будет поболее живости и движения, то это будет хороший роман. Прошу Вас прислать мне продолжение. И роман ваш и талант меня заинтересовали. Еще я советовал бы вам не прикрываться буквами, а начать печататься прямо со своей фамилией. Если только вы не случайный гость в литературе. Жду вашего ответа. Примите уверение в истинном моем уважении Н. Некрасов». (Литературные приложения «Нивы», 1898, № 2 (февраль) стр. 340.)</p>
<p rend="petit left">О получении этого письма в дневнике Толстого под 29 августа записано: «... получил письмо из Петербурга от редактора, которое обрадовало меня до глупости. О деньгах ни слова. Завтра писать письма: Некрасову...» Но 30 августа Толстой Некрасову не написал, и только под 5 сентября в дневнике записано: «Написал письмо Некрасову».. Это, конечно, письмо, датированное на самом письме 15 сентября. Между тем, Некрасов, не дождавшись от Толстого ответа на свое первое письмо, послал второе от 5 сентября 1852 г.:</p>
<p rend="petit left">«Милостивый Государь! Я писал Вам о вашей повести; но теперь считаю своим долгом еще сказать вам о ней несколько слов. Я дал ее в набор на IX кн. «Современника» и, прочитав внимательно в корректуре, а не слепо написанной рукописи, нашел, что эта повесть гораздо лучше, чем показалось мне с первого раза. Могу сказать положительно, что у автора есть талант. Убеждение в том для Вас, как для <hi style="opdelimiter">начинающего,</hi><hi style="opnumber">208</hi> <hi style="npnumber">209</hi><hi style="npdelimiter">думаю,</hi> всего важнее в настоящее время. Книжка «Современника» с Вашей повестью завтра выйдет в Петербурге, а к Вам (я пошлю ее по вашему адресу), вероятно, попадет еще не ранее, как недели через три. Из нее кое-что исключено (немного, впрочем)... Не прибавлено ничего. Скоро напишу вам подробнее, а теперь некогда. Жду вашего ответа и прошу Вас — если у Вас есть продолжение — прислать мне его. Н. Некрасов.</p>
<p rend="petit left">P. S. Хотя я догадываюсь, однакоже прошу Вас сказать мне положительно имя автора повести. Это мне нужно знать — и по правилам нашей цензуры». (Литературные приложения «Нивы», 1898, № 2, стр. 340—341.)</p>
<p rend="petit left">О тексте «Детства» в IX кн. «Современника» см. письма от 18 и 27 ноября 1852 г.</p>
<p rend="petit left">Получив это письмо, Толстой записал в дневнике 30 сентября: «получил письмо от Некрасова — похвалы, но не деньги».</p>
<p rend="petit left">На письмо Толстого от 15 сентября Некрасов ответил лишь 30 октября письмом следующего содержания: «Милостивый Государь! прошу вас извинить меня, что я замедлил ответом на последнее ваше письмо — я был очень занят. Что касается вопроса о деньгах, то я умолчал об этом в прежних моих письмах по следующей причине: в лучших наших журналах издавна существует обычай <hi>не платить</hi> зa <hi>первую</hi> повесть начинающему автору, которого журнал впервые рекомендует публике. Этому обычаю подверглись все доселе начинающие в «Современнике» свое литературное поприще, как то: Гончаров, Дружинин, Авдеев и др. Этому же обычаю подвергались в свое время как мои, так и Панаева первые произведения. Я предлагаю вам то же, с условием, что зa дальнейшие Ваши произведения прямо назначу вам лучшую плату, какую получают наши известнейшие (весьма немногие) беллетристы, т. е. 50 руб. сер. с печатного листа. Я промешкал писать Вам еще и потому, что не мог сделать Вам этого предложения ранее, не поверив моего впечатления судом публики: этот суд оказался как нельзя более в вашу пользу, и я очень рад, что не ошибся в мнении своем о вашем первом произведении, и с удовольствием предлагаю Вам теперь вышеписанные условия.</p>
<p rend="petit left">Напишите мне об этом. Во всяком случае могу вам ручаться, что в этом отношении мы сойдемся, так как ваша повесть имела успех, то нам очень было бы приятно иметь поскорее второе ваше произведение. Сделайте одолжение, вышлите нам, что у вас готово. Я хотел выслать вам IX № «Совр.», но к сожалению, забыл распорядиться, чтобы отпечатали лишнее, а у нас весь журнал за этот год в расходе. Впрочем, если Вам нужно, я могу выслать вам один или два оттиска одной вашей повести, набрав из дефектов.</p>
<p rend="petit left">Повторяю мою покорнейшую просьбу выслать нам повесть или что нибудь в роде повести, романа или рассказа, и остаюсь в ожидании вашего ответа. Готовый к услугам Н. Некрасов.</p>
<p rend="petit left">P. S. Мы <hi>обязаны</hi> знать имя каждого автора, которого сочинения печатаем, и потому дайте мне <hi>положительные</hi> известия на этот счет. Если вы хотите, то никто, кроме нас, этого знать не будет». (Литературные приложения «Нивы», 1898, № 2, стр. 341—342.)</p>
<p rend="petit left">Иван Алдр. <hi>Гончаров</hi> (1814—1891) выступил на литературное <hi style="opdelimiter">поприще</hi><hi style="opnumber">204</hi> <hi style="npnumber">205</hi><hi style="npdelimiter">«Обыкновенной</hi> историей», напечатанной в «Современнике» 1847, № III и IV, Алдр. Вас. Дружинин (1824—1864) — повестью «Полинька Сакс», напечатанной в «Современнике» 1847, № XII. Мих. Вас. <hi>Авдеев</hi> (1821—1876) получил известность как автор романа «Тамарин», части которого печатались в «Современнике» 1849—1851 гг.</p>
</comments></div></body>
        </text>
        </TEI>