<?xml version="1.0" encoding="UTF-8"?>
    <!-- <?xml-stylesheet type="text/xsl" target="../resources/MJT/myletter.xsl"?> -->
    <?xml-stylesheet type="css" target="graves.css"?>
    <?xml-model target="http://www.tei-c.org/release/xml/tei/custom/schema/relaxng/tei_all.rng" type="application/xml" schematypens="http://relaxng.org/ns/structure/1.0"?>
    <?xml-model target="http://www.tei-c.org/release/xml/tei/custom/schema/relaxng/tei_all.rng" type="application/xml"
            schematypens="http://purl.oclc.org/dsdl/schematron"?>
    <TEI xmlns="http://www.tei-c.org/ns/1.0">
       <teiHeader>
          <fileDesc>
             <titleStmt>
                <title>Письмо №*280. С. А. Толстой</title>
             </titleStmt>
             <publicationStmt>
                <publisher>TolstoyLab</publisher>
                <date when="2015-09-14">14 September 2015</date>
             </publicationStmt>
             <sourceDesc>
                <biblStruct>
                   <analytic>
                      <author>Толстой Л.Н.</author>
                   </analytic>
                   <monogr>
                      <title level="m">Полное собрание сочинений. Том 83</title>
                      <imprint>
                         <pubPlace>Москва</pubPlace>
                         <publisher>Государственное издательство "Художественная литература"</publisher>
                         <date when="1938"/>
                      </imprint>
                   </monogr>
                   <series>
                      <title level="s">Л.Н. Толстой. Полное собрание сочинений</title>
                      <biblScope unit="vol">83</biblScope>
                   </series>
                </biblStruct>
				<bibl>Печатается по автографу, хранящемуся в АТБ. Впервые отрывок из письма опубликован в «Литературном наследстве», 19—21, стр. 705— 706. Полностью публикуется впервые. Датируется на основании фразы письма: «Нынче свадьба у Болхина». Свадьба эта, как бывшая накануне дня написания письма, описана Толстым в следующем письме от 31 октября.</bibl>
             </sourceDesc>
          </fileDesc>
          <encodingDesc>
             <tagsDecl> </tagsDecl>
          </encodingDesc>
          <profileDesc>
             <correspDesc>
                <correspAction type="sending">
                   <persName ref="PersonList.xml#L_N_Tolstoy">Л. Н. Толстой</persName>
                   <placeName ref="PlacesListxml#PLACE">Я. П.</placeName>
                   <date when="1884-10-30">1884 г. Октября 30.</date>            </correspAction>
                <correspAction type="receiving">
                   <persName ref="PersonList.xml#RECEIVER">Толстая Софья Андреевна</persName>
                </correspAction>
                <correspContext>
                   <ref type="prev"></ref>
                </correspContext>
             </correspDesc>
          </profileDesc>
       </teiHeader>
       <xenoData><number type="in a volume">280</number></xenoData>

       <text xml:id="a30_280">
	<body><div>
		<opener index="false">
* 280.
1884 г. Октября 30. Я. П.</opener>
<p rend="left">Нынче провелъ очень дурной день и грустный. Не могъ заснуть вчера до 2, а проснулся въ 7. И потому былъ слабъ и унылъ. Прошелся по хозяйству, напился кофе. Пришелъ старикъ Степанъ Кривой;<note xml:id="note1" resp="volume_editor" index="false"> Степан Михайлович Пелагеюшкин (1812—1885), в настоящее время семья Пелагеюшкиных переменила фамилию на Полины.</note> я побѣседовалъ съ нимъ. Нужда, нужда мужицкая, нужда въ первыхъ потребностяхъ — хлѣба, молока, дровъ и сверхъ того подати. Онъ очень просилъ передать Титкѣ<note xml:id="note2" resp="volume_editor" index="false"> Тит Иванович Пелагеюшкин (1867—1932), служил у С. Н. Толстого, впоследствии у С. Л. Толстого.</note> у Сережа брата, чтобъ онъ прислалъ ему денегъ 10 р. или, по крайней мѣрѣ, 5. Онъ нарубилъ дровъ въ Засѣкѣ, а теперь надо платить. Если не заплатитъ, его работа пропадетъ. Если есть зажитыя деньги, то напиши мнѣ, я ему дамъ, а Сережа тебѣ отдастъ. Потомъ пришелъ купчикъ Серьговской<note xml:id="note3" resp="volume_editor" index="false"> Может быть, разумеется «Сергиевский», т. е. из Сергиевского, торгового села к югу от Ясной поляны.</note> покупать сѣно. Не купилъ. Потомъ я пошелъ на деревню къ Хралкову.<note xml:id="note4" resp="volume_editor" index="false"> Павел Игнатьевич Фролков.</note> Совѣстно было идти. Я пошелъ было мимо, — мимо Игната.<note xml:id="note5" resp="volume_editor" index="false"> Игнат Савостьянович Макарычев или Макаров (1848—1897), брат Василия Собашника. Жена Игната — Прасковья Никитична (р. 1853 г.). Свекровь — Александра Фокина (р. 1824 г.).</note> Смотрю, Игнатъ чиститъ столъ на дворѣ. Что это дѣлаешь? Да вотъ выгналъ старикъ насъ, переходимъ въ другую избу, — а самъ плачетъ. Оказалось, что его баба подралась съ свекровью за кусокъ ветчины. (Когда вникнешь ближе въ житье мужиковъ и бѣдняковъ — главная причина раздора — куски, горшки, т. е. ѣда послаще. Да и у большинства людей, если разобрать — корень — ѣда послаще. Это ужасно 1) Мирилъ я ихъ, но не знаю, помирятся ли. Послѣ этой сцены пошелъ къ Хралковымъ. Арининъ мужъ<note xml:id="note6" resp="volume_editor" index="false"> П. И. Фролков.</note> славный, умный и веселый и добрый мужикъ. Ему за 50 и, какъ всегда, ни однаго сѣдаго волоса. Опять вопросъ для него — куски сладкіе. Она пила чай, а онъ не пилъ, платилъ [?] за рубахи. Посольство мое было глупое. Оттуда пошелъ домой, сѣлъ заниматься. Немного поправилъ и сталъ обѣдать раньше, чтобъ раньше лечь. Задремалъ, потомъ пришелъ Павелъ<note xml:id="note7" resp="volume_editor" index="false">Павел Петрович Арбузов, брат С. П. Арбузова, — учил Толстого сапожному мастерству.</note> сапожникъ. Я сталъ шить сапоги и вотъ отдамъ письмо и лягу. — Очень мнѣ хочется къ вамъ — хоть и въ Москву, но къ вамъ. Я должно быть пріѣду въ пятницу, 1-го получатся деньги съ Грецовки<note xml:id="note8" resp="volume_editor" index="false"> Деревня в 10 верстах от Ясной поляны.</note> и нѣкоторыя распоряженія надо сдѣлать — это обычный срокъ конца лѣтнихъ работъ. —</p>
<p rend="left">Нынче сватьба у Болхина.<note xml:id="note9" resp="volume_editor" index="false"> Сергей Григорьевич Болхин (р. 1859 г.), жена его — Пелагея Васильевна, сын Григорья Ильича (р. 1836 г.), брат Андриана Григорьевича, яснополянский крестьянин.</note> Это Таню должно интересовать.</p>
<p rend="left">Нынче разсказывали мнѣ, что у насъ по деревнѣ мальчишки слагаютъ пѣсни сатирическія на всѣхъ плохихъ людей и поютъ имъ. Я слышалъ разъ,какъ они пѣли такую пѣсню <hi style="opdelimiter">Хралкову,<note xml:id="note10" resp="volume_editor" index="false"> П. И. Фролков.</note></hi><hi style="opnumber">450</hi> <hi style="npnumber">451</hi><hi style="npdelimiter">извѣстному</hi> своей злостью. Другая есть на Ганьку<note xml:id="note11" resp="volume_editor" index="false"> Ганя — жена работника Григория Ивановича из Бегичевки, который ее бросил и ушел в Тулу; она поселилась на квартире <hi style="opdelimiter">Павла</hi><hi style="opnumber">451</hi> <hi style="npnumber">452</hi><hi style="npdelimiter">Шинтякова.</hi> Ганя на базар уходила пешком, а возвращалась пьяная на лошади и привозила воз ворованного добра. См. С. Арбузов, «Гр. Л. Н. Толстой». М. 1904, гл. VIII — «Золотая Ганя». Песня такова: «Ганя золотая, ходит по торгу хватая, чекменями, кафтанами, веретьями и шлеями».</note> воровку очень длинная. Еще есть пѣсни о быкѣ, кот[ораго] они дѣлятъ отъ головы до хвоста на всѣ дворы, соразмѣряя части быка съ степенью уважительности двора. Дм. Ѳед.<note xml:id="note12" resp="volume_editor" index="false"> Д. Ф. Виноградов.</note> обѣщалъ записать. —</p>
<p rend="left">Письмо твое хорошее,<note xml:id="note13" resp="volume_editor" index="false"> От 28 октября, начинающееся словами: «Здоровье мое гораздо лучше, хоть боль всё не проходит».</note> только одно меня очень огорчило — это кали бромати,<note xml:id="note14" resp="volume_editor" index="false"> С. А. Толстая писала 28 октября: «Начала сегодня принимать кали-бромати; ты скажешь, что я люблю лечиться, а я думаю, что если есть хоть малейшая надежда быть здоровой, то я не имею права не делать всего, что возможно для этого». В ответ на предостережения Толстого С. А. Толстая писала 31 октября: «Что ты так огорчился о кали-бромати? я, пожалуй, не стану принимать, мне безразлично; но я боюсь больше болезни моего истерического состояния: это самое мое постыдное воспоминание, хотя я и не виновата в нем» (ПСТ, стр. 269 и 274).</note> и твое разсужденье по этому случаю, что нужно все сдѣлать, чтобъ быть здоровой и потому.... по моему нельзя себѣ позволить принимать бромъ, а по твоему должно его принимать. — Но я понимаю твой взглядъ, но мнѣ жалко, что ты такая сильная, чудесная физическая натура (и морально прекрасная) загубляешь свои силы.</p>
<p rend="left">Думаю о тебѣ безпрестанно и съ самой хорошей любовью.</p>
<p rend="left">Что милая Таня не напишетъ мнѣ еще и про себя, и про тебя, и про мальчиковъ.</p>
<p rend="left">Цѣлую очень ихъ всѣхъ.</p>
<p rend="left">До свиданья, душенька.</p>
<comments><p rend="Textpetit_otstup left">Печатается по автографу, хранящемуся в АТБ. Впервые отрывок из письма опубликован в «Литературном наследстве», 19—21, стр. 705— 706. Полностью публикуется впервые. Датируется на основании фразы письма: «Нынче свадьба у Болхина». Свадьба эта, как бывшая накануне дня написания письма, описана Толстым в следующем письме от 31 октября.</p>
<p rend="Textpetit_otstup left"><hi>1</hi> Степан Михайлович Пелагеюшкин (1812—1885), в настоящее время семья Пелагеюшкиных переменила фамилию на Полины.</p>
<p rend="petit left"><hi>2</hi> Тит Иванович Пелагеюшкин (1867—1932), служил у С. Н. Толстого, впоследствии у С. Л. Толстого.</p>
<p rend="petit left"><hi>3</hi> Может быть, разумеется «Сергиевский», т. е. из Сергиевского, торгового села к югу от Ясной поляны.</p>
<p rend="petit left"><hi>4</hi> Павел Игнатьевич Фролков.</p>
<p rend="petit left"><hi>5</hi> Игнат Савостьянович Макарычев или Макаров (1848—1897), брат Василия Собашника. Жена Игната — Прасковья Никитична (р. 1853 г.). Свекровь — Александра Фокина (р. 1824 г.).</p>
<p rend="petit left"><hi>6</hi> П. И. Фролков.</p>
<p rend="petit left"><hi>7 </hi>Павел Петрович Арбузов, брат С. П. Арбузова, — учил Толстого сапожному мастерству.</p>
<p rend="petit left"><hi>8</hi> Деревня в 10 верстах от Ясной поляны.</p>
<p rend="petit left"><hi>9</hi> Сергей Григорьевич Болхин (р. 1859 г.), жена его — Пелагея Васильевна, сын Григорья Ильича (р. 1836 г.), брат Андриана Григорьевича, яснополянский крестьянин.</p>
<p rend="petit left"><hi>10</hi> П. И. Фролков.</p>
<p rend="petit left"><hi>11</hi> Ганя — жена работника Григория Ивановича из Бегичевки, который ее бросил и ушел в Тулу; она поселилась на квартире <hi style="opdelimiter">Павла</hi><hi style="opnumber">451</hi> <hi style="npnumber">452</hi><hi style="npdelimiter">Шинтякова.</hi> Ганя на базар уходила пешком, а возвращалась пьяная на лошади и привозила воз ворованного добра. См. С. Арбузов, «Гр. Л. Н. Толстой». М. 1904, гл. VIII — «Золотая Ганя». Песня такова: «Ганя золотая, ходит по торгу хватая, чекменями, кафтанами, веретьями и шлеями».</p>
<p rend="petit left"><hi>12</hi> Д. Ф. Виноградов.</p>
<p rend="petit left"><hi>13</hi> От 28 октября, начинающееся словами: «Здоровье мое гораздо лучше, хоть боль всё не проходит».</p>
<p rend="petit left"><hi>14</hi> С. А. Толстая писала 28 октября: «Начала сегодня принимать кали-бромати; ты скажешь, что я люблю лечиться, а я думаю, что если есть хоть малейшая надежда быть здоровой, то я не имею права не делать всего, что возможно для этого». В ответ на предостережения Толстого С. А. Толстая писала 31 октября: «Что ты так огорчился о кали-бромати? я, пожалуй, не стану принимать, мне безразлично; но я боюсь больше болезни моего истерического состояния: это самое мое постыдное воспоминание, хотя я и не виновата в нем» (ПСТ, стр. 269 и 274).</p>
</comments></div></body>
        </text>
        </TEI>