<?xml version="1.0" encoding="UTF-8"?>
    <!-- <?xml-stylesheet type="text/xsl" target="../resources/MJT/myletter.xsl"?> -->
    <?xml-stylesheet type="css" target="graves.css"?>
    <?xml-model target="http://www.tei-c.org/release/xml/tei/custom/schema/relaxng/tei_all.rng" type="application/xml" schematypens="http://relaxng.org/ns/structure/1.0"?>
    <?xml-model target="http://www.tei-c.org/release/xml/tei/custom/schema/relaxng/tei_all.rng" type="application/xml"
            schematypens="http://purl.oclc.org/dsdl/schematron"?>
    <TEI xmlns="http://www.tei-c.org/ns/1.0">
       <teiHeader>
          <fileDesc>
             <titleStmt>
                <title>Письмо №529. П. И. Бирюкову.</title>
             </titleStmt>
             <publicationStmt>
                <publisher>TolstoyLab</publisher>
                <date when="2015-09-14">14 September 2015</date>
             </publicationStmt>
             <sourceDesc>
                <biblStruct>
                   <analytic>
                      <author>Толстой Л.Н.</author>
                   </analytic>
                   <monogr>
                      <title level="m">Полное собрание сочинений. Том 63</title>
                      <imprint>
                         <pubPlace>Москва</pubPlace>
                         <publisher>Государственное издательство "Художественная литература"</publisher>
                         <date when="1934"/>
                      </imprint>
                   </monogr>
                   <series>
                      <title level="s">Л.Н. Толстой. Полное собрание сочинений</title>
                      <biblScope unit="vol">63</biblScope>
                   </series>
                </biblStruct>
				<bibl>Печатается по автографу, хранящемуся в БЛ. Впервые опубликовано А. К. Чертковой в ТЕ 1913, стр. 114—115 (отр.). Датируется на основании писем П. И. Бирюкова от 11 мая и 2 июня 1886 г. (см. прим. 1), на которые отвечает Толстой.</bibl>
             </sourceDesc>
          </fileDesc>
          <encodingDesc>
             <tagsDecl> </tagsDecl>
          </encodingDesc>
          <profileDesc>
             <correspDesc>
                <correspAction type="sending">
                   <persName ref="PersonList.xml#L_N_Tolstoy">Л. Н. Толстой</persName>
                   <placeName ref="PlacesListxml#PLACE">Я. П.</placeName>
                   <date from="1886-06-04" to="1886-06-05">1886 г. Июня 4 — 5?</date>            </correspAction>
                <correspAction type="receiving">
                   <persName ref="PersonList.xml#RECEIVER">Бирюков Павел Иванович</persName>
                </correspAction>
                <correspContext>
                   <ref type="prev"></ref>
                </correspContext>
             </correspDesc>
          </profileDesc>
       </teiHeader>
       <xenoData><number type="in a volume">529</number></xenoData>

              <text xml:id="P__I__Biryukovu_529">
	<body><div>
		<opener index="false">
529. П. И. Бирюкову.
1886 г. Июня 4—5? Я. П.
</opener><p rend="left">Получилъ нынче ваше письмецо и тотчасъ же устыдившись написалъ Степанову.<note xml:id="note1" resp="volume_editor" index="false"> Петр Сергеевич Степанов (р. 1861?). Письмо Толстого П. С. Степанову неизвестно. Точными сведениями о Степанове редакция не располагает. Вот, что рассказывает о нем Бирюков Толстому в письме своем от 11 мая 1886 г.: «Возвратясь в склад, я нашел у себя записку от одной знакомой дамы учительницы, в которой она просит меня зайти к ней как можно скорее по неотложному делу. Я пошел в тот же вечер. Она рассказала мне следующее: Один знакомый ее, некто Степанов, служил на Варшавской ж. д., образования не высшего, кажется, не кончил гимназии. Был замечательно честный, исполнительный человек, способный, много читавший и знавший по своей охоте. Он прожил в Петербурге шесть лет и жизнь городская, и канцелярская работа до нельзя опротивела ему. По убеждениям он был социалист, но в революционных кружках не участвовал. Стал читать ваши сочинения, прочел «Исповедь», «Жизнь в городе и в деревне» и от этого ли, или от чего другого — отравился. По счастью он принял яду — сулемы — слишком много и рвота спасла его. Его привели в чувство, но он считает это временной остановкой. Один исход для жизни он видит в живой работе, какой бы то ни было, только вне города, где он считает себя погибшим. Знакомая моя просила меня помочь ему, спасти его. Что же я могу сделать? Он хотел ехать к вам, просить у вас какой-нибудь работы, заранее соглашаясь на всё, что вы ему прикажете. Но и на это он не решается. Хочет писать вам письмо и в нем просить вас спасти его. Я думаю, что напишет. Вчера он был у меня. Вид у него жалкий. Сила воли слаба до последней крайности. Он ищет человека, которому мог бы служить. Пока для него такой человек только вы. Я ему обещал только то, что напишу вам о нем и попрошу не оставить его письма без внимания. У него вид такой, что кажется он сейчас может убить себя и ему это так же легко, как выйти на улицу. Нет дела, нет ни малейшей привязанности к жизни. А судя по рассказу о том, каким он был — мог бы <hi style="opdelimiter">хорошо</hi><hi style="opnumber">364</hi> <hi style="npnumber">365</hi><hi style="npdelimiter">служить</hi> людям» (АТБ). В следующем письме — от 2 июня 1886 г. П. И. Бирюков напоминал Толстому о Степанове, прося Льва Николаевича ему ответить.</note> Трудно писать въ такихъ случаяхъ — трудно, п[отому] ч[то] нѣтъ любви и не вызывается она письмомъ. Что вы мало пишете? Какъ вамъ живется въ вашемъ — мнѣ представляется — одиночествѣ. — Чертковъ пишетъ, чтобъ я написалъ разрѣшеніе играть «Винокура».<note xml:id="note2" resp="volume_editor" index="false"> «Первый винокур» — комедия Толстого. Впервые была поставлена в рабочем театре на Фарфоровом заводе по Шлиссельбургскому тракту в Петербурге.</note> Я дѣлаю это на оборотѣ.<note xml:id="note3" resp="volume_editor" index="false"> Письмо Толстого написано на двух сторонах полулиста почтовой бумаги. Возможно Толстой, говоря здесь, что делает разрешение «на обороте», разумел оторванный полулист письма.</note> Мы живемъ хорошо и васъ любимъ.</p>
<p rend="right">Л. Толстой.</p>
<p rend="left">Кланяйтесь Сютаеву.<note xml:id="note4" resp="volume_editor" index="false"> Иван Васильевич Сютаев (р. 1856), крестьянин дер. Шевелино Новоторжского у. Тверской губ., младший сын Василия Кирилловича Сютаева; по взглядам своим был последователем своего отца; в 1877 г. отказался от военной службы и просидел за это несколько лет в разных местах заключения (между прочим в Шлиссельбургской крепости). <hi style="opdelimiter">В</hi><hi style="opnumber">365</hi> <hi style="npnumber">366</hi><hi style="npdelimiter">1885</hi> и начале 1886 г. работал в «Посреднике» при складе, исполняя должности артельщика, истопника и т. п. Автор воспоминаний о своем отце (см. ТЕ, 1913, стр. 26—36).</note> Что значить присылка коректуры статьи Бондарева?<note xml:id="note5" resp="volume_editor" index="false"> Вероятно, корректура набранной для «Русского богатства» статьи: «О нравственном значении земледельческого труда. Крестьянина Тимофея Бондарева», с предисловием от редакции. (Архив К. С. Шохор-Троцкого.) См. еще № 523.</note> Пропущена она или <hi style="opdelimiter">нѣтъ?</hi><hi style="opnumber">363</hi></p>
<p rend="left"><hi style="npnumber">364</hi><hi style="npdelimiter">Еще</hi> просьба большая, очень для меня важная: Есть житіе Даніила Ачинскаго<note xml:id="note6" resp="volume_editor" index="false"> Даниил Ачинский или Даниил Карнильев Делиенко (1784—1843), крестьянин местечка Новые Сенжары Кобелякского у. Полтавской г. В 1807 г. был взят в солдаты; был под Бородиным; в 1813—1815 гг. находился с русскими войсками в Париже. В 1823 г. судился «за принятое намерение удалиться вовсе от службы для пустынножительства и так как за всеми предпринимаемыми мерами и вразумлениями к продолжению службы остался непреклонным и притом показал, что лучше согласен получить смерть, нежели оставить свое намерение, — как упорствующий в своем мнении и нехотящий служить, выключен из воинского звания и назначен в ссылку в Нерчинск на работы в рудниках тамошних горных заводов». Каторгу отбывал на Боготольском винокуренном заводе; затем был освобожден; жил отшельником в г. Ачинске, отчего и получил наименование Ачинского. Умер в Енисейске. См. «Сказание о жизни и подвигах в бозе почившего старца Даниила, подвизавшегося в Сибирской стране в Енисейской губернии, в пределах города Ачинска». М. 1855 (выдержало ряд изданий).</note> (кажется). Это солдатъ 12-го года, фельдфебель, отказавшійся отъ службы и сосланный въ Сибирь, и тамъ жившій послѣ каторги на поселеніи, и по ночамъ работавший на другихъ. Я читалъ это житіе у себя. Есть при немъ даже картинка, изобр[ажающая] Даніила, и не могу найти и вспомнить, въ какой это книгѣ. Пожалуйста, найдите мнѣ это и пришлите. Это огромной важности историческое событіе. И тѣмъ особенно, что оно б[ыло] пропущено и госуд[арственной], и церк[овной] цензурой. Пожалуйста, пожалуйста. Мнѣ все хочется подбавить въ сборникъ.<note xml:id="note7" resp="volume_editor" index="false"> «Цветник».</note> И я написалъ одинъ разговоръ и еще есть двѣ штучки, к[оторыя] хочется написать.</p>
<comments><p rend="Textpetit_otstup left">Печатается по автографу, хранящемуся в БЛ. Впервые опубликовано А. К. Чертковой в ТЕ 1913, стр. 114—115 (отр.). Датируется на основании писем П. И. Бирюкова от 11 мая и 2 июня 1886 г. (см. прим. 1), на которые отвечает Толстой.</p>
<p rend="Textpetit_otstup left"><hi>1</hi> Петр Сергеевич Степанов (р. 1861?). Письмо Толстого П. С. Степанову неизвестно. Точными сведениями о Степанове редакция не располагает. Вот, что рассказывает о нем Бирюков Толстому в письме своем от 11 мая 1886 г.: «Возвратясь в склад, я нашел у себя записку от одной знакомой дамы учительницы, в которой она просит меня зайти к ней как можно скорее по неотложному делу. Я пошел в тот же вечер. Она рассказала мне следующее: Один знакомый ее, некто Степанов, служил на Варшавской ж. д., образования не высшего, кажется, не кончил гимназии. Был замечательно честный, исполнительный человек, способный, много читавший и знавший по своей охоте. Он прожил в Петербурге шесть лет и жизнь городская, и канцелярская работа до нельзя опротивела ему. По убеждениям он был социалист, но в революционных кружках не участвовал. Стал читать ваши сочинения, прочел «Исповедь», «Жизнь в городе и в деревне» и от этого ли, или от чего другого — отравился. По счастью он принял яду — сулемы — слишком много и рвота спасла его. Его привели в чувство, но он считает это временной остановкой. Один исход для жизни он видит в живой работе, какой бы то ни было, только вне города, где он считает себя погибшим. Знакомая моя просила меня помочь ему, спасти его. Что же я могу сделать? Он хотел ехать к вам, просить у вас какой-нибудь работы, заранее соглашаясь на всё, что вы ему прикажете. Но и на это он не решается. Хочет писать вам письмо и в нем просить вас спасти его. Я думаю, что напишет. Вчера он был у меня. Вид у него жалкий. Сила воли слаба до последней крайности. Он ищет человека, которому мог бы служить. Пока для него такой человек только вы. Я ему обещал только то, что напишу вам о нем и попрошу не оставить его письма без внимания. У него вид такой, что кажется он сейчас может убить себя и ему это так же легко, как выйти на улицу. Нет дела, нет ни малейшей привязанности к жизни. А судя по рассказу о том, каким он был — мог бы <hi style="opdelimiter">хорошо</hi><hi style="opnumber">364</hi> <hi style="npnumber">365</hi><hi style="npdelimiter">служить</hi> людям» (АТБ). В следующем письме — от 2 июня 1886 г. П. И. Бирюков напоминал Толстому о Степанове, прося Льва Николаевича ему ответить.</p>
<p rend="petit left">Письмо П. С. Степанова, вызвавшее ответ Толстого, сохранилось в АТБ. При письме адрес: «С.-Петербург, 7-я рота Измайловского полка, д. 10, кв. 12, Екатерине Александровне Сухачевой с передачей Петру Сергеевичу Степанову». На письме дата: «Май 14, 1886». Вот, что писал в нем Степанов: «Года четыре назад я был вызван в Питер, чтоб в одном из Управлений жел. дор. занять место по письменной части. Я приехал и скоро действительно мне такое место нашлось. Первые годы ничего: я свыкся, втянулся в эту жизнь и, матерьяльно обеспеченный, этим как будто бы довольствовался. Время шло. Однообразие занятия, неумение и недостаток характера, чтоб свободное от службы время отдавать какому-нибудь живому делу и невозможность иногда взяться, благодаря службе или просто какой-то трусости, за такое дело, а вследствие этого недостаток жизни, отчужденность ее, разлад полный между желанной и настоящей жизнью, постоянное благодаря этому недовольство, всё это привело меня, как приводит многих, к потребности пить. Вместе с желанием перемены жизни явилась апатия к моему сухому, канцелярскому делу. Работать начал только для того, чтобы иметь деньги на вино. Я бросил службу. Стоя теперь на распутьи дороги: к новой, более живой жизни или пьянству, значит — смерти, я человек молодой, еще желающий жить всеми силами души, хочу найти эту живую жизнь и не могу даже на путь к ней встать, так как во мне ни уверенности в своих силах, ни уменья.... Я возьмусь за всякое дело, где я могу прямо войти в среду людей, которым мог бы чем-нибудь помогать, чем-нибудь быть полезным, чтоб делая какое-нибудь дело, я или сознавал, или видал хорошие результаты этого дела, чтоб я мог хоть порядочным, елико возможно, честным отношением к делу способствовать насколько возможно хорошим результатам его. Я, проживший в городах все свои двадцать пять лет, мало знаю о делах вне их, о деле в лесу, поле, вообще о деревенском деле; но и не имея о нем понятия, я думаю, что при желании, — а оно у меня есть — я мог бы исполнять там посильную работу, так как в этой работе я вижу тоже новую свежую жизнь, которая, по крайней мере, введет меня в среду тоже новых мне людей и, как знать, может быть заставит меня принять образ этого нового, другого человека и тогда я найду желанную жизнь — единственно дела и мысли» (АТБ).</p>
<p rend="petit left"><hi>2</hi> «Первый винокур» — комедия Толстого. Впервые была поставлена в рабочем театре на Фарфоровом заводе по Шлиссельбургскому тракту в Петербурге.</p>
<p rend="petit left"><hi>3</hi> Письмо Толстого написано на двух сторонах полулиста почтовой бумаги. Возможно Толстой, говоря здесь, что делает разрешение «на обороте», разумел оторванный полулист письма.</p>
<p rend="petit left"><hi>4</hi> Иван Васильевич Сютаев (р. 1856), крестьянин дер. Шевелино Новоторжского у. Тверской губ., младший сын Василия Кирилловича Сютаева; по взглядам своим был последователем своего отца; в 1877 г. отказался от военной службы и просидел за это несколько лет в разных местах заключения (между прочим в Шлиссельбургской крепости). <hi style="opdelimiter">В</hi><hi style="opnumber">365</hi> <hi style="npnumber">366</hi><hi style="npdelimiter">1885</hi> и начале 1886 г. работал в «Посреднике» при складе, исполняя должности артельщика, истопника и т. п. Автор воспоминаний о своем отце (см. ТЕ, 1913, стр. 26—36).</p>
<p rend="petit left"><hi>5</hi> Вероятно, корректура набранной для «Русского богатства» статьи: «О нравственном значении земледельческого труда. Крестьянина Тимофея Бондарева», с предисловием от редакции. (Архив К. С. Шохор-Троцкого.) См. еще № 523.</p>
<p rend="petit left"><hi>6</hi> Даниил Ачинский или Даниил Карнильев Делиенко (1784—1843), крестьянин местечка Новые Сенжары Кобелякского у. Полтавской г. В 1807 г. был взят в солдаты; был под Бородиным; в 1813—1815 гг. находился с русскими войсками в Париже. В 1823 г. судился «за принятое намерение удалиться вовсе от службы для пустынножительства и так как за всеми предпринимаемыми мерами и вразумлениями к продолжению службы остался непреклонным и притом показал, что лучше согласен получить смерть, нежели оставить свое намерение, — как упорствующий в своем мнении и нехотящий служить, выключен из воинского звания и назначен в ссылку в Нерчинск на работы в рудниках тамошних горных заводов». Каторгу отбывал на Боготольском винокуренном заводе; затем был освобожден; жил отшельником в г. Ачинске, отчего и получил наименование Ачинского. Умер в Енисейске. См. «Сказание о жизни и подвигах в бозе почившего старца Даниила, подвизавшегося в Сибирской стране в Енисейской губернии, в пределах города Ачинска». М. 1855 (выдержало ряд изданий).</p>
<p rend="petit left"><hi>7</hi> «Цветник».</p>
</comments></div></body>
        </text>
        </TEI>