<?xml version="1.0" encoding="UTF-8"?>
    <!-- <?xml-stylesheet type="text/xsl" target="../resources/MJT/myletter.xsl"?> -->
    <?xml-stylesheet type="css" target="graves.css"?>
    <?xml-model target="http://www.tei-c.org/release/xml/tei/custom/schema/relaxng/tei_all.rng" type="application/xml" schematypens="http://relaxng.org/ns/structure/1.0"?>
    <?xml-model target="http://www.tei-c.org/release/xml/tei/custom/schema/relaxng/tei_all.rng" type="application/xml"
            schematypens="http://purl.oclc.org/dsdl/schematron"?>
    <TEI xmlns="http://www.tei-c.org/ns/1.0">
       <teiHeader>
          <fileDesc>
             <titleStmt>
                <title>Письмо №242. С. А. Толстой</title>
             </titleStmt>
             <publicationStmt>
                <publisher>TolstoyLab</publisher>
                <date when="2015-09-14">14 September 2015</date>
             </publicationStmt>
             <sourceDesc>
                <biblStruct>
                   <analytic>
                      <author>Толстой Л.Н.</author>
                   </analytic>
                   <monogr>
                      <title level="m">Полное собрание сочинений. Том 83</title>
                      <imprint>
                         <pubPlace>Москва</pubPlace>
                         <publisher>Государственное издательство "Художественная литература"</publisher>
                         <date when="1938"/>
                      </imprint>
                   </monogr>
                   <series>
                      <title level="s">Л.Н. Толстой. Полное собрание сочинений</title>
                      <biblScope unit="vol">83</biblScope>
                   </series>
                </biblStruct>
				<bibl>Печатается по автографу, хранящемуся в АТБ. Впервые опубликовано по копии, сделанной С. А. Толстой, в ПЖ, стр. 198—199. Датируется на основании почтовых штемпелей: «Бузулук. 23 июнь. 1883; Тула. 26 июнь. 1883» и пометы Толстого «понедельник», который падал на 20 июня 1883 г.</bibl>
             </sourceDesc>
          </fileDesc>
          <encodingDesc>
             <tagsDecl> </tagsDecl>
          </encodingDesc>
          <profileDesc>
             <correspDesc>
                <correspAction type="sending">
                   <persName ref="PersonList.xml#L_N_Tolstoy">Л. Н. Толстой</persName>
                   <placeName ref="PlacesListxml#PLACE">Самарский хутор.</placeName>
                   <date when="1883-06-20">1883 г. Июня 20.</date>            </correspAction>
                <correspAction type="receiving">
                   <persName ref="PersonList.xml#RECEIVER">Толстая Софья Андреевна</persName>
                </correspAction>
                <correspContext>
                   <ref type="prev"></ref>
                </correspContext>
             </correspDesc>
          </profileDesc>
       </teiHeader>
       <xenoData><number type="in a volume">242</number></xenoData>

       <text xml:id="a20_242">
	<body><div>
		<opener index="false">
242.
1883 г. Июня 20. Самарский хутор.</opener>
<p rend="right">Понедѣльникъ — вечеръ.</p>
<p rend="left">Сережа завтра ѣдетъ и свезетъ это письмо, въ Самару. Самъ онъ ѣдетъ на пароходѣ съ четой Богоявленскихъ и съ Ив[аномъ] Мих[айловичемъ]. — Послѣднее письмо мое къ тебѣ у меня на сердцѣ. Можетъ быть, я былъ въ дурномъ расположеніи духа, когда писалъ. Во всякомъ случаѣ не сердись на меня и не скучай, если только у тебя все хорошо. Совсѣмъ хорошо съ такой большой семьей не можетъ быть всегда; но если нѣтъ особенно дурнаго. Послѣднія письма твои<note xml:id="note1" resp="volume_editor" index="false"> Вероятно имеется в виду письмо от 12 июня.</note> успокоили меня насчетъ коклюша. Но справедливо ли? — Я все время былъ очень здоровъ; но вчера разстроился желудкомъ, и нынче опять поправился — безъ всякихъ лекарствъ. Скучно мнѣ безъ тебя и всѣхъ нашихъ — мочи нѣтъ; но потративъ уже столько времени, надо кончить, и потому пробуду всѣ 5 недѣль, т. е. выѣду, если буду живъ, во вторникъ, т.-е. 28, если не ошибаюсь. Сокращаетъ мнѣ здѣсь время — работа землемѣрства и хозяйство; и какъ разъ къ этому же времени и дѣла всѣ кончу. Работа землемѣрства немного отрывала меня отъ правильнаго питья кумыса, и ужъ очень я изжегся на солнцѣ, такъ что весь луплюсь; но эту послѣднюю недѣлю хочу себя<note xml:id="note2" resp="volume_editor" index="false"> <hi>В подлиннике:</hi> себѣ.</note> беречь. — Несмотря на скуку, впечатлѣній я получилъ пропасть; но именно впечатлѣній, а не мыслей. Мыслей нѣтъ. И не скажу, чтобы безъ нихъ было хорошо. Чувствуешь себя глупымъ и дряннымъ. — Желаешь себѣ всего получше и боишься смерти и болѣзни, А это все дурно. — Письмо это вѣроятно ты получишь незадолго до моего пріѣзда и вмѣстѣ съ Сережей. Онъ хоть плохой разсказчикъ, все таки разскажетъ все про меня и нашихъ жителей, кот[орые], я знаю, тебя тревожатъ — напрасно. Народъ все добрый, но для <hi style="opdelimiter">меня</hi><hi style="opnumber">393</hi> <hi style="npnumber">394</hi><hi style="npdelimiter">совсѣмъ</hi> неинтересный. Все ихъ міросозерцаніе мнѣ давно знакомо.</p>
<p rend="left">Хотѣлъ я съ Сережей послать въ Москву деньги, чтобы заплатить проценты за домъ. Да не помню срокъ, количество и боюсь ему поручить. —</p>
<p rend="left">Денегъ я привезу, вѣроятно около 1000 рублей съ собою. Тогда пошлемъ. —</p>
<p rend="left">Посылаю съ Сережей человѣка до Самары, чтобы онъ привезъ мнѣ твои письма, и съ большимъ волненіемъ буду ждать ихъ въ четвергъ. —</p>
<p rend="left">Лошадей Сухотинскихъ и своихъ нѣсколько все не успѣваю отправить. Должно быть, отправлю на этой недѣлѣ. —</p>
<p rend="left">Прощай, душенька. Слишкомъ много хочется сказать, отъ этого не пишу. Цѣлую всѣхъ. Напишу еще по полученіи твоихъ. — Обнимаю те[бя].</p>
<lb/>
<p rend="left"><hi>На конверте:</hi> Тула. Графинѣ Софьѣ Андревнѣ Толстой.</p>
<comments><p rend="Textpetit_otstup left">Печатается по автографу, хранящемуся в АТБ. Впервые опубликовано по копии, сделанной С. А. Толстой, в ПЖ, стр. 198—199. Датируется на основании почтовых штемпелей: «Бузулук. 23 июнь. 1883; Тула. 26 июнь. 1883» и пометы Толстого «понедельник», который падал на 20 июня 1883 г.</p>
<p rend="Textpetit_otstup left"><hi>1</hi> Вероятно имеется в виду письмо от 12 июня.</p>
<p rend="petit left"><hi>2</hi> <hi>В подлиннике:</hi> себѣ.</p>
</comments></div></body>
        </text>
        </TEI>