<?xml version="1.0" encoding="UTF-8"?>
    <!-- <?xml-stylesheet type="text/xsl" target="../resources/MJT/myletter.xsl"?> -->
    <?xml-stylesheet type="css" target="graves.css"?>
    <?xml-model target="http://www.tei-c.org/release/xml/tei/custom/schema/relaxng/tei_all.rng" type="application/xml" schematypens="http://relaxng.org/ns/structure/1.0"?>
    <?xml-model target="http://www.tei-c.org/release/xml/tei/custom/schema/relaxng/tei_all.rng" type="application/xml"
            schematypens="http://purl.oclc.org/dsdl/schematron"?>
    <TEI xmlns="http://www.tei-c.org/ns/1.0">
       <teiHeader>
          <fileDesc>
             <titleStmt>
                <title>Письмо №341. П. И. Бирюкову.</title>
             </titleStmt>
             <publicationStmt>
                <publisher>TolstoyLab</publisher>
                <date when="2015-09-14">14 September 2015</date>
             </publicationStmt>
             <sourceDesc>
                <biblStruct>
                   <analytic>
                      <author>Толстой Л.Н.</author>
                   </analytic>
                   <monogr>
                      <title level="m">Полное собрание сочинений. Том 63</title>
                      <imprint>
                         <pubPlace>Москва</pubPlace>
                         <publisher>Государственное издательство "Художественная литература"</publisher>
                         <date when="1934"/>
                      </imprint>
                   </monogr>
                   <series>
                      <title level="s">Л.Н. Толстой. Полное собрание сочинений</title>
                      <biblScope unit="vol">63</biblScope>
                   </series>
                </biblStruct>
				<bibl>Печатается по автографу, хранящемуся в БЛ. Впервые опубликовано в Б, II, изд. 3, стр. 566—567. Датируется на основании письма П. И. Бирюкова от 3 апреля 1885 г., на которое отвечает Толстой (см. прим. 1 к настоящему письму).</bibl>
             </sourceDesc>
          </fileDesc>
          <encodingDesc>
             <tagsDecl> </tagsDecl>
          </encodingDesc>
          <profileDesc>
             <correspDesc>
                <correspAction type="sending">
                   <persName ref="PersonList.xml#L_N_Tolstoy">Л. Н. Толстой</persName>
                   <placeName ref="PlacesListxml#PLACE">Москва.</placeName>
                   <date from="1885-04-05" to="1885-04-06">1885 г. Апреля 5 — 6?</date>            </correspAction>
                <correspAction type="receiving">
                   <persName ref="PersonList.xml#RECEIVER">Бирюков Павел Иванович</persName>
                </correspAction>
                <correspContext>
                   <ref type="prev"></ref>
                </correspContext>
             </correspDesc>
          </profileDesc>
       </teiHeader>
       <xenoData><number type="in a volume">341</number></xenoData>

              <text xml:id="P__I__Biryukovu_341">
	<body><div>
		<opener index="false">
341. П. И. Бирюкову.
1885 г. Апреля 5—6? Москва.
</opener><p rend="left">Большое спасибо вамъ, милый Павелъ Ивановичъ, за ваше посѣщеніе Грибовскаго<note xml:id="note1" resp="volume_editor" index="false"> Вячеслав Михайлович Грибовский. О нем см. в прим. к письму № 881. П. И. Бирюков посещал В. М. Грибовского по выходе его из больницы для душевно-больных. Об этом посещении П. И. Бирюков писал Толстому в письме от 3 апреля 1885 г.: «Сегодня был у Грибовского, того гимназиста, что писал Вам письмо. Человек этот меня заинтересовал и вызвал во мне симпатию, так что я намерен продолжать с ним знакомство. Быть может после еще напишу Вам что-нибудь о нем, теперь же передам свои первые впечатления, легко может быть и ошибочные. Я увидел очень молодого человека, восемнадцати-летнего гимназиста. Сообщил ему Ваш совет и даже просьбу не приезжать к Вам, как умел изложил доводы, побудившие Вас дать такой ответ. Он принял мои слова довольно спокойно. Затем я предложил ему прочесть Ваши последние сочинения, мы заговорили о них: заговорили о христианстве и вскоре зашли в те дремучие леса социальных вопросов, из которых Вы нашли уже выход и зовете нас, а мы слышим Вас, но всё еще путаемся и не можем набрести на дорогу.... «Я много размышлял, — говорил он мне, — о вопросах религии и нравственности и после многих колебаний пришел к тому, что истина в христианстве, и решился объявить себя христианином. Вместе с этим, не знаю почему, во мне укоренилось убеждение, что мне осталось не долго жить, что я скоро умру; а если так, говорил я себе, то неужели мне в эти немногие дни следует продолжать хитрить и скрытничать, стоит ли? Нет, я должен всем и каждому в глаза говорить одну правду, не боясь никаких притеснений. Как Вам известно, у нас в гимназии правда не уважается, много творится зла и несправедливости. Мне, как решившемуся говорить правду, пришлось противиться многому, и дело дошло до моего разговора с директором. Я сказал ему, что он имеет надо мною власть сделать со мной всё что хочет, что я не в силах сопротивляться ему, но тем не менее считаю себя обязанным высказать и ему правду в глаза и быть может принести ему какую-нибудь пользу. После этого разговора меня стали свидетельствовать разные доктора и наконец свезли к профессору Мержеевскому. Тот начал расспрашивать меня и навел на то, что я ему очень последовательно изложил свои взгляды на жизнь. Он сказал мне, что я теперь нахожусь в очень возбужденном состоянии, что мне нужно успокоиться, и что он предлагает мне поместиться в уединении, в больнице, где-то на станции Ланской, по Финляндской железной дороге, где меня никто не будет беспокоить. Я отвечал, что мне решительно всё равно, где бы ни находиться, готов даже итти в больницу, лишь бы меня не считали сумасшедшим. Таким образом я согласился на его предложение, но вместо того, чтобы поместить меня в ту больницу, о которой он говорил, меня отправили в больницу Св. Николая — для душевно-больных. Меня стали лечить, или вернее мучить и так как я часто сопротивлялся разным безобразным требованиям, то ко мне стали относиться строже, а когда я, не дослушав какой-то увещательной речи старого доктора, быстро повернулся и ушел от него, меня сочли уже «бессознательным», повалили на пол, связали и заключили в особую комнату. В этой комнате стояла отвратительно грязная постель с клопами и другими животными, с грязным бельем, на котором оставались еще следы слабости прежнего больного, пользовавшегося этим помещением. <hi style="opdelimiter">Кормили</hi><hi style="opnumber">231</hi> <hi style="npnumber">232</hi><hi style="npdelimiter">меня</hi> чем-то таким, чего есть я был не в состоянии. Мне угрожали сумасшедшей рубашкой и довели наконец до того, что я смирился и стал просить, чтоб меня выпустили, заранее согласившись на всё. Мою участь немного облегчили, но всё еще считали меня больным. Наконец отдали меня на руки моим родителям, которых также уверили, что я болен. Меня отвезли в деревню, но и тамошняя жизнь, почти в одиночестве, показалась мне не менее тяжелою....и так я промаялся до возвращения моего в гимназию, где мне сохранили вакансию» (АТБ).</note> и за ваше письмо — такое обстоятельное и ясное. — Если онъ сумашедшій, то не мнѣ судить объ его сумашествіи, п[отому] ч[то] я давно уже такой же сумашедшій на 6-мъ десяткѣ. А на 2-мъ десяткѣ, какъ онъ, я давно бы сидѣлъ въ одномъ изъ этихъ вертеповъ, к[оторые] называются больницами. — Пожалуйста, сходите къ Мѣдведскому<note xml:id="note2" resp="volume_editor" index="false"> Медведский — товарищ Грибовского по гимназии.</note> и передайте ему свое и мое — по письму Гр[ибовскаго] и по вашему — впечатлѣніе.</p>
<p rend="left">Мнѣ очень интересны взгляды Грибовскаго. Если вы еще увидите его, и онъ выскажетъ ихъ вамъ, сообщите мнѣ въ общихъ чертахъ. Если онъ считаетъ христіанство истиной, то мы должны совпадать.</p>
<p rend="left">Очень, очень вамъ благодаренъ и радуюсь общенію съ вами.</p>
<p rend="right">Л. Толстой.</p>
<comments><p rend="Textpetit_otstup left">Печатается по автографу, хранящемуся в БЛ. Впервые опубликовано в Б, II, изд. 3, стр. 566—567. Датируется на основании письма П. И. Бирюкова от 3 апреля 1885 г., на которое отвечает Толстой (см. прим. 1 к настоящему письму).</p>
<p rend="petit left">Павел Иванович Бирюков (р. 16 ноября 1860 г. — ум. 10 октября 1931 г.) — биограф Толстого, его друг и один из первых единомышленников. Воспитывался в Пажеском корпусе (1872—1879 гг.); затем перешел в Морское училище. По окончании отправился в кругосветное плавание гардемарином на фрегате «Герцог Эдинбургский». В конце 1870-х годов сопровождал великого князя Константина Константиновича в его путешествии в Палестину. По возвращении поступил в Морскую академию, которую окончил в 1884 г. Зимой 1883—1884 гг. познакомился с В. Г. Чертковым, а 21 ноября 1884 г. через посредство В. Г. Черткова познакомился с Толстым. Был одним из основателей (вместе с В. Г. Чертковым) народного издательства «Посредник». С 1886 до 1888 г. был главным его руководителем (за отходом от этого дела В. Г. Черткова). В конце 1888 г. уехал в имение своих родителей в Костромскую губернию с решением совсем порвать с городом, поселиться в деревне и работать на земле. Годы 1889—1890 почти целиком провел в Костромской губернии. В августе 1891 г. уехал за границу в Женеву, где печатал «Соединение, перевод и исследование 4-х Евангелий» Толстого. В начале 1892 г. вернулся в Россию; до августа 1893 г. работал с Л. Л. Толстым на голоде в Бузулукском уезде, Самарской губернии. По возвращении опять работал в «Посреднике», главная контора которого в то время была переведена в Москву. В 1897 г. (в феврале) за составление (вместе с В. Г. Чертковым и И. <hi style="opdelimiter">М.</hi><hi style="opnumber">227</hi></p>
<p rend="petit left"><hi style="npnumber">228</hi><hi style="npdelimiter">Трегубовым)</hi> воззвания «Помогите» (о помощи гонимым в то время царским правительством духоборцам) был выслан на пять лет под гласный надзор полиции в г. Бауск, Курляндской губернии. В феврале 1898 г. ему было разрешено переселиться за границу. До сентября 1898 г. жил вместе с Чертковыми в Англии в Эссексе (близ Лондона). Вместе с В. Г. Чертковым напечатал два сборника «Свободного слова», вышедших под его редакцией. С сентября по ноябрь 1898 г. (включительно) провел на Кипре, помогая переселившимся из России духоборам. Годы 1899—1904 провел в Швейцарии, близ Женевы, купив себе небольшой домик и работая на земле. В 1899 г. начал издавать журнал «Свободная мысль». С начала 1900-х годов был занят составлением «Биографии Л. Н. Толстого». В конце 1904 г. получил разрешение вернуться в Россию. В январе 1905 г. приезжал в Россию, был в Ясной поляне, после чего опять уехал в Женеву. Вернулся в Россию лишь в июле 1907 года, поселившись в Костроме, где одно время работал в земстве. В 1912—1913 гг. занят был работой над изданием собрания сочинений Л. Н. Толстого, вышедшего в двадцати томах (изд. И. Д. Сытина. Под редакцией и с примечаниями П. И. Бирюкова. М. 1912—1913) и в двадцати четырех («Библиотека Русского слова» изд. И. Д. Сытина М. 1913). Годы 1914—1917 провел в Швейцарии, работая над окончанием «Биографии Толстого». В 1918 г. вернулся в Россию. Последние годы жил в Москве. В конце 1927 г. уехал в Канаду, где жил среди духоборцев. Умер в Швейцарии.</p>
<p rend="petit left">За время своего знакомства с Толстым П. И. Бирюков был частым гостем у Толстых и в Москве, и в Ясной поляне.</p>
<p rend="petit left">Женат был П. И. Бирюков с января 1899 г. на Павле Николаевне Шараповой (р. 10 февраля 1867 г.).</p>
<p rend="petit left">Одним из главных трудов П. И. Бирюкова является его «Биография Л. Н. Толстого», вышедшая в четырех томах и выдержавшая несколько изданий: I том — 1-е изд. М. 1906 («Посредник»); 2-е изд. М. 1911 («Посредник»); 3-е изд. Берлин 1921 (Ладыжников); 4-е изд. М. 1923 (Госиздат). II том — 1-е изд. М. 1908 («Посредник»); 2-е изд. М. 1913 («Посредник»); 3-е изд. Берлин 1921 (Ладыжников); 4-е изд. М. 1923 (Госиздат). ІІІ том — 1-е изд. Берлин 1921 (Ладыжников); 2-е изд. М. 1922 (Госиздат); IV том — 1-е изд. М. 1923 (Госиздат).</p>
<p rend="petit left">Помимо этого Бирюковым написано о Толстом: «Всемирное значение Л. Н. Толстого» — «Истинная свобода» 1920, 4, стр. 12—24; «Из переписки Михаила Сергеевича Башилова с Л. Н. Толстым» — «Голос минувшего» 1913, 9, стр. 265—270; «Как Лев Николаевич Толстой составлял народный календарь» — «Всеобщий ежемесячник» 1911, ноябрь, стр. 4—10; «Л. Н. Толстой о Наполеоне I» — «Голос минувшего» 1913, 1, стр. 171—173; «К 70-летию Л. Н. Толстого» — «Свободное слово», период. сбор. 1899, 2, стр. 10—21; «Л. Н. Толстой и Вильям Фрей» — «Минувшие годы» 1908, 9, стр. 69—91; «Несколько фактов из деятельности администрации» — «Свободное слово» 1898, I, стр. 175—176; «Об анархизме» — «Свободное слово» 1901, I, стр. 5—7; «Толстой художник» — «Зарница» 1925, 6, стр. 2—4; «Мои два греха» — ТП, 3, М. 1923 и др.</p>
<p rend="petit left">На французском языке: «A la mémoire de Léon Tolstoï» — «La Revue mensuelle» 1916, 174, 179—189; 175, 207—210; 176, <hi style="opdelimiter">241—243;</hi><hi style="opnumber">228</hi> <hi style="npnumber">229</hi><hi style="npdelimiter">«Léon</hi> Tolstoï. Vie et Oeuvres, Mémoires, souvenirs, lettres, extraits du journal intime, notes et documents biographiques, réunis, coordonnés et annotés par P. Birukov, revisés par Léon Tolstoï sur le manuscript par I. W. Bienstock. Avec de nombreuses gravures», т. I и II. Paris. Société du Mercure de FrancЕ. 1906; «Les idées dominantes de la philosophie de Tolstoï. Extrait des Comptes rendus du II-me Congrès intern, de Philosophie» 1904. GenèvЕ. Henry Kündig éditeur. 335—342; «Paroles de Tolstoï. (Colonies agricoles d’intellectuels Tolstoyens.) Correspondance inédite de Léon Tolstoï avec ses amis». Lausanne, s. d.; «Les Tolstoïens à l’oeuvre en Russie» — «La Nation» 1917, 12, 6; 20, 3; 27, 7; «Tolstoï et la guerre» — «La Revue romane» 1918, 4, 5—7; «Tolstoï et la revolution russe» — «Les tablettes» 1917, 9, 2—3; «Wladimir Soloviev et ses rapports avec Léon Tolstoï. Souvenirs personnels» — «La Russie libre» 1917, 2, 299—304; 1918, 4, 299 —304. На английском языке: «The Tolstoy exhibition» — «The Russian Review» 1912, 4, 89—94; «Leo Tolstoy. His Life and Work» London. 1906; «The Life of Tolstoy. Translated from the Russian» London — New-York. 1911; «Preface Tolstoi’s love letters». 1923. На болгарском: «Всесветското значение на Л. Н. Толстой». Преведе И. Цанев — «Възраждане». 1921, 3, стр. 81—89. 4, стр. 106—111. Кроме того на немецком языке под его редакцией напечатаны книги: «Tolstoi und der Orient: Briefe und sonstige Zeugnisse über Tolstois Beziehungen zu den orientalischen Religionen von Paul Birukoff» Rotapfel-Verlag, Zürich und Leipzig. 1926; «Vater und Tochter. Tolstois Briefwechsel mit seiner Tochter MariЕ. Herausgegeben von Paul Birukoff» Rotapfel-Verlag. Zürich-Leipzig. S. d. и др.</p>
<p rend="petit left">Воспитанный в духе православной религии, в годы своей юности П. И. Бирюков был искренно верующим человеком. В своих «Воспоминаниях» (еще не напечатанных) он говорит: «Православие мое было не только внешним религиозным культом, оно проникало мою совесть, а нравственные вопросы я строго взвешивал и решал под руководством лучших представителей православия». Но уже в те годы это критическое отношение к вопросам жизни не могло не сказаться на характере его верований и не породить невольные разногласия с учением православной церкви. Еще в Морском училище он вместе со своим товарищем по школе Б. Голицыным пришел к заключению, что военная служба не совместима с исповеданием христианского учения. Это было в 1877—1878 гг. Правда, они оба после этого не вышли из Морского военного училища, благополучно окончили его, и Бирюков отправился в дальнее плавание, но толчок в сознании был дан и создавшееся противоречие должно было рано или поздно дать себя почувствовать. «Военно-морская дисциплина (пишет П. И. Бирюков по этому поводу) и вся организация военного флота не изменили моего сознания, я чувствовал, что я уже не служака, и искал случая оставить службу. При первой возможности я списался с фрегата и вернулся в Россию раньше времени, т. е. не окончив кругосветного плавания, и поступил в Морскую академию, чтобы не быть в строю» (П. И. Бирюков, «Воспоминания», стр. 8. Не напечатано). — Таково было его настроение до знакомства его с Толстым. О том же, какое влияние имел на него Толстой, мы читаем в его «Воспоминаниях»: «Чтение религиозных сочинений Толстого, прежде всего «Исповеди» и «В чем <hi style="opdelimiter">моя</hi><hi style="opnumber">229</hi> <hi style="npnumber">230</hi><hi style="npdelimiter">вера»,</hi> сразу захватило меня и поставило жизнь мою на новые рельсы. Вместе с тем эти единственные в своем роде сочинения перекинули мост через бездну, перед которой я стоял в душевном трепете, и дали мне возможность продолжать путь жизни. Они подвели новое прочное основание под колебавшееся здание моей духовной жизни. Они признавали критерием разум и требовали высшей нравственной жизни на основании этого разума; проявление его в жизни совершалось посредством любви, и любовь, и разум были проявлениями бога, не мистического и не догматического, а неизбежного источника разумно-любовной жизни. Все сомнения рассеивались, все противоречия сглаживались. Суеверия отпадали, а новые разумно религиозные основы давали прочную опору нравственности и жизнь получала разумный смысл. Не могу описать того радостного и вместе робкого чувства, когда я стал сознавать, что учение Христа — это одно, а то, что исповедуется под этим именем не только православною церковью, но всем миром — это другое. И что то самое, что я больше всего ценил в той вере, в которой я был воспитан, это-то и есть учение Христа; а то, что смущало меня, что я с болью в сердце, но неизбежно, по требованию разума, должен был оторвать от себя — то всё было делом рук человеческих, и потому подлежало изменению. Я понял тогда, что индиферентизм людей, окружавших меня в юности, происходил именно от того, что они не признавали этой сущности учения Христа за основу жизни, не зная и не понимая ее, а без этой сущности церковное учение всякому человеку, вышедшему из бессознательного состояния, не могло казаться ничем иным, как кучей старого ненужного хлама» (стр. 17—18).</p>
<p rend="petit left">Интересно в этом отношении также и описание П. И. Бирюковым его первого посещения Толстого. Вот, что он пишет по этому поводу:</p>
<p rend="petit left">«Трудно выразить словами то волнение, которое я испытал, увидав в первый раз великого художника и пророка, окруженного в моем юношеском воображении каким-то необыкновенным ореолом. Вместо этого ореола я встретил доброго, приветливого, простого старика или вернее пожилого человека, так как в этот момент Льву Николаевичу было только пятьдесят шесть лет и седина еще только пробивалась в его волосах. Вся обстановка его жизни, его семьи дышала радушием и простотой и среди этой простоты ощущался пульс огромной духовной силы, передаваемой выражением лица, особенно взгляда Льва Николаевича. Этот обмен наших взглядов, слов и мыслей, совершившийся в этот знаменательный в моей жизни вечер, навсегда закрепил наши отношения и я, тогда еще морской офицер, стал его единомышленником — не по теории, а по чувству, и это чувство любви привело меня вскоре и к полному единомыслию. Мне хотелось бы выразить здесь ту мысль, что мое единомыслие со Львом Николаевичем не явилось результатом теоретических изысканий; произошло некоторое органическое совпадение, которое уже не могло более распасться, несмотря на целый ряд враждебных сил, стремившихся нас разъединить и теперь старающихся показать, что между мной и Львом Николаевичем существует какое-то разъединение. Я очень благодарен тем людям, которые зaпoдозревают меня в этом, они дают мне только повод проверить себя и укрепить мою связь с источником истины, которую я исповедую» («Воспоминания», стр. <hi style="opdelimiter">22—23).</hi><hi style="opnumber">230</hi></p>
<p rend="Textpetit_otstup left"><hi>1</hi> Вячеслав Михайлович Грибовский. О нем см. в прим. к письму № 881. П. И. Бирюков посещал В. М. Грибовского по выходе его из больницы для душевно-больных. Об этом посещении П. И. Бирюков писал Толстому в письме от 3 апреля 1885 г.: «Сегодня был у Грибовского, того гимназиста, что писал Вам письмо. Человек этот меня заинтересовал и вызвал во мне симпатию, так что я намерен продолжать с ним знакомство. Быть может после еще напишу Вам что-нибудь о нем, теперь же передам свои первые впечатления, легко может быть и ошибочные. Я увидел очень молодого человека, восемнадцати-летнего гимназиста. Сообщил ему Ваш совет и даже просьбу не приезжать к Вам, как умел изложил доводы, побудившие Вас дать такой ответ. Он принял мои слова довольно спокойно. Затем я предложил ему прочесть Ваши последние сочинения, мы заговорили о них: заговорили о христианстве и вскоре зашли в те дремучие леса социальных вопросов, из которых Вы нашли уже выход и зовете нас, а мы слышим Вас, но всё еще путаемся и не можем набрести на дорогу.... «Я много размышлял, — говорил он мне, — о вопросах религии и нравственности и после многих колебаний пришел к тому, что истина в христианстве, и решился объявить себя христианином. Вместе с этим, не знаю почему, во мне укоренилось убеждение, что мне осталось не долго жить, что я скоро умру; а если так, говорил я себе, то неужели мне в эти немногие дни следует продолжать хитрить и скрытничать, стоит ли? Нет, я должен всем и каждому в глаза говорить одну правду, не боясь никаких притеснений. Как Вам известно, у нас в гимназии правда не уважается, много творится зла и несправедливости. Мне, как решившемуся говорить правду, пришлось противиться многому, и дело дошло до моего разговора с директором. Я сказал ему, что он имеет надо мною власть сделать со мной всё что хочет, что я не в силах сопротивляться ему, но тем не менее считаю себя обязанным высказать и ему правду в глаза и быть может принести ему какую-нибудь пользу. После этого разговора меня стали свидетельствовать разные доктора и наконец свезли к профессору Мержеевскому. Тот начал расспрашивать меня и навел на то, что я ему очень последовательно изложил свои взгляды на жизнь. Он сказал мне, что я теперь нахожусь в очень возбужденном состоянии, что мне нужно успокоиться, и что он предлагает мне поместиться в уединении, в больнице, где-то на станции Ланской, по Финляндской железной дороге, где меня никто не будет беспокоить. Я отвечал, что мне решительно всё равно, где бы ни находиться, готов даже итти в больницу, лишь бы меня не считали сумасшедшим. Таким образом я согласился на его предложение, но вместо того, чтобы поместить меня в ту больницу, о которой он говорил, меня отправили в больницу Св. Николая — для душевно-больных. Меня стали лечить, или вернее мучить и так как я часто сопротивлялся разным безобразным требованиям, то ко мне стали относиться строже, а когда я, не дослушав какой-то увещательной речи старого доктора, быстро повернулся и ушел от него, меня сочли уже «бессознательным», повалили на пол, связали и заключили в особую комнату. В этой комнате стояла отвратительно грязная постель с клопами и другими животными, с грязным бельем, на котором оставались еще следы слабости прежнего больного, пользовавшегося этим помещением. <hi style="opdelimiter">Кормили</hi><hi style="opnumber">231</hi> <hi style="npnumber">232</hi><hi style="npdelimiter">меня</hi> чем-то таким, чего есть я был не в состоянии. Мне угрожали сумасшедшей рубашкой и довели наконец до того, что я смирился и стал просить, чтоб меня выпустили, заранее согласившись на всё. Мою участь немного облегчили, но всё еще считали меня больным. Наконец отдали меня на руки моим родителям, которых также уверили, что я болен. Меня отвезли в деревню, но и тамошняя жизнь, почти в одиночестве, показалась мне не менее тяжелою....и так я промаялся до возвращения моего в гимназию, где мне сохранили вакансию» (АТБ).</p>
<p rend="petit left"><hi>2</hi> Медведский — товарищ Грибовского по гимназии.</p>
</comments></div></body>
        </text>
        </TEI>