<?xml version="1.0" encoding="UTF-8"?>
    <!-- <?xml-stylesheet type="text/xsl" target="../resources/MJT/myletter.xsl"?> -->
    <?xml-stylesheet type="css" target="graves.css"?>
    <?xml-model target="http://www.tei-c.org/release/xml/tei/custom/schema/relaxng/tei_all.rng" type="application/xml" schematypens="http://relaxng.org/ns/structure/1.0"?>
    <?xml-model target="http://www.tei-c.org/release/xml/tei/custom/schema/relaxng/tei_all.rng" type="application/xml"
            schematypens="http://purl.oclc.org/dsdl/schematron"?>
    <TEI xmlns="http://www.tei-c.org/ns/1.0">
       <teiHeader>
          <fileDesc>
             <titleStmt>
                <title>Письмо №222. С. А. Толстой</title>
             </titleStmt>
             <publicationStmt>
                <publisher>TolstoyLab</publisher>
                <date when="2015-09-14">14 September 2015</date>
             </publicationStmt>
             <sourceDesc>
                <biblStruct>
                   <analytic>
                      <author>Толстой Л.Н.</author>
                   </analytic>
                   <monogr>
                      <title level="m">Полное собрание сочинений. Том 83</title>
                      <imprint>
                         <pubPlace>Москва</pubPlace>
                         <publisher>Государственное издательство "Художественная литература"</publisher>
                         <date when="1938"/>
                      </imprint>
                   </monogr>
                   <series>
                      <title level="s">Л.Н. Толстой. Полное собрание сочинений</title>
                      <biblScope unit="vol">83</biblScope>
                   </series>
                </biblStruct>
             </sourceDesc>
          </fileDesc>
          <encodingDesc>
             <tagsDecl> </tagsDecl>
          </encodingDesc>
          <profileDesc>
             <correspDesc>
                <correspAction type="sending">
                   <persName ref="PersonList.xml#L_N_Tolstoy">Л. Н. Толстой</persName>
                   <placeName ref="PlacesListxml#PLACE">Москва.</placeName>
                   <date when="1882-09-19">1882 г. Сентября 19.</date>            </correspAction>
                <correspAction type="receiving">
                   <persName ref="PersonList.xml#RECEIVER">Толстая Софья Андреевна</persName>
                </correspAction>
                <correspContext>
                   <ref type="prev"></ref>
                </correspContext>
             </correspDesc>
          </profileDesc>
       </teiHeader>
       <xenoData><number type="in a volume">222</number></xenoData>

       <text xml:id="a19_222">
	<body><div>
		<opener index="false">
222.
1882 г. Сентября 19. Москва.</opener>
<p rend="right"><hi>Воскресенье утро.</hi></p>
<p rend="left">Я писалъ тебѣ вчера о пріѣздѣ Ильи; но послалъ письмо послѣ 12-и и потому это и вчерашнее придутъ вмѣстѣ. Пишу, п[отому] ч[то] Илья хотѣлъ написать, и ему готова бумага и конвертъ, но онъ спитъ. Вчера я цѣлый день ходилъ, искалъ мебель, пролетку. Пролетку, сбрую и кучерское, вѣроятно, куплю нынче за 400 р[ублей]. Очень хороша пролетка у того же Вышеславцева, стоила 500 р[ублей] и совсѣмъ новая.</p>
<p rend="left">Нынче только перевозилъ мебель. Сергѣй<note xml:id="note1" resp="volume_editor" index="false"> Сергей Петрович Арбузов, слуга Толстого.</note> ушелъ въ Волк[онскій] домъ, а я здѣсь буду принимать и ставить. Все это дѣлать мнѣ скорѣе весело, только бы ты похвалила. Вчера обѣдали дома, великолѣпно на скатерти. Было насъ 5 персонъ и 5 блюдъ: щи, каша, котлеты, фасоль и варенье. — Вечеромъ пришелъ Орловъ,<note xml:id="note2" resp="volume_editor" index="false"> Владимир Федорович Орлов.</note> но увидалъ въ 10-мъ часу, что мнѣ очень спать хочется, и ушелъ, а мы легли спать. Я заснулъ въ 11 и всталъ нынче въ 7. Сережа, Леля встали, а Илья спитъ. Я его сейчасъ разбужу. У Олсуфьевыхъ Таня<note xml:id="note3" resp="volume_editor" index="false"> Татьяна Васильевна, дочь Василия Александровича Олсуфьева.</note> и Анны<note xml:id="note4" resp="volume_editor" index="false"> Анна Васильевна, дочь Василия Александровича Олсуфьева, замужем зa художником Левицким, двоюродным племянником А. И. Герцена.</note> больны лежатъ, — похоже на тифъ.</p>
<p rend="left">Мы не ходимъ. —</p>
<p rend="left">Илья такъ спитъ, что жалко будить. Посылаю письмо. Онъ въ хорошемъ настроеніи. —</p>
<p rend="left">Если ничего не измѣнится, я пріѣду завтра съ Лелей.</p>
<lb/>
<p rend="left"><hi>На конверте:</hi> Тула. Е. С. Графинѣ Софьѣ Андревнѣ <hi style="opdelimiter">Толстой.</hi><hi style="opnumber">362</hi></p>
<comments><p rend="Textpetit_otstup left"><hi style="npnumber">363</hi><hi style="npdelimiter">Печатается</hi> по автографу, хранящемуся в АТБ. Впервые опубликовано по копии, сделанной С. А. Толстой, в ПЖ, стр. 179—180. Датируется на основании почтовых штемпелей: «Моск. почт. центр. отд., 19 сентября 1882; Тула 20 сентября 1882» и пометы Толстого «воскресенье», которое падало на 19 сентября 1882 г.</p>
<p rend="Textpetit_otstup left"><hi>1</hi> Сергей Петрович Арбузов, слуга Толстого.</p>
<p rend="petit left"><hi>2</hi> Владимир Федорович Орлов.</p>
<p rend="petit left"><hi>3</hi> Татьяна Васильевна, дочь Василия Александровича Олсуфьева.</p>
<p rend="petit left"><hi>4</hi> Анна Васильевна, дочь Василия Александровича Олсуфьева, замужем зa художником Левицким, двоюродным племянником А. И. Герцена.</p>
</comments></div></body>
        </text>
        </TEI>