<?xml version="1.0" encoding="UTF-8"?>
    <!-- <?xml-stylesheet type="text/xsl" target="../resources/MJT/myletter.xsl"?> -->
    <?xml-stylesheet type="css" target="graves.css"?>
    <?xml-model target="http://www.tei-c.org/release/xml/tei/custom/schema/relaxng/tei_all.rng" type="application/xml" schematypens="http://relaxng.org/ns/structure/1.0"?>
    <?xml-model target="http://www.tei-c.org/release/xml/tei/custom/schema/relaxng/tei_all.rng" type="application/xml"
            schematypens="http://purl.oclc.org/dsdl/schematron"?>
    <TEI xmlns="http://www.tei-c.org/ns/1.0">
       <teiHeader>
          <fileDesc>
             <titleStmt>
                <title>Письмо №90. С. А. Толстой</title>
             </titleStmt>
             <publicationStmt>
                <publisher>TolstoyLab</publisher>
                <date when="2015-09-14">14 September 2015</date>
             </publicationStmt>
             <sourceDesc>
                <biblStruct>
                   <analytic>
                      <author>Толстой Л.Н.</author>
                   </analytic>
                   <monogr>
                      <title level="m">Полное собрание сочинений. Том 83</title>
                      <imprint>
                         <pubPlace>Москва</pubPlace>
                         <publisher>Государственное издательство "Художественная литература"</publisher>
                         <date when="1938"/>
                      </imprint>
                   </monogr>
                   <series>
                      <title level="s">Л.Н. Толстой. Полное собрание сочинений</title>
                      <biblScope unit="vol">83</biblScope>
                   </series>
                </biblStruct>
				<bibl>Печатается по автографу, хранящемуся в АТБ. Два отрывка из письма были опубликованы в Б, II, стр. 173, полностью письмо опубликовано по копии, сделанной С. А. Толстой, в ПЖ, стр. 81—83.</bibl>
             </sourceDesc>
          </fileDesc>
          <encodingDesc>
             <tagsDecl> </tagsDecl>
          </encodingDesc>
          <profileDesc>
             <correspDesc>
                <correspAction type="sending">
                   <persName ref="PersonList.xml#L_N_Tolstoy">Л. Н. Толстой</persName>
                   <placeName ref="PlacesListxml#PLACE">Каралык.</placeName>
                   <date when="1871-06-18">1871 г: Июня 18.</date>            </correspAction>
                <correspAction type="receiving">
                   <persName ref="PersonList.xml#RECEIVER">Толстая Софья Андреевна</persName>
                </correspAction>
                <correspContext>
                   <ref type="prev"></ref>
                </correspContext>
             </correspDesc>
          </profileDesc>
       </teiHeader>
       <xenoData><number type="in a volume">90</number></xenoData>

       <text xml:id="a18_90">
	<body><div>
		<opener index="false">
90.
1871 г: Июня 18. Каралык.</opener>
<p rend="left">Пишу тебѣ четвертое<note xml:id="note1" resp="volume_editor" index="false"> Настоящее письмо — пятое, если считать записку из Москвы, письмо с парохода и три письма из Каралыка.</note> письмо, милый другъ, отъ тебя еще не получалъ и не могъ получить. Жду понедѣльника, когда посланный привезетъ письма изъ Самары. Пріятнаго ничего не могу написать тебѣ. Здоровье все не хорошо. Съ тѣхъ поръ, какъ пріѣхалъ сюда, каждый день въ 6 часовъ вечера начинается <hi>тоска</hi>, какъ лихорадка, тоска физическая, ощущеніе которой я не могу лучше передать, какъ то, что душа съ тѣломъ разстается. Душевной тоски по тебѣ я не позволяю <hi style="opdelimiter">подниматься.</hi><hi style="opnumber">178</hi> <hi style="npnumber">179</hi><hi style="npdelimiter">И</hi> никогда не думаю о тебѣ и дѣтяхъ, и оттого не позволяю себѣ думать, что всякую минуту готовъ думать, а стоитъ раздуматься, то сейчасъ уѣду. Состоянье свое я не понимаю: или я простудился въ кибиткѣ первыя холодныя ночи, или кумысъ мнѣ вреденъ; но въ 3 дня, кот[орые] я здѣсь, мнѣ хуже. Главное, слабость, тоска, хочется играть въ милашку и плакать, а ни съ Башкирами, ни съ Степой это неудобно.</p>
<p rend="left">Живемъ мы въ кибиткѣ, пьемъ кумысъ (Степа тоже, всѣ его угощаютъ); неудобства жизни привели бы въ ужасъ твое Кремлевское сердце: ни кроватей, ни посуды, ни бѣлаго хлѣба, ни ложекъ. Такъ что, глядя на насъ, ты бы легче переносила несчастія пережаренной индейки или недосоленаго кулича. Но неудобства эти нисколько не непріятны, и было бы очень весело, если бы я былъ здоровъ. А то я нагоняю тоску на Степу. И я вижу, ему скучно. Охота порядочная. Я разъ ходилъ и убилъ двухъ утокъ.</p>
<p rend="left">Тутъ живетъ, кромѣ насъ, человѣкъ 10 кумысниковъ всякаго сорта: товарищъ прокурора, адвокатъ, помѣщикъ, попы, купцы, и я нашелъ профессора Семинаріи греческаго языка и съ нимъ читалъ.<note xml:id="note2" resp="volume_editor" index="false"> Об этих лицах <ref target='file:///Volume_83_a27_93.xml'>см. письмо № 93</ref>.</note> Я насчетъ себя рѣшилъ, что жду до того воскресенья, 27-го, и если не пройдетъ тоска и лихорадка, то поѣду домой.</p>
<p rend="left">Тутъ было холодно по ночамъ; но съ вчерашняго дня, 17, началась жара ужасная, и я нынче говорилъ Степѣ, который нылъ, что если запуститься, то можно придти въ отчаяніе отъ этой жары; главное, отъ мысли, что на сотни верстъ кругомъ не найдешь буквально ни однаго дерева, и что укрыться отъ солнца можно только въ кибитку, которая пропечена солнцемъ и въ кот[орой] мы сидимъ<note xml:id="note3" resp="volume_editor" index="false"> <hi>Зачеркнуто:</hi> въ костю</note> голые и то потѣемъ.</p>
<p rend="left">Больнѣе мнѣ всего на себя то, что я отъ нездоровья своего чувствую себя <hi>1</hi>/<sub>10</sub> того, что есть. Нѣтъ умственныхъ, и главное поэтическихъ, наслажденій. На все смотрю, какъ мертвый, то самое, за что я<note xml:id="note5" resp="volume_editor" index="false"> <hi>Зачеркнуто:</hi> обвинялъ</note> не любилъ многихъ людей. А теперь самъ только вижу, что есть; понимаю, соображаю; но не вижу насквозь, съ любовью, какъ прежде. Если и бываетъ поэтическое расположеніе, то самое кислое, плаксивое, — хочется плакать.</p>
<p rend="left">Можетъ быть, переламывается болѣзнь. Что дома, пиши вое подробнѣе обо всѣхъ. Думать я о тебѣ себѣ не позволяю наяву; за то во снѣ вотъ двѣ ночи вижу тебя. Вчера ты куда-то очень развязно уѣзжала, а я тебя всякими хитростями <hi style="opdelimiter">старался</hi><hi style="opnumber">179</hi> <hi style="npnumber">180</hi><hi style="npdelimiter">удержать,</hi> и былъ въ отчаяніи. А нынче Таня сестра въ бархатномъ платьѣ куда[то] ѣхала, и мы съ тобой ее удерживали.</p>
<p rend="left">Прощай, душенька, пиши больше. Цѣлуй всѣхъ.</p>
<p rend="left">18 Июня. Адресъ: Самара, до востребованья.</p>
<comments><p rend="Textpetit_otstup left">Печатается по автографу, хранящемуся в АТБ. Два отрывка из письма были опубликованы в Б, II, стр. 173, полностью письмо опубликовано по копии, сделанной С. А. Толстой, в ПЖ, стр. 81—83.</p>
<p rend="Textpetit_otstup left"><hi>1</hi> Настоящее письмо — пятое, если считать записку из Москвы, письмо с парохода и три письма из Каралыка.</p>
<p rend="petit left"><hi>2</hi> Об этих лицах <ref target='file:///Volume_83_a27_93.xml'>см. письмо № 93</ref>.</p>
<p rend="petit left"><hi>3</hi> <hi>Зачеркнуто:</hi> въ костю</p>
<p rend="petit left"><hi>4</hi> <hi>Зачеркнуто:</hi> обвинялъ</p>
<p rend="petit left">В ответ на это письмо С. А. Толстая писала 28 июня 1871 г.: «И вчера, и сегодня получила от тебя письма, милый Левочка, и на меня сделали они одно впечатление, очень грустное, — что тебе не хорошо. Но даже в последнем письме ты был только три дня на месте, а всякое леченье действует первое время очень дурно, как и воды, и всё. Твое размягченное расположение духа и безучастность ко всему, тоже, я думаю, происходит от того, что кумыс сразу осадил твои нервы и слишком подействовал. Если б я не утешалась, что всё будет к лучшему, можно бы с ума сойти от тревоги по тебе. Но я рада, и благодарна, что ты мне пишешь всё и правду. Одно еще утешительно, что ты еще и от дороги не успел отдохнуть, когда писал мне письмо 18 июня. Очень будет тебе дурно, если ты вздумаешь вернуться, не выдержав шестинедельного курса леченья. Ты только изломаешь себя, а пользы не сделаешь. Я нынче долго беседовала с Алексеем [Ореховым, ездившим с Толстым в Самарскую губернию в 1862 г.], всё его расспрашивала про ваше житье у башкирцев, и он мне с большим восторгом рассказывал о всех подробностях кумысной жизни. Видно, это одно из его лучших воспоминаний. Боюсь ужасно, что Степа вдруг совсем падет духом и начнет уговаривать тебя приехать, а ты и сам, готовый на это в душе, скорее склонишься на отъезд, подстрекаемый Степой.</p>
<p rend="petit left">Если ты всё сидишь над Греками, ты не вылечишься. Они на тебя нагнали эту тоску и равнодушие к жизни настоящей. Недаром это мертвый язык, он наводит на человека и мертвое расположение духа. Ты не думай, что я не знаю, почему называются эти языки мертвыми, но я сама им придаю это другое значение.</p>
<p rend="petit left">Сегодня рождение Сережи; я ему подарила шашки и белые кирпичики. Он очень был доволен и очень мил целый день. Вечером он меня стал целовать и за что-то благодарить, потому что, верно, был счастлив. Ему и все подарили: Таня — лото, тетенька Полина, которая опять приехала нынче утром, — чудесную чернильницу; мама — зоологическое лото, потом часы, конфеты и проч. Мы, было, собирались после обеда ехать в Засеку чай пить и взять с собой всех детей и разные лакомства, но нагнало туч, была гроза, сильный дождь, и мы остались. Сережа очень пристрастился к игре в шашки, потом играли в лото, и дети были очень <hi style="opdelimiter">веселы.</hi><hi style="opnumber">180</hi> <hi style="npnumber">181</hi><hi style="npdelimiter">Ханна</hi> опять больна, у ней опять лихорадка и боль в лице и зубах. Нынче ей получше, но она всё еще сидела внизу. Вчера мы, было, поехали к обедне, но когда приехали в церковь, обедня уже отошла. Отслужили в семь часов утра, потому что было молебствие. Жаль было, потому что я забрала всех пятерых детей и хотела их причащать. Теперь сырая погода, и не знаю, когда опять соберусь. По этому можешь судить, что дети все, слава богу, до сих пор здоровы и только еще поправляются. Я тоже, даже слишком здорова... Мама весела, и днями бывает ей гораздо лучше, а иногда делается одышка. Таня очень возится с детьми и иногда приходит в озлобленное волнение. Отказавшись от немки, она уже не считает себя в праве жаловаться и сама возится с детьми больше, чем прежде. Вчера она от мужа получила длинное письмо из Одессы. Он очень восхищается морем, пишет длинный реэстр, что купил, но скучает без своих. Вчера же братья писали к мама. Николенька [сын М. Н. Толстой] и Володя [брат С. А. Толстой] мрачные сидят друг против друга и упорно молчат. Николенька будто бы на днях поступает в полк, но очень неохотно». (ПСТ, стр. 100—104.)</p>
</comments></div></body>
        </text>
        </TEI>