<?xml version="1.0" encoding="UTF-8"?>
    <!-- <?xml-stylesheet type="text/xsl" target="../resources/MJT/myletter.xsl"?> -->
    <?xml-stylesheet type="css" target="graves.css"?>
    <?xml-model target="http://www.tei-c.org/release/xml/tei/custom/schema/relaxng/tei_all.rng" type="application/xml" schematypens="http://relaxng.org/ns/structure/1.0"?>
    <?xml-model target="http://www.tei-c.org/release/xml/tei/custom/schema/relaxng/tei_all.rng" type="application/xml"
            schematypens="http://purl.oclc.org/dsdl/schematron"?>
    <TEI xmlns="http://www.tei-c.org/ns/1.0">
       <teiHeader>
          <fileDesc>
             <titleStmt>
                <title>Письмо №180. П. Д. Голохвастову.</title>
             </titleStmt>
             <publicationStmt>
                <publisher>TolstoyLab</publisher>
                <date when="2015-09-14">14 September 2015</date>
             </publicationStmt>
             <sourceDesc>
                <biblStruct>
                   <analytic>
                      <author>Толстой Л.Н.</author>
                   </analytic>
                   <monogr>
                      <title level="m">Полное собрание сочинений. Том 62</title>
                      <imprint>
                         <pubPlace>Москва</pubPlace>
                         <publisher>Государственное издательство "Художественная литература"</publisher>
                         <date when="1953"/>
                      </imprint>
                   </monogr>
                   <series>
                      <title level="s">Л.Н. Толстой. Полное собрание сочинений</title>
                      <biblScope unit="vol">62</biblScope>
                   </series>
                </biblStruct>
             </sourceDesc>
          </fileDesc>
          <encodingDesc>
             <tagsDecl> </tagsDecl>
          </encodingDesc>
          <profileDesc>
             <correspDesc>
                <correspAction type="sending">
                   <persName ref="PersonList.xml#L_N_Tolstoy">Л. Н. Толстой</persName>
                   <placeName ref="PlacesListxml#PLACE">Я. П.</placeName>
                   <date when="1875-05-15">1875 г. Мая 15.</date>            </correspAction>
                <correspAction type="receiving">
                   <persName ref="PersonList.xml#RECEIVER">Голохвастов Павел Дмитриевич</persName>
                </correspAction>
                <correspContext>
                   <ref type="prev"></ref>
                </correspContext>
             </correspDesc>
          </profileDesc>
       </teiHeader>
       <xenoData><number type="in a volume">180</number></xenoData>

              <text xml:id="P.D.Goloxvastovu_180">
	<body><div>
		<opener index="false">
180. П. Д. Голохвастову.
1875 г. Мая 15...20. Я. П.</opener>
<p rend="left">Очень радуюсь, что вы устроились по своему вкусу, Павел Дмитриевич, хотя для меня это и странно. Деревня без <hi style="opdelimiter">земли</hi><hi style="opnumber">186</hi> <hi style="npnumber">187</hi><hi style="npdelimiter">и</hi> потому [без] интересов деревни. Вы предлагаете угадать, сколько вы заплатили? 5 тысяч.</p>
<p rend="left">Я очень понимаю, как вас замучили долгие и короткие;<note xml:id="note1" resp="volume_editor" index="false">«Долгие и короткие» — слоги. Толстой имеет в виду работу П. Д. Голохвастова над теорией русского стихосложения.</note> я это знаю. У меня то же было недавно с грамматикой и русскими глаголами; но я не понимаю, отчего вы не печатаете. Вы записываете, как живописцы. Мой совет печатать поскорее и приниматься за другую работу.</p>
<p rend="left">Я всю зиму нынче был так занят, как никогда. И еще дела зимние не кончились, подступила весна с своими практическими требованиями, и я чувствую себя измученным и жду — не дождусь тихого приюта в самарских степях. Жена тоже измучена частью болезнью — теперь ей получше, частью детьми (у нас опять нет ни гувернера, ни гувернантки, — на днях приедет), и весенними хлопотами и сборами к путешествию.</p>
<p rend="left">Как грустно, что Ольга Андреевна не пишет и не то, что не кончает, а не двигает вперед свое прекрасное начало романа. Ее извинить может только нездоровье, но я надеюсь, что теперь это прошло. Передайте наш душевный поклон.</p>
<p rend="left">Я на днях еду за покупками и делами в Москву. Не столкнемся ли? Если же нет, то не напишете ли мне как-нибудь в Самару (просто в Самару). Так приятно получать письма от людей, которых любишь.</p>
<p rend="right">Ваш Л. Толстой.</p>
<comments><p rend="Textpetit_otstup left">О первой публикации см. стр. 3. Дата определяется на основании письма П. Д. Голохвастова от 21 апреля, на которое Толстой отвечает, и слов: «Я на днях еду.... в Москву» — в Москве Толстой был около 22— 24 мая.</p>
<p rend="Textpetit_otstup left"><hi>1 </hi>«Долгие и короткие» — слоги. Толстой имеет в виду работу П. Д. Голохвастова над теорией русского стихосложения.</p>
</comments></div></body>
        </text>
        </TEI>