<?xml version="1.0" encoding="UTF-8"?>
    <!-- <?xml-stylesheet type="text/xsl" target="../resources/MJT/myletter.xsl"?> -->
    <?xml-stylesheet type="css" target="graves.css"?>
    <?xml-model target="http://www.tei-c.org/release/xml/tei/custom/schema/relaxng/tei_all.rng" type="application/xml" schematypens="http://relaxng.org/ns/structure/1.0"?>
    <?xml-model target="http://www.tei-c.org/release/xml/tei/custom/schema/relaxng/tei_all.rng" type="application/xml"
            schematypens="http://purl.oclc.org/dsdl/schematron"?>
    <TEI xmlns="http://www.tei-c.org/ns/1.0">
       <teiHeader>
          <fileDesc>
             <titleStmt>
                <title>Письмо №254. С. А. Толстой</title>
             </titleStmt>
             <publicationStmt>
                <publisher>TolstoyLab</publisher>
                <date when="2015-09-14">14 September 2015</date>
             </publicationStmt>
             <sourceDesc>
                <biblStruct>
                   <analytic>
                      <author>Толстой Л.Н.</author>
                   </analytic>
                   <monogr>
                      <title level="m">Полное собрание сочинений. Том 83</title>
                      <imprint>
                         <pubPlace>Москва</pubPlace>
                         <publisher>Государственное издательство "Художественная литература"</publisher>
                         <date when="1938"/>
                      </imprint>
                   </monogr>
                   <series>
                      <title level="s">Л.Н. Толстой. Полное собрание сочинений</title>
                      <biblScope unit="vol">83</biblScope>
                   </series>
                </biblStruct>
				<bibl>Печатается по автографу, хранящемуся в АТБ. Впервые отрывок из письма напечатан в Б, II, стр. 456; полностью письмо опубликовано по копии, сделанной С. А. Толстой, в ПЖ, стр. 209. Датируется на основании почтовых штемпелей: «Почтовый вагон. 14 ноября 1883; Москва. 14 ноября 1883» и пометы Толстого «воскресенье», которое падало на 13 ноября в 1883 г.</bibl>
             </sourceDesc>
          </fileDesc>
          <encodingDesc>
             <tagsDecl> </tagsDecl>
          </encodingDesc>
          <profileDesc>
             <correspDesc>
                <correspAction type="sending">
                   <persName ref="PersonList.xml#L_N_Tolstoy">Л. Н. Толстой</persName>
                   <placeName ref="PlacesListxml#PLACE">Я. П.</placeName>
                   <date when="1883-11-13">1883 г. Ноября 13.</date>            </correspAction>
                <correspAction type="receiving">
                   <persName ref="PersonList.xml#RECEIVER">Толстая Софья Андреевна</persName>
                </correspAction>
                <correspContext>
                   <ref type="prev"></ref>
                </correspContext>
             </correspDesc>
          </profileDesc>
       </teiHeader>
       <xenoData><number type="in a volume">254</number></xenoData>

       <text xml:id="a13_254">
	<body><div>
		<opener index="false">
254.
1883 г. Ноября 13. Я. П.</opener>
<p rend="right"><hi>Воскресенье 10-й часъ.</hi></p>
<p rend="left">У меня тепло, уютно, тихо, прекрасно; но, должно быть, я переработалъ. Нѣтъ настоящихъ ни сна, ни апетита, и отъ того нѣтъ работы. За то отдыхъ. Нынче и не садился за письменный столъ, a поѣхалъ верхомъ на Сафединѣ навстрѣчу Урусову. А если не встрѣчу, то заѣду въ булочную, гдѣ я покупалъ въ четвергъ хлѣбы, забылъ краденыя у <hi style="opdelimiter">Сережи-сына</hi><hi style="opnumber">409</hi> <hi style="npnumber">410</hi><hi style="npdelimiter">перчатки.</hi> Такъ и вышло. Сафединъ, нелюбимый вами, — прелесть — покойный, добрый, смирный и сильный. Я скоро ѣхалъ, пріѣхалъ въ Тулу, — нашелъ перчатки, заѣхалъ на минуту къ Урусову и вернулся домой — все довольно скоро, и онъ, какъ ни въ чемъ не бывало. Нынче Ариша<note xml:id="note1" resp="volume_editor" index="false"> Жена С. А. Арбузова.</note> собралась ѣхать, но получила телеграму. Сергѣя<note xml:id="note2" resp="volume_editor" index="false"> С. П. Арбузов.</note> же еще нѣтъ. Вернувшись домой — темно, засталъ у себя нашего новаго священника<note xml:id="note3" resp="volume_editor" index="false"> На место скончавшегося В. И. Карницкого.</note> — онъ пріѣхалъ знакомиться. Я съ нимъ офиціально поговорилъ и остался одинъ обѣдать огромнѣйшій обѣдъ, приготовленный на Урусова (онъ не пріѣхалъ, п[отому] ч[то] кашляетъ), и какъ на бѣду, ничего почти не ѣлъ. Скучно одному только ѣсть.<note xml:id="note4" resp="volume_editor" index="false"> С. А. Толстая писала в ответ 14 ноября: «Сегодня в письме твоем меня очень больно кольнула фраза: «Только есть одному скучно». Досказываю сама: «А жить одному гораздо лучше». Хоть часто я это про тебя думаю, но иногда, когда ты нежен и заботлив, я опять себе делаю иллюзии и думаю, что без нас тебе было бы грустно. Конечно, всё реже и реже будешь создавать себе эти иллюзии, и вместо них занимать жизнь чем-нибудь другим» (ПСТ, стр. 242).</note></p>
<p rend="left">Читаю Stendhal Rouge et Noir. Лѣтъ 40 тому назадъ я читалъ это, и ничего не помню, кромѣ моего отношенія къ автору — симпатія за смѣлость, родственность, но неудовлетворенность. И странно: тоже самое чувство теперь, но съ яснымъ сознаніемъ, отчего и почему.</p>
<p rend="left">Порошитъ снѣжокъ, но едва ли разойдется. Какъ бы хотѣлось заснуть хорошо и быть свѣжимъ къ работѣ. Мнѣ всего часа 4 хорошей работы нужно, чтобы сдѣлать, что нужно. Письмо твое коротенькое очень. Если не скучно, пиши по больше. Мнѣ все интересно. Цѣлую тебя и дѣтей.</p>
<lb/>
<p rend="left"><hi>На конверте:</hi> Москва. Хамовнической переулокъ. Графинѣ Софьѣ Андревнѣ Толстой. (Въ своемъ домѣ.)</p>
<comments><p rend="Textpetit_otstup left">Печатается по автографу, хранящемуся в АТБ. Впервые отрывок из письма напечатан в Б, II, стр. 456; полностью письмо опубликовано по копии, сделанной С. А. Толстой, в ПЖ, стр. 209. Датируется на основании почтовых штемпелей: «Почтовый вагон. 14 ноября 1883; Москва. 14 ноября 1883» и пометы Толстого «воскресенье», которое падало на 13 ноября в 1883 г.</p>
<p rend="Textpetit_otstup left"><hi>1</hi> Жена С. А. Арбузова.</p>
<p rend="petit left"><hi>2</hi> С. П. Арбузов.</p>
<p rend="petit left"><hi>3</hi> На место скончавшегося В. И. Карницкого.</p>
<p rend="petit left"><hi>4</hi> С. А. Толстая писала в ответ 14 ноября: «Сегодня в письме твоем меня очень больно кольнула фраза: «Только есть одному скучно». Досказываю сама: «А жить одному гораздо лучше». Хоть часто я это про тебя думаю, но иногда, когда ты нежен и заботлив, я опять себе делаю иллюзии и думаю, что без нас тебе было бы грустно. Конечно, всё реже и реже будешь создавать себе эти иллюзии, и вместо них занимать жизнь чем-нибудь другим» (ПСТ, стр. 242).</p>
<p rend="left"><hi style="opnumber">410</hi> <hi style="npnumber">411</hi></p>
</comments></div></body>
        </text>
        </TEI>