<?xml version="1.0" encoding="UTF-8"?>
    <!-- <?xml-stylesheet type="text/xsl" target="../resources/MJT/myletter.xsl"?> -->
    <?xml-stylesheet type="css" target="graves.css"?>
    <?xml-model target="http://www.tei-c.org/release/xml/tei/custom/schema/relaxng/tei_all.rng" type="application/xml" schematypens="http://relaxng.org/ns/structure/1.0"?>
    <?xml-model target="http://www.tei-c.org/release/xml/tei/custom/schema/relaxng/tei_all.rng" type="application/xml"
            schematypens="http://purl.oclc.org/dsdl/schematron"?>
    <TEI xmlns="http://www.tei-c.org/ns/1.0">
       <teiHeader>
          <fileDesc>
             <titleStmt>
                <title>Письмо №66. С. А. Толстой</title>
             </titleStmt>
             <publicationStmt>
                <publisher>TolstoyLab</publisher>
                <date when="2015-09-14">14 September 2015</date>
             </publicationStmt>
             <sourceDesc>
                <biblStruct>
                   <analytic>
                      <author>Толстой Л.Н.</author>
                   </analytic>
                   <monogr>
                      <title level="m">Полное собрание сочинений. Том 83</title>
                      <imprint>
                         <pubPlace>Москва</pubPlace>
                         <publisher>Государственное издательство "Художественная литература"</publisher>
                         <date when="1938"/>
                      </imprint>
                   </monogr>
                   <series>
                      <title level="s">Л.Н. Толстой. Полное собрание сочинений</title>
                      <biblScope unit="vol">83</biblScope>
                   </series>
                </biblStruct>
				<bibl>Печатается по автографу, хранящемуся в АТБ. Впервые опубликовано по копии, сделанной С. А. Толстой, в ПЖ, стр. 65—67, причем приписка опущена. Датируется на основании слов письма: «сейчас, во вторник»; вторник приходился 20 июня 1867 г.</bibl>
             </sourceDesc>
          </fileDesc>
          <encodingDesc>
             <tagsDecl> </tagsDecl>
          </encodingDesc>
          <profileDesc>
             <correspDesc>
                <correspAction type="sending">
                   <persName ref="PersonList.xml#L_N_Tolstoy">Л. Н. Толстой</persName>
                   <placeName ref="PlacesListxml#PLACE">Москва.</placeName>
                   <date when="1867-06-20">1867 г. Июня 20.</date>            </correspAction>
                <correspAction type="receiving">
                   <persName ref="PersonList.xml#RECEIVER">Толстая Софья Андреевна</persName>
                </correspAction>
                <correspContext>
                   <ref type="prev"></ref>
                </correspContext>
             </correspDesc>
          </profileDesc>
       </teiHeader>
       <xenoData><number type="in a volume">66</number></xenoData>

       <text xml:id="a20_66">
	<body><div>
		<opener index="false">
66.
1867 г. Июня 20. Москва.</opener>
<p rend="left">Почта прелесть — суботнее твое письмо<note xml:id="note1" resp="volume_editor" index="false"> Первое посланное С. А. Толстой письмо от 17 июня.</note> получилъ въ понедѣльникъ, воскресное<note xml:id="note2" resp="volume_editor" index="false"> Письмо от 18 июня, которое С. А. Толстая предполагала послать с А. М. Кузминским.</note> сейчасъ, во вторникъ, пріѣхавъ изъ парка. Сижу одинъ въ комнатѣ во всемъ верху; читалъ сейчасъ твое письмо, и не могу тебѣ описать всю нѣжность, — до слезъ нѣжность, кот[орую] къ тебѣ чувствую, и нетолько теперь, но всякую минуту дня. Душенька моя, голубчикъ, самая лучшая на свѣтѣ. Ради Бога, не переставай писать мнѣ каждый день до субботы. Я не вижу возможности пріѣхать раньше Воскресенья, а письма получаются на другой день. — Что Таничкинъ кашель?<note xml:id="note3" resp="volume_editor" index="false"> С. А. Толстая писала в письме от 18 июня: «Ничего я тебе о детях не написала, а они такие нынче были милые. Напал на них азарт, и они плясали, прыгали, юродствовали, и потешали всё общество до обеда. Особенно Таня умеет быть мила и смешна. Одно неприятно, что они немного покашливают, но это оттого, что завернул вдруг холод» (не опубликовано).</note> Надѣнь фланель и покутай, — время скверное — лѣтніе холода. — То, что ты пишешь о Танѣ и Кузьм[инскомъ]<note xml:id="note4" resp="volume_editor" index="false"> С. А. Толстая писала 18 июня: «Мы сейчас играли в бары, и было бы очень весело, если бы опять не Таня с Кузминским. Дела их всё хуже и хуже. Таня, бедная, даже плакала нынче очень горько, руки холодные, похоже на лихорадку, и вырвалось, таки, у ней, что Саша с ней груб, ничего тонкого понять не может, обращается с ней очень дурно; а по моему он ее не любит, и вообще любить не способен, и я на него зла, и он мне неприятен, и даже желаю от всей души, чтобы у них дело разошлось, хотя я знаю, что это просто убьет Таню. Но если он и женится на ней, из страха остаться подлецом, то тут счастия не будет, я в этом твердо уверена, и так грустно, тяжело и жалко Таню. А дело всё в том же, в чем вечно оно будет и что я вчера писала, — в любви..... Бары сначала шли весело, а потом Кузминский надулся, будто бы устал. Таня уже была сама не своя, убежала домой, ну уж и все скоро разошлись. Теперь Таня с Кузминским дуются друг на друга: Таня убитая, а Кузминский недовольный..... Таня уныло поигрывает Шумана мелодию, которую играла Долли [Дьякова], и со мной даже неестественно разговаривает, так ей, бедной, не хорошо и не весело. И невеста — опомниться не могу! Одному я радуюсь, что Саша тоже не весел, и может быть, у них еще уладится, и они помирятся, хотя, в сущности, и не <hi style="opdelimiter">ссорились».</hi><hi style="opnumber">144</hi></note> меня еще не такъ пугаетъ, это размолвка, кот[орая] не исключаетъ любовь. Больше всего я въ нихъ боюсь чувственности и не люблю, а я подмѣчалъ ее. Ну, да не намъ судить — Богъ, какъ говоритъ Л[юбовь] А[лександровна] и будетъ Богъ, ежели они женятся, a нѣтъ, то всѣ и мы будемъ сами передъ собой виноваты. Знаешь, меня мучаетъ мысль, что мы Дьякову,<note xml:id="note5" resp="volume_editor" index="false"> В своих воспоминаниях Т. А. Кузминская воспроизводит разговор с Толстым, бывший между ними после отъезда Дьякова из Ясной поляны в июне 1867 г.: — «Таня, Дьяков говорил со мной о тебе... — Что же он говорил? — спросила я. — Разумеется всё хорошее. Говорил, как Долли любила тебя, как он знает тебя, и какая ты; говорил про самое тяжелое одиночество и просил меня написать, как ты смотришь на него? Конечно, ему неловко делать предложенье после трех месяцев потери жены. Отвечаешь ли ты ему тем же? Он советовался со мною, и я сказал ему: «торопись и переговори с ней. Мне кажется, что она возвращается к своей первой любви. Он просил, чтобы я написал ему, а говорить, недоговаривая настоящего, он не решается». Я молчала и не знала, что ответить. Мне было от всей души жаль Дмитрия Алексеевича. Жаль до боли, и я вспоминала предсмертные слова Долли — «Если бы я могла быть ему лучшим другом, не женой...» (III. стр. 138—139).</note> такому отличному нашему и ея другу, не сообщили всего. Мнѣ кажется, это надо было сдѣлать. Какъ ты и они думаютъ?</p>
<p rend="left">Благодарствуй за твои всѣ распоряженія и съ пчелами,<note xml:id="note6" resp="volume_editor" index="false"> См. второе примечание к письму № 64.</note> и съ коровами,<note xml:id="note7" resp="volume_editor" index="false"> Никаких распоряжений о коровах письма С. А. Толстой не содержат. Она пишет лишь о лошадях, — что вышла им дать хлеба (письмо от 17 июня) и о покупке лошади «Черномора» за 40 рублей (от 18 июня).</note> — это прекрасно. Нынче я въ Петровск[омъ] Разумовскомъ купилъ телку по 3-му году за 50 р[ублей]. Тотчасъ по полученіи этаго письма, вышли въ Москву мужика (по лучше, — Василья,<note xml:id="note8" resp="volume_editor" index="false"> Василий Ермилов Зябрев (1826—1880), «честный и трезвый яснополянский крестьянин» (н. п. С. А).</note> я думаю) и женщину (не поѣдетъ ли нянина дочь),<note xml:id="note9" resp="volume_editor" index="false"> Дочь Марьи Афанасьевны Арбузовой, сестра Сергея Петровича Арбузова, Матрена Петровна Арбузова.</note> чтобы привести ее. Ежели не поѣдетъ, то послать хоть другую дворовую женщину, нанять или Иванъ шорникъ<note xml:id="note10" resp="volume_editor" index="false"> «Живший в Ясной поляне дворовый. Тихий, честный, женатый на Варваре, дочери Николая, дядьки мальчиков Толстых» (н. п. С. А.).</note> не поѣдетъ ли? Телка прелестная и никогда не водилась. Страшно, чтобы не заморили ее, и потому одному мужику или двумъ мужикамъ нельзя поручить. <hi style="opdelimiter">—</hi><hi style="opnumber">142</hi></p>
<p rend="left"><hi style="npnumber">143</hi><hi style="npdelimiter">Это</hi> трудно рѣшить, и ты меня прости, что я тебѣ задаю такую задачу; но какъ нибудь, общимъ совѣтомъ, устроить.</p>
<p rend="left">Теперь о похожденіяхъ моего дня.<note xml:id="note11" resp="volume_editor" index="false"> С. А. Толстая писала в письме от 18 июня: «Воображаю, как вы с Александром Николаевичем [Бибиковым] собираетесь вечером в Кремле и рассказываете друг другу похождения дня».</note> Вчера свечера еще была присылка отъ Захарьина, въ которой онъ велѣлъ сказать, что онъ къ моимъ услугамъ отъ 2-хъ до 4-хъ и пріѣдетъ ко мнѣ, если я хочу, или чтобы я пріѣхалъ. — Я рѣшилъ послѣднее, но прежде, чѣмъ ѣхать къ нему, я поѣхалъ въ типографію Каткова и нашелъ тамъ, что возможно даже съ пересылкой коректуръ напечатать къ 1-му Декабря, и что новое изданіе безъ картинъ будетъ стоить около 4 т[ысячъ] но смету еще не сдѣлалъ и отложилъ до завтра. Завтра же готовъ будетъ отвѣтъ у Бартенева, такъ что завтра я навѣрно рѣшу и напишу контракта съ тѣмъ или другимъ, — съ тѣмъ, гдѣ дешевле. Барт[еневъ] обѣщается безплатно держать коректуры, даже если я буду печатать не у него. Изъ типографіи поѣхалъ къ Самарину и проговорилъ съ нимъ часа три, и еще болѣе полюбилъ его, и увѣренъ въ томъ же съ его стороны. Оттуда къ Захарьину, и, какъ на бѣду или на счастье, по дорогѣ къ нему почувствовалъ начинающуюся головную боль. Захарьинъ до смѣшнаго былъ внимателенъ и педантиченъ; разсматривая меня, заставлялъ и ходить съ закрытыми глазами, и лежать, и дышать какъ то, и ощупалъ, и остукалъ со всѣхъ сторонъ. Онъ сказалъ мнѣ: у васъ 1) разстройство сильное нервовъ, 2) желчные камни въ желчномъ пузырѣ, — обѣ эти болѣзни не опасныя и легко излечимыя; но, кромѣ того, у васъ можетъ быть 3-е хотя я и не предполагаю, но не могу рѣшить, не изслѣдовавъ мочи, это — <hi>сахарное мочеизнуреніе.</hi> Завтра мнѣ пришлите мочу, и я скажу вамъ въ четвергъ, что и какъ вамъ лѣчиться. — А[ндрей] Е[встафьевичъ] апробовалъ все, что сказалъ Захарьинъ, и интересуется знать, что онъ предпишетъ. Я лечиться лекарствами не буду, и сказалъ ему, что первое условіе моего леченія это жить въ деревнѣ, но образу жизни, к[оторый] онъ предпишетъ, или водамъ послѣдую. — Отъ Захар[ьина] поѣхалъ съ сильнѣйшей мигренью въ паркъ, тамъ, помучившись часа 3, заснулъ, и потомъ поѣхалъ съ Лизой кататься въ Разумовское, тамъ купилъ телку, и оттуда, возвращаясь назадъ, заѣхали въ освѣщенный садъ Сакса<note xml:id="note12" resp="volume_editor" index="false"> М. Сакс держал оркестр. Его сад, впоследствии Тейсера, находился в Петровском парке. В объявлениях за 1867 г. значится, что концерты в б. саду Сакса происходят «во вновь устраиваемой ротонде».</note> и, обойдя этотъ садъ со свойственной этимъ увеселительнымъ мѣстамъ скукой, вышли оттуда черезъ 5 минутъ. Ты спрашиваешь, отчего я не вернусь раньше воскресенья?<note xml:id="note13" resp="volume_editor" index="false"> В письме от 17 июня С. А. Толстая писала: «Лева, я тебя жду в субботу au plus tard [самое позднее]».</note> Завтра, ежели я кончу съ Катков[ымъ], четвергъ и <hi style="opdelimiter">пятницу</hi><hi style="opnumber">143</hi> <hi style="npnumber">144</hi><hi style="npdelimiter">я</hi> просижу въ паркѣ, поправляя первую часть, к[оторую] я обѣщалъ оставить имъ. Кромѣ того, я желаю, и мнѣ нужно, прочесть нѣсколько главъ историческихъ Погодину,<note xml:id="note14" resp="volume_editor" index="false"> Михаил Петрович Погодин (1800—1875), историк и журналист. Знакомство Толстого с Погодиным состоялось в начале 1860-х гг. в связи с историческими работами Толстого. Сохранилось пять писем Толстого к Погодину за период с 1862 г. но 1872 г. В письме от октября 1864 г. Толстой благодарит Погодина за присылку книг и просит: «впредь не забывать меня, коли вам попадется под руку по этой части». Новейший исследователь творческой истории «Войны и мира» Б. М. Эйхенбаум пишет: «Исторические книги, рукописные материалы и беседы с Погодиным и Бартеневым должны были повлиять на Толстого и заставить его изменить первоначальный план, а отчасти и жанр романа» (Эйхенбаум «Лев Толстой» кн. 2. 1931, стр. 249—250).</note> Соболевскому,<note xml:id="note15" resp="volume_editor" index="false"> Сергей Александрович Соболевский (1803—1870), библиограф, в молодости служил в Московском архиве иностранных дел; друг Пушкина.</note> Самарину, Щебальскому.<note xml:id="note16" resp="volume_editor" index="false"> Петр Карлович Щебальский (1810—1880), историк и публицист. С. С. Урусов писал Толстому от 12 декабря 1868 г. о Щебальском: «Этот новый тип нынешних историков прехладнокровно начал излагать <hi style="opdelimiter">свои</hi><hi style="opnumber">145</hi> <hi style="npnumber">146</hi><hi style="npdelimiter">(то</hi> есть, общие) мнения об истории по поводу вашего сочинения и ваших отзывов». Щебальский написал: «Война и мир соч. графа Л. Н. Толстого. М. 1868 I, II и III» («Русский вестник» 1868, LXXIII, № 1, стр. 300—320).</note> Завтра я поѣду собирать этихъ господъ. Еще нужно размѣнять или заложить билеты на 1000 р[ублей]. Впрочемъ, я нарочно пугаю тебя. Мнѣ самому жить хочется, а безъ тебя мнѣ не то что грустно, страшно, хотя и это бываетъ, но главное — я мертвый, не живой человѣкъ. И слишкомъ ужъ тебя люблю въ твоемъ отсутствіи. Такъ, что глупо. Прощай, милая, голубчикъ.</p>
<p rend="left"><hi>Непереписанное продолженіе Романа осталось дома или нѣтъ</hi>?<note xml:id="note17" resp="volume_editor" index="false"> В своей автобиографии С. А. Толстая писала: «Перед отъездом из Ясной поляны он всегда оставлял мне работу переписыванья» («Начала» 1921, № 1, стр. 145).</note></p>
<comments><p rend="Textpetit_otstup left">Печатается по автографу, хранящемуся в АТБ. Впервые опубликовано по копии, сделанной С. А. Толстой, в ПЖ, стр. 65—67, причем приписка опущена. Датируется на основании слов письма: «сейчас, во вторник»; вторник приходился 20 июня 1867 г.</p>
<p rend="Textpetit_otstup left"><hi>1</hi> Первое посланное С. А. Толстой письмо от 17 июня.</p>
<p rend="petit left"><hi>2</hi> Письмо от 18 июня, которое С. А. Толстая предполагала послать с А. М. Кузминским.</p>
<p rend="petit left"><hi>3</hi> С. А. Толстая писала в письме от 18 июня: «Ничего я тебе о детях не написала, а они такие нынче были милые. Напал на них азарт, и они плясали, прыгали, юродствовали, и потешали всё общество до обеда. Особенно Таня умеет быть мила и смешна. Одно неприятно, что они немного покашливают, но это оттого, что завернул вдруг холод» (не опубликовано).</p>
<p rend="petit left"><hi>4</hi> С. А. Толстая писала 18 июня: «Мы сейчас играли в бары, и было бы очень весело, если бы опять не Таня с Кузминским. Дела их всё хуже и хуже. Таня, бедная, даже плакала нынче очень горько, руки холодные, похоже на лихорадку, и вырвалось, таки, у ней, что Саша с ней груб, ничего тонкого понять не может, обращается с ней очень дурно; а по моему он ее не любит, и вообще любить не способен, и я на него зла, и он мне неприятен, и даже желаю от всей души, чтобы у них дело разошлось, хотя я знаю, что это просто убьет Таню. Но если он и женится на ней, из страха остаться подлецом, то тут счастия не будет, я в этом твердо уверена, и так грустно, тяжело и жалко Таню. А дело всё в том же, в чем вечно оно будет и что я вчера писала, — в любви..... Бары сначала шли весело, а потом Кузминский надулся, будто бы устал. Таня уже была сама не своя, убежала домой, ну уж и все скоро разошлись. Теперь Таня с Кузминским дуются друг на друга: Таня убитая, а Кузминский недовольный..... Таня уныло поигрывает Шумана мелодию, которую играла Долли [Дьякова], и со мной даже неестественно разговаривает, так ей, бедной, не хорошо и не весело. И невеста — опомниться не могу! Одному я радуюсь, что Саша тоже не весел, и может быть, у них еще уладится, и они помирятся, хотя, в сущности, и не <hi style="opdelimiter">ссорились».</hi><hi style="opnumber">144</hi></p>
<p rend="petit left"><hi>5</hi> В своих воспоминаниях Т. А. Кузминская воспроизводит разговор с Толстым, бывший между ними после отъезда Дьякова из Ясной поляны в июне 1867 г.: — «Таня, Дьяков говорил со мной о тебе... — Что же он говорил? — спросила я. — Разумеется всё хорошее. Говорил, как Долли любила тебя, как он знает тебя, и какая ты; говорил про самое тяжелое одиночество и просил меня написать, как ты смотришь на него? Конечно, ему неловко делать предложенье после трех месяцев потери жены. Отвечаешь ли ты ему тем же? Он советовался со мною, и я сказал ему: «торопись и переговори с ней. Мне кажется, что она возвращается к своей первой любви. Он просил, чтобы я написал ему, а говорить, недоговаривая настоящего, он не решается». Я молчала и не знала, что ответить. Мне было от всей души жаль Дмитрия Алексеевича. Жаль до боли, и я вспоминала предсмертные слова Долли — «Если бы я могла быть ему лучшим другом, не женой...» (III. стр. 138—139).</p>
<p rend="petit left"><hi>6</hi> См. второе примечание к письму № 64.</p>
<p rend="petit left"><hi>7</hi> Никаких распоряжений о коровах письма С. А. Толстой не содержат. Она пишет лишь о лошадях, — что вышла им дать хлеба (письмо от 17 июня) и о покупке лошади «Черномора» за 40 рублей (от 18 июня).</p>
<p rend="petit left"><hi>8</hi> Василий Ермилов Зябрев (1826—1880), «честный и трезвый яснополянский крестьянин» (н. п. С. А).</p>
<p rend="petit left"><hi>9</hi> Дочь Марьи Афанасьевны Арбузовой, сестра Сергея Петровича Арбузова, Матрена Петровна Арбузова.</p>
<p rend="petit left"><hi>10</hi> «Живший в Ясной поляне дворовый. Тихий, честный, женатый на Варваре, дочери Николая, дядьки мальчиков Толстых» (н. п. С. А.).</p>
<p rend="petit left"><hi>11</hi> С. А. Толстая писала в письме от 18 июня: «Воображаю, как вы с Александром Николаевичем [Бибиковым] собираетесь вечером в Кремле и рассказываете друг другу похождения дня».</p>
<p rend="petit left"><hi>12</hi> М. Сакс держал оркестр. Его сад, впоследствии Тейсера, находился в Петровском парке. В объявлениях за 1867 г. значится, что концерты в б. саду Сакса происходят «во вновь устраиваемой ротонде».</p>
<p rend="petit left"><hi>13</hi> В письме от 17 июня С. А. Толстая писала: «Лева, я тебя жду в субботу au plus tard [самое позднее]».</p>
<p rend="petit left"><hi>14</hi> Михаил Петрович Погодин (1800—1875), историк и журналист. Знакомство Толстого с Погодиным состоялось в начале 1860-х гг. в связи с историческими работами Толстого. Сохранилось пять писем Толстого к Погодину за период с 1862 г. но 1872 г. В письме от октября 1864 г. Толстой благодарит Погодина за присылку книг и просит: «впредь не забывать меня, коли вам попадется под руку по этой части». Новейший исследователь творческой истории «Войны и мира» Б. М. Эйхенбаум пишет: «Исторические книги, рукописные материалы и беседы с Погодиным и Бартеневым должны были повлиять на Толстого и заставить его изменить первоначальный план, а отчасти и жанр романа» (Эйхенбаум «Лев Толстой» кн. 2. 1931, стр. 249—250).</p>
<p rend="petit left"><hi>15</hi> Сергей Александрович Соболевский (1803—1870), библиограф, в молодости служил в Московском архиве иностранных дел; друг Пушкина.</p>
<p rend="petit left"><hi>16</hi> Петр Карлович Щебальский (1810—1880), историк и публицист. С. С. Урусов писал Толстому от 12 декабря 1868 г. о Щебальском: «Этот новый тип нынешних историков прехладнокровно начал излагать <hi style="opdelimiter">свои</hi><hi style="opnumber">145</hi> <hi style="npnumber">146</hi><hi style="npdelimiter">(то</hi> есть, общие) мнения об истории по поводу вашего сочинения и ваших отзывов». Щебальский написал: «Война и мир соч. графа Л. Н. Толстого. М. 1868 I, II и III» («Русский вестник» 1868, LXXIII, № 1, стр. 300—320).</p>
<p rend="petit left"><hi>17</hi> В своей автобиографии С. А. Толстая писала: «Перед отъездом из Ясной поляны он всегда оставлял мне работу переписыванья» («Начала» 1921, № 1, стр. 145).</p>
</comments></div></body>
        </text>
        </TEI>