<?xml version="1.0" encoding="UTF-8"?>
    <!-- <?xml-stylesheet type="text/xsl" target="../resources/MJT/myletter.xsl"?> -->
    <?xml-stylesheet type="css" target="graves.css"?>
    <?xml-model target="http://www.tei-c.org/release/xml/tei/custom/schema/relaxng/tei_all.rng" type="application/xml" schematypens="http://relaxng.org/ns/structure/1.0"?>
    <?xml-model target="http://www.tei-c.org/release/xml/tei/custom/schema/relaxng/tei_all.rng" type="application/xml"
            schematypens="http://purl.oclc.org/dsdl/schematron"?>
    <TEI xmlns="http://www.tei-c.org/ns/1.0">
       <teiHeader>
          <fileDesc>
             <titleStmt>
                <title>Письмо №* 467. М. П. Щепкину.</title>
             </titleStmt>
             <publicationStmt>
                <publisher>TolstoyLab</publisher>
                <date when="2015-09-14">14 September 2015</date>
             </publicationStmt>
             <sourceDesc>
                <biblStruct>
                   <analytic>
                      <author>Толстой Л.Н.</author>
                   </analytic>
                   <monogr>
                      <title level="m">Полное собрание сочинений. Том 63</title>
                      <imprint>
                         <pubPlace>Москва</pubPlace>
                         <publisher>Государственное издательство "Художественная литература"</publisher>
                         <date when="1934"/>
                      </imprint>
                   </monogr>
                   <series>
                      <title level="s">Л.Н. Толстой. Полное собрание сочинений</title>
                      <biblScope unit="vol">63</biblScope>
                   </series>
                </biblStruct>
				<bibl>Печатается по автографу, хранящемуся в ГТМ. Публикуется впервые. Датируется предположительно. Можно думать, что написано оно было в период наиболее близких отношений Толстого с М. П. Щепкиным, т. е. до 1885 г., но во всяком случае не ранее 1882 г., так как письмо это, судя по словам «хотел дойти до вас», писано из Москвы, куда Толстой переехал в 1882 г.</bibl>
             </sourceDesc>
          </fileDesc>
          <encodingDesc>
             <tagsDecl> </tagsDecl>
          </encodingDesc>
          <profileDesc>
             <correspDesc>
                <correspAction type="sending">
                   <persName ref="PersonList.xml#L_N_Tolstoy">Л. Н. Толстой</persName>
                   <placeName ref="PlacesListxml#PLACE">Москва.</placeName>
                   <date from="1882" to="1885">1882—1885? гг.</date>            </correspAction>
                <correspAction type="receiving">
                   <persName ref="PersonList.xml#RECEIVER">Щепкин Митрофан Павлович</persName>
                </correspAction>
                <correspContext>
                   <ref type="prev"></ref>
                </correspContext>
             </correspDesc>
          </profileDesc>
       </teiHeader>
       <xenoData><number type="in a volume">467</number></xenoData>

              <text xml:id="M__P__SHHepkinu_467">
	<body><div>
		<opener index="false">
* 467. М. П. Щепкину.
1882—1885? гг. Москва.
</opener>
<p rend="Obrashenie left">Митрофанъ Павловичъ.</p>
<p rend="left">Вотъ эта Г-жа Сипягина<note xml:id="note1" resp="volume_editor" index="false"> О Сипягиной сведений редакция не имеет.</note> дочь выдержала экзаменъ на учительницу и ищетъ мѣста въ Москвѣ. Для меня въ ея пользу говоритъ большая бѣдность семьи. Не можете ли вы, замолвивъ кому надо словечко, помочь ей. Когда увидимся? Написали ли вы? Вчера хотѣлъ дойти до васъ, но не дошелъ.</p>
<p rend="right">Вашъ Толстой.</p>
<p rend="left">Поздравляю васъ съ восшествіемъ на престолъ.<note xml:id="note2" resp="volume_editor" index="false"> О чем здесь идет речь, выяснить не удалось.</note></p>
<comments><p rend="Textpetit_otstup left">Печатается по автографу, хранящемуся в ГТМ. Публикуется впервые. Датируется предположительно. Можно думать, что написано оно было в период наиболее близких отношений Толстого с М. П. Щепкиным, т. е. до 1885 г., но во всяком случае не ранее 1882 г., так как письмо это, судя по словам «хотел дойти до вас», писано из Москвы, куда Толстой переехал в 1882 г.</p>
<p rend="Textpetit_otstup left"><hi>1</hi> О Сипягиной сведений редакция не имеет.</p>
<p rend="petit left"><hi>2</hi> О чем здесь идет речь, выяснить не удалось.</p>
</comments></div></body>
        </text>
        </TEI>