<?xml version="1.0" encoding="UTF-8"?>
    <!-- <?xml-stylesheet type="text/xsl" target="../resources/MJT/myletter.xsl"?> -->
    <?xml-stylesheet type="css" target="graves.css"?>
    <?xml-model target="http://www.tei-c.org/release/xml/tei/custom/schema/relaxng/tei_all.rng" type="application/xml" schematypens="http://relaxng.org/ns/structure/1.0"?>
    <?xml-model target="http://www.tei-c.org/release/xml/tei/custom/schema/relaxng/tei_all.rng" type="application/xml"
            schematypens="http://purl.oclc.org/dsdl/schematron"?>
    <TEI xmlns="http://www.tei-c.org/ns/1.0">
       <teiHeader>
          <fileDesc>
             <titleStmt>
                <title>Письмо №44. С. А. Толстой</title>
             </titleStmt>
             <publicationStmt>
                <publisher>TolstoyLab</publisher>
                <date when="2015-09-14">14 September 2015</date>
             </publicationStmt>
             <sourceDesc>
                <biblStruct>
                   <analytic>
                      <author>Толстой Л.Н.</author>
                   </analytic>
                   <monogr>
                      <title level="m">Полное собрание сочинений. Том 83</title>
                      <imprint>
                         <pubPlace>Москва</pubPlace>
                         <publisher>Государственное издательство "Художественная литература"</publisher>
                         <date when="1938"/>
                      </imprint>
                   </monogr>
                   <series>
                      <title level="s">Л.Н. Толстой. Полное собрание сочинений</title>
                      <biblScope unit="vol">83</biblScope>
                   </series>
                </biblStruct>
				<bibl>Печатается по автографу, хранящемуся в АТБ. Впервые опубликовано по копии, сделанной С. А. Толстой, в ПЖ, стр. 45—46. В ПЖ датировано: 1 июля. В письме Толстой ошибочно пишет: «день пропустил, не писал тебе», так как предшествующее письмо — от 28 июля.</bibl>
             </sourceDesc>
          </fileDesc>
          <encodingDesc>
             <tagsDecl> </tagsDecl>
          </encodingDesc>
          <profileDesc>
             <correspDesc>
                <correspAction type="sending">
                   <persName ref="PersonList.xml#L_N_Tolstoy">Л. Н. Толстой</persName>
                   <placeName ref="PlacesListxml#PLACE">Шаблыкино.</placeName>
                   <date when="1865-07-31">1865 г. Июля 31.</date>            </correspAction>
                <correspAction type="receiving">
                   <persName ref="PersonList.xml#RECEIVER">Толстая Софья Андреевна</persName>
                </correspAction>
                <correspContext>
                   <ref type="prev"></ref>
                </correspContext>
             </correspDesc>
          </profileDesc>
       </teiHeader>
       <xenoData><number type="in a volume">44</number></xenoData>

       <text xml:id="a31_44">
	<body><div>
		<opener index="false">
44.
1865 г. Июля 31. Шаблыкино.</opener>
<p rend="left">День пропустилъ, не писалъ тебѣ. Отъ тебя не получилъ ни однаго письма,<note xml:id="note1" resp="volume_editor" index="false"> C. A. Толстая писала в письме от 31 июля: «Получил ли ты все мои письма? Это уже пятое. Я пишу всякий вечер, и на другое утро, рано, отвозят письмо в Чернь» (ПСТ, стр. 61).</note> и знаю отчего? Я самъ виноватъ, давъ тебѣ адресъ въ Орелъ, тогда какъ Киреевскому пишутъ въ Карачевъ. Теперь ужъ поздно эта поправка. Въ Орлѣ, Богъ дастъ, получу твой дневникъ. — Страшно. Но, пожалуйста, вышли 4-го числа лошадей съ письмомъ. — Теперь разказъ о себѣ. Пріѣхалъ я, какъ писалъ тебѣ, 28 утромъ къ Киреевскому. Онъ ужъ всталъ. Меня отвели, не спрашивая, кто я и зачѣмъ? — въ комнату, спросили, чего я хочу — чаю, кофею. Куча грязныхъ лакеевъ въ передней встаютъ всякій разъ, какъ ты проходишь.<note xml:id="note2" resp="volume_editor" index="false"> Прокудин-Горский, бывший у Киреевского год спустя, описывал так: «Мы последовали..... вверх, по лестнице и вошли в большую официантскую комнату. Несколько челядинцев вскочили на ноги, а также два старика, в белых галстухах. Оба они приветствовали нас при входе по старинному обычаю, с низкими поклонами» («Поездка в Карачевские болота», стр. 51).</note> Онъ ограниченный, честный, твердый человѣкъ, исключительно охотникъ. Изъ всѣхъ его разсказовъ <hi>3</hi>/<sub>4</sub> принадлежатъ охотѣ. Обходилъ я весь паркъ. Паркъ хорошъ, но деревья молоды, и все таки паркъ хуже тѣхъ подмосковныхъ, которые ты знаешь. 29 мы поѣхали послѣ завтрака въ 7 экипажахъ на скверныхъ упряжкахъ и лошадяхъ, но всѣ съ отличными собаками и ружьями, и съ такой важностью и степенствомъ, какъ будто мы ѣхали на важнѣйшее дѣло въ мірѣ.<note xml:id="note4" resp="volume_editor" index="false"> У Прокудина-Горского: «С раннего утра, у подъезда господского дома кипела деятельность. Несколько человек прислуги, в том числе и повар, личность немаловажная в этом случае, отправляясь с нами в отъезд, укладывали в дорожный фургон: провизию, зелень, ящики вин, матрацы, подушки, кухонную и столовую посуду» (там же, стр. 57).</note> Пріѣхали за 40 верстъ, на границу Брянскаго уѣзда,<note xml:id="note5" resp="volume_editor" index="false"> Обычным местом стоянки охоты Киреевского была деревня Казинки в 40 верстах от Шаблыкина.</note> того лѣснаго, дикаго мѣста, о которомъ я тебѣ говорилъ. На постояломъ дворѣ все устроено, какъ дома: палатки, кухни. На другой день мы поѣхали, т. е. мы, за исключеніемъ Киреевскаго, к[отор]ый остался дома бить мухъ (какъ онъ говоритъ), нѣкто Казаковъ,<note xml:id="note6" resp="volume_editor" index="false"> «Охотники, знакомые Киреевского» (н. п. С. А.). В книге Киреевского: «40 лет постоянной охоты» читаем: «Говоря о стрелках, которые стреляли почти постоянно хорошо, я должен упомянуть о следующих: Каз...., Мол..., Кост....., Ос....» (стр. 77). Очевидно, между другими здесь идет речь о Казакове и <hi style="opdelimiter">Костецком.</hi><hi style="opnumber">106</hi></note> молодой, добрый малый, отставной гусаръ, Костецкій<note xml:id="note7" resp="volume_editor" index="false"> «Охотники, знакомые Киреевского» (н. п. С. А.). В книге Киреевского: «40 лет постоянной охоты» читаем: «Говоря о стрелках, которые стреляли почти постоянно хорошо, я должен упомянуть о следующих: Каз...., Мол..., Кост....., Ос....» (стр. 77). Очевидно, между другими здесь идет речь о Казакове и <hi style="opdelimiter">Костецком.</hi><hi style="opnumber">106</hi></note> полякъ, отличный стрѣлокъ, Андреевъ,<note xml:id="note8" resp="volume_editor" index="false"> «Охотники, знакомые Киреевского» (н. п. С. А.). В книге Киреевского: «40 лет постоянной охоты» читаем: «Говоря о стрелках, которые стреляли почти постоянно хорошо, я должен упомянуть о следующих: Каз...., Мол..., Кост....., Ос....» (стр. 77). Очевидно, между другими здесь идет речь о Казакове и <hi style="opdelimiter">Костецком.</hi><hi style="opnumber">106</hi></note> мелкопомѣстный дворянинъ — главный<note xml:id="note9" resp="volume_editor" index="false"> <hi>Можно прочесть:</hi> и славный</note> охотникъ, егерь Киреевскаго,<note xml:id="note10" resp="volume_editor" index="false"> Егерями у Киреевского были Федя и брат его Николай, приличной наружности молодые люди, весьма щеголевато одетые, ходившие за охотниками для ношения питья и других вещей (Прокудин-Горский, стр. 50 и 58).</note> и я. Мы убили 32 штуки, изъ коихъ я — 8. Дора<note xml:id="note11" resp="volume_editor" index="false"> Желтый сетер, любимая собака Толстого.</note> была необыкновенна. Это признали всѣ. И я, стрѣляя по бекасу, убилъ бекаса и ранилъ Дору въ ухо. Ужасно жалко <hi style="opdelimiter">мнѣ</hi><hi style="opnumber">105</hi> <hi style="npnumber">106</hi><hi style="npdelimiter">ее</hi> было, но опаснаго ничего нѣтъ. — Усталъ я ужасно. И плохо выспался нынче, но здоровъ, и даже шума въ ухѣ нѣтъ. Нынче опять ѣдемъ, и, по правдѣ сказать, чего я здѣсь не скажу — совсѣмъ не хочется ѣхать, но дѣлать нечего; заѣхавши такъ далеко, надо воспользоваться, сколько можно. Правду сказать, мнѣ здѣсь дороже охоты, этотъ охотничій міръ и стариковскiй. Я не жалѣю, что я поѣхалъ, и не нарадуюсь. — Особенно когда пріѣду и увижу тебя и дѣтей, — тебя съ твоей улыбкой, и тебя, здоровую, счастливою и спокойною. Только чтобъ съ тобой ничего не случилось во все это время! Вотъ что: я не обѣщаю пріѣхать раньше 5-го, но лошадей вышли во <hi>Мценскъ</hi>,<note xml:id="note12" resp="volume_editor" index="false"> Уездный город Орловской губ.</note> не въ Богусловъ,<note xml:id="note13" resp="volume_editor" index="false"> Правильнее Богуслово или Богословская — почтовая станция на большой дороге между Мценском и Чернью (в 12 верстах от Мценска и в 16 верстах от Черни). С. А. Толстая писала 31 июля: «Напишу еще завтра, а потом 4-го вышлю лошадей и письмо в Богуслов. Как бы сама я выехала на встречу».</note> а во <hi>Мценскъ</hi>, и не 4-го, а 3-го. Пускай онъ скажется на почтовой станціи, гдѣ онъ стоитъ, чтобы мнѣ его сыскать. Лошадей закладываютъ, надо пойти убираться. Прощай, душенька, Христосъ съ тобой.</p>
<p rend="right">Л. Толстой.</p>
<p rend="left">31 Іюля.</p>
<comments><p rend="Textpetit_otstup left">Печатается по автографу, хранящемуся в АТБ. Впервые опубликовано по копии, сделанной С. А. Толстой, в ПЖ, стр. 45—46. В ПЖ датировано: 1 июля. В письме Толстой ошибочно пишет: «день пропустил, не писал тебе», так как предшествующее письмо — от 28 июля.</p>
<p rend="Textpetit_otstup left"><hi>1</hi> C. A. Толстая писала в письме от 31 июля: «Получил ли ты все мои письма? Это уже пятое. Я пишу всякий вечер, и на другое утро, рано, отвозят письмо в Чернь» (ПСТ, стр. 61).</p>
<p rend="petit left"><hi>2</hi> Прокудин-Горский, бывший у Киреевского год спустя, описывал так: «Мы последовали..... вверх, по лестнице и вошли в большую официантскую комнату. Несколько челядинцев вскочили на ноги, а также два старика, в белых галстухах. Оба они приветствовали нас при входе по старинному обычаю, с низкими поклонами» («Поездка в Карачевские болота», стр. 51).</p>
<p rend="petit left"><hi>3</hi> У Прокудина-Горского: «С раннего утра, у подъезда господского дома кипела деятельность. Несколько человек прислуги, в том числе и повар, личность немаловажная в этом случае, отправляясь с нами в отъезд, укладывали в дорожный фургон: провизию, зелень, ящики вин, матрацы, подушки, кухонную и столовую посуду» (там же, стр. 57).</p>
<p rend="petit left"><hi>4</hi> Обычным местом стоянки охоты Киреевского была деревня Казинки в 40 верстах от Шаблыкина.</p>
<p rend="petit left"><hi>5</hi> «Охотники, знакомые Киреевского» (н. п. С. А.). В книге Киреевского: «40 лет постоянной охоты» читаем: «Говоря о стрелках, которые стреляли почти постоянно хорошо, я должен упомянуть о следующих: Каз...., Мол..., Кост....., Ос....» (стр. 77). Очевидно, между другими здесь идет речь о Казакове и <hi style="opdelimiter">Костецком.</hi><hi style="opnumber">106</hi></p>
<p rend="petit left"><hi>6</hi> <hi>Можно прочесть:</hi> и славный</p>
<p rend="petit left"><hi>7</hi> Егерями у Киреевского были Федя и брат его Николай, приличной наружности молодые люди, весьма щеголевато одетые, ходившие за охотниками для ношения питья и других вещей (Прокудин-Горский, стр. 50 и 58).</p>
<p rend="petit left"><hi>8</hi> Желтый сетер, любимая собака Толстого.</p>
<p rend="petit left"><hi>9</hi> Уездный город Орловской губ.</p>
<p rend="petit left"><hi>10</hi> Правильнее Богуслово или Богословская — почтовая станция на большой дороге между Мценском и Чернью (в 12 верстах от Мценска и в 16 верстах от Черни). С. А. Толстая писала 31 июля: «Напишу еще завтра, а потом 4-го вышлю лошадей и письмо в Богуслов. Как бы сама я выехала на встречу».</p>
<p rend="petit left">Во встречном письме от того же числа (31 июля) С. А. Толстая писала: «Нынче переписывала [«1805 год»] и прочла вперед немного, что я еще не видала и не читала, — а именно, как жалкий, повязанный старичек Мак приехал сам признаться, как его разбили; а кругом его любопытные адъютанты, а он почти рыдаетъ, и его свиданье с Кутузовым [гл. III второй части первого тома «Войны и мира» по изд. 1886 г.]. Мне ужасно это понравилось, оттого и пишу об этом тебе». (ПСТ, стр. 63.)</p>
</comments></div></body>
        </text>
        </TEI>