<?xml version="1.0" encoding="UTF-8"?>
    <!-- <?xml-stylesheet type="text/xsl" target="../resources/MJT/myletter.xsl"?> -->
    <?xml-stylesheet type="css" target="graves.css"?>
    <?xml-model target="http://www.tei-c.org/release/xml/tei/custom/schema/relaxng/tei_all.rng" type="application/xml" schematypens="http://relaxng.org/ns/structure/1.0"?>
    <?xml-model target="http://www.tei-c.org/release/xml/tei/custom/schema/relaxng/tei_all.rng" type="application/xml"
            schematypens="http://purl.oclc.org/dsdl/schematron"?>
    <TEI xmlns="http://www.tei-c.org/ns/1.0">
       <teiHeader>
          <fileDesc>
             <titleStmt>
                <title>Письмо №16. С. А. Толстой</title>
             </titleStmt>
             <publicationStmt>
                <publisher>TolstoyLab</publisher>
                <date when="2015-09-14">14 September 2015</date>
             </publicationStmt>
             <sourceDesc>
                <biblStruct>
                   <analytic>
                      <author>Толстой Л.Н.</author>
                   </analytic>
                   <monogr>
                      <title level="m">Полное собрание сочинений. Том 83</title>
                      <imprint>
                         <pubPlace>Москва</pubPlace>
                         <publisher>Государственное издательство "Художественная литература"</publisher>
                         <date when="1938"/>
                      </imprint>
                   </monogr>
                   <series>
                      <title level="s">Л.Н. Толстой. Полное собрание сочинений</title>
                      <biblScope unit="vol">83</biblScope>
                   </series>
                </biblStruct>
				<bibl>Печатается по автографу, хранящемуся в АТБ. Отрывок письма опубликован в Б, II, стр. 16; путем ошибочного объединения этого отрывка с отрывком из первого письма от 9 августа (по книге Бирюкова), в ПТС, I, стр. 78—79 напечатано несуществующее отдельное письмо, продатированное августом 1864 г. Полностью письмо напечатано по копии, сделанной С. А. Толстой, в ПЖ, стр. 12. Датировка подлинника; однако, в виду фразы письма: «Я вчера приехал в Никольское» и написания предшествующего письма из Черни 9 августа, датируем: августа 10 или 11 (см. подробнее в примечании к предшествующему письму).</bibl>
             </sourceDesc>
          </fileDesc>
          <encodingDesc>
             <tagsDecl> </tagsDecl>
          </encodingDesc>
          <profileDesc>
             <correspDesc>
                <correspAction type="sending">
                   <persName ref="PersonList.xml#L_N_Tolstoy">Л. Н. Толстой</persName>
                   <placeName ref="PlacesListxml#PLACE">Новоселки.</placeName>
                   <date when="1864-08-10">1864 г. Августа 10</date>            </correspAction>
                <correspAction type="receiving">
                   <persName ref="PersonList.xml#RECEIVER">Толстая Софья Андреевна</persName>
                </correspAction>
                <correspContext>
                   <ref type="prev"></ref>
                </correspContext>
             </correspDesc>
          </profileDesc>
       </teiHeader>
       <xenoData><number type="in a volume">16</number></xenoData>

       <text xml:id="a10ili11_16">
	<body><div>
		<opener index="false">
16.
1864 г. Августа 10 или 11. Новоселки.</opener>
<p rend="left">Вотъ опять вѣрнѣйшій случай. Фетъ везетъ. Я вчера пріѣхалъ въ Никольское въ 8. Страшный тамъ случай, поразившій меня ужасно.<note xml:id="note1" resp="volume_editor" index="false"> Случай послужил Толстому темой для рассказа «Вредный воздух» («Азбука», кн. IV, 1872, стр. 73—76). По рассказу, в колодце было шесть аршин глубины.</note> Баба скотница упустила бадью въ колодезь на конномъ дворѣ. Колодезь всего 12 арш[инъ]. Сѣла на палку и велѣла себя спустить мужику. Мужикъ староста, пчеловодъ, единственный мнѣ знакомый и милый въ Никольскомъ. Баба слѣзла внизъ и упала съ палки. Мужикъ староста велѣлъ себя спустить. Долѣзъ до половины, упалъ съ палки внизъ. Побѣжали за народомъ, вытащили черезъ полчаса, оба мертвые. Въ колодцѣ было всего 3 четверти воды. Вчера хоронили. Спалъ я скверно, мухи заѣли. Всталъ въ 10 и <hi style="opdelimiter">получилъ</hi><hi style="opnumber">43</hi> <hi style="npnumber">44</hi><hi style="npdelimiter">письмо,</hi> что Фетъ тутъ и сейчасъ ѣдетъ. Я поѣхалъ къ Борисову<note xml:id="note2" resp="volume_editor" index="false"> Иван Петрович Борисов (ум. 1871 г.), орловский помещик, приятель Фета и Тургенева, служил на Кавказе, близкий знакомый Толстого. Был женат на сестре Фета — Надежде Афанасьевне Шеншиной, сошедшей с ума. В письме к А. А. Толстой от октября 1859 г. Толстой так характеризовал Борисова: «Борисов — одно из самых милых, нежных, любящих и симпатических, и вместе почему-то возбуждающих сострадание существ, которых я когда-либо встречал в жизни. Маленький, с добрыми глазами, робкой улыбкой и нерешительными движениями, но несмотря на то, человек твердый и непоколебимый в деле справедливости и честности... Везде жил честно, в строгом смысле, что так редко при кадетском воспитании, везде был храбр и скромен... Он охотник» (т. 60). В архиве Фета сохранилось двенадцать писем Толстого к Борисову (ИЛИ). Борисов жил в имеиьи Новоселки в 6—8 верстах от Никольского.</note> и отъ него пишу. Фетъ боленъ и мраченъ. Не хочетъ къ намъ заѣхать. Хозяйство въ Никольскомъ превосходно, но урожай не слишкомъ хорошъ. Завтра я осмотрю земли<note xml:id="note3" resp="volume_editor" index="false"> «Свои земли в Никольском» (н. п. С. А.)</note> и должно быть буду готовъ. — Грустно, что мы не могли пожить вмѣстѣ въ Никольскомъ. Фетъ сидитъ и чешетъ каламбуры такіе, что <hi>страсть</hi>, и развлекаетъ. Борисовъ дастъ собаку. —</p>
<p rend="left">Прощай, милая. Нынче посылаю въ Чернь. Авось привезутъ твое письмо. —</p>
<p rend="left">У Борисова пропасть сливъ, и Фетъ говоритъ, что здѣсь живутъ <hi>и счастливы</hi> ища сливы. — Цѣлую крѣпко. Сережѣ: атàта,<note xml:id="note4" resp="volume_editor" index="false"> Ударение Толстого</note> атата..</p>
<p rend="left">10 Августа.</p>
<comments><p rend="Textpetit_otstup left">Печатается по автографу, хранящемуся в АТБ. Отрывок письма опубликован в Б, II, стр. 16; путем ошибочного объединения этого отрывка с отрывком из первого письма от 9 августа (по книге Бирюкова), в ПТС, I, стр. 78—79 напечатано несуществующее отдельное письмо, продатированное августом 1864 г. Полностью письмо напечатано по копии, сделанной С. А. Толстой, в ПЖ, стр. 12. Датировка подлинника; однако, в виду фразы письма: «Я вчера приехал в Никольское» и написания предшествующего письма из Черни 9 августа, датируем: августа 10 или 11 (см. подробнее в примечании к предшествующему письму).</p>
<p rend="Textpetit_otstup left"><hi>1</hi> Случай послужил Толстому темой для рассказа «Вредный воздух» («Азбука», кн. IV, 1872, стр. 73—76). По рассказу, в колодце было шесть аршин глубины.</p>
<p rend="petit left"><hi>2</hi> Иван Петрович Борисов (ум. 1871 г.), орловский помещик, приятель Фета и Тургенева, служил на Кавказе, близкий знакомый Толстого. Был женат на сестре Фета — Надежде Афанасьевне Шеншиной, сошедшей с ума. В письме к А. А. Толстой от октября 1859 г. Толстой так характеризовал Борисова: «Борисов — одно из самых милых, нежных, любящих и симпатических, и вместе почему-то возбуждающих сострадание существ, которых я когда-либо встречал в жизни. Маленький, с добрыми глазами, робкой улыбкой и нерешительными движениями, но несмотря на то, человек твердый и непоколебимый в деле справедливости и честности... Везде жил честно, в строгом смысле, что так редко при кадетском воспитании, везде был храбр и скромен... Он охотник» (т. 60). В архиве Фета сохранилось двенадцать писем Толстого к Борисову (ИЛИ). Борисов жил в имеиьи Новоселки в 6—8 верстах от Никольского.</p>
<p rend="petit left"><hi>3</hi> «Свои земли в Никольском» (н. п. С. А.)</p>
<p rend="petit left"><hi>4</hi> Ударение Толстого</p>
<p rend="left"><hi style="opnumber">44</hi> <hi style="npnumber">45</hi></p>
</comments></div></body>
        </text>
        </TEI>